timestamp,open,high,low,close,volume,tradeCount,vwap
2016-01-04T05:00:00Z,70.8,71.18,69.965,70.58,397236,4051,70.463
2016-01-05T05:00:00Z,70.94,71.43,70.29,70.87,304065,3086,70.9109
2016-01-06T05:00:00Z,69.8505,70.6,69.79,70.21,354940,2618,70.1793
2016-01-07T05:00:00Z,68.86,69.84,68.46,68.48,488606,3624,68.8587
2016-01-08T05:00:00Z,68.8,69,67.52,67.57,597100,4930,68.0123
2016-01-11T05:00:00Z,67.83,68.17,67.51,67.95,710025,5567,67.8757
2016-01-12T05:00:00Z,68.35,68.67,67.68,68.27,427936,4256,68.1291
2016-01-13T05:00:00Z,68.39,69.34,66.73,66.78,439224,4709,67.5478
2016-01-14T05:00:00Z,66.9,68.38,66.9,67.93,438446,4256,67.7533
2016-01-15T05:00:00Z,66.49,67.28,66.42,67.04,472302,4658,66.8272
2016-01-19T05:00:00Z,67.65,67.93,66.7,67.13,401066,4098,67.2463
2016-01-20T05:00:00Z,66.31,66.78,65.13,66.43,527457,5957,66.1145
2016-01-21T05:00:00Z,66.51,67.32,66.37,66.63,400446,4067,66.8042
2016-01-22T05:00:00Z,67.3,68.27,66.95,68.27,334573,3310,67.9283
2016-01-25T05:00:00Z,67.94,68.23,67.13,67.14,369053,3681,67.5715
2016-01-26T05:00:00Z,67.36,68.58,67.36,68.29,373751,3353,68.1519
2016-01-27T05:00:00Z,68.05,69.33,67.73,67.92,476469,4503,68.2844
2016-01-28T05:00:00Z,68.55,68.965,68.12,68.72,263776,2543,68.6442
2016-01-29T05:00:00Z,68.98,70.98,68.895,70.98,627436,3982,70.5797
2016-02-01T05:00:00Z,70.5,70.96,70.05,70.58,262404,2783,70.5777
2016-02-02T05:00:00Z,69.85,70.11,69.45,69.61,344962,3716,69.6852
2016-02-03T05:00:00Z,69.6,70.09,67.67,69.1,490867,5067,68.7263
2016-02-04T05:00:00Z,68.69,69.15,66.95,67.35,669264,7338,67.7499
2016-02-05T05:00:00Z,67.3,67.88,66.4675,66.63,445549,4541,66.7534
2016-02-08T05:00:00Z,66.08,66.33,65.22,66.1,426437,3942,65.8543
2016-02-09T05:00:00Z,65.38,66.85,65.38,66.49,355381,2864,66.2435
2016-02-10T05:00:00Z,67.06,67.32,66.15,66.16,222963,2247,66.5982
2016-02-11T05:00:00Z,65.11,65.675,64.87,65.14,336136,3431,65.2402
2016-02-12T05:00:00Z,65.77,67.13,65.38,66.98,207263,2381,66.7769
2016-02-16T05:00:00Z,67.58,67.74,66.74,67.15,314086,2532,67.2123
2016-02-17T05:00:00Z,67.63,67.83,66.43,66.56,645184,5468,66.7166
2016-02-18T05:00:00Z,66.64,67.06,66.18,66.96,275314,2385,66.8742
2016-02-19T05:00:00Z,66.71,67.22,66.47,67.14,233084,2177,66.9921
2016-02-22T05:00:00Z,67.61,67.91,67.08,67.16,272772,2529,67.2732
2016-02-23T05:00:00Z,66.98,67.33,66.6,66.79,186168,2193,66.8977
2016-02-24T05:00:00Z,66.31,66.68,65.92,66.52,293223,2955,66.392
2016-02-25T05:00:00Z,66.71,67.4,66.71,67.37,275759,2751,67.1101
2016-02-26T05:00:00Z,67.72,67.97,67.19,67.45,210880,2152,67.5217
2016-02-29T05:00:00Z,67.53,67.72,67.01,67.08,314316,2427,67.2018
2016-03-01T05:00:00Z,67.52,68.58,67.105,68.51,229325,2462,68.2323
2016-03-02T05:00:00Z,68.55,68.6,67.56,68.13,273543,2998,68.0498
2016-03-03T05:00:00Z,67.92,68.86,67.62,68.79,285622,2735,68.5349
2016-03-04T05:00:00Z,68.79,68.96,68.04,68.9,282432,2606,68.7595
2016-03-07T05:00:00Z,68.3,69,68.28,68.63,328873,2959,68.5989
2016-03-08T05:00:00Z,68.13,68.88,68,68.71,254931,2583,68.5905
2016-03-09T05:00:00Z,68.89,69.15,68.52,68.67,451891,3200,68.7048
2016-03-10T05:00:00Z,68.93,69.3899,68.14,68.93,468203,3715,68.7932
2016-03-11T05:00:00Z,69.43,70.3,69.11,70.15,261429,2554,70.0075
2016-03-14T04:00:00Z,69.94,70.6221,69.79,70.43,346690,3310,70.3611
2016-03-15T04:00:00Z,69.98,70.81,69.7143,70.59,269031,2892,70.5072
2016-03-16T04:00:00Z,70.23,71.27,70.23,70.92,236155,2437,70.8946
2016-03-17T04:00:00Z,71.01,71.37,70.73,71.24,403774,4210,71.1324
2016-03-18T04:00:00Z,71.17,71.5,70.59,70.61,1708707,4405,70.6929
2016-03-21T04:00:00Z,70.49,70.88,70.07,70.68,306958,3337,70.5181
2016-03-22T04:00:00Z,70.15,71.42,70.02,70.77,334301,3201,70.8826
2016-03-23T04:00:00Z,70.76,71.4099,70.62,70.98,198684,2198,71.1077
2016-03-24T04:00:00Z,70.4,70.52,69.875,70.21,209057,2036,70.1867
2016-03-28T04:00:00Z,70.36,71.03,70.36,70.59,273375,2660,70.6624
2016-03-29T04:00:00Z,70.6,71.23,70.095,70.87,354264,3223,70.852
2016-03-30T04:00:00Z,71.3,71.66,70.97,71.12,221373,2003,71.2365
2016-03-31T04:00:00Z,71.18,71.32,70.25,70.37,346053,2258,70.5108
2016-04-01T04:00:00Z,69.9,71.57,69.9,71.48,327710,3076,71.2324
2016-04-04T04:00:00Z,71.57,71.57,70.39,70.46,299842,3324,70.6929
2016-04-05T04:00:00Z,70.01,70.49,69.37,69.45,278600,2636,69.7929
2016-04-06T04:00:00Z,69.89,69.89,67.43,67.73,974707,8264,67.9801
2016-04-07T04:00:00Z,67.25,67.72,67.0715,67.22,545858,4513,67.3287
2016-04-08T04:00:00Z,67.57,67.9,66.78,67.29,674395,4331,67.344
2016-04-11T04:00:00Z,67.37,68.09,67.06,67.3,471395,3750,67.4435
2016-04-12T04:00:00Z,67.42,67.9,67.12,67.86,502666,4473,67.5843
2016-04-13T04:00:00Z,68.27,68.91,68.1,68.91,418762,3797,68.6768
2016-04-14T04:00:00Z,68.89,69.24,68.75,68.88,362540,3521,68.9266
2016-04-15T04:00:00Z,68.82,69.26,68.665,69.23,389378,3472,69.0772
2016-04-18T04:00:00Z,69.07,69.51,69.07,69.51,209962,2264,69.3631
2016-04-19T04:00:00Z,69.79,70.16,69.37,69.67,192553,1976,69.7348
2016-04-20T04:00:00Z,69.68,70.23,69.39,70.04,228979,2229,69.9079
2016-04-21T04:00:00Z,69.71,70.12,68.645,68.74,235886,2534,69.1397
2016-04-22T04:00:00Z,68.97,69.51,68.84,69.41,282495,2110,69.3499
2016-04-25T04:00:00Z,68.94,69.41,68.79,69.16,387622,2373,69.0905
2016-04-26T04:00:00Z,69.5,70.079,69.38,69.57,312605,2807,69.6828
2016-04-27T04:00:00Z,69.55,69.9699,69.37,69.43,223212,2334,69.5208
2016-04-28T04:00:00Z,69,69.25,68.67,68.88,391060,2926,68.9456
2016-04-29T04:00:00Z,68.6,69.17,68.25,69.11,359156,3501,68.8507
2016-05-02T04:00:00Z,69.27,69.83,68.9,69.8,455947,3556,69.622
2016-05-03T04:00:00Z,69.13,70.34,68.99,70.2,341101,3417,69.9157
2016-05-04T04:00:00Z,69.73,70.14,69.255,69.59,299650,2708,69.6832
2016-05-05T04:00:00Z,69.86,70.37,69.8,70.23,327801,2504,70.1472
2016-05-06T04:00:00Z,70.16,70.95,70.075,70.82,325384,3396,70.6639
2016-05-09T04:00:00Z,70.46,71.39,70.275,71.17,214787,2311,71.1117
2016-05-10T04:00:00Z,71.5,71.885,71.025,71.79,235709,2314,71.6955
2016-05-11T04:00:00Z,71.45,72,71.01,71.02,209170,1805,71.2115
2016-05-12T04:00:00Z,71.13,71.71,71.07,71.71,249920,2093,71.5338
2016-05-13T04:00:00Z,71.59,71.89,71.01,71.17,171779,2041,71.304
2016-05-16T04:00:00Z,71.16,71.5,70.98,71.16,165624,1826,71.2443
2016-05-17T04:00:00Z,71.22,71.5,70.121,70.56,239302,2070,70.6694
2016-05-18T04:00:00Z,70.4,71.88,70.39,71.67,324846,3534,71.5131
2016-05-19T04:00:00Z,71.29,71.66,70.86,71.35,172454,1825,71.248
2016-05-20T04:00:00Z,71.57,72.42,71.57,71.95,276394,2210,71.9693
2016-05-23T04:00:00Z,71.85,72.18,71.58,71.85,186187,2086,71.8658
2016-05-24T04:00:00Z,72.02,72.94,72.02,72.56,249478,2314,72.6024
2016-05-25T04:00:00Z,72.55,72.85,72.32,72.34,184218,1965,72.5368
2016-05-26T04:00:00Z,72.36,72.62,72.055,72.39,424698,1927,72.4116
2016-05-27T04:00:00Z,72.45,73.32,72.13,73.25,413862,2495,73.1598
2016-05-31T04:00:00Z,73.14,73.79,72.91,73.28,391435,2887,73.267
2016-06-01T04:00:00Z,73.2,73.43,72.82,73.23,257420,2470,73.2242
2016-06-02T04:00:00Z,73.13,73.34,72.82,73.11,161408,1690,73.0309
2016-06-03T04:00:00Z,72.9,72.92,72.19,72.69,177166,2011,72.6512
2016-06-06T04:00:00Z,72.56,73.13,72.51,72.54,206545,2014,72.7063
2016-06-07T04:00:00Z,72.76,72.97,72.48,72.49,245738,2108,72.6855
2016-06-08T04:00:00Z,72.37,73.17,72.37,72.78,182682,1743,72.8576
2016-06-09T04:00:00Z,72.51,72.96,71.96,72.67,185426,1839,72.6745
2016-06-10T04:00:00Z,72.22,72.6,71.84,72.24,216921,1875,72.2162
2016-06-13T04:00:00Z,72.24,72.49,71.45,71.46,227847,2816,71.9554
2016-06-14T04:00:00Z,71.51,71.88,71.1549,71.68,224546,2141,71.62
2016-06-15T04:00:00Z,71.74,71.74,71.0695,71.19,238188,2402,71.36
2016-06-16T04:00:00Z,70.72,71.36,70.6,71.26,134860,1501,71.0614
2016-06-17T04:00:00Z,71.28,71.67,70.62,70.96,446403,1795,71.0429
2016-06-20T04:00:00Z,71.78,72.285,71.49,71.7,283163,2850,71.7078
2016-06-21T04:00:00Z,72,72.28,71.59,72.01,213663,1847,72.0293
2016-06-22T04:00:00Z,72.21,72.74,72.18,72.3,230225,2125,72.4136
2016-06-23T04:00:00Z,72.95,73.83,72.89,73.77,273845,2456,73.503
2016-06-24T04:00:00Z,71.21,72.62,70.28,70.98,345297,2739,71.2709
2016-06-27T04:00:00Z,69.74,69.9796,69.0601,69.25,411162,3832,69.3807
2016-06-28T04:00:00Z,69.95,70.75,69.5,70.74,216231,2601,70.343
2016-06-29T04:00:00Z,71.23,72.11,71.06,72.02,239819,1877,71.8859
2016-06-30T04:00:00Z,72.29,73.95,71.78,73.93,496642,3490,73.6037
2016-07-01T04:00:00Z,74.31,74.31,73.23,73.36,293992,2507,73.498
2016-07-05T04:00:00Z,72.61,72.7263,72.06,72.13,199871,1764,72.2715
2016-07-06T04:00:00Z,71.93,72.25,71.74,72.21,283184,2628,72.0543
2016-07-07T04:00:00Z,72.41,72.78,71.78,72.04,163757,1698,72.1989
2016-07-08T04:00:00Z,72.93,73.3,72.47,73.07,335015,2943,73.1
2016-07-11T04:00:00Z,73.43,73.43,72.89,72.96,158130,1631,73.0532
2016-07-12T04:00:00Z,73.05,73.44,72.85,72.89,219647,2021,73.055
2016-07-13T04:00:00Z,72.8,72.8,72.24,72.31,201099,2175,72.3872
2016-07-14T04:00:00Z,72.01,72.88,72.01,72.63,182930,1540,72.5934
2016-07-15T04:00:00Z,72.59,72.66,72.2,72.31,124465,1255,72.3767
2016-07-18T04:00:00Z,72.22,72.68,70.82,71.7,131339,1364,71.901
2016-07-19T04:00:00Z,71.55,72,71.14,72,227272,2231,71.8227
2016-07-20T04:00:00Z,72.15,72.59,71.94,72.22,192901,2753,72.3657
2016-07-21T04:00:00Z,72.01,72.21,71.77,71.9,159172,1552,71.9369
2016-07-22T04:00:00Z,72,72.99,72,72.9,158183,1736,72.8071
2016-07-25T04:00:00Z,72.76,73.075,72.62,73.03,190382,1927,72.951
2016-07-26T04:00:00Z,73.21,73.93,73.09,73.73,288399,2323,73.5381
2016-07-27T04:00:00Z,73.5,73.81,73.23,73.64,179841,1667,73.5887
2016-07-28T04:00:00Z,73.33,73.87,73.27,73.66,238765,2204,73.6771
2016-07-29T04:00:00Z,73.39,73.49,72.92,73.1,214396,1994,73.1868
2016-08-01T04:00:00Z,73.03,73.22,72.6,72.76,160212,2203,72.8599
2016-08-02T04:00:00Z,72.84,72.96,72.59,72.78,215802,1812,72.8039
2016-08-03T04:00:00Z,72.69,72.77,71.51,71.71,382506,3266,71.8828
2016-08-04T04:00:00Z,71.88,72.08,71.3,71.99,462452,3958,71.8259
2016-08-05T04:00:00Z,72.25,73.23,72.14,73.21,267498,2763,73.0067
2016-08-08T04:00:00Z,73.17,73.8599,73.17,73.55,199518,2114,73.4922
2016-08-09T04:00:00Z,73.72,73.87,73.35,73.52,267300,2351,73.5683
2016-08-10T04:00:00Z,73.47,73.71,73.39,73.57,197398,1895,73.5565
2016-08-11T04:00:00Z,73.54,73.85,73.45,73.54,201568,1951,73.6437
2016-08-12T04:00:00Z,74,74,73.6401,73.92,207273,2058,73.8553
2016-08-15T04:00:00Z,73.99,74.23,73.74,74.21,152460,1575,74.0548
2016-08-16T04:00:00Z,73.82,74.41,73.59,73.61,268899,3303,73.9039
2016-08-17T04:00:00Z,73.54,74.03,73.4,73.68,257768,2622,73.6544
2016-08-18T04:00:00Z,73.81,74.35,73.65,74.34,159833,1891,74.2182
2016-08-19T04:00:00Z,73.96,74.25,73.89,74.08,211206,1981,74.0439
2016-08-22T04:00:00Z,73.91,74.22,73.84,74.22,113209,1167,74.0932
2016-08-23T04:00:00Z,74.38,74.4,73.85,73.85,154178,1612,74.0413
2016-08-24T04:00:00Z,74.05,74.24,73.87,74.15,139002,1388,74.0897
2016-08-25T04:00:00Z,74.04,74.57,74.04,74.44,193766,1851,74.3923
2016-08-26T04:00:00Z,74.53,75.06,74.09,74.38,231914,2041,74.4979
2016-08-29T04:00:00Z,74.64,75.33,74.64,75.14,157943,1790,75.1328
2016-08-30T04:00:00Z,75.07,75.67,74.89,75.63,526512,3738,75.2746
2016-08-31T04:00:00Z,75.63,75.8,74.83,75.15,454384,3365,75.2513
2016-09-01T04:00:00Z,75.06,75.42,74.385,74.85,294544,3106,74.8066
2016-09-02T04:00:00Z,75.04,75.14,74.67,75.07,444099,3532,74.9516
2016-09-06T04:00:00Z,75,75.22,74.48,75.17,252894,2890,74.9661
2016-09-07T04:00:00Z,75.19,75.36,74.64,75.34,324511,2718,75.15
2016-09-08T04:00:00Z,75.06,75.4,75.01,75.13,157623,1892,75.1923
2016-09-09T04:00:00Z,74.6,75.06,74.21,74.23,259568,2689,74.5549
2016-09-12T04:00:00Z,73.92,75.24,73.7001,75.12,240059,2413,74.6483
2016-09-13T04:00:00Z,74.57,74.74,74.18,74.39,208467,2086,74.4551
2016-09-14T04:00:00Z,74.6,74.615,73.71,73.81,192016,2312,74.0489
2016-09-15T04:00:00Z,73.73,74.9,73.423,74.81,268720,2657,74.5969
2016-09-16T04:00:00Z,74.26,74.78,73.76,74.48,843141,3085,74.4432
2016-09-19T04:00:00Z,74.74,75.12,74.36,74.76,226606,2773,74.7181
2016-09-20T04:00:00Z,75.18,75.235,74.39,74.39,267504,2246,74.6419
2016-09-21T04:00:00Z,74.72,75.51,74.59,75.49,174437,1962,75.1755
2016-09-22T04:00:00Z,75.75,76.03,75.5,75.96,344631,2641,75.8606
2016-09-23T04:00:00Z,75.51,75.64,74.4,74.4,299426,2728,74.671
2016-09-26T04:00:00Z,74.23,74.44,73.65,73.7,301617,3057,73.9446
2016-09-27T04:00:00Z,73.74,74.18,73.54,74.01,263417,2538,73.9696
2016-09-28T04:00:00Z,74.39,75.13,73.93,75.1,212510,1920,74.7748
2016-09-29T04:00:00Z,74.96,75.19,74.25,74.53,263042,2999,74.6815
2016-09-30T04:00:00Z,74.78,75.21,74.69,75,374266,2301,75.0107
2016-10-03T04:00:00Z,74.91,74.97,74.01,74.37,189088,2241,74.3974
2016-10-04T04:00:00Z,74.29,75.17,74.07,75.08,209557,2330,74.7035
2016-10-05T04:00:00Z,75.49,76.24,75.41,76.06,423244,3590,75.9394
2016-10-06T04:00:00Z,76.21,76.62,75.44,75.87,174787,2027,75.7657
2016-10-07T04:00:00Z,76,76.55,75.76,76.02,265415,2558,76.1232
2016-10-10T04:00:00Z,76.47,76.93,76.27,76.36,135011,1770,76.4704
2016-10-11T04:00:00Z,76.11,76.35,75.41,75.92,374363,3179,75.8175
2016-10-12T04:00:00Z,75.73,76.47,75.612,76.4,184276,1884,76.2978
2016-10-13T04:00:00Z,75.93,75.96,75.46,75.75,263361,2444,75.7615
2016-10-14T04:00:00Z,76.15,76.54,75.88,76.25,177533,1739,76.2632
2016-10-17T04:00:00Z,76.22,76.48,76.18,76.38,145499,1734,76.3301
2016-10-18T04:00:00Z,76.88,76.94,75.75,75.97,184372,1512,76.0296
2016-10-19T04:00:00Z,76.23,76.23,75.72,75.87,201186,2064,75.901
2016-10-20T04:00:00Z,75.57,75.64,74.53,74.59,217687,2571,74.8115
2016-10-21T04:00:00Z,74.48,74.75,73.91,74.72,182163,1781,74.4884
2016-10-24T04:00:00Z,75.16,75.37,74.7,74.78,203026,1964,74.8409
2016-10-25T04:00:00Z,74.68,74.85,74.09,74.83,316567,2748,74.5752
2016-10-26T04:00:00Z,74.58,75.56,74.58,75.12,308550,2682,75.209
2016-10-27T04:00:00Z,75.16,75.2699,74.52,74.82,241820,1971,74.7723
2016-10-28T04:00:00Z,74.7,75.41,74.13,74.4,227730,1952,74.5982
2016-10-31T04:00:00Z,74.76,74.93,74.38,74.5,516626,3209,74.5753
2016-11-01T04:00:00Z,74.48,74.7,73.47,73.93,401742,3386,73.9896
2016-11-02T04:00:00Z,73.95,76.33,73.38,76.02,840099,5580,75.6915
2016-11-03T04:00:00Z,75.88,76.23,74.3,74.48,675233,5362,74.9795
2016-11-04T04:00:00Z,74.56,74.92,74.27,74.27,466545,3994,74.5604
2016-11-07T05:00:00Z,75.26,76.21,75.05,75.61,778459,5648,75.5455
2016-11-08T05:00:00Z,75.39,76.71,75.39,76.36,473486,4196,76.3215
2016-11-09T05:00:00Z,76.41,77.54,75.88,77.15,491941,3901,77.0734
2016-11-10T05:00:00Z,77.78,78.5175,77.32,78.5,531490,4623,78.287
2016-11-11T05:00:00Z,78.56,80.3,78.31,80.24,593775,5734,79.7192
2016-11-14T05:00:00Z,80.41,81.12,80.18,80.56,316750,3802,80.54
2016-11-15T05:00:00Z,80.65,80.65,79.55,80.64,382903,3784,80.3236
2016-11-16T05:00:00Z,80.2,80.54,79.99,80.14,408758,4082,80.2169
2016-11-17T05:00:00Z,80.12,81.4,80.04,81.1,324374,3305,81.0465
2016-11-18T05:00:00Z,81.46,81.46,80.825,81.18,283066,2347,81.1459
2016-11-21T05:00:00Z,80.49,80.62,79.9501,80.62,288020,2497,80.4482
2016-11-22T05:00:00Z,81.06,81.5,80.73,81.36,290609,2993,81.2999
2016-11-23T05:00:00Z,81.53,81.78,81.33,81.76,166711,1573,81.6217
2016-11-25T05:00:00Z,82,82.35,81.9,82.29,110624,1047,82.1864
2016-11-28T05:00:00Z,82.2,82.37,81.94,82,304120,3466,82.094
2016-11-29T05:00:00Z,82.05,82.56,81.795,82.44,282082,2848,82.4046
2016-11-30T05:00:00Z,82.81,82.93,82.2,82.23,271130,2403,82.3144
2016-12-01T05:00:00Z,82.52,82.97,82.32,82.87,286241,2631,82.7719
2016-12-02T05:00:00Z,82.07,82.79,82.07,82.26,330826,3563,82.3089
2016-12-05T05:00:00Z,82.77,83,82.555,82.99,219617,2158,82.8457
2016-12-06T05:00:00Z,83.17,84.08,82.92,84.05,303248,2971,83.6911
2016-12-07T05:00:00Z,84.61,84.8845,84.06,84.76,369770,2986,84.6124
2016-12-08T05:00:00Z,84.96,85.44,84.04,85.37,447660,4568,85.0745
2016-12-09T05:00:00Z,85.49,86.01,85.07,86.01,238418,2567,85.7312
2016-12-12T05:00:00Z,86.29,86.47,85.72,86.03,245174,2796,86.0157
2016-12-13T05:00:00Z,86.28,86.44,85.58,85.98,191646,2077,85.92
2016-12-14T05:00:00Z,86.01,86.5,85.26,85.55,256664,2567,85.7175
2016-12-15T05:00:00Z,85.5,86.03,85.35,85.64,188494,2547,85.7487
2016-12-16T05:00:00Z,86.07,86.73,85.82,86.45,1318466,3354,86.2892
2016-12-19T05:00:00Z,86.7,87.5,86.38,87.09,254596,2813,86.9124
2016-12-20T05:00:00Z,87.34,87.58,87.08,87.58,252797,2281,87.4116
2016-12-21T05:00:00Z,87.62,87.69,87.2,87.36,228868,1960,87.4002
2016-12-22T05:00:00Z,87.27,87.54,86.86,87.54,146628,1721,87.3002
2016-12-23T05:00:00Z,87.28,87.77,87.28,87.63,98580,1352,87.5899
2016-12-27T05:00:00Z,87.62,88.04,87.53,87.72,130383,1459,87.7534
2016-12-28T05:00:00Z,88,88.07,87.58,87.68,190665,2244,87.7274
2016-12-29T05:00:00Z,87.38,88.09,87.38,88.05,169223,2016,87.8905
2016-12-30T05:00:00Z,88.28,88.54,87.68,88.12,247825,2605,88.1542
2017-01-03T05:00:00Z,88.54,88.77,87.49,87.86,226128,2901,87.8972
2017-01-04T05:00:00Z,88.16,89.22,88.16,88.78,383784,3659,88.7513
2017-01-05T05:00:00Z,88.75,88.9199,87.49,87.84,229808,2642,87.9223
2017-01-06T05:00:00Z,87.8,88.13,87.641,87.84,165752,2130,87.8986
2017-01-09T05:00:00Z,87.92,87.92,86.75,86.75,173312,2214,87.067
2017-01-10T05:00:00Z,87.03,87.89,86.83,87.13,209873,2404,87.2647
2017-01-11T05:00:00Z,86.89,87.73,86.64,87.73,315307,2797,87.3513
2017-01-12T05:00:00Z,87.62,87.62,86.26,86.99,170675,2438,86.8147
2017-01-13T05:00:00Z,87.16,88,87.12,87.39,124647,1623,87.4337
2017-01-17T05:00:00Z,86.57,87.01,86.19,86.31,262482,2734,86.4466
2017-01-18T05:00:00Z,86.69,87.38,86.4506,86.74,202693,2361,86.7983
2017-01-19T05:00:00Z,87,87.24,85.57,86.32,245293,3329,86.1801
2017-01-20T05:00:00Z,86.52,86.9535,86.13,86.28,182392,2172,86.362
2017-01-23T05:00:00Z,86.26,86.52,85.84,85.86,158244,1900,85.9956
2017-01-24T05:00:00Z,86.26,87.14,86.2,86.84,267127,2663,86.7943
2017-01-25T05:00:00Z,87.25,87.93,87.25,87.74,168244,2104,87.668
2017-01-26T05:00:00Z,88.01,88.01,87.47,87.72,155804,1878,87.6634
2017-01-27T05:00:00Z,87.74,88.01,86.92,87.02,204182,1901,87.1122
2017-01-30T05:00:00Z,86.51,86.61,85.94,86.43,197164,2022,86.3031
2017-01-31T05:00:00Z,86.47,86.82,85.69,86.17,330739,2976,86.1306
2017-02-01T05:00:00Z,86.25,87.245,86.01,86.54,250709,3001,86.5361
2017-02-02T05:00:00Z,90,91.07,88.01,90.96,555137,5357,90.4219
2017-02-03T05:00:00Z,91.49,92.38,90.61,90.81,517678,4707,90.9171
2017-02-06T05:00:00Z,90.74,91.27,90.21,90.98,309281,3488,90.9331
2017-02-07T05:00:00Z,91.29,91.675,90.64,91.11,267641,2579,91.0934
2017-02-08T05:00:00Z,90.9,91.55,90.21,90.29,265966,2249,90.4311
2017-02-09T05:00:00Z,90.45,91.19,90.35,91.19,280920,2807,91.0247
2017-02-10T05:00:00Z,91.65,91.89,91.06,91.55,192061,2250,91.5391
2017-02-13T05:00:00Z,91.48,92.233,91.27,91.92,197037,2482,91.9056
2017-02-14T05:00:00Z,91.53,92.59,91.53,92.5,149094,2101,92.3178
2017-02-15T05:00:00Z,92.39,92.66,91.81,92.65,198099,2804,92.3433
2017-02-16T05:00:00Z,92.74,93.64,92.69,93.52,252361,2912,93.2899
2017-02-17T05:00:00Z,93.45,93.45,92.56,93.42,170030,1754,93.0803
2017-02-21T05:00:00Z,93.8,94.43,93.53,94.42,251702,2698,94.1149
2017-02-22T05:00:00Z,94.04,94.93,93.94,94.87,270484,2503,94.7203
2017-02-23T05:00:00Z,95.17,95.22,94.32,95.03,184176,2012,94.9193
2017-02-24T05:00:00Z,94.45,94.5,93.86,94.23,202077,2183,94.1576
2017-02-27T05:00:00Z,94.03,94.47,94,94.46,241975,2088,94.3066
2017-02-28T05:00:00Z,93.99,94.55,93.73,94.06,490923,3361,94.1294
2017-03-01T05:00:00Z,94.5,95.9,94.5,95.75,397373,3583,95.5468
2017-03-02T05:00:00Z,95.05,95.68,94.32,94.47,271721,2768,94.6477
2017-03-03T05:00:00Z,94.29,95.52,94.19,95.17,461579,3226,94.8185
2017-03-06T05:00:00Z,94.69,95.14,94.34,94.8,188251,2016,94.8169
2017-03-07T05:00:00Z,94.71,95.02,94.46,94.69,262324,2017,94.7272
2017-03-08T05:00:00Z,94.95,95.63,94.75,95.21,324335,3002,95.2002
2017-03-09T05:00:00Z,95.44,95.89,95.21,95.7,248381,2622,95.6535
2017-03-10T05:00:00Z,96,96.18,95.59,96.1,283726,2720,95.8969
2017-03-13T04:00:00Z,95.82,96.34,95.7,96.01,230031,2640,95.986
2017-03-14T04:00:00Z,95.89,96.6,95.66,96.4,319783,3603,96.2573
2017-03-15T04:00:00Z,96.73,96.89,95.84,96.24,429929,3784,96.2277
2017-03-16T04:00:00Z,96.49,97,95.74,96.19,373685,3304,96.1413
2017-03-17T04:00:00Z,96.2,96.35,95.5901,95.98,1119138,4255,96.0314
2017-03-20T04:00:00Z,95.86,95.89,95.27,95.58,276369,2631,95.6329
2017-03-21T04:00:00Z,96.01,96.01,94.04,94.25,330402,3665,94.4692
2017-03-22T04:00:00Z,94,94.18,93.249,93.99,217099,2593,93.9545
2017-03-23T04:00:00Z,93.91,94.99,93.45,94.45,169953,2020,94.5626
2017-03-24T04:00:00Z,93.95,94.32,93.1,93.39,259655,2637,93.6951
2017-03-27T04:00:00Z,92.95,93.77,92.45,93.52,250609,2374,93.3553
2017-03-28T04:00:00Z,93.37,94.87,93.12,94.53,286013,2789,94.4647
2017-03-29T04:00:00Z,94.33,94.48,93.8305,94.18,209604,2631,94.1647
2017-03-30T04:00:00Z,94.19,95.42,94.19,95.42,318405,2914,95.1852
2017-03-31T04:00:00Z,95.47,95.99,94.98,95.42,375071,3351,95.5279
2017-04-03T04:00:00Z,95.05,95.63,94.2,94.49,334194,3107,94.5601
2017-04-04T04:00:00Z,94.31,95.48,94.31,95.36,457816,4438,95.1232
2017-04-05T04:00:00Z,95.46,96,93.98,94.25,438266,3610,94.6124
2017-04-06T04:00:00Z,94.07,94.97,93.77,94.72,236847,2715,94.5742
2017-04-07T04:00:00Z,94.29,94.64,93.84,94.27,262947,2900,94.2676
2017-04-10T04:00:00Z,94.15,94.91,94.14,94.77,215790,2358,94.6748
2017-04-11T04:00:00Z,94.41,94.96,93.74,94.94,383051,3828,94.6796
2017-04-12T04:00:00Z,95,95,93.69,94.32,316550,3638,94.325
2017-04-13T04:00:00Z,94.21,94.48,93.27,93.29,326922,3502,93.6223
2017-04-17T04:00:00Z,93.25,94.83,93.25,94.69,188431,2510,94.2641
2017-04-18T04:00:00Z,94.49,94.65,93.77,94.4,337839,3423,94.2746
2017-04-19T04:00:00Z,94.7,95.36,94.51,95.05,456973,4762,95.0291
2017-04-20T04:00:00Z,95.11,96.195,93.89,95.81,398576,4308,95.5898
2017-04-21T04:00:00Z,95.15,96.07,95.15,95.79,311370,3918,95.8232
2017-04-24T04:00:00Z,96.7,97.49,96.55,97.23,349372,3098,97.0539
2017-04-25T04:00:00Z,97.8,98.49,97.55,98.17,362612,3758,98.2069
2017-04-26T04:00:00Z,98.41,99.33,98.09,98.35,425673,4654,98.6806
2017-04-27T04:00:00Z,98.33,98.82,98.18,98.38,333368,3616,98.4766
2017-04-28T04:00:00Z,98.49,98.54,97.29,97.31,349503,3602,97.5632
2017-05-01T04:00:00Z,97.37,98.24,97.06,97.95,294515,3599,97.9277
2017-05-02T04:00:00Z,97.97,98.37,96.75,96.83,398942,4180,97.1054
2017-05-03T04:00:00Z,96.72,97.19,96.39,96.64,412041,5065,96.7307
2017-05-04T04:00:00Z,97.38,100.47,97.38,100.4,573679,6143,99.5561
2017-05-05T04:00:00Z,100.35,100.58,98.96,99.49,661251,7636,99.4589
2017-05-08T04:00:00Z,99.99,99.99,98.29,98.55,551961,4723,98.789
2017-05-09T04:00:00Z,98.84,99,97.52,97.66,392983,4804,98.1233
2017-05-10T04:00:00Z,98.06,98.36,97.44,98.22,465074,5084,98.073
2017-05-11T04:00:00Z,96.32,97.67,96.18,97.51,585385,6067,97.0776
2017-05-12T04:00:00Z,97.51,97.64,96.78,97.03,393330,3974,97.1929
2017-05-15T04:00:00Z,97.03,97.67,97.03,97.62,269618,3235,97.4925
2017-05-16T04:00:00Z,97.94,97.94,96.73,96.84,471159,5934,97.0115
2017-05-17T04:00:00Z,95.48,96.53,95.44,96.21,359876,4894,96.1513
2017-05-18T04:00:00Z,96.21,97.68,96.05,97,445636,5423,97.0614
2017-05-19T04:00:00Z,97,97.65,96.57,97.34,467779,4495,97.3138
2017-05-22T04:00:00Z,97.59,98.54,97.485,98.34,807278,5231,98.2398
2017-05-23T04:00:00Z,97.89,98.78,97.85,98.45,619325,6796,98.2712
2017-05-24T04:00:00Z,98.86,99.05,98.41,98.63,351831,4119,98.6642
2017-05-25T04:00:00Z,98.78,99.03,98.22,98.78,490376,5154,98.728
2017-05-26T04:00:00Z,98.82,99.1,98.21,98.84,787399,6789,98.8247
2017-05-30T04:00:00Z,98.84,99.06,97.82,99.02,693541,7840,98.7249
2017-05-31T04:00:00Z,99.05,100.21,98.56,99.85,5373803,12543,99.7774
2017-06-01T04:00:00Z,100.19,100.3,98.99,100.3,679519,7008,99.7857
2017-06-02T04:00:00Z,100.14,100.49,99.63,99.9,593431,6545,99.9235
2017-06-05T04:00:00Z,100.28,100.28,98.63,98.65,460804,4345,98.9456
2017-06-06T04:00:00Z,98.39,98.81,97.81,98.1,588843,6302,98.2018
2017-06-07T04:00:00Z,98.1,98.43,97.59,97.72,730926,6663,97.8581
2017-06-08T04:00:00Z,97.68,98.72,97.4004,98.27,357684,4860,98.2876
2017-06-09T04:00:00Z,98.39,99.6,98.32,99.48,381324,4511,99.1986
2017-06-12T04:00:00Z,99.44,99.84,98.98,99.82,414171,5007,99.4968
2017-06-13T04:00:00Z,100,100.58,99.85,100.45,335005,3557,100.365
2017-06-14T04:00:00Z,100.41,101.16,100.104,101.16,326059,3920,100.771
2017-06-15T04:00:00Z,100.63,101.91,100.12,101.9,389973,4395,101.525
2017-06-16T04:00:00Z,101.5,102.5,101.49,102.43,820175,4007,102.231
2017-06-19T04:00:00Z,102.88,103.19,101.45,102.07,677359,4685,102.033
2017-06-20T04:00:00Z,101.92,102.18,101.38,101.41,245675,3480,101.592
2017-06-21T04:00:00Z,101.38,101.67,100.21,100.31,359005,3991,100.452
2017-06-22T04:00:00Z,100.1,100.46,98.96,99.05,317813,3757,99.2897
2017-06-23T04:00:00Z,99.05,99.35,98.2,98.39,665749,4020,98.4608
2017-06-26T04:00:00Z,98.48,99.13,98.45,99,365053,4143,98.8643
2017-06-27T04:00:00Z,98.85,99.65,98.5,98.56,548743,6118,98.8577
2017-06-28T04:00:00Z,99,99.71,98.65,99.55,317479,4225,99.49
2017-06-29T04:00:00Z,100.09,100.24,98.94,99.51,325852,3520,99.496
2017-06-30T04:00:00Z,99.8,99.98,98.7,99.37,689974,4441,99.3107
2017-07-03T04:00:00Z,99.82,102.76,99.3901,101.45,491954,4912,101.641
2017-07-05T04:00:00Z,101.42,102.05,100.88,101.69,464278,5016,101.538
2017-07-06T04:00:00Z,101.55,101.855,100.53,100.74,445811,4769,101.051
2017-07-07T04:00:00Z,100.96,101.64,100.445,101.56,371650,4489,101.242
2017-07-10T04:00:00Z,101.43,101.9,101.07,101.37,272451,3808,101.464
2017-07-11T04:00:00Z,101.23,101.58,99.33,99.52,684002,7081,99.9096
2017-07-12T04:00:00Z,99.29,99.95,99.04,99.2,360474,3471,99.3065
2017-07-13T04:00:00Z,99.28,99.98,98.99,99.89,260740,3147,99.73
2017-07-14T04:00:00Z,99.51,100.06,99.29,99.7,259773,2757,99.7044
2017-07-17T04:00:00Z,99.53,100.48,98.99,100.32,233830,3286,100.088
2017-07-18T04:00:00Z,99.9,100.125,99.07,99.56,718477,4041,99.5217
2017-07-19T04:00:00Z,99.82,100.59,99.75,100.58,313266,3870,100.264
2017-07-20T04:00:00Z,100.67,101.35,100.38,100.94,741505,3829,100.931
2017-07-21T04:00:00Z,100.79,101,100.32,100.59,213265,2781,100.6
2017-07-24T04:00:00Z,100.73,101.77,100.73,101.66,239159,2478,101.487
2017-07-25T04:00:00Z,102.12,102.92,102.12,102.77,590097,4818,102.729
2017-07-26T04:00:00Z,102.51,102.72,100.47,100.73,354283,4034,101.038
2017-07-27T04:00:00Z,100.69,100.69,99.37,99.73,457124,4457,99.7089
2017-07-28T04:00:00Z,99.58,101.27,99.58,101.1,274646,2774,100.674
2017-07-31T04:00:00Z,101.28,101.72,100.81,101.4,341840,3754,101.359
2017-08-01T04:00:00Z,101.8,101.96,101.21,101.92,343382,3871,101.721
2017-08-02T04:00:00Z,103.38,105.58,103.04,104.89,424312,4736,104.529
2017-08-03T04:00:00Z,105.1,105.309,103.839,104.52,437325,4915,104.427
2017-08-04T04:00:00Z,105,105,104.12,104.65,255843,3174,104.499
2017-08-07T04:00:00Z,104.81,105.13,104.5,104.87,535186,3615,104.862
2017-08-08T04:00:00Z,104.78,105.4,104.315,104.67,422308,5433,104.775
2017-08-09T04:00:00Z,104.24,105.33,104.01,105.28,467403,5303,104.943
2017-08-10T04:00:00Z,104.7,105.3,104.18,104.26,384004,3848,104.412
2017-08-11T04:00:00Z,103.32,104.71,103.32,103.5,321350,3721,103.727
2017-08-14T04:00:00Z,104.04,104.6,103.685,104.44,337264,4060,104.392
2017-08-15T04:00:00Z,104.68,104.99,104.05,104.65,453810,3076,104.585
2017-08-16T04:00:00Z,104.82,105.23,104.35,104.47,504221,5911,104.724
2017-08-17T04:00:00Z,103.9,104.385,102.195,102.29,436825,4210,102.907
2017-08-18T04:00:00Z,102.04,102.59,101.55,101.66,377749,3325,101.815
2017-08-21T04:00:00Z,101.67,102.13,101.32,101.92,173175,2126,101.897
2017-08-22T04:00:00Z,102.14,102.4,101.723,102.34,175434,2111,102.155
2017-08-23T04:00:00Z,101.94,102.5,101.795,101.89,254951,2679,102.013
2017-08-24T04:00:00Z,102.34,102.34,101.29,101.32,338565,3783,101.678
2017-08-25T04:00:00Z,101.8,102.87,101.71,102.39,492596,4438,102.308
2017-08-28T04:00:00Z,102.31,102.31,101.2,101.51,405369,2620,101.526
2017-08-29T04:00:00Z,101,101.8,101,101.28,342399,3091,101.331
2017-08-30T04:00:00Z,101.19,101.85,101.13,101.6,209250,2513,101.637
2017-08-31T04:00:00Z,101.93,102.147,101.37,101.81,367339,3478,101.766
2017-09-01T04:00:00Z,102.03,103.128,102.01,102.28,211689,3046,102.473
2017-09-05T04:00:00Z,101.44,101.5,97.51,97.57,590106,5743,98.2389
2017-09-06T04:00:00Z,97.71,98.31,97.42,97.5,351848,3733,97.7176
2017-09-07T04:00:00Z,97.44,97.44,95.19,95.54,522591,6311,95.8159
2017-09-08T04:00:00Z,95.3,98.85,95.3,98.54,638009,6462,97.9908
2017-09-11T04:00:00Z,100.5,101.5,99.63,100.04,570133,5232,100.121
2017-09-12T04:00:00Z,100.12,100.41,99.01,100.31,262229,3556,100.118
2017-09-13T04:00:00Z,100.05,100.31,99.19,99.65,449598,4442,99.8028
2017-09-14T04:00:00Z,99.67,99.67,98.48,98.77,536876,4208,98.7584
2017-09-15T04:00:00Z,98.76,100.71,98.71,100.7,2315268,5169,100.565
2017-09-18T04:00:00Z,100.9,101.75,100.75,101.46,587004,4105,101.444
2017-09-19T04:00:00Z,101.45,102.39,101.44,101.97,372689,4027,102.077
2017-09-20T04:00:00Z,101.94,102.61,101.34,102.52,418763,3233,102.352
2017-09-21T04:00:00Z,102.45,103.16,102.075,102.17,333015,2690,102.216
2017-09-22T04:00:00Z,102.05,102.56,102.05,102.53,378490,2164,102.462
2017-09-25T04:00:00Z,102.06,102.98,101.82,102.83,292536,2266,102.66
2017-09-26T04:00:00Z,102.7,103.37,101.73,103.19,308270,2889,103.107
2017-09-27T04:00:00Z,103.73,104.08,102.98,103.3,502948,3076,103.328
2017-09-28T04:00:00Z,103.19,103.91,102.66,103.91,324692,2891,103.644
2017-09-29T04:00:00Z,103.65,104.275,103.14,103.45,400711,3712,103.437
2017-10-02T04:00:00Z,103.75,104.49,103.1,104.43,277705,3226,104.1
2017-10-03T04:00:00Z,104.62,105.29,104.51,105.25,498105,4506,105.027
2017-10-04T04:00:00Z,105.02,105.32,104.49,105.1,552305,3971,105.071
2017-10-05T04:00:00Z,105.02,105.86,104.81,105.68,400768,2981,105.58
2017-10-06T04:00:00Z,105.7,106.44,105.27,105.66,527944,3152,105.688
2017-10-09T04:00:00Z,105.65,105.965,104.79,105.13,388883,2407,105.15
2017-10-10T04:00:00Z,105.54,105.93,105.08,105.57,227779,2714,105.547
2017-10-11T04:00:00Z,105.24,105.24,104.36,104.86,313318,3233,104.816
2017-10-12T04:00:00Z,104.87,104.87,103.99,104.5,310771,3215,104.527
2017-10-13T04:00:00Z,104.49,104.91,104,104.25,465415,4883,104.406
2017-10-16T04:00:00Z,104.34,105.11,104.04,104.48,300456,3052,104.556
2017-10-17T04:00:00Z,104.71,104.96,104.02,104.14,303295,2757,104.315
2017-10-18T04:00:00Z,104.46,105.05,104.25,104.42,213028,2428,104.555
2017-10-19T04:00:00Z,104.12,105.66,104.12,105.57,244582,2833,105.275
2017-10-20T04:00:00Z,106.52,106.52,105.16,105.26,310762,2641,105.361
2017-10-23T04:00:00Z,105.49,105.82,105,105.41,365971,2559,105.397
2017-10-24T04:00:00Z,105.7,106.35,105.44,105.66,338910,3020,105.684
2017-10-25T04:00:00Z,105.53,105.76,104.47,104.73,288103,3778,104.818
2017-10-26T04:00:00Z,105.04,105.75,104.66,105.47,362401,3551,105.424
2017-10-27T04:00:00Z,105.29,105.659,104.699,105.07,307515,3282,105.06
2017-10-30T04:00:00Z,104.95,106.22,104.83,105.36,338124,3268,105.452
2017-10-31T04:00:00Z,105.32,105.71,104.96,105.49,495971,4360,105.348
2017-11-01T04:00:00Z,105.02,105.305,101.015,101.81,819585,10245,101.98
2017-11-02T04:00:00Z,102.31,104.1,102.26,103,648260,6576,103.061
2017-11-03T04:00:00Z,102.42,102.82,101.965,102.76,694689,4197,102.639
2017-11-06T05:00:00Z,102.94,104.08,102.75,103.97,699683,4918,103.789
2017-11-07T05:00:00Z,104.18,105.38,104,104.94,819576,4085,104.904
2017-11-08T05:00:00Z,104.82,105.2,104.35,104.51,363128,2510,104.605
2017-11-09T05:00:00Z,104.14,105.56,104.13,105.36,358719,4919,105.153
2017-11-10T05:00:00Z,104.91,105.93,104.81,105.63,304158,3139,105.607
2017-11-13T05:00:00Z,105.22,106.61,105.2,106.03,524307,4154,106.081
2017-11-14T05:00:00Z,105.65,106.33,105.47,106.1,315240,4057,105.967
2017-11-15T05:00:00Z,105.42,106.765,105.38,106.43,311974,2830,106.385
2017-11-16T05:00:00Z,105.09,105.09,102.11,102.17,479440,4005,102.603
2017-11-17T05:00:00Z,101.91,102.28,101.78,101.95,354081,2699,101.986
2017-11-20T05:00:00Z,102.13,102.62,101.93,102.54,452144,2754,102.472
2017-11-21T05:00:00Z,102.75,103.39,102.31,102.47,463989,3253,102.483
2017-11-22T05:00:00Z,102.48,102.77,102.01,102.13,477748,2088,102.181
2017-11-24T05:00:00Z,102.21,102.7,101.48,101.58,115567,1253,101.709
2017-11-27T05:00:00Z,101.96,103.63,101.96,102.7,498560,3530,102.813
2017-11-28T05:00:00Z,102.66,104.47,102.42,104.19,446117,3993,104.007
2017-11-29T05:00:00Z,104.53,106.46,104.53,105.27,299789,3522,105.5
2017-11-30T05:00:00Z,105.57,105.95,104.14,105.06,1035678,6196,104.944
2017-12-01T05:00:00Z,105.46,105.93,103.125,105.82,293446,4138,105.362
2017-12-04T05:00:00Z,106.5,106.75,105.43,105.82,283292,3126,105.907
2017-12-05T05:00:00Z,106.14,106.14,104.49,104.61,276541,2610,104.963
2017-12-06T05:00:00Z,104.22,104.935,103.84,104.4,218577,2762,104.455
2017-12-07T05:00:00Z,104.4,104.91,104.229,104.33,393344,2638,104.38
2017-12-08T05:00:00Z,104.68,104.86,103.8,104.79,375694,2216,104.672
2017-12-11T05:00:00Z,104.29,104.98,103.97,104.73,344450,3139,104.554
2017-12-12T05:00:00Z,104.64,105.65,104.64,105.3,330022,3357,105.271
2017-12-13T05:00:00Z,105.39,105.67,103.94,104.11,388990,2847,104.276
2017-12-14T05:00:00Z,104.23,104.86,103.2,103.26,248440,2987,103.589
2017-12-15T05:00:00Z,103.54,104.98,103.54,104.34,921292,3994,104.297
2017-12-18T05:00:00Z,104.37,105.34,104.04,104.95,329059,3639,104.81
2017-12-19T05:00:00Z,105.36,105.65,104.79,105.55,281716,3106,105.486
2017-12-20T05:00:00Z,104.91,106.32,104.53,106.19,371864,4548,105.847
2017-12-21T05:00:00Z,106.35,108.13,106.29,108,461357,4367,107.66
2017-12-22T05:00:00Z,107.85,108.64,107.75,108.36,259152,4059,108.18
2017-12-26T05:00:00Z,108.44,109.32,107.89,108.67,209710,2910,108.637
2017-12-27T05:00:00Z,108.85,109.19,108.31,108.86,391878,2645,108.827
2017-12-28T05:00:00Z,109.24,109.27,108.63,109.06,158152,2375,108.953
2017-12-29T05:00:00Z,109.36,109.41,108.5,108.54,271610,2182,108.673
2018-01-02T05:00:00Z,109.02,109.425,106.46,106.77,407278,3664,107.056
2018-01-03T05:00:00Z,106.56,107.27,106.38,107.09,324156,3142,106.93
2018-01-04T05:00:00Z,107.32,108.3,106.93,106.95,308123,3147,107.307
2018-01-05T05:00:00Z,107.42,107.42,106.66,107.19,120704,1659,107.092
2018-01-08T05:00:00Z,107.11,107.46,106.3,107.23,338684,3556,107.087
2018-01-09T05:00:00Z,107.85,108.42,107.29,107.73,546796,4376,107.793
2018-01-10T05:00:00Z,107.89,108.19,107.28,107.57,321574,3445,107.696
2018-01-11T05:00:00Z,107.65,108.58,105.89,108.34,274362,2683,108.249
2018-01-12T05:00:00Z,108.6,109.34,107.88,109.16,310985,2965,108.96
2018-01-16T05:00:00Z,109.44,109.91,108.68,108.79,295195,2913,109.225
2018-01-17T05:00:00Z,109.21,110.05,109.01,109.88,233437,2820,109.688
2018-01-18T05:00:00Z,110.19,110.24,109.09,109.61,267178,3106,109.59
2018-01-19T05:00:00Z,109.45,110.6,109.45,110.3,333626,3259,110.271
2018-01-22T05:00:00Z,110.91,111.98,110.48,111.61,286147,3139,111.456
2018-01-23T05:00:00Z,111.54,112.81,111.13,112.67,378347,3311,112.479
2018-01-24T05:00:00Z,113.01,113.53,112.16,112.75,224094,2527,112.655
2018-01-25T05:00:00Z,112.81,113.69,112.53,113.68,413997,2549,113.478
2018-01-26T05:00:00Z,113.75,114.99,113.325,114.88,537997,3340,114.297
2018-01-29T05:00:00Z,114.46,115.19,113.83,113.83,321548,2893,114.098
2018-01-30T05:00:00Z,113.2,114.54,112.97,113.2,369507,3429,113.358
2018-01-31T05:00:00Z,113.26,114.25,112.84,113.34,357433,3673,113.369
2018-02-01T05:00:00Z,117,121.69,117,120.49,649635,6874,120.047
2018-02-02T05:00:00Z,119.43,119.99,116.09,116.09,684123,6130,116.864
2018-02-05T05:00:00Z,114.98,116.35,111.86,111.86,692117,7012,113.608
2018-02-06T05:00:00Z,109.44,113.39,108.54,112.65,603705,7724,111.946
2018-02-07T05:00:00Z,113.12,114.87,112.26,113.47,366408,4343,113.784
2018-02-08T05:00:00Z,113.47,113.68,108.41,108.44,749930,4636,110.015
2018-02-09T05:00:00Z,109.79,109.93,107.02,109,642905,6287,108.756
2018-02-12T05:00:00Z,109.72,110.4,108.27,109.36,388491,3690,109.486
2018-02-13T05:00:00Z,108.78,109.33,108.08,109.16,291961,3553,109.016
2018-02-14T05:00:00Z,108.79,110.79,108.56,110.61,228684,2584,110.307
2018-02-15T05:00:00Z,111.55,111.84,110.78,111.84,400762,4252,111.467
2018-02-16T05:00:00Z,111.48,112.765,111.39,112.12,491286,2269,112.183
2018-02-20T05:00:00Z,112.03,112.46,110.93,111.81,458545,4665,111.769
2018-02-21T05:00:00Z,111.85,113.87,111.85,112.72,429549,4340,112.989
2018-02-22T05:00:00Z,112.97,113.57,111.57,111.84,197719,2443,112.274
2018-02-23T05:00:00Z,112.11,112.76,111.69,112.44,279041,2819,112.302
2018-02-26T05:00:00Z,112.84,114.48,112.7,114.44,199698,2419,113.944
2018-02-27T05:00:00Z,114.46,115.59,114.19,114.67,693610,5116,114.719
2018-02-28T05:00:00Z,115.02,115.92,112.76,112.8,577890,3935,113.869
2018-03-01T05:00:00Z,113.04,113.52,110.25,110.92,300021,3958,111.462
2018-03-02T05:00:00Z,110.1,110.91,109.26,110.77,286543,3539,110.466
2018-03-05T05:00:00Z,110.57,113.05,110.57,112.92,419817,4078,112.678
2018-03-06T05:00:00Z,113.42,114.71,111.865,114.39,331933,3865,114.059
2018-03-07T05:00:00Z,113.37,114.6,112.94,114.37,410415,2701,114.295
2018-03-08T05:00:00Z,114.59,114.59,113.06,114.03,264175,2367,113.819
2018-03-09T05:00:00Z,114.68,116.29,113.925,116.22,421011,3891,115.614
2018-03-12T04:00:00Z,116.03,116.8,114.17,114.63,432109,3870,115.116
2018-03-13T04:00:00Z,115.33,115.33,113.9,114.42,392225,2774,114.447
2018-03-14T04:00:00Z,115.03,115.03,112.73,112.99,226388,2698,113.342
2018-03-15T04:00:00Z,113.32,113.42,112.3,112.62,338688,3496,112.657
2018-03-16T04:00:00Z,112.75,113.21,112.071,113.04,1497483,3577,112.975
2018-03-19T04:00:00Z,113.01,114.05,112.79,113.8,352375,3573,113.578
2018-03-20T04:00:00Z,114.13,115.98,114.11,115.45,218256,2375,115.362
2018-03-21T04:00:00Z,115.48,116.04,114.99,115.3,277376,3664,115.477
2018-03-22T04:00:00Z,114.51,114.915,111.75,111.77,336783,3383,112.772
2018-03-23T04:00:00Z,111.82,112.265,109.18,109.25,369943,3213,110.006
2018-03-26T04:00:00Z,110.79,112.61,110.09,112.28,323889,3539,111.821
2018-03-27T04:00:00Z,112.46,112.62,109.97,110.36,273336,3633,111.152
2018-03-28T04:00:00Z,110.71,113.06,110.45,112.19,386941,4395,112.073
2018-03-29T04:00:00Z,112.78,113.29,112.13,112.22,552515,3443,112.313
2018-04-02T04:00:00Z,112.24,113.97,109.27,110.33,320839,4191,110.776
2018-04-03T04:00:00Z,111,111.77,110.05,111.35,384494,5067,111.179
2018-04-04T04:00:00Z,109.91,112.17,109.54,111.74,335096,3476,111.548
2018-04-05T04:00:00Z,112.1,112.41,111.48,111.7,1031653,3745,111.766
2018-04-06T04:00:00Z,110.85,112.22,109.145,109.67,625538,3473,109.936
2018-04-09T04:00:00Z,110.37,111.95,109.73,110.08,201563,2960,110.62
2018-04-10T04:00:00Z,111.28,112.36,110.6,110.74,534331,3894,110.942
2018-04-11T04:00:00Z,110.32,111.48,109.45,111.09,261299,3414,111.006
2018-04-12T04:00:00Z,111.18,112.37,111.18,111.71,272578,2174,111.769
2018-04-13T04:00:00Z,112.12,112.2,110.31,110.58,329488,2746,110.824
2018-04-16T04:00:00Z,111.42,112.63,111.17,112.24,215052,2761,112.209
2018-04-17T04:00:00Z,112.84,112.99,111.8,112.18,271501,2377,112.24
2018-04-18T04:00:00Z,112.58,113.26,112.4,112.88,297526,2983,112.781
2018-04-19T04:00:00Z,113.08,113.905,112.94,113.71,274569,2805,113.482
2018-04-20T04:00:00Z,114,114.33,113.39,114.03,334069,2473,114.013
2018-04-23T04:00:00Z,114.61,115,114.17,114.76,168435,1880,114.611
2018-04-24T04:00:00Z,114.64,115.31,113.295,113.83,183970,2329,114.194
2018-04-25T04:00:00Z,113.82,115.08,113.69,114.14,232214,2671,114.195
2018-04-26T04:00:00Z,114.04,114.495,113.35,114.11,157905,1854,114.041
2018-04-27T04:00:00Z,114,115.38,113.873,114.26,306209,2220,114.338
2018-04-30T04:00:00Z,114.69,115.27,113.17,113.22,285147,3155,113.839
2018-05-01T04:00:00Z,112.83,113.27,111.88,113.19,211570,2950,112.754
2018-05-02T04:00:00Z,112.74,112.74,110.25,111.3,478518,3820,111.166
2018-05-03T04:00:00Z,117.5,117.5,108.275,108.82,527989,6331,110.445
2018-05-04T04:00:00Z,108.48,110.24,107.85,109.97,309839,3536,109.507
2018-05-07T04:00:00Z,110.14,110.79,109.48,110.6,418278,3593,110.45
2018-05-08T04:00:00Z,110.67,111.11,110.21,110.85,450865,3814,110.735
2018-05-09T04:00:00Z,111.07,111.26,110.3,110.88,269002,2388,110.791
2018-05-10T04:00:00Z,111.12,111.72,110.39,111.71,371654,2564,111.411
2018-05-11T04:00:00Z,111.68,112.199,111.45,111.95,380582,4600,111.897
2018-05-14T04:00:00Z,110.83,111.34,110.42,110.51,544007,3412,110.638
2018-05-15T04:00:00Z,110.13,111.06,109.656,109.99,379687,3220,110.083
2018-05-16T04:00:00Z,110.06,110.41,109.25,109.86,426209,3226,109.919
2018-05-17T04:00:00Z,109.99,110.62,109.69,110.35,307719,2690,110.289
2018-05-18T04:00:00Z,110.55,110.715,109.72,110.44,301790,2429,110.402
2018-05-21T04:00:00Z,110.97,111.84,110.88,111.31,398125,2651,111.337
2018-05-22T04:00:00Z,111.39,112.15,110.94,111.7,447047,2031,111.659
2018-05-23T04:00:00Z,111.46,111.79,110.98,111.49,282406,2462,111.414
2018-05-24T04:00:00Z,111.25,111.67,110.04,111.33,382347,2537,111.173
2018-05-25T04:00:00Z,111.03,111.233,110.62,110.93,221885,2243,110.952
2018-05-29T04:00:00Z,110.51,110.6,108.82,109.56,615177,3741,109.618
2018-05-30T04:00:00Z,110.53,112.275,110.43,111.78,801185,4867,111.742
2018-05-31T04:00:00Z,111.75,111.75,109.79,109.88,808320,3705,110.038
2018-06-01T04:00:00Z,111.03,111.105,110.26,110.39,240208,2721,110.597
2018-06-04T04:00:00Z,110.71,111.12,110.22,110.39,486487,3209,110.422
2018-06-05T04:00:00Z,110.08,110.73,109.32,109.94,587506,2809,109.921
2018-06-06T04:00:00Z,110.41,110.86,109.605,110.81,556130,3287,110.581
2018-06-07T04:00:00Z,110.99,111.16,109.95,111.11,332037,2311,110.968
2018-06-08T04:00:00Z,111.13,111.66,110.64,111.63,187610,2241,111.428
2018-06-11T04:00:00Z,111.8,111.89,110.88,111.11,204769,2155,111.248
2018-06-12T04:00:00Z,111.21,111.99,109.65,109.8,296147,3219,110.235
2018-06-13T04:00:00Z,110,110.3,107.81,109.75,972590,4982,109.342
2018-06-14T04:00:00Z,110.1,110.16,109.11,109.77,418530,2727,109.717
2018-06-15T04:00:00Z,109.4,110.43,108.32,110.38,1074192,3069,110.173
2018-06-18T04:00:00Z,109.18,109.65,108.65,109.53,350035,2441,109.446
2018-06-19T04:00:00Z,108.93,109.82,108.93,109.69,397269,2837,109.641
2018-06-20T04:00:00Z,109.99,110.14,108.98,109.04,194268,2073,109.344
2018-06-21T04:00:00Z,108.65,108.68,107.06,107.22,263970,2101,107.393
2018-06-22T04:00:00Z,107.65,107.97,106.813,107.96,507595,3280,107.796
2018-06-25T04:00:00Z,108,108.61,107.03,107.62,271646,2839,107.777
2018-06-26T04:00:00Z,107.72,107.735,106.56,106.88,338199,2826,106.943
2018-06-27T04:00:00Z,106.79,107.52,105.75,105.81,366181,2915,106.202
2018-06-28T04:00:00Z,105.54,106.38,105.18,106.18,464257,4163,105.855
2018-06-29T04:00:00Z,106.66,108.36,106.09,107.33,537063,4389,107.577
2018-07-02T04:00:00Z,106.9,107.17,105.31,105.66,431582,4615,105.795
2018-07-03T04:00:00Z,106.03,108.09,106.03,106.88,199036,2116,107.238
2018-07-05T04:00:00Z,107.48,107.675,106.2,106.53,416703,2990,106.51
2018-07-06T04:00:00Z,106.31,107.75,105.72,107.32,244235,2897,107.237
2018-07-09T04:00:00Z,107.86,109.64,107.585,109.62,238676,2536,109.394
2018-07-10T04:00:00Z,109.82,110.13,108.8,109.48,218842,2104,109.367
2018-07-11T04:00:00Z,109.01,110.11,108.98,109.93,316628,2519,109.767
2018-07-12T04:00:00Z,108.68,108.68,107.22,107.47,571591,4468,107.602
2018-07-13T04:00:00Z,107.31,108.45,107.12,108.11,230673,2009,107.986
2018-07-16T04:00:00Z,108.28,109.26,108.07,108.52,298604,3054,108.68
2018-07-17T04:00:00Z,108.66,109.34,108.38,108.94,400479,2226,108.925
2018-07-18T04:00:00Z,108.99,109.61,108.26,109.45,692148,4776,109.059
2018-07-19T04:00:00Z,109.05,110.01,108.5,109.97,321310,2850,109.703
2018-07-20T04:00:00Z,109.74,110.46,109.47,110.11,192873,2533,110.028
2018-07-23T04:00:00Z,110,111.21,109.99,111,292630,2820,110.835
2018-07-24T04:00:00Z,111.17,112.06,110.9,111.23,611475,3468,111.31
2018-07-25T04:00:00Z,111.3,111.5,110.22,111.35,316216,3285,110.991
2018-07-26T04:00:00Z,111.74,113.27,111.74,112.94,264335,2853,112.906
2018-07-27T04:00:00Z,112.94,113.84,112.11,112.49,267678,2625,112.535
2018-07-30T04:00:00Z,112.16,113.12,111.69,111.82,434828,3212,111.92
2018-07-31T04:00:00Z,112.09,112.93,111.47,112.69,325131,2742,112.532
2018-08-01T04:00:00Z,112.72,113.45,112.4,112.71,461607,3422,112.752
2018-08-02T04:00:00Z,111.56,115,109.34,113.64,451573,4695,113.723
2018-08-03T04:00:00Z,113.49,113.62,112.12,112.78,275401,2998,112.687
2018-08-06T04:00:00Z,112.73,113.34,112.73,113.09,165992,1928,113.016
2018-08-07T04:00:00Z,113.34,113.7,112.12,112.22,204288,2057,112.606
2018-08-08T04:00:00Z,112.2,112.2,111.35,111.66,201699,2481,111.716
2018-08-09T04:00:00Z,111.63,111.84,111.47,111.64,296623,3029,111.673
2018-08-10T04:00:00Z,111.07,111.07,110.46,110.77,210492,2368,110.803
2018-08-13T04:00:00Z,111,111.35,110.15,110.72,215811,2445,110.751
2018-08-14T04:00:00Z,111.16,111.86,110.72,111.54,436172,3371,111.521
2018-08-15T04:00:00Z,111.01,112.26,111.01,111.52,372151,4221,111.556
2018-08-16T04:00:00Z,112.16,113.39,112.16,112.8,440818,3257,112.815
2018-08-17T04:00:00Z,112.38,113.5,112.2,113.3,188456,1790,113.227
2018-08-20T04:00:00Z,113.45,114.18,113.45,113.82,396668,2032,113.849
2018-08-21T04:00:00Z,113.81,114.305,113.23,113.48,231296,2569,113.587
2018-08-22T04:00:00Z,112.9,113.09,111.72,111.8,227566,2255,112.022
2018-08-23T04:00:00Z,111.91,111.91,110.52,110.88,364040,2814,110.817
2018-08-24T04:00:00Z,111.2,111.63,110.74,111.47,210618,2863,111.174
2018-08-27T04:00:00Z,112.01,112.83,111.92,112.24,299055,2111,112.262
2018-08-28T04:00:00Z,112.53,112.53,111.24,111.37,420137,2803,111.565
2018-08-29T04:00:00Z,111.41,111.94,110.94,111.45,281708,2628,111.461
2018-08-30T04:00:00Z,111.22,111.27,110.34,111.12,271743,3162,110.969
2018-08-31T04:00:00Z,110.79,111.43,110.32,111.36,352571,2912,111.232
2018-09-04T04:00:00Z,111.42,112.51,111.22,112.45,196187,2471,112.217
2018-09-05T04:00:00Z,112.12,113.443,112.07,112.97,380869,3684,112.91
2018-09-06T04:00:00Z,113.04,113.46,112.61,112.91,222466,2075,112.929
2018-09-07T04:00:00Z,112.91,113.18,112.29,112.53,170347,2428,112.643
2018-09-10T04:00:00Z,112.72,112.95,111.88,111.93,280562,2997,112.35
2018-09-11T04:00:00Z,111.45,112.9,110.65,112.12,318838,2815,112.127
2018-09-12T04:00:00Z,111.86,111.86,109.7,110,258465,2906,110.297
2018-09-13T04:00:00Z,110.19,111.84,110.18,111.22,468095,5073,111.099
2018-09-14T04:00:00Z,111.41,113.15,111.41,113.01,413673,3029,112.87
2018-09-17T04:00:00Z,113.07,113.07,111.73,112.03,387750,2578,112.144
2018-09-18T04:00:00Z,112.05,113.33,111.76,113.17,244184,2718,112.956
2018-09-19T04:00:00Z,113.21,114.29,113.19,113.49,300839,2844,113.59
2018-09-20T04:00:00Z,113.87,114.65,113.51,114.34,333576,2679,114.265
2018-09-21T04:00:00Z,114.39,114.39,113.36,113.51,713466,2482,113.645
2018-09-24T04:00:00Z,113.49,113.89,111.99,112,393014,2807,112.202
2018-09-25T04:00:00Z,112.34,112.545,111.32,111.44,252355,2890,111.62
2018-09-26T04:00:00Z,111.51,111.69,110.45,110.51,324866,3202,110.703
2018-09-27T04:00:00Z,110.52,111.12,110.02,110.07,265275,2675,110.284
2018-09-28T04:00:00Z,109.6,111.43,109.59,110.97,512247,3710,110.869
2018-10-01T04:00:00Z,111.37,111.57,109.65,109.99,284623,3305,110.154
2018-10-02T04:00:00Z,109.83,110.53,109.345,110.45,292424,2528,110.295
2018-10-03T04:00:00Z,110.96,111.265,109.96,110.5,642270,5239,110.477
2018-10-04T04:00:00Z,110.46,111.303,110.35,110.85,317614,3117,110.809
2018-10-05T04:00:00Z,110.85,111.49,110.48,110.61,230151,2798,110.746
2018-10-08T04:00:00Z,110.29,112.02,110.29,111.82,322774,3289,111.622
2018-10-09T04:00:00Z,111.55,113.04,111.18,112.06,288200,3202,112.218
2018-10-10T04:00:00Z,111.66,112.22,109.05,109.13,426836,3253,109.905
2018-10-11T04:00:00Z,108,108.57,103.92,104.06,446167,5336,105.206
2018-10-12T04:00:00Z,104.95,104.95,100,101.68,541839,5462,101.439
2018-10-15T04:00:00Z,101.41,102.264,101.16,101.23,192089,2186,101.558
2018-10-16T04:00:00Z,101.81,102.19,100.82,102.08,389162,3029,101.814
2018-10-17T04:00:00Z,101.81,102.51,100.58,102.02,509119,3913,101.838
2018-10-18T04:00:00Z,101.91,102.99,101.13,101.47,395990,3331,101.869
2018-10-19T04:00:00Z,101.09,102.7,100.5,102.22,345376,2950,102.185
2018-10-22T04:00:00Z,102.62,102.945,100.915,101.24,659696,3811,101.366
2018-10-23T04:00:00Z,99.79,102.34,99.42,101.65,577511,4515,101.465
2018-10-24T04:00:00Z,101.39,102.26,98.48,98.54,382140,3468,99.4171
2018-10-25T04:00:00Z,98.99,100.45,98.48,99.8,281644,3008,99.7291
2018-10-26T04:00:00Z,98.99,100.39,98.22,99.55,259214,3130,99.4939
2018-10-29T04:00:00Z,100.45,101.61,99.325,100.18,343371,3325,100.474
2018-10-30T04:00:00Z,100.61,102.73,100.37,102.59,416147,4529,101.801
2018-10-31T04:00:00Z,104,104.85,99.92,100.03,551425,6012,101.128
2018-11-01T04:00:00Z,100.03,101.035,99.09,100.52,399746,4427,100.347
2018-11-02T04:00:00Z,101.15,101.8,99.68,100.29,465567,4650,100.472
2018-11-05T05:00:00Z,100.84,102.615,100.84,101.99,375311,3774,101.928
2018-11-06T05:00:00Z,101.63,103.59,101.63,103.31,317529,2982,103.096
2018-11-07T05:00:00Z,103.78,105.92,103.47,105.77,671300,5204,105.363
2018-11-08T05:00:00Z,105.45,107.14,105.24,106.18,741819,5052,106.292
2018-11-09T05:00:00Z,105.95,107.01,105.87,106.49,496374,3869,106.418
2018-11-12T05:00:00Z,106.32,106.99,104.79,104.91,432156,3620,105.17
2018-11-13T05:00:00Z,105.13,106.15,104.18,104.31,321145,3958,104.644
2018-11-14T05:00:00Z,104.76,104.76,101.76,102.16,277378,3167,102.592
2018-11-15T05:00:00Z,100.06,103.37,99.36,103.15,362632,4771,102.51
2018-11-16T05:00:00Z,102.6,103.45,102.211,103.08,483570,4703,102.986
2018-11-19T05:00:00Z,102.63,104.32,102.49,103.28,591114,4046,103.295
2018-11-20T05:00:00Z,102.9,103.5,101.32,101.58,489487,4426,101.773
2018-11-21T05:00:00Z,101.58,104.08,101.06,103.12,541062,4555,103.187
2018-11-23T05:00:00Z,102.16,103.78,102.07,102.97,138274,1550,103.07
2018-11-26T05:00:00Z,104.05,104.6,103.14,103.44,360265,3522,103.579
2018-11-27T05:00:00Z,103.34,103.95,102.5,102.86,598159,4817,103.003
2018-11-28T05:00:00Z,102.72,104.17,101.91,104.04,484723,5339,103.672
2018-11-29T05:00:00Z,103.54,104.25,102.77,102.8,519107,4974,103.141
2018-11-30T05:00:00Z,102.84,103.96,102.33,102.36,3067829,6302,102.474
2018-12-03T05:00:00Z,102.95,103.62,101.54,103.06,469109,4500,102.818
2018-12-04T05:00:00Z,103.02,103.29,99.11,99.36,370380,3922,100.25
2018-12-06T05:00:00Z,97.895,98.0293,95.41,97.34,800162,5507,97.0425
2018-12-07T05:00:00Z,96.93,97.97,94.97,95.19,578553,5527,95.667
2018-12-10T05:00:00Z,95.04,95.05,92.63,93.63,433443,4349,93.608
2018-12-11T05:00:00Z,94.61,95.27,92.41,92.47,483616,5246,93.0912
2018-12-12T05:00:00Z,93.75,93.91,92.15,92.28,579399,5650,92.5965
2018-12-13T05:00:00Z,93.1,93.14,91.56,91.59,525961,6058,91.9725
2018-12-14T05:00:00Z,90.67,91.66,90.42,91.42,697250,6880,91.0702
2018-12-17T05:00:00Z,91.22,92.8,89.5,89.94,490362,5190,90.765
2018-12-18T05:00:00Z,90.4,91.71,90.07,90.53,485394,4591,90.654
2018-12-19T05:00:00Z,90.51,91.74,89.14,89.63,515374,5158,90.4701
2018-12-20T05:00:00Z,89.04,90.34,88.69,89.38,558444,4912,89.4459
2018-12-21T05:00:00Z,89.21,91.28,88.11,88.24,624865,3436,88.746
2018-12-24T05:00:00Z,87.67,87.67,85.19,85.28,187204,2734,85.9188
2018-12-26T05:00:00Z,85.27,88.5,84.18,88.47,792350,3617,87.9631
2018-12-27T05:00:00Z,87.38,89.22,86.41,89.19,538807,3921,88.5197
2018-12-28T05:00:00Z,89.49,90.35,88.6,89.38,378573,3885,89.4149
2018-12-31T05:00:00Z,89.51,90.62,89.18,90.53,571234,4475,90.3753
2019-01-02T05:00:00Z,89.26,90.32,88.7,89.47,621016,5671,89.4796
2019-01-03T05:00:00Z,89.06,90.21,88.735,89.1,278671,3490,89.2948
2019-01-04T05:00:00Z,90.34,91.75,90.08,90.47,587652,5269,90.6136
2019-01-07T05:00:00Z,90.11,90.78,89.6,89.74,503073,5142,90.0439
2019-01-08T05:00:00Z,90.28,90.68,89.03,89.85,387035,3608,89.7888
2019-01-09T05:00:00Z,90.05,92.42,90.05,92.13,712192,7498,91.897
2019-01-10T05:00:00Z,92.04,93.57,91.9374,93.5,421555,4331,93.053
2019-01-11T05:00:00Z,92.98,93.665,92.54,93.4,342145,2799,93.2578
2019-01-14T05:00:00Z,92.43,93.3,92.32,92.81,441194,4176,92.8438
2019-01-15T05:00:00Z,92.77,93.47,92.525,93.36,308914,3517,93.1408
2019-01-16T05:00:00Z,93.79,94.91,93.12,94.5,474529,4493,94.3973
2019-01-17T05:00:00Z,94.11,96.1,94.11,95.44,894427,4001,95.4157
2019-01-18T05:00:00Z,95.98,96.08,95.44,95.96,339878,3176,95.8655
2019-01-22T05:00:00Z,96.07,96.66,94.925,95.28,332045,3086,95.3338
2019-01-23T05:00:00Z,95.71,96.47,94.18,95.69,311732,3200,95.2703
2019-01-24T05:00:00Z,95.31,95.955,94.84,95.02,479902,3061,95.1294
2019-01-25T05:00:00Z,95.72,95.75,94.56,94.75,202496,2825,95.0044
2019-01-28T05:00:00Z,94.02,94.9129,93.3,94.57,375666,3082,94.379
2019-01-29T05:00:00Z,94.36,95.01,93.66,94.37,379768,3234,94.4282
2019-01-30T05:00:00Z,94.64,95.6,93.65,94.87,521612,5310,94.8368
2019-01-31T05:00:00Z,92.16,95.84,90.2,95.39,743544,7247,94.8697
2019-02-01T05:00:00Z,95.43,95.986,93.94,94.66,653749,5636,94.5981
2019-02-04T05:00:00Z,94.46,94.79,93.75,94.35,319606,3688,94.1596
2019-02-05T05:00:00Z,94.46,95.08,93.75,94.95,499420,4608,94.6858
2019-02-06T05:00:00Z,94.74,95.35,94.57,95.35,394058,3745,95.1571
2019-02-07T05:00:00Z,95.06,96.31,95.06,96.26,517256,5088,95.9234
2019-02-08T05:00:00Z,95.77,96.34,95.0205,96.07,603144,5020,95.8094
2019-02-11T05:00:00Z,96.21,96.95,95.435,96.74,473087,4168,96.4421
2019-02-12T05:00:00Z,97.43,98.21,97.085,97.73,482014,4577,97.8272
2019-02-13T05:00:00Z,98.01,99.14,97.44,97.58,405524,4268,97.7702
2019-02-14T05:00:00Z,96.9,97.76,96.58,96.66,587423,4330,96.8277
2019-02-15T05:00:00Z,97.53,98.67,97.285,98.1,507799,3561,98.1397
2019-02-19T05:00:00Z,97.8,98.945,97.485,98.7,593237,3804,98.5744
2019-02-20T05:00:00Z,98.62,100.14,98.15,99.85,362523,4254,99.5663
2019-02-21T05:00:00Z,99.91,99.91,98.74,99.26,335764,3333,99.179
2019-02-22T05:00:00Z,99.44,99.94,98.715,99.71,266761,3153,99.6283
2019-02-25T05:00:00Z,99.9,100.39,99.065,99.3,330218,3070,99.4475
2019-02-26T05:00:00Z,98.9,99.99,98.56,99.62,407532,3971,99.6739
2019-02-27T05:00:00Z,99.26,99.88,98.91,99.04,437186,3967,99.0977
2019-02-28T05:00:00Z,99.05,100.04,98.7,99.66,426080,3558,99.6488
2019-03-01T05:00:00Z,100.23,100.505,99.3,99.77,273579,3618,99.7567
2019-03-04T05:00:00Z,99.95,99.95,98.35,98.62,385753,3934,98.8005
2019-03-05T05:00:00Z,98.85,98.85,97.52,98.36,279139,3236,98.3705
2019-03-06T05:00:00Z,98.35,98.75,97.2,97.32,270040,3299,97.6446
2019-03-07T05:00:00Z,97.23,97.23,96.07,96.34,451688,3991,96.4388
2019-03-08T05:00:00Z,95.45,96.48,95,96.18,343795,3467,96.0492
2019-03-11T04:00:00Z,96.59,96.74,95.88,96.1,462254,4621,96.2092
2019-03-12T04:00:00Z,96.2,96.855,95.9901,96.57,479364,4034,96.4707
2019-03-13T04:00:00Z,97.09,97.15,96.15,96.27,494935,4195,96.3958
2019-03-14T04:00:00Z,96.36,96.91,95.84,96.89,350754,3959,96.7083
2019-03-15T04:00:00Z,96.92,97.94,96.92,97.41,1457964,4676,97.3782
2019-03-18T04:00:00Z,97.17,98.75,97.17,97.88,576438,5292,98.0643
2019-03-19T04:00:00Z,98,98.31,96.06,96.25,314175,3240,96.909
2019-03-20T04:00:00Z,95.96,96,94.4,94.46,379616,4110,94.9693
2019-03-21T04:00:00Z,94.11,95.685,93.7501,95.39,375260,4065,95.2901
2019-03-22T04:00:00Z,94.69,95.76,94.59,94.71,603135,4036,94.8284
2019-03-25T04:00:00Z,94.58,95.67,94.58,95.26,425121,5870,95.1978
2019-03-26T04:00:00Z,95.04,96.64,94.93,96.06,417529,3956,95.8864
2019-03-27T04:00:00Z,96.15,96.85,95.845,96.07,333206,2944,96.171
2019-03-28T04:00:00Z,96.36,96.68,95.09,95.72,321160,3729,95.6639
2019-03-29T04:00:00Z,96.5,96.5,95.67,96.21,528919,4798,96.1049
2019-04-01T04:00:00Z,96.94,97.22,96.05,96.97,593718,6552,96.6431
2019-04-02T04:00:00Z,97.01,97.01,95.81,95.99,373232,4465,96.0597
2019-04-03T04:00:00Z,96.73,96.755,95.74,96.23,269910,3395,96.2012
2019-04-04T04:00:00Z,96.42,96.825,95.79,96.44,222809,2680,96.4424
2019-04-05T04:00:00Z,96.45,96.675,96.12,96.61,587728,4089,96.524
2019-04-08T04:00:00Z,96.42,96.76,96.02,96.76,323166,3781,96.5355
2019-04-09T04:00:00Z,96.38,96.38,95.6,95.88,446977,3296,95.917
2019-04-10T04:00:00Z,95.99,96.95,95.52,96.82,318673,3236,96.5901
2019-04-11T04:00:00Z,97,97.97,96.67,97.76,281663,3442,97.668
2019-04-12T04:00:00Z,97.99,98.24,97.51,98.07,308931,2979,98.0333
2019-04-15T04:00:00Z,98.05,98.42,97.7,97.99,158707,2418,97.9702
2019-04-16T04:00:00Z,98.43,99.62,98.21,99.61,338903,4059,99.1932
2019-04-17T04:00:00Z,99.88,99.96,98.93,99.33,497143,4214,99.3059
2019-04-18T04:00:00Z,99.33,101,99.3,100,556311,4920,100.215
2019-04-22T04:00:00Z,99.85,99.85,98.75,99.72,372328,3622,99.641
2019-04-23T04:00:00Z,99.79,101.23,99.685,101.13,395530,3651,100.818
2019-04-24T04:00:00Z,100.98,101.85,100.98,101.31,298250,3226,101.438
2019-04-25T04:00:00Z,100.46,101.74,99.96,101.18,310282,3513,101.143
2019-04-26T04:00:00Z,101.4,101.95,100.978,101.83,257177,3078,101.707
2019-04-29T04:00:00Z,101.9,103.3,101.685,102.81,278201,3871,102.713
2019-04-30T04:00:00Z,102.78,103.58,101.73,103.53,659429,5742,102.712
2019-05-01T04:00:00Z,103.44,104.17,103.06,103.06,436249,5052,103.372
2019-05-02T04:00:00Z,104.47,104.54,101.45,102.49,531630,5764,102.499
2019-05-03T04:00:00Z,102.46,103.64,102.15,103.51,693903,5919,102.985
2019-05-06T04:00:00Z,102.76,104.28,102.72,104.22,443164,5204,103.878
2019-05-07T04:00:00Z,103.62,104.16,102.1,102.42,511755,4043,102.615
2019-05-08T04:00:00Z,101.82,103.28,101.449,102.01,305183,3944,102.324
2019-05-09T04:00:00Z,101.2,102.25,101.16,101.9,246535,3480,101.833
2019-05-10T04:00:00Z,101.61,103.37,101.24,103.13,267912,4254,102.554
2019-05-13T04:00:00Z,101.88,102.11,99.65,100.27,415852,4165,100.367
2019-05-14T04:00:00Z,99.1,99.885,98.49,99.29,380303,4115,99.369
2019-05-15T04:00:00Z,98.76,99.37,98.66,99.28,308655,3929,99.1939
2019-05-16T04:00:00Z,99.52,100.35,99.1,99.8,181605,2635,99.8745
2019-05-17T04:00:00Z,99.11,100,98.75,99,349587,3266,99.1423
2019-05-20T04:00:00Z,99.02,99.66,98.98,99.31,172424,2705,99.3579
2019-05-21T04:00:00Z,99.65,100.47,99.5235,100.17,309687,3532,100.102
2019-05-22T04:00:00Z,99.83,100.55,99.48,100.5,210216,2705,100.289
2019-05-23T04:00:00Z,99.83,99.94,98.58,99.31,338786,4327,99.276
2019-05-24T04:00:00Z,99.69,99.97,98.905,99.75,262240,3978,99.5423
2019-05-28T04:00:00Z,99.86,100,98.34,98.5,509690,4260,98.6954
2019-05-29T04:00:00Z,98.49,99.31,98.17,99.07,397472,5135,98.8102
2019-05-30T04:00:00Z,99.14,99.98,98.27,98.66,298064,4035,98.8185
2019-05-31T04:00:00Z,97.93,98.56,97.54,98.2,499737,4571,98.0813
2019-06-03T04:00:00Z,98,99.81,98,99.72,664280,6311,98.9451
2019-06-04T04:00:00Z,100.5,101.515,100.02,101.46,412808,4836,100.999
2019-06-05T04:00:00Z,101,102.3,100.91,101.8,522465,4160,101.7
2019-06-06T04:00:00Z,101.85,102.14,101.26,101.53,467127,3738,101.554
2019-06-07T04:00:00Z,101.46,101.89,100.8,100.88,257079,3391,101.07
2019-06-10T04:00:00Z,100.98,101.27,100.255,100.83,681991,4059,100.847
2019-06-11T04:00:00Z,101.42,101.61,100.21,101.06,422863,4314,100.812
2019-06-12T04:00:00Z,101.21,101.88,100.99,101.87,344321,4335,101.638
2019-06-13T04:00:00Z,102.42,104.26,101.97,104.24,572435,6393,103.811
2019-06-14T04:00:00Z,104.51,104.74,103.78,104.43,366468,4110,104.327
2019-06-17T04:00:00Z,104.43,104.51,103.42,103.48,306176,3184,103.655
2019-06-18T04:00:00Z,103.48,104.205,102.8,103.34,278092,2819,103.564
2019-06-19T04:00:00Z,103.26,104.02,103.26,103.59,284879,2901,103.588
2019-06-20T04:00:00Z,104.03,104.26,102.61,103.9,392328,4129,103.696
2019-06-21T04:00:00Z,103.5,103.62,102.8,103,589683,4731,103.113
2019-06-24T04:00:00Z,102.98,103.79,102.43,102.55,197481,2330,102.811
2019-06-25T04:00:00Z,102.34,103,102.12,102.44,541780,3715,102.504
2019-06-26T04:00:00Z,102.64,103,100.98,101,493211,4757,101.276
2019-06-27T04:00:00Z,101.36,102.13,101.25,102.12,397253,4163,101.916
2019-06-28T04:00:00Z,102.28,103.425,101.85,102.47,892897,6035,102.442
2019-07-01T04:00:00Z,103.41,103.5,102.47,103.22,425323,4677,103.111
2019-07-02T04:00:00Z,103.43,103.88,102.78,103.88,422306,4405,103.611
2019-07-03T04:00:00Z,104.23,105.46,104.09,105.37,201015,2093,105.104
2019-07-05T04:00:00Z,105.37,105.75,105.05,105.75,363522,3300,105.504
2019-07-08T04:00:00Z,105.53,105.97,105.17,105.29,332082,3657,105.468
2019-07-09T04:00:00Z,105,105.74,104.87,105.59,552015,5503,105.47
2019-07-10T04:00:00Z,105.82,105.93,105.1,105.4,370065,3881,105.469
2019-07-11T04:00:00Z,105.61,105.85,104.65,105.05,351711,4352,105.009
2019-07-12T04:00:00Z,104.7,105.67,104.53,105.22,584625,5688,105.202
2019-07-15T04:00:00Z,105.54,105.54,104.4,104.99,382016,6145,104.855
2019-07-16T04:00:00Z,105.18,105.819,105.01,105.15,456001,4921,105.325
2019-07-17T04:00:00Z,104.97,105,103.72,103.87,292910,4709,104.059
2019-07-18T04:00:00Z,103.82,104.812,103.82,104.68,321649,2827,104.603
2019-07-19T04:00:00Z,104.92,105.14,103.71,103.79,275352,2721,104.161
2019-07-22T04:00:00Z,103.8,103.98,103.1,103.14,250845,3107,103.371
2019-07-23T04:00:00Z,103.3,103.55,102.87,103.31,260729,3239,103.296
2019-07-24T04:00:00Z,102.96,103.93,102.89,103.57,425005,3717,103.532
2019-07-25T04:00:00Z,103.57,103.76,102.55,102.62,285819,4002,102.948
2019-07-26T04:00:00Z,102.61,103.8,102.1,103.67,420391,4775,103.203
2019-07-29T04:00:00Z,103.56,104.06,102.2,102.63,368930,4406,102.789
2019-07-30T04:00:00Z,102.13,102.971,102.03,102.65,224750,3956,102.539
2019-07-31T04:00:00Z,102.59,103.74,101.9,102.38,527078,4471,102.779
2019-08-01T04:00:00Z,102.4,102.84,100.51,101.02,387579,3963,101.237
2019-08-02T04:00:00Z,100.84,101.62,100.65,100.85,271870,3472,100.991
2019-08-05T04:00:00Z,100,100.02,97.72,97.88,714077,6099,98.3396
2019-08-06T04:00:00Z,97.92,100.48,97.71,100.04,505884,5209,99.7044
2019-08-07T04:00:00Z,98.3,101.145,96.86,100.77,501985,5552,100.223
2019-08-08T04:00:00Z,101.37,103.43,101.37,103.27,552865,5492,103.052
2019-08-09T04:00:00Z,102.96,103.96,102.77,102.83,358732,4019,103.158
2019-08-12T04:00:00Z,102.28,102.89,101.23,101.49,127068,2215,101.942
2019-08-13T04:00:00Z,101.36,102.85,101.29,102.33,403827,3960,102.319
2019-08-14T04:00:00Z,100.95,101.68,98.29,98.58,419432,5429,99.1311
2019-08-15T04:00:00Z,98.98,99,98.07,98.26,673192,4254,98.3572
2019-08-16T04:00:00Z,98.93,100.55,98.89,99.7,430074,4721,99.8482
2019-08-19T04:00:00Z,101.01,101.06,100.192,100.56,513794,4578,100.571
2019-08-20T04:00:00Z,100.4,100.445,99.133,99.18,362281,3534,99.5382
2019-08-21T04:00:00Z,99.81,99.9,99.24,99.75,478814,4082,99.6441
2019-08-22T04:00:00Z,100.44,101.9,100.26,101.39,372986,4152,101.266
2019-08-23T04:00:00Z,101.12,102.11,99.48,99.93,403498,5823,100.44
2019-08-26T04:00:00Z,100.32,100.58,99.44,100.35,446039,4002,100.269
2019-08-27T04:00:00Z,100.87,101.04,99.43,100.06,595276,4841,100.053
2019-08-28T04:00:00Z,99.69,100.64,99.42,99.8,303334,4199,99.9162
2019-08-29T04:00:00Z,100.52,100.93,100.08,100.37,238495,2866,100.417
2019-08-30T04:00:00Z,100.97,101.6,100.6,100.97,253416,2909,101.013
2019-09-03T04:00:00Z,100.19,101.82,99.91,101.6,458862,4676,101.402
2019-09-04T04:00:00Z,102.66,102.742,101.68,102.44,295064,3309,102.363
2019-09-05T04:00:00Z,103.57,104.89,103,103.83,474877,5061,103.928
2019-09-06T04:00:00Z,103.67,104.2,102.97,103.8,401617,3807,103.744
2019-09-09T04:00:00Z,104.48,104.87,103.75,104.84,307340,3685,104.443
2019-09-10T04:00:00Z,104.96,104.96,103.895,104.17,508103,7391,104.16
2019-09-11T04:00:00Z,104.32,104.99,103.37,104.99,334922,4319,104.633
2019-09-12T04:00:00Z,105,106.38,104.51,106.31,470342,5973,105.974
2019-09-13T04:00:00Z,106.37,106.862,105.92,106.56,643436,4199,106.497
2019-09-16T04:00:00Z,105.91,108.17,105.62,108.08,604357,5294,107.724
2019-09-17T04:00:00Z,107.81,108.37,107.71,108.35,489290,4591,108.198
2019-09-18T04:00:00Z,108,109.55,107.07,109.25,507000,5244,109.032
2019-09-19T04:00:00Z,109.12,109.8,108.66,108.69,388937,3564,108.92
2019-09-20T04:00:00Z,108.78,109.07,107.63,107.76,1240252,6540,107.942
2019-09-23T04:00:00Z,107.09,107.59,106.855,107.1,369833,4328,107.214
2019-09-24T04:00:00Z,107.31,107.75,106.33,106.78,350792,4645,106.854
2019-09-25T04:00:00Z,106.8,107.61,106.35,107.54,388521,4385,107.418
2019-09-26T04:00:00Z,107.5,108.24,107.02,107.69,235398,2990,107.711
2019-09-27T04:00:00Z,108.2,108.2,106.51,106.99,276889,3400,107.021
2019-09-30T04:00:00Z,107.29,108.08,106.73,107.85,366038,3788,107.722
2019-10-01T04:00:00Z,108.09,108.64,105.44,105.47,399304,6414,106.519
2019-10-02T04:00:00Z,105.7,106.41,102.42,102.92,320799,4661,103.138
2019-10-03T04:00:00Z,102.53,103.225,102,102.89,363538,3938,102.807
2019-10-04T04:00:00Z,102.93,104.31,102.55,104.27,212830,3213,103.848
2019-10-07T04:00:00Z,103.96,103.985,103.06,103.06,439876,5242,103.214
2019-10-08T04:00:00Z,102.39,102.67,100.5,100.52,405266,5530,100.88
2019-10-09T04:00:00Z,101.26,101.78,100.32,101.22,398773,4623,101.16
2019-10-10T04:00:00Z,101.41,102.54,101.37,102.13,295761,4130,102.178
2019-10-11T04:00:00Z,102.55,103.93,102.35,102.79,476021,4216,102.968
2019-10-14T04:00:00Z,102.55,103.06,102.49,102.52,275636,3363,102.629
2019-10-15T04:00:00Z,102.75,103.435,102.4,102.46,261777,3891,102.658
2019-10-16T04:00:00Z,102.35,102.5,101.55,102.23,448808,4218,102.211
2019-10-17T04:00:00Z,102.74,103.63,102.39,103.58,510220,4064,103.425
2019-10-18T04:00:00Z,103.27,104.18,102.885,104.03,206745,2818,103.736
2019-10-21T04:00:00Z,104.89,105.18,104.43,104.72,283800,3035,104.764
2019-10-22T04:00:00Z,104.44,104.54,103.34,103.46,258728,4065,103.878
2019-10-23T04:00:00Z,103.52,104.99,103,103.55,167476,2485,103.454
2019-10-24T04:00:00Z,103.73,103.94,101.57,102.36,172004,2965,102.252
2019-10-25T04:00:00Z,102.08,102.33,101.44,102.21,186244,2779,102.105
2019-10-28T04:00:00Z,102.74,103.1,102.12,102.48,250070,3969,102.549
2019-10-29T04:00:00Z,102.28,103.43,102.25,103.37,377054,6004,103.181
2019-10-30T04:00:00Z,100.64,106.49,100,103.45,543979,7283,104.013
2019-10-31T04:00:00Z,103.08,104.2,102.01,104.04,399798,5244,103.672
2019-11-01T04:00:00Z,104.57,105.745,104.2,105.36,301637,4311,105.233
2019-11-04T05:00:00Z,105.55,105.915,103.84,104.5,441935,4965,104.795
2019-11-05T05:00:00Z,105.31,106.82,105.105,106.68,319172,4631,106.368
2019-11-06T05:00:00Z,106.62,107.995,106.21,107.83,383078,4606,107.584
2019-11-07T05:00:00Z,108,109.79,107.94,109.04,607041,7931,109.06
2019-11-08T05:00:00Z,108.67,110.65,108.36,110.52,492533,5633,110.165
2019-11-11T05:00:00Z,109.81,110.88,109.5,109.82,436085,5482,110.279
2019-11-12T05:00:00Z,109.69,110.6,109.39,110.32,301693,4223,110.212
2019-11-13T05:00:00Z,109.72,110.14,108.99,110.08,475385,5921,109.892
2019-11-14T05:00:00Z,108.14,108.54,107.79,108.53,321295,5118,108.303
2019-11-15T05:00:00Z,108.81,108.83,108.26,108.64,426401,5026,108.582
2019-11-18T05:00:00Z,108.53,108.53,107.79,108,416254,4467,108.039
2019-11-19T05:00:00Z,108.21,108.55,107.84,107.99,474271,5740,108.085
2019-11-20T05:00:00Z,107.76,108.89,107.33,108.83,483021,5325,108.632
2019-11-21T05:00:00Z,108.3,108.72,106.94,107.12,352553,4636,107.339
2019-11-22T05:00:00Z,107.49,107.895,106.53,107.46,864803,5579,107.439
2019-11-25T05:00:00Z,107.36,108.11,107.345,107.83,355732,3668,107.792
2019-11-26T05:00:00Z,108.2,110.28,107.94,110.12,1160389,5872,109.884
2019-11-27T05:00:00Z,110.62,110.69,109.59,110.61,316474,4704,110.422
2019-11-29T05:00:00Z,110.34,110.61,109.61,109.71,195043,2236,109.871
2019-12-02T05:00:00Z,110.11,110.11,108.87,109.2,666354,7646,109.271
2019-12-03T05:00:00Z,108.63,109.25,107.65,108.37,497571,6347,108.393
2019-12-04T05:00:00Z,108.47,109.82,108.35,109.33,377952,5094,109.33
2019-12-05T05:00:00Z,109.16,109.545,108.68,109.32,271531,3425,109.122
2019-12-06T05:00:00Z,110.41,110.8,110.01,110.41,367161,5029,110.439
2019-12-09T05:00:00Z,110.28,111.175,109.79,110.79,234778,3769,110.799
2019-12-10T05:00:00Z,110.69,111.135,110.23,110.75,355637,4012,110.774
2019-12-11T05:00:00Z,110.7,111.27,109.61,110.16,318575,4351,110.188
2019-12-12T05:00:00Z,110.41,111.855,110.18,110.87,424108,6534,110.939
2019-12-13T05:00:00Z,110.45,110.97,109.64,109.82,329991,4475,110.01
2019-12-16T05:00:00Z,110.46,111.28,110.08,110.83,714554,5465,110.835
2019-12-17T05:00:00Z,111.02,111.64,111.02,111.58,711794,6690,111.52
2019-12-18T05:00:00Z,111.59,111.605,110.4,110.73,424583,4909,110.751
2019-12-19T05:00:00Z,110.93,110.94,110.1,110.7,455033,3541,110.687
2019-12-20T05:00:00Z,111.44,111.74,110.34,110.6,1218578,6946,110.727
2019-12-23T05:00:00Z,110.63,110.71,109,109.41,533620,3385,109.442
2019-12-24T05:00:00Z,109.6,109.665,109.08,109.08,112569,1418,109.251
2019-12-26T05:00:00Z,109.27,109.69,108.91,109.29,121990,2427,109.273
2019-12-27T05:00:00Z,109.51,109.84,109.16,109.18,146461,2613,109.26
2019-12-30T05:00:00Z,109.29,109.57,108.88,109.46,286505,3567,109.399
2019-12-31T05:00:00Z,109.25,110.17,109.231,109.65,324357,3166,109.676
2020-01-02T05:00:00Z,110,111.16,109.51,111.16,576699,7565,110.467
2020-01-03T05:00:00Z,109.9,110.85,109.81,110.65,372587,6256,110.573
2020-01-06T05:00:00Z,109.94,110.38,109.48,109.77,345921,4677,109.81
2020-01-07T05:00:00Z,109.63,110.03,109.04,109.32,306956,5285,109.381
2020-01-08T05:00:00Z,109.69,110.16,109.17,109.52,313569,4295,109.572
2020-01-09T05:00:00Z,109.95,110.46,109.55,110.42,229224,3837,110.257
2020-01-10T05:00:00Z,110.59,110.77,109.43,109.68,334018,3720,109.727
2020-01-13T05:00:00Z,110.06,110.47,109.487,109.92,254858,4847,109.979
2020-01-14T05:00:00Z,109.32,110.435,108.935,110.07,415578,6083,110.026
2020-01-15T05:00:00Z,109.79,110.29,109.42,109.86,306753,3800,109.826
2020-01-16T05:00:00Z,110.19,111.21,110.19,110.69,341887,3752,110.618
2020-01-17T05:00:00Z,110.86,111.761,110.86,111.28,351229,3799,111.265
2020-01-21T05:00:00Z,111,111.47,110.68,110.71,597222,4663,110.78
2020-01-22T05:00:00Z,111.07,111.44,110.2,110.66,613856,3734,110.642
2020-01-23T05:00:00Z,109.9,110.58,109.17,110.24,376215,3903,110.18
2020-01-24T05:00:00Z,110.49,110.88,110.145,110.49,297394,5000,110.497
2020-01-27T05:00:00Z,108.87,109.65,108.48,108.53,447031,4515,108.758
2020-01-28T05:00:00Z,109.04,110.61,108.77,109.2,418432,5406,109.507
2020-01-29T05:00:00Z,109.57,109.873,108.81,108.92,448061,5553,109.232
2020-01-30T05:00:00Z,108.31,110.75,108.01,110.61,480528,5388,109.984
2020-01-31T05:00:00Z,110.27,110.38,108.72,108.79,457950,5682,108.971
2020-02-03T05:00:00Z,109.14,110.58,108.93,109.53,625400,7118,109.593
2020-02-04T05:00:00Z,109.08,111.9,109.08,110.09,717416,6043,110.394
2020-02-05T05:00:00Z,111.28,112.821,110.75,112.31,693907,8873,112.248
2020-02-06T05:00:00Z,112.72,113.13,111.97,112.05,486065,5319,112.22
2020-02-07T05:00:00Z,112.02,113.38,111.74,113.28,358096,4280,113.11
2020-02-10T05:00:00Z,113.26,113.26,112.32,112.94,464342,4298,112.842
2020-02-11T05:00:00Z,113.5,115.03,113.435,114.53,381559,5925,114.486
2020-02-12T05:00:00Z,114.87,114.87,113.26,113.34,392413,4787,113.567
2020-02-13T05:00:00Z,113.07,113.6,112.7,112.81,369810,4864,112.983
2020-02-14T05:00:00Z,112.89,113.8,112.44,112.81,299475,3899,112.811
2020-02-18T05:00:00Z,112.33,112.72,111.38,112.13,285433,3651,112.061
2020-02-19T05:00:00Z,112.39,112.72,111.81,112.15,477615,4495,112.265
2020-02-20T05:00:00Z,111.95,112.4,111.2,112.3,295559,5006,112.155
2020-02-21T05:00:00Z,111.75,111.92,109.68,110.34,567701,4684,110.325
2020-02-24T05:00:00Z,107.87,108.31,106.21,106.4,446157,5915,106.719
2020-02-25T05:00:00Z,106.49,106.765,101.74,101.81,389013,6639,102.771
2020-02-26T05:00:00Z,102.14,103.09,100.246,100.28,453803,6878,100.864
2020-02-27T05:00:00Z,97.7,100.18,97.11,97.19,665638,8604,98.1052
2020-02-28T05:00:00Z,95.08,95.82,91.07,92.42,946676,11459,92.7179
2020-03-02T05:00:00Z,93.28,97.4,92.36,97.4,1035933,13321,95.6306
2020-03-03T05:00:00Z,97.11,97.59,91.6,91.75,674977,10398,92.9104
2020-03-04T05:00:00Z,93.98,95.78,92.545,95.54,473681,6611,94.7492
2020-03-05T05:00:00Z,92.57,93.12,91.32,92.77,801278,10743,92.2224
2020-03-06T05:00:00Z,89.8,93.01,89.47,92.79,659871,10115,91.7954
2020-03-09T04:00:00Z,86.32,87.2,83.24,84.72,964621,12225,85.1973
2020-03-10T04:00:00Z,88.44,88.58,83.275,86.91,658933,9746,86.1177
2020-03-11T04:00:00Z,84.13,85.615,82.41,83.31,765461,12420,83.5897
2020-03-12T04:00:00Z,74.99,78.58,71.92,71.92,897305,11907,74.336
2020-03-13T04:00:00Z,75.77,76.33,69.05,76.24,816140,10652,74.3733
2020-03-16T04:00:00Z,68,68.35,55.41,56.2,876289,10950,60.9536
2020-03-17T04:00:00Z,58.03,60.88,54.05,60.78,1165236,14297,58.0507
2020-03-18T04:00:00Z,56.42,58.31,44.01,46.98,1034117,13143,49.0504
2020-03-19T04:00:00Z,47.3,53.56,45.03,52.51,894072,9923,50.5113
2020-03-20T04:00:00Z,52.52,54.34,50.37,51.16,1154254,11583,51.8732
2020-03-23T04:00:00Z,49.74,50.54,45.07,48.75,1148905,13574,48.3495
2020-03-24T04:00:00Z,51.92,59.13,48.9288,59.13,893234,12237,57.5742
2020-03-25T04:00:00Z,59.63,74.5,59.63,71.07,2631223,19671,70.1212
2020-03-26T04:00:00Z,70.33,72.4,64.59,71.94,1328781,16415,70.78
2020-03-27T04:00:00Z,68.97,73.52,68.315,71.01,763159,8952,71.1212
2020-03-30T04:00:00Z,70.81,71.85,66.74,71.56,703266,10729,70.3839
2020-03-31T04:00:00Z,70.66,70.96,68.24,70.08,828643,9811,70.1326
2020-04-01T04:00:00Z,67.57,68.925,64.61,65.11,906020,8942,65.7877
2020-04-02T04:00:00Z,64.54,68.98,64.32,66.35,851336,8215,66.7589
2020-04-03T04:00:00Z,65.3,66.78,62.66,64.09,683519,8812,64.5158
2020-04-06T04:00:00Z,68.09,69.875,67.1526,69.06,697048,11401,68.8219
2020-04-07T04:00:00Z,73.12,76.05,71.675,72.13,609901,8346,72.9781
2020-04-08T04:00:00Z,72.34,77.28,71.08,76.63,576500,7636,75.3941
2020-04-09T04:00:00Z,79.5,81.73,78.43,80.49,521749,8671,80.3789
2020-04-13T04:00:00Z,80.79,80.79,76.16,77.65,494056,5457,77.6062
2020-04-14T04:00:00Z,78.82,79.66,75.01,75.78,533120,7686,76.225
2020-04-15T04:00:00Z,72.17,73.16,69.95,70.21,672227,8565,70.6191
2020-04-16T04:00:00Z,68.33,69.88,64.42,66.81,1069789,11919,66.7447
2020-04-17T04:00:00Z,67.26,71.74,67.02,71.36,762027,8652,70.8135
2020-04-20T04:00:00Z,69.01,69.7,66.38,67.16,987159,8474,67.5966
2020-04-21T04:00:00Z,64.5,65.8,62.66,62.8,805280,8744,63.4739
2020-04-22T04:00:00Z,65.47,65.71,62.23,62.28,954488,8404,62.7872
2020-04-23T04:00:00Z,62.93,63.93,60.92,60.97,532534,8055,61.7407
2020-04-24T04:00:00Z,62.39,62.47,60.16,61.65,490047,7417,61.523
2020-04-27T04:00:00Z,62.22,65.12,62.22,64.51,650853,6202,64.3238
2020-04-28T04:00:00Z,66.94,68.24,65.98,67.13,711457,9041,67.31
2020-04-29T04:00:00Z,70.64,70.8,69.2,70.3,522504,7584,70.1503
2020-04-30T04:00:00Z,68.5,69.77,66.15,66.24,605629,7962,66.8573
2020-05-01T04:00:00Z,63.65,64.28,60.7801,62.02,662745,8738,61.9306
2020-05-04T04:00:00Z,60.98,61.83,59.455,61.66,739183,7483,61.4282
2020-05-05T04:00:00Z,63.02,64.13,61.02,61.12,685768,10717,61.9788
2020-05-06T04:00:00Z,61.67,61.67,58.48,58.5,563228,8908,59.1848
2020-05-07T04:00:00Z,59.43,62.62,59.4,62.28,918713,12055,62.0224
2020-05-08T04:00:00Z,64.22,65.81,63.62,65.74,673037,8970,65.2043
2020-05-11T04:00:00Z,64.38,65.44,62.14,63.54,899408,7969,63.6194
2020-05-12T04:00:00Z,64.41,65.2285,58.03,59.85,1552252,18002,59.6198
2020-05-13T04:00:00Z,58.99,59.58,54.34,54.57,1074654,13437,55.497
2020-05-14T04:00:00Z,54.37,55.81,51.55,55.3,989818,14079,54.7145
2020-05-15T04:00:00Z,54.77,54.795,52.295,54.44,2338605,13993,54.1033
2020-05-18T04:00:00Z,58.58,59.22,56.71,58.01,809837,9228,58.038
2020-05-19T04:00:00Z,57.36,57.52,55.86,55.88,628539,8287,56.3517
2020-05-20T04:00:00Z,56.6,58.355,56.19,58.08,715213,9861,57.7886
2020-05-21T04:00:00Z,58.09,60.67,57.8595,60.51,1035576,10789,60.2685
2020-05-22T04:00:00Z,60.5,60.59,58.57,59.81,935375,11406,59.5842
2020-05-26T04:00:00Z,63.43,65.13,62.14,64.14,943846,13783,64.3462
2020-05-27T04:00:00Z,65.63,67.79,65.12,67.01,1215233,20130,66.7629
2020-05-28T04:00:00Z,67.7,67.705,63.22,63.66,2721519,18141,63.9427
2020-05-29T04:00:00Z,62.73,62.73,59.78,60.24,5329306,21061,60.2997
2020-06-01T04:00:00Z,60.62,61.73,59.19,60.32,1042335,13884,60.5706
2020-06-02T04:00:00Z,61.04,61.89,60.44,61.61,1531256,16909,61.3038
2020-06-03T04:00:00Z,63.84,66.81,63.21,65,934745,10064,65.2252
2020-06-04T04:00:00Z,64.65,66.23,62.75,65.9,1229059,13548,65.2759
2020-06-05T04:00:00Z,69.88,73.21,69.48,71.53,945167,14174,71.7172
2020-06-08T04:00:00Z,72.72,74.95,72.02,74.89,731544,12167,74.1997
2020-06-09T04:00:00Z,72.12,73.04,70.63,71.44,855452,12150,71.5369
2020-06-10T04:00:00Z,70.58,70.58,66.38,66.63,713363,11694,67.7562
2020-06-11T04:00:00Z,61.47,64.28,60.04,60.33,788890,11290,61.3351
2020-06-12T04:00:00Z,64.39,64.83,60.53,62.33,906658,11672,62.4847
2020-06-15T04:00:00Z,58.57,64.92,58.57,64.28,958736,13349,63.5205
2020-06-16T04:00:00Z,68.04,68.39,64.86,65.5,739586,10735,66.0372
2020-06-17T04:00:00Z,65.46,66.65,64.06,64.11,728801,8750,64.7634
2020-06-18T04:00:00Z,63.1,65.82,63.1,65.1,745631,8521,65.1587
2020-06-19T04:00:00Z,66.07,66.67,62.93,63.33,3135181,16001,63.6085
2020-06-22T04:00:00Z,62.58,63.9,61.54,63.3,620337,7684,63.2075
2020-06-23T04:00:00Z,64.65,65.23,63.11,63.33,561772,8493,63.5624
2020-06-24T04:00:00Z,61.98,62.32,59.85,60.34,440242,6773,60.614
2020-06-25T04:00:00Z,59.54,62.29,59.19,61.92,800990,9528,61.527
2020-06-26T04:00:00Z,60.68,61,58.4,58.73,1127301,9398,58.8442
2020-06-29T04:00:00Z,59.87,61.63,58.81,61.34,904609,9463,61.1114
2020-06-30T04:00:00Z,61.11,63.65,61.11,63.46,1072363,11296,62.8213
2020-07-01T04:00:00Z,63.28,63.75,60.55,60.78,547275,8711,61.1973
2020-07-02T04:00:00Z,62.51,63.68,59.54,59.6,822952,8274,60.0408
2020-07-06T04:00:00Z,61.64,62.42,60.46,61.06,418252,5699,61.0989
2020-07-07T04:00:00Z,60.06,60.36,57.84,57.94,688138,8083,58.4885
2020-07-08T04:00:00Z,58.36,61.25,58.23,60.14,532652,8172,60.074
2020-07-09T04:00:00Z,59.65,60.25,56.73,56.83,454404,7396,57.2317
2020-07-10T04:00:00Z,56.88,59.42,56.88,59.25,437024,5638,58.7949
2020-07-13T04:00:00Z,59.82,60.28,58.38,59.17,423865,6988,59.3931
2020-07-14T04:00:00Z,58.65,60.7099,58.41,60.11,452466,5617,59.8198
2020-07-15T04:00:00Z,61.91,62.65,60.77,62.28,402058,6772,61.9193
2020-07-16T04:00:00Z,61.67,64.56,61.67,63.33,449295,5220,63.4753
2020-07-17T04:00:00Z,63.5,63.55,61.88,61.96,1039716,6842,62.0653
2020-07-20T04:00:00Z,61.61,62.325,59.56,60.24,903777,5810,60.3011
2020-07-21T04:00:00Z,60.83,62.684,60.83,61.86,989783,7015,61.92
2020-07-22T04:00:00Z,61.07,63.03,60.69,62.74,694182,4218,62.4986
2020-07-23T04:00:00Z,62.33,63.25,62.1,63.12,379013,5476,62.884
2020-07-24T04:00:00Z,63.42,63.615,61.76,61.9,222788,2832,62.1299
2020-07-27T04:00:00Z,61.12,61.29,59.57,59.99,318610,4492,60.1424
2020-07-28T04:00:00Z,59.65,60.7,59.4,59.67,299279,4023,59.8399
2020-07-29T04:00:00Z,59.93,62.16,59.46,61.93,449260,5544,61.3142
2020-07-30T04:00:00Z,60.01,60.86,58.86,60.8,469956,5865,60.4001
2020-07-31T04:00:00Z,60.69,61.03,59.89,60.77,483924,5371,60.6703
2020-08-03T04:00:00Z,60.79,62.88,60.72,61.89,414906,5323,62.0487
2020-08-04T04:00:00Z,61.89,62.07,60.88,61.33,440726,5232,61.2856
2020-08-05T04:00:00Z,62.08,64.8,61.0247,62.49,676865,6857,62.6173
2020-08-06T04:00:00Z,62.83,63.6604,62.4,62.88,465074,5672,63.0248
2020-08-07T04:00:00Z,62.52,65.98,62.52,65.92,414762,5861,65.2062
2020-08-10T04:00:00Z,66.1,68.67,66.1,68.1,605673,8030,68.0184
2020-08-11T04:00:00Z,70.63,72.37,68.86,69.63,889910,7501,69.7841
2020-08-12T04:00:00Z,70.86,70.86,67.46,68.2,353960,5030,68.4854
2020-08-13T04:00:00Z,68.5,68.5,66.87,67.61,421245,5736,67.6153
2020-08-14T04:00:00Z,66.77,68.52,66.76,67.61,418504,4468,67.7779
2020-08-17T04:00:00Z,67.36,67.71,65.5,65.53,367901,4583,65.8391
2020-08-18T04:00:00Z,65.9,66.67,65.7,65.98,386222,4843,66.1462
2020-08-19T04:00:00Z,66.48,67.52,65.7601,66.14,368609,5294,66.3581
2020-08-20T04:00:00Z,65.16,66.39,65.03,65.83,353903,5458,65.9191
2020-08-21T04:00:00Z,65.64,66.37,64.96,65,540545,5814,65.1386
2020-08-24T04:00:00Z,65.51,67.39,65.1,67.36,437250,6257,66.7266
2020-08-25T04:00:00Z,68.39,68.89,66.75,67.51,408109,6094,67.4712
2020-08-26T04:00:00Z,67.37,67.37,65.77,66.18,428655,5465,66.2818
2020-08-27T04:00:00Z,66.46,68.9,66.46,67.42,281375,4906,67.7406
2020-08-28T04:00:00Z,68.25,68.37,67.345,68.12,376993,5018,67.9291
2020-08-31T04:00:00Z,67.83,68.48,65.93,66.85,582701,6521,66.8904
2020-09-01T04:00:00Z,66.14,67.87,65.66,66.58,426295,6051,66.7564
2020-09-02T04:00:00Z,66.77,67.695,66.45,67.18,408553,5936,67.2407
2020-09-03T04:00:00Z,67.84,69.81,66.65,67.13,480477,6267,67.3894
2020-09-04T04:00:00Z,69.27,70.18,67.21,68.63,638125,8549,68.7854
2020-09-08T04:00:00Z,67.56,68.04,65.48,66.17,637955,9964,66.2704
2020-09-09T04:00:00Z,66.91,68.5794,66.26,67.75,762679,9552,67.7327
2020-09-10T04:00:00Z,67.89,68.96,67.08,67.15,760548,11031,67.5841
2020-09-11T04:00:00Z,67.07,68.42,66.7,67.86,700007,7232,67.7594
2020-09-14T04:00:00Z,68.54,69.42,68.18,68.6,543291,8072,68.7793
2020-09-15T04:00:00Z,68.75,68.93,66.575,66.75,505266,7304,67.5307
2020-09-16T04:00:00Z,66.94,69.19,66.89,67.99,655377,6989,68.1152
2020-09-17T04:00:00Z,67,67.7,66.455,66.92,1378746,9314,66.892
2020-09-18T04:00:00Z,67.05,67.94,66.37,67.11,2095081,7051,67.1371
2020-09-21T04:00:00Z,65.07,66.43,63.975,65.42,922379,9827,65.1649
2020-09-22T04:00:00Z,65.35,66.92,65.22,65.77,824876,8289,65.7849
2020-09-23T04:00:00Z,65.89,67.11,63.68,63.72,649838,6809,64.7117
2020-09-24T04:00:00Z,63.65,65.09,62.3,63.77,548057,8277,63.8228
2020-09-25T04:00:00Z,62.9,64.91,62.74,64.61,447999,6762,64.3755
2020-09-28T04:00:00Z,65.94,67.54,65.85,66.76,644771,7022,66.8855
2020-09-29T04:00:00Z,66.7,66.7,64.75,66.15,600994,7809,65.9673
2020-09-30T04:00:00Z,67,67.93,66.25,66.98,518451,6731,67.0226
2020-10-01T04:00:00Z,67.5,69.62,67.5,68.95,653250,7502,68.8502
2020-10-02T04:00:00Z,67.15,70.18,67.15,69.73,461410,6787,69.4261
2020-10-05T04:00:00Z,70.88,71.62,70.27,70.6,492096,7477,70.7402
2020-10-06T04:00:00Z,71.59,72.75,70.12,70.6,601062,7275,71.0699
2020-10-07T04:00:00Z,71.45,72.1599,70.36,71.6,360395,5668,71.4021
2020-10-08T04:00:00Z,72.16,73.11,71.8,72.94,313513,5080,72.6962
2020-10-09T04:00:00Z,73.8,74.29,72.8,73.4,563872,8491,73.5237
2020-10-12T04:00:00Z,73.15,75.88,73.15,75.65,773101,9497,75.0935
2020-10-13T04:00:00Z,74.86,75.63,71.35,71.39,775789,10772,72.7286
2020-10-14T04:00:00Z,70.39,72.21,70.07,70.16,482797,7330,70.8501
2020-10-15T04:00:00Z,69.19,72.07,69.12,71.71,330503,5505,71.2662
2020-10-16T04:00:00Z,71.7,72.12,70.94,71.17,357804,5242,71.357
2020-10-19T04:00:00Z,71.82,72.73,70.67,70.79,707736,6117,71.0757
2020-10-20T04:00:00Z,71.87,72.87,71.4,72.06,304766,5285,72.1498
2020-10-21T04:00:00Z,71.56,74.07,71.29,73.73,672910,6580,73.4853
2020-10-22T04:00:00Z,73.5,75.72,72.74,75.72,519299,7793,75.2833
2020-10-23T04:00:00Z,76.56,76.75,74.74,75.81,484039,6909,75.7784
2020-10-26T04:00:00Z,74.6,74.6,72.31,73.16,458365,6436,73.0741
2020-10-27T04:00:00Z,73.23,76,73.115,74,682384,9360,74.5455
2020-10-28T04:00:00Z,72.92,74.53,72.09,73.59,645960,8305,73.622
2020-10-29T04:00:00Z,73.05,75.575,71.8,74.38,784199,9415,74.3725
2020-10-30T04:00:00Z,73.89,75.315,73.89,74.94,623295,6766,74.6591
2020-11-02T05:00:00Z,75.5,77.32,75.1,77.07,694262,11033,76.7079
2020-11-03T05:00:00Z,78.55,79.41,77.04,77.47,541655,7310,78.039
2020-11-04T05:00:00Z,75.76,78.1,74.7,76.26,741728,9821,76.8615
2020-11-05T05:00:00Z,76.45,78.82,76.14,78.03,433041,4906,77.9049
2020-11-06T05:00:00Z,78.43,78.65,77.0475,77.47,482681,6911,77.6568
2020-11-09T05:00:00Z,85.27,86.445,83.46,84.14,651100,7147,84.6865
2020-11-10T05:00:00Z,84.57,87.21,84.02,86.96,688004,9346,85.6252
2020-11-11T05:00:00Z,87.12,87.12,85.66,86.77,432772,5730,86.5847
2020-11-12T05:00:00Z,85.77,85.81,82.51,83.21,458573,5965,83.8103
2020-11-13T05:00:00Z,84.49,86.46,83.96,86.27,441540,5523,85.6817
2020-11-16T05:00:00Z,89.6,89.64,87.18,88.8,541466,6333,88.5892
2020-11-17T05:00:00Z,87.11,89.6,86.66,89.58,488354,7500,88.8611
2020-11-18T05:00:00Z,89.68,91.38,88.87,88.99,430519,6647,89.7343
2020-11-19T05:00:00Z,88.17,89.23,87.09,89.02,276562,5185,88.6858
2020-11-20T05:00:00Z,88.67,90.29,87.75,89.73,482567,7019,89.3128
2020-11-23T05:00:00Z,91.1,92.06,90.2,91.83,363321,5815,91.5161
2020-11-24T05:00:00Z,93.94,94.86,92.22,94.76,444835,7215,94.3683
2020-11-25T05:00:00Z,93.65,94.12,92.11,93.27,278102,5638,93.0724
2020-11-27T05:00:00Z,93,94,92.5,93.13,186082,3999,93.1252
2020-11-30T05:00:00Z,91.81,93.095,89.41,89.41,1259004,9154,89.9104
2020-12-01T05:00:00Z,91.59,92.34,89.95,90.18,461653,7821,90.4533
2020-12-02T05:00:00Z,89.71,90.44,88.95,90.15,511204,6984,89.868
2020-12-03T05:00:00Z,90.14,90.41,88.73,89.08,406752,7444,89.3939
2020-12-04T05:00:00Z,89.74,91.48,89.13,91.2,376079,5747,90.8552
2020-12-07T05:00:00Z,90.45,90.9794,86.97,87.43,721418,9389,87.9246
2020-12-08T05:00:00Z,86.49,89.78,86.13,89.23,450883,6535,89.1375
2020-12-09T05:00:00Z,89.66,89.67,87.66,88.79,266389,5410,88.6352
2020-12-10T05:00:00Z,88.8,90.11,87.558,89.92,850117,6524,89.7164
2020-12-11T05:00:00Z,88.72,89.8,87.24,88.06,286844,5773,88.0915
2020-12-14T05:00:00Z,89.75,89.75,86.5,86.85,367480,6949,87.0728
2020-12-15T05:00:00Z,87.94,88.2,85.645,88.16,567462,7614,87.5314
2020-12-16T05:00:00Z,88.96,88.96,86.865,87.09,586049,7209,87.2172
2020-12-17T05:00:00Z,87.4,87.58,85.665,87.08,742673,8661,86.8496
2020-12-18T05:00:00Z,85.95,86.24,84.56,85.41,1499351,7921,85.3601
2020-12-21T05:00:00Z,85.28,85.28,82.61,84.89,497318,5756,84.625
2020-12-22T05:00:00Z,84.82,85.37,84.43,84.64,536270,5263,84.7252
2020-12-23T05:00:00Z,85.39,86.88,85.39,86.45,1174432,5569,86.4433
2020-12-24T05:00:00Z,86.85,87.59,86,87.57,130290,1939,87.1256
2020-12-28T05:00:00Z,88.11,88.24,86.445,86.75,271537,3666,87.0547
2020-12-29T05:00:00Z,87.03,87.64,85.7675,85.82,1017792,4575,86.0656
2020-12-30T05:00:00Z,85.93,88.745,85.93,87.37,307235,4855,87.4659
2020-12-31T05:00:00Z,87.13,88.015,86.41,87.62,446974,4959,87.5765
2021-01-04T05:00:00Z,88.54,88.64,84.39,85.16,417863,5317,85.4596
2021-01-05T05:00:00Z,85.42,86.32,84.05,86.17,428472,4758,85.849
2021-01-06T05:00:00Z,88.18,92.37,88.18,91.98,529655,6313,91.6247
2021-01-07T05:00:00Z,91.98,92.42,91.3116,91.64,457786,5425,91.7691
2021-01-08T05:00:00Z,92.44,92.5,89.27,91.06,307568,5047,90.9934
2021-01-11T05:00:00Z,89.88,91.64,89.88,90.14,311881,3716,90.2217
2021-01-12T05:00:00Z,90.81,91.4234,90.13,90.51,687440,8789,90.7231
2021-01-13T05:00:00Z,90.28,90.64,89.055,89.24,575555,5921,89.4886
2021-01-14T05:00:00Z,89.35,89.7,88.2558,89.06,451387,5605,89.118
2021-01-15T05:00:00Z,87.77,88.0981,86.46,87.7,333786,4700,87.505
2021-01-19T05:00:00Z,88.33,88.33,86.9,87.82,305744,5842,87.7239
2021-01-20T05:00:00Z,88.04,89.47,87.4931,89.38,833477,5126,89.0909
2021-01-21T05:00:00Z,89.45,89.89,86.2,86.22,646539,5519,87.3839
2021-01-22T05:00:00Z,85.4,85.7,84.42,84.84,267157,4754,84.9757
2021-01-25T05:00:00Z,84.49,86.07,84.02,86.03,605159,8143,85.4378
2021-01-26T05:00:00Z,86.8,86.97,84,84.04,407677,5186,84.6939
2021-01-27T05:00:00Z,83,83.84,79.21,79.44,805915,8796,80.5187
2021-01-28T05:00:00Z,87.16,94.27,87.16,93.62,2416083,21087,92.4713
2021-01-29T05:00:00Z,92,94.44,90.73,94.14,1635861,13603,93.6601
2021-02-01T05:00:00Z,94.4,94.69,92.22,92.23,1021682,11815,92.9714
2021-02-02T05:00:00Z,92.78,94.07,90.26,93.44,645321,8425,92.9771
2021-02-03T05:00:00Z,92.7,93.74,91.615,93.43,474460,6106,92.9925
2021-02-04T05:00:00Z,93.83,99.51,92.32,96.4,1060181,12416,96.7757
2021-02-05T05:00:00Z,96.39,100.575,95.235,100.15,1319810,13062,99.5899
2021-02-08T05:00:00Z,100.52,103.36,100.51,103.04,955049,10628,102.557
2021-02-09T05:00:00Z,102.83,105.09,102.25,104.34,537053,7458,104.195
2021-02-10T05:00:00Z,104.89,107.42,103.97,106.44,1096127,9844,106.413
2021-02-11T05:00:00Z,106.16,108.3,106,108.03,602845,7441,107.626
2021-02-12T05:00:00Z,108,108.74,107.56,108.04,637318,9095,108.166
2021-02-16T05:00:00Z,108.64,108.7,107.41,108.17,541521,7355,108.102
2021-02-17T05:00:00Z,106.96,108.485,106.96,107.92,487539,6798,107.828
2021-02-18T05:00:00Z,107.01,107.715,105.81,106.76,434893,5916,106.717
2021-02-19T05:00:00Z,107.78,108.02,106.83,107.49,452928,5784,107.543
2021-02-22T05:00:00Z,107.45,111.08,107.1,110.44,607777,7206,110.179
2021-02-23T05:00:00Z,110.62,111.95,110.32,111.43,492631,9541,111.238
2021-02-24T05:00:00Z,111.43,114.6,111.43,112.53,810614,11393,113.109
2021-02-25T05:00:00Z,112.88,113.56,108.58,108.62,915299,10821,110.513
2021-02-26T05:00:00Z,108.64,109.75,106.49,106.7,1568919,16286,107.513
2021-03-01T05:00:00Z,108.35,111.97,108.35,109.24,820381,10768,109.864
2021-03-02T05:00:00Z,109.26,111.14,108.76,110.04,589856,7298,110.09
2021-03-03T05:00:00Z,110.04,111.83,109.91,110.12,424884,7398,110.664
2021-03-04T05:00:00Z,109.92,110.97,108.03,109.18,576700,8426,109.358
2021-03-05T05:00:00Z,110.9,113.8,109.86,113.42,572133,9185,112.42
2021-03-08T05:00:00Z,113.5,117.05,113.38,115.02,502236,7362,115.178
2021-03-09T05:00:00Z,113.64,116.21,111.68,114.12,647616,9241,114.424
2021-03-10T05:00:00Z,114.05,116.88,113.66,116.57,527162,5989,115.981
2021-03-11T05:00:00Z,116.31,117.22,115.81,115.81,493622,5852,116.211
2021-03-12T05:00:00Z,117.29,118.11,116.29,117.77,440189,6720,117.697
2021-03-15T04:00:00Z,117.38,118.25,116.07,117.73,655171,10500,117.326
2021-03-16T04:00:00Z,117.19,118.17,116.1,116.71,685854,10641,116.745
2021-03-17T04:00:00Z,117.53,118.73,116.335,118.42,762593,9534,117.951
2021-03-18T04:00:00Z,119.32,120.63,118.04,118.5,822143,11859,118.92
2021-03-19T04:00:00Z,118.5,118.5,115.84,116.28,2981153,10359,116.447
2021-03-22T04:00:00Z,115.92,116,113.55,114.41,665809,8143,114.399
2021-03-23T04:00:00Z,113.15,114.83,112.9,113.53,714605,7489,113.779
2021-03-24T04:00:00Z,114.54,116.58,113.79,114.47,430853,7153,114.942
2021-03-25T04:00:00Z,114.29,117.34,113.04,116.74,379466,7515,115.904
2021-03-26T04:00:00Z,117.76,118.529,114.99,116.15,416486,7071,116.065
2021-03-29T04:00:00Z,114.79,116.55,113.77,114.72,537716,6771,114.914
2021-03-30T04:00:00Z,115.12,116.99,115.03,116.39,377691,5864,116.07
2021-03-31T04:00:00Z,116.3,116.73,114.09,114.1,592062,5776,114.619
2021-04-01T04:00:00Z,113.45,114.73,113.44,113.94,521036,7903,114.04
2021-04-05T04:00:00Z,114.89,116.14,114.44,115.11,290829,5801,115.02
2021-04-06T04:00:00Z,115.29,116.13,115,115.75,650455,7458,115.679
2021-04-07T04:00:00Z,115.75,116.75,115.282,116.42,309633,5676,116.165
2021-04-08T04:00:00Z,115.74,117.39,115,117.24,351156,5633,116.728
2021-04-09T04:00:00Z,118.05,118.53,117.68,118.24,296715,5348,118.184
2021-04-12T04:00:00Z,118.06,119.43,117.33,119.39,466116,7155,118.972
2021-04-13T04:00:00Z,118.8,118.99,117.56,118.4,209377,4685,118.472
2021-04-14T04:00:00Z,118.21,119.721,118.16,119.07,230285,4712,119.098
2021-04-15T04:00:00Z,119.06,119.2,118.01,118.8,236148,4841,118.682
2021-04-16T04:00:00Z,119.66,119.89,118.81,119.42,309449,5060,119.441
2021-04-19T04:00:00Z,119.84,119.84,119.38,119.38,2652,1,119.84
2021-04-20T04:00:00Z,118.99,119.77,117.85,119.34,371051,6697,118.815
2021-04-21T04:00:00Z,119.15,122.49,119.12,122.14,351707,5973,121.814
2021-04-22T04:00:00Z,121.95,121.95,120.63,121.17,217853,3829,121.283
2021-04-23T04:00:00Z,121.55,124.135,121.55,123.78,284518,4359,123.621
2021-04-26T04:00:00Z,124.69,125.365,122.62,122.75,359294,5368,123.381
2021-04-27T04:00:00Z,122.45,124.18,122.25,124.08,295454,4657,123.785
2021-04-28T04:00:00Z,124.57,124.88,122.14,122.56,297069,4749,122.79
2021-04-29T04:00:00Z,123.29,124.32,122.62,123.17,284987,5056,123.191
2021-04-30T04:00:00Z,122.77,123.66,121.82,122.86,636282,5894,122.863
2021-05-03T04:00:00Z,124.5,125.02,122.6,124.04,348771,4879,124.067
2021-05-04T04:00:00Z,123.47,124.67,122.46,124.55,308466,5455,124.246
2021-05-05T04:00:00Z,123.89,126.09,122.863,125.16,455757,8283,124.902
2021-05-06T04:00:00Z,126.09,128.23,125.67,128.22,376390,7150,127.042
2021-05-07T04:00:00Z,126.95,128.87,126.17,128.7,282338,6152,128.226
2021-05-10T04:00:00Z,129.68,130.57,127.68,127.83,324295,5671,128.831
2021-05-11T04:00:00Z,126.85,127.31,125.53,126.58,433179,6829,126.407
2021-05-12T04:00:00Z,127.14,127.14,125.98,126.01,411869,6417,126.229
2021-05-13T04:00:00Z,125.47,129.63,125.47,129.1,457278,7851,128.973
2021-05-14T04:00:00Z,129.16,130.3,128.41,130.17,446656,6706,129.624
2021-05-17T04:00:00Z,129.6,130.1,128.795,129.53,478032,7272,129.471
2021-05-18T04:00:00Z,129.13,130.665,129.09,129.38,471643,7560,129.793
2021-05-19T04:00:00Z,128.58,130.02,127.11,130,476615,7537,129.081
2021-05-20T04:00:00Z,129.99,132.155,129.14,131.68,966994,12113,131.063
2021-05-21T04:00:00Z,132.22,133.605,130.09,130.89,907267,10807,131.082
2021-05-24T04:00:00Z,131.69,132.22,130.65,131.74,420231,6553,131.598
2021-05-25T04:00:00Z,131.39,132.15,129.56,129.75,513963,7369,130.37
2021-05-26T04:00:00Z,129.81,130.66,128.381,130.26,588959,11082,130.159
2021-05-27T04:00:00Z,131.24,132.82,130.135,132.71,752088,9949,131.969
2021-05-28T04:00:00Z,133.07,133.979,131.395,133.06,440448,7684,132.924
2021-06-01T04:00:00Z,135,136.39,133.59,134.64,971909,13422,134.757
2021-06-02T04:00:00Z,136,136.63,134.7,136.48,1261797,14653,135.907
2021-06-03T04:00:00Z,137.26,138.26,135.01,138.1,1268939,14084,137.397
2021-06-04T04:00:00Z,138.58,141.25,137.71,140.29,2116757,20199,139.653
2021-06-07T04:00:00Z,126,126,119.22,119.77,2273847,29258,120.578
2021-06-08T04:00:00Z,119.05,123.58,117.57,123.55,1616692,18975,121.592
2021-06-09T04:00:00Z,123.04,124.48,122.005,124.01,1114087,14574,123.604
2021-06-10T04:00:00Z,125.4,125.85,124.04,124.1,991839,12041,124.503
2021-06-11T04:00:00Z,124.81,125.56,123.65,124.89,816583,10453,124.821
2021-06-14T04:00:00Z,124.53,125.19,123.211,123.79,464680,7070,123.889
2021-06-15T04:00:00Z,123.95,125.95,122.41,125.07,654084,10799,124.53
2021-06-16T04:00:00Z,124.43,127.79,124.24,126.6,1236079,18544,126.456
2021-06-17T04:00:00Z,126.45,127.13,120.722,121.88,878198,12418,122.444
2021-06-18T04:00:00Z,120.16,121.665,119.63,120.99,1795557,11766,120.881
2021-06-21T04:00:00Z,122.12,123.99,121.56,123.81,725717,9124,123.403
2021-06-22T04:00:00Z,123.21,124.04,122.315,123.91,608485,7382,123.651
2021-06-23T04:00:00Z,124.19,125.09,123.51,124.33,350044,6029,124.446
2021-06-24T04:00:00Z,124.34,125.67,123.86,125.52,373900,6260,125.231
2021-06-25T04:00:00Z,125.52,127.18,125.029,126.9,1059073,7441,126.794
2021-06-28T04:00:00Z,126.65,126.76,123.84,124.18,465549,8165,124.543
2021-06-29T04:00:00Z,124.75,125.07,122.975,123.33,600120,10818,123.686
2021-06-30T04:00:00Z,123.31,124.88,122.39,124.72,602570,8862,124.375
2021-07-01T04:00:00Z,125.6,126.02,123.96,125.36,421260,7054,125.424
2021-07-02T04:00:00Z,125.54,125.99,122.51,123.13,659684,8377,123.329
2021-07-06T04:00:00Z,122.42,122.795,120.755,121.58,415392,7263,121.561
2021-07-07T04:00:00Z,120.19,122.16,120.04,121.56,400880,5914,121.551
2021-07-08T04:00:00Z,120,121,119.07,120,440566,7933,119.842
2021-07-09T04:00:00Z,122.28,123.6,121.71,123.43,430980,6113,123.178
2021-07-12T04:00:00Z,123.08,125.26,122.75,125.08,490175,7926,124.791
2021-07-13T04:00:00Z,124.92,125.25,123.37,123.74,474578,6882,123.89
2021-07-14T04:00:00Z,123.47,125,123.034,123.38,457191,6149,123.61
2021-07-15T04:00:00Z,122.34,125.6,122.34,125.49,518300,7564,124.928
2021-07-16T04:00:00Z,125.58,127.58,125.58,126.61,497790,7961,126.742
2021-07-19T04:00:00Z,124.24,125,122.65,123.32,514681,7345,123.348
2021-07-20T04:00:00Z,123.69,128.37,123.44,127.39,510870,7602,127.134
2021-07-21T04:00:00Z,128.47,130.885,128.2,129.6,295157,5925,129.732
2021-07-22T04:00:00Z,129.2,129.8,127.7,127.82,346028,5772,128.047
2021-07-23T04:00:00Z,126.78,127.36,124.93,125.91,321678,6439,126.006
2021-07-26T04:00:00Z,125.88,127.325,125.15,126.59,265101,5508,126.501
2021-07-27T04:00:00Z,125.16,126.5,124.462,125.66,270081,4807,125.695
2021-07-28T04:00:00Z,126.15,126.5,123.455,124.71,363475,6296,124.988
2021-07-29T04:00:00Z,125.85,127.54,125.02,126.94,286582,5556,126.9
2021-07-30T04:00:00Z,126.35,127.67,126.17,126.49,404162,5318,126.633
2021-08-02T04:00:00Z,127.52,129.27,126.24,126.32,341796,7714,126.884
2021-08-03T04:00:00Z,127.23,128.12,125.61,127.81,410061,7293,127.461
2021-08-04T04:00:00Z,126.44,130.52,125.85,129.47,441604,8294,129.309
2021-08-05T04:00:00Z,130.65,131.91,130,131.86,333539,6694,131.351
2021-08-06T04:00:00Z,132.65,133.49,131.42,131.92,290630,5306,132.02
2021-08-09T04:00:00Z,131.9,133.35,130.98,132.83,316804,7000,132.815
2021-08-10T04:00:00Z,132.83,134.53,132.68,133.63,324684,6843,133.599
2021-08-11T04:00:00Z,133.59,135.31,131.97,135.27,325657,6799,134.362
2021-08-12T04:00:00Z,135.7,135.96,134.62,135.4,304297,6112,135.377
2021-08-13T04:00:00Z,135.25,135.88,134.01,134.39,187318,4129,134.605
2021-08-16T04:00:00Z,133.76,136.11,133.13,136.11,378011,6132,135.764
2021-08-17T04:00:00Z,136.13,137.11,135.08,136.2,297512,6361,136.17
2021-08-18T04:00:00Z,135.795,136.84,135.06,135.32,227813,5065,135.939
2021-08-19T04:00:00Z,133.79,135.89,133.09,134.36,252461,6014,134.581
2021-08-20T04:00:00Z,134.07,137.64,133.96,136.73,283060,5894,136.572
2021-08-23T04:00:00Z,137.52,138.28,136.82,137.15,249678,5008,137.333
2021-08-24T04:00:00Z,136.85,137.26,135.65,136.46,206379,5543,136.612
2021-08-25T04:00:00Z,136.65,138.27,136.25,137.47,279423,5452,137.466
2021-08-26T04:00:00Z,137.47,137.757,134.89,135.19,335848,6303,135.694
2021-08-27T04:00:00Z,135.17,136.78,135.17,136.78,357307,6043,136.392
2021-08-30T04:00:00Z,137.84,138.49,136.43,136.43,417627,8771,137.06
2021-08-31T04:00:00Z,136.14,138.76,136.14,137.94,926750,10058,137.851
2021-09-01T04:00:00Z,137.94,138.38,135.5,136.56,386822,8884,136.663
2021-09-02T04:00:00Z,136.86,138.67,136.345,138.61,343962,8112,137.96
2021-09-03T04:00:00Z,138.64,138.82,137.38,137.8,244011,6302,137.911
2021-09-07T04:00:00Z,137.52,138.36,136.13,136.59,380251,8872,137.088
2021-09-08T04:00:00Z,135.73,137.17,135.611,136.54,265465,6054,136.353
2021-09-09T04:00:00Z,136.36,137.79,134.61,134.71,287100,6170,135.52
2021-09-10T04:00:00Z,135.24,135.615,131.62,131.64,337245,7743,132.506
2021-09-13T04:00:00Z,132.9,133.29,131.05,132.37,332543,7639,132.173
2021-09-14T04:00:00Z,132.97,132.97,129.1,129.32,349568,8340,129.789
2021-09-15T04:00:00Z,130.51,132.94,129.855,132.18,481682,9071,132.051
2021-09-16T04:00:00Z,132.53,133.44,131.13,133.06,481014,7349,132.861
2021-09-17T04:00:00Z,133.56,134.38,131.12,132.01,2293435,10187,132.056
2021-09-20T04:00:00Z,129.55,130.47,127.48,130.29,366529,9111,129.337
2021-09-21T04:00:00Z,130.85,130.91,128.97,129.98,441722,8245,130.135
2021-09-22T04:00:00Z,131.2,132.99,130.41,131.43,450891,9416,131.617
2021-09-23T04:00:00Z,132.35,134.73,132.35,133.2,372445,8763,133.788
2021-09-24T04:00:00Z,132.53,133.36,132.24,132.4,287595,6809,132.682
2021-09-27T04:00:00Z,129.09,131.47,129.06,130.56,378366,6752,130.705
2021-09-28T04:00:00Z,129.54,130.68,127.02,127.17,371754,8627,127.78
2021-09-29T04:00:00Z,127.63,128.87,126.84,126.98,228952,5555,127.271
2021-09-30T04:00:00Z,127.54,128.55,125.81,125.83,485721,9102,126.255
2021-10-01T04:00:00Z,126.43,128.205,125.07,127.47,313375,5931,127.195
2021-10-04T04:00:00Z,127.67,129.37,126.96,127.52,289559,5216,127.652
2021-10-05T04:00:00Z,129.73,131.951,126.93,131.48,516666,7200,130.49
2021-10-06T04:00:00Z,130.42,134.24,130.42,134.24,816399,13866,133.111
2021-10-07T04:00:00Z,135.16,137.37,134.53,136.59,460889,7821,136.444
2021-10-08T04:00:00Z,136.21,137.3,135,135.77,284547,4908,136.071
2021-10-11T04:00:00Z,136.3,137.38,134.87,135.12,218526,5082,135.695
2021-10-12T04:00:00Z,135.23,136.34,133.98,134.9,363497,7479,135.086
2021-10-13T04:00:00Z,134.67,135.47,131.86,133.1,335316,6964,133.214
2021-10-14T04:00:00Z,133.98,134.32,133.21,134.29,249484,5120,134.007
2021-10-15T04:00:00Z,135.2,135.33,132.92,133.02,262087,4808,133.761
2021-10-18T04:00:00Z,132.67,133.46,132.46,133.08,301675,5610,133.054
2021-10-19T04:00:00Z,134.52,134.84,133.43,133.98,149131,3463,134
2021-10-20T04:00:00Z,134.01,136.18,134.01,136.16,263311,4114,135.904
2021-10-21T04:00:00Z,136.6,137.925,135.53,137.64,278216,5500,137.176
2021-10-22T04:00:00Z,138,139.62,137.965,139.32,192061,4078,139.065
2021-10-25T04:00:00Z,139.36,139.36,137.71,137.71,25108,2,137.818
2021-10-26T04:00:00Z,137.88,138.09,135.73,136.3,188457,4108,136.552
2021-10-27T04:00:00Z,136,138.33,134.625,134.84,246820,6040,135.532
2021-10-28T04:00:00Z,135.69,137.82,135.26,137.8,197032,5139,136.968
2021-10-29T04:00:00Z,137.47,137.941,135.518,136.04,356984,5572,136.222
2021-11-01T04:00:00Z,137.22,137.97,135.82,135.93,300053,5864,136.3
2021-11-02T04:00:00Z,136.18,138.59,135.64,138.17,268952,5759,137.606
2021-11-03T04:00:00Z,140,145.885,139.87,145,603678,10899,144.592
2021-11-04T04:00:00Z,144.98,145.06,140.59,142.42,382970,7964,142.283
2021-11-05T04:00:00Z,143.48,145.03,142.45,142.95,300575,5857,143.24
2021-11-08T05:00:00Z,145.06,145.06,142.5,144.32,233690,5640,144.115
2021-11-09T05:00:00Z,143.73,144.89,142.49,144.77,276553,5355,144.303
2021-11-10T05:00:00Z,145,146.63,144.723,145.68,274654,5875,145.64
2021-11-11T05:00:00Z,145.7,146.06,144.77,145.05,323817,5669,145.201
2021-11-12T05:00:00Z,140.22,141.725,138.8,139.88,343987,5810,140.301
2021-11-15T05:00:00Z,140.08,140.28,138.619,139.47,252989,4679,139.508
2021-11-16T05:00:00Z,139.23,140.38,138.465,139.8,336704,5324,139.747
2021-11-17T05:00:00Z,139.17,141.31,138.23,140.95,319445,6883,140.485
2021-11-18T05:00:00Z,141.99,144.466,140.71,143.35,378830,7733,143.17
2021-11-19T05:00:00Z,140.45,142.37,139.588,140.45,528826,9134,140.515
2021-11-22T05:00:00Z,141.33,142.46,139.6,141.16,243532,5476,141.343
2021-11-23T05:00:00Z,141.81,145.6,141.63,144.86,496135,8495,144.637
2021-11-24T05:00:00Z,142.81,144.24,141.67,141.73,252208,5339,142.32
2021-11-26T05:00:00Z,137.33,139.85,135.62,139.08,263127,5757,138.168
2021-11-29T05:00:00Z,141.38,141.38,137.955,138.14,251827,6371,138.691
2021-11-30T05:00:00Z,136.27,137.31,132.8,133.61,1035688,8259,133.77
2021-12-01T05:00:00Z,135.89,138.425,132.9,132.93,324164,6670,134.596
2021-12-02T05:00:00Z,134.11,138.31,133.17,136.98,376533,6976,137.001
2021-12-03T05:00:00Z,136.91,137.337,132.54,133.67,305499,5885,133.921
2021-12-06T05:00:00Z,136.18,137.76,135.5,136.05,423239,5722,136.195
2021-12-07T05:00:00Z,137.75,138.97,136.69,137.12,236501,5775,137.244
2021-12-08T05:00:00Z,136.88,138.665,136.88,138.11,204069,4607,138.008
2021-12-09T05:00:00Z,137.38,138.28,136.13,136.98,211423,4490,137.131
2021-12-10T05:00:00Z,138.06,138.448,136.83,138.02,213610,4072,137.897
2021-12-13T05:00:00Z,137.75,138.33,136.05,137.05,215510,4249,137.153
2021-12-14T05:00:00Z,137.82,140.08,137.77,138.28,329532,6589,138.407
2021-12-15T05:00:00Z,138.29,139.56,137.39,138.95,221838,5577,138.822
2021-12-16T05:00:00Z,140.46,141.33,138.11,139.16,253492,6954,139.594
2021-12-17T05:00:00Z,137.31,138.99,135.18,135.68,1182332,8494,136.001
2021-12-20T05:00:00Z,134.82,134.82,130.25,132.1,338348,6861,132.036
2021-12-21T05:00:00Z,133.49,136.23,133.49,135.83,270598,6009,135.545
2021-12-22T05:00:00Z,133.83,135.19,132.5,134.75,188619,3764,134.534
2021-12-23T05:00:00Z,135.31,136.25,134.84,135.4,177784,3405,135.365
2021-12-27T05:00:00Z,135.38,137.59,134.21,137.57,224718,3648,136.882
2021-12-28T05:00:00Z,137.19,139,137.19,138.1,152604,3684,138.167
2021-12-29T05:00:00Z,138.49,139.42,138.071,139.05,161114,3587,138.888
2021-12-30T05:00:00Z,139.39,140.06,136.641,136.83,199560,4672,137.515
2021-12-31T05:00:00Z,136.88,138.89,136.88,137.32,370834,5441,137.556
2022-01-03T05:00:00Z,138,138.9,135.01,135.64,283678,6079,135.94
2022-01-04T05:00:00Z,136.74,138.44,136.15,137.97,363453,7656,137.684
2022-01-05T05:00:00Z,138.37,138.99,134.921,135.32,360078,6182,135.644
2022-01-06T05:00:00Z,136.9,138.76,136.61,137.62,281758,5980,137.617
2022-01-07T05:00:00Z,138.26,138.34,136.79,137.73,300606,6160,137.731
2022-01-10T05:00:00Z,138.44,138.64,134.31,136.45,284201,8537,135.983
2022-01-11T05:00:00Z,136.22,136.78,132.877,136.15,307466,7170,135.444
2022-01-12T05:00:00Z,136.39,137.72,135.58,136.77,227355,5624,136.766
2022-01-13T05:00:00Z,136.65,138.08,135.33,135.56,259608,5880,136.12
2022-01-14T05:00:00Z,134.24,135.67,133.54,135.57,219486,4491,135.28
2022-01-18T05:00:00Z,135.8,135.8,132.06,132.32,242167,5809,132.914
2022-01-19T05:00:00Z,133.69,133.69,130.33,130.57,280339,6032,131.227
2022-01-20T05:00:00Z,131.07,133.18,129.1,129.33,291231,6796,130.948
2022-01-21T05:00:00Z,129.25,130.2,126.46,126.94,330327,8083,127.582
2022-01-24T05:00:00Z,126.22,129,123.51,129,95885,1651,126.713
2022-01-25T05:00:00Z,127.38,128.19,124.525,127.39,488573,9215,126.872
2022-01-26T05:00:00Z,127.81,130.25,125.18,127.15,231260,6485,127.868
2022-01-27T05:00:00Z,128.22,131.083,124.224,125.46,395504,9790,126.672
2022-01-28T05:00:00Z,125.63,129.19,124.53,129.08,411417,8604,127.889
2022-01-31T05:00:00Z,127.97,130.56,127.95,130.28,344651,7100,130.051
2022-02-01T05:00:00Z,130,131.43,128.63,131.34,280836,8178,130.862
2022-02-02T05:00:00Z,131.17,133.72,131.17,133.22,299780,7911,133.072
2022-02-03T05:00:00Z,133.35,134.4,131.74,132.23,346188,7809,132.581
2022-02-04T05:00:00Z,131.61,133.74,131.2,132.14,277398,5992,132.139
2022-02-07T05:00:00Z,132.07,132.3,130.64,131.15,277016,6912,131.347
2022-02-08T05:00:00Z,131.77,133.7,130.265,133.38,497224,9110,133.01
2022-02-09T05:00:00Z,134.37,134.75,132.83,132.88,244312,7344,133.415
2022-02-10T05:00:00Z,133.26,139.715,133.26,136.72,467184,11659,137.257
2022-02-11T05:00:00Z,136.72,140.58,135.69,136.57,524420,10317,137.949
2022-02-14T05:00:00Z,135.78,137.54,132.93,135.82,550544,9440,135.5
2022-02-15T05:00:00Z,137.54,140.24,137.15,139.37,513663,9842,139.239
2022-02-16T05:00:00Z,138.53,141.23,138.53,140.99,341212,8280,140.687
2022-02-17T05:00:00Z,139.98,140.16,135.52,135.62,458855,7045,136.152
2022-02-18T05:00:00Z,135.01,136.35,134.395,134.65,400840,9286,134.927
2022-02-22T05:00:00Z,134.23,135.12,132.76,133.76,287598,7463,133.951
2022-02-23T05:00:00Z,134.81,135.98,133.26,133.34,324886,8013,133.799
2022-02-24T05:00:00Z,129.74,131.09,127.38,130.62,462024,7420,129.945
2022-02-25T05:00:00Z,131.65,137.14,131.65,137.07,310904,6271,136.192
2022-02-28T05:00:00Z,132.31,135.78,132.25,135.39,463898,7453,134.863
2022-03-01T05:00:00Z,134.53,135.13,130.362,130.98,455788,8748,131.34
2022-03-02T05:00:00Z,132.5,139.55,132.5,138.58,659704,11584,137.801
2022-03-03T05:00:00Z,139.1,139.63,137.22,138.61,257489,6731,138.64
2022-03-04T05:00:00Z,135.87,138.14,134.73,137.66,320081,6839,137.238
2022-03-07T05:00:00Z,137.11,138.47,134.595,134.65,415042,11020,135.798
2022-03-08T05:00:00Z,135.86,136.33,135.86,136.33,61098,5,136.315
2022-03-09T05:00:00Z,139.6,140.99,137.18,137.5,325996,8670,138.106
2022-03-10T05:00:00Z,135.6,136.89,134.63,136.7,372592,8511,136.281
2022-03-11T05:00:00Z,137.9,139.76,136.3,136.34,312897,7940,136.993
2022-03-14T04:00:00Z,135.77,137.95,135.17,137.04,390302,8177,136.759
2022-03-15T04:00:00Z,137.96,139.81,137.356,139.31,468821,9384,138.925
2022-03-16T04:00:00Z,140,142.1,137.972,141.09,549771,10920,140.724
2022-03-17T04:00:00Z,140.26,142,140.01,141.56,426688,8407,141.513
2022-03-18T04:00:00Z,141.57,141.59,139.03,140.39,762752,6937,140.471
2022-03-21T04:00:00Z,141.59,143.25,141.111,142.72,340354,6886,142.587
2022-03-22T04:00:00Z,143.56,145.66,143.285,144.51,512574,8372,144.559
2022-03-23T04:00:00Z,144.75,146.68,144.03,144.68,393403,9525,145.381
2022-03-24T04:00:00Z,144.9,147.96,144.85,147.07,427991,7628,146.729
2022-03-25T04:00:00Z,146.92,149.4,145.57,149.39,267729,6573,148.709
2022-03-28T04:00:00Z,149.39,149.435,147.865,149.09,251975,5818,148.944
2022-03-29T04:00:00Z,150.88,150.99,149.16,150.22,346809,6617,150.226
2022-03-30T04:00:00Z,150.53,150.75,147.17,147.72,355130,7851,147.9
2022-03-31T04:00:00Z,147.65,149.05,145.36,145.62,409820,7817,146.112
2022-04-01T04:00:00Z,146.48,148.4,144.81,148.22,397038,8598,147.655
2022-04-04T04:00:00Z,148.07,148.07,143.04,143.84,375466,8369,144.183
2022-04-05T04:00:00Z,144.15,145.5,143.35,144.29,534898,8495,144.419
2022-04-06T04:00:00Z,144,147.12,144,145.64,533201,6302,145.793
2022-04-07T04:00:00Z,145.02,146.885,144.14,146.22,275581,6107,145.973
2022-04-08T04:00:00Z,147.03,147.31,145.28,146.08,377835,5565,146.194
2022-04-11T04:00:00Z,147.3,149.06,145.645,146.15,276915,5327,146.549
2022-04-12T04:00:00Z,146.16,147.567,145.45,145.72,326336,7103,146.112
2022-04-13T04:00:00Z,144.96,146.9,144.25,146.85,175810,5974,146.384
2022-04-14T04:00:00Z,146.93,147.98,146.55,146.67,193965,6139,146.842
2022-04-18T04:00:00Z,146.08,147.77,146.018,146.75,165967,4557,146.784
2022-04-19T04:00:00Z,146.86,147,143.83,146.02,403785,8270,145.824
2022-04-20T04:00:00Z,147.45,149.11,146.42,148.98,259027,5851,148.36
2022-04-21T04:00:00Z,150.69,152.29,147.4,147.79,287914,7061,149.183
2022-04-22T04:00:00Z,147.41,147.91,144.16,144.29,305162,6425,144.892
2022-04-25T04:00:00Z,143.45,144.13,139.56,143.77,218446,6529,142.782
2022-04-26T04:00:00Z,142.44,143.475,139.395,139.6,491706,9797,140.533
2022-04-27T04:00:00Z,140.28,142.7,138.45,140.72,350787,6669,141.118
2022-04-28T04:00:00Z,142,142.865,139.2,142.65,283808,7078,141.916
2022-04-29T04:00:00Z,141.53,142.82,138.04,138.48,419585,6244,138.992
2022-05-02T04:00:00Z,139.13,140.75,136,138.66,452256,9400,138.232
2022-05-03T04:00:00Z,139.68,142.42,138.21,141.71,335161,7922,141.333
2022-05-04T04:00:00Z,141.29,145.846,140.495,145.78,317973,8614,144.461
2022-05-05T04:00:00Z,148.46,150.29,146.61,148.51,465242,12285,148.433
2022-05-06T04:00:00Z,148.48,150.51,147.14,149.1,344870,9959,149.005
2022-05-09T04:00:00Z,147.99,148.59,143.73,144.2,456068,11294,145.273
2022-05-10T04:00:00Z,145.34,146,141.18,142.92,605654,13257,143.075
2022-05-11T04:00:00Z,142.97,145.83,141.78,142.9,647195,14215,143.61
2022-05-12T04:00:00Z,143,143.678,139.5,141.89,576294,12611,141.494
2022-05-13T04:00:00Z,143.82,144.81,142.175,144.07,393783,9579,143.662
2022-05-16T04:00:00Z,144.31,145.69,142.9,145.02,450090,9715,144.804
2022-05-17T04:00:00Z,146.67,147.065,144.7,146.1,606172,12297,145.914
2022-05-18T04:00:00Z,145.26,146.3,142.18,142.49,548597,11112,143.55
2022-05-19T04:00:00Z,133.3,135.5,130.01,131.69,554018,10302,132.223
2022-05-20T04:00:00Z,132.16,132.822,129.05,131.37,573387,14763,130.74
2022-05-23T04:00:00Z,132.31,133.95,130.7,133.34,441039,9567,133.077
2022-05-24T04:00:00Z,132.63,134.315,130.19,133.78,322927,8035,132.903
2022-05-25T04:00:00Z,132.8,135.78,132.8,134.87,351411,9352,134.637
2022-05-26T04:00:00Z,136.37,136.965,135.43,136.74,267277,7620,136.467
2022-05-27T04:00:00Z,136.97,138.26,135.995,138.23,337700,8183,137.665
2022-05-31T04:00:00Z,138.41,142.77,137.43,141.3,1354389,19233,141.042
2022-06-01T04:00:00Z,140.7,141.345,136.1,139.43,400227,10755,139.217
2022-06-02T04:00:00Z,138.95,140.97,136.67,140.91,316974,10568,140.102
2022-06-03T04:00:00Z,140.21,140.505,138.93,139.78,219189,6230,139.774
2022-06-06T04:00:00Z,140.5,141.74,138.94,140.79,227505,7792,140.881
2022-06-07T04:00:00Z,140.74,143.84,140.55,143.79,480099,8662,143.066
2022-06-08T04:00:00Z,143.11,143.28,140.586,141.42,339270,7770,141.718
2022-06-09T04:00:00Z,141.36,141.89,138.59,138.72,271823,6324,139.416
2022-06-10T04:00:00Z,136.12,136.54,134.89,135.14,276619,6306,135.434
2022-06-13T04:00:00Z,132.52,133.49,129.9,130.85,337627,8905,131.433
2022-06-14T04:00:00Z,131.32,133,130.86,132.01,337564,7678,131.989
2022-06-15T04:00:00Z,133.3,134.98,131.57,133.47,398772,8717,133.437
2022-06-16T04:00:00Z,131.28,132.13,128.26,129.47,523119,9158,129.377
2022-06-17T04:00:00Z,131.99,133.595,130.33,131.19,1142368,13972,131.569
2022-06-21T04:00:00Z,133.4,134.88,131.79,134.39,459978,8538,134.188
2022-06-22T04:00:00Z,132.18,135.59,132.18,134.92,528343,8086,134.69
2022-06-23T04:00:00Z,134.56,136.02,130.68,131.79,216451,6378,133.178
2022-06-24T04:00:00Z,133,138.04,132.917,137.53,813697,8972,137.356
2022-06-27T04:00:00Z,137.85,138.16,136.06,137.51,263792,7190,137.362
2022-06-28T04:00:00Z,138.19,140.6,137.59,137.6,315892,6506,138.16
2022-06-29T04:00:00Z,137.79,138.32,135.585,135.92,347093,6948,136.225
2022-06-30T04:00:00Z,134.54,139.01,134.005,138.81,469675,7477,138.083
2022-07-01T04:00:00Z,139.11,143.315,138.47,142.6,474961,9839,141.573
2022-07-05T04:00:00Z,140.3,140.635,134.72,138.47,495232,10443,137.687
2022-07-06T04:00:00Z,137.99,140.25,136.565,139.25,285157,7472,138.937
2022-07-07T04:00:00Z,140.32,141.407,138.34,138.41,468728,7189,138.905
2022-07-08T04:00:00Z,139.31,139.97,137.84,137.95,317119,7922,138.241
2022-07-11T04:00:00Z,137.02,139.82,137.01,137.93,183293,5843,137.992
2022-07-12T04:00:00Z,137.22,140.4,137.22,137.95,380969,9986,138.726
2022-07-13T04:00:00Z,137.39,138.47,136.305,137.12,432822,9155,137.271
2022-07-14T04:00:00Z,133.79,134.43,131.16,132.4,359528,8753,132.543
2022-07-15T04:00:00Z,133.22,134.66,132.02,132.94,299122,7523,133.137
2022-07-18T04:00:00Z,134.01,134.709,130.1,130.35,375302,8033,131.429
2022-07-19T04:00:00Z,131.89,134.705,131.89,134.18,370174,8188,133.718
2022-07-20T04:00:00Z,133.81,133.81,132.22,132.85,269202,7524,132.886
2022-07-21T04:00:00Z,133.07,134.09,131.05,134.07,289477,6160,133.461
2022-07-22T04:00:00Z,134.15,134.52,131.345,131.91,427340,8624,132.433
2022-07-25T04:00:00Z,132.98,135.45,131.85,133.25,409730,8651,133.44
2022-07-26T04:00:00Z,133.84,134.83,133.26,134.17,349002,7112,134.01
2022-07-27T04:00:00Z,133.99,134.86,131.99,132.91,416476,8640,132.946
2022-07-28T04:00:00Z,132.91,133.55,128.69,131.48,563064,12995,130.948
2022-07-29T04:00:00Z,131.61,134.17,131.16,133.68,572971,9032,133.398
2022-08-01T04:00:00Z,132.61,132.92,130.265,131.06,458817,11348,131.145
2022-08-02T04:00:00Z,131.62,132.2,130.05,130.22,309485,6447,130.801
2022-08-03T04:00:00Z,130.33,130.5,127.985,129.1,576093,11863,128.914
2022-08-04T04:00:00Z,130.29,132.63,125.7,125.82,666928,13205,127.131
2022-08-05T04:00:00Z,126,128.12,124.75,128.09,484125,9572,127.558
2022-08-08T04:00:00Z,128.3,129.615,127.59,127.71,354834,7344,128.001
2022-08-09T04:00:00Z,128.36,128.99,126.66,127.73,452801,9235,127.535
2022-08-10T04:00:00Z,128.29,130.52,128.29,129.57,412232,8221,129.64
2022-08-11T04:00:00Z,130.6,132.94,130.32,132.79,367803,7925,132.505
2022-08-12T04:00:00Z,133.15,134.91,133.15,134.77,229142,7406,134.478
2022-08-15T04:00:00Z,133.69,134.35,132.82,133.92,249816,6109,133.789
2022-08-16T04:00:00Z,133.51,135.82,133.51,135.05,252434,6603,135.048
2022-08-17T04:00:00Z,134.29,136.39,134.28,136.32,325887,5842,135.944
2022-08-18T04:00:00Z,137.09,138.2,136.63,137.57,366158,7578,137.628
2022-08-19T04:00:00Z,136.21,136.675,134.84,135.1,616724,6758,135.19
2022-08-22T04:00:00Z,133.52,133.52,130.71,130.92,257539,6556,131.414
2022-08-23T04:00:00Z,131.21,131.89,129.91,131.15,265258,6731,131.006
2022-08-24T04:00:00Z,130.98,131.725,129.7,131.47,372393,7564,131.227
2022-08-25T04:00:00Z,132.46,133.65,131.79,133.65,203519,5714,133.352
2022-08-26T04:00:00Z,133.66,133.66,131.32,131.71,342467,6921,131.878
2022-08-29T04:00:00Z,130.66,131.6,129.31,130.88,246095,6707,130.697
2022-08-30T04:00:00Z,131.07,131.285,129.68,129.89,326411,6573,130.022
2022-08-31T04:00:00Z,129.95,130.385,127.56,127.68,434852,6668,127.924
2022-09-01T04:00:00Z,127.5,129.16,127.27,128.48,457662,9784,128.419
2022-09-02T04:00:00Z,129.56,130.41,126.42,127.22,457393,8948,127.589
2022-09-06T04:00:00Z,127.82,128.26,125.19,126.18,415399,9510,126.142
2022-09-07T04:00:00Z,126.37,129.68,126.23,129.12,372493,8210,128.877
2022-09-08T04:00:00Z,128.32,132.5,128.32,131.71,490887,11570,131.34
2022-09-09T04:00:00Z,132.05,133.41,131.64,131.93,349949,8144,132.139
2022-09-12T04:00:00Z,132.6,134.57,132.05,133.39,274610,7844,133.528
2022-09-13T04:00:00Z,131.55,132.61,129.43,129.88,314239,8113,130.523
2022-09-14T04:00:00Z,130.45,131.18,129.29,130.77,476637,9067,130.671
2022-09-15T04:00:00Z,130.1,133.29,129.775,130.93,400141,9928,131.526
2022-09-16T04:00:00Z,129.86,130.06,128.194,128.64,1404675,10212,128.797
2022-09-19T04:00:00Z,127.52,130.576,127.52,130.18,242085,5740,129.957
2022-09-20T04:00:00Z,129.21,129.45,126.8,127.8,316485,8074,127.823
2022-09-21T04:00:00Z,128.58,131.07,125.71,125.75,401645,9398,127.927
2022-09-22T04:00:00Z,125.55,126.144,123.79,124.84,296107,7769,124.806
2022-09-23T04:00:00Z,123.8,124.15,122.035,123.41,359442,9271,123.321
2022-09-26T04:00:00Z,122.37,123.38,119.01,120.06,376827,8581,120.427
2022-09-27T04:00:00Z,121.1,122.06,119.1,121.65,334809,7404,121.227
2022-09-28T04:00:00Z,122.34,124.41,121.48,123.49,356150,8743,123.389
2022-09-29T04:00:00Z,122.98,123.59,121.35,123.26,260499,7009,123.025
2022-09-30T04:00:00Z,123.98,125.285,122.74,122.93,561013,9638,123.319
2022-10-03T04:00:00Z,124.28,126.3,122.77,125.83,326644,7690,125.592
2022-10-04T04:00:00Z,126.79,130.44,126.28,130.42,270241,6613,129.846
2022-10-05T04:00:00Z,128.62,130.3,128.62,129.28,342435,7475,129.431
2022-10-06T04:00:00Z,128.75,129.2,127.97,128.74,265156,6179,128.685
2022-10-07T04:00:00Z,128.44,128.58,126.15,127.03,249681,5940,127.066
2022-10-10T04:00:00Z,127.68,128.78,126.56,127.58,262944,7268,127.735
2022-10-11T04:00:00Z,127.29,129.155,126.26,126.78,625530,10931,127.408
2022-10-12T04:00:00Z,126.73,126.91,125.01,125.12,442414,10001,125.781
2022-10-13T04:00:00Z,122.79,131.06,122.18,130.48,481090,10939,129.292
2022-10-14T04:00:00Z,131.21,131.99,127.64,128.3,340364,8008,128.801
2022-10-17T04:00:00Z,130.02,131.38,129.89,131.15,379426,8392,130.899
2022-10-18T04:00:00Z,133,134,130.13,131.98,548247,11227,131.77
2022-10-19T04:00:00Z,131.41,133.24,130.2,131.48,364205,8907,131.529
2022-10-20T04:00:00Z,129.66,130.21,126.62,127.43,311700,7936,127.693
2022-10-21T04:00:00Z,128.02,130.43,127.25,129.7,369417,8263,129.435
2022-10-24T04:00:00Z,130.61,133.38,130.61,132.87,379896,8574,132.62
2022-10-25T04:00:00Z,131.83,133.27,130.559,133.26,451751,9979,132.647
2022-10-26T04:00:00Z,134.56,135.745,134.06,135.17,493993,10873,135.173
2022-10-27T04:00:00Z,135.93,137.9,135.24,136.14,464496,10286,136.374
2022-10-28T04:00:00Z,137.34,143.95,136.48,143.76,536723,11721,142.227
2022-10-31T04:00:00Z,142.5,145.4,141.93,145.11,616777,11653,144.434
2022-11-01T04:00:00Z,145.99,146.76,144.77,145.15,526968,10629,145.298
2022-11-02T04:00:00Z,144.28,144.28,140.08,140.67,748081,14789,141.991
2022-11-03T04:00:00Z,140.56,148.045,140,145.55,611599,13485,145.67
2022-11-04T04:00:00Z,146.43,147.86,144.645,145.99,425166,10975,145.9
2022-11-07T05:00:00Z,146.91,148.13,145.43,148.07,325028,7979,147.532
2022-11-08T05:00:00Z,148.12,149.55,146.18,148.05,324150,7446,148.297
2022-11-09T05:00:00Z,146.87,148.05,145.16,145.87,261248,6678,146.262
2022-11-10T05:00:00Z,148.61,150.98,147.58,148.66,428566,10957,148.975
2022-11-11T05:00:00Z,149.79,149.93,141.69,141.77,609144,16805,144.003
2022-11-14T05:00:00Z,140.37,141.07,139.15,139.15,337761,9004,139.861
2022-11-15T05:00:00Z,140,140.085,137.02,138.65,591199,11851,138.761
2022-11-16T05:00:00Z,138.61,141.06,137.7,140.19,427482,10419,139.461
2022-11-17T05:00:00Z,138.79,141.065,138.71,140.22,283507,6149,140.259
2022-11-18T05:00:00Z,141.85,143.28,139.803,142.14,399907,9079,141.614
2022-11-21T05:00:00Z,142.48,144,141.99,142.28,431010,12549,142.564
2022-11-22T05:00:00Z,143.23,144.48,142.38,142.77,379702,11917,143.002
2022-11-23T05:00:00Z,142.77,144,142.39,142.46,463715,11728,142.805
2022-11-25T05:00:00Z,143.24,144.62,142.61,143.47,242372,6516,143.647
2022-11-28T05:00:00Z,142.35,143.694,140.62,141.24,468572,13016,141.502
2022-11-29T05:00:00Z,140.62,141.423,139.6,139.96,466845,12485,140.098
2022-11-30T05:00:00Z,139.49,144.07,138.315,142.22,2539276,17520,142.158
2022-12-01T05:00:00Z,143.03,143.31,141.21,142.34,453136,13238,142.161
2022-12-02T05:00:00Z,141.06,142.834,141.06,141.74,408022,9699,141.866
2022-12-05T05:00:00Z,140.15,140.22,136.5,137.12,336737,9362,137.314
2022-12-06T05:00:00Z,137.55,139.06,136.39,139.01,413374,9901,138.566
2022-12-07T05:00:00Z,138.36,139.69,137.505,137.77,323053,6949,137.979
2022-12-08T05:00:00Z,138.12,139.33,137.46,138.3,330993,9814,138.277
2022-12-09T05:00:00Z,137.95,138.79,135.95,135.97,270211,8749,136.493
2022-12-12T05:00:00Z,135.8,136.79,135.03,136.74,301992,9788,136.297
2022-12-13T05:00:00Z,138.68,138.68,135.21,136.13,427172,8943,136.201
2022-12-14T05:00:00Z,136.1,137.03,134.45,135,294890,7978,135.465
2022-12-15T05:00:00Z,133.75,134.38,132.3,132.61,503503,9347,132.948
2022-12-16T05:00:00Z,131.27,132.81,130.46,132.29,675243,11797,132.022
2022-12-19T05:00:00Z,132.25,134,131.315,132.43,345789,8211,132.491
2022-12-20T05:00:00Z,133.2,135.29,132.79,134.47,373107,9025,134.442
2022-12-21T05:00:00Z,135.58,137.6,134.59,136.84,346496,8950,136.756
2022-12-22T05:00:00Z,136.4,136.54,134.51,136.11,259560,7108,135.796
2022-12-23T05:00:00Z,136.19,137.82,135.46,137.82,145448,4373,137.381
2022-12-27T05:00:00Z,137.91,139.03,137.44,138.35,160138,5993,138.295
2022-12-28T05:00:00Z,138.39,138.67,136.34,136.36,169122,4992,136.804
2022-12-29T05:00:00Z,136.91,138.66,136.605,137.62,189723,5641,137.758
2022-12-30T05:00:00Z,137.26,137.6,136.24,137.28,182422,5656,137.138
2023-01-03T05:00:00Z,137.49,138.755,136.02,136.88,323095,7720,137.002
2023-01-04T05:00:00Z,137.31,139.74,137.31,139.57,358958,8805,139.199
2023-01-05T05:00:00Z,139.15,139.15,137.205,138.13,250556,6864,138.215
2023-01-06T05:00:00Z,139.06,141.76,139.06,141.17,243855,6115,141.129
2023-01-09T05:00:00Z,140.65,141.815,139.335,139.97,298752,7388,140.204
2023-01-10T05:00:00Z,140.95,141.02,139.1,140.98,284742,7293,140.509
2023-01-11T05:00:00Z,141.24,141.66,140.16,140.84,378803,9267,140.862
2023-01-12T05:00:00Z,141.03,142.28,139.38,141.22,252516,7387,141.398
2023-01-13T05:00:00Z,140.79,143.15,140.53,143.12,204021,5074,142.412
2023-01-17T05:00:00Z,142.75,142.969,140.45,140.79,305397,7549,141.02
2023-01-18T05:00:00Z,141.04,141.55,139.26,139.35,293876,7005,139.811
2023-01-19T05:00:00Z,138.09,138.445,136.25,137.31,315732,7182,137.391
2023-01-20T05:00:00Z,137.41,137.57,134.96,136.65,298460,7277,136.537
2023-01-23T05:00:00Z,137.07,138.77,136.345,137.69,209043,5970,137.757
2023-01-24T05:00:00Z,137.52,138.84,136.78,138.21,285093,6811,138.223
2023-01-25T05:00:00Z,138.21,139.39,138.17,138.83,250950,6019,138.867
2023-01-26T05:00:00Z,139.29,142.03,139.04,141.97,438588,7359,140.967
2023-01-27T05:00:00Z,141.65,141.97,139.91,140.2,250900,6303,140.644
2023-01-30T05:00:00Z,140.47,142.03,140.19,140.74,277039,6889,140.877
2023-01-31T05:00:00Z,141.06,142.63,139.66,142.59,292501,6101,141.851
2023-02-01T05:00:00Z,141.31,141.84,135.82,138.02,607694,12868,137.946
2023-02-02T05:00:00Z,142.18,142.89,133.17,134.78,701376,15769,135.342
2023-02-03T05:00:00Z,134.5,135.41,131.54,135.05,426054,10622,134.384
2023-02-06T05:00:00Z,135.12,137.11,133.585,136.6,423074,10306,135.991
2023-02-07T05:00:00Z,135.94,138.79,135.52,138.33,339540,9207,137.779
2023-02-08T05:00:00Z,137.73,138.4,136.82,137.21,366516,9942,137.378
2023-02-09T05:00:00Z,137.39,138.64,135.35,135.8,271944,8226,136.403
2023-02-10T05:00:00Z,135.8,137.53,135.8,137.45,280176,7461,136.936
2023-02-13T05:00:00Z,138.03,139.3,137.63,138.81,401834,9881,138.42
2023-02-14T05:00:00Z,134.65,134.83,131.46,131.49,356220,8982,132.189
2023-02-15T05:00:00Z,131.09,132.675,131.09,132.08,365874,9196,131.998
2023-02-16T05:00:00Z,130.76,132.48,130.76,131.21,303594,7310,131.455
2023-02-17T05:00:00Z,131.53,133.94,131.035,133.8,751721,11980,133.496
2023-02-21T05:00:00Z,133.31,133.54,130.93,132.16,296320,8717,132.038
2023-02-22T05:00:00Z,131.28,133.07,131.28,131.72,322761,7001,132.167
2023-02-23T05:00:00Z,132.18,133.28,129.86,130.16,292356,8122,130.607
2023-02-24T05:00:00Z,130.19,133.19,129.53,132.95,501684,11807,132.405
2023-02-27T05:00:00Z,133.51,135.14,132.725,133.09,483663,10851,133.416
2023-02-28T05:00:00Z,133.19,134.51,133.17,134.11,538584,10176,134.044
2023-03-01T05:00:00Z,133.83,136.61,133.75,136.53,754609,17421,135.838
2023-03-02T05:00:00Z,136,136,134.04,134.52,441953,12196,134.846
2023-03-03T05:00:00Z,134.09,134.39,132.22,132.81,387018,10798,132.8
2023-03-06T05:00:00Z,133.16,133.59,131.22,131.9,459282,10538,131.933
2023-03-07T05:00:00Z,131.9,132.185,128.2,128.31,332155,9160,129.11
2023-03-08T05:00:00Z,128.41,128.79,126.09,127.21,241109,7591,127.32
2023-03-09T05:00:00Z,127.12,127.12,123.63,124.35,418885,9334,124.771
2023-03-10T05:00:00Z,123.33,124.57,121.95,122.23,446271,10495,122.806
2023-03-13T04:00:00Z,119.93,120.65,116.7,117.8,440058,11516,118.115
2023-03-14T04:00:00Z,120.2,120.83,118.71,119.75,389924,8547,119.729
2023-03-15T04:00:00Z,117.43,118.025,113.845,115.96,495656,11625,115.706
2023-03-16T04:00:00Z,115.54,120.96,114.567,120.02,548978,12419,119.038
2023-03-17T04:00:00Z,119.3,119.3,115.82,116.28,847210,13150,116.75
2023-03-20T04:00:00Z,117.42,120.51,117.42,119.66,400883,9299,119.769
2023-03-21T04:00:00Z,121.97,123.03,121.46,122.28,347317,8650,122.327
2023-03-22T04:00:00Z,122.07,122.85,118.54,118.62,229885,6533,119.946
2023-03-23T04:00:00Z,118.63,118.755,115.8,116.33,323381,8036,116.791
2023-03-24T04:00:00Z,115.04,118.21,114.13,118.02,353229,8057,117.425
2023-03-27T04:00:00Z,119.5,120.44,118.285,118.81,270896,8917,119.14
2023-03-28T04:00:00Z,118.45,119.46,117.9,118.42,314830,9541,118.445
2023-03-29T04:00:00Z,120.02,120.06,118.709,119.74,342688,8342,119.59
2023-03-30T04:00:00Z,120.37,120.6,119.32,119.72,226791,6645,119.714
2023-03-31T04:00:00Z,120.74,121.79,120.13,121.5,396054,8210,121.283
2023-04-03T04:00:00Z,121.79,123,121.1,122.28,307277,6846,122.257
2023-04-04T04:00:00Z,123.6,123.6,119.695,121.2,436892,8990,121.014
2023-04-05T04:00:00Z,120.41,121.65,120.302,121.29,311562,7162,121.041
2023-04-06T04:00:00Z,121.99,123.13,121.17,121.93,215145,5597,121.825
2023-04-10T04:00:00Z,121.9,122.75,121.6,122,230629,6325,121.965
2023-04-11T04:00:00Z,122.42,123.05,121.85,122.15,316979,7003,122.413
2023-04-12T04:00:00Z,122.15,123,121.68,122.31,299081,7525,122.26
2023-04-13T04:00:00Z,120.79,122.055,120.155,121.6,317152,9525,121.42
2023-04-14T04:00:00Z,121.73,121.73,119.12,120.04,213974,6290,120.061
2023-04-17T04:00:00Z,119.92,121.21,119.09,121.14,290947,8278,120.603
2023-04-18T04:00:00Z,121.48,123.26,120.83,123.15,387984,11534,122.393
2023-04-19T04:00:00Z,124,124.495,122.75,123.91,270802,7771,123.824
2023-04-20T04:00:00Z,123.91,124.07,122.14,123.03,286340,6825,122.844
2023-04-21T04:00:00Z,122.68,122.68,118.75,120.85,373194,9299,120.535
2023-04-24T04:00:00Z,120.97,121.72,120.28,120.39,194359,5232,120.577
2023-04-25T04:00:00Z,119.79,120.865,119.54,119.83,254605,6961,120.104
2023-04-26T04:00:00Z,119.37,121.02,119.08,119.76,411635,10242,119.887
2023-04-27T04:00:00Z,119.39,122.125,119.38,121.47,266038,7696,121.127
2023-04-28T04:00:00Z,121.46,122.755,121.46,122.73,351666,8356,122.523
2023-05-01T04:00:00Z,122.53,123.74,122.475,123.09,260211,7226,123.242
2023-05-02T04:00:00Z,122.36,122.47,119.2,121.21,561561,9785,120.997
2023-05-03T04:00:00Z,119.38,119.5,113.48,115.92,748780,13690,116.696
2023-05-04T04:00:00Z,115.32,115.865,113.43,114.65,397518,9802,114.776
2023-05-05T04:00:00Z,116.59,117.88,115.52,115.84,188923,5534,116.148
2023-05-08T04:00:00Z,116.02,116.777,115.74,115.81,313729,6168,115.971
2023-05-09T04:00:00Z,115.48,117,115,115.91,345999,6897,116.028
2023-05-10T04:00:00Z,116.34,116.6,114.72,115.48,219978,6348,115.504
2023-05-11T04:00:00Z,114.41,116.21,114.25,116,236312,7794,115.617
2023-05-12T04:00:00Z,116.71,117.3,115.254,116.04,181297,5704,115.842
2023-05-15T04:00:00Z,116.39,117.74,115.675,117.53,291437,7670,117.093
2023-05-16T04:00:00Z,116.58,117.4,115.44,115.83,325080,7588,115.961
2023-05-17T04:00:00Z,116.56,116.805,115.56,115.59,245575,6319,115.846
2023-05-18T04:00:00Z,115.45,117.9,114.6,117.73,255409,6803,117.172
2023-05-19T04:00:00Z,118.54,118.99,116.9,117.17,191851,6179,117.391
2023-05-22T04:00:00Z,116.97,117.36,115.21,116.63,289701,8756,116.366
2023-05-23T04:00:00Z,116.69,116.95,115.62,115.97,389378,9455,116.119
2023-05-24T04:00:00Z,115.54,115.54,113.22,113.28,321088,7459,113.732
2023-05-25T04:00:00Z,112.74,113.93,111.545,113.33,284650,7278,113.084
2023-05-26T04:00:00Z,113.18,114.9,112.83,113.85,418165,6975,113.863
2023-05-30T04:00:00Z,113.31,115.21,112.84,115.03,318813,8296,114.602
2023-05-31T04:00:00Z,114.6,114.835,111.955,112.27,1050804,10473,112.423
2023-06-01T04:00:00Z,112.72,113.56,112.27,112.75,307004,8024,112.745
2023-06-02T04:00:00Z,113.39,116.76,113.156,116.66,292666,7917,116.134
2023-06-05T04:00:00Z,115.85,116.44,114.78,114.96,271045,8411,115.278
2023-06-06T04:00:00Z,115.3,116.855,115.26,116.66,197377,6441,116.389
2023-06-07T04:00:00Z,116.85,118.5,115.75,117.89,299937,7120,117.92
2023-06-08T04:00:00Z,117.68,117.745,116.55,116.8,313905,6776,116.958
2023-06-09T04:00:00Z,116.17,116.95,115.75,116.1,331649,8048,116.218
2023-06-12T04:00:00Z,116,116.66,115.04,115.78,315939,7788,115.87
2023-06-13T04:00:00Z,115.99,117.4,115.6,116.03,329352,9032,116.265
2023-06-14T04:00:00Z,116,116.6,114.005,114.4,312454,8333,114.995
2023-06-15T04:00:00Z,114.47,115.57,114.12,115.25,374847,7302,115.186
2023-06-16T04:00:00Z,115.7,116.72,114.965,116.39,805059,8866,116.249
2023-06-20T04:00:00Z,115.88,116.025,114.42,115.41,364024,6706,115.399
2023-06-21T04:00:00Z,115.15,116.58,114.43,116.23,450852,8442,115.959
2023-06-22T04:00:00Z,116.55,117.25,115.317,117.15,316470,8229,116.698
2023-06-23T04:00:00Z,116.35,117.18,115.82,116.03,722586,9564,116.145
2023-06-26T04:00:00Z,116.18,117.75,115.99,117.39,393640,8293,117.292
2023-06-27T04:00:00Z,117.35,118.205,116.43,117.85,284558,6207,117.803
2023-06-28T04:00:00Z,117.28,117.39,115.555,116.38,353821,9581,116.225
2023-06-29T04:00:00Z,116.46,118.13,116.35,117.92,369222,8086,117.737
2023-06-30T04:00:00Z,118.51,119.38,118.14,118.75,351015,7005,118.833
2023-07-03T04:00:00Z,118.68,120.4,118.48,119.47,221909,4527,119.446
2023-07-05T04:00:00Z,118.26,118.26,116.04,117.53,403181,9226,117.568
2023-07-06T04:00:00Z,116.97,117.645,116.43,117.41,352166,8191,117.308
2023-07-07T04:00:00Z,116.91,120.28,116.91,119.43,562310,10415,119.36
2023-07-10T04:00:00Z,119.35,120.36,117.64,117.7,267382,6704,118.038
2023-07-11T04:00:00Z,117.57,118.64,117.57,117.71,199541,5683,117.831
2023-07-12T04:00:00Z,118.6,118.92,117.22,117.35,215769,7450,117.494
2023-07-13T04:00:00Z,115.76,117,115.605,116.94,281246,7788,116.651
2023-07-14T04:00:00Z,117.28,117.28,114.22,114.75,318292,9016,114.871
2023-07-17T04:00:00Z,114.89,117.05,114.14,116.18,200732,7533,116.306
2023-07-18T04:00:00Z,115.98,118.07,115.98,117.39,338642,9549,117.465
2023-07-19T04:00:00Z,117.58,118.57,117.05,118.11,303458,7431,118.01
2023-07-20T04:00:00Z,119,120.18,118.395,119.76,289181,7373,119.497
2023-07-21T04:00:00Z,120.74,120.74,119.39,120.17,248006,7798,120.076
2023-07-24T04:00:00Z,119.87,120.99,119.71,120.41,215776,7430,120.329
2023-07-25T04:00:00Z,120.19,120.98,119.29,120.8,285229,8316,120.57
2023-07-26T04:00:00Z,121.41,123.64,120.735,122.66,400770,8930,122.719
2023-07-27T04:00:00Z,123,123.5,122.29,122.36,375875,9415,122.597
2023-07-28T04:00:00Z,123.27,123.38,121.97,122.03,302019,9126,122.362
2023-07-31T04:00:00Z,122.13,123.02,121.42,121.61,316821,7882,121.863
2023-08-01T04:00:00Z,121.72,122.51,121.25,122.06,214500,7474,122.096
2023-08-02T04:00:00Z,121.71,123.38,121.34,122.75,433292,9957,122.605
2023-08-03T04:00:00Z,114.02,115.56,109.985,112.75,1233608,23945,112.181
2023-08-04T04:00:00Z,112.77,113.92,111.09,111.49,575610,16069,111.71
2023-08-07T04:00:00Z,112.5,115.08,112.5,113.81,348591,11851,113.932
2023-08-08T04:00:00Z,112.71,113.57,111.98,113.35,348766,8939,112.933
2023-08-09T04:00:00Z,113.29,113.81,112.5,112.8,232261,5907,113.021
2023-08-10T04:00:00Z,113.02,113.39,111.79,112.19,387094,8565,112.317
2023-08-11T04:00:00Z,112.14,113.77,111.9,113.49,297870,7923,113.31
2023-08-14T04:00:00Z,113.61,113.7,112.53,113.02,248141,7383,113.049
2023-08-15T04:00:00Z,112.47,112.83,111.55,111.95,434108,10097,112.079
2023-08-16T04:00:00Z,111.88,113.23,111.88,113.14,258924,6645,113.012
2023-08-17T04:00:00Z,113.5,114.41,113.09,113.59,490760,9488,113.793
2023-08-18T04:00:00Z,113.29,114.25,113,114.15,313420,8859,113.909
2023-08-21T04:00:00Z,114.25,115.17,113.45,114.39,375913,8813,114.439
2023-08-22T04:00:00Z,113.96,114.54,112.85,112.87,297131,7505,113.356
2023-08-23T04:00:00Z,112.99,114.1,112.99,113.73,229449,6198,113.666
2023-08-24T04:00:00Z,114.01,115.7,113.44,114.68,216373,6668,114.778
2023-08-25T04:00:00Z,115.29,115.443,114.17,114.69,161582,4722,114.859
2023-08-28T04:00:00Z,114.62,116.42,114.62,115.94,239664,6582,115.793
2023-08-29T04:00:00Z,116.26,116.9,115.5,116.54,192731,6348,116.315
2023-08-30T04:00:00Z,116.54,117.959,116.54,117.65,289302,7350,117.568
2023-08-31T04:00:00Z,118,118.27,115.83,115.92,420610,8156,116.169
2023-09-01T04:00:00Z,116.98,117.99,116.98,117.63,233099,7701,117.644
2023-09-05T04:00:00Z,116.31,116.31,113.65,113.75,455658,12894,114.386
2023-09-06T04:00:00Z,113.25,114.375,113.25,113.45,470604,10900,113.658
2023-09-07T04:00:00Z,113.01,114.07,111.59,111.71,782889,14836,112.179
2023-09-08T04:00:00Z,112.26,112.27,109.625,110.01,702366,17708,110.454
2023-09-11T04:00:00Z,110.49,111.035,108.58,108.81,722294,15527,109.239
2023-09-12T04:00:00Z,109.09,111.6,109.09,111.47,516074,14870,110.932
2023-09-13T04:00:00Z,111.2,111.77,110.66,111.27,342245,9786,111.196
2023-09-14T04:00:00Z,111.98,113.43,111.634,113.36,373289,8154,112.949
2023-09-15T04:00:00Z,112.98,113.57,112.7,113.37,1491189,10220,113.325
2023-09-18T04:00:00Z,113.94,113.94,112.47,113.49,381028,8642,113.383
2023-09-19T04:00:00Z,113.79,114.835,113.79,114.47,219576,5960,114.422
2023-09-20T04:00:00Z,114.71,115.72,114.35,114.41,230719,6827,114.808
2023-09-21T04:00:00Z,114.14,114.7,112.85,113.38,324048,7610,113.518
2023-09-22T04:00:00Z,113.39,114.05,113.17,113.3,192241,5771,113.47
2023-09-25T04:00:00Z,112.84,113.73,112.385,113.33,226849,6121,113.244
2023-09-26T04:00:00Z,112.88,113.3,111.665,111.69,286876,7400,112.028
2023-09-27T04:00:00Z,111.4,112.773,111.2,112.35,289896,7753,112.131
2023-09-28T04:00:00Z,112.79,113.32,112.54,112.57,319943,6800,112.761
2023-09-29T04:00:00Z,112.94,113.3,111.59,111.67,269514,6727,112.001
2023-10-02T04:00:00Z,111.79,111.93,109.82,109.98,280169,6958,110.277
2023-10-03T04:00:00Z,109.55,110.385,108.42,108.74,396818,8555,108.984
2023-10-04T04:00:00Z,108.86,111.14,108.19,111.12,291833,7954,110.373
2023-10-05T04:00:00Z,110.97,112.5,110.97,112.36,216554,6716,112.101
2023-10-06T04:00:00Z,112.27,113.44,111.99,112.49,232463,6275,112.668
2023-10-09T04:00:00Z,112.23,113.07,112.02,112.66,159150,5787,112.59
2023-10-10T04:00:00Z,112.98,113.46,110.33,110.76,452608,11322,111.089
2023-10-11T04:00:00Z,110.44,111.8,110.01,110.65,424706,8761,110.716
2023-10-12T04:00:00Z,109.98,110.38,108.46,109.5,374654,8929,109.391
2023-10-13T04:00:00Z,110.29,111.44,108.75,109.12,488181,11117,109.516
2023-10-16T04:00:00Z,110.13,111.42,109.92,110.78,500678,10857,110.708
2023-10-17T04:00:00Z,110.77,112.52,110.535,112.15,841365,12593,111.772
2023-10-18T04:00:00Z,111.87,112.107,110.9,111.05,266969,7558,111.255
2023-10-19T04:00:00Z,110.57,111.33,108.79,109.1,389663,8760,109.654
2023-10-20T04:00:00Z,109.26,109.89,106.89,106.98,336392,7393,107.547
2023-10-23T04:00:00Z,106.87,106.87,105.22,106.09,462300,9413,106.029
2023-10-24T04:00:00Z,106.64,108.73,106.46,108.5,381493,8752,108.091
2023-10-25T04:00:00Z,108.59,108.95,107.315,108.46,352439,8958,108.182
2023-10-26T04:00:00Z,109.11,111.21,109.11,109.78,304039,8557,110.265
2023-10-27T04:00:00Z,109.34,109.34,106.62,107.41,258737,7126,107.408
2023-10-30T04:00:00Z,108.1,108.65,107.48,108.02,225546,7184,108.084
2023-10-31T04:00:00Z,108.27,109.65,108.27,109.36,288964,7319,109.108
2023-11-01T04:00:00Z,109.77,111.31,109.426,111.12,336847,9168,110.66
2023-11-02T04:00:00Z,110.02,111.08,106.62,108.8,380928,10374,108.389
2023-11-03T04:00:00Z,109.86,110.7,108.98,109.86,337064,9101,109.884
2023-11-06T05:00:00Z,110.05,110.69,109.2,110.37,375202,8391,110.275
2023-11-07T05:00:00Z,110.1,111.39,109.57,111.23,276724,7024,110.876
2023-11-08T05:00:00Z,111.05,111.565,109.1,109.2,267420,7743,109.596
2023-11-09T05:00:00Z,109.54,109.54,108.15,108.28,258588,8502,108.501
2023-11-10T05:00:00Z,107.5,108.7,107.11,108.45,229927,6273,108.205
2023-11-13T05:00:00Z,108.45,108.77,107.73,107.94,262768,7001,108.032
2023-11-14T05:00:00Z,108.44,111.64,108.2,111.56,491588,10885,110.642
2023-11-15T05:00:00Z,111.64,111.861,110.105,110.35,380632,10111,110.797
2023-11-16T05:00:00Z,110.71,110.78,109.57,109.63,447347,10081,109.865
2023-11-17T05:00:00Z,109.82,110.655,108.99,109.16,282457,8847,109.447
2023-11-20T05:00:00Z,108.56,109.78,108.395,109.02,255683,6977,109.071
2023-11-21T05:00:00Z,109.07,110.92,109.07,110.28,187090,7776,110.254
2023-11-22T05:00:00Z,110.88,111.79,110.435,111.63,253324,7409,111.344
2023-11-24T05:00:00Z,112.71,114.05,112.608,113.28,257920,6029,113.483
2023-11-27T05:00:00Z,113.08,114.19,112.74,113.94,382794,9715,113.793
2023-11-28T05:00:00Z,113.5,113.59,111.2,111.28,238363,7464,111.587
2023-11-29T05:00:00Z,111.15,111.575,110.53,110.87,352989,7726,110.955
2023-11-30T05:00:00Z,111.12,114.55,110.87,114.39,625809,9942,113.99
2023-12-01T05:00:00Z,113.8,116.55,113.46,116.46,408993,11135,116.056
2023-12-04T05:00:00Z,116.46,118.3,116.39,116.68,704822,13527,117.112
2023-12-05T05:00:00Z,116.82,117.84,116.1,116.51,805477,11270,116.932
2023-12-06T05:00:00Z,116.94,117.44,115.32,115.39,371640,8094,115.641
2023-12-07T05:00:00Z,115.68,116.455,114.73,115.37,414130,10294,115.379
2023-12-08T05:00:00Z,115.68,115.925,114.73,115.82,275931,9046,115.459
2023-12-11T05:00:00Z,115.83,116.485,115.45,116.45,226977,7203,116.265
2023-12-12T05:00:00Z,116.47,117.935,116.47,117.92,218673,6227,117.754
2023-12-13T05:00:00Z,117.42,119.75,117.315,119.63,404940,8569,119.266
2023-12-14T05:00:00Z,120.57,122.45,120.35,121.9,682169,14630,121.671
2023-12-15T05:00:00Z,120.59,121.61,118.05,118.96,1024113,12012,119.217
2023-12-18T05:00:00Z,119.5,120.37,118.57,120.1,338475,7783,119.928
2023-12-19T05:00:00Z,120.6,121.205,120.305,120.61,384059,7514,120.657
2023-12-20T05:00:00Z,120.3,120.87,118.57,118.64,298593,6387,119.141
2023-12-21T05:00:00Z,118.7,118.98,117.23,118.63,224296,5885,118.385
2023-12-22T05:00:00Z,119.02,119.67,118.33,118.67,221187,5668,118.731
2023-12-26T05:00:00Z,118.24,119.39,117.97,118.82,167745,5114,118.871
2023-12-27T05:00:00Z,117.85,119.1,117.64,119.01,210513,6257,118.609
2023-12-28T05:00:00Z,119.08,119.867,118.95,119.37,170099,5189,119.339
2023-12-29T05:00:00Z,118.88,119.298,118.38,118.89,196978,5869,118.934
2024-01-02T05:00:00Z,119,120.15,118.43,119.39,228418,5961,119.453
2024-01-03T05:00:00Z,119.18,119.38,117.74,117.76,399507,9666,118.287
2024-01-04T05:00:00Z,118.34,121.01,118.34,120.55,453749,8109,120.399
2024-01-05T05:00:00Z,120.67,121.9,120.555,121.19,416897,7730,121.133
2024-01-08T05:00:00Z,121,121.84,119.15,120.31,233421,6301,120.186
2024-01-09T05:00:00Z,119.75,119.81,118,119.14,168031,5036,118.955
2024-01-10T05:00:00Z,118.94,119.131,118.01,118.63,228747,6526,118.549
2024-01-11T05:00:00Z,118.25,119.936,117.745,119.52,299036,7916,119.017
2024-01-12T05:00:00Z,120.56,120.95,118.5,118.83,193321,5430,118.857
2024-01-16T05:00:00Z,118.58,118.6,116.82,117.26,261470,8507,117.359
2024-01-17T05:00:00Z,116.64,118.45,116.61,116.72,274518,5660,116.917
2024-01-18T05:00:00Z,116.44,118.06,115.93,117.93,444415,6835,117.675
2024-01-19T05:00:00Z,119.13,119.745,118.445,119.39,254567,5668,119.274
2024-01-22T05:00:00Z,119.56,120.92,119.53,120.89,259787,5212,120.678
2024-01-23T05:00:00Z,120.89,121.32,118.785,118.9,241318,7701,119.517
2024-01-24T05:00:00Z,119.82,120.86,119.82,120.32,227482,6929,120.375
2024-01-25T05:00:00Z,121,121.44,119.31,120.27,227267,6822,120.124
2024-01-26T05:00:00Z,120.84,121.09,119.69,120.27,215429,5625,120.483
2024-01-29T05:00:00Z,119.89,121.205,119.89,121.17,217767,5718,120.729
2024-01-30T05:00:00Z,121.23,122.39,120.53,121.84,276407,7174,121.852
2024-01-31T05:00:00Z,122.14,122.65,120.38,120.4,399093,9261,121.026
2024-02-01T05:00:00Z,119.76,120.599,116.295,117.48,624003,14792,117.404
2024-02-02T05:00:00Z,118.19,119.52,118,118.39,379794,11283,118.579
2024-02-05T05:00:00Z,117.82,119.102,117.27,118.58,283837,7816,118.457
2024-02-06T05:00:00Z,118.37,120.31,117.45,119.71,524198,11645,119.65
2024-02-07T05:00:00Z,120.43,122.99,115.64,122.24,809848,18420,120.029
2024-02-08T05:00:00Z,119.68,121.33,117.56,120.63,653412,12297,120.266
2024-02-09T05:00:00Z,120.45,122.89,120.23,122.76,419109,10395,122.265
2024-02-12T05:00:00Z,122.95,124.805,122.55,122.58,444617,9197,123.263
2024-02-13T05:00:00Z,122.63,123.12,120.05,120.62,496365,13309,120.989
2024-02-14T05:00:00Z,121.09,123.14,121.09,122.99,355830,9816,122.538
2024-02-15T05:00:00Z,120.71,123.77,120.71,123.52,314380,7320,123.105
2024-02-16T05:00:00Z,123.5,124.6,122.77,123.44,1119063,11391,123.565
2024-02-20T05:00:00Z,122.44,125.48,122.41,123.59,371355,8732,124.049
2024-02-21T05:00:00Z,123.77,124.925,123.32,124.66,351533,7359,124.574
2024-02-22T05:00:00Z,124.75,126.84,124.745,126.49,317712,6826,126.214
2024-02-23T05:00:00Z,126.82,127.39,125.87,126.1,273952,6831,126.407
2024-02-26T05:00:00Z,126,126.97,125.773,126.72,292629,7598,126.597
2024-02-27T05:00:00Z,126.52,126.8,125.685,126.58,250180,6513,126.319
2024-02-28T05:00:00Z,126.45,127.53,126.1,126.94,244160,6237,126.977
2024-02-29T05:00:00Z,127.82,128.12,126.975,127.67,546827,10245,127.617
2024-03-01T05:00:00Z,127.14,128.46,126.58,127.37,273502,7480,127.242
2024-03-04T05:00:00Z,127.47,127.91,126.8,127.37,322402,9007,127.406
2024-03-05T05:00:00Z,127.26,128.33,126.18,127.31,291091,7939,127.349
2024-03-06T05:00:00Z,127.7,128.76,127.12,128.53,298918,6413,128.253
2024-03-07T05:00:00Z,128.8,129.76,128.1,128.5,299511,7122,128.653
2024-03-08T05:00:00Z,128.74,129.64,128.192,128.7,289816,7041,128.871
2024-03-11T04:00:00Z,128.48,129.53,128.22,129.47,365570,8041,129.132
2024-03-12T04:00:00Z,129.19,129.96,128.435,129.87,359953,7696,129.514
2024-03-13T04:00:00Z,130,131,129.745,130.36,282394,6443,130.277
2024-03-14T04:00:00Z,129.98,131.64,129.94,131.49,366845,9215,131.251
2024-03-15T04:00:00Z,130.43,132.47,130.43,132.45,948575,8167,132.234
2024-03-18T04:00:00Z,132.48,132.79,130.07,130.15,309672,8021,130.58
2024-03-19T04:00:00Z,130.44,132.12,130.44,131.6,333058,6671,131.609
2024-03-20T04:00:00Z,131.27,133.405,131.08,132.95,276246,6507,132.641
2024-03-21T04:00:00Z,133.13,133.88,131.91,133.2,385851,7698,133.204
2024-03-22T04:00:00Z,133.47,133.47,130.98,131.17,303539,7470,131.549
2024-03-25T04:00:00Z,132.08,134.51,132.08,134.13,313657,7244,133.922
2024-03-26T04:00:00Z,134,134.9,133.91,134,332171,9613,134.198
2024-03-27T04:00:00Z,134.74,137.03,134.74,136.8,253107,7292,136.317
2024-03-28T04:00:00Z,137.25,137.715,136.36,136.48,208508,5449,136.62
2024-04-01T04:00:00Z,136.49,136.98,134.61,134.77,293154,7401,134.965
2024-04-02T04:00:00Z,134.7,135.53,134.34,135.33,296844,9297,135.142
2024-04-03T04:00:00Z,135.14,135.41,133.09,133.14,306194,8006,133.796
2024-04-04T04:00:00Z,133.91,134.04,131.8,132.3,237809,6001,132.801
2024-04-05T04:00:00Z,132.32,133.23,131.72,132.55,234078,4863,132.559
2024-04-08T04:00:00Z,132.84,134.36,132.35,133.45,179024,5808,133.595
2024-04-09T04:00:00Z,133.75,133.95,130.93,130.98,193586,5506,131.495
2024-04-10T04:00:00Z,130.15,130.74,129.26,129.27,218366,6979,129.59
2024-04-11T04:00:00Z,129.1,129.53,127.79,129.06,254499,8120,128.996
2024-04-12T04:00:00Z,128.21,128.93,126.895,127.31,193413,5511,127.48
2024-04-15T04:00:00Z,129.13,129.13,125.51,126.16,256818,7323,126.327
2024-04-16T04:00:00Z,126.27,127.62,125.06,126.93,401197,9138,126.616
2024-04-17T04:00:00Z,126.65,127.49,124.385,124.57,298789,7472,124.881
2024-04-18T04:00:00Z,125.47,126.34,124.85,125.41,193474,5850,125.426
2024-04-19T04:00:00Z,126.39,128.29,125.89,127.86,207643,6457,127.773
2024-04-22T04:00:00Z,128.56,129.81,127.52,128.85,246545,7168,128.786
2024-04-23T04:00:00Z,129.15,130.23,129,129.71,291652,6587,129.699
2024-04-24T04:00:00Z,128.99,130.07,127.89,129.72,329961,6906,129.235
2024-04-25T04:00:00Z,129.61,130.19,128.29,128.71,367462,6992,129.185
2024-04-26T04:00:00Z,128.25,128.365,126.605,127.34,352251,7045,127.35
2024-04-29T04:00:00Z,127.71,128.84,127.585,127.7,354952,6873,127.992
2024-04-30T04:00:00Z,127.5,127.92,126.43,127.75,258527,8196,127.502
2024-05-01T04:00:00Z,127.57,130.19,127.41,128.74,192470,7429,128.943
2024-05-02T04:00:00Z,129.85,130.46,126.52,127.68,443544,11207,128.025
2024-05-03T04:00:00Z,127.42,128.135,125.485,127.41,246863,8417,127.141
2024-05-06T04:00:00Z,128.03,130.15,128.03,130.06,227902,9816,129.686
2024-05-07T04:00:00Z,129.96,130.89,129.12,129.18,326714,7818,129.396
2024-05-08T04:00:00Z,129.46,130.77,128.25,130.58,294617,7076,130.401
2024-05-09T04:00:00Z,130.12,131.38,130.12,131.17,144353,5956,131.064
2024-05-10T04:00:00Z,131.85,131.85,129.97,131.35,186206,6661,131.32
2024-05-13T04:00:00Z,131.78,132.48,131.04,131.29,190567,6136,131.524
2024-05-14T04:00:00Z,131.77,131.77,130,130.74,214085,7044,130.64
2024-05-15T04:00:00Z,130.81,131.91,130.65,131.15,308791,8973,131.192
2024-05-16T04:00:00Z,131.96,133.96,131.917,133.53,291258,8937,133.47
2024-05-17T04:00:00Z,133.98,134.15,133.23,133.55,230177,6440,133.632
2024-05-20T04:00:00Z,133.63,133.68,132.03,132.32,169449,5792,132.607
2024-05-21T04:00:00Z,132.46,134.02,132.2,132.62,165588,4842,132.8
2024-05-22T04:00:00Z,132.06,132.982,131.03,131.4,189031,5951,131.471
2024-05-23T04:00:00Z,131.17,131.185,128.45,128.57,223681,6451,129.054
2024-05-24T04:00:00Z,128.99,129.245,128.18,129.03,119598,5072,128.889
2024-05-28T04:00:00Z,128.71,129.29,126.45,126.49,178646,5652,126.787
2024-05-29T04:00:00Z,125.91,126.29,124.83,125.35,200621,6521,125.351
2024-05-30T04:00:00Z,125.83,128.03,125.14,127.68,202806,6911,127.461
2024-05-31T04:00:00Z,128.23,129.92,128.141,129.91,369372,5791,129.647
2024-06-03T04:00:00Z,129.91,129.91,127.16,128.79,163374,6681,128.688
2024-06-04T04:00:00Z,128.08,128.625,127.085,127.94,255582,6029,127.888
2024-06-05T04:00:00Z,128.13,128.155,125.5,127.75,237242,7228,127.625
2024-06-06T04:00:00Z,128.08,128.76,127.2,128.64,216285,6267,128.38
2024-06-07T04:00:00Z,128.91,130.1,128.13,128.15,240254,5340,128.478
2024-06-10T04:00:00Z,127.29,127.955,126.46,127.3,205217,7209,127.311
2024-06-11T04:00:00Z,126.75,126.75,124.92,125.39,213326,7196,125.38
2024-06-12T04:00:00Z,126.05,127.03,125.1,125.41,167848,6085,125.68
2024-06-13T04:00:00Z,125.12,125.27,123.66,124.95,185544,5509,124.813
2024-06-14T04:00:00Z,123.89,124.81,123.17,124.14,171838,4766,124.043
2024-06-17T04:00:00Z,124.19,125.07,123.115,125,184877,6286,124.641
2024-06-18T04:00:00Z,125.18,126.61,124.99,126.43,196246,6426,126.242
2024-06-20T04:00:00Z,125.67,127.85,125.67,127.58,213317,5497,127.06
2024-06-21T04:00:00Z,127.83,127.83,125.96,126.29,642807,7580,126.428
2024-06-24T04:00:00Z,126.78,128.09,126.43,126.53,250052,7162,126.847
2024-06-25T04:00:00Z,126.48,126.99,124.635,124.81,246739,6171,125.06
2024-06-26T04:00:00Z,124.26,124.35,122.51,124.3,240798,7504,123.908
2024-06-27T04:00:00Z,124.38,125.88,124.133,125.45,300962,8402,125.344
2024-06-28T04:00:00Z,124.82,125.915,121.97,123.02,647240,11372,123.075
2024-07-01T04:00:00Z,124.62,124.62,122.52,122.93,290167,7632,123.034
2024-07-02T04:00:00Z,122.44,123.68,122.12,123,405818,8258,122.944
2024-07-03T04:00:00Z,123.05,123.31,121.1,121.1,201794,5053,121.679
2024-07-05T04:00:00Z,121.06,121.06,118.97,119.65,773314,8303,119.642
2024-07-08T04:00:00Z,120.56,121.91,120.22,120.9,366290,8038,120.819
2024-07-09T04:00:00Z,120.58,122.53,120.58,121.13,202857,5670,121.319
2024-07-10T04:00:00Z,121.53,123.11,121.29,122.7,248861,6636,122.446
2024-07-11T04:00:00Z,123.62,125.05,122.985,124.47,257323,6465,124.481
2024-07-12T04:00:00Z,125.07,126.5,124.33,126.02,244071,7205,126.031
2024-07-15T04:00:00Z,125.57,127.49,125.57,126.73,301691,7447,126.867
2024-07-16T04:00:00Z,127.5,129.3,127.31,128.82,245760,6794,128.736
2024-07-17T04:00:00Z,128.89,132.56,128.89,132.16,367428,7976,131.897
2024-07-18T04:00:00Z,131.73,134.02,131.06,131.48,208814,6473,132.282
2024-07-19T04:00:00Z,131.16,131.16,124.48,124.92,344214,8951,125.792
2024-07-22T04:00:00Z,125.06,125.61,123.81,124.88,452176,7215,124.938
2024-07-23T04:00:00Z,124.89,125.45,123.5,125.21,315845,8125,124.787
2024-07-24T04:00:00Z,125.41,126.25,124.43,124.56,280498,7207,124.844
2024-07-25T04:00:00Z,124.89,126.515,124.52,124.7,292291,7119,124.946
2024-07-26T04:00:00Z,125.38,128.36,124.75,128,217488,5448,127.183
2024-07-29T04:00:00Z,128.22,128.495,127.43,128.26,243117,5919,128.139
2024-07-30T04:00:00Z,128.85,131.05,128.565,130.93,248256,6678,130.548
2024-07-31T04:00:00Z,131.37,131.45,129.99,130.96,360287,7542,130.97
2024-08-01T04:00:00Z,131.56,132,126.69,128.78,260987,7317,128.379
2024-08-02T04:00:00Z,127.81,128.79,126.11,127.8,410079,10088,127.494
2024-08-05T04:00:00Z,125.8,125.8,122.92,123.39,439064,9637,123.562
2024-08-06T04:00:00Z,123.99,125.825,123.91,124.34,341613,10940,124.636
2024-08-07T04:00:00Z,123.3,125.79,122.475,123.47,290443,8844,123.842
2024-08-08T04:00:00Z,123.63,127.22,123.395,127.19,285839,8596,126.803
2024-08-09T04:00:00Z,126.85,127.45,125.951,127.29,283606,7783,126.956
2024-08-12T04:00:00Z,127.62,127.62,124.95,125.14,193763,8581,125.419
2024-08-13T04:00:00Z,125.73,126.62,124.72,126.59,189190,6316,126.187
2024-08-14T04:00:00Z,126.92,127.75,126.92,127.72,120862,4861,127.589
2024-08-15T04:00:00Z,128.81,129.025,127.51,128.12,195553,5838,128.022
2024-08-16T04:00:00Z,128.36,129.4,128.305,129.12,147767,6062,129.069
2024-08-19T04:00:00Z,129.43,130.165,128.78,129.24,169851,6862,129.297
2024-08-20T04:00:00Z,128.96,128.96,127.82,128.13,125879,5281,128.22
2024-08-21T04:00:00Z,129.04,130.45,128.24,130.04,172719,6323,129.875
2024-08-22T04:00:00Z,130.12,131.1,129.6,130.94,267052,5884,130.83
2024-08-23T04:00:00Z,131.6,132.595,131.04,131.59,183365,5454,131.662
2024-08-26T04:00:00Z,132.35,133.24,131.35,131.49,196534,5501,131.818
2024-08-27T04:00:00Z,131.47,132.045,130.56,130.94,234753,6263,130.932
2024-08-28T04:00:00Z,130.93,133.22,130.63,132.25,147601,4954,132.11
2024-08-29T04:00:00Z,133,133.2,131.433,132.61,177463,6690,132.641
2024-08-30T04:00:00Z,133.04,133.76,132.045,133.62,474449,7089,133.438
2024-09-03T04:00:00Z,133.26,134.75,132.7,133.05,243475,7943,133.321
2024-09-04T04:00:00Z,133.53,134.61,132.37,133.61,239402,6883,133.411
2024-09-05T04:00:00Z,134.12,134.12,132.1,133.06,222652,7424,133.037
2024-09-06T04:00:00Z,132.96,134.26,132.96,134.08,353207,8237,133.898
2024-09-09T04:00:00Z,134.66,137.69,134.65,137.03,383388,12495,136.783
2024-09-10T04:00:00Z,137.12,137.95,133.92,134.7,338090,10326,134.845
2024-09-11T04:00:00Z,134.07,134.07,131.505,132.53,241588,8438,132.48
2024-09-12T04:00:00Z,132.5,133.38,131.66,133.24,241428,6865,133.047
2024-09-13T04:00:00Z,133.79,134.47,133.48,134.27,210761,7312,134.077
2024-09-16T04:00:00Z,135.03,136.58,135.03,136.12,299189,9674,136.042
2024-09-17T04:00:00Z,136.19,137.28,135.32,136.52,326745,9996,136.591
2024-09-18T04:00:00Z,136.41,137.29,135.33,135.54,310647,9055,135.744
2024-09-19T04:00:00Z,136.72,137.078,134.63,136.63,374222,10336,136.487
2024-09-20T04:00:00Z,137.08,137.32,135.56,135.62,1595166,12501,135.767
2024-09-23T04:00:00Z,135.87,137.095,135.388,136.89,222586,7104,136.805
2024-09-24T04:00:00Z,136.38,136.84,135.56,135.91,232899,7141,135.981
2024-09-25T04:00:00Z,136.7,137.17,134.99,135.28,265855,7409,135.35
2024-09-26T04:00:00Z,135.46,136.967,135.06,136.27,265888,8280,136.188
2024-09-27T04:00:00Z,136.56,137.21,135,135.12,186491,6435,135.57
2024-09-30T04:00:00Z,135.38,135.38,133.555,134.6,260714,6810,134.427
2024-10-01T04:00:00Z,134.64,136.44,133.86,135.34,263206,7728,135.461
2024-10-02T04:00:00Z,135.78,136.1,134.67,134.84,275351,7061,134.984
2024-10-03T04:00:00Z,134.72,134.88,133.075,134.58,264899,7073,134.432
2024-10-04T04:00:00Z,135.05,138.72,135.05,138.65,274258,8199,137.734
2024-10-07T04:00:00Z,138.07,138.2,134.015,135.07,436618,11119,135.211
2024-10-08T04:00:00Z,136.01,136.42,135.07,135.72,205346,6284,135.808
2024-10-09T04:00:00Z,135.32,138.09,135.32,137.23,265108,7469,137.253
2024-10-10T04:00:00Z,138.23,138.81,135.15,135.9,252223,6537,136.045
2024-10-11T04:00:00Z,136.31,137.46,135.44,135.94,346400,9260,136.079
2024-10-14T04:00:00Z,136.16,137.568,135,137.22,225630,5628,137.094
2024-10-15T04:00:00Z,136.48,137.868,134.93,134.95,303713,8237,135.545
2024-10-16T04:00:00Z,135.65,137.24,134.62,134.94,304223,9455,135.162
2024-10-17T04:00:00Z,136.09,138.41,135.85,137.93,334457,9606,137.506
2024-10-18T04:00:00Z,137.95,138.59,135.49,136.32,314600,7672,136.361
2024-10-21T04:00:00Z,136.29,136.29,133.63,133.68,229286,7047,134.188
2024-10-22T04:00:00Z,133,133.115,130.79,132.19,313678,7571,132.161
2024-10-23T04:00:00Z,131.88,132.74,131.1,132.02,335819,9584,132.049
2024-10-24T04:00:00Z,131.96,132.96,131.93,132.61,284113,8169,132.539
2024-10-25T04:00:00Z,132.58,132.58,129.105,129.41,249818,8415,129.862
2024-10-28T04:00:00Z,130.72,131.29,129.93,129.97,192705,6956,130.322
2024-10-29T04:00:00Z,129.7,130.49,128.55,128.68,257408,8459,128.828
2024-10-30T04:00:00Z,129.13,130.5,128.6,130.39,277776,8932,130.223
2024-10-31T04:00:00Z,130.63,131,128.76,128.93,333586,9519,129.232
2024-11-01T04:00:00Z,129.2,130.4,127.61,127.71,303464,9728,128.037
2024-11-04T05:00:00Z,127.63,127.71,125.975,126.81,293475,9837,126.676
2024-11-05T05:00:00Z,127,127.76,126.25,127.44,240569,8776,127.191
2024-11-06T05:00:00Z,132.71,134.1,130.56,133.8,578278,14739,132.916
2024-11-07T05:00:00Z,134,135.77,132.99,134.24,363480,10592,134.597
2024-11-08T05:00:00Z,134.51,138.82,133.525,138.77,393793,12272,138.112
2024-11-11T05:00:00Z,140,142.71,139.145,142.21,427815,11738,141.848
2024-11-12T05:00:00Z,142.07,143.7,141.27,143.5,373215,9414,143.227
2024-11-13T05:00:00Z,143.45,144.81,142.5,143.79,263122,8396,143.777
2024-11-14T05:00:00Z,143.82,144.4,141.1,142.01,351092,10012,141.995
2024-11-15T05:00:00Z,138.27,139.17,137.08,137.82,428284,10108,137.804
2024-11-18T05:00:00Z,138.31,140.155,136.98,139.64,467664,10716,139.263
2024-11-19T05:00:00Z,138.06,138.63,136.435,138.42,418513,10756,138.075
2024-11-20T05:00:00Z,139.03,140.88,137.97,140.76,302260,8474,139.999
2024-11-21T05:00:00Z,141.09,144.29,140.08,143.79,377378,10088,143.224
2024-11-22T05:00:00Z,143.52,147.01,143.52,146.47,519091,13797,146.25
2024-11-25T05:00:00Z,146.7,149.121,146.35,149.08,1727712,14526,148.942
2024-11-26T05:00:00Z,148.58,149.05,146.792,148.06,362081,10098,148.189
2024-11-27T05:00:00Z,149.37,150.19,147.663,147.93,415812,9491,148.581
2024-11-29T05:00:00Z,148.11,148.73,146.62,146.86,190750,4291,147.114
2024-12-02T05:00:00Z,147,147,143.575,143.91,409825,10803,144.083
2024-12-03T05:00:00Z,143.9,144.67,141.805,142.03,357776,10755,142.298
2024-12-04T05:00:00Z,141.69,143.47,140.76,142.89,355089,9942,142.358
2024-12-05T05:00:00Z,143.41,145.445,143.26,144.41,286819,8938,144.47
2024-12-06T05:00:00Z,144.41,145.62,142.15,142.98,284069,8664,143.027
2024-12-09T05:00:00Z,142.85,143.435,141.22,142,333364,7005,141.876
2024-12-10T05:00:00Z,141.64,142.05,136.59,139.24,272005,8048,139.087
2024-12-11T05:00:00Z,139.33,140.615,138.225,139.98,540266,7676,139.891
2024-12-12T05:00:00Z,140.19,141.19,138.904,139.05,217549,7654,139.39
2024-12-13T05:00:00Z,140.25,140.41,138.6,139.91,230127,7220,139.847
2024-12-16T05:00:00Z,139.93,141.25,139.14,139.79,240033,7984,139.846
2024-12-17T05:00:00Z,138.52,139.63,137.26,137.91,240375,7292,137.939
2024-12-18T05:00:00Z,137.85,138.52,134.57,134.64,410133,9820,135.628
2024-12-19T05:00:00Z,135.44,137.805,135.44,136.46,392550,11241,136.673
2024-12-20T05:00:00Z,136.5,138.508,135.51,136.98,1149192,9165,137.117
2024-12-23T05:00:00Z,136.11,137.84,135.766,137.29,182215,7044,137.024
2024-12-24T05:00:00Z,137,138.36,136.97,138.33,82614,2921,137.694
2024-12-26T05:00:00Z,138.24,138.89,137.665,138.16,171255,5110,138.155
2024-12-27T05:00:00Z,137.37,138.26,136.365,137,160239,4736,137.076
2024-12-30T05:00:00Z,135.99,136.9,134.55,136.04,137347,4966,136.087
2024-12-31T05:00:00Z,135.81,137.435,135.81,136.93,220126,6179,136.784
2025-01-02T05:00:00Z,137.45,137.84,135.27,135.42,262502,7142,135.789
2025-01-03T05:00:00Z,136.74,136.74,134.705,135,237131,7730,135.214
2025-01-06T05:00:00Z,134.68,135.779,132.11,132.38,326288,9206,133.052
2025-01-07T05:00:00Z,132.4,133.34,131.23,132.19,329674,9240,132.35
2025-01-08T05:00:00Z,131.43,132.57,130.19,132.26,224167,8838,132.093
2025-01-10T05:00:00Z,129.79,130.816,127.6,129.86,394316,10678,129.722
2025-01-13T05:00:00Z,128.67,131.62,128.67,131.31,258858,7432,131.052
2025-01-14T05:00:00Z,130.72,134.19,130.17,134,250548,7361,133.202
2025-01-15T05:00:00Z,136,136.38,135.232,135.95,238713,6543,135.869
2025-01-16T05:00:00Z,135.83,137.86,135.83,137.75,215905,6870,137.378
2025-01-17T05:00:00Z,137.69,138.13,135.13,135.13,219963,8340,135.826
2025-01-21T05:00:00Z,135.56,136.695,134.35,135.14,321249,9517,135.085
2025-01-22T05:00:00Z,135.78,135.78,133.79,134.2,162346,5932,134.391
2025-01-23T05:00:00Z,133.77,134.09,132.48,133.8,322992,11069,133.44
2025-01-24T05:00:00Z,133.82,135.18,132.725,135.09,285466,7701,134.603
2025-01-27T05:00:00Z,136.15,138.9,134.935,138.45,239406,7954,137.936
2025-01-28T05:00:00Z,138.57,139.18,136.95,137.02,198257,7044,137.388
2025-01-29T05:00:00Z,136.86,138.62,136.86,137.4,291850,9058,137.653
2025-01-30T05:00:00Z,138.52,139.16,137.66,138.17,249537,7406,138.355
2025-01-31T05:00:00Z,137.8,138.4,135.68,136.56,415516,9860,136.721
2025-02-03T05:00:00Z,134.74,138,134.25,136.7,657617,12556,136.563
2025-02-04T05:00:00Z,136.63,138.11,135.74,136.02,447209,11522,136.526
2025-02-05T05:00:00Z,132,133,126.75,127.54,1148748,23852,128.713
2025-02-06T05:00:00Z,127.61,129.05,125.415,128.65,972279,19075,128.031
2025-02-07T05:00:00Z,127.65,127.93,125.19,126.57,656698,16017,126.496
2025-02-10T05:00:00Z,126.1,127.11,125.645,126.54,406274,13479,126.481
2025-02-11T05:00:00Z,126.41,127.78,125.49,127.13,491357,11442,126.79
2025-02-12T05:00:00Z,126,126.638,125,125.05,295789,10257,125.436
2025-02-13T05:00:00Z,125.35,125.66,123.96,124.32,525063,12885,124.518
2025-02-14T05:00:00Z,124.87,125.26,122.84,123.28,546466,11169,123.613
2025-02-18T05:00:00Z,123.15,124.49,122.49,122.98,625687,14017,123.105
2025-02-19T05:00:00Z,122.67,123.085,120.7,121.9,751486,14391,121.92
2025-02-20T05:00:00Z,121.3,121.63,119.43,120.79,553171,14483,120.714
2025-02-21T05:00:00Z,120.95,121.1,119.23,119.82,728563,14208,119.945
2025-02-24T05:00:00Z,120.07,121.64,119.77,120.2,688198,19375,120.447
2025-02-25T05:00:00Z,121.14,123.14,120.805,122.42,1022174,19447,122.025
2025-02-26T05:00:00Z,122.42,123.6,121.39,122.99,585845,13826,122.562
2025-02-27T05:00:00Z,122.96,125.4,122.6,125.19,289451,10552,125.01
2025-02-28T05:00:00Z,126.52,126.99,124.48,126.28,603332,13296,125.889
2025-03-03T05:00:00Z,126.65,128.98,126.181,128.54,529825,15540,128.162
2025-03-04T05:00:00Z,127.41,127.92,125.22,125.83,503109,12840,126.342
2025-03-05T05:00:00Z,126.03,127.445,124.66,126.63,368884,9281,126.394
2025-03-06T05:00:00Z,125.93,128.38,125.26,127.98,646539,14448,127.558
2025-03-07T05:00:00Z,127.47,129.01,126.97,127.15,578462,14890,127.545
2025-03-10T04:00:00Z,127.2,128.87,126.07,126.68,690811,15883,127.074
2025-03-11T04:00:00Z,127.08,127.08,124.73,125.25,638290,15580,125.594
2025-03-12T04:00:00Z,125.4,125.88,122.58,123.72,701637,16772,123.678
2025-03-13T04:00:00Z,124.29,125.763,123.95,125,482665,14268,125.004
2025-03-14T04:00:00Z,125.55,127.44,125.15,127.26,646541,15237,126.964
2025-03-17T04:00:00Z,124.56,126.66,124.55,126.52,521762,13590,126.011
2025-03-18T04:00:00Z,126.22,127.34,125.2,125.48,503612,13910,125.796
2025-03-19T04:00:00Z,125.48,125.57,123.54,125.22,589660,13873,125.045
2025-03-20T04:00:00Z,124.85,125.9,124.4,125.19,518324,12739,125.201
2025-03-21T04:00:00Z,124.38,125.83,124.013,124.73,4213665,17226,124.761
2025-03-24T04:00:00Z,125.2,128.19,125.2,127.92,621032,14636,127.477
2025-03-25T04:00:00Z,128.62,128.715,126.39,128.06,432747,10585,128.052
2025-03-26T04:00:00Z,129.03,130.23,127.8,127.88,443404,11050,128.327
2025-03-27T04:00:00Z,128.7,128.7,126.735,127.77,432616,10596,127.721
2025-03-28T04:00:00Z,128.69,131.85,128.505,130.04,624233,16797,129.915
2025-03-31T04:00:00Z,129.79,133.04,129.435,131.34,770266,17545,131.472
2025-04-01T04:00:00Z,131.29,132.56,130.19,132.11,479517,14046,131.865
2025-04-02T04:00:00Z,130.95,132.66,130.69,132.12,587825,14564,132.113
2025-04-03T04:00:00Z,129.87,132.295,129.53,130.28,629913,17812,130.661
2025-04-04T04:00:00Z,127.47,127.81,120.495,121.81,510400,18698,123.127
2025-04-07T04:00:00Z,119.13,122.61,114.9,116.9,731664,19106,117.355
2025-04-08T04:00:00Z,120.46,121.41,115.56,117.13,598502,14495,118.3
2025-04-09T04:00:00Z,114.73,125.69,114.73,125.26,605647,15334,121.738
2025-04-10T04:00:00Z,124.09,126.445,122.63,124.94,565386,13720,124.682
2025-04-11T04:00:00Z,125.07,126.48,122.57,125.72,553919,12893,125.251
2025-04-14T04:00:00Z,127.07,129.775,126.9,128.51,415536,9809,128.632
2025-04-15T04:00:00Z,128.31,129.3,126.76,127.04,286593,8762,127.319
2025-04-16T04:00:00Z,128.63,129.15,126.603,127.39,425885,10390,127.769
2025-04-17T04:00:00Z,127.78,129.2,126.84,127.97,431054,12202,128.181
2025-04-21T04:00:00Z,127.95,127.95,124.462,125.46,307292,8699,125.533
2025-04-22T04:00:00Z,127.2,129.9,126.76,129.55,226362,10076,129.133
2025-04-23T04:00:00Z,129.89,131.18,127.55,128.47,331029,11043,128.639
2025-04-24T04:00:00Z,127.87,129.435,127.345,129.13,293439,9280,128.888
2025-04-25T04:00:00Z,128.13,128.68,125.45,126.49,378022,10859,126.438
2025-04-28T04:00:00Z,127.03,128.16,126.54,127.31,257097,8645,127.193
2025-04-29T04:00:00Z,126.68,128.31,126.08,128.04,249041,7183,127.877
2025-04-30T04:00:00Z,128.04,128.04,124.435,126.66,444904,9931,126.405
2025-05-01T04:00:00Z,124.88,127.15,123.956,126.11,568311,14566,126.161
2025-05-02T04:00:00Z,127.26,130.1,126.38,129.69,305142,10043,129.11
2025-05-05T04:00:00Z,129.11,130.66,128.46,129.11,262123,7968,129.465
2025-05-06T04:00:00Z,128.42,130.25,128.34,129.97,395398,10725,129.846
2025-05-07T04:00:00Z,124,125.77,121.49,121.99,1021666,22123,122.627
2025-05-08T04:00:00Z,122.37,124.06,122.1,122.8,549856,16297,122.947
2025-05-09T04:00:00Z,122.62,123.2,121.64,121.82,531505,13224,122.146
2025-05-12T04:00:00Z,122.59,123.57,121.725,123.47,460578,13019,123.087
2025-05-13T04:00:00Z,123.73,125.29,123.3,124.25,447470,12128,124.341
2025-05-14T04:00:00Z,123.79,124.82,121.52,122.02,663392,18027,122.159
2025-05-15T04:00:00Z,122.02,124.46,122.02,124.19,295773,8697,123.728
2025-05-16T04:00:00Z,124.42,126.96,124.26,126.62,358809,11117,126.251
2025-05-19T04:00:00Z,126.43,127.43,126.12,127.14,277686,8673,127.047
2025-05-20T04:00:00Z,126.64,127.38,125.66,125.72,311042,8454,125.993
2025-05-21T04:00:00Z,124.8,125,122.835,122.86,365751,11079,123.394
2025-05-22T04:00:00Z,122.97,123.285,120.52,121.4,454843,11645,121.497
2025-05-23T04:00:00Z,120.62,122,120.596,121.54,411471,10907,121.489
2025-05-27T04:00:00Z,122.42,123.555,121.18,123.43,368970,11337,123.196
2025-05-28T04:00:00Z,123.13,123.716,121.44,121.63,405376,12651,122.005
2025-05-29T04:00:00Z,121.77,123.01,121.48,122.99,295954,9703,122.546
2025-05-30T04:00:00Z,121.85,124.08,121.85,123.98,886517,12996,123.813
2025-06-02T04:00:00Z,123.2,124.89,122.56,124.85,414031,9921,124.24
2025-06-03T04:00:00Z,124.75,125.06,122.6,124.53,421861,12628,124.482
2025-06-04T04:00:00Z,124.97,125.87,123.73,123.78,515836,13659,124.36
2025-06-05T04:00:00Z,123.84,123.84,122.4,123.06,536036,13185,123.088
2025-06-06T04:00:00Z,124.34,125.66,123.845,125.16,400696,12326,125.114
2025-06-09T04:00:00Z,125.01,125.055,121.75,124.62,421700,13001,123.739
2025-06-10T04:00:00Z,124.34,124.79,123.35,123.85,387609,12903,123.888
2025-06-11T04:00:00Z,123.68,124.09,122.585,122.95,582684,13800,123.235
2025-06-12T04:00:00Z,122.41,125.43,122.105,125.36,456408,12344,124.497
2025-06-13T04:00:00Z,124.25,125.54,123.433,123.87,612655,15748,124.229
2025-06-16T04:00:00Z,124.5,125.41,123.36,123.97,541569,15741,124.395
2025-06-17T04:00:00Z,123.2,124.04,121.98,123.51,696128,17484,123.158
2025-06-18T04:00:00Z,123.24,125.01,122.645,122.69,694980,15141,123.546
2025-06-20T04:00:00Z,123.26,124.51,122.79,123.82,703172,12227,123.735
2025-06-23T04:00:00Z,124,126.19,123.59,126.08,305660,10857,125.407
2025-06-24T04:00:00Z,126.27,126.86,125.13,126.13,509982,10748,126.129
2025-06-25T04:00:00Z,125.85,125.85,122.35,122.68,489801,13453,123.009
2025-06-26T04:00:00Z,123.04,124.445,122.823,124.37,474382,15737,123.929
2025-06-27T04:00:00Z,124.37,125.82,123.71,124.92,965775,12734,124.919
2025-06-30T04:00:00Z,124.9,126.49,124.44,126.21,376579,10905,125.987
2025-07-01T04:00:00Z,125.93,126.97,125.055,126.63,498287,15290,126.551
2025-07-02T04:00:00Z,126.42,126.97,122.84,125.24,546278,15473,124.726
2025-07-03T04:00:00Z,127,127.58,125.01,127.43,376546,8846,127.304
2025-07-07T04:00:00Z,126.82,127.75,126.09,126.41,513034,12028,126.557
2025-07-08T04:00:00Z,125.9,127.37,125.2,125.69,733337,16547,125.962
2025-07-09T04:00:00Z,125.8,126.49,124.38,126.22,564831,11030,125.901
2025-07-10T04:00:00Z,126.08,128.39,125.93,127.76,395055,10920,127.532
2025-07-11T04:00:00Z,127.16,127.42,126.215,126.32,394388,9468,126.705
2025-07-14T04:00:00Z,126.32,128.38,126.105,128.38,411313,11178,127.697
2025-07-15T04:00:00Z,126.89,127.55,125.41,126,635747,13645,125.968
2025-07-16T04:00:00Z,126.7,127.611,124.81,125.42,704363,16779,125.745
2025-07-17T04:00:00Z,124.98,127.57,124.815,127.34,549647,14057,126.954
2025-07-18T04:00:00Z,127.39,128.895,127.13,127.46,383333,10390,127.527
2025-07-21T04:00:00Z,127.6,128.035,125.79,125.83,394788,10181,126.471
2025-07-22T04:00:00Z,126.38,129.155,126.115,128.51,471486,11611,128.346
2025-07-23T04:00:00Z,129.56,129.56,127.37,128.39,286701,8451,128.227
2025-07-24T04:00:00Z,127.7,128.09,125.68,125.77,397085,10960,126.088
2025-07-25T04:00:00Z,125.91,126.5,125.48,126.21,536693,13644,126.114
2025-07-28T04:00:00Z,126.34,126.735,124.76,124.98,443948,9304,125.216
2025-07-29T04:00:00Z,126,126.93,124.99,125.7,396316,11092,125.799
2025-07-30T04:00:00Z,126.12,126.6,123.21,123.8,383486,12220,124.168
2025-07-31T04:00:00Z,122.98,126.22,122.98,124.9,461824,12697,125.237
2025-08-01T04:00:00Z,124.38,124.6,122.11,122.42,601005,14639,122.548
2025-08-04T04:00:00Z,123.35,124.119,122.735,123.6,545946,15304,123.587
2025-08-05T04:00:00Z,123.86,125.335,123.3,124.32,650910,16172,124.378
2025-08-06T04:00:00Z,122.88,130.165,122.88,127.66,685168,15951,127.647
2025-08-07T04:00:00Z,127.83,128.9,126.385,127.91,695605,16147,127.492
2025-08-08T04:00:00Z,128.55,129.68,127.84,129.34,716764,17678,129.064
2025-08-11T04:00:00Z,129.72,130,128.12,128.37,348056,9747,128.554
2025-08-12T04:00:00Z,128.7,131,128.01,130.78,347921,12528,130.096
2025-08-13T04:00:00Z,131.05,133.93,130.384,133.8,348400,9455,133.12
2025-08-14T04:00:00Z,133.78,133.87,131.88,133.35,412242,11574,133.121
2025-08-15T04:00:00Z,133.59,133.605,131.385,131.66,346334,9427,132.159
2025-08-18T04:00:00Z,131.55,131.55,130.205,130.39,401752,9132,130.456
2025-08-19T04:00:00Z,130.58,132.77,130.57,132.75,266645,6935,132.21
2025-08-20T04:00:00Z,133.75,134.702,133.24,134.11,458913,10008,134.144
2025-08-21T04:00:00Z,133.9,134.57,132.625,133.06,391478,8815,133.478
2025-08-22T04:00:00Z,133.84,135.59,133.435,134.61,249671,7488,134.649
2025-08-25T04:00:00Z,134.3,134.675,133.15,133.59,224618,8105,133.601
2025-08-26T04:00:00Z,133.35,134.4,133.13,134.3,422276,10383,134.118
2025-08-27T04:00:00Z,133.74,137.04,133.481,136.09,646459,12633,136.197
2025-08-28T04:00:00Z,136.03,136.7,135.245,136.58,429386,13936,136.382
2025-08-29T04:00:00Z,136.94,137.73,135.49,135.86,364132,9969,136.02
2025-09-02T04:00:00Z,135.98,136.9,134.66,136.87,336993,10317,136.581
2025-09-03T04:00:00Z,136.05,137.51,135.755,137.42,372866,9566,137.166
2025-09-04T04:00:00Z,138.29,139.75,137.46,139.68,629194,13754,139.139
2025-09-05T04:00:00Z,139.34,139.98,137.39,138.65,513172,14187,138.407
2025-09-08T04:00:00Z,137.99,138.42,136.77,137.66,575368,14097,137.658
2025-09-09T04:00:00Z,137.3,138.82,136.83,138.38,424158,11687,138.15
2025-09-10T04:00:00Z,137.33,138.23,136.67,137.19,467794,15129,137.372
2025-09-11T04:00:00Z,136.93,140.34,136.3,140.14,554074,14842,139.258
2025-09-12T04:00:00Z,139.71,140.77,139.115,139.86,309913,9520,139.992
2025-09-15T04:00:00Z,139.62,140.5,138.21,139.32,486313,13249,139.401
2025-09-16T04:00:00Z,138.15,138.99,137.54,138.68,625048,14201,138.481
2025-09-17T04:00:00Z,139.08,141.115,138.66,139.04,573620,14816,139.471
2025-09-18T04:00:00Z,138.5,141.56,138.5,140.79,475681,12814,140.596
2025-09-19T04:00:00Z,141.43,141.7,139.73,141.27,1253293,13739,141.236
2025-09-22T04:00:00Z,141.66,142.86,139.47,142.3,371734,10850,142.229
2025-09-23T04:00:00Z,142.72,144.492,142.26,143.53,476591,12468,143.569
2025-09-24T04:00:00Z,143.24,144.92,143.21,144.45,463506,11557,144.331
2025-09-25T04:00:00Z,144.83,145.77,142.87,143.14,456094,11562,143.501
2025-09-26T04:00:00Z,144.16,145.93,144.16,145.24,382061,11275,145.179
2025-09-29T04:00:00Z,145.27,145.625,143.785,144.54,408484,11371,144.484
2025-09-30T04:00:00Z,144.39,146.48,143,145.72,585699,13840,145.595
2025-10-01T04:00:00Z,145.6,147.08,144.847,146.5,535948,14094,146.461
2025-10-02T04:00:00Z,145.8,147.43,143.89,147.1,399600,13674,146.784
2025-10-03T04:00:00Z,147.1,149.35,146.07,148.71,420326,11555,148.684
2025-10-06T04:00:00Z,150,150.02,147.52,147.73,563708,14083,148.314
2025-10-07T04:00:00Z,148.37,148.985,146.72,146.84,321873,9928,147.245
2025-10-08T04:00:00Z,147.33,147.88,146.35,147.29,320999,10328,147.184
2025-10-09T04:00:00Z,147.46,147.46,143.05,143.36,434711,11798,143.903
2025-10-10T04:00:00Z,143.71,143.71,136.83,137.55,850498,21679,138.677
2025-10-13T04:00:00Z,137.12,139.1,136.13,138.34,423451,17647,138.354
2025-10-14T04:00:00Z,137.8,141.148,137.565,140.8,494847,13492,140.115
2025-10-15T04:00:00Z,138.87,139.42,135.2,136.48,431949,13629,136.748
2025-10-16T04:00:00Z,134.72,135.52,130.915,131.31,444544,15498,131.717
2025-10-17T04:00:00Z,131.42,132.03,130.7,131.11,385314,11093,131.141
2025-10-20T04:00:00Z,131.3,132.165,130.135,130.57,332416,11041,130.588
2025-10-21T04:00:00Z,130.76,131.5,129.988,130.94,471993,11604,130.976
2025-10-22T04:00:00Z,131.55,132.8,130.61,132.45,523906,14455,132.205
2025-10-23T04:00:00Z,133.52,133.895,131.67,133.6,310426,10139,133.46
2025-10-24T04:00:00Z,133.88,134.39,132.03,132.22,261496,9629,132.445
2025-10-27T04:00:00Z,132.68,133.18,132.07,133.02,310252,9934,132.749
2025-10-28T04:00:00Z,132.45,133.005,130.64,130.82,230909,10411,131.265
2025-10-29T04:00:00Z,129.94,130.66,129.21,129.81,368325,12599,129.881
2025-10-30T04:00:00Z,129.79,132.05,129.685,131.01,321549,12587,130.995
2025-10-31T04:00:00Z,130.1,131.85,129.2,131.68,669596,12697,131.226
2025-11-03T05:00:00Z,130.74,131.563,128.715,130.38,436910,15483,130.089
2025-11-04T05:00:00Z,130.75,132.295,130.02,131.5,569796,16940,131.309
2025-11-05T05:00:00Z,133.32,138.74,132.68,135.18,594587,16326,136.228
2025-11-06T05:00:00Z,136.78,141.865,136.59,141.42,762905,22706,140.925
2025-11-07T05:00:00Z,141,143.16,135.18,143.06,545971,15754,142.432
2025-11-10T05:00:00Z,142.47,143.34,140,142.25,620777,13901,142.118
2025-11-11T05:00:00Z,142.26,143.64,141.43,142.37,422217,10636,142.481
2025-11-12T05:00:00Z,142.57,143.6,140.29,142.05,642745,12464,142.331
2025-11-13T05:00:00Z,141.96,143.41,141.25,143.19,553267,12755,142.953
2025-11-14T05:00:00Z,142.78,144.295,141.84,142.44,521376,12025,142.739
2025-11-17T05:00:00Z,140.75,141.03,138.28,138.89,384695,10704,139.004
2025-11-18T05:00:00Z,138.08,139.33,137,138.44,391898,11202,138.488
2025-11-19T05:00:00Z,138.29,139.11,136.2,136.76,432414,10974,137
2025-11-20T05:00:00Z,137.73,139.06,136.56,137.15,301954,9228,137.337
2025-11-21T05:00:00Z,137.99,139.14,137.13,138.28,485362,10979,138.302
2025-11-24T05:00:00Z,138.25,138.33,135.841,136.21,515694,10252,136.304
2025-11-25T05:00:00Z,136.99,138.07,136.565,137.55,389708,10826,137.648
2025-11-26T05:00:00Z,137.5,138.56,137.2,137.26,335746,9807,137.658
2025-11-28T05:00:00Z,137.26,138.75,137.15,137.72,208615,6793,138.027
2025-12-01T05:00:00Z,137.47,138.075,135.03,135.38,321718,9953,135.714
2025-12-02T05:00:00Z,135.48,136.67,133.1,133.21,401689,9799,133.688
2025-12-03T05:00:00Z,133.16,133.975,130,131.7,374342,10436,131.55
2025-12-04T05:00:00Z,131.01,133.47,131.01,133.34,423663,12318,133.031
2025-12-05T05:00:00Z,133.18,135.134,131.15,132.57,391299,10599,132.511
2025-12-08T05:00:00Z,132.1,133.68,130.972,132.38,444571,12917,132.897
2025-12-09T05:00:00Z,132.65,134.56,132.65,132.81,309496,10910,133.335
2025-12-10T05:00:00Z,132.37,133.59,132.18,133.06,472923,10091,133.046
2025-12-11T05:00:00Z,133.45,136.66,133.364,136.07,566290,10250,135.978
2025-12-12T05:00:00Z,137,137.61,136.002,137.23,322313,10244,137.133
2025-12-15T05:00:00Z,138.29,138.42,136.6,137.45,406864,10702,137.302
2025-12-16T05:00:00Z,138.32,138.32,134.93,136.35,413421,10733,136.444
2025-12-17T05:00:00Z,135.8,138.13,134.72,137.97,533307,12255,137.411
2025-12-18T05:00:00Z,137.65,138.295,136.2,137.94,562218,11377,137.731
2025-12-19T05:00:00Z,137.54,138.225,136.548,137.46,731006,9030,137.38
2025-12-22T05:00:00Z,136.55,138.64,136.24,137.95,336737,9704,137.83
2025-12-23T05:00:00Z,138.17,139.035,137.91,138.27,255668,8644,138.359
2025-12-24T05:00:00Z,138.17,138.665,137.09,138.09,108641,4137,138.157
2025-12-26T05:00:00Z,137.97,138.6,137.41,138.16,225679,7028,138.002
2025-12-29T05:00:00Z,138.36,138.465,137.695,137.94,276877,9172,138.019
2025-12-30T05:00:00Z,138.47,139.75,137.59,137.87,245832,8487,137.948
2025-12-31T05:00:00Z,137.79,137.89,136.535,136.68,337361,8793,136.856
