timestamp,open,high,low,close,volume,tradeCount,vwap
2016-01-04T05:00:00Z,12.67,12.74,11.92,12.56,308737,2959,12.3705
2016-01-05T05:00:00Z,12,12.13,10.58,10.78,1371689,8556,11.0328
2016-01-06T05:00:00Z,10.45,10.55,9.55,9.6,1416134,8264,9.91784
2016-01-07T05:00:00Z,8.54,8.9,8.46,8.66,5396216,26446,8.65643
2016-01-08T05:00:00Z,8.77,9.04,8.51,8.51,1902393,10360,8.76337
2016-01-11T05:00:00Z,8.63,8.73,7.93,8.18,1164670,7708,8.2754
2016-01-12T05:00:00Z,8.37,8.49,7.77,8.26,670847,4927,8.15532
2016-01-13T05:00:00Z,8.22,8.58,7.7,7.79,788585,5824,7.96006
2016-01-14T05:00:00Z,7.9,8.27,7.55,8.04,588973,4800,7.97809
2016-01-15T05:00:00Z,7.76,7.94,7.51,7.75,1299772,4971,7.73062
2016-01-19T05:00:00Z,7.91,8.08,7.45,7.78,925341,6245,7.67009
2016-01-20T05:00:00Z,7.26,8.21,7.26,8,748521,5729,7.72821
2016-01-21T05:00:00Z,7.91,8.21,7.48,7.51,747863,5338,7.66564
2016-01-22T05:00:00Z,7.44,7.89,7.3,7.77,867664,5508,7.64286
2016-01-25T05:00:00Z,7.83,8.17,7.7,7.86,654653,5242,7.91543
2016-01-26T05:00:00Z,7.97,8.075,7.45,7.69,551721,4068,7.73454
2016-01-27T05:00:00Z,7.7,7.8,7.44,7.5,530561,4498,7.56077
2016-01-28T05:00:00Z,7.54,7.735,7.3,7.35,467805,4605,7.44057
2016-01-29T05:00:00Z,7.31,7.64,7.19,7.33,1925393,5894,7.30992
2016-02-01T05:00:00Z,7.3,7.85,7.19,7.74,406472,3580,7.54052
2016-02-02T05:00:00Z,7.56,7.66,7.33,7.45,300822,2520,7.44954
2016-02-03T05:00:00Z,7.44,7.63,7.2,7.59,378446,3474,7.45533
2016-02-04T05:00:00Z,7.5,8.117,7.5,7.71,226805,2286,7.72516
2016-02-05T05:00:00Z,7.64,7.87,7.3801,7.44,348599,2840,7.49876
2016-02-08T05:00:00Z,7.3,7.52,7.07,7.15,510389,4378,7.18435
2016-02-09T05:00:00Z,7.03,7.53,7.02,7.14,268893,2415,7.23466
2016-02-10T05:00:00Z,7.19,7.775,7.05,7.23,272871,2569,7.41641
2016-02-11T05:00:00Z,7.02,7.43,7.02,7.24,199556,1658,7.23319
2016-02-12T05:00:00Z,7.31,7.75,7.12,7.69,202548,1648,7.52354
2016-02-16T05:00:00Z,7.81,8.02,7.74,7.96,247709,1895,7.92888
2016-02-17T05:00:00Z,8.05,8.3099,7.8925,8.25,299642,1844,8.20078
2016-02-18T05:00:00Z,8.22,8.28,7.72,7.83,188451,1394,7.99801
2016-02-19T05:00:00Z,7.78,7.9336,7.5,7.85,205456,1345,7.8296
2016-02-22T05:00:00Z,7.85,8.15,7.68,7.7,259612,1992,7.78976
2016-02-23T05:00:00Z,7.72,7.93,7.27,7.32,381523,2445,7.43657
2016-02-24T05:00:00Z,7.19,7.47,7.02,7.45,213725,1623,7.23858
2016-02-25T05:00:00Z,7.46,7.68,7.22,7.45,113527,1052,7.39024
2016-02-26T05:00:00Z,7.48,7.6,7.3,7.47,137928,1178,7.47569
2016-02-29T05:00:00Z,7.5,7.66,7.28,7.3,224419,2229,7.40511
2016-03-01T05:00:00Z,7.42,7.69,7.2,7.51,254582,2097,7.50921
2016-03-02T05:00:00Z,7.59,7.805,7.315,7.64,295024,2335,7.65536
2016-03-03T05:00:00Z,7.61,7.81,7.51,7.65,241132,1903,7.64038
2016-03-04T05:00:00Z,7.61,8.03,7.48,7.82,253710,2034,7.79435
2016-03-07T05:00:00Z,7.76,8.32,7.75,8.17,258341,2171,8.15195
2016-03-08T05:00:00Z,8.1,8.26,7.92,7.94,234979,1850,8.03321
2016-03-09T05:00:00Z,7.94,8.41,7.52,8.3,723438,4110,8.02551
2016-03-10T05:00:00Z,8.42,8.7,8.17,8.25,553154,3806,8.45453
2016-03-11T05:00:00Z,8.25,8.7,8.25,8.66,560651,3739,8.54442
2016-03-14T04:00:00Z,8.87,8.88,8.46,8.76,391170,2597,8.71122
2016-03-15T04:00:00Z,8.24,8.9,7.58,8.45,1308841,7723,8.40898
2016-03-16T04:00:00Z,8.84,8.88,8.09,8.37,545380,4223,8.39531
2016-03-17T04:00:00Z,8.39,8.39,7.82,8.15,448210,3234,8.0612
2016-03-18T04:00:00Z,8.22,8.72,8.15,8.66,659286,2960,8.52932
2016-03-21T04:00:00Z,8.65,8.95,8.64,8.72,341099,2383,8.8059
2016-03-22T04:00:00Z,8.68,8.985,8.62,8.9,260959,1406,8.89045
2016-03-23T04:00:00Z,8.85,8.93,8.42,8.5,240865,1498,8.55187
2016-03-24T04:00:00Z,8.5,8.82,8.31,8.67,190808,1330,8.62507
2016-03-28T04:00:00Z,8.65,8.786,8.405,8.68,135576,975,8.64063
2016-03-29T04:00:00Z,8.6,9.01,8.3674,9.01,421553,1755,8.90129
2016-03-30T04:00:00Z,9.08,9.25,8.78,8.92,418058,2661,9.05506
2016-03-31T04:00:00Z,8.94,9.38,8.878,9.01,560099,2542,9.09698
2016-04-01T04:00:00Z,8.91,9.35,8.781,9.3,345407,2379,9.23284
2016-04-04T04:00:00Z,9.3,9.73,9.29,9.54,315993,2390,9.54918
2016-04-05T04:00:00Z,9.4,9.82,9.3,9.62,313434,1817,9.61935
2016-04-06T04:00:00Z,9.62,9.99,9.62,9.785,312951,2266,9.8113
2016-04-07T04:00:00Z,9.76,9.95,9.614,9.68,222781,1726,9.73232
2016-04-08T04:00:00Z,9.72,9.72,9.35,9.56,136858,1001,9.53347
2016-04-11T04:00:00Z,9.63,9.75,9.38,9.53,150010,1186,9.51845
2016-04-12T04:00:00Z,9.51,9.75,9.2,9.49,165808,1157,9.49783
2016-04-13T04:00:00Z,9.55,9.8,9.39,9.73,283936,1751,9.67934
2016-04-14T04:00:00Z,9.75,9.98,9.51,9.89,169127,1382,9.77349
2016-04-15T04:00:00Z,9.82,9.98,9.55,9.94,196678,1464,9.87005
2016-04-18T04:00:00Z,9.84,9.95,9.62,9.69,151489,1536,9.76265
2016-04-19T04:00:00Z,9.72,9.85,9.37,9.42,114971,1076,9.49157
2016-04-20T04:00:00Z,9.4,9.57,9.17,9.33,153930,1192,9.34202
2016-04-21T04:00:00Z,9.35,9.85,9.34,9.57,187555,1339,9.57752
2016-04-22T04:00:00Z,9.53,9.77,9.32,9.69,147380,1282,9.61537
2016-04-25T04:00:00Z,9.71,9.738,9.45,9.55,89569,845,9.5795
2016-04-26T04:00:00Z,9.51,9.64,9.2,9.41,233264,1785,9.38352
2016-04-27T04:00:00Z,9.41,9.4819,9.22,9.34,164842,1833,9.34783
2016-04-28T04:00:00Z,9.37,9.76,9.22,9.41,176631,1349,9.55028
2016-04-29T04:00:00Z,9.41,9.6,9.23,9.39,183154,1223,9.36928
2016-05-02T04:00:00Z,9.39,9.54,9.19,9.5,328682,2542,9.4112
2016-05-03T04:00:00Z,9.42,9.61,9.3,9.36,159411,1390,9.38599
2016-05-04T04:00:00Z,9.34,9.43,9.02,9.17,305799,3138,9.17027
2016-05-05T04:00:00Z,9.2,9.22,9.01,9.04,261699,1958,9.0665
2016-05-06T04:00:00Z,8.54,8.89,7.6,8.36,854912,6332,8.22459
2016-05-09T04:00:00Z,8.28,8.64,8.2,8.27,308116,2549,8.36254
2016-05-10T04:00:00Z,8.28,8.51,8.21,8.34,408817,3441,8.30737
2016-05-11T04:00:00Z,8.29,8.5,7.98,8.02,247733,2080,8.27614
2016-05-12T04:00:00Z,8.08,8.08,7.55,7.71,248703,2014,7.7338
2016-05-13T04:00:00Z,7.66,7.9,7.66,7.78,147628,1173,7.78212
2016-05-16T04:00:00Z,7.77,8.255,7.72,8.24,199612,1487,8.12682
2016-05-17T04:00:00Z,8.18,8.41,8.02,8.08,240274,1905,8.20311
2016-05-18T04:00:00Z,8.01,8.335,8.0001,8.21,132070,1228,8.18176
2016-05-19T04:00:00Z,8.17,8.3,7.92,8.06,83852,890,8.06126
2016-05-20T04:00:00Z,8.07,8.36,7.98,8.25,154314,1221,8.23044
2016-05-23T04:00:00Z,8.24,8.59,8.18,8.4,138181,1219,8.45976
2016-05-24T04:00:00Z,8.41,8.71,8.285,8.62,219548,1700,8.59115
2016-05-25T04:00:00Z,8.63,9.15,8.49,8.93,509901,3158,8.92208
2016-05-26T04:00:00Z,8.95,8.97,8.56,8.83,177623,1629,8.79453
2016-05-27T04:00:00Z,8.87,8.92,8.64,8.8,184272,1374,8.8011
2016-05-31T04:00:00Z,8.81,9.1,8.75,8.91,309227,1948,8.94027
2016-06-01T04:00:00Z,8.9,9.05,8.83,8.99,179944,1650,8.99595
2016-06-02T04:00:00Z,8.8723,9.18,8.8723,9.08,265236,2021,9.06224
2016-06-03T04:00:00Z,9.08,9.08,8.54,8.84,197706,1269,8.75437
2016-06-06T04:00:00Z,8.85,8.98,8.655,8.76,242072,1582,8.81269
2016-06-07T04:00:00Z,8.67,8.78,8.51,8.6,298748,1560,8.64071
2016-06-08T04:00:00Z,8.59,8.75,8.48,8.66,190091,1515,8.65871
2016-06-09T04:00:00Z,8.6,8.72,8.45,8.48,161016,1367,8.53044
2016-06-10T04:00:00Z,8.4,8.55,8.3,8.37,134566,1280,8.37106
2016-06-13T04:00:00Z,8.31,8.6,8.23,8.41,194737,2411,8.41399
2016-06-14T04:00:00Z,8.37,8.55,8.22,8.35,150124,1624,8.32318
2016-06-15T04:00:00Z,8.35,8.7,8.35,8.49,128786,1049,8.5356
2016-06-16T04:00:00Z,8.41,8.63,8.32,8.56,122425,1119,8.51359
2016-06-17T04:00:00Z,8.56,8.56,7.91,7.95,485652,2475,8.22451
2016-06-20T04:00:00Z,7.99,7.99,7.23,7.58,766786,3490,7.55233
2016-06-21T04:00:00Z,7.58,7.6,7.25,7.41,509939,3820,7.43811
2016-06-22T04:00:00Z,7.33,7.69,7.1004,7.33,460161,3842,7.36656
2016-06-23T04:00:00Z,7.33,7.79,7.33,7.79,210531,1566,7.60107
2016-06-24T04:00:00Z,7.3,7.69,7.11,7.47,1167397,2379,7.45697
2016-06-27T04:00:00Z,7.23,7.45,7,7.24,307568,2396,7.18464
2016-06-28T04:00:00Z,7.23,7.79,7.23,7.67,267069,1849,7.64364
2016-06-29T04:00:00Z,7.76,7.76,7.31,7.42,378494,3098,7.46666
2016-06-30T04:00:00Z,7.43,7.54,7.3,7.48,209233,1480,7.45242
2016-07-01T04:00:00Z,7.52,7.81,7.31,7.63,145149,1109,7.64476
2016-07-05T04:00:00Z,7.55,7.8499,7.36,7.5,228155,2504,7.51957
2016-07-06T04:00:00Z,7.48,7.99,7.36,7.96,134461,1224,7.88938
2016-07-07T04:00:00Z,8.03,8.18,7.89,8.1,182161,1656,8.07373
2016-07-08T04:00:00Z,8.13,8.83,8.11,8.8,297684,2593,8.59838
2016-07-11T04:00:00Z,8.81,8.96,8.66,8.69,218323,1916,8.78059
2016-07-12T04:00:00Z,8.72,8.94,8.7,8.87,242470,2298,8.83071
2016-07-13T04:00:00Z,8.93,9.01,8.75,8.79,554851,2669,8.9148
2016-07-14T04:00:00Z,8.83,8.88,8.365,8.57,413309,2702,8.67551
2016-07-15T04:00:00Z,8.64,8.77,8.08,8.56,159571,1216,8.59111
2016-07-18T04:00:00Z,8.6,8.65,8.35,8.45,120370,1113,8.47624
2016-07-19T04:00:00Z,8.45,8.47,8.17,8.2,95548,791,8.25777
2016-07-20T04:00:00Z,8.21,8.5,8.15,8.46,99233,909,8.42492
2016-07-21T04:00:00Z,8.47,8.73,8.47,8.6,119451,1211,8.60764
2016-07-22T04:00:00Z,8.61,8.88,8.47,8.62,140581,1200,8.62365
2016-07-25T04:00:00Z,8.6,8.73,8.4838,8.57,81200,676,8.57416
2016-07-26T04:00:00Z,8.55,8.73,8.5,8.71,98908,976,8.62066
2016-07-27T04:00:00Z,8.71,9.21,8.71,9.18,251490,1400,9.05152
2016-07-28T04:00:00Z,9.17,9.18,8.91,9.01,138490,1221,9.01557
2016-07-29T04:00:00Z,9.01,9.01,8.83,8.95,138357,1098,8.93692
2016-08-01T04:00:00Z,8.94,9.21,8.83,8.98,179009,1396,9.01909
2016-08-02T04:00:00Z,8.96,9.1065,8.6,8.75,715292,2023,8.65381
2016-08-03T04:00:00Z,8.74,9,8.74,8.89,171979,1525,8.86704
2016-08-04T04:00:00Z,8.95,9.1,8.6,8.64,134230,1286,8.81816
2016-08-05T04:00:00Z,8.68,9.03,8.65,8.81,261520,1868,8.86853
2016-08-08T04:00:00Z,8.85,9.06,8.7,8.73,125908,1283,8.78588
2016-08-09T04:00:00Z,8.42,8.57,7.76,8,493498,3743,8.05962
2016-08-10T04:00:00Z,8.16,8.16,7.64,7.89,309803,2605,7.85578
2016-08-11T04:00:00Z,7.92,8.09,7.73,7.95,240199,2029,7.95016
2016-08-12T04:00:00Z,7.96,8.13,7.96,8.08,167670,1357,8.06445
2016-08-15T04:00:00Z,8.08,8.32,8.05,8.08,127077,1128,8.16774
2016-08-16T04:00:00Z,8.03,8.11,7.9,8,120243,757,7.98616
2016-08-17T04:00:00Z,7.91,8,7.86,7.9,127950,890,7.91646
2016-08-18T04:00:00Z,7.9,8.15,7.845,7.98,65068,623,7.95797
2016-08-19T04:00:00Z,7.95,8.11,7.82,7.95,134991,780,7.94007
2016-08-22T04:00:00Z,7.99,8.35,7.9,8.22,161595,1072,8.17131
2016-08-23T04:00:00Z,8.29,8.46,8.04,8.42,106035,633,8.3673
2016-08-24T04:00:00Z,8.44,8.58,7.9621,8.03,173599,1800,8.20775
2016-08-25T04:00:00Z,8.02,8.28,7.93,8.09,121376,1546,8.07215
2016-08-26T04:00:00Z,8.16,8.23,7.9,8.11,142595,1317,8.04572
2016-08-29T04:00:00Z,8.03,8.23,7.9,8.12,112754,807,8.09537
2016-08-30T04:00:00Z,8.1,8.32,8,8.3,115061,911,8.23025
2016-08-31T04:00:00Z,8.28,8.4,7.89,8.13,171362,1039,8.11065
2016-09-01T04:00:00Z,8.12,8.17,7.95,8.11,108096,832,8.07828
2016-09-02T04:00:00Z,8.13,8.23,7.91,8.23,99587,855,8.16028
2016-09-06T04:00:00Z,8.23,8.5,8.15,8.38,528515,2237,8.30113
2016-09-07T04:00:00Z,8.44,8.61,8.23,8.44,229582,1601,8.42082
2016-09-08T04:00:00Z,8.46,8.53,8.15,8.4,154845,960,8.42732
2016-09-09T04:00:00Z,8.23,8.39,8.181,8.28,214218,1538,8.27359
2016-09-12T04:00:00Z,8.2,8.52,8.2,8.48,151086,868,8.42634
2016-09-13T04:00:00Z,8.37,8.5,8.2001,8.36,76374,668,8.35272
2016-09-14T04:00:00Z,8.37,8.66,8.23,8.54,105300,907,8.51322
2016-09-15T04:00:00Z,8.55,8.68,8.41,8.58,217406,1450,8.6143
2016-09-16T04:00:00Z,8.58,9.01,8.5,8.98,632329,1871,8.8276
2016-09-19T04:00:00Z,9.25,9.36,8.82,9.06,239810,1382,9.09228
2016-09-20T04:00:00Z,9.17,9.36,9.06,9.25,485791,2160,9.22771
2016-09-21T04:00:00Z,9.25,9.35,8.9,9.33,205581,1734,9.21676
2016-09-22T04:00:00Z,9.35,9.38,9.16,9.25,172434,1403,9.26445
2016-09-23T04:00:00Z,9.33,9.33,8.701,9.14,125844,906,9.17962
2016-09-26T04:00:00Z,9.1,9.2899,8.95,8.98,148980,1037,9.08602
2016-09-27T04:00:00Z,9,9.25,8.95,9.09,102573,751,9.0954
2016-09-28T04:00:00Z,9.08,9.14,8.9399,9.08,147911,1014,9.06965
2016-09-29T04:00:00Z,9.13,9.25,8.7,8.72,157057,1145,8.87818
2016-09-30T04:00:00Z,8.77,9.085,8.56,9.05,172393,1185,8.99971
2016-10-03T04:00:00Z,9.08,9.13,8.84,8.96,110515,918,8.947
2016-10-04T04:00:00Z,9.01,9.08,8.92,8.96,65777,495,8.99479
2016-10-05T04:00:00Z,9.05,9.11,8.71,9.06,105981,778,9.06287
2016-10-06T04:00:00Z,9.03,9.06,8.8,8.87,111738,843,8.8879
2016-10-07T04:00:00Z,8.87,8.94,8.7001,8.86,132414,1045,8.82174
2016-10-10T04:00:00Z,8.9,9.1,8.84,9.08,177428,1230,9.06389
2016-10-11T04:00:00Z,8.97,9.01,8.6102,8.76,120886,964,8.7587
2016-10-12T04:00:00Z,8.74,8.77,8.27,8.43,96874,1256,8.44607
2016-10-13T04:00:00Z,8.32,8.5,8.23,8.28,108018,1082,8.32703
2016-10-14T04:00:00Z,8.37,8.46,7.74,8.1,172066,1341,8.11352
2016-10-17T04:00:00Z,8.08,8.08,7.91,7.96,100202,689,7.9706
2016-10-18T04:00:00Z,8.07,8.2,7.74,8.03,110017,780,8.06389
2016-10-19T04:00:00Z,8.07,8.11,7.88,8.02,122546,868,8.0178
2016-10-20T04:00:00Z,8,8.34,7.89,8.2,131764,1081,8.16463
2016-10-21T04:00:00Z,8.13,8.25,8.03,8.09,70696,524,8.11556
2016-10-24T04:00:00Z,8.14,8.14,7.86,7.89,61149,463,7.93704
2016-10-25T04:00:00Z,7.91,7.92,7.71,7.81,64879,572,7.80567
2016-10-26T04:00:00Z,7.81,7.8201,7.67,7.71,77891,617,7.72675
2016-10-27T04:00:00Z,7.78,7.86,7.53,7.63,104579,674,7.66363
2016-10-28T04:00:00Z,7.59,7.705,7.4,7.58,131223,1273,7.55367
2016-10-31T04:00:00Z,7.84,7.84,7.43,7.52,118303,842,7.5126
2016-11-01T04:00:00Z,7.5,7.59,7.43,7.49,96453,860,7.48729
2016-11-02T04:00:00Z,7.74,7.74,7.31,7.33,108767,845,7.36165
2016-11-03T04:00:00Z,7.5,7.5,7.16,7.19,135390,1307,7.2452
2016-11-04T04:00:00Z,7.24,7.59,7.24,7.37,135556,1024,7.37403
2016-11-07T05:00:00Z,7.57,7.87,7.44,7.63,175380,1431,7.73595
2016-11-08T05:00:00Z,7.84,7.98,7.67,7.8,118912,1291,7.8132
2016-11-09T05:00:00Z,8.21,8.65,7.9,8.63,307043,4789,8.4687
2016-11-10T05:00:00Z,8.83,9.2,8.57,8.63,412671,4422,8.81594
2016-11-11T05:00:00Z,8.66,8.88,8.4,8.77,414870,3247,8.71384
2016-11-14T05:00:00Z,8.87,8.96,8.74,8.9,460224,3484,8.85868
2016-11-15T05:00:00Z,9.14,9.14,8.63,8.65,271065,2463,8.85301
2016-11-16T05:00:00Z,8.6,8.99,8.57,8.85,206223,1896,8.86321
2016-11-17T05:00:00Z,8.72,9.04,8.72,8.98,270454,2265,8.92168
2016-11-18T05:00:00Z,9.03,9.04,8.84,8.96,158732,1331,8.94494
2016-11-21T05:00:00Z,8.93,9.02,8.81,8.99,119241,1179,8.95195
2016-11-22T05:00:00Z,9,9.05,8.88,8.98,128538,1168,8.9657
2016-11-23T05:00:00Z,8.89,9.1,8.77,9.09,129854,1245,8.99762
2016-11-25T05:00:00Z,9.17,9.17,9,9.09,55424,418,9.09395
2016-11-28T05:00:00Z,9.06,9.06,8.8,8.91,120869,1174,8.90586
2016-11-29T05:00:00Z,8.95,8.98,8.79,8.84,67636,773,8.8758
2016-11-30T05:00:00Z,8.89,9,8.6,8.61,79849,702,8.69495
2016-12-01T05:00:00Z,8.65,8.79,8.45,8.48,110498,1009,8.5073
2016-12-02T05:00:00Z,8.47,8.6,8.22,8.47,76493,660,8.49512
2016-12-05T05:00:00Z,8.56,8.75,8.445,8.5,134433,1034,8.5483
2016-12-06T05:00:00Z,8.52,8.63,8.445,8.56,116480,1103,8.55201
2016-12-07T05:00:00Z,8.42,8.49,8.13,8.38,99490,1139,8.32819
2016-12-08T05:00:00Z,8.37,8.53,8.26,8.52,128302,1038,8.45
2016-12-09T05:00:00Z,8.61,8.79,8.53,8.57,131263,1117,8.64636
2016-12-12T05:00:00Z,8.47,8.59,8.3,8.33,144101,1269,8.42834
2016-12-13T05:00:00Z,8.34,8.535,8.1883,8.24,135395,1046,8.31316
2016-12-14T05:00:00Z,8.16,8.25,7.78,7.87,234552,1559,7.93253
2016-12-15T05:00:00Z,7.88,8.15,7.7972,8.07,261490,1360,8.04964
2016-12-16T05:00:00Z,8.09,8.34,8.09,8.3,428048,1101,8.20387
2016-12-19T05:00:00Z,8.26,8.525,8.26,8.35,116069,1039,8.41986
2016-12-20T05:00:00Z,10.55,10.7,9.36,9.97,2714558,13763,10.0767
2016-12-21T05:00:00Z,9.99,11.07,9.8701,10.19,925170,5718,10.4707
2016-12-22T05:00:00Z,10.19,10.7343,9.97,10.09,495396,3294,10.2914
2016-12-23T05:00:00Z,10.06,10.6,10.06,10.59,408055,2420,10.4675
2016-12-27T05:00:00Z,10.93,10.97,10.27,10.27,276252,1844,10.541
2016-12-28T05:00:00Z,10.35,10.62,10.12,10.3,236294,1491,10.3454
2016-12-29T05:00:00Z,10.3,10.59,10.2313,10.36,130672,951,10.3834
2016-12-30T05:00:00Z,10.41,10.52,10.24,10.41,169520,1132,10.4043
2017-01-03T05:00:00Z,10.66,10.67,9.92,10.5,414905,2508,10.3446
2017-01-04T05:00:00Z,10.61,10.6915,10.43,10.5,358511,2163,10.555
2017-01-05T05:00:00Z,10.5,10.62,10.28,10.55,370276,2084,10.53
2017-01-06T05:00:00Z,10.45,10.6601,10.45,10.55,456696,2480,10.5687
2017-01-09T05:00:00Z,10.52,10.65,10.44,10.48,266003,1960,10.5224
2017-01-10T05:00:00Z,10.48,10.555,10.26,10.47,164914,1294,10.4375
2017-01-11T05:00:00Z,10.29,10.45,9.9,10.19,394372,3298,10.1604
2017-01-12T05:00:00Z,10.13,10.25,9.83,10.05,284006,2446,10.0161
2017-01-13T05:00:00Z,10.11,10.24,9.86,9.94,199138,1589,10.0179
2017-01-17T05:00:00Z,9.93,10.12,9.62,9.7,198545,1625,9.73908
2017-01-18T05:00:00Z,9.73,9.81,9.62,9.73,175812,1601,9.74671
2017-01-19T05:00:00Z,9.74,9.76,9.41,9.53,172076,1681,9.54671
2017-01-20T05:00:00Z,9.54,9.68,9.4,9.54,145967,1262,9.53978
2017-01-23T05:00:00Z,9.43,9.5,9.07,9.28,166149,1219,9.26299
2017-01-24T05:00:00Z,9.29,9.652,8.96,9.49,371050,2660,9.36097
2017-01-25T05:00:00Z,9.48,9.7,9.38,9.67,150643,1261,9.57057
2017-01-26T05:00:00Z,9.67,9.81,9.56,9.78,167702,1598,9.73041
2017-01-27T05:00:00Z,9.78,9.92,9.71,9.88,165426,1056,9.86587
2017-01-30T05:00:00Z,9.83,10,9.6,9.8,197543,1468,9.79928
2017-01-31T05:00:00Z,9.7,10.1,9.58,10.03,215095,1650,9.92447
2017-02-01T05:00:00Z,10.05,10.05,9.8,9.93,122199,1205,9.94236
2017-02-02T05:00:00Z,9.81,9.86,9.51,9.66,195878,1695,9.67192
2017-02-03T05:00:00Z,9.75,10,9.67,9.99,111085,762,9.91114
2017-02-06T05:00:00Z,9.97,10.09,9.91,10.01,291159,1478,10.0053
2017-02-07T05:00:00Z,10,10.07,9.78,9.88,170256,1422,9.97589
2017-02-08T05:00:00Z,9.81,9.81,9.6,9.69,125883,1217,9.70725
2017-02-09T05:00:00Z,9.74,9.89,9.66,9.84,138253,1191,9.78084
2017-02-10T05:00:00Z,9.85,9.99,9.63,9.86,142045,950,9.82902
2017-02-13T05:00:00Z,9.95,10.23,9.82,10.01,511668,1701,10.0389
2017-02-14T05:00:00Z,10.11,10.2399,10.01,10.14,264658,1372,10.1537
2017-02-15T05:00:00Z,10.26,10.7,10.17,10.42,504242,2993,10.4577
2017-02-16T05:00:00Z,10.46,10.6,10.22,10.51,239231,1999,10.4548
2017-02-17T05:00:00Z,10.5,10.5,10.31,10.4,288503,1815,10.3924
2017-02-21T05:00:00Z,10.27,10.4592,9.93,10.14,188789,1141,10.1731
2017-02-22T05:00:00Z,10.13,10.15,9.955,10.01,129268,863,10.0317
2017-02-23T05:00:00Z,9.99,10,9.78,9.93,143643,1207,9.90282
2017-02-24T05:00:00Z,9.85,9.98,9.775,9.94,135368,1229,9.88364
2017-02-27T05:00:00Z,9.91,10.24,9.91,10.15,249956,1865,10.1308
2017-02-28T05:00:00Z,10.2,10.24,9.95,10.02,246208,1514,10.0464
2017-03-01T05:00:00Z,10.18,10.25,9.94,10.2,247277,1612,10.1021
2017-03-02T05:00:00Z,10.15,10.55,9.99,10.13,256955,1811,10.2583
2017-03-03T05:00:00Z,10.17,10.27,10,10.23,200176,1313,10.135
2017-03-06T05:00:00Z,10.11,10.3,9.9906,10.25,461209,2798,10.1341
2017-03-07T05:00:00Z,9.8,9.82,8.5801,8.94,1353306,8740,9.0166
2017-03-08T05:00:00Z,9.08,9.11,8.65,8.96,398513,3231,8.94571
2017-03-09T05:00:00Z,9.02,9.32,8.96,9.26,312808,2543,9.19833
2017-03-10T05:00:00Z,9.36,9.44,9.1,9.28,376584,2854,9.24239
2017-03-13T04:00:00Z,9.26,9.4,9.13,9.31,436237,3858,9.24821
2017-03-14T04:00:00Z,9.27,9.27,9.01,9.14,274059,2109,9.11335
2017-03-15T04:00:00Z,9.16,9.45,9.1,9.28,207876,1622,9.27911
2017-03-16T04:00:00Z,9.32,9.54,9.13,9.31,171163,1231,9.32778
2017-03-17T04:00:00Z,9.24,9.37,9.16,9.26,288250,1018,9.25911
2017-03-20T04:00:00Z,9.27,9.35,9.13,9.26,123885,1115,9.26955
2017-03-21T04:00:00Z,9.29,9.31,8.8521,8.96,349305,2803,9.02493
2017-03-22T04:00:00Z,8.94,9.16,8.92,9.12,161989,1298,9.06768
2017-03-23T04:00:00Z,9.1,9.22,9.02,9.1,146750,1537,9.14644
2017-03-24T04:00:00Z,9.14,9.38,9.05,9.11,179895,1209,9.15651
2017-03-27T04:00:00Z,9.03,9.25,9.03,9.23,127248,1089,9.18597
2017-03-28T04:00:00Z,9.28,9.2988,9,9.16,156823,1329,9.15507
2017-03-29T04:00:00Z,9.17,9.21,9.1,9.14,116474,1048,9.15584
2017-03-30T04:00:00Z,9.16,9.25,9.05,9.23,214902,1394,9.17053
2017-03-31T04:00:00Z,9.21,9.29,9.18,9.2,141602,992,9.21378
2017-04-03T04:00:00Z,9.21,9.24,8.94,8.97,328222,1758,9.07284
2017-04-04T04:00:00Z,8.96,9.02,8.69,8.8,308031,2053,8.81078
2017-04-05T04:00:00Z,8.84,9.18,8.76,9.09,369794,2524,9.08579
2017-04-06T04:00:00Z,9.1,9.17,8.83,9.15,218019,2114,9.06154
2017-04-07T04:00:00Z,9.13,9.19,9.02,9.18,230962,1882,9.12609
2017-04-10T04:00:00Z,9.18,9.38,9.17,9.25,175025,1799,9.29076
2017-04-11T04:00:00Z,9.23,9.29,9.0761,9.19,109201,1175,9.17218
2017-04-12T04:00:00Z,9.17,9.24,9.08,9.1,95649,1061,9.14916
2017-04-13T04:00:00Z,9.09,9.24,9.05,9.07,97458,954,9.12575
2017-04-17T04:00:00Z,9.06,9.13,9.02,9.06,108515,1097,9.06479
2017-04-18T04:00:00Z,9.04,9.12,9,9.09,147076,1211,9.07029
2017-04-19T04:00:00Z,9.11,9.2,9.0301,9.12,155823,1633,9.12601
2017-04-20T04:00:00Z,9.14,9.22,9.05,9.13,150907,1374,9.14047
2017-04-21T04:00:00Z,9.11,9.29,9.03,9.1,199636,1470,9.13598
2017-04-24T04:00:00Z,9.2,9.4,9.16,9.31,184088,1419,9.30777
2017-04-25T04:00:00Z,9.38,9.53,9.34,9.37,548900,2464,9.40021
2017-04-26T04:00:00Z,11.94,13.94,11.0801,12.5,20966587,86059,12.9654
2017-04-27T04:00:00Z,12.6,13.49,12.5542,13.23,4874561,19202,13.0821
2017-04-28T04:00:00Z,13.36,13.92,13,13.18,2543210,12426,13.4804
2017-05-01T04:00:00Z,13.16,13.39,12.79,13.04,1071004,6780,13.0054
2017-05-02T04:00:00Z,12.99,13.09,12.21,12.8,769787,4921,12.6555
2017-05-03T04:00:00Z,12.7,12.95,12.61,12.79,483822,3663,12.7978
2017-05-04T04:00:00Z,12.81,12.93,12.541,12.79,302986,2191,12.7394
2017-05-05T04:00:00Z,12.88,12.88,12.47,12.62,346658,2155,12.6329
2017-05-08T04:00:00Z,12.62,12.8,12.33,12.42,389241,2985,12.507
2017-05-09T04:00:00Z,12.4,12.51,12.28,12.44,345384,2734,12.3817
2017-05-10T04:00:00Z,12.1,12.38,11.79,12.13,761183,6450,12.0709
2017-05-11T04:00:00Z,12,12.27,11.91,12.16,478180,4378,12.1127
2017-05-12T04:00:00Z,12.17,12.73,12.12,12.69,511311,4229,12.6264
2017-05-15T04:00:00Z,12.73,13,12.66,12.9,878292,5280,12.9024
2017-05-16T04:00:00Z,14.86,15.88,14.68,15.01,6753087,31844,15.312
2017-05-17T04:00:00Z,14.9,14.95,14.07,14.43,1597213,9842,14.4895
2017-05-18T04:00:00Z,14.47,14.73,14.05,14.39,762825,5420,14.3411
2017-05-19T04:00:00Z,14.42,14.72,14.14,14.25,459931,3536,14.3252
2017-05-22T04:00:00Z,14.24,14.325,13.7,13.93,438176,3173,13.9263
2017-05-23T04:00:00Z,13.9,14.039,13.64,13.95,404950,3128,13.896
2017-05-24T04:00:00Z,13.92,14.26,13.7,14.24,455518,3330,14.0863
2017-05-25T04:00:00Z,14.3,14.37,13.84,13.85,336496,2952,14.0241
2017-05-26T04:00:00Z,13.8,13.831,13.36,13.43,332614,2433,13.5478
2017-05-30T04:00:00Z,13.37,13.52,13.02,13.47,318804,2492,13.3396
2017-05-31T04:00:00Z,13.53,13.65,13.15,13.4,248494,2271,13.3768
2017-06-01T04:00:00Z,13.5,13.56,13.22,13.5,351015,2436,13.448
2017-06-02T04:00:00Z,13.51,14.03,13.47,13.82,300930,2370,13.7938
2017-06-05T04:00:00Z,13.77,13.83,13.13,13.2,307458,2543,13.3182
2017-06-06T04:00:00Z,13.15,13.43,13.05,13.38,293614,2538,13.2918
2017-06-07T04:00:00Z,13.36,13.47,13,13.2,268132,1765,13.2017
2017-06-08T04:00:00Z,13.16,13.59,13.12,13.44,233034,1837,13.3939
2017-06-09T04:00:00Z,13.46,14.17,13.28,13.92,460080,3503,13.8717
2017-06-12T04:00:00Z,13.95,14.36,13.67,13.81,408610,3256,14.0071
2017-06-13T04:00:00Z,13.82,14.26,13.761,14.1,282246,2530,14.092
2017-06-14T04:00:00Z,14.11,14.75,14.11,14.33,377585,2872,14.4546
2017-06-15T04:00:00Z,14.23,14.42,13.88,14.37,466133,3671,14.2699
2017-06-16T04:00:00Z,14.23,14.54,13.91,14.11,1631669,2915,14.1176
2017-06-19T04:00:00Z,14.01,14.78,14.01,14.61,325658,2479,14.5211
2017-06-20T04:00:00Z,14.66,15.4,14.57,15.1,368763,2796,15.0748
2017-06-21T04:00:00Z,15.15,15.98,15.15,15.84,823744,5161,15.6928
2017-06-22T04:00:00Z,15.88,16.54,15.88,16.49,954025,6125,16.2739
2017-06-23T04:00:00Z,16.51,16.52,15.93,16.35,1806683,2977,16.3164
2017-06-26T04:00:00Z,16.49,16.49,15.96,16.3,369360,2933,16.266
2017-06-27T04:00:00Z,16.24,16.44,15.63,15.69,364565,2429,15.9959
2017-06-28T04:00:00Z,15.75,16.15,15.375,15.5,579265,3836,15.6142
2017-06-29T04:00:00Z,14.5,15.14,14.32,15.1,2229180,13654,14.6557
2017-06-30T04:00:00Z,15.12,15.25,14.35,14.37,833284,5829,14.6344
2017-07-03T04:00:00Z,14.27,14.655,14.1,14.58,316361,2555,14.4936
2017-07-05T04:00:00Z,14.59,14.73,14.43,14.54,468011,4317,14.5551
2017-07-06T04:00:00Z,14.45,14.59,14.36,14.46,505041,5062,14.5025
2017-07-07T04:00:00Z,14.49,14.56,14.09,14.21,770435,4113,14.2854
2017-07-10T04:00:00Z,14.2,14.22,13.85,13.99,554127,4868,14
2017-07-11T04:00:00Z,13.97,14.305,13.81,13.98,598401,3299,14.0017
2017-07-12T04:00:00Z,14.22,14.26,14.05,14.09,531673,3849,14.1463
2017-07-13T04:00:00Z,14.14,14.239,13.65,14.11,507024,3991,14.0331
2017-07-14T04:00:00Z,14.07,14.17,13.76,13.86,339832,3056,13.9482
2017-07-17T04:00:00Z,13.95,14.14,13.75,13.82,278596,2338,13.9251
2017-07-18T04:00:00Z,13.72,13.85,13.5,13.62,297249,2431,13.6314
2017-07-19T04:00:00Z,13.7,13.86,13.5,13.67,346345,3056,13.6735
2017-07-20T04:00:00Z,13.69,13.78,13.42,13.67,327387,2733,13.6112
2017-07-21T04:00:00Z,13.76,14.07,13.65,13.82,461884,2532,13.9087
2017-07-24T04:00:00Z,13.85,14.21,13.83,14.04,394492,2815,14.0412
2017-07-25T04:00:00Z,14.1,14.11,13.6911,13.78,425530,3128,13.8648
2017-07-26T04:00:00Z,13.86,14.18,13.6647,13.9,258363,1874,13.958
2017-07-27T04:00:00Z,13.96,13.96,13.15,13.29,382819,2953,13.464
2017-07-28T04:00:00Z,13.2,13.48,13.14,13.4,298566,2270,13.3457
2017-07-31T04:00:00Z,13.37,13.54,13.11,13.19,211867,1600,13.2171
2017-08-01T04:00:00Z,13.24,13.24,12.925,13.03,208751,1652,13.0455
2017-08-02T04:00:00Z,12.99,13.3,12.7839,13.14,202011,2145,13.0601
2017-08-03T04:00:00Z,13.16,13.18,12.96,13.02,149477,1345,13.055
2017-08-04T04:00:00Z,13,13.279,12.97,13.2,146424,1437,13.1669
2017-08-07T04:00:00Z,13.23,13.23,12.96,13.06,197708,1809,13.0704
2017-08-08T04:00:00Z,13.07,13.82,12.99,13.62,288240,2421,13.515
2017-08-09T04:00:00Z,13.76,14.68,13.72,13.95,851980,5024,14.3815
2017-08-10T04:00:00Z,13.89,14.08,13.26,13.59,223592,1768,13.6901
2017-08-11T04:00:00Z,13.6,14.38,13.58,14.29,384752,2842,14.2391
2017-08-14T04:00:00Z,14.35,14.74,14.3,14.63,414594,3123,14.5398
2017-08-15T04:00:00Z,14.69,15.52,14.601,15.16,409453,3223,15.195
2017-08-16T04:00:00Z,15.16,15.42,15.11,15.25,310313,2638,15.2896
2017-08-17T04:00:00Z,15.24,15.35,14.971,15.02,321074,3091,15.1139
2017-08-18T04:00:00Z,14.79,15.26,14.79,14.99,292172,2300,15.0188
2017-08-21T04:00:00Z,15,15.135,14.7,14.96,224832,1711,14.9021
2017-08-22T04:00:00Z,15.03,15.145,14.95,15.04,277330,2256,15.0784
2017-08-23T04:00:00Z,14.9,15.25,14.9,15.11,287097,3076,15.1121
2017-08-24T04:00:00Z,15.13,15.865,15.13,15.81,559091,4223,15.6349
2017-08-25T04:00:00Z,16.16,16.64,15.955,16.44,749541,5525,16.3278
2017-08-28T04:00:00Z,16.6,16.97,16.26,16.8,654156,4016,16.7859
2017-08-29T04:00:00Z,16.64,17.05,16.5,16.71,1345414,4317,16.7329
2017-08-30T04:00:00Z,16.6,16.99,16.53,16.57,449758,4317,16.7603
2017-08-31T04:00:00Z,16.67,16.99,16.62,16.74,492463,3600,16.7961
2017-09-01T04:00:00Z,16.81,17.12,16.65,16.85,367832,2768,16.8722
2017-09-05T04:00:00Z,16.88,17.04,16.33,16.36,316276,3193,16.5524
2017-09-06T04:00:00Z,16.39,16.73,16.35,16.45,308386,2606,16.4738
2017-09-07T04:00:00Z,16.46,16.57,16.26,16.46,407097,3555,16.48
2017-09-08T04:00:00Z,16.47,16.98,16.1505,16.78,315863,2743,16.7883
2017-09-11T04:00:00Z,16.89,17.44,16.78,17.18,499869,4087,17.124
2017-09-12T04:00:00Z,17.09,17.23,16.79,17.05,303162,2680,16.9947
2017-09-13T04:00:00Z,16.97,17.7,16.97,17.6,495076,3052,17.4862
2017-09-14T04:00:00Z,17.53,17.79,17.43,17.73,294502,2536,17.7017
2017-09-15T04:00:00Z,17.7,17.7,16.97,17.3,2887322,3659,17.3109
2017-09-18T04:00:00Z,17.27,17.69,17.16,17.28,473534,3560,17.3712
2017-09-19T04:00:00Z,17.35,17.7,17.2555,17.54,362963,2629,17.4925
2017-09-20T04:00:00Z,17.5,17.73,17.31,17.7,325645,3201,17.5737
2017-09-21T04:00:00Z,17.65,17.83,17.31,17.52,270468,2321,17.5789
2017-09-22T04:00:00Z,17.52,17.805,17.47,17.57,235461,2099,17.5904
2017-09-25T04:00:00Z,17.46,17.94,17.371,17.9,445229,3905,17.73
2017-09-26T04:00:00Z,17.95,17.9897,17.24,17.53,577633,4018,17.5521
2017-09-27T04:00:00Z,17.88,19.0499,17.73,18.79,833255,6042,18.4737
2017-09-28T04:00:00Z,18.84,19.38,18.75,19.21,698882,5265,19.0989
2017-09-29T04:00:00Z,19.21,19.73,19.12,19.67,450006,2963,19.5702
2017-10-02T04:00:00Z,19.64,20.25,19.14,19.59,547488,4719,19.6405
2017-10-03T04:00:00Z,19.52,19.99,19,19.33,463910,3338,19.3159
2017-10-04T04:00:00Z,19.4,19.47,19.13,19.23,314248,2591,19.2787
2017-10-05T04:00:00Z,19.88,19.89,19.15,19.23,469312,3274,19.4111
2017-10-06T04:00:00Z,19.08,19.13,18.76,18.97,266195,1987,18.9296
2017-10-09T04:00:00Z,19.12,19.1799,18.72,18.74,254151,2403,18.8179
2017-10-10T04:00:00Z,18.75,19.01,18.68,18.94,237916,1790,18.8924
2017-10-11T04:00:00Z,18.93,19.15,18.81,18.98,346104,2338,18.9645
2017-10-12T04:00:00Z,18.9,19.26,18.9,19.26,380211,2522,19.1754
2017-10-13T04:00:00Z,19.28,19.36,18.46,18.51,262685,2090,18.7333
2017-10-16T04:00:00Z,18.44,18.78,18.1955,18.405,246246,1969,18.4444
2017-10-17T04:00:00Z,18.43,18.605,18.17,18.19,236615,1966,18.2591
2017-10-18T04:00:00Z,18.29,18.33,17.86,18,269909,2280,18.0241
2017-10-19T04:00:00Z,17.95,18.07,17.52,17.78,499095,3425,17.7457
2017-10-20T04:00:00Z,17.94,18.08,17.75,17.88,358491,2199,17.9243
2017-10-23T04:00:00Z,17.86,17.89,17.57,17.67,284581,2130,17.7269
2017-10-24T04:00:00Z,17.65,17.83,17.55,17.7,371150,2096,17.7225
2017-10-25T04:00:00Z,17.7,17.7,17.03,17.17,342982,3007,17.2168
2017-10-26T04:00:00Z,17.11,17.11,16.8,16.97,454950,2436,16.9835
2017-10-27T04:00:00Z,17.02,17.49,16.93,17.42,410780,3177,17.2975
2017-10-30T04:00:00Z,17.49,17.72,17.34,17.63,225880,2073,17.5485
2017-10-31T04:00:00Z,17.68,18.29,17.62,18.15,345300,2699,17.9824
2017-11-01T04:00:00Z,18.25,18.39,17.83,17.86,431176,3343,17.9622
2017-11-02T04:00:00Z,17.82,17.92,17.41,17.52,282048,2268,17.6136
2017-11-03T04:00:00Z,17.53,17.88,17.47,17.8,349177,2876,17.7631
2017-11-06T05:00:00Z,17.92,18.14,17.495,17.7,204749,2201,17.7164
2017-11-07T05:00:00Z,17.64,17.64,17.23,17.28,231293,1935,17.3673
2017-11-08T05:00:00Z,17.12,17.39,17.04,17.27,205092,1960,17.2479
2017-11-09T05:00:00Z,16.79,17.06,14.46,15.1,1270949,9024,15.3907
2017-11-10T05:00:00Z,15.04,15.73,14.85,15.49,690536,5012,15.4558
2017-11-13T05:00:00Z,15.48,15.56,15.07,15.07,670596,4683,15.2282
2017-11-14T05:00:00Z,14.95,15.07,14.07,14.24,605377,5065,14.2953
2017-11-15T05:00:00Z,14.29,14.83,14.2,14.72,521172,3702,14.6091
2017-11-16T05:00:00Z,14.76,15.24,14.54,15.13,253558,2077,15.0838
2017-11-17T05:00:00Z,15.08,15.43,14.86,15.36,336424,2854,15.1727
2017-11-20T05:00:00Z,15.42,15.56,15.3601,15.49,202123,1736,15.4833
2017-11-21T05:00:00Z,15.59,15.84,15.57,15.79,303198,2492,15.7437
2017-11-22T05:00:00Z,15.75,15.92,15.62,15.67,217071,2040,15.7657
2017-11-24T05:00:00Z,15.64,15.64,14.663,15,373665,2731,15.0429
2017-11-27T05:00:00Z,15.05,15.59,15.05,15.56,644083,4312,15.4588
2017-11-28T05:00:00Z,15.57,15.61,14.92,15,1235075,3007,15.0289
2017-11-29T05:00:00Z,15.05,15.343,14.55,14.83,359860,3390,14.8318
2017-11-30T05:00:00Z,14.92,15.65,14.83,15.56,845133,2306,15.5145
2017-12-01T05:00:00Z,15.62,16.06,15.36,15.85,303232,2808,15.8069
2017-12-04T05:00:00Z,16.02,16.43,15.37,15.39,253595,2332,15.6799
2017-12-05T05:00:00Z,15.4,15.79,15.15,15.19,265335,2001,15.4456
2017-12-06T05:00:00Z,15.22,15.46,14.89,15.4,263338,1898,15.253
2017-12-07T05:00:00Z,15.81,16.03,15.24,15.5,572185,3741,15.5511
2017-12-08T05:00:00Z,15.64,15.89,15.59,15.81,468688,3088,15.7732
2017-12-11T05:00:00Z,15.92,16.03,15.48,15.5,317411,2488,15.6278
2017-12-12T05:00:00Z,15.5,15.67,15.18,15.31,212172,1809,15.3287
2017-12-13T05:00:00Z,15.3,15.72,15.27,15.54,382661,2715,15.479
2017-12-14T05:00:00Z,15.53,15.68,14.78,14.84,311064,2245,15.0125
2017-12-15T05:00:00Z,14.87,15.1,14.75,15.05,910157,1952,14.9796
2017-12-18T05:00:00Z,15.15,15.43,14.95,15.25,247345,1617,15.21
2017-12-19T05:00:00Z,15.75,15.75,15.13,15.48,361019,2372,15.4711
2017-12-20T05:00:00Z,15.51,15.71,15.22,15.4,241491,1752,15.4176
2017-12-21T05:00:00Z,15.36,15.6707,15.12,15.58,251762,1621,15.5488
2017-12-22T05:00:00Z,15.6,15.81,15.45,15.7,444476,2422,15.6568
2017-12-26T05:00:00Z,15.59,15.71,15.36,15.37,253586,1586,15.4598
2017-12-27T05:00:00Z,15.02,15.65,15.02,15.15,350594,2454,15.1765
2017-12-28T05:00:00Z,15.25,15.74,15.12,15.46,278623,1756,15.4612
2017-12-29T05:00:00Z,15.45,15.605,14.86,14.87,320669,1397,15.019
2018-01-02T05:00:00Z,14.98,14.98,14.35,14.97,487509,3025,14.7867
2018-01-03T05:00:00Z,14.91,15.6,14.73,15.48,440302,3160,15.4228
2018-01-04T05:00:00Z,15.61,15.8579,15.23,15.43,383832,2835,15.4778
2018-01-05T05:00:00Z,15.41,15.48,15.14,15.31,310651,2618,15.2766
2018-01-08T05:00:00Z,15.37,15.43,14.72,15.1,237056,2000,15.1044
2018-01-09T05:00:00Z,15.17,15.67,15.02,15.57,310461,2887,15.5283
2018-01-10T05:00:00Z,15.48,15.5199,15.19,15.25,208702,1983,15.3234
2018-01-11T05:00:00Z,15.28,15.61,15.25,15.58,344482,2523,15.5156
2018-01-12T05:00:00Z,15.58,15.74,15.45,15.68,218327,1055,15.6458
2018-01-16T05:00:00Z,15.64,15.825,14.98,14.98,302987,2068,15.2072
2018-01-17T05:00:00Z,15.13,15.14,14.7,15.13,268614,2709,15.0203
2018-01-18T05:00:00Z,15.06,15.12,14.65,14.66,252233,1847,14.8212
2018-01-19T05:00:00Z,14.64,14.89,14.51,14.71,250850,1681,14.7309
2018-01-22T05:00:00Z,14.72,15.46,14.7,15.22,711779,4301,15.0712
2018-01-23T05:00:00Z,15.18,15.6,15.13,15.39,555286,3344,15.4032
2018-01-24T05:00:00Z,15.4,15.46,14.76,14.8,264544,1980,14.9462
2018-01-25T05:00:00Z,14.94,15.24,14.82,15.14,162376,1454,15.0956
2018-01-26T05:00:00Z,15.26,15.37,15.16,15.23,165507,1228,15.2628
2018-01-29T05:00:00Z,15.26,15.78,15.1501,15.59,684894,2650,15.4846
2018-01-30T05:00:00Z,15.42,15.579,15.02,15.02,267131,1437,15.163
2018-01-31T05:00:00Z,15.14,15.32,14.68,14.78,313083,2232,14.856
2018-02-01T05:00:00Z,14.65,15.02,14.55,14.94,187611,1457,14.8619
2018-02-02T05:00:00Z,14.85,14.93,14.55,14.56,225385,1836,14.6984
2018-02-05T05:00:00Z,14.49,14.83,14.14,14.14,262653,2047,14.3531
2018-02-06T05:00:00Z,13.91,14.49,13.66,14.19,559186,3782,14.1507
2018-02-07T05:00:00Z,14.14,14.46,14.02,14.36,200376,1457,14.3142
2018-02-08T05:00:00Z,14.41,14.66,13.97,14,268734,2233,14.1515
2018-02-09T05:00:00Z,14.16,14.265,13.28,14.11,366723,2790,13.8523
2018-02-12T05:00:00Z,14.11,14.685,13.77,14.45,255164,1997,14.3275
2018-02-13T05:00:00Z,14.4,14.65,14.15,14.47,203230,1866,14.4578
2018-02-14T05:00:00Z,14.31,14.67,14.29,14.56,227543,1798,14.5166
2018-02-15T05:00:00Z,14.62,14.89,14.4022,14.78,150745,1127,14.7442
2018-02-16T05:00:00Z,14.71,14.79,13.95,14.14,243853,1849,14.3203
2018-02-20T05:00:00Z,14.04,14.26,13.55,13.62,352459,2721,13.8452
2018-02-21T05:00:00Z,13.75,14.78,13.56,14.31,521565,3646,14.2861
2018-02-22T05:00:00Z,14.39,15.07,14.39,15.03,481554,3733,14.7841
2018-02-23T05:00:00Z,15.08,15.26,14.73,15.23,398973,2391,15.0977
2018-02-26T05:00:00Z,15.23,15.37,14.85,15.1,490613,2767,15.1155
2018-02-27T05:00:00Z,15.01,15.24,14.59,14.59,163261,1117,14.7155
2018-02-28T05:00:00Z,14.57,14.81,14.29,14.3,365092,2590,14.5237
2018-03-01T05:00:00Z,14.37,14.48,13.9,14.42,391719,2399,14.2909
2018-03-02T05:00:00Z,14.26,14.605,14.2,14.46,311077,2260,14.4259
2018-03-05T05:00:00Z,14.47,14.52,14.23,14.34,303025,2470,14.345
2018-03-06T05:00:00Z,14.39,14.595,13.96,14.2,453072,2983,14.2
2018-03-07T05:00:00Z,14.05,14.11,13.45,13.85,518530,3402,13.7606
2018-03-08T05:00:00Z,13.82,13.85,13.22,13.6,626220,3633,13.5367
2018-03-09T05:00:00Z,13.74,14.15,13.55,14.08,624809,4024,13.873
2018-03-12T04:00:00Z,14.12,14.33,13.44,13.52,410983,2964,13.6403
2018-03-13T04:00:00Z,13.94,14.04,12.4784,12.59,784597,5478,12.8996
2018-03-14T04:00:00Z,12.69,12.7899,12.24,12.26,501858,3992,12.3623
2018-03-15T04:00:00Z,12.37,12.53,11.88,11.92,623452,4673,12.1735
2018-03-16T04:00:00Z,11.89,12.64,11.71,12.3,1130056,4076,12.2385
2018-03-19T04:00:00Z,12.35,13.05,12.07,12.16,608646,3999,12.3905
2018-03-20T04:00:00Z,12.13,12.25,11.765,11.86,351755,2541,11.9302
2018-03-21T04:00:00Z,11.92,12.3092,11.88,12,256574,2001,12.0161
2018-03-22T04:00:00Z,11.9,12.09,11.68,11.68,324576,2505,11.8508
2018-03-23T04:00:00Z,10.58,10.87,10.31,10.49,2589332,11999,10.5671
2018-03-26T04:00:00Z,10.58,10.78,10.485,10.575,1500166,7203,10.5833
2018-03-27T04:00:00Z,10.57,10.655,9.7,9.77,842096,5135,10.1397
2018-03-28T04:00:00Z,9.81,9.94,9.6,9.74,795999,5557,9.77345
2018-03-29T04:00:00Z,9.78,9.8,9.29,9.53,941453,6142,9.52546
2018-04-02T04:00:00Z,9.48,9.9,9.39,9.86,619569,4957,9.68661
2018-04-03T04:00:00Z,9.89,9.89,9.17,9.38,821174,5548,9.40042
2018-04-04T04:00:00Z,9.4,9.925,9.36,9.88,657549,4825,9.65682
2018-04-05T04:00:00Z,10,10.04,9.46,9.48,710630,3673,9.65488
2018-04-06T04:00:00Z,9.42,9.92,9.3,9.54,1133616,5011,9.57737
2018-04-09T04:00:00Z,9.63,9.77,9.395,9.47,451716,2946,9.53565
2018-04-10T04:00:00Z,9.67,10.0999,9.43,9.97,986984,4789,9.87887
2018-04-11T04:00:00Z,9.92,10.13,9.74,10.01,465591,3301,9.952
2018-04-12T04:00:00Z,10.07,10.17,9.84,9.95,651401,3461,9.9853
2018-04-13T04:00:00Z,10,10,9.68,9.77,252855,1797,9.77799
2018-04-16T04:00:00Z,9.84,10.07,9.69,9.95,488265,3132,9.92791
2018-04-17T04:00:00Z,9.99,9.99,9.76,9.85,313981,2137,9.86641
2018-04-18T04:00:00Z,9.79,9.89,9.63,9.71,424744,2694,9.74214
2018-04-19T04:00:00Z,9.68,9.88,9.235,9.32,569913,3764,9.40236
2018-04-20T04:00:00Z,9.29,9.54,9.16,9.28,433846,2789,9.3315
2018-04-23T04:00:00Z,9.26,9.44,9.04,9.24,501287,3521,9.19986
2018-04-24T04:00:00Z,9.33,9.45,9.1,9.36,636044,4304,9.29535
2018-04-25T04:00:00Z,9.38,9.43,9.16,9.41,318597,2519,9.34079
2018-04-26T04:00:00Z,9.42,9.75,9.35,9.62,370861,2395,9.60575
2018-04-27T04:00:00Z,9.64,9.8,9.445,9.47,348441,3192,9.56293
2018-04-30T04:00:00Z,9.47,9.57,9.19,9.21,329842,2229,9.35057
2018-05-01T04:00:00Z,9.13,9.34,8.93,9.33,551214,4095,9.12537
2018-05-02T04:00:00Z,9.29,9.53,9.29,9.53,12448,2,9.49545
2018-05-03T04:00:00Z,9.44,9.44,9.15,9.15,28486,2,9.20219
2018-05-04T04:00:00Z,9.16,9.58,9.14,9.5,293342,2611,9.43491
2018-05-07T04:00:00Z,9.48,9.76,9.36,9.75,277232,1909,9.66147
2018-05-08T04:00:00Z,9.68,9.68,9.38,9.4,413735,3116,9.50057
2018-05-09T04:00:00Z,9.47,9.58,9.36,9.51,340917,1843,9.50737
2018-05-10T04:00:00Z,9.49,9.55,9.07,9.47,483759,3197,9.34221
2018-05-11T04:00:00Z,9.52,10,9.49,9.83,437837,3242,9.76451
2018-05-14T04:00:00Z,9.92,10.49,9.92,10.43,474332,3050,10.3037
2018-05-15T04:00:00Z,10.37,10.37,10.05,10.32,384202,2623,10.2763
2018-05-16T04:00:00Z,10.36,10.65,10.33,10.58,401497,2212,10.527
2018-05-17T04:00:00Z,10.53,10.545,10.24,10.5,271201,2087,10.4393
2018-05-18T04:00:00Z,10.52,10.7,10.49,10.65,364909,2219,10.6247
2018-05-21T04:00:00Z,10.71,10.735,10.34,10.42,246770,2094,10.4749
2018-05-22T04:00:00Z,10.46,10.78,10.29,10.69,367157,2877,10.6773
2018-05-23T04:00:00Z,10.71,10.74,10.27,10.35,266833,2272,10.4332
2018-05-24T04:00:00Z,10.34,10.46,10.2501,10.36,235854,2029,10.3803
2018-05-25T04:00:00Z,10.35,10.5,10.26,10.3,191479,1758,10.3435
2018-05-29T04:00:00Z,10.26,10.37,10.1,10.15,264337,1902,10.1948
2018-05-30T04:00:00Z,10.16,10.3,9.8,9.88,479918,2719,9.94777
2018-05-31T04:00:00Z,9.88,10.039,9.66,9.82,380265,2807,9.81541
2018-06-01T04:00:00Z,9.83,9.93,9.4,9.55,567445,4664,9.52475
2018-06-04T04:00:00Z,9.59,9.635,9.3,9.57,399952,3249,9.49767
2018-06-05T04:00:00Z,9.57,9.76,9.52,9.62,348345,2828,9.62501
2018-06-06T04:00:00Z,9.69,10.16,9.5,10.11,568254,3855,9.95218
2018-06-07T04:00:00Z,10.14,10.48,10,10.09,453368,3502,10.1448
2018-06-08T04:00:00Z,10.08,10.46,10.08,10.39,374875,3094,10.333
2018-06-11T04:00:00Z,10.38,10.701,10.29,10.62,659884,4149,10.5164
2018-06-12T04:00:00Z,10.65,10.74,10.4,10.54,625793,3690,10.5158
2018-06-13T04:00:00Z,10.55,10.68,10.38,10.55,284268,2294,10.5264
2018-06-14T04:00:00Z,10.7,11.22,10.685,11.14,494888,3462,11.0172
2018-06-15T04:00:00Z,11.08,11.24,10.63,10.92,1778256,4278,10.9293
2018-06-18T04:00:00Z,10.82,10.84,10.51,10.84,268732,2205,10.7678
2018-06-19T04:00:00Z,10.79,11.07,10.72,11.03,320622,2654,10.9573
2018-06-20T04:00:00Z,11.08,11.6,10.98,11.33,492603,4189,11.392
2018-06-21T04:00:00Z,11.31,11.34,10.66,10.84,475623,3447,10.8908
2018-06-22T04:00:00Z,10.86,10.86,10.59,10.75,2023297,3177,10.7481
2018-06-25T04:00:00Z,10.72,10.79,10.53,10.7,374647,3007,10.6903
2018-06-26T04:00:00Z,10.76,11.315,10.54,10.79,416616,2735,10.8474
2018-06-27T04:00:00Z,10.76,10.865,10.36,10.38,330964,2805,10.5689
2018-06-28T04:00:00Z,10.48,10.6,7.9,9.36,4135339,22393,8.76275
2018-06-29T04:00:00Z,9.41,10.03,9.19,9.98,1586581,10428,9.72872
2018-07-02T04:00:00Z,9.76,10,9.38,9.58,1490494,8801,9.58254
2018-07-03T04:00:00Z,9.74,10.03,9.47,9.79,644066,4223,9.73718
2018-07-05T04:00:00Z,9.81,10.02,9.65,9.98,658526,4631,9.94054
2018-07-06T04:00:00Z,10,10.13,9.89,10.07,915056,6831,10.0566
2018-07-09T04:00:00Z,10,10.06,9.8,9.99,564287,3849,9.96862
2018-07-10T04:00:00Z,10,10.01,9.77,9.89,580918,2411,9.88006
2018-07-11T04:00:00Z,9.89,10.04,9.75,9.97,345753,2790,9.96535
2018-07-12T04:00:00Z,10.19,10.2,9.9401,10.05,772879,4807,10.0869
2018-07-13T04:00:00Z,10.11,10.19,9.9,9.95,530604,4531,10.0377
2018-07-16T04:00:00Z,9.9,10.11,9.62,10.05,911861,5667,9.97667
2018-07-17T04:00:00Z,10.02,10.68,10.02,10.49,954167,6482,10.4925
2018-07-18T04:00:00Z,10.45,10.47,10.15,10.3,300662,2438,10.3377
2018-07-19T04:00:00Z,10.33,10.735,10.2,10.51,699876,5565,10.5426
2018-07-20T04:00:00Z,10.51,10.69,10.14,10.29,376950,3069,10.3515
2018-07-23T04:00:00Z,10.25,10.46,10.14,10.33,401314,2983,10.289
2018-07-24T04:00:00Z,10.39,10.7,10.365,10.51,571668,3933,10.5717
2018-07-25T04:00:00Z,10.46,10.69,10.44,10.65,672831,4495,10.5757
2018-07-26T04:00:00Z,10.66,10.73,10.58,10.63,312271,2432,10.6322
2018-07-27T04:00:00Z,10.67,10.67,10.03,10.04,327442,2350,10.1512
2018-07-30T04:00:00Z,10.1,10.1,9.92,9.94,349930,2250,9.96748
2018-07-31T04:00:00Z,9.93,10.31,9.92,10.3,471029,3032,10.2048
2018-08-01T04:00:00Z,10.27,10.54,10.25,10.49,394392,3029,10.4559
2018-08-02T04:00:00Z,10.47,10.57,10.11,10.23,261574,2082,10.2283
2018-08-03T04:00:00Z,10.25,10.26,9.91,9.99,329669,2469,10.0024
2018-08-06T04:00:00Z,9.96,10.04,9.84,9.9,302848,2309,9.90568
2018-08-07T04:00:00Z,9.95,10.07,9.8,10.04,256899,1815,9.97552
2018-08-08T04:00:00Z,10.05,10.0872,9.7,9.72,325754,3092,9.82853
2018-08-09T04:00:00Z,9,9.48,7.77,8.22,1416181,9706,8.4036
2018-08-10T04:00:00Z,8.2,8.25,8,8.02,566597,4476,8.08679
2018-08-13T04:00:00Z,8.02,8.085,7.69,7.82,840208,5414,7.81289
2018-08-14T04:00:00Z,8.3,8.43,7.76,7.83,863538,5528,8.03553
2018-08-15T04:00:00Z,7.76,7.83,7.42,7.59,705179,4431,7.57594
2018-08-16T04:00:00Z,7.64,7.92,7.46,7.88,533550,3232,7.80599
2018-08-17T04:00:00Z,7.89,8.06,7.74,7.86,459699,3641,7.85478
2018-08-20T04:00:00Z,7.91,8.01,7.8,7.81,458596,3328,7.86424
2018-08-21T04:00:00Z,7.89,7.97,7.82,7.89,409163,2489,7.88695
2018-08-22T04:00:00Z,7.92,8.405,7.92,8.39,434363,2775,8.23787
2018-08-23T04:00:00Z,8.34,8.62,8.17,8.2,410732,2448,8.3075
2018-08-24T04:00:00Z,8.24,8.36,8.13,8.26,283585,2249,8.24969
2018-08-27T04:00:00Z,8.3,8.36,8.19,8.32,347431,2843,8.2653
2018-08-28T04:00:00Z,8.32,8.51,8.23,8.25,271993,1758,8.31609
2018-08-29T04:00:00Z,8.36,8.41,8.15,8.29,326842,2014,8.26519
2018-08-30T04:00:00Z,8.31,8.49,8.21,8.26,276178,2011,8.31806
2018-08-31T04:00:00Z,8.25,8.37,8.1,8.21,305598,2164,8.18807
2018-09-04T04:00:00Z,8.24,8.26,7.96,8.06,444382,2888,8.06089
2018-09-05T04:00:00Z,8.06,8.18,7.97,8.16,262850,2092,8.11905
2018-09-06T04:00:00Z,8.22,8.22,7.84,7.93,324862,2317,7.98788
2018-09-07T04:00:00Z,7.87,8.24,7.7375,7.95,670798,4629,7.95784
2018-09-10T04:00:00Z,7.94,7.95,7.63,7.67,423338,4151,7.73696
2018-09-11T04:00:00Z,7.68,7.83,7.55,7.57,407383,2878,7.66461
2018-09-12T04:00:00Z,7.55,7.68,7.42,7.64,307585,2081,7.57453
2018-09-13T04:00:00Z,7.67,7.73,7.42,7.44,300995,2080,7.50188
2018-09-14T04:00:00Z,7.47,7.815,7.32,7.8,481177,4450,7.68726
2018-09-17T04:00:00Z,7.77,7.96,7.54,7.61,545897,4403,7.69686
2018-09-18T04:00:00Z,7.64,7.88,7.64,7.78,468708,3739,7.79487
2018-09-19T04:00:00Z,7.74,7.86,7.64,7.74,518337,4201,7.78607
2018-09-20T04:00:00Z,7.78,8.36,7.76,8.33,497054,4010,8.15373
2018-09-21T04:00:00Z,8.49,8.49,7.94,8.28,1656088,3528,8.2622
2018-09-24T04:00:00Z,8.36,8.59,8.24,8.38,463701,4063,8.42301
2018-09-25T04:00:00Z,8.37,8.63,8.26,8.5,329704,2811,8.50547
2018-09-26T04:00:00Z,8.54,8.66,8.22,8.27,285533,2451,8.32803
2018-09-27T04:00:00Z,8.32,8.77,8.24,8.75,359890,2708,8.61822
2018-09-28T04:00:00Z,8.69,9.12,8.6689,8.83,649740,5208,8.9246
2018-10-01T04:00:00Z,8.95,8.96,8.4,8.51,989448,4817,8.71767
2018-10-02T04:00:00Z,8.55,8.65,8.35,8.62,626536,4135,8.55281
2018-10-03T04:00:00Z,8.68,9.16,8.5975,9.12,1143334,7116,8.97294
2018-10-04T04:00:00Z,9.05,9.11,8.53,8.69,740387,5154,8.69679
2018-10-05T04:00:00Z,8.68,8.97,8.41,8.54,471395,3323,8.61269
2018-10-08T04:00:00Z,8.55,8.74,8.44,8.58,522704,3652,8.57835
2018-10-09T04:00:00Z,8.53,8.76,8.45,8.5,281870,2688,8.55993
2018-10-10T04:00:00Z,8.44,8.68,8.42,8.45,467838,3749,8.52146
2018-10-11T04:00:00Z,8.46,8.93,8.29,8.56,475161,3902,8.65023
2018-10-12T04:00:00Z,8.66,8.9128,8.42,8.72,474300,3397,8.62188
2018-10-15T04:00:00Z,8.72,8.8,8.59,8.61,394182,2966,8.66877
2018-10-16T04:00:00Z,8.67,9.205,8.59,9.14,650665,4318,9.02723
2018-10-17T04:00:00Z,9.07,9.14,8.52,8.91,510360,4043,8.81186
2018-10-18T04:00:00Z,8.91,8.94,8.65,8.76,371557,2383,8.76378
2018-10-19T04:00:00Z,8.75,9,8.6,8.62,429989,3183,8.70546
2018-10-22T04:00:00Z,8.59,8.61,8.22,8.3,480471,3497,8.35642
2018-10-23T04:00:00Z,8.18,8.59,8.11,8.33,341791,3208,8.38175
2018-10-24T04:00:00Z,8.33,8.45,7.63,7.67,700972,4315,7.82107
2018-10-25T04:00:00Z,7.75,8.33,7.67,8.13,635503,3993,8.14807
2018-10-26T04:00:00Z,7.99,8.21,7.86,8.06,481885,3664,8.05875
2018-10-29T04:00:00Z,8.16,8.37,7.55,7.73,558983,4430,7.90438
2018-10-30T04:00:00Z,7.68,8,7.53,7.65,519019,4365,7.71189
2018-10-31T04:00:00Z,7.79,7.97,7.43,7.49,565085,3412,7.56611
2018-11-01T04:00:00Z,7.54,7.685,7.39,7.54,757597,4731,7.53432
2018-11-02T04:00:00Z,7.56,7.91,7.44,7.84,565798,4633,7.74112
2018-11-05T05:00:00Z,7.87,8.19,7.64,7.86,450214,3470,7.97064
2018-11-06T05:00:00Z,7.82,7.82,7.38,7.49,513980,3661,7.5107
2018-11-07T05:00:00Z,7.55,8.15,7.53,8.12,726518,4028,7.99471
2018-11-08T05:00:00Z,8.04,8.26,7.91,8.2,349057,2338,8.15848
2018-11-09T05:00:00Z,8.47,10.06,8.32,8.96,2637473,15257,9.21409
2018-11-12T05:00:00Z,8.78,8.78,7.7,7.73,792492,5894,8.01801
2018-11-13T05:00:00Z,7.84,8.24,7.72,7.78,570570,3860,7.86775
2018-11-14T05:00:00Z,7.76,7.93,7.29,7.49,675158,4497,7.51729
2018-11-15T05:00:00Z,7.46,7.96,7.32,7.92,574304,4172,7.75936
2018-11-16T05:00:00Z,7.83,8.29,7.65,7.97,803505,5794,7.91902
2018-11-19T05:00:00Z,7.83,8.005,7.26,7.29,528008,3484,7.42269
2018-11-20T05:00:00Z,7.23,7.34,6.9,6.94,772628,4249,7.06728
2018-11-21T05:00:00Z,6.94,7.37,6.68,7.17,1141989,7778,7.14494
2018-11-23T05:00:00Z,7.07,7.56,6.73,7.5,787571,4571,7.41403
2018-11-26T05:00:00Z,7.59,7.86,7.24,7.52,1008441,7515,7.56194
2018-11-27T05:00:00Z,7.43,7.53,7.25,7.44,651435,5637,7.41137
2018-11-28T05:00:00Z,7.49,8.15,7.33,8.14,1227777,8324,7.87758
2018-11-29T05:00:00Z,8.08,8.25,7.4636,8.05,871218,6216,7.98084
2018-11-30T05:00:00Z,8.06,8.14,7.63,8.08,1108330,7247,8.01207
2018-12-03T05:00:00Z,8.18,8.46,7.93,8.43,826302,6533,8.28222
2018-12-04T05:00:00Z,8.35,8.75,8.18,8.32,2382261,6382,8.41011
2018-12-06T05:00:00Z,8.2,8.55,7.81,8.53,799540,5837,8.34041
2018-12-07T05:00:00Z,8.56,8.87,8.32,8.53,1026284,4912,8.51353
2018-12-10T05:00:00Z,8.56,8.9,8.43,8.89,803868,5089,8.68772
2018-12-11T05:00:00Z,8.98,9.38,8.64,9.15,761038,5863,9.09489
2018-12-12T05:00:00Z,9.23,9.27,7.93,8.94,1550512,10617,8.63349
2018-12-13T05:00:00Z,8.95,10.45,7.675,8.69,6791733,24991,8.97131
2018-12-14T05:00:00Z,8.69,9.24,7.54,7.63,2137877,14450,7.90012
2018-12-17T05:00:00Z,7.59,7.68,7.05,7.07,1581121,10961,7.3423
2018-12-18T05:00:00Z,7.09,7.21,6.405,6.49,2033670,11826,6.71727
2018-12-19T05:00:00Z,6.55,6.98,6.3,6.45,1757679,10679,6.56023
2018-12-20T05:00:00Z,6.46,6.62,5.82,5.9,1859960,10107,6.0376
2018-12-21T05:00:00Z,5.97,5.97,5.38,5.42,2831931,8380,5.57746
2018-12-24T05:00:00Z,5.29,5.59,5.2,5.49,975000,4030,5.44956
2018-12-26T05:00:00Z,5.48,5.91,5.4503,5.91,1081691,4716,5.81269
2018-12-27T05:00:00Z,5.82,5.91,5.29,5.53,1074212,5759,5.49704
2018-12-28T05:00:00Z,5.54,5.54,5.2791,5.39,984692,4936,5.39462
2018-12-31T05:00:00Z,5.37,5.8499,5.32,5.53,1651797,8493,5.59208
2019-01-02T05:00:00Z,5.4,5.81,5.22,5.8,1635974,7378,5.6192
2019-01-03T05:00:00Z,5.78,6.09,5.59,5.64,1437883,9678,5.77711
2019-01-04T05:00:00Z,5.73,6.25,5.67,6.04,2556084,7419,6.0524
2019-01-07T05:00:00Z,6.09,6.52,6.02,6.25,1457650,7385,6.23505
2019-01-08T05:00:00Z,6.27,6.66,6.15,6.6,2881912,8298,6.54884
2019-01-09T05:00:00Z,6.65,6.78,6.19,6.5,1320222,6658,6.40904
2019-01-10T05:00:00Z,6.46,6.46,6.14,6.29,1298335,3600,6.28462
2019-01-11T05:00:00Z,6.24,6.39,6.14,6.23,623870,4349,6.24828
2019-01-14T05:00:00Z,6.18,6.27,6.05,6.05,739032,3920,6.12086
2019-01-15T05:00:00Z,6.05,6.15,5.92,6.14,741143,3359,6.07268
2019-01-16T05:00:00Z,6.14,6.29,6.07,6.18,623518,3738,6.17068
2019-01-17T05:00:00Z,6.15,6.37,6.11,6.3,437557,2857,6.30084
2019-01-18T05:00:00Z,6.3,6.55,6.18,6.39,711635,3740,6.3846
2019-01-22T05:00:00Z,6.32,6.33,5.98,6.02,694536,3624,6.07463
2019-01-23T05:00:00Z,6.04,6.08,5.733,5.78,811012,3608,5.81905
2019-01-24T05:00:00Z,5.8,5.98,5.6,5.9,521199,2692,5.83261
2019-01-25T05:00:00Z,5.94,5.945,5.68,5.89,641441,3480,5.85503
2019-01-28T05:00:00Z,5.82,5.89,5.48,5.52,946917,5295,5.60597
2019-01-29T05:00:00Z,5.54,5.57,5.39,5.44,614844,3301,5.46141
2019-01-30T05:00:00Z,5.49,5.73,5.39,5.72,639511,3319,5.63817
2019-01-31T05:00:00Z,5.71,5.83,5.4,5.51,1433731,6830,5.56345
2019-02-01T05:00:00Z,5.52,5.57,5.345,5.41,1226702,3437,5.42956
2019-02-04T05:00:00Z,5.42,5.82,5.35,5.8,706697,3630,5.66831
2019-02-05T05:00:00Z,5.82,5.97,5.66,5.9,651405,3358,5.84214
2019-02-06T05:00:00Z,5.89,6.15,5.8,6.15,785071,4379,6.02718
2019-02-07T05:00:00Z,6.11,6.41,5.95,6.09,1079318,5092,6.15107
2019-02-08T05:00:00Z,6.05,6.25,5.97,6.2,803519,4259,6.15678
2019-02-11T05:00:00Z,6.25,6.49,6.17,6.48,670730,3787,6.39819
2019-02-12T05:00:00Z,6.52,6.82,6.4761,6.64,815525,4694,6.63957
2019-02-13T05:00:00Z,6.66,6.75,6.42,6.45,800087,3289,6.54638
2019-02-14T05:00:00Z,6.41,6.54,6.32,6.47,584529,3117,6.44531
2019-02-15T05:00:00Z,6.49,6.74,6.42,6.65,958365,4521,6.57679
2019-02-19T05:00:00Z,6.66,6.79,6.49,6.55,705882,3878,6.57747
2019-02-20T05:00:00Z,6.55,6.67,6.42,6.55,813002,2865,6.54364
2019-02-21T05:00:00Z,6.53,6.59,6.43,6.49,372261,2270,6.50141
2019-02-22T05:00:00Z,6.63,7.36,6.58,7.32,1661441,9150,7.07843
2019-02-25T05:00:00Z,7.41,7.84,7.3614,7.46,1294608,7691,7.56792
2019-02-26T05:00:00Z,7.46,7.68,7.11,7.14,3198919,5745,7.18717
2019-02-27T05:00:00Z,7.11,7.42,7.04,7.41,722336,4964,7.31742
2019-02-28T05:00:00Z,7.39,7.67,7.27,7.28,1080192,6523,7.43494
2019-03-01T05:00:00Z,7.37,7.77,7.3201,7.68,1737777,4695,7.64579
2019-03-04T05:00:00Z,7.74,7.77,7.255,7.44,738267,4396,7.44021
2019-03-05T05:00:00Z,7.44,7.6,7.34,7.38,482893,3578,7.45233
2019-03-06T05:00:00Z,7.35,7.51,7.05,7.19,899260,5942,7.20844
2019-03-07T05:00:00Z,7.19,7.28,7.01,7.19,407131,3225,7.1505
2019-03-08T05:00:00Z,7.14,7.3,7.01,7.03,657271,3623,7.12752
2019-03-11T04:00:00Z,7.06,7.355,7.01,7.34,712163,3796,7.27506
2019-03-12T04:00:00Z,8.96,9.3,7.7201,8.1,9439397,38580,8.39252
2019-03-13T04:00:00Z,8.03,8.08,7.57,7.97,1898241,8968,7.90641
2019-03-14T04:00:00Z,7.95,8.34,7.92,7.96,1269333,5940,8.04841
2019-03-15T04:00:00Z,7.99,8.25,7.85,8.17,3517230,4612,8.13277
2019-03-18T04:00:00Z,8.17,8.53,8.074,8.17,1943093,7806,8.22631
2019-03-19T04:00:00Z,7.85,8.49,7.68,8.1,2383606,11857,8.16066
2019-03-20T04:00:00Z,8.11,8.85,8.06,8.62,1970972,10239,8.62889
2019-03-21T04:00:00Z,8.57,8.96,8.43,8.7,1403343,6942,8.71229
2019-03-22T04:00:00Z,8.65,8.97,8.38,8.39,1353048,6545,8.60436
2019-03-25T04:00:00Z,8.37,8.69,8.35,8.63,859092,6199,8.5684
2019-03-26T04:00:00Z,8.67,8.8616,8.57,8.73,911370,5178,8.71243
2019-03-27T04:00:00Z,8.67,8.7,8.32,8.5,1150134,6321,8.48842
2019-03-28T04:00:00Z,8.46,8.6,8.27,8.5,1031082,6142,8.45947
2019-03-29T04:00:00Z,8.59,8.6,8.1,8.19,1477605,7101,8.2303
2019-04-01T04:00:00Z,8.27,8.33,8.02,8.05,1417037,7812,8.18659
2019-04-02T04:00:00Z,8.06,8.08,6.95,7,2610287,13873,7.34588
2019-04-03T04:00:00Z,7.15,7.5,7.02,7.16,1687607,9300,7.18234
2019-04-04T04:00:00Z,7.13,7.28,6.92,6.97,1639307,10475,7.02688
2019-04-05T04:00:00Z,7,7.19,6.92,7.13,1723473,9942,7.0696
2019-04-08T04:00:00Z,7.16,7.62,7.06,7.6,1247751,8281,7.43324
2019-04-09T04:00:00Z,7.59,7.8,7.39,7.46,1506983,8931,7.55199
2019-04-10T04:00:00Z,7.48,7.79,7.43,7.7,1141455,6670,7.6693
2019-04-11T04:00:00Z,7.67,7.78,7.46,7.57,1271092,6896,7.59914
2019-04-12T04:00:00Z,7.6,7.71,7.13,7.21,1571302,8982,7.3562
2019-04-15T04:00:00Z,7.22,7.27,6.94,7.02,955048,6085,7.02429
2019-04-16T04:00:00Z,7.07,7.23,6.9615,7.13,968644,6200,7.13378
2019-04-17T04:00:00Z,7.15,7.18,6.83,6.92,1674275,8884,6.93789
2019-04-18T04:00:00Z,6.91,6.9757,6.52,6.71,1708604,8581,6.71267
2019-04-22T04:00:00Z,6.77,6.77,6.49,6.55,1554277,8600,6.58662
2019-04-23T04:00:00Z,6.59,6.775,6.37,6.67,1677489,9115,6.60933
2019-04-24T04:00:00Z,6.73,6.734,6.39,6.42,964229,5926,6.49385
2019-04-25T04:00:00Z,6.41,6.5064,6.29,6.46,858739,5717,6.40938
2019-04-26T04:00:00Z,6.48,6.49,6.35,6.37,626643,4487,6.39739
2019-04-29T04:00:00Z,6.41,6.44,6.29,6.31,823332,6810,6.33636
2019-04-30T04:00:00Z,6.31,6.39,6.03,6.04,1164660,5991,6.10708
2019-05-01T04:00:00Z,6.05,6.15,5.95,6.05,1605344,9229,6.05242
2019-05-02T04:00:00Z,6.2,6.38,6,6.21,1231001,7151,6.14928
2019-05-03T04:00:00Z,6.25,6.33,6.15,6.27,836438,5974,6.24358
2019-05-06T04:00:00Z,6.14,6.5432,6.13,6.48,862619,4750,6.41333
2019-05-07T04:00:00Z,6.41,6.47,5.995,6.07,1150484,6635,6.13365
2019-05-08T04:00:00Z,6.03,6.13,5.87,5.89,1402225,9661,5.95819
2019-05-09T04:00:00Z,5.62,6.04,5.61,5.92,953895,6542,5.88231
2019-05-10T04:00:00Z,5.96,6.08,5.55,5.98,2394460,11365,5.9328
2019-05-13T04:00:00Z,5.85,6.02,5.8,5.86,1342352,8359,5.89067
2019-05-14T04:00:00Z,5.85,5.95,5.7,5.85,1148054,6316,5.79969
2019-05-15T04:00:00Z,5.78,5.85,5.67,5.79,805393,5359,5.7666
2019-05-16T04:00:00Z,5.79,5.84,5.58,5.62,727943,4762,5.66056
2019-05-17T04:00:00Z,5.57,5.62,5.42,5.5,904968,5719,5.52007
2019-05-20T04:00:00Z,5.48,5.52,5.35,5.4,860030,5248,5.41314
2019-05-21T04:00:00Z,5.45,5.62,5.41,5.6,1099896,5115,5.55134
2019-05-22T04:00:00Z,5.56,5.65,5.4001,5.57,730163,4773,5.54532
2019-05-23T04:00:00Z,5.51,5.54,5.175,5.26,1246740,7218,5.29811
2019-05-24T04:00:00Z,5.28,5.4199,5.18,5.24,554076,3360,5.24184
2019-05-28T04:00:00Z,5.25,5.25,5.03,5.05,852220,4169,5.09266
2019-05-29T04:00:00Z,5,5.1,4.82,4.98,1012149,6328,4.95734
2019-05-30T04:00:00Z,4.98,5.05,4.76,4.82,893083,5395,4.84022
2019-05-31T04:00:00Z,4.74,4.802,4.43,4.45,1583776,9109,4.57189
2019-06-03T04:00:00Z,4.46,4.57,4.39,4.49,1303173,7605,4.49009
2019-06-04T04:00:00Z,4.55,4.74,4.395,4.71,3472569,8054,4.68077
2019-06-05T04:00:00Z,4.75,4.765,4.31,4.35,1453762,8589,4.42495
2019-06-06T04:00:00Z,4.35,4.39,4.135,4.23,1115322,6709,4.23093
2019-06-07T04:00:00Z,4.21,4.33,4.12,4.31,758153,5813,4.24845
2019-06-10T04:00:00Z,4.32,4.39,4.26,4.3,799128,5669,4.31188
2019-06-11T04:00:00Z,4.33,4.4,4.125,4.16,733276,4442,4.2042
2019-06-12T04:00:00Z,4.14,4.255,4.1,4.24,545162,4627,4.21377
2019-06-13T04:00:00Z,4.28,4.28,4.1,4.28,666211,4240,4.21055
2019-06-14T04:00:00Z,4.25,4.29,4.09,4.1,777785,4850,4.16282
2019-06-17T04:00:00Z,4.17,4.47,4.17,4.43,1168997,5937,4.39172
2019-06-18T04:00:00Z,4.45,4.67,4.4,4.57,1362912,7663,4.54451
2019-06-19T04:00:00Z,4.56,4.6,4.42,4.51,679692,4836,4.48813
2019-06-20T04:00:00Z,4.54,4.65,4.425,4.46,837357,5700,4.49714
2019-06-21T04:00:00Z,4.45,4.45,4.28,4.42,6459393,5350,4.41562
2019-06-24T04:00:00Z,4.41,4.48,4.22,4.26,1446759,7948,4.28083
2019-06-25T04:00:00Z,4.28,4.525,4.2,4.43,1082887,5807,4.40567
2019-06-26T04:00:00Z,4.45,4.65,4.34,4.37,1117698,7145,4.44505
2019-06-27T04:00:00Z,4.38,4.63,4.33,4.63,1061586,7267,4.56041
2019-06-28T04:00:00Z,4.63,4.87,4.63,4.84,10405223,10099,4.83384
2019-07-01T04:00:00Z,4.95,5,4.61,4.62,1412451,7206,4.67719
2019-07-02T04:00:00Z,4.59,4.59,4.39,4.55,1032109,7092,4.50455
2019-07-03T04:00:00Z,4.67,4.6779,4.41,4.51,537247,3034,4.509
2019-07-05T04:00:00Z,4.48,4.54,4.37,4.38,786339,4688,4.41484
2019-07-08T04:00:00Z,4.36,4.41,4.09,4.11,1408136,7761,4.14655
2019-07-09T04:00:00Z,4.1,4.28,4.08,4.28,754516,4490,4.20783
2019-07-10T04:00:00Z,4.39,4.49,4.2,4.28,858930,4317,4.3131
2019-07-11T04:00:00Z,4.26,4.3,4.19,4.22,840192,4270,4.23836
2019-07-12T04:00:00Z,4.21,4.255,4.1,4.21,909999,5561,4.19294
2019-07-15T04:00:00Z,4.24,4.29,4.13,4.27,568884,3177,4.232
2019-07-16T04:00:00Z,4.29,4.29,4.05,4.05,870805,4561,4.12331
2019-07-17T04:00:00Z,4.03,4.07,3.83,3.92,1075571,5213,3.9293
2019-07-18T04:00:00Z,3.92,3.99,3.72,3.84,1024592,5444,3.80966
2019-07-19T04:00:00Z,3.88,3.97,3.76,3.88,832683,4548,3.87625
2019-07-22T04:00:00Z,3.88,3.96,3.77,3.78,749636,3646,3.82291
2019-07-23T04:00:00Z,3.83,4.085,3.81,4.01,761809,3415,3.988
2019-07-24T04:00:00Z,4.02,4.085,3.92,4.06,827274,4886,4.03667
2019-07-25T04:00:00Z,4.06,4.1197,3.88,3.88,803686,4685,3.96134
2019-07-26T04:00:00Z,3.92,3.94,3.8,3.89,675257,3329,3.87502
2019-07-29T04:00:00Z,3.94,4.05,3.81,4.02,542891,3395,3.95183
2019-07-30T04:00:00Z,4.01,4.37,3.99,4.31,949871,5060,4.23371
2019-07-31T04:00:00Z,4.3,4.4362,4.17,4.19,994971,5971,4.26261
2019-08-01T04:00:00Z,4.21,4.33,4.1,4.14,1197931,4362,4.16351
2019-08-02T04:00:00Z,4.09,4.17,3.73,3.81,1135732,5573,3.83083
2019-08-05T04:00:00Z,3.66,3.74,3.52,3.55,1642594,6679,3.58815
2019-08-06T04:00:00Z,3.57,3.76,3.5,3.7,969149,5938,3.65431
2019-08-07T04:00:00Z,3.61,3.69,3.505,3.66,645414,4278,3.61452
2019-08-08T04:00:00Z,3.52,4.2,3.52,4.17,1254701,6030,4.08437
2019-08-09T04:00:00Z,4.11,4.45,4.1,4.41,998624,5840,4.31322
2019-08-12T04:00:00Z,4.4,4.7,4.305,4.39,1217477,7119,4.46791
2019-08-13T04:00:00Z,4.41,4.62,4.32,4.48,827879,4616,4.44617
2019-08-14T04:00:00Z,4.37,4.5,4.28,4.43,1204936,6629,4.41396
2019-08-15T04:00:00Z,4.45,4.6401,4.28,4.3,770546,4936,4.41392
2019-08-16T04:00:00Z,4.36,4.7,4.32,4.7,1020040,4722,4.59968
2019-08-19T04:00:00Z,4.79,4.95,4.7,4.83,1179123,7519,4.80933
2019-08-20T04:00:00Z,4.81,4.88,4.45,4.49,817519,5422,4.59389
2019-08-21T04:00:00Z,4.52,4.5386,4.37,4.43,571467,3183,4.43034
2019-08-22T04:00:00Z,4.44,4.47,4.26,4.26,662993,3564,4.31172
2019-08-23T04:00:00Z,4.23,4.38,4.02,4.05,980091,5726,4.14315
2019-08-26T04:00:00Z,4.15,4.21,4.04,4.19,746628,4366,4.15727
2019-08-27T04:00:00Z,4.24,4.28,4.12,4.12,801592,5347,4.17474
2019-08-28T04:00:00Z,4.11,4.32,4.06,4.27,497406,3348,4.25232
2019-08-29T04:00:00Z,4.34,4.44,4.13,4.32,600012,3595,4.25548
2019-08-30T04:00:00Z,4.33,4.36,4.11,4.13,376657,2538,4.15906
2019-09-03T04:00:00Z,4.11,4.24,4.06,4.11,878080,6184,4.13583
2019-09-04T04:00:00Z,4.13,4.19,3.87,3.92,939015,7024,3.94181
2019-09-05T04:00:00Z,4,4.13,3.9,4.09,753012,4580,4.05213
2019-09-06T04:00:00Z,4.09,4.2,3.99,4.07,628391,3920,4.0984
2019-09-09T04:00:00Z,4.1,4.32,4.01,4.28,617711,3509,4.23193
2019-09-10T04:00:00Z,4.27,5.42,4.24,5.4,1912555,11838,5.03269
2019-09-11T04:00:00Z,5.43,5.77,4.9,5.27,1709338,9164,5.25081
2019-09-12T04:00:00Z,5.26,5.46,5.09,5.26,1122155,7450,5.30223
2019-09-13T04:00:00Z,5.28,5.29,4.83,5.1,1231642,8566,5.09486
2019-09-16T04:00:00Z,5.08,5.19,4.68,4.78,1075011,6922,4.83655
2019-09-17T04:00:00Z,4.78,4.96,4.65,4.76,688191,5214,4.79978
2019-09-18T04:00:00Z,4.77,4.9973,4.51,4.61,757321,5195,4.68974
2019-09-19T04:00:00Z,4.58,4.72,4.43,4.52,491311,4087,4.58651
2019-09-20T04:00:00Z,4.51,4.65,4.465,4.51,7151509,3506,4.5118
2019-09-23T04:00:00Z,4.48,4.6,4.36,4.42,526365,4029,4.42858
2019-09-24T04:00:00Z,4.42,4.42,4.22,4.36,914161,6175,4.35003
2019-09-25T04:00:00Z,4.37,4.55,4.3,4.435,660458,6636,4.42878
2019-09-26T04:00:00Z,4.44,4.46,4.15,4.24,838726,4920,4.27533
2019-09-27T04:00:00Z,4.27,4.38,4.105,4.12,624665,4408,4.19789
2019-09-30T04:00:00Z,4.12,4.15,3.9123,3.92,811117,4331,3.98765
2019-10-01T04:00:00Z,3.89,4.1,3.75,3.76,912986,5797,3.86655
2019-10-02T04:00:00Z,3.75,3.86,3.62,3.83,795087,5539,3.76441
2019-10-03T04:00:00Z,3.83,3.92,3.73,3.845,496193,3264,3.85059
2019-10-04T04:00:00Z,3.84,3.91,3.72,3.9,519593,3602,3.84807
2019-10-07T04:00:00Z,3.89,4.21,3.86,4.13,779685,5243,4.1092
2019-10-08T04:00:00Z,4.07,4.24,3.98,4.115,604127,4529,4.13295
2019-10-09T04:00:00Z,4.14,4.18,4.02,4.05,703104,4002,4.07308
2019-10-10T04:00:00Z,4.08,4.29,4.0501,4.135,647714,4209,4.15218
2019-10-11T04:00:00Z,4.19,4.44,4.18,4.31,739420,4097,4.31038
2019-10-14T04:00:00Z,4.31,4.4,4.13,4.145,428545,3631,4.23298
2019-10-15T04:00:00Z,4.16,4.4,4.15,4.32,545582,3233,4.30754
2019-10-16T04:00:00Z,4.3,4.5445,4.26,4.365,430598,2741,4.41754
2019-10-17T04:00:00Z,4.38,4.53,4.29,4.3,579123,3217,4.35214
2019-10-18T04:00:00Z,4.25,4.41,4.12,4.16,546731,3400,4.19492
2019-10-21T04:00:00Z,4.17,4.25,4.1,4.15,863184,3974,4.15465
2019-10-22T04:00:00Z,4.17,4.35,4.15,4.27,772288,5062,4.25865
2019-10-23T04:00:00Z,4.26,4.27,4.13,4.14,566461,3318,4.19818
2019-10-24T04:00:00Z,4.17,4.17,3.85,3.87,672554,3738,3.96554
2019-10-25T04:00:00Z,3.87,4.23,3.85,4.02,739941,4069,4.06168
2019-10-28T04:00:00Z,4.05,4.18,4,4.02,507927,3282,4.06239
2019-10-29T04:00:00Z,4.03,4.07,3.79,3.92,814608,4439,3.90675
2019-10-30T04:00:00Z,3.93,3.99,3.78,3.82,420563,2997,3.84902
2019-10-31T04:00:00Z,3.8,3.88,3.68,3.73,502791,2504,3.73904
2019-11-01T04:00:00Z,3.8,3.89,3.74,3.82,885904,4660,3.81318
2019-11-04T05:00:00Z,3.85,4.05,3.79,3.83,753408,4200,3.88307
2019-11-05T05:00:00Z,3.85,3.99,3.77,3.89,605936,3054,3.88894
2019-11-06T05:00:00Z,3.89,3.92,3.75,3.76,436692,2531,3.80917
2019-11-07T05:00:00Z,3.8,3.86,3.66,3.7,598050,3345,3.73339
2019-11-08T05:00:00Z,3.69,4.19,3.65,4.06,1616166,8731,3.9948
2019-11-11T05:00:00Z,4.2,4.25,3.65,3.66,2030052,5376,3.85819
2019-11-12T05:00:00Z,3.71,3.7593,3.2,3.33,1999190,8289,3.38376
2019-11-13T05:00:00Z,3.27,3.35,2.99,3.31,1972429,8486,3.1538
2019-11-14T05:00:00Z,3.26,3.45,3.16,3.22,1436100,6402,3.26521
2019-11-15T05:00:00Z,3.26,3.425,3.23,3.36,1808863,7226,3.35292
2019-11-18T05:00:00Z,3.36,3.43,3.125,3.16,1531872,5907,3.19474
2019-11-19T05:00:00Z,3.16,3.25,3.06,3.18,1369279,6562,3.14439
2019-11-20T05:00:00Z,3.17,3.65,3.17,3.34,2854884,8404,3.40001
2019-11-21T05:00:00Z,3.59,3.898,3.3899,3.46,3071547,11530,3.50715
2019-11-22T05:00:00Z,3.54,4.29,3.48,4.21,4097501,15986,4.00421
2019-11-25T05:00:00Z,4.19,4.93,4.1531,4.87,3127860,16173,4.62033
2019-11-26T05:00:00Z,4.87,4.99,4.45,4.97,2656207,12248,4.82621
2019-11-27T05:00:00Z,4.97,5.57,4.9,5.55,2605871,12106,5.2528
2019-11-29T05:00:00Z,5.6,6.5602,5.5131,6.29,3921865,13227,6.21325
2019-12-02T05:00:00Z,6.19,6.2797,5.26,5.32,3683631,18613,5.65266
2019-12-03T05:00:00Z,5.22,6.07,5.17,6.07,2689266,13138,5.84183
2019-12-04T05:00:00Z,6.05,6.13,5.78,6,1687786,10909,5.97719
2019-12-05T05:00:00Z,6.01,6.22,5.92,6.06,1639007,8433,6.08659
2019-12-06T05:00:00Z,6.21,6.22,5.72,5.91,1479051,8579,6.00218
2019-12-09T05:00:00Z,5.85,6.09,5.8,5.94,926722,6268,5.96699
2019-12-10T05:00:00Z,5.94,6.555,5.8833,6.41,1922870,11373,6.29829
2019-12-11T05:00:00Z,6.5,6.55,6.0744,6.28,1323579,7491,6.29361
2019-12-12T05:00:00Z,6.26,6.4195,6.2,6.35,892111,6748,6.32395
2019-12-13T05:00:00Z,6.33,6.45,6.175,6.39,1404326,8438,6.33819
2019-12-16T05:00:00Z,6.43,6.68,6.32,6.52,1431619,9691,6.56424
2019-12-17T05:00:00Z,6.5,6.53,6.27,6.5,1524193,8471,6.43519
2019-12-18T05:00:00Z,6.49,6.58,6.18,6.24,1312382,7564,6.31042
2019-12-19T05:00:00Z,6.24,6.415,6.16,6.23,902898,7477,6.26239
2019-12-20T05:00:00Z,6.23,6.24,6.03,6.18,2092888,7530,6.1859
2019-12-23T05:00:00Z,6.14,6.68,6.03,6.61,1288840,8964,6.46104
2019-12-24T05:00:00Z,6.61,6.73,6.32,6.73,891935,5489,6.57474
2019-12-26T05:00:00Z,6.73,6.96,6.6107,6.73,978307,6505,6.81065
2019-12-27T05:00:00Z,6.72,6.76,6.34,6.52,942791,6562,6.55449
2019-12-30T05:00:00Z,6.59,6.66,6.4301,6.58,1448643,9044,6.59253
2019-12-31T05:00:00Z,6.51,6.66,6.31,6.32,1109483,7253,6.42315
2020-01-02T05:00:00Z,6.38,6.42,6.1901,6.34,957032,6687,6.31144
2020-01-03T05:00:00Z,6.2,6.5196,6.2,6.4,930136,6974,6.41075
2020-01-06T05:00:00Z,6.35,6.64,6.27,6.62,884583,5453,6.5343
2020-01-07T05:00:00Z,6.68,6.88,6.55,6.82,957638,6642,6.74845
2020-01-08T05:00:00Z,6.83,7.31,6.805,7.15,1783861,12053,7.16193
2020-01-09T05:00:00Z,7.22,7.2493,6.94,7.03,1054626,7730,7.08889
2020-01-10T05:00:00Z,7.02,7.21,6.92,7.02,1074542,6852,7.08289
2020-01-13T05:00:00Z,6.99,6.99,6.67,6.74,1002094,6325,6.75194
2020-01-14T05:00:00Z,6.74,6.985,6.665,6.9,1015124,7115,6.8897
2020-01-15T05:00:00Z,6.94,7.49,6.9,7.48,5320139,9381,7.10346
2020-01-16T05:00:00Z,7.54,7.94,7.5,7.78,1799745,10756,7.76181
2020-01-17T05:00:00Z,7.86,8.08,7.84,8.03,1869226,11674,7.99251
2020-01-21T05:00:00Z,8,8.26,7.89,7.93,1659438,9553,8.06166
2020-01-22T05:00:00Z,8,8.36,7.95,8.32,2949881,8030,8.03595
2020-01-23T05:00:00Z,8.29,8.74,8.08,8.57,1180227,8287,8.49789
2020-01-24T05:00:00Z,8.59,8.64,7.6,7.93,1526171,9376,8.02032
2020-01-27T05:00:00Z,7.65,7.9,7.38,7.81,1019894,4903,7.77245
2020-01-28T05:00:00Z,7.89,8.23,7.81,7.83,1109172,7422,7.91399
2020-01-29T05:00:00Z,7.82,7.94,7.72,7.73,826731,5151,7.80445
2020-01-30T05:00:00Z,7.62,7.78,7.38,7.53,928033,5663,7.54232
2020-01-31T05:00:00Z,7.44,7.52,7.08,7.22,1526467,8856,7.2478
2020-02-03T05:00:00Z,7.28,7.88,7.23,7.875,1237197,7661,7.67743
2020-02-04T05:00:00Z,8.04,8.31,7.81,8.12,2083952,13440,8.09858
2020-02-05T05:00:00Z,8.2,8.35,8.055,8.23,1400689,9045,8.22063
2020-02-06T05:00:00Z,8.29,8.53,8.07,8.45,1518680,9794,8.31774
2020-02-07T05:00:00Z,8.4,8.57,8.29,8.54,1038424,6640,8.47452
2020-02-10T05:00:00Z,8.55,9.05,8.445,9,1480739,10242,8.87585
2020-02-11T05:00:00Z,9.03,9.35,8.97,9.07,1240038,9510,9.18733
2020-02-12T05:00:00Z,9.18,9.4,8.825,8.86,1268322,9198,9.0928
2020-02-13T05:00:00Z,8.78,9.07,8.77,9,1069605,7443,8.95781
2020-02-14T05:00:00Z,9.01,9.1,8.64,8.75,1137201,8235,8.76348
2020-02-18T05:00:00Z,8.75,9.25,8.7027,9.19,1639928,11087,9.10231
2020-02-19T05:00:00Z,9.2,9.71,9.18,9.69,2178125,10694,9.37883
2020-02-20T05:00:00Z,9.83,10.42,9.54,10.24,2352023,13986,10.1969
2020-02-21T05:00:00Z,10.27,10.53,9.98,10.15,1850339,11381,10.2863
2020-02-24T05:00:00Z,9.58,10.15,9.1,9.99,1139071,7428,9.76629
2020-02-25T05:00:00Z,10.05,10.13,8.765,8.9,1584034,10880,9.24329
2020-02-26T05:00:00Z,8.97,9.345,8.77,8.83,1310334,9177,9.04781
2020-02-27T05:00:00Z,8.67,8.795,8.04,8.3,2397584,10901,8.43396
2020-02-28T05:00:00Z,8.18,8.92,8,8.87,2548184,14840,8.56238
2020-03-02T05:00:00Z,8.83,9.34,8.47,9.07,2080192,14317,8.95043
2020-03-03T05:00:00Z,9.09,9.52,8.7,8.94,3053520,11249,9.00332
2020-03-04T05:00:00Z,9.2,9.63,9.07,9.49,1608389,10323,9.4439
2020-03-05T05:00:00Z,9.26,9.61,9.12,9.38,1606513,10532,9.45327
2020-03-06T05:00:00Z,9.07,9.51,8.94,9.06,1574971,10690,9.09709
2020-03-09T04:00:00Z,8.36,8.92,7.5,8.05,1788640,10957,8.26005
2020-03-10T04:00:00Z,7.86,7.98,6.82,7.43,2713462,12955,7.23736
2020-03-11T04:00:00Z,7.15,7.45,6.72,6.94,2073479,13174,7.07063
2020-03-12T04:00:00Z,6.4,6.64,5.69,6.07,2816311,14651,6.09032
2020-03-13T04:00:00Z,6.41,6.4483,5.01,5.88,2289166,13833,5.65583
2020-03-16T04:00:00Z,4.57,5.41,4.57,5.03,1538213,10450,5.10581
2020-03-17T04:00:00Z,5.11,5.3,4.7,5.08,1779701,12270,5.01694
2020-03-18T04:00:00Z,4.77,4.97,3.805,4.1,2073654,12974,4.3368
2020-03-19T04:00:00Z,4.08,5.74,4.08,5.53,1946029,13020,5.26524
2020-03-20T04:00:00Z,5.7,6.3,5.48,5.84,2025039,10466,5.81818
2020-03-23T04:00:00Z,5.9,6.44,5.69,6.23,1384839,10150,6.14635
2020-03-24T04:00:00Z,6.61,7.33,6.56,7.24,1669475,10994,7.03232
2020-03-25T04:00:00Z,7.26,8.22,7.22,7.65,1620293,10418,7.77185
2020-03-26T04:00:00Z,7.72,8.34,7.29,7.52,1692607,10754,7.78088
2020-03-27T04:00:00Z,7.27,7.58,7.03,7.05,1700989,11037,7.18056
2020-03-30T04:00:00Z,7.08,8,6.61,7.96,1284870,8543,7.69331
2020-03-31T04:00:00Z,7.96,8.22,7.45,7.58,2445804,12682,7.68473
2020-04-01T04:00:00Z,7.18,7.46,6.6,6.67,1341313,8590,6.91338
2020-04-02T04:00:00Z,6.56,7.12,6.37,7.07,1002880,6618,6.89489
2020-04-03T04:00:00Z,7.01,7.14,6.55,6.73,880592,7549,6.78336
2020-04-06T04:00:00Z,7.07,7.3,6.8,7.09,1050894,7085,7.06064
2020-04-07T04:00:00Z,7.24,7.45,6.56,6.7,1156009,7466,6.82991
2020-04-08T04:00:00Z,6.77,7.14,6.54,6.95,1124357,8894,6.9216
2020-04-09T04:00:00Z,7.16,7.24,6.78,7,953218,7295,7.00279
2020-04-13T04:00:00Z,6.95,6.99,6.745,6.9,842429,6697,6.86677
2020-04-14T04:00:00Z,7,7.565,6.91,7.46,1510232,8356,7.31376
2020-04-15T04:00:00Z,7.23,7.41,7,7.27,951389,6623,7.23898
2020-04-16T04:00:00Z,7.34,7.46,6.86,7.05,801102,6692,7.10601
2020-04-17T04:00:00Z,7.28,7.48,7.06,7.46,1167258,6965,7.35029
2020-04-20T04:00:00Z,7.18,7.96,7.1537,7.46,1024375,7611,7.58874
2020-04-21T04:00:00Z,7.26,7.42,7,7.1,884736,7070,7.17852
2020-04-22T04:00:00Z,7.29,7.57,7.14,7.52,814275,6271,7.45285
2020-04-23T04:00:00Z,7.56,7.73,7.282,7.31,672947,5602,7.42685
2020-04-24T04:00:00Z,7.31,7.75,7.27,7.71,637635,5711,7.58916
2020-04-27T04:00:00Z,7.82,8.03,7.76,7.84,826402,6090,7.88012
2020-04-28T04:00:00Z,8,8.27,7.74,8.04,945951,5913,7.98029
2020-04-29T04:00:00Z,8.27,8.7,8.1,8.6,1223366,8798,8.52487
2020-04-30T04:00:00Z,8.41,8.4823,8.05,8.1,868059,6870,8.18887
2020-05-01T04:00:00Z,7.84,8.01,7.6,7.98,1062661,9384,7.86479
2020-05-04T04:00:00Z,7.94,8.69,7.72,8.66,1596921,12426,8.47443
2020-05-05T04:00:00Z,10.23,12.25,10.1,11.95,16457794,81325,11.6212
2020-05-06T04:00:00Z,11.95,12.06,11.595,11.64,2987638,21438,11.7575
2020-05-07T04:00:00Z,11.9,12.06,11.65,11.68,1463910,11099,11.8423
2020-05-08T04:00:00Z,11.86,12.22,11.68,11.98,2128849,12810,12.0242
2020-05-11T04:00:00Z,11.93,13.17,11.88,12.85,2843262,21161,12.8339
2020-05-12T04:00:00Z,12.51,12.95,11.56,11.565,7433771,43459,12.0757
2020-05-13T04:00:00Z,11.5,12.05,11.34,11.81,2584865,15152,11.7801
2020-05-14T04:00:00Z,11.56,12.155,11.35,12.12,1980149,14992,11.9047
2020-05-15T04:00:00Z,12.2,12.84,12.12,12.42,1652649,11945,12.4874
2020-05-18T04:00:00Z,12.71,13.02,11.89,12.1,1833733,14727,12.2393
2020-05-19T04:00:00Z,12.06,12.35,11.87,11.89,1324869,8667,12.0267
2020-05-20T04:00:00Z,12.13,12.755,11.95,12.64,1387218,12236,12.5458
2020-05-21T04:00:00Z,12.54,12.62,12.115,12.425,886225,8686,12.411
2020-05-22T04:00:00Z,12.41,12.42,12,12.16,736160,8586,12.1234
2020-05-26T04:00:00Z,12.48,12.725,12.13,12.15,1075821,9475,12.4162
2020-05-27T04:00:00Z,12.16,12.404,11.71,12.29,1429570,13359,12.1106
2020-05-28T04:00:00Z,12.36,12.57,11.42,11.51,1279631,11077,11.8473
2020-05-29T04:00:00Z,11.62,11.69,10.97,11.64,2840314,16906,11.4398
2020-06-01T04:00:00Z,11.57,11.9,11.17,11.17,1334226,10861,11.2991
2020-06-02T04:00:00Z,11.09,11.35,10.64,11.31,1606677,9738,11.0901
2020-06-03T04:00:00Z,11.34,11.97,11.25,11.885,1987073,11586,11.749
2020-06-04T04:00:00Z,11.85,12.224,11.735,12.18,2002341,14862,12.0711
2020-06-05T04:00:00Z,12.36,12.64,11.87,11.96,1291896,10714,12.1551
2020-06-08T04:00:00Z,12.1,12.18,11.79,11.82,928812,7688,11.9188
2020-06-09T04:00:00Z,11.73,12.06,11.43,11.84,1122288,6252,11.7716
2020-06-10T04:00:00Z,12.09,12.09,11.37,11.43,894508,8157,11.554
2020-06-11T04:00:00Z,11.25,11.38,10.52,10.53,1354419,10700,10.7955
2020-06-12T04:00:00Z,10.95,11.2,10.56,11.19,1473427,10174,10.8748
2020-06-15T04:00:00Z,10.95,12.13,10.95,12.13,1499525,11685,11.8053
2020-06-16T04:00:00Z,12.35,12.52,12.0301,12.3,1138710,9183,12.3242
2020-06-17T04:00:00Z,12.3,12.5,12.04,12.19,937837,6917,12.3038
2020-06-18T04:00:00Z,12.16,12.62,12.16,12.61,1218089,8209,12.5038
2020-06-19T04:00:00Z,12.56,12.6787,11.8,11.83,6701428,14832,11.9837
2020-06-22T04:00:00Z,11.94,12.57,11.55,12.55,1481198,11727,12.2739
2020-06-23T04:00:00Z,12.7,12.84,12.435,12.54,1551405,9061,12.6072
2020-06-24T04:00:00Z,12.35,12.68,11.93,12.31,1448577,10726,12.2549
2020-06-25T04:00:00Z,12.24,12.68,12.05,12.55,2286408,12489,12.4277
2020-06-26T04:00:00Z,12.51,12.6,11.4,11.68,7589231,13070,11.7263
2020-06-29T04:00:00Z,12.06,12.73,11.83,12.7,2108947,12811,12.5001
2020-06-30T04:00:00Z,12.67,13.68,12.35,13.58,2808432,13938,13.2815
2020-07-01T04:00:00Z,13.52,13.59,12.085,12.9,3204275,19259,12.6598
2020-07-02T04:00:00Z,13.03,13.3,12.8,13.08,1369995,10300,13.1083
2020-07-06T04:00:00Z,13.4,13.4,12.75,13.065,1203507,8347,13.0049
2020-07-07T04:00:00Z,12.88,13.71,12.87,13.03,1874331,10817,13.3644
2020-07-08T04:00:00Z,13.08,13.5,12.86,13.03,1173250,8755,13.1494
2020-07-09T04:00:00Z,13.02,13.15,12.36,12.495,1030349,6572,12.6116
2020-07-10T04:00:00Z,12.5,12.56,11.95,11.98,934640,6462,12.1646
2020-07-13T04:00:00Z,12.08,12.49,11.792,11.83,1284182,8861,12.0365
2020-07-14T04:00:00Z,11.9,12.24,11.57,11.91,974591,7216,11.849
2020-07-15T04:00:00Z,12.26,12.45,11.85,12.35,928385,6048,12.2242
2020-07-16T04:00:00Z,12.27,12.312,11.9,12.28,720678,4934,12.168
2020-07-17T04:00:00Z,12.21,12.745,12.18,12.36,1055134,6811,12.4509
2020-07-20T04:00:00Z,12.8,13.1423,12.4401,12.88,1163177,9352,12.8231
2020-07-21T04:00:00Z,12.88,13,12.28,12.44,1002533,7205,12.5411
2020-07-22T04:00:00Z,12.44,12.6,12.11,12.25,555800,4471,12.3028
2020-07-23T04:00:00Z,12.26,12.64,11.8801,11.98,857631,6163,12.1418
2020-07-24T04:00:00Z,11.8035,12.045,11.301,11.76,853612,6279,11.7088
2020-07-27T04:00:00Z,11.82,12.17,11.81,12.13,887347,6587,12.0779
2020-07-28T04:00:00Z,12,12.48,11.62,11.62,1036742,5711,11.7454
2020-07-29T04:00:00Z,11.69,11.87,11.6,11.76,840578,6780,11.7609
2020-07-30T04:00:00Z,11.58,12.17,11.5751,11.91,783395,5792,11.9445
2020-07-31T04:00:00Z,11.91,11.92,11.07,11.17,1192825,8278,11.2676
2020-08-03T04:00:00Z,11.25,11.745,11.2,11.59,1358525,10381,11.5529
2020-08-04T04:00:00Z,11.54,11.64,10.76,10.94,1343479,10094,10.9865
2020-08-05T04:00:00Z,11.04,11.23,10.96,11.15,907908,6471,11.1377
2020-08-06T04:00:00Z,11,11.22,10.78,11.06,793645,6486,11.0518
2020-08-07T04:00:00Z,11.07,11.57,10.93,10.98,1005946,8191,11.1582
2020-08-10T04:00:00Z,10.93,11.3999,10.56,10.67,957840,7861,10.7117
2020-08-11T04:00:00Z,10.14,10.9458,9.886,10.28,1469785,12562,10.4767
2020-08-12T04:00:00Z,10.31,10.535,9.985,10.5,1678579,11376,10.3678
2020-08-13T04:00:00Z,10.53,10.83,10.42,10.63,897465,8415,10.6739
2020-08-14T04:00:00Z,10.63,10.81,10.36,10.53,617950,5286,10.5014
2020-08-17T04:00:00Z,10.6,10.77,10.4701,10.66,1271854,9375,10.6694
2020-08-18T04:00:00Z,10.71,10.84,10.53,10.64,820320,7713,10.6261
2020-08-19T04:00:00Z,10.68,10.82,10.23,10.26,718957,6847,10.4047
2020-08-20T04:00:00Z,10.18,11.26,10.15,10.84,2297658,13288,10.8435
2020-08-21T04:00:00Z,10.76,10.97,9.81,9.91,1568854,10112,10.092
2020-08-24T04:00:00Z,9.96,10.08,9.6,9.68,896050,7578,9.72861
2020-08-25T04:00:00Z,9.66,10.43,9.525,10.17,1679476,14514,10.0784
2020-08-26T04:00:00Z,10.06,10.41,9.93,10.14,879865,7444,10.155
2020-08-27T04:00:00Z,10.23,10.43,10.12,10.18,734735,6650,10.2576
2020-08-28T04:00:00Z,10.29,10.34,10.14,10.28,709487,6312,10.2692
2020-08-31T04:00:00Z,10.33,10.54,10.09,10.41,1490700,7600,10.4011
2020-09-01T04:00:00Z,10.43,10.58,9.775,9.95,1575962,8274,10.0118
2020-09-02T04:00:00Z,10.01,10.09,9.58,10,2064123,11321,9.93843
2020-09-03T04:00:00Z,2.98,3,2.63,2.65,81664543,169579,2.783
2020-09-04T04:00:00Z,2.83,2.85,2.46,2.72,34207987,84575,2.6902
2020-09-08T04:00:00Z,2.7,2.76,2.58,2.61,10941973,29543,2.63742
2020-09-09T04:00:00Z,2.6,2.77,2.541,2.65,8306783,25235,2.69201
2020-09-10T04:00:00Z,2.67,2.75,2.58,2.6,8561910,22889,2.66902
2020-09-11T04:00:00Z,2.64,2.67,2.49,2.53,5460438,15796,2.56062
2020-09-14T04:00:00Z,2.58,2.72,2.57,2.7,6154089,24151,2.66951
2020-09-15T04:00:00Z,2.73,2.75,2.62,2.64,4013212,13745,2.67943
2020-09-16T04:00:00Z,2.66,2.72,2.64,2.67,4149665,15181,2.67508
2020-09-17T04:00:00Z,2.68,3.08,2.62,2.95,11798349,33122,2.91146
2020-09-18T04:00:00Z,2.93,2.97,2.75,2.8,42065895,26037,2.80822
2020-09-21T04:00:00Z,2.77,2.88,2.66,2.82,13647831,28396,2.78823
2020-09-22T04:00:00Z,2.87,2.88,2.72,2.79,6361548,20057,2.77897
2020-09-23T04:00:00Z,2.79,2.84,2.52,2.54,10644546,31052,2.64894
2020-09-24T04:00:00Z,2.51,2.5484,2.34,2.46,5938288,20240,2.45361
2020-09-25T04:00:00Z,2.48,2.635,2.455,2.48,6908445,21969,2.50499
2020-09-28T04:00:00Z,2.53,2.53,2.4,2.44,4294185,15114,2.45284
2020-09-29T04:00:00Z,2.44,2.48,2.37,2.39,3652479,12372,2.41378
2020-09-30T04:00:00Z,2.39,2.5338,2.36,2.51,7228797,15197,2.46533
2020-10-01T04:00:00Z,2.53,2.59,2.43,2.52,4913197,18364,2.50155
2020-10-02T04:00:00Z,2.42,2.52,2.41,2.47,3589140,11840,2.46464
2020-10-05T04:00:00Z,2.51,2.7,2.51,2.69,8084694,13989,2.66057
2020-10-06T04:00:00Z,2.71,2.75,2.62,2.7,4212314,13757,2.69989
2020-10-07T04:00:00Z,2.69,2.83,2.67,2.82,4059893,11396,2.7842
2020-10-08T04:00:00Z,2.85,2.975,2.79,2.95,6305900,17617,2.91446
2020-10-09T04:00:00Z,2.98,3.12,2.85,3.11,7056515,20248,3.03465
2020-10-12T04:00:00Z,3.26,3.54,3.13,3.32,15604953,43369,3.31594
2020-10-13T04:00:00Z,3.27,3.57,3.25,3.55,9976658,26452,3.43085
2020-10-14T04:00:00Z,3.6,3.67,3.36,3.58,9879797,29794,3.52503
2020-10-15T04:00:00Z,3.47,3.7699,3.37,3.655,7172178,22254,3.58854
2020-10-16T04:00:00Z,3.61,3.835,3.56,3.78,8012583,19788,3.73412
2020-10-19T04:00:00Z,3.83,3.96,3.61,3.7,6994037,25673,3.77815
2020-10-20T04:00:00Z,3.74,3.75,3.3,3.58,9136521,30137,3.56685
2020-10-21T04:00:00Z,3.6,3.6,3.29,3.295,4643477,15038,3.40578
2020-10-22T04:00:00Z,3.3,3.38,2.9,3.28,10956720,28869,3.18772
2020-10-23T04:00:00Z,3.3442,4.18,3.04,3.18,21757827,63976,3.49308
2020-10-26T04:00:00Z,3.1,3.15,2.75,2.84,10841181,29017,2.87069
2020-10-27T04:00:00Z,2.86,2.89,2.37,2.42,23619085,43948,2.52338
2020-10-28T04:00:00Z,2.36,2.41,2.31,2.34,10505315,24762,2.34931
2020-10-29T04:00:00Z,2.37,2.37,2.25,2.27,7229861,23778,2.2954
2020-10-30T04:00:00Z,2.27,2.2825,2.09,2.22,8014386,20223,2.18065
2020-11-02T05:00:00Z,2.22,2.48,2.22,2.31,6212938,22000,2.34025
2020-11-03T05:00:00Z,2.38,2.44,2.28,2.42,5903017,18180,2.36291
2020-11-04T05:00:00Z,2.43,2.6,2.4072,2.57,8589916,26271,2.53067
2020-11-05T05:00:00Z,2.34,2.55,2.3,2.49,9805212,19709,2.4509
2020-11-06T05:00:00Z,2.47,2.4743,2.36,2.38,4827265,12618,2.38407
2020-11-09T05:00:00Z,2.44,2.65,2.43,2.45,6931889,23829,2.50524
2020-11-10T05:00:00Z,2.4568,2.6,2.43,2.59,5096744,19544,2.53972
2020-11-11T05:00:00Z,2.62,2.625,2.5,2.57,3356580,10564,2.5628
2020-11-12T05:00:00Z,2.59,2.5912,2.45,2.47,4230121,11755,2.50388
2020-11-13T05:00:00Z,2.47,2.57,2.4439,2.54,3613439,10793,2.52624
2020-11-16T05:00:00Z,2.59,2.75,2.55,2.6,3659495,12008,2.61435
2020-11-17T05:00:00Z,2.57,2.735,2.52,2.73,5680646,14613,2.66674
2020-11-18T05:00:00Z,2.72,2.9,2.69,2.73,5002056,16199,2.80134
2020-11-19T05:00:00Z,2.83,2.97,2.78,2.91,4876099,15546,2.89362
2020-11-20T05:00:00Z,2.9561,2.96,2.731,2.88,4802911,16914,2.86864
2020-11-23T05:00:00Z,2.92,3.18,2.88,3.07,9545078,17430,3.0625
2020-11-24T05:00:00Z,3.16,3.19,3.01,3.08,5158837,16561,3.10349
2020-11-25T05:00:00Z,3.09,3.32,3.08,3.3,3929185,13166,3.2414
2020-11-27T05:00:00Z,3.3,3.4199,3.29,3.39,2778191,8442,3.35903
2020-11-30T05:00:00Z,3.44,3.45,3.14,3.31,4355006,14496,3.28615
2020-12-01T05:00:00Z,3.37,3.37,3.1,3.11,5992104,15168,3.15716
2020-12-02T05:00:00Z,3.08,3.17,2.96,3.11,4568623,14067,3.10045
2020-12-03T05:00:00Z,3.12,3.17,3.03,3.06,3842149,13000,3.08547
2020-12-04T05:00:00Z,3.1,3.105,3.01,3.08,3452663,10120,3.06716
2020-12-07T05:00:00Z,3.09,3.105,3.02,3.04,4104891,12217,3.0534
2020-12-08T05:00:00Z,3.04,3.07,2.9475,3.06,4038889,12519,3.02833
2020-12-09T05:00:00Z,3.04,3.08,2.8,2.815,8939955,19244,2.8912
2020-12-10T05:00:00Z,2.8,2.995,2.7716,2.95,9151115,22021,2.92919
2020-12-11T05:00:00Z,2.96,3.03,2.84,2.87,5920686,15716,2.93241
2020-12-14T05:00:00Z,2.9341,3.27,2.925,3.18,10606906,33323,3.12216
2020-12-15T05:00:00Z,3.233,3.26,3,3.08,5013349,17037,3.06531
2020-12-16T05:00:00Z,3.07,3.12,3,3.04,3284735,11211,3.04751
2020-12-17T05:00:00Z,3.0654,3.13,2.98,3.11,4297810,15753,3.06851
2020-12-18T05:00:00Z,3.11,3.125,2.985,3,23243874,23076,3.01429
2020-12-21T05:00:00Z,3.06,3.07,2.94,3.05,6786485,19836,3.01818
2020-12-22T05:00:00Z,3.06,3.08,2.97,3.01,4526065,14570,3.02017
2020-12-23T05:00:00Z,2.99,3.01,2.91,2.98,3396246,11371,2.96957
2020-12-24T05:00:00Z,2.98,3.01,2.91,2.92,2373853,6096,2.95188
2020-12-28T05:00:00Z,2.93,2.955,2.8,2.81,6263041,14763,2.85462
2020-12-29T05:00:00Z,2.85,2.85,2.71,2.725,5719476,14860,2.75623
2020-12-30T05:00:00Z,2.77,2.99,2.72,2.99,5840144,17198,2.91012
2020-12-31T05:00:00Z,2.96,2.9601,2.78,2.8,5256104,14282,2.82721
2021-01-04T05:00:00Z,2.83,2.96,2.76,2.92,5592263,14769,2.88761
2021-01-05T05:00:00Z,2.93,3,2.915,2.93,3473137,11421,2.952
2021-01-06T05:00:00Z,2.95,3.06,2.91,2.99,5440988,17309,2.98922
2021-01-07T05:00:00Z,3.01,3.13,2.99,3.07,5377276,15023,3.06918
2021-01-08T05:00:00Z,3.11,3.15,3.05,3.1,4428834,13680,3.10318
2021-01-11T05:00:00Z,3.08,3.15,3.005,3.04,4171867,12210,3.0752
2021-01-12T05:00:00Z,3.07,3.1,3,3.05,4092290,11375,3.03352
2021-01-13T05:00:00Z,3.07,3.25,2.97,3.11,17177939,38319,3.1248
2021-01-14T05:00:00Z,3.1312,3.2,3.095,3.17,5627536,15273,3.15084
2021-01-15T05:00:00Z,3.14,3.16,3.04,3.05,4583495,10810,3.08015
2021-01-19T05:00:00Z,3.1168,3.22,3.04,3.14,6310760,16697,3.13104
2021-01-20T05:00:00Z,3.19,3.29,3.1,3.17,10010980,22111,3.17333
2021-01-21T05:00:00Z,3.22,3.235,3.11,3.15,6587207,14031,3.17539
2021-01-22T05:00:00Z,3.15,3.395,3.1,3.36,6780424,16983,3.24403
2021-01-25T05:00:00Z,3.46,3.93,3.46,3.71,12282335,32605,3.686
2021-01-26T05:00:00Z,3.81,3.86,3.695,3.76,8143057,20771,3.7728
2021-01-27T05:00:00Z,3.55,3.73,3.44,3.49,8654076,26468,3.55508
2021-01-28T05:00:00Z,3.57,3.75,3.41,3.425,9204790,19398,3.48541
2021-01-29T05:00:00Z,3.36,3.39,3.19,3.24,7842786,22621,3.28224
2021-02-01T05:00:00Z,3.27,3.44,3.17,3.405,6725478,19629,3.31622
2021-02-02T05:00:00Z,3.45,3.64,3.37,3.5,7966383,22461,3.46448
2021-02-03T05:00:00Z,3.495,4.02,3.48,3.935,10279909,24956,3.82632
2021-02-04T05:00:00Z,4.15,4.39,3.81,3.87,13190554,37745,4.06893
2021-02-05T05:00:00Z,3.9883,4.56,3.86,4.51,10974711,28325,4.27043
2021-02-08T05:00:00Z,4.57,5.14,4.37,5.06,15199355,46857,4.86634
2021-02-09T05:00:00Z,5,5.08,4.7297,4.85,8905388,32093,4.87957
2021-02-10T05:00:00Z,4.95,5.06,4.41,4.62,9710935,27629,4.68229
2021-02-11T05:00:00Z,4.64,4.9,4.52,4.77,6438730,20668,4.73128
2021-02-12T05:00:00Z,4.67,4.78,4.535,4.61,4415126,15049,4.65609
2021-02-16T05:00:00Z,4.74,5.05,4.61,4.87,9147518,25668,4.86296
2021-02-17T05:00:00Z,4.89,4.91,4.57,4.605,7133363,22228,4.68322
2021-02-18T05:00:00Z,4.6,4.7,4.27,4.31,9155220,22866,4.41844
2021-02-19T05:00:00Z,4.37,4.52,4.35,4.44,4237259,13089,4.43553
2021-02-22T05:00:00Z,4.28,4.39,4.1,4.11,6218855,19128,4.22408
2021-02-23T05:00:00Z,3.895,4.32,3.73,4.13,11222674,35405,4.08404
2021-02-24T05:00:00Z,4.13,4.31,4.11,4.28,5018843,17605,4.22772
2021-02-25T05:00:00Z,3.8,3.85,3.42,3.47,15760879,39775,3.59769
2021-02-26T05:00:00Z,3.45,3.53,3.24,3.46,7871467,24280,3.38111
2021-03-01T05:00:00Z,3.5,3.56,3.33,3.365,5637230,17067,3.40266
2021-03-02T05:00:00Z,3.3961,3.58,3.3837,3.53,10134708,16332,3.50852
2021-03-03T05:00:00Z,3.488,3.59,3.36,3.37,5293245,16555,3.45973
2021-03-04T05:00:00Z,3.35,3.45,3.21,3.32,7486501,23300,3.31166
2021-03-05T05:00:00Z,3.37,3.41,3.04,3.405,7082539,23487,3.26007
2021-03-08T05:00:00Z,3.52,3.53,3.29,3.33,6080410,18819,3.39532
2021-03-09T05:00:00Z,3.412,3.62,3.37,3.6,5028838,13883,3.54681
2021-03-10T05:00:00Z,3.65,3.685,3.46,3.52,4147793,15728,3.55717
2021-03-11T05:00:00Z,3.6,3.75,3.5817,3.72,4570994,13956,3.70535
2021-03-12T05:00:00Z,3.67,3.68,3.59,3.61,3813088,11015,3.62269
2021-03-15T04:00:00Z,3.62,3.65,3.5,3.6,3030712,9975,3.57059
2021-03-16T04:00:00Z,3.6136,3.66,3.4,3.48,4934548,13498,3.5076
2021-03-17T04:00:00Z,3.4,3.55,3.36,3.54,3917153,11958,3.45421
2021-03-18T04:00:00Z,3.48,3.6,3.33,3.33,4825923,13502,3.4247
2021-03-19T04:00:00Z,3.38,3.7,3.28,3.51,24533978,20008,3.50252
2021-03-22T04:00:00Z,3.5557,3.64,3.475,3.5,2664470,10327,3.5552
2021-03-23T04:00:00Z,3.47,3.5,3.215,3.22,5420062,16833,3.29734
2021-03-24T04:00:00Z,3.29,3.33,3.05,3.06,5660272,16361,3.14746
2021-03-25T04:00:00Z,3,3.25,2.96,3.24,7108723,12324,3.16972
2021-03-26T04:00:00Z,3.24,3.25,3.06,3.16,3530986,11356,3.13852
2021-03-29T04:00:00Z,3.1,3.18,3.03,3.1,3070158,9686,3.10817
2021-03-30T04:00:00Z,3.13,3.22,3.059,3.095,2517035,7981,3.12358
2021-03-31T04:00:00Z,3.15,3.4,3.14,3.385,6216424,16803,3.32675
2021-04-01T04:00:00Z,3.42,3.4466,3.25,3.33,3670131,12386,3.34333
2021-04-05T04:00:00Z,3.36,3.405,3.27,3.31,2985183,8154,3.32149
2021-04-06T04:00:00Z,3.31,3.34,3.2,3.22,3681608,10181,3.24838
2021-04-07T04:00:00Z,3.42,3.5616,3.155,3.17,7167923,17896,3.31322
2021-04-08T04:00:00Z,3.209,3.25,3.1,3.16,3294070,9957,3.15531
2021-04-09T04:00:00Z,3.17,3.17,3.06,3.06,3135936,9804,3.09121
2021-04-12T04:00:00Z,3.07,3.08,2.92,2.98,4664835,12370,2.98656
2021-04-13T04:00:00Z,3.02,3.03,2.89,3.03,3473755,11188,2.96157
2021-04-14T04:00:00Z,3.03,3.19,3.03,3.115,3081019,11455,3.11346
2021-04-15T04:00:00Z,3.16,3.17,3.02,3.06,2737406,8859,3.06574
2021-04-16T04:00:00Z,3.03,3.03,2.89,2.96,4037297,11365,2.94351
2021-04-19T04:00:00Z,2.93,2.9573,2.83,2.85,3041459,7989,2.87338
2021-04-20T04:00:00Z,2.85,2.9,2.74,2.83,3860555,8551,2.81056
2021-04-21T04:00:00Z,2.83,2.97,2.7806,2.97,2586383,7239,2.90242
2021-04-22T04:00:00Z,2.96,3.18,2.915,3.08,3976706,10154,3.08316
2021-04-23T04:00:00Z,3.07,3.15,3.04,3.07,2064481,6276,3.07733
2021-04-26T04:00:00Z,3.05,3.18,3,3.18,2752264,7680,3.13469
2021-04-27T04:00:00Z,3.24,3.2601,3.12,3.17,2163770,7675,3.18576
2021-04-28T04:00:00Z,3.15,3.245,3.1,3.2,2646706,7945,3.18262
2021-04-29T04:00:00Z,3.3,3.4,3.17,3.25,4087354,11663,3.24705
2021-04-30T04:00:00Z,3.18,3.29,3.14,3.19,3266280,7849,3.19405
2021-05-03T04:00:00Z,3.23,3.23,3.09,3.18,2391759,8155,3.14851
2021-05-04T04:00:00Z,3.13,3.15,2.95,2.96,5829897,10805,2.99834
2021-05-05T04:00:00Z,3.0084,3.1469,2.95,3.05,3167509,9494,3.04914
2021-05-06T04:00:00Z,3.03,3.07,2.91,3.01,3767554,11046,2.96911
2021-05-07T04:00:00Z,3.04,3.14,3.0149,3.12,3011275,9247,3.10373
2021-05-10T04:00:00Z,3.05,3.07,2.88,2.9,4596325,12189,2.93673
2021-05-11T04:00:00Z,2.81,3.21,2.75,3.2,5012208,12469,3.06425
2021-05-12T04:00:00Z,3.1255,3.435,3.11,3.29,3102229,10697,3.30954
2021-05-13T04:00:00Z,3.35,3.3964,3.17,3.33,3158420,12533,3.27568
2021-05-14T04:00:00Z,3.32,3.47,3.31,3.45,3513778,12029,3.41331
2021-05-17T04:00:00Z,3.45,3.497,3.37,3.41,2049159,7529,3.41583
2021-05-18T04:00:00Z,3.41,3.59,3.37,3.5,2920020,10065,3.51156
2021-05-19T04:00:00Z,3.3936,3.47,3.32,3.41,2896881,9475,3.40759
2021-05-20T04:00:00Z,3.42,3.54,3.39,3.49,2117007,7638,3.48179
2021-05-21T04:00:00Z,3.54,3.62,3.47,3.49,2245392,7706,3.53792
2021-05-24T04:00:00Z,3.51,3.57,3.41,3.42,1805045,6135,3.46075
2021-05-25T04:00:00Z,3.47,3.49,3.29,3.29,2778738,7963,3.33086
2021-05-26T04:00:00Z,3.33,3.43,3.31,3.43,2400334,7810,3.38792
2021-05-27T04:00:00Z,3.44,3.5,3.39,3.5,3012492,9748,3.48149
2021-05-28T04:00:00Z,3.56,3.65,3.5,3.51,2922298,8419,3.57278
2021-06-01T04:00:00Z,3.7,3.78,3.36,3.41,10004271,23408,3.47859
2021-06-02T04:00:00Z,3.38,3.44,3.23,3.37,5572079,13671,3.33197
2021-06-03T04:00:00Z,3.28,3.385,3.27,3.33,2951938,12819,3.33214
2021-06-04T04:00:00Z,3.38,3.42,3.31,3.36,2280291,6507,3.36916
2021-06-07T04:00:00Z,3.37,3.48,3.3,3.44,5705535,18397,3.41783
2021-06-08T04:00:00Z,3.43,3.6,3.4,3.6,4298711,12468,3.52893
2021-06-09T04:00:00Z,3.59,3.75,3.5679,3.68,4286376,12100,3.68464
2021-06-10T04:00:00Z,3.65,3.74,3.62,3.69,2185950,9261,3.68324
2021-06-11T04:00:00Z,3.72,3.74,3.63,3.67,2160322,7699,3.67631
2021-06-14T04:00:00Z,3.6646,3.73,3.59,3.65,4094120,9216,3.65195
2021-06-15T04:00:00Z,3.66,3.67,3.47,3.52,5666954,13604,3.54598
2021-06-16T04:00:00Z,3.49,3.56,3.395,3.53,3022074,9402,3.5006
2021-06-17T04:00:00Z,3.52,3.6955,3.51,3.67,3243495,10165,3.64476
2021-06-18T04:00:00Z,3.65,3.73,3.5632,3.68,12256404,17111,3.68045
2021-06-21T04:00:00Z,3.689,3.7189,3.55,3.64,2831997,11132,3.61752
2021-06-22T04:00:00Z,3.58,3.645,3.55,3.62,1871594,5413,3.5966
2021-06-23T04:00:00Z,3.6,3.96,3.6,3.96,10597196,14484,3.77778
2021-06-24T04:00:00Z,3.93,4.18,3.92,4.18,4942956,13970,4.11753
2021-06-25T04:00:00Z,4.15,4.25,4.08,4.2,10745941,16217,4.19893
2021-06-28T04:00:00Z,4.25,4.33,4.04,4.08,2334504,8287,4.12698
2021-06-29T04:00:00Z,4.0911,4.0911,3.86,3.86,2696851,8242,3.92096
2021-06-30T04:00:00Z,3.87,3.895,3.78,3.79,1731738,5994,3.823
2021-07-01T04:00:00Z,3.87,3.91,3.75,3.88,2325973,8079,3.83279
2021-07-02T04:00:00Z,3.88,3.9,3.68,3.71,1679264,7339,3.73883
2021-07-06T04:00:00Z,3.67,3.7092,3.48,3.51,2666312,7247,3.54866
2021-07-07T04:00:00Z,3.5,3.55,3.36,3.38,2975781,6833,3.39091
2021-07-08T04:00:00Z,3.3,3.43,3.24,3.4,2362727,5568,3.36648
2021-07-09T04:00:00Z,3.41,3.43,3.33,3.41,1280268,4836,3.39103
2021-07-12T04:00:00Z,3.41,3.44,3.27,3.34,4091194,9404,3.33992
2021-07-13T04:00:00Z,3.31,3.36,3.26,3.33,3146997,9194,3.31252
2021-07-14T04:00:00Z,3.33,3.6266,3.32,3.54,9041330,14484,3.49061
2021-07-15T04:00:00Z,3.5,3.597,3.31,3.32,3465477,9432,3.40142
2021-07-16T04:00:00Z,3.47,3.47,3.1,3.1,7232201,22505,3.2464
2021-07-19T04:00:00Z,3.03,3.04,2.84,2.88,7026839,15994,2.92582
2021-07-20T04:00:00Z,2.9,2.9264,2.66,2.67,11932885,18944,2.73598
2021-07-21T04:00:00Z,2.68,2.78,2.57,2.7,12983002,17788,2.65757
2021-07-22T04:00:00Z,2.74,2.74,2.55,2.55,7534434,13891,2.60705
2021-07-23T04:00:00Z,2.6,2.61,2.47,2.47,6376413,12921,2.54003
2021-07-26T04:00:00Z,2.48,2.56,2.43,2.47,5502935,10667,2.47655
2021-07-27T04:00:00Z,2.47,2.58,2.36,2.53,5378009,13752,2.47755
2021-07-28T04:00:00Z,2.54,2.64,2.51,2.64,3383431,7559,2.60049
2021-07-29T04:00:00Z,2.63,2.675,2.52,2.52,2743801,9867,2.56518
2021-07-30T04:00:00Z,2.54,2.58,2.45,2.47,2256345,7007,2.49554
2021-08-02T04:00:00Z,2.5,2.625,2.46,2.6,1990565,6060,2.57335
2021-08-03T04:00:00Z,2.61,2.635,2.49,2.57,2215340,7021,2.55059
2021-08-04T04:00:00Z,2.54,2.66,2.48,2.48,2787422,7626,2.53882
2021-08-05T04:00:00Z,2.41,2.87,2.41,2.87,6121658,12397,2.7607
2021-08-06T04:00:00Z,2.78,2.869,2.72,2.74,4189771,12025,2.75627
2021-08-09T04:00:00Z,2.76,2.82,2.7,2.73,5658148,8042,2.74033
2021-08-10T04:00:00Z,2.77,2.77,2.61,2.64,4314539,7540,2.65503
2021-08-11T04:00:00Z,2.69,2.725,2.53,2.57,3934956,10385,2.60697
2021-08-12T04:00:00Z,2.62,2.66,2.54,2.63,2009744,5705,2.60564
2021-08-13T04:00:00Z,2.63,2.64,2.51,2.52,2027564,4871,2.55363
2021-08-16T04:00:00Z,2.5,2.515,2.43,2.43,2640816,7108,2.46002
2021-08-17T04:00:00Z,2.41,2.56,2.4025,2.56,2232213,6003,2.51442
2021-08-18T04:00:00Z,2.56,2.58,2.41,2.43,3248899,9202,2.46271
2021-08-19T04:00:00Z,2.43,2.49,2.35,2.35,3555509,12444,2.40009
2021-08-20T04:00:00Z,2.36,2.52,2.36,2.51,2619743,7323,2.4811
2021-08-23T04:00:00Z,2.53,2.685,2.51,2.66,2593844,9521,2.64804
2021-08-24T04:00:00Z,2.7,2.74,2.57,2.61,1693739,4966,2.61819
2021-08-25T04:00:00Z,2.63,2.74,2.57,2.68,1783989,5707,2.6829
2021-08-26T04:00:00Z,2.68,2.77,2.6,2.61,1806185,5920,2.64725
2021-08-27T04:00:00Z,2.65,2.87,2.62,2.85,4097450,9687,2.80144
2021-08-30T04:00:00Z,2.79,2.9,2.781,2.82,2202626,7896,2.83885
2021-08-31T04:00:00Z,2.83,2.99,2.82,2.94,2669751,7701,2.92412
2021-09-01T04:00:00Z,2.92,3.07,2.92,3.05,2904114,8532,3.01179
2021-09-02T04:00:00Z,3.06,3.15,3.01,3.14,3300965,8379,3.10908
2021-09-03T04:00:00Z,3.09,3.1,2.95,3.03,2969871,8763,3.03206
2021-09-07T04:00:00Z,3.05,3.13,2.95,2.98,1591829,6940,3.00642
2021-09-08T04:00:00Z,3.01,3.03,2.89,2.94,1789955,6603,2.95828
2021-09-09T04:00:00Z,2.97,3.055,2.93,2.95,2002864,5657,2.97247
2021-09-10T04:00:00Z,3.02,3.02,2.88,2.88,1445454,6573,2.92066
2021-09-13T04:00:00Z,2.88,3,2.84,2.92,2241095,6817,2.91826
2021-09-14T04:00:00Z,2.92,2.95,2.75,2.75,2143647,6923,2.80199
2021-09-15T04:00:00Z,2.77,2.83,2.72,2.78,1637986,5963,2.77579
2021-09-16T04:00:00Z,2.76,2.83,2.7,2.82,1246482,4555,2.77978
2021-09-17T04:00:00Z,2.81,2.91,2.73,2.9,6767798,7531,2.87153
2021-09-20T04:00:00Z,2.79,2.91,2.76,2.8,2573081,8514,2.81805
2021-09-21T04:00:00Z,2.81,2.9,2.8,2.85,1324453,5288,2.84685
2021-09-22T04:00:00Z,2.82,2.89,2.8,2.81,1067928,4384,2.83052
2021-09-23T04:00:00Z,2.83,2.91,2.77,2.91,1511592,5568,2.86044
2021-09-24T04:00:00Z,2.88,2.94,2.84,2.86,1719063,6442,2.88189
2021-09-27T04:00:00Z,2.88,3.1,2.87,3.04,2676419,8150,3.02179
2021-09-28T04:00:00Z,3,3.03,2.94,2.96,2154439,10651,2.97806
2021-09-29T04:00:00Z,3,3,2.85,2.86,1976230,7265,2.90959
2021-09-30T04:00:00Z,2.92,2.955,2.87,2.88,1378970,6813,2.90009
2021-10-01T04:00:00Z,2.88,2.88,2.765,2.83,2170276,8145,2.82307
2021-10-04T04:00:00Z,2.82,2.885,2.73,2.8,2573023,8674,2.80516
2021-10-05T04:00:00Z,2.81,2.9,2.7197,2.79,2187389,7086,2.78276
2021-10-06T04:00:00Z,2.76,2.84,2.71,2.75,1880130,7381,2.76292
2021-10-07T04:00:00Z,2.79,2.85,2.759,2.8,1343422,5037,2.81248
2021-10-08T04:00:00Z,2.77,2.85,2.745,2.81,1518203,5805,2.79791
2021-10-11T04:00:00Z,2.83,2.97,2.77,2.93,1338947,5750,2.91334
2021-10-12T04:00:00Z,2.94,2.97,2.9,2.95,1461856,6682,2.94368
2021-10-13T04:00:00Z,2.96,2.975,2.87,2.94,1174646,4684,2.92998
2021-10-14T04:00:00Z,2.97,2.985,2.87,2.92,1138125,4546,2.92488
2021-10-15T04:00:00Z,2.96,2.96,2.84,2.85,2067690,5394,2.87677
2021-10-18T04:00:00Z,2.84,2.8665,2.79,2.81,1999964,6787,2.81548
2021-10-19T04:00:00Z,2.86,2.8899,2.81,2.85,1434385,4545,2.85698
2021-10-20T04:00:00Z,2.89,2.92,2.85,2.87,798988,3157,2.88187
2021-10-21T04:00:00Z,2.9,3.01,2.89,2.9,1454141,5162,2.94094
2021-10-22T04:00:00Z,2.9,2.92,2.8,2.91,2033586,7581,2.86887
2021-10-25T04:00:00Z,2.91,2.946,2.8,2.86,1631454,7620,2.85327
2021-10-26T04:00:00Z,2.9,2.91,2.81,2.83,1689377,6380,2.84855
2021-10-27T04:00:00Z,2.82,2.85,2.69,2.69,2982817,12325,2.75413
2021-10-28T04:00:00Z,2.7,2.85,2.7,2.84,2027781,7819,2.80397
2021-10-29T04:00:00Z,2.85,2.97,2.85,2.87,2445233,6375,2.88708
2021-11-01T04:00:00Z,2.92,3.13,2.88,3.13,3253387,10368,3.05864
2021-11-02T04:00:00Z,3.0902,3.25,3.08,3.24,2446425,9779,3.18407
2021-11-03T04:00:00Z,3.24,3.35,3.18,3.34,2599734,10305,3.28381
2021-11-04T04:00:00Z,3.11,3.3,3.005,3.04,2987838,12589,3.09233
2021-11-05T04:00:00Z,3.06,3.065,2.87,2.93,3046946,11063,2.93736
2021-11-08T05:00:00Z,2.95,2.96,2.815,2.87,2636141,9871,2.86978
2021-11-09T05:00:00Z,2.87,2.89,2.77,2.86,2291476,7997,2.83847
2021-11-10T05:00:00Z,2.83,2.915,2.73,2.77,2676722,9113,2.789
2021-11-11T05:00:00Z,2.88,3.075,2.845,2.95,3655150,11099,2.95741
2021-11-12T05:00:00Z,2.99,2.99,2.85,2.87,2423270,8217,2.88892
2021-11-15T05:00:00Z,2.89,2.92,2.8426,2.87,2869870,9336,2.87636
2021-11-16T05:00:00Z,2.85,2.88,2.8,2.84,2868869,9200,2.83579
2021-11-17T05:00:00Z,2.85,2.9,2.76,2.8,3062427,7490,2.81894
2021-11-18T05:00:00Z,2.82,2.84,2.7,2.76,3088526,8253,2.75853
2021-11-19T05:00:00Z,2.76,2.81,2.72,2.78,2021297,8700,2.77008
2021-11-22T05:00:00Z,2.78,2.78,2.65,2.66,3054617,8193,2.68767
2021-11-23T05:00:00Z,2.67,2.78,2.61,2.75,3306794,11816,2.71246
2021-11-24T05:00:00Z,2.73,2.815,2.68,2.79,2449271,8358,2.77649
2021-11-26T05:00:00Z,2.75,2.765,2.63,2.67,2989505,6363,2.67931
2021-11-29T05:00:00Z,2.67,2.74,2.61,2.62,2964954,10147,2.64918
2021-11-30T05:00:00Z,2.6,2.74,2.57,2.71,4287115,11456,2.65983
2021-12-01T05:00:00Z,2.71,2.715,2.56,2.57,3736991,12332,2.61876
2021-12-02T05:00:00Z,2.56,2.685,2.515,2.67,3855840,11184,2.62642
2021-12-03T05:00:00Z,2.7,2.7,2.51,2.52,3968726,11459,2.54584
2021-12-06T05:00:00Z,2.52,2.59,2.43,2.54,2875316,9807,2.5109
2021-12-07T05:00:00Z,2.61,2.75,2.61,2.71,3624842,11993,2.70344
2021-12-08T05:00:00Z,2.72,2.731,2.63,2.7,2349464,9603,2.68789
2021-12-09T05:00:00Z,2.66,2.72,2.55,2.55,2707823,7549,2.59839
2021-12-10T05:00:00Z,2.59,2.63,2.48,2.5,2830143,8868,2.52336
2021-12-13T05:00:00Z,2.49,2.58,2.43,2.55,4065611,11734,2.5206
2021-12-14T05:00:00Z,2.5,2.53,2.36,2.38,5401242,17070,2.41698
2021-12-15T05:00:00Z,2.42,2.45,2.22,2.45,6672622,20261,2.34406
2021-12-16T05:00:00Z,2.49,2.49,2.3345,2.37,4090030,13633,2.38657
2021-12-17T05:00:00Z,2.36,2.57,2.34,2.45,22473023,15515,2.4554
2021-12-20T05:00:00Z,2.39,2.52,2.35,2.48,3179543,11197,2.46128
2021-12-21T05:00:00Z,2.48,2.54,2.44,2.49,3325284,8618,2.48638
2021-12-22T05:00:00Z,2.5,2.53,2.43,2.48,2219606,8320,2.48012
2021-12-23T05:00:00Z,2.51,2.57,2.465,2.53,1755005,6477,2.53408
2021-12-27T05:00:00Z,2.5,2.51,2.39,2.4,2780181,7507,2.43528
2021-12-28T05:00:00Z,2.42,2.47,2.2,2.28,6509791,16950,2.32755
2021-12-29T05:00:00Z,2.29,2.328,2.215,2.29,2473180,7472,2.2748
2021-12-30T05:00:00Z,2.31,2.395,2.2648,2.29,2383192,7448,2.32981
2021-12-31T05:00:00Z,2.29,2.35,2.24,2.26,3708485,9118,2.29152
2022-01-03T05:00:00Z,2.28,2.48,2.28,2.45,2750648,8165,2.41703
2022-01-04T05:00:00Z,2.47,2.485,2.31,2.36,2633116,8335,2.374
2022-01-05T05:00:00Z,2.36,2.43,2.24,2.24,2813995,9793,2.30719
2022-01-06T05:00:00Z,2.26,2.32,2.204,2.26,3224657,10015,2.26811
2022-01-07T05:00:00Z,2.28,2.3182,2.19,2.21,2622855,7455,2.22723
2022-01-10T05:00:00Z,2.19,2.28,2.155,2.27,2795311,6954,2.23652
2022-01-11T05:00:00Z,2.28,2.365,2.2502,2.29,2125969,6455,2.30494
2022-01-12T05:00:00Z,2.29,2.3281,2.2,2.21,3129079,8055,2.23254
2022-01-13T05:00:00Z,2.23,2.31,2.13,2.13,3712611,9053,2.19671
2022-01-14T05:00:00Z,2.12,2.21,2.035,2.2,4826838,12169,2.12496
2022-01-18T05:00:00Z,2.2,2.2,2.05,2.05,3716417,9330,2.0929
2022-01-19T05:00:00Z,2.09,2.21,2.08,2.09,3534550,11263,2.11722
2022-01-20T05:00:00Z,2.09,2.2,2.04,2.04,3780578,10811,2.10115
2022-01-21T05:00:00Z,2.02,2.09,1.99,2,4810091,11376,2.02344
2022-01-24T05:00:00Z,1.93,2.07,1.845,2.07,5578036,12988,1.95623
2022-01-25T05:00:00Z,1.95,2.07,1.94,2.03,3564779,11113,2.00546
2022-01-26T05:00:00Z,2.08,2.15,1.97,1.97,3321897,10266,2.03932
2022-01-27T05:00:00Z,2.02,2.05,1.81,1.83,3333551,10346,1.8898
2022-01-28T05:00:00Z,1.868,1.92,1.77,1.91,4866175,12825,1.85592
2022-01-31T05:00:00Z,1.91,1.99,1.89,1.99,4853610,13862,1.94553
2022-02-01T05:00:00Z,2.01,2.05,1.945,2.02,3375165,9003,2.00454
2022-02-02T05:00:00Z,2.02,2.02,1.87,1.87,3702119,9168,1.90419
2022-02-03T05:00:00Z,1.86,1.9,1.77,1.78,3670863,10591,1.8064
2022-02-04T05:00:00Z,1.782,1.86,1.76,1.82,3017517,9050,1.81655
2022-02-07T05:00:00Z,1.84,1.92,1.825,1.87,2316284,6433,1.87363
2022-02-08T05:00:00Z,1.86,1.86,1.795,1.84,2800871,7735,1.82881
2022-02-09T05:00:00Z,1.89,1.94,1.85,1.93,3268210,8991,1.91715
2022-02-10T05:00:00Z,1.885,1.95,1.79,1.82,4204707,10449,1.85684
2022-02-11T05:00:00Z,1.86,1.89,1.77,1.77,2776467,9307,1.80783
2022-02-14T05:00:00Z,1.75,1.785,1.71,1.74,3407730,8952,1.75411
2022-02-15T05:00:00Z,1.77,1.86,1.77,1.83,3309977,10546,1.82926
2022-02-16T05:00:00Z,1.82,1.88,1.78,1.87,2828986,9656,1.83536
2022-02-17T05:00:00Z,1.85,1.8951,1.8,1.8,2896296,7348,1.82774
2022-02-18T05:00:00Z,1.8,1.86,1.77,1.81,2781605,8776,1.80949
2022-02-22T05:00:00Z,1.82,2.03,1.78,1.97,6157044,15026,1.94858
2022-02-23T05:00:00Z,2.04,2.045,1.95,1.98,4913422,14604,1.99567
2022-02-24T05:00:00Z,1.92,2.16,1.88,2.15,4946237,13361,2.04682
2022-02-25T05:00:00Z,2.18,2.22,2.12,2.19,4275068,11041,2.16979
2022-02-28T05:00:00Z,2.18,2.21,2.11,2.16,4823061,13483,2.15875
2022-03-01T05:00:00Z,2.27,2.27,2.12,2.15,4398885,12690,2.18013
2022-03-02T05:00:00Z,2.15,2.48,2.11,2.45,4915456,13723,2.36231
2022-03-03T05:00:00Z,2.47,2.7,2.41,2.65,6121813,17370,2.58988
2022-03-04T05:00:00Z,2.61,2.68,2.35,2.42,8370478,20257,2.47583
2022-03-07T05:00:00Z,2.448,2.57,2.42,2.53,3389494,11345,2.51737
2022-03-08T05:00:00Z,2.53,2.63,2.37,2.53,5733995,17884,2.48931
2022-03-09T05:00:00Z,2.52,2.93,2.505,2.93,8336952,24862,2.77957
2022-03-10T05:00:00Z,2.85,2.86,2.745,2.77,5498856,18628,2.78733
2022-03-11T05:00:00Z,2.78,2.79,2.58,2.61,5809136,15487,2.66203
2022-03-14T04:00:00Z,2.68,2.68,2.34,2.39,7413550,22219,2.43334
2022-03-15T04:00:00Z,2.43,2.44,2.2501,2.3,6338826,18485,2.30524
2022-03-16T04:00:00Z,2.34,2.35,2.21,2.34,6693894,21118,2.28822
2022-03-17T04:00:00Z,2.33,2.52,2.28,2.48,5313861,15940,2.42647
2022-03-18T04:00:00Z,2.45,2.55,2.45,2.5,9767864,15212,2.5005
2022-03-21T04:00:00Z,2.53,2.55,2.39,2.4,5808468,13684,2.4496
2022-03-22T04:00:00Z,2.43,2.6,2.4201,2.56,4351628,13198,2.53895
2022-03-23T04:00:00Z,2.5,2.58,2.47,2.47,5428352,13903,2.52211
2022-03-24T04:00:00Z,2.55,2.5591,2.45,2.5,4412898,10921,2.49485
2022-03-25T04:00:00Z,2.5,2.51,2.4,2.42,5838659,14342,2.456
2022-03-28T04:00:00Z,2.5,2.6,2.31,2.44,12182069,27517,2.42366
2022-03-29T04:00:00Z,2.5,2.555,2.38,2.44,11592197,22157,2.4562
2022-03-30T04:00:00Z,2.335,2.34,0.672,0.8291,81782932,102107,1.02996
2022-03-31T04:00:00Z,0.7804,0.783,0.6923,0.7179,42720749,49188,0.716727
2022-04-01T04:00:00Z,0.7147,0.7149,0.651,0.6678,18458261,29477,0.67448
2022-04-04T04:00:00Z,0.6679,0.6983,0.6499,0.6589,15899533,30544,0.667681
2022-04-05T04:00:00Z,0.6537,0.66,0.602,0.605,16763365,26061,0.623187
2022-04-06T04:00:00Z,0.6,0.60125,0.57,0.5703,11261077,18856,0.581618
2022-04-07T04:00:00Z,0.5695,0.5977,0.5328,0.5415,12899796,17814,0.557059
2022-04-08T04:00:00Z,0.5376,0.55,0.485,0.544,23869457,28525,0.517191
2022-04-11T04:00:00Z,0.5195,0.5294,0.49635,0.5112,12390918,13579,0.507587
2022-04-12T04:00:00Z,0.5103,0.5121,0.4729,0.4856,15771374,19512,0.490343
2022-04-13T04:00:00Z,0.4703,0.5276,0.47,0.4985,19995305,21964,0.495357
2022-04-14T04:00:00Z,0.492,0.548,0.48,0.5382,29619065,23928,0.524443
2022-04-18T04:00:00Z,0.5261,0.529,0.4707,0.4708,16626830,20565,0.494664
2022-04-19T04:00:00Z,0.4801,0.4917,0.4622,0.486,13701921,17122,0.48027
2022-04-20T04:00:00Z,0.486,0.4941,0.4717,0.4799,11592956,18839,0.482848
2022-04-21T04:00:00Z,0.4825,0.5189,0.47,0.4748,11995052,13612,0.4867
2022-04-22T04:00:00Z,0.4786,0.5,0.4611,0.4717,13656942,19139,0.473555
2022-04-25T04:00:00Z,0.4713,0.4809,0.453,0.4708,8615630,12122,0.466369
2022-04-26T04:00:00Z,0.47,0.4717,0.441,0.4465,8946131,13400,0.451989
2022-04-27T04:00:00Z,0.4474,0.47,0.4176,0.4266,10564599,18096,0.432294
2022-04-28T04:00:00Z,0.4195,0.4359,0.3954,0.4203,8555551,12158,0.412745
2022-04-29T04:00:00Z,0.42,0.4395,0.41,0.4152,6708177,16531,0.420989
2022-05-02T04:00:00Z,0.4096,0.4309,0.3968,0.4305,11345396,17757,0.409965
2022-05-03T04:00:00Z,0.4223,0.4472,0.415,0.4252,7665834,14114,0.427342
2022-05-04T04:00:00Z,0.434,0.4385,0.4019,0.4359,6766259,9385,0.418513
2022-05-05T04:00:00Z,0.42,0.435,0.4055,0.4139,7944556,8981,0.417996
2022-05-06T04:00:00Z,0.404,0.418,0.3849,0.3849,8813863,17562,0.393349
2022-05-09T04:00:00Z,0.37,0.3886,0.3454,0.3454,9401315,15182,0.364028
2022-05-10T04:00:00Z,0.3801,0.4487,0.3801,0.4279,17968797,22649,0.423826
2022-05-11T04:00:00Z,0.4146,0.4499,0.4002,0.4173,10325581,13596,0.422517
2022-05-12T04:00:00Z,0.3971,0.4283,0.3875,0.4128,9811951,13892,0.409413
2022-05-13T04:00:00Z,0.42,0.4547,0.42,0.4492,8358452,11620,0.443703
2022-05-16T04:00:00Z,0.355,0.3887,0.3502,0.38,10996692,15064,0.370605
2022-05-17T04:00:00Z,0.3896,0.3929,0.36,0.369,9277515,12676,0.37228
2022-05-18T04:00:00Z,0.361,0.3794,0.3246,0.3344,11936360,12567,0.350483
2022-05-19T04:00:00Z,0.3351,0.365,0.32,0.346,7142697,10098,0.336232
2022-05-20T04:00:00Z,0.36,0.3682,0.31,0.3302,11668705,13404,0.326046
2022-05-23T04:00:00Z,0.33,0.3372,0.3139,0.3231,9379907,11998,0.322473
2022-05-24T04:00:00Z,0.3202,0.33,0.3001,0.3175,7653922,11629,0.316435
2022-05-25T04:00:00Z,0.3164,0.3399,0.312,0.33,5614743,9182,0.325205
2022-05-26T04:00:00Z,0.3279,0.3589,0.325,0.3388,8853244,10205,0.346046
2022-05-27T04:00:00Z,0.3433,0.3728,0.3315,0.3728,8300912,12975,0.354057
2022-05-31T04:00:00Z,0.37,0.4084,0.356,0.3699,11102445,9749,0.378071
2022-06-01T04:00:00Z,0.39,0.39,0.3405,0.3509,7740683,11520,0.352296
2022-06-02T04:00:00Z,0.3481,0.362,0.3315,0.3595,5549981,10213,0.347013
2022-06-03T04:00:00Z,0.349,0.41,0.349,0.41,8087633,14830,0.395763
2022-06-06T04:00:00Z,0.4089,0.4189,0.3632,0.3817,10202542,19893,0.385204
2022-06-07T04:00:00Z,0.3724,0.4395,0.37,0.4291,10977435,16044,0.417296
2022-06-08T04:00:00Z,0.43,0.46,0.420409,0.4451,6759706,12256,0.445613
2022-06-09T04:00:00Z,0.445,0.4585,0.4206,0.4419,5716884,11122,0.439621
2022-06-10T04:00:00Z,0.4207,0.43,0.393,0.4076,6244052,9543,0.405805
2022-06-13T04:00:00Z,0.3901,0.395,0.36095,0.3668,6232474,12199,0.37242
2022-06-14T04:00:00Z,0.3789,0.3789,0.3345,0.3535,4097680,9334,0.350096
2022-06-15T04:00:00Z,0.39,0.4038,0.3348,0.3527,24969984,45817,0.367757
2022-06-16T04:00:00Z,0.3414,0.3468,0.3,0.3211,18515076,29664,0.312999
2022-06-17T04:00:00Z,0.3191,0.3598,0.3123,0.3419,28594224,19800,0.341378
2022-06-21T04:00:00Z,0.3454,0.356,0.323,0.3452,9316012,16774,0.338177
2022-06-22T04:00:00Z,0.3347,0.3748,0.33,0.3558,7309884,12153,0.358992
2022-06-23T04:00:00Z,0.3546,0.396,0.3505,0.3932,7976923,13014,0.375423
2022-06-24T04:00:00Z,0.4,0.4111,0.3624,0.3652,41510321,13900,0.367559
2022-06-27T04:00:00Z,0.3672,0.3806,0.3402,0.3742,5416824,10462,0.361996
2022-06-28T04:00:00Z,0.37,0.38,0.346,0.3503,3753991,7117,0.358257
2022-06-29T04:00:00Z,0.46,0.5139,0.36,0.3803,84579400,104417,0.434261
2022-06-30T04:00:00Z,0.345,0.3614,0.3402,0.3531,26680726,30644,0.350666
2022-07-01T04:00:00Z,0.4939,0.495,0.376,0.389,75652054,91836,0.420733
2022-07-05T04:00:00Z,0.3882,0.425,0.3775,0.409,16342855,18810,0.404472
2022-07-06T04:00:00Z,0.39,0.462,0.39,0.46,12950577,14925,0.432155
2022-07-07T04:00:00Z,0.45,0.459399,0.4315,0.4513,7348643,10821,0.444979
2022-07-08T04:00:00Z,0.4388,0.4675,0.4331,0.4603,6147920,11771,0.448175
2022-07-11T04:00:00Z,0.46,0.46,0.4202,0.4203,5434731,8751,0.432078
2022-07-12T04:00:00Z,0.42,0.4537,0.4023,0.4498,5552888,9485,0.431308
2022-07-13T04:00:00Z,0.4138,0.4665,0.4138,0.4483,5510261,8390,0.45168
2022-07-14T04:00:00Z,0.44,0.45,0.429,0.4347,3939706,5788,0.43735
2022-07-15T04:00:00Z,0.4205,0.4376,0.4104,0.4219,3425146,5216,0.420071
2022-07-18T04:00:00Z,0.4196,0.4288,0.3935,0.4015,3183592,5580,0.414427
2022-07-19T04:00:00Z,0.4165,0.4299,0.4001,0.4113,3016447,4949,0.4213
2022-07-20T04:00:00Z,0.4075,0.4585,0.4075,0.442,5544816,7595,0.441468
2022-07-21T04:00:00Z,0.4422,0.4525,0.4256,0.4431,2541070,3634,0.440844
2022-07-22T04:00:00Z,0.45,0.4507,0.414,0.425,2536802,4017,0.426463
2022-07-25T04:00:00Z,0.42,0.42939,0.396,0.402,3539939,6396,0.407732
2022-07-26T04:00:00Z,0.4,0.415,0.39,0.405,2080437,4086,0.402606
2022-07-27T04:00:00Z,0.4168,0.419,0.4004,0.4134,1161522,3220,0.410235
2022-07-28T04:00:00Z,0.4105,0.4105,0.391,0.3985,1304239,3560,0.400369
2022-07-29T04:00:00Z,0.3998,0.408,0.385,0.391,4790298,8733,0.395653
2022-08-01T04:00:00Z,0.391,0.4068,0.3801,0.3835,2675483,6594,0.395747
2022-08-02T04:00:00Z,0.379,0.39,0.365,0.3706,8465482,11558,0.372213
2022-08-03T04:00:00Z,0.3705,0.4029,0.3705,0.3905,7600184,12703,0.384918
2022-08-04T04:00:00Z,0.41,0.42,0.392,0.41,10899325,18094,0.404263
2022-08-05T04:00:00Z,0.398,0.41,0.39,0.395,6825560,11857,0.400414
2022-08-08T04:00:00Z,0.4,0.419,0.3935,0.405,4968534,8706,0.405947
2022-08-09T04:00:00Z,0.405,0.405,0.3801,0.4045,5659649,7519,0.389651
2022-08-10T04:00:00Z,0.395,0.42,0.3903,0.4157,3710036,5716,0.407059
2022-08-11T04:00:00Z,0.415,0.4199,0.3951,0.3986,3248155,5894,0.404726
2022-08-12T04:00:00Z,0.3981,0.4176,0.398,0.4134,2098214,5195,0.410674
2022-08-15T04:00:00Z,0.4093,0.4155,0.4062,0.4141,2149807,4408,0.41329
2022-08-16T04:00:00Z,0.42,0.43,0.400201,0.4167,3209994,4778,0.416976
2022-08-17T04:00:00Z,0.4152,0.4194,0.4011,0.406,2388347,4649,0.408154
2022-08-18T04:00:00Z,0.4062,0.4099,0.3905,0.4,3314029,5835,0.397876
2022-08-19T04:00:00Z,0.399,0.3999,0.3751,0.382,3094240,6012,0.385008
2022-08-22T04:00:00Z,0.3848,0.388899,0.3515,0.37,3244752,6397,0.372045
2022-08-23T04:00:00Z,0.3658,0.3799,0.3651,0.37,1398897,3219,0.37256
2022-08-24T04:00:00Z,0.37,0.3999,0.3639,0.39,2788080,6308,0.38718
2022-08-25T04:00:00Z,0.3876,0.4098,0.3876,0.4,2072395,4652,0.401654
2022-08-26T04:00:00Z,0.3971,0.4,0.3685,0.3758,2249361,4625,0.378812
2022-08-29T04:00:00Z,0.36,0.378999,0.36,0.367,1882657,4153,0.369598
2022-08-30T04:00:00Z,0.3759,0.3768,0.3523,0.355,1669125,3786,0.361768
2022-08-31T04:00:00Z,0.3625,0.3768,0.36,0.3643,1217255,3219,0.366925
2022-09-01T04:00:00Z,0.3571,0.375199,0.3516,0.3704,1296225,2865,0.36143
2022-09-02T04:00:00Z,0.3756,0.3876,0.368,0.38,1215978,2654,0.379541
2022-09-06T04:00:00Z,0.3701,0.3874,0.365,0.3819,2294727,4396,0.377252
2022-09-07T04:00:00Z,0.3833,0.41,0.3812,0.4,3398299,5905,0.39918
2022-09-08T04:00:00Z,0.407,0.45,0.4009,0.43,3957696,7818,0.433166
2022-09-09T04:00:00Z,0.4211,0.445,0.4211,0.4351,1673868,3764,0.43655
2022-09-12T04:00:00Z,0.4399,0.4399,0.413,0.4234,1812344,3598,0.421791
2022-09-13T04:00:00Z,0.41,0.4178,0.3865,0.388,2453169,4359,0.394105
2022-09-14T04:00:00Z,0.3921,0.3976,0.373,0.381,1315147,3167,0.386643
2022-09-15T04:00:00Z,0.39,0.39,0.366,0.3701,1361545,4060,0.377419
2022-09-16T04:00:00Z,0.3714,0.39,0.352,0.3859,1782411,3103,0.36835
2022-09-19T04:00:00Z,0.3856,0.3856,0.355,0.3649,2031562,4449,0.362856
2022-09-20T04:00:00Z,0.3549,0.370599,0.353,0.3652,1360495,2506,0.361451
2022-09-21T04:00:00Z,0.357,0.3688,0.3505,0.354,839186,2103,0.360485
2022-09-22T04:00:00Z,0.36,0.36,0.322,0.3317,1861168,3917,0.335989
2022-09-23T04:00:00Z,0.317,0.331,0.3005,0.32,2109674,3888,0.314504
2022-09-26T04:00:00Z,0.32,0.33,0.3025,0.3079,1129313,3150,0.311593
2022-09-27T04:00:00Z,0.33,0.3325,0.3032,0.3042,1725630,3049,0.311487
2022-09-28T04:00:00Z,0.3188,0.345,0.31,0.33,1141831,3044,0.328272
2022-09-29T04:00:00Z,0.3201,0.33,0.3001,0.3001,1135183,2914,0.315718
2022-09-30T04:00:00Z,0.3217,0.3286,0.305,0.3162,1087434,2593,0.321879
2022-10-03T04:00:00Z,0.315,0.3299,0.31,0.3141,772411,2100,0.317605
2022-10-04T04:00:00Z,0.314,0.3333,0.314,0.3229,931805,3324,0.325223
2022-10-05T04:00:00Z,0.3116,0.3282,0.31,0.316,1172755,2625,0.316064
2022-10-06T04:00:00Z,0.32,0.3599,0.3181,0.3302,1193164,2505,0.337935
2022-10-07T04:00:00Z,0.3388,0.3419,0.3001,0.3001,1750816,3060,0.309083
2022-10-10T04:00:00Z,0.3102,0.3125,0.29,0.2951,1591559,3728,0.299332
2022-10-11T04:00:00Z,0.29,0.3145,0.28,0.2954,1752566,3887,0.291732
2022-10-12T04:00:00Z,0.29,0.2952,0.2802,0.285,746897,2066,0.283846
2022-10-13T04:00:00Z,0.28,0.3,0.28,0.287,1019702,2313,0.28796
2022-10-14T04:00:00Z,0.2948,0.31,0.2806,0.2894,1016858,2521,0.288763
2022-10-17T04:00:00Z,0.2931,0.3089,0.2839,0.2949,871905,1882,0.292709
2022-10-18T04:00:00Z,0.2965,0.31,0.29,0.2913,838606,2044,0.29476
2022-10-19T04:00:00Z,0.3,0.3049,0.271,0.2714,2031211,4121,0.284879
2022-10-20T04:00:00Z,0.2756,0.282,0.27,0.271,576445,1279,0.274367
2022-10-21T04:00:00Z,0.271,0.2716,0.25601,0.26,1257319,2603,0.262754
2022-10-24T04:00:00Z,0.265,0.266,0.241,0.2527,1307577,2713,0.250658
2022-10-25T04:00:00Z,0.25,0.27,0.25,0.2676,683857,1735,0.262744
2022-10-26T04:00:00Z,0.26,0.278,0.26,0.267,1014587,2143,0.269149
2022-10-27T04:00:00Z,0.27,0.283,0.264,0.2715,1072478,3393,0.273802
2022-10-28T04:00:00Z,0.2781,0.2866,0.26,0.26,1367589,2398,0.268311
2022-10-31T04:00:00Z,0.2681,0.273,0.25,0.2545,1000252,2288,0.257955
2022-11-01T04:00:00Z,0.2607,0.2748,0.256,0.271,904571,2529,0.26588
2022-11-02T04:00:00Z,0.2635,0.2796,0.26,0.2656,751070,2091,0.2675
2022-11-03T04:00:00Z,0.2556,0.32,0.2556,0.2851,3532043,3792,0.297798
2022-11-04T04:00:00Z,0.26,0.28,0.2566,0.2711,1688521,2582,0.268698
2022-11-07T05:00:00Z,0.27,0.288,0.2517,0.287,840638,2040,0.266822
2022-11-08T05:00:00Z,0.285,0.285,0.26,0.2727,788706,2213,0.272138
2022-11-09T05:00:00Z,0.26,0.2666,0.25,0.2553,874511,2126,0.258116
2022-11-10T05:00:00Z,0.25,0.276,0.25,0.2742,1016689,2465,0.266344
2022-11-11T05:00:00Z,0.28,0.288,0.26,0.2797,1415403,2404,0.268895
2022-11-14T05:00:00Z,0.28,0.28,0.255,0.2621,1448171,3064,0.261896
2022-11-15T05:00:00Z,0.2621,0.275,0.252,0.2566,1428886,2498,0.260396
2022-11-16T05:00:00Z,0.27,0.27,0.2505,0.2521,1310982,1844,0.258654
2022-11-17T05:00:00Z,0.2568,0.269,0.2425,0.2501,2948656,7790,0.254554
2022-11-18T05:00:00Z,0.251,0.2639,0.246,0.2599,1130720,2218,0.253534
2022-11-21T05:00:00Z,0.2575,0.2649,0.25,0.255,1063908,2495,0.25708
2022-11-22T05:00:00Z,0.26,0.27,0.252,0.26,1356379,3128,0.259647
2022-11-23T05:00:00Z,0.2597,0.2669,0.2525,0.2614,739018,1166,0.261152
2022-11-25T05:00:00Z,0.2587,0.2648,0.2533,0.256,784686,1162,0.257366
2022-11-28T05:00:00Z,0.26,0.26,0.25,0.2509,963505,1504,0.253355
2022-11-29T05:00:00Z,0.2547,0.2586,0.2426,0.25,1033121,2286,0.250911
2022-11-30T05:00:00Z,0.25,0.28,0.25,0.2705,2310133,2576,0.264085
2022-12-01T05:00:00Z,0.2699,0.295,0.2656,0.2921,1306380,2956,0.283147
2022-12-02T05:00:00Z,0.2972,0.3,0.279,0.2901,1857889,4304,0.289857
2022-12-05T05:00:00Z,0.2811,0.3,0.2811,0.2922,2242175,3836,0.290803
2022-12-06T05:00:00Z,0.29,0.295,0.2805,0.285,2382541,4964,0.287289
2022-12-07T05:00:00Z,0.2934,0.3078,0.2811,0.3,2913956,4121,0.29692
2022-12-08T05:00:00Z,0.309,0.3102,0.2925,0.3,1799486,3892,0.301722
2022-12-09T05:00:00Z,0.2978,0.3178,0.2978,0.31,683064,1841,0.307107
2022-12-12T05:00:00Z,0.3075,0.408,0.3075,0.373,3848347,5384,0.363895
2022-12-13T05:00:00Z,0.395,0.4398,0.386,0.4244,3808917,5459,0.414665
2022-12-14T05:00:00Z,0.4278,0.48,0.3923,0.4534,3707797,7056,0.440892
2022-12-15T05:00:00Z,0.45,0.46,0.39,0.4536,2482018,6382,0.430313
2022-12-16T05:00:00Z,0.44,0.4792,0.43,0.4419,4927984,4745,0.443977
2022-12-19T05:00:00Z,0.455,0.459799,0.365,0.3998,2724310,4925,0.403233
2022-12-20T05:00:00Z,0.399,0.4464,0.3844,0.4201,2004219,3950,0.417588
2022-12-21T05:00:00Z,0.412,0.434,0.4088,0.4108,904608,2066,0.418933
2022-12-22T05:00:00Z,0.4056,0.45,0.4035,0.411,1889093,3020,0.427943
2022-12-23T05:00:00Z,0.4073,0.4395,0.4073,0.4267,693813,1540,0.427481
2022-12-27T05:00:00Z,0.42,0.4395,0.4116,0.4116,1381816,1890,0.426076
2022-12-28T05:00:00Z,0.4101,0.4395,0.4088,0.4234,1248497,2953,0.417964
2022-12-29T05:00:00Z,0.4234,0.54,0.4234,0.5058,4781868,7084,0.50402
2022-12-30T05:00:00Z,0.491,0.5784,0.49,0.577,3621304,6248,0.53751
2023-01-03T05:00:00Z,0.5848,0.651,0.55,0.6225,4092657,10000,0.609707
2023-01-04T05:00:00Z,0.63,0.65,0.58,0.6334,3503105,7278,0.619817
2023-01-05T05:00:00Z,0.639,0.688,0.62621,0.67,2431281,6960,0.660278
2023-01-06T05:00:00Z,0.7,0.71,0.622,0.6422,2224875,4286,0.671851
2023-01-09T05:00:00Z,0.64,0.694,0.633,0.645,1376422,3527,0.659621
2023-01-10T05:00:00Z,0.66,0.66,0.63,0.6472,717001,1837,0.642026
2023-01-11T05:00:00Z,0.65,0.688,0.6317,0.67,998014,2410,0.663533
2023-01-12T05:00:00Z,0.688,0.69,0.65,0.69,847815,2339,0.673644
2023-01-13T05:00:00Z,0.6806,0.728,0.68,0.695,1031634,2994,0.708371
2023-01-17T05:00:00Z,0.719,0.7403,0.695,0.7297,974091,2768,0.721297
2023-01-18T05:00:00Z,0.7276,0.77,0.71,0.7191,1640171,4629,0.736042
2023-01-19T05:00:00Z,0.7435,0.7435,0.6721,0.7092,1446953,3148,0.706539
2023-01-20T05:00:00Z,0.7,0.7447,0.69,0.7369,1186116,2607,0.713404
2023-01-23T05:00:00Z,0.7369,0.7369,0.7013,0.7103,984868,2157,0.717875
2023-01-24T05:00:00Z,0.71,0.75,0.701,0.7224,1402818,2290,0.730779
2023-01-25T05:00:00Z,0.71,0.73,0.71,0.712,1106829,2457,0.716797
2023-01-26T05:00:00Z,0.73,0.73,0.701,0.71,1113873,2052,0.70888
2023-01-27T05:00:00Z,0.7,0.717999,0.56,0.67,2652655,4149,0.63795
2023-01-30T05:00:00Z,0.6676,0.675,0.6002,0.604,1861310,3262,0.624712
2023-01-31T05:00:00Z,0.61,0.6558,0.609,0.63,1137428,2994,0.628973
2023-02-01T05:00:00Z,0.635,0.69,0.62,0.67,1573761,2991,0.66583
2023-02-02T05:00:00Z,0.7427,0.949199,0.73,0.89,8675347,11384,0.866176
2023-02-03T05:00:00Z,0.85,0.994,0.84,0.986,2865537,5317,0.95185
2023-02-06T05:00:00Z,0.99,1.18,0.99,1.07,4116461,7206,1.07437
2023-02-07T05:00:00Z,1.1,1.145,0.9915,1.13,3034808,6232,1.08577
2023-02-08T05:00:00Z,1.12,1.2,1.085,1.15,1873373,5447,1.16128
2023-02-09T05:00:00Z,1.19,1.19,1.11,1.12,1753326,5575,1.13521
2023-02-10T05:00:00Z,1.06,1.11,0.5701,0.8025,14844880,19554,0.799829
2023-02-13T05:00:00Z,0.8547,0.898099,0.7507,0.7931,1946120,5583,0.796477
2023-02-14T05:00:00Z,0.764,0.85,0.764,0.85,1193958,3014,0.8225
2023-02-15T05:00:00Z,0.8936,0.9121,0.8104,0.8861,1605009,3168,0.860261
2023-02-16T05:00:00Z,0.8757,0.8861,0.8376,0.863,552538,1868,0.862757
2023-02-17T05:00:00Z,0.8384,0.89,0.81,0.878,1163896,1974,0.860287
2023-02-21T05:00:00Z,0.822,0.8495,0.6201,0.6541,3970993,5529,0.716521
2023-02-22T05:00:00Z,0.6738,0.718999,0.67,0.6919,1449820,3530,0.688167
2023-02-23T05:00:00Z,0.73,0.77,0.6549,0.74,5320002,7464,0.695203
2023-02-24T05:00:00Z,0.87,0.87,0.7806,0.8253,6555670,13796,0.813164
2023-02-27T05:00:00Z,0.82,0.88,0.781,0.8156,2126472,4999,0.816433
2023-02-28T05:00:00Z,0.7837,0.8499,0.7837,0.8427,964664,1826,0.819224
2023-03-01T05:00:00Z,0.805,0.9617,0.805,0.9149,3273909,7199,0.898899
2023-03-02T05:00:00Z,0.86,0.998999,0.856,0.9279,1638090,3567,0.941416
2023-03-03T05:00:00Z,0.9221,0.98,0.915,0.965,1660631,4248,0.950496
2023-03-06T05:00:00Z,0.9599,0.9601,0.9201,0.942,1184964,2908,0.935585
2023-03-07T05:00:00Z,0.9492,0.9528,0.9202,0.9456,1299396,3105,0.939202
2023-03-08T05:00:00Z,0.94,1.08,0.935,1.03,3086490,6567,1.03248
2023-03-09T05:00:00Z,0.83,0.86,0.72,0.8007,7115010,10737,0.793188
2023-03-10T05:00:00Z,0.78,0.8197,0.7106,0.799,1895786,4206,0.771928
2023-03-13T04:00:00Z,0.7728,0.81979,0.73255,0.7553,1546357,3266,0.766908
2023-03-14T04:00:00Z,0.76,0.774,0.682,0.6832,2336178,4182,0.713647
2023-03-15T04:00:00Z,0.6638,0.6989,0.612,0.6715,1489694,3717,0.654653
2023-03-16T04:00:00Z,0.7001,0.7302,0.6751,0.7126,825869,2022,0.708834
2023-03-17T04:00:00Z,0.7,0.7027,0.6348,0.6348,2031154,2745,0.651165
2023-03-20T04:00:00Z,0.66,0.7198,0.65,0.6769,1068740,3102,0.685801
2023-03-21T04:00:00Z,0.6945,0.73,0.6797,0.7,880459,2253,0.698296
2023-03-22T04:00:00Z,0.7,0.7,0.6524,0.6675,645040,1434,0.682515
2023-03-23T04:00:00Z,0.67,0.6944,0.62,0.6854,1017682,1656,0.650682
2023-03-24T04:00:00Z,0.69,0.69,0.613,0.6388,1249898,2155,0.635881
2023-03-27T04:00:00Z,0.62,0.6595,0.6105,0.6563,1094589,2713,0.63308
2023-03-28T04:00:00Z,0.6401,0.65,0.5883,0.5993,1250668,2075,0.611593
2023-03-29T04:00:00Z,0.6,0.62,0.5501,0.605,1130599,2328,0.590539
2023-03-30T04:00:00Z,0.6,0.6108,0.5513,0.5632,1246039,2598,0.574584
2023-03-31T04:00:00Z,0.57,0.58,0.542,0.5604,1083288,3108,0.55678
2023-04-03T04:00:00Z,0.5742,0.59,0.5301,0.5783,1752419,2682,0.562869
2023-04-04T04:00:00Z,0.5822,0.5822,0.5212,0.539,1277441,2210,0.55005
2023-04-05T04:00:00Z,0.539,0.539,0.4901,0.5056,930079,3025,0.513439
2023-04-06T04:00:00Z,0.5155,0.5793,0.5059,0.54,764517,2246,0.548607
2023-04-10T04:00:00Z,0.54,0.59,0.5321,0.5687,581489,1836,0.564298
2023-04-11T04:00:00Z,0.548,0.679,0.548,0.648,1310098,2880,0.629029
2023-04-12T04:00:00Z,0.66,0.66,0.6,0.6226,555911,1370,0.620569
2023-04-13T04:00:00Z,0.623,0.67,0.6226,0.6366,555542,2279,0.64707
2023-04-14T04:00:00Z,0.624,0.66,0.601,0.628,420065,1293,0.630466
2023-04-17T04:00:00Z,0.627,0.67,0.61,0.65,1352561,2642,0.651889
2023-04-18T04:00:00Z,0.6587,0.698,0.6331,0.6822,726041,2086,0.670117
2023-04-19T04:00:00Z,0.6617,0.74,0.6601,0.7231,840353,1868,0.696386
2023-04-20T04:00:00Z,0.7056,0.7193,0.654,0.66,705956,1720,0.690601
2023-04-21T04:00:00Z,0.63,0.6763,0.5895,0.6601,768565,1647,0.636536
2023-04-24T04:00:00Z,0.65,0.7,0.65,0.6707,537567,2269,0.674314
2023-04-25T04:00:00Z,0.65,0.7768,0.65,0.7144,2844417,5535,0.709528
2023-04-26T04:00:00Z,0.712,0.8477,0.682,0.793,2024881,3759,0.754637
2023-04-27T04:00:00Z,0.8336,0.9149,0.801,0.9124,2219157,4361,0.872589
2023-04-28T04:00:00Z,0.91,0.9488,0.89,0.9085,1575455,2914,0.913818
2023-05-01T04:00:00Z,0.91,0.92,0.8245,0.8728,1251916,3076,0.879197
2023-05-02T04:00:00Z,0.8539,0.9,0.821,0.8841,506727,1744,0.878049
2023-05-03T04:00:00Z,0.89,0.915,0.87,0.8799,818719,2855,0.889217
2023-05-04T04:00:00Z,0.87,0.97,0.84,0.9298,1617194,3473,0.926478
2023-05-05T04:00:00Z,0.94,1.09,0.94,1.09,2370927,3749,1.01158
2023-05-08T04:00:00Z,1.08,1.085,0.942,1.06,2748130,6905,1.0404
2023-05-09T04:00:00Z,1.02,1.08,1,1.05,719666,2325,1.04159
2023-05-10T04:00:00Z,1.06,1.06,0.98,1.03,1534740,4702,1.0102
2023-05-11T04:00:00Z,1.04,1.08,1.02,1.06,1110041,3340,1.05512
2023-05-12T04:00:00Z,1.07,1.17,1.06,1.13,1943213,4522,1.12927
2023-05-15T04:00:00Z,1.1,1.1901,1.05,1.09,1778136,5073,1.09234
2023-05-16T04:00:00Z,1.07,1.08,1,1.05,1581319,6290,1.03104
2023-05-17T04:00:00Z,1.08,1.13,1.05,1.13,1104106,3729,1.09276
2023-05-18T04:00:00Z,1.13,1.1693,1.05,1.09,827605,2545,1.10063
2023-05-19T04:00:00Z,1.08,1.18,1.08,1.16,1111624,2692,1.14059
2023-05-22T04:00:00Z,1.26,1.63,1.26,1.41,7846537,16571,1.46587
2023-05-23T04:00:00Z,1.42,1.6,1.36,1.39,2759184,8562,1.48259
2023-05-24T04:00:00Z,1.4,1.45,1.37,1.43,1081198,3298,1.41837
2023-05-25T04:00:00Z,1.39,1.4,1.14,1.21,3639874,9164,1.24246
2023-05-26T04:00:00Z,1.21,1.24,1.07,1.13,2162722,4375,1.14294
2023-05-30T04:00:00Z,1.26,1.4,0.9,0.9586,6204283,15110,1.1327
2023-05-31T04:00:00Z,1.115,1.12,0.9781,1.04,4067070,9849,1.04157
2023-06-01T04:00:00Z,1.04,1.15,1,1.09,3648390,10350,1.08061
2023-06-02T04:00:00Z,1.12,1.17,1.07,1.1,1997978,5205,1.11168
2023-06-05T04:00:00Z,1.12,1.15,1.07,1.12,1686808,4345,1.11839
2023-06-06T04:00:00Z,1.12,1.23,1.12,1.2,1888073,4755,1.18529
2023-06-07T04:00:00Z,1.22,1.32,1.21,1.28,3339514,5921,1.26675
2023-06-08T04:00:00Z,1.33,1.33,1.23,1.25,1104604,2880,1.26334
2023-06-09T04:00:00Z,1.25,1.27,1.2106,1.26,962096,2501,1.24703
2023-06-12T04:00:00Z,1.3,1.35,1.24,1.26,2056155,5594,1.28745
2023-06-13T04:00:00Z,1.26,1.28,1.2,1.23,1670870,3753,1.24396
2023-06-14T04:00:00Z,1.24,1.275,1.175,1.18,1305570,5623,1.20892
2023-06-15T04:00:00Z,1.18,1.23,1.12,1.14,1875339,4649,1.15801
2023-06-16T04:00:00Z,1.14,1.18,1.1,1.11,1816471,5166,1.12109
2023-06-20T04:00:00Z,1.12,1.14,1.11,1.13,2249948,5912,1.12748
2023-06-21T04:00:00Z,1.13,1.165,1.07,1.09,2323261,4386,1.11036
2023-06-22T04:00:00Z,1.06,1.09,1.015,1.05,1305693,4620,1.05284
2023-06-23T04:00:00Z,1.07,1.07,0.9851,1.02,1804329,4086,1.01937
2023-06-26T04:00:00Z,1.01,1.01,0.9,0.9101,3328354,5941,0.93374
2023-06-27T04:00:00Z,0.92,0.97,0.91,0.93,1733821,4921,0.944194
2023-06-28T04:00:00Z,0.9434,0.9725,0.9206,0.9358,813325,3039,0.94677
2023-06-29T04:00:00Z,0.9254,0.9497,0.9105,0.9254,1351497,3308,0.925592
2023-06-30T04:00:00Z,0.925,0.9391,0.9001,0.915,889305,2346,0.921053
2023-07-03T04:00:00Z,0.93,0.93,0.9,0.9022,666590,1720,0.912101
2023-07-05T04:00:00Z,0.9022,0.9049,0.86,0.8729,2259718,3895,0.878517
2023-07-06T04:00:00Z,0.85,0.8702,0.821,0.8677,2294439,5368,0.844595
2023-07-07T04:00:00Z,0.88,1.05,0.87,1.02,2047780,4954,0.981037
2023-07-10T04:00:00Z,1.04,1.25,1.02,1.21,2723253,7635,1.17625
2023-07-11T04:00:00Z,1.23,1.28,1.11,1.15,2184813,6231,1.18747
2023-07-12T04:00:00Z,1.13,1.189,1.11,1.14,1205960,4239,1.14393
2023-07-13T04:00:00Z,1.15,1.16,1.07,1.09,1299023,4668,1.0906
2023-07-14T04:00:00Z,1.09,1.11,1.0125,1.06,1003966,2666,1.04937
2023-07-17T04:00:00Z,1.06,1.25,1.04,1.2,2156641,5522,1.17621
2023-07-18T04:00:00Z,1.16,1.23,1.14,1.17,1126156,3662,1.17409
2023-07-19T04:00:00Z,1.2,1.25,1.18,1.24,1649764,4405,1.22059
2023-07-20T04:00:00Z,1.24,1.25,1.2,1.23,722948,2844,1.22834
2023-07-21T04:00:00Z,1.24,1.3,1.235,1.26,1021001,3138,1.27236
2023-07-24T04:00:00Z,1.28,1.285,1.2,1.22,1336463,3912,1.2423
2023-07-25T04:00:00Z,1.22,1.53,1.21,1.47,7354041,17751,1.44292
2023-07-26T04:00:00Z,1.46,1.49,1.31,1.45,3670639,8646,1.39101
2023-07-27T04:00:00Z,1.5,1.67,1.4437,1.52,3596551,8641,1.55531
2023-07-28T04:00:00Z,1.52,1.66,1.51,1.58,2048328,6291,1.5904
2023-07-31T04:00:00Z,1.59,1.69,1.52,1.67,2665866,8882,1.61255
2023-08-01T04:00:00Z,1.68,1.84,1.67,1.84,3139333,9234,1.75086
2023-08-02T04:00:00Z,1.82,1.8312,1.71,1.73,2173611,7967,1.76323
2023-08-03T04:00:00Z,1.74,1.74,1.5,1.51,3685282,7849,1.59896
2023-08-04T04:00:00Z,1.55,1.655,1.5,1.62,1687053,5595,1.59444
2023-08-07T04:00:00Z,1.65,1.65,1.51,1.52,1748171,6654,1.55595
2023-08-08T04:00:00Z,1.52,1.62,1.42,1.56,1669836,6402,1.53537
2023-08-09T04:00:00Z,1.56,1.64,1.42,1.51,2403629,6292,1.50812
2023-08-10T04:00:00Z,1.51,1.54,1.43,1.47,1264787,4582,1.4772
2023-08-11T04:00:00Z,1.38,1.41,1.23,1.26,3459396,7007,1.30631
2023-08-14T04:00:00Z,1.26,1.33,1.23,1.32,1467375,4229,1.27604
2023-08-15T04:00:00Z,1.33,1.3696,1.255,1.31,1234072,4618,1.31286
2023-08-16T04:00:00Z,1.32,1.32,1.26,1.26,1015780,4245,1.2791
2023-08-17T04:00:00Z,1.26,1.2899,1.19,1.25,971412,3296,1.23914
2023-08-18T04:00:00Z,1.26,1.28,1.22,1.25,546503,3390,1.2487
2023-08-21T04:00:00Z,1.29,1.29,1.19,1.23,1176506,3466,1.22614
2023-08-22T04:00:00Z,1.21,1.27,1.21,1.26,490903,3780,1.25039
2023-08-23T04:00:00Z,1.25,1.33,1.241,1.29,822175,2689,1.2934
2023-08-24T04:00:00Z,1.3,1.33,1.25,1.25,1023886,4214,1.28852
2023-08-25T04:00:00Z,1.23,1.32,1.12,1.15,2627060,5639,1.17344
2023-08-28T04:00:00Z,1.23,1.46,1.22,1.38,4172384,9562,1.36466
2023-08-29T04:00:00Z,1.38,1.54,1.34,1.54,2349385,5983,1.48146
2023-08-30T04:00:00Z,1.53,1.53,1.38,1.4,2547022,7142,1.43946
2023-08-31T04:00:00Z,1.42,1.49,1.39,1.39,1016067,4324,1.42866
2023-09-01T04:00:00Z,1.4,1.41,1.31,1.33,1876438,6594,1.34362
2023-09-05T04:00:00Z,1.33,1.33,1.21,1.22,2313169,5724,1.24708
2023-09-06T04:00:00Z,1.24,1.32,1.235,1.25,1085613,4252,1.27005
2023-09-07T04:00:00Z,1.25,1.27,1.2,1.21,1080132,5852,1.22059
2023-09-08T04:00:00Z,1.2,1.29,1.19,1.28,998886,4059,1.2506
2023-09-11T04:00:00Z,1.3,1.34,1.27,1.3,832207,3265,1.3056
2023-09-12T04:00:00Z,1.25,1.33,1.23,1.26,1459443,4979,1.29073
2023-09-13T04:00:00Z,1.28,1.28,1.21,1.22,1314666,4526,1.23034
2023-09-14T04:00:00Z,1.21,1.27,1.21,1.26,923690,3154,1.24415
2023-09-15T04:00:00Z,1.25,1.275,1.21,1.26,1541167,5786,1.24405
2023-09-18T04:00:00Z,1.23,1.26,1.205,1.24,1011994,4259,1.22311
2023-09-19T04:00:00Z,1.23,1.24,1.2,1.22,757633,3694,1.21463
2023-09-20T04:00:00Z,1.23,1.25,1.2,1.2,973514,3569,1.22521
2023-09-21T04:00:00Z,1.2,1.2,1.15,1.16,1045707,3081,1.17518
2023-09-22T04:00:00Z,1.16,1.19,1.15,1.18,775900,2719,1.16723
2023-09-25T04:00:00Z,1.15,1.165,1.1,1.13,1167915,3599,1.12149
2023-09-26T04:00:00Z,1.14,1.25,1.135,1.17,1125186,4068,1.21632
2023-09-27T04:00:00Z,1.21,1.21,1.14,1.15,1159390,3215,1.16643
2023-09-28T04:00:00Z,1.18,1.18,1.11,1.12,1510507,4286,1.13273
2023-09-29T04:00:00Z,1.14,1.205,1.13,1.14,1029262,2596,1.17123
2023-10-02T04:00:00Z,1.13,1.16,1.1,1.15,966949,6814,1.12798
2023-10-03T04:00:00Z,1.11,1.13,1.05,1.05,1356189,4086,1.0789
2023-10-04T04:00:00Z,1.06,1.15,1.045,1.11,1436717,4334,1.11187
2023-10-05T04:00:00Z,1.12,1.12,1.0203,1.03,2423210,5533,1.05878
2023-10-06T04:00:00Z,1.03,1.07,0.99,1.06,1019157,2698,1.03013
2023-10-09T04:00:00Z,1.02,1.05,1,1.01,708820,2377,1.01553
2023-10-10T04:00:00Z,1.01,1.09,1,1.07,887900,2621,1.05693
2023-10-11T04:00:00Z,1.06,1.07,1,1.02,1067936,3302,1.02024
2023-10-12T04:00:00Z,1.01,1.03,0.9131,0.93,3153319,7813,0.934422
2023-10-13T04:00:00Z,0.9151,0.92,0.8843,0.9073,1583079,4063,0.900163
2023-10-16T04:00:00Z,0.907,0.9199,0.8515,0.8801,2303048,5027,0.879777
2023-10-17T04:00:00Z,0.9048,0.9594,0.9002,0.9073,1563109,4616,0.924711
2023-10-18T04:00:00Z,0.9066,0.9389,0.8,0.8668,1906246,4069,0.866477
2023-10-19T04:00:00Z,0.8677,0.8796,0.8202,0.8343,1498855,4307,0.837376
2023-10-20T04:00:00Z,0.835,0.8632,0.81,0.8299,1283269,4653,0.833058
2023-10-23T04:00:00Z,0.8338,0.8805,0.8003,0.8397,1025046,2933,0.841163
2023-10-24T04:00:00Z,0.83,0.87,0.83,0.857,757596,3069,0.849227
2023-10-25T04:00:00Z,0.85,0.8798,0.79,0.8,3508915,9926,0.815032
2023-10-26T04:00:00Z,0.81,0.84,0.7801,0.8228,874568,3262,0.816035
2023-10-27T04:00:00Z,0.84,0.8488,0.8,0.8401,1230710,5083,0.833015
2023-10-30T04:00:00Z,0.84,0.89,0.82,0.8458,1332714,4982,0.856248
2023-10-31T04:00:00Z,0.8585,0.8999,0.836,0.88,954107,3682,0.882982
2023-11-01T04:00:00Z,0.88,0.899,0.8367,0.882,983473,4140,0.864438
2023-11-02T04:00:00Z,0.89,0.94,0.87,0.8835,934254,3674,0.895217
2023-11-03T04:00:00Z,0.93,0.95,0.9,0.9449,2217459,6767,0.928137
2023-11-06T05:00:00Z,0.98,1.02,0.9022,1,2931583,8294,0.973253
2023-11-07T05:00:00Z,1.01,1.16,0.99,1.09,2739372,9254,1.09332
2023-11-08T05:00:00Z,1.03,1.07,0.9522,0.96,2761371,7332,1.0017
2023-11-09T05:00:00Z,0.97,0.9973,0.9011,0.9101,1431692,5164,0.926188
2023-11-10T05:00:00Z,0.9196,0.96,0.886,0.893,1348739,5494,0.906369
2023-11-13T05:00:00Z,0.91,0.9426,0.88,0.9233,981643,3408,0.916744
2023-11-14T05:00:00Z,0.9319,1.03,0.9319,1.03,1691372,5100,0.991211
2023-11-15T05:00:00Z,1.01,1.1,1,1,1884074,4806,1.04681
2023-11-16T05:00:00Z,1.02,1.02,0.9531,0.9889,599380,2665,0.9864
2023-11-17T05:00:00Z,1.02,1.0485,0.9901,1,1091168,3810,1.00919
2023-11-20T05:00:00Z,1,1.06,1,1.02,901425,2755,1.02825
2023-11-21T05:00:00Z,1.02,1.02,0.981,0.985,680651,2919,1.00136
2023-11-22T05:00:00Z,1,1.0175,0.9724,0.99,466295,2112,0.988582
2023-11-24T05:00:00Z,1,1.03,0.9914,1,195287,701,1.00424
2023-11-27T05:00:00Z,1,1.0396,0.99,0.9902,499457,1470,1.00052
2023-11-28T05:00:00Z,0.99,0.9998,0.9515,0.96,558324,1624,0.967132
2023-11-29T05:00:00Z,1,1.04,0.970001,1,610042,1661,1.00654
2023-11-30T05:00:00Z,0.9874,1.08,0.98,1.06,1611911,3990,1.0434
2023-12-01T05:00:00Z,1.06,1.09,1.0201,1.07,1211856,4794,1.06422
2023-12-04T05:00:00Z,1.09,1.18,1.07,1.15,2065353,5946,1.12754
2023-12-05T05:00:00Z,1.14,1.18,1.11,1.12,1062412,2797,1.14927
2023-12-06T05:00:00Z,1.14,1.17,1.11,1.16,962098,2776,1.14808
2023-12-07T05:00:00Z,1.19,1.2,1.1437,1.17,912604,3018,1.17223
2023-12-08T05:00:00Z,1.17,1.175,1.12,1.13,889359,3285,1.14493
2023-12-11T05:00:00Z,1.11,1.15,1.1,1.11,779307,2636,1.11961
2023-12-12T05:00:00Z,1.11,1.13,1.05,1.07,819127,2897,1.07398
2023-12-13T05:00:00Z,1.09,1.13,1.0715,1.11,1044530,3823,1.10062
2023-12-14T05:00:00Z,1.14,1.1592,1.105,1.13,1296576,3595,1.1342
2023-12-15T05:00:00Z,1.15,1.155,1.11,1.15,1356736,4269,1.12755
2023-12-18T05:00:00Z,1.16,1.2,1.14,1.15,1071788,3143,1.15923
2023-12-19T05:00:00Z,1.19,1.21,1.15,1.19,1458678,5816,1.1847
2023-12-20T05:00:00Z,1.2,1.23,1.17,1.2,1166367,3695,1.20692
2023-12-21T05:00:00Z,1.22,1.24,1.2,1.2,1579347,3008,1.21683
2023-12-22T05:00:00Z,1.22,1.2211,1.16,1.19,1482474,4866,1.19636
2023-12-26T05:00:00Z,1.19,1.24,1.175,1.19,1168368,2984,1.19584
2023-12-27T05:00:00Z,1.21,1.22,1.16,1.2,1506441,3842,1.19015
2023-12-28T05:00:00Z,1.18,1.31,1.18,1.28,3844902,8005,1.2604
2023-12-29T05:00:00Z,1.3,1.31,1.22,1.24,2126669,4006,1.2575
2024-01-02T05:00:00Z,1.22,1.3,1.21,1.27,1302153,3892,1.25908
2024-01-03T05:00:00Z,1.29,1.38,1.27,1.37,2889339,6270,1.34491
2024-01-04T05:00:00Z,1.38,1.52,1.36,1.52,4495423,8694,1.44999
2024-01-05T05:00:00Z,1.53,1.595,1.455,1.48,2408136,6484,1.50991
2024-01-08T05:00:00Z,1.49,1.58,1.43,1.57,2537151,7289,1.52202
2024-01-09T05:00:00Z,1.59,1.59,1.52,1.56,1793661,5127,1.55955
2024-01-10T05:00:00Z,1.6,1.6,1.5,1.58,2015759,5034,1.5554
2024-01-11T05:00:00Z,1.56,1.58,1.51,1.55,1308343,3951,1.54488
2024-01-12T05:00:00Z,1.56,1.6,1.54,1.55,1157916,3914,1.55332
2024-01-16T05:00:00Z,1.55,1.5592,1.4,1.45,3667228,6927,1.48268
2024-01-17T05:00:00Z,1.44,1.48,1.4,1.42,2260663,5092,1.43345
2024-01-18T05:00:00Z,1.43,1.44,1.35,1.4,1934380,5069,1.40221
2024-01-19T05:00:00Z,1.41,1.42,1.29,1.4,2832446,7666,1.36692
2024-01-22T05:00:00Z,1.41,1.43,1.39,1.39,1786094,6230,1.40643
2024-01-23T05:00:00Z,1.4,1.445,1.38,1.4,1512740,5272,1.39952
2024-01-24T05:00:00Z,1.41,1.54,1.41,1.47,1915868,6581,1.48312
2024-01-25T05:00:00Z,1.48,1.52,1.47,1.5,873943,4553,1.49558
2024-01-26T05:00:00Z,1.48,1.64,1.48,1.62,2121415,4946,1.58595
2024-01-29T05:00:00Z,1.63,1.82,1.6001,1.79,3279998,7367,1.75933
2024-01-30T05:00:00Z,1.8,1.81,1.5814,1.64,3410339,10641,1.66924
2024-01-31T05:00:00Z,1.65,1.78,1.59,1.68,1964100,6229,1.6909
2024-02-01T05:00:00Z,1.7,1.74,1.64,1.71,2003572,7997,1.68442
2024-02-02T05:00:00Z,1.71,1.71,1.62,1.65,1373581,4314,1.64912
2024-02-05T05:00:00Z,1.65,1.69,1.59,1.65,1007873,3677,1.64909
2024-02-06T05:00:00Z,1.63,1.73,1.63,1.68,1277994,5676,1.67231
2024-02-07T05:00:00Z,1.7,1.7,1.625,1.65,1182101,5140,1.65905
2024-02-08T05:00:00Z,1.64,1.685,1.62,1.63,1438647,5074,1.65025
2024-02-09T05:00:00Z,1.64,1.68,1.62,1.64,1329705,5428,1.64349
2024-02-12T05:00:00Z,1.62,1.67,1.61,1.62,1898446,4333,1.6345
2024-02-13T05:00:00Z,1.62,1.6338,1.5,1.52,2112426,6863,1.55271
2024-02-14T05:00:00Z,1.55,1.58,1.52,1.53,1429376,5197,1.53873
2024-02-15T05:00:00Z,1.53,1.54,1.4,1.47,3557004,8035,1.45969
2024-02-16T05:00:00Z,1.45,1.48,1.43,1.45,1936196,6150,1.45055
2024-02-20T05:00:00Z,1.46,1.51,1.42,1.44,2490635,5734,1.44839
2024-02-21T05:00:00Z,1.46,1.475,1.41,1.42,1865969,4907,1.42708
2024-02-22T05:00:00Z,1.42,1.465,1.38,1.39,2313176,5040,1.4135
2024-02-23T05:00:00Z,1.4,1.4,1.32,1.35,3082993,7905,1.35252
2024-02-26T05:00:00Z,1.38,1.54,1.37,1.51,2936870,6268,1.47325
2024-02-27T05:00:00Z,1.51,1.68,1.48,1.64,4206906,9487,1.59698
2024-02-28T05:00:00Z,1.68,1.68,1.54,1.54,2506347,7794,1.5861
2024-02-29T05:00:00Z,1.58,1.635,1.54,1.58,1966861,6200,1.58542
2024-03-01T05:00:00Z,1.57,1.71,1.57,1.71,3513365,9547,1.67264
2024-03-04T05:00:00Z,1.77,1.79,1.61,1.62,3042740,8130,1.68446
2024-03-05T05:00:00Z,1.6,1.6591,1.58,1.6,2042533,6676,1.60576
2024-03-06T05:00:00Z,1.64,1.64,1.46,1.49,3950115,8785,1.51885
2024-03-07T05:00:00Z,1.5,1.56,1.46,1.46,2199650,5998,1.50847
2024-03-08T05:00:00Z,1.49,1.57,1.45,1.47,2472546,6183,1.49648
2024-03-11T04:00:00Z,1.52,1.55,1.43,1.44,3167251,8095,1.4915
2024-03-12T04:00:00Z,1.45,1.45,1.36,1.42,3376848,9439,1.40449
2024-03-13T04:00:00Z,1.45,1.5,1.405,1.41,2065997,6064,1.44461
2024-03-14T04:00:00Z,1.43,1.43,1.34,1.37,2804942,6417,1.36901
2024-03-15T04:00:00Z,1.6,1.82,1.52,1.7,13541835,25677,1.70014
2024-03-18T04:00:00Z,1.76,2.05,1.695,1.89,9669952,21307,1.90401
2024-03-19T04:00:00Z,1.88,1.9368,1.7915,1.83,4344230,12168,1.86816
2024-03-20T04:00:00Z,1.87,1.94,1.78,1.94,5227411,13337,1.87231
2024-03-21T04:00:00Z,1.96,2.08,1.94,2.04,6558660,15109,2.0159
2024-03-22T04:00:00Z,2.07,2.24,2.02,2.17,7876782,19087,2.16411
2024-03-25T04:00:00Z,2.24,2.3299,2.1484,2.21,8573045,18804,2.22225
2024-03-26T04:00:00Z,2.2,2.221,1.91,2,10250547,16949,2.01393
2024-03-27T04:00:00Z,2.06,2.335,2.045,2.24,10580840,20918,2.22248
2024-03-28T04:00:00Z,2.47,2.48,1.77,1.83,61074372,158465,2.02601
2024-04-01T04:00:00Z,1.875,1.93,1.55,1.63,14082255,31826,1.68922
2024-04-02T04:00:00Z,1.55,1.6099,1.47,1.58,8133112,20686,1.53649
2024-04-03T04:00:00Z,1.59,1.59,1.43,1.49,8636952,21127,1.49037
2024-04-04T04:00:00Z,1.47,1.6,1.46,1.51,6193592,14530,1.52675
2024-04-05T04:00:00Z,1.51,1.56,1.48,1.49,3657003,9489,1.5109
2024-04-08T04:00:00Z,1.48,1.54,1.42,1.53,3751939,10385,1.4866
2024-04-09T04:00:00Z,1.5,1.56,1.47,1.54,3604419,9225,1.51399
2024-04-10T04:00:00Z,1.58,1.62,1.52,1.56,5435326,16547,1.57217
2024-04-11T04:00:00Z,1.55,1.55,1.47,1.53,3154704,9566,1.51086
2024-04-12T04:00:00Z,1.52,1.54,1.42,1.46,4104722,10170,1.46014
2024-04-15T04:00:00Z,1.42,1.45,1.39,1.39,3897726,10416,1.41163
2024-04-16T04:00:00Z,1.38,1.425,1.32,1.4,4129457,11629,1.37736
2024-04-17T04:00:00Z,1.4,1.42,1.36,1.39,2944347,9323,1.38608
2024-04-18T04:00:00Z,1.37,1.435,1.33,1.39,2562577,6918,1.38373
2024-04-19T04:00:00Z,1.35,1.38,1.31,1.36,2956394,8023,1.33916
2024-04-22T04:00:00Z,1.37,1.4,1.34,1.36,2006106,8288,1.36568
2024-04-23T04:00:00Z,1.38,1.41,1.35,1.37,2108817,5741,1.38489
2024-04-24T04:00:00Z,1.37,1.4,1.35,1.37,1535781,4880,1.36922
2024-04-25T04:00:00Z,1.35,1.35,1.31,1.33,2561124,5369,1.32397
2024-04-26T04:00:00Z,1.32,1.35,1.29,1.34,2475964,5166,1.32217
2024-04-29T04:00:00Z,1.34,1.38,1.31,1.32,1974332,4663,1.32622
2024-04-30T04:00:00Z,1.31,1.315,1.23,1.26,4653593,9074,1.2593
2024-05-01T04:00:00Z,1.25,1.3,1.24,1.24,3111081,6900,1.2617
2024-05-02T04:00:00Z,1.26,1.31,1.215,1.3,2500275,5622,1.26475
2024-05-03T04:00:00Z,1.34,1.42,1.32,1.37,3117001,7195,1.37902
2024-05-06T04:00:00Z,1.41,1.5,1.4,1.49,2336106,6796,1.44926
2024-05-07T04:00:00Z,1.51,1.56,1.38,1.4,4088622,9165,1.45449
2024-05-08T04:00:00Z,1.39,1.41,1.33,1.4,2847959,7902,1.37239
2024-05-09T04:00:00Z,1.11,1.33,1.03,1.33,8226813,14162,1.17553
2024-05-10T04:00:00Z,1.25,1.33,1.19,1.21,2316645,6382,1.23802
2024-05-13T04:00:00Z,1.21,1.3,1.19,1.29,2413827,6536,1.26318
2024-05-14T04:00:00Z,1.26,1.268,1.2,1.23,2215500,6918,1.23301
2024-05-15T04:00:00Z,1.22,1.26,1.145,1.18,3627731,7755,1.18632
2024-05-16T04:00:00Z,1.16,1.2,1.13,1.14,3468817,8955,1.15644
2024-05-17T04:00:00Z,1.13,1.18,1.12,1.15,2392797,9002,1.15453
2024-05-20T04:00:00Z,1.14,1.2,1.12,1.15,2384758,5553,1.16422
2024-05-21T04:00:00Z,1.14,1.16,1.08,1.13,3374528,8059,1.11072
2024-05-22T04:00:00Z,1.11,1.15,1.1,1.1,1810178,6404,1.11986
2024-05-23T04:00:00Z,1.09,1.12,1.06,1.09,1716819,5215,1.08379
2024-05-24T04:00:00Z,1.08,1.12,1.08,1.1,1640485,6216,1.10106
2024-05-28T04:00:00Z,1.11,1.12,1.03,1.07,2845383,9840,1.05913
2024-05-29T04:00:00Z,1.05,1.0574,1,1.03,3395784,7529,1.02086
2024-05-30T04:00:00Z,1.03,1.14,1.01,1.08,2226275,6742,1.07315
2024-05-31T04:00:00Z,1.07,1.15,1.07,1.12,2114042,7639,1.12372
2024-06-03T04:00:00Z,1.13,1.1851,1.11,1.14,2008056,6367,1.14525
2024-06-04T04:00:00Z,1.14,1.1875,1.11,1.13,2570459,6029,1.13174
2024-06-05T04:00:00Z,1.13,1.13,1.09,1.1,1362319,5752,1.10435
2024-06-06T04:00:00Z,1.1,1.13,1.07,1.07,2236485,7177,1.09355
2024-06-07T04:00:00Z,1.06,1.0976,1.05,1.06,1249579,4960,1.06743
2024-06-10T04:00:00Z,1.06,1.12,1.055,1.09,1365808,6982,1.09388
2024-06-11T04:00:00Z,1.08,1.13,1.08,1.11,1135730,7292,1.10931
2024-06-12T04:00:00Z,1.14,1.185,1.115,1.16,2212433,8263,1.15565
2024-06-13T04:00:00Z,1.13,1.195,1.1,1.12,2573695,6904,1.11931
2024-06-14T04:00:00Z,1.12,1.15,1.06,1.07,2142360,7797,1.09114
2024-06-17T04:00:00Z,1.07,1.11,1.03,1.05,2013569,6734,1.05649
2024-06-18T04:00:00Z,1.04,1.05,1.01,1.01,1755227,5024,1.02431
2024-06-20T04:00:00Z,1.01,1.015,0.9395,0.94,4691646,11547,0.96061
2024-06-21T04:00:00Z,0.9434,0.96,0.9025,0.91,3683505,9701,0.929806
2024-06-24T04:00:00Z,0.9253,0.9399,0.883,0.9037,4017098,10599,0.908308
2024-06-25T04:00:00Z,0.94,0.94,0.8511,0.8567,3809001,11298,0.888022
2024-06-26T04:00:00Z,0.85,0.9349,0.8,0.9247,5988886,13773,0.858434
2024-06-27T04:00:00Z,0.93,1.03,0.9129,0.9892,7758374,15668,0.974046
2024-06-28T04:00:00Z,1,1.04,0.945,1.02,25473523,12039,1.01749
2024-07-01T04:00:00Z,1.03,1.05,0.9707,0.9944,4350843,11339,0.993566
2024-07-02T04:00:00Z,0.9798,0.9946,0.9203,0.96,3298198,7832,0.96673
2024-07-03T04:00:00Z,0.9669,0.9692,0.9334,0.9465,1366606,3664,0.948721
2024-07-05T04:00:00Z,0.94,0.945,0.91,0.9357,1780020,6604,0.927269
2024-07-08T04:00:00Z,0.95,0.9999,0.9228,0.948,2358004,7205,0.956245
2024-07-09T04:00:00Z,0.93,1,0.93,0.9772,2840030,6955,0.983702
2024-07-10T04:00:00Z,0.985,1.08,0.9849,1.08,1820496,4943,1.03693
2024-07-11T04:00:00Z,1.15,1.27,1.08,1.27,5098010,10809,1.18994
2024-07-12T04:00:00Z,1.27,1.34,1.17,1.26,5177683,14418,1.24497
2024-07-15T04:00:00Z,1.27,1.32,1.24,1.31,2998441,11683,1.28602
2024-07-16T04:00:00Z,1.35,1.46,1.31,1.42,3792073,12604,1.39163
2024-07-17T04:00:00Z,1.4,1.43,1.32,1.41,2389624,8955,1.3784
2024-07-18T04:00:00Z,1.39,1.4499,1.34,1.36,2217463,7572,1.3862
2024-07-19T04:00:00Z,1.35,1.37,1.3,1.35,1881964,7336,1.33846
2024-07-22T04:00:00Z,1.36,1.39,1.3,1.38,2013210,6207,1.35389
2024-07-23T04:00:00Z,1.35,1.46,1.34,1.46,2357574,6519,1.4216
2024-07-24T04:00:00Z,1.43,1.5686,1.4243,1.47,3011278,8766,1.49407
2024-07-25T04:00:00Z,1.48,1.52,1.41,1.48,2334431,8864,1.48377
2024-07-26T04:00:00Z,1.52,1.52,1.41,1.44,1137165,4774,1.45303
2024-07-29T04:00:00Z,1.44,1.485,1.375,1.4,1547278,6415,1.40857
2024-07-30T04:00:00Z,1.4,1.42,1.35,1.37,1846663,5267,1.38369
2024-07-31T04:00:00Z,1.38,1.44,1.35,1.38,2043155,7438,1.39155
2024-08-01T04:00:00Z,1.38,1.385,1.275,1.29,2418521,9586,1.31345
2024-08-02T04:00:00Z,1.25,1.32,1.2,1.25,2185536,8358,1.24651
2024-08-05T04:00:00Z,1.14,1.2,1.11,1.185,1875333,8229,1.16974
2024-08-06T04:00:00Z,1.25,1.2505,1.22,1.23,1330015,4420,1.23446
2024-08-07T04:00:00Z,1.23,1.24,1.11,1.11,2283375,5992,1.14881
2024-08-08T04:00:00Z,1.16,1.22,1.07,1.19,2226642,5365,1.16143
2024-08-09T04:00:00Z,1.19,1.23,1.11,1.11,1360050,4023,1.13847
2024-08-12T04:00:00Z,1.17,1.295,1.15,1.23,2981190,7894,1.24542
2024-08-13T04:00:00Z,1.24,1.36,1.23,1.34,2354699,7798,1.32332
2024-08-14T04:00:00Z,1.36,1.395,1.3,1.35,1740547,6515,1.33603
2024-08-15T04:00:00Z,1.37,1.46,1.34,1.44,2631120,7871,1.42363
2024-08-16T04:00:00Z,1.42,1.46,1.4,1.44,1373947,4823,1.42639
2024-08-19T04:00:00Z,1.4,1.5,1.4,1.49,1833791,5673,1.47097
2024-08-20T04:00:00Z,1.48,1.51,1.43,1.44,1229681,4026,1.45601
2024-08-21T04:00:00Z,1.44,1.51,1.42,1.49,1754251,5709,1.46833
2024-08-22T04:00:00Z,1.49,1.54,1.46,1.47,1708763,5774,1.50082
2024-08-23T04:00:00Z,1.52,1.58,1.475,1.53,2766035,8774,1.54377
2024-08-26T04:00:00Z,1.57,1.57,1.48,1.55,1798259,5080,1.52714
2024-08-27T04:00:00Z,1.54,1.54,1.47,1.52,2192564,4711,1.50128
2024-08-28T04:00:00Z,1.51,1.53,1.48,1.53,994188,3282,1.50601
2024-08-29T04:00:00Z,1.53,1.58,1.51,1.52,1444743,5362,1.55023
2024-08-30T04:00:00Z,1.52,1.55,1.48,1.55,1555584,4420,1.51898
2024-09-03T04:00:00Z,1.53,1.54,1.39,1.41,2112843,5157,1.4421
2024-09-04T04:00:00Z,1.34,1.42,1.27,1.395,1957693,5671,1.35792
2024-09-05T04:00:00Z,1.35,1.39,1.3,1.38,2304243,5105,1.34796
2024-09-06T04:00:00Z,1.39,1.415,1.33,1.35,1695320,4896,1.36407
2024-09-09T04:00:00Z,1.38,1.45,1.35,1.42,1160370,5632,1.41462
2024-09-10T04:00:00Z,1.42,1.49,1.41,1.48,1242555,4388,1.46154
2024-09-11T04:00:00Z,1.46,1.47,1.42,1.44,1141866,4142,1.44401
2024-09-12T04:00:00Z,1.42,1.48,1.42,1.44,1181340,4104,1.44541
2024-09-13T04:00:00Z,1.45,1.485,1.445,1.46,1200447,4268,1.4634
2024-09-16T04:00:00Z,1.47,1.47,1.37,1.4,1397174,3928,1.40572
2024-09-17T04:00:00Z,1.43,1.43,1.36,1.37,1018891,3431,1.38018
2024-09-18T04:00:00Z,1.37,1.41,1.35,1.35,1441059,4152,1.37125
2024-09-19T04:00:00Z,1.39,1.39,1.34,1.37,847587,3375,1.36702
2024-09-20T04:00:00Z,1.36,1.4,1.335,1.37,3558730,4732,1.36288
2024-09-23T04:00:00Z,1.36,1.37,1.28,1.31,2065897,5708,1.31071
2024-09-24T04:00:00Z,1.33,1.35,1.29,1.35,1155759,4227,1.32069
2024-09-25T04:00:00Z,1.35,1.36,1.32,1.32,725708,3223,1.3342
2024-09-26T04:00:00Z,1.33,1.335,1.3,1.33,828709,3181,1.31945
2024-09-27T04:00:00Z,1.34,1.35,1.32,1.33,948757,3460,1.33182
2024-09-30T04:00:00Z,1.32,1.37,1.3,1.32,1296080,3983,1.32687
2024-10-01T04:00:00Z,1.3,1.3192,1.24,1.28,1840758,4901,1.2736
2024-10-02T04:00:00Z,1.26,1.34,1.26,1.34,1513411,5360,1.31045
2024-10-03T04:00:00Z,1.32,1.35,1.32,1.32,964779,3920,1.33323
2024-10-04T04:00:00Z,1.35,1.35,1.31,1.33,801323,2839,1.33243
2024-10-07T04:00:00Z,1.35,1.4,1.3,1.32,1523504,4325,1.33727
2024-10-08T04:00:00Z,1.3,1.33,1.29,1.32,868514,2490,1.31411
2024-10-09T04:00:00Z,1.31,1.3102,1.2703,1.28,716495,2518,1.28496
2024-10-10T04:00:00Z,1.28,1.29,1.255,1.28,750240,2655,1.27676
2024-10-11T04:00:00Z,1.28,1.32,1.27,1.32,1320479,3479,1.29672
2024-10-14T04:00:00Z,1.32,1.34,1.305,1.32,1035187,6318,1.32257
2024-10-15T04:00:00Z,1.31,1.34,1.31,1.31,1053840,6465,1.32305
2024-10-16T04:00:00Z,1.32,1.33,1.3,1.33,768431,6608,1.32186
2024-10-17T04:00:00Z,1.33,1.34,1.3125,1.33,800784,5002,1.32512
2024-10-18T04:00:00Z,1.32,1.34,1.3,1.34,978077,3143,1.32279
2024-10-21T04:00:00Z,1.34,1.37,1.335,1.37,1107078,3176,1.35224
2024-10-22T04:00:00Z,1.39,1.65,1.39,1.64,6096626,11946,1.55655
2024-10-23T04:00:00Z,1.69,1.69,1.54,1.59,3049431,7608,1.59971
2024-10-24T04:00:00Z,1.6,1.69,1.56,1.58,2218133,5399,1.59813
2024-10-25T04:00:00Z,1.57,1.63,1.57,1.59,1377787,4652,1.59685
2024-10-28T04:00:00Z,1.585,1.6595,1.585,1.63,2463657,9442,1.63417
2024-10-29T04:00:00Z,1.62,1.72,1.61,1.71,2681720,9751,1.68865
2024-10-30T04:00:00Z,1.7,1.74,1.63,1.7,2702724,10796,1.69544
2024-10-31T04:00:00Z,1.7,1.72,1.66,1.66,2111457,9236,1.68875
2024-11-01T04:00:00Z,1.7,1.75,1.68,1.69,2074646,5653,1.71151
2024-11-04T05:00:00Z,1.72,1.85,1.7,1.85,3403860,8587,1.78863
2024-11-05T05:00:00Z,1.85,1.86,1.78,1.86,2509531,5614,1.82855
2024-11-06T05:00:00Z,1.85,2.01,1.85,2,4581826,13186,1.95429
2024-11-07T05:00:00Z,1.74,1.91,1.67,1.865,4754633,10995,1.79832
2024-11-08T05:00:00Z,1.84,1.95,1.785,1.94,2774543,6502,1.88177
2024-11-11T05:00:00Z,1.92,2.02,1.9,1.99,2895455,8203,1.96563
2024-11-12T05:00:00Z,2,2,1.88,1.95,2317406,7875,1.93891
2024-11-13T05:00:00Z,1.95,1.9833,1.89,1.92,2123330,7125,1.92606
2024-11-14T05:00:00Z,1.95,1.95,1.86,1.86,1599037,5347,1.89017
2024-11-15T05:00:00Z,1.85,1.87,1.76,1.79,2515402,6579,1.79452
2024-11-18T05:00:00Z,1.81,1.84,1.77,1.8,1340059,4223,1.8047
2024-11-19T05:00:00Z,1.79,1.82,1.76,1.82,1189579,5049,1.80035
2024-11-20T05:00:00Z,1.8,1.82,1.78,1.79,1148533,3832,1.79893
2024-11-21T05:00:00Z,1.81,1.83,1.75,1.82,1444269,5060,1.80198
2024-11-22T05:00:00Z,1.84,1.8995,1.805,1.88,2012364,6449,1.8592
2024-11-25T05:00:00Z,1.9,1.97,1.88,1.93,2553145,8239,1.93349
2024-11-26T05:00:00Z,1.93,2.1,1.9,2.05,3908126,10857,2.02067
2024-11-27T05:00:00Z,2.05,2.08,2.03,2.06,1623027,6362,2.05421
2024-11-29T05:00:00Z,2.07,2.13,2.06,2.06,2135763,5841,2.09225
2024-12-02T05:00:00Z,2.08,2.16,2.04,2.13,2438605,7725,2.111
2024-12-03T05:00:00Z,2.13,2.17,2.01,2.04,3342659,9816,2.07445
2024-12-04T05:00:00Z,2.05,2.06,1.99,2.03,1625444,5697,2.02373
2024-12-05T05:00:00Z,2.03,2.04,1.99,2.02,1246081,4842,2.02198
2024-12-06T05:00:00Z,2.02,2.0888,2.0011,2.05,1548026,7580,2.0475
2024-12-09T05:00:00Z,2.05,2.085,2.03,2.04,1743035,6630,2.05438
2024-12-10T05:00:00Z,2.03,2.05,1.97,1.98,1962788,6154,2.01088
2024-12-11T05:00:00Z,1.95,1.955,1.86,1.92,3127921,7495,1.90267
2024-12-12T05:00:00Z,1.9,1.92,1.82,1.82,2429816,7973,1.85379
2024-12-13T05:00:00Z,1.83,1.86,1.79,1.85,1761065,6570,1.82395
2024-12-16T05:00:00Z,1.84,1.9,1.81,1.84,1817898,7620,1.86027
2024-12-17T05:00:00Z,1.86,1.89,1.815,1.87,1528570,5729,1.85698
2024-12-18T05:00:00Z,1.88,1.9,1.74,1.76,2698686,6305,1.82273
2024-12-19T05:00:00Z,1.77,1.82,1.745,1.79,1581555,6312,1.78199
2024-12-20T05:00:00Z,1.77,1.87,1.75,1.83,5921769,5646,1.83055
2024-12-23T05:00:00Z,1.85,1.87,1.81,1.85,1569357,5143,1.838
2024-12-24T05:00:00Z,1.86,1.87,1.83,1.86,513303,2823,1.85478
2024-12-26T05:00:00Z,1.86,1.93,1.85,1.93,1662430,5462,1.89426
2024-12-27T05:00:00Z,1.92,1.975,1.91,1.95,1633532,6738,1.9422
2024-12-30T05:00:00Z,1.9,1.94,1.85,1.85,2390483,6539,1.88584
2024-12-31T05:00:00Z,1.88,1.92,1.835,1.9,1791193,5148,1.88185
2025-01-02T05:00:00Z,1.9,1.94,1.87,1.9,1847722,7672,1.90708
2025-01-03T05:00:00Z,1.9,1.94,1.87,1.92,1937106,6860,1.9051
2025-01-06T05:00:00Z,1.92,1.9288,1.86,1.87,1823672,4996,1.89012
2025-01-07T05:00:00Z,1.87,1.905,1.84,1.86,2017511,5701,1.86531
2025-01-08T05:00:00Z,1.84,1.86,1.78,1.79,1531748,4935,1.81095
2025-01-10T05:00:00Z,1.78,1.78,1.73,1.75,2276668,6903,1.75093
2025-01-13T05:00:00Z,1.74,1.975,1.715,1.87,3969929,11205,1.86888
2025-01-14T05:00:00Z,1.9,1.92,1.86,1.89,2196305,7454,1.88897
2025-01-15T05:00:00Z,1.93,2,1.9,1.94,1974586,5856,1.94325
2025-01-16T05:00:00Z,1.95,1.95,1.9,1.93,1399267,5097,1.92855
2025-01-17T05:00:00Z,1.95,2.09,1.92,2.07,6520036,9739,1.9837
2025-01-21T05:00:00Z,2.11,2.37,2.07,2.37,5656178,13002,2.29337
2025-01-22T05:00:00Z,2.395,2.4,2.305,2.39,3560260,8920,2.36537
2025-01-23T05:00:00Z,2.38,2.41,2.2711,2.39,2569800,8567,2.35995
2025-01-24T05:00:00Z,2.4,2.405,2.36,2.38,1616032,6268,2.38613
2025-01-27T05:00:00Z,2.35,2.41,2.28,2.3,2177908,7163,2.34807
2025-01-28T05:00:00Z,2.3,2.35,2.24,2.29,1837873,7281,2.30182
2025-01-29T05:00:00Z,2.29,2.33,2.23,2.3,1721836,7065,2.28087
2025-01-30T05:00:00Z,2.3,2.35,2.29,2.3,1103644,4619,2.31674
2025-01-31T05:00:00Z,2.3,2.35,2.22,2.24,1852779,7279,2.28338
2025-02-03T05:00:00Z,2.16,2.19,2.07,2.12,4233727,11423,2.11706
2025-02-04T05:00:00Z,2.13,2.18,2.125,2.14,1343275,5228,2.15047
2025-02-05T05:00:00Z,2.15,2.1725,2.12,2.17,1104967,4952,2.15404
2025-02-06T05:00:00Z,2.19,2.215,2.16,2.16,1094275,5752,2.17751
2025-02-07T05:00:00Z,2.17,2.19,2.12,2.14,1415278,6312,2.14579
2025-02-10T05:00:00Z,2.14,2.15,2.09,2.1,1685715,5585,2.11462
2025-02-11T05:00:00Z,2.09,2.12,2.08,2.1,1424520,7305,2.10393
2025-02-12T05:00:00Z,2.08,2.12,2.08,2.11,1274569,5569,2.10695
2025-02-13T05:00:00Z,2.11,2.14,2.07,2.14,1536420,4971,2.10396
2025-02-14T05:00:00Z,2.13,2.17,2.11,2.13,1310107,5078,2.13346
2025-02-18T05:00:00Z,2.12,2.14,2.07,2.07,1300163,4618,2.09954
2025-02-19T05:00:00Z,2.07,2.08,1.97,1.98,1634555,5026,2.02085
2025-02-20T05:00:00Z,1.97,1.98,1.875,1.91,2546926,7080,1.90032
2025-02-21T05:00:00Z,1.94,1.94,1.78,1.8,3987994,8157,1.82801
2025-02-24T05:00:00Z,1.8,1.8182,1.74,1.77,2514471,7180,1.77592
2025-02-25T05:00:00Z,1.78,1.84,1.76,1.82,2481825,7065,1.80654
2025-02-26T05:00:00Z,1.83,1.8588,1.78,1.8,3585429,5089,1.80012
2025-02-27T05:00:00Z,1.8,1.9,1.8,1.83,1914151,6037,1.85629
2025-02-28T05:00:00Z,1.82,1.87,1.81,1.85,1860346,5697,1.83769
2025-03-03T05:00:00Z,1.86,1.875,1.79,1.8,2219620,9256,1.81773
2025-03-04T05:00:00Z,1.77,1.84,1.72,1.8,2303618,7929,1.78288
2025-03-05T05:00:00Z,1.82,1.86,1.81,1.855,1701607,5128,1.84121
2025-03-06T05:00:00Z,1.84,1.96,1.835,1.92,2163495,8377,1.91903
2025-03-07T05:00:00Z,1.91,1.96,1.88,1.9,2285042,5214,1.91607
2025-03-10T04:00:00Z,1.87,1.91,1.84,1.86,2616333,9532,1.87117
2025-03-11T04:00:00Z,1.83,1.94,1.82,1.93,3104673,12602,1.87936
2025-03-12T04:00:00Z,1.97,1.99,1.91,1.93,3479663,12958,1.94915
2025-03-13T04:00:00Z,1.8,1.84,1.525,1.69,9611832,20233,1.631
2025-03-14T04:00:00Z,1.77,2.29,1.755,2.26,13249864,30452,2.15492
2025-03-17T04:00:00Z,2.25,2.4,2.18,2.4,4621620,13726,2.2938
2025-03-18T04:00:00Z,2.38,2.58,2.3257,2.55,4974915,14317,2.48436
2025-03-19T04:00:00Z,2.53,2.89,2.52,2.84,8178772,19943,2.79105
2025-03-20T04:00:00Z,2.26,2.351,1.95,2.04,26580463,63278,2.06684
2025-03-21T04:00:00Z,2.015,2.14,2.01,2.13,8664315,19181,2.09083
2025-03-24T04:00:00Z,2.19,2.2192,2,2.04,6165704,15644,2.06706
2025-03-25T04:00:00Z,2.02,2.03,1.9,1.95,6920893,17034,1.9423
2025-03-26T04:00:00Z,1.96,1.98,1.89,1.92,4389535,13192,1.92268
2025-03-27T04:00:00Z,1.91,1.95,1.9,1.93,2013509,7668,1.92857
2025-03-28T04:00:00Z,1.94,1.94,1.88,1.91,3576742,8407,1.9037
2025-03-31T04:00:00Z,1.89,1.94,1.83,1.92,3604550,11176,1.90345
2025-04-01T04:00:00Z,1.99,1.99,1.895,1.91,4721508,13012,1.91221
2025-04-02T04:00:00Z,1.9,1.9488,1.89,1.93,3218801,8562,1.92189
2025-04-03T04:00:00Z,1.86,1.92,1.85,1.88,3109368,9472,1.87682
2025-04-04T04:00:00Z,1.83,1.85,1.71,1.77,6511297,11922,1.76976
2025-04-07T04:00:00Z,1.67,1.82,1.63,1.77,4215911,11738,1.75287
2025-04-08T04:00:00Z,1.85,1.86,1.65,1.68,3853989,9544,1.7163
2025-04-09T04:00:00Z,1.64,1.7494,1.53,1.7,7729623,15532,1.62794
2025-04-10T04:00:00Z,1.67,1.71,1.52,1.55,7338159,12955,1.6005
2025-04-11T04:00:00Z,1.55,1.6797,1.54,1.65,4787521,9672,1.60804
2025-04-14T04:00:00Z,1.71,1.86,1.66,1.83,5189811,11775,1.78859
2025-04-15T04:00:00Z,1.83,1.9193,1.82,1.89,4945972,10020,1.88078
2025-04-16T04:00:00Z,1.87,1.94,1.86,1.9,3755392,8938,1.88904
2025-04-17T04:00:00Z,1.9,2.13,1.9,2.06,4591210,13031,2.05029
2025-04-21T04:00:00Z,2.02,2.16,2.01,2.07,2669501,7147,2.08695
2025-04-22T04:00:00Z,2.11,2.15,2.06,2.14,1874603,7026,2.1183
2025-04-23T04:00:00Z,2.18,2.27,2.15,2.16,2745758,8815,2.18687
2025-04-24T04:00:00Z,2.16,2.28,2.15,2.28,2299111,7218,2.24559
2025-04-25T04:00:00Z,2.26,2.4,2.26,2.38,2257850,6424,2.3475
2025-04-28T04:00:00Z,2.48,2.48,2.34,2.43,2561663,8358,2.39531
2025-04-29T04:00:00Z,2.43,2.48,2.37,2.43,2821594,9429,2.43502
2025-04-30T04:00:00Z,2.36,2.45,2.34,2.41,3578594,9861,2.41098
2025-05-01T04:00:00Z,2.41,2.45,2.38,2.39,2416795,9796,2.40367
2025-05-02T04:00:00Z,2.4,2.48,2.39,2.45,2748745,10614,2.43954
2025-05-05T04:00:00Z,2.45,2.47,2.33,2.34,3158327,9658,2.37988
2025-05-06T04:00:00Z,2.3,2.345,2.25,2.32,3877437,10991,2.31072
2025-05-07T04:00:00Z,2.36,2.47,2.35,2.46,3907793,9364,2.41207
2025-05-08T04:00:00Z,2.775,2.9,2.53,2.62,10590644,32498,2.70328
2025-05-09T04:00:00Z,2.62,2.77,2.54,2.55,5735249,16229,2.61889
2025-05-12T04:00:00Z,2.595,2.595,2.36,2.43,7032742,18754,2.41287
2025-05-13T04:00:00Z,2.45,2.5,2.35,2.48,3184797,13206,2.44071
2025-05-14T04:00:00Z,2.48,2.54,2.425,2.45,3664205,12987,2.48626
2025-05-15T04:00:00Z,2.46,2.565,2.43,2.54,3594225,11650,2.51921
2025-05-16T04:00:00Z,2.54,2.64,2.53,2.61,3592106,11585,2.6152
2025-05-19T04:00:00Z,2.6,2.83,2.585,2.8,6737223,14393,2.76225
2025-05-20T04:00:00Z,2.83,2.97,2.8,2.92,7549510,18733,2.91484
2025-05-21T04:00:00Z,2.85,2.94,2.8,2.81,4799907,15234,2.86759
2025-05-22T04:00:00Z,2.8,2.92,2.77,2.83,3914279,15277,2.8588
2025-05-23T04:00:00Z,2.81,2.87,2.7601,2.86,3113890,15045,2.83556
2025-05-27T04:00:00Z,2.9,2.975,2.86,2.92,3961829,11864,2.93366
2025-05-28T04:00:00Z,2.92,2.96,2.87,2.88,3554750,10757,2.90936
2025-05-29T04:00:00Z,2.92,3.14,2.895,3.01,7551143,19897,3.04133
2025-05-30T04:00:00Z,3.05,3.06,2.97,3.03,6897343,16464,3.02131
2025-06-02T04:00:00Z,3.06,3.26,2.97,3.25,8642552,17293,3.16401
2025-06-03T04:00:00Z,3.3,3.49,3.22,3.42,7159401,15446,3.35576
2025-06-04T04:00:00Z,3.44,3.73,3.42,3.64,12190851,27263,3.5998
2025-06-05T04:00:00Z,3.69,3.7299,3.52,3.69,5742346,18949,3.65703
2025-06-06T04:00:00Z,3.66,4,3.66,3.97,8184564,20954,3.89867
2025-06-09T04:00:00Z,4.04,4.0758,3.83,3.83,8127015,19668,3.9272
2025-06-10T04:00:00Z,3.785,3.925,3.48,3.92,11060318,32104,3.74132
2025-06-11T04:00:00Z,3.98,3.98,3.56,3.57,7000130,19406,3.68169
2025-06-12T04:00:00Z,3.51,3.7,3.49,3.65,4113664,15395,3.64667
2025-06-13T04:00:00Z,3.585,3.7,3.51,3.56,6476437,21047,3.59666
2025-06-16T04:00:00Z,3.56,3.68,3.54,3.58,3534358,12228,3.59279
2025-06-17T04:00:00Z,3.56,3.59,3.46,3.5,3982790,13392,3.51394
2025-06-18T04:00:00Z,3.51,3.62,3.48,3.56,3604476,12170,3.56732
2025-06-20T04:00:00Z,3.6,3.685,3.52,3.68,9316654,17103,3.64671
2025-06-23T04:00:00Z,3.67,3.68,3.48,3.64,5316773,15882,3.57811
2025-06-24T04:00:00Z,3.725,3.87,3.6401,3.67,5298312,18195,3.72556
2025-06-25T04:00:00Z,3.65,3.79,3.56,3.68,3768139,11316,3.66013
2025-06-26T04:00:00Z,3.7,3.755,3.61,3.74,3090143,10682,3.69659
2025-06-27T04:00:00Z,3.76,3.76,3.6,3.65,8510886,9292,3.65226
2025-06-30T04:00:00Z,3.67,3.74,3.63,3.64,2853005,12552,3.68129
2025-07-01T04:00:00Z,3.63,3.68,3.49,3.57,5038960,23568,3.56826
2025-07-02T04:00:00Z,3.58,3.75,3.48,3.63,4619183,14617,3.648
2025-07-03T04:00:00Z,3.63,3.63,3.56,3.62,1565452,8220,3.59972
2025-07-07T04:00:00Z,3.62,3.77,3.565,3.63,3906339,18967,3.68957
2025-07-08T04:00:00Z,3.66,3.75,3.61,3.71,3403830,15498,3.68642
2025-07-09T04:00:00Z,3.74,4.01,3.72,3.99,4759715,17043,3.88047
2025-07-10T04:00:00Z,4,4.01,3.89,3.98,3312111,15906,3.96036
2025-07-11T04:00:00Z,3.98,4.0787,3.91,3.93,2730464,12544,3.96292
2025-07-14T04:00:00Z,3.93,4,3.91,3.97,2534742,14053,3.95485
2025-07-15T04:00:00Z,3.98,3.98,3.81,3.88,2876416,12891,3.87508
2025-07-16T04:00:00Z,3.89,3.93,3.82,3.9,2190107,11977,3.88454
2025-07-17T04:00:00Z,3.9,3.94,3.86,3.88,1879422,12462,3.89076
2025-07-18T04:00:00Z,3.92,3.97,3.83,3.86,3050577,11897,3.89154
2025-07-21T04:00:00Z,3.88,3.935,3.77,3.84,2555426,10484,3.84708
2025-07-22T04:00:00Z,3.8,4.04,3.7847,3.85,2939501,13518,3.88601
2025-07-23T04:00:00Z,3.89,4.02,3.85,4.01,2780783,12891,3.95879
2025-07-24T04:00:00Z,4.01,4.01,3.82,3.84,3613201,15802,3.90832
2025-07-25T04:00:00Z,3.85,3.85,3.5132,3.56,6903217,25552,3.59533
2025-07-28T04:00:00Z,3.58,3.615,3.51,3.59,2788452,12868,3.57329
2025-07-29T04:00:00Z,3.63,3.64,3.47,3.51,2672599,12725,3.52552
2025-07-30T04:00:00Z,3.56,3.81,3.5391,3.66,3121971,13924,3.70022
2025-07-31T04:00:00Z,3.66,3.7379,3.62,3.685,2474144,11250,3.66657
2025-08-01T04:00:00Z,3.65,3.79,3.6213,3.72,3021597,14331,3.71706
2025-08-04T04:00:00Z,3.74,3.76,3.67,3.76,2529870,12307,3.72823
2025-08-05T04:00:00Z,3.76,3.775,3.6911,3.72,2413550,10162,3.73782
2025-08-06T04:00:00Z,3.72,3.79,3.63,3.785,4640213,20173,3.72576
2025-08-07T04:00:00Z,3.205,3.28,2.92,3.01,14792654,41671,3.06451
2025-08-08T04:00:00Z,3.06,3.42,3.03,3.42,5823123,23817,3.24502
2025-08-11T04:00:00Z,3.4,3.44,3.32,3.35,3469251,17001,3.36856
2025-08-12T04:00:00Z,3.36,3.4,3.29,3.32,3063007,15298,3.32132
2025-08-13T04:00:00Z,3.33,3.375,3.28,3.3,3475700,15876,3.31364
2025-08-14T04:00:00Z,3.25,3.34,3.24,3.29,2892864,13296,3.29944
2025-08-15T04:00:00Z,3.29,3.33,3.23,3.25,3704882,12991,3.26839
2025-08-18T04:00:00Z,3.21,3.2427,3.1032,3.11,4937427,15137,3.14831
2025-08-19T04:00:00Z,3.12,3.15,3.02,3.04,4384055,17123,3.05451
2025-08-20T04:00:00Z,3.05,3.18,3.04,3.12,3111052,11073,3.11884
2025-08-21T04:00:00Z,3.12,3.2,3.1,3.19,2929351,14421,3.17203
2025-08-22T04:00:00Z,3.2,3.32,3.17,3.19,3257224,12969,3.24286
2025-08-25T04:00:00Z,3.19,3.21,3.02,3.03,3076353,12430,3.08406
2025-08-26T04:00:00Z,3.02,3.125,3.02,3.09,6928827,13600,3.08155
2025-08-27T04:00:00Z,3.12,3.15,2.98,3.01,4316040,15710,3.02438
2025-08-28T04:00:00Z,3.04,3.15,3.01,3.13,3102868,15692,3.11298
2025-08-29T04:00:00Z,3.12,3.15,3.03,3.14,2509771,13403,3.0982
2025-09-02T04:00:00Z,3.07,3.22,3.05,3.11,3363116,11200,3.12652
2025-09-03T04:00:00Z,3.1,3.195,3.05,3.12,6352429,16055,3.10374
2025-09-04T04:00:00Z,3.11,3.14,3.01,3.02,4058237,12786,3.05612
2025-09-05T04:00:00Z,3.02,3.0499,2.9,2.96,5955242,16489,2.9596
2025-09-08T04:00:00Z,2.97,3.15,2.92,3.13,5676598,16200,3.08934
2025-09-09T04:00:00Z,3.13,3.1353,2.96,3,3358646,11157,3.0253
2025-09-10T04:00:00Z,3.015,3.05,2.92,2.93,2823403,9970,2.97585
2025-09-11T04:00:00Z,2.935,2.99,2.93,2.99,2408154,9258,2.96355
2025-09-12T04:00:00Z,2.99,2.99,2.91,2.95,2253961,9829,2.94299
2025-09-15T04:00:00Z,2.97,3.02,2.92,2.92,2490149,10025,2.94705
2025-09-16T04:00:00Z,2.91,2.945,2.81,2.83,3063676,11779,2.85216
2025-09-17T04:00:00Z,2.83,2.88,2.8,2.8,2567846,9534,2.82769
2025-09-18T04:00:00Z,2.8,2.97,2.8,2.96,3249873,14159,2.90078
2025-09-19T04:00:00Z,2.96,2.98,2.81,2.82,11792952,10400,2.83745
2025-09-22T04:00:00Z,2.78,2.81,2.74,2.79,1954926,8847,2.78315
2025-09-23T04:00:00Z,2.79,2.9,2.78,2.83,2204118,8535,2.84331
2025-09-24T04:00:00Z,2.85,2.88,2.77,2.77,1850833,7984,2.80032
2025-09-25T04:00:00Z,2.76,2.7799,2.69,2.71,2626994,11921,2.72009
2025-09-26T04:00:00Z,2.71,2.74,2.675,2.74,1944714,7459,2.71981
2025-09-29T04:00:00Z,2.75,2.79,2.7,2.71,1419050,7970,2.73471
2025-09-30T04:00:00Z,2.73,2.75,2.66,2.73,2534113,10224,2.70621
2025-10-01T04:00:00Z,2.72,2.73,2.665,2.68,1997536,8557,2.69923
2025-10-02T04:00:00Z,2.68,2.765,2.66,2.71,2626731,9740,2.71063
2025-10-03T04:00:00Z,2.72,2.92,2.71,2.83,2868192,12778,2.84799
2025-10-06T04:00:00Z,2.84,3.01,2.81,2.97,4210566,16402,2.94785
2025-10-07T04:00:00Z,2.99,2.99,2.875,2.95,3407509,11566,2.93453
2025-10-08T04:00:00Z,2.99,3.02,2.83,2.85,2576066,10142,2.89241
2025-10-09T04:00:00Z,2.85,2.965,2.85,2.89,2108745,8983,2.89857
2025-10-10T04:00:00Z,2.89,2.91,2.75,2.75,2920130,9907,2.80221
2025-10-13T04:00:00Z,2.77,2.81,2.69,2.78,2401040,9608,2.76331
2025-10-14T04:00:00Z,2.75,2.84,2.7,2.79,1652575,7833,2.79632
2025-10-15T04:00:00Z,2.79,2.965,2.79,2.95,2954750,11382,2.90993
2025-10-16T04:00:00Z,2.97,3.1,2.89,2.92,3116501,10677,2.97577
2025-10-17T04:00:00Z,2.9,2.96,2.865,2.93,2045374,8914,2.91823
2025-10-20T04:00:00Z,2.95,3.175,2.93,3.16,3366733,10944,3.08557
2025-10-21T04:00:00Z,3.16,3.18,3.06,3.12,3392071,10806,3.09949
2025-10-22T04:00:00Z,3.09,3.0997,2.93,2.99,2602258,9419,2.98306
2025-10-23T04:00:00Z,3,3.045,2.96,2.98,1524807,6672,2.99032
2025-10-24T04:00:00Z,3,3.07,2.985,3.03,1353929,7100,3.03416
2025-10-27T04:00:00Z,3.06,3.185,3.05,3.17,2387749,9663,3.15158
2025-10-28T04:00:00Z,3.2,3.2,3.07,3.09,6811294,13226,3.10002
2025-10-29T04:00:00Z,2.16,2.56,2.08,2.1,25768164,50414,2.28624
2025-10-30T04:00:00Z,2.09,2.32,2.065,2.1,9161512,22411,2.17505
2025-10-31T04:00:00Z,2.11,2.23,2.07,2.21,6112330,18047,2.15736
2025-11-03T05:00:00Z,2.2,2.22,2.065,2.12,4254707,15157,2.11945
2025-11-04T05:00:00Z,2.1,2.145,2.07,2.09,5465754,13331,2.10119
2025-11-05T05:00:00Z,2.08,2.13,2.0625,2.12,3070674,11704,2.0988
2025-11-06T05:00:00Z,2.11,2.11,1.98,2.01,4130211,10333,2.02768
2025-11-07T05:00:00Z,2.02,2.07,1.9601,2.04,4475761,13181,2.02403
2025-11-10T05:00:00Z,1.73,1.75,1.57,1.67,16762309,28934,1.65869
2025-11-11T05:00:00Z,1.68,1.84,1.67,1.81,5189379,14894,1.76527
2025-11-12T05:00:00Z,1.82,1.89,1.77,1.85,4436049,14070,1.84392
2025-11-13T05:00:00Z,1.82,1.83,1.75,1.76,3767220,13233,1.77837
2025-11-14T05:00:00Z,1.73,1.79,1.64,1.67,13654319,24129,1.71578
2025-11-17T05:00:00Z,1.69,1.835,1.67,1.76,6184802,16344,1.76258
2025-11-18T05:00:00Z,1.75,1.75,1.615,1.65,5558660,12751,1.64979
2025-11-19T05:00:00Z,1.65,1.66,1.57,1.59,3981140,10652,1.60487
2025-11-20T05:00:00Z,1.62,1.6555,1.525,1.54,4039264,12047,1.57235
2025-11-21T05:00:00Z,1.51,1.59,1.49,1.55,3176249,9817,1.54735
2025-11-24T05:00:00Z,1.56,1.6,1.535,1.59,2815144,7793,1.57239
2025-11-25T05:00:00Z,1.57,1.645,1.56,1.57,2542406,10189,1.58883
2025-11-26T05:00:00Z,1.55,1.6,1.52,1.59,2416481,7378,1.56202
2025-11-28T05:00:00Z,1.6,1.6,1.54,1.58,1193195,5399,1.57588
2025-12-01T05:00:00Z,1.6,1.6299,1.5,1.51,4627904,12488,1.54265
2025-12-02T05:00:00Z,1.51,1.52,1.445,1.47,5970146,11738,1.47354
2025-12-03T05:00:00Z,1.47,1.58,1.46,1.57,4130252,10740,1.52459
2025-12-04T05:00:00Z,1.57,1.605,1.53,1.59,1998756,5782,1.57892
2025-12-05T05:00:00Z,1.59,1.6,1.53,1.54,2202071,6505,1.55882
2025-12-08T05:00:00Z,1.55,1.62,1.53,1.62,3701431,8994,1.5983
2025-12-09T05:00:00Z,1.6,1.625,1.55,1.58,3089519,9508,1.5915
2025-12-10T05:00:00Z,1.58,1.63,1.56,1.63,4573946,6742,1.59643
2025-12-11T05:00:00Z,1.63,1.7,1.62,1.66,2541533,7141,1.66624
2025-12-12T05:00:00Z,1.67,1.7,1.65,1.66,2110666,5610,1.6731
2025-12-15T05:00:00Z,1.68,1.68,1.59,1.61,2064063,6469,1.61714
2025-12-16T05:00:00Z,1.61,1.67,1.6,1.62,2526876,6046,1.62964
2025-12-17T05:00:00Z,1.61,1.68,1.61,1.61,2333831,7314,1.64019
2025-12-18T05:00:00Z,1.63,1.725,1.62,1.67,3421609,8366,1.68567
2025-12-19T05:00:00Z,1.68,1.71,1.655,1.66,5352008,8017,1.67075
2025-12-22T05:00:00Z,1.65,1.73,1.64,1.66,2834782,9565,1.68165
2025-12-23T05:00:00Z,1.68,1.68,1.605,1.65,2752943,6685,1.64003
2025-12-24T05:00:00Z,1.65,1.71,1.64,1.7,1508848,3781,1.6895
2025-12-26T05:00:00Z,1.68,1.68,1.635,1.66,2195723,6470,1.65532
2025-12-29T05:00:00Z,1.65,1.66,1.61,1.62,3284704,8146,1.63152
2025-12-30T05:00:00Z,1.62,1.646,1.58,1.59,2802286,9689,1.60619
2025-12-31T05:00:00Z,1.6,1.63,1.585,1.61,2270518,5934,1.60799
