timestamp,open,high,low,close,volume,tradeCount,vwap
2018-01-25T05:00:00Z,24.7,24.78,24.63,24.65,67132,91,24.674
2018-01-26T05:00:00Z,24.73,24.75,24.65,24.69,70367,120,24.6987
2018-01-29T05:00:00Z,24.6,24.72,24.55,24.55,59019,192,24.5881
2018-01-30T05:00:00Z,24.52,24.631,24.45,24.58,23175,83,24.5136
2018-01-31T05:00:00Z,24.57,24.67,24.52,24.6672,14500,76,24.6047
2018-02-01T05:00:00Z,24.65,24.7897,24.65,24.665,12265,47,24.6986
2018-02-02T05:00:00Z,24.65,24.65,24.2171,24.403,63600,112,24.4478
2018-02-05T05:00:00Z,24.41,24.65,24.35,24.4,29410,46,24.4155
2018-02-06T05:00:00Z,24.68,24.7,24.5,24.5177,6100,20,24.6157
2018-02-07T05:00:00Z,24.7,24.97,24.52,24.79,20100,80,24.6754
2018-02-08T05:00:00Z,24.54,24.7,24.524,24.524,5435,34,24.5793
2018-02-09T05:00:00Z,24.59,24.6113,24.3,24.5,40834,63,24.4951
2018-02-12T05:00:00Z,24.4999,24.4999,24.25,24.3978,37520,70,24.3353
2018-02-13T05:00:00Z,24.3,24.48,24.3,24.45,17829,43,24.4382
2018-02-14T05:00:00Z,24.4,24.6,24.31,24.31,11250,36,24.4882
2018-02-15T05:00:00Z,24.27,24.45,24.2293,24.2499,5667,41,24.2811
2018-02-16T05:00:00Z,24.25,24.25,23.32,24,16760,71,24.1642
2018-02-20T05:00:00Z,24.23,24.3,23.7,24.3,12501,35,24.0757
2018-02-21T05:00:00Z,24.45,24.45,24.03,24.2,12305,35,24.1624
2018-02-22T05:00:00Z,24.275,24.275,24,24.15,10540,29,24.1748
2018-02-23T05:00:00Z,24.18,24.29,24.15,24.25,6625,21,24.2364
2018-02-26T05:00:00Z,24.3571,24.6141,24.3262,24.6141,29055,80,24.4203
2018-02-27T05:00:00Z,24.73,24.77,24.5,24.5,16758,51,24.5932
2018-02-28T05:00:00Z,24.84,24.84,24.42,24.5701,19138,76,24.5515
2018-03-01T05:00:00Z,24.81,24.83,24.526,24.7292,5175,18,24.677
2018-03-02T05:00:00Z,24.7163,24.75,24.65,24.712,4560,25,24.6977
2018-03-05T05:00:00Z,24.65,24.84,24.56,24.8399,5091,41,24.708
2018-03-06T05:00:00Z,24.8399,24.9416,24.762,24.874,6808,23,24.8659
2018-03-07T05:00:00Z,24.8,24.9417,24.55,24.9417,9143,44,24.6477
2018-03-08T05:00:00Z,24.92,24.94,24.6738,24.7267,3571,14,24.8052
2018-03-09T05:00:00Z,24.63,24.63,24.6,24.63,3700,14,24.6232
2018-03-12T04:00:00Z,24.59,24.8734,24.51,24.5576,4435,21,24.6031
2018-03-13T04:00:00Z,24.9009,24.9009,24.8964,24.8964,805,2,24.8981
2018-03-14T04:00:00Z,24.56,24.6,24.27,24.3705,13782,61,24.394
2018-03-15T04:00:00Z,24.45,24.8527,24.44,24.58,2900,18,24.6045
2018-03-16T04:00:00Z,24.61,24.8755,24.6,24.8755,1365,5,24.6512
2018-03-19T04:00:00Z,24.7097,24.866,24.69,24.866,4400,14,24.7301
2018-03-20T04:00:00Z,24.75,24.75,24.12,24.15,35967,151,24.2862
2018-03-21T04:00:00Z,24.05,24.14,23.8,24.14,27027,100,23.9141
2018-03-22T04:00:00Z,24.1,24.1535,24.1,24.1015,1217,11,24.1244
2018-03-23T04:00:00Z,24.09,24.09,23.86,23.86,5593,31,23.9636
2018-03-26T04:00:00Z,23.86,24.2162,23.85,24.2162,8490,33,23.948
2018-03-27T04:00:00Z,24.1906,24.1906,23.78,23.93,8055,40,23.9737
2018-03-28T04:00:00Z,23.93,23.93,23.5601,23.9,21990,91,23.7149
2018-03-29T04:00:00Z,23.64,23.64,23.17,23.47,39540,109,23.3224
2018-04-02T04:00:00Z,23.35,23.58,23.24,23.54,7910,37,23.4203
2018-04-03T04:00:00Z,23.45,23.4699,23.3794,23.45,5715,41,23.431
2018-04-04T04:00:00Z,23.3,23.4016,23.23,23.3498,6100,12,23.3109
2018-04-05T04:00:00Z,23.2708,23.46,23.1948,23.27,13327,56,23.3132
2018-04-06T04:00:00Z,23.4,23.4,23.188,23.27,2160,9,23.2269
2018-04-09T04:00:00Z,23.37,23.4,23.2166,23.3006,8853,25,23.3294
2018-04-10T04:00:00Z,23.31,23.5336,23.18,23.2,3800,18,23.3535
2018-04-11T04:00:00Z,23.2806,23.3416,23.2806,23.3416,3020,4,23.3009
2018-04-12T04:00:00Z,23.3416,23.3416,23.3416,23.3416,0,0,0
2018-04-13T04:00:00Z,23.3408,23.3408,23.2,23.2,690,4,23.3173
2018-04-16T04:00:00Z,23.3,23.3,23.295,23.295,744,5,23.2986
2018-04-17T04:00:00Z,23.1025,23.3238,23.1,23.3238,5569,15,23.1433
2018-04-18T04:00:00Z,23.5206,23.5206,23.2,23.238,2690,14,23.2667
2018-04-19T04:00:00Z,23.251,23.2648,23.19,23.19,4245,17,23.2346
2018-04-20T04:00:00Z,23.3432,23.3432,22.74,22.76,10369,98,22.9084
2018-04-23T04:00:00Z,22.76,22.8707,22.02,22.02,23192,160,22.4311
2018-04-24T04:00:00Z,22.01,22.1687,21.65,21.67,20550,137,21.7846
2018-04-25T04:00:00Z,21.8977,21.8977,20.93,21.2,23712,171,21.4676
2018-04-26T04:00:00Z,21.5,21.67,21.5,21.67,1555,7,21.6568
2018-04-27T04:00:00Z,21.7314,21.95,21.7314,21.95,4400,21,21.8317
2018-04-30T04:00:00Z,21.97,21.98,21.53,21.54,5110,20,21.6409
2018-05-01T04:00:00Z,21.5,21.859,21.1201,21.79,3970,20,21.6394
2018-05-02T04:00:00Z,21.54,21.7983,21.53,21.74,3764,20,21.6785
2018-05-03T04:00:00Z,21.8,21.91,21.5,21.8799,10331,46,21.7063
2018-05-04T04:00:00Z,21.9599,21.9599,21.52,21.91,15155,53,21.6755
2018-05-07T04:00:00Z,21.73,22.28,21.6164,22.28,11885,48,21.8927
2018-05-08T04:00:00Z,22.25,22.679,22.163,22.5338,6220,32,22.3555
2018-05-09T04:00:00Z,22.577,22.68,22.25,22.68,8700,46,22.5677
2018-05-10T04:00:00Z,22.6827,22.7486,22.6803,22.7486,13600,16,22.7068
2018-05-11T04:00:00Z,22.5512,22.7018,22,22.35,28549,133,22.243
2018-05-14T04:00:00Z,22.31,22.7,22.26,22.69,9646,68,22.5439
2018-05-15T04:00:00Z,22.65,22.75,22.6251,22.74,5300,28,22.7122
2018-05-16T04:00:00Z,22.75,22.98,22.55,22.9799,5043,28,22.8076
2018-05-17T04:00:00Z,22.91,23.19,22.75,23.18,26823,30,22.9102
2018-05-18T04:00:00Z,22.93,23.02,22.87,22.87,2184,7,22.9191
2018-05-21T04:00:00Z,22.87,23.0909,22.85,22.85,4269,24,22.9349
2018-05-22T04:00:00Z,22.8944,22.8944,22.75,22.75,6625,33,22.7721
2018-05-23T04:00:00Z,22.72,22.859,22.72,22.859,450,6,22.7895
2018-05-24T04:00:00Z,23,23.02,22.5653,22.5653,3841,7,22.9493
2018-05-25T04:00:00Z,22.57,22.57,22.57,22.57,886,1,22.57
2018-05-29T04:00:00Z,22.3,22.6,22.19,22.19,7097,20,22.4874
2018-05-30T04:00:00Z,22.68,22.68,22.35,22.45,12015,32,22.4351
2018-05-31T04:00:00Z,22.4618,22.79,22.3501,22.79,5500,19,22.5047
2018-06-01T04:00:00Z,22.25,22.749,22.11,22.31,38872,251,22.2184
2018-06-04T04:00:00Z,22.36,22.5159,22.32,22.37,14800,54,22.3833
2018-06-05T04:00:00Z,22.45,22.5547,22.3481,22.5547,1012,4,22.4116
2018-06-06T04:00:00Z,22.37,22.7788,22.37,22.38,9106,34,22.564
2018-06-07T04:00:00Z,22.595,22.9699,22.5422,22.5422,2004,3,22.865
2018-06-08T04:00:00Z,22.62,22.95,22.5911,22.607,7846,52,22.6631
2018-06-11T04:00:00Z,22.69,22.7905,22.6025,22.7905,3320,8,22.7192
2018-06-12T04:00:00Z,22.7,22.7,22.5143,22.5143,1620,6,22.642
2018-06-13T04:00:00Z,22.73,22.73,22.5299,22.5299,9700,37,22.617
2018-06-14T04:00:00Z,22.8299,22.83,22.5,22.5448,2900,12,22.6488
2018-06-15T04:00:00Z,22.78,22.78,22.574,22.74,8108,11,22.7147
2018-06-18T04:00:00Z,22.65,22.961,22.65,22.961,8675,35,22.8036
2018-06-19T04:00:00Z,22.65,22.9679,22.57,22.9679,13020,50,22.7377
2018-06-20T04:00:00Z,22.7422,22.8819,22.7422,22.8,2297,14,22.8026
2018-06-21T04:00:00Z,22.792,22.866,22.792,22.866,1744,2,22.8132
2018-06-22T04:00:00Z,22.9116,22.94,22.66,22.79,1516,11,22.8396
2018-06-25T04:00:00Z,22.97,22.97,22.97,22.97,100,1,22.97
2018-06-26T04:00:00Z,22.9,22.95,22.9,22.9,500,5,22.91
2018-06-27T04:00:00Z,22.78,22.99,22.75,22.99,2891,15,22.804
2018-06-28T04:00:00Z,22.8194,23,22.7998,23,3113,20,22.9204
2018-06-29T04:00:00Z,22.936,23.105,22.936,22.97,9631,17,22.9726
2018-07-02T04:00:00Z,23.0013,23.3,22.9858,23.156,7840,38,23.1896
2018-07-03T04:00:00Z,22.93,23.17,22.83,23.17,6630,25,22.9674
2018-07-05T04:00:00Z,22.8297,23.25,22.8297,23.1177,4650,23,23.0767
2018-07-06T04:00:00Z,23.02,23.11,23.02,23.11,1605,8,23.0732
2018-07-09T04:00:00Z,23.11,23.1956,23.05,23.0657,8185,18,23.1068
2018-07-10T04:00:00Z,23.0657,23.0657,23.0657,23.0657,0,0,0
2018-07-11T04:00:00Z,23.0142,23.0142,22.98,22.98,1600,2,22.9971
2018-07-12T04:00:00Z,23.2,23.25,23.07,23.2031,5788,14,23.1699
2018-07-13T04:00:00Z,23.069,23.389,23.069,23.35,17308,26,23.2906
2018-07-16T04:00:00Z,23.4,23.51,23.3171,23.51,13251,30,23.3703
2018-07-17T04:00:00Z,23.5098,23.57,23.5098,23.5429,7621,31,23.5327
2018-07-18T04:00:00Z,23.39,23.89,23.39,23.87,3055,22,23.7495
2018-07-19T04:00:00Z,23.6472,23.86,23.6472,23.82,800,7,23.7554
2018-07-20T04:00:00Z,23.68,23.68,23.6735,23.6735,1000,2,23.6767
2018-07-23T04:00:00Z,23.45,23.82,23.45,23.6286,6350,10,23.6544
2018-07-24T04:00:00Z,23.7964,23.7964,23.7964,23.7964,1400,1,23.7964
2018-07-25T04:00:00Z,23.6,23.81,23.58,23.7,10455,22,23.6386
2018-07-26T04:00:00Z,23.27,23.6632,23.27,23.6632,2875,5,23.3931
2018-07-27T04:00:00Z,23.5171,23.605,23.4751,23.55,3200,9,23.527
2018-07-30T04:00:00Z,23.52,23.52,23.52,23.52,700,1,23.52
2018-07-31T04:00:00Z,23.51,23.7,23.5,23.5,3600,21,23.6128
2018-08-01T04:00:00Z,23.3,23.42,23.3,23.3,12448,21,23.3754
2018-08-02T04:00:00Z,23.3,23.3,23.3,23.3,0,0,0
2018-08-03T04:00:00Z,23.7,23.7,23.6285,23.6285,1500,7,23.6869
2018-08-06T04:00:00Z,23.665,23.6779,23.665,23.6779,1490,4,23.6696
2018-08-07T04:00:00Z,23.68,23.7,23.64,23.6524,5355,20,23.6715
2018-08-08T04:00:00Z,23.6727,23.6727,23.6727,23.6727,500,1,23.6727
2018-08-09T04:00:00Z,23.86,23.98,23.8103,23.98,3067,22,23.879
2018-08-10T04:00:00Z,23.6927,23.6927,23.6927,23.6927,600,1,23.6927
2018-08-13T04:00:00Z,23.6927,23.6927,23.6927,23.6927,0,0,0
2018-08-14T04:00:00Z,23.6927,23.6927,23.6927,23.6927,0,0,0
2018-08-15T04:00:00Z,23.98,23.98,23.8001,23.8001,700,2,23.9029
2018-08-16T04:00:00Z,23.89,23.89,23.81,23.8205,7700,18,23.8733
2018-08-17T04:00:00Z,23.8205,23.8205,23.8205,23.8205,0,0,0
2018-08-20T04:00:00Z,23.8346,23.8346,23.64,23.6579,7105,8,23.6973
2018-08-21T04:00:00Z,23.75,23.89,23.75,23.8649,2850,4,23.8161
2018-08-22T04:00:00Z,23.89,23.89,23.8411,23.8411,2000,4,23.857
2018-08-23T04:00:00Z,23.8592,23.8652,23.651,23.8652,1725,3,23.8251
2018-08-24T04:00:00Z,23.8652,23.8652,23.8652,23.8652,0,0,0
2018-08-27T04:00:00Z,23.75,23.89,23.7026,23.8426,2300,8,23.8024
2018-08-28T04:00:00Z,23.73,23.89,23.65,23.72,4640,10,23.7408
2018-08-29T04:00:00Z,23.854,23.8554,23.85,23.8554,800,4,23.8537
2018-08-30T04:00:00Z,23.95,23.95,23.85,23.85,1300,3,23.8808
2018-08-31T04:00:00Z,23.85,23.85,23.85,23.85,835,3,23.85
2018-09-04T04:00:00Z,23.8784,23.9422,23.8784,23.8846,2634,3,23.8901
2018-09-05T04:00:00Z,23.98,23.98,23.98,23.98,100,1,23.98
2018-09-06T04:00:00Z,23.9634,23.9634,22.98,23.1,9817,51,23.7059
2018-09-07T04:00:00Z,23.02,23.498,22.98,23.498,14765,66,23.0647
2018-09-10T04:00:00Z,23.498,23.498,23.498,23.498,0,0,0
2018-09-11T04:00:00Z,23.14,23.25,23.05,23.053,7885,33,23.1637
2018-09-12T04:00:00Z,23.245,23.479,23.19,23.2119,2150,9,23.3777
2018-09-13T04:00:00Z,23.1,23.1,23.05,23.05,1105,3,23.0591
2018-09-14T04:00:00Z,23.04,23.289,23,23.2,2220,15,23.1334
2018-09-17T04:00:00Z,23.15,23.1527,23.15,23.15,905,5,23.1503
2018-09-18T04:00:00Z,23.2167,23.2167,22.55,23.1256,6664,33,23.1029
2018-09-19T04:00:00Z,23,23.29,23,23.2137,400,3,23.1984
2018-09-20T04:00:00Z,23.1588,23.1588,23.1588,23.1588,200,1,23.1588
2018-09-21T04:00:00Z,23.1386,23.15,23,23.15,3641,11,23.0638
2018-09-24T04:00:00Z,23.1452,23.22,23.1452,23.22,743,6,23.1802
2018-09-25T04:00:00Z,23.2,23.3,23.117,23.3,2650,15,23.23
2018-09-26T04:00:00Z,23.3,23.48,23.15,23.2917,2145,9,23.3269
2018-09-27T04:00:00Z,23.15,23.4124,23.15,23.3721,950,4,23.3271
2018-09-28T04:00:00Z,23.2,23.2,23.2,23.2,500,2,23.2
2018-10-01T04:00:00Z,23.2,23.2,23.2,23.2,0,0,0
2018-10-02T04:00:00Z,23.309,23.309,23.0099,23.2,6225,26,23.1735
2018-10-03T04:00:00Z,23.15,23.17,23.1,23.1,6000,9,23.1413
2018-10-04T04:00:00Z,23.49,23.49,23.49,23.49,865,1,23.49
2018-10-05T04:00:00Z,23.5,23.5,23.4795,23.5,9000,4,23.4937
2018-10-08T04:00:00Z,23.2705,23.2705,23.2705,23.2705,600,1,23.2705
2018-10-09T04:00:00Z,23.25,23.29,23.2,23.23,13157,14,23.2248
2018-10-10T04:00:00Z,23.23,23.23,23.23,23.23,0,0,0
2018-10-11T04:00:00Z,23.069,23.23,23.069,23.18,12954,13,23.1997
2018-10-12T04:00:00Z,23.23,23.23,23.23,23.23,571,2,23.23
2018-10-15T04:00:00Z,23.23,23.23,22.5,22.65,16855,102,22.6864
2018-10-16T04:00:00Z,22.82,23.23,22.82,23.23,653,7,23.0275
2018-10-17T04:00:00Z,22.7,23.23,22.7,23.2035,500,3,23.1134
2018-10-18T04:00:00Z,22.6,23.1033,22.6,22.78,3800,4,22.6505
2018-10-19T04:00:00Z,22.7268,22.7734,22.5,22.7175,4057,12,22.6437
2018-10-22T04:00:00Z,22.68,22.68,22.31,22.35,2124,17,22.5207
2018-10-23T04:00:00Z,22.42,23.1072,22.3608,22.3608,3800,14,22.503
2018-10-24T04:00:00Z,22.4927,22.5468,21.87,22.03,23562,140,22.2132
2018-10-25T04:00:00Z,21.96,22.08,21.96,22.01,3408,13,22.0045
2018-10-26T04:00:00Z,22,22.225,21.6,21.8745,4630,26,21.9031
2018-10-29T04:00:00Z,21.92,21.9697,21.3,21.45,19602,83,21.5843
2018-10-30T04:00:00Z,21.45,21.5642,21.17,21.44,22798,106,21.4005
2018-10-31T04:00:00Z,21.47,21.9502,21.4678,21.87,4860,27,21.6654
2018-11-01T04:00:00Z,21.79,21.852,21.77,21.77,1790,7,21.807
2018-11-02T04:00:00Z,21.75,21.9305,21.53,21.656,4084,22,21.6861
2018-11-05T05:00:00Z,21.75,21.8275,21.7,21.755,2167,15,21.7267
2018-11-06T05:00:00Z,21.75,21.75,21.7,21.73,2400,12,21.717
2018-11-07T05:00:00Z,21.89,21.91,21.75,21.825,8715,47,21.8024
2018-11-08T05:00:00Z,21.51,21.585,21.51,21.57,1800,9,21.5217
2018-11-09T05:00:00Z,21.805,21.82,21.7,21.72,6930,28,21.74
2018-11-12T05:00:00Z,21.5342,21.79,21.53,21.53,3645,16,21.6626
2018-11-13T05:00:00Z,21.6093,21.7199,21.6093,21.62,2360,15,21.6536
2018-11-14T05:00:00Z,21.608,21.7499,21.608,21.62,2300,8,21.6767
2018-11-15T05:00:00Z,21.56,21.6677,21.56,21.63,6684,12,21.6173
2018-11-16T05:00:00Z,21.6,21.63,21.4762,21.58,3357,13,21.5326
2018-11-19T05:00:00Z,21.58,21.745,21.06,21.06,17760,76,21.3876
2018-11-20T05:00:00Z,21.01,21.931,21.01,21.931,3099,10,21.3878
2018-11-21T05:00:00Z,21.87,21.87,21.84,21.85,1335,5,21.853
2018-11-23T05:00:00Z,21.96,21.96,21.96,21.96,500,1,21.96
2018-11-26T05:00:00Z,21.91,21.956,21.4256,21.5,4005,20,21.7122
2018-11-27T05:00:00Z,21.52,21.52,21.16,21.16,5727,20,21.2904
2018-11-28T05:00:00Z,21.5,21.65,21.5,21.62,2581,10,21.6198
2018-11-29T05:00:00Z,21.65,21.94,21.65,21.94,4930,18,21.8214
2018-11-30T05:00:00Z,21.92,21.99,21.91,21.99,5549,29,21.9512
2018-12-03T05:00:00Z,21.7113,21.95,21.7113,21.94,1592,8,21.7781
2018-12-04T05:00:00Z,21.95,22.0422,21.95,21.95,4999,20,21.9721
2018-12-06T05:00:00Z,21.6001,21.6001,21.6001,21.6001,811,2,21.6001
2018-12-07T05:00:00Z,21.61,21.9,21.61,21.8,9488,58,21.7801
2018-12-10T05:00:00Z,21.8,21.8195,21.65,21.7042,4712,10,21.7933
2018-12-11T05:00:00Z,21.9093,21.9093,21.72,21.72,300,3,21.7931
2018-12-12T05:00:00Z,21.74,22.0344,21.6,22.0344,3450,11,21.7369
2018-12-13T05:00:00Z,21.9013,21.9013,21.9013,21.9013,200,1,21.9013
2018-12-14T05:00:00Z,22.01,22.05,21.552,21.57,5185,25,21.8018
2018-12-17T05:00:00Z,21.5,21.6035,21,21.0999,17979,64,21.3114
2018-12-18T05:00:00Z,21.05,21.05,20.83,20.83,5109,25,20.9906
2018-12-19T05:00:00Z,20.85,20.9366,20.85,20.905,2256,13,20.8977
2018-12-20T05:00:00Z,20.964,21.03,20.7278,20.7278,2100,15,20.9672
2018-12-21T05:00:00Z,21.26,21.26,21.1876,21.1876,754,3,21.2285
2018-12-24T05:00:00Z,21.1527,21.1527,21.1527,21.1527,146,1,21.1527
2018-12-26T05:00:00Z,21,21,20.72,20.75,17608,87,20.8434
2018-12-27T05:00:00Z,20.72,20.9101,20.72,20.81,1340,9,20.8323
2018-12-28T05:00:00Z,20.84,21.02,20.84,21,4900,12,20.9508
2018-12-31T05:00:00Z,20.98,21.01,20.67,20.89,11542,55,20.8521
2019-01-02T05:00:00Z,20.62,21.4419,20.62,21.4,7255,14,21.1764
2019-01-03T05:00:00Z,21.3,21.59,21.3,21.59,4190,32,21.4171
2019-01-04T05:00:00Z,21.59,21.9693,21.57,21.91,4839,29,21.8384
2019-01-07T05:00:00Z,21.99,22.17,21.99,22.0947,3105,25,22.1012
2019-01-08T05:00:00Z,22.19,22.3138,22.11,22.3138,1870,8,22.2377
2019-01-09T05:00:00Z,22.25,22.3187,22.25,22.3187,615,9,22.2839
2019-01-10T05:00:00Z,22.3295,22.3295,22.3177,22.3177,700,2,22.3211
2019-01-11T05:00:00Z,22.17,22.17,22.16,22.17,1906,6,22.1653
2019-01-14T05:00:00Z,22.3586,22.49,22.3586,22.49,1388,7,22.3994
2019-01-15T05:00:00Z,22.4372,22.98,22.4372,22.49,8889,32,22.5838
2019-01-16T05:00:00Z,22.5,22.6125,22.5,22.53,8972,11,22.5444
2019-01-17T05:00:00Z,22.25,22.25,22.25,22.25,501,2,22.25
2019-01-18T05:00:00Z,22.25,22.25,22.25,22.25,0,0,0
2019-01-22T05:00:00Z,22.25,22.28,22.25,22.28,18000,3,22.27
2019-01-23T05:00:00Z,22.33,22.33,22.15,22.15,1911,9,22.2592
2019-01-24T05:00:00Z,22.15,22.15,22.15,22.15,0,0,0
2019-01-25T05:00:00Z,22.05,22.16,22.05,22.16,336,4,22.105
2019-01-28T05:00:00Z,22.452,22.452,22.359,22.42,2450,3,22.4219
2019-01-29T05:00:00Z,22.43,22.4999,22.25,22.25,4441,19,22.4286
2019-01-30T05:00:00Z,22.25,22.45,22.25,22.4365,7185,27,22.3769
2019-01-31T05:00:00Z,22.45,23.49,22.3435,22.92,17399,63,22.7085
2019-02-01T05:00:00Z,22.43,23.27,22.43,23.27,2738,22,22.9886
2019-02-04T05:00:00Z,23.27,23.27,23.27,23.27,0,0,0
2019-02-05T05:00:00Z,23.27,23.49,23.27,23.49,1003,8,23.3964
2019-02-06T05:00:00Z,23.2106,23.28,23.21,23.21,702,3,23.2201
2019-02-07T05:00:00Z,23.44,23.49,23.44,23.49,450,4,23.4589
2019-02-08T05:00:00Z,23.49,23.49,23.49,23.49,0,0,0
2019-02-11T05:00:00Z,23.1251,23.49,23.08,23.4406,5090,46,23.3385
2019-02-12T05:00:00Z,23.2,23.2,23.2,23.2,179,3,23.2
2019-02-13T05:00:00Z,23.2,23.2,23.2,23.2,0,0,0
2019-02-14T05:00:00Z,23.07,23.452,23.05,23.05,1127,8,23.1349
2019-02-15T05:00:00Z,23.62,23.62,23.1873,23.5,3793,21,23.5116
2019-02-19T05:00:00Z,23.69,23.69,23.31,23.54,21080,58,23.3698
2019-02-20T05:00:00Z,23.5233,23.57,23.38,23.55,4410,17,23.4969
2019-02-21T05:00:00Z,23.6396,23.71,23.42,23.51,10760,58,23.5107
2019-02-22T05:00:00Z,23.5001,23.97,23.4,23.54,3925,25,23.6229
2019-02-25T05:00:00Z,23.713,23.713,23.62,23.62,4700,19,23.6303
2019-02-26T05:00:00Z,23.9467,23.9467,23.62,23.62,8700,3,23.6509
2019-02-27T05:00:00Z,23.65,23.9588,23.51,23.51,4488,27,23.6195
2019-02-28T05:00:00Z,23.63,23.6477,23.53,23.6477,2820,9,23.5899
2019-03-01T05:00:00Z,23.6477,23.6477,23.6477,23.6477,0,0,0
2019-03-04T05:00:00Z,23.7945,23.8,23.7945,23.8,1300,2,23.7979
2019-03-05T05:00:00Z,23.9132,23.9899,23.9132,23.9899,9395,14,23.9487
2019-03-06T05:00:00Z,23.98,23.98,23.8595,23.89,2060,8,23.9145
2019-03-07T05:00:00Z,23.99,24.15,23.51,23.51,9666,62,23.9209
2019-03-08T05:00:00Z,23.51,23.51,23.51,23.51,0,0,0
2019-03-11T04:00:00Z,24,24.101,24,24.1,3795,24,24.085
2019-03-12T04:00:00Z,24.1,24.15,24.1,24.1,4100,12,24.1098
2019-03-13T04:00:00Z,24.05,24.2395,24.05,24.1956,123895,14,24.0534
2019-03-14T04:00:00Z,24.18,24.2476,24.17,24.2157,16017,34,24.1847
2019-03-15T04:00:00Z,24.15,24.15,23.5783,24.15,12486,35,24.0199
2019-03-18T04:00:00Z,24.19,24.2,24.11,24.11,73750,19,24.1269
2019-03-19T04:00:00Z,24.299,24.3,24.265,24.2801,1700,6,24.2826
2019-03-20T04:00:00Z,24.2801,24.2801,24.2801,24.2801,0,0,0
2019-03-21T04:00:00Z,24.299,24.414,24.2981,24.3589,2500,10,24.3278
2019-03-22T04:00:00Z,24.3589,24.3589,24.3589,24.3589,0,0,0
2019-03-25T04:00:00Z,24.3524,24.3524,24.2515,24.32,2500,3,24.295
2019-03-26T04:00:00Z,24.3569,24.3569,24.3569,24.3569,100,1,24.3569
2019-03-27T04:00:00Z,24.3237,24.35,24.3,24.3,2100,8,24.3116
2019-03-28T04:00:00Z,24.3578,24.392,24.3578,24.392,990,3,24.3807
2019-03-29T04:00:00Z,24.024,24.37,24.024,24.2727,1700,12,24.2428
2019-04-01T04:00:00Z,24.3104,24.3104,24.3104,24.3104,500,1,24.3104
2019-04-02T04:00:00Z,24.3048,24.3048,24.06,24.06,400,3,24.2312
2019-04-03T04:00:00Z,24.18,24.18,24.18,24.18,490,1,24.18
2019-04-04T04:00:00Z,24.2616,24.3449,24.2616,24.3449,1700,5,24.3355
2019-04-05T04:00:00Z,24.3,24.3,24.3,24.3,216,3,24.3
2019-04-08T04:00:00Z,24.3,24.3,24.2,24.2,2830,10,24.2656
2019-04-09T04:00:00Z,24.35,24.3515,24.35,24.3515,657,10,24.3505
2019-04-10T04:00:00Z,24.35,24.76,24.35,24.64,5600,18,24.5611
2019-04-11T04:00:00Z,24.89,24.89,24.5789,24.5789,9710,13,24.7491
2019-04-12T04:00:00Z,24.7,24.7,24.69,24.7,571,3,24.6982
2019-04-15T04:00:00Z,24.29,24.58,24.29,24.4014,962,9,24.4373
2019-04-16T04:00:00Z,24.36,24.36,24.36,24.36,139,3,24.36
2019-04-17T04:00:00Z,24.36,24.47,24.36,24.47,300,3,24.4267
2019-04-18T04:00:00Z,24.5243,24.5243,24.5243,24.5243,800,1,24.5243
2019-04-22T04:00:00Z,24.7,24.7,24.45,24.45,3600,3,24.5681
2019-04-23T04:00:00Z,24.39,24.39,24.22,24.36,1928,10,24.3333
2019-04-24T04:00:00Z,24.6,24.6,24.42,24.42,3486,15,24.5042
2019-04-25T04:00:00Z,24.46,24.47,24.4168,24.47,2399,19,24.4332
2019-04-26T04:00:00Z,24.4091,24.5522,24.3128,24.51,2284,5,24.3918
2019-04-29T04:00:00Z,24.3369,24.48,24.229,24.48,10300,18,24.3809
2019-04-30T04:00:00Z,24.5,24.52,24.48,24.48,20733,17,24.4829
2019-05-01T04:00:00Z,24.26,24.45,24.2,24.2,40671,31,24.4186
2019-05-02T04:00:00Z,24.3,24.3,24.3,24.3,2508,12,24.3
2019-05-03T04:00:00Z,24.3954,24.5,24.3676,24.5,1785,7,24.4281
2019-05-06T04:00:00Z,24.398,24.398,24.398,24.398,400,1,24.398
2019-05-07T04:00:00Z,24.22,24.472,23.97,24.472,5248,23,24.1976
2019-05-08T04:00:00Z,24.08,24.08,24.08,24.08,200,2,24.08
2019-05-09T04:00:00Z,24.2,24.3,24.05,24.0656,2110,7,24.1013
2019-05-10T04:00:00Z,24.25,24.3,24.2,24.2919,2200,11,24.285
2019-05-13T04:00:00Z,24.13,24.13,23.72,24,1182,11,24.0091
2019-05-14T04:00:00Z,24.01,24.1,24.01,24.1,2300,6,24.0959
2019-05-15T04:00:00Z,23.81,24.34,23.7958,24.32,12370,42,24.0693
2019-05-16T04:00:00Z,24.2431,24.45,24.2008,24.45,3456,10,24.3399
2019-05-17T04:00:00Z,24.11,24.5,24.11,24.5,1680,9,24.3298
2019-05-20T04:00:00Z,24.3395,24.4402,24.3395,24.43,8059,24,24.407
2019-05-21T04:00:00Z,24.02,24.6,24.02,24.5,6301,48,24.4701
2019-05-22T04:00:00Z,24.69,24.69,24.6,24.6,1390,7,24.6089
2019-05-23T04:00:00Z,24.62,24.71,24.62,24.63,7290,9,24.6502
2019-05-24T04:00:00Z,24.63,24.76,24.55,24.6239,2350,12,24.6808
2019-05-28T04:00:00Z,24.6406,24.6906,24.64,24.6906,900,4,24.6682
2019-05-29T04:00:00Z,24.63,24.6438,24.49,24.54,9720,20,24.5698
2019-05-30T04:00:00Z,24.5,24.5,24.4856,24.49,1056,4,24.4918
2019-05-31T04:00:00Z,24.5,24.54,24.469,24.469,8419,15,24.5092
2019-06-03T04:00:00Z,24.02,24.75,24.02,24.5128,1840,6,24.5491
2019-06-04T04:00:00Z,24.6,24.89,24.557,24.7502,3029,21,24.7034
2019-06-05T04:00:00Z,24.8104,24.8104,24.75,24.75,2580,8,24.7534
2019-06-06T04:00:00Z,24.7704,24.7704,24.7704,24.7704,252,2,24.7704
2019-06-07T04:00:00Z,24.8,24.89,24.8,24.8404,2848,12,24.8426
2019-06-10T04:00:00Z,24.65,24.83,24.65,24.83,1219,4,24.8071
2019-06-11T04:00:00Z,24.83,24.83,24.83,24.83,0,0,0
2019-06-12T04:00:00Z,24.83,25.02,24.83,25.02,2906,12,24.9817
2019-06-13T04:00:00Z,25.08,25.1,25.08,25.1,6934,15,25.0913
2019-06-14T04:00:00Z,25.05,25.05,24.92,25.05,4195,21,24.9996
2019-06-17T04:00:00Z,25.12,25.12,24.93,25.05,14800,34,25.0144
2019-06-18T04:00:00Z,25.0352,25.1792,24.9715,25.1169,5284,16,25.1023
2019-06-19T04:00:00Z,25.11,25.1106,25.03,25.06,3700,14,25.0827
2019-06-20T04:00:00Z,24.95,25.1,24.94,25,3056,19,25.0142
2019-06-21T04:00:00Z,24.99,25,24.87,24.87,5545,12,24.9629
2019-06-24T04:00:00Z,24.88,24.895,24.87,24.89,1334,5,24.8831
2019-06-25T04:00:00Z,25.04,25.04,25,25,1800,4,25.0333
2019-06-26T04:00:00Z,25.15,25.2,25,25,9663,5,25.1938
2019-06-27T04:00:00Z,25.1,25.1,25.1,25.1,3500,1,25.1
2019-06-28T04:00:00Z,25.1,25.1,25.1,25.1,0,0,0
2019-07-01T04:00:00Z,25.07,25.07,24.8,24.9636,21736,61,24.9136
2019-07-02T04:00:00Z,25,25.0235,24.9343,24.9999,11190,27,24.9918
2019-07-03T04:00:00Z,24.85,24.86,24.52,24.5236,6450,26,24.6255
2019-07-05T04:00:00Z,24.65,24.65,24.52,24.52,7641,25,24.5617
2019-07-08T04:00:00Z,24.7143,24.7143,24.52,24.55,13442,13,24.5489
2019-07-09T04:00:00Z,24.55,24.675,24.55,24.596,4068,11,24.6128
2019-07-10T04:00:00Z,24.6075,24.8,24.6075,24.75,3755,9,24.6911
2019-07-11T04:00:00Z,24.9,24.9,24.7349,24.75,5251,16,24.7508
2019-07-12T04:00:00Z,24.8,24.9,24.8,24.8,2585,9,24.8255
2019-07-15T04:00:00Z,24.8,24.8,24.8,24.8,0,0,0
2019-07-16T04:00:00Z,24.8,24.8,24.7,24.8,2552,8,24.7757
2019-07-17T04:00:00Z,24.67,24.99,24.67,24.8289,3699,9,24.8456
2019-07-18T04:00:00Z,25.2,25.2,24.96,24.96,1661,10,25.0244
2019-07-19T04:00:00Z,24.96,25.11,24.96,24.9601,5740,20,24.9745
2019-07-22T04:00:00Z,24.78,25.0362,24.78,25.0362,25620,50,24.963
2019-07-23T04:00:00Z,25.07,25.07,25.07,25.07,5371,4,25.07
2019-07-24T04:00:00Z,25.1089,25.15,25.1,25.1,8761,30,25.1135
2019-07-25T04:00:00Z,25.15,25.15,25.1216,25.1216,1882,12,25.1413
2019-07-26T04:00:00Z,25,25.205,25,25.1734,3742,16,25.13
2019-07-29T04:00:00Z,25.24,25.24,25.15,25.2018,1325,4,25.177
2019-07-30T04:00:00Z,25.16,25.41,25.16,25.4012,1995,11,25.3035
2019-07-31T04:00:00Z,25.54,25.54,25.54,25.54,1030,2,25.54
2019-08-01T04:00:00Z,25.55,25.57,25.55,25.57,273,3,25.56
2019-08-02T04:00:00Z,25.61,25.61,25.275,25.4,500,3,25.367
2019-08-05T04:00:00Z,25.5,25.5,25,25.2661,10691,43,25.2231
2019-08-06T04:00:00Z,25.34,25.5,25.25,25.5,6794,28,25.3634
2019-08-07T04:00:00Z,25.58,25.9621,25.58,25.58,4968,36,25.6625
2019-08-08T04:00:00Z,25.57,25.7207,25.57,25.7207,596,8,25.6283
2019-08-09T04:00:00Z,25.94,25.94,25.22,25.25,1100,13,25.382
2019-08-12T04:00:00Z,25.71,25.71,25.4483,25.4483,456,8,25.5561
2019-08-13T04:00:00Z,25.4053,25.4053,25.36,25.37,1635,27,25.3771
2019-08-14T04:00:00Z,25.38,25.65,25.37,25.5289,5480,57,25.5066
2019-08-15T04:00:00Z,25.78,25.78,25.34,25.34,542,5,25.44
2019-08-16T04:00:00Z,25.34,25.34,25.34,25.34,0,0,0
2019-08-19T04:00:00Z,25.5625,25.572,25.5625,25.572,500,2,25.5663
2019-08-20T04:00:00Z,25.65,25.89,25.65,25.89,1700,13,25.7932
2019-08-21T04:00:00Z,26.16,26.16,25.9865,25.9865,1043,6,26.1102
2019-08-22T04:00:00Z,26.24,26.24,26,26,2547,7,26.0105
2019-08-23T04:00:00Z,26,26,25.95,26,9342,20,25.9881
2019-08-26T04:00:00Z,25.9,26.0836,25.9,25.9,14800,21,25.9081
2019-08-27T04:00:00Z,25.5,25.595,25.5,25.5,2400,6,25.5525
2019-08-28T04:00:00Z,25.99,25.99,25.37,25.37,2671,16,25.5564
2019-08-29T04:00:00Z,25.85,25.85,25.8,25.8,3100,19,25.84
2019-08-30T04:00:00Z,25.5,25.5,25.485,25.5,4206,7,25.4995
2019-09-03T04:00:00Z,25.5,25.5,25.5,25.5,0,0,0
2019-09-04T04:00:00Z,25.8,25.8,25.8,25.8,613,2,25.8
2019-09-05T04:00:00Z,25.4636,25.4636,25.4636,25.4636,784,2,25.4636
2019-09-06T04:00:00Z,25.83,25.85,25.675,25.75,2120,14,25.7731
2019-09-09T04:00:00Z,25.77,25.8,25.7532,25.8,1750,11,25.7888
2019-09-10T04:00:00Z,25.65,25.85,25.65,25.85,1413,7,25.7444
2019-09-11T04:00:00Z,25.55,25.6,25.25,25.25,20527,68,25.4639
2019-09-12T04:00:00Z,25.4797,25.4797,25.4797,25.4797,200,1,25.4797
2019-09-13T04:00:00Z,25.4987,25.5,25.37,25.37,3335,11,25.4933
2019-09-16T04:00:00Z,25.45,27.418,25.3647,25.7293,36220,188,25.9075
2019-09-17T04:00:00Z,26,26.1,25.9418,25.9418,2169,8,26.0109
2019-09-18T04:00:00Z,25.95,25.95,25.5349,25.5349,273,4,25.691
2019-09-19T04:00:00Z,26.05,26.05,25.615,25.71,5662,33,25.8248
2019-09-20T04:00:00Z,26.04,26.21,25.55,26.21,3008,20,25.75
2019-09-23T04:00:00Z,25.88,25.959,25.85,25.85,2656,16,25.91
2019-09-24T04:00:00Z,25.85,25.85,25.85,25.85,900,1,25.85
2019-09-25T04:00:00Z,26.18,26.18,26.08,26.08,334,6,26.13
2019-09-26T04:00:00Z,26.1,26.1,25.85,25.95,4924,21,25.8996
2019-09-27T04:00:00Z,26.34,26.35,26.34,26.35,336,3,26.3459
2019-09-30T04:00:00Z,26.35,26.35,26.35,26.35,0,0,0
2019-10-01T04:00:00Z,26.08,26.08,25.87,25.87,557,3,25.9577
2019-10-02T04:00:00Z,25.96,25.99,25.96,25.99,500,3,25.974
2019-10-03T04:00:00Z,25.95,25.95,25.6035,25.61,1100,3,25.638
2019-10-04T04:00:00Z,25.94,25.94,25.7336,25.75,1091,5,25.8103
2019-10-07T04:00:00Z,25.89,25.9451,25.89,25.9451,1570,5,25.9377
2019-10-08T04:00:00Z,25.9451,25.9451,25.9451,25.9451,0,0,0
2019-10-09T04:00:00Z,25.89,25.89,25.89,25.89,494,3,25.89
2019-10-10T04:00:00Z,25.96,25.96,25.96,25.96,579,5,25.96
2019-10-11T04:00:00Z,25.81,25.8624,25.6327,25.8624,2958,15,25.7524
2019-10-14T04:00:00Z,25.69,25.86,25.69,25.86,460,6,25.8175
2019-10-15T04:00:00Z,25.86,26,25.86,26,1400,6,25.9866
2019-10-16T04:00:00Z,26.28,26.39,26.125,26.125,1550,10,26.2751
2019-10-17T04:00:00Z,26.5,26.51,26.5,26.51,1067,9,26.5078
2019-10-18T04:00:00Z,26.6684,26.75,26.5128,26.7499,2855,20,26.6578
2019-10-21T04:00:00Z,26.94,26.95,26.54,26.95,2777,23,26.7828
2019-10-22T04:00:00Z,26.7174,26.8375,26.7174,26.8375,675,3,26.7964
2019-10-23T04:00:00Z,26.8,26.95,26.6,26.8957,1025,9,26.8437
2019-10-24T04:00:00Z,26.95,26.95,26.6334,26.6334,582,4,26.7324
2019-10-25T04:00:00Z,26.95,27.082,26.95,27,2208,17,27.0303
2019-10-28T04:00:00Z,27,27,27,27,0,0,0
2019-10-29T04:00:00Z,27,27.1046,26.65,26.9,17173,6,26.6986
2019-10-30T04:00:00Z,26.7144,26.815,26.7,26.7,2521,19,26.7278
2019-10-31T04:00:00Z,26.93,26.93,26.46,26.553,8160,59,26.6666
2019-11-01T04:00:00Z,26.82,26.82,26.3261,26.79,1655,23,26.7417
2019-11-04T05:00:00Z,26.79,26.79,26.28,26.633,1900,23,26.5581
2019-11-05T05:00:00Z,26.63,26.63,26.5999,26.5999,1050,15,26.6176
2019-11-06T05:00:00Z,26.46,26.5998,26.46,26.5998,600,6,26.5056
2019-11-07T05:00:00Z,26.59,26.59,26.59,26.59,100,1,26.59
2019-11-08T05:00:00Z,26.41,26.47,26.4088,26.4209,887,8,26.4276
2019-11-11T05:00:00Z,26.24,26.49,26.2,26.2,1000,6,26.281
2019-11-12T05:00:00Z,26.2,26.25,26.2,26.25,1000,8,26.22
2019-11-13T05:00:00Z,26.61,26.65,26.61,26.6476,1190,14,26.6415
2019-11-14T05:00:00Z,26.5,26.5,26.5,26.5,1516,9,26.5
2019-11-15T05:00:00Z,26.6,26.7,26.59,26.7,1139,7,26.6363
2019-11-18T05:00:00Z,26.3,26.39,26.3,26.39,2149,12,26.3212
2019-11-19T05:00:00Z,26.17,26.593,26.17,26.593,1623,11,26.3852
2019-11-20T05:00:00Z,26.3718,26.532,26.3718,26.51,915,11,26.4584
2019-11-21T05:00:00Z,26.368,26.6138,26.368,26.6138,500,2,26.4663
2019-11-22T05:00:00Z,26.6138,26.6138,26.6138,26.6138,0,0,0
2019-11-25T05:00:00Z,26.6138,26.6138,26.6138,26.6138,0,0,0
2019-11-26T05:00:00Z,26.63,26.69,26.5806,26.69,636,8,26.622
2019-11-27T05:00:00Z,26.69,26.69,26.69,26.69,0,0,0
2019-11-29T05:00:00Z,26.69,26.69,26.69,26.69,0,0,0
2019-12-02T05:00:00Z,26.69,26.69,26.69,26.69,0,0,0
2019-12-03T05:00:00Z,26.69,26.69,26.69,26.69,127,2,26.69
2019-12-04T05:00:00Z,25.82,26.47,25.82,26.2831,5172,27,26.1712
2019-12-05T05:00:00Z,26.5,26.5,26.2,26.2,2050,24,26.2477
2019-12-06T05:00:00Z,26.35,26.35,25.9796,26.35,9297,4,26.3218
2019-12-09T05:00:00Z,25.93,26.21,25.87,26.2001,3454,25,26.1396
2019-12-10T05:00:00Z,26.04,26.1141,26.02,26.1081,1054,9,26.0442
2019-12-11T05:00:00Z,26.1081,26.1081,26.1081,26.1081,0,0,0
2019-12-12T05:00:00Z,26.27,26.27,26.27,26.27,409,5,26.27
2019-12-13T05:00:00Z,26.27,26.27,26.27,26.27,100,1,26.27
2019-12-16T05:00:00Z,26.27,26.35,26.2,26.2055,12985,19,26.2138
2019-12-17T05:00:00Z,26.29,26.35,26.1894,26.1894,1178,3,26.3003
2019-12-18T05:00:00Z,26.2414,26.2414,26.2414,26.2414,353,2,26.2414
2019-12-19T05:00:00Z,26.2493,26.2493,26.2261,26.2261,1750,22,26.2434
2019-12-20T05:00:00Z,26.138,26.24,26.138,26.24,990,7,26.189
2019-12-23T05:00:00Z,26.24,26.24,26.24,26.24,0,0,0
2019-12-24T05:00:00Z,26.4,26.4,26.4,26.4,151,1,26.4
2019-12-26T05:00:00Z,26.4,26.4,26.4,26.4,0,0,0
2019-12-27T05:00:00Z,26.5,26.5,26.5,26.5,100,1,26.5
2019-12-30T05:00:00Z,26.5,26.5,26.5,26.5,0,0,0
2019-12-31T05:00:00Z,26.5,26.5,26.5,26.5,0,0,0
2020-01-02T05:00:00Z,26.2499,26.2499,26.2499,26.2499,916,15,26.2499
2020-01-03T05:00:00Z,26.301,26.301,26.3,26.3,5200,17,26.3002
2020-01-06T05:00:00Z,26.4,26.4,26.19,26.19,343,2,26.2512
2020-01-07T05:00:00Z,26.19,26.19,26.19,26.19,0,0,0
2020-01-08T05:00:00Z,26.12,26.2,26.12,26.15,17600,9,26.1595
2020-01-09T05:00:00Z,26.15,26.15,26.15,26.15,0,0,0
2020-01-10T05:00:00Z,25.98,25.98,25.98,25.98,100,1,25.98
2020-01-13T05:00:00Z,26.4,26.4,26.4,26.4,123,3,26.4
2020-01-14T05:00:00Z,26.4,26.4,26.4,26.4,0,0,0
2020-01-15T05:00:00Z,26.04,26.04,26.04,26.04,159,3,26.04
2020-01-16T05:00:00Z,26.04,26.17,26.04,26.0808,1051,5,26.0816
2020-01-17T05:00:00Z,26.1192,26.1482,25.74,25.95,14077,167,25.9549
2020-01-21T05:00:00Z,26,26.12,26,26.12,410,3,26.06
2020-01-22T05:00:00Z,25.86,26.06,25.86,26.06,250,3,25.96
2020-01-23T05:00:00Z,25.95,25.98,25.95,25.98,502,9,25.965
2020-01-24T05:00:00Z,26.05,26.05,25.95,25.95,345,3,25.979
2020-01-27T05:00:00Z,25.5,26.02,25.5,26,1623,8,25.9838
2020-01-28T05:00:00Z,26,26,26,26,0,0,0
2020-01-29T05:00:00Z,26.04,26.14,26.04,26.0905,3537,28,26.0485
2020-01-30T05:00:00Z,26.15,26.15,26.12,26.12,1678,10,26.1465
2020-01-31T05:00:00Z,26.12,26.12,26.12,26.12,0,0,0
2020-02-03T05:00:00Z,26.12,26.12,26.12,26.12,0,0,0
2020-02-04T05:00:00Z,26.12,26.12,26.12,26.12,0,0,0
2020-02-05T05:00:00Z,26.13,26.13,26.13,26.13,400,1,26.13
2020-02-06T05:00:00Z,26.13,26.13,26.13,26.13,0,0,0
2020-02-07T05:00:00Z,26.14,26.21,26.14,26.21,2824,6,26.165
2020-02-10T05:00:00Z,25.95,25.95,25.95,25.95,100,1,25.95
2020-02-11T05:00:00Z,26.2,26.24,26.2,26.24,5779,8,26.2056
2020-02-12T05:00:00Z,26.26,26.27,26.26,26.27,9864,72,26.2696
2020-02-13T05:00:00Z,26.2,26.3,26.2,26.3,2100,37,26.2898
2020-02-14T05:00:00Z,26.05,26.0927,26.05,26.0927,1930,31,26.0802
2020-02-18T05:00:00Z,26.0927,26.0927,26.0927,26.0927,0,0,0
2020-02-19T05:00:00Z,26.0927,26.0927,26.0927,26.0927,0,0,0
2020-02-20T05:00:00Z,25.8,25.9,25.8,25.9,3193,8,25.8343
2020-02-21T05:00:00Z,26.1136,26.1136,26.1136,26.1136,550,2,26.1136
2020-02-24T05:00:00Z,26.01,26.01,25.675,25.675,906,10,25.8593
2020-02-25T05:00:00Z,25.8414,25.9893,25.8,25.81,1862,6,25.8379
2020-02-26T05:00:00Z,25.8,25.8028,25.75,25.75,800,3,25.7757
2020-02-27T05:00:00Z,25.6708,25.7,25.6075,25.6632,1897,9,25.6622
2020-02-28T05:00:00Z,25.504,25.7265,25.202,25.3,9876,40,25.4829
2020-03-02T05:00:00Z,26.5,26.5,25.456,25.8015,4644,35,25.9682
2020-03-03T05:00:00Z,25.56,25.7769,25.56,25.6539,1991,6,25.746
2020-03-04T05:00:00Z,25.77,25.77,25.7352,25.7352,874,6,25.7556
2020-03-05T05:00:00Z,25.7352,25.7352,25.7352,25.7352,0,0,0
2020-03-06T05:00:00Z,25.63,25.64,25.21,25.25,7827,38,25.3164
2020-03-09T04:00:00Z,25.25,25.565,24.75,24.76,38096,47,25.1794
2020-03-10T04:00:00Z,24.8331,24.8331,24.8,24.8,1100,9,24.809
2020-03-11T04:00:00Z,25.2519,25.2519,24.7,24.78,19688,144,24.7796
2020-03-12T04:00:00Z,24.5,24.6225,23.07,23.07,9638,115,24.422
2020-03-13T04:00:00Z,23.2,23.5,23,23.5,1195,9,23.1733
2020-03-16T04:00:00Z,23,23,22.16,22.16,4889,24,22.7797
2020-03-17T04:00:00Z,22.069,22.4,18.59,18.6,6124,97,20.2614
2020-03-18T04:00:00Z,19.1,19.1,13.5,14.346,8935,61,16.9203
2020-03-19T04:00:00Z,13.0242,16.66,12.35,16.5,5610,54,14.3772
2020-03-20T04:00:00Z,17,18.3,17,18.1,14769,54,18.0582
2020-03-23T04:00:00Z,18.1,18.1,16.4,16.46,11421,70,16.9632
2020-03-24T04:00:00Z,17.03,17.2604,16.99,16.99,1424,13,17.0757
2020-03-25T04:00:00Z,17.49,17.49,16,17.25,6105,45,17.1811
2020-03-26T04:00:00Z,17.25,17.9,17.25,17.9,5810,41,17.5126
2020-03-27T04:00:00Z,17.98,19.2823,17.98,19.2823,377,4,18.8482
2020-03-30T04:00:00Z,18.38,18.61,17.5,17.65,3197,27,18.0402
2020-03-31T04:00:00Z,17.65,17.65,16,16.0058,5152,41,16.7674
2020-04-01T04:00:00Z,16,16,14.61,14.61,13440,98,15.436
2020-04-02T04:00:00Z,13.15,14.75,13.15,14.4,10410,81,14.2832
2020-04-03T04:00:00Z,14.24,14.24,13.25,13.25,3610,26,13.9544
2020-04-06T04:00:00Z,13.27,14.51,13.27,14.5,32901,204,14.1198
2020-04-07T04:00:00Z,14.78,15.18,14.5,15.16,2642,27,14.7194
2020-04-08T04:00:00Z,15.5,16.08,14.81,16.08,5112,25,15.2396
2020-04-09T04:00:00Z,16.95,18,16.95,18,10954,41,17.5532
2020-04-13T04:00:00Z,17.1,17.8,16.3402,17.8,9274,73,17.5735
2020-04-14T04:00:00Z,17.76,18.75,17.76,18.21,26263,92,18.3907
2020-04-15T04:00:00Z,17.75,17.75,17.265,17.5,48277,92,17.4627
2020-04-16T04:00:00Z,17.5457,17.57,17.5457,17.56,5806,10,17.5515
2020-04-17T04:00:00Z,19.03,19.03,17.75,17.75,2509,7,17.82
2020-04-20T04:00:00Z,17.55,17.67,17.275,17.275,46306,40,17.384
2020-04-21T04:00:00Z,17.11,17.11,16.6332,16.7,7359,15,16.766
2020-04-22T04:00:00Z,16.6484,16.88,16.5,16.88,27241,119,16.6376
2020-04-23T04:00:00Z,17.05,17.05,16.81,16.995,24924,67,17.0344
2020-04-24T04:00:00Z,16.81,17.08,16.81,17.02,19666,50,17.0011
2020-04-27T04:00:00Z,16.9676,17.13,16.9655,17.06,16896,55,17.0417
2020-04-28T04:00:00Z,17.77,18.03,17.6,18.03,19832,96,17.7384
2020-04-29T04:00:00Z,19.26,19.285,18.5,19.0288,5804,32,18.9573
2020-04-30T04:00:00Z,18.95,20.04,18.95,19,5150,31,19.344
2020-05-01T04:00:00Z,19.14,19.97,19.14,19.97,3220,16,19.59
2020-05-04T04:00:00Z,19.25,19.9082,19.196,19.43,3028,20,19.4155
2020-05-05T04:00:00Z,19.5,19.87,19.42,19.4299,2210,18,19.4732
2020-05-06T04:00:00Z,18.95,19.77,18.8,19.77,2240,13,19.3509
2020-05-07T04:00:00Z,19.77,19.77,19.77,19.77,0,0,0
2020-05-08T04:00:00Z,20,20,19.77,19.79,8038,21,19.8237
2020-05-11T04:00:00Z,19.93,19.93,19.23,19.93,4728,24,19.7781
2020-05-12T04:00:00Z,19.99,20,19.45,19.45,10291,37,19.796
2020-05-13T04:00:00Z,19.0777,20.05,18.75,18.76,8576,58,19.3135
2020-05-14T04:00:00Z,19,19,17.955,18.3,12250,82,18.2623
2020-05-15T04:00:00Z,17.65,18.59,17.65,17.75,9973,67,18.0411
2020-05-18T04:00:00Z,18.28,19,18.27,19,3802,11,18.7168
2020-05-19T04:00:00Z,19,19,19,19,755,5,19
2020-05-20T04:00:00Z,18.84,19.25,18.84,18.95,600,3,19.1317
2020-05-21T04:00:00Z,18.7,18.9899,17.97,18.7156,9465,62,18.4166
2020-05-22T04:00:00Z,18.75,18.98,18.5,18.97,2037,16,18.8285
2020-05-26T04:00:00Z,19.75,19.99,19.6565,19.9626,20438,23,19.8085
2020-05-27T04:00:00Z,20.05,20.92,20.05,20.4,1897,16,20.5361
2020-05-28T04:00:00Z,20.4,20.8682,20.4,20.75,1377,17,20.7517
2020-05-29T04:00:00Z,20.9,20.95,20.9,20.9,3763,14,20.9042
2020-06-01T04:00:00Z,21,21,20.88,20.94,2110,15,20.9695
2020-06-02T04:00:00Z,20.84,20.9762,20.84,20.9762,2194,9,20.9484
2020-06-03T04:00:00Z,22,22,22,22,2011,5,22
2020-06-04T04:00:00Z,22.01,22.585,22.01,22.4447,7834,19,22.3044
2020-06-05T04:00:00Z,22.5,22.9075,22.5,22.786,10526,48,22.7399
2020-06-08T04:00:00Z,22.8,23.1879,22.8,23.1879,1100,7,23.0319
2020-06-09T04:00:00Z,23.33,23.34,23.33,23.34,1300,3,23.3385
2020-06-10T04:00:00Z,22.7528,23.205,22.56,23.205,2860,14,22.8037
2020-06-11T04:00:00Z,22.6002,22.945,22.6,22.6,6218,25,22.6358
2020-06-12T04:00:00Z,22.7463,22.88,22.15,22.6,1826,10,22.5113
2020-06-15T04:00:00Z,22.18,22.41,22.18,22.21,5400,32,22.3077
2020-06-16T04:00:00Z,22.3,22.3,22.0001,22.22,12525,46,22.2116
2020-06-17T04:00:00Z,22.11,22.725,22.1,22.725,600,3,22.2058
2020-06-18T04:00:00Z,22.2,22.22,22.1383,22.22,13810,69,22.2056
2020-06-19T04:00:00Z,22.7678,22.8,22.57,22.7999,600,6,22.743
2020-06-22T04:00:00Z,21.85,22.75,21.85,22.55,9785,21,22.6938
2020-06-23T04:00:00Z,22.25,22.39,22.1,22.39,7330,43,22.2577
2020-06-24T04:00:00Z,23.4,23.4,22.2,22.36,6305,43,22.4166
2020-06-25T04:00:00Z,22.25,22.86,22.24,22.86,1794,16,22.5226
2020-06-26T04:00:00Z,22.86,22.86,22.86,22.86,0,0,0
2020-06-29T04:00:00Z,22.65,22.65,22.65,22.65,135,1,22.65
2020-06-30T04:00:00Z,21.75,22.8,21.38,22.8,3119,25,21.9926
2020-07-01T04:00:00Z,22.8,22.8,22.8,22.8,0,0,0
2020-07-02T04:00:00Z,22.81,22.965,22.81,22.965,834,6,22.859
2020-07-06T04:00:00Z,22.6268,22.794,22.55,22.794,1651,9,22.6162
2020-07-07T04:00:00Z,23.1,23.1,22.49,22.49,1005,4,22.8308
2020-07-08T04:00:00Z,23.14,23.14,23.0291,23.0291,340,3,23.0943
2020-07-09T04:00:00Z,23.122,23.14,22.855,23,1272,14,23.0323
2020-07-10T04:00:00Z,23,23,23,23,0,0,0
2020-07-13T04:00:00Z,23.25,23.25,22.6,22.6,1389,13,22.7384
2020-07-14T04:00:00Z,22.6,22.6,22.6,22.6,0,0,0
2020-07-15T04:00:00Z,22.135,22.2617,22.12,22.2617,1064,12,22.1715
2020-07-16T04:00:00Z,22.45,22.45,21.76,21.7601,8601,79,22.1536
2020-07-17T04:00:00Z,21.47,21.47,20.99,20.9982,2760,33,21.1115
2020-07-20T04:00:00Z,20.95,21.36,20.844,21.035,1713,12,20.986
2020-07-21T04:00:00Z,21.03,21.03,20.665,20.95,1347,12,20.9352
2020-07-22T04:00:00Z,20.94,21.34,20.94,21.34,1398,10,21.0131
2020-07-23T04:00:00Z,21.35,22.48,21.35,22.48,303,3,21.7267
2020-07-24T04:00:00Z,21.08,22.16,20.81,22.16,1801,20,21.4307
2020-07-27T04:00:00Z,22.26,22.5,22.26,22.4901,1150,11,22.4513
2020-07-28T04:00:00Z,22.5,22.66,22.5,22.65,1600,13,22.5487
2020-07-29T04:00:00Z,22.5,23.2499,22.493,22.8901,1410,16,22.6745
2020-07-30T04:00:00Z,22.8,23.545,22.8,23.545,963,9,23.3699
2020-07-31T04:00:00Z,23.05,23.05,23.05,23.05,4396,1,23.05
2020-08-03T04:00:00Z,23.515,23.57,23.2928,23.37,1625,17,23.3913
2020-08-04T04:00:00Z,23.29,23.75,23.29,23.7001,2528,18,23.6115
2020-08-05T04:00:00Z,23.71,23.71,23.59,23.6,1204,12,23.6301
2020-08-06T04:00:00Z,23.6,24.19,23.6,24.19,3498,24,23.9081
2020-08-07T04:00:00Z,23.56,23.8502,23.56,23.8502,333,4,23.7051
2020-08-10T04:00:00Z,24.16,24.56,24.16,24.56,822,5,24.4682
2020-08-11T04:00:00Z,24.17,24.17,24.12,24.12,400,4,24.1535
2020-08-12T04:00:00Z,24.25,24.31,24.195,24.31,3796,22,24.2614
2020-08-13T04:00:00Z,24.3967,24.42,24.3967,24.42,460,2,24.4149
2020-08-14T04:00:00Z,24.5,24.82,24.42,24.42,1404,14,24.5868
2020-08-17T04:00:00Z,24.1,24.1,24.08,24.08,5420,5,24.0817
2020-08-18T04:00:00Z,24.08,24.08,24.08,24.08,0,0,0
2020-08-19T04:00:00Z,24.1,24.53,24.1,24.425,3929,38,24.4789
2020-08-20T04:00:00Z,24.3642,24.41,24.25,24.34,1786,17,24.309
2020-08-21T04:00:00Z,24.28,24.32,24.28,24.32,3231,19,24.3175
2020-08-24T04:00:00Z,24.25,24.39,24.25,24.39,14891,78,24.3183
2020-08-25T04:00:00Z,24.4,24.48,24.32,24.48,2053,21,24.431
2020-08-26T04:00:00Z,24.3,24.56,24.3,24.56,11702,48,24.5174
2020-08-27T04:00:00Z,24.56,24.56,24.4,24.54,15376,49,24.4725
2020-08-28T04:00:00Z,24.68,24.68,24.605,24.68,35519,346,24.6786
2020-08-31T04:00:00Z,24.32,24.5,24.32,24.5,546,5,24.4183
2020-09-01T04:00:00Z,24.4,24.4,24,24,800,2,24.342
2020-09-02T04:00:00Z,24,24,23.875,24,2224,21,23.9934
2020-09-03T04:00:00Z,24,24,24,24,0,0,0
2020-09-04T04:00:00Z,23.98,24.05,23.98,24.05,11500,7,24.0475
2020-09-08T04:00:00Z,24.05,24.05,24.05,24.05,2400,11,24.05
2020-09-09T04:00:00Z,24.05,24.05,24.05,24.05,0,0,0
2020-09-10T04:00:00Z,23.97,23.97,23.9082,23.9082,402,4,23.9391
2020-09-11T04:00:00Z,23.5,23.7,23.5,23.7,5417,9,23.6935
2020-09-14T04:00:00Z,23.7,23.7,23.65,23.69,2598,11,23.6917
2020-09-15T04:00:00Z,23.95,24.1,23.95,24.1,1906,12,24.0718
2020-09-16T04:00:00Z,24.06,24.2,24.06,24.2,57602,207,24.0959
2020-09-17T04:00:00Z,24.2,24.2,24.2,24.2,0,0,0
2020-09-18T04:00:00Z,24.3,24.3,24.25,24.25,1851,17,24.2528
2020-09-21T04:00:00Z,24.125,24.125,23.7,24,1900,13,23.9147
2020-09-22T04:00:00Z,24,24,24,24,0,0,0
2020-09-23T04:00:00Z,23.9,24.45,23.9,24.3294,450,6,24.2265
2020-09-24T04:00:00Z,24.88,24.88,23.8753,24.145,1515,9,24.2189
2020-09-25T04:00:00Z,24.75,24.87,24.75,24.87,795,11,24.82
2020-09-28T04:00:00Z,24.87,25,24.87,25,4977,19,24.9233
2020-09-29T04:00:00Z,25,25,25,25,0,0,0
2020-09-30T04:00:00Z,24.89,25.0402,24.88,24.91,2758,25,24.9037
2020-10-01T04:00:00Z,23.88,24.5739,23.85,24.5739,8577,67,24.1895
2020-10-02T04:00:00Z,24.5,24.965,24.49,24.96,1850,8,24.858
2020-10-05T04:00:00Z,24.68,24.68,24.115,24.35,1904,22,24.3114
2020-10-06T04:00:00Z,24.17,24.37,24.12,24.35,1583,20,24.2706
2020-10-07T04:00:00Z,24.47,24.47,24.2,24.26,1662,31,24.326
2020-10-08T04:00:00Z,24.275,24.275,24.19,24.245,758,12,24.2329
2020-10-09T04:00:00Z,24.3,24.37,24.26,24.37,521,4,24.3151
2020-10-12T04:00:00Z,24.32,24.55,24.32,24.55,521,7,24.3775
2020-10-13T04:00:00Z,24.15,24.41,24.15,24.4,15209,7,24.3972
2020-10-14T04:00:00Z,24.5,24.5,24.5,24.5,13917,3,24.5
2020-10-15T04:00:00Z,24.41,24.41,24.26,24.26,1163,11,24.3905
2020-10-16T04:00:00Z,24.63,24.63,24.515,24.5999,1925,11,24.5928
2020-10-19T04:00:00Z,24.22,24.22,24.22,24.22,285,4,24.22
2020-10-20T04:00:00Z,24.22,24.22,24.22,24.22,0,0,0
2020-10-21T04:00:00Z,24.15,24.2,24.15,24.15,4907,23,24.1638
2020-10-22T04:00:00Z,24.07,24.2,23.9,23.9,3520,16,24.0573
2020-10-23T04:00:00Z,24,24,23.85,23.85,821,9,23.9186
2020-10-26T04:00:00Z,24,25.27,23.95,24.1,9881,23,24.192
2020-10-27T04:00:00Z,23.81,23.85,23.77,23.77,1600,13,23.8071
2020-10-28T04:00:00Z,23.77,23.81,22.55,22.55,2295,31,23.2705
2020-10-29T04:00:00Z,23,23,23,23,609,6,23
2020-10-30T04:00:00Z,23,23,23,23,702,6,23
2020-11-02T05:00:00Z,23.09,23.25,23.09,23.25,200,2,23.17
2020-11-03T05:00:00Z,23.03,23.1943,22.83,23.085,5197,24,23.042
2020-11-04T05:00:00Z,23.53,23.75,23.21,23.21,1678,26,23.3927
2020-11-05T05:00:00Z,23.05,23.0999,22.85,23,7100,16,22.9038
2020-11-06T05:00:00Z,23.04,23.04,23,23,446,5,23.0216
2020-11-09T05:00:00Z,23.33,23.5193,23.33,23.5193,1012,12,23.4266
2020-11-10T05:00:00Z,23.8,24.14,23.55,23.56,4072,13,23.8188
2020-11-11T05:00:00Z,23.56,23.8,23.34,23.61,5684,16,23.6433
2020-11-12T05:00:00Z,23.78,23.78,23.38,23.4,1800,20,23.5914
2020-11-13T05:00:00Z,23.4163,23.78,23.4163,23.68,6126,33,23.6531
2020-11-16T05:00:00Z,23.62,24.04,23.62,24.04,21883,28,23.7932
2020-11-17T05:00:00Z,23.95,24.185,23.935,23.935,3170,23,24.0708
2020-11-18T05:00:00Z,24.17,24.57,23.93,24.19,7449,31,24.2779
2020-11-19T05:00:00Z,24.02,24.23,23.86,23.95,3128,17,24.0188
2020-11-20T05:00:00Z,24.15,24.19,24.0408,24.0408,2398,28,24.1564
2020-11-23T05:00:00Z,24.57,24.57,24.3375,24.45,1299,16,24.4763
2020-11-24T05:00:00Z,24.5,24.65,24.3008,24.62,3831,24,24.5701
2020-11-25T05:00:00Z,24,24.6,24,24.4,1517,10,24.5107
2020-11-27T05:00:00Z,24.01,24.61,24.01,24.49,1347,18,24.4045
2020-11-30T05:00:00Z,24.02,24.5,24.02,24.39,19085,23,24.4949
2020-12-01T05:00:00Z,24.62,24.62,24.31,24.59,2526,23,24.5131
2020-12-02T05:00:00Z,24.16,24.51,24.16,24.4948,1684,13,24.4715
2020-12-03T05:00:00Z,24.05,24.5,24.05,24.5,449,13,24.35
2020-12-04T05:00:00Z,24.5,24.5,24.5,24.5,100,1,24.5
2020-12-07T05:00:00Z,24.52,24.99,24.52,24.99,1507,12,24.5761
2020-12-08T05:00:00Z,24.54,24.88,24.54,24.86,2425,16,24.6402
2020-12-09T05:00:00Z,24.58,24.58,24.58,24.58,100,1,24.58
2020-12-10T05:00:00Z,24.54,24.85,24.54,24.85,10318,37,24.8373
2020-12-11T05:00:00Z,24.85,24.85,24.85,24.85,0,0,0
2020-12-14T05:00:00Z,24.59,24.59,24.41,24.5891,1277,17,24.5198
2020-12-15T05:00:00Z,24.59,24.59,24.4001,24.41,3816,18,24.5292
2020-12-16T05:00:00Z,24.49,24.5,24.4,24.4,1264,9,24.4805
2020-12-17T05:00:00Z,24.5,24.7648,24.5,24.52,10678,155,24.5298
2020-12-18T05:00:00Z,24.5,24.52,24.47,24.47,18285,23,24.5094
2020-12-21T05:00:00Z,24.5,24.5,24.49,24.49,8500,11,24.4995
2020-12-22T05:00:00Z,24.59,24.59,24.41,24.41,3221,21,24.4957
2020-12-23T05:00:00Z,24.5,24.5,24.38,24.38,3870,41,24.4675
2020-12-24T05:00:00Z,24.76,24.76,24.5,24.7,2035,11,24.7255
2020-12-28T05:00:00Z,24.82,24.82,24.3375,24.3375,1150,13,24.6179
2020-12-29T05:00:00Z,24.53,24.53,24.5,24.5,487,7,24.5109
2020-12-30T05:00:00Z,24.47,24.56,24.36,24.36,2264,19,24.5454
2020-12-31T05:00:00Z,24.46,24.46,24.25,24.25,2809,24,24.3336
2021-01-04T05:00:00Z,24.2,24.2615,24.19,24.23,2033,12,24.2383
2021-01-05T05:00:00Z,24.23,24.3,24.23,24.3,2304,14,24.2818
2021-01-06T05:00:00Z,24.37,24.4,24.355,24.355,18225,42,24.3866
2021-01-07T05:00:00Z,24.29,24.4,24.29,24.35,8800,15,24.3879
2021-01-08T05:00:00Z,24.25,24.45,24.22,24.4,6410,39,24.3744
2021-01-11T05:00:00Z,24.28,24.43,24.28,24.35,4914,23,24.3822
2021-01-12T05:00:00Z,24.2001,24.45,24.01,24.18,7255,37,24.2295
2021-01-13T05:00:00Z,24.22,24.22,24,24,25805,143,24.0976
2021-01-14T05:00:00Z,24.14,24.2205,24.1,24.12,3306,19,24.1396
2021-01-15T05:00:00Z,24.12,24.2399,24.09,24.15,464,6,24.15
2021-01-19T05:00:00Z,24.2,24.25,24.2,24.2,2768,16,24.2107
2021-01-20T05:00:00Z,24.17,24.29,24.17,24.28,22470,55,24.2714
2021-01-21T05:00:00Z,24.28,24.28,24.2,24.2002,3078,11,24.256
2021-01-22T05:00:00Z,24.35,24.35,24.214,24.24,501,5,24.2683
2021-01-25T05:00:00Z,24.23,24.365,24.12,24.201,20327,33,24.2002
2021-01-26T05:00:00Z,24.48,24.48,24.25,24.25,2500,6,24.2652
2021-01-27T05:00:00Z,24.12,24.5,24.11,24.34,900,5,24.2375
2021-01-28T05:00:00Z,24.2,24.38,24.2,24.35,946,11,24.3153
2021-01-29T05:00:00Z,24.35,24.38,24.341,24.35,5027,17,24.3695
2021-02-01T05:00:00Z,24.35,24.35,24.28,24.305,5500,37,24.3416
2021-02-02T05:00:00Z,24.305,24.305,24.305,24.305,0,0,0
2021-02-03T05:00:00Z,24.3101,24.5,24.3101,24.4999,3609,21,24.4615
2021-02-04T05:00:00Z,24.55,24.55,24.42,24.5,1701,12,24.5102
2021-02-05T05:00:00Z,24.5,24.56,24.5,24.56,1472,14,24.5548
2021-02-08T05:00:00Z,24.55,24.6,24.55,24.6,1341,12,24.57
2021-02-09T05:00:00Z,24.75,24.99,24.75,24.9899,2200,19,24.901
2021-02-10T05:00:00Z,24.99,24.99,24.96,24.99,2428,17,24.9812
2021-02-11T05:00:00Z,24.97,25.4,24.97,25.3999,4095,25,25.2849
2021-02-12T05:00:00Z,25.4,25.5,25.4,25.5,200,2,25.45
2021-02-16T05:00:00Z,25.5,25.51,25.19,25.19,6971,38,25.252
2021-02-17T05:00:00Z,25.446,25.446,25.05,25.1,6049,14,25.1077
2021-02-18T05:00:00Z,24.8168,25.045,24.8168,25.045,950,2,24.997
2021-02-19T05:00:00Z,25.05,25.05,24.9,24.9,3321,20,24.9844
2021-02-22T05:00:00Z,24.92,24.92,24.75,24.75,9490,21,24.8549
2021-02-23T05:00:00Z,24.75,24.75,24.7,24.7,4710,7,24.7293
2021-02-24T05:00:00Z,24.6,24.6525,24.5,24.5,812,8,24.5721
2021-02-25T05:00:00Z,24.52,24.52,24.192,24.2288,3577,22,24.359
2021-02-26T05:00:00Z,24.25,24.25,24.2458,24.2458,205,4,24.2479
2021-03-01T05:00:00Z,24.28,24.32,24,24.17,13542,97,24.1885
2021-03-02T05:00:00Z,24.12,24.2,24.095,24.1,6085,51,24.137
2021-03-03T05:00:00Z,24.09,24.3399,24.05,24.2557,5982,41,24.1514
2021-03-04T05:00:00Z,24.8888,24.8888,24.33,24.63,3562,23,24.5442
2021-03-05T05:00:00Z,25.09,25.19,24.7226,25.19,7769,33,24.999
2021-03-08T05:00:00Z,25.035,25.21,25.035,25.0895,3146,17,25.1005
2021-03-09T05:00:00Z,25.04,25.04,24.45,25.04,1680,22,24.6953
2021-03-10T05:00:00Z,25.055,25.19,25.055,25.17,316,4,25.1383
2021-03-11T05:00:00Z,25.02,25.127,25.02,25.127,1704,4,25.0615
2021-03-12T05:00:00Z,25.0186,25.24,25.0186,25.24,2648,21,25.1509
2021-03-15T04:00:00Z,24.965,24.965,24.965,24.965,965,2,24.965
2021-03-16T04:00:00Z,24.855,25.5,24.855,25.44,7182,31,25.1681
2021-03-17T04:00:00Z,25.01,25.12,25.01,25.08,3317,11,25.1056
2021-03-18T04:00:00Z,24.9,25,24.8979,24.9817,10096,45,24.9347
2021-03-19T04:00:00Z,24.99,25.17,24.99,25.16,784,11,25.1125
2021-03-22T04:00:00Z,25.16,25.16,25.16,25.16,0,0,0
2021-03-23T04:00:00Z,25.25,25.64,25.21,25.21,3029,20,25.4573
2021-03-24T04:00:00Z,25.51,25.87,25.43,25.55,12484,112,25.5617
2021-03-25T04:00:00Z,25.57,25.59,25.4,25.59,5572,19,25.4884
2021-03-26T04:00:00Z,26.07,26.07,25.69,25.7,1063,10,25.7595
2021-03-29T04:00:00Z,25.95,25.99,25.95,25.99,1126,13,25.9811
2021-03-30T04:00:00Z,25.89,25.97,25.79,25.97,3570,32,25.9313
2021-03-31T04:00:00Z,25.905,25.905,25.485,25.69,4400,35,25.7273
2021-04-01T04:00:00Z,25.25,25.75,25.25,25.7229,1050,7,25.3743
2021-04-05T04:00:00Z,25.86,25.9643,25.44,25.44,2126,21,25.8423
2021-04-06T04:00:00Z,25.97,25.99,25.63,25.63,7260,53,25.9466
2021-04-07T04:00:00Z,25.8,25.83,25.8,25.83,1099,6,25.815
2021-04-08T04:00:00Z,25.61,25.61,25.61,25.61,218,1,25.61
2021-04-09T04:00:00Z,25.8133,25.8133,25.8,25.8,400,4,25.8091
2021-04-12T04:00:00Z,25.5,25.8572,25.5,25.825,2940,25,25.7916
2021-04-13T04:00:00Z,25.93,25.93,25.9,25.9,300,3,25.91
2021-04-14T04:00:00Z,25.9,25.9,25.81,25.81,1195,11,25.87
2021-04-15T04:00:00Z,25.85,25.89,25.8,25.89,31162,8,25.8292
2021-04-16T04:00:00Z,25.98,25.99,25.91,25.99,2354,14,25.9755
2021-04-19T04:00:00Z,25.99,25.99,25.99,25.99,0,0,0
2021-04-20T04:00:00Z,25.99,26.16,25.99,26.16,1460,6,26.0352
2021-04-21T04:00:00Z,25.94,26.16,25.855,26.16,1100,12,26.0855
2021-04-22T04:00:00Z,26.2,26.2,25.99,26.2,4999,27,26.0682
2021-04-23T04:00:00Z,26.1,26.324,26.0724,26.2799,8945,79,26.1372
2021-04-26T04:00:00Z,26.32,26.32,26.27,26.27,1000,5,26.2779
2021-04-27T04:00:00Z,26.27,26.27,26.27,26.27,0,0,0
2021-04-28T04:00:00Z,26.24,26.31,26.21,26.25,3917,19,26.251
2021-04-29T04:00:00Z,26.31,26.31,26.25,26.25,200,2,26.28
2021-04-30T04:00:00Z,26.25,26.25,26.25,26.25,0,0,0
2021-05-03T04:00:00Z,26.25,26.25,26.1295,26.15,2300,20,26.1709
2021-05-04T04:00:00Z,26.17,26.25,26.16,26.25,1444,9,26.1863
2021-05-05T04:00:00Z,26.25,26.25,26.25,26.25,0,0,0
2021-05-06T04:00:00Z,26.28,26.28,26.25,26.26,1483,21,26.2638
2021-05-07T04:00:00Z,26.2,26.45,26.2,26.45,2101,14,26.4143
2021-05-10T04:00:00Z,26.0715,26.35,26.0715,26.35,740,3,26.2725
2021-05-11T04:00:00Z,26.03,26.05,26.02,26.05,1728,13,26.0331
2021-05-12T04:00:00Z,26,26.03,25.97,26.03,5600,42,26
2021-05-13T04:00:00Z,25.8,26.265,25.8,26.265,1527,4,25.9548
2021-05-14T04:00:00Z,26.265,26.265,26.265,26.265,0,0,0
2021-05-17T04:00:00Z,26,26,26,26,400,2,26
2021-05-18T04:00:00Z,26,26,26,26,0,0,0
2021-05-19T04:00:00Z,26.0238,26.145,26,26.145,3785,27,26.058
2021-05-20T04:00:00Z,26.145,26.145,26.145,26.145,0,0,0
2021-05-21T04:00:00Z,26.1495,26.25,26,26.24,4575,32,26.0882
2021-05-24T04:00:00Z,26.3,26.3,26.27,26.3,1820,19,26.2865
2021-05-25T04:00:00Z,26.25,26.25,26.25,26.25,3558,39,26.25
2021-05-26T04:00:00Z,26.25,26.25,26.25,26.25,0,0,0
2021-05-27T04:00:00Z,26.34,26.35,26.34,26.35,635,8,26.3433
2021-05-28T04:00:00Z,26.4,26.47,26.4,26.47,916,6,26.4311
2021-06-01T04:00:00Z,26.4294,26.47,26.4294,26.45,1006,12,26.4565
2021-06-02T04:00:00Z,26.4734,26.55,26.38,26.55,3245,23,26.4239
2021-06-03T04:00:00Z,26.55,26.55,26.55,26.55,0,0,0
2021-06-04T04:00:00Z,26.69,26.75,26.59,26.59,4100,24,26.7185
2021-06-07T04:00:00Z,26.19,26.55,26.19,26.35,1350,7,26.3311
2021-06-08T04:00:00Z,26.35,26.59,26.35,26.59,3896,35,26.4016
2021-06-09T04:00:00Z,26.25,26.26,26.25,26.25,1030,11,26.252
2021-06-10T04:00:00Z,26.25,26.25,26.25,26.25,0,0,0
2021-06-11T04:00:00Z,26.1,26.29,26.1,26.27,1990,12,26.1772
2021-06-14T04:00:00Z,26.3,26.3,26.3,26.3,259,2,26.3
2021-06-15T04:00:00Z,26.3,26.3,26.3,26.3,0,0,0
2021-06-16T04:00:00Z,26.3159,26.4,26.3159,26.4,1727,12,26.3528
2021-06-17T04:00:00Z,26.14,26.474,26.14,26.26,3100,25,26.3425
2021-06-18T04:00:00Z,26.1931,26.425,26.1931,26.2601,2300,19,26.2905
2021-06-21T04:00:00Z,26.3512,26.3512,26.25,26.2885,5798,32,26.2733
2021-06-22T04:00:00Z,26.25,26.325,26.25,26.25,10114,71,26.2696
2021-06-23T04:00:00Z,26.25,26.5299,26.25,26.25,16857,109,26.3529
2021-06-24T04:00:00Z,26.18,26.455,26.18,26.2,10517,61,26.2288
2021-06-25T04:00:00Z,26.1,26.369,26.02,26.2515,10104,93,26.258
2021-06-28T04:00:00Z,26.25,26.87,26.25,26.48,23795,134,26.4853
2021-06-29T04:00:00Z,26.4387,26.5643,26.2617,26.365,10593,77,26.3888
2021-06-30T04:00:00Z,26.43,26.43,26.27,26.38,3589,31,26.3603
2021-07-01T04:00:00Z,26.37,26.37,26.25,26.3,1988,14,26.303
2021-07-02T04:00:00Z,26.01,26.36,26,26.36,2687,21,26.0823
2021-07-06T04:00:00Z,26.25,26.25,26.25,26.25,615,7,26.25
2021-07-07T04:00:00Z,26.2312,26.2518,26.2312,26.25,4690,31,26.2497
2021-07-08T04:00:00Z,26.25,26.25,26.02,26.02,3530,19,26.1331
2021-07-09T04:00:00Z,26.13,26.13,26.13,26.13,200,2,26.13
2021-07-12T04:00:00Z,26.13,26.13,26.13,26.13,0,0,0
2021-07-13T04:00:00Z,26.11,26.11,25.93,25.93,871,16,26.0025
2021-07-14T04:00:00Z,25.86,25.86,25.635,25.7269,1064,12,25.743
2021-07-15T04:00:00Z,25.7269,25.7269,25.7269,25.7269,0,0,0
2021-07-16T04:00:00Z,25.7269,25.7269,25.7269,25.7269,0,0,0
2021-07-19T04:00:00Z,25.52,26.2931,25.52,26.03,16981,68,26.0552
2021-07-20T04:00:00Z,26.31,26.31,26.25,26.25,2050,25,26.265
2021-07-21T04:00:00Z,26.25,26.25,26.25,26.25,0,0,0
2021-07-22T04:00:00Z,26.3,26.31,26.2459,26.27,3452,25,26.3046
2021-07-23T04:00:00Z,26.14,26.14,26.14,26.14,1000,1,26.14
2021-07-26T04:00:00Z,26.14,26.14,26.14,26.14,0,0,0
2021-07-27T04:00:00Z,26.07,26.19,26.07,26.19,3934,29,26.1396
2021-07-28T04:00:00Z,26.1584,26.1584,26.09,26.09,502,6,26.1371
2021-07-29T04:00:00Z,26.18,26.37,26.18,26.3,1488,9,26.2774
2021-07-30T04:00:00Z,26.5,26.5,26.5,26.5,1712,19,26.5
2021-08-02T04:00:00Z,26.5,27.7807,26.4993,26.735,6860,46,26.7125
2021-08-03T04:00:00Z,26.735,26.735,26.735,26.735,0,0,0
2021-08-04T04:00:00Z,26.53,27,26.51,26.995,5435,37,26.6599
2021-08-05T04:00:00Z,27,28.1769,26.51,26.98,6302,41,27.0488
2021-08-06T04:00:00Z,27.13,27.13,27,27.13,3800,33,27.111
2021-08-09T04:00:00Z,26.78,26.86,26.78,26.85,500,5,26.81
2021-08-10T04:00:00Z,26.5055,26.5427,26.15,26.25,4460,44,26.3066
2021-08-11T04:00:00Z,26.26,27.11,26.25,26.75,4183,30,26.7537
2021-08-12T04:00:00Z,26.75,26.75,26.75,26.75,0,0,0
2021-08-13T04:00:00Z,26.7064,26.74,26.7064,26.74,600,7,26.7198
2021-08-16T04:00:00Z,26.5,26.5,26.4916,26.4916,1001,12,26.4986
2021-08-17T04:00:00Z,26.4916,26.4916,26.4916,26.4916,0,0,0
2021-08-18T04:00:00Z,26.3,26.675,26.25,26.33,1938,12,26.4451
2021-08-19T04:00:00Z,26.33,26.33,26.33,26.33,0,0,0
2021-08-20T04:00:00Z,27.098,27.14,26.985,26.9985,800,8,27.0914
2021-08-23T04:00:00Z,26.94,26.99,25.8401,26.95,1650,16,26.8388
2021-08-24T04:00:00Z,26.95,26.95,26.95,26.95,0,0,0
2021-08-25T04:00:00Z,26.75,27.04,26.75,26.85,1000,10,26.813
2021-08-26T04:00:00Z,26.825,26.9,26.825,26.9,1421,14,26.8886
2021-08-27T04:00:00Z,26.9035,27.25,26.9,27.25,3742,36,27.0192
2021-08-30T04:00:00Z,27.25,27.25,27.25,27.25,0,0,0
2021-08-31T04:00:00Z,27.27,27.27,27.27,27.27,320,7,27.27
2021-09-01T04:00:00Z,27,27,27,27,186,3,27
2021-09-02T04:00:00Z,26.9722,26.9722,26.9722,26.9722,545,1,26.9722
2021-09-03T04:00:00Z,26.71,26.73,26.67,26.67,870,8,26.6978
2021-09-07T04:00:00Z,26.67,26.765,26.67,26.765,3952,24,26.6762
2021-09-08T04:00:00Z,26.7034,26.7034,26.45,26.45,12280,16,26.5242
2021-09-09T04:00:00Z,26.39,26.41,26.35,26.41,3600,28,26.3604
2021-09-10T04:00:00Z,26.43,26.7747,25.88,26.23,17597,39,26.2177
2021-09-13T04:00:00Z,26.3,26.82,26.29,26.29,4976,34,26.5447
2021-09-14T04:00:00Z,26.25,26.25,25.98,25.98,22650,40,26.0384
2021-09-15T04:00:00Z,26,26.13,25.98,26.06,7809,79,26.0399
2021-09-16T04:00:00Z,26.17,26.17,25.92,26.15,1747,17,26.0572
2021-09-17T04:00:00Z,26.1,26.1,26.1,26.1,1557,2,26.1
2021-09-20T04:00:00Z,25.96,26.02,25.96,26.02,1001,4,25.972
2021-09-21T04:00:00Z,26.02,26.02,26.02,26.02,0,0,0
2021-09-22T04:00:00Z,26.1,26.1,26.1,26.1,278,5,26.1
2021-09-23T04:00:00Z,26.5406,26.5406,26.17,26.3482,1097,7,26.3427
2021-09-24T04:00:00Z,26.3482,26.3482,26.3482,26.3482,0,0,0
2021-09-27T04:00:00Z,26.301,26.301,26.301,26.301,600,1,26.301
2021-09-28T04:00:00Z,26.301,26.301,26.301,26.301,0,0,0
2021-09-29T04:00:00Z,26.2695,26.2695,26.2695,26.2695,100,1,26.2695
2021-09-30T04:00:00Z,26.24,26.24,26.24,26.24,500,1,26.24
2021-10-01T04:00:00Z,26.24,26.24,26.24,26.24,0,0,0
2021-10-04T04:00:00Z,25.84,26.05,25.84,25.84,1406,16,25.8704
2021-10-05T04:00:00Z,25.9715,25.9715,25.9715,25.9715,396,5,25.9715
2021-10-06T04:00:00Z,25.9715,25.9715,25.9715,25.9715,0,0,0
2021-10-07T04:00:00Z,25.9715,25.9715,25.9715,25.9715,0,0,0
2021-10-08T04:00:00Z,26.27,26.6,26.27,26.6,2825,18,26.3693
2021-10-11T04:00:00Z,26.6,26.6,26.6,26.6,0,0,0
2021-10-12T04:00:00Z,26.48,26.48,26.4,26.4,789,8,26.4114
2021-10-13T04:00:00Z,26.35,27.0553,26.35,27.02,3067,28,26.7155
2021-10-14T04:00:00Z,27.04,27.05,27.04,27.04,581,9,27.045
2021-10-15T04:00:00Z,27.05,27.05,27.02,27.02,386,6,27.03
2021-10-18T04:00:00Z,27,27,26.705,26.815,5009,33,26.8306
2021-10-19T04:00:00Z,26.815,26.815,26.815,26.815,0,0,0
2021-10-20T04:00:00Z,26.39,26.39,26.39,26.39,400,2,26.39
2021-10-21T04:00:00Z,26.39,26.39,26.39,26.39,0,0,0
2021-10-22T04:00:00Z,26.195,26.41,26.06,26.41,5173,31,26.363
2021-10-25T04:00:00Z,26.41,26.41,26.41,26.41,0,0,0
2021-10-26T04:00:00Z,26.45,26.45,26.37,26.45,34407,43,26.4467
2021-10-27T04:00:00Z,26.35,26.55,26.35,26.55,500,2,26.43
2021-10-28T04:00:00Z,26.2,26.48,26.0775,26.48,4500,21,26.1275
2021-10-29T04:00:00Z,26.29,26.45,26.29,26.4,1882,21,26.3975
2021-11-01T04:00:00Z,26.2,26.47,26.11,26.305,1676,16,26.2832
2021-11-02T04:00:00Z,26.285,26.285,26.285,26.285,300,2,26.285
2021-11-03T04:00:00Z,26.285,26.285,26.285,26.285,0,0,0
2021-11-04T04:00:00Z,26.29,26.29,26.29,26.29,133,1,26.29
2021-11-05T04:00:00Z,26.29,26.29,26.19,26.19,609,3,26.2067
2021-11-08T05:00:00Z,26.5,26.5,26.5,26.5,486,2,26.5
2021-11-09T05:00:00Z,26.5,26.5,26.5,26.5,0,0,0
2021-11-10T05:00:00Z,26.24,26.24,26.24,26.24,300,1,26.24
2021-11-11T05:00:00Z,26.29,26.29,26.2,26.2,2486,13,26.2345
2021-11-12T05:00:00Z,25.9,25.9,25.769,25.83,2840,20,25.84
2021-11-15T05:00:00Z,25.7895,25.8,25.7444,25.7444,1886,22,25.7955
2021-11-16T05:00:00Z,25.82,25.827,25.48,25.71,14370,100,25.5849
2021-11-17T05:00:00Z,25.715,25.715,25.715,25.715,258,2,25.715
2021-11-18T05:00:00Z,25.69,25.9376,25.69,25.85,2404,14,25.8352
2021-11-19T05:00:00Z,25.68,25.68,25.67,25.67,516,6,25.672
2021-11-22T05:00:00Z,25.67,25.67,25.67,25.67,0,0,0
2021-11-23T05:00:00Z,25.67,25.67,25.67,25.67,0,0,0
2021-11-24T05:00:00Z,25.67,25.67,25.45,25.47,7274,53,25.4746
2021-11-26T05:00:00Z,25.4,25.4,25.4,25.4,217,3,25.4
2021-11-29T05:00:00Z,25.415,25.51,25.33,25.35,17425,91,25.3841
2021-11-30T05:00:00Z,25.45,25.6149,25.445,25.57,8843,49,25.4838
2021-12-01T05:00:00Z,25.7,25.73,25.67,25.7,8900,58,25.6982
2021-12-02T05:00:00Z,25.57,25.69,25.54,25.67,1707,30,25.5936
2021-12-03T05:00:00Z,25.62,25.65,25.62,25.65,9500,2,25.635
2021-12-06T05:00:00Z,25.65,25.65,25.65,25.65,0,0,0
2021-12-07T05:00:00Z,25.88,25.9936,25.88,25.95,3126,25,25.9356
2021-12-08T05:00:00Z,25.84,26,25.84,25.94,3353,31,25.9006
2021-12-09T05:00:00Z,25.94,25.94,25.94,25.94,0,0,0
2021-12-10T05:00:00Z,26.03,26.03,26,26.03,1240,14,26.0188
2021-12-13T05:00:00Z,26.025,26.025,26,26,1747,4,26.0196
2021-12-14T05:00:00Z,26.0063,26.04,26,26,5597,48,26.0081
2021-12-15T05:00:00Z,26,26,26,26,0,0,0
2021-12-16T05:00:00Z,25.975,26.065,25.975,26.044,50300,4,25.9754
2021-12-17T05:00:00Z,25.97,26.03,25.95,26,90321,11,26.0089
2021-12-20T05:00:00Z,25.71,25.71,25.71,25.71,105,1,25.71
2021-12-21T05:00:00Z,25.71,25.71,25.71,25.71,0,0,0
2021-12-22T05:00:00Z,25.71,25.71,25.71,25.71,0,0,0
2021-12-23T05:00:00Z,26.05,26.06,26.05,26.06,346,4,26.0567
2021-12-27T05:00:00Z,26.1,26.1599,25.905,26.05,1416,14,26.0228
2021-12-28T05:00:00Z,26.05,26.05,26.05,26.05,0,0,0
2021-12-29T05:00:00Z,26.0605,26.24,26.05,26.1401,780,10,26.0984
2021-12-30T05:00:00Z,26.2028,26.2028,26.2,26.2,284,3,26.2014
2021-12-31T05:00:00Z,26.05,26.05,25.99,26,1634,10,26.0042
2022-01-03T05:00:00Z,26.07,26.1,25.97,26.1,3926,8,26.021
2022-01-04T05:00:00Z,26.1,26.1,26.1,26.1,0,0,0
2022-01-05T05:00:00Z,26.1,26.1,26.1,26.1,0,0,0
2022-01-06T05:00:00Z,25.84,26,25.45,26,3433,28,25.7617
2022-01-07T05:00:00Z,25.95,25.95,25.94,25.94,400,4,25.9467
2022-01-10T05:00:00Z,25.9,26,25.7,25.89,12144,15,25.9077
2022-01-11T05:00:00Z,25.86,25.89,25.86,25.86,12104,6,25.8748
2022-01-12T05:00:00Z,25.8,25.89,25.8,25.88,14000,6,25.823
2022-01-13T05:00:00Z,25.98,26.0006,25.88,26,19700,27,25.9084
2022-01-14T05:00:00Z,25.9,26,25.9,26,8730,10,25.9326
2022-01-18T05:00:00Z,25.935,25.935,25.8701,25.8701,457,6,25.8863
2022-01-19T05:00:00Z,25.6734,25.9,25.6734,25.88,5961,8,25.8826
2022-01-20T05:00:00Z,25.84,25.8428,25.84,25.84,534,5,25.841
2022-01-21T05:00:00Z,25.73,25.89,25.73,25.89,1499,4,25.7529
2022-01-24T05:00:00Z,25.89,25.89,25.89,25.89,0,0,0
2022-01-25T05:00:00Z,25.8,26.83,25.8,26.2006,3600,20,26.2339
2022-01-26T05:00:00Z,25.8,25.8929,25.8,25.8,2069,26,25.8067
2022-01-27T05:00:00Z,25.67,25.67,25.51,25.51,612,11,25.6059
2022-01-28T05:00:00Z,25.51,25.6741,25.49,25.6101,2697,24,25.5491
2022-01-31T05:00:00Z,25.7,25.7,25.35,25.46,6600,51,25.4842
2022-02-01T05:00:00Z,25.46,25.46,25.46,25.46,0,0,0
2022-02-02T05:00:00Z,25.46,25.46,25.46,25.46,0,0,0
2022-02-03T05:00:00Z,25.46,25.46,25.46,25.46,0,0,0
2022-02-04T05:00:00Z,26.125,26.125,26.125,26.125,410,1,26.125
2022-02-07T05:00:00Z,25.805,25.805,25.805,25.805,150,1,25.805
2022-02-08T05:00:00Z,25.39,25.39,25.34,25.34,202,4,25.365
2022-02-09T05:00:00Z,25.74,25.75,25.46,25.46,2780,10,25.6945
2022-02-10T05:00:00Z,25.4961,25.605,25.46,25.4601,1000,10,25.4927
2022-02-11T05:00:00Z,25.64,25.72,25.64,25.72,510,4,25.6557
2022-02-14T05:00:00Z,25.47,25.47,25.3,25.3,470,4,25.3615
2022-02-15T05:00:00Z,25.3,25.3,25.3,25.3,0,0,0
2022-02-16T05:00:00Z,25.2,25.27,25.1,25.25,7800,24,25.1995
2022-02-17T05:00:00Z,25.35,25.35,25.35,25.35,21030,1,25.35
2022-02-18T05:00:00Z,25.19,25.45,25.02,25.02,1553,49,25.176
2022-02-22T05:00:00Z,25.0706,25.1,25.0706,25.1,2300,4,25.0744
2022-02-23T05:00:00Z,25.1,25.1,25.1,25.1,0,0,0
2022-02-24T05:00:00Z,25.1,25.1,24.94,25,7183,35,25.0422
2022-02-25T05:00:00Z,25,25,24.9471,25,3622,30,24.9913
2022-02-28T05:00:00Z,25,25,25,25,503,5,25
2022-03-01T05:00:00Z,25.01,25.01,25.01,25.01,202,3,25.01
2022-03-02T05:00:00Z,25.2,25.2,25.1278,25.1999,1120,8,25.1934
2022-03-03T05:00:00Z,25.055,25.055,25.0381,25.0381,1200,2,25.0409
2022-03-04T05:00:00Z,25.04,25.04,24.9866,25,10324,21,25.007
2022-03-07T05:00:00Z,25.21,25.21,24.96,24.96,935,4,25.1204
2022-03-08T05:00:00Z,24.96,24.96,24.96,24.96,241,3,24.96
2022-03-09T05:00:00Z,24.97,24.97,24.96,24.96,1010,3,24.961
2022-03-10T05:00:00Z,25.15,25.19,25.15,25.19,300,2,25.1767
2022-03-11T05:00:00Z,25.4,25.4,24.99,24.99,3200,33,25.2203
2022-03-14T04:00:00Z,24.99,24.99,24.99,24.99,0,0,0
2022-03-15T04:00:00Z,25.45,25.49,25.23,25.4,6460,28,25.4091
2022-03-16T04:00:00Z,25.48,25.5,25.48,25.4966,1200,7,25.4956
2022-03-17T04:00:00Z,25.49,25.88,25.49,25.88,963,70,25.6883
2022-03-18T04:00:00Z,25.88,25.88,25.88,25.88,0,0,0
2022-03-21T04:00:00Z,25.15,25.55,25.15,25.15,23826,82,25.2653
2022-03-22T04:00:00Z,25.19,25.2,25.17,25.2,3570,45,25.1953
2022-03-23T04:00:00Z,25.2,25.2,25.175,25.19,1817,10,25.198
2022-03-24T04:00:00Z,25.1,25.16,25.0513,25.0513,8085,18,25.0992
2022-03-25T04:00:00Z,25,25.1,25,25.0893,16146,27,25.0459
2022-03-28T04:00:00Z,25.0701,25.2,25.06,25.2,21519,61,25.0999
2022-03-29T04:00:00Z,25.25,25.31,25.25,25.29,9837,32,25.261
2022-03-30T04:00:00Z,25.29,25.29,25.29,25.29,0,0,0
2022-03-31T04:00:00Z,24.99,25,24.98,24.99,6852,24,24.9895
2022-04-01T04:00:00Z,25,25.05,24.91,24.97,8542,37,24.9873
2022-04-04T04:00:00Z,25,25.01,24.97,25,3583,65,24.9976
2022-04-05T04:00:00Z,25.01,25.01,24.95,24.955,2797,15,24.9964
2022-04-06T04:00:00Z,24.94,25.055,24.48,24.5,28573,135,24.6132
2022-04-07T04:00:00Z,24.6,24.6,24.4,24.4,4647,36,24.5417
2022-04-08T04:00:00Z,24.16,24.25,23.71,24.0665,5150,48,23.977
2022-04-11T04:00:00Z,23.76,24,23.75,23.75,4195,25,23.802
2022-04-12T04:00:00Z,24.18,24.19,23.86,23.88,27385,31,24.0444
2022-04-13T04:00:00Z,24.01,24.01,23.87,23.87,400,5,23.9633
2022-04-14T04:00:00Z,23.89,23.89,23.65,23.89,6151,42,23.7555
2022-04-18T04:00:00Z,23.66,24.21,23.6,24.21,2515,17,23.88
2022-04-19T04:00:00Z,23.75,24.096,23.75,23.975,6319,12,23.8508
2022-04-20T04:00:00Z,24,24,23.69,23.8645,3049,24,23.9076
2022-04-21T04:00:00Z,23.95,23.95,23.75,23.75,10841,30,23.8124
2022-04-22T04:00:00Z,23.97,24.5,23.94,23.94,2574,12,24.341
2022-04-25T04:00:00Z,23.6601,24.08,23.6601,24.08,1220,10,23.88
2022-04-26T04:00:00Z,24.135,24.24,24.135,24.2,2760,13,24.1588
2022-04-27T04:00:00Z,24.2,24.2,24.2,24.2,201,2,24.2
2022-04-28T04:00:00Z,23.2601,23.2601,23.2601,23.2601,122,2,23.2601
2022-04-29T04:00:00Z,24.7,24.7,24.05,24.06,7219,32,24.5056
2022-05-02T04:00:00Z,24,24.3,23.86,23.86,851,6,24.0602
2022-05-03T04:00:00Z,23.95,23.95,23.21,23.21,13731,73,23.5091
2022-05-04T04:00:00Z,23.45,23.63,23.45,23.63,5218,32,23.514
2022-05-05T04:00:00Z,23.55,23.59,23.55,23.55,1025,10,23.5586
2022-05-06T04:00:00Z,23.11,24.13,23.11,23.2,1800,13,23.2484
2022-05-09T04:00:00Z,23.3,23.503,23.3,23.3,2835,22,23.3755
2022-05-10T04:00:00Z,23.33,23.4095,23.3,23.4095,1200,10,23.3404
2022-05-11T04:00:00Z,23.78,23.78,23.3,23.3,1194,10,23.4389
2022-05-12T04:00:00Z,23.25,23.69,23.25,23.6,2328,17,23.4858
2022-05-13T04:00:00Z,23.31,23.52,23.31,23.52,510,8,23.3987
2022-05-16T04:00:00Z,23.69,23.71,23.68,23.6898,1400,10,23.6938
2022-05-17T04:00:00Z,23.6898,23.6898,23.6898,23.6898,0,0,0
2022-05-18T04:00:00Z,23.6898,23.6898,23.6898,23.6898,0,0,0
2022-05-19T04:00:00Z,23.25,23.36,23.25,23.3,11069,48,23.2972
2022-05-20T04:00:00Z,23.29,23.29,23.06,23.0687,3128,30,23.1733
2022-05-23T04:00:00Z,23,23.1,22.41,22.41,9538,55,22.8448
2022-05-24T04:00:00Z,22.51,22.5999,22.5,22.5,4584,24,22.5187
2022-05-25T04:00:00Z,22.59,23.12,22.45,22.55,7908,50,22.5991
2022-05-26T04:00:00Z,22.59,22.79,22.41,22.62,18491,110,22.5901
2022-05-27T04:00:00Z,22.62,23.93,22.58,23.93,12114,76,22.6502
2022-05-31T04:00:00Z,23.5,23.755,23.2,23.5,8687,69,23.3232
2022-06-01T04:00:00Z,23.4,23.42,23.4,23.4,950,5,23.4053
2022-06-02T04:00:00Z,23.4,23.4,23.4,23.4,0,0,0
2022-06-03T04:00:00Z,23.67,23.75,23.67,23.75,353,5,23.7271
2022-06-06T04:00:00Z,23.26,23.89,23,23,3478,104,23.4507
2022-06-07T04:00:00Z,23.25,23.68,22.86,23.68,5211,75,23.3626
2022-06-08T04:00:00Z,23.41,23.9,23.4,23.53,7454,131,23.6516
2022-06-09T04:00:00Z,23.29,23.74,23.29,23.4,2734,52,23.4285
2022-06-10T04:00:00Z,23,23,22.83,22.98,2329,11,22.9419
2022-06-13T04:00:00Z,22.95,23.02,22.81,23.02,7780,57,22.9249
2022-06-14T04:00:00Z,22.86,23.33,22.86,23.32,2885,17,23.0627
2022-06-15T04:00:00Z,23.21,23.46,23.05,23.05,636,7,23.328
2022-06-16T04:00:00Z,22.72,22.82,22.62,22.8,1623,13,22.7512
2022-06-17T04:00:00Z,22.75,23.02,22.74,23.02,1355,13,22.8343
2022-06-21T04:00:00Z,23.07,23.07,22.7201,22.92,1313,22,22.8288
2022-06-22T04:00:00Z,22.9,22.9,22.8294,22.8294,508,4,22.8462
2022-06-23T04:00:00Z,23.1,23.89,23.1,23.1284,11580,93,23.4421
2022-06-24T04:00:00Z,23.44,23.5169,22.8156,23.43,2321,31,23.3678
2022-06-27T04:00:00Z,23.4,23.51,23.36,23.425,1851,14,23.4617
2022-06-28T04:00:00Z,22.84,23.2,22.72,23.12,15678,175,22.9081
2022-06-29T04:00:00Z,23.24,23.4999,23.13,23.13,1920,42,23.3204
2022-06-30T04:00:00Z,23.15,23.2079,23.15,23.2079,7621,26,23.1573
2022-07-01T04:00:00Z,23.61,23.65,23.15,23.48,4809,116,23.3832
2022-07-05T04:00:00Z,23.3889,23.3889,23.3889,23.3889,512,6,23.3889
2022-07-06T04:00:00Z,23.4556,23.4556,23.4556,23.4556,1290,9,23.4556
2022-07-07T04:00:00Z,23.45,23.48,23.4497,23.48,861,8,23.4729
2022-07-08T04:00:00Z,23.43,23.45,23.4,23.41,1000,7,23.4151
2022-07-11T04:00:00Z,23.75,23.75,23.03,23.03,8240,122,23.6631
2022-07-12T04:00:00Z,23.4,23.4,22.94,23.1499,4374,43,23.1851
2022-07-13T04:00:00Z,23.37,23.37,22.73,23.1,8963,214,23.0049
2022-07-14T04:00:00Z,22.87,23.53,22.75,23.15,5314,115,23.041
2022-07-15T04:00:00Z,23.4,23.75,22.91,23.25,5782,123,23.2259
2022-07-18T04:00:00Z,23.59,23.6,23.41,23.41,541,9,23.5475
2022-07-19T04:00:00Z,23.75,23.75,23.45,23.5,6134,36,23.5197
2022-07-20T04:00:00Z,23.52,23.52,23.5199,23.52,1076,13,23.52
2022-07-21T04:00:00Z,23.65,23.65,23.52,23.52,1027,14,23.605
2022-07-22T04:00:00Z,23.48,23.48,23.48,23.48,2493,26,23.48
2022-07-25T04:00:00Z,22.91,22.91,22.91,22.91,319,23,22.91
2022-07-26T04:00:00Z,22.92,23.02,22.92,23,1233,14,22.9691
2022-07-27T04:00:00Z,23,23.9999,23,23.68,4887,58,23.5135
2022-07-28T04:00:00Z,23.55,24,23.55,24,1774,9,23.7188
2022-07-29T04:00:00Z,23.97,24.16,23.01,24.16,5382,42,23.877
2022-08-01T04:00:00Z,24.16,24.16,24.16,24.16,0,0,0
2022-08-02T04:00:00Z,24.13,24.15,24.11,24.15,1456,10,24.1315
2022-08-03T04:00:00Z,24.15,24.15,24.15,24.15,0,0,0
2022-08-04T04:00:00Z,24.15,24.15,24.15,24.15,0,0,0
2022-08-05T04:00:00Z,24.2,24.2,24.2,24.2,230,6,24.2
2022-08-08T04:00:00Z,24.2,24.2,24.2,24.2,0,0,0
2022-08-09T04:00:00Z,24.2,24.2,24.2,24.2,0,0,0
2022-08-10T04:00:00Z,24.55,24.55,24.3295,24.3295,550,4,24.4282
2022-08-11T04:00:00Z,24.2846,24.43,24.2846,24.43,2000,4,24.3448
2022-08-12T04:00:00Z,24.3888,24.3888,24.3888,24.3888,200,1,24.3888
2022-08-15T04:00:00Z,24.5,24.54,24.5,24.54,1210,7,24.5067
2022-08-16T04:00:00Z,24.54,24.54,24.54,24.54,0,0,0
2022-08-17T04:00:00Z,24.54,24.54,24.54,24.54,0,0,0
2022-08-18T04:00:00Z,24.54,24.54,24.54,24.54,0,0,0
2022-08-19T04:00:00Z,24.25,24.35,24.2,24.2,2498,9,24.2802
2022-08-22T04:00:00Z,24.2,24.35,24.2,24.2,1469,11,24.2306
2022-08-23T04:00:00Z,24,24,24,24,128,1,24
2022-08-24T04:00:00Z,24.01,24.01,23.7,23.93,60449,22,23.919
2022-08-25T04:00:00Z,24,24,24,24,15397,22,24
2022-08-26T04:00:00Z,24,24,24,24,0,0,0
2022-08-29T04:00:00Z,24.35,24.35,23.6,23.89,3440,74,24.0048
2022-08-30T04:00:00Z,23,23,23,23,231,4,23
2022-08-31T04:00:00Z,23.06,23.06,23.06,23.06,328,7,23.06
2022-09-01T04:00:00Z,23,23.007,22.54,22.775,2088,24,22.8734
2022-09-02T04:00:00Z,23.05,23.05,23,23,409,7,23.0167
2022-09-06T04:00:00Z,23,23,23,23,0,0,0
2022-09-07T04:00:00Z,23,23,23,23,0,0,0
2022-09-08T04:00:00Z,23.03,23.03,23,23,1116,15,23.0082
2022-09-09T04:00:00Z,23,23,23,23,0,0,0
2022-09-12T04:00:00Z,22.85,22.85,22.73,22.73,682,14,22.8117
2022-09-13T04:00:00Z,22.66,22.66,22.5,22.52,1180,13,22.5467
2022-09-14T04:00:00Z,23,23,22.52,22.52,502,7,22.7164
2022-09-15T04:00:00Z,22.79,23,22.67,22.71,1666,11,22.8695
2022-09-16T04:00:00Z,22.57,22.57,22.51,22.51,1010,14,22.5457
2022-09-19T04:00:00Z,23.21,23.21,22.33,22.46,5136,30,22.4686
2022-09-20T04:00:00Z,23.005,23.005,22.22,22.46,3610,26,22.4424
2022-09-21T04:00:00Z,22.58,22.58,22.4,22.4,3908,30,22.5008
2022-09-22T04:00:00Z,22.2,22.21,22.07,22.14,3455,25,22.1715
2022-09-23T04:00:00Z,22.09,22.09,21.94,22,5400,29,22.0127
2022-09-26T04:00:00Z,21.93,22,21.762,21.9184,3194,31,21.9166
2022-09-27T04:00:00Z,21.9802,21.9802,21.95,21.95,725,4,21.9752
2022-09-28T04:00:00Z,22.35,22.35,21.8,21.8,750,7,22.0783
2022-09-29T04:00:00Z,21.8,22,21.79,22,3306,21,21.9029
2022-09-30T04:00:00Z,21.8,21.8,21.23,21.23,6758,32,21.3204
2022-10-03T04:00:00Z,21.23,21.49,21.23,21.4899,1328,15,21.3485
2022-10-04T04:00:00Z,21.16,21.4899,21.16,21.4899,531,7,21.358
2022-10-05T04:00:00Z,21.4899,21.4899,21.4899,21.4899,0,0,0
2022-10-06T04:00:00Z,21.4899,21.4899,21.4899,21.4899,0,0,0
2022-10-07T04:00:00Z,21.3,21.3,21.19,21.19,2318,16,21.2195
2022-10-10T04:00:00Z,21.19,21.19,21.01,21.01,4079,20,21.1137
2022-10-11T04:00:00Z,21.05,21.07,21.05,21.05,1214,6,21.0517
2022-10-12T04:00:00Z,20.9,20.9,20.9,20.9,274,7,20.9
2022-10-13T04:00:00Z,21.08,21.08,21.08,21.08,827,9,21.08
2022-10-14T04:00:00Z,21.17,21.17,20.62,20.62,1441,23,20.7892
2022-10-17T04:00:00Z,20.62,20.62,20.62,20.62,0,0,0
2022-10-18T04:00:00Z,21.3,21.3,21.3,21.3,203,3,21.3
2022-10-19T04:00:00Z,20.9,20.9,20.49,20.49,1582,17,20.5971
2022-10-20T04:00:00Z,20.43,20.45,20.2493,20.2493,2410,16,20.3905
2022-10-21T04:00:00Z,19.81,20,19.62,19.8,2979,31,19.9099
2022-10-24T04:00:00Z,19.705,19.705,19.55,19.6406,4168,21,19.634
2022-10-25T04:00:00Z,19.51,19.6,19.45,19.6,13740,52,19.5669
2022-10-26T04:00:00Z,19.6,19.95,19.42,19.55,27919,135,19.6
2022-10-27T04:00:00Z,19.78,20.5,19.75,19.7565,24480,128,19.874
2022-10-28T04:00:00Z,20.48,20.7,20.34,20.5,3808,32,20.4557
2022-10-31T04:00:00Z,20.03,20.3476,20.0025,20.3476,3600,14,20.1617
2022-11-01T04:00:00Z,20.35,20.35,20.25,20.25,1712,13,20.3081
2022-11-02T04:00:00Z,20.2403,20.2403,20.2403,20.2403,200,1,20.2403
2022-11-03T04:00:00Z,20.1895,20.1895,20.15,20.15,2414,11,20.1812
2022-11-04T04:00:00Z,20.0652,20.0652,20,20,1112,4,20.0533
2022-11-07T05:00:00Z,20,20.1,19.75,19.75,11147,98,19.8589
2022-11-08T05:00:00Z,19.85,19.85,19.75,19.82,3985,16,19.7925
2022-11-09T05:00:00Z,19.85,19.85,19,19.3,5867,45,19.1818
2022-11-10T05:00:00Z,19.88,19.96,19.68,19.9599,2540,21,19.8949
2022-11-11T05:00:00Z,19.95,20.1284,19.8746,20.1,3908,42,19.9899
2022-11-14T05:00:00Z,20.2,20.44,20.2,20.3437,2722,11,20.3039
2022-11-15T05:00:00Z,20.24,20.35,20.2001,20.2201,2150,6,20.221
2022-11-16T05:00:00Z,20.83,20.83,20.2,20.2,800,2,20.7512
2022-11-17T05:00:00Z,20.16,20.16,20.16,20.16,472,17,20.16
2022-11-18T05:00:00Z,20.18,20.18,20.18,20.18,300,2,20.18
2022-11-21T05:00:00Z,20.23,20.23,20.2,20.2,1715,12,20.2088
2022-11-22T05:00:00Z,20.2,20.25,20.2,20.2,7151,13,20.2039
2022-11-23T05:00:00Z,20.2,20.2,20.2,20.2,0,0,0
2022-11-25T05:00:00Z,20.2,20.2,20.2,20.2,0,0,0
2022-11-28T05:00:00Z,20.0999,20.0999,20.05,20.05,2056,8,20.0789
2022-11-29T05:00:00Z,20.0467,20.0467,19.87,19.87,13399,32,19.9565
2022-11-30T05:00:00Z,19.8,20.04,19.75,20,8018,19,19.7977
2022-12-01T05:00:00Z,19.85,19.85,19.85,19.85,314,3,19.85
2022-12-02T05:00:00Z,21.0519,21.0519,21.0519,21.0519,100,1,21.0519
2022-12-05T05:00:00Z,21,21,20,20.12,1264,15,20.3085
2022-12-06T05:00:00Z,19.82,19.82,19.76,19.8,2400,16,19.789
2022-12-07T05:00:00Z,19.76,19.76,19.725,19.73,15326,38,19.7431
2022-12-08T05:00:00Z,19.77,19.8454,19.73,19.73,3347,30,19.7855
2022-12-09T05:00:00Z,19.7299,19.73,19.7,19.7299,12304,66,19.7219
2022-12-12T05:00:00Z,19.698,19.698,19.5,19.503,9276,19,19.5423
2022-12-13T05:00:00Z,19.5,20.14,19.5,19.66,77225,86,19.7109
2022-12-14T05:00:00Z,19.88,20.1001,19.75,20.1,14453,17,19.8035
2022-12-15T05:00:00Z,20.1,20.1,20.1,20.1,0,0,0
2022-12-16T05:00:00Z,20.55,20.55,20.2804,20.2804,5076,8,20.3919
2022-12-19T05:00:00Z,19.75,19.75,19.6001,19.6001,1171,3,19.6214
2022-12-20T05:00:00Z,20.025,20.225,19.8,20,4114,24,19.9826
2022-12-21T05:00:00Z,19.61,19.61,19.61,19.61,245,3,19.61
2022-12-22T05:00:00Z,19.97,19.9701,19.97,19.97,401,4,19.97
2022-12-23T05:00:00Z,20,20,19.8,19.8,2000,5,19.8104
2022-12-27T05:00:00Z,20,20.15,20,20.15,501,4,20.0909
2022-12-28T05:00:00Z,20.96,21.24,20.2001,21.16,21255,175,20.9785
2022-12-29T05:00:00Z,21,21.2,21,21.2,5558,20,21.1495
2022-12-30T05:00:00Z,20.9,20.9,20.6,20.9,1201,5,20.8642
2023-01-03T05:00:00Z,20.9,20.9,20.82,20.87,3029,15,20.8528
2023-01-04T05:00:00Z,20.95,20.95,20.94,20.95,2445,15,20.9441
2023-01-05T05:00:00Z,21.25,21.49,21.25,21.49,900,7,21.3375
2023-01-06T05:00:00Z,21.49,23.4,21.49,22.89,4888,41,22.7828
2023-01-09T05:00:00Z,22.99,23.3,22.19,22.19,6471,96,22.9428
2023-01-10T05:00:00Z,22.44,22.44,21.57,21.88,3629,24,21.8609
2023-01-11T05:00:00Z,21.59,21.9,21.59,21.84,1091,15,21.778
2023-01-12T05:00:00Z,22.11,22.11,21.63,21.73,698,24,21.7483
2023-01-13T05:00:00Z,21.63,21.63,21.63,21.63,633,47,21.63
2023-01-17T05:00:00Z,22.06,22.06,21.74,21.74,1068,16,21.9756
2023-01-18T05:00:00Z,21.8399,22.11,21.8399,21.98,1554,8,21.8965
2023-01-19T05:00:00Z,22.18,22.18,22.04,22.14,400,3,22.135
2023-01-20T05:00:00Z,22.14,22.14,22.14,22.14,200,2,22.14
2023-01-23T05:00:00Z,22.09,22.47,22.09,22.32,2150,17,22.2132
2023-01-24T05:00:00Z,22.76,22.76,22.29,22.5005,1501,10,22.5447
2023-01-25T05:00:00Z,22.9999,22.9999,22.9999,22.9999,200,1,22.9999
2023-01-26T05:00:00Z,22.97,23.55,22.96,23.5,2463,16,23.0534
2023-01-27T05:00:00Z,23.5,23.5,23.5,23.5,0,0,0
2023-01-30T05:00:00Z,23.5,23.5,23.5,23.5,0,0,0
2023-01-31T05:00:00Z,23,23.46,23,23.46,200,2,23.23
2023-02-01T05:00:00Z,23.42,23.49,23.2564,23.2564,1750,8,23.3144
2023-02-02T05:00:00Z,23.17,23.5,22.4,22.4,16083,73,23.3538
2023-02-03T05:00:00Z,23.37,23.47,23.06,23.06,1201,11,23.2408
2023-02-06T05:00:00Z,23.07,23.07,23.07,23.07,106,4,23.07
2023-02-07T05:00:00Z,23.05,23.05,23.05,23.05,360,7,23.05
2023-02-08T05:00:00Z,22.9572,23.2,22.9572,23.07,598,7,23.0609
2023-02-09T05:00:00Z,22.96,23,22.91,23,3632,18,22.9898
2023-02-10T05:00:00Z,22.5608,22.5608,22.5608,22.5608,157,2,22.5608
2023-02-13T05:00:00Z,22.56,23,22.56,22.78,1250,7,22.6642
2023-02-14T05:00:00Z,22.83,22.87,22.75,22.75,865,6,22.7859
2023-02-15T05:00:00Z,23.09,23.09,22.9,22.9,1095,12,23.027
2023-02-16T05:00:00Z,22.9,22.9,22.9,22.9,0,0,0
2023-02-17T05:00:00Z,22.9,22.9,22.9,22.9,0,0,0
2023-02-21T05:00:00Z,22.68,22.85,22.6,22.85,1125,3,22.7447
2023-02-22T05:00:00Z,22.85,22.85,22.73,22.73,1400,12,22.8081
2023-02-23T05:00:00Z,22.55,22.55,22.55,22.55,100,1,22.55
2023-02-24T05:00:00Z,22.6,22.6,22.55,22.55,1200,7,22.5846
2023-02-27T05:00:00Z,22.5,22.5,21.5,22,3115,29,21.7932
2023-02-28T05:00:00Z,22,22,22,22,103,2,22
2023-03-01T05:00:00Z,22,22,22,22,110,2,22
2023-03-02T05:00:00Z,22,22,22,22,100,1,22
2023-03-03T05:00:00Z,21.9332,22.5,21.62,21.85,1318,12,21.9856
2023-03-06T05:00:00Z,22.27,22.27,22.27,22.27,100,1,22.27
2023-03-07T05:00:00Z,22.27,22.27,22.27,22.27,0,0,0
2023-03-08T05:00:00Z,21.91,21.95,21.9,21.93,1050,8,21.9168
2023-03-09T05:00:00Z,22.22,22.22,22.22,22.22,100,1,22.22
2023-03-10T05:00:00Z,21.53,21.75,21.27,21.75,1100,6,21.5118
2023-03-13T04:00:00Z,21.9,21.9,21.9,21.9,100,1,21.9
2023-03-14T04:00:00Z,21.9,21.9,21.9,21.9,564,3,21.9
2023-03-15T04:00:00Z,21.9,21.9,21.9,21.9,0,0,0
2023-03-16T04:00:00Z,21.4,21.95,21.4,21.95,473,5,21.8074
2023-03-17T04:00:00Z,21.95,21.95,21.95,21.95,0,0,0
2023-03-20T04:00:00Z,21.95,21.95,21.95,21.95,0,0,0
2023-03-21T04:00:00Z,22.35,22.39,22.35,22.35,739,7,22.3573
2023-03-22T04:00:00Z,22.35,22.35,22.35,22.35,0,0,0
2023-03-23T04:00:00Z,22.35,22.35,22.35,22.35,0,0,0
2023-03-24T04:00:00Z,22.35,22.35,22.35,22.35,0,0,0
2023-03-27T04:00:00Z,22.35,22.35,22.35,22.35,0,0,0
2023-03-28T04:00:00Z,21.2901,21.2901,21.2901,21.2901,100,1,21.2901
2023-03-29T04:00:00Z,21.2901,21.2901,21.2901,21.2901,0,0,0
2023-03-30T04:00:00Z,21.74,21.74,21.37,21.37,1166,31,21.575
2023-03-31T04:00:00Z,21.06,21.49,21.02,21.49,1100,12,21.1157
2023-04-03T04:00:00Z,21.9,22.29,21.9,22.27,1108,11,22.0963
2023-04-04T04:00:00Z,22.49,23.27,22.49,22.49,4540,27,22.5861
2023-04-05T04:00:00Z,22,22.43,21.54,22.3,1602,23,22.1023
2023-04-06T04:00:00Z,22.35,22.35,22.35,22.35,180,3,22.35
2023-04-10T04:00:00Z,21.4,23.17,21.4,22.04,9665,47,22.038
2023-04-11T04:00:00Z,22.3,22.7,22.23,22.7,1001,6,22.469
2023-04-12T04:00:00Z,22.6893,22.7292,22.62,22.6201,1665,14,22.6432
2023-04-13T04:00:00Z,23.26,23.74,23.26,23.74,200,2,23.5
2023-04-14T04:00:00Z,22.5503,23.42,22.5503,23.39,347,5,23.1201
2023-04-17T04:00:00Z,23.39,23.39,23.39,23.39,0,0,0
2023-04-18T04:00:00Z,23.24,23.94,22.52,22.8,2421,24,22.8053
2023-04-19T04:00:00Z,22.89,22.89,22.89,22.89,101,2,22.89
2023-04-20T04:00:00Z,22.78,22.78,21.85,22.4,5882,25,22.383
2023-04-21T04:00:00Z,21.83,22.15,21.83,22.15,1216,13,21.9502
2023-04-24T04:00:00Z,22.44,22.44,22.42,22.42,410,6,22.43
2023-04-25T04:00:00Z,21.96,22.01,21.15,21.59,3060,17,21.8
2023-04-26T04:00:00Z,21.21,21.65,21.21,21.61,1925,17,21.5753
2023-04-27T04:00:00Z,21.55,21.72,21.46,21.69,1198,8,21.6699
2023-04-28T04:00:00Z,21.43,21.7399,21.37,21.7399,1890,13,21.4923
2023-05-01T04:00:00Z,22.38,22.38,21.75,21.88,1151,5,21.843
2023-05-02T04:00:00Z,21.05,21.46,21.02,21.43,2799,23,21.1709
2023-05-03T04:00:00Z,21.47,22.13,21.18,22.13,2678,12,21.4418
2023-05-04T04:00:00Z,22.13,22.13,21.03,21.03,5196,40,21.4776
2023-05-05T04:00:00Z,21.4,21.4,21.21,21.21,800,7,21.35
2023-05-08T04:00:00Z,21.2,21.2,21.2,21.2,286,2,21.2
2023-05-09T04:00:00Z,21.09,21.09,20.65,20.65,538,7,20.9
2023-05-10T04:00:00Z,20.79,20.79,20.01,20.25,3653,22,20.502
2023-05-11T04:00:00Z,20.0501,20.5334,19.5,20.5334,12663,77,20.0122
2023-05-12T04:00:00Z,20.06,20.53,20.02,20.53,455,5,20.2189
2023-05-15T04:00:00Z,20.46,20.46,20.34,20.34,416,3,20.3785
2023-05-16T04:00:00Z,20.35,20.35,20.35,20.35,100,1,20.35
2023-05-17T04:00:00Z,20.4,21.14,20.4,21.14,700,4,20.5143
2023-05-18T04:00:00Z,20.95,21.09,20.85,21.09,900,4,20.9694
2023-05-19T04:00:00Z,21.09,21.09,21.09,21.09,0,0,0
2023-05-22T04:00:00Z,20.06,20.5,19.745,20.5,2255,16,20.3436
2023-05-23T04:00:00Z,20.9186,20.9186,20.9186,20.9186,100,1,20.9186
2023-05-24T04:00:00Z,20.9186,20.9186,20.9186,20.9186,0,0,0
2023-05-25T04:00:00Z,20.5,20.5,20.5,20.5,672,11,20.5
2023-05-26T04:00:00Z,20.5,20.5,20.5,20.5,2192,20,20.5
2023-05-30T04:00:00Z,20.5,20.5,20.5,20.5,0,0,0
2023-05-31T04:00:00Z,20.5,21.48,19.99,21.3775,2291,19,20.5966
2023-06-01T04:00:00Z,21.52,21.52,21.02,21.02,401,3,21.395
2023-06-02T04:00:00Z,21.06,21.35,21.05,21.35,2884,17,21.1375
2023-06-05T04:00:00Z,21.35,21.35,21.3,21.3,1517,16,21.336
2023-06-06T04:00:00Z,21.68,21.68,21.68,21.68,301,2,21.68
2023-06-07T04:00:00Z,22.1951,22.1951,22.1951,22.1951,100,1,22.1951
2023-06-08T04:00:00Z,22.495,22.495,21.475,22.37,1182,17,21.9516
2023-06-09T04:00:00Z,22.05,22.05,22.05,22.05,100,1,22.05
2023-06-12T04:00:00Z,22.05,22.05,22.05,22.05,0,0,0
2023-06-13T04:00:00Z,21.75,21.8,21.75,21.8,1105,5,21.7941
2023-06-14T04:00:00Z,21.7,21.7,21.7,21.7,300,3,21.7
2023-06-15T04:00:00Z,21.685,21.755,21.685,21.755,700,4,21.6967
2023-06-16T04:00:00Z,21.5,21.5,21.5,21.5,880,3,21.5
2023-06-20T04:00:00Z,21.96,21.96,21.87,21.87,1800,13,21.9489
2023-06-21T04:00:00Z,21.83,22.49,21.83,22.49,3277,19,22.1302
2023-06-22T04:00:00Z,22.34,22.34,22.34,22.34,442,12,22.34
2023-06-23T04:00:00Z,21.6,22.45,21.51,22.45,1532,18,21.6957
2023-06-26T04:00:00Z,22.45,22.45,22.45,22.45,0,0,0
2023-06-27T04:00:00Z,22.0862,22.1315,21.93,21.9706,700,6,22.0378
2023-06-28T04:00:00Z,21.9,22.05,21.85,22.05,3600,3,21.8847
2023-06-29T04:00:00Z,21.87,22.49,21.57,22.49,2583,26,21.7971
2023-06-30T04:00:00Z,21.98,21.98,21.96,21.96,524,10,21.972
2023-07-03T04:00:00Z,21.25,21.94,21.25,21.94,1080,5,21.7359
2023-07-05T04:00:00Z,21.32,21.8,21.32,21.8,2176,15,21.6838
2023-07-06T04:00:00Z,21.8,21.8,21.8,21.8,0,0,0
2023-07-07T04:00:00Z,21.8,21.8,21.8,21.8,0,0,0
2023-07-10T04:00:00Z,21.62,21.62,21.62,21.62,701,2,21.62
2023-07-11T04:00:00Z,21.62,21.62,21.62,21.62,0,0,0
2023-07-12T04:00:00Z,21.62,21.62,21.62,21.62,0,0,0
2023-07-13T04:00:00Z,21.65,21.78,21.65,21.69,375,7,21.7067
2023-07-14T04:00:00Z,21.69,21.69,21.69,21.69,0,0,0
2023-07-17T04:00:00Z,21.25,21.49,21.25,21.49,333,4,21.3924
2023-07-18T04:00:00Z,21.6,21.98,21.6,21.98,238,3,21.7667
2023-07-19T04:00:00Z,21.97,21.97,21.97,21.97,151,2,21.97
2023-07-20T04:00:00Z,21.95,22.51,21.95,22.51,1838,9,22.1817
2023-07-21T04:00:00Z,22.51,22.51,22.51,22.51,0,0,0
2023-07-24T04:00:00Z,22.51,22.51,22.51,22.51,0,0,0
2023-07-25T04:00:00Z,22.51,22.51,22.51,22.51,0,0,0
2023-07-26T04:00:00Z,22.43,22.43,22.4,22.4,500,3,22.424
2023-07-27T04:00:00Z,22.21,22.3,22.11,22.23,9750,5,22.1216
2023-07-28T04:00:00Z,22.48,22.48,22.33,22.33,480,6,22.4133
2023-07-31T04:00:00Z,22.26,22.45,22.25,22.45,10266,64,22.3508
2023-08-01T04:00:00Z,22.25,22.58,22.25,22.5,6033,39,22.4675
2023-08-02T04:00:00Z,22.5,22.5,22.5,22.5,0,0,0
2023-08-03T04:00:00Z,22.3515,22.3515,22.1,22.15,2100,14,22.1516
2023-08-04T04:00:00Z,22.0789,22.0789,22,22,2121,19,22.0069
2023-08-07T04:00:00Z,22,22,22,22,0,0,0
2023-08-08T04:00:00Z,22.15,22.65,22,22.65,11367,52,22.0466
2023-08-09T04:00:00Z,22.1,22.38,22.1,22.38,12409,5,22.1175
2023-08-10T04:00:00Z,22.17,22.17,22,22,5984,25,22.0914
2023-08-11T04:00:00Z,22.1,22.3,21.8005,22.3,12152,27,22.0995
2023-08-14T04:00:00Z,21.31,21.31,21.31,21.31,152,2,21.31
2023-08-15T04:00:00Z,22.2,22.2,22.2,22.2,100,1,22.2
2023-08-16T04:00:00Z,21.6,21.6,21.6,21.6,100,1,21.6
2023-08-17T04:00:00Z,21.6,21.6,21.6,21.6,0,0,0
2023-08-18T04:00:00Z,21.6,21.6,21.6,21.6,100,1,21.6
2023-08-21T04:00:00Z,21.74,21.74,21.72,21.72,200,2,21.73
2023-08-22T04:00:00Z,21.38,21.38,21.21,21.21,450,5,21.335
2023-08-23T04:00:00Z,21.19,21.19,21.11,21.11,1500,8,21.1261
2023-08-24T04:00:00Z,20.54,20.54,20.08,20.49,2300,14,20.288
2023-08-25T04:00:00Z,20.54,21.42,20.4,20.64,3189,10,20.7249
2023-08-28T04:00:00Z,20.65,21.01,20.65,21,6712,35,20.9174
2023-08-29T04:00:00Z,21.01,21.25,21.01,21.25,200,2,21.13
2023-08-30T04:00:00Z,21.3601,21.55,21.3601,21.55,1200,4,21.4957
2023-08-31T04:00:00Z,21.77,22.04,21.7278,22.04,915,10,21.8353
2023-09-01T04:00:00Z,21.74,21.74,21.74,21.74,159,2,21.74
2023-09-05T04:00:00Z,21.74,21.74,21.74,21.74,0,0,0
2023-09-06T04:00:00Z,21.9499,22.5,21.9499,22.01,500,5,22.076
2023-09-07T04:00:00Z,21.86,21.86,21.86,21.86,1010,5,21.86
2023-09-08T04:00:00Z,21.92,21.92,21.65,21.85,2000,19,21.8815
2023-09-11T04:00:00Z,22.17,22.17,21.77,21.77,400,3,21.99
2023-09-12T04:00:00Z,21.6,21.6,21.3,21.3104,610,7,21.4184
2023-09-13T04:00:00Z,21.2,21.2,20.9,21,1756,15,21.034
2023-09-14T04:00:00Z,20.9,21.2,20.72,20.95,22620,75,20.9793
2023-09-15T04:00:00Z,20.71,21.27,20.71,21.16,17168,16,20.9022
2023-09-18T04:00:00Z,21.2,21.41,21.2,21.41,1000,7,21.3
2023-09-19T04:00:00Z,20.85,21.46,20.76,21.37,1404,14,21.1339
2023-09-20T04:00:00Z,21.2,22.15,21.2,22.1,1964,31,21.7316
2023-09-21T04:00:00Z,21.51,21.82,21.2263,21.82,2730,30,21.5104
2023-09-22T04:00:00Z,21.51,21.51,21.49,21.49,220,2,21.4991
2023-09-25T04:00:00Z,21.15,21.53,21.08,21.52,1450,14,21.246
2023-09-26T04:00:00Z,21.565,21.565,21.48,21.55,410,8,21.5388
2023-09-27T04:00:00Z,20.78,21.2501,20.78,21.2501,1354,16,20.921
2023-09-28T04:00:00Z,21.25,21.25,21.25,21.25,600,1,21.25
2023-09-29T04:00:00Z,21.2,21.2,21,21,1991,19,21.0522
2023-10-02T04:00:00Z,21,21,21,21,0,0,0
2023-10-03T04:00:00Z,21.86,22.3,20.26,20.26,2042,16,20.4862
2023-10-04T04:00:00Z,20.24,20.46,19.98,20.18,3799,33,20.0979
2023-10-05T04:00:00Z,20.18,20.18,20.18,20.18,0,0,0
2023-10-06T04:00:00Z,20.07,20.07,20.07,20.07,200,2,20.07
2023-10-09T04:00:00Z,20,20.07,19.69,20.07,826,10,19.9115
2023-10-10T04:00:00Z,19.72,19.72,19.72,19.72,436,13,19.72
2023-10-11T04:00:00Z,20.05,20.05,20.05,20.05,715,10,20.05
2023-10-12T04:00:00Z,20.07,20.07,20.07,20.07,276,3,20.07
2023-10-13T04:00:00Z,19.6895,19.98,19.6895,19.98,777,20,19.7476
2023-10-16T04:00:00Z,19.8025,19.9,19.8025,19.85,2519,32,19.8348
2023-10-17T04:00:00Z,20.5499,20.5499,19.01,19.2,31112,132,19.1543
2023-10-18T04:00:00Z,19.02,19.14,19.02,19.1201,1828,16,19.1006
2023-10-19T04:00:00Z,19.3,19.3,19.3,19.3,1001,10,19.3
2023-10-20T04:00:00Z,19.3,19.3001,19.12,19.2385,2800,18,19.2396
2023-10-23T04:00:00Z,19.2385,19.2385,19.2385,19.2385,0,0,0
2023-10-24T04:00:00Z,19.595,19.595,19.55,19.55,310,2,19.5805
2023-10-25T04:00:00Z,19.13,19.81,19.13,19.8099,1650,12,19.7293
2023-10-26T04:00:00Z,19.35,19.35,19.1,19.2,4129,57,19.2123
2023-10-27T04:00:00Z,19.1603,19.1603,19.0738,19.16,2081,20,19.1466
2023-10-30T04:00:00Z,19.2,19.21,19.2,19.21,987,9,19.2014
2023-10-31T04:00:00Z,19.25,19.98,19.25,19.98,2448,29,19.5765
2023-11-01T04:00:00Z,20.64,20.64,19.97,19.97,693,12,20.4725
2023-11-02T04:00:00Z,20.02,20.02,19.45,19.66,1092,18,19.7311
2023-11-03T04:00:00Z,20,20,19.8776,19.8776,766,10,19.898
2023-11-06T05:00:00Z,19.95,20.67,19.95,20.1,3827,19,20.1702
2023-11-07T05:00:00Z,20.1,20.1,20.1,20.1,0,0,0
2023-11-08T05:00:00Z,20.89,20.89,20.57,20.57,570,10,20.73
2023-11-09T05:00:00Z,20.2,20.3001,20.2,20.3001,500,5,20.28
2023-11-10T05:00:00Z,19.94,20.0721,19.42,19.77,2597,36,19.737
2023-11-13T05:00:00Z,19.7,19.71,19.56,19.58,2454,21,19.6706
2023-11-14T05:00:00Z,19.58,19.58,19.58,19.58,0,0,0
2023-11-15T05:00:00Z,19.75,20.36,19.75,20.22,1415,10,20.1423
2023-11-16T05:00:00Z,20.62,20.99,19.44,19.68,9315,64,19.8742
2023-11-17T05:00:00Z,19.85,19.9,19.85,19.85,5715,30,19.8654
2023-11-20T05:00:00Z,19.75,19.97,19.75,19.97,2185,24,19.8716
2023-11-21T05:00:00Z,20.29,20.3,20.29,20.3,2100,10,20.2992
2023-11-22T05:00:00Z,20.605,20.605,20.605,20.605,108,2,20.605
2023-11-24T05:00:00Z,20.605,20.605,20.605,20.605,0,0,0
2023-11-27T05:00:00Z,20.6,20.6,20.29,20.29,500,4,20.5225
2023-11-28T05:00:00Z,20.45,20.9,20.45,20.9,3180,8,20.5828
2023-11-29T05:00:00Z,20.5,20.82,20.5,20.82,2670,14,20.5363
2023-11-30T05:00:00Z,20.82,20.82,20.55,20.55,7853,27,20.5786
2023-12-01T05:00:00Z,21.84,22.66,21.84,21.98,6365,44,22.109
2023-12-04T05:00:00Z,21.8841,22.5945,21.82,21.86,5410,28,22.0917
2023-12-05T05:00:00Z,21.9,22.3,21.44,21.44,7509,28,21.9139
2023-12-06T05:00:00Z,22.47,22.5,22.16,22.16,701,6,22.4414
2023-12-07T05:00:00Z,22.25,22.31,22.21,22.21,762,9,22.2505
2023-12-08T05:00:00Z,21.89,22.375,21.7,22.14,7113,41,21.8219
2023-12-11T05:00:00Z,22.14,22.14,22.14,22.14,0,0,0
2023-12-12T05:00:00Z,22.14,22.14,22.14,22.14,0,0,0
2023-12-13T05:00:00Z,22,22.211,21.85,22.2,19700,36,22.05
2023-12-14T05:00:00Z,22.51,22.8994,22.5,22.8994,5299,33,22.5763
2023-12-15T05:00:00Z,22.7001,23.47,22.7001,23.47,1408,9,22.8284
2023-12-18T05:00:00Z,22.9214,22.9214,22.75,22.75,1858,10,22.8624
2023-12-19T05:00:00Z,22.75,22.92,22.75,22.92,4024,13,22.8355
2023-12-20T05:00:00Z,22.65,22.8311,22.65,22.8311,3780,17,22.7203
2023-12-21T05:00:00Z,22.8501,23.385,22.8501,23,700,4,23.2317
2023-12-22T05:00:00Z,23,23,23,23,0,0,0
2023-12-26T05:00:00Z,22.9,22.9,22.495,22.8854,12845,90,22.8724
2023-12-27T05:00:00Z,22.95,22.95,22.75,22.85,6960,51,22.8145
2023-12-28T05:00:00Z,22.9,23.7951,22.7341,23.62,18290,107,23.0521
2023-12-29T05:00:00Z,23.68,23.68,23.47,23.5,1350,9,23.5015
2024-01-02T05:00:00Z,23.5334,23.5334,23.107,23.107,3413,9,23.3936
2024-01-03T05:00:00Z,23.25,23.49,23.15,23.43,13212,23,23.2046
2024-01-04T05:00:00Z,23.225,23.3,23.225,23.2497,2027,8,23.2736
2024-01-05T05:00:00Z,23.3397,23.3397,23.3397,23.3397,630,4,23.3397
2024-01-08T05:00:00Z,23.0925,23.82,23.0925,23.77,3577,16,23.6943
2024-01-09T05:00:00Z,23.5,23.95,23.5,23.95,2776,23,23.6488
2024-01-10T05:00:00Z,23.94,23.95,23.7199,23.95,2683,21,23.9217
2024-01-11T05:00:00Z,23.76,23.8,23.0001,23.7,2974,9,23.5769
2024-01-12T05:00:00Z,23.6,23.6,23.58,23.58,346,5,23.5933
2024-01-16T05:00:00Z,23.76,23.76,22.89,23.48,1527,24,23.1535
2024-01-17T05:00:00Z,23.61,23.61,23.61,23.61,286,6,23.61
2024-01-18T05:00:00Z,23,23.12,23,23.12,499,6,23.05
2024-01-19T05:00:00Z,23.12,23.45,23.12,23.26,2867,25,23.2574
2024-01-22T05:00:00Z,23,23,22.9296,23,19513,108,22.9851
2024-01-23T05:00:00Z,22.92,22.92,22.73,22.9,7345,103,22.8853
2024-01-24T05:00:00Z,23,23.43,23,23.43,8389,19,23.0105
2024-01-25T05:00:00Z,23.43,23.43,23.43,23.43,0,0,0
2024-01-26T05:00:00Z,23.38,23.4,23.2,23.22,773,13,23.3317
2024-01-29T05:00:00Z,23.3503,23.3503,23.3,23.3,1023,10,23.3165
2024-01-30T05:00:00Z,23.39,23.39,23.3,23.39,12056,56,23.3259
2024-01-31T05:00:00Z,23.12,23.3499,22.72,22.8982,4581,33,23.0457
2024-02-01T05:00:00Z,22.9,22.9,22.17,22.17,1003,14,22.715
2024-02-02T05:00:00Z,22.5,23.15,22.5,22.68,1903,14,23.0069
2024-02-05T05:00:00Z,23.28,23.28,22.3941,22.71,1902,12,22.6011
2024-02-06T05:00:00Z,22.71,22.71,22.71,22.71,0,0,0
2024-02-07T05:00:00Z,22.71,22.8,22.6387,22.7,20394,56,22.7369
2024-02-08T05:00:00Z,22.5853,22.855,22.4499,22.855,7455,25,22.5133
2024-02-09T05:00:00Z,22.855,22.855,22.855,22.855,0,0,0
2024-02-12T05:00:00Z,23.3129,23.3129,22.75,22.8,8837,49,22.8408
2024-02-13T05:00:00Z,22.8,22.8,22.8,22.8,0,0,0
2024-02-14T05:00:00Z,22.569,22.5901,22.569,22.5901,2585,6,22.5739
2024-02-15T05:00:00Z,22.64,22.83,22.59,22.83,5117,15,22.7524
2024-02-16T05:00:00Z,22.87,22.89,22.83,22.83,1353,14,22.8746
2024-02-20T05:00:00Z,22.8,22.92,22.8,22.91,995,13,22.8625
2024-02-21T05:00:00Z,22.67,22.9099,22.6503,22.8,2100,15,22.7453
2024-02-22T05:00:00Z,22.8399,22.84,22.725,22.725,3500,15,22.8042
2024-02-23T05:00:00Z,22.9,23.09,22.805,22.995,907,11,22.9348
2024-02-26T05:00:00Z,22.4,23.0899,22.4,23.0899,2775,11,22.9806
2024-02-27T05:00:00Z,22.62,22.82,22.62,22.8,449,15,22.715
2024-02-28T05:00:00Z,22.8,22.8,22.8,22.8,0,0,0
2024-02-29T05:00:00Z,22.9541,22.9541,22.9541,22.9541,312,4,22.9541
2024-03-01T05:00:00Z,22.9,22.9,22.6,22.6,2770,31,22.664
2024-03-04T05:00:00Z,22.6,22.6,22.5,22.5,1075,10,22.5625
2024-03-05T05:00:00Z,22.5,22.55,22.4,22.55,2054,16,22.4512
2024-03-06T05:00:00Z,22.61,22.61,22.61,22.61,195,3,22.61
2024-03-07T05:00:00Z,22.7,22.7,22.55,22.55,4385,41,22.5676
2024-03-08T05:00:00Z,22.61,22.75,22.55,22.55,5372,54,22.6004
2024-03-11T04:00:00Z,22.55,22.58,22.5,22.5,5718,16,22.5425
2024-03-12T04:00:00Z,22.52,22.52,22.52,22.52,120,5,22.52
2024-03-13T04:00:00Z,22.52,22.55,22.2412,22.4,2218,12,22.3849
2024-03-14T04:00:00Z,22.4,22.525,22.4,22.4,1917,18,22.4221
2024-03-15T04:00:00Z,22.4,22.4,22.4,22.4,0,0,0
2024-03-18T04:00:00Z,22.445,22.445,22.445,22.445,141,7,22.445
2024-03-19T04:00:00Z,22.35,22.4,21.4622,22.4,4450,32,21.8991
2024-03-20T04:00:00Z,22.25,22.3,22.2,22.3,4793,29,22.2845
2024-03-21T04:00:00Z,22.3073,22.9799,22.3073,22.8525,6017,64,22.6448
2024-03-22T04:00:00Z,22.7665,22.7665,22.6,22.6,3427,9,22.6277
2024-03-25T04:00:00Z,22.585,22.585,22.585,22.585,495,8,22.585
2024-03-26T04:00:00Z,22.2853,22.64,22.257,22.58,12900,98,22.3318
2024-03-27T04:00:00Z,22.76,22.8,22.48,22.8,4932,29,22.6216
2024-03-28T04:00:00Z,22.41,22.42,22.1,22.42,903,20,22.3251
2024-04-01T04:00:00Z,22.11,22.654,22.11,22.27,8777,82,22.333
2024-04-02T04:00:00Z,22.2,22.23,22.2,22.23,250,5,22.215
2024-04-03T04:00:00Z,22.4187,22.4187,22.08,22.08,500,5,22.1939
2024-04-04T04:00:00Z,22.2,22.2,22.2,22.2,850,11,22.2
2024-04-05T04:00:00Z,22,22,22,22,716,18,22
2024-04-08T04:00:00Z,22.04,22.04,21.89,21.89,2792,32,21.9481
2024-04-09T04:00:00Z,21.84,21.85,21.84,21.84,1529,11,21.8471
2024-04-10T04:00:00Z,21.3685,21.5894,21.3685,21.5894,1124,14,21.4372
2024-04-11T04:00:00Z,22.13,22.13,22.13,22.13,100,1,22.13
2024-04-12T04:00:00Z,21.54,21.6,21.21,21.35,3465,43,21.4107
2024-04-15T04:00:00Z,21.11,21.2,20.6,20.6,10801,71,21.0531
2024-04-16T04:00:00Z,20.72,20.86,20.5,20.75,6275,48,20.6252
2024-04-17T04:00:00Z,20.77,20.8,20.42,20.77,4751,46,20.7011
2024-04-18T04:00:00Z,20.53,20.78,20.53,20.74,1421,13,20.6888
2024-04-19T04:00:00Z,20.84,20.84,20.52,20.62,8605,58,20.6093
2024-04-22T04:00:00Z,20.51,20.6,20.5,20.56,10977,84,20.5546
2024-04-23T04:00:00Z,20.27,20.63,20.25,20.62,34058,162,20.4963
2024-04-24T04:00:00Z,20.55,20.56,20.55,20.56,719,10,20.5518
2024-04-25T04:00:00Z,20.46,20.5749,20.35,20.56,1043,14,20.4615
2024-04-26T04:00:00Z,20.56,20.56,20.48,20.48,1893,8,20.5495
2024-04-29T04:00:00Z,20.46,20.51,20.46,20.48,1441,15,20.4934
2024-04-30T04:00:00Z,20.45,20.45,20.35,20.39,2407,13,20.3986
2024-05-01T04:00:00Z,20.38,20.58,20.3,20.52,13445,95,20.4023
2024-05-02T04:00:00Z,20.48,20.63,20.48,20.63,3605,28,20.5473
2024-05-03T04:00:00Z,20.75,21.1186,20.63,20.98,3462,18,20.8355
2024-05-06T04:00:00Z,20.7379,20.89,20.64,20.75,12334,57,20.6615
2024-05-07T04:00:00Z,20.65,20.84,20.6,20.77,9664,52,20.7455
2024-05-08T04:00:00Z,20.6702,20.6702,20.33,20.54,9782,55,20.5027
2024-05-09T04:00:00Z,20.56,20.63,20.45,20.61,10601,78,20.5546
2024-05-10T04:00:00Z,20.55,20.62,20.53,20.62,8244,33,20.5496
2024-05-13T04:00:00Z,20.66,20.66,20.46,20.55,9645,69,20.5231
2024-05-14T04:00:00Z,20.46,20.53,20.39,20.5,13865,100,20.4772
2024-05-15T04:00:00Z,20.68,20.72,20.6,20.72,7221,74,20.6476
2024-05-16T04:00:00Z,20.725,20.725,20.6,20.66,1860,22,20.6456
2024-05-17T04:00:00Z,20.55,20.6099,20.55,20.6,1906,20,20.5725
2024-05-20T04:00:00Z,20.59,20.63,20.54,20.63,839,9,20.5631
2024-05-21T04:00:00Z,20.52,20.67,20.48,20.67,13844,85,20.5252
2024-05-22T04:00:00Z,20.55,20.63,20.54,20.63,2718,14,20.5583
2024-05-23T04:00:00Z,20.46,20.46,20.45,20.45,944,11,20.4529
2024-05-24T04:00:00Z,20.4167,20.545,20.32,20.54,11457,63,20.3761
2024-05-28T04:00:00Z,20.56,20.57,20.5,20.5,5678,16,20.5117
2024-05-29T04:00:00Z,20.38,20.45,20.1501,20.45,7793,33,20.2652
2024-05-30T04:00:00Z,20.305,20.53,20.25,20.53,27416,83,20.3097
2024-05-31T04:00:00Z,20.32,20.39,20.25,20.39,12293,30,20.301
2024-06-03T04:00:00Z,20.39,20.52,20.39,20.44,2495,24,20.4405
2024-06-04T04:00:00Z,20.44,20.65,20.4,20.56,22825,105,20.5543
2024-06-05T04:00:00Z,20.55,21.38,20.45,21.38,6179,55,20.5357
2024-06-06T04:00:00Z,20.61,20.75,20.61,20.7,3838,25,20.6332
2024-06-07T04:00:00Z,20.52,20.52,20.3101,20.45,3076,17,20.4366
2024-06-10T04:00:00Z,20.4,20.4499,20.32,20.43,4361,29,20.3891
2024-06-11T04:00:00Z,20.42,20.44,20.3,20.44,5965,38,20.3335
2024-06-12T04:00:00Z,20.52,20.62,20.49,20.62,2602,21,20.5483
2024-06-13T04:00:00Z,20.6,20.69,20.5,20.69,2399,21,20.6128
2024-06-14T04:00:00Z,20.52,20.6,20.47,20.6,3358,16,20.5268
2024-06-17T04:00:00Z,20.55,20.55,20.3472,20.43,9433,58,20.3636
2024-06-18T04:00:00Z,20.4664,20.78,20.35,20.78,4914,19,20.4195
2024-06-20T04:00:00Z,20.54,20.56,20.4001,20.56,8365,42,20.4791
2024-06-21T04:00:00Z,20.4,20.62,20.4,20.62,8771,19,20.4758
2024-06-24T04:00:00Z,20.5699,20.57,20.5,20.53,8200,60,20.5268
2024-06-25T04:00:00Z,20.58,20.58,20.41,20.555,8640,32,20.462
2024-06-26T04:00:00Z,20.48,20.565,20.45,20.54,6260,32,20.4725
2024-06-27T04:00:00Z,20.52,20.587,20.45,20.49,8024,45,20.4927
2024-06-28T04:00:00Z,20.45,20.58,20.31,20.58,10525,64,20.4301
2024-07-01T04:00:00Z,20.25,20.25,20,20.15,11931,79,20.1097
2024-07-02T04:00:00Z,20.1025,20.25,20.06,20.25,1877,22,20.1179
2024-07-03T04:00:00Z,20.23,20.44,20.2,20.36,11890,56,20.3148
2024-07-05T04:00:00Z,20.35,20.49,20.28,20.41,3077,33,20.3436
2024-07-08T04:00:00Z,20.35,20.39,20.27,20.39,9551,66,20.3219
2024-07-09T04:00:00Z,20.3,20.35,20.2,20.35,24338,108,20.2464
2024-07-10T04:00:00Z,20.35,20.38,20.2,20.38,11269,35,20.2472
2024-07-11T04:00:00Z,20.35,20.58,20.3,20.58,6287,49,20.3585
2024-07-12T04:00:00Z,20.54,20.54,20.38,20.41,6161,41,20.4109
2024-07-15T04:00:00Z,20.4,20.49,20.4,20.46,2373,20,20.4696
2024-07-16T04:00:00Z,20.4,20.58,20.3804,20.55,13107,58,20.464
2024-07-17T04:00:00Z,20.47,21.32,20.47,20.96,6635,58,20.7435
2024-07-18T04:00:00Z,21.095,21.095,20.6001,20.8,6424,24,20.8013
2024-07-19T04:00:00Z,20.74,20.98,20.74,20.98,763,9,20.9139
2024-07-22T04:00:00Z,20.99,21.05,20.81,21.05,3139,31,20.9092
2024-07-23T04:00:00Z,20.85,21,20.7505,20.9999,4590,32,20.9228
2024-07-24T04:00:00Z,20.7,20.88,20.7,20.88,682,18,20.7909
2024-07-25T04:00:00Z,20.99,20.99,20.7,20.95,1812,16,20.804
2024-07-26T04:00:00Z,20.89,20.89,20.84,20.85,608,9,20.856
2024-07-29T04:00:00Z,20.85,20.85,20.85,20.85,460,3,20.85
2024-07-30T04:00:00Z,20.85,20.85,20.85,20.85,0,0,0
2024-07-31T04:00:00Z,20.8,20.8,20.8,20.8,221,8,20.8
2024-08-01T04:00:00Z,20.8,20.8,20.8,20.8,0,0,0
2024-08-02T04:00:00Z,21.025,21.025,20.5601,20.9999,1982,25,20.8231
2024-08-05T04:00:00Z,20.41,20.85,19.87,20.58,5009,48,20.4141
2024-08-06T04:00:00Z,20.63,20.7372,20.5,20.7372,2754,21,20.6032
2024-08-07T04:00:00Z,20.73,20.73,20.51,20.62,8907,64,20.5968
2024-08-08T04:00:00Z,20.59,20.73,20.59,20.73,1933,21,20.6274
2024-08-09T04:00:00Z,20.74,20.79,20.62,20.79,512,7,20.7165
2024-08-12T04:00:00Z,20.7,20.79,20.3328,20.64,2375,24,20.6413
2024-08-13T04:00:00Z,20.74,20.74,20.65,20.68,1134,25,20.6911
2024-08-14T04:00:00Z,20.68,20.86,20.66,20.83,5080,41,20.71
2024-08-15T04:00:00Z,20.7164,20.9823,20.7164,20.9823,1741,6,20.9392
2024-08-16T04:00:00Z,20.76,20.95,20.66,20.95,8174,35,20.8002
2024-08-19T04:00:00Z,20.842,21.13,20.8,21.1,6867,38,20.9938
2024-08-20T04:00:00Z,21.1,21.73,20.99,21.15,1335,14,21.1482
2024-08-21T04:00:00Z,21.1013,21.78,21.1013,21.18,2162,24,21.2688
2024-08-22T04:00:00Z,21.19,21.19,21.19,21.19,546,4,21.19
2024-08-23T04:00:00Z,21.35,21.455,21.13,21.455,1580,18,21.3165
2024-08-26T04:00:00Z,21.41,21.7,21.27,21.4,1498,9,21.4123
2024-08-27T04:00:00Z,21.35,21.37,21.34,21.35,4480,31,21.3525
2024-08-28T04:00:00Z,21.35,21.55,21.3001,21.49,4500,33,21.4289
2024-08-29T04:00:00Z,21.45,21.65,21.395,21.52,11332,63,21.5122
2024-08-30T04:00:00Z,21.49,21.54,21.41,21.5,1055,12,21.5044
2024-09-03T04:00:00Z,21.59,21.79,21.59,21.79,5627,46,21.7074
2024-09-04T04:00:00Z,21.97,21.97,21.97,21.97,335,5,21.97
2024-09-05T04:00:00Z,21.88,22.37,21.51,22.37,3939,17,21.9505
2024-09-06T04:00:00Z,22.37,22.396,22.1,22.1,12730,43,22.2179
2024-09-09T04:00:00Z,21.9636,22.1489,21.94,22.1489,421,8,22.0504
2024-09-10T04:00:00Z,22.1489,22.1489,22.1489,22.1489,0,0,0
2024-09-11T04:00:00Z,22.15,22.35,22.135,22.15,4094,31,22.1534
2024-09-12T04:00:00Z,22.18,22.56,22.18,22.52,20853,194,22.3549
2024-09-13T04:00:00Z,22.58,22.85,22.58,22.77,12689,83,22.6601
2024-09-16T04:00:00Z,22.54,23.04,22.54,23.03,8200,50,22.8604
2024-09-17T04:00:00Z,22.8,23.2,22.78,23.2,5353,15,22.9357
2024-09-18T04:00:00Z,22.99,23.1203,22.89,23.1,4734,48,23.0087
2024-09-19T04:00:00Z,22.865,23.2,22.865,23.04,20237,143,23.0504
2024-09-20T04:00:00Z,23.04,23.1,22.91,23.04,11439,107,23.032
2024-09-23T04:00:00Z,22.55,23.07,22.55,22.78,11615,78,22.8671
2024-09-24T04:00:00Z,23.16,23.16,22.82,23.05,8410,77,22.9881
2024-09-25T04:00:00Z,23.13,23.13,22.84,22.84,3173,81,22.9091
2024-09-26T04:00:00Z,22.99,23.1,22.9382,23.09,14460,73,23.0581
2024-09-27T04:00:00Z,23.2,23.3701,23.18,23.37,11946,74,23.2363
2024-09-30T04:00:00Z,23.11,23.3499,23.0093,23.2165,12698,60,23.1783
2024-10-01T04:00:00Z,22.84,23.4985,22.8038,23.01,7331,64,22.9786
2024-10-02T04:00:00Z,22.745,23.63,22.745,23.63,10099,79,23.0846
2024-10-03T04:00:00Z,23.45,23.77,23.45,23.77,1658,12,23.6452
2024-10-04T04:00:00Z,23.77,23.77,23.4804,23.55,2033,20,23.6005
2024-10-07T04:00:00Z,23.52,23.55,23.15,23.55,2914,24,23.451
2024-10-08T04:00:00Z,23.51,23.54,23.51,23.54,735,6,23.5348
2024-10-09T04:00:00Z,23.285,23.285,23.25,23.25,640,4,23.2733
2024-10-10T04:00:00Z,23.26,23.26,23.23,23.23,810,6,23.2338
2024-10-11T04:00:00Z,23.28,23.28,22.59,23.07,7028,62,22.9848
2024-10-14T04:00:00Z,22.785,23.5354,22.785,23.5354,2202,22,23.0705
2024-10-15T04:00:00Z,23.54,23.54,23.06,23.25,2882,34,23.2603
2024-10-16T04:00:00Z,23.07,23.76,23.07,23.54,5092,22,23.5125
2024-10-17T04:00:00Z,23.5,23.5,23.5,23.5,620,4,23.5
2024-10-18T04:00:00Z,23.3449,23.55,23.3449,23.38,3265,11,23.4408
2024-10-21T04:00:00Z,23.28,23.64,23.28,23.58,4281,35,23.3167
2024-10-22T04:00:00Z,23.5,23.5,23.46,23.48,1473,9,23.4715
2024-10-23T04:00:00Z,23.2769,23.2769,23.0933,23.1,1255,18,23.1836
2024-10-24T04:00:00Z,23.05,23.14,23.005,23.14,1292,7,23.0831
2024-10-25T04:00:00Z,23.0501,23.24,23.05,23.05,4423,33,23.1539
2024-10-28T04:00:00Z,23.05,23.05,22.84,22.84,1043,6,23.0253
2024-10-29T04:00:00Z,22.75,23.04,22.75,23.04,241,3,22.895
2024-10-30T04:00:00Z,23.04,23.04,23.04,23.04,0,0,0
2024-10-31T04:00:00Z,23.1,23.1,23.1,23.1,685,7,23.1
2024-11-01T04:00:00Z,23.05,23.05,22.73,22.73,6531,17,22.8381
2024-11-04T05:00:00Z,22.5,22.98,22.5,22.98,958,14,22.58
2024-11-05T05:00:00Z,22.62,22.62,22.62,22.62,102,2,22.62
2024-11-06T05:00:00Z,22.848,22.848,22.59,22.63,43623,25,22.6514
2024-11-07T05:00:00Z,23.075,23.245,23.075,23.245,577,10,23.1175
2024-11-08T05:00:00Z,23.25,23.58,22.6557,22.6557,9982,49,23.5063
2024-11-11T05:00:00Z,22.8579,22.9,22.41,22.9,3361,41,22.7211
2024-11-12T05:00:00Z,22.7254,22.7254,22.5,22.64,18942,57,22.6806
2024-11-13T05:00:00Z,22.4,22.48,22.16,22.39,977,11,22.3653
2024-11-14T05:00:00Z,22.28,22.63,22.155,22.63,5877,56,22.4627
2024-11-15T05:00:00Z,22.81,23.0589,22.02,22.9262,2512,36,22.4904
2024-11-18T05:00:00Z,22.9262,22.9262,22.9262,22.9262,0,0,0
2024-11-19T05:00:00Z,22.35,22.79,22.2,22.2,5130,60,22.5154
2024-11-20T05:00:00Z,22.3492,22.6628,22.2,22.2,1818,19,22.4069
2024-11-21T05:00:00Z,22.39,22.39,22.39,22.39,143,2,22.39
2024-11-22T05:00:00Z,22.315,22.45,22.3,22.3,800,7,22.3288
2024-11-25T05:00:00Z,22.6,22.69,22.0201,22.0201,1646,11,22.4026
2024-11-26T05:00:00Z,22.0201,22.0201,22.0201,22.0201,0,0,0
2024-11-27T05:00:00Z,22.43,22.43,22.28,22.28,2710,25,22.3125
2024-11-29T05:00:00Z,23,23,23,23,1540,4,23
2024-12-02T05:00:00Z,22.65,23,22.5,22.9999,47706,32,22.5251
2024-12-03T05:00:00Z,22.6,22.6,22.6,22.6,150,2,22.6
2024-12-04T05:00:00Z,22.6,22.6,22.6,22.6,0,0,0
2024-12-05T05:00:00Z,22.63,22.63,22.63,22.63,1771,23,22.63
2024-12-06T05:00:00Z,22.66,22.75,22.45,22.75,5280,20,22.62
2024-12-09T05:00:00Z,22.6,22.7672,22.5,22.67,4851,14,22.5784
2024-12-10T05:00:00Z,22.35,22.6,22.33,22.6,569,7,22.4075
2024-12-11T05:00:00Z,22.6,22.6,22.35,22.3601,2367,21,22.434
2024-12-12T05:00:00Z,22.38,22.8779,22.3,22.3,2367,22,22.4982
2024-12-13T05:00:00Z,22.3,22.35,21.73,21.8563,6743,81,21.9976
2024-12-16T05:00:00Z,22,22.064,21.61,21.74,11484,117,21.8356
2024-12-17T05:00:00Z,21.68,21.69,21.31,21.346,15217,165,21.5249
2024-12-18T05:00:00Z,22.21,22.21,21.2,21.4432,5378,52,21.4631
2024-12-19T05:00:00Z,22.6923,22.6923,21.02,21.02,5829,28,21.5935
2024-12-20T05:00:00Z,21.25,21.51,21.1095,21.25,3009,24,21.2472
2024-12-23T05:00:00Z,21.18,21.25,21.02,21.24,5634,43,21.1702
2024-12-24T05:00:00Z,21.734,21.74,21.15,21.2924,3520,22,21.4376
2024-12-26T05:00:00Z,21.69,21.69,21.15,21.3541,14922,124,21.3217
2024-12-27T05:00:00Z,21.2,21.665,21.01,21.52,5878,45,21.1936
2024-12-30T05:00:00Z,21.31,21.31,21.22,21.22,655,11,21.2567
2024-12-31T05:00:00Z,21.2,21.3594,21.14,21.3594,5426,45,21.2112
2025-01-02T05:00:00Z,21,21,21,21,195,3,21
2025-01-03T05:00:00Z,21.65,21.65,21.05,21.3,751,9,21.2229
2025-01-06T05:00:00Z,21.49,21.65,21.05,21.622,7946,116,21.501
2025-01-07T05:00:00Z,21.375,21.65,21.375,21.5001,3079,35,21.5148
2025-01-08T05:00:00Z,21.3,21.55,21.28,21.51,2427,17,21.3111
2025-01-10T05:00:00Z,21.475,21.5709,21.1001,21.3001,4900,67,21.3261
2025-01-13T05:00:00Z,21.3,21.3,21.0499,21.1,4433,46,21.1425
2025-01-14T05:00:00Z,21.31,21.325,20.7,20.9864,12960,136,21.0073
2025-01-15T05:00:00Z,21.11,21.3495,21.11,21.15,1962,28,21.195
2025-01-16T05:00:00Z,21.4,21.4,21.3274,21.3274,881,13,21.3643
2025-01-17T05:00:00Z,21.33,21.33,21.2343,21.2343,1052,8,21.2481
2025-01-21T05:00:00Z,21.41,21.6012,21.1513,21.1513,2876,32,21.2821
2025-01-22T05:00:00Z,21.25,21.41,21.16,21.19,1318,45,21.2829
2025-01-23T05:00:00Z,21.15,21.21,21.15,21.16,2306,8,21.1733
2025-01-24T05:00:00Z,21.4,21.49,21.1005,21.1005,1585,24,21.3296
2025-01-27T05:00:00Z,21.31,21.31,21.31,21.31,109,3,21.31
2025-01-28T05:00:00Z,21.27,21.27,21.27,21.27,278,8,21.27
2025-01-29T05:00:00Z,21.27,21.27,21.1972,21.1972,2109,21,21.2109
2025-01-30T05:00:00Z,21.1,21.1899,20.75,20.75,6845,59,21.1094
2025-01-31T05:00:00Z,21.11,21.11,21.05,21.05,1052,14,21.0629
2025-02-03T05:00:00Z,21.06,21.06,20.75,20.83,10428,88,20.8361
2025-02-04T05:00:00Z,20.99,21,20.9,20.9,2303,13,20.9758
2025-02-05T05:00:00Z,20.89,21.0299,20.884,21.0299,6774,45,20.9111
2025-02-06T05:00:00Z,20.9,20.95,20.86,20.95,1765,22,20.9217
2025-02-07T05:00:00Z,20.61,20.8,20.58,20.75,32906,147,20.6631
2025-02-10T05:00:00Z,20.77,20.89,20.77,20.85,3027,90,20.8513
2025-02-11T05:00:00Z,20.83,20.9,20.83,20.9,9690,94,20.8655
2025-02-12T05:00:00Z,20.75,20.95,20.71,20.72,6550,20,20.807
2025-02-13T05:00:00Z,20.7479,20.89,20.7479,20.89,512,5,20.8321
2025-02-14T05:00:00Z,20.7019,21.2154,20.7019,21.2154,10934,68,20.8836
2025-02-18T05:00:00Z,21.16,21.22,21.05,21.19,2107,23,21.1648
2025-02-19T05:00:00Z,21.28,21.28,20.82,20.9001,2955,52,20.9166
2025-02-20T05:00:00Z,21.07,21.07,20.92,20.92,3140,26,20.9318
2025-02-21T05:00:00Z,20.9,21.36,20.9,21.36,674,7,21.065
2025-02-24T05:00:00Z,20.88,20.89,20.81,20.86,3413,29,20.8452
2025-02-25T05:00:00Z,21.01,21.36,20.98,21.2,1980,24,21.1635
2025-02-26T05:00:00Z,21.22,21.4,21,21.22,20515,199,21.16
2025-02-27T05:00:00Z,21.23,21.29,21.1687,21.23,2165,20,21.2392
2025-02-28T05:00:00Z,21.45,21.5,21,21.35,12053,119,21.4056
2025-03-03T05:00:00Z,21.35,21.45,21.165,21.294,2328,25,21.2571
2025-03-04T05:00:00Z,21.0903,21.5782,21.0903,21.5782,704,6,21.4721
2025-03-05T05:00:00Z,21.285,21.3702,21.02,21.26,3242,34,21.1857
2025-03-06T05:00:00Z,21.1934,21.24,20.8872,20.8872,3833,20,21.0982
2025-03-07T05:00:00Z,21,21.0946,21,21.0911,1927,22,21.0442
2025-03-10T04:00:00Z,21.16,21.265,20.94,21.26,8468,78,21.1434
2025-03-11T04:00:00Z,21.3,21.37,21.214,21.37,767,12,21.2815
2025-03-12T04:00:00Z,21.52,21.52,21.09,21.09,342,4,21.3767
2025-03-13T04:00:00Z,21.36,21.4913,21.32,21.4913,865,21,21.3936
2025-03-14T04:00:00Z,21.26,21.29,20.85,20.85,3340,47,21.2132
2025-03-17T04:00:00Z,21.2219,21.4743,20.9,21.2676,8458,26,21.2968
2025-03-18T04:00:00Z,21.22,21.22,21.22,21.22,229,6,21.22
2025-03-19T04:00:00Z,21.2,21.2425,21.2,21.2425,330,4,21.2288
2025-03-20T04:00:00Z,21.29,21.29,21.29,21.29,430,8,21.29
2025-03-21T04:00:00Z,21.29,21.29,21.29,21.29,0,0,0
2025-03-24T04:00:00Z,21.49,21.55,21.24,21.4199,1966,25,21.4596
2025-03-25T04:00:00Z,21.45,21.46,21.21,21.35,1547,27,21.3536
2025-03-26T04:00:00Z,21.46,21.46,21.31,21.31,617,12,21.3814
2025-03-27T04:00:00Z,21.27,21.44,21.2,21.2,1642,25,21.3344
2025-03-28T04:00:00Z,21.2,21.2,21.2,21.2,0,0,0
2025-03-31T04:00:00Z,21.21,21.3,20.89,20.89,4403,26,21.0607
2025-04-01T04:00:00Z,20.64,20.64,20.64,20.64,545,15,20.64
2025-04-02T04:00:00Z,20.6358,20.775,20.4901,20.63,5024,37,20.6015
2025-04-03T04:00:00Z,20.58,20.58,20.49,20.49,1077,25,20.5156
2025-04-04T04:00:00Z,20.31,20.47,20.1108,20.46,2742,25,20.2959
2025-04-07T04:00:00Z,19.3,20.6814,19.3,20.3227,4648,45,19.7911
2025-04-08T04:00:00Z,20.47,20.47,19.57,19.6,6648,51,19.7027
2025-04-09T04:00:00Z,19.62,20.57,19.5,20.57,6816,51,19.6491
2025-04-10T04:00:00Z,19.3116,20.01,19.3116,19.51,18570,47,19.5003
2025-04-11T04:00:00Z,19.51,20.3719,19.51,19.83,2509,24,19.865
2025-04-14T04:00:00Z,20.5365,20.5365,20.5365,20.5365,844,11,20.5365
2025-04-15T04:00:00Z,20.53,20.71,20.105,20.53,46143,113,20.539
2025-04-16T04:00:00Z,20.53,20.7511,20.53,20.75,1014,13,20.657
2025-04-17T04:00:00Z,20.7816,21.1,19.8328,20.7256,6463,33,20.752
2025-04-21T04:00:00Z,20.72,21.06,20.72,20.92,2476,23,20.8763
2025-04-22T04:00:00Z,21,21.0202,20.92,20.92,3091,33,20.9817
2025-04-23T04:00:00Z,21.05,21.1,21.05,21.07,1148,27,21.0867
2025-04-24T04:00:00Z,20.56,20.935,20.56,20.935,1681,27,20.6097
2025-04-25T04:00:00Z,20.9,20.94,20.5,20.9205,1857,30,20.7814
2025-04-28T04:00:00Z,20.8,20.8,20.8,20.8,359,27,20.8
2025-04-29T04:00:00Z,20.85,20.85,20.44,20.49,1831,25,20.76
2025-04-30T04:00:00Z,20.53,21.1,20.53,21.08,2728,27,21.0537
2025-05-01T04:00:00Z,21.2828,21.36,21.2828,21.36,881,14,21.3465
2025-05-02T04:00:00Z,21.36,21.36,21.36,21.36,0,0,0
2025-05-05T04:00:00Z,21.38,21.65,21.1635,21.46,5701,64,21.4388
2025-05-06T04:00:00Z,21.48,21.48,21.111,21.15,1143,22,21.1935
2025-05-07T04:00:00Z,21.21,21.36,20.64,20.64,1007,18,21.0898
2025-05-08T04:00:00Z,20.64,20.64,20.64,20.64,0,0,0
2025-05-09T04:00:00Z,21.5105,21.5105,20.904,20.904,1030,9,21.0639
2025-05-12T04:00:00Z,20.904,20.904,20.904,20.904,0,0,0
2025-05-13T04:00:00Z,20.925,21.2,20.925,21.2,1291,17,21.0682
2025-05-14T04:00:00Z,21.2,21.2,21.2,21.2,0,0,0
2025-05-15T04:00:00Z,21.2,21.25,21.2,21.25,881,13,21.2375
2025-05-16T04:00:00Z,21.45,21.49,21.43,21.43,416,11,21.4567
2025-05-19T04:00:00Z,20.4871,21.25,20.4871,21.25,334,11,20.8419
2025-05-20T04:00:00Z,21.156,21.156,21.156,21.156,603,6,21.156
2025-05-21T04:00:00Z,21.156,21.156,21.156,21.156,0,0,0
2025-05-22T04:00:00Z,20.39,20.58,20.38,20.56,2989,100,20.4769
2025-05-23T04:00:00Z,20.57,20.57,20.5,20.5071,766,17,20.5168
2025-05-27T04:00:00Z,20.75,20.83,20.65,20.65,1063,22,20.7363
2025-05-28T04:00:00Z,20.65,20.65,20.65,20.65,0,0,0
2025-05-29T04:00:00Z,20.91,21.07,20.91,21.07,821,17,21.03
2025-05-30T04:00:00Z,20.75,21.39,20.75,21.39,1148,16,21.0589
2025-06-02T04:00:00Z,20.84,20.84,20.84,20.84,472,11,20.84
2025-06-03T04:00:00Z,21.0915,21.0915,21.0915,21.0915,1434,17,21.0915
2025-06-04T04:00:00Z,20.6294,20.815,20.6294,20.815,944,18,20.666
2025-06-05T04:00:00Z,20.85,20.85,20.7,20.7,648,10,20.7495
2025-06-06T04:00:00Z,20.935,20.935,20.935,20.935,475,44,20.935
2025-06-09T04:00:00Z,21.171,21.171,21.171,21.171,383,10,21.171
2025-06-10T04:00:00Z,21.3565,21.3565,21.17,21.17,396,21,21.2943
2025-06-11T04:00:00Z,21.29,21.5,21.29,21.39,1901,27,21.3746
2025-06-12T04:00:00Z,20.83,21.11,20.83,21.11,204,6,20.97
2025-06-13T04:00:00Z,21.15,21.15,21.15,21.15,496,12,21.15
2025-06-16T04:00:00Z,20.86,21.2,20.61,20.8,2129,58,20.8585
2025-06-17T04:00:00Z,21.3506,21.3506,21.3506,21.3506,154,14,21.3506
2025-06-18T04:00:00Z,21.01,21.3171,21.01,21.304,1247,15,21.0956
2025-06-20T04:00:00Z,20.93,21.15,20.93,21.15,492,13,20.9887
2025-06-23T04:00:00Z,20.92,20.92,20.8,20.81,3027,25,20.8285
2025-06-24T04:00:00Z,20.95,20.95,20.9,20.9,604,9,20.9267
2025-06-25T04:00:00Z,21.11,21.11,20.81,20.9318,636,14,20.9527
2025-06-26T04:00:00Z,20.9318,20.9318,20.9318,20.9318,0,0,0
2025-06-27T04:00:00Z,21.03,21.2,21.03,21.2,1273,9,21.185
2025-06-30T04:00:00Z,21.1,21.22,20.95,20.95,855,24,21.09
2025-07-01T04:00:00Z,20.95,20.95,20.61,20.85,2990,15,20.8972
2025-07-02T04:00:00Z,21.1,21.1865,20.56,20.6891,1248,19,20.945
2025-07-03T04:00:00Z,20.6891,20.6891,20.6891,20.6891,0,0,0
2025-07-07T04:00:00Z,21.5,21.5,21.5,21.5,930,14,21.5
2025-07-08T04:00:00Z,21.16,21.16,21.16,21.16,199,13,21.16
2025-07-09T04:00:00Z,21.16,21.16,21.16,21.16,0,0,0
2025-07-10T04:00:00Z,21.29,21.4156,21.08,21.08,2426,13,21.358
2025-07-11T04:00:00Z,21.08,21.08,21.08,21.08,0,0,0
2025-07-14T04:00:00Z,21.35,21.49,20.9,20.95,2480,22,21.2079
2025-07-15T04:00:00Z,21.3515,21.3515,20.91,20.91,1196,40,21.1424
2025-07-16T04:00:00Z,21.03,21.96,21.03,21.6242,10634,127,21.5007
2025-07-17T04:00:00Z,22.25,22.25,21.1208,21.22,3622,51,21.564
2025-07-18T04:00:00Z,21.31,21.33,21.25,21.25,844,18,21.2912
2025-07-21T04:00:00Z,21.5444,21.73,21.27,21.7,2411,31,21.5238
2025-07-22T04:00:00Z,21.4,21.9926,21.25,21.6448,2505,21,21.4932
2025-07-23T04:00:00Z,21.9999,22,21.42,21.9927,3284,30,21.6584
2025-07-24T04:00:00Z,21.59,22,21.52,21.62,2304,35,21.6811
2025-07-25T04:00:00Z,22.13,22.25,21.6441,22,3073,28,21.9566
2025-07-28T04:00:00Z,21.91,22,21.65,21.82,1298,26,21.803
2025-07-29T04:00:00Z,21.59,21.59,21.59,21.59,449,13,21.59
2025-07-30T04:00:00Z,21.59,21.59,21.59,21.59,0,0,0
2025-07-31T04:00:00Z,21.59,21.59,21.59,21.59,0,0,0
2025-08-01T04:00:00Z,21.5396,22,21.4901,21.745,1602,20,21.65
2025-08-04T04:00:00Z,21.745,21.745,21.745,21.745,0,0,0
2025-08-05T04:00:00Z,21.2201,21.61,21.2178,21.2178,1461,29,21.3334
2025-08-06T04:00:00Z,21.32,21.35,21.2,21.31,1844,23,21.2977
2025-08-07T04:00:00Z,21.5,21.54,21.35,21.35,16544,21,21.5164
2025-08-08T04:00:00Z,21.35,21.35,21.35,21.35,0,0,0
2025-08-11T04:00:00Z,21.6659,21.7,21.5,21.6999,1304,32,21.6354
2025-08-12T04:00:00Z,21.41,21.41,21.3755,21.3755,634,11,21.3814
2025-08-13T04:00:00Z,21.53,21.8,21.4,21.6576,7556,90,21.5616
2025-08-14T04:00:00Z,22.2,22.45,21.855,22.325,7355,76,22.2035
2025-08-15T04:00:00Z,22.22,22.22,22.22,22.22,301,10,22.22
2025-08-18T04:00:00Z,22.83,22.83,22.5,22.6,508,10,22.5908
2025-08-19T04:00:00Z,22.69,22.8,22.2,22.8,4748,54,22.4946
2025-08-20T04:00:00Z,22.67,22.67,22.4726,22.66,462,12,22.6107
2025-08-21T04:00:00Z,22.66,22.66,22.6306,22.66,409,8,22.6453
2025-08-22T04:00:00Z,22.8,22.94,22.5077,22.94,1260,25,22.7275
2025-08-25T04:00:00Z,22.94,22.94,22.94,22.94,0,0,0
2025-08-26T04:00:00Z,22.75,22.75,22.5,22.5,1411,13,22.5582
2025-08-27T04:00:00Z,22.62,23.1,22.62,22.8244,5431,61,22.7564
2025-08-28T04:00:00Z,22.31,22.5976,22.1401,22.1401,1402,25,22.4044
2025-08-29T04:00:00Z,22.1401,22.1401,22.1401,22.1401,0,0,0
2025-09-02T04:00:00Z,22.5,22.5001,22.4739,22.4739,353,14,22.4913
2025-09-03T04:00:00Z,22.4739,22.4739,22.4739,22.4739,0,0,0
2025-09-04T04:00:00Z,22.28,22.28,22.28,22.28,501,13,22.28
2025-09-05T04:00:00Z,22.28,22.28,22.28,22.28,0,0,0
2025-09-08T04:00:00Z,22.43,22.45,22.16,22.16,6523,48,22.3902
2025-09-09T04:00:00Z,22.45,22.45,22.44,22.44,2366,21,22.4418
2025-09-10T04:00:00Z,22.155,22.2323,22.01,22.08,7182,68,22.0896
2025-09-11T04:00:00Z,22.08,22.08,22.08,22.08,0,0,0
2025-09-12T04:00:00Z,22.28,22.48,22.28,22.48,1510,24,22.3484
2025-09-15T04:00:00Z,22.54,22.8,22.28,22.3,9995,117,22.4036
2025-09-16T04:00:00Z,22.4261,22.4261,22.31,22.32,2610,36,22.341
2025-09-17T04:00:00Z,22.7294,22.75,22.7294,22.75,605,7,22.7363
2025-09-18T04:00:00Z,22.1201,22.1201,22.1201,22.1201,112,8,22.1201
2025-09-19T04:00:00Z,22.2,22.2,22.2,22.2,130,6,22.2
2025-09-22T04:00:00Z,22.23,22.23,22.22,22.2201,1628,25,22.2215
2025-09-23T04:00:00Z,22.2201,22.2201,22.2201,22.2201,0,0,0
2025-09-24T04:00:00Z,22.52,22.52,22.2814,22.4808,649,22,22.4566
2025-09-25T04:00:00Z,22.26,22.4404,22.2,22.4404,1228,17,22.2776
2025-09-26T04:00:00Z,22.2376,22.6947,22.2376,22.6947,843,14,22.4953
2025-09-29T04:00:00Z,22.6947,22.6947,22.6947,22.6947,0,0,0
2025-09-30T04:00:00Z,22.6947,22.6947,22.6947,22.6947,0,0,0
2025-10-01T04:00:00Z,22,22.0001,22,22,1383,17,22
2025-10-02T04:00:00Z,22.17,22.2,21.81,22.2,1693,41,21.916
2025-10-03T04:00:00Z,22.4005,22.4005,22.4005,22.4005,309,8,22.4005
2025-10-06T04:00:00Z,21.92,22.2,21.92,22.2,1924,28,22.0489
2025-10-07T04:00:00Z,22.1426,22.1426,22.1426,22.1426,148,11,22.1426
2025-10-08T04:00:00Z,22.1054,22.1054,22.1054,22.1054,621,17,22.1054
2025-10-09T04:00:00Z,22.1054,22.1054,22.1054,22.1054,0,0,0
2025-10-10T04:00:00Z,21.9,21.9,21.81,21.8101,1549,21,21.885
2025-10-13T04:00:00Z,21.73,22.25,21.73,21.7899,1686,48,21.8771
2025-10-14T04:00:00Z,21.8,22.09,21.8,21.84,1894,38,21.874
2025-10-15T04:00:00Z,22.2669,22.2831,21.9502,22.2597,4061,57,22.1409
2025-10-16T04:00:00Z,22.255,22.34,22.2,22.27,4685,59,22.2601
2025-10-17T04:00:00Z,22.27,22.27,22.27,22.27,0,0,0
2025-10-20T04:00:00Z,22,22,21.854,21.9642,1257,50,21.9603
2025-10-21T04:00:00Z,21.66,21.66,21.63,21.63,1805,63,21.6424
2025-10-22T04:00:00Z,21.5823,21.5823,21.5823,21.5823,294,17,21.5823
2025-10-23T04:00:00Z,21.54,21.93,21.54,21.54,4431,64,21.5581
2025-10-24T04:00:00Z,21.8294,22.15,21.8294,21.8533,426,12,21.9303
2025-10-27T04:00:00Z,21.6884,21.92,21.6884,21.74,2757,35,21.7824
2025-10-28T04:00:00Z,21.81,21.81,21.1,21.434,1195,25,21.4328
2025-10-29T04:00:00Z,21.77,21.77,21.29,21.29,788,25,21.54
2025-10-30T04:00:00Z,21.399,21.4775,21.399,21.43,818,19,21.427
2025-10-31T04:00:00Z,21.4674,21.4674,21.12,21.32,4752,70,21.2779
2025-11-03T05:00:00Z,20.85,21.135,20.85,21.02,1930,51,21.0524
2025-11-04T05:00:00Z,21,21,20.55,20.75,2681,65,20.7293
2025-11-05T05:00:00Z,20.56,20.84,20.56,20.8,1351,36,20.752
2025-11-06T05:00:00Z,20.81,20.84,20.7833,20.84,661,15,20.8255
2025-11-07T05:00:00Z,20.8499,20.8499,20.8499,20.8499,329,20,20.8499
2025-11-10T05:00:00Z,20.85,20.98,20.67,20.98,2559,31,20.7851
2025-11-11T05:00:00Z,20.85,20.85,20.7,20.75,2807,32,20.7615
2025-11-12T05:00:00Z,20.75,20.75,20.415,20.55,11225,61,20.571
2025-11-13T05:00:00Z,20.6,20.6,20.58,20.58,1000,12,20.5906
2025-11-14T05:00:00Z,20.55,20.55,20.4559,20.46,5810,54,20.4871
2025-11-17T05:00:00Z,20.54,20.54,20.47,20.48,2387,22,20.5101
2025-11-18T05:00:00Z,20.4,20.45,20.22,20.45,6944,54,20.3276
2025-11-19T05:00:00Z,20.54,20.54,20.45,20.45,1001,25,20.4799
2025-11-20T05:00:00Z,20.53,20.655,20.5,20.54,2728,31,20.5511
2025-11-21T05:00:00Z,20.5938,20.72,20.4,20.72,476,13,20.5727
2025-11-24T05:00:00Z,20.72,20.72,20.72,20.72,0,0,0
2025-11-25T05:00:00Z,20.6,20.81,20.6,20.81,1604,16,20.6892
2025-11-26T05:00:00Z,20.45,20.85,20.45,20.7846,1587,14,20.723
2025-11-28T05:00:00Z,20.88,20.88,20.88,20.88,103,4,20.88
2025-12-01T05:00:00Z,20.87,21.07,20.785,20.82,6624,56,20.8887
2025-12-02T05:00:00Z,20.89,20.89,20.75,20.75,1023,16,20.8157
2025-12-03T05:00:00Z,21.02,21.02,20.73,20.75,2325,38,20.8138
2025-12-04T05:00:00Z,20.72,20.84,20.72,20.76,3131,28,20.7792
2025-12-05T05:00:00Z,20.69,21.12,20.55,20.5811,6496,59,20.7946
2025-12-08T05:00:00Z,20.48,20.6,20.13,20.45,6576,65,20.4346
2025-12-09T05:00:00Z,20.46,20.98,20.38,20.51,9264,63,20.5225
2025-12-10T05:00:00Z,20.7,20.84,20.515,20.81,4546,47,20.6297
2025-12-11T05:00:00Z,20.92,21.38,20.89,21.2107,11519,118,21.1009
2025-12-12T05:00:00Z,21.41,21.41,21,21,855,15,21.1952
2025-12-15T05:00:00Z,21.14,21.3,20.28,21.13,14914,73,20.7576
2025-12-16T05:00:00Z,20.95,21.1,20.95,21.1,1432,16,21.0307
2025-12-17T05:00:00Z,21.1,21.1,20.7046,20.7046,2014,22,20.8427
2025-12-18T05:00:00Z,20.76,21,20.74,20.88,3636,46,20.8931
2025-12-19T05:00:00Z,20.87,21.265,20.841,20.9,5715,77,21.0246
2025-12-22T05:00:00Z,21.2,21.2,21.2,21.2,645,115,21.2
2025-12-23T05:00:00Z,21.305,21.305,20.9,20.94,5085,48,21.0669
2025-12-24T05:00:00Z,20.99,20.99,20.72,20.72,1288,19,20.8513
2025-12-26T05:00:00Z,20.8,21.3199,20.5801,20.9817,10746,70,20.8003
2025-12-29T05:00:00Z,20.98,20.98,20.56,20.65,9706,125,20.6229
2025-12-30T05:00:00Z,20.7,20.9089,20.7,20.9089,2893,39,20.7495
2025-12-31T05:00:00Z,20.73,21.1199,20.73,20.81,5696,78,20.9285
