timestamp,open,high,low,close,volume,tradeCount,vwap
2016-01-04T05:00:00Z,57.17,57.2086,57.0524,57.1,186670,142,57.1456
2016-01-05T05:00:00Z,57.14,57.19,57.0801,57.1192,25781,104,57.12
2016-01-06T05:00:00Z,57.24,57.38,57.23,57.38,195628,430,57.3357
2016-01-07T05:00:00Z,57.39,57.39,57.26,57.34,27208,124,57.3059
2016-01-08T05:00:00Z,57.3,57.45,57.3,57.4201,204804,145,57.3551
2016-01-11T05:00:00Z,57.29,57.39,57.29,57.32,356262,184,57.3309
2016-01-12T05:00:00Z,57.31,57.5368,57.27,57.42,45329,222,57.4639
2016-01-13T05:00:00Z,57.43,57.66,57.41,57.59,640436,339,57.5483
2016-01-14T05:00:00Z,57.5875,57.6099,57.41,57.5,37769,234,57.5049
2016-01-15T05:00:00Z,57.61,57.6596,57.5401,57.6284,29742,167,57.5984
2016-01-19T05:00:00Z,57.5899,57.62,57.52,57.52,46839,225,57.5804
2016-01-20T05:00:00Z,57.75,57.77,57.6159,57.64,95664,675,57.6821
2016-01-21T05:00:00Z,57.75,57.75,57.54,57.57,68791,283,57.5939
2016-01-22T05:00:00Z,57.49,57.51,57.36,57.48,76150,216,57.4335
2016-01-25T05:00:00Z,57.64,57.64,57.39,57.39,267112,1082,57.4854
2016-01-26T05:00:00Z,57.6,57.6,57.4,57.55,50918,226,57.5079
2016-01-27T05:00:00Z,57.37,57.5399,57.37,57.5,36177,179,57.4363
2016-01-28T05:00:00Z,57.5491,57.6189,57.4501,57.52,28801,167,57.556
2016-01-29T05:00:00Z,57.63,57.78,57.63,57.67,55679,168,57.7199
2016-02-01T05:00:00Z,57.46,57.57,57.43,57.49,35065,224,57.49
2016-02-02T05:00:00Z,57.67,57.71,57.62,57.68,36028,175,57.6753
2016-02-03T05:00:00Z,57.7799,57.84,57.6701,57.73,85951,348,57.7624
2016-02-04T05:00:00Z,57.74,57.85,57.68,57.81,601918,656,57.8016
2016-02-05T05:00:00Z,57.78,57.86,57.7,57.84,39799,250,57.8043
2016-02-08T05:00:00Z,57.86,58.1,57.84,58.06,82682,255,58.0429
2016-02-09T05:00:00Z,58.16,58.16,57.92,58.046,208905,230,57.9809
2016-02-10T05:00:00Z,58,58.12,57.95,58.07,51059,253,58.0632
2016-02-11T05:00:00Z,58.32,58.35,58.106,58.15,48396,166,58.2004
2016-02-12T05:00:00Z,58.06,58.07,57.86,57.93,43754,184,57.921
2016-02-16T05:00:00Z,57.74,57.8585,57.7101,57.8,38081,151,57.7982
2016-02-17T05:00:00Z,57.7001,57.78,57.6501,57.77,62019,207,57.7179
2016-02-18T05:00:00Z,57.78,58.01,57.78,58,66794,184,57.934
2016-02-19T05:00:00Z,58.05,58.05,57.82,57.91,101750,397,57.9075
2016-02-22T05:00:00Z,57.93,57.9999,57.91,57.93,28294,122,57.9416
2016-02-23T05:00:00Z,57.83,58.0799,57.83,58.01,37448,122,58.0162
2016-02-24T05:00:00Z,58.11,58.2356,58.0101,58.04,28327,102,58.1017
2016-02-25T05:00:00Z,58.14,58.23,58.08,58.18,50424,114,58.1688
2016-02-26T05:00:00Z,58.09,58.1199,57.95,58.03,41391,153,58.0078
2016-02-29T05:00:00Z,58,58.09,58,58.05,37684,149,58.0509
2016-03-01T05:00:00Z,57.96,58.03,57.77,57.78,31947,165,57.8382
2016-03-02T05:00:00Z,57.77,57.83,57.72,57.82,72089,237,57.7805
2016-03-03T05:00:00Z,57.8,57.91,57.77,57.86,73855,420,57.8334
2016-03-04T05:00:00Z,57.85,57.88,57.65,57.73,67142,278,57.7406
2016-03-07T05:00:00Z,57.74,57.75,57.651,57.75,27891,118,57.7216
2016-03-08T05:00:00Z,57.98,58.02,57.891,57.98,113728,274,57.9602
2016-03-09T05:00:00Z,57.9,57.995,57.862,57.96,698248,383,57.948
2016-03-10T05:00:00Z,57.96,57.994,57.81,57.92,47950,145,57.8761
2016-03-11T05:00:00Z,57.85,57.9499,57.74,57.8,270924,218,57.7627
2016-03-14T04:00:00Z,57.83,57.9199,57.83,57.88,15264,109,57.8841
2016-03-15T04:00:00Z,57.94,57.9499,57.8201,57.86,151555,132,57.8907
2016-03-16T04:00:00Z,57.77,58.07,57.745,58.04,108490,344,57.8725
2016-03-17T04:00:00Z,58.09,58.23,58.085,58.17,30250,211,58.1773
2016-03-18T04:00:00Z,58.29,58.3,58.1918,58.23,42429,151,58.2562
2016-03-21T04:00:00Z,58.17,58.2199,58.134,58.18,72134,424,58.1937
2016-03-22T04:00:00Z,58.13,58.27,58.05,58.06,47830,213,58.1521
2016-03-23T04:00:00Z,58.05,58.2399,58.05,58.2,80699,436,58.1877
2016-03-24T04:00:00Z,58.27,58.2943,58.18,58.27,48550,184,58.226
2016-03-28T04:00:00Z,58.17,58.35,58.17,58.2596,166248,261,58.305
2016-03-29T04:00:00Z,58.34,58.52,58.32,58.46,26823,201,58.427
2016-03-30T04:00:00Z,58.45,58.4527,58.34,58.42,257013,261,58.4379
2016-03-31T04:00:00Z,58.42,58.62,58.42,58.55,143599,410,58.5349
2016-04-01T04:00:00Z,58.53,58.53,58.33,58.4,654361,844,58.3611
2016-04-04T04:00:00Z,58.48,58.51,58.41,58.46,45679,225,58.4539
2016-04-05T04:00:00Z,58.56,58.65,58.54,58.57,91559,298,58.5925
2016-04-06T04:00:00Z,58.59,58.59,58.51,58.58,100795,328,58.5657
2016-04-07T04:00:00Z,58.65,58.82,58.6201,58.735,33293,161,58.727
2016-04-08T04:00:00Z,58.69,58.7099,58.61,58.65,299304,456,58.6578
2016-04-11T04:00:00Z,58.61,58.74,58.608,58.66,31166,170,58.672
2016-04-12T04:00:00Z,58.53,58.62,58.5,58.59,984520,385,58.5643
2016-04-13T04:00:00Z,58.55,58.64,58.49,58.59,92800,640,58.5664
2016-04-14T04:00:00Z,58.58,58.61,58.51,58.52,53233,215,58.5429
2016-04-15T04:00:00Z,58.59,58.675,58.59,58.63,32741,169,58.6483
2016-04-18T04:00:00Z,58.61,58.655,58.55,58.65,486921,170,58.6354
2016-04-19T04:00:00Z,58.58,58.6599,58.5457,58.63,64174,299,58.6193
2016-04-20T04:00:00Z,58.67,58.71,58.48,58.51,47002,300,58.5753
2016-04-21T04:00:00Z,58.45,58.46,58.33,58.41,24756,153,58.4111
2016-04-22T04:00:00Z,58.45,58.485,58.43,58.43,44387,189,58.4505
2016-04-25T04:00:00Z,58.45,58.45,58.34,58.34,32809,244,58.4117
2016-04-26T04:00:00Z,58.38,58.4,58.26,58.28,46086,187,58.3308
2016-04-27T04:00:00Z,58.41,58.55,58.3701,58.55,74808,525,58.4567
2016-04-28T04:00:00Z,58.54,58.6499,58.5,58.63,31823,111,58.5676
2016-04-29T04:00:00Z,58.56,58.64,58.55,58.6,41969,173,58.5879
2016-05-02T04:00:00Z,58.51,58.51,58.38,58.4,25875,121,58.46
2016-05-03T04:00:00Z,58.54,58.75,58.54,58.64,175578,461,58.6642
2016-05-04T04:00:00Z,58.7,58.72,58.55,58.59,72096,376,58.6479
2016-05-05T04:00:00Z,58.66,58.785,58.575,58.71,42634,153,58.7072
2016-05-06T04:00:00Z,58.75,58.7699,58.7024,58.73,77346,203,58.7473
2016-05-09T04:00:00Z,58.76,58.785,58.7,58.78,21742,104,58.7507
2016-05-10T04:00:00Z,58.77,58.82,58.66,58.81,149717,432,58.7727
2016-05-11T04:00:00Z,58.78,58.8999,58.71,58.85,148378,778,58.824
2016-05-12T04:00:00Z,58.76,58.836,58.73,58.7301,44482,332,58.7791
2016-05-13T04:00:00Z,58.73,58.91,58.73,58.87,36074,252,58.8698
2016-05-16T04:00:00Z,58.8,58.8299,58.76,58.78,28958,178,58.7943
2016-05-17T04:00:00Z,58.74,58.8,58.69,58.748,83057,392,58.7488
2016-05-18T04:00:00Z,58.57,58.62,58.38,58.46,43023,139,58.5545
2016-05-19T04:00:00Z,58.36,58.5228,58.36,58.43,79686,186,58.4131
2016-05-20T04:00:00Z,58.44,58.49,58.32,58.3701,86339,318,58.4136
2016-05-23T04:00:00Z,58.46,58.51,58.35,58.45,42125,222,58.4219
2016-05-24T04:00:00Z,58.37,58.51,58.3401,58.42,27719,134,58.3835
2016-05-25T04:00:00Z,58.395,58.4586,58.3729,58.43,26868,205,58.4187
2016-05-26T04:00:00Z,58.43,58.5495,58.42,58.47,29181,195,58.4824
2016-05-27T04:00:00Z,58.52,58.53,58.2801,58.49,64349,295,58.4382
2016-05-31T04:00:00Z,58.3815,58.55,58.35,58.52,119594,226,58.5017
2016-06-01T04:00:00Z,58.45,58.49,58.35,58.36,68312,352,58.4012
2016-06-02T04:00:00Z,58.45,58.52,58.37,58.5,52867,281,58.497
2016-06-03T04:00:00Z,58.74,58.84,58.68,58.82,96303,572,58.7845
2016-06-06T04:00:00Z,58.7,58.7999,58.65,58.68,424102,216,58.6752
2016-06-07T04:00:00Z,58.77,58.817,58.73,58.78,45334,324,58.7869
2016-06-08T04:00:00Z,58.78,58.86,58.7301,58.82,133000,517,58.8213
2016-06-09T04:00:00Z,58.95,58.97,58.9,58.94,205227,297,58.952
2016-06-10T04:00:00Z,59.02,59.1099,58.97,59.0632,41326,180,59.0279
2016-06-13T04:00:00Z,59.1,59.12,59,59.0401,18461,125,59.0708
2016-06-14T04:00:00Z,59.12,59.16,58.97,58.99,44106,199,59.0188
2016-06-15T04:00:00Z,59.01,59.2,59.01,59.15,35647,223,59.1214
2016-06-16T04:00:00Z,59.16,59.21,59.06,59.11,46147,384,59.1213
2016-06-17T04:00:00Z,59.09,59.09,59.0001,59.03,25516,150,59.0548
2016-06-20T04:00:00Z,58.96,58.99,58.89,58.94,56760,161,58.9523
2016-06-21T04:00:00Z,58.9308,58.9838,58.86,58.88,31964,123,58.8899
2016-06-22T04:00:00Z,58.9,58.96,58.8701,58.91,47697,310,58.9179
2016-06-23T04:00:00Z,58.82,58.87,58.78,58.82,37037,207,58.8271
2016-06-24T04:00:00Z,59.16,59.25,59.0526,59.11,32943,189,59.1536
2016-06-27T04:00:00Z,59.33,59.43,59.2,59.31,163420,663,59.3445
2016-06-28T04:00:00Z,59.48,59.48,59.257,59.44,77197,164,59.3453
2016-06-29T04:00:00Z,59.37,59.44,59.31,59.36,28557,127,59.406
2016-06-30T04:00:00Z,59.36,59.46,59.36,59.41,50394,284,59.395
2016-07-01T04:00:00Z,59.44,59.47,59.315,59.44,58250,294,59.4165
2016-07-05T04:00:00Z,59.75,59.75,59.55,59.65,197066,354,59.6461
2016-07-06T04:00:00Z,59.73,59.82,59.58,59.78,40969,280,59.6983
2016-07-07T04:00:00Z,59.85,59.85,59.6142,59.71,45601,135,59.6753
2016-07-08T04:00:00Z,59.67,59.8,59.67,59.77,34613,167,59.7342
2016-07-11T04:00:00Z,59.76,59.76,59.5901,59.63,33665,153,59.6386
2016-07-12T04:00:00Z,59.56,59.56,59.4001,59.42,323739,314,59.4708
2016-07-13T04:00:00Z,59.6,59.7099,59.51,59.55,60914,252,59.5812
2016-07-14T04:00:00Z,59.39,59.53,59.39,59.52,24256,126,59.493
2016-07-15T04:00:00Z,59.38,59.41,59.25,59.28,77685,361,59.2795
2016-07-18T04:00:00Z,59.37,59.43,59.203,59.34,75628,399,59.3079
2016-07-19T04:00:00Z,59.38,59.4415,59.3301,59.41,31958,170,59.4044
2016-07-20T04:00:00Z,59.36,59.3799,59.27,59.34,40621,258,59.3125
2016-07-21T04:00:00Z,59.19,59.41,59.19,59.38,36072,124,59.3347
2016-07-22T04:00:00Z,59.32,59.4599,59.3075,59.4,41074,169,59.3813
2016-07-25T04:00:00Z,59.43,59.43,59.3301,59.36,28833,138,59.3768
2016-07-26T04:00:00Z,59.45,59.45,59.301,59.38,39362,189,59.3536
2016-07-27T04:00:00Z,59.42,59.53,59.31,59.53,44628,187,59.4403
2016-07-28T04:00:00Z,59.4538,59.57,59.429,59.47,48261,201,59.5077
2016-07-29T04:00:00Z,59.5854,59.7,59.54,59.7,40248,187,59.6264
2016-08-01T04:00:00Z,59.42,59.5,59.29,59.31,271486,1101,59.3807
2016-08-02T04:00:00Z,59.28,59.39,59.157,59.32,87175,280,59.3245
2016-08-03T04:00:00Z,59.25,59.35,59.172,59.34,161640,814,59.316
2016-08-04T04:00:00Z,59.32,59.49,59.26,59.44,42857,113,59.4543
2016-08-05T04:00:00Z,59.335,59.34,59.1901,59.25,28590,110,59.2604
2016-08-08T04:00:00Z,59.16,59.3,59.16,59.2,36456,107,59.2425
2016-08-09T04:00:00Z,59.3,59.3799,59.28,59.33,620879,909,59.3073
2016-08-10T04:00:00Z,59.36,59.4699,59.32,59.45,125640,411,59.3927
2016-08-11T04:00:00Z,59.43,59.43,59.28,59.28,234798,540,59.3696
2016-08-12T04:00:00Z,59.44,59.55,59.4,59.44,26326,120,59.4747
2016-08-15T04:00:00Z,59.38,59.44,59.3754,59.38,119509,328,59.3976
2016-08-16T04:00:00Z,59.31,59.38,59.28,59.3326,244113,589,59.307
2016-08-17T04:00:00Z,59.32,59.4599,59.29,59.38,70607,170,59.3591
2016-08-18T04:00:00Z,59.37,59.5055,59.37,59.47,28600,110,59.4573
2016-08-19T04:00:00Z,59.38,59.42,59.3048,59.41,51871,385,59.344
2016-08-22T04:00:00Z,59.46,59.51,59.4001,59.47,41710,225,59.4504
2016-08-23T04:00:00Z,59.53,59.53,59.4401,59.46,48924,182,59.4824
2016-08-24T04:00:00Z,59.46,59.51,59.4,59.48,54507,209,59.4666
2016-08-25T04:00:00Z,59.44,59.4699,59.38,59.43,30758,169,59.4279
2016-08-26T04:00:00Z,59.45,59.5145,59.27,59.2813,34132,228,59.3875
2016-08-29T04:00:00Z,59.34,59.459,59.34,59.41,34899,194,59.4091
2016-08-30T04:00:00Z,59.45,59.49,59.37,59.44,41379,218,59.4225
2016-08-31T04:00:00Z,59.46,59.47,59.35,59.36,120687,175,59.4481
2016-09-01T04:00:00Z,59.21,59.35,59.1594,59.33,36634,186,59.2976
2016-09-02T04:00:00Z,59.27,59.3,59.131,59.21,118804,732,59.2061
2016-09-06T04:00:00Z,59.25,59.45,59.24,59.35,661919,1179,59.342
2016-09-07T04:00:00Z,59.45,59.47,59.3706,59.3974,21588,103,59.415
2016-09-08T04:00:00Z,59.31,59.38,59.1501,59.22,90937,115,59.2907
2016-09-09T04:00:00Z,59.04,59.085,58.91,59.01,123130,931,59.004
2016-09-12T04:00:00Z,59.01,59.06,58.9,58.98,336251,149,59.0557
2016-09-13T04:00:00Z,59.04,59.04,58.77,58.86,1180637,225,58.8213
2016-09-14T04:00:00Z,58.87,58.9499,58.8254,58.87,133598,291,58.8895
2016-09-15T04:00:00Z,58.92,58.96,58.79,58.912,95333,350,58.8832
2016-09-16T04:00:00Z,58.93,58.97,58.88,58.93,37891,202,58.9149
2016-09-19T04:00:00Z,58.89,58.97,58.88,58.88,184808,259,58.9351
2016-09-20T04:00:00Z,58.99,59.0252,58.9222,58.96,33101,129,58.9677
2016-09-21T04:00:00Z,58.97,59.08,58.75,59.0038,80835,262,58.8849
2016-09-22T04:00:00Z,59.06,59.22,59.06,59.18,152989,258,59.1471
2016-09-23T04:00:00Z,59.19,59.221,59.0901,59.19,34007,186,59.1908
2016-09-26T04:00:00Z,59.28,59.34,59.2121,59.3,142654,491,59.2821
2016-09-27T04:00:00Z,59.39,59.39,59.299,59.33,115680,447,59.3505
2016-09-28T04:00:00Z,59.39,59.425,59.32,59.34,69282,191,59.371
2016-09-29T04:00:00Z,59.26,59.4,59.26,59.34,75394,172,59.3367
2016-09-30T04:00:00Z,59.4,59.4,59.23,59.25,386774,198,59.3004
2016-10-03T04:00:00Z,59.144,59.2,58.96,59.06,422254,396,59.0307
2016-10-04T04:00:00Z,59.03,59.07,58.89,58.93,71508,276,58.9376
2016-10-05T04:00:00Z,58.93,58.939,58.79,58.81,115139,224,58.807
2016-10-06T04:00:00Z,58.82,58.925,58.761,58.85,99725,296,58.8512
2016-10-07T04:00:00Z,58.85,58.89,58.74,58.88,88391,319,58.8291
2016-10-10T04:00:00Z,58.72,58.82,58.6733,58.8,40909,180,58.7721
2016-10-11T04:00:00Z,58.76,58.8399,58.7,58.78,141516,177,58.764
2016-10-12T04:00:00Z,58.74,58.762,58.65,58.74,53961,164,58.7023
2016-10-13T04:00:00Z,58.87,58.9,58.8038,58.88,41891,110,58.8659
2016-10-14T04:00:00Z,58.8135,58.86,58.724,58.74,38689,179,58.7897
2016-10-17T04:00:00Z,58.77,58.8699,58.7293,58.78,16234,109,58.8166
2016-10-18T04:00:00Z,58.8,58.9,58.8,58.89,25180,155,58.8688
2016-10-19T04:00:00Z,58.79,58.95,58.79,58.89,28476,149,58.9061
2016-10-20T04:00:00Z,58.96,58.99,58.84,58.92,86554,335,58.9009
2016-10-21T04:00:00Z,58.93,59,58.89,58.94,62198,226,58.9384
2016-10-24T04:00:00Z,58.94,58.94,58.856,58.866,20897,131,58.8879
2016-10-25T04:00:00Z,58.8,58.9138,58.785,58.84,157857,507,58.8513
2016-10-26T04:00:00Z,58.84,58.8599,58.7475,58.77,36034,106,58.7884
2016-10-27T04:00:00Z,58.64,58.69,58.57,58.59,33875,182,58.6157
2016-10-28T04:00:00Z,58.63,58.67,58.58,58.59,22504,103,58.639
2016-10-31T04:00:00Z,58.63,58.6899,58.58,58.62,490929,844,58.5901
2016-11-01T04:00:00Z,58.46,58.5999,58.41,58.47,50501,462,58.5018
2016-11-02T04:00:00Z,58.59,58.69,58.54,58.56,38709,160,58.6023
2016-11-03T04:00:00Z,58.54,58.5985,58.47,58.53,85930,324,58.5116
2016-11-04T04:00:00Z,58.63,58.6785,58.53,58.63,36625,136,58.6026
2016-11-07T05:00:00Z,58.52,58.6,58.5073,58.54,71051,150,58.5427
2016-11-08T05:00:00Z,58.56,58.5813,58.41,58.45,174853,377,58.4618
2016-11-09T05:00:00Z,58.27,58.36,57.85,57.94,45613,256,58.0037
2016-11-10T05:00:00Z,57.89,57.89,57.6228,57.64,106591,196,57.7778
2016-11-11T05:00:00Z,57.61,57.7027,57.53,57.53,64033,247,57.6017
2016-11-14T05:00:00Z,57.31,57.54,57.31,57.35,63278,216,57.4293
2016-11-15T05:00:00Z,57.39,57.49,57.34,57.35,112820,167,57.4038
2016-11-16T05:00:00Z,57.32,57.48,57.32,57.4366,71453,308,57.4233
2016-11-17T05:00:00Z,57.36,57.3998,57.2355,57.28,74671,323,57.303
2016-11-18T05:00:00Z,57.27,57.36,57.09,57.15,116025,381,57.2674
2016-11-21T05:00:00Z,57.13,57.24,57.08,57.12,172805,303,57.1524
2016-11-22T05:00:00Z,57.2,57.3,57.17,57.24,184555,1375,57.24
2016-11-23T05:00:00Z,57.07,57.1258,56.9485,57.06,185464,287,56.9999
2016-11-25T05:00:00Z,57.08,57.14,57,57.1,31239,133,57.0616
2016-11-28T05:00:00Z,57.14,57.23,57.1212,57.22,35101,182,57.1948
2016-11-29T05:00:00Z,57.15,57.3004,57.1212,57.26,69665,312,57.2507
2016-11-30T05:00:00Z,57.11,57.13,57,57.06,72490,298,57.0611
2016-12-01T05:00:00Z,56.88,56.88,56.6416,56.79,50588,204,56.788
2016-12-02T05:00:00Z,56.84,57.0432,56.84,56.97,69145,267,56.9502
2016-12-05T05:00:00Z,56.86,57.09,56.81,57.02,980524,478,57.0089
2016-12-06T05:00:00Z,57.05,57.07,56.9501,56.99,40779,194,56.9953
2016-12-07T05:00:00Z,57.06,57.1454,57.059,57.11,85102,412,57.0944
2016-12-08T05:00:00Z,56.98,57.0552,56.93,57.01,869003,127,56.9955
2016-12-09T05:00:00Z,56.95,57,56.81,56.86,101200,430,56.836
2016-12-12T05:00:00Z,56.82,56.89,56.714,56.89,291794,461,56.8359
2016-12-13T05:00:00Z,56.93,56.93,56.79,56.855,226986,408,56.8164
2016-12-14T05:00:00Z,56.94,57.05,56.61,56.61,108754,340,56.8728
2016-12-15T05:00:00Z,56.66,56.7,56.5101,56.59,149900,431,56.6073
2016-12-16T05:00:00Z,56.59,56.6699,56.4825,56.55,109596,348,56.5908
2016-12-19T05:00:00Z,56.59,56.72,56.59,56.66,116951,291,56.6638
2016-12-20T05:00:00Z,56.59,56.64,56.55,56.59,97382,351,56.5949
2016-12-21T05:00:00Z,56.69,56.7599,56.6,56.69,175893,352,56.6885
2016-12-22T05:00:00Z,56.67,56.73,56.58,56.72,130697,392,56.6822
2016-12-23T05:00:00Z,56.77,56.84,56.7331,56.77,352683,715,56.7928
2016-12-27T05:00:00Z,56.66,56.775,56.66,56.76,214948,407,56.7163
2016-12-28T05:00:00Z,56.55,56.76,56.55,56.68,239764,530,56.6701
2016-12-29T05:00:00Z,56.78,56.93,56.78,56.88,60406,223,56.8637
2016-12-30T05:00:00Z,56.88,56.99,56.88,56.92,117058,280,56.9264
2017-01-03T05:00:00Z,56.86,57.02,56.83,56.95,26583,184,56.9466
2017-01-04T05:00:00Z,56.95,57.05,56.89,57,50845,185,56.9887
2017-01-05T05:00:00Z,57.05,57.26,57.05,57.26,46059,134,57.1896
2017-01-06T05:00:00Z,57.14,57.18,57.0807,57.135,80151,204,57.157
2017-01-09T05:00:00Z,57.3,57.3,57.17,57.25,57370,264,57.2345
2017-01-10T05:00:00Z,57.24,57.26,57.14,57.24,146853,179,57.2026
2017-01-11T05:00:00Z,57.22,57.3799,57.16,57.21,335961,154,57.2447
2017-01-12T05:00:00Z,57.32,57.41,57.2,57.21,644003,337,57.2741
2017-01-13T05:00:00Z,57.21,57.26,57.04,57.16,41022,167,57.1494
2017-01-17T05:00:00Z,57.31,57.365,57.22,57.3,100766,221,57.3125
2017-01-18T05:00:00Z,57.22,57.25,57.03,57.055,52483,174,57.1516
2017-01-19T05:00:00Z,56.95,57.045,56.86,57,89460,259,56.9768
2017-01-20T05:00:00Z,56.87,57,56.81,56.98,60294,229,56.9095
2017-01-23T05:00:00Z,57.07,57.21,57.005,57.19,120915,411,57.1757
2017-01-24T05:00:00Z,57.13,57.13,56.95,57.03,69774,187,57.0238
2017-01-25T05:00:00Z,56.82,56.96,56.79,56.84,67640,200,56.8661
2017-01-26T05:00:00Z,56.76,56.91,56.74,56.89,346731,198,56.8253
2017-01-27T05:00:00Z,56.98,56.98,56.88,56.94,43817,151,56.9178
2017-01-30T05:00:00Z,57.02,57.03,56.92,56.96,28631,153,56.9739
2017-01-31T05:00:00Z,57.03,57.12,56.955,57.03,132235,183,57.0386
2017-02-01T05:00:00Z,56.8,56.9194,56.735,56.83,82878,206,56.8052
2017-02-02T05:00:00Z,57,57.012,56.8501,56.91,62513,178,56.9242
2017-02-03T05:00:00Z,57.04,57.05,56.82,56.88,29920,135,56.9333
2017-02-06T05:00:00Z,56.98,57.1,56.96,57.07,39500,152,57.0318
2017-02-07T05:00:00Z,57.11,57.22,57.0351,57.17,116822,732,57.1342
2017-02-08T05:00:00Z,57.2,57.34,57.2,57.26,51619,164,57.2467
2017-02-09T05:00:00Z,57.21,57.31,57.09,57.09,546973,295,57.1201
2017-02-10T05:00:00Z,57.01,57.15,57,57.07,84422,306,57.0925
2017-02-13T05:00:00Z,57.02,57.1099,56.9896,57.0672,28580,156,57.0465
2017-02-14T05:00:00Z,57.07,57.07,56.84,56.95,65090,258,56.891
2017-02-15T05:00:00Z,56.81,56.9,56.7909,56.87,54439,206,56.8487
2017-02-16T05:00:00Z,56.89,57.03,56.86,56.94,102803,210,56.9482
2017-02-17T05:00:00Z,57.14,57.14,57.0403,57.06,32516,225,57.073
2017-02-21T05:00:00Z,57,57.1399,56.9744,57.04,51632,217,57.0718
2017-02-22T05:00:00Z,57.17,57.185,56.98,57.08,44255,122,57.0572
2017-02-23T05:00:00Z,57.14,57.23,57.1209,57.2099,25943,142,57.1655
2017-02-24T05:00:00Z,57.36,57.43,57.27,57.35,132182,374,57.3446
2017-02-27T05:00:00Z,57.36,57.39,57.27,57.27,108878,407,57.3415
2017-02-28T05:00:00Z,57.35,57.37,57.245,57.26,134494,481,57.2896
2017-03-01T05:00:00Z,56.93,56.95,56.87,56.88,72423,251,56.9146
2017-03-02T05:00:00Z,56.84,56.84,56.75,56.82,32195,135,56.7928
2017-03-03T05:00:00Z,56.88,56.88,56.72,56.81,40994,146,56.803
2017-03-06T05:00:00Z,56.87,56.8845,56.78,56.82,38170,319,56.81
2017-03-07T05:00:00Z,56.85,56.86,56.71,56.74,71160,584,56.7661
2017-03-08T05:00:00Z,56.6,56.65,56.55,56.6039,117130,393,56.5992
2017-03-09T05:00:00Z,56.51,56.51,56.4041,56.45,177104,248,56.483
2017-03-10T05:00:00Z,56.51,56.5437,56.41,56.49,28351,119,56.497
2017-03-13T04:00:00Z,56.43,56.51,56.39,56.41,302560,451,56.4066
2017-03-14T04:00:00Z,56.43,56.51,56.382,56.44,25613,114,56.4469
2017-03-15T04:00:00Z,56.49,56.73,56.44,56.72,136147,252,56.561
2017-03-16T04:00:00Z,56.66,56.75,56.66,56.67,30682,203,56.6907
2017-03-17T04:00:00Z,56.76,56.82,56.72,56.82,52962,113,56.792
2017-03-20T04:00:00Z,56.79,56.92,56.79,56.88,47808,186,56.8409
2017-03-21T04:00:00Z,56.92,57.0286,56.85,57.02,28393,140,56.968
2017-03-22T04:00:00Z,57.07,57.1599,57.0201,57.08,19555,112,57.1096
2017-03-23T04:00:00Z,57.18,57.18,57.0145,57.11,39498,173,57.09
2017-03-24T04:00:00Z,57.06,57.13,57.02,57.09,21466,103,57.077
2017-03-27T04:00:00Z,57.29,57.3,57.13,57.18,198808,397,57.1518
2017-03-28T04:00:00Z,57.23,57.3099,57.03,57.05,33113,142,57.0908
2017-03-29T04:00:00Z,57.14,57.19,57.08,57.15,30170,115,57.157
2017-03-30T04:00:00Z,57.1,57.12,57.03,57.07,34093,110,57.0784
2017-03-31T04:00:00Z,57.13,57.17,57.08,57.12,29341,138,57.126
2017-04-03T04:00:00Z,57.05,57.21,57.05,57.19,36105,150,57.1648
2017-04-04T04:00:00Z,57.2,57.23,57.13,57.16,30300,116,57.179
2017-04-05T04:00:00Z,57.09,57.22,57.06,57.17,59982,437,57.1506
2017-04-06T04:00:00Z,57.19,57.2448,57.12,57.21,172120,483,57.177
2017-04-07T04:00:00Z,57.25,57.3237,57.07,57.08,48725,140,57.1281
2017-04-10T04:00:00Z,57.15,57.1992,57.1214,57.15,23851,134,57.1559
2017-04-11T04:00:00Z,57.25,57.37,57.24,57.36,573853,253,57.3257
2017-04-12T04:00:00Z,57.39,57.491,57.3404,57.49,71941,133,57.4019
2017-04-13T04:00:00Z,57.48,57.59,57.42,57.53,23668,104,57.515
2017-04-17T04:00:00Z,57.63,57.63,57.48,57.49,26060,130,57.5555
2017-04-18T04:00:00Z,57.62,57.74,57.5795,57.7,61656,222,57.6783
2017-04-19T04:00:00Z,57.65,57.65,57.5818,57.63,28802,112,57.6207
2017-04-20T04:00:00Z,57.58,57.7,57.49,57.58,54680,157,57.5397
2017-04-21T04:00:00Z,57.6,57.64,57.55,57.56,30674,171,57.5946
2017-04-24T04:00:00Z,57.45,57.52,57.34,57.5,42576,193,57.4548
2017-04-25T04:00:00Z,57.4,57.4056,57.26,57.29,25707,134,57.3391
2017-04-26T04:00:00Z,57.32,57.4,57.25,57.4,152636,165,57.3369
2017-04-27T04:00:00Z,57.38,57.45,57.3335,57.44,50978,118,57.4032
2017-04-28T04:00:00Z,57.4,57.49,57.36,57.49,27848,120,57.424
2017-05-01T04:00:00Z,57.33,57.38,57.14,57.23,581407,575,57.1644
2017-05-02T04:00:00Z,57.18,57.36,57.18,57.33,72969,223,57.2598
2017-05-03T04:00:00Z,57.32,57.419,57.2651,57.27,27112,115,57.3221
2017-05-04T04:00:00Z,57.26,57.26,57.18,57.19,23778,84,57.2145
2017-05-05T04:00:00Z,57.19,57.26,57.16,57.25,61012,107,57.2139
2017-05-08T04:00:00Z,57.16,57.23,57.1301,57.19,83819,220,57.1767
2017-05-09T04:00:00Z,57.16,57.16,57.03,57.12,100381,191,57.1011
2017-05-10T04:00:00Z,57.12,57.22,57.057,57.12,20713,112,57.1189
2017-05-11T04:00:00Z,57.04,57.15,57.04,57.13,24613,108,57.1188
2017-05-12T04:00:00Z,57.31,57.35,57.269,57.33,34197,171,57.3087
2017-05-15T04:00:00Z,57.37,57.37,57.28,57.36,29218,144,57.3263
2017-05-16T04:00:00Z,57.43,57.45,57.3356,57.39,28569,109,57.3742
2017-05-17T04:00:00Z,57.56,57.7,57.524,57.68,49749,189,57.6125
2017-05-18T04:00:00Z,57.68,57.715,57.61,57.7,74687,141,57.6663
2017-05-19T04:00:00Z,57.61,57.69,57.53,57.62,37095,317,57.6223
2017-05-22T04:00:00Z,57.65,57.66,57.585,57.65,21790,125,57.6323
2017-05-23T04:00:00Z,57.65,57.67,57.49,57.54,24514,105,57.5741
2017-05-24T04:00:00Z,57.56,57.626,57.4999,57.62,42390,132,57.5414
2017-05-25T04:00:00Z,57.7,57.7,57.577,57.6,29588,121,57.6033
2017-05-26T04:00:00Z,57.68,57.68,57.58,57.61,13088,92,57.6267
2017-05-30T04:00:00Z,57.75,57.75,57.6695,57.72,23768,114,57.7165
2017-05-31T04:00:00Z,57.73,57.82,57.73,57.8,19821,87,57.7662
2017-06-01T04:00:00Z,57.61,57.68,57.56,57.66,25376,120,57.6394
2017-06-02T04:00:00Z,57.79,57.85,57.75,57.83,89026,259,57.8002
2017-06-05T04:00:00Z,57.71,57.8,57.67,57.7,80709,712,57.7305
2017-06-06T04:00:00Z,57.88,57.923,57.818,57.83,36708,172,57.8631
2017-06-07T04:00:00Z,57.8,57.87,57.77,57.79,137493,264,57.8337
2017-06-08T04:00:00Z,57.76,57.78,57.676,57.71,25258,175,57.7244
2017-06-09T04:00:00Z,57.61,57.72,57.5401,57.64,84240,193,57.6582
2017-06-12T04:00:00Z,57.68,57.76,57.64,57.71,31693,183,57.7029
2017-06-13T04:00:00Z,57.61,57.71,57.61,57.71,64030,149,57.6749
2017-06-14T04:00:00Z,57.89,58.03,57.82,57.85,65872,223,57.9078
2017-06-15T04:00:00Z,57.81,57.86,57.8,57.8,54822,165,57.8451
2017-06-16T04:00:00Z,57.86,57.91,57.7856,57.9,26604,264,57.888
2017-06-19T04:00:00Z,57.88,57.88,57.7783,57.83,23603,146,57.8331
2017-06-20T04:00:00Z,57.82,57.96,57.7847,57.95,33108,175,57.896
2017-06-21T04:00:00Z,57.91,57.98,57.8488,57.93,32286,164,57.9295
2017-06-22T04:00:00Z,57.96,58,57.85,57.99,29548,133,57.949
2017-06-23T04:00:00Z,57.9,58.019,57.9,57.9,30448,124,57.9581
2017-06-26T04:00:00Z,58.01,58.09,57.9901,58.04,21811,116,58.0459
2017-06-27T04:00:00Z,57.96,57.96,57.76,57.86,94919,292,57.8425
2017-06-28T04:00:00Z,57.85,57.87,57.7698,57.87,35227,121,57.8107
2017-06-29T04:00:00Z,57.65,57.76,57.64,57.7,30115,136,57.6978
2017-06-30T04:00:00Z,57.73,57.74,57.6,57.67,18921,109,57.684
2017-07-03T04:00:00Z,57.49,57.5911,57.34,57.42,30428,109,57.4035
2017-07-05T04:00:00Z,57.4,57.5,57.32,57.48,100659,528,57.4131
2017-07-06T04:00:00Z,57.39,57.41,57.29,57.38,32412,146,57.3569
2017-07-07T04:00:00Z,57.36,57.41,57.27,57.35,74953,291,57.348
2017-07-10T04:00:00Z,57.38,57.439,57.3204,57.38,34937,160,57.3694
2017-07-11T04:00:00Z,57.38,57.4412,57.31,57.44,41332,139,57.3647
2017-07-12T04:00:00Z,57.57,57.62,57.46,57.51,230296,497,57.5364
2017-07-13T04:00:00Z,57.5,57.54,57.46,57.4775,15556,133,57.4805
2017-07-14T04:00:00Z,57.62,57.66,57.51,57.55,31406,150,57.5577
2017-07-17T04:00:00Z,57.54,57.62,57.53,57.59,23509,141,57.5671
2017-07-18T04:00:00Z,57.71,57.75,57.68,57.715,29046,116,57.7112
2017-07-19T04:00:00Z,57.74,57.77,57.6957,57.74,19411,133,57.7359
2017-07-20T04:00:00Z,57.81,57.83,57.751,57.78,22202,104,57.784
2017-07-21T04:00:00Z,57.85,57.89,57.78,57.84,16250,104,57.8401
2017-07-24T04:00:00Z,57.84,57.85,57.79,57.8,12046,107,57.817
2017-07-25T04:00:00Z,57.7,57.71,57.59,57.59,22082,139,57.6497
2017-07-26T04:00:00Z,57.61,57.77,57.55,57.73,23153,117,57.6534
2017-07-27T04:00:00Z,57.6,57.69,57.59,57.62,141632,437,57.615
2017-07-28T04:00:00Z,57.62,57.75,57.62,57.75,16382,114,57.7045
2017-07-31T04:00:00Z,57.72,57.8,57.68,57.75,90313,316,57.7745
2017-08-01T04:00:00Z,57.62,57.79,57.62,57.75,17172,127,57.731
2017-08-02T04:00:00Z,57.75,57.79,57.72,57.72,25666,227,57.7579
2017-08-03T04:00:00Z,57.8,57.88,57.7816,57.83,19779,145,57.8268
2017-08-04T04:00:00Z,57.81,57.81,57.67,57.71,28403,150,57.7252
2017-08-07T04:00:00Z,57.78,57.7915,57.7,57.75,11753,114,57.7531
2017-08-08T04:00:00Z,57.74,57.7504,57.61,57.67,24743,158,57.683
2017-08-09T04:00:00Z,57.79,57.88,57.68,57.74,59798,142,57.8017
2017-08-10T04:00:00Z,57.79,57.87,57.76,57.84,17880,183,57.808
2017-08-11T04:00:00Z,57.77,57.88,57.77,57.83,11035,92,57.8384
2017-08-14T04:00:00Z,57.83,57.8865,57.79,57.84,58870,525,57.8163
2017-08-15T04:00:00Z,57.68,57.77,57.68,57.74,12703,102,57.7287
2017-08-16T04:00:00Z,57.64,57.857,57.64,57.8,28850,127,57.7312
2017-08-17T04:00:00Z,57.79,57.93,57.79,57.91,29665,149,57.8667
2017-08-18T04:00:00Z,57.94,57.97,57.8306,57.89,14768,126,57.9186
2017-08-21T04:00:00Z,57.94,57.9731,57.9,57.94,19582,91,57.9371
2017-08-22T04:00:00Z,57.92,57.94,57.88,57.89,28197,111,57.8989
2017-08-23T04:00:00Z,57.96,57.99,57.89,57.9753,28101,158,57.9247
2017-08-24T04:00:00Z,57.93,57.96,57.88,57.88,57738,169,57.8984
2017-08-25T04:00:00Z,57.95,58.03,57.9215,58,20981,127,57.9789
2017-08-28T04:00:00Z,58,58.05,57.931,58.05,25940,133,58.005
2017-08-29T04:00:00Z,58.2,58.2,58,58.06,18734,115,58.0994
2017-08-30T04:00:00Z,58.02,58.1,58.01,58.1,34038,99,58.0792
2017-08-31T04:00:00Z,58.1,58.155,58.08,58.15,14967,85,58.1251
2017-09-01T04:00:00Z,58.04,58.04,57.88,57.955,79175,167,58.0076
2017-09-05T04:00:00Z,58.06,58.19,58.034,58.19,66088,207,58.1383
2017-09-06T04:00:00Z,58.15,58.215,58.04,58.04,90192,196,58.1047
2017-09-07T04:00:00Z,58.14,58.25,58.1175,58.24,14181,85,58.1866
2017-09-08T04:00:00Z,58.21,58.24,58.14,58.14,17150,97,58.1994
2017-09-11T04:00:00Z,58.04,58.15,57.98,58,48308,115,58.1113
2017-09-12T04:00:00Z,57.98,57.98,57.9,57.9436,56834,96,57.9345
2017-09-13T04:00:00Z,57.95,57.95,57.86,57.86,42551,139,57.8927
2017-09-14T04:00:00Z,57.79,57.91,57.79,57.9,22484,135,57.8698
2017-09-15T04:00:00Z,57.88,57.93,57.87,57.895,18876,114,57.8987
2017-09-18T04:00:00Z,57.85,57.89,57.81,57.82,27678,178,57.8389
2017-09-19T04:00:00Z,57.86,57.87,57.8,57.83,40594,218,57.8372
2017-09-20T04:00:00Z,57.87,57.88,57.7061,57.77,14003,107,57.8184
2017-09-21T04:00:00Z,57.81,57.82,57.74,57.75,19853,112,57.7926
2017-09-22T04:00:00Z,57.85,57.86,57.7501,57.82,26318,169,57.8096
2017-09-25T04:00:00Z,57.84,57.949,57.8394,57.94,14813,127,57.9116
2017-09-26T04:00:00Z,57.92,57.9368,57.8783,57.92,24881,132,57.9084
2017-09-27T04:00:00Z,57.77,57.77,57.71,57.73,15728,131,57.737
2017-09-28T04:00:00Z,57.7,57.75,57.67,57.72,149792,140,57.7102
2017-09-29T04:00:00Z,57.77,57.79,57.69,57.71,127066,193,57.7186
2017-10-02T04:00:00Z,57.64,57.64,57.5786,57.61,15538,114,57.6186
2017-10-03T04:00:00Z,57.62,57.6968,57.62,57.67,25426,147,57.6545
2017-10-04T04:00:00Z,57.68,57.72,57.6175,57.72,23673,126,57.6683
2017-10-05T04:00:00Z,57.67,57.67,57.57,57.59,19287,120,57.6094
2017-10-06T04:00:00Z,57.47,57.63,57.42,57.55,150329,517,57.5881
2017-10-09T04:00:00Z,57.58,57.61,57.5296,57.54,10600,76,57.5722
2017-10-10T04:00:00Z,57.61,57.68,57.57,57.57,182098,267,57.6452
2017-10-11T04:00:00Z,57.68,57.68,57.59,57.62,12001,109,57.6436
2017-10-12T04:00:00Z,57.65,57.6799,57.595,57.65,28842,144,57.6458
2017-10-13T04:00:00Z,57.78,57.83,57.7336,57.81,31155,171,57.7887
2017-10-16T04:00:00Z,57.81,57.81,57.81,57.81,0,0,0
2017-10-17T04:00:00Z,57.81,57.81,57.81,57.81,0,0,0
2017-10-18T04:00:00Z,57.81,57.81,57.81,57.81,0,0,0
2017-10-19T04:00:00Z,57.81,57.81,57.81,57.81,0,0,0
2017-10-20T04:00:00Z,57.81,57.81,57.81,57.81,0,0,0
2017-10-23T04:00:00Z,57.81,57.81,57.81,57.81,0,0,0
2017-10-24T04:00:00Z,57.81,57.81,57.81,57.81,0,0,0
2017-10-25T04:00:00Z,57.81,57.81,57.81,57.81,0,0,0
2017-10-26T04:00:00Z,57.81,57.81,57.81,57.81,0,0,0
2017-10-27T04:00:00Z,57.81,57.81,57.81,57.81,0,0,0
2017-10-30T04:00:00Z,57.81,57.81,57.81,57.81,0,0,0
2017-10-31T04:00:00Z,57.81,57.81,57.81,57.81,0,0,0
2017-11-01T04:00:00Z,57.81,57.81,57.81,57.81,0,0,0
2017-11-02T04:00:00Z,57.81,57.81,57.81,57.81,0,0,0
2017-11-03T04:00:00Z,57.81,57.81,57.81,57.81,0,0,0
2017-11-06T05:00:00Z,57.81,57.81,57.81,57.81,0,0,0
2017-11-07T05:00:00Z,57.81,57.81,57.81,57.81,0,0,0
2017-11-08T05:00:00Z,57.81,57.81,57.81,57.81,0,0,0
2017-11-09T05:00:00Z,57.81,57.81,57.81,57.81,0,0,0
2017-11-10T05:00:00Z,57.81,57.81,57.81,57.81,0,0,0
2017-11-13T05:00:00Z,57.81,57.81,57.81,57.81,0,0,0
2017-11-14T05:00:00Z,57.81,57.81,57.81,57.81,0,0,0
2017-11-15T05:00:00Z,57.81,57.81,57.81,57.81,0,0,0
2017-11-16T05:00:00Z,57.81,57.81,57.81,57.81,0,0,0
2017-11-17T05:00:00Z,57.81,57.81,57.81,57.81,0,0,0
2017-11-20T05:00:00Z,57.81,57.81,57.81,57.81,0,0,0
2017-11-21T05:00:00Z,57.81,57.81,57.81,57.81,0,0,0
2017-11-22T05:00:00Z,57.81,57.81,57.81,57.81,0,0,0
2017-11-24T05:00:00Z,57.81,57.81,57.81,57.81,0,0,0
2017-11-27T05:00:00Z,57.81,57.81,57.81,57.81,0,0,0
2017-11-28T05:00:00Z,57.81,57.81,57.81,57.81,0,0,0
2017-11-29T05:00:00Z,57.81,57.81,57.81,57.81,0,0,0
2017-11-30T05:00:00Z,57.81,57.81,57.81,57.81,0,0,0
2017-12-01T05:00:00Z,57.81,57.81,57.81,57.81,0,0,0
2017-12-04T05:00:00Z,57.81,57.81,57.81,57.81,0,0,0
2017-12-05T05:00:00Z,57.81,57.81,57.81,57.81,0,0,0
2017-12-06T05:00:00Z,57.81,57.81,57.81,57.81,0,0,0
2017-12-07T05:00:00Z,57.81,57.81,57.81,57.81,0,0,0
2017-12-08T05:00:00Z,57.81,57.81,57.81,57.81,0,0,0
2017-12-11T05:00:00Z,57.81,57.81,57.81,57.81,0,0,0
2017-12-12T05:00:00Z,57.81,57.81,57.81,57.81,0,0,0
2017-12-13T05:00:00Z,57.81,57.81,57.81,57.81,0,0,0
2017-12-14T05:00:00Z,57.81,57.81,57.81,57.81,0,0,0
2017-12-15T05:00:00Z,57.81,57.81,57.81,57.81,0,0,0
2017-12-18T05:00:00Z,57.81,57.81,57.81,57.81,0,0,0
2017-12-19T05:00:00Z,57.81,57.81,57.81,57.81,0,0,0
2017-12-20T05:00:00Z,57.81,57.81,57.81,57.81,0,0,0
2017-12-21T05:00:00Z,57.81,57.81,57.81,57.81,0,0,0
2017-12-22T05:00:00Z,57.81,57.81,57.81,57.81,0,0,0
2017-12-26T05:00:00Z,57.81,57.81,57.81,57.81,0,0,0
2017-12-27T05:00:00Z,57.81,57.81,57.81,57.81,0,0,0
2017-12-28T05:00:00Z,57.81,57.81,57.81,57.81,0,0,0
2017-12-29T05:00:00Z,57.81,57.81,57.81,57.81,0,0,0
2018-01-02T05:00:00Z,57.81,57.81,57.81,57.81,0,0,0
2018-01-03T05:00:00Z,57.81,57.81,57.81,57.81,0,0,0
2018-01-04T05:00:00Z,57.81,57.81,57.81,57.81,0,0,0
2018-01-05T05:00:00Z,57.81,57.81,57.81,57.81,0,0,0
2018-01-08T05:00:00Z,57.81,57.81,57.81,57.81,0,0,0
2018-01-09T05:00:00Z,57.81,57.81,57.81,57.81,0,0,0
2018-01-10T05:00:00Z,57.81,57.81,57.81,57.81,0,0,0
2018-01-11T05:00:00Z,57.81,57.81,57.81,57.81,0,0,0
2018-01-12T05:00:00Z,57.81,57.81,57.81,57.81,0,0,0
2018-01-16T05:00:00Z,57.81,57.81,57.81,57.81,0,0,0
2018-01-17T05:00:00Z,57.81,57.81,57.81,57.81,0,0,0
2018-01-18T05:00:00Z,57.81,57.81,57.81,57.81,0,0,0
2018-01-19T05:00:00Z,57.81,57.81,57.81,57.81,0,0,0
2018-01-22T05:00:00Z,57.81,57.81,57.81,57.81,0,0,0
2018-01-23T05:00:00Z,57.81,57.81,57.81,57.81,0,0,0
2018-01-24T05:00:00Z,57.81,57.81,57.81,57.81,0,0,0
2018-01-25T05:00:00Z,57.81,57.81,57.81,57.81,0,0,0
2018-01-26T05:00:00Z,57.81,57.81,57.81,57.81,0,0,0
2018-01-29T05:00:00Z,57.81,57.81,57.81,57.81,0,0,0
2018-01-30T05:00:00Z,57.81,57.81,57.81,57.81,0,0,0
2018-01-31T05:00:00Z,57.81,57.81,57.81,57.81,0,0,0
2018-02-01T05:00:00Z,57.81,57.81,57.81,57.81,0,0,0
2018-02-02T05:00:00Z,57.81,57.81,57.81,57.81,0,0,0
2018-02-05T05:00:00Z,57.81,57.81,57.81,57.81,0,0,0
2018-02-06T05:00:00Z,57.81,57.81,57.81,57.81,0,0,0
2018-02-07T05:00:00Z,57.81,57.81,57.81,57.81,0,0,0
2018-02-08T05:00:00Z,57.81,57.81,57.81,57.81,0,0,0
2018-02-09T05:00:00Z,57.81,57.81,57.81,57.81,0,0,0
2018-02-12T05:00:00Z,57.81,57.81,57.81,57.81,0,0,0
2018-02-13T05:00:00Z,57.81,57.81,57.81,57.81,0,0,0
2018-02-14T05:00:00Z,57.81,57.81,57.81,57.81,0,0,0
2018-02-15T05:00:00Z,57.81,57.81,57.81,57.81,0,0,0
2018-02-16T05:00:00Z,57.81,57.81,57.81,57.81,0,0,0
2018-02-20T05:00:00Z,57.81,57.81,57.81,57.81,0,0,0
2018-02-21T05:00:00Z,57.81,57.81,57.81,57.81,0,0,0
2018-02-22T05:00:00Z,57.81,57.81,57.81,57.81,0,0,0
2018-02-23T05:00:00Z,57.81,57.81,57.81,57.81,0,0,0
2018-02-26T05:00:00Z,57.81,57.81,57.81,57.81,0,0,0
2018-02-27T05:00:00Z,57.81,57.81,57.81,57.81,0,0,0
2018-02-28T05:00:00Z,57.81,57.81,57.81,57.81,0,0,0
2018-03-01T05:00:00Z,57.81,57.81,57.81,57.81,0,0,0
2018-03-02T05:00:00Z,57.81,57.81,57.81,57.81,0,0,0
2018-03-05T05:00:00Z,57.81,57.81,57.81,57.81,0,0,0
2018-03-06T05:00:00Z,57.81,57.81,57.81,57.81,0,0,0
2018-03-07T05:00:00Z,57.81,57.81,57.81,57.81,0,0,0
2018-03-08T05:00:00Z,57.81,57.81,57.81,57.81,0,0,0
2018-03-09T05:00:00Z,57.81,57.81,57.81,57.81,0,0,0
2018-03-12T04:00:00Z,57.81,57.81,57.81,57.81,0,0,0
2018-03-13T04:00:00Z,57.81,57.81,57.81,57.81,0,0,0
2018-03-14T04:00:00Z,57.81,57.81,57.81,57.81,0,0,0
2018-03-15T04:00:00Z,57.81,57.81,57.81,57.81,0,0,0
2018-03-16T04:00:00Z,57.81,57.81,57.81,57.81,0,0,0
2018-03-19T04:00:00Z,57.81,57.81,57.81,57.81,0,0,0
2018-03-20T04:00:00Z,57.81,57.81,57.81,57.81,0,0,0
2018-03-21T04:00:00Z,57.81,57.81,57.81,57.81,0,0,0
2018-03-22T04:00:00Z,57.81,57.81,57.81,57.81,0,0,0
2018-03-23T04:00:00Z,57.81,57.81,57.81,57.81,0,0,0
2018-03-26T04:00:00Z,57.81,57.81,57.81,57.81,0,0,0
2018-03-27T04:00:00Z,57.81,57.81,57.81,57.81,0,0,0
2018-03-28T04:00:00Z,57.81,57.81,57.81,57.81,0,0,0
2018-03-29T04:00:00Z,57.81,57.81,57.81,57.81,0,0,0
2018-04-02T04:00:00Z,57.81,57.81,57.81,57.81,0,0,0
2018-04-03T04:00:00Z,57.81,57.81,57.81,57.81,0,0,0
2018-04-04T04:00:00Z,57.81,57.81,57.81,57.81,0,0,0
2018-04-05T04:00:00Z,57.81,57.81,57.81,57.81,0,0,0
2018-04-06T04:00:00Z,57.81,57.81,57.81,57.81,0,0,0
2018-04-09T04:00:00Z,57.81,57.81,57.81,57.81,0,0,0
2018-04-10T04:00:00Z,57.81,57.81,57.81,57.81,0,0,0
2018-04-11T04:00:00Z,57.81,57.81,57.81,57.81,0,0,0
2018-04-12T04:00:00Z,57.81,57.81,57.81,57.81,0,0,0
2018-04-13T04:00:00Z,57.81,57.81,57.81,57.81,0,0,0
2018-04-16T04:00:00Z,57.81,57.81,57.81,57.81,0,0,0
2018-04-17T04:00:00Z,57.81,57.81,57.81,57.81,0,0,0
2018-04-18T04:00:00Z,57.81,57.81,57.81,57.81,0,0,0
2018-04-19T04:00:00Z,57.81,57.81,57.81,57.81,0,0,0
2018-04-20T04:00:00Z,57.81,57.81,57.81,57.81,0,0,0
2018-04-23T04:00:00Z,57.81,57.81,57.81,57.81,0,0,0
2018-04-24T04:00:00Z,57.81,57.81,57.81,57.81,0,0,0
2018-04-25T04:00:00Z,57.81,57.81,57.81,57.81,0,0,0
2018-04-26T04:00:00Z,57.81,57.81,57.81,57.81,0,0,0
2018-04-27T04:00:00Z,57.81,57.81,57.81,57.81,0,0,0
2018-04-30T04:00:00Z,57.81,57.81,57.81,57.81,0,0,0
2018-05-01T04:00:00Z,57.81,57.81,57.81,57.81,0,0,0
2018-05-02T04:00:00Z,57.81,57.81,57.81,57.81,0,0,0
2018-05-03T04:00:00Z,57.81,57.81,57.81,57.81,0,0,0
2018-05-04T04:00:00Z,57.81,57.81,57.81,57.81,0,0,0
2018-05-07T04:00:00Z,57.81,57.81,57.81,57.81,0,0,0
2018-05-08T04:00:00Z,57.81,57.81,57.81,57.81,0,0,0
2018-05-09T04:00:00Z,57.81,57.81,57.81,57.81,0,0,0
2018-05-10T04:00:00Z,57.81,57.81,57.81,57.81,0,0,0
2018-05-11T04:00:00Z,57.81,57.81,57.81,57.81,0,0,0
2018-05-14T04:00:00Z,57.81,57.81,57.81,57.81,0,0,0
2018-05-15T04:00:00Z,57.81,57.81,57.81,57.81,0,0,0
2018-05-16T04:00:00Z,57.81,57.81,57.81,57.81,0,0,0
2018-05-17T04:00:00Z,57.81,57.81,57.81,57.81,0,0,0
2018-05-18T04:00:00Z,57.81,57.81,57.81,57.81,0,0,0
2018-05-21T04:00:00Z,57.81,57.81,57.81,57.81,0,0,0
2018-05-22T04:00:00Z,57.81,57.81,57.81,57.81,0,0,0
2018-05-23T04:00:00Z,57.81,57.81,57.81,57.81,0,0,0
2018-05-24T04:00:00Z,57.81,57.81,57.81,57.81,0,0,0
2018-05-25T04:00:00Z,57.81,57.81,57.81,57.81,0,0,0
2018-05-29T04:00:00Z,57.81,57.81,57.81,57.81,0,0,0
2018-05-30T04:00:00Z,57.81,57.81,57.81,57.81,0,0,0
2018-05-31T04:00:00Z,57.81,57.81,57.81,57.81,0,0,0
2018-06-01T04:00:00Z,57.81,57.81,57.81,57.81,0,0,0
2018-06-04T04:00:00Z,57.81,57.81,57.81,57.81,0,0,0
2018-06-05T04:00:00Z,57.81,57.81,57.81,57.81,0,0,0
2018-06-06T04:00:00Z,57.81,57.81,57.81,57.81,0,0,0
2018-06-07T04:00:00Z,57.81,57.81,57.81,57.81,0,0,0
2018-06-08T04:00:00Z,57.81,57.81,57.81,57.81,0,0,0
2018-06-11T04:00:00Z,57.81,57.81,57.81,57.81,0,0,0
2018-06-12T04:00:00Z,57.81,57.81,57.81,57.81,0,0,0
2018-06-13T04:00:00Z,57.81,57.81,57.81,57.81,0,0,0
2018-06-14T04:00:00Z,57.81,57.81,57.81,57.81,0,0,0
2018-06-15T04:00:00Z,57.81,57.81,57.81,57.81,0,0,0
2018-06-18T04:00:00Z,57.81,57.81,57.81,57.81,0,0,0
2018-06-19T04:00:00Z,57.81,57.81,57.81,57.81,0,0,0
2018-06-20T04:00:00Z,57.81,57.81,57.81,57.81,0,0,0
2018-06-21T04:00:00Z,57.81,57.81,57.81,57.81,0,0,0
2018-06-22T04:00:00Z,57.81,57.81,57.81,57.81,0,0,0
2018-06-25T04:00:00Z,57.81,57.81,57.81,57.81,0,0,0
2018-06-26T04:00:00Z,57.81,57.81,57.81,57.81,0,0,0
2018-06-27T04:00:00Z,57.81,57.81,57.81,57.81,0,0,0
2018-06-28T04:00:00Z,57.81,57.81,57.81,57.81,0,0,0
2018-06-29T04:00:00Z,57.81,57.81,57.81,57.81,0,0,0
2018-07-02T04:00:00Z,57.81,57.81,57.81,57.81,0,0,0
2018-07-03T04:00:00Z,57.81,57.81,57.81,57.81,0,0,0
2018-07-05T04:00:00Z,57.81,57.81,57.81,57.81,0,0,0
2018-07-06T04:00:00Z,57.81,57.81,57.81,57.81,0,0,0
2018-07-09T04:00:00Z,57.81,57.81,57.81,57.81,0,0,0
2018-07-10T04:00:00Z,57.81,57.81,57.81,57.81,0,0,0
2018-07-11T04:00:00Z,57.81,57.81,57.81,57.81,0,0,0
2018-07-12T04:00:00Z,57.81,57.81,57.81,57.81,0,0,0
2018-07-13T04:00:00Z,57.81,57.81,57.81,57.81,0,0,0
2018-07-16T04:00:00Z,57.81,57.81,57.81,57.81,0,0,0
2018-07-17T04:00:00Z,57.81,57.81,57.81,57.81,0,0,0
2018-07-18T04:00:00Z,57.81,57.81,57.81,57.81,0,0,0
2018-07-19T04:00:00Z,57.81,57.81,57.81,57.81,0,0,0
2018-07-20T04:00:00Z,57.81,57.81,57.81,57.81,0,0,0
2018-07-23T04:00:00Z,57.81,57.81,57.81,57.81,0,0,0
2018-07-24T04:00:00Z,57.81,57.81,57.81,57.81,0,0,0
2018-07-25T04:00:00Z,57.81,57.81,57.81,57.81,0,0,0
2018-07-26T04:00:00Z,57.81,57.81,57.81,57.81,0,0,0
2018-07-27T04:00:00Z,57.81,57.81,57.81,57.81,0,0,0
2018-07-30T04:00:00Z,57.81,57.81,57.81,57.81,0,0,0
2018-07-31T04:00:00Z,57.81,57.81,57.81,57.81,0,0,0
2018-08-01T04:00:00Z,57.81,57.81,57.81,57.81,0,0,0
2018-08-02T04:00:00Z,57.81,57.81,57.81,57.81,0,0,0
2018-08-03T04:00:00Z,57.81,57.81,57.81,57.81,0,0,0
2018-08-06T04:00:00Z,57.81,57.81,57.81,57.81,0,0,0
2018-08-07T04:00:00Z,57.81,57.81,57.81,57.81,0,0,0
2018-08-08T04:00:00Z,57.81,57.81,57.81,57.81,0,0,0
2018-08-09T04:00:00Z,57.81,57.81,57.81,57.81,0,0,0
2018-08-10T04:00:00Z,57.81,57.81,57.81,57.81,0,0,0
2018-08-13T04:00:00Z,57.81,57.81,57.81,57.81,0,0,0
2018-08-14T04:00:00Z,57.81,57.81,57.81,57.81,0,0,0
2018-08-15T04:00:00Z,57.81,57.81,57.81,57.81,0,0,0
2018-08-16T04:00:00Z,57.81,57.81,57.81,57.81,0,0,0
2018-08-17T04:00:00Z,57.81,57.81,57.81,57.81,0,0,0
2018-08-20T04:00:00Z,57.81,57.81,57.81,57.81,0,0,0
2018-08-21T04:00:00Z,57.81,57.81,57.81,57.81,0,0,0
2018-08-22T04:00:00Z,57.81,57.81,57.81,57.81,0,0,0
2018-08-23T04:00:00Z,57.81,57.81,57.81,57.81,0,0,0
2018-08-24T04:00:00Z,57.81,57.81,57.81,57.81,0,0,0
2018-08-27T04:00:00Z,57.81,57.81,57.81,57.81,0,0,0
2018-08-28T04:00:00Z,57.81,57.81,57.81,57.81,0,0,0
2018-08-29T04:00:00Z,57.81,57.81,57.81,57.81,0,0,0
2018-08-30T04:00:00Z,57.81,57.81,57.81,57.81,0,0,0
2018-08-31T04:00:00Z,57.81,57.81,57.81,57.81,0,0,0
2018-09-04T04:00:00Z,57.81,57.81,57.81,57.81,0,0,0
2018-09-05T04:00:00Z,57.81,57.81,57.81,57.81,0,0,0
2018-09-06T04:00:00Z,57.81,57.81,57.81,57.81,0,0,0
2018-09-07T04:00:00Z,57.81,57.81,57.81,57.81,0,0,0
2018-09-10T04:00:00Z,57.81,57.81,57.81,57.81,0,0,0
2018-09-11T04:00:00Z,57.81,57.81,57.81,57.81,0,0,0
2018-09-12T04:00:00Z,57.81,57.81,57.81,57.81,0,0,0
2018-09-13T04:00:00Z,57.81,57.81,57.81,57.81,0,0,0
2018-09-14T04:00:00Z,57.81,57.81,57.81,57.81,0,0,0
2018-09-17T04:00:00Z,57.81,57.81,57.81,57.81,0,0,0
2018-09-18T04:00:00Z,57.81,57.81,57.81,57.81,0,0,0
2018-09-19T04:00:00Z,57.81,57.81,57.81,57.81,0,0,0
2018-09-20T04:00:00Z,57.81,57.81,57.81,57.81,0,0,0
2018-09-21T04:00:00Z,57.81,57.81,57.81,57.81,0,0,0
2018-09-24T04:00:00Z,57.81,57.81,57.81,57.81,0,0,0
2018-09-25T04:00:00Z,57.81,57.81,57.81,57.81,0,0,0
2018-09-26T04:00:00Z,57.81,57.81,57.81,57.81,0,0,0
2018-09-27T04:00:00Z,57.81,57.81,57.81,57.81,0,0,0
2018-09-28T04:00:00Z,57.81,57.81,57.81,57.81,0,0,0
2018-10-01T04:00:00Z,57.81,57.81,57.81,57.81,0,0,0
2018-10-02T04:00:00Z,57.81,57.81,57.81,57.81,0,0,0
2018-10-03T04:00:00Z,57.81,57.81,57.81,57.81,0,0,0
2018-10-04T04:00:00Z,57.81,57.81,57.81,57.81,0,0,0
2018-10-05T04:00:00Z,57.81,57.81,57.81,57.81,0,0,0
2018-10-08T04:00:00Z,57.81,57.81,57.81,57.81,0,0,0
2018-10-09T04:00:00Z,57.81,57.81,57.81,57.81,0,0,0
2018-10-10T04:00:00Z,57.81,57.81,57.81,57.81,0,0,0
2018-10-11T04:00:00Z,57.81,57.81,57.81,57.81,0,0,0
2018-10-12T04:00:00Z,57.81,57.81,57.81,57.81,0,0,0
2018-10-15T04:00:00Z,57.81,57.81,57.81,57.81,0,0,0
2018-10-16T04:00:00Z,57.81,57.81,57.81,57.81,0,0,0
2018-10-17T04:00:00Z,57.81,57.81,57.81,57.81,0,0,0
2018-10-18T04:00:00Z,57.81,57.81,57.81,57.81,0,0,0
2018-10-19T04:00:00Z,57.81,57.81,57.81,57.81,0,0,0
2018-10-22T04:00:00Z,57.81,57.81,57.81,57.81,0,0,0
2018-10-23T04:00:00Z,57.81,57.81,57.81,57.81,0,0,0
2018-10-24T04:00:00Z,57.81,57.81,57.81,57.81,0,0,0
2018-10-25T04:00:00Z,57.81,57.81,57.81,57.81,0,0,0
2018-10-26T04:00:00Z,57.81,57.81,57.81,57.81,0,0,0
2018-10-29T04:00:00Z,57.81,57.81,57.81,57.81,0,0,0
2018-10-30T04:00:00Z,57.81,57.81,57.81,57.81,0,0,0
2018-10-31T04:00:00Z,57.81,57.81,57.81,57.81,0,0,0
2018-11-01T04:00:00Z,57.81,57.81,57.81,57.81,0,0,0
2018-11-02T04:00:00Z,57.81,57.81,57.81,57.81,0,0,0
2018-11-05T05:00:00Z,57.81,57.81,57.81,57.81,0,0,0
2018-11-06T05:00:00Z,57.81,57.81,57.81,57.81,0,0,0
2018-11-07T05:00:00Z,57.81,57.81,57.81,57.81,0,0,0
2018-11-08T05:00:00Z,57.81,57.81,57.81,57.81,0,0,0
2018-11-09T05:00:00Z,57.81,57.81,57.81,57.81,0,0,0
2018-11-12T05:00:00Z,57.81,57.81,57.81,57.81,0,0,0
2018-11-13T05:00:00Z,57.81,57.81,57.81,57.81,0,0,0
2018-11-14T05:00:00Z,57.81,57.81,57.81,57.81,0,0,0
2018-11-15T05:00:00Z,57.81,57.81,57.81,57.81,0,0,0
2018-11-16T05:00:00Z,57.81,57.81,57.81,57.81,0,0,0
2018-11-19T05:00:00Z,57.81,57.81,57.81,57.81,0,0,0
2018-11-20T05:00:00Z,57.81,57.81,57.81,57.81,0,0,0
2018-11-21T05:00:00Z,57.81,57.81,57.81,57.81,0,0,0
2018-11-23T05:00:00Z,57.81,57.81,57.81,57.81,0,0,0
2018-11-26T05:00:00Z,57.81,57.81,57.81,57.81,0,0,0
2018-11-27T05:00:00Z,57.81,57.81,57.81,57.81,0,0,0
2018-11-28T05:00:00Z,57.81,57.81,57.81,57.81,0,0,0
2018-11-29T05:00:00Z,57.81,57.81,57.81,57.81,0,0,0
2018-11-30T05:00:00Z,57.81,57.81,57.81,57.81,0,0,0
2018-12-03T05:00:00Z,57.81,57.81,57.81,57.81,0,0,0
2018-12-04T05:00:00Z,57.81,57.81,57.81,57.81,0,0,0
2018-12-06T05:00:00Z,57.81,57.81,57.81,57.81,0,0,0
2018-12-07T05:00:00Z,57.81,57.81,57.81,57.81,0,0,0
2018-12-10T05:00:00Z,57.81,57.81,57.81,57.81,0,0,0
2018-12-11T05:00:00Z,57.81,57.81,57.81,57.81,0,0,0
2018-12-12T05:00:00Z,57.81,57.81,57.81,57.81,0,0,0
2018-12-13T05:00:00Z,57.81,57.81,57.81,57.81,0,0,0
2018-12-14T05:00:00Z,57.81,57.81,57.81,57.81,0,0,0
2018-12-17T05:00:00Z,57.81,57.81,57.81,57.81,0,0,0
2018-12-18T05:00:00Z,57.81,57.81,57.81,57.81,0,0,0
2018-12-19T05:00:00Z,57.81,57.81,57.81,57.81,0,0,0
2018-12-20T05:00:00Z,57.81,57.81,57.81,57.81,0,0,0
2018-12-21T05:00:00Z,57.81,57.81,57.81,57.81,0,0,0
2018-12-24T05:00:00Z,57.81,57.81,57.81,57.81,0,0,0
2018-12-26T05:00:00Z,57.81,57.81,57.81,57.81,0,0,0
2018-12-27T05:00:00Z,57.81,57.81,57.81,57.81,0,0,0
2018-12-28T05:00:00Z,57.81,57.81,57.81,57.81,0,0,0
2018-12-31T05:00:00Z,57.81,57.81,57.81,57.81,0,0,0
2019-01-02T05:00:00Z,57.81,57.81,57.81,57.81,0,0,0
2019-01-03T05:00:00Z,57.81,57.81,57.81,57.81,0,0,0
2019-01-04T05:00:00Z,57.81,57.81,57.81,57.81,0,0,0
2019-01-07T05:00:00Z,57.81,57.81,57.81,57.81,0,0,0
2019-01-08T05:00:00Z,57.81,57.81,57.81,57.81,0,0,0
2019-01-09T05:00:00Z,57.81,57.81,57.81,57.81,0,0,0
2019-01-10T05:00:00Z,57.81,57.81,57.81,57.81,0,0,0
2019-01-11T05:00:00Z,57.81,57.81,57.81,57.81,0,0,0
2019-01-14T05:00:00Z,57.81,57.81,57.81,57.81,0,0,0
2019-01-15T05:00:00Z,57.81,57.81,57.81,57.81,0,0,0
2019-01-16T05:00:00Z,57.81,57.81,57.81,57.81,0,0,0
2019-01-17T05:00:00Z,57.81,57.81,57.81,57.81,0,0,0
2019-01-18T05:00:00Z,57.81,57.81,57.81,57.81,0,0,0
2019-01-22T05:00:00Z,57.81,57.81,57.81,57.81,0,0,0
2019-01-23T05:00:00Z,57.81,57.81,57.81,57.81,0,0,0
2019-01-24T05:00:00Z,57.81,57.81,57.81,57.81,0,0,0
2019-01-25T05:00:00Z,57.81,57.81,57.81,57.81,0,0,0
2019-01-28T05:00:00Z,57.81,57.81,57.81,57.81,0,0,0
2019-01-29T05:00:00Z,57.81,57.81,57.81,57.81,0,0,0
2019-01-30T05:00:00Z,57.81,57.81,57.81,57.81,0,0,0
2019-01-31T05:00:00Z,57.81,57.81,57.81,57.81,0,0,0
2019-02-01T05:00:00Z,57.81,57.81,57.81,57.81,0,0,0
2019-02-04T05:00:00Z,57.81,57.81,57.81,57.81,0,0,0
2019-02-05T05:00:00Z,57.81,57.81,57.81,57.81,0,0,0
2019-02-06T05:00:00Z,57.81,57.81,57.81,57.81,0,0,0
2019-02-07T05:00:00Z,57.81,57.81,57.81,57.81,0,0,0
2019-02-08T05:00:00Z,57.81,57.81,57.81,57.81,0,0,0
2019-02-11T05:00:00Z,57.81,57.81,57.81,57.81,0,0,0
2019-02-12T05:00:00Z,57.81,57.81,57.81,57.81,0,0,0
2019-02-13T05:00:00Z,57.81,57.81,57.81,57.81,0,0,0
2019-02-14T05:00:00Z,57.81,57.81,57.81,57.81,0,0,0
2019-02-15T05:00:00Z,57.81,57.81,57.81,57.81,0,0,0
2019-02-19T05:00:00Z,57.81,57.81,57.81,57.81,0,0,0
2019-02-20T05:00:00Z,57.81,57.81,57.81,57.81,0,0,0
2019-02-21T05:00:00Z,57.81,57.81,57.81,57.81,0,0,0
2019-02-22T05:00:00Z,57.81,57.81,57.81,57.81,0,0,0
2019-02-25T05:00:00Z,57.81,57.81,57.81,57.81,0,0,0
2019-02-26T05:00:00Z,57.81,57.81,57.81,57.81,0,0,0
2019-02-27T05:00:00Z,57.81,57.81,57.81,57.81,0,0,0
2019-02-28T05:00:00Z,57.81,57.81,57.81,57.81,0,0,0
2019-03-01T05:00:00Z,57.81,57.81,57.81,57.81,0,0,0
2019-03-04T05:00:00Z,57.81,57.81,57.81,57.81,0,0,0
2019-03-05T05:00:00Z,57.81,57.81,57.81,57.81,0,0,0
2019-03-06T05:00:00Z,57.81,57.81,57.81,57.81,0,0,0
2019-03-07T05:00:00Z,57.81,57.81,57.81,57.81,0,0,0
2019-03-08T05:00:00Z,57.81,57.81,57.81,57.81,0,0,0
2019-03-11T04:00:00Z,57.81,57.81,57.81,57.81,0,0,0
2019-03-12T04:00:00Z,57.81,57.81,57.81,57.81,0,0,0
2019-03-13T04:00:00Z,57.81,57.81,57.81,57.81,0,0,0
2019-03-14T04:00:00Z,57.81,57.81,57.81,57.81,0,0,0
2019-03-15T04:00:00Z,57.81,57.81,57.81,57.81,0,0,0
2019-03-18T04:00:00Z,57.81,57.81,57.81,57.81,0,0,0
2019-03-19T04:00:00Z,57.81,57.81,57.81,57.81,0,0,0
2019-03-20T04:00:00Z,57.81,57.81,57.81,57.81,0,0,0
2019-03-21T04:00:00Z,57.81,57.81,57.81,57.81,0,0,0
2019-03-22T04:00:00Z,57.81,57.81,57.81,57.81,0,0,0
2019-03-25T04:00:00Z,57.81,57.81,57.81,57.81,0,0,0
2019-03-26T04:00:00Z,57.81,57.81,57.81,57.81,0,0,0
2019-03-27T04:00:00Z,57.81,57.81,57.81,57.81,0,0,0
2019-03-28T04:00:00Z,57.81,57.81,57.81,57.81,0,0,0
2019-03-29T04:00:00Z,57.81,57.81,57.81,57.81,0,0,0
2019-04-01T04:00:00Z,57.81,57.81,57.81,57.81,0,0,0
2019-04-02T04:00:00Z,57.81,57.81,57.81,57.81,0,0,0
2019-04-03T04:00:00Z,57.81,57.81,57.81,57.81,0,0,0
2019-04-04T04:00:00Z,57.81,57.81,57.81,57.81,0,0,0
2019-04-05T04:00:00Z,57.81,57.81,57.81,57.81,0,0,0
2019-04-08T04:00:00Z,57.81,57.81,57.81,57.81,0,0,0
2019-04-09T04:00:00Z,57.81,57.81,57.81,57.81,0,0,0
2019-04-10T04:00:00Z,57.81,57.81,57.81,57.81,0,0,0
2019-04-11T04:00:00Z,57.81,57.81,57.81,57.81,0,0,0
2019-04-12T04:00:00Z,57.81,57.81,57.81,57.81,0,0,0
2019-04-15T04:00:00Z,57.81,57.81,57.81,57.81,0,0,0
2019-04-16T04:00:00Z,57.81,57.81,57.81,57.81,0,0,0
2019-04-17T04:00:00Z,57.81,57.81,57.81,57.81,0,0,0
2019-04-18T04:00:00Z,57.81,57.81,57.81,57.81,0,0,0
2019-04-22T04:00:00Z,57.81,57.81,57.81,57.81,0,0,0
2019-04-23T04:00:00Z,57.81,57.81,57.81,57.81,0,0,0
2019-04-24T04:00:00Z,57.81,57.81,57.81,57.81,0,0,0
2019-04-25T04:00:00Z,57.81,57.81,57.81,57.81,0,0,0
2019-04-26T04:00:00Z,57.81,57.81,57.81,57.81,0,0,0
2019-04-29T04:00:00Z,57.81,57.81,57.81,57.81,0,0,0
2019-04-30T04:00:00Z,57.81,57.81,57.81,57.81,0,0,0
2019-05-01T04:00:00Z,57.81,57.81,57.81,57.81,0,0,0
2019-05-02T04:00:00Z,57.81,57.81,57.81,57.81,0,0,0
2019-05-03T04:00:00Z,57.81,57.81,57.81,57.81,0,0,0
2019-05-06T04:00:00Z,57.81,57.81,57.81,57.81,0,0,0
2019-05-07T04:00:00Z,57.81,57.81,57.81,57.81,0,0,0
2019-05-08T04:00:00Z,57.81,57.81,57.81,57.81,0,0,0
2019-05-09T04:00:00Z,57.81,57.81,57.81,57.81,0,0,0
2019-05-10T04:00:00Z,57.81,57.81,57.81,57.81,0,0,0
2019-05-13T04:00:00Z,57.81,57.81,57.81,57.81,0,0,0
2019-05-14T04:00:00Z,57.81,57.81,57.81,57.81,0,0,0
2019-05-15T04:00:00Z,57.81,57.81,57.81,57.81,0,0,0
2019-05-16T04:00:00Z,57.81,57.81,57.81,57.81,0,0,0
2019-05-17T04:00:00Z,57.81,57.81,57.81,57.81,0,0,0
2019-05-20T04:00:00Z,57.81,57.81,57.81,57.81,0,0,0
2019-05-21T04:00:00Z,57.81,57.81,57.81,57.81,0,0,0
2019-05-22T04:00:00Z,57.81,57.81,57.81,57.81,0,0,0
2019-05-23T04:00:00Z,57.81,57.81,57.81,57.81,0,0,0
2019-05-24T04:00:00Z,57.81,57.81,57.81,57.81,0,0,0
2019-05-28T04:00:00Z,57.81,57.81,57.81,57.81,0,0,0
2019-05-29T04:00:00Z,57.81,57.81,57.81,57.81,0,0,0
2019-05-30T04:00:00Z,57.81,57.81,57.81,57.81,0,0,0
2019-05-31T04:00:00Z,57.81,57.81,57.81,57.81,0,0,0
2019-06-03T04:00:00Z,57.81,57.81,57.81,57.81,0,0,0
2019-06-04T04:00:00Z,57.81,57.81,57.81,57.81,0,0,0
2019-06-05T04:00:00Z,57.81,57.81,57.81,57.81,0,0,0
2019-06-06T04:00:00Z,57.81,57.81,57.81,57.81,0,0,0
2019-06-07T04:00:00Z,57.81,57.81,57.81,57.81,0,0,0
2019-06-10T04:00:00Z,57.81,57.81,57.81,57.81,0,0,0
2019-06-11T04:00:00Z,57.81,57.81,57.81,57.81,0,0,0
2019-06-12T04:00:00Z,57.81,57.81,57.81,57.81,0,0,0
2019-06-13T04:00:00Z,57.81,57.81,57.81,57.81,0,0,0
2019-06-14T04:00:00Z,57.81,57.81,57.81,57.81,0,0,0
2019-06-17T04:00:00Z,57.81,57.81,57.81,57.81,0,0,0
2019-06-18T04:00:00Z,57.81,57.81,57.81,57.81,0,0,0
2019-06-19T04:00:00Z,57.81,57.81,57.81,57.81,0,0,0
2019-06-20T04:00:00Z,57.81,57.81,57.81,57.81,0,0,0
2019-06-21T04:00:00Z,57.81,57.81,57.81,57.81,0,0,0
2019-06-24T04:00:00Z,57.81,57.81,57.81,57.81,0,0,0
2019-06-25T04:00:00Z,57.81,57.81,57.81,57.81,0,0,0
2019-06-26T04:00:00Z,57.81,57.81,57.81,57.81,0,0,0
2019-06-27T04:00:00Z,57.81,57.81,57.81,57.81,0,0,0
2019-06-28T04:00:00Z,57.81,57.81,57.81,57.81,0,0,0
2019-07-01T04:00:00Z,57.81,57.81,57.81,57.81,0,0,0
2019-07-02T04:00:00Z,57.81,57.81,57.81,57.81,0,0,0
2019-07-03T04:00:00Z,57.81,57.81,57.81,57.81,0,0,0
2019-07-05T04:00:00Z,57.81,57.81,57.81,57.81,0,0,0
2019-07-08T04:00:00Z,57.81,57.81,57.81,57.81,0,0,0
2019-07-09T04:00:00Z,57.81,57.81,57.81,57.81,0,0,0
2019-07-10T04:00:00Z,57.81,57.81,57.81,57.81,0,0,0
2019-07-11T04:00:00Z,57.81,57.81,57.81,57.81,0,0,0
2019-07-12T04:00:00Z,57.81,57.81,57.81,57.81,0,0,0
2019-07-15T04:00:00Z,57.81,57.81,57.81,57.81,0,0,0
2019-07-16T04:00:00Z,57.81,57.81,57.81,57.81,0,0,0
2019-07-17T04:00:00Z,57.81,57.81,57.81,57.81,0,0,0
2019-07-18T04:00:00Z,57.81,57.81,57.81,57.81,0,0,0
2019-07-19T04:00:00Z,57.81,57.81,57.81,57.81,0,0,0
2019-07-22T04:00:00Z,57.81,57.81,57.81,57.81,0,0,0
2019-07-23T04:00:00Z,57.81,57.81,57.81,57.81,0,0,0
2019-07-24T04:00:00Z,57.81,57.81,57.81,57.81,0,0,0
2019-07-25T04:00:00Z,57.81,57.81,57.81,57.81,0,0,0
2019-07-26T04:00:00Z,57.81,57.81,57.81,57.81,0,0,0
2019-07-29T04:00:00Z,57.81,57.81,57.81,57.81,0,0,0
2019-07-30T04:00:00Z,57.81,57.81,57.81,57.81,0,0,0
2019-07-31T04:00:00Z,57.81,57.81,57.81,57.81,0,0,0
2019-08-01T04:00:00Z,57.81,57.81,57.81,57.81,0,0,0
2019-08-02T04:00:00Z,57.81,57.81,57.81,57.81,0,0,0
2019-08-05T04:00:00Z,57.81,57.81,57.81,57.81,0,0,0
2019-08-06T04:00:00Z,57.81,57.81,57.81,57.81,0,0,0
2019-08-07T04:00:00Z,57.81,57.81,57.81,57.81,0,0,0
2019-08-08T04:00:00Z,57.81,57.81,57.81,57.81,0,0,0
2019-08-09T04:00:00Z,57.81,57.81,57.81,57.81,0,0,0
2019-08-12T04:00:00Z,57.81,57.81,57.81,57.81,0,0,0
2019-08-13T04:00:00Z,57.81,57.81,57.81,57.81,0,0,0
2019-08-14T04:00:00Z,57.81,57.81,57.81,57.81,0,0,0
2019-08-15T04:00:00Z,57.81,57.81,57.81,57.81,0,0,0
2019-08-16T04:00:00Z,57.81,57.81,57.81,57.81,0,0,0
2019-08-19T04:00:00Z,57.81,57.81,57.81,57.81,0,0,0
2019-08-20T04:00:00Z,57.81,57.81,57.81,57.81,0,0,0
2019-08-21T04:00:00Z,57.81,57.81,57.81,57.81,0,0,0
2019-08-22T04:00:00Z,57.81,57.81,57.81,57.81,0,0,0
2019-08-23T04:00:00Z,57.81,57.81,57.81,57.81,0,0,0
2019-08-26T04:00:00Z,57.81,57.81,57.81,57.81,0,0,0
2019-08-27T04:00:00Z,57.81,57.81,57.81,57.81,0,0,0
2019-08-28T04:00:00Z,57.81,57.81,57.81,57.81,0,0,0
2019-08-29T04:00:00Z,57.81,57.81,57.81,57.81,0,0,0
2019-08-30T04:00:00Z,57.81,57.81,57.81,57.81,0,0,0
2019-09-03T04:00:00Z,57.81,57.81,57.81,57.81,0,0,0
2019-09-04T04:00:00Z,57.81,57.81,57.81,57.81,0,0,0
2019-09-05T04:00:00Z,57.81,57.81,57.81,57.81,0,0,0
2019-09-06T04:00:00Z,57.81,57.81,57.81,57.81,0,0,0
2019-09-09T04:00:00Z,57.81,57.81,57.81,57.81,0,0,0
2019-09-10T04:00:00Z,57.81,57.81,57.81,57.81,0,0,0
2019-09-11T04:00:00Z,57.81,57.81,57.81,57.81,0,0,0
2019-09-12T04:00:00Z,57.81,57.81,57.81,57.81,0,0,0
2019-09-13T04:00:00Z,57.81,57.81,57.81,57.81,0,0,0
2019-09-16T04:00:00Z,57.81,57.81,57.81,57.81,0,0,0
2019-09-17T04:00:00Z,57.81,57.81,57.81,57.81,0,0,0
2019-09-18T04:00:00Z,57.81,57.81,57.81,57.81,0,0,0
2019-09-19T04:00:00Z,57.81,57.81,57.81,57.81,0,0,0
2019-09-20T04:00:00Z,57.81,57.81,57.81,57.81,0,0,0
2019-09-23T04:00:00Z,57.81,57.81,57.81,57.81,0,0,0
2019-09-24T04:00:00Z,57.81,57.81,57.81,57.81,0,0,0
2019-09-25T04:00:00Z,57.81,57.81,57.81,57.81,0,0,0
2019-09-26T04:00:00Z,57.81,57.81,57.81,57.81,0,0,0
2019-09-27T04:00:00Z,57.81,57.81,57.81,57.81,0,0,0
2019-09-30T04:00:00Z,57.81,57.81,57.81,57.81,0,0,0
2019-10-01T04:00:00Z,57.81,57.81,57.81,57.81,0,0,0
2019-10-02T04:00:00Z,57.81,57.81,57.81,57.81,0,0,0
2019-10-03T04:00:00Z,57.81,57.81,57.81,57.81,0,0,0
2019-10-04T04:00:00Z,57.81,57.81,57.81,57.81,0,0,0
2019-10-07T04:00:00Z,57.81,57.81,57.81,57.81,0,0,0
2019-10-08T04:00:00Z,57.81,57.81,57.81,57.81,0,0,0
2019-10-09T04:00:00Z,57.81,57.81,57.81,57.81,0,0,0
2019-10-10T04:00:00Z,57.81,57.81,57.81,57.81,0,0,0
2019-10-11T04:00:00Z,57.81,57.81,57.81,57.81,0,0,0
2019-10-14T04:00:00Z,57.81,57.81,57.81,57.81,0,0,0
2019-10-15T04:00:00Z,57.81,57.81,57.81,57.81,0,0,0
2019-10-16T04:00:00Z,57.81,57.81,57.81,57.81,0,0,0
2019-10-17T04:00:00Z,57.81,57.81,57.81,57.81,0,0,0
2019-10-18T04:00:00Z,57.81,57.81,57.81,57.81,0,0,0
2019-10-21T04:00:00Z,57.81,57.81,57.81,57.81,0,0,0
2019-10-22T04:00:00Z,57.81,57.81,57.81,57.81,0,0,0
2019-10-23T04:00:00Z,57.81,57.81,57.81,57.81,0,0,0
2019-10-24T04:00:00Z,57.81,57.81,57.81,57.81,0,0,0
2019-10-25T04:00:00Z,57.81,57.81,57.81,57.81,0,0,0
2019-10-28T04:00:00Z,57.81,57.81,57.81,57.81,0,0,0
2019-10-29T04:00:00Z,57.81,57.81,57.81,57.81,0,0,0
2019-10-30T04:00:00Z,57.81,57.81,57.81,57.81,0,0,0
2019-10-31T04:00:00Z,57.81,57.81,57.81,57.81,0,0,0
2019-11-01T04:00:00Z,57.81,57.81,57.81,57.81,0,0,0
2019-11-04T05:00:00Z,57.81,57.81,57.81,57.81,0,0,0
2019-11-05T05:00:00Z,57.81,57.81,57.81,57.81,0,0,0
2019-11-06T05:00:00Z,57.81,57.81,57.81,57.81,0,0,0
2019-11-07T05:00:00Z,57.81,57.81,57.81,57.81,0,0,0
2019-11-08T05:00:00Z,57.81,57.81,57.81,57.81,0,0,0
2019-11-11T05:00:00Z,57.81,57.81,57.81,57.81,0,0,0
2019-11-12T05:00:00Z,57.81,57.81,57.81,57.81,0,0,0
2019-11-13T05:00:00Z,57.81,57.81,57.81,57.81,0,0,0
2019-11-14T05:00:00Z,57.81,57.81,57.81,57.81,0,0,0
2019-11-15T05:00:00Z,57.81,57.81,57.81,57.81,0,0,0
2019-11-18T05:00:00Z,57.81,57.81,57.81,57.81,0,0,0
2019-11-19T05:00:00Z,57.81,57.81,57.81,57.81,0,0,0
2019-11-20T05:00:00Z,57.81,57.81,57.81,57.81,0,0,0
2019-11-21T05:00:00Z,57.81,57.81,57.81,57.81,0,0,0
2019-11-22T05:00:00Z,57.81,57.81,57.81,57.81,0,0,0
2019-11-25T05:00:00Z,57.81,57.81,57.81,57.81,0,0,0
2019-11-26T05:00:00Z,57.81,57.81,57.81,57.81,0,0,0
2019-11-27T05:00:00Z,57.81,57.81,57.81,57.81,0,0,0
2019-11-29T05:00:00Z,57.81,57.81,57.81,57.81,0,0,0
2019-12-02T05:00:00Z,57.81,57.81,57.81,57.81,0,0,0
2019-12-03T05:00:00Z,57.81,57.81,57.81,57.81,0,0,0
2019-12-04T05:00:00Z,57.81,57.81,57.81,57.81,0,0,0
2019-12-05T05:00:00Z,57.81,57.81,57.81,57.81,0,0,0
2019-12-06T05:00:00Z,57.81,57.81,57.81,57.81,0,0,0
2019-12-09T05:00:00Z,57.81,57.81,57.81,57.81,0,0,0
2019-12-10T05:00:00Z,57.81,57.81,57.81,57.81,0,0,0
2019-12-11T05:00:00Z,57.81,57.81,57.81,57.81,0,0,0
2019-12-12T05:00:00Z,57.81,57.81,57.81,57.81,0,0,0
2019-12-13T05:00:00Z,57.81,57.81,57.81,57.81,0,0,0
2019-12-16T05:00:00Z,57.81,57.81,57.81,57.81,0,0,0
2019-12-17T05:00:00Z,57.81,57.81,57.81,57.81,0,0,0
2019-12-18T05:00:00Z,57.81,57.81,57.81,57.81,0,0,0
2019-12-19T05:00:00Z,57.81,57.81,57.81,57.81,0,0,0
2019-12-20T05:00:00Z,57.81,57.81,57.81,57.81,0,0,0
2019-12-23T05:00:00Z,57.81,57.81,57.81,57.81,0,0,0
2019-12-24T05:00:00Z,57.81,57.81,57.81,57.81,0,0,0
2019-12-26T05:00:00Z,57.81,57.81,57.81,57.81,0,0,0
2019-12-27T05:00:00Z,57.81,57.81,57.81,57.81,0,0,0
2019-12-30T05:00:00Z,57.81,57.81,57.81,57.81,0,0,0
2019-12-31T05:00:00Z,57.81,57.81,57.81,57.81,0,0,0
2020-01-02T05:00:00Z,57.81,57.81,57.81,57.81,0,0,0
2020-01-03T05:00:00Z,57.81,57.81,57.81,57.81,0,0,0
2020-01-06T05:00:00Z,57.81,57.81,57.81,57.81,0,0,0
2020-01-07T05:00:00Z,57.81,57.81,57.81,57.81,0,0,0
2020-01-08T05:00:00Z,57.81,57.81,57.81,57.81,0,0,0
2020-01-09T05:00:00Z,57.81,57.81,57.81,57.81,0,0,0
2020-01-10T05:00:00Z,57.81,57.81,57.81,57.81,0,0,0
2020-01-13T05:00:00Z,57.81,57.81,57.81,57.81,0,0,0
2020-01-14T05:00:00Z,57.81,57.81,57.81,57.81,0,0,0
2020-01-15T05:00:00Z,57.81,57.81,57.81,57.81,0,0,0
2020-01-16T05:00:00Z,57.81,57.81,57.81,57.81,0,0,0
2020-01-17T05:00:00Z,57.81,57.81,57.81,57.81,0,0,0
2020-01-21T05:00:00Z,57.81,57.81,57.81,57.81,0,0,0
2020-01-22T05:00:00Z,57.81,57.81,57.81,57.81,0,0,0
2020-01-23T05:00:00Z,57.81,57.81,57.81,57.81,0,0,0
2020-01-24T05:00:00Z,57.81,57.81,57.81,57.81,0,0,0
2020-01-27T05:00:00Z,57.81,57.81,57.81,57.81,0,0,0
2020-01-28T05:00:00Z,57.81,57.81,57.81,57.81,0,0,0
2020-01-29T05:00:00Z,57.81,57.81,57.81,57.81,0,0,0
2020-01-30T05:00:00Z,57.81,57.81,57.81,57.81,0,0,0
2020-01-31T05:00:00Z,57.81,57.81,57.81,57.81,0,0,0
2020-02-03T05:00:00Z,57.81,57.81,57.81,57.81,0,0,0
2020-02-04T05:00:00Z,57.81,57.81,57.81,57.81,0,0,0
2020-02-05T05:00:00Z,57.81,57.81,57.81,57.81,0,0,0
2020-02-06T05:00:00Z,57.81,57.81,57.81,57.81,0,0,0
2020-02-07T05:00:00Z,57.81,57.81,57.81,57.81,0,0,0
2020-02-10T05:00:00Z,57.81,57.81,57.81,57.81,0,0,0
2020-02-11T05:00:00Z,57.81,57.81,57.81,57.81,0,0,0
2020-02-12T05:00:00Z,57.81,57.81,57.81,57.81,0,0,0
2020-02-13T05:00:00Z,57.81,57.81,57.81,57.81,0,0,0
2020-02-14T05:00:00Z,57.81,57.81,57.81,57.81,0,0,0
2020-02-18T05:00:00Z,57.81,57.81,57.81,57.81,0,0,0
2020-02-19T05:00:00Z,57.81,57.81,57.81,57.81,0,0,0
2020-02-20T05:00:00Z,57.81,57.81,57.81,57.81,0,0,0
2020-02-21T05:00:00Z,57.81,57.81,57.81,57.81,0,0,0
2020-02-24T05:00:00Z,57.81,57.81,57.81,57.81,0,0,0
2020-02-25T05:00:00Z,57.81,57.81,57.81,57.81,0,0,0
2020-02-26T05:00:00Z,57.81,57.81,57.81,57.81,0,0,0
2020-02-27T05:00:00Z,57.81,57.81,57.81,57.81,0,0,0
2020-02-28T05:00:00Z,57.81,57.81,57.81,57.81,0,0,0
2020-03-02T05:00:00Z,57.81,57.81,57.81,57.81,0,0,0
2020-03-03T05:00:00Z,57.81,57.81,57.81,57.81,0,0,0
2020-03-04T05:00:00Z,57.81,57.81,57.81,57.81,0,0,0
2020-03-05T05:00:00Z,57.81,57.81,57.81,57.81,0,0,0
2020-03-06T05:00:00Z,57.81,57.81,57.81,57.81,0,0,0
2020-03-09T04:00:00Z,57.81,57.81,57.81,57.81,0,0,0
2020-03-10T04:00:00Z,57.81,57.81,57.81,57.81,0,0,0
2020-03-11T04:00:00Z,57.81,57.81,57.81,57.81,0,0,0
2020-03-12T04:00:00Z,57.81,57.81,57.81,57.81,0,0,0
2020-03-13T04:00:00Z,57.81,57.81,57.81,57.81,0,0,0
2020-03-16T04:00:00Z,57.81,57.81,57.81,57.81,0,0,0
2020-03-17T04:00:00Z,57.81,57.81,57.81,57.81,0,0,0
2020-03-18T04:00:00Z,57.81,57.81,57.81,57.81,0,0,0
2020-03-19T04:00:00Z,57.81,57.81,57.81,57.81,0,0,0
2020-03-20T04:00:00Z,57.81,57.81,57.81,57.81,0,0,0
2020-03-23T04:00:00Z,57.81,57.81,57.81,57.81,0,0,0
2020-03-24T04:00:00Z,57.81,57.81,57.81,57.81,0,0,0
2020-03-25T04:00:00Z,57.81,57.81,57.81,57.81,0,0,0
2020-03-26T04:00:00Z,57.81,57.81,57.81,57.81,0,0,0
2020-03-27T04:00:00Z,57.81,57.81,57.81,57.81,0,0,0
2020-03-30T04:00:00Z,57.81,57.81,57.81,57.81,0,0,0
2020-03-31T04:00:00Z,57.81,57.81,57.81,57.81,0,0,0
2020-04-01T04:00:00Z,57.81,57.81,57.81,57.81,0,0,0
2020-04-02T04:00:00Z,57.81,57.81,57.81,57.81,0,0,0
2020-04-03T04:00:00Z,57.81,57.81,57.81,57.81,0,0,0
2020-04-06T04:00:00Z,57.81,57.81,57.81,57.81,0,0,0
2020-04-07T04:00:00Z,57.81,57.81,57.81,57.81,0,0,0
2020-04-08T04:00:00Z,57.81,57.81,57.81,57.81,0,0,0
2020-04-09T04:00:00Z,57.81,57.81,57.81,57.81,0,0,0
2020-04-13T04:00:00Z,57.81,57.81,57.81,57.81,0,0,0
2020-04-14T04:00:00Z,57.81,57.81,57.81,57.81,0,0,0
2020-04-15T04:00:00Z,57.81,57.81,57.81,57.81,0,0,0
2020-04-16T04:00:00Z,57.81,57.81,57.81,57.81,0,0,0
2020-04-17T04:00:00Z,57.81,57.81,57.81,57.81,0,0,0
2020-04-20T04:00:00Z,57.81,57.81,57.81,57.81,0,0,0
2020-04-21T04:00:00Z,57.81,57.81,57.81,57.81,0,0,0
2020-04-22T04:00:00Z,57.81,57.81,57.81,57.81,0,0,0
2020-04-23T04:00:00Z,57.81,57.81,57.81,57.81,0,0,0
2020-04-24T04:00:00Z,57.81,57.81,57.81,57.81,0,0,0
2020-04-27T04:00:00Z,57.81,57.81,57.81,57.81,0,0,0
2020-04-28T04:00:00Z,57.81,57.81,57.81,57.81,0,0,0
2020-04-29T04:00:00Z,57.81,57.81,57.81,57.81,0,0,0
2020-04-30T04:00:00Z,57.81,57.81,57.81,57.81,0,0,0
2020-05-01T04:00:00Z,57.81,57.81,57.81,57.81,0,0,0
2020-05-04T04:00:00Z,57.81,57.81,57.81,57.81,0,0,0
2020-05-05T04:00:00Z,57.81,57.81,57.81,57.81,0,0,0
2020-05-06T04:00:00Z,57.81,57.81,57.81,57.81,0,0,0
2020-05-07T04:00:00Z,57.81,57.81,57.81,57.81,0,0,0
2020-05-08T04:00:00Z,57.81,57.81,57.81,57.81,0,0,0
2020-05-11T04:00:00Z,57.81,57.81,57.81,57.81,0,0,0
2020-05-12T04:00:00Z,57.81,57.81,57.81,57.81,0,0,0
2020-05-13T04:00:00Z,57.81,57.81,57.81,57.81,0,0,0
2020-05-14T04:00:00Z,57.81,57.81,57.81,57.81,0,0,0
2020-05-15T04:00:00Z,57.81,57.81,57.81,57.81,0,0,0
2020-05-18T04:00:00Z,57.81,57.81,57.81,57.81,0,0,0
2020-05-19T04:00:00Z,57.81,57.81,57.81,57.81,0,0,0
2020-05-20T04:00:00Z,57.81,57.81,57.81,57.81,0,0,0
2020-05-21T04:00:00Z,57.81,57.81,57.81,57.81,0,0,0
2020-05-22T04:00:00Z,57.81,57.81,57.81,57.81,0,0,0
2020-05-26T04:00:00Z,57.81,57.81,57.81,57.81,0,0,0
2020-05-27T04:00:00Z,57.81,57.81,57.81,57.81,0,0,0
2020-05-28T04:00:00Z,57.81,57.81,57.81,57.81,0,0,0
2020-05-29T04:00:00Z,57.81,57.81,57.81,57.81,0,0,0
2020-06-01T04:00:00Z,57.81,57.81,57.81,57.81,0,0,0
2020-06-02T04:00:00Z,57.81,57.81,57.81,57.81,0,0,0
2020-06-03T04:00:00Z,57.81,57.81,57.81,57.81,0,0,0
2020-06-04T04:00:00Z,57.81,57.81,57.81,57.81,0,0,0
2020-06-05T04:00:00Z,57.81,57.81,57.81,57.81,0,0,0
2020-06-08T04:00:00Z,57.81,57.81,57.81,57.81,0,0,0
2020-06-09T04:00:00Z,57.81,57.81,57.81,57.81,0,0,0
2020-06-10T04:00:00Z,57.81,57.81,57.81,57.81,0,0,0
2020-06-11T04:00:00Z,57.81,57.81,57.81,57.81,0,0,0
2020-06-12T04:00:00Z,57.81,57.81,57.81,57.81,0,0,0
2020-06-15T04:00:00Z,57.81,57.81,57.81,57.81,0,0,0
2020-06-16T04:00:00Z,57.81,57.81,57.81,57.81,0,0,0
2020-06-17T04:00:00Z,57.81,57.81,57.81,57.81,0,0,0
2020-06-18T04:00:00Z,57.81,57.81,57.81,57.81,0,0,0
2020-06-19T04:00:00Z,57.81,57.81,57.81,57.81,0,0,0
2020-06-22T04:00:00Z,57.81,57.81,57.81,57.81,0,0,0
2020-06-23T04:00:00Z,57.81,57.81,57.81,57.81,0,0,0
2020-06-24T04:00:00Z,57.81,57.81,57.81,57.81,0,0,0
2020-06-25T04:00:00Z,57.81,57.81,57.81,57.81,0,0,0
2020-06-26T04:00:00Z,57.81,57.81,57.81,57.81,0,0,0
2020-06-29T04:00:00Z,57.81,57.81,57.81,57.81,0,0,0
2020-06-30T04:00:00Z,57.81,57.81,57.81,57.81,0,0,0
2020-07-01T04:00:00Z,57.81,57.81,57.81,57.81,0,0,0
2020-07-02T04:00:00Z,57.81,57.81,57.81,57.81,0,0,0
2020-07-06T04:00:00Z,57.81,57.81,57.81,57.81,0,0,0
2020-07-07T04:00:00Z,57.81,57.81,57.81,57.81,0,0,0
2020-07-08T04:00:00Z,57.81,57.81,57.81,57.81,0,0,0
2020-07-09T04:00:00Z,57.81,57.81,57.81,57.81,0,0,0
2020-07-10T04:00:00Z,57.81,57.81,57.81,57.81,0,0,0
2020-07-13T04:00:00Z,57.81,57.81,57.81,57.81,0,0,0
2020-07-14T04:00:00Z,57.81,57.81,57.81,57.81,0,0,0
2020-07-15T04:00:00Z,57.81,57.81,57.81,57.81,0,0,0
2020-07-16T04:00:00Z,57.81,57.81,57.81,57.81,0,0,0
2020-07-17T04:00:00Z,57.81,57.81,57.81,57.81,0,0,0
2020-07-20T04:00:00Z,57.81,57.81,57.81,57.81,0,0,0
2020-07-21T04:00:00Z,57.81,57.81,57.81,57.81,0,0,0
2020-07-22T04:00:00Z,57.81,57.81,57.81,57.81,0,0,0
2020-07-23T04:00:00Z,57.81,57.81,57.81,57.81,0,0,0
2020-07-24T04:00:00Z,57.81,57.81,57.81,57.81,0,0,0
2020-07-27T04:00:00Z,57.81,57.81,57.81,57.81,0,0,0
2020-07-28T04:00:00Z,57.81,57.81,57.81,57.81,0,0,0
2020-07-29T04:00:00Z,57.81,57.81,57.81,57.81,0,0,0
2020-07-30T04:00:00Z,57.81,57.81,57.81,57.81,0,0,0
2020-07-31T04:00:00Z,57.81,57.81,57.81,57.81,0,0,0
2020-08-03T04:00:00Z,57.81,57.81,57.81,57.81,0,0,0
2020-08-04T04:00:00Z,57.81,57.81,57.81,57.81,0,0,0
2020-08-05T04:00:00Z,57.81,57.81,57.81,57.81,0,0,0
2020-08-06T04:00:00Z,57.81,57.81,57.81,57.81,0,0,0
2020-08-07T04:00:00Z,57.81,57.81,57.81,57.81,0,0,0
2020-08-10T04:00:00Z,57.81,57.81,57.81,57.81,0,0,0
2020-08-11T04:00:00Z,57.81,57.81,57.81,57.81,0,0,0
2020-08-12T04:00:00Z,57.81,57.81,57.81,57.81,0,0,0
2020-08-13T04:00:00Z,57.81,57.81,57.81,57.81,0,0,0
2020-08-14T04:00:00Z,57.81,57.81,57.81,57.81,0,0,0
2020-08-17T04:00:00Z,57.81,57.81,57.81,57.81,0,0,0
2020-08-18T04:00:00Z,57.81,57.81,57.81,57.81,0,0,0
2020-08-19T04:00:00Z,57.81,57.81,57.81,57.81,0,0,0
2020-08-20T04:00:00Z,57.81,57.81,57.81,57.81,0,0,0
2020-08-21T04:00:00Z,57.81,57.81,57.81,57.81,0,0,0
2020-08-24T04:00:00Z,57.81,57.81,57.81,57.81,0,0,0
2020-08-25T04:00:00Z,57.81,57.81,57.81,57.81,0,0,0
2020-08-26T04:00:00Z,57.81,57.81,57.81,57.81,0,0,0
2020-08-27T04:00:00Z,57.81,57.81,57.81,57.81,0,0,0
2020-08-28T04:00:00Z,57.81,57.81,57.81,57.81,0,0,0
2020-08-31T04:00:00Z,57.81,57.81,57.81,57.81,0,0,0
2020-09-01T04:00:00Z,57.81,57.81,57.81,57.81,0,0,0
2020-09-02T04:00:00Z,57.81,57.81,57.81,57.81,0,0,0
2020-09-03T04:00:00Z,57.81,57.81,57.81,57.81,0,0,0
2020-09-04T04:00:00Z,57.81,57.81,57.81,57.81,0,0,0
2020-09-08T04:00:00Z,57.81,57.81,57.81,57.81,0,0,0
2020-09-09T04:00:00Z,57.81,57.81,57.81,57.81,0,0,0
2020-09-10T04:00:00Z,57.81,57.81,57.81,57.81,0,0,0
2020-09-11T04:00:00Z,57.81,57.81,57.81,57.81,0,0,0
2020-09-14T04:00:00Z,57.81,57.81,57.81,57.81,0,0,0
2020-09-15T04:00:00Z,57.81,57.81,57.81,57.81,0,0,0
2020-09-16T04:00:00Z,57.81,57.81,57.81,57.81,0,0,0
2020-09-17T04:00:00Z,57.81,57.81,57.81,57.81,0,0,0
2020-09-18T04:00:00Z,57.81,57.81,57.81,57.81,0,0,0
2020-09-21T04:00:00Z,57.81,57.81,57.81,57.81,0,0,0
2020-09-22T04:00:00Z,57.81,57.81,57.81,57.81,0,0,0
2020-09-23T04:00:00Z,57.81,57.81,57.81,57.81,0,0,0
2020-09-24T04:00:00Z,57.81,57.81,57.81,57.81,0,0,0
2020-09-25T04:00:00Z,57.81,57.81,57.81,57.81,0,0,0
2020-09-28T04:00:00Z,57.81,57.81,57.81,57.81,0,0,0
2020-09-29T04:00:00Z,57.81,57.81,57.81,57.81,0,0,0
2020-09-30T04:00:00Z,57.81,57.81,57.81,57.81,0,0,0
2020-10-01T04:00:00Z,57.81,57.81,57.81,57.81,0,0,0
2020-10-02T04:00:00Z,57.81,57.81,57.81,57.81,0,0,0
2020-10-05T04:00:00Z,57.81,57.81,57.81,57.81,0,0,0
2020-10-06T04:00:00Z,57.81,57.81,57.81,57.81,0,0,0
2020-10-07T04:00:00Z,57.81,57.81,57.81,57.81,0,0,0
2020-10-08T04:00:00Z,57.81,57.81,57.81,57.81,0,0,0
2020-10-09T04:00:00Z,57.81,57.81,57.81,57.81,0,0,0
2020-10-12T04:00:00Z,57.81,57.81,57.81,57.81,0,0,0
2020-10-13T04:00:00Z,57.81,57.81,57.81,57.81,0,0,0
2020-10-14T04:00:00Z,57.81,57.81,57.81,57.81,0,0,0
2020-10-15T04:00:00Z,57.81,57.81,57.81,57.81,0,0,0
2020-10-16T04:00:00Z,57.81,57.81,57.81,57.81,0,0,0
2020-10-19T04:00:00Z,57.81,57.81,57.81,57.81,0,0,0
2020-10-20T04:00:00Z,57.81,57.81,57.81,57.81,0,0,0
2020-10-21T04:00:00Z,57.81,57.81,57.81,57.81,0,0,0
2020-10-22T04:00:00Z,57.81,57.81,57.81,57.81,0,0,0
2020-10-23T04:00:00Z,57.81,57.81,57.81,57.81,0,0,0
2020-10-26T04:00:00Z,57.81,57.81,57.81,57.81,0,0,0
2020-10-27T04:00:00Z,57.81,57.81,57.81,57.81,0,0,0
2020-10-28T04:00:00Z,57.81,57.81,57.81,57.81,0,0,0
2020-10-29T04:00:00Z,57.81,57.81,57.81,57.81,0,0,0
2020-10-30T04:00:00Z,57.81,57.81,57.81,57.81,0,0,0
2020-11-02T05:00:00Z,57.81,57.81,57.81,57.81,0,0,0
2020-11-03T05:00:00Z,57.81,57.81,57.81,57.81,0,0,0
2020-11-04T05:00:00Z,57.81,57.81,57.81,57.81,0,0,0
2020-11-05T05:00:00Z,57.81,57.81,57.81,57.81,0,0,0
2020-11-06T05:00:00Z,57.81,57.81,57.81,57.81,0,0,0
2020-11-09T05:00:00Z,57.81,57.81,57.81,57.81,0,0,0
2020-11-10T05:00:00Z,57.81,57.81,57.81,57.81,0,0,0
2020-11-11T05:00:00Z,57.81,57.81,57.81,57.81,0,0,0
2020-11-12T05:00:00Z,57.81,57.81,57.81,57.81,0,0,0
2020-11-13T05:00:00Z,57.81,57.81,57.81,57.81,0,0,0
2020-11-16T05:00:00Z,57.81,57.81,57.81,57.81,0,0,0
2020-11-17T05:00:00Z,57.81,57.81,57.81,57.81,0,0,0
2020-11-18T05:00:00Z,57.81,57.81,57.81,57.81,0,0,0
2020-11-19T05:00:00Z,57.81,57.81,57.81,57.81,0,0,0
2020-11-20T05:00:00Z,57.81,57.81,57.81,57.81,0,0,0
2020-11-23T05:00:00Z,57.81,57.81,57.81,57.81,0,0,0
2020-11-24T05:00:00Z,57.81,57.81,57.81,57.81,0,0,0
2020-11-25T05:00:00Z,57.81,57.81,57.81,57.81,0,0,0
2020-11-27T05:00:00Z,57.81,57.81,57.81,57.81,0,0,0
2020-11-30T05:00:00Z,57.81,57.81,57.81,57.81,0,0,0
2020-12-01T05:00:00Z,57.81,57.81,57.81,57.81,0,0,0
2020-12-02T05:00:00Z,57.81,57.81,57.81,57.81,0,0,0
2020-12-03T05:00:00Z,57.81,57.81,57.81,57.81,0,0,0
2020-12-04T05:00:00Z,57.81,57.81,57.81,57.81,0,0,0
2020-12-07T05:00:00Z,57.81,57.81,57.81,57.81,0,0,0
2020-12-08T05:00:00Z,57.81,57.81,57.81,57.81,0,0,0
2020-12-09T05:00:00Z,57.81,57.81,57.81,57.81,0,0,0
2020-12-10T05:00:00Z,57.81,57.81,57.81,57.81,0,0,0
2020-12-11T05:00:00Z,57.81,57.81,57.81,57.81,0,0,0
2020-12-14T05:00:00Z,57.81,57.81,57.81,57.81,0,0,0
2020-12-15T05:00:00Z,57.81,57.81,57.81,57.81,0,0,0
2020-12-16T05:00:00Z,57.81,57.81,57.81,57.81,0,0,0
2020-12-17T05:00:00Z,57.81,57.81,57.81,57.81,0,0,0
2020-12-18T05:00:00Z,57.81,57.81,57.81,57.81,0,0,0
2020-12-21T05:00:00Z,57.81,57.81,57.81,57.81,0,0,0
2020-12-22T05:00:00Z,57.81,57.81,57.81,57.81,0,0,0
2020-12-23T05:00:00Z,57.81,57.81,57.81,57.81,0,0,0
2020-12-24T05:00:00Z,57.81,57.81,57.81,57.81,0,0,0
2020-12-28T05:00:00Z,57.81,57.81,57.81,57.81,0,0,0
2020-12-29T05:00:00Z,57.81,57.81,57.81,57.81,0,0,0
2020-12-30T05:00:00Z,57.81,57.81,57.81,57.81,0,0,0
2020-12-31T05:00:00Z,57.81,57.81,57.81,57.81,0,0,0
2021-01-04T05:00:00Z,57.81,57.81,57.81,57.81,0,0,0
2021-01-05T05:00:00Z,57.81,57.81,57.81,57.81,0,0,0
2021-01-06T05:00:00Z,57.81,57.81,57.81,57.81,0,0,0
2021-01-07T05:00:00Z,57.81,57.81,57.81,57.81,0,0,0
2021-01-08T05:00:00Z,57.81,57.81,57.81,57.81,0,0,0
2021-01-11T05:00:00Z,57.81,57.81,57.81,57.81,0,0,0
2021-01-12T05:00:00Z,57.81,57.81,57.81,57.81,0,0,0
2021-01-13T05:00:00Z,57.81,57.81,57.81,57.81,0,0,0
2021-01-14T05:00:00Z,57.81,57.81,57.81,57.81,0,0,0
2021-01-15T05:00:00Z,57.81,57.81,57.81,57.81,0,0,0
2021-01-19T05:00:00Z,57.81,57.81,57.81,57.81,0,0,0
2021-01-20T05:00:00Z,57.81,57.81,57.81,57.81,0,0,0
2021-01-21T05:00:00Z,57.81,57.81,57.81,57.81,0,0,0
2021-01-22T05:00:00Z,57.81,57.81,57.81,57.81,0,0,0
2021-01-25T05:00:00Z,57.81,57.81,57.81,57.81,0,0,0
2021-01-26T05:00:00Z,57.81,57.81,57.81,57.81,0,0,0
2021-01-27T05:00:00Z,57.81,57.81,57.81,57.81,0,0,0
2021-01-28T05:00:00Z,57.81,57.81,57.81,57.81,0,0,0
2021-01-29T05:00:00Z,57.81,57.81,57.81,57.81,0,0,0
2021-02-01T05:00:00Z,57.81,57.81,57.81,57.81,0,0,0
2021-02-02T05:00:00Z,57.81,57.81,57.81,57.81,0,0,0
2021-02-03T05:00:00Z,57.81,57.81,57.81,57.81,0,0,0
2021-02-04T05:00:00Z,57.81,57.81,57.81,57.81,0,0,0
2021-02-05T05:00:00Z,57.81,57.81,57.81,57.81,0,0,0
2021-02-08T05:00:00Z,57.81,57.81,57.81,57.81,0,0,0
2021-02-09T05:00:00Z,57.81,57.81,57.81,57.81,0,0,0
2021-02-10T05:00:00Z,57.81,57.81,57.81,57.81,0,0,0
2021-02-11T05:00:00Z,57.81,57.81,57.81,57.81,0,0,0
2021-02-12T05:00:00Z,57.81,57.81,57.81,57.81,0,0,0
2021-02-16T05:00:00Z,57.81,57.81,57.81,57.81,0,0,0
2021-02-17T05:00:00Z,57.81,57.81,57.81,57.81,0,0,0
2021-02-18T05:00:00Z,57.81,57.81,57.81,57.81,0,0,0
2021-02-19T05:00:00Z,57.81,57.81,57.81,57.81,0,0,0
2021-02-22T05:00:00Z,57.81,57.81,57.81,57.81,0,0,0
2021-02-23T05:00:00Z,57.81,57.81,57.81,57.81,0,0,0
2021-02-24T05:00:00Z,57.81,57.81,57.81,57.81,0,0,0
2021-02-25T05:00:00Z,57.81,57.81,57.81,57.81,0,0,0
2021-02-26T05:00:00Z,57.81,57.81,57.81,57.81,0,0,0
2021-03-01T05:00:00Z,57.81,57.81,57.81,57.81,0,0,0
2021-03-02T05:00:00Z,57.81,57.81,57.81,57.81,0,0,0
2021-03-03T05:00:00Z,57.81,57.81,57.81,57.81,0,0,0
2021-03-04T05:00:00Z,57.81,57.81,57.81,57.81,0,0,0
2021-03-05T05:00:00Z,57.81,57.81,57.81,57.81,0,0,0
2021-03-08T05:00:00Z,57.81,57.81,57.81,57.81,0,0,0
2021-03-09T05:00:00Z,57.81,57.81,57.81,57.81,0,0,0
2021-03-10T05:00:00Z,57.81,57.81,57.81,57.81,0,0,0
2021-03-11T05:00:00Z,57.81,57.81,57.81,57.81,0,0,0
2021-03-12T05:00:00Z,57.81,57.81,57.81,57.81,0,0,0
2021-03-15T04:00:00Z,57.81,57.81,57.81,57.81,0,0,0
2021-03-16T04:00:00Z,57.81,57.81,57.81,57.81,0,0,0
2021-03-17T04:00:00Z,57.81,57.81,57.81,57.81,0,0,0
2021-03-18T04:00:00Z,57.81,57.81,57.81,57.81,0,0,0
2021-03-19T04:00:00Z,57.81,57.81,57.81,57.81,0,0,0
2021-03-22T04:00:00Z,57.81,57.81,57.81,57.81,0,0,0
2021-03-23T04:00:00Z,57.81,57.81,57.81,57.81,0,0,0
2021-03-24T04:00:00Z,57.81,57.81,57.81,57.81,0,0,0
2021-03-25T04:00:00Z,57.81,57.81,57.81,57.81,0,0,0
2021-03-26T04:00:00Z,57.81,57.81,57.81,57.81,0,0,0
2021-03-29T04:00:00Z,57.81,57.81,57.81,57.81,0,0,0
2021-03-30T04:00:00Z,57.81,57.81,57.81,57.81,0,0,0
2021-03-31T04:00:00Z,57.81,57.81,57.81,57.81,0,0,0
2021-04-01T04:00:00Z,57.81,57.81,57.81,57.81,0,0,0
2021-04-05T04:00:00Z,57.81,57.81,57.81,57.81,0,0,0
2021-04-06T04:00:00Z,57.81,57.81,57.81,57.81,0,0,0
2021-04-07T04:00:00Z,57.81,57.81,57.81,57.81,0,0,0
2021-04-08T04:00:00Z,57.81,57.81,57.81,57.81,0,0,0
2021-04-09T04:00:00Z,57.81,57.81,57.81,57.81,0,0,0
2021-04-12T04:00:00Z,57.81,57.81,57.81,57.81,0,0,0
2021-04-13T04:00:00Z,57.81,57.81,57.81,57.81,0,0,0
2021-04-14T04:00:00Z,57.81,57.81,57.81,57.81,0,0,0
2021-04-15T04:00:00Z,57.81,57.81,57.81,57.81,0,0,0
2021-04-16T04:00:00Z,57.81,57.81,57.81,57.81,0,0,0
2021-04-19T04:00:00Z,57.81,57.81,57.81,57.81,0,0,0
2021-04-20T04:00:00Z,57.81,57.81,57.81,57.81,0,0,0
2021-04-21T04:00:00Z,57.81,57.81,57.81,57.81,0,0,0
2021-04-22T04:00:00Z,57.81,57.81,57.81,57.81,0,0,0
2021-04-23T04:00:00Z,57.81,57.81,57.81,57.81,0,0,0
2021-04-26T04:00:00Z,57.81,57.81,57.81,57.81,0,0,0
2021-04-27T04:00:00Z,57.81,57.81,57.81,57.81,0,0,0
2021-04-28T04:00:00Z,57.81,57.81,57.81,57.81,0,0,0
2021-04-29T04:00:00Z,57.81,57.81,57.81,57.81,0,0,0
2021-04-30T04:00:00Z,57.81,57.81,57.81,57.81,0,0,0
2021-05-03T04:00:00Z,57.81,57.81,57.81,57.81,0,0,0
2021-05-04T04:00:00Z,57.81,57.81,57.81,57.81,0,0,0
2021-05-05T04:00:00Z,57.81,57.81,57.81,57.81,0,0,0
2021-05-06T04:00:00Z,57.81,57.81,57.81,57.81,0,0,0
2021-05-07T04:00:00Z,57.81,57.81,57.81,57.81,0,0,0
2021-05-10T04:00:00Z,57.81,57.81,57.81,57.81,0,0,0
2021-05-11T04:00:00Z,57.81,57.81,57.81,57.81,0,0,0
2021-05-12T04:00:00Z,57.81,57.81,57.81,57.81,0,0,0
2021-05-13T04:00:00Z,57.81,57.81,57.81,57.81,0,0,0
2021-05-14T04:00:00Z,57.81,57.81,57.81,57.81,0,0,0
2021-05-17T04:00:00Z,57.81,57.81,57.81,57.81,0,0,0
2021-05-18T04:00:00Z,57.81,57.81,57.81,57.81,0,0,0
2021-05-19T04:00:00Z,57.81,57.81,57.81,57.81,0,0,0
2021-05-20T04:00:00Z,57.81,57.81,57.81,57.81,0,0,0
2021-05-21T04:00:00Z,57.81,57.81,57.81,57.81,0,0,0
2021-05-24T04:00:00Z,57.81,57.81,57.81,57.81,0,0,0
2021-05-25T04:00:00Z,57.81,57.81,57.81,57.81,0,0,0
2021-05-26T04:00:00Z,57.81,57.81,57.81,57.81,0,0,0
2021-05-27T04:00:00Z,57.81,57.81,57.81,57.81,0,0,0
2021-05-28T04:00:00Z,57.81,57.81,57.81,57.81,0,0,0
2021-06-01T04:00:00Z,57.81,57.81,57.81,57.81,0,0,0
2021-06-02T04:00:00Z,57.81,57.81,57.81,57.81,0,0,0
2021-06-03T04:00:00Z,57.81,57.81,57.81,57.81,0,0,0
2021-06-04T04:00:00Z,57.81,57.81,57.81,57.81,0,0,0
2021-06-07T04:00:00Z,57.81,57.81,57.81,57.81,0,0,0
2021-06-08T04:00:00Z,57.81,57.81,57.81,57.81,0,0,0
2021-06-09T04:00:00Z,57.81,57.81,57.81,57.81,0,0,0
2021-06-10T04:00:00Z,57.81,57.81,57.81,57.81,0,0,0
2021-06-11T04:00:00Z,57.81,57.81,57.81,57.81,0,0,0
2021-06-14T04:00:00Z,57.81,57.81,57.81,57.81,0,0,0
2021-06-15T04:00:00Z,57.81,57.81,57.81,57.81,0,0,0
2021-06-16T04:00:00Z,57.81,57.81,57.81,57.81,0,0,0
2021-06-17T04:00:00Z,57.81,57.81,57.81,57.81,0,0,0
2021-06-18T04:00:00Z,57.81,57.81,57.81,57.81,0,0,0
2021-06-21T04:00:00Z,57.81,57.81,57.81,57.81,0,0,0
2021-06-22T04:00:00Z,57.81,57.81,57.81,57.81,0,0,0
2021-06-23T04:00:00Z,57.81,57.81,57.81,57.81,0,0,0
2021-06-24T04:00:00Z,57.81,57.81,57.81,57.81,0,0,0
2021-06-25T04:00:00Z,57.81,57.81,57.81,57.81,0,0,0
2021-06-28T04:00:00Z,57.81,57.81,57.81,57.81,0,0,0
2021-06-29T04:00:00Z,57.81,57.81,57.81,57.81,0,0,0
2021-06-30T04:00:00Z,57.81,57.81,57.81,57.81,0,0,0
2021-07-01T04:00:00Z,57.81,57.81,57.81,57.81,0,0,0
2021-07-02T04:00:00Z,57.81,57.81,57.81,57.81,0,0,0
2021-07-06T04:00:00Z,57.81,57.81,57.81,57.81,0,0,0
2021-07-07T04:00:00Z,57.81,57.81,57.81,57.81,0,0,0
2021-07-08T04:00:00Z,57.81,57.81,57.81,57.81,0,0,0
2021-07-09T04:00:00Z,57.81,57.81,57.81,57.81,0,0,0
2021-07-12T04:00:00Z,57.81,57.81,57.81,57.81,0,0,0
2021-07-13T04:00:00Z,57.81,57.81,57.81,57.81,0,0,0
2021-07-14T04:00:00Z,57.81,57.81,57.81,57.81,0,0,0
2021-07-15T04:00:00Z,57.81,57.81,57.81,57.81,0,0,0
2021-07-16T04:00:00Z,57.81,57.81,57.81,57.81,0,0,0
2021-07-19T04:00:00Z,57.81,57.81,57.81,57.81,0,0,0
2021-07-20T04:00:00Z,57.81,57.81,57.81,57.81,0,0,0
2021-07-21T04:00:00Z,57.81,57.81,57.81,57.81,0,0,0
2021-07-22T04:00:00Z,57.81,57.81,57.81,57.81,0,0,0
2021-07-23T04:00:00Z,57.81,57.81,57.81,57.81,0,0,0
2021-07-26T04:00:00Z,57.81,57.81,57.81,57.81,0,0,0
2021-07-27T04:00:00Z,57.81,57.81,57.81,57.81,0,0,0
2021-07-28T04:00:00Z,57.81,57.81,57.81,57.81,0,0,0
2021-07-29T04:00:00Z,57.81,57.81,57.81,57.81,0,0,0
2021-07-30T04:00:00Z,57.81,57.81,57.81,57.81,0,0,0
2021-08-02T04:00:00Z,57.81,57.81,57.81,57.81,0,0,0
2021-08-03T04:00:00Z,57.81,57.81,57.81,57.81,0,0,0
2021-08-04T04:00:00Z,57.81,57.81,57.81,57.81,0,0,0
2021-08-05T04:00:00Z,57.81,57.81,57.81,57.81,0,0,0
2021-08-06T04:00:00Z,57.81,57.81,57.81,57.81,0,0,0
2021-08-09T04:00:00Z,57.81,57.81,57.81,57.81,0,0,0
2021-08-10T04:00:00Z,57.81,57.81,57.81,57.81,0,0,0
2021-08-11T04:00:00Z,57.81,57.81,57.81,57.81,0,0,0
2021-08-12T04:00:00Z,57.81,57.81,57.81,57.81,0,0,0
2021-08-13T04:00:00Z,57.81,57.81,57.81,57.81,0,0,0
2021-08-16T04:00:00Z,57.81,57.81,57.81,57.81,0,0,0
2021-08-17T04:00:00Z,57.81,57.81,57.81,57.81,0,0,0
2021-08-18T04:00:00Z,57.81,57.81,57.81,57.81,0,0,0
2021-08-19T04:00:00Z,57.81,57.81,57.81,57.81,0,0,0
2021-08-20T04:00:00Z,57.81,57.81,57.81,57.81,0,0,0
2021-08-23T04:00:00Z,57.81,57.81,57.81,57.81,0,0,0
2021-08-24T04:00:00Z,57.81,57.81,57.81,57.81,0,0,0
2021-08-25T04:00:00Z,57.81,57.81,57.81,57.81,0,0,0
2021-08-26T04:00:00Z,57.81,57.81,57.81,57.81,0,0,0
2021-08-27T04:00:00Z,57.81,57.81,57.81,57.81,0,0,0
2021-08-30T04:00:00Z,57.81,57.81,57.81,57.81,0,0,0
2021-08-31T04:00:00Z,57.81,57.81,57.81,57.81,0,0,0
2021-09-01T04:00:00Z,57.81,57.81,57.81,57.81,0,0,0
2021-09-02T04:00:00Z,57.81,57.81,57.81,57.81,0,0,0
2021-09-03T04:00:00Z,57.81,57.81,57.81,57.81,0,0,0
2021-09-07T04:00:00Z,57.81,57.81,57.81,57.81,0,0,0
2021-09-08T04:00:00Z,57.81,57.81,57.81,57.81,0,0,0
2021-09-09T04:00:00Z,57.81,57.81,57.81,57.81,0,0,0
2021-09-10T04:00:00Z,57.81,57.81,57.81,57.81,0,0,0
2021-09-13T04:00:00Z,57.81,57.81,57.81,57.81,0,0,0
2021-09-14T04:00:00Z,57.81,57.81,57.81,57.81,0,0,0
2021-09-15T04:00:00Z,57.81,57.81,57.81,57.81,0,0,0
2021-09-16T04:00:00Z,57.81,57.81,57.81,57.81,0,0,0
2021-09-17T04:00:00Z,57.81,57.81,57.81,57.81,0,0,0
2021-09-20T04:00:00Z,57.81,57.81,57.81,57.81,0,0,0
2021-09-21T04:00:00Z,57.81,57.81,57.81,57.81,0,0,0
2021-09-22T04:00:00Z,57.81,57.81,57.81,57.81,0,0,0
2021-09-23T04:00:00Z,57.81,57.81,57.81,57.81,0,0,0
2021-09-24T04:00:00Z,57.81,57.81,57.81,57.81,0,0,0
2021-09-27T04:00:00Z,57.81,57.81,57.81,57.81,0,0,0
2021-09-28T04:00:00Z,57.81,57.81,57.81,57.81,0,0,0
2021-09-29T04:00:00Z,57.81,57.81,57.81,57.81,0,0,0
2021-09-30T04:00:00Z,57.81,57.81,57.81,57.81,0,0,0
2021-10-01T04:00:00Z,57.81,57.81,57.81,57.81,0,0,0
2021-10-04T04:00:00Z,57.81,57.81,57.81,57.81,0,0,0
2021-10-05T04:00:00Z,57.81,57.81,57.81,57.81,0,0,0
2021-10-06T04:00:00Z,57.81,57.81,57.81,57.81,0,0,0
2021-10-07T04:00:00Z,57.81,57.81,57.81,57.81,0,0,0
2021-10-08T04:00:00Z,57.81,57.81,57.81,57.81,0,0,0
2021-10-11T04:00:00Z,57.81,57.81,57.81,57.81,0,0,0
2021-10-12T04:00:00Z,57.81,57.81,57.81,57.81,0,0,0
2021-10-13T04:00:00Z,57.81,57.81,57.81,57.81,0,0,0
2021-10-14T04:00:00Z,57.81,57.81,57.81,57.81,0,0,0
2021-10-15T04:00:00Z,57.81,57.81,57.81,57.81,0,0,0
2021-10-18T04:00:00Z,57.81,57.81,57.81,57.81,0,0,0
2021-10-19T04:00:00Z,57.81,57.81,57.81,57.81,0,0,0
2021-10-20T04:00:00Z,57.81,57.81,57.81,57.81,0,0,0
2021-10-21T04:00:00Z,57.81,57.81,57.81,57.81,0,0,0
2021-10-22T04:00:00Z,57.81,57.81,57.81,57.81,0,0,0
2021-10-25T04:00:00Z,57.81,57.81,57.81,57.81,0,0,0
2021-10-26T04:00:00Z,57.81,57.81,57.81,57.81,0,0,0
2021-10-27T04:00:00Z,57.81,57.81,57.81,57.81,0,0,0
2021-10-28T04:00:00Z,57.81,57.81,57.81,57.81,0,0,0
2021-10-29T04:00:00Z,57.81,57.81,57.81,57.81,0,0,0
2021-11-01T04:00:00Z,57.81,57.81,57.81,57.81,0,0,0
2021-11-02T04:00:00Z,57.81,57.81,57.81,57.81,0,0,0
2021-11-03T04:00:00Z,57.81,57.81,57.81,57.81,0,0,0
2021-11-04T04:00:00Z,57.81,57.81,57.81,57.81,0,0,0
2021-11-05T04:00:00Z,57.81,57.81,57.81,57.81,0,0,0
2021-11-08T05:00:00Z,57.81,57.81,57.81,57.81,0,0,0
2021-11-09T05:00:00Z,57.81,57.81,57.81,57.81,0,0,0
2021-11-10T05:00:00Z,57.81,57.81,57.81,57.81,0,0,0
2021-11-11T05:00:00Z,57.81,57.81,57.81,57.81,0,0,0
2021-11-12T05:00:00Z,57.81,57.81,57.81,57.81,0,0,0
2021-11-15T05:00:00Z,57.81,57.81,57.81,57.81,0,0,0
2021-11-16T05:00:00Z,57.81,57.81,57.81,57.81,0,0,0
2021-11-17T05:00:00Z,57.81,57.81,57.81,57.81,0,0,0
2021-11-18T05:00:00Z,57.81,57.81,57.81,57.81,0,0,0
2021-11-19T05:00:00Z,57.81,57.81,57.81,57.81,0,0,0
2021-11-22T05:00:00Z,57.81,57.81,57.81,57.81,0,0,0
2021-11-23T05:00:00Z,57.81,57.81,57.81,57.81,0,0,0
2021-11-24T05:00:00Z,57.81,57.81,57.81,57.81,0,0,0
2021-11-26T05:00:00Z,57.81,57.81,57.81,57.81,0,0,0
2021-11-29T05:00:00Z,57.81,57.81,57.81,57.81,0,0,0
2021-11-30T05:00:00Z,57.81,57.81,57.81,57.81,0,0,0
2021-12-01T05:00:00Z,57.81,57.81,57.81,57.81,0,0,0
2021-12-02T05:00:00Z,57.81,57.81,57.81,57.81,0,0,0
2021-12-03T05:00:00Z,57.81,57.81,57.81,57.81,0,0,0
2021-12-06T05:00:00Z,57.81,57.81,57.81,57.81,0,0,0
2021-12-07T05:00:00Z,57.81,57.81,57.81,57.81,0,0,0
2021-12-08T05:00:00Z,57.81,57.81,57.81,57.81,0,0,0
2021-12-09T05:00:00Z,57.81,57.81,57.81,57.81,0,0,0
2021-12-10T05:00:00Z,57.81,57.81,57.81,57.81,0,0,0
2021-12-13T05:00:00Z,57.81,57.81,57.81,57.81,0,0,0
2021-12-14T05:00:00Z,57.81,57.81,57.81,57.81,0,0,0
2021-12-15T05:00:00Z,57.81,57.81,57.81,57.81,0,0,0
2021-12-16T05:00:00Z,57.81,57.81,57.81,57.81,0,0,0
2021-12-17T05:00:00Z,57.81,57.81,57.81,57.81,0,0,0
2021-12-20T05:00:00Z,57.81,57.81,57.81,57.81,0,0,0
2021-12-21T05:00:00Z,57.81,57.81,57.81,57.81,0,0,0
2021-12-22T05:00:00Z,57.81,57.81,57.81,57.81,0,0,0
2021-12-23T05:00:00Z,57.81,57.81,57.81,57.81,0,0,0
2021-12-27T05:00:00Z,57.81,57.81,57.81,57.81,0,0,0
2021-12-28T05:00:00Z,57.81,57.81,57.81,57.81,0,0,0
2021-12-29T05:00:00Z,57.81,57.81,57.81,57.81,0,0,0
2021-12-30T05:00:00Z,57.81,57.81,57.81,57.81,0,0,0
2021-12-31T05:00:00Z,57.81,57.81,57.81,57.81,0,0,0
2022-01-03T05:00:00Z,57.81,57.81,57.81,57.81,0,0,0
2022-01-04T05:00:00Z,57.81,57.81,57.81,57.81,0,0,0
2022-01-05T05:00:00Z,57.81,57.81,57.81,57.81,0,0,0
2022-01-06T05:00:00Z,57.81,57.81,57.81,57.81,0,0,0
2022-01-07T05:00:00Z,57.81,57.81,57.81,57.81,0,0,0
2022-01-10T05:00:00Z,57.81,57.81,57.81,57.81,0,0,0
2022-01-11T05:00:00Z,57.81,57.81,57.81,57.81,0,0,0
2022-01-12T05:00:00Z,57.81,57.81,57.81,57.81,0,0,0
2022-01-13T05:00:00Z,57.81,57.81,57.81,57.81,0,0,0
2022-01-14T05:00:00Z,57.81,57.81,57.81,57.81,0,0,0
2022-01-18T05:00:00Z,57.81,57.81,57.81,57.81,0,0,0
2022-01-19T05:00:00Z,57.81,57.81,57.81,57.81,0,0,0
2022-01-20T05:00:00Z,57.81,57.81,57.81,57.81,0,0,0
2022-01-21T05:00:00Z,57.81,57.81,57.81,57.81,0,0,0
2022-01-24T05:00:00Z,57.81,57.81,57.81,57.81,0,0,0
2022-01-25T05:00:00Z,57.81,57.81,57.81,57.81,0,0,0
2022-01-26T05:00:00Z,57.81,57.81,57.81,57.81,0,0,0
2022-01-27T05:00:00Z,57.81,57.81,57.81,57.81,0,0,0
2022-01-28T05:00:00Z,57.81,57.81,57.81,57.81,0,0,0
2022-01-31T05:00:00Z,57.81,57.81,57.81,57.81,0,0,0
2022-02-01T05:00:00Z,57.81,57.81,57.81,57.81,0,0,0
2022-02-02T05:00:00Z,57.81,57.81,57.81,57.81,0,0,0
2022-02-03T05:00:00Z,57.81,57.81,57.81,57.81,0,0,0
2022-02-04T05:00:00Z,57.81,57.81,57.81,57.81,0,0,0
2022-02-07T05:00:00Z,57.81,57.81,57.81,57.81,0,0,0
2022-02-08T05:00:00Z,57.81,57.81,57.81,57.81,0,0,0
2022-02-09T05:00:00Z,57.81,57.81,57.81,57.81,0,0,0
2022-02-10T05:00:00Z,57.81,57.81,57.81,57.81,0,0,0
2022-02-11T05:00:00Z,57.81,57.81,57.81,57.81,0,0,0
2022-02-14T05:00:00Z,57.81,57.81,57.81,57.81,0,0,0
2022-02-15T05:00:00Z,57.81,57.81,57.81,57.81,0,0,0
2022-02-16T05:00:00Z,57.81,57.81,57.81,57.81,0,0,0
2022-02-17T05:00:00Z,57.81,57.81,57.81,57.81,0,0,0
2022-02-18T05:00:00Z,57.81,57.81,57.81,57.81,0,0,0
2022-02-22T05:00:00Z,57.81,57.81,57.81,57.81,0,0,0
2022-02-23T05:00:00Z,57.81,57.81,57.81,57.81,0,0,0
2022-02-24T05:00:00Z,57.81,57.81,57.81,57.81,0,0,0
2022-02-25T05:00:00Z,57.81,57.81,57.81,57.81,0,0,0
2022-02-28T05:00:00Z,57.81,57.81,57.81,57.81,0,0,0
2022-03-01T05:00:00Z,57.81,57.81,57.81,57.81,0,0,0
2022-03-02T05:00:00Z,57.81,57.81,57.81,57.81,0,0,0
2022-03-03T05:00:00Z,57.81,57.81,57.81,57.81,0,0,0
2022-03-04T05:00:00Z,57.81,57.81,57.81,57.81,0,0,0
2022-03-07T05:00:00Z,57.81,57.81,57.81,57.81,0,0,0
2022-03-08T05:00:00Z,57.81,57.81,57.81,57.81,0,0,0
2022-03-09T05:00:00Z,57.81,57.81,57.81,57.81,0,0,0
2022-03-10T05:00:00Z,57.81,57.81,57.81,57.81,0,0,0
2022-03-11T05:00:00Z,57.81,57.81,57.81,57.81,0,0,0
2022-03-14T04:00:00Z,57.81,57.81,57.81,57.81,0,0,0
2022-03-15T04:00:00Z,57.81,57.81,57.81,57.81,0,0,0
2022-03-16T04:00:00Z,57.81,57.81,57.81,57.81,0,0,0
2022-03-17T04:00:00Z,57.81,57.81,57.81,57.81,0,0,0
2022-03-18T04:00:00Z,57.81,57.81,57.81,57.81,0,0,0
2022-03-21T04:00:00Z,57.81,57.81,57.81,57.81,0,0,0
2022-03-22T04:00:00Z,57.81,57.81,57.81,57.81,0,0,0
2022-03-23T04:00:00Z,57.81,57.81,57.81,57.81,0,0,0
2022-03-24T04:00:00Z,57.81,57.81,57.81,57.81,0,0,0
2022-03-25T04:00:00Z,57.81,57.81,57.81,57.81,0,0,0
2022-03-28T04:00:00Z,57.81,57.81,57.81,57.81,0,0,0
2022-03-29T04:00:00Z,57.81,57.81,57.81,57.81,0,0,0
2022-03-30T04:00:00Z,57.81,57.81,57.81,57.81,0,0,0
2022-03-31T04:00:00Z,57.81,57.81,57.81,57.81,0,0,0
2022-04-01T04:00:00Z,57.81,57.81,57.81,57.81,0,0,0
2022-04-04T04:00:00Z,57.81,57.81,57.81,57.81,0,0,0
2022-04-05T04:00:00Z,57.81,57.81,57.81,57.81,0,0,0
2022-04-06T04:00:00Z,57.81,57.81,57.81,57.81,0,0,0
2022-04-07T04:00:00Z,57.81,57.81,57.81,57.81,0,0,0
2022-04-08T04:00:00Z,57.81,57.81,57.81,57.81,0,0,0
2022-04-11T04:00:00Z,57.81,57.81,57.81,57.81,0,0,0
2022-04-12T04:00:00Z,57.81,57.81,57.81,57.81,0,0,0
2022-04-13T04:00:00Z,57.81,57.81,57.81,57.81,0,0,0
2022-04-14T04:00:00Z,57.81,57.81,57.81,57.81,0,0,0
2022-04-18T04:00:00Z,57.81,57.81,57.81,57.81,0,0,0
2022-04-19T04:00:00Z,57.81,57.81,57.81,57.81,0,0,0
2022-04-20T04:00:00Z,57.81,57.81,57.81,57.81,0,0,0
2022-04-21T04:00:00Z,57.81,57.81,57.81,57.81,0,0,0
2022-04-22T04:00:00Z,57.81,57.81,57.81,57.81,0,0,0
2022-04-25T04:00:00Z,57.81,57.81,57.81,57.81,0,0,0
2022-04-26T04:00:00Z,57.81,57.81,57.81,57.81,0,0,0
2022-04-27T04:00:00Z,57.81,57.81,57.81,57.81,0,0,0
2022-04-28T04:00:00Z,57.81,57.81,57.81,57.81,0,0,0
2022-04-29T04:00:00Z,57.81,57.81,57.81,57.81,0,0,0
2022-05-02T04:00:00Z,57.81,57.81,57.81,57.81,0,0,0
2022-05-03T04:00:00Z,57.81,57.81,57.81,57.81,0,0,0
2022-05-04T04:00:00Z,57.81,57.81,57.81,57.81,0,0,0
2022-05-05T04:00:00Z,57.81,57.81,57.81,57.81,0,0,0
2022-05-06T04:00:00Z,57.81,57.81,57.81,57.81,0,0,0
2022-05-09T04:00:00Z,57.81,57.81,57.81,57.81,0,0,0
2022-05-10T04:00:00Z,57.81,57.81,57.81,57.81,0,0,0
2022-05-11T04:00:00Z,57.81,57.81,57.81,57.81,0,0,0
2022-05-12T04:00:00Z,57.81,57.81,57.81,57.81,0,0,0
2022-05-13T04:00:00Z,57.81,57.81,57.81,57.81,0,0,0
2022-05-16T04:00:00Z,57.81,57.81,57.81,57.81,0,0,0
2022-05-17T04:00:00Z,57.81,57.81,57.81,57.81,0,0,0
2022-05-18T04:00:00Z,57.81,57.81,57.81,57.81,0,0,0
2022-05-19T04:00:00Z,57.81,57.81,57.81,57.81,0,0,0
2022-05-20T04:00:00Z,57.81,57.81,57.81,57.81,0,0,0
2022-05-23T04:00:00Z,57.81,57.81,57.81,57.81,0,0,0
2022-05-24T04:00:00Z,57.81,57.81,57.81,57.81,0,0,0
2022-05-25T04:00:00Z,57.81,57.81,57.81,57.81,0,0,0
2022-05-26T04:00:00Z,57.81,57.81,57.81,57.81,0,0,0
2022-05-27T04:00:00Z,57.81,57.81,57.81,57.81,0,0,0
2022-05-31T04:00:00Z,57.81,57.81,57.81,57.81,0,0,0
2022-06-01T04:00:00Z,57.81,57.81,57.81,57.81,0,0,0
2022-06-02T04:00:00Z,57.81,57.81,57.81,57.81,0,0,0
2022-06-03T04:00:00Z,57.81,57.81,57.81,57.81,0,0,0
2022-06-06T04:00:00Z,57.81,57.81,57.81,57.81,0,0,0
2022-06-07T04:00:00Z,57.81,57.81,57.81,57.81,0,0,0
2022-06-08T04:00:00Z,57.81,57.81,57.81,57.81,0,0,0
2022-06-09T04:00:00Z,57.81,57.81,57.81,57.81,0,0,0
2022-06-10T04:00:00Z,57.81,57.81,57.81,57.81,0,0,0
2022-06-13T04:00:00Z,57.81,57.81,57.81,57.81,0,0,0
2022-06-14T04:00:00Z,57.81,57.81,57.81,57.81,0,0,0
2022-06-15T04:00:00Z,57.81,57.81,57.81,57.81,0,0,0
2022-06-16T04:00:00Z,57.81,57.81,57.81,57.81,0,0,0
2022-06-17T04:00:00Z,57.81,57.81,57.81,57.81,0,0,0
2022-06-21T04:00:00Z,57.81,57.81,57.81,57.81,0,0,0
2022-06-22T04:00:00Z,57.81,57.81,57.81,57.81,0,0,0
2022-06-23T04:00:00Z,57.81,57.81,57.81,57.81,0,0,0
2022-06-24T04:00:00Z,57.81,57.81,57.81,57.81,0,0,0
2022-06-27T04:00:00Z,57.81,57.81,57.81,57.81,0,0,0
2022-06-28T04:00:00Z,57.81,57.81,57.81,57.81,0,0,0
2022-06-29T04:00:00Z,57.81,57.81,57.81,57.81,0,0,0
2022-06-30T04:00:00Z,57.81,57.81,57.81,57.81,0,0,0
2022-07-01T04:00:00Z,57.81,57.81,57.81,57.81,0,0,0
2022-07-05T04:00:00Z,57.81,57.81,57.81,57.81,0,0,0
2022-07-06T04:00:00Z,57.81,57.81,57.81,57.81,0,0,0
2022-07-07T04:00:00Z,57.81,57.81,57.81,57.81,0,0,0
2022-07-08T04:00:00Z,57.81,57.81,57.81,57.81,0,0,0
2022-07-11T04:00:00Z,57.81,57.81,57.81,57.81,0,0,0
2022-07-12T04:00:00Z,57.81,57.81,57.81,57.81,0,0,0
2022-07-13T04:00:00Z,57.81,57.81,57.81,57.81,0,0,0
2022-07-14T04:00:00Z,57.81,57.81,57.81,57.81,0,0,0
2022-07-15T04:00:00Z,57.81,57.81,57.81,57.81,0,0,0
2022-07-18T04:00:00Z,57.81,57.81,57.81,57.81,0,0,0
2022-07-19T04:00:00Z,57.81,57.81,57.81,57.81,0,0,0
2022-07-20T04:00:00Z,57.81,57.81,57.81,57.81,0,0,0
2022-07-21T04:00:00Z,57.81,57.81,57.81,57.81,0,0,0
2022-07-22T04:00:00Z,57.81,57.81,57.81,57.81,0,0,0
2022-07-25T04:00:00Z,57.81,57.81,57.81,57.81,0,0,0
2022-07-26T04:00:00Z,57.81,57.81,57.81,57.81,0,0,0
2022-07-27T04:00:00Z,57.81,57.81,57.81,57.81,0,0,0
2022-07-28T04:00:00Z,57.81,57.81,57.81,57.81,0,0,0
2022-07-29T04:00:00Z,57.81,57.81,57.81,57.81,0,0,0
2022-08-01T04:00:00Z,57.81,57.81,57.81,57.81,0,0,0
2022-08-02T04:00:00Z,57.81,57.81,57.81,57.81,0,0,0
2022-08-03T04:00:00Z,57.81,57.81,57.81,57.81,0,0,0
2022-08-04T04:00:00Z,57.81,57.81,57.81,57.81,0,0,0
2022-08-05T04:00:00Z,57.81,57.81,57.81,57.81,0,0,0
2022-08-08T04:00:00Z,57.81,57.81,57.81,57.81,0,0,0
2022-08-09T04:00:00Z,57.81,57.81,57.81,57.81,0,0,0
2022-08-10T04:00:00Z,57.81,57.81,57.81,57.81,0,0,0
2022-08-11T04:00:00Z,57.81,57.81,57.81,57.81,0,0,0
2022-08-12T04:00:00Z,57.81,57.81,57.81,57.81,0,0,0
2022-08-15T04:00:00Z,57.81,57.81,57.81,57.81,0,0,0
2022-08-16T04:00:00Z,57.81,57.81,57.81,57.81,0,0,0
2022-08-17T04:00:00Z,57.81,57.81,57.81,57.81,0,0,0
2022-08-18T04:00:00Z,57.81,57.81,57.81,57.81,0,0,0
2022-08-19T04:00:00Z,57.81,57.81,57.81,57.81,0,0,0
2022-08-22T04:00:00Z,57.81,57.81,57.81,57.81,0,0,0
2022-08-23T04:00:00Z,57.81,57.81,57.81,57.81,0,0,0
2022-08-24T04:00:00Z,57.81,57.81,57.81,57.81,0,0,0
2022-08-25T04:00:00Z,57.81,57.81,57.81,57.81,0,0,0
2022-08-26T04:00:00Z,57.81,57.81,57.81,57.81,0,0,0
2022-08-29T04:00:00Z,57.81,57.81,57.81,57.81,0,0,0
2022-08-30T04:00:00Z,57.81,57.81,57.81,57.81,0,0,0
2022-08-31T04:00:00Z,57.81,57.81,57.81,57.81,0,0,0
2022-09-01T04:00:00Z,57.81,57.81,57.81,57.81,0,0,0
2022-09-02T04:00:00Z,57.81,57.81,57.81,57.81,0,0,0
2022-09-06T04:00:00Z,57.81,57.81,57.81,57.81,0,0,0
2022-09-07T04:00:00Z,57.81,57.81,57.81,57.81,0,0,0
2022-09-08T04:00:00Z,57.81,57.81,57.81,57.81,0,0,0
2022-09-09T04:00:00Z,57.81,57.81,57.81,57.81,0,0,0
2022-09-12T04:00:00Z,57.81,57.81,57.81,57.81,0,0,0
2022-09-13T04:00:00Z,57.81,57.81,57.81,57.81,0,0,0
2022-09-14T04:00:00Z,57.81,57.81,57.81,57.81,0,0,0
2022-09-15T04:00:00Z,57.81,57.81,57.81,57.81,0,0,0
2022-09-16T04:00:00Z,57.81,57.81,57.81,57.81,0,0,0
2022-09-19T04:00:00Z,57.81,57.81,57.81,57.81,0,0,0
2022-09-20T04:00:00Z,57.81,57.81,57.81,57.81,0,0,0
2022-09-21T04:00:00Z,57.81,57.81,57.81,57.81,0,0,0
2022-09-22T04:00:00Z,57.81,57.81,57.81,57.81,0,0,0
2022-09-23T04:00:00Z,57.81,57.81,57.81,57.81,0,0,0
2022-09-26T04:00:00Z,57.81,57.81,57.81,57.81,0,0,0
2022-09-27T04:00:00Z,57.81,57.81,57.81,57.81,0,0,0
2022-09-28T04:00:00Z,57.81,57.81,57.81,57.81,0,0,0
2022-09-29T04:00:00Z,57.81,57.81,57.81,57.81,0,0,0
2022-09-30T04:00:00Z,57.81,57.81,57.81,57.81,0,0,0
2022-10-03T04:00:00Z,57.81,57.81,57.81,57.81,0,0,0
2022-10-04T04:00:00Z,57.81,57.81,57.81,57.81,0,0,0
2022-10-05T04:00:00Z,57.81,57.81,57.81,57.81,0,0,0
2022-10-06T04:00:00Z,57.81,57.81,57.81,57.81,0,0,0
2022-10-07T04:00:00Z,57.81,57.81,57.81,57.81,0,0,0
2022-10-10T04:00:00Z,57.81,57.81,57.81,57.81,0,0,0
2022-10-11T04:00:00Z,57.81,57.81,57.81,57.81,0,0,0
2022-10-12T04:00:00Z,57.81,57.81,57.81,57.81,0,0,0
2022-10-13T04:00:00Z,57.81,57.81,57.81,57.81,0,0,0
2022-10-14T04:00:00Z,57.81,57.81,57.81,57.81,0,0,0
2022-10-17T04:00:00Z,57.81,57.81,57.81,57.81,0,0,0
2022-10-18T04:00:00Z,57.81,57.81,57.81,57.81,0,0,0
2022-10-19T04:00:00Z,57.81,57.81,57.81,57.81,0,0,0
2022-10-20T04:00:00Z,57.81,57.81,57.81,57.81,0,0,0
2022-10-21T04:00:00Z,57.81,57.81,57.81,57.81,0,0,0
2022-10-24T04:00:00Z,57.81,57.81,57.81,57.81,0,0,0
2022-10-25T04:00:00Z,57.81,57.81,57.81,57.81,0,0,0
2022-10-26T04:00:00Z,57.81,57.81,57.81,57.81,0,0,0
2022-10-27T04:00:00Z,57.81,57.81,57.81,57.81,0,0,0
2022-10-28T04:00:00Z,57.81,57.81,57.81,57.81,0,0,0
2022-10-31T04:00:00Z,57.81,57.81,57.81,57.81,0,0,0
2022-11-01T04:00:00Z,57.81,57.81,57.81,57.81,0,0,0
2022-11-02T04:00:00Z,57.81,57.81,57.81,57.81,0,0,0
2022-11-03T04:00:00Z,57.81,57.81,57.81,57.81,0,0,0
2022-11-04T04:00:00Z,57.81,57.81,57.81,57.81,0,0,0
2022-11-07T05:00:00Z,57.81,57.81,57.81,57.81,0,0,0
2022-11-08T05:00:00Z,57.81,57.81,57.81,57.81,0,0,0
2022-11-09T05:00:00Z,57.81,57.81,57.81,57.81,0,0,0
2022-11-10T05:00:00Z,57.81,57.81,57.81,57.81,0,0,0
2022-11-11T05:00:00Z,57.81,57.81,57.81,57.81,0,0,0
2022-11-14T05:00:00Z,57.81,57.81,57.81,57.81,0,0,0
2022-11-15T05:00:00Z,57.81,57.81,57.81,57.81,0,0,0
2022-11-16T05:00:00Z,57.81,57.81,57.81,57.81,0,0,0
2022-11-17T05:00:00Z,57.81,57.81,57.81,57.81,0,0,0
2022-11-18T05:00:00Z,57.81,57.81,57.81,57.81,0,0,0
2022-11-21T05:00:00Z,57.81,57.81,57.81,57.81,0,0,0
2022-11-22T05:00:00Z,57.81,57.81,57.81,57.81,0,0,0
2022-11-23T05:00:00Z,57.81,57.81,57.81,57.81,0,0,0
2022-11-25T05:00:00Z,57.81,57.81,57.81,57.81,0,0,0
2022-11-28T05:00:00Z,57.81,57.81,57.81,57.81,0,0,0
2022-11-29T05:00:00Z,57.81,57.81,57.81,57.81,0,0,0
2022-11-30T05:00:00Z,57.81,57.81,57.81,57.81,0,0,0
2022-12-01T05:00:00Z,57.81,57.81,57.81,57.81,0,0,0
2022-12-02T05:00:00Z,57.81,57.81,57.81,57.81,0,0,0
2022-12-05T05:00:00Z,57.81,57.81,57.81,57.81,0,0,0
2022-12-06T05:00:00Z,57.81,57.81,57.81,57.81,0,0,0
2022-12-07T05:00:00Z,57.81,57.81,57.81,57.81,0,0,0
2022-12-08T05:00:00Z,57.81,57.81,57.81,57.81,0,0,0
2022-12-09T05:00:00Z,57.81,57.81,57.81,57.81,0,0,0
2022-12-12T05:00:00Z,57.81,57.81,57.81,57.81,0,0,0
2022-12-13T05:00:00Z,57.81,57.81,57.81,57.81,0,0,0
2022-12-14T05:00:00Z,57.81,57.81,57.81,57.81,0,0,0
2022-12-15T05:00:00Z,57.81,57.81,57.81,57.81,0,0,0
2022-12-16T05:00:00Z,57.81,57.81,57.81,57.81,0,0,0
2022-12-19T05:00:00Z,57.81,57.81,57.81,57.81,0,0,0
2022-12-20T05:00:00Z,57.81,57.81,57.81,57.81,0,0,0
2022-12-21T05:00:00Z,57.81,57.81,57.81,57.81,0,0,0
2022-12-22T05:00:00Z,57.81,57.81,57.81,57.81,0,0,0
2022-12-23T05:00:00Z,57.81,57.81,57.81,57.81,0,0,0
2022-12-27T05:00:00Z,57.81,57.81,57.81,57.81,0,0,0
2022-12-28T05:00:00Z,57.81,57.81,57.81,57.81,0,0,0
2022-12-29T05:00:00Z,57.81,57.81,57.81,57.81,0,0,0
2022-12-30T05:00:00Z,57.81,57.81,57.81,57.81,0,0,0
2023-01-03T05:00:00Z,57.81,57.81,57.81,57.81,0,0,0
2023-01-04T05:00:00Z,57.81,57.81,57.81,57.81,0,0,0
2023-01-05T05:00:00Z,57.81,57.81,57.81,57.81,0,0,0
2023-01-06T05:00:00Z,57.81,57.81,57.81,57.81,0,0,0
2023-01-09T05:00:00Z,57.81,57.81,57.81,57.81,0,0,0
2023-01-10T05:00:00Z,57.81,57.81,57.81,57.81,0,0,0
2023-01-11T05:00:00Z,57.81,57.81,57.81,57.81,0,0,0
2023-01-12T05:00:00Z,57.81,57.81,57.81,57.81,0,0,0
2023-01-13T05:00:00Z,57.81,57.81,57.81,57.81,0,0,0
2023-01-17T05:00:00Z,57.81,57.81,57.81,57.81,0,0,0
2023-01-18T05:00:00Z,57.81,57.81,57.81,57.81,0,0,0
2023-01-19T05:00:00Z,57.81,57.81,57.81,57.81,0,0,0
2023-01-20T05:00:00Z,57.81,57.81,57.81,57.81,0,0,0
2023-01-23T05:00:00Z,57.81,57.81,57.81,57.81,0,0,0
2023-01-24T05:00:00Z,57.81,57.81,57.81,57.81,0,0,0
2023-01-25T05:00:00Z,57.81,57.81,57.81,57.81,0,0,0
2023-01-26T05:00:00Z,57.81,57.81,57.81,57.81,0,0,0
2023-01-27T05:00:00Z,57.81,57.81,57.81,57.81,0,0,0
2023-01-30T05:00:00Z,57.81,57.81,57.81,57.81,0,0,0
2023-01-31T05:00:00Z,57.81,57.81,57.81,57.81,0,0,0
2023-02-01T05:00:00Z,57.81,57.81,57.81,57.81,0,0,0
2023-02-02T05:00:00Z,57.81,57.81,57.81,57.81,0,0,0
2023-02-03T05:00:00Z,57.81,57.81,57.81,57.81,0,0,0
2023-02-06T05:00:00Z,57.81,57.81,57.81,57.81,0,0,0
2023-02-07T05:00:00Z,57.81,57.81,57.81,57.81,0,0,0
2023-02-08T05:00:00Z,57.81,57.81,57.81,57.81,0,0,0
2023-02-09T05:00:00Z,57.81,57.81,57.81,57.81,0,0,0
2023-02-10T05:00:00Z,57.81,57.81,57.81,57.81,0,0,0
2023-02-13T05:00:00Z,57.81,57.81,57.81,57.81,0,0,0
2023-02-14T05:00:00Z,57.81,57.81,57.81,57.81,0,0,0
2023-02-15T05:00:00Z,57.81,57.81,57.81,57.81,0,0,0
2023-02-16T05:00:00Z,57.81,57.81,57.81,57.81,0,0,0
2023-02-17T05:00:00Z,57.81,57.81,57.81,57.81,0,0,0
2023-02-21T05:00:00Z,57.81,57.81,57.81,57.81,0,0,0
2023-02-22T05:00:00Z,57.81,57.81,57.81,57.81,0,0,0
2023-02-23T05:00:00Z,57.81,57.81,57.81,57.81,0,0,0
2023-02-24T05:00:00Z,57.81,57.81,57.81,57.81,0,0,0
2023-02-27T05:00:00Z,57.81,57.81,57.81,57.81,0,0,0
2023-02-28T05:00:00Z,57.81,57.81,57.81,57.81,0,0,0
2023-03-01T05:00:00Z,57.81,57.81,57.81,57.81,0,0,0
2023-03-02T05:00:00Z,57.81,57.81,57.81,57.81,0,0,0
2023-03-03T05:00:00Z,57.81,57.81,57.81,57.81,0,0,0
2023-03-06T05:00:00Z,57.81,57.81,57.81,57.81,0,0,0
2023-03-07T05:00:00Z,57.81,57.81,57.81,57.81,0,0,0
2023-03-08T05:00:00Z,57.81,57.81,57.81,57.81,0,0,0
2023-03-09T05:00:00Z,57.81,57.81,57.81,57.81,0,0,0
2023-03-10T05:00:00Z,57.81,57.81,57.81,57.81,0,0,0
2023-03-13T04:00:00Z,57.81,57.81,57.81,57.81,0,0,0
2023-03-14T04:00:00Z,57.81,57.81,57.81,57.81,0,0,0
2023-03-15T04:00:00Z,57.81,57.81,57.81,57.81,0,0,0
2023-03-16T04:00:00Z,57.81,57.81,57.81,57.81,0,0,0
2023-03-17T04:00:00Z,57.81,57.81,57.81,57.81,0,0,0
2023-03-20T04:00:00Z,57.81,57.81,57.81,57.81,0,0,0
2023-03-21T04:00:00Z,57.81,57.81,57.81,57.81,0,0,0
2023-03-22T04:00:00Z,57.81,57.81,57.81,57.81,0,0,0
2023-03-23T04:00:00Z,57.81,57.81,57.81,57.81,0,0,0
2023-03-24T04:00:00Z,57.81,57.81,57.81,57.81,0,0,0
2023-03-27T04:00:00Z,57.81,57.81,57.81,57.81,0,0,0
2023-03-28T04:00:00Z,57.81,57.81,57.81,57.81,0,0,0
2023-03-29T04:00:00Z,57.81,57.81,57.81,57.81,0,0,0
2023-03-30T04:00:00Z,57.81,57.81,57.81,57.81,0,0,0
2023-03-31T04:00:00Z,57.81,57.81,57.81,57.81,0,0,0
2023-04-03T04:00:00Z,57.81,57.81,57.81,57.81,0,0,0
2023-04-04T04:00:00Z,57.81,57.81,57.81,57.81,0,0,0
2023-04-05T04:00:00Z,57.81,57.81,57.81,57.81,0,0,0
2023-04-06T04:00:00Z,57.81,57.81,57.81,57.81,0,0,0
2023-04-10T04:00:00Z,57.81,57.81,57.81,57.81,0,0,0
2023-04-11T04:00:00Z,57.81,57.81,57.81,57.81,0,0,0
2023-04-12T04:00:00Z,57.81,57.81,57.81,57.81,0,0,0
2023-04-13T04:00:00Z,57.81,57.81,57.81,57.81,0,0,0
2023-04-14T04:00:00Z,57.81,57.81,57.81,57.81,0,0,0
2023-04-17T04:00:00Z,57.81,57.81,57.81,57.81,0,0,0
2023-04-18T04:00:00Z,57.81,57.81,57.81,57.81,0,0,0
2023-04-19T04:00:00Z,57.81,57.81,57.81,57.81,0,0,0
2023-04-20T04:00:00Z,57.81,57.81,57.81,57.81,0,0,0
2023-04-21T04:00:00Z,57.81,57.81,57.81,57.81,0,0,0
2023-04-24T04:00:00Z,57.81,57.81,57.81,57.81,0,0,0
2023-04-25T04:00:00Z,57.81,57.81,57.81,57.81,0,0,0
2023-04-26T04:00:00Z,57.81,57.81,57.81,57.81,0,0,0
2023-04-27T04:00:00Z,57.81,57.81,57.81,57.81,0,0,0
2023-04-28T04:00:00Z,57.81,57.81,57.81,57.81,0,0,0
2023-05-01T04:00:00Z,57.81,57.81,57.81,57.81,0,0,0
2023-05-02T04:00:00Z,57.81,57.81,57.81,57.81,0,0,0
2023-05-03T04:00:00Z,57.81,57.81,57.81,57.81,0,0,0
2023-05-04T04:00:00Z,57.81,57.81,57.81,57.81,0,0,0
2023-05-05T04:00:00Z,57.81,57.81,57.81,57.81,0,0,0
2023-05-08T04:00:00Z,57.81,57.81,57.81,57.81,0,0,0
2023-05-09T04:00:00Z,57.81,57.81,57.81,57.81,0,0,0
2023-05-10T04:00:00Z,57.81,57.81,57.81,57.81,0,0,0
2023-05-11T04:00:00Z,57.81,57.81,57.81,57.81,0,0,0
2023-05-12T04:00:00Z,57.81,57.81,57.81,57.81,0,0,0
2023-05-15T04:00:00Z,57.81,57.81,57.81,57.81,0,0,0
2023-05-16T04:00:00Z,57.81,57.81,57.81,57.81,0,0,0
2023-05-17T04:00:00Z,57.81,57.81,57.81,57.81,0,0,0
2023-05-18T04:00:00Z,57.81,57.81,57.81,57.81,0,0,0
2023-05-19T04:00:00Z,57.81,57.81,57.81,57.81,0,0,0
2023-05-22T04:00:00Z,57.81,57.81,57.81,57.81,0,0,0
2023-05-23T04:00:00Z,57.81,57.81,57.81,57.81,0,0,0
2023-05-24T04:00:00Z,57.81,57.81,57.81,57.81,0,0,0
2023-05-25T04:00:00Z,57.81,57.81,57.81,57.81,0,0,0
2023-05-26T04:00:00Z,57.81,57.81,57.81,57.81,0,0,0
2023-05-30T04:00:00Z,57.81,57.81,57.81,57.81,0,0,0
2023-05-31T04:00:00Z,57.81,57.81,57.81,57.81,0,0,0
2023-06-01T04:00:00Z,57.81,57.81,57.81,57.81,0,0,0
2023-06-02T04:00:00Z,57.81,57.81,57.81,57.81,0,0,0
2023-06-05T04:00:00Z,57.81,57.81,57.81,57.81,0,0,0
2023-06-06T04:00:00Z,57.81,57.81,57.81,57.81,0,0,0
2023-06-07T04:00:00Z,57.81,57.81,57.81,57.81,0,0,0
2023-06-08T04:00:00Z,57.81,57.81,57.81,57.81,0,0,0
2023-06-09T04:00:00Z,57.81,57.81,57.81,57.81,0,0,0
2023-06-12T04:00:00Z,57.81,57.81,57.81,57.81,0,0,0
2023-06-13T04:00:00Z,57.81,57.81,57.81,57.81,0,0,0
2023-06-14T04:00:00Z,57.81,57.81,57.81,57.81,0,0,0
2023-06-15T04:00:00Z,57.81,57.81,57.81,57.81,0,0,0
2023-06-16T04:00:00Z,57.81,57.81,57.81,57.81,0,0,0
2023-06-20T04:00:00Z,57.81,57.81,57.81,57.81,0,0,0
2023-06-21T04:00:00Z,57.81,57.81,57.81,57.81,0,0,0
2023-06-22T04:00:00Z,57.81,57.81,57.81,57.81,0,0,0
2023-06-23T04:00:00Z,57.81,57.81,57.81,57.81,0,0,0
2023-06-26T04:00:00Z,57.81,57.81,57.81,57.81,0,0,0
2023-06-27T04:00:00Z,57.81,57.81,57.81,57.81,0,0,0
2023-06-28T04:00:00Z,57.81,57.81,57.81,57.81,0,0,0
2023-06-29T04:00:00Z,57.81,57.81,57.81,57.81,0,0,0
2023-06-30T04:00:00Z,57.81,57.81,57.81,57.81,0,0,0
2023-07-03T04:00:00Z,57.81,57.81,57.81,57.81,0,0,0
2023-07-05T04:00:00Z,57.81,57.81,57.81,57.81,0,0,0
2023-07-06T04:00:00Z,57.81,57.81,57.81,57.81,0,0,0
2023-07-07T04:00:00Z,57.81,57.81,57.81,57.81,0,0,0
2023-07-10T04:00:00Z,57.81,57.81,57.81,57.81,0,0,0
2023-07-11T04:00:00Z,57.81,57.81,57.81,57.81,0,0,0
2023-07-12T04:00:00Z,57.81,57.81,57.81,57.81,0,0,0
2023-07-13T04:00:00Z,57.81,57.81,57.81,57.81,0,0,0
2023-07-14T04:00:00Z,57.81,57.81,57.81,57.81,0,0,0
2023-07-17T04:00:00Z,57.81,57.81,57.81,57.81,0,0,0
2023-07-18T04:00:00Z,57.81,57.81,57.81,57.81,0,0,0
2023-07-19T04:00:00Z,57.81,57.81,57.81,57.81,0,0,0
2023-07-20T04:00:00Z,57.81,57.81,57.81,57.81,0,0,0
2023-07-21T04:00:00Z,57.81,57.81,57.81,57.81,0,0,0
2023-07-24T04:00:00Z,57.81,57.81,57.81,57.81,0,0,0
2023-07-25T04:00:00Z,57.81,57.81,57.81,57.81,0,0,0
2023-07-26T04:00:00Z,57.81,57.81,57.81,57.81,0,0,0
2023-07-27T04:00:00Z,57.81,57.81,57.81,57.81,0,0,0
2023-07-28T04:00:00Z,57.81,57.81,57.81,57.81,0,0,0
2023-07-31T04:00:00Z,57.81,57.81,57.81,57.81,0,0,0
2023-08-01T04:00:00Z,57.81,57.81,57.81,57.81,0,0,0
2023-08-02T04:00:00Z,57.81,57.81,57.81,57.81,0,0,0
2023-08-03T04:00:00Z,57.81,57.81,57.81,57.81,0,0,0
2023-08-04T04:00:00Z,57.81,57.81,57.81,57.81,0,0,0
2023-08-07T04:00:00Z,57.81,57.81,57.81,57.81,0,0,0
2023-08-08T04:00:00Z,57.81,57.81,57.81,57.81,0,0,0
2023-08-09T04:00:00Z,57.81,57.81,57.81,57.81,0,0,0
2023-08-10T04:00:00Z,57.81,57.81,57.81,57.81,0,0,0
2023-08-11T04:00:00Z,57.81,57.81,57.81,57.81,0,0,0
2023-08-14T04:00:00Z,57.81,57.81,57.81,57.81,0,0,0
2023-08-15T04:00:00Z,57.81,57.81,57.81,57.81,0,0,0
2023-08-16T04:00:00Z,57.81,57.81,57.81,57.81,0,0,0
2023-08-17T04:00:00Z,57.81,57.81,57.81,57.81,0,0,0
2023-08-18T04:00:00Z,57.81,57.81,57.81,57.81,0,0,0
2023-08-21T04:00:00Z,57.81,57.81,57.81,57.81,0,0,0
2023-08-22T04:00:00Z,57.81,57.81,57.81,57.81,0,0,0
2023-08-23T04:00:00Z,57.81,57.81,57.81,57.81,0,0,0
2023-08-24T04:00:00Z,57.81,57.81,57.81,57.81,0,0,0
2023-08-25T04:00:00Z,57.81,57.81,57.81,57.81,0,0,0
2023-08-28T04:00:00Z,57.81,57.81,57.81,57.81,0,0,0
2023-08-29T04:00:00Z,57.81,57.81,57.81,57.81,0,0,0
2023-08-30T04:00:00Z,57.81,57.81,57.81,57.81,0,0,0
2023-08-31T04:00:00Z,57.81,57.81,57.81,57.81,0,0,0
2023-09-01T04:00:00Z,57.81,57.81,57.81,57.81,0,0,0
2023-09-05T04:00:00Z,57.81,57.81,57.81,57.81,0,0,0
2023-09-06T04:00:00Z,57.81,57.81,57.81,57.81,0,0,0
2023-09-07T04:00:00Z,57.81,57.81,57.81,57.81,0,0,0
2023-09-08T04:00:00Z,57.81,57.81,57.81,57.81,0,0,0
2023-09-11T04:00:00Z,57.81,57.81,57.81,57.81,0,0,0
2023-09-12T04:00:00Z,57.81,57.81,57.81,57.81,0,0,0
2023-09-13T04:00:00Z,57.81,57.81,57.81,57.81,0,0,0
2023-09-14T04:00:00Z,57.81,57.81,57.81,57.81,0,0,0
2023-09-15T04:00:00Z,57.81,57.81,57.81,57.81,0,0,0
2023-09-18T04:00:00Z,57.81,57.81,57.81,57.81,0,0,0
2023-09-19T04:00:00Z,57.81,57.81,57.81,57.81,0,0,0
2023-09-20T04:00:00Z,57.81,57.81,57.81,57.81,0,0,0
2023-09-21T04:00:00Z,57.81,57.81,57.81,57.81,0,0,0
2023-09-22T04:00:00Z,57.81,57.81,57.81,57.81,0,0,0
2023-09-25T04:00:00Z,57.81,57.81,57.81,57.81,0,0,0
2023-09-26T04:00:00Z,57.81,57.81,57.81,57.81,0,0,0
2023-09-27T04:00:00Z,57.81,57.81,57.81,57.81,0,0,0
2023-09-28T04:00:00Z,57.81,57.81,57.81,57.81,0,0,0
2023-09-29T04:00:00Z,57.81,57.81,57.81,57.81,0,0,0
2023-10-02T04:00:00Z,57.81,57.81,57.81,57.81,0,0,0
2023-10-03T04:00:00Z,57.81,57.81,57.81,57.81,0,0,0
2023-10-04T04:00:00Z,57.81,57.81,57.81,57.81,0,0,0
2023-10-05T04:00:00Z,57.81,57.81,57.81,57.81,0,0,0
2023-10-06T04:00:00Z,57.81,57.81,57.81,57.81,0,0,0
2023-10-09T04:00:00Z,57.81,57.81,57.81,57.81,0,0,0
2023-10-10T04:00:00Z,57.81,57.81,57.81,57.81,0,0,0
2023-10-11T04:00:00Z,57.81,57.81,57.81,57.81,0,0,0
2023-10-12T04:00:00Z,57.81,57.81,57.81,57.81,0,0,0
2023-10-13T04:00:00Z,57.81,57.81,57.81,57.81,0,0,0
2023-10-16T04:00:00Z,57.81,57.81,57.81,57.81,0,0,0
2023-10-17T04:00:00Z,57.81,57.81,57.81,57.81,0,0,0
2023-10-18T04:00:00Z,57.81,57.81,57.81,57.81,0,0,0
2023-10-19T04:00:00Z,57.81,57.81,57.81,57.81,0,0,0
2023-10-20T04:00:00Z,57.81,57.81,57.81,57.81,0,0,0
2023-10-23T04:00:00Z,57.81,57.81,57.81,57.81,0,0,0
2023-10-24T04:00:00Z,57.81,57.81,57.81,57.81,0,0,0
2023-10-25T04:00:00Z,57.81,57.81,57.81,57.81,0,0,0
2023-10-26T04:00:00Z,57.81,57.81,57.81,57.81,0,0,0
2023-10-27T04:00:00Z,57.81,57.81,57.81,57.81,0,0,0
2023-10-30T04:00:00Z,57.81,57.81,57.81,57.81,0,0,0
2023-10-31T04:00:00Z,57.81,57.81,57.81,57.81,0,0,0
2023-11-01T04:00:00Z,57.81,57.81,57.81,57.81,0,0,0
2023-11-02T04:00:00Z,57.81,57.81,57.81,57.81,0,0,0
2023-11-03T04:00:00Z,57.81,57.81,57.81,57.81,0,0,0
2023-11-06T05:00:00Z,57.81,57.81,57.81,57.81,0,0,0
2023-11-07T05:00:00Z,57.81,57.81,57.81,57.81,0,0,0
2023-11-08T05:00:00Z,57.81,57.81,57.81,57.81,0,0,0
2023-11-09T05:00:00Z,57.81,57.81,57.81,57.81,0,0,0
2023-11-10T05:00:00Z,57.81,57.81,57.81,57.81,0,0,0
2023-11-13T05:00:00Z,57.81,57.81,57.81,57.81,0,0,0
2023-11-14T05:00:00Z,57.81,57.81,57.81,57.81,0,0,0
2023-11-15T05:00:00Z,57.81,57.81,57.81,57.81,0,0,0
2023-11-16T05:00:00Z,57.81,57.81,57.81,57.81,0,0,0
2023-11-17T05:00:00Z,57.81,57.81,57.81,57.81,0,0,0
2023-11-20T05:00:00Z,57.81,57.81,57.81,57.81,0,0,0
2023-11-21T05:00:00Z,57.81,57.81,57.81,57.81,0,0,0
2023-11-22T05:00:00Z,57.81,57.81,57.81,57.81,0,0,0
2023-11-24T05:00:00Z,57.81,57.81,57.81,57.81,0,0,0
2023-11-27T05:00:00Z,57.81,57.81,57.81,57.81,0,0,0
2023-11-28T05:00:00Z,57.81,57.81,57.81,57.81,0,0,0
2023-11-29T05:00:00Z,57.81,57.81,57.81,57.81,0,0,0
2023-11-30T05:00:00Z,57.81,57.81,57.81,57.81,0,0,0
2023-12-01T05:00:00Z,57.81,57.81,57.81,57.81,0,0,0
2023-12-04T05:00:00Z,57.81,57.81,57.81,57.81,0,0,0
2023-12-05T05:00:00Z,57.81,57.81,57.81,57.81,0,0,0
2023-12-06T05:00:00Z,57.81,57.81,57.81,57.81,0,0,0
2023-12-07T05:00:00Z,57.81,57.81,57.81,57.81,0,0,0
2023-12-08T05:00:00Z,57.81,57.81,57.81,57.81,0,0,0
2023-12-11T05:00:00Z,57.81,57.81,57.81,57.81,0,0,0
2023-12-12T05:00:00Z,57.81,57.81,57.81,57.81,0,0,0
2023-12-13T05:00:00Z,57.81,57.81,57.81,57.81,0,0,0
2023-12-14T05:00:00Z,57.81,57.81,57.81,57.81,0,0,0
2023-12-15T05:00:00Z,57.81,57.81,57.81,57.81,0,0,0
2023-12-18T05:00:00Z,57.81,57.81,57.81,57.81,0,0,0
2023-12-19T05:00:00Z,57.81,57.81,57.81,57.81,0,0,0
2023-12-20T05:00:00Z,57.81,57.81,57.81,57.81,0,0,0
2023-12-21T05:00:00Z,57.81,57.81,57.81,57.81,0,0,0
2023-12-22T05:00:00Z,57.81,57.81,57.81,57.81,0,0,0
2023-12-26T05:00:00Z,57.81,57.81,57.81,57.81,0,0,0
2023-12-27T05:00:00Z,57.81,57.81,57.81,57.81,0,0,0
2023-12-28T05:00:00Z,57.81,57.81,57.81,57.81,0,0,0
2023-12-29T05:00:00Z,57.81,57.81,57.81,57.81,0,0,0
2024-01-02T05:00:00Z,57.81,57.81,57.81,57.81,0,0,0
2024-01-03T05:00:00Z,57.81,57.81,57.81,57.81,0,0,0
2024-01-04T05:00:00Z,57.81,57.81,57.81,57.81,0,0,0
2024-01-05T05:00:00Z,57.81,57.81,57.81,57.81,0,0,0
2024-01-08T05:00:00Z,57.81,57.81,57.81,57.81,0,0,0
2024-01-09T05:00:00Z,57.81,57.81,57.81,57.81,0,0,0
2024-01-10T05:00:00Z,57.81,57.81,57.81,57.81,0,0,0
2024-01-11T05:00:00Z,57.81,57.81,57.81,57.81,0,0,0
2024-01-12T05:00:00Z,57.81,57.81,57.81,57.81,0,0,0
2024-01-16T05:00:00Z,57.81,57.81,57.81,57.81,0,0,0
2024-01-17T05:00:00Z,57.81,57.81,57.81,57.81,0,0,0
2024-01-18T05:00:00Z,57.81,57.81,57.81,57.81,0,0,0
2024-01-19T05:00:00Z,57.81,57.81,57.81,57.81,0,0,0
2024-01-22T05:00:00Z,57.81,57.81,57.81,57.81,0,0,0
2024-01-23T05:00:00Z,57.81,57.81,57.81,57.81,0,0,0
2024-01-24T05:00:00Z,57.81,57.81,57.81,57.81,0,0,0
2024-01-25T05:00:00Z,57.81,57.81,57.81,57.81,0,0,0
2024-01-26T05:00:00Z,57.81,57.81,57.81,57.81,0,0,0
2024-01-29T05:00:00Z,57.81,57.81,57.81,57.81,0,0,0
2024-01-30T05:00:00Z,57.81,57.81,57.81,57.81,0,0,0
2024-01-31T05:00:00Z,57.81,57.81,57.81,57.81,0,0,0
2024-02-01T05:00:00Z,57.81,57.81,57.81,57.81,0,0,0
2024-02-02T05:00:00Z,57.81,57.81,57.81,57.81,0,0,0
2024-02-05T05:00:00Z,57.81,57.81,57.81,57.81,0,0,0
2024-02-06T05:00:00Z,57.81,57.81,57.81,57.81,0,0,0
2024-02-07T05:00:00Z,57.81,57.81,57.81,57.81,0,0,0
2024-02-08T05:00:00Z,57.81,57.81,57.81,57.81,0,0,0
2024-02-09T05:00:00Z,57.81,57.81,57.81,57.81,0,0,0
2024-02-12T05:00:00Z,57.81,57.81,57.81,57.81,0,0,0
2024-02-13T05:00:00Z,57.81,57.81,57.81,57.81,0,0,0
2024-02-14T05:00:00Z,57.81,57.81,57.81,57.81,0,0,0
2024-02-15T05:00:00Z,57.81,57.81,57.81,57.81,0,0,0
2024-02-16T05:00:00Z,57.81,57.81,57.81,57.81,0,0,0
2024-02-20T05:00:00Z,57.81,57.81,57.81,57.81,0,0,0
2024-02-21T05:00:00Z,57.81,57.81,57.81,57.81,0,0,0
2024-02-22T05:00:00Z,57.81,57.81,57.81,57.81,0,0,0
2024-02-23T05:00:00Z,57.81,57.81,57.81,57.81,0,0,0
2024-02-26T05:00:00Z,57.81,57.81,57.81,57.81,0,0,0
2024-02-27T05:00:00Z,57.81,57.81,57.81,57.81,0,0,0
2024-02-28T05:00:00Z,57.81,57.81,57.81,57.81,0,0,0
2024-02-29T05:00:00Z,57.81,57.81,57.81,57.81,0,0,0
2024-03-01T05:00:00Z,57.81,57.81,57.81,57.81,0,0,0
2024-03-04T05:00:00Z,57.81,57.81,57.81,57.81,0,0,0
2024-03-05T05:00:00Z,57.81,57.81,57.81,57.81,0,0,0
2024-03-06T05:00:00Z,57.81,57.81,57.81,57.81,0,0,0
2024-03-07T05:00:00Z,57.81,57.81,57.81,57.81,0,0,0
2024-03-08T05:00:00Z,57.81,57.81,57.81,57.81,0,0,0
2024-03-11T04:00:00Z,57.81,57.81,57.81,57.81,0,0,0
2024-03-12T04:00:00Z,57.81,57.81,57.81,57.81,0,0,0
2024-03-13T04:00:00Z,57.81,57.81,57.81,57.81,0,0,0
2024-03-14T04:00:00Z,57.81,57.81,57.81,57.81,0,0,0
2024-03-15T04:00:00Z,57.81,57.81,57.81,57.81,0,0,0
2024-03-18T04:00:00Z,57.81,57.81,57.81,57.81,0,0,0
2024-03-19T04:00:00Z,57.81,57.81,57.81,57.81,0,0,0
2024-03-20T04:00:00Z,57.81,57.81,57.81,57.81,0,0,0
2024-03-21T04:00:00Z,57.81,57.81,57.81,57.81,0,0,0
2024-03-22T04:00:00Z,57.81,57.81,57.81,57.81,0,0,0
2024-03-25T04:00:00Z,57.81,57.81,57.81,57.81,0,0,0
2024-03-26T04:00:00Z,57.81,57.81,57.81,57.81,0,0,0
2024-03-27T04:00:00Z,57.81,57.81,57.81,57.81,0,0,0
2024-03-28T04:00:00Z,57.81,57.81,57.81,57.81,0,0,0
2024-04-01T04:00:00Z,57.81,57.81,57.81,57.81,0,0,0
2024-04-02T04:00:00Z,57.81,57.81,57.81,57.81,0,0,0
2024-04-03T04:00:00Z,57.81,57.81,57.81,57.81,0,0,0
2024-04-04T04:00:00Z,57.81,57.81,57.81,57.81,0,0,0
2024-04-05T04:00:00Z,57.81,57.81,57.81,57.81,0,0,0
2024-04-08T04:00:00Z,57.81,57.81,57.81,57.81,0,0,0
2024-04-09T04:00:00Z,57.81,57.81,57.81,57.81,0,0,0
2024-04-10T04:00:00Z,57.81,57.81,57.81,57.81,0,0,0
2024-04-11T04:00:00Z,57.81,57.81,57.81,57.81,0,0,0
2024-04-12T04:00:00Z,57.81,57.81,57.81,57.81,0,0,0
2024-04-15T04:00:00Z,57.81,57.81,57.81,57.81,0,0,0
2024-04-16T04:00:00Z,57.81,57.81,57.81,57.81,0,0,0
2024-04-17T04:00:00Z,57.81,57.81,57.81,57.81,0,0,0
2024-04-18T04:00:00Z,57.81,57.81,57.81,57.81,0,0,0
2024-04-19T04:00:00Z,57.81,57.81,57.81,57.81,0,0,0
2024-04-22T04:00:00Z,57.81,57.81,57.81,57.81,0,0,0
2024-04-23T04:00:00Z,57.81,57.81,57.81,57.81,0,0,0
2024-04-24T04:00:00Z,57.81,57.81,57.81,57.81,0,0,0
2024-04-25T04:00:00Z,57.81,57.81,57.81,57.81,0,0,0
2024-04-26T04:00:00Z,57.81,57.81,57.81,57.81,0,0,0
2024-04-29T04:00:00Z,57.81,57.81,57.81,57.81,0,0,0
2024-04-30T04:00:00Z,57.81,57.81,57.81,57.81,0,0,0
2024-05-01T04:00:00Z,57.81,57.81,57.81,57.81,0,0,0
2024-05-02T04:00:00Z,57.81,57.81,57.81,57.81,0,0,0
2024-05-03T04:00:00Z,57.81,57.81,57.81,57.81,0,0,0
2024-05-06T04:00:00Z,57.81,57.81,57.81,57.81,0,0,0
2024-05-07T04:00:00Z,57.81,57.81,57.81,57.81,0,0,0
2024-05-08T04:00:00Z,57.81,57.81,57.81,57.81,0,0,0
2024-05-09T04:00:00Z,57.81,57.81,57.81,57.81,0,0,0
2024-05-10T04:00:00Z,57.81,57.81,57.81,57.81,0,0,0
2024-05-13T04:00:00Z,57.81,57.81,57.81,57.81,0,0,0
2024-05-14T04:00:00Z,57.81,57.81,57.81,57.81,0,0,0
2024-05-15T04:00:00Z,57.81,57.81,57.81,57.81,0,0,0
2024-05-16T04:00:00Z,57.81,57.81,57.81,57.81,0,0,0
2024-05-17T04:00:00Z,57.81,57.81,57.81,57.81,0,0,0
2024-05-20T04:00:00Z,57.81,57.81,57.81,57.81,0,0,0
2024-05-21T04:00:00Z,57.81,57.81,57.81,57.81,0,0,0
2024-05-22T04:00:00Z,57.81,57.81,57.81,57.81,0,0,0
2024-05-23T04:00:00Z,57.81,57.81,57.81,57.81,0,0,0
2024-05-24T04:00:00Z,57.81,57.81,57.81,57.81,0,0,0
2024-05-28T04:00:00Z,57.81,57.81,57.81,57.81,0,0,0
2024-05-29T04:00:00Z,57.81,57.81,57.81,57.81,0,0,0
2024-05-30T04:00:00Z,57.81,57.81,57.81,57.81,0,0,0
2024-05-31T04:00:00Z,57.81,57.81,57.81,57.81,0,0,0
2024-06-03T04:00:00Z,57.81,57.81,57.81,57.81,0,0,0
2024-06-04T04:00:00Z,57.81,57.81,57.81,57.81,0,0,0
2024-06-05T04:00:00Z,57.81,57.81,57.81,57.81,0,0,0
2024-06-06T04:00:00Z,57.81,57.81,57.81,57.81,0,0,0
2024-06-07T04:00:00Z,57.81,57.81,57.81,57.81,0,0,0
2024-06-10T04:00:00Z,57.81,57.81,57.81,57.81,0,0,0
2024-06-11T04:00:00Z,57.81,57.81,57.81,57.81,0,0,0
2024-06-12T04:00:00Z,57.81,57.81,57.81,57.81,0,0,0
2024-06-13T04:00:00Z,57.81,57.81,57.81,57.81,0,0,0
2024-06-14T04:00:00Z,57.81,57.81,57.81,57.81,0,0,0
2024-06-17T04:00:00Z,57.81,57.81,57.81,57.81,0,0,0
2024-06-18T04:00:00Z,57.81,57.81,57.81,57.81,0,0,0
2024-06-20T04:00:00Z,57.81,57.81,57.81,57.81,0,0,0
2024-06-21T04:00:00Z,57.81,57.81,57.81,57.81,0,0,0
2024-06-24T04:00:00Z,57.81,57.81,57.81,57.81,0,0,0
2024-06-25T04:00:00Z,57.81,57.81,57.81,57.81,0,0,0
2024-06-26T04:00:00Z,57.81,57.81,57.81,57.81,0,0,0
2024-06-27T04:00:00Z,57.81,57.81,57.81,57.81,0,0,0
2024-06-28T04:00:00Z,57.81,57.81,57.81,57.81,0,0,0
2024-07-01T04:00:00Z,57.81,57.81,57.81,57.81,0,0,0
2024-07-02T04:00:00Z,57.81,57.81,57.81,57.81,0,0,0
2024-07-03T04:00:00Z,57.81,57.81,57.81,57.81,0,0,0
2024-07-05T04:00:00Z,57.81,57.81,57.81,57.81,0,0,0
2024-07-08T04:00:00Z,57.81,57.81,57.81,57.81,0,0,0
2024-07-09T04:00:00Z,57.81,57.81,57.81,57.81,0,0,0
2024-07-10T04:00:00Z,57.81,57.81,57.81,57.81,0,0,0
2024-07-11T04:00:00Z,57.81,57.81,57.81,57.81,0,0,0
2024-07-12T04:00:00Z,57.81,57.81,57.81,57.81,0,0,0
2024-07-15T04:00:00Z,57.81,57.81,57.81,57.81,0,0,0
2024-07-16T04:00:00Z,57.81,57.81,57.81,57.81,0,0,0
2024-07-17T04:00:00Z,57.81,57.81,57.81,57.81,0,0,0
2024-07-18T04:00:00Z,57.81,57.81,57.81,57.81,0,0,0
2024-07-19T04:00:00Z,57.81,57.81,57.81,57.81,0,0,0
2024-07-22T04:00:00Z,57.81,57.81,57.81,57.81,0,0,0
2024-07-23T04:00:00Z,57.81,57.81,57.81,57.81,0,0,0
2024-07-24T04:00:00Z,57.81,57.81,57.81,57.81,0,0,0
2024-07-25T04:00:00Z,57.81,57.81,57.81,57.81,0,0,0
2024-07-26T04:00:00Z,57.81,57.81,57.81,57.81,0,0,0
2024-07-29T04:00:00Z,57.81,57.81,57.81,57.81,0,0,0
2024-07-30T04:00:00Z,57.81,57.81,57.81,57.81,0,0,0
2024-07-31T04:00:00Z,57.81,57.81,57.81,57.81,0,0,0
2024-08-01T04:00:00Z,57.81,57.81,57.81,57.81,0,0,0
2024-08-02T04:00:00Z,57.81,57.81,57.81,57.81,0,0,0
2024-08-05T04:00:00Z,57.81,57.81,57.81,57.81,0,0,0
2024-08-06T04:00:00Z,57.81,57.81,57.81,57.81,0,0,0
2024-08-07T04:00:00Z,57.81,57.81,57.81,57.81,0,0,0
2024-08-08T04:00:00Z,57.81,57.81,57.81,57.81,0,0,0
2024-08-09T04:00:00Z,57.81,57.81,57.81,57.81,0,0,0
2024-08-12T04:00:00Z,57.81,57.81,57.81,57.81,0,0,0
2024-08-13T04:00:00Z,57.81,57.81,57.81,57.81,0,0,0
2024-08-14T04:00:00Z,57.81,57.81,57.81,57.81,0,0,0
2024-08-15T04:00:00Z,57.81,57.81,57.81,57.81,0,0,0
2024-08-16T04:00:00Z,57.81,57.81,57.81,57.81,0,0,0
2024-08-19T04:00:00Z,57.81,57.81,57.81,57.81,0,0,0
2024-08-20T04:00:00Z,57.81,57.81,57.81,57.81,0,0,0
2024-08-21T04:00:00Z,57.81,57.81,57.81,57.81,0,0,0
2024-08-22T04:00:00Z,57.81,57.81,57.81,57.81,0,0,0
2024-08-23T04:00:00Z,57.81,57.81,57.81,57.81,0,0,0
2024-08-26T04:00:00Z,57.81,57.81,57.81,57.81,0,0,0
2024-08-27T04:00:00Z,57.81,57.81,57.81,57.81,0,0,0
2024-08-28T04:00:00Z,57.81,57.81,57.81,57.81,0,0,0
2024-08-29T04:00:00Z,57.81,57.81,57.81,57.81,0,0,0
2024-08-30T04:00:00Z,57.81,57.81,57.81,57.81,0,0,0
2024-09-03T04:00:00Z,57.81,57.81,57.81,57.81,0,0,0
2024-09-04T04:00:00Z,57.81,57.81,57.81,57.81,0,0,0
2024-09-05T04:00:00Z,57.81,57.81,57.81,57.81,0,0,0
2024-09-06T04:00:00Z,57.81,57.81,57.81,57.81,0,0,0
2024-09-09T04:00:00Z,57.81,57.81,57.81,57.81,0,0,0
2024-09-10T04:00:00Z,57.81,57.81,57.81,57.81,0,0,0
2024-09-11T04:00:00Z,57.81,57.81,57.81,57.81,0,0,0
2024-09-12T04:00:00Z,57.81,57.81,57.81,57.81,0,0,0
2024-09-13T04:00:00Z,57.81,57.81,57.81,57.81,0,0,0
2024-09-16T04:00:00Z,57.81,57.81,57.81,57.81,0,0,0
2024-09-17T04:00:00Z,57.81,57.81,57.81,57.81,0,0,0
2024-09-18T04:00:00Z,57.81,57.81,57.81,57.81,0,0,0
2024-09-19T04:00:00Z,57.81,57.81,57.81,57.81,0,0,0
2024-09-20T04:00:00Z,57.81,57.81,57.81,57.81,0,0,0
2024-09-23T04:00:00Z,57.81,57.81,57.81,57.81,0,0,0
2024-09-24T04:00:00Z,57.81,57.81,57.81,57.81,0,0,0
2024-09-25T04:00:00Z,57.81,57.81,57.81,57.81,0,0,0
2024-09-26T04:00:00Z,57.81,57.81,57.81,57.81,0,0,0
2024-09-27T04:00:00Z,57.81,57.81,57.81,57.81,0,0,0
2024-09-30T04:00:00Z,57.81,57.81,57.81,57.81,0,0,0
2024-10-01T04:00:00Z,57.81,57.81,57.81,57.81,0,0,0
2024-10-02T04:00:00Z,57.81,57.81,57.81,57.81,0,0,0
2024-10-03T04:00:00Z,57.81,57.81,57.81,57.81,0,0,0
2024-10-04T04:00:00Z,57.81,57.81,57.81,57.81,0,0,0
2024-10-07T04:00:00Z,57.81,57.81,57.81,57.81,0,0,0
2024-10-08T04:00:00Z,57.81,57.81,57.81,57.81,0,0,0
2024-10-09T04:00:00Z,57.81,57.81,57.81,57.81,0,0,0
2024-10-10T04:00:00Z,57.81,57.81,57.81,57.81,0,0,0
2024-10-11T04:00:00Z,57.81,57.81,57.81,57.81,0,0,0
2024-10-14T04:00:00Z,57.81,57.81,57.81,57.81,0,0,0
2024-10-15T04:00:00Z,57.81,57.81,57.81,57.81,0,0,0
2024-10-16T04:00:00Z,57.81,57.81,57.81,57.81,0,0,0
2024-10-17T04:00:00Z,57.81,57.81,57.81,57.81,0,0,0
2024-10-18T04:00:00Z,57.81,57.81,57.81,57.81,0,0,0
2024-10-21T04:00:00Z,57.81,57.81,57.81,57.81,0,0,0
2024-10-22T04:00:00Z,57.81,57.81,57.81,57.81,0,0,0
2024-10-23T04:00:00Z,57.81,57.81,57.81,57.81,0,0,0
2024-10-24T04:00:00Z,57.81,57.81,57.81,57.81,0,0,0
2024-10-25T04:00:00Z,57.81,57.81,57.81,57.81,0,0,0
2024-10-28T04:00:00Z,57.81,57.81,57.81,57.81,0,0,0
2024-10-29T04:00:00Z,57.81,57.81,57.81,57.81,0,0,0
2024-10-30T04:00:00Z,57.81,57.81,57.81,57.81,0,0,0
2024-10-31T04:00:00Z,57.81,57.81,57.81,57.81,0,0,0
2024-11-01T04:00:00Z,57.81,57.81,57.81,57.81,0,0,0
2024-11-04T05:00:00Z,57.81,57.81,57.81,57.81,0,0,0
2024-11-05T05:00:00Z,57.81,57.81,57.81,57.81,0,0,0
2024-11-06T05:00:00Z,57.81,57.81,57.81,57.81,0,0,0
2024-11-07T05:00:00Z,57.81,57.81,57.81,57.81,0,0,0
2024-11-08T05:00:00Z,57.81,57.81,57.81,57.81,0,0,0
2024-11-11T05:00:00Z,57.81,57.81,57.81,57.81,0,0,0
2024-11-12T05:00:00Z,57.81,57.81,57.81,57.81,0,0,0
2024-11-13T05:00:00Z,57.81,57.81,57.81,57.81,0,0,0
2024-11-14T05:00:00Z,57.81,57.81,57.81,57.81,0,0,0
2024-11-15T05:00:00Z,57.81,57.81,57.81,57.81,0,0,0
2024-11-18T05:00:00Z,57.81,57.81,57.81,57.81,0,0,0
2024-11-19T05:00:00Z,57.81,57.81,57.81,57.81,0,0,0
2024-11-20T05:00:00Z,57.81,57.81,57.81,57.81,0,0,0
2024-11-21T05:00:00Z,57.81,57.81,57.81,57.81,0,0,0
2024-11-22T05:00:00Z,57.81,57.81,57.81,57.81,0,0,0
2024-11-25T05:00:00Z,57.81,57.81,57.81,57.81,0,0,0
2024-11-26T05:00:00Z,57.81,57.81,57.81,57.81,0,0,0
2024-11-27T05:00:00Z,57.81,57.81,57.81,57.81,0,0,0
2024-11-29T05:00:00Z,57.81,57.81,57.81,57.81,0,0,0
2024-12-02T05:00:00Z,57.81,57.81,57.81,57.81,0,0,0
2024-12-03T05:00:00Z,57.81,57.81,57.81,57.81,0,0,0
2024-12-04T05:00:00Z,57.81,57.81,57.81,57.81,0,0,0
2024-12-05T05:00:00Z,57.81,57.81,57.81,57.81,0,0,0
2024-12-06T05:00:00Z,57.81,57.81,57.81,57.81,0,0,0
2024-12-09T05:00:00Z,57.81,57.81,57.81,57.81,0,0,0
2024-12-10T05:00:00Z,57.81,57.81,57.81,57.81,0,0,0
2024-12-11T05:00:00Z,57.81,57.81,57.81,57.81,0,0,0
2024-12-12T05:00:00Z,57.81,57.81,57.81,57.81,0,0,0
2024-12-13T05:00:00Z,57.81,57.81,57.81,57.81,0,0,0
2024-12-16T05:00:00Z,57.81,57.81,57.81,57.81,0,0,0
2024-12-17T05:00:00Z,57.81,57.81,57.81,57.81,0,0,0
2024-12-18T05:00:00Z,57.81,57.81,57.81,57.81,0,0,0
2024-12-19T05:00:00Z,57.81,57.81,57.81,57.81,0,0,0
2024-12-20T05:00:00Z,57.81,57.81,57.81,57.81,0,0,0
2024-12-23T05:00:00Z,57.81,57.81,57.81,57.81,0,0,0
2024-12-24T05:00:00Z,57.81,57.81,57.81,57.81,0,0,0
2024-12-26T05:00:00Z,57.81,57.81,57.81,57.81,0,0,0
2024-12-27T05:00:00Z,57.81,57.81,57.81,57.81,0,0,0
2024-12-30T05:00:00Z,57.81,57.81,57.81,57.81,0,0,0
2024-12-31T05:00:00Z,57.81,57.81,57.81,57.81,0,0,0
2025-01-02T05:00:00Z,57.81,57.81,57.81,57.81,0,0,0
2025-01-03T05:00:00Z,57.81,57.81,57.81,57.81,0,0,0
2025-01-06T05:00:00Z,57.81,57.81,57.81,57.81,0,0,0
2025-01-07T05:00:00Z,57.81,57.81,57.81,57.81,0,0,0
2025-01-08T05:00:00Z,57.81,57.81,57.81,57.81,0,0,0
2025-01-10T05:00:00Z,57.81,57.81,57.81,57.81,0,0,0
2025-01-13T05:00:00Z,57.81,57.81,57.81,57.81,0,0,0
2025-01-14T05:00:00Z,57.81,57.81,57.81,57.81,0,0,0
2025-01-15T05:00:00Z,50.25,50.32,50.24,50.32,16303,76,50.2592
2025-01-16T05:00:00Z,50.3872,50.48,50.37,50.42,2008,22,50.4368
2025-01-17T05:00:00Z,50.36,50.43,50.36,50.43,4383,16,50.4141
2025-01-21T05:00:00Z,50.5009,50.63,50.5009,50.63,5095,60,50.5622
2025-01-22T05:00:00Z,50.64,50.66,50.62,50.62,2452,87,50.6565
2025-01-23T05:00:00Z,50.65,50.7,50.62,50.66,15086,159,50.682
2025-01-24T05:00:00Z,50.66,50.71,50.66,50.6805,2174,40,50.6824
2025-01-27T05:00:00Z,50.66,50.785,50.65,50.785,4804,59,50.699
2025-01-28T05:00:00Z,50.7563,50.77,50.7075,50.77,2321,22,50.7332
2025-01-29T05:00:00Z,50.795,50.8,50.78,50.795,3958,56,50.793
2025-01-30T05:00:00Z,50.45,50.5,50.445,50.5,5112,61,50.4661
2025-01-31T05:00:00Z,50.48,50.48,50.405,50.405,2407,60,50.4486
2025-02-03T05:00:00Z,50.29,50.34,50.2805,50.3282,3617,50,50.2999
2025-02-04T05:00:00Z,50.3134,50.3816,50.3134,50.38,2616,31,50.3712
2025-02-05T05:00:00Z,50.355,50.5,50.355,50.5,6796,53,50.447
2025-02-06T05:00:00Z,50.5,50.535,50.46,50.46,5347,50,50.4974
2025-02-07T05:00:00Z,50.35,50.41,50.35,50.365,1489,27,50.3754
2025-02-10T05:00:00Z,50.43,50.46,50.41,50.46,1175,13,50.4329
2025-02-11T05:00:00Z,50.395,50.4168,50.395,50.4168,1353,22,50.4007
2025-02-12T05:00:00Z,50.26,50.35,50.2,50.35,3239,43,50.2355
2025-02-13T05:00:00Z,50.46,50.59,50.41,50.5687,9841,56,50.4735
2025-02-14T05:00:00Z,50.658,50.6799,50.6371,50.6371,4452,43,50.6547
2025-02-18T05:00:00Z,50.79,50.79,50.575,50.5772,21061,261,50.6259
2025-02-19T05:00:00Z,50.57,50.63,50.5,50.56,7963,122,50.5507
2025-02-20T05:00:00Z,50.52,50.57,50.4742,50.57,12185,131,50.5167
2025-02-21T05:00:00Z,50.6156,50.68,50.5846,50.5846,4335,50,50.6503
2025-02-24T05:00:00Z,50.65,50.67,50.615,50.6422,4545,63,50.6406
2025-02-25T05:00:00Z,50.69,50.71,50.65,50.7004,6708,53,50.678
2025-02-26T05:00:00Z,50.75,50.8,50.7,50.7597,22751,213,50.7496
2025-02-27T05:00:00Z,50.67,50.67,50.4,50.4,26738,284,50.477
2025-02-28T05:00:00Z,50.72,50.72,50.36,50.53,44608,348,50.4393
2025-03-03T05:00:00Z,50.51,50.51,50.41,50.4378,33072,243,50.4361
2025-03-04T05:00:00Z,50.41,50.41,50.15,50.2613,104551,462,50.2577
2025-03-05T05:00:00Z,50.39,50.39,50.17,50.255,22984,130,50.2127
2025-03-06T05:00:00Z,50.24,50.24,50.05,50.0679,21750,157,50.1003
2025-03-07T05:00:00Z,50.1,50.21,50.1,50.13,11863,117,50.1499
2025-03-10T04:00:00Z,50.11,50.15,49.99,49.9905,12535,212,50.0568
2025-03-11T04:00:00Z,50.02,50.03,49.75,49.75,42715,259,49.9013
2025-03-12T04:00:00Z,49.7401,49.8699,49.7401,49.8138,2396,49,49.7829
2025-03-13T04:00:00Z,49.85,49.85,49.7,49.7,23058,143,49.7774
2025-03-14T04:00:00Z,49.72,49.86,49.706,49.8256,26635,114,49.7563
2025-03-17T04:00:00Z,50.06,50.06,49.85,49.9797,17478,112,49.9492
2025-03-18T04:00:00Z,49.9441,49.98,49.9,49.9367,6506,69,49.9587
2025-03-19T04:00:00Z,49.8991,50.09,49.8991,50.01,17832,58,49.9513
2025-03-20T04:00:00Z,50.04,50.09,50.0292,50.06,15860,80,50.061
2025-03-21T04:00:00Z,50.15,50.15,50,50.025,4193,53,50.0581
2025-03-24T04:00:00Z,50.1,50.12,50.0175,50.1052,11185,69,50.0629
2025-03-25T04:00:00Z,50.115,50.15,50.11,50.1267,9914,74,50.1255
2025-03-26T04:00:00Z,50.13,50.13,49.845,49.845,8725,94,49.9964
2025-03-27T04:00:00Z,49.8,49.8196,49.7106,49.7132,9514,170,49.7723
2025-03-28T04:00:00Z,49.59,49.59,49.24,49.2983,18945,188,49.3357
2025-03-31T04:00:00Z,49.25,49.26,49.17,49.2241,15166,145,49.1961
2025-04-01T04:00:00Z,49.16,49.28,49.1024,49.28,13138,88,49.2235
2025-04-02T04:00:00Z,49.29,49.3875,49.2,49.3875,24533,117,49.2528
2025-04-03T04:00:00Z,49.15,49.15,48.665,48.775,50572,293,48.8824
2025-04-04T04:00:00Z,48.52,48.52,47.64,47.7691,23929,167,48.2072
2025-04-07T04:00:00Z,46.98,47.56,46.98,47.1456,30394,142,47.1931
2025-04-08T04:00:00Z,47.36,47.55,46.6995,46.6995,28144,114,47.277
2025-04-09T04:00:00Z,46.79,47.709,46.44,47.7046,31371,126,46.7904
2025-04-10T04:00:00Z,47.28,47.34,46.78,46.8563,13545,73,46.9609
2025-04-11T04:00:00Z,46.502,46.8507,46.502,46.8507,4247,46,46.8008
2025-04-14T04:00:00Z,47.135,47.2681,47.095,47.1307,1287,20,47.1957
2025-04-15T04:00:00Z,47.25,47.42,47.2123,47.3199,5983,44,47.2944
2025-04-16T04:00:00Z,47.23,47.4294,47.23,47.3818,1938,32,47.3008
2025-04-17T04:00:00Z,47.49,47.71,47.48,47.71,3450,25,47.4934
2025-04-21T04:00:00Z,47.48,47.52,47.2,47.31,13866,72,47.3199
2025-04-22T04:00:00Z,47.47,47.72,47.47,47.6772,6038,32,47.586
2025-04-23T04:00:00Z,48.22,48.35,48.09,48.09,22727,75,48.2295
2025-04-24T04:00:00Z,48.42,48.42,48.15,48.3846,7585,47,48.297
2025-04-25T04:00:00Z,48.66,48.66,48.36,48.59,10926,53,48.3822
2025-04-28T04:00:00Z,48.41,48.69,48.41,48.6377,6339,59,48.6073
2025-04-29T04:00:00Z,48.26,48.2935,48.26,48.2935,3421,34,48.2839
2025-04-30T04:00:00Z,48.13,48.13,48.0472,48.0472,12966,76,48.0944
2025-05-01T04:00:00Z,48.08,48.09,48,48.02,10639,64,48.0192
2025-05-02T04:00:00Z,48.04,48.15,48.03,48.1454,3536,41,48.0548
2025-05-05T04:00:00Z,48.04,48.04,47.95,48.0182,8075,59,47.9909
2025-05-06T04:00:00Z,47.99,48.06,47.98,48.0401,4494,31,47.9948
2025-05-07T04:00:00Z,48.1414,48.17,48.09,48.09,1241,20,48.1213
2025-05-08T04:00:00Z,48.04,48.08,47.98,47.98,6192,55,48.0286
2025-05-09T04:00:00Z,48.0676,48.1,48.0676,48.0757,1553,37,48.0863
2025-05-12T04:00:00Z,48.37,48.638,48.315,48.638,15678,65,48.4542
2025-05-13T04:00:00Z,48.5,48.7315,48.5,48.7315,8891,53,48.5905
2025-05-14T04:00:00Z,48.83,48.83,48.6475,48.6475,3159,30,48.7683
2025-05-15T04:00:00Z,48.6398,48.75,48.575,48.7154,14333,64,48.6981
2025-05-16T04:00:00Z,48.81,48.8848,48.79,48.8848,3382,37,48.8145
2025-05-19T04:00:00Z,48.89,48.89,48.67,48.8485,10157,43,48.7059
2025-05-20T04:00:00Z,48.73,48.83,48.73,48.7596,11838,64,48.778
2025-05-21T04:00:00Z,48.83,48.83,48.35,48.35,2689,45,48.535
2025-05-22T04:00:00Z,48.31,48.47,48.24,48.4173,16529,71,48.3426
2025-05-23T04:00:00Z,48.42,48.42,48.375,48.4029,1876,31,48.4048
2025-05-27T04:00:00Z,48.98,48.98,48.5516,48.77,6307,48,48.6624
2025-05-28T04:00:00Z,48.77,48.77,48.7,48.725,2363,32,48.7386
2025-05-29T04:00:00Z,48.405,48.4784,48.405,48.4784,4281,33,48.4421
2025-05-30T04:00:00Z,48.52,48.56,48.475,48.5463,4380,36,48.5444
2025-06-02T04:00:00Z,48.543,48.543,48.468,48.4944,7496,53,48.4989
2025-06-03T04:00:00Z,48.54,48.7,48.53,48.6655,8174,46,48.5817
2025-06-04T04:00:00Z,48.69,48.86,48.69,48.8421,5962,37,48.7704
2025-06-05T04:00:00Z,48.845,48.87,48.845,48.8455,1001,38,48.857
2025-06-06T04:00:00Z,48.7714,48.89,48.7714,48.81,13138,59,48.8448
2025-06-09T04:00:00Z,48.86,49.1282,48.85,49.03,20955,84,48.9716
2025-06-10T04:00:00Z,48.9912,49.1386,48.9912,49.1386,1174,27,49.0317
2025-06-11T04:00:00Z,49.17,49.34,49.17,49.3073,9080,56,49.2253
2025-06-12T04:00:00Z,49.3904,49.42,49.3904,49.4113,1381,43,49.4099
2025-06-13T04:00:00Z,49.42,49.42,49.2617,49.29,2077,32,49.3707
2025-06-16T04:00:00Z,49.2915,49.36,49.26,49.2863,6082,58,49.2836
2025-06-17T04:00:00Z,49.3332,49.3814,49.3101,49.35,3353,25,49.3342
2025-06-18T04:00:00Z,49.38,49.43,49.34,49.388,2033,18,49.3591
2025-06-20T04:00:00Z,49.34,49.51,49.33,49.51,13844,60,49.4076
2025-06-23T04:00:00Z,49.49,49.6099,49.475,49.475,10359,38,49.5532
2025-06-24T04:00:00Z,49.44,49.6687,49.44,49.6687,9557,37,49.5134
2025-06-25T04:00:00Z,49.64,49.6453,49.5857,49.64,6331,39,49.6236
2025-06-26T04:00:00Z,49.81,49.81,49.67,49.7388,2540,45,49.7461
2025-06-27T04:00:00Z,49.4291,49.47,49.4,49.405,994,31,49.4267
2025-06-30T04:00:00Z,49.48,49.51,49.4435,49.4991,10432,77,49.4793
2025-07-01T04:00:00Z,49.48,49.5699,49.43,49.5408,1629,42,49.4885
2025-07-02T04:00:00Z,49.555,49.65,49.555,49.65,2815,36,49.6088
2025-07-03T04:00:00Z,49.74,49.76,49.665,49.708,2864,32,49.7506
2025-07-07T04:00:00Z,49.73,49.73,49.59,49.64,3447,69,49.656
2025-07-08T04:00:00Z,49.65,49.73,49.64,49.7064,1471,48,49.6622
2025-07-09T04:00:00Z,49.86,49.86,49.7,49.85,13720,61,49.7667
2025-07-10T04:00:00Z,49.85,49.85,49.76,49.8,2047,42,49.8141
2025-07-11T04:00:00Z,49.71,49.755,49.66,49.7012,4785,65,49.7071
2025-07-14T04:00:00Z,49.56,49.71,49.56,49.6903,3411,44,49.6579
2025-07-15T04:00:00Z,49.88,49.88,49.6967,49.705,1941,32,49.7281
2025-07-16T04:00:00Z,49.6174,49.65,49.58,49.65,2854,46,49.61
2025-07-17T04:00:00Z,49.66,49.72,49.62,49.6961,3681,46,49.6633
2025-07-18T04:00:00Z,49.71,49.74,49.66,49.69,2259,46,49.7107
2025-07-21T04:00:00Z,49.74,49.76,49.715,49.74,6301,48,49.7446
2025-07-22T04:00:00Z,49.8,49.84,49.75,49.7731,8573,83,49.7798
2025-07-23T04:00:00Z,49.795,49.85,49.795,49.825,3631,36,49.82
2025-07-24T04:00:00Z,49.81,49.8181,49.81,49.8181,367,27,49.8125
2025-07-25T04:00:00Z,49.835,49.89,49.81,49.8301,1585,43,49.8586
2025-07-28T04:00:00Z,49.7907,49.87,49.7907,49.8501,1365,40,49.8517
2025-07-29T04:00:00Z,49.91,49.91,49.82,49.89,648,24,49.8623
2025-07-30T04:00:00Z,49.573,49.573,49.5136,49.5204,3666,44,49.557
2025-07-31T04:00:00Z,49.5815,49.62,49.51,49.6,8861,80,49.5999
2025-08-01T04:00:00Z,49.53,49.5511,49.53,49.5511,2941,44,49.5471
2025-08-04T04:00:00Z,49.57,49.6896,49.57,49.6896,616,28,49.5758
2025-08-05T04:00:00Z,49.7,49.73,49.649,49.68,4121,52,49.6597
2025-08-06T04:00:00Z,49.6695,49.75,49.65,49.75,4500,54,49.7032
2025-08-07T04:00:00Z,49.79,49.79,49.75,49.75,1396,23,49.7824
2025-08-08T04:00:00Z,49.75,49.78,49.69,49.78,2587,36,49.7579
2025-08-11T04:00:00Z,49.69,49.855,49.69,49.85,2263,39,49.7831
2025-08-12T04:00:00Z,49.85,49.98,49.785,49.98,3084,31,49.8848
2025-08-13T04:00:00Z,49.97,50.15,49.92,50.15,3722,35,49.9749
2025-08-14T04:00:00Z,50.06,50.0924,50.05,50.0924,1924,40,50.0705
2025-08-15T04:00:00Z,50.03,50.13,50.03,50.1201,2068,39,50.0931
2025-08-18T04:00:00Z,50.07,50.16,50.07,50.155,1487,34,50.1219
2025-08-19T04:00:00Z,50.27,50.27,50.12,50.23,6068,51,50.1894
2025-08-20T04:00:00Z,50.1564,50.24,50.1564,50.175,2807,28,50.1906
2025-08-21T04:00:00Z,50.06,50.2427,50.06,50.15,2659,33,50.1295
2025-08-22T04:00:00Z,50.3,50.4682,50.29,50.4682,9063,45,50.3065
2025-08-25T04:00:00Z,50.41,50.6,50.4068,50.5185,6023,53,50.4798
2025-08-26T04:00:00Z,50.5114,50.585,50.5,50.5849,1259,35,50.5485
2025-08-27T04:00:00Z,50.54,50.61,50.5314,50.5776,907,33,50.5834
2025-08-28T04:00:00Z,50.1514,50.31,50.1514,50.3,8488,42,50.24
2025-08-29T04:00:00Z,50.2014,50.29,50.2014,50.25,872,37,50.2537
2025-09-02T04:00:00Z,49.98,50.11,49.9701,50.09,3480,54,50.0426
2025-09-03T04:00:00Z,50.1814,50.3222,50.1814,50.3222,3103,40,50.281
2025-09-04T04:00:00Z,50.25,50.3935,50.25,50.3935,2946,30,50.2566
2025-09-05T04:00:00Z,50.5,50.614,50.44,50.6,9043,50,50.4537
2025-09-08T04:00:00Z,50.62,50.72,50.61,50.6665,3313,36,50.6635
2025-09-09T04:00:00Z,50.6988,50.6988,50.61,50.6731,2276,40,50.6604
2025-09-10T04:00:00Z,50.8,50.8999,50.7946,50.7946,13866,76,50.8395
2025-09-11T04:00:00Z,50.8252,50.945,50.8252,50.851,3262,58,50.876
2025-09-12T04:00:00Z,50.85,51.15,50.83,50.8695,38631,119,50.9452
2025-09-15T04:00:00Z,51.04,51.11,51.0172,51.0939,5556,40,51.0567
2025-09-16T04:00:00Z,51.17,51.2755,51.17,51.2704,3668,45,51.2407
2025-09-17T04:00:00Z,51.2805,51.29,51.23,51.23,9872,57,51.2504
2025-09-18T04:00:00Z,51.27,51.2864,51.19,51.2739,2884,35,51.232
2025-09-19T04:00:00Z,51.2915,51.37,51.29,51.29,1350,26,51.3256
2025-09-22T04:00:00Z,51.2423,51.41,51.2423,51.3283,9817,76,51.3287
2025-09-23T04:00:00Z,51.3115,51.35,51.29,51.29,2536,41,51.3322
2025-09-24T04:00:00Z,51.37,51.378,51.28,51.28,963,28,51.3266
2025-09-25T04:00:00Z,51.23,51.23,51.145,51.145,1834,42,51.1956
2025-09-26T04:00:00Z,51.0823,51.24,51.0823,51.18,1003,31,51.2082
2025-09-29T04:00:00Z,51.04,51.04,50.8357,50.8357,2523,35,50.9967
2025-09-30T04:00:00Z,50.79,50.81,50.7459,50.8034,14172,80,50.7983
2025-10-01T04:00:00Z,50.9,50.9546,50.8064,50.9546,7845,65,50.8864
2025-10-02T04:00:00Z,50.85,50.96,50.85,50.92,4303,44,50.8928
2025-10-03T04:00:00Z,50.9,51.04,50.9,50.9992,2929,39,50.9736
2025-10-06T04:00:00Z,50.9685,51,50.965,50.965,1497,32,50.9807
2025-10-07T04:00:00Z,50.93,50.96,50.92,50.925,3167,39,50.9355
2025-10-08T04:00:00Z,50.89,50.9096,50.8252,50.8252,2388,40,50.883
2025-10-09T04:00:00Z,50.7215,50.76,50.64,50.6798,3310,44,50.7021
2025-10-10T04:00:00Z,50.74,50.74,50.3808,50.3808,7021,68,50.5281
2025-10-13T04:00:00Z,50.52,50.5327,50.432,50.5327,1396,25,50.4864
2025-10-14T04:00:00Z,50.4268,50.635,50.42,50.635,4065,40,50.4819
2025-10-15T04:00:00Z,50.74,50.8,50.5675,50.73,26776,106,50.6717
2025-10-16T04:00:00Z,50.638,50.75,50.51,50.51,13171,82,50.6943
2025-10-17T04:00:00Z,50.5793,50.5793,50.4564,50.4921,1165,32,50.5578
2025-10-20T04:00:00Z,50.51,50.65,50.51,50.65,2123,85,50.6219
2025-10-21T04:00:00Z,50.78,50.81,50.75,50.75,1261,41,50.7676
2025-10-22T04:00:00Z,50.6205,50.653,50.6,50.6518,1941,40,50.6231
2025-10-23T04:00:00Z,50.53,50.665,50.53,50.63,9539,72,50.5457
2025-10-24T04:00:00Z,50.63,50.73,50.63,50.73,3667,45,50.6422
2025-10-27T04:00:00Z,50.78,50.85,50.7108,50.785,5756,56,50.7957
2025-10-28T04:00:00Z,50.67,50.68,50.61,50.61,3844,51,50.6561
2025-10-29T04:00:00Z,50.71,50.71,50.6576,50.7007,1224,25,50.6925
2025-10-30T04:00:00Z,50.3,50.3501,50.29,50.315,4708,83,50.3219
2025-10-31T04:00:00Z,50.31,50.31,50.15,50.22,7183,78,50.275
2025-11-03T05:00:00Z,50.2578,50.32,50.24,50.24,8043,67,50.2776
2025-11-04T05:00:00Z,50.146,50.17,50.146,50.1531,596,27,50.162
2025-11-05T05:00:00Z,50.02,50.24,50.02,50.2016,2289,43,50.1409
2025-11-06T05:00:00Z,50.16,50.335,50.16,50.32,9786,59,50.26
2025-11-07T05:00:00Z,50.3,50.355,50.17,50.355,14021,109,50.2367
2025-11-10T05:00:00Z,50.49,50.5977,50.39,50.5977,7996,42,50.4208
2025-11-11T05:00:00Z,50.59,50.66,50.554,50.554,2907,48,50.6045
2025-11-12T05:00:00Z,50.66,50.66,50.46,50.5576,3761,30,50.6385
2025-11-13T05:00:00Z,50.55,50.55,50.3551,50.3551,15805,113,50.4678
2025-11-14T05:00:00Z,50.4,50.5,50.4,50.4641,13833,71,50.4364
2025-11-17T05:00:00Z,50.483,50.4901,50.39,50.4,9484,85,50.428
2025-11-18T05:00:00Z,50.44,50.44,50.3313,50.37,10153,64,50.4035
2025-11-19T05:00:00Z,50.35,50.4194,50.27,50.345,3118,54,50.3445
2025-11-20T05:00:00Z,50.33,50.4845,50.22,50.2242,19700,101,50.2793
2025-11-21T05:00:00Z,50.19,50.37,50.14,50.344,21216,131,50.1999
2025-11-24T05:00:00Z,50.25,50.58,50.25,50.4929,8084,57,50.3547
2025-11-25T05:00:00Z,50.48,50.6,50.48,50.5915,7903,54,50.5395
2025-11-26T05:00:00Z,50.2652,50.44,50.2652,50.4281,1377,38,50.3561
2025-11-28T05:00:00Z,50.57,50.57,50.52,50.52,6200,50,50.5529
2025-12-01T05:00:00Z,50.38,50.4296,50.375,50.4103,1793,59,50.3963
2025-12-02T05:00:00Z,50.51,50.51,50.4567,50.4879,2426,65,50.4854
2025-12-03T05:00:00Z,50.67,50.67,50.525,50.585,3043,73,50.6114
2025-12-04T05:00:00Z,50.62,50.63,50.52,50.555,2561,75,50.5744
2025-12-05T05:00:00Z,50.56,50.5665,50.5,50.5298,3998,81,50.539
2025-12-08T05:00:00Z,50.5,50.53,50.42,50.4699,21215,145,50.4666
2025-12-09T05:00:00Z,50.66,50.66,50.42,50.4687,75151,451,50.487
2025-12-10T05:00:00Z,50.6,50.62,50.4201,50.61,32003,210,50.4711
2025-12-11T05:00:00Z,50.61,50.63,50.52,50.6265,11141,113,50.6
2025-12-12T05:00:00Z,50.62,50.62,50.451,50.4708,8648,75,50.5079
2025-12-15T05:00:00Z,50.63,50.63,50.44,50.5091,4977,69,50.4917
2025-12-16T05:00:00Z,50.49,50.54,50.4,50.4,17272,154,50.4516
2025-12-17T05:00:00Z,50.45,50.5,50.4,50.4203,8921,87,50.4316
2025-12-18T05:00:00Z,50.57,50.57,50.48,50.5402,7510,82,50.5156
2025-12-19T05:00:00Z,50.67,50.67,50.48,50.57,38586,282,50.5571
2025-12-22T05:00:00Z,50.69,50.69,50.535,50.59,32291,309,50.5869
2025-12-23T05:00:00Z,50.54,50.55,50.3678,50.5153,17841,193,50.497
2025-12-24T05:00:00Z,50.48,50.68,50.4555,50.6,16949,106,50.5284
2025-12-26T05:00:00Z,50.7,50.7,50.5211,50.5829,10381,140,50.5775
2025-12-29T05:00:00Z,50.61,50.68,50.53,50.62,43912,556,50.6245
2025-12-30T05:00:00Z,50.33,50.355,50.2014,50.29,21485,264,50.2729
2025-12-31T05:00:00Z,50.32,50.365,50.255,50.295,19188,261,50.3086
