timestamp,open,high,low,close,volume,tradeCount,vwap
2016-01-04T05:00:00Z,13.66,13.71,13.336,13.44,673230,4061,13.4509
2016-01-05T05:00:00Z,13.2,13.25,12.75,12.96,1105898,6429,12.9325
2016-01-06T05:00:00Z,12.75,12.76,12.52,12.6,974993,4639,12.6677
2016-01-07T05:00:00Z,12.2,12.52,12.11,12.32,683321,4104,12.3479
2016-01-08T05:00:00Z,12.43,12.44,12.06,12.07,499480,3178,12.1729
2016-01-11T05:00:00Z,11.97,11.97,11.29,11.42,1316260,7703,11.5795
2016-01-12T05:00:00Z,11.23,11.27,10.44,10.77,2884954,13030,10.78
2016-01-13T05:00:00Z,11.04,11.23,10.39,10.48,1107351,6650,10.6695
2016-01-14T05:00:00Z,10.12,10.285,9.75,10.19,1968565,10111,10.0547
2016-01-15T05:00:00Z,10.02,10.13,9.74,10.09,1469536,7723,9.9325
2016-01-19T05:00:00Z,10.5,10.56,10.16,10.36,2128805,10763,10.2946
2016-01-20T05:00:00Z,10.09,10.46,9.95,10.4,944935,5861,10.1968
2016-01-21T05:00:00Z,10.55,10.86,10.45,10.63,557421,3177,10.6444
2016-01-22T05:00:00Z,11.08,11.17,10.86,10.99,502958,3406,11.0025
2016-01-25T05:00:00Z,11.13,11.25,10.98,11.02,787665,4383,11.1071
2016-01-26T05:00:00Z,11.3,11.3275,11.11,11.23,2362560,7579,11.2318
2016-01-27T05:00:00Z,11.27,11.33,10.92,10.93,2173531,8367,11.1364
2016-01-28T05:00:00Z,11.72,11.76,11.3,11.35,1307239,7134,11.4269
2016-01-29T05:00:00Z,11.37,12.22,11.28,12.05,1770213,10283,11.8255
2016-02-01T05:00:00Z,11.68,12.42,11.63,12.27,962287,6601,12.0909
2016-02-02T05:00:00Z,11.83,11.84,11.412,11.51,920698,6435,11.6249
2016-02-03T05:00:00Z,11.52,11.53,11.1,11.45,502527,3716,11.3353
2016-02-04T05:00:00Z,11.5,11.71,11.24,11.58,1018450,6785,11.4929
2016-02-05T05:00:00Z,11.61,11.63,11.305,11.39,506581,3565,11.4418
2016-02-08T05:00:00Z,11,11.01,10.36,10.74,1030931,6575,10.6023
2016-02-09T05:00:00Z,10.71,10.822,10.31,10.51,503780,3962,10.5356
2016-02-10T05:00:00Z,10.68,10.7799,10.55,10.7,398228,3180,10.6752
2016-02-11T05:00:00Z,10.64,10.92,10.55,10.71,904860,5123,10.724
2016-02-12T05:00:00Z,10.72,10.95,10.62,10.93,1204726,5932,10.8176
2016-02-16T05:00:00Z,10.93,11,10.7,10.97,681589,4515,10.9057
2016-02-17T05:00:00Z,11.17,11.29,11.15,11.26,909488,5285,11.2201
2016-02-18T05:00:00Z,11.09,11.14,10.95,11.02,684105,3908,11.0195
2016-02-19T05:00:00Z,10.88,10.95,10.72,10.94,547465,3508,10.8754
2016-02-22T05:00:00Z,11.13,11.2,11,11.06,872438,4641,11.0688
2016-02-23T05:00:00Z,11,11.04,10.93,10.99,400771,2688,10.9864
2016-02-24T05:00:00Z,10.73,10.74,10.48,10.65,717026,4582,10.6154
2016-02-25T05:00:00Z,10.78,10.8125,10.3,10.38,1839461,7523,10.4476
2016-02-26T05:00:00Z,9.87,9.94,9.38,9.54,1989064,10134,9.61145
2016-02-29T05:00:00Z,9.82,10.12,9.65,10.02,1653822,9644,9.94404
2016-03-01T05:00:00Z,10.41,10.5,10.18,10.34,1732520,9396,10.3277
2016-03-02T05:00:00Z,10.23,10.3,9.93,9.94,1368779,7481,10.0367
2016-03-03T05:00:00Z,9.95,10.04,9.87,9.98,994258,5577,9.95548
2016-03-04T05:00:00Z,10.45,10.52,10.15,10.18,2410094,11032,10.2552
2016-03-07T05:00:00Z,10.16,10.275,9.93,9.97,1949348,10186,10.0736
2016-03-08T05:00:00Z,10.1,10.17,9.6,9.72,1438481,8649,9.8127
2016-03-09T05:00:00Z,9.86,9.95,9.76,9.8,884717,5057,9.82913
2016-03-10T05:00:00Z,9.84,9.92,9.66,9.89,891971,5174,9.79637
2016-03-11T05:00:00Z,10.02,10.45,10.01,10.32,2022501,11828,10.3143
2016-03-14T04:00:00Z,10.52,10.72,10.5,10.66,1467739,7229,10.6181
2016-03-15T04:00:00Z,10.57,10.58,10.23,10.43,1226381,6893,10.41
2016-03-16T04:00:00Z,10.41,10.75,10.41,10.71,1135271,5394,10.5907
2016-03-17T04:00:00Z,10.9,10.93,10.56,10.83,1426598,7367,10.7147
2016-03-18T04:00:00Z,10.88,10.88,10.525,10.68,1154691,6362,10.6698
2016-03-21T04:00:00Z,10.6,10.6,10.08,10.22,1391591,6928,10.2439
2016-03-22T04:00:00Z,10.11,10.15,10.01,10.11,1035880,6377,10.0779
2016-03-23T04:00:00Z,10.14,10.1598,9.875,10,863244,5303,9.98793
2016-03-24T04:00:00Z,9.9,10.08,9.82,10.06,622835,3602,9.96794
2016-03-28T04:00:00Z,10.03,10.1,9.86,9.95,501457,3011,9.93787
2016-03-29T04:00:00Z,9.81,10.04,9.77,10.02,817031,4286,9.91127
2016-03-30T04:00:00Z,10.18,10.51,10.15,10.33,1368900,7627,10.3174
2016-03-31T04:00:00Z,10.29,10.34,10.145,10.24,742292,3652,10.2413
2016-04-01T04:00:00Z,9.93,10.03,9.815,9.98,726644,4268,9.92432
2016-04-04T04:00:00Z,10.22,10.31,9.91,9.98,942962,5056,10.1062
2016-04-05T04:00:00Z,9.84,9.94,9.75,9.8,716118,3897,9.81
2016-04-06T04:00:00Z,10.05,10.11,9.975,10.11,820427,4501,10.0393
2016-04-07T04:00:00Z,10.13,10.2,10,10.06,705222,4049,10.0786
2016-04-08T04:00:00Z,10.13,10.2,9.88,9.89,1055396,5004,10.0123
2016-04-11T04:00:00Z,10.06,10.14,9.98,9.99,1813830,8771,10.0407
2016-04-12T04:00:00Z,10.17,10.27,10.09,10.27,1672948,8220,10.1945
2016-04-13T04:00:00Z,10.38,10.585,10.29,10.56,770219,4345,10.4815
2016-04-14T04:00:00Z,10.79,10.92,10.78,10.92,1703268,5923,10.8532
2016-04-15T04:00:00Z,10.92,11.095,10.82,10.88,1821553,8158,10.9277
2016-04-18T04:00:00Z,10.78,10.95,10.67,10.9,813197,4889,10.8605
2016-04-19T04:00:00Z,11,11.16,10.95,11.14,682494,3758,11.0708
2016-04-20T04:00:00Z,11.34,11.38,11.0901,11.24,889015,4216,11.2614
2016-04-21T04:00:00Z,11.25,11.25,11.05,11.16,652966,4133,11.1472
2016-04-22T04:00:00Z,11.18,11.36,11.04,11.19,1320485,4956,11.2111
2016-04-25T04:00:00Z,11.38,11.4,11.19,11.25,894193,4462,11.2704
2016-04-26T04:00:00Z,11.26,11.29,10.91,10.96,1624731,4892,10.9919
2016-04-27T04:00:00Z,11.7,11.73,11.18,11.37,5457061,14117,11.4119
2016-04-28T04:00:00Z,11.29,11.34,10.96,11.09,2391546,8411,11.1818
2016-04-29T04:00:00Z,11.09,11.1,10.74,10.87,3525340,9647,10.9007
2016-05-02T04:00:00Z,10.87,11,10.73,10.98,850344,5042,10.8764
2016-05-03T04:00:00Z,10.82,10.82,10.46,10.61,750698,3323,10.6429
2016-05-04T04:00:00Z,10.68,10.78,10.57,10.72,819947,4800,10.6689
2016-05-05T04:00:00Z,10.77,10.97,10.72,10.83,801287,4294,10.8212
2016-05-06T04:00:00Z,10.64,10.78,10.525,10.64,689087,4000,10.649
2016-05-09T04:00:00Z,10.54,10.72,10.38,10.61,692107,3894,10.5548
2016-05-10T04:00:00Z,10.44,10.91,10.44,10.73,833273,4186,10.7208
2016-05-11T04:00:00Z,10.58,11.11,10.55,10.9,928724,4898,10.9056
2016-05-12T04:00:00Z,10.98,11.01,10.71,10.71,772501,3797,10.807
2016-05-13T04:00:00Z,10.66,10.86,10.65,10.79,816968,4014,10.7754
2016-05-16T04:00:00Z,10.8,11.0999,10.8,10.99,1031057,4564,10.9816
2016-05-17T04:00:00Z,10.33,10.56,10.1,10.13,1864186,7939,10.2836
2016-05-18T04:00:00Z,10.29,10.44,9.99,10.03,1035639,6099,10.1936
2016-05-19T04:00:00Z,10,10.011,9.7,9.73,1234915,5339,9.82013
2016-05-20T04:00:00Z,9.8,9.93,9.68,9.86,1444609,5057,9.78702
2016-05-23T04:00:00Z,9.88,9.92,9.73,9.74,685793,3688,9.80112
2016-05-24T04:00:00Z,9.86,9.92,9.75,9.86,819326,3792,9.81674
2016-05-25T04:00:00Z,9.91,10.1,9.87,10.09,803894,4259,10.0152
2016-05-26T04:00:00Z,10.19,10.3,10,10.14,512209,2796,10.1212
2016-05-27T04:00:00Z,10.04,10.11,9.93,10.11,673838,4105,10.0356
2016-05-31T04:00:00Z,10.19,10.55,10.16,10.51,833409,4836,10.3954
2016-06-01T04:00:00Z,10.29,10.335,10.15,10.3,776696,4205,10.2557
2016-06-02T04:00:00Z,10.29,10.3,10.02,10.15,521289,2749,10.136
2016-06-03T04:00:00Z,10.41,10.535,10.37,10.45,853767,4376,10.4511
2016-06-06T04:00:00Z,10.49,10.64,10.42,10.59,605066,3208,10.5331
2016-06-07T04:00:00Z,10.7,10.81,10.58,10.64,542468,2788,10.6736
2016-06-08T04:00:00Z,10.84,10.88,10.59,10.71,663951,3636,10.7125
2016-06-09T04:00:00Z,10.87,10.9,10.62,10.69,684681,3325,10.7518
2016-06-10T04:00:00Z,10.46,10.48,10.08,10.13,749252,3280,10.215
2016-06-13T04:00:00Z,9.92,9.98,9.72,9.76,781756,4078,9.83119
2016-06-14T04:00:00Z,9.68,9.69,9.22,9.32,1079149,4882,9.40212
2016-06-15T04:00:00Z,9.4,9.42,9.2,9.21,826773,4082,9.29026
2016-06-16T04:00:00Z,9.01,9.01,8.76,8.97,1096659,6124,8.87801
2016-06-17T04:00:00Z,9.24,9.44,9.125,9.27,1332816,5961,9.27724
2016-06-20T04:00:00Z,9.56,9.6,9.35,9.37,679121,3255,9.47915
2016-06-21T04:00:00Z,9.4,9.505,9.28,9.48,699848,3652,9.39579
2016-06-22T04:00:00Z,9.51,9.53,9.38,9.43,505402,2408,9.46365
2016-06-23T04:00:00Z,9.66,9.68,9.47,9.63,750820,3723,9.57913
2016-06-24T04:00:00Z,8.99,9.17,8.97,9.03,1115908,5107,9.08317
2016-06-27T04:00:00Z,8.91,8.93,8.71,8.79,981915,4899,8.7945
2016-06-28T04:00:00Z,8.96,9.175,8.855,9.12,858905,4623,9.00797
2016-06-29T04:00:00Z,9.26,9.36,9.22,9.26,595840,2949,9.2784
2016-06-30T04:00:00Z,9.28,9.29,9.055,9.17,444041,2607,9.14683
2016-07-01T04:00:00Z,9.22,9.4401,9.21,9.33,722283,4706,9.31259
2016-07-05T04:00:00Z,9.03,9.04,8.74,8.92,1155959,6190,8.86096
2016-07-06T04:00:00Z,8.8,8.84,8.53,8.76,969971,4270,8.67662
2016-07-07T04:00:00Z,8.75,8.81,8.48,8.54,669139,3693,8.58112
2016-07-08T04:00:00Z,8.56,8.73,8.51,8.71,635673,3082,8.63575
2016-07-11T04:00:00Z,8.83,8.9,8.79,8.89,543994,2390,8.86192
2016-07-12T04:00:00Z,8.91,9,8.88,8.98,859308,4050,8.95146
2016-07-13T04:00:00Z,9.05,9.0801,8.82,8.87,457647,2274,8.90547
2016-07-14T04:00:00Z,8.89,8.95,8.75,8.88,446118,1821,8.87009
2016-07-15T04:00:00Z,8.8,8.84,8.76,8.78,553234,2317,8.79193
2016-07-18T04:00:00Z,8.78,8.92,8.74,8.92,462040,2267,8.84419
2016-07-19T04:00:00Z,8.84,8.89,8.76,8.83,356756,2093,8.8129
2016-07-20T04:00:00Z,8.77,8.969,8.72,8.92,563051,3267,8.86339
2016-07-21T04:00:00Z,8.95,9.089,8.92,8.93,472327,2095,8.98203
2016-07-22T04:00:00Z,8.96,8.99,8.8,8.85,475544,2538,8.85359
2016-07-25T04:00:00Z,9.07,9.145,8.97,9.05,1686547,6950,9.04841
2016-07-26T04:00:00Z,8.93,8.99,8.875,8.97,984075,4697,8.95241
2016-07-27T04:00:00Z,9.09,9.16,8.8,8.84,1080504,5370,8.97095
2016-07-28T04:00:00Z,8.71,8.73,8.5,8.64,1431029,6092,8.6172
2016-07-29T04:00:00Z,8.62,8.68,8.555,8.66,507527,2516,8.62647
2016-08-01T04:00:00Z,8.63,8.63,8.37,8.4,1029093,4500,8.48687
2016-08-02T04:00:00Z,8.43,8.55,8.35,8.4,691038,3595,8.42968
2016-08-03T04:00:00Z,8.38,8.52,8.37,8.52,519821,2595,8.45422
2016-08-04T04:00:00Z,8.66,8.7601,8.61,8.62,369929,1750,8.66202
2016-08-05T04:00:00Z,8.6,8.75,8.58,8.75,430587,2332,8.68946
2016-08-08T04:00:00Z,8.79,8.96,8.77,8.94,395852,1737,8.89747
2016-08-09T04:00:00Z,8.94,8.968,8.8,8.83,365959,1894,8.88397
2016-08-10T04:00:00Z,8.89,8.9,8.75,8.78,307824,1587,8.80945
2016-08-11T04:00:00Z,8.74,8.83,8.7,8.77,319814,1795,8.76672
2016-08-12T04:00:00Z,8.91,9.0211,8.89,8.95,513839,2611,8.94966
2016-08-15T04:00:00Z,9,9.2,8.96,9.16,691775,3457,9.08836
2016-08-16T04:00:00Z,9.15,9.16,9.06,9.12,345333,1814,9.10776
2016-08-17T04:00:00Z,8.97,9.045,8.89,9.04,510712,2817,8.97133
2016-08-18T04:00:00Z,9.01,9.12,9,9.11,508429,3192,9.04994
2016-08-19T04:00:00Z,9,9.05,8.96,9.02,495180,2874,9.0144
2016-08-22T04:00:00Z,9.03,9.16,8.9606,9.16,418622,2098,9.06403
2016-08-23T04:00:00Z,9.22,9.44,9.2,9.44,653066,2750,9.36122
2016-08-24T04:00:00Z,9.45,9.51,9.28,9.29,483419,2708,9.35994
2016-08-25T04:00:00Z,8.8,8.87,8.53,8.58,2017103,8468,8.64491
2016-08-26T04:00:00Z,8.73,8.875,8.46,8.56,925415,4370,8.65163
2016-08-29T04:00:00Z,8.53,8.73,8.47,8.72,823370,3652,8.62086
2016-08-30T04:00:00Z,8.78,8.9,8.72,8.89,502199,2244,8.83306
2016-08-31T04:00:00Z,8.8,8.88,8.7,8.83,557942,3154,8.80818
2016-09-01T04:00:00Z,8.86,8.8699,8.66,8.77,415465,2330,8.7558
2016-09-02T04:00:00Z,8.83,8.89,8.78,8.83,268618,1613,8.83366
2016-09-06T04:00:00Z,8.9,9.09,8.86,9.04,397030,1826,8.98706
2016-09-07T04:00:00Z,9.07,9.21,9.06,9.21,371693,1841,9.15543
2016-09-08T04:00:00Z,9.21,9.415,9.2,9.38,425609,2439,9.33831
2016-09-09T04:00:00Z,9.21,9.265,8.99,9.03,392253,2137,9.09306
2016-09-12T04:00:00Z,8.78,8.95,8.74,8.93,480430,2790,8.85556
2016-09-13T04:00:00Z,8.8,8.85,8.68,8.82,536081,2631,8.77056
2016-09-14T04:00:00Z,8.68,8.79,8.54,8.57,476678,2791,8.64767
2016-09-15T04:00:00Z,8.59,8.79,8.56,8.58,485300,3102,8.67239
2016-09-16T04:00:00Z,8.54,8.73,8.53,8.67,653817,3558,8.6484
2016-09-19T04:00:00Z,8.84,8.925,8.75,8.86,491369,1902,8.82074
2016-09-20T04:00:00Z,8.3,8.34,8.11,8.13,603864,2840,8.21889
2016-09-21T04:00:00Z,8.31,8.35,8.1,8.26,617872,2996,8.22906
2016-09-22T04:00:00Z,8.5,8.54,8.33,8.39,440481,1948,8.43751
2016-09-23T04:00:00Z,8.47,8.49,8.2,8.22,409292,1977,8.3385
2016-09-26T04:00:00Z,8.25,8.27,7.83,7.87,1445281,7050,7.99749
2016-09-27T04:00:00Z,7.88,7.88,7.7,7.79,1115205,5240,7.79021
2016-09-28T04:00:00Z,7.8,7.95,7.73,7.83,2653251,7458,7.78044
2016-09-29T04:00:00Z,7.85,7.88,7.39,7.43,1847682,8430,7.63407
2016-09-30T04:00:00Z,7.65,7.7,7.5999,7.63,987180,4749,7.6495
2016-10-03T04:00:00Z,7.52,7.55,7.415,7.47,707836,3832,7.47957
2016-10-04T04:00:00Z,7.59,7.7,7.56,7.69,804748,4400,7.64679
2016-10-05T04:00:00Z,7.91,7.95,7.7601,7.89,1062565,4951,7.88535
2016-10-06T04:00:00Z,8,8.38,8,8.26,1527053,6766,8.18663
2016-10-07T04:00:00Z,8.15,8.23,8.06,8.21,573008,3175,8.15845
2016-10-10T04:00:00Z,8.25,8.35,8.1,8.2,970390,3429,8.25729
2016-10-11T04:00:00Z,8.25,8.35,7.95,8,1260241,3162,8.08231
2016-10-12T04:00:00Z,8,8,7.7,7.75,879071,2492,7.80813
2016-10-13T04:00:00Z,7.7,7.9,7.55,7.7,884500,3544,7.72747
2016-10-14T04:00:00Z,7.9,7.95,7.75,7.9,645975,2811,7.86429
2016-10-17T04:00:00Z,7.9,7.95,7.75,7.85,579802,2592,7.84081
2016-10-18T04:00:00Z,7.95,7.95,7.825,7.95,542571,2358,7.89983
2016-10-19T04:00:00Z,7.95,8.15,7.9,8.1,597797,2090,8.04286
2016-10-20T04:00:00Z,8.1,8.2,7.95,8.1,432913,2028,8.10432
2016-10-21T04:00:00Z,8.1,8.15,8,8.05,373481,2587,8.06016
2016-10-24T04:00:00Z,8.15,8.25,7.95,8.1,841919,3053,8.09274
2016-10-25T04:00:00Z,8.1,8.15,8.05,8.1,540574,1810,8.08681
2016-10-26T04:00:00Z,8.05,8.05,7.65,7.8,1195404,4056,7.83652
2016-10-27T04:00:00Z,7.9,8,7.8,7.9,834660,3222,7.8653
2016-10-28T04:00:00Z,7.95,7.95,7.65,7.7,1469650,5368,7.79253
2016-10-31T04:00:00Z,8.1,8.1,7.65,7.85,898454,3592,7.83873
2016-11-01T04:00:00Z,8,8.05,7.7,7.8,1039771,4359,7.89005
2016-11-02T04:00:00Z,7.8,7.8,7.2,7.3,2005795,7236,7.36665
2016-11-03T04:00:00Z,7.35,7.525,7.3,7.35,1068267,3945,7.37779
2016-11-04T04:00:00Z,7.3,7.3,7.15,7.2,1328119,4639,7.20557
2016-11-07T05:00:00Z,7.3,7.4,7.05,7.3,984513,3891,7.24824
2016-11-08T05:00:00Z,7.1,7.25,7,7.15,723898,3374,7.10611
2016-11-09T05:00:00Z,7.1,7.25,7.05,7.25,708731,2930,7.13103
2016-11-10T05:00:00Z,7.3,7.75,7.25,7.5,1374625,5875,7.50241
2016-11-11T05:00:00Z,7.35,7.4,7.1,7.3,864087,4126,7.2587
2016-11-14T05:00:00Z,7.2,7.4,7.15,7.25,731546,3337,7.26597
2016-11-15T05:00:00Z,7.25,7.55,7.25,7.35,663527,3555,7.35797
2016-11-16T05:00:00Z,7.25,7.55,7.15,7.5,1495499,6267,7.37036
2016-11-17T05:00:00Z,7.55,7.65,7.4,7.4,927045,4198,7.51322
2016-11-18T05:00:00Z,7.45,7.55,7.4,7.45,497762,2563,7.46999
2016-11-21T05:00:00Z,7.5,7.65,7.4,7.65,685196,2581,7.57574
2016-11-22T05:00:00Z,7.75,7.85,7.65,7.75,487054,2466,7.75368
2016-11-23T05:00:00Z,7.65,7.684,7.4,7.45,425039,2283,7.53179
2016-11-25T05:00:00Z,7.6,7.65,7.55,7.6,272644,1185,7.57787
2016-11-28T05:00:00Z,7.55,7.55,7.375,7.4,678784,2211,7.44795
2016-11-29T05:00:00Z,7.45,7.7,7.375,7.55,1021578,4256,7.535
2016-11-30T05:00:00Z,7.5,7.5999,7.05,7.1,2176717,6757,7.2547
2016-12-01T05:00:00Z,7.15,7.15,6.8,6.9,1514004,5372,6.90247
2016-12-02T05:00:00Z,6.9,6.95,6.65,6.7,1114919,4208,6.76128
2016-12-05T05:00:00Z,6.85,6.9,6.7,6.85,920241,3591,6.82105
2016-12-06T05:00:00Z,6.9,7.05,6.85,7,1189217,4204,6.96444
2016-12-07T05:00:00Z,7.05,7.25,6.9,7.25,985669,2800,7.09309
2016-12-08T05:00:00Z,7.3,7.5,7.25,7.4,1419649,4652,7.37084
2016-12-09T05:00:00Z,7.45,7.5,7.3,7.35,1003254,3619,7.37005
2016-12-12T05:00:00Z,7.35,7.45,7.15,7.2,994311,3719,7.29337
2016-12-13T05:00:00Z,7.3,7.3879,7.2,7.25,423473,2091,7.2568
2016-12-14T05:00:00Z,7.4,7.45,7.2,7.25,1105671,4567,7.31288
2016-12-15T05:00:00Z,7.2,7.35,7.15,7.25,680928,3211,7.24615
2016-12-16T05:00:00Z,7.5,7.55,7.355,7.5,673146,2739,7.46742
2016-12-19T05:00:00Z,7.5,7.5,7.35,7.45,409370,1651,7.41823
2016-12-20T05:00:00Z,7.5,7.55,7.45,7.5,497742,2030,7.48623
2016-12-21T05:00:00Z,7.6,8,7.6,7.9,1099290,4317,7.80826
2016-12-22T05:00:00Z,7.85,7.9,7.675,7.8,842701,4352,7.82493
2016-12-23T05:00:00Z,7.9,8.025,7.85,8,425682,2231,7.97427
2016-12-27T05:00:00Z,8,8.05,7.95,8.05,368022,1801,8.01749
2016-12-28T05:00:00Z,8.05,8.1,7.85,8,437911,2390,7.96679
2016-12-29T05:00:00Z,8.1,8.15,7.925,8.05,505524,2715,8.03136
2016-12-30T05:00:00Z,8.05,8.1,7.95,7.95,603897,2635,7.99593
2017-01-03T05:00:00Z,8.4,8.5,8.175,8.45,1139663,5577,8.35091
2017-01-04T05:00:00Z,8.4,8.45,8.3,8.35,489993,2350,8.35368
2017-01-05T05:00:00Z,8.4,8.55,8.35,8.55,492652,2607,8.47936
2017-01-06T05:00:00Z,8.35,8.491,8.3,8.4,620242,2725,8.38873
2017-01-09T05:00:00Z,8.4,8.45,8.3,8.4,363892,1742,8.37115
2017-01-10T05:00:00Z,8.25,8.35,8.15,8.25,698821,3645,8.26288
2017-01-11T05:00:00Z,8.2,8.45,8.2,8.3,883140,4367,8.3083
2017-01-12T05:00:00Z,8.35,8.425,8.225,8.35,260942,1557,8.32682
2017-01-13T05:00:00Z,8.35,8.4,8.225,8.3,271781,1386,8.33524
2017-01-17T05:00:00Z,8.35,8.45,8.25,8.3,431643,2099,8.34428
2017-01-18T05:00:00Z,8.3,8.35,8.25,8.35,437421,1812,8.3205
2017-01-19T05:00:00Z,8.15,8.25,8,8.25,710558,2702,8.14269
2017-01-20T05:00:00Z,8.15,8.35,8.1,8.25,677628,2614,8.24465
2017-01-23T05:00:00Z,8.15,8.25,8.025,8.2,723493,2768,8.14312
2017-01-24T05:00:00Z,8.2,8.475,8.165,8.4,1405426,4676,8.33514
2017-01-25T05:00:00Z,8.25,8.3,8.15,8.15,414652,2029,8.22591
2017-01-26T05:00:00Z,7.65,7.95,7.6,7.75,1637057,6259,7.81362
2017-01-27T05:00:00Z,7.75,7.9,7.6999,7.75,507574,2492,7.76415
2017-01-30T05:00:00Z,7.7,7.85,7.6,7.65,542800,2819,7.70215
2017-01-31T05:00:00Z,7.7,7.9,7.7,7.85,362193,1655,7.80022
2017-02-01T05:00:00Z,7.75,7.825,7.65,7.7,449556,2191,7.7276
2017-02-02T05:00:00Z,7.75,7.85,7.65,7.7,459350,2703,7.71923
2017-02-03T05:00:00Z,7.75,7.85,7.7,7.8,248161,1095,7.79654
2017-02-06T05:00:00Z,7.75,7.85,7.7,7.7,348500,1634,7.75027
2017-02-07T05:00:00Z,7.7,7.85,7.7,7.75,362454,1873,7.76306
2017-02-08T05:00:00Z,7.7,7.85,7.675,7.8,313511,1312,7.76217
2017-02-09T05:00:00Z,7.8,7.9,7.75,7.85,503752,2556,7.81797
2017-02-10T05:00:00Z,7.9,8.05,7.875,8.05,576974,2857,7.94997
2017-02-13T05:00:00Z,8.2,8.2,8,8.1,499247,2400,8.08896
2017-02-14T05:00:00Z,8.05,8.1,7.9,8,428342,2019,7.99678
2017-02-15T05:00:00Z,8.05,8.15,8,8,425554,1848,8.05065
2017-02-16T05:00:00Z,8.05,8.175,8.025,8.1,380487,1404,8.10705
2017-02-17T05:00:00Z,8.1,8.2,8.05,8.2,225690,924,8.1131
2017-02-21T05:00:00Z,8.25,8.35,8.175,8.25,564761,2660,8.25336
2017-02-22T05:00:00Z,8.2,8.25,8.075,8.2,270235,1242,8.17533
2017-02-23T05:00:00Z,8.15,8.15,7.95,8.05,663271,2832,8.05228
2017-02-24T05:00:00Z,8,8,7.9,8,332110,1595,7.96619
2017-02-27T05:00:00Z,8,8.2,8,8.15,607515,2361,8.11511
2017-02-28T05:00:00Z,8.15,8.2,8.05,8.1,638766,2586,8.11865
2017-03-01T05:00:00Z,8.4,8.4,8.15,8.15,824300,2616,8.23541
2017-03-02T05:00:00Z,8.15,8.25,8.1,8.15,585798,1417,8.15112
2017-03-03T05:00:00Z,8.25,8.25,8.05,8.1,610340,2195,8.11417
2017-03-06T05:00:00Z,8.1,8.15,8,8.15,235861,1583,8.08382
2017-03-07T05:00:00Z,8.1,8.15,7.95,7.95,582631,2129,8.02432
2017-03-08T05:00:00Z,7.95,8,7.8,7.9,643265,2524,7.90177
2017-03-09T05:00:00Z,7.9,7.95,7.8,7.9,329956,1937,7.88816
2017-03-10T05:00:00Z,8,8.05,7.875,7.95,676831,3449,7.95024
2017-03-13T04:00:00Z,7.95,8,7.925,8,390729,2060,7.97232
2017-03-14T04:00:00Z,7.95,7.975,7.8,7.95,479878,2950,7.91625
2017-03-15T04:00:00Z,7.9,8,7.9,7.95,880561,2930,7.94949
2017-03-16T04:00:00Z,8,8.05,7.95,8,535458,2512,7.9787
2017-03-17T04:00:00Z,8.1,8.5,8.05,8.35,1691225,5736,8.31221
2017-03-20T04:00:00Z,8.35,8.4,8.05,8.2,809232,3743,8.23151
2017-03-21T04:00:00Z,8.25,8.25,7.8,7.9,948266,3240,7.94468
2017-03-22T04:00:00Z,8,8.05,7.875,7.9,618888,3289,7.95592
2017-03-23T04:00:00Z,7.9,8,7.85,7.9,488033,2250,7.93664
2017-03-24T04:00:00Z,7.95,8.075,7.9,8,675987,3192,7.9992
2017-03-27T04:00:00Z,8.05,8.05,7.8,7.9,497562,2429,7.88122
2017-03-28T04:00:00Z,7.9,8,7.85,7.95,387487,2323,7.91775
2017-03-29T04:00:00Z,7.85,7.9847,7.85,7.95,460795,1885,7.89701
2017-03-30T04:00:00Z,8,8.1,7.95,8,302915,1494,7.99429
2017-03-31T04:00:00Z,7.95,8.05,7.85,7.9,302639,1378,7.93109
2017-04-03T04:00:00Z,7.95,8.05,7.8247,7.9,292800,1267,7.89992
2017-04-04T04:00:00Z,7.85,7.9,7.75,7.75,615796,2410,7.80863
2017-04-05T04:00:00Z,7.85,7.875,7.55,7.6,807567,2648,7.65677
2017-04-06T04:00:00Z,7.7,7.85,7.675,7.85,338065,1931,7.78648
2017-04-07T04:00:00Z,7.75,7.9,7.7,7.8,366762,1441,7.82389
2017-04-10T04:00:00Z,7.8,8.15,7.8,8.1,858703,4079,8.02631
2017-04-11T04:00:00Z,8.05,8.075,7.925,8,768535,3252,7.99744
2017-04-12T04:00:00Z,7.95,8.05,7.85,7.95,380522,1639,7.92772
2017-04-13T04:00:00Z,7.9,7.9,7.725,7.8,308593,1626,7.81166
2017-04-17T04:00:00Z,7.8,7.95,7.75,7.95,350137,1934,7.87289
2017-04-18T04:00:00Z,7.9,7.95,7.85,7.95,404767,1693,7.90843
2017-04-19T04:00:00Z,8,8.05,7.85,7.95,542305,2291,7.94249
2017-04-20T04:00:00Z,7.9,8.05,7.9,8,494120,2306,7.9618
2017-04-21T04:00:00Z,8,8,7.85,7.85,400133,1628,7.90837
2017-04-24T04:00:00Z,8.1,8.15,7.95,8.1,635507,2447,8.06093
2017-04-25T04:00:00Z,8.2,8.4,8.15,8.25,1033168,4043,8.26371
2017-04-26T04:00:00Z,7.95,8.05,7.875,7.9,1253510,5100,7.97513
2017-04-27T04:00:00Z,7.85,7.9,7.8,7.8,445500,2595,7.83433
2017-04-28T04:00:00Z,7.9,7.9997,7.9,7.9,369836,2622,7.9222
2017-05-01T04:00:00Z,8,8,7.9,7.9,235557,1595,7.92862
2017-05-02T04:00:00Z,7.9,8,7.875,7.95,455529,1987,7.9345
2017-05-03T04:00:00Z,7.85,7.95,7.8,7.9,427778,2175,7.89043
2017-05-04T04:00:00Z,7.85,7.95,7.8,7.85,539489,2478,7.86481
2017-05-05T04:00:00Z,7.9,7.975,7.85,7.9,294288,1736,7.90078
2017-05-08T04:00:00Z,7.95,8,7.9,7.95,221529,1261,7.95517
2017-05-09T04:00:00Z,8.1,8.1,7.9,8,282838,1702,8.00235
2017-05-10T04:00:00Z,8,8.05,7.925,8,287029,1573,7.98723
2017-05-11T04:00:00Z,7.95,8,7.85,7.95,399958,1869,7.92696
2017-05-12T04:00:00Z,7.9,7.95,7.85,7.9,184221,880,7.89287
2017-05-15T04:00:00Z,8,8.05,7.85,7.9,270495,1303,7.9174
2017-05-16T04:00:00Z,7.85,7.934,7.8,7.8,340596,1335,7.85117
2017-05-17T04:00:00Z,7.85,8,7.85,7.85,393676,1874,7.91717
2017-05-18T04:00:00Z,7.85,7.95,7.75,7.8,389453,1387,7.80728
2017-05-19T04:00:00Z,7.85,7.9685,7.8,7.9,793549,3521,7.85953
2017-05-22T04:00:00Z,7.9,7.9,7.7,7.7,954853,3175,7.77058
2017-05-23T04:00:00Z,7.8,7.85,7.6,7.65,639028,2256,7.72468
2017-05-24T04:00:00Z,7.7,7.75,7.43,7.45,1173856,3469,7.5208
2017-05-25T04:00:00Z,7.55,7.6,7.25,7.4,875413,3829,7.41805
2017-05-26T04:00:00Z,7.55,7.6,7.4,7.4,899832,3808,7.50258
2017-05-30T04:00:00Z,7.55,7.65,7.5,7.5,656241,3228,7.55496
2017-05-31T04:00:00Z,7.5,7.675,7.45,7.6,598581,3331,7.56388
2017-06-01T04:00:00Z,7.55,7.65,7.55,7.65,547120,2573,7.61095
2017-06-02T04:00:00Z,7.65,7.7,7.55,7.55,350010,1387,7.61463
2017-06-05T04:00:00Z,7.65,7.6875,7.55,7.65,412450,2132,7.63104
2017-06-06T04:00:00Z,7.6,7.6,7.4,7.5,564028,2280,7.48772
2017-06-07T04:00:00Z,7.5,7.525,7.3,7.35,617111,2665,7.41064
2017-06-08T04:00:00Z,7.4,7.475,7.3,7.35,719085,3487,7.3636
2017-06-09T04:00:00Z,7.45,7.45,7.3,7.35,413190,1967,7.37525
2017-06-12T04:00:00Z,7.3,7.425,7.25,7.3,361643,1976,7.3274
2017-06-13T04:00:00Z,7.35,7.4,7.25,7.3,405398,1509,7.3212
2017-06-14T04:00:00Z,7.4,7.4,7.2,7.25,623706,2308,7.31458
2017-06-15T04:00:00Z,7.25,7.3,7.2,7.2,393380,1995,7.23487
2017-06-16T04:00:00Z,7.25,7.3,7.2,7.25,627608,2492,7.24914
2017-06-19T04:00:00Z,7.35,7.4925,7.3,7.4,456423,2111,7.40799
2017-06-20T04:00:00Z,7.45,7.55,7.35,7.35,485003,2021,7.4459
2017-06-21T04:00:00Z,7.35,7.35,7.25,7.25,249958,1059,7.29357
2017-06-22T04:00:00Z,7.35,7.4,7.3,7.4,229028,985,7.36624
2017-06-23T04:00:00Z,7.35,7.6,7.35,7.6,421537,1474,7.50541
2017-06-26T04:00:00Z,7.55,7.6,7.475,7.55,217668,1585,7.53334
2017-06-27T04:00:00Z,7.6,7.65,7.5,7.5,364427,1621,7.5775
2017-06-28T04:00:00Z,7.5,7.8,7.5,7.65,284148,1542,7.65644
2017-06-29T04:00:00Z,7.75,7.85,7.725,7.85,429999,2635,7.80123
2017-06-30T04:00:00Z,7.85,8,7.85,7.9,446159,2614,7.92262
2017-07-03T04:00:00Z,7.8,7.95,7.75,7.95,396909,1782,7.88358
2017-07-05T04:00:00Z,7.9,7.95,7.75,7.8,467610,3418,7.81992
2017-07-06T04:00:00Z,7.75,7.85,7.65,7.7,551382,3157,7.74197
2017-07-07T04:00:00Z,7.75,7.75,7.6,7.65,320780,1960,7.66089
2017-07-10T04:00:00Z,7.6,7.75,7.6,7.7,665671,3516,7.66523
2017-07-11T04:00:00Z,7.65,7.8,7.65,7.75,292186,1581,7.71801
2017-07-12T04:00:00Z,7.9,7.95,7.8,7.9,383468,2074,7.87841
2017-07-13T04:00:00Z,7.85,7.9,7.8,7.85,346306,1511,7.8425
2017-07-14T04:00:00Z,7.95,8,7.9,8,526765,2027,7.9476
2017-07-17T04:00:00Z,8,8.05,7.875,7.95,350985,1818,7.96541
2017-07-18T04:00:00Z,7.95,8.05,7.85,7.9,288391,1461,7.91019
2017-07-19T04:00:00Z,7.85,8,7.825,7.9,508082,2181,7.88603
2017-07-20T04:00:00Z,7.9,7.95,7.8,7.9,329953,1581,7.87121
2017-07-21T04:00:00Z,7.85,7.925,7.75,7.85,798127,3384,7.82178
2017-07-24T04:00:00Z,7.85,7.875,7.75,7.8,488979,2623,7.81226
2017-07-25T04:00:00Z,7.9,7.95,7.8,7.95,531003,1750,7.88898
2017-07-26T04:00:00Z,7.85,8,7.8,7.9,502373,1876,7.90327
2017-07-27T04:00:00Z,7.9,7.95,7.8,7.9,443052,1611,7.87477
2017-07-28T04:00:00Z,8,8.1,7.9,8.05,470486,2062,8.00248
2017-07-31T04:00:00Z,8.05,8.1,7.9,8.05,417316,1758,8.00243
2017-08-01T04:00:00Z,8.1,8.15,8.025,8.05,345437,1678,8.07296
2017-08-02T04:00:00Z,8.05,8.1,7.975,8.05,204820,979,8.02213
2017-08-03T04:00:00Z,8,8,7.85,7.85,218014,1462,7.89807
2017-08-04T04:00:00Z,7.95,8,7.8,7.85,616254,2103,7.90481
2017-08-07T04:00:00Z,7.9,7.95,7.8,7.85,366853,1791,7.90024
2017-08-08T04:00:00Z,7.85,7.925,7.7,7.75,521623,2743,7.82878
2017-08-09T04:00:00Z,7.6,7.7,7.5,7.55,420004,2027,7.59337
2017-08-10T04:00:00Z,7.55,7.6,7.4,7.45,761315,3180,7.50664
2017-08-11T04:00:00Z,7.15,7.25,7.1,7.2,1164506,3880,7.16386
2017-08-14T04:00:00Z,7.25,7.285,7.1,7.2,468278,2657,7.18682
2017-08-15T04:00:00Z,7.15,7.175,7.05,7.05,459431,2210,7.11293
2017-08-16T04:00:00Z,7.15,7.2,7.1,7.1,366858,1782,7.13464
2017-08-17T04:00:00Z,7.15,7.2,6.9,6.9,862663,4014,7.04832
2017-08-18T04:00:00Z,7.1,7.1,6.95,6.95,837468,3979,7.01992
2017-08-21T04:00:00Z,7.15,7.2,6.95,7,1020423,4391,7.05855
2017-08-22T04:00:00Z,7.15,7.2,7.1,7.15,705658,3100,7.15024
2017-08-23T04:00:00Z,7.2,7.3,7.2,7.25,424701,1742,7.26284
2017-08-24T04:00:00Z,7.4,7.5,7.375,7.45,521299,2106,7.44681
2017-08-25T04:00:00Z,7.55,7.75,7.55,7.7,246998,1223,7.66263
2017-08-28T04:00:00Z,7.8,7.85,7.65,7.7,312913,1307,7.73953
2017-08-29T04:00:00Z,7.7,7.75,7.65,7.7,307091,1193,7.6935
2017-08-30T04:00:00Z,7.65,7.65,7.5,7.55,338569,1804,7.5656
2017-08-31T04:00:00Z,7.6,7.675,7.55,7.6,459278,2127,7.6103
2017-09-01T04:00:00Z,7.65,7.7,7.55,7.55,321142,1614,7.61515
2017-09-05T04:00:00Z,7.65,7.725,7.55,7.7,448027,2203,7.65755
2017-09-06T04:00:00Z,7.7,7.85,7.7,7.8,397523,2081,7.7814
2017-09-07T04:00:00Z,7.95,8.1,7.925,8.05,810216,3851,8.01255
2017-09-08T04:00:00Z,8,8.075,7.95,8,677790,2090,8.0201
2017-09-11T04:00:00Z,8,8.1,7.9,7.95,475923,2366,8.00091
2017-09-12T04:00:00Z,8,8.1,7.9,7.95,450756,2693,7.98031
2017-09-13T04:00:00Z,8.1,8.101,7.975,8.05,535158,2395,8.03679
2017-09-14T04:00:00Z,8.05,8.1,7.95,7.95,278653,1351,8.01473
2017-09-15T04:00:00Z,8,8.1,7.95,7.95,461774,1334,7.98568
2017-09-18T04:00:00Z,7.95,8.1,7.925,7.95,671766,2473,8.00047
2017-09-19T04:00:00Z,8.05,8.125,8,8,489724,2010,8.06148
2017-09-20T04:00:00Z,8.1,8.15,8,8.1,884032,2742,8.062
2017-09-21T04:00:00Z,8.1,8.1,8.05,8.05,191116,701,8.07752
2017-09-22T04:00:00Z,8.05,8.05,7.95,7.95,490889,2543,8.0035
2017-09-25T04:00:00Z,7.95,8,7.85,7.85,315689,1396,7.91284
2017-09-26T04:00:00Z,7.85,7.85,7.7,7.7,340281,1873,7.73809
2017-09-27T04:00:00Z,7.75,7.85,7.65,7.7,467799,2491,7.73059
2017-09-28T04:00:00Z,7.85,7.975,7.825,7.95,579509,2776,7.89802
2017-09-29T04:00:00Z,8.05,8.25,8.025,8.1,963878,3768,8.11428
2017-10-02T04:00:00Z,8.05,8.125,8,8.05,618191,3487,8.02909
2017-10-03T04:00:00Z,8.05,8.1,8,8.05,2008111,6340,8.04511
2017-10-04T04:00:00Z,8.05,8.15,8.05,8.05,684907,3023,8.0878
2017-10-05T04:00:00Z,8.1,8.15,8.025,8.15,1367760,2858,8.06856
2017-10-06T04:00:00Z,8.05,8.1,7.95,8.05,584705,2730,8.02582
2017-10-09T04:00:00Z,8.05,8.1,8,8,286076,1822,8.02815
2017-10-10T04:00:00Z,8.05,8.1,8.05,8.05,313703,1272,8.07135
2017-10-11T04:00:00Z,8.15,8.2,8.1,8.15,322239,1430,8.14258
2017-10-12T04:00:00Z,8.1,8.15,8.075,8.15,285151,3460,8.1264
2017-10-13T04:00:00Z,8.15,8.45,8.15,8.25,908826,3805,8.2942
2017-10-16T04:00:00Z,8.35,8.65,8.325,8.6,636383,3389,8.54283
2017-10-17T04:00:00Z,8.6,8.6,8.5,8.5,393954,1664,8.53669
2017-10-18T04:00:00Z,8.5,8.55,8.4,8.45,264093,1821,8.47752
2017-10-19T04:00:00Z,8.45,8.6,8.4,8.52,427758,2052,8.51341
2017-10-20T04:00:00Z,8.5,8.55,8.45,8.45,164139,950,8.48117
2017-10-23T04:00:00Z,8.45,8.5,8.3,8.3,232961,1107,8.3956
2017-10-24T04:00:00Z,8.4,8.4,8.3,8.35,191889,1052,8.34304
2017-10-25T04:00:00Z,8.25,8.3,8.2,8.2,264022,1507,8.25381
2017-10-26T04:00:00Z,8.2,8.2301,8.1,8.15,163777,1018,8.15353
2017-10-27T04:00:00Z,8.15,8.3,8.1,8.2,327712,1541,8.20599
2017-10-30T04:00:00Z,8.25,8.4,8.2,8.2,475324,2426,8.26317
2017-10-31T04:00:00Z,8.35,8.45,8.2,8.35,604775,2795,8.32007
2017-11-01T04:00:00Z,8.4,8.5,8.4,8.45,189140,927,8.46883
2017-11-02T04:00:00Z,8.45,8.5,8.3,8.35,447456,2657,8.37457
2017-11-03T04:00:00Z,8.25,8.3,8.125,8.2,454051,2371,8.20254
2017-11-06T05:00:00Z,8.25,8.4,8.2,8.25,406357,2345,8.26705
2017-11-07T05:00:00Z,8.35,8.4,8.275,8.35,343895,1404,8.34073
2017-11-08T05:00:00Z,8.5,8.55,8.45,8.5,279794,1396,8.51629
2017-11-09T05:00:00Z,8.45,8.5,8.4,8.45,173903,1030,8.44632
2017-11-10T05:00:00Z,8.45,8.5,8.4,8.4,222972,1269,8.44087
2017-11-13T05:00:00Z,8.4,8.5,8.3,8.3,285548,1475,8.35833
2017-11-14T05:00:00Z,8.55,8.55,8.45,8.5,411123,2056,8.49535
2017-11-15T05:00:00Z,8.6,8.6,8.45,8.5,424237,1715,8.51165
2017-11-16T05:00:00Z,8.45,8.45,8.35,8.35,272665,1467,8.41063
2017-11-17T05:00:00Z,8.45,8.5,8.4,8.45,143701,829,8.4381
2017-11-20T05:00:00Z,8.45,8.65,8.4,8.65,549564,2037,8.54364
2017-11-21T05:00:00Z,8.7,8.85,8.7,8.85,1000228,3220,8.76783
2017-11-22T05:00:00Z,8.8,8.85,8.65,8.75,311463,1480,8.78096
2017-11-24T05:00:00Z,8.9,8.95,8.851,8.9,135807,899,8.903
2017-11-27T05:00:00Z,8.9,8.95,8.75,8.8,193668,987,8.82917
2017-11-28T05:00:00Z,8.9,8.95,8.825,8.9,523177,1904,8.88401
2017-11-29T05:00:00Z,8.8,8.8375,8.5,8.5,719995,2465,8.64898
2017-11-30T05:00:00Z,8.5,8.6,8.45,8.55,587197,2349,8.52471
2017-12-01T05:00:00Z,8.7,8.8,8.65,8.7,451885,1391,8.71791
2017-12-04T05:00:00Z,8.95,9,8.8,8.9,692490,3044,8.89034
2017-12-05T05:00:00Z,8.85,8.9,8.725,8.75,477443,2005,8.81859
2017-12-06T05:00:00Z,8.55,8.575,8.15,8.2,772466,3935,8.31297
2017-12-07T05:00:00Z,8.2,8.275,8.15,8.15,329999,2157,8.19704
2017-12-08T05:00:00Z,8.2,8.225,8.05,8.15,640177,2987,8.14935
2017-12-11T05:00:00Z,8.15,8.2,8.1,8.1,303439,1314,8.13386
2017-12-12T05:00:00Z,8.3,8.35,8.2,8.35,631658,2292,8.27287
2017-12-13T05:00:00Z,8.35,8.3925,8.15,8.15,296035,1428,8.22039
2017-12-14T05:00:00Z,8.25,8.375,8.2,8.35,1418729,2596,8.28554
2017-12-15T05:00:00Z,8.2,8.3,8.15,8.25,656517,2381,8.23422
2017-12-18T05:00:00Z,8.2,8.3,8.15,8.25,356761,1530,8.22539
2017-12-19T05:00:00Z,8.25,8.29,8.15,8.15,207120,1201,8.20216
2017-12-20T05:00:00Z,8.1,8.15,8.075,8.1,156789,984,8.10702
2017-12-21T05:00:00Z,8.3,8.5,8.15,8.35,3290806,13538,8.30904
2017-12-22T05:00:00Z,8.55,8.9,8.525,8.8,1022786,5322,8.74546
2017-12-26T05:00:00Z,8.8,8.9,8.7,8.8,282742,1622,8.79633
2017-12-27T05:00:00Z,9.15,9.2,9.025,9.15,721206,3626,9.1326
2017-12-28T05:00:00Z,9.25,9.25,9.15,9.25,589151,2859,9.21938
2017-12-29T05:00:00Z,9.2,9.275,9.15,9.25,283747,1471,9.22809
2018-01-02T05:00:00Z,9.3,9.4,9.25,9.4,607709,3294,9.33014
2018-01-03T05:00:00Z,9.5,9.5,9.3,9.35,900213,3890,9.39322
2018-01-04T05:00:00Z,9.6,9.65,9.45,9.55,1165096,4843,9.55482
2018-01-05T05:00:00Z,9.55,9.55,9.3,9.3,1386459,5706,9.40945
2018-01-08T05:00:00Z,9.35,9.35,9.1,9.1,1286910,6109,9.20015
2018-01-09T05:00:00Z,9.2,9.25,8.95,9,1028126,4433,9.04204
2018-01-10T05:00:00Z,9.05,9.1,8.9,8.9,640700,2792,8.94754
2018-01-11T05:00:00Z,8.9,9.025,8.9,8.95,781538,2514,8.97129
2018-01-12T05:00:00Z,9,9.05,8.85,8.95,581136,2604,8.95919
2018-01-16T05:00:00Z,9,9.05,8.875,8.9,893362,3235,8.97348
2018-01-17T05:00:00Z,9.05,9.075,8.95,9,845817,2428,8.99729
2018-01-18T05:00:00Z,9,9.075,8.9,8.9,951243,3215,8.96808
2018-01-19T05:00:00Z,8.9,9.025,8.825,8.9,1185611,3527,8.91184
2018-01-22T05:00:00Z,8.85,8.95,8.85,8.9,686164,1764,8.92007
2018-01-23T05:00:00Z,8.95,9,8.85,8.95,539668,2038,8.90185
2018-01-24T05:00:00Z,9,9.1,8.8,8.8,1244594,4156,8.96195
2018-01-25T05:00:00Z,9.1,9.15,8.925,9.1,1488439,5107,9.06209
2018-01-26T05:00:00Z,8.95,9.05,8.93,9.05,1074146,2727,9.01677
2018-01-29T05:00:00Z,8.9,8.95,8.8,8.8,925057,3587,8.83319
2018-01-30T05:00:00Z,8.8,8.85,8.7,8.8,534291,2099,8.78142
2018-01-31T05:00:00Z,8.75,8.75,8.3,8.4,872871,3064,8.48933
2018-02-01T05:00:00Z,8.55,8.675,8.375,8.45,1424069,4039,8.48371
2018-02-02T05:00:00Z,8.5,8.55,8.2,8.25,562476,3098,8.31069
2018-02-05T05:00:00Z,8.1,8.25,7.9,7.95,469322,2240,8.04878
2018-02-06T05:00:00Z,7.9,8.15,7.85,8.1,365705,1776,8.03607
2018-02-07T05:00:00Z,8.15,8.25,8,8.05,508905,2195,8.09579
2018-02-08T05:00:00Z,8,8.05,7.6,7.65,810195,3537,7.81307
2018-02-09T05:00:00Z,7.8,7.9,7.5,7.75,528655,2586,7.72094
2018-02-12T05:00:00Z,8.25,8.4,8.15,8.35,585904,3081,8.28186
2018-02-13T05:00:00Z,8.3,8.3,8.05,8.15,345931,1714,8.16117
2018-02-14T05:00:00Z,8.15,8.3,8.1,8.3,313667,1641,8.21666
2018-02-15T05:00:00Z,8.35,8.4,8.25,8.35,304300,1537,8.33809
2018-02-16T05:00:00Z,8.3,8.475,8.25,8.35,406335,1943,8.36365
2018-02-20T05:00:00Z,8.4,8.475,8.2,8.3,583035,3155,8.36318
2018-02-21T05:00:00Z,8.35,8.5,8.3,8.35,701240,1581,8.36931
2018-02-22T05:00:00Z,8.35,8.55,8.35,8.45,506832,1401,8.43721
2018-02-23T05:00:00Z,8.45,8.525,8.35,8.45,162696,1021,8.42386
2018-02-26T05:00:00Z,8.45,8.45,8.325,8.45,234485,1175,8.38784
2018-02-27T05:00:00Z,8.4,8.45,8.25,8.25,203185,1249,8.32375
2018-02-28T05:00:00Z,8.2,8.3,7.925,7.95,497106,2341,8.05041
2018-03-01T05:00:00Z,8,8.15,7.85,8.1,766589,2863,8.01867
2018-03-02T05:00:00Z,8.2,8.35,8.15,8.3,312877,1479,8.25205
2018-03-05T05:00:00Z,8.3,8.45,8.275,8.4,293943,1739,8.35237
2018-03-06T05:00:00Z,8.75,8.8,8.55,8.65,501143,2651,8.6694
2018-03-07T05:00:00Z,8.6,8.7,8.5,8.6,273908,1647,8.57843
2018-03-08T05:00:00Z,8.55,8.6,8.35,8.5,266474,1517,8.46152
2018-03-09T05:00:00Z,8.55,8.6,8.4,8.5,291653,1817,8.52035
2018-03-12T04:00:00Z,8.5,8.7,8.5,8.65,343767,1741,8.60535
2018-03-13T04:00:00Z,8.7,8.8,8.65,8.75,266972,1460,8.73288
2018-03-14T04:00:00Z,8.65,8.65,8.5,8.55,268342,1505,8.56811
2018-03-15T04:00:00Z,8.55,8.575,8.35,8.4,239480,1244,8.45213
2018-03-16T04:00:00Z,8.3,8.55,8.3,8.55,150871,816,8.48297
2018-03-19T04:00:00Z,8.4,8.45,8.3,8.35,173562,1015,8.36749
2018-03-20T04:00:00Z,8.3,8.475,8.3,8.4,319726,2352,8.41187
2018-03-21T04:00:00Z,8.45,8.6375,8.4,8.6,327365,1614,8.53748
2018-03-22T04:00:00Z,8.45,8.475,8.3,8.35,188602,1086,8.3907
2018-03-23T04:00:00Z,8.45,8.55,8.35,8.35,241912,1365,8.42996
2018-03-26T04:00:00Z,8.4,8.5,8.325,8.45,387337,2395,8.40734
2018-03-27T04:00:00Z,8.45,8.45,8.3,8.35,415161,2097,8.361
2018-03-28T04:00:00Z,8.35,8.35,8.25,8.3,488768,2666,8.29488
2018-03-29T04:00:00Z,8.3,8.3345,8.2,8.2,266460,1484,8.26084
2018-04-02T04:00:00Z,8.2,8.25,8,8.05,385187,2687,8.09544
2018-04-03T04:00:00Z,8.25,8.3,8.1,8.25,386416,1704,8.22231
2018-04-04T04:00:00Z,8.15,8.325,8.15,8.25,469945,2249,8.24352
2018-04-05T04:00:00Z,8.3,8.4,8.3,8.4,313906,1431,8.36688
2018-04-06T04:00:00Z,8.3,8.35,8.2,8.25,545115,2044,8.25394
2018-04-09T04:00:00Z,8.25,8.35,8.2,8.3,235562,1376,8.29351
2018-04-10T04:00:00Z,8.35,8.6,8.35,8.5,362189,1722,8.52328
2018-04-11T04:00:00Z,8.55,8.85,8.55,8.7,451811,2098,8.73068
2018-04-12T04:00:00Z,8.8,8.8,8.55,8.6,360688,1620,8.69256
2018-04-13T04:00:00Z,8.55,8.65,8.5,8.6,185758,973,8.59989
2018-04-16T04:00:00Z,8.7,8.8,8.625,8.8,178719,830,8.71003
2018-04-17T04:00:00Z,8.7,8.75,8.65,8.7,142268,820,8.69816
2018-04-18T04:00:00Z,8.75,8.9,8.75,8.8,326603,2305,8.80896
2018-04-19T04:00:00Z,8.85,8.9,8.7,8.75,289451,1790,8.7781
2018-04-20T04:00:00Z,8.9,9,8.85,8.95,558148,2804,8.92053
2018-04-23T04:00:00Z,8.95,9.05,8.85,9.05,299096,993,8.97064
2018-04-24T04:00:00Z,8.95,8.975,8.7,8.85,436341,2572,8.85381
2018-04-25T04:00:00Z,8.45,8.5,8.25,8.35,770738,3645,8.3599
2018-04-26T04:00:00Z,8.55,8.6011,8.4,8.5,558104,3048,8.50509
2018-04-27T04:00:00Z,8.3,8.35,8.1,8.2,787644,2896,8.1885
2018-04-30T04:00:00Z,8.1,8.2,8.1,8.15,397117,2326,8.15688
2018-05-01T04:00:00Z,8.1,8.2,8.05,8.15,223012,1371,8.10853
2018-05-02T04:00:00Z,8.15,8.35,8.1,8.25,301296,1889,8.23802
2018-05-03T04:00:00Z,8.2,8.25,8.1,8.15,223562,1242,8.15293
2018-05-04T04:00:00Z,8.1,8.25,8.05,8.1,154329,888,8.14049
2018-05-07T04:00:00Z,8.15,8.25,8.1,8.15,335243,1401,8.18037
2018-05-08T04:00:00Z,8.2,8.3,8.15,8.25,266828,1274,8.21655
2018-05-09T04:00:00Z,8.25,8.45,8.25,8.4,169001,922,8.3741
2018-05-10T04:00:00Z,8.35,8.5,8.35,8.45,167425,1002,8.43609
2018-05-11T04:00:00Z,8.45,8.55,8.4,8.45,170532,1108,8.47735
2018-05-14T04:00:00Z,8.45,8.5,8.4,8.4,122976,859,8.43611
2018-05-15T04:00:00Z,8.4,8.45,8.25,8.3,134438,779,8.35583
2018-05-16T04:00:00Z,8.35,8.4,8.3,8.35,219109,1594,8.34922
2018-05-17T04:00:00Z,8.35,8.45,8.175,8.25,263889,1884,8.29531
2018-05-18T04:00:00Z,8.2,8.35,8.15,8.25,348643,2675,8.23563
2018-05-21T04:00:00Z,8.3,8.5,8.25,8.45,259745,1398,8.37035
2018-05-22T04:00:00Z,8.5,8.7,8.5,8.55,169798,897,8.57259
2018-05-23T04:00:00Z,8.65,8.8,8.6,8.6,267188,1713,8.66628
2018-05-24T04:00:00Z,8.65,8.75,8.6,8.65,210533,1551,8.64884
2018-05-25T04:00:00Z,8.6,8.65,8.55,8.65,189294,1404,8.61669
2018-05-29T04:00:00Z,8.7,8.8,8.65,8.8,140966,847,8.73897
2018-05-30T04:00:00Z,8.9,9.3,8.9,9.25,333894,1682,9.13478
2018-05-31T04:00:00Z,9.25,9.55,9.1,9.45,807506,4149,9.3177
2018-06-01T04:00:00Z,9.45,9.45,9.25,9.3,446565,1983,9.34759
2018-06-04T04:00:00Z,9.4,9.5,9.25,9.3,216209,1397,9.33054
2018-06-05T04:00:00Z,9.3,9.5,9.3,9.4,451343,3081,9.37142
2018-06-06T04:00:00Z,9.5,9.55,9.15,9.25,588044,2862,9.31417
2018-06-07T04:00:00Z,9.5,9.65,9.4,9.5,698219,3931,9.51128
2018-06-08T04:00:00Z,9.5,9.55,9.25,9.35,861394,4688,9.36944
2018-06-11T04:00:00Z,9.55,9.6,9.05,9.1,2818911,8845,9.23295
2018-06-12T04:00:00Z,9.1,9.35,9.1,9.15,663631,2918,9.21498
2018-06-13T04:00:00Z,9.2,9.25,9.1,9.2,1241741,4760,9.1945
2018-06-14T04:00:00Z,9.25,9.275,8.95,9.05,1219026,6035,9.07354
2018-06-15T04:00:00Z,8.9,9,8.7,8.75,973357,3370,8.81938
2018-06-18T04:00:00Z,9.05,9.55,9.05,9.25,1309025,5651,9.35358
2018-06-19T04:00:00Z,9.1,9.5,9.1,9.5,1081466,5048,9.35815
2018-06-20T04:00:00Z,9.4,9.75,9.4,9.7,883614,4470,9.61424
2018-06-21T04:00:00Z,9.7,9.85,9.6,9.8,734503,3187,9.75577
2018-06-22T04:00:00Z,9.85,10.1,9.75,9.75,964475,3287,9.89105
2018-06-25T04:00:00Z,9.65,9.775,9.5,9.6,309674,1738,9.61599
2018-06-26T04:00:00Z,9.55,9.55,9.375,9.4,418271,1866,9.44297
2018-06-27T04:00:00Z,9.5,9.625,9.35,9.4,372198,2046,9.48676
2018-06-28T04:00:00Z,9.25,9.275,9.1,9.15,564786,2064,9.20064
2018-06-29T04:00:00Z,9.25,9.3,9.1,9.2,460821,1409,9.18776
2018-07-02T04:00:00Z,9.15,9.2,8.975,9.1,712873,3107,9.09844
2018-07-03T04:00:00Z,9,9.15,8.95,9,539459,2098,9.06324
2018-07-05T04:00:00Z,9.1,9.1,8.9,8.95,430702,2202,8.98661
2018-07-06T04:00:00Z,8.95,9.05,8.9,8.95,466304,3082,8.96917
2018-07-09T04:00:00Z,9.05,9.075,8.95,9,701799,3806,9.0109
2018-07-10T04:00:00Z,9.1,9.3,9.05,9.25,536207,1930,9.18236
2018-07-11T04:00:00Z,9.2,9.25,9.05,9.1,426390,1581,9.13846
2018-07-12T04:00:00Z,9.05,9.05,8.85,8.9,1659164,2561,8.9542
2018-07-13T04:00:00Z,8.85,8.85,8.7,8.7,378943,1258,8.76053
2018-07-16T04:00:00Z,8.9,8.9,8.625,8.7,1105248,2673,8.73929
2018-07-17T04:00:00Z,8.6,8.6,8.35,8.5,1714016,5088,8.46172
2018-07-18T04:00:00Z,8.5,8.65,8.45,8.6,1349335,2741,8.51551
2018-07-19T04:00:00Z,8.55,8.7,8.5,8.55,1535731,3332,8.61892
2018-07-20T04:00:00Z,8.55,8.55,8.4,8.45,677730,2399,8.48118
2018-07-23T04:00:00Z,8.5,8.55,8.4,8.45,1232393,1893,8.46586
2018-07-24T04:00:00Z,8.55,8.65,8.45,8.5,1997351,4134,8.51442
2018-07-25T04:00:00Z,8.5,8.575,8.35,8.5,620333,2225,8.48155
2018-07-26T04:00:00Z,8.5,8.65,8.45,8.5,1430361,4143,8.52489
2018-07-27T04:00:00Z,8.55,8.625,8.45,8.45,1292968,3833,8.52019
2018-07-30T04:00:00Z,8.45,8.525,8.4,8.45,716907,2559,8.4777
2018-07-31T04:00:00Z,8.45,8.525,8.4,8.45,604255,2419,8.46326
2018-08-01T04:00:00Z,8.5,8.6,8.45,8.5,1296058,3478,8.5153
2018-08-02T04:00:00Z,8.5,8.55,8.45,8.5,445175,1912,8.50896
2018-08-03T04:00:00Z,8.45,8.5,8.3,8.4,773522,2611,8.4057
2018-08-06T04:00:00Z,8.4,8.475,8.325,8.4,577717,1564,8.37864
2018-08-07T04:00:00Z,8.45,8.5,8.4,8.5,498648,1647,8.47574
2018-08-08T04:00:00Z,8.5,8.5,8.45,8.5,391280,1729,8.4811
2018-08-09T04:00:00Z,8.8,8.85,8.45,8.5,1077870,4047,8.56592
2018-08-10T04:00:00Z,8.1,8.45,8.1,8.35,474005,2122,8.32247
2018-08-13T04:00:00Z,8.2,8.3,8,8.05,522009,2777,8.10742
2018-08-14T04:00:00Z,8.1,8.15,8,8.05,498069,2283,8.07367
2018-08-15T04:00:00Z,7.75,7.85,7.625,7.75,1019650,4928,7.74788
2018-08-16T04:00:00Z,7.75,7.825,7.7,7.8,614282,3280,7.76017
2018-08-17T04:00:00Z,7.85,8.15,7.8,8,885473,3626,8.03534
2018-08-20T04:00:00Z,8.05,8.3,8.0363,8.25,613839,3172,8.19941
2018-08-21T04:00:00Z,8.35,8.5,8.275,8.4,1011028,3773,8.38147
2018-08-22T04:00:00Z,8.6,8.65,8.4,8.45,754658,3199,8.5122
2018-08-23T04:00:00Z,8.5,8.55,8.45,8.5,414432,1684,8.49046
2018-08-24T04:00:00Z,8.55,8.575,8.425,8.5,516557,1971,8.50194
2018-08-27T04:00:00Z,8.55,8.75,8.525,8.65,393924,2182,8.64399
2018-08-28T04:00:00Z,8.6,8.75,8.5,8.6,480927,2127,8.63643
2018-08-29T04:00:00Z,8.6,8.65,8.55,8.6,297321,1569,8.61482
2018-08-30T04:00:00Z,8.65,8.85,8.6,8.75,513740,2858,8.74899
2018-08-31T04:00:00Z,8.75,8.75,8.6,8.7,649640,3283,8.65615
2018-09-04T04:00:00Z,8.55,8.6,8.35,8.4,490507,2648,8.42042
2018-09-05T04:00:00Z,8.3,8.35,8.175,8.25,443303,3129,8.25225
2018-09-06T04:00:00Z,8.2,8.3,8.15,8.15,377896,2344,8.19261
2018-09-07T04:00:00Z,8.1,8.2,8.05,8.1,567780,2537,8.13226
2018-09-10T04:00:00Z,8.2,8.3,8.2,8.25,173736,1139,8.25637
2018-09-11T04:00:00Z,8.2,8.4,8.15,8.35,283993,1542,8.30989
2018-09-12T04:00:00Z,8.3,8.399,8.25,8.25,342033,1947,8.2989
2018-09-13T04:00:00Z,8.25,8.3,8.2,8.2,186314,1114,8.23032
2018-09-14T04:00:00Z,8.25,8.3,8.15,8.2,401054,2044,8.2395
2018-09-17T04:00:00Z,8.25,8.3,8.05,8.1,241846,1974,8.1709
2018-09-18T04:00:00Z,8.25,8.375,8.25,8.35,534414,2978,8.30378
2018-09-19T04:00:00Z,8.45,8.5,8.35,8.4,271561,1567,8.42296
2018-09-20T04:00:00Z,8.6,8.65,8.475,8.5,432604,2458,8.55209
2018-09-21T04:00:00Z,8.55,8.7,8.55,8.65,308719,1966,8.64123
2018-09-24T04:00:00Z,8.75,8.9,8.7,8.7,267744,1712,8.76846
2018-09-25T04:00:00Z,8.8,8.9,8.8,8.9,415087,2181,8.83648
2018-09-26T04:00:00Z,8.85,8.85,8.55,8.6,317273,1626,8.65598
2018-09-27T04:00:00Z,8.8,8.8,8.55,8.6,689636,3533,8.65751
2018-09-28T04:00:00Z,8.6,8.75,8.5,8.7,496276,3470,8.66069
2018-10-01T04:00:00Z,8.91,9.1,8.91,9.07,1074436,6063,9.02974
2018-10-02T04:00:00Z,8.92,9.11,8.92,9.02,799882,4887,9.03612
2018-10-03T04:00:00Z,9.05,9.2,9.04,9.14,526897,3954,9.11713
2018-10-04T04:00:00Z,9.11,9.24,9.09,9.23,813966,5401,9.15907
2018-10-05T04:00:00Z,9.16,9.23,9.13,9.18,419189,2673,9.17537
2018-10-08T04:00:00Z,9.04,9.125,8.99,9.09,350588,2526,9.0714
2018-10-09T04:00:00Z,9.11,9.35,9.07,9.31,651934,4939,9.26788
2018-10-10T04:00:00Z,9.2,9.26,9.02,9.04,1580202,9395,9.14678
2018-10-11T04:00:00Z,8.68,8.995,8.66,8.91,1963878,9380,8.87701
2018-10-12T04:00:00Z,8.94,9.11,8.91,8.99,477045,2814,9.01221
2018-10-15T04:00:00Z,9.05,9.1075,9,9.09,253565,1867,9.06255
2018-10-16T04:00:00Z,9.1,9.36,9.09,9.27,497887,3515,9.26849
2018-10-17T04:00:00Z,9.29,9.29,9.11,9.17,643604,2875,9.18065
2018-10-18T04:00:00Z,9.09,9.15,9,9.01,352389,2294,9.04967
2018-10-19T04:00:00Z,9.1,9.14,8.96,9,540507,3152,9.04319
2018-10-22T04:00:00Z,8.94,9.01,8.89,9.01,545133,3066,8.95933
2018-10-23T04:00:00Z,8.67,8.805,8.62,8.77,881649,4662,8.71068
2018-10-24T04:00:00Z,8.66,8.765,8.53,8.53,808531,4652,8.68299
2018-10-25T04:00:00Z,8.72,8.77,8.62,8.69,747782,3460,8.69569
2018-10-26T04:00:00Z,8.67,8.97,8.64,8.95,964096,5646,8.83354
2018-10-29T04:00:00Z,9.14,9.38,9.05,9.14,1358515,8536,9.23128
2018-10-30T04:00:00Z,9.06,9.23,8.955,9.08,1119694,7236,9.08797
2018-10-31T04:00:00Z,9.22,9.38,9.11,9.2,2309665,5756,9.23562
2018-11-01T04:00:00Z,9.35,9.4,9.23,9.35,1139794,5840,9.32208
2018-11-02T04:00:00Z,9.4,9.59,9.385,9.53,1266607,7448,9.47281
2018-11-05T05:00:00Z,9.4,9.44,9.11,9.3,1593641,5507,9.28518
2018-11-06T05:00:00Z,9.21,9.35,9.2,9.35,650550,3470,9.28888
2018-11-07T05:00:00Z,9.37,9.41,9.24,9.33,620532,2799,9.30441
2018-11-08T05:00:00Z,9.09,9.11,9,9.05,770953,3921,9.05102
2018-11-09T05:00:00Z,8.93,8.97,8.84,8.89,429117,2603,8.89553
2018-11-12T05:00:00Z,8.78,8.79,8.47,8.48,837935,4145,8.58075
2018-11-13T05:00:00Z,8.53,8.56,8.19,8.2,672495,3871,8.35237
2018-11-14T05:00:00Z,8.36,8.45,8.25,8.33,585983,2480,8.31367
2018-11-15T05:00:00Z,8.37,8.57,8.35,8.56,359544,2133,8.51043
2018-11-16T05:00:00Z,8.51,8.73,8.51,8.71,589509,3394,8.64397
2018-11-19T05:00:00Z,8.55,8.57,8.32,8.42,1078098,3108,8.42429
2018-11-20T05:00:00Z,8.22,8.23,8.03,8.13,686081,2510,8.12626
2018-11-21T05:00:00Z,8.25,8.43,8.25,8.42,409931,1996,8.39133
2018-11-23T05:00:00Z,8.05,8.21,8.04,8.19,343175,1834,8.14667
2018-11-26T05:00:00Z,8.25,8.42,8.25,8.36,423074,2700,8.36004
2018-11-27T05:00:00Z,8.87,9.05,8.81,9.02,700625,3498,8.96673
2018-11-28T05:00:00Z,9,9.225,8.98,9.14,644771,3947,9.11857
2018-11-29T05:00:00Z,9.25,9.32,9.17,9.2,413693,2828,9.22218
2018-11-30T05:00:00Z,8.8,8.84,8.715,8.76,480637,2607,8.76617
2018-12-03T05:00:00Z,8.89,8.95,8.83,8.93,418551,2731,8.91449
2018-12-04T05:00:00Z,8.89,8.9,8.63,8.63,274559,1740,8.75075
2018-12-06T05:00:00Z,8.35,8.39,8.125,8.26,512003,3246,8.22269
2018-12-07T05:00:00Z,8.48,8.61,8.43,8.43,397668,2599,8.49266
2018-12-10T05:00:00Z,8.18,8.26,8.045,8.12,396557,2198,8.13492
2018-12-11T05:00:00Z,8.32,8.35,8.24,8.27,295519,1755,8.29273
2018-12-12T05:00:00Z,8.45,8.55,8.43,8.45,194130,1251,8.48707
2018-12-13T05:00:00Z,8.35,8.41,8.26,8.26,275566,1866,8.3099
2018-12-14T05:00:00Z,8.12,8.185,7.96,7.98,466754,2160,8.06066
2018-12-17T05:00:00Z,7.93,7.975,7.63,7.68,442203,2740,7.78528
2018-12-18T05:00:00Z,7.66,7.68,7.44,7.45,420576,2378,7.54246
2018-12-19T05:00:00Z,7.4,7.59,7.26,7.29,648530,3322,7.40398
2018-12-20T05:00:00Z,7.3,7.34,7,7.03,651776,3610,7.13102
2018-12-21T05:00:00Z,7.16,7.27,7.03,7.04,628417,3324,7.13802
2018-12-24T05:00:00Z,7.03,7.03,6.94,6.99,185583,1189,6.98552
2018-12-26T05:00:00Z,7.03,7.25,6.86,7.25,376329,2269,7.06755
2018-12-27T05:00:00Z,6.99,7.03,6.77,6.96,486951,2501,6.9184
2018-12-28T05:00:00Z,7.13,7.14,6.97,7,328316,2014,7.0382
2018-12-31T05:00:00Z,7.08,7.08,6.905,6.93,430157,2229,6.95324
2019-01-02T05:00:00Z,7,7.33,6.94,7.21,598357,3017,7.19001
2019-01-03T05:00:00Z,7.31,7.39,7.26,7.28,238695,1340,7.29952
2019-01-04T05:00:00Z,7.4,7.56,7.34,7.47,268257,1443,7.46696
2019-01-07T05:00:00Z,7.54,7.665,7.515,7.58,390141,2389,7.57517
2019-01-08T05:00:00Z,7.75,7.79,7.645,7.65,378500,2063,7.69774
2019-01-09T05:00:00Z,7.91,7.94,7.71,7.83,417056,2288,7.82711
2019-01-10T05:00:00Z,7.78,7.82,7.67,7.72,217337,1658,7.73402
2019-01-11T05:00:00Z,7.65,7.68,7.57,7.67,199855,1325,7.63132
2019-01-14T05:00:00Z,7.52,7.65,7.51,7.6,117099,744,7.59199
2019-01-15T05:00:00Z,7.7,7.77,7.67,7.75,134587,987,7.72591
2019-01-16T05:00:00Z,7.68,7.74,7.62,7.7,221415,1553,7.68434
2019-01-17T05:00:00Z,7.59,7.78,7.59,7.71,140432,1056,7.70366
2019-01-18T05:00:00Z,7.72,7.83,7.665,7.78,411043,2600,7.75847
2019-01-22T05:00:00Z,7.67,7.69,7.44,7.47,303634,1792,7.54525
2019-01-23T05:00:00Z,7.73,7.84,7.71,7.82,523308,2624,7.7912
2019-01-24T05:00:00Z,7.71,7.77,7.42,7.46,455652,2408,7.51777
2019-01-25T05:00:00Z,7.59,7.66,7.51,7.53,459476,2592,7.56047
2019-01-28T05:00:00Z,7.53,7.68,7.53,7.65,317716,1958,7.61894
2019-01-29T05:00:00Z,7.74,7.78,7.6,7.63,218642,1615,7.6661
2019-01-30T05:00:00Z,7.8,7.81,7.64,7.74,337696,2322,7.72891
2019-01-31T05:00:00Z,7.87,7.89,7.74,7.78,239984,1229,7.80437
2019-02-01T05:00:00Z,7.72,7.79,7.69,7.73,366543,1417,7.73034
2019-02-04T05:00:00Z,7.78,7.82,7.74,7.81,277630,1755,7.79293
2019-02-05T05:00:00Z,7.95,8.07,7.91,7.92,405869,2351,7.96508
2019-02-06T05:00:00Z,8,8.04,7.88,7.9,356710,2079,7.94953
2019-02-07T05:00:00Z,7.72,7.75,7.59,7.67,335681,2055,7.67849
2019-02-08T05:00:00Z,7.65,7.68,7.58,7.64,211467,1305,7.62363
2019-02-11T05:00:00Z,7.6,7.68,7.59,7.64,235403,1973,7.62792
2019-02-12T05:00:00Z,7.94,7.96,7.82,7.92,426036,2312,7.88474
2019-02-13T05:00:00Z,7.88,7.95,7.86,7.88,287402,1614,7.9058
2019-02-14T05:00:00Z,7.91,7.99,7.9,7.98,284210,1717,7.95656
2019-02-15T05:00:00Z,8.04,8.1,7.98,8.07,440862,2461,8.0549
2019-02-19T05:00:00Z,7.93,8.07,7.93,8.02,371225,2292,8.00607
2019-02-20T05:00:00Z,8.04,8.04,7.92,7.93,386188,2467,7.96442
2019-02-21T05:00:00Z,7.95,7.96,7.86,7.91,293829,1719,7.90215
2019-02-22T05:00:00Z,8.1,8.1,7.92,7.93,351396,2044,7.97205
2019-02-25T05:00:00Z,7.95,8.01,7.83,7.93,615004,2476,7.90297
2019-02-26T05:00:00Z,7.95,7.975,7.8,7.81,501107,3264,7.86855
2019-02-27T05:00:00Z,7.87,7.94,7.81,7.93,1048035,3504,7.85778
2019-02-28T05:00:00Z,7.95,7.9604,7.82,7.83,782366,3021,7.86754
2019-03-01T05:00:00Z,8.06,8.09,7.93,8,516166,3227,8.01173
2019-03-04T05:00:00Z,8.14,8.17,8.095,8.14,365495,2512,8.13166
2019-03-05T05:00:00Z,8.18,8.18,8.12,8.15,552181,1536,8.15368
2019-03-06T05:00:00Z,8.14,8.165,8.01,8.01,306495,1963,8.0778
2019-03-07T05:00:00Z,7.84,7.91,7.76,7.89,485369,3114,7.85125
2019-03-08T05:00:00Z,7.8,7.85,7.761,7.82,355078,1997,7.82316
2019-03-11T04:00:00Z,7.79,7.9,7.79,7.87,407566,2452,7.85918
2019-03-12T04:00:00Z,7.88,8.03,7.88,7.98,374194,2035,7.96743
2019-03-13T04:00:00Z,7.97,8.06,7.92,8.01,470286,2976,7.99708
2019-03-14T04:00:00Z,7.92,8.01,7.91,7.98,549497,2905,7.96369
2019-03-15T04:00:00Z,7.96,8.04,7.95,8.03,521532,2447,8.01133
2019-03-18T04:00:00Z,8.1,8.28,8.1,8.23,388980,2289,8.22035
2019-03-19T04:00:00Z,8.24,8.25,8.09,8.13,271405,1571,8.1565
2019-03-20T04:00:00Z,8.11,8.215,8.07,8.17,132396,875,8.1374
2019-03-21T04:00:00Z,8.31,8.37,8.275,8.35,417379,2632,8.33891
2019-03-22T04:00:00Z,8.2,8.22,8.08,8.1,533227,3126,8.14185
2019-03-25T04:00:00Z,8,8.065,7.96,8.03,508211,2394,8.00879
2019-03-26T04:00:00Z,8.01,8.085,7.93,7.94,532374,2350,7.99489
2019-03-27T04:00:00Z,8,8.01,7.89,7.99,382743,2047,7.95328
2019-03-28T04:00:00Z,7.93,8.02,7.93,7.99,399518,2109,7.9878
2019-03-29T04:00:00Z,8.12,8.19,8.09,8.15,430081,1738,8.13911
2019-04-01T04:00:00Z,8.34,8.44,8.305,8.42,552595,2492,8.39855
2019-04-02T04:00:00Z,8.4,8.42,8.33,8.37,401824,1705,8.38251
2019-04-03T04:00:00Z,8.46,8.49,8.3,8.34,293375,1546,8.37316
2019-04-04T04:00:00Z,8.27,8.32,8.24,8.24,193316,1154,8.26651
2019-04-05T04:00:00Z,8.39,8.42,8.33,8.41,441312,1579,8.37961
2019-04-08T04:00:00Z,8.56,8.8,8.56,8.77,959186,5000,8.69461
2019-04-09T04:00:00Z,8.78,8.91,8.74,8.89,784531,4535,8.85148
2019-04-10T04:00:00Z,8.89,9.22,8.88,9.16,748700,2941,9.10152
2019-04-11T04:00:00Z,9.1,9.32,9.01,9.3,758853,3952,9.19607
2019-04-12T04:00:00Z,9.35,9.42,9.29,9.36,550774,1870,9.35919
2019-04-15T04:00:00Z,9.32,9.46,9.3,9.42,545894,2154,9.39525
2019-04-16T04:00:00Z,9.32,9.43,9.31,9.38,481400,1885,9.381
2019-04-17T04:00:00Z,9.48,9.56,9.46,9.53,838614,3224,9.50783
2019-04-18T04:00:00Z,9.47,9.53,9.46,9.51,365177,1982,9.5018
2019-04-22T04:00:00Z,9.55,9.85,9.48,9.71,661861,3813,9.72988
2019-04-23T04:00:00Z,9.55,9.64,9.52,9.56,388019,2232,9.5682
2019-04-24T04:00:00Z,9.54,9.54,9.41,9.43,474920,2803,9.45585
2019-04-25T04:00:00Z,9.43,9.48,9.23,9.43,501287,2995,9.40092
2019-04-26T04:00:00Z,9.4,9.4,9.26,9.35,412992,2236,9.33127
2019-04-29T04:00:00Z,9.28,9.48,9.28,9.45,425621,2628,9.4132
2019-04-30T04:00:00Z,9.5,9.55,9.365,9.38,472198,2691,9.43465
2019-05-01T04:00:00Z,9.48,9.5,9.345,9.35,289637,1536,9.40384
2019-05-02T04:00:00Z,9.52,9.61,9.49,9.52,301774,1858,9.55026
2019-05-03T04:00:00Z,9.69,9.8,9.69,9.71,390621,1853,9.72829
2019-05-06T04:00:00Z,9.69,9.71,9.59,9.68,302332,2220,9.64876
2019-05-07T04:00:00Z,9.46,9.58,9.43,9.45,313930,1719,9.48344
2019-05-08T04:00:00Z,9.51,9.53,9.42,9.43,267267,1538,9.48423
2019-05-09T04:00:00Z,9.37,9.47,9.35,9.41,289560,1661,9.41824
2019-05-10T04:00:00Z,9.56,9.56,9.4,9.5,439168,2416,9.4628
2019-05-13T04:00:00Z,9.39,9.4,9.235,9.26,351974,2342,9.29854
2019-05-14T04:00:00Z,9.49,9.65,9.47,9.64,479772,3020,9.59546
2019-05-15T04:00:00Z,9.8,10.14,9.78,10.08,766916,4250,10.0272
2019-05-16T04:00:00Z,10.04,10.215,10.04,10.09,651916,3684,10.1267
2019-05-17T04:00:00Z,10.07,10.08,9.89,9.9,228059,1754,9.97807
2019-05-20T04:00:00Z,9.76,9.9,9.7347,9.83,258206,1780,9.82615
2019-05-21T04:00:00Z,9.86,9.9,9.785,9.8,261705,1918,9.83403
2019-05-22T04:00:00Z,9.72,9.7501,9.55,9.61,424372,2687,9.6225
2019-05-23T04:00:00Z,9.41,9.41,9.17,9.18,629156,3943,9.25615
2019-05-24T04:00:00Z,9.1,9.16,9.05,9.1,686264,4693,9.09146
2019-05-28T04:00:00Z,8.88,9,8.87,8.88,488831,2617,8.92335
2019-05-29T04:00:00Z,8.64,8.81,8.6,8.79,571940,3051,8.71659
2019-05-30T04:00:00Z,8.61,8.68,8.56,8.64,332758,1895,8.63058
2019-05-31T04:00:00Z,8.46,8.5,8.37,8.4,458549,2646,8.44146
2019-06-03T04:00:00Z,8.31,8.41,8.29,8.34,445950,2715,8.35543
2019-06-04T04:00:00Z,8.38,8.45,8.33,8.41,614104,3062,8.38459
2019-06-05T04:00:00Z,8.39,8.43,8.27,8.3,245885,1834,8.32088
2019-06-06T04:00:00Z,8.52,8.63,8.48,8.5,400228,2230,8.52659
2019-06-07T04:00:00Z,8.61,8.665,8.535,8.55,541504,2809,8.59245
2019-06-10T04:00:00Z,8.62,8.63,8.5,8.51,350184,1810,8.54987
2019-06-11T04:00:00Z,8.65,8.7,8.56,8.58,382518,1785,8.61706
2019-06-12T04:00:00Z,8.4,8.42,8.21,8.23,327942,2293,8.28168
2019-06-13T04:00:00Z,8.52,8.6,8.5,8.52,358897,1749,8.54361
2019-06-14T04:00:00Z,8.48,8.48,8.315,8.33,327313,2426,8.36326
2019-06-17T04:00:00Z,8.29,8.37,8.25,8.35,179632,1089,8.33146
2019-06-18T04:00:00Z,8.35,8.49,8.35,8.39,504019,1893,8.40658
2019-06-19T04:00:00Z,8.34,8.47,8.33,8.4,497204,2421,8.4166
2019-06-20T04:00:00Z,8.79,8.99,8.78,8.92,601176,4103,8.89871
2019-06-21T04:00:00Z,8.99,9.015,8.895,8.99,519630,3400,8.97828
2019-06-24T04:00:00Z,9,9.03,8.89,8.9,519084,3463,8.93899
2019-06-25T04:00:00Z,9.05,9.05,8.9,8.9,532709,3142,8.93994
2019-06-26T04:00:00Z,9,9.11,8.995,9.09,490357,2599,9.06048
2019-06-27T04:00:00Z,9.15,9.27,9.15,9.25,644076,2781,9.23829
2019-06-28T04:00:00Z,9.29,9.47,9.28,9.44,397283,2685,9.4019
2019-07-01T04:00:00Z,9.44,9.515,9.39,9.49,600665,3532,9.4567
2019-07-02T04:00:00Z,9.38,9.42,9.295,9.38,462578,2627,9.36151
2019-07-03T04:00:00Z,9.17,9.21,9.08,9.11,184419,914,9.14282
2019-07-05T04:00:00Z,8.9,9.03,8.9,8.94,405183,2179,8.95969
2019-07-08T04:00:00Z,8.92,9,8.86,8.9,250929,1589,8.91017
2019-07-09T04:00:00Z,8.83,8.96,8.81,8.95,236147,1723,8.91121
2019-07-10T04:00:00Z,8.95,9.04,8.94,9.03,173324,1093,9.00396
2019-07-11T04:00:00Z,9.23,9.25,9.15,9.19,273460,1659,9.18284
2019-07-12T04:00:00Z,9.21,9.23,9.135,9.19,323845,1747,9.18005
2019-07-15T04:00:00Z,9.23,9.2789,9.095,9.14,189270,1176,9.16332
2019-07-16T04:00:00Z,9.18,9.205,9.081,9.14,209591,1297,9.15282
2019-07-17T04:00:00Z,9.11,9.13,8.945,8.95,258866,1772,9.00705
2019-07-18T04:00:00Z,8.8,8.97,8.785,8.94,292996,1652,8.91437
2019-07-19T04:00:00Z,8.97,8.985,8.875,8.89,306627,1679,8.91364
2019-07-22T04:00:00Z,9.03,9.05,8.89,8.89,191559,1328,8.94646
2019-07-23T04:00:00Z,8.97,9.07,8.9,9.06,390165,1909,8.97318
2019-07-24T04:00:00Z,9.01,9.09,9.005,9.08,201371,1252,9.04412
2019-07-25T04:00:00Z,9.13,9.13,8.91,8.95,282146,1868,8.9948
2019-07-26T04:00:00Z,9.02,9.02,8.83,8.83,236683,1181,8.88244
2019-07-29T04:00:00Z,8.89,8.89,8.62,8.63,290799,1576,8.69059
2019-07-30T04:00:00Z,8.48,8.48,8.36,8.38,333091,1860,8.39932
2019-07-31T04:00:00Z,8.45,8.53,8.385,8.42,459011,2837,8.45245
2019-08-01T04:00:00Z,8.45,8.52,8.28,8.3,327595,1825,8.40722
2019-08-02T04:00:00Z,8.37,8.41,8.165,8.19,326581,1823,8.2355
2019-08-05T04:00:00Z,7.91,7.91,7.72,7.81,480926,2084,7.81617
2019-08-06T04:00:00Z,8.07,8.11,7.9,7.97,401580,1900,7.98154
2019-08-07T04:00:00Z,7.9,8,7.855,7.97,407541,2172,7.94789
2019-08-08T04:00:00Z,7.97,8,7.73,7.92,591286,2820,7.86784
2019-08-09T04:00:00Z,7.73,7.77,7.645,7.68,430606,2659,7.70311
2019-08-12T04:00:00Z,7.51,7.56,7.46,7.48,439766,2819,7.51302
2019-08-13T04:00:00Z,7.42,7.74,7.395,7.54,591772,3139,7.61665
2019-08-14T04:00:00Z,7.39,7.48,7.28,7.3,534142,2376,7.35182
2019-08-15T04:00:00Z,7.26,7.35,7.21,7.25,336957,1850,7.26884
2019-08-16T04:00:00Z,7.33,7.57,7.33,7.56,446768,2397,7.49682
2019-08-19T04:00:00Z,7.85,7.96,7.81,7.92,410078,2525,7.90994
2019-08-20T04:00:00Z,7.94,7.97,7.875,7.94,337032,2033,7.93322
2019-08-21T04:00:00Z,8.02,8.17,8.01,8.12,300749,1953,8.11614
2019-08-22T04:00:00Z,8.13,8.2,8.08,8.11,210612,1428,8.13631
2019-08-23T04:00:00Z,8.01,8.11,7.85,7.87,321362,2125,7.97219
2019-08-26T04:00:00Z,8.05,8.08,7.89,7.91,244941,1199,7.94342
2019-08-27T04:00:00Z,8.01,8.02,7.8,7.82,318870,1387,7.89034
2019-08-28T04:00:00Z,7.83,7.96,7.81,7.95,148711,881,7.93094
2019-08-29T04:00:00Z,8.09,8.13,8.05,8.08,165658,998,8.0856
2019-08-30T04:00:00Z,8.19,8.22,8.08,8.12,281071,1462,8.15441
2019-09-03T04:00:00Z,7.97,7.97,7.86,7.87,245113,1485,7.89017
2019-09-04T04:00:00Z,7.98,7.99,7.84,7.86,272492,1568,7.88846
2019-09-05T04:00:00Z,8.04,8.2,8.04,8.12,351833,1835,8.13053
2019-09-06T04:00:00Z,8.34,8.37,8.14,8.16,471499,2427,8.25855
2019-09-09T04:00:00Z,8.5,8.59,8.39,8.4,494476,2484,8.45947
2019-09-10T04:00:00Z,8.69,8.69,8.47,8.5,604673,3437,8.5498
2019-09-11T04:00:00Z,8.64,8.68,8.41,8.45,530072,2144,8.49444
2019-09-12T04:00:00Z,8.47,8.6,8.36,8.53,490513,2084,8.51558
2019-09-13T04:00:00Z,8.74,8.87,8.685,8.86,405817,2007,8.79564
2019-09-16T04:00:00Z,8.92,9,8.85,8.9,718089,3823,8.90948
2019-09-17T04:00:00Z,8.7,8.785,8.514,8.65,537859,2885,8.66674
2019-09-18T04:00:00Z,8.66,8.73,8.55,8.62,190934,1034,8.63585
2019-09-19T04:00:00Z,8.77,8.81,8.68,8.68,276543,1512,8.7425
2019-09-20T04:00:00Z,8.73,8.8,8.69,8.7,199851,1489,8.73593
2019-09-23T04:00:00Z,8.61,8.62,8.555,8.6,213176,1090,8.59872
2019-09-24T04:00:00Z,8.63,8.63,8.45,8.5,192853,1129,8.52553
2019-09-25T04:00:00Z,8.37,8.61,8.34,8.57,262707,1441,8.51764
2019-09-26T04:00:00Z,8.96,9.26,8.85,9.2,773805,3545,9.14671
2019-09-27T04:00:00Z,9.2,9.24,9.07,9.13,474306,2464,9.13748
2019-09-30T04:00:00Z,9.05,9.21,9,9.2,562150,2994,9.13653
2019-10-01T04:00:00Z,9.31,9.46,9.28,9.33,839547,3020,9.36976
2019-10-02T04:00:00Z,9.35,9.45,9.2,9.4,817289,4715,9.34268
2019-10-03T04:00:00Z,9.31,9.57,9.24,9.52,1041262,4266,9.47297
2019-10-04T04:00:00Z,9.61,9.98,9.6,9.95,2749221,9132,9.84966
2019-10-07T04:00:00Z,10.17,10.42,10.15,10.29,2561561,7889,10.3055
2019-10-08T04:00:00Z,10.35,10.47,10.2,10.37,2326323,10356,10.3295
2019-10-09T04:00:00Z,10.69,10.79,10.31,10.49,2987023,10673,10.5528
2019-10-10T04:00:00Z,10.34,10.79,10.34,10.6,2829704,11069,10.6065
2019-10-11T04:00:00Z,11.34,11.54,11.19,11.33,5370903,16963,11.3516
2019-10-14T04:00:00Z,11.25,11.48,11.21,11.32,3662743,14528,11.3691
2019-10-15T04:00:00Z,11.12,11.2,10.69,10.72,3758973,14975,10.9332
2019-10-16T04:00:00Z,10.77,10.95,10.67,10.69,2510069,9636,10.7947
2019-10-17T04:00:00Z,11,11.41,10.93,11.03,2713645,12873,11.1154
2019-10-18T04:00:00Z,11.23,11.32,11.02,11.22,1805068,8251,11.1828
2019-10-21T04:00:00Z,11.27,11.3,10.99,10.99,1367860,6415,11.0969
2019-10-22T04:00:00Z,11.04,11.17,10.995,11.02,1128959,5757,11.0621
2019-10-23T04:00:00Z,11.25,11.67,11.19,11.57,1980768,8110,11.4863
2019-10-24T04:00:00Z,11.64,11.66,10.81,11.15,3378373,11687,11.2054
2019-10-25T04:00:00Z,11.04,11.28,11.01,11.07,1487845,8039,11.1214
2019-10-28T04:00:00Z,11.25,11.37,11.22,11.25,1385994,6173,11.2784
2019-10-29T04:00:00Z,11.2,11.21,10.97,11.12,2135225,9134,11.1025
2019-10-30T04:00:00Z,11.25,11.79,11.25,11.7,2203196,10300,11.5947
2019-10-31T04:00:00Z,11.47,11.49,11.07,11.13,1722246,7873,11.2538
2019-11-01T04:00:00Z,11.22,11.58,11.205,11.49,1348908,6223,11.4322
2019-11-04T05:00:00Z,11.52,11.58,11.34,11.39,1413958,7246,11.4607
2019-11-05T05:00:00Z,11.43,11.43,10.92,11.02,2718991,8589,11.1245
2019-11-06T05:00:00Z,11.02,11.04,10.53,10.76,1440339,7982,10.7615
2019-11-07T05:00:00Z,10.8,10.83,10.28,10.36,1711884,8885,10.4833
2019-11-08T05:00:00Z,10.58,10.9,10.53,10.81,1288874,6813,10.7849
2019-11-11T05:00:00Z,10.69,10.6904,10.45,10.52,739729,4113,10.5391
2019-11-12T05:00:00Z,10.51,10.77,10.48,10.71,977812,5014,10.6885
2019-11-13T05:00:00Z,10.75,10.82,10.64,10.65,806497,4327,10.7076
2019-11-14T05:00:00Z,10.75,10.94,10.73,10.84,972041,5620,10.8455
2019-11-15T05:00:00Z,10.93,11.05,10.87,11,1214245,5629,10.9735
2019-11-18T05:00:00Z,10.91,10.92,10.75,10.82,1106627,5192,10.8436
2019-11-19T05:00:00Z,10.55,10.87,10.55,10.81,1992050,10711,10.7069
2019-11-20T05:00:00Z,10.81,11.1,10.8073,11.07,1532294,6198,11.0003
2019-11-21T05:00:00Z,11.06,11.18,10.915,11.14,1938860,8712,11.0426
2019-11-22T05:00:00Z,11.14,11.16,10.91,10.96,2051212,7146,10.9868
2019-11-25T05:00:00Z,10.92,11.12,10.88,11.1,1723825,7535,11.0605
2019-11-26T05:00:00Z,11.1,11.1,10.75,10.81,1249672,6086,10.8789
2019-11-27T05:00:00Z,10.9,10.92,10.72,10.92,1119747,5511,10.8463
2019-11-29T05:00:00Z,10.97,10.97,10.85,10.86,616092,2666,10.9015
2019-12-02T05:00:00Z,10.88,10.9,10.72,10.77,1120340,5066,10.7879
2019-12-03T05:00:00Z,10.55,10.576,10.46,10.56,914200,4677,10.5195
2019-12-04T05:00:00Z,10.64,10.79,10.62,10.67,1095594,4966,10.7124
2019-12-05T05:00:00Z,10.64,10.72,10.58,10.7,648410,3492,10.6646
2019-12-06T05:00:00Z,10.79,11.19,10.78,11.16,1633921,8313,11.0612
2019-12-09T05:00:00Z,11.11,11.25,11.0916,11.14,1134159,4450,11.167
2019-12-10T05:00:00Z,11.14,11.32,11.08,11.24,969509,3986,11.2263
2019-12-11T05:00:00Z,11.14,11.27,11.0405,11.26,1775921,6740,11.1664
2019-12-12T05:00:00Z,11.14,11.32,11.125,11.25,2384643,7785,11.24
2019-12-13T05:00:00Z,11.23,11.47,11.19,11.45,1227861,5779,11.3493
2019-12-16T05:00:00Z,11.43,11.77,11.41,11.57,2343166,7225,11.5785
2019-12-17T05:00:00Z,11.55,11.57,11.39,11.43,1305514,7192,11.464
2019-12-18T05:00:00Z,11.35,11.61,11.31,11.52,1383536,6233,11.5183
2019-12-19T05:00:00Z,11.59,12.26,11.58,12.24,2102943,10170,11.9677
2019-12-20T05:00:00Z,12.06,12.17,11.92,12.04,1765026,9185,12.0733
2019-12-23T05:00:00Z,12.06,12.34,12.06,12.25,2211050,7358,12.2342
2019-12-24T05:00:00Z,12.25,12.38,12.21,12.25,715620,3266,12.2823
2019-12-26T05:00:00Z,12.29,12.61,12.26,12.3,852572,5076,12.4157
2019-12-27T05:00:00Z,12.23,12.285,12.12,12.18,1536129,6361,12.1759
2019-12-30T05:00:00Z,12.17,12.455,12.17,12.28,2056393,8595,12.3469
2019-12-31T05:00:00Z,12.23,12.59,12.23,12.54,836042,4366,12.4689
2020-01-02T05:00:00Z,12.6,12.85,12.6,12.83,1919622,6652,12.757
2020-01-03T05:00:00Z,12.75,13.1,12.72,13.09,3368237,14330,12.9408
2020-01-06T05:00:00Z,12.84,13,12.8,12.91,1908369,8682,12.9269
2020-01-07T05:00:00Z,12.85,12.99,12.8,12.95,1879520,8369,12.914
2020-01-08T05:00:00Z,12.95,13.1,12.55,12.69,4453630,12912,12.8295
2020-01-09T05:00:00Z,12.78,13.21,12.75,13.04,2942538,12244,12.9484
2020-01-10T05:00:00Z,12.85,12.87,12.42,12.46,2630005,10581,12.6002
2020-01-13T05:00:00Z,12.41,12.42,12.04,12.23,2821574,12457,12.2399
2020-01-14T05:00:00Z,12.09,12.14,11.82,11.88,2367186,10005,11.9814
2020-01-15T05:00:00Z,11.67,11.76,11.41,11.55,2965972,12243,11.5588
2020-01-16T05:00:00Z,11.55,11.75,11.24,11.57,3209515,11778,11.5244
2020-01-17T05:00:00Z,11.68,11.95,11.64,11.74,2931063,11486,11.8183
2020-01-21T05:00:00Z,11.67,11.68,11.4,11.43,1460781,6810,11.511
2020-01-22T05:00:00Z,11.4,11.46,11.1843,11.34,1726107,6776,11.3229
2020-01-23T05:00:00Z,11.04,11.349,10.83,11.22,3248097,12970,11.0493
2020-01-24T05:00:00Z,10.98,11.02,10.52,10.6,3620557,13344,10.717
2020-01-27T05:00:00Z,10.29,10.35,10.12,10.24,3401357,14526,10.2473
2020-01-28T05:00:00Z,10.22,10.41,10.19,10.2,2773757,9549,10.26
2020-01-29T05:00:00Z,10.29,10.355,10.15,10.26,2859932,10795,10.2546
2020-01-30T05:00:00Z,10.01,10.01,9.5,9.81,3869582,16425,9.78328
2020-01-31T05:00:00Z,9.97,10.105,9.75,9.88,4332694,17910,9.90073
2020-02-03T05:00:00Z,9.88,10.04,9.78,9.79,3124793,11988,9.9178
2020-02-04T05:00:00Z,10.16,10.34,10.03,10.06,2399170,10998,10.1773
2020-02-05T05:00:00Z,10.45,10.51,10.25,10.28,2571549,10568,10.3692
2020-02-06T05:00:00Z,10.25,10.28,9.705,9.71,2231973,8131,9.88228
2020-02-07T05:00:00Z,9.56,9.58,9.3038,9.44,3199165,12373,9.41573
2020-02-10T05:00:00Z,9.58,9.68,9.49,9.63,1722085,7190,9.6045
2020-02-11T05:00:00Z,9.91,10.17,9.9,10,1984967,8368,10.0412
2020-02-12T05:00:00Z,10.21,10.41,10.14,10.23,1648443,8206,10.2748
2020-02-13T05:00:00Z,10.21,10.31,10.085,10.12,1523636,6769,10.1835
2020-02-14T05:00:00Z,10.04,10.12,9.9449,10.06,1527371,5526,10.0263
2020-02-18T05:00:00Z,9.8,9.89,9.66,9.74,1142592,5777,9.75109
2020-02-19T05:00:00Z,9.84,9.9291,9.735,9.89,953171,5349,9.85952
2020-02-20T05:00:00Z,9.9,9.92,9.68,9.68,930849,4588,9.75376
2020-02-21T05:00:00Z,9.62,9.65,9.43,9.54,1312199,5208,9.50775
2020-02-24T05:00:00Z,9.21,9.23,9,9.08,2188910,8658,9.1159
2020-02-25T05:00:00Z,9.09,9.13,8.79,8.86,1565468,7570,8.92445
2020-02-26T05:00:00Z,8.99,9.175,8.88,8.91,1188843,5622,9.00249
2020-02-27T05:00:00Z,8.8,9.43,8.73,9.18,1881777,8294,9.15165
2020-02-28T05:00:00Z,8.9,9.44,8.85,9.33,2336195,12311,9.14642
2020-03-02T05:00:00Z,9.32,9.46,9.11,9.43,1443713,6733,9.26656
2020-03-03T05:00:00Z,9.45,9.56,9.02,9.22,1610585,9954,9.30752
2020-03-04T05:00:00Z,9.22,9.25,8.91,9.04,1383422,7453,9.05668
2020-03-05T05:00:00Z,8.72,8.77,8.41,8.44,1552466,8359,8.52712
2020-03-06T05:00:00Z,8.46,8.745,8.39,8.53,3310424,11280,8.53154
2020-03-09T04:00:00Z,9.16,9.55,9.06,9.12,5028676,20072,9.28791
2020-03-10T04:00:00Z,9.9,10.66,9.61,10.3,7167187,29293,10.1135
2020-03-11T04:00:00Z,10.49,10.68,9.64,9.85,4855707,25381,10.1066
2020-03-12T04:00:00Z,9.41,10.54,9.11,9.55,5287571,25521,9.87651
2020-03-13T04:00:00Z,10.43,10.55,9.8,10.49,4383923,24359,10.1683
2020-03-16T04:00:00Z,9.31,9.67,8.77,9.05,3917815,19642,9.21943
2020-03-17T04:00:00Z,9.06,9.68,8.745,9.49,2461705,12566,9.31961
2020-03-18T04:00:00Z,8.94,9.32,8.56,8.98,2070383,10864,8.95084
2020-03-19T04:00:00Z,8.74,9.01,8.23,8.85,2516596,11440,8.59921
2020-03-20T04:00:00Z,8.98,9.43,8.3,8.3,2439018,10016,8.80685
2020-03-23T04:00:00Z,8.71,9.04,8.39,8.5,2404525,13542,8.62745
2020-03-24T04:00:00Z,9.42,9.54,9.13,9.45,1849654,10721,9.27966
2020-03-25T04:00:00Z,9.67,9.77,9.23,9.56,1985726,10349,9.51603
2020-03-26T04:00:00Z,9.67,10.42,9.43,10.36,1725596,9169,10.0835
2020-03-27T04:00:00Z,10.18,11.79,10.06,11.79,3747478,13738,11.1805
2020-03-30T04:00:00Z,11.55,12.37,11.5203,12.2,6786137,25887,11.9439
2020-03-31T04:00:00Z,11.5,11.67,11.13,11.28,3564975,16427,11.4212
2020-04-01T04:00:00Z,11.06,11.475,10.81,11.02,3160786,13381,11.1603
2020-04-02T04:00:00Z,10.36,10.5,8.87,9.5,6017730,24323,9.63578
2020-04-03T04:00:00Z,9,9.48,8.81,9.29,3477579,15537,9.16497
2020-04-06T04:00:00Z,10.14,10.14,9.58,9.91,2055161,9200,9.87974
2020-04-07T04:00:00Z,9.43,10.02,9.29,9.91,2164410,9145,9.68364
2020-04-08T04:00:00Z,9.85,10.16,9.64,9.68,2882773,11355,9.90626
2020-04-09T04:00:00Z,9.85,10.9,8.92,10.32,4061723,19789,9.85591
2020-04-13T04:00:00Z,11.06,11.12,9.89,9.95,2803961,14126,10.3584
2020-04-14T04:00:00Z,10.31,10.41,9.94,10.31,1734150,7916,10.1818
2020-04-15T04:00:00Z,10.53,10.67,10.1,10.29,4311461,18433,10.3679
2020-04-16T04:00:00Z,10.55,10.65,10.06,10.54,2700112,10627,10.3994
2020-04-17T04:00:00Z,10.71,10.88,10.575,10.69,1722967,8127,10.7034
2020-04-20T04:00:00Z,11.04,12.41,10.84,11.77,9724367,36749,11.4502
2020-04-21T04:00:00Z,11.73,11.95,11.4,11.6,7061914,30271,11.703
2020-04-22T04:00:00Z,11.83,11.92,11.4,11.74,4273917,17996,11.6749
2020-04-23T04:00:00Z,11.7,11.875,10.865,11.15,4821113,20151,11.4084
2020-04-24T04:00:00Z,11.03,11.35,10.84,11.3,2592532,11833,11.118
2020-04-27T04:00:00Z,11.94,12.25,11.93,12.14,4886172,21193,12.0873
2020-04-28T04:00:00Z,12.24,12.47,11.51,11.9,4414663,19485,11.9585
2020-04-29T04:00:00Z,11.37,11.5,10.81,10.82,6500955,26114,11.1351
2020-04-30T04:00:00Z,11.02,11.19,10.55,10.69,3802718,18846,10.8296
2020-05-01T04:00:00Z,10.7,10.97,10.49,10.64,2001958,9942,10.6776
2020-05-04T04:00:00Z,11,11.46,10.895,11.36,3735334,19819,11.1812
2020-05-05T04:00:00Z,10.77,10.8,9.89,10.03,5753904,24440,10.2668
2020-05-06T04:00:00Z,10.33,10.33,9.37,9.63,3705471,14722,9.61822
2020-05-07T04:00:00Z,10.33,10.33,9.75,10.03,3955562,18016,10.0077
2020-05-08T04:00:00Z,10.1,10.51,10.02,10.46,2951096,13700,10.2541
2020-05-11T04:00:00Z,10.17,10.26,9.8,9.84,3060392,15758,9.94227
2020-05-12T04:00:00Z,10,10.02,9.51,9.56,3447837,19859,9.67095
2020-05-13T04:00:00Z,9.74,9.99,9.55,9.73,3552287,16649,9.75264
2020-05-14T04:00:00Z,9.75,9.79,9.51,9.7,2674435,13549,9.62262
2020-05-15T04:00:00Z,9.77,9.96,9.65,9.81,1721523,7825,9.81038
2020-05-18T04:00:00Z,9.89,9.93,9.57,9.91,3328024,14198,9.74866
2020-05-19T04:00:00Z,10.02,10.06,9.58,9.58,2998299,14756,9.76678
2020-05-20T04:00:00Z,9.87,10.14,9.745,9.8,3611639,14661,9.88198
2020-05-21T04:00:00Z,9.69,9.73,9.47,9.68,3031660,13210,9.63012
2020-05-22T04:00:00Z,9.68,9.8,9.5,9.77,2810965,12235,9.61279
2020-05-26T04:00:00Z,10.03,10.385,9.94,10.36,4144519,18179,10.235
2020-05-27T04:00:00Z,10.5,10.775,10.3,10.74,4438551,18092,10.5431
2020-05-28T04:00:00Z,10.47,10.505,10.115,10.14,2486634,11764,10.2495
2020-05-29T04:00:00Z,9.88,10.14,9.85,10.12,1593953,7881,10.0159
2020-06-01T04:00:00Z,10.12,10.275,10.045,10.05,1956562,7776,10.1088
2020-06-02T04:00:00Z,10.08,10.09,9.825,10.05,3495509,17401,9.95381
2020-06-03T04:00:00Z,9.99,10.22,9.9,9.92,2790370,14553,9.98202
2020-06-04T04:00:00Z,10.02,10.02,9.75,9.89,2405602,11303,9.85944
2020-06-05T04:00:00Z,10.05,10.09,9.835,9.95,3458778,14981,9.96432
2020-06-08T04:00:00Z,10.25,10.475,10.15,10.44,3128105,13236,10.3593
2020-06-09T04:00:00Z,10.35,10.497,10.16,10.38,2749571,13434,10.3771
2020-06-10T04:00:00Z,10.5,10.5,10.11,10.12,2749761,12939,10.2309
2020-06-11T04:00:00Z,9.95,9.97,9.6,9.62,4316751,20830,9.8005
2020-06-12T04:00:00Z,10.02,10.13,9.77,9.97,4219246,17151,9.93792
2020-06-15T04:00:00Z,9.15,9.18,8.875,9.14,4179107,16384,9.07064
2020-06-16T04:00:00Z,9.29,9.318,8.8,8.86,2982110,13697,8.96372
2020-06-17T04:00:00Z,8.81,8.83,8.31,8.33,4568026,19600,8.51057
2020-06-18T04:00:00Z,8.4,8.68,8.4,8.57,3545071,16574,8.55147
2020-06-19T04:00:00Z,8.55,8.6299,8.4,8.53,2102796,9415,8.53057
2020-06-22T04:00:00Z,8.53,8.53,8.315,8.35,1959661,9883,8.39225
2020-06-23T04:00:00Z,8.5,8.51,8.385,8.4,1762791,7501,8.43802
2020-06-24T04:00:00Z,8.32,8.335,8,8.1,3470651,16045,8.11319
2020-06-25T04:00:00Z,8.03,8.16,7.98,8.09,2011983,10505,8.06545
2020-06-26T04:00:00Z,8.13,8.16,7.85,7.92,2167807,10410,7.97368
2020-06-29T04:00:00Z,8.05,8.115,7.98,8.07,1307726,6279,8.04768
2020-06-30T04:00:00Z,8,8.17,7.915,8.15,2510939,9629,8.0297
2020-07-01T04:00:00Z,8.17,8.4,8.1,8.33,1689840,8598,8.26397
2020-07-02T04:00:00Z,8.28,8.34,8.1,8.15,1813133,8030,8.18428
2020-07-06T04:00:00Z,8.46,8.63,8.31,8.6,2159398,10314,8.48205
2020-07-07T04:00:00Z,8.86,8.87,8.43,8.49,1999807,8550,8.53594
2020-07-08T04:00:00Z,8.51,8.74,8.51,8.65,1545836,6933,8.65217
2020-07-09T04:00:00Z,8.67,8.68,8.37,8.4,2232698,9816,8.46308
2020-07-10T04:00:00Z,8.67,9.07,8.65,9.06,2669224,11194,8.93903
2020-07-13T04:00:00Z,9.08,9.11,8.77,8.79,1595765,8831,8.91478
2020-07-14T04:00:00Z,8.89,9.16,8.85,9.16,1748900,8871,9.04105
2020-07-15T04:00:00Z,9.16,9.395,9.07,9.33,1770408,8599,9.24709
2020-07-16T04:00:00Z,9.25,9.27,9.11,9.2,1179216,6091,9.19162
2020-07-17T04:00:00Z,9.26,9.36,9.15,9.21,1455409,7310,9.2405
2020-07-20T04:00:00Z,9.22,9.38,9.11,9.3,1583253,7146,9.27353
2020-07-21T04:00:00Z,9.29,9.37,9.24,9.33,1800686,8798,9.32126
2020-07-22T04:00:00Z,9.33,9.355,9.15,9.31,1177434,5063,9.27945
2020-07-23T04:00:00Z,9.19,9.455,9.19,9.38,1442993,6127,9.37428
2020-07-24T04:00:00Z,9.45,9.54,9.375,9.47,1652316,6237,9.46977
2020-07-27T04:00:00Z,9.48,9.53,9.36,9.48,1421922,5557,9.47399
2020-07-28T04:00:00Z,9.67,9.74,9.565,9.72,2442011,10425,9.6555
2020-07-29T04:00:00Z,9.92,9.945,9.77,9.87,2213348,10266,9.86121
2020-07-30T04:00:00Z,9.83,9.86,9.61,9.74,1729384,8102,9.71515
2020-07-31T04:00:00Z,9.76,9.8,9.59,9.79,1484034,7290,9.71762
2020-08-03T04:00:00Z,9.72,9.825,9.65,9.75,1460889,7638,9.72611
2020-08-04T04:00:00Z,9.75,9.915,9.695,9.81,838119,5208,9.80935
2020-08-05T04:00:00Z,9.98,10.01,9.83,9.88,1878252,9043,9.91043
2020-08-06T04:00:00Z,9.91,10,9.79,9.88,1584943,8064,9.91021
2020-08-07T04:00:00Z,9.72,9.98,9.675,9.98,1778761,7856,9.84313
2020-08-10T04:00:00Z,10.02,10.06,9.94,9.98,1676494,8251,9.99832
2020-08-11T04:00:00Z,10.24,10.28,10.06,10.08,1572343,7563,10.1584
2020-08-12T04:00:00Z,10.22,10.33,10.14,10.31,1545114,7740,10.2492
2020-08-13T04:00:00Z,10.15,10.24,10.08,10.1,1564469,7361,10.1375
2020-08-14T04:00:00Z,9.97,10.17,9.825,10.05,1788372,8244,10.0438
2020-08-17T04:00:00Z,10.14,10.22,9.99,10.16,2130389,8282,10.1356
2020-08-18T04:00:00Z,9.82,9.88,9.7,9.79,2986063,11530,9.78805
2020-08-19T04:00:00Z,9.62,9.63,9.375,9.39,1724863,7551,9.47189
2020-08-20T04:00:00Z,9.21,9.545,9.19,9.44,1472061,7033,9.41475
2020-08-21T04:00:00Z,9.3,9.45,9.28,9.45,1752446,6884,9.39559
2020-08-24T04:00:00Z,9.45,9.53,9.32,9.5,1745915,8079,9.466
2020-08-25T04:00:00Z,9.49,9.605,9.43,9.53,1437854,6261,9.50323
2020-08-26T04:00:00Z,9.67,9.7,9.54,9.63,1510141,7763,9.61535
2020-08-27T04:00:00Z,9.32,9.38,9,9.11,3273570,14274,9.13074
2020-08-28T04:00:00Z,9.16,9.21,9.09,9.2,1444396,7394,9.16558
2020-08-31T04:00:00Z,9.1,9.185,9.04,9.12,1234115,5807,9.12701
2020-09-01T04:00:00Z,9.12,9.125,8.99,9.07,1368376,6289,9.05919
2020-09-02T04:00:00Z,8.81,8.84,8.63,8.74,2394897,10963,8.70375
2020-09-03T04:00:00Z,8.5,8.66,8.48,8.57,2679106,11604,8.55547
2020-09-04T04:00:00Z,8.53,8.66,8.381,8.64,1432236,6888,8.52612
2020-09-08T04:00:00Z,8.78,8.99,8.675,8.9,2051333,10704,8.86055
2020-09-09T04:00:00Z,9.11,9.24,9.05,9.15,1516716,7213,9.16795
2020-09-10T04:00:00Z,9.2,9.29,9.11,9.19,1203571,6965,9.22542
2020-09-11T04:00:00Z,9.57,9.77,9.4802,9.64,2315475,10913,9.66923
2020-09-14T04:00:00Z,9.83,9.83,9.64,9.73,1893520,9816,9.73195
2020-09-15T04:00:00Z,9.76,9.7799,9.455,9.55,2341867,11205,9.62458
2020-09-16T04:00:00Z,9.53,9.77,9.5,9.61,1273764,7109,9.6667
2020-09-17T04:00:00Z,9.62,9.75,9.57,9.66,1143799,6170,9.66828
2020-09-18T04:00:00Z,9.7,9.82,9.65,9.82,1408024,5469,9.77861
2020-09-21T04:00:00Z,9.58,9.61,9.3301,9.43,1433650,7150,9.4473
2020-09-22T04:00:00Z,9.45,9.48,9.17,9.18,768853,4637,9.28113
2020-09-23T04:00:00Z,9.05,9.16,8.72,8.72,1786751,8923,8.87848
2020-09-24T04:00:00Z,8.71,8.855,8.591,8.76,1696043,9150,8.70737
2020-09-25T04:00:00Z,8.81,9.035,8.795,8.87,1321705,7154,8.89589
2020-09-28T04:00:00Z,8.85,8.87,8.62,8.68,1443800,7604,8.70658
2020-09-29T04:00:00Z,8.77,8.85,8.68,8.77,1389058,6338,8.75897
2020-09-30T04:00:00Z,8.82,8.93,8.8,8.83,1000701,4991,8.85529
2020-10-01T04:00:00Z,8.8,8.88,8.71,8.85,676557,3765,8.79818
2020-10-02T04:00:00Z,8.79,8.97,8.7,8.88,957705,5455,8.84248
2020-10-05T04:00:00Z,8.99,9.19,8.9601,9.18,899850,4562,9.12229
2020-10-06T04:00:00Z,9.15,9.235,9.01,9.06,906291,4413,9.10662
2020-10-07T04:00:00Z,8.94,9.02,8.87,8.88,1267467,5717,8.91712
2020-10-08T04:00:00Z,8.9,9.01,8.875,8.95,1290601,6087,8.94712
2020-10-09T04:00:00Z,9.22,9.255,9.06,9.11,1354861,6478,9.13168
2020-10-12T04:00:00Z,8.9,8.905,8.73,8.78,1743944,8746,8.7854
2020-10-13T04:00:00Z,8.68,8.745,8.605,8.66,1229032,6159,8.66151
2020-10-14T04:00:00Z,8.69,8.89,8.685,8.85,1033200,5781,8.81554
2020-10-15T04:00:00Z,8.63,8.76,8.6,8.75,964144,4964,8.70885
2020-10-16T04:00:00Z,8.65,8.67,8.46,8.49,1051657,5688,8.54477
2020-10-19T04:00:00Z,8.48,8.53,8.35,8.36,1188600,5286,8.42385
2020-10-20T04:00:00Z,8.4,8.4,8.275,8.29,895429,5112,8.31426
2020-10-21T04:00:00Z,8.11,8.21,8.08,8.12,1753820,7426,8.14325
2020-10-22T04:00:00Z,8.17,8.2481,8.14,8.21,982686,4064,8.20726
2020-10-23T04:00:00Z,8.21,8.24,7.925,8,1509403,7580,8.03953
2020-10-26T04:00:00Z,7.86,7.9,7.7,7.83,1859612,9229,7.7698
2020-10-27T04:00:00Z,7.88,7.9,7.74,7.75,794115,4324,7.80494
2020-10-28T04:00:00Z,7.62,7.64,7.425,7.47,2047365,10404,7.53215
2020-10-29T04:00:00Z,7.35,7.47,7.205,7.46,1627986,8591,7.3397
2020-10-30T04:00:00Z,7.5,7.5,7.25,7.36,1166141,6211,7.32192
2020-11-02T05:00:00Z,7.45,7.61,7.42,7.47,1215036,5567,7.49964
2020-11-03T05:00:00Z,7.59,7.67,7.46,7.52,1175298,5615,7.56416
2020-11-04T05:00:00Z,7.43,7.51,7.32,7.41,1331001,6780,7.42303
2020-11-05T05:00:00Z,7.45,7.7,7.395,7.66,1537637,6855,7.5761
2020-11-06T05:00:00Z,7.95,8.01,7.555,7.62,3171150,11856,7.7936
2020-11-09T05:00:00Z,8.12,8.15,7.87,7.91,3772359,13161,7.98783
2020-11-10T05:00:00Z,8.13,8.26,8.055,8.26,2319904,8700,8.17631
2020-11-11T05:00:00Z,8.15,8.2,8.05,8.07,922364,4813,8.11952
2020-11-12T05:00:00Z,8.07,8.07,7.69,7.75,1485396,7660,7.87977
2020-11-13T05:00:00Z,7.89,8.05,7.845,8.03,1749977,5815,7.96536
2020-11-16T05:00:00Z,8.25,8.32,8.16,8.23,1847022,7519,8.2469
2020-11-17T05:00:00Z,8.1284,8.2489,8.01,8.21,1378748,6569,8.13097
2020-11-18T05:00:00Z,8.2,8.27,8.13,8.13,1908578,5746,8.19675
2020-11-19T05:00:00Z,7.97,8.09,7.93,8.05,1338533,5612,8.02959
2020-11-20T05:00:00Z,8.06,8.061,7.88,8,2271283,10436,7.9622
2020-11-23T05:00:00Z,8.08,8.36,8.03,8.3,2433560,9835,8.1983
2020-11-24T05:00:00Z,8.36,8.53,8.34,8.52,1737667,8046,8.44149
2020-11-25T05:00:00Z,8.31,8.33,8.23,8.25,2422321,9332,8.27531
2020-11-27T05:00:00Z,8.18,8.2,8.1,8.11,920688,4334,8.14798
2020-11-30T05:00:00Z,7.98,7.99,7.8599,7.9,2088468,9692,7.92998
2020-12-01T05:00:00Z,7.98,8.01,7.78,7.82,1557584,7465,7.87859
2020-12-02T05:00:00Z,7.8,7.93,7.77,7.81,1581879,7942,7.85724
2020-12-03T05:00:00Z,7.87,7.97,7.82,7.92,1142460,5208,7.90129
2020-12-04T05:00:00Z,8.05,8.345,8.045,8.34,1846965,8221,8.23153
2020-12-07T05:00:00Z,8.34,8.35,8.14,8.15,2005910,7833,8.24533
2020-12-08T05:00:00Z,8.17,8.23,8.06,8.15,1281854,4732,8.13102
2020-12-09T05:00:00Z,8.35,8.4,8.25,8.3,1576696,6241,8.31706
2020-12-10T05:00:00Z,8.33,8.55,8.325,8.54,1798431,5089,8.46035
2020-12-11T05:00:00Z,8.45,8.46,8.15,8.2,1682226,6726,8.24024
2020-12-14T05:00:00Z,8.3,8.33,8.145,8.25,1535051,7180,8.2233
2020-12-15T05:00:00Z,8.24,8.45,8.19,8.37,1249659,6052,8.3297
2020-12-16T05:00:00Z,8.39,8.445,8.28,8.29,947557,5336,8.34968
2020-12-17T05:00:00Z,8.24,8.35,8.2,8.24,993915,4575,8.26575
2020-12-18T05:00:00Z,8.25,8.26,8.04,8.15,1910500,5425,8.13767
2020-12-21T05:00:00Z,7.93,8.02,7.9,8.02,1692128,7152,7.9645
2020-12-22T05:00:00Z,7.96,7.96,7.86,7.87,1316761,6002,7.90921
2020-12-23T05:00:00Z,7.93,8.12,7.92,8.09,1117679,5971,8.06564
2020-12-24T05:00:00Z,8.09,8.11,8.01,8.08,316790,1766,8.06715
2020-12-28T05:00:00Z,8.2,8.21,7.96,7.99,1046471,4473,8.03749
2020-12-29T05:00:00Z,8.09,8.09,7.91,8,1218275,5303,7.973
2020-12-30T05:00:00Z,8.05,8.12,7.94,7.95,797031,3499,8.01272
2020-12-31T05:00:00Z,8.01,8.02,7.9,8,998375,5034,7.96157
2021-01-04T05:00:00Z,8.17,8.51,8.17,8.48,2965640,10995,8.38813
2021-01-05T05:00:00Z,8.43,8.46,8.18,8.22,1240378,6023,8.27931
2021-01-06T05:00:00Z,8.24,8.335,8.22,8.25,1008132,4723,8.26861
2021-01-07T05:00:00Z,8.31,8.53,8.19,8.52,1531515,7679,8.40324
2021-01-08T05:00:00Z,8.78,8.9,8.6811,8.89,1950152,8290,8.81204
2021-01-11T05:00:00Z,8.5,8.57,8.28,8.4,1781245,7529,8.39784
2021-01-12T05:00:00Z,8.38,8.685,8.37,8.65,1597295,6969,8.59679
2021-01-13T05:00:00Z,8.76,8.775,8.58,8.68,943826,4789,8.68158
2021-01-14T05:00:00Z,8.71,8.92,8.69,8.9,929599,4109,8.82836
2021-01-15T05:00:00Z,8.7,8.72,8.51,8.65,1204615,4801,8.60491
2021-01-19T05:00:00Z,8.46,8.55,8.32,8.45,1443146,5986,8.45086
2021-01-20T05:00:00Z,8.4,8.405,8.26,8.32,1058277,5990,8.31566
2021-01-21T05:00:00Z,8.23,8.339,8.18,8.32,1147899,4890,8.26332
2021-01-22T05:00:00Z,8.13,8.1599,8.07,8.13,1198641,5828,8.11066
2021-01-25T05:00:00Z,7.99,8.01,7.875,8,1348662,6343,7.94001
2021-01-26T05:00:00Z,8.05,8.2,8,8.05,1032817,5304,8.08555
2021-01-27T05:00:00Z,8.05,8.09,7.91,7.91,962058,5079,7.99339
2021-01-28T05:00:00Z,8,8.02,7.8201,7.87,2029804,9250,7.88783
2021-01-29T05:00:00Z,7.91,8.11,7.82,7.9,1731263,8239,7.95238
2021-02-01T05:00:00Z,8.06,8.11,7.94,7.98,1239829,6330,8.01715
2021-02-02T05:00:00Z,8.09,8.1251,7.995,8.08,1002571,4730,8.07603
2021-02-03T05:00:00Z,8.07,8.3,8.07,8.2,1110127,5389,8.19707
2021-02-04T05:00:00Z,8.11,8.195,7.97,8.1,1379906,5871,8.0797
2021-02-05T05:00:00Z,8.33,8.6,8.28,8.6,1680365,8247,8.45299
2021-02-08T05:00:00Z,8.75,8.94,8.68,8.91,1788531,8538,8.8208
2021-02-09T05:00:00Z,9.1,9.12,8.88,9.08,1651869,7793,9.01893
2021-02-10T05:00:00Z,8.86,9.09,8.82,9.04,1441189,7349,8.97734
2021-02-11T05:00:00Z,9.01,9.125,8.92,9.08,1076940,5014,9.03097
2021-02-12T05:00:00Z,8.97,9.315,8.935,9.31,1106072,5337,9.17237
2021-02-16T05:00:00Z,9.58,9.675,9.46,9.54,1642808,7490,9.57244
2021-02-17T05:00:00Z,9.35,9.535,9.31,9.4,1630172,7271,9.42032
2021-02-18T05:00:00Z,9.3,9.31,9.0836,9.1,1297602,6033,9.17252
2021-02-19T05:00:00Z,9.35,9.52,9.275,9.51,1245631,6564,9.44298
2021-02-22T05:00:00Z,9.45,9.49,9.22,9.23,1306385,6850,9.3642
2021-02-23T05:00:00Z,9.18,9.22,8.97,9.05,1401108,7378,9.09975
2021-02-24T05:00:00Z,8.98,9.2272,8.93,9.21,1193013,5246,9.1307
2021-02-25T05:00:00Z,9.19,9.29,9.11,9.14,1429990,7346,9.20321
2021-02-26T05:00:00Z,9.03,9.06,8.77,8.83,1218115,5994,8.88089
2021-03-01T05:00:00Z,8.9,9.12,8.88,9.05,1265791,6172,9.04191
2021-03-02T05:00:00Z,8.97,9.19,8.95,9.09,1017511,5357,9.08944
2021-03-03T05:00:00Z,8.99,9.355,8.98,9.22,1425422,6595,9.22796
2021-03-04T05:00:00Z,9.13,9.14,8.81,8.83,1484988,8460,8.95246
2021-03-05T05:00:00Z,8.92,8.98,8.75,8.94,1256086,7010,8.87312
2021-03-08T05:00:00Z,8.85,8.93,8.78,8.82,1047765,5314,8.82798
2021-03-09T05:00:00Z,8.86,8.9,8.72,8.72,989192,4767,8.80524
2021-03-10T05:00:00Z,8.69,9.07,8.645,9.05,1877568,8538,8.89714
2021-03-11T05:00:00Z,9.14,9.18,9.055,9.09,795149,4010,9.10108
2021-03-12T05:00:00Z,9.05,9.17,9.005,9.16,641428,3212,9.09125
2021-03-15T04:00:00Z,9.24,9.5,9.19,9.5,1794503,8074,9.38546
2021-03-16T04:00:00Z,9.38,9.38,9.18,9.2,1715303,6391,9.25927
2021-03-17T04:00:00Z,9.15,9.49,9.11,9.45,1771404,7628,9.31968
2021-03-18T04:00:00Z,9.39,9.81,9.23,9.26,3520579,13682,9.57475
2021-03-19T04:00:00Z,9.13,9.41,9.01,9.34,1646785,7705,9.2477
2021-03-22T04:00:00Z,9.5,9.73,9.45,9.56,2222215,9574,9.60096
2021-03-23T04:00:00Z,9.34,9.34,8.71,8.73,3471350,14587,8.98399
2021-03-24T04:00:00Z,9,9.19,8.97,9.03,2661842,9836,9.06146
2021-03-25T04:00:00Z,8.88,9.12,8.75,9.08,1821769,7917,8.9344
2021-03-26T04:00:00Z,9.29,9.62,9.26,9.56,2295485,9840,9.49481
2021-03-29T04:00:00Z,9.31,9.3397,9.085,9.13,2144198,9412,9.16418
2021-03-30T04:00:00Z,9.05,9.115,8.93,8.93,1567232,7819,9.0122
2021-03-31T04:00:00Z,9.08,9.25,9.025,9.15,1381454,6455,9.13904
2021-04-01T04:00:00Z,9.07,9.23,8.92,9.22,1467674,6226,9.10084
2021-04-05T04:00:00Z,9.18,9.23,9.09,9.15,1088758,5768,9.15522
2021-04-06T04:00:00Z,9.04,9.168,8.985,9.02,1894626,8629,9.06334
2021-04-07T04:00:00Z,9.05,9.23,9.02,9.18,1154313,5457,9.14583
2021-04-08T04:00:00Z,9.11,9.11,8.965,8.98,1289667,5923,9.01524
2021-04-09T04:00:00Z,8.9,8.91,8.75,8.75,1631465,7155,8.8226
2021-04-12T04:00:00Z,8.46,8.565,8.31,8.45,4202607,15416,8.43031
2021-04-13T04:00:00Z,8.21,8.31,8.11,8.16,1816487,7473,8.18223
2021-04-14T04:00:00Z,8.26,8.4557,8.25,8.42,1190081,5303,8.38828
2021-04-15T04:00:00Z,8.49,8.49,8.29,8.37,946401,4125,8.37107
2021-04-16T04:00:00Z,8.31,8.43,8.25,8.36,1011910,4476,8.33878
2021-04-19T04:00:00Z,8.59,8.59,8.57,8.57,24909,1,8.59
2021-04-20T04:00:00Z,8.59,8.615,8.34,8.35,1265805,5223,8.43627
2021-04-21T04:00:00Z,8.34,8.54,8.33,8.54,867282,3578,8.44996
2021-04-22T04:00:00Z,8.44,8.46,8.31,8.32,1275737,4329,8.36535
2021-04-23T04:00:00Z,8.29,8.34,8.2,8.2,1403215,4735,8.24883
2021-04-26T04:00:00Z,8.24,8.295,8.22,8.23,1434613,5723,8.24832
2021-04-27T04:00:00Z,8.34,8.379,8.2,8.28,974675,3832,8.27177
2021-04-28T04:00:00Z,8.29,8.57,8.29,8.54,1151264,4877,8.46333
2021-04-29T04:00:00Z,8.77,8.7941,8.66,8.7,1079095,4921,8.71535
2021-04-30T04:00:00Z,8.64,8.735,8.51,8.52,683280,3452,8.60298
2021-05-03T04:00:00Z,8.59,8.82,8.5735,8.77,960069,4245,8.70873
2021-05-04T04:00:00Z,8.81,8.92,8.7,8.7,1328542,5013,8.76933
2021-05-05T04:00:00Z,8.75,8.86,8.7,8.7,1296451,5501,8.76171
2021-05-06T04:00:00Z,8.56,8.815,8.4032,8.75,2111358,11308,8.6503
2021-05-07T04:00:00Z,8.92,9.28,8.85,9.27,2575785,12440,9.13487
2021-05-10T04:00:00Z,9.43,9.48,9.225,9.25,2288428,10778,9.32444
2021-05-11T04:00:00Z,9.14,9.285,9.07,9.1,1625737,8623,9.1703
2021-05-12T04:00:00Z,8.99,9.235,8.94,9.07,1819625,9135,9.12028
2021-05-13T04:00:00Z,9.16,9.42,9.07,9.39,1984230,7574,9.29038
2021-05-14T04:00:00Z,9.41,9.51,9.38,9.43,1132592,6402,9.45215
2021-05-17T04:00:00Z,9.33,9.35,9.18,9.34,2266073,10384,9.28753
2021-05-18T04:00:00Z,9.38,9.47,9.315,9.44,1891275,8310,9.41535
2021-05-19T04:00:00Z,9.18,9.365,9.11,9.33,3465898,17513,9.25295
2021-05-20T04:00:00Z,9.29,9.55,9.2,9.53,2634917,11927,9.39277
2021-05-21T04:00:00Z,9.57,9.88,9.54,9.75,3542384,15711,9.73797
2021-05-24T04:00:00Z,9.77,9.89,9.68,9.81,2649729,12350,9.7943
2021-05-25T04:00:00Z,9.97,9.975,9.79,9.8,2988430,13092,9.85016
2021-05-26T04:00:00Z,9.73,9.83,9.7,9.79,2043590,9368,9.77503
2021-05-27T04:00:00Z,9.6,9.75,9.6,9.67,2412064,10961,9.67674
2021-05-28T04:00:00Z,9.57,9.68,9.56,9.63,1692894,8718,9.62663
2021-06-01T04:00:00Z,9.62,9.8,9.62,9.72,2210683,11105,9.7172
2021-06-02T04:00:00Z,9.71,9.77,9.65,9.75,2316995,9688,9.70643
2021-06-03T04:00:00Z,9.57,9.64,9.47,9.56,2360745,12879,9.55183
2021-06-04T04:00:00Z,9.64,9.64,9.51,9.55,1557179,9126,9.55621
2021-06-07T04:00:00Z,9.54,9.75,9.535,9.62,1358927,7059,9.64799
2021-06-08T04:00:00Z,9.52,9.71,9.47,9.68,1784475,9005,9.61705
2021-06-09T04:00:00Z,9.58,9.67,9.52,9.59,1272578,6975,9.60104
2021-06-10T04:00:00Z,9.7,9.795,9.61,9.66,2861450,11321,9.70537
2021-06-11T04:00:00Z,9.8,9.83,9.57,9.61,2214428,8762,9.70298
2021-06-14T04:00:00Z,9.71,9.72,9.5,9.54,1378973,6334,9.60692
2021-06-15T04:00:00Z,9.46,9.57,9.355,9.53,1330976,6472,9.45125
2021-06-16T04:00:00Z,9.49,9.645,9.49,9.58,734472,4136,9.5621
2021-06-17T04:00:00Z,9.46,9.54,9.17,9.27,1229384,6571,9.35073
2021-06-18T04:00:00Z,9.04,9.15,8.97,9.01,1120641,5646,9.0478
2021-06-21T04:00:00Z,8.95,9.16,8.93,9.13,758779,4326,9.07294
2021-06-22T04:00:00Z,9.15,9.22,9.03,9.17,867032,4572,9.12397
2021-06-23T04:00:00Z,9.18,9.25,9.14,9.19,762117,4669,9.19557
2021-06-24T04:00:00Z,9.23,9.355,9.19,9.34,551984,3061,9.28461
2021-06-25T04:00:00Z,9.45,9.45,9.35,9.4,604959,2701,9.40964
2021-06-28T04:00:00Z,9.35,9.35,9.04,9.11,1392893,6935,9.15437
2021-06-29T04:00:00Z,9.13,9.26,9.13,9.21,1291334,7197,9.19408
2021-06-30T04:00:00Z,9.2,9.37,9.2,9.32,1316012,7603,9.30915
2021-07-01T04:00:00Z,9.42,9.45,9.16,9.16,1560021,8164,9.27761
2021-07-02T04:00:00Z,9.27,9.36,9.23,9.35,1259955,5913,9.31759
2021-07-06T04:00:00Z,9.66,9.66,9.27,9.34,2006759,10230,9.4326
2021-07-07T04:00:00Z,9.53,9.57,9.1821,9.24,2358237,11323,9.32323
2021-07-08T04:00:00Z,9.19,9.24,8.995,9.03,1761311,7121,9.0801
2021-07-09T04:00:00Z,9.12,9.1527,9.02,9.15,1177064,5918,9.09242
2021-07-12T04:00:00Z,9.04,9.07,8.92,8.96,1378579,6596,8.98898
2021-07-13T04:00:00Z,8.9,8.945,8.68,8.71,1218406,5795,8.7917
2021-07-14T04:00:00Z,8.89,8.98,8.72,8.75,1138815,5023,8.80484
2021-07-15T04:00:00Z,8.66,8.74,8.565,8.65,1425973,7195,8.65853
2021-07-16T04:00:00Z,8.76,8.79,8.455,8.49,1316133,6481,8.57034
2021-07-19T04:00:00Z,8.28,8.36,8.19,8.3,2254645,9183,8.26771
2021-07-20T04:00:00Z,8.24,8.32,8.15,8.3,1519791,8652,8.23929
2021-07-21T04:00:00Z,8.39,8.64,8.385,8.64,830982,4906,8.5514
2021-07-22T04:00:00Z,8.64,8.64,8.51,8.54,1256204,6211,8.57188
2021-07-23T04:00:00Z,8.59,8.62,8.42,8.49,888822,4845,8.52539
2021-07-26T04:00:00Z,8.67,8.82,8.61,8.63,1312916,6585,8.70556
2021-07-27T04:00:00Z,8.64,8.64,8.5,8.58,1171398,6292,8.56469
2021-07-28T04:00:00Z,8.71,8.75,8.64,8.7,1058998,6259,8.69179
2021-07-29T04:00:00Z,8.8,8.85,8.765,8.78,671955,4174,8.80144
2021-07-30T04:00:00Z,8.75,8.76,8.61,8.65,937113,4851,8.68148
2021-08-02T04:00:00Z,8.67,8.79,8.54,8.56,975734,6490,8.62741
2021-08-03T04:00:00Z,8.45,8.4608,8.26,8.4,966683,4696,8.35199
2021-08-04T04:00:00Z,8.28,8.34,8.15,8.15,920365,5125,8.22407
2021-08-05T04:00:00Z,8.15,8.15,8,8.01,1321641,6979,8.06374
2021-08-06T04:00:00Z,8.07,8.11,7.99,8.08,751955,4010,8.04209
2021-08-09T04:00:00Z,8.03,8.04,7.83,7.88,1352244,6990,7.91607
2021-08-10T04:00:00Z,7.86,7.945,7.8,7.92,805435,4093,7.88088
2021-08-11T04:00:00Z,8.05,8.24,8.025,8.22,1307250,5733,8.14686
2021-08-12T04:00:00Z,8.04,8.05,7.825,7.9,1270577,6548,7.90286
2021-08-13T04:00:00Z,7.81,7.81,7.55,7.75,2255668,9932,7.69286
2021-08-16T04:00:00Z,7.69,7.97,7.655,7.94,1864754,8056,7.85719
2021-08-17T04:00:00Z,7.83,8.22,7.83,8.07,2369676,11296,8.07746
2021-08-18T04:00:00Z,8.1,8.28,8.06,8.16,1811564,9429,8.18777
2021-08-19T04:00:00Z,7.95,8.0111,7.82,7.97,1915240,10482,7.93005
2021-08-20T04:00:00Z,7.92,8.025,7.882,7.96,844433,5079,7.95971
2021-08-23T04:00:00Z,7.96,7.99,7.82,7.95,1718968,9769,7.90727
2021-08-24T04:00:00Z,7.99,8.09,7.969,7.99,1023680,5632,8.02696
2021-08-25T04:00:00Z,7.99,8.06,7.92,7.99,919851,5158,7.99329
2021-08-26T04:00:00Z,8.09,8.25,8.08,8.12,1092203,5440,8.14364
2021-08-27T04:00:00Z,8.19,8.32,8.18,8.25,976118,4808,8.2388
2021-08-30T04:00:00Z,8.25,8.29,8.025,8.05,1621500,7734,8.15415
2021-08-31T04:00:00Z,8.22,8.255,8.1,8.17,1252835,6051,8.1789
2021-09-01T04:00:00Z,8.4,8.565,8.38,8.56,1229944,5855,8.4884
2021-09-02T04:00:00Z,8.53,8.625,8.51,8.56,770118,4032,8.56687
2021-09-03T04:00:00Z,8.51,8.59,8.5,8.57,738450,3818,8.54662
2021-09-07T04:00:00Z,8.63,8.74,8.57,8.58,790087,4442,8.66055
2021-09-08T04:00:00Z,8.59,8.62,8.435,8.51,741987,3571,8.50634
2021-09-09T04:00:00Z,8.42,8.525,8.36,8.38,1102923,5727,8.43707
2021-09-10T04:00:00Z,8.38,8.45,8.32,8.34,737636,3711,8.38143
2021-09-13T04:00:00Z,8.43,8.51,8.31,8.34,1472333,7197,8.40576
2021-09-14T04:00:00Z,8.41,8.56,8.28,8.42,1637669,9463,8.42267
2021-09-15T04:00:00Z,8.48,8.61,8.47,8.56,1105618,7093,8.54316
2021-09-16T04:00:00Z,8.6,8.69,8.5,8.63,1343183,7822,8.61634
2021-09-17T04:00:00Z,8.48,8.56,8.43,8.45,2108358,12114,8.49375
2021-09-20T04:00:00Z,8.22,8.4,8.165,8.37,3760019,18128,8.32913
2021-09-21T04:00:00Z,8.47,8.67,8.46,8.65,3103345,13613,8.58513
2021-09-22T04:00:00Z,8.74,9.06,8.72,9,3418875,15674,8.93319
2021-09-23T04:00:00Z,8.905,9.15,8.865,9.13,2478229,11603,9.06388
2021-09-24T04:00:00Z,9.01,9.335,8.99,9.22,3363533,14783,9.20148
2021-09-27T04:00:00Z,9.34,9.595,9.33,9.45,2805931,12464,9.47011
2021-09-28T04:00:00Z,9.55,9.59,9.29,9.31,1599889,7119,9.37872
2021-09-29T04:00:00Z,9.32,9.385,9.225,9.32,1297720,7020,9.31517
2021-09-30T04:00:00Z,9.42,9.8,9.33,9.76,2067336,9343,9.60622
2021-10-01T04:00:00Z,9.86,9.88,9.675,9.82,1888706,9544,9.78299
2021-10-04T04:00:00Z,9.76,9.9,9.71,9.87,3484844,16856,9.8224
2021-10-05T04:00:00Z,9.87,10.16,9.82,10.09,5956457,23819,10.0649
2021-10-06T04:00:00Z,9.99,10.21,9.88,10.2,4158744,12698,10.0773
2021-10-07T04:00:00Z,10.05,10.37,10.04,10.35,3215381,13941,10.2492
2021-10-08T04:00:00Z,10.32,10.42,10.2,10.22,2907992,12946,10.3472
2021-10-11T04:00:00Z,10.65,10.76,10.52,10.56,2273915,10074,10.6122
2021-10-12T04:00:00Z,10.42,10.46,10.125,10.13,2082621,10452,10.2735
2021-10-13T04:00:00Z,10.11,10.185,10.03,10.16,1136174,6704,10.1147
2021-10-14T04:00:00Z,10.28,10.39,10.215,10.3,1896945,10868,10.2988
2021-10-15T04:00:00Z,10.69,11.01,10.68,10.87,2586293,11301,10.8623
2021-10-18T04:00:00Z,10.85,10.94,10.785,10.79,1596666,7762,10.8501
2021-10-19T04:00:00Z,11.04,11.2,10.975,11.11,3136250,14972,11.0884
2021-10-20T04:00:00Z,11,11.01,10.872,10.9,1242500,6880,10.9343
2021-10-21T04:00:00Z,10.84,10.85,10.635,10.66,800771,4490,10.7321
2021-10-22T04:00:00Z,10.94,11.01,10.82,10.99,1147989,6972,10.9449
2021-10-25T04:00:00Z,10.92,10.92,10.85,10.85,32029,2,10.8808
2021-10-26T04:00:00Z,10.91,10.955,10.64,10.64,1086922,6307,10.7806
2021-10-27T04:00:00Z,10.93,11.07,10.66,10.74,1812021,10071,10.8708
2021-10-28T04:00:00Z,10.63,10.72,10.575,10.69,783765,4448,10.6618
2021-10-29T04:00:00Z,10.78,10.83,10.53,10.55,725908,5404,10.6407
2021-11-01T04:00:00Z,10.55,10.62,10.465,10.6,1105906,6299,10.539
2021-11-02T04:00:00Z,10.68,10.695,10.5,10.53,954368,5406,10.5877
2021-11-03T04:00:00Z,10.5,10.66,10.42,10.64,1119774,6681,10.5652
2021-11-04T04:00:00Z,10.65,10.67,10.275,10.34,1392341,8464,10.4144
2021-11-05T04:00:00Z,10.1,10.13,9.64,9.89,2173568,10474,9.8767
2021-11-08T05:00:00Z,9.96,10.17,9.93,9.98,1772226,9215,10.0458
2021-11-09T05:00:00Z,10.15,10.18,9.985,10.16,1235324,7177,10.107
2021-11-10T05:00:00Z,10.2,10.2399,10.06,10.11,1486187,9488,10.1234
2021-11-11T05:00:00Z,10.05,10.21,10.04,10.15,787670,4994,10.1471
2021-11-12T05:00:00Z,10.05,10.25,10.02,10.24,858622,5198,10.1878
2021-11-15T05:00:00Z,10.03,10.18,9.99,10.08,1207606,6905,10.0835
2021-11-16T05:00:00Z,10.14,10.14,9.92,9.92,1013518,5661,9.99121
2021-11-17T05:00:00Z,9.93,10.09,9.92,9.95,1054896,7128,9.99079
2021-11-18T05:00:00Z,9.88,9.945,9.83,9.9,1348968,9918,9.884
2021-11-19T05:00:00Z,9.83,9.86,9.66,9.71,1642054,9832,9.77226
2021-11-22T05:00:00Z,9.6,9.77,9.59,9.7,1262749,8269,9.73025
2021-11-23T05:00:00Z,9.61,9.67,9.43,9.5,1488060,8790,9.52771
2021-11-24T05:00:00Z,9.45,9.67,9.44,9.63,904146,6104,9.58873
2021-11-26T05:00:00Z,9.53,9.65,9.26,9.32,2561284,13544,9.4542
2021-11-29T05:00:00Z,9.47,9.545,9.32,9.32,1214662,7645,9.38406
2021-11-30T05:00:00Z,9.41,9.49,9.255,9.47,1812505,9243,9.3945
2021-12-01T05:00:00Z,9.44,9.47,8.98,8.99,1628948,10071,9.21095
2021-12-02T05:00:00Z,9.03,9.235,9.02,9.14,1163053,6986,9.13839
2021-12-03T05:00:00Z,9.01,9.036,8.65,8.75,1557450,7898,8.78917
2021-12-06T05:00:00Z,8.86,9.015,8.76,8.98,1012677,5776,8.92472
2021-12-07T05:00:00Z,9.18,9.365,9.11,9.22,1183283,7847,9.26203
2021-12-08T05:00:00Z,9.29,9.395,9.265,9.29,868290,4045,9.31901
2021-12-09T05:00:00Z,9.17,9.18,9.025,9.08,792195,4739,9.08865
2021-12-10T05:00:00Z,9.13,9.215,9.09,9.17,685555,3326,9.16512
2021-12-13T05:00:00Z,8.88,8.93,8.715,8.81,827485,4535,8.81055
2021-12-14T05:00:00Z,8.59,8.765,8.58,8.66,1050573,5641,8.69451
2021-12-15T05:00:00Z,8.63,8.66,8.425,8.64,1064285,5398,8.54264
2021-12-16T05:00:00Z,8.66,8.8,8.6,8.8,1782150,9697,8.72706
2021-12-17T05:00:00Z,8.68,8.7,8.505,8.51,1269949,6894,8.57905
2021-12-20T05:00:00Z,8.45,8.625,8.4,8.61,1285305,6959,8.50976
2021-12-21T05:00:00Z,8.56,8.7,8.56,8.59,725534,4466,8.63645
2021-12-22T05:00:00Z,8.66,8.816,8.6,8.8,802648,5127,8.73718
2021-12-23T05:00:00Z,8.79,8.86,8.69,8.81,648984,4313,8.786
2021-12-27T05:00:00Z,8.84,8.85,8.69,8.71,654838,3953,8.74735
2021-12-28T05:00:00Z,8.77,8.93,8.765,8.85,669383,4488,8.86419
2021-12-29T05:00:00Z,8.79,8.8,8.69,8.69,891337,5027,8.75253
2021-12-30T05:00:00Z,8.75,8.905,8.72,8.86,1293735,6468,8.85456
2021-12-31T05:00:00Z,8.87,8.93,8.725,8.89,864760,4494,8.86884
2022-01-03T05:00:00Z,8.93,9.1718,8.9,9.13,1411498,9470,9.09396
2022-01-04T05:00:00Z,9.23,9.36,9.175,9.28,1161878,7493,9.28041
2022-01-05T05:00:00Z,9.22,9.37,9.01,9.02,888669,5128,9.21304
2022-01-06T05:00:00Z,9.16,9.24,8.98,9.01,588841,3212,9.07268
2022-01-07T05:00:00Z,9.09,9.15,8.985,9.14,1125731,5996,9.08168
2022-01-10T05:00:00Z,9.2,9.21,9.035,9.15,731802,4883,9.09979
2022-01-11T05:00:00Z,9.19,9.53,9.18,9.44,1240415,7657,9.36912
2022-01-12T05:00:00Z,9.53,9.56,9.39,9.39,701506,5037,9.47358
2022-01-13T05:00:00Z,9.37,9.375,9.145,9.19,756595,4155,9.26647
2022-01-14T05:00:00Z,9.07,9.285,9.06,9.27,416623,2873,9.22035
2022-01-18T05:00:00Z,9.17,9.23,9.01,9.02,771162,4890,9.09098
2022-01-19T05:00:00Z,9.06,9.13,8.99,9.02,866575,5670,9.05936
2022-01-20T05:00:00Z,9.04,9.145,8.85,8.85,771670,6196,9.01746
2022-01-21T05:00:00Z,8.87,8.87,8.335,8.38,1451007,9248,8.51666
2022-01-24T05:00:00Z,8.19,8.31,7.905,8.29,3131727,17989,8.09376
2022-01-25T05:00:00Z,8.34,8.52,8.13,8.49,1226191,8470,8.36078
2022-01-26T05:00:00Z,8.67,8.68,8.3,8.46,1167025,7468,8.5149
2022-01-27T05:00:00Z,8.48,8.66,8.315,8.4,1067596,6709,8.43525
2022-01-28T05:00:00Z,8.41,8.46,8.205,8.38,806860,4769,8.35421
2022-01-31T05:00:00Z,8.11,8.355,8.05,8.32,1008498,6055,8.22331
2022-02-01T05:00:00Z,8.29,8.64,8.29,8.63,909409,5615,8.53335
2022-02-02T05:00:00Z,8.79,8.82,8.505,8.54,869393,4291,8.63841
2022-02-03T05:00:00Z,8.22,8.695,8.2,8.54,1662474,9337,8.49458
2022-02-04T05:00:00Z,8.7,9.23,8.67,9.13,2562576,14844,8.97581
2022-02-07T05:00:00Z,9.32,9.61,9.26,9.48,1831188,11310,9.47558
2022-02-08T05:00:00Z,9.39,9.53,9.28,9.53,1897230,12338,9.42938
2022-02-09T05:00:00Z,9.41,9.52,9.38,9.51,1291606,8058,9.46119
2022-02-10T05:00:00Z,9.62,9.95,9.6,9.84,1830310,11377,9.82947
2022-02-11T05:00:00Z,9.82,10.31,9.81,10.11,1906094,12872,10.1038
2022-02-14T05:00:00Z,9.82,10.035,9.7599,9.98,2390329,13290,9.89821
2022-02-15T05:00:00Z,9.97,10.18,9.94,10.15,1393097,8415,10.1171
2022-02-16T05:00:00Z,10.22,10.575,10.22,10.47,1578877,9488,10.4296
2022-02-17T05:00:00Z,10.35,10.585,10.35,10.54,1256317,8323,10.5038
2022-02-18T05:00:00Z,10.32,10.355,10.22,10.25,1144292,7817,10.2839
2022-02-22T05:00:00Z,10.48,10.84,10.46,10.77,2193356,11736,10.6511
2022-02-23T05:00:00Z,10.38,10.6,10.34,10.42,1493315,9792,10.4663
2022-02-24T05:00:00Z,9.98,11.02,9.98,10.79,2891899,16299,10.4971
2022-02-25T05:00:00Z,10.58,11.09,10.5176,10.99,2120479,13678,10.8799
2022-02-28T05:00:00Z,11.12,11.37,11.01,11.28,2146577,13223,11.1923
2022-03-01T05:00:00Z,11.11,11.215,10.91,11.03,1478989,9503,11.0484
2022-03-02T05:00:00Z,10.7,10.94,10.62,10.94,2597581,15918,10.7981
2022-03-03T05:00:00Z,11.05,11.17,10.905,11.07,2019991,14951,11.0599
2022-03-04T05:00:00Z,10.8,11.155,10.74,11.13,1870172,13346,10.9648
2022-03-07T05:00:00Z,11.15,11.96,11.15,11.75,4716951,26706,11.6435
2022-03-08T05:00:00Z,11.62,11.84,11.62,11.84,167039,102,11.6544
2022-03-09T05:00:00Z,11.49,11.49,11.225,11.3,2960250,17739,11.3417
2022-03-10T05:00:00Z,11.33,11.58,11.32,11.45,2310301,13276,11.4682
2022-03-11T05:00:00Z,10.73,11.03,10.58,10.58,2264828,15197,10.7908
2022-03-14T04:00:00Z,10.44,10.48,10.18,10.31,1711518,13695,10.3138
2022-03-15T04:00:00Z,10.33,10.7,10.22,10.59,1509771,11425,10.5035
2022-03-16T04:00:00Z,10.8,11.195,10.56,10.79,1746902,11667,10.8756
2022-03-17T04:00:00Z,10.86,11.01,10.75,10.84,1269128,9261,10.8687
2022-03-18T04:00:00Z,10.64,10.95,10.6133,10.81,2286300,10931,10.8216
2022-03-21T04:00:00Z,10.78,10.955,10.74,10.84,740088,5635,10.8718
2022-03-22T04:00:00Z,10.91,10.94,10.75,10.79,1012686,6605,10.8467
2022-03-23T04:00:00Z,10.83,10.991,10.68,10.68,910514,6068,10.8022
2022-03-24T04:00:00Z,10.53,10.55,10.075,10.08,1559434,8684,10.2145
2022-03-25T04:00:00Z,10.15,10.4,10.095,10.39,1917778,10860,10.2779
2022-03-28T04:00:00Z,10.29,10.34,10.1,10.14,808037,5595,10.2232
2022-03-29T04:00:00Z,10,10.03,9.78,9.94,1013461,6165,9.93828
2022-03-30T04:00:00Z,10.24,10.64,10.23,10.54,1597290,11753,10.5207
2022-03-31T04:00:00Z,10.63,10.79,10.57,10.57,1114102,9835,10.6714
2022-04-01T04:00:00Z,11,11.235,10.89,11.03,4538409,22448,11.0273
2022-04-04T04:00:00Z,11.53,12.2,11.41,11.67,9419024,40690,11.7559
2022-04-05T04:00:00Z,11.52,11.87,11.5,11.69,3694071,17630,11.6549
2022-04-06T04:00:00Z,11.68,11.72,11.13,11.24,2501388,15173,11.3967
2022-04-07T04:00:00Z,12.46,12.53,11.805,12,7045536,36957,12.1646
2022-04-08T04:00:00Z,12.12,13.24,12.09,13.01,5737462,28379,12.7947
2022-04-11T04:00:00Z,12.98,13.1616,12.605,12.81,3314655,17593,12.9388
2022-04-12T04:00:00Z,12.92,12.945,12.735,12.79,2459611,14444,12.8231
2022-04-13T04:00:00Z,12.75,12.82,12.56,12.67,1989636,12144,12.6848
2022-04-14T04:00:00Z,12.67,12.7001,12.455,12.65,1248091,9004,12.5858
2022-04-18T04:00:00Z,12.79,12.82,12.41,12.55,1180288,8423,12.649
2022-04-19T04:00:00Z,12.23,12.51,12.12,12.33,1588769,11553,12.2757
2022-04-20T04:00:00Z,12.11,12.18,11.895,12.14,1768382,11269,12.0632
2022-04-21T04:00:00Z,12.25,12.48,11.965,12.05,1722162,9984,12.1474
2022-04-22T04:00:00Z,12.21,12.31,12,12.15,3122310,20569,12.1377
2022-04-25T04:00:00Z,11.67,11.815,11.27,11.69,2850729,19998,11.5475
2022-04-26T04:00:00Z,11.42,11.83,11.31,11.53,1779986,13235,11.5779
2022-04-27T04:00:00Z,11.48,11.8475,11.21,11.7,2422389,16984,11.6095
2022-04-28T04:00:00Z,11.71,12,11.585,11.96,1574689,10511,11.8308
2022-04-29T04:00:00Z,11.75,11.92,11.585,11.83,4783021,25307,11.8194
2022-05-02T04:00:00Z,11.68,11.77,11.17,11.3,2021607,13824,11.4032
2022-05-03T04:00:00Z,11.67,11.815,11.4,11.47,2525210,16149,11.5785
2022-05-04T04:00:00Z,11.94,12.0673,11.68,12,2371325,16323,11.8691
2022-05-05T04:00:00Z,12.11,12.19,11.655,11.79,1684684,12963,11.8323
2022-05-06T04:00:00Z,11.99,12.01,11.65,11.78,1790629,13120,11.7876
2022-05-09T04:00:00Z,11.49,11.49,10.31,10.33,2684108,16466,10.6839
2022-05-10T04:00:00Z,10.56,10.78,10.345,10.72,2292490,15174,10.576
2022-05-11T04:00:00Z,10.81,11.075,10.53,10.54,1592878,11271,10.7487
2022-05-12T04:00:00Z,10.35,10.53,9.94,10.49,2991691,21028,10.2929
2022-05-13T04:00:00Z,10.57,10.91,10.57,10.8,1589599,12791,10.7623
2022-05-16T04:00:00Z,11.05,11.495,10.99,11.42,2993952,20060,11.2853
2022-05-17T04:00:00Z,11.51,11.52,10.835,10.91,1769881,16048,11.0056
2022-05-18T04:00:00Z,11.43,11.6,11.165,11.33,1922057,14298,11.3669
2022-05-19T04:00:00Z,11.46,11.815,11.45,11.66,1910315,14541,11.6503
2022-05-20T04:00:00Z,11.62,11.735,11.44,11.69,1417912,10558,11.6034
2022-05-23T04:00:00Z,11.69,11.96,11.5,11.9,3250211,18914,11.7369
2022-05-24T04:00:00Z,12,12.2,11.77,11.92,2148444,15111,11.9433
2022-05-25T04:00:00Z,11.97,12.36,11.925,12.32,2487525,16501,12.1168
2022-05-26T04:00:00Z,12.32,12.75,12.32,12.72,2236266,15234,12.5591
2022-05-27T04:00:00Z,12.72,13.125,12.38,13.03,1909113,14089,12.7836
2022-05-31T04:00:00Z,13.15,13.25,12.5,12.8,4073039,28217,12.8476
2022-06-01T04:00:00Z,12.95,13.6,12.9,13.38,2402286,18064,13.272
2022-06-02T04:00:00Z,13.53,13.815,13.34,13.48,2356363,20816,13.5899
2022-06-03T04:00:00Z,13.45,13.59,13.28,13.49,857244,10141,13.4279
2022-06-06T04:00:00Z,13.47,13.64,13.25,13.38,1133715,15163,13.4395
2022-06-07T04:00:00Z,13.12,13.605,13.07,13.57,1461731,15761,13.4294
2022-06-08T04:00:00Z,13.22,13.3,12.83,13.23,1316186,10345,13.1047
2022-06-09T04:00:00Z,12.71,12.84,12.3,12.32,1094975,9072,12.5465
2022-06-10T04:00:00Z,12.16,12.6027,12.075,12.44,1714659,15201,12.3868
2022-06-13T04:00:00Z,12.05,12.12,11.569,11.76,1339156,11692,11.8546
2022-06-14T04:00:00Z,11.78,12.07,11.69,11.76,1247594,11463,11.8596
2022-06-15T04:00:00Z,11.86,12.02,11.65,11.89,909315,8563,11.8718
2022-06-16T04:00:00Z,11.67,11.83,11.39,11.44,1267008,11541,11.5064
2022-06-17T04:00:00Z,11.62,11.83,11.2,11.2,2046659,11269,11.3145
2022-06-21T04:00:00Z,11.89,12.42,11.81,12.2,1293129,11894,12.1879
2022-06-22T04:00:00Z,11.93,12.06,11.81,11.89,885924,7533,11.9318
2022-06-23T04:00:00Z,11.95,12.045,11.59,11.79,914700,6931,11.7867
2022-06-24T04:00:00Z,11.91,12.455,11.89,12.34,1500563,10954,12.2294
2022-06-27T04:00:00Z,12.47,12.855,12.37,12.75,1663022,16849,12.6265
2022-06-28T04:00:00Z,12.81,12.88,12.54,12.6,648588,6387,12.6825
2022-06-29T04:00:00Z,12.93,12.96,12.34,12.42,992602,9311,12.5647
2022-06-30T04:00:00Z,12.09,12.22,11.9012,11.93,966647,8914,12.0328
2022-07-01T04:00:00Z,11.75,12.15,11.54,12.04,827594,10325,11.9038
2022-07-05T04:00:00Z,11.83,11.87,11.54,11.76,1114521,12870,11.7347
2022-07-06T04:00:00Z,11.25,11.41,10.51,10.94,1401742,11778,10.8379
2022-07-07T04:00:00Z,11.1,11.63,11.1,11.22,890829,7771,11.3298
2022-07-08T04:00:00Z,11.33,11.41,11.055,11.29,1034788,9197,11.2286
2022-07-11T04:00:00Z,11.38,11.43,11.08,11.38,1589773,15094,11.3407
2022-07-12T04:00:00Z,11.38,11.77,11.3,11.65,2013857,20710,11.5498
2022-07-13T04:00:00Z,11.73,12.23,11.71,12.09,1949881,16534,12.0211
2022-07-14T04:00:00Z,11.8,12.04,11.66,12,1561715,15450,11.8195
2022-07-15T04:00:00Z,12.21,12.455,11.94,12.41,984078,8120,12.2649
2022-07-18T04:00:00Z,12.56,13.04,12.52,12.85,1710352,12158,12.846
2022-07-19T04:00:00Z,12.81,13.36,12.76,13.31,1434319,11966,13.1335
2022-07-20T04:00:00Z,13.05,13.315,12.92,13.2,1757182,15812,13.1503
2022-07-21T04:00:00Z,12.94,13.46,12.815,13.44,1691585,14233,13.1318
2022-07-22T04:00:00Z,13.19,13.395,12.912,13,1265224,10802,13.148
2022-07-25T04:00:00Z,13.115,13.435,12.92,13.33,1304464,9408,13.2917
2022-07-26T04:00:00Z,13.41,13.44,13.08,13.23,1071202,8970,13.2573
2022-07-27T04:00:00Z,13.39,14.09,13.36,14.03,2246752,16776,13.8057
2022-07-28T04:00:00Z,13.71,13.81,13.27,13.47,1192652,9475,13.5214
2022-07-29T04:00:00Z,13.42,13.65,13.305,13.55,776424,6914,13.5029
2022-08-01T04:00:00Z,13.81,14.525,13.8052,14.32,2037640,14798,14.2606
2022-08-02T04:00:00Z,14.63,14.94,14.47,14.56,1408060,10025,14.6506
2022-08-03T04:00:00Z,14.58,14.775,14.365,14.52,891459,7647,14.6055
2022-08-04T04:00:00Z,14.08,14.62,14.05,14.32,1245097,10679,14.3516
2022-08-05T04:00:00Z,14.03,14.82,14.002,14.47,1578433,13189,14.5139
2022-08-08T04:00:00Z,14.76,15.41,14.68,15.24,1699272,12455,15.2214
2022-08-09T04:00:00Z,15.36,15.65,15.27,15.5,1256381,9347,15.5029
2022-08-10T04:00:00Z,15.4,15.46,15.17,15.37,1006200,5987,15.3603
2022-08-11T04:00:00Z,15.79,16.3,15.78,16.04,1338091,10996,16.0851
2022-08-12T04:00:00Z,15.89,16.05,15.71,16,925032,8094,15.9106
2022-08-15T04:00:00Z,15.53,15.75,15.18,15.73,1306380,11258,15.5127
2022-08-16T04:00:00Z,15.81,16,15.56,15.84,916251,7268,15.8547
2022-08-17T04:00:00Z,16.22,16.88,16.09,16.71,1519992,11442,16.6231
2022-08-18T04:00:00Z,16.74,16.99,16.55,16.84,1238450,11400,16.7736
2022-08-19T04:00:00Z,16.6,16.67,16.35,16.37,880388,7960,16.4679
2022-08-22T04:00:00Z,16.38,16.95,16.38,16.52,1629199,12990,16.6804
2022-08-23T04:00:00Z,16.41,16.66,16.2,16.28,961483,7572,16.4081
2022-08-24T04:00:00Z,16.68,17,16.601,16.83,1232113,10889,16.8178
2022-08-25T04:00:00Z,17.22,17.24,16.115,16.22,1405225,11789,16.5172
2022-08-26T04:00:00Z,16.45,16.51,16.06,16.35,1274940,10664,16.2984
2022-08-29T04:00:00Z,16.49,17.01,16.47,16.93,1259235,8603,16.7828
2022-08-30T04:00:00Z,16.64,16.65,15.95,16.14,1429123,11294,16.2013
2022-08-31T04:00:00Z,15.89,16.31,15.75,16.24,865074,7282,16.1299
2022-09-01T04:00:00Z,16.1,16.3,15.91,16.08,998560,7198,16.0761
2022-09-02T04:00:00Z,16.38,16.45,16.08,16.23,967473,7380,16.2519
2022-09-06T04:00:00Z,16.62,17.77,16.54,17.65,2955585,23358,17.334
2022-09-07T04:00:00Z,16.82,17.09,16.66,16.7,1583457,12945,16.8404
2022-09-08T04:00:00Z,16.57,16.99,16.32,16.92,1224539,10498,16.695
2022-09-09T04:00:00Z,17.36,17.98,17.36,17.77,914218,7302,17.7083
2022-09-12T04:00:00Z,17.45,17.73,17.42,17.71,849974,8989,17.5762
2022-09-13T04:00:00Z,17.44,17.73,17.315,17.33,765933,6300,17.4825
2022-09-14T04:00:00Z,17.7,18.52,17.67,18.2,1288072,10744,18.265
2022-09-15T04:00:00Z,17.77,18.02,17.6,17.87,912865,7593,17.827
2022-09-16T04:00:00Z,17.57,17.885,17.19,17.83,1280285,11241,17.6023
2022-09-19T04:00:00Z,17.1,19.16,17.1,19.02,2155958,18902,18.478
2022-09-20T04:00:00Z,18.7,18.85,18.25,18.57,2008708,19691,18.5935
2022-09-21T04:00:00Z,18.79,18.83,18.185,18.2,967312,9976,18.4626
2022-09-22T04:00:00Z,18.19,18.7,17.81,17.94,914616,10302,18.0681
2022-09-23T04:00:00Z,17.17,17.17,16.39,16.73,1518674,15113,16.6835
2022-09-26T04:00:00Z,16.46,17.13,16.33,16.58,1076406,11713,16.7189
2022-09-27T04:00:00Z,16.63,16.73,16.23,16.49,1285988,13296,16.4464
2022-09-28T04:00:00Z,15.97,16.525,15.7,16.48,1660739,16090,16.0882
2022-09-29T04:00:00Z,16.05,16.21,14.815,15.38,2272081,20367,15.3991
2022-09-30T04:00:00Z,15.58,15.84,15.32,15.39,759169,6496,15.5264
2022-10-03T04:00:00Z,15.35,15.51,14.99,15.2,1513358,13063,15.2305
2022-10-04T04:00:00Z,15.2,15.33,14.77,14.81,1548837,13996,14.9592
2022-10-05T04:00:00Z,14.5,14.66,14.2,14.58,1691955,16367,14.454
2022-10-06T04:00:00Z,14.75,15.44,14.67,15.06,1440519,13668,15.0526
2022-10-07T04:00:00Z,15.06,15.54,14.96,15.28,788473,7255,15.2774
2022-10-10T04:00:00Z,15.5,15.815,15.3,15.39,1927643,19373,15.5805
2022-10-11T04:00:00Z,15.2,15.27,14.68,14.89,1390157,12486,14.9704
2022-10-12T04:00:00Z,14.94,15.27,14.58,15.19,989953,9309,15.0228
2022-10-13T04:00:00Z,14.99,16.045,14.905,15.97,1870936,16279,15.4951
2022-10-14T04:00:00Z,16.34,16.87,16.055,16.76,1649136,14230,16.5528
2022-10-17T04:00:00Z,17.05,17.675,16.8,17.52,1702905,14054,17.3341
2022-10-18T04:00:00Z,17.94,18.14,17.8,18.05,952769,9200,18.0414
2022-10-19T04:00:00Z,17.66,17.72,17.09,17.57,1160419,11666,17.4872
2022-10-20T04:00:00Z,17.58,17.67,17.1,17.34,894417,10171,17.4016
2022-10-21T04:00:00Z,17.2,17.74,17.055,17.71,631116,6129,17.4957
2022-10-24T04:00:00Z,18.09,18.19,17.78,18.08,789117,8109,18.0221
2022-10-25T04:00:00Z,17.86,18.37,17.74,18.22,618211,5986,18.0369
2022-10-26T04:00:00Z,18.35,18.6602,18.2,18.35,633074,6633,18.4801
2022-10-27T04:00:00Z,18.36,18.55,18.05,18.21,730012,6782,18.2727
2022-10-28T04:00:00Z,18.1,18.15,17.485,17.65,1049860,10715,17.6147
2022-10-31T04:00:00Z,17.4,17.86,17.175,17.83,1180660,12586,17.6496
2022-11-01T04:00:00Z,18.21,18.89,18.17,18.75,1022117,10382,18.685
2022-11-02T04:00:00Z,18.68,19.215,18.44,18.56,1067964,10555,18.7961
2022-11-03T04:00:00Z,18.32,18.78,18.26,18.44,1732702,15053,18.5176
2022-11-04T04:00:00Z,19.1,19.44,18.68,19.19,1120440,10942,19.1078
2022-11-07T05:00:00Z,19.3,19.48,18.91,18.99,784293,8727,19.1411
2022-11-08T05:00:00Z,19.02,19.8,18.94,19.67,705013,8003,19.5598
2022-11-09T05:00:00Z,19.64,19.86,18.82,18.9,604291,6321,19.2456
2022-11-10T05:00:00Z,19.09,19.14,18.37,18.78,946982,8875,18.6526
2022-11-11T05:00:00Z,19.11,19.37,18.58,18.91,858224,8486,18.9266
2022-11-14T05:00:00Z,19.06,19.48,18.94,19.09,629075,7439,19.2613
2022-11-15T05:00:00Z,19.58,20.17,19.11,19.97,1249950,12229,19.7375
2022-11-16T05:00:00Z,20,20.325,19.79,19.79,1190685,10027,20.015
2022-11-17T05:00:00Z,19.44,20.55,19.41,20.27,1522798,14620,20.1682
2022-11-18T05:00:00Z,19.87,20.32,19.69,20.18,940686,8293,20.0638
2022-11-21T05:00:00Z,20.48,20.75,19.78,20.32,1350917,11917,20.2019
2022-11-22T05:00:00Z,20.45,20.49,19.9,19.96,945522,9697,20.1201
2022-11-23T05:00:00Z,19.9,20.41,19.49,19.65,840344,8739,19.9664
2022-11-25T05:00:00Z,18.8,19.535,18.4701,19.45,971590,9667,19.1144
2022-11-28T05:00:00Z,18.76,18.89,18.21,18.22,1964888,21011,18.403
2022-11-29T05:00:00Z,18.42,18.82,18.18,18.28,1822558,19539,18.4856
2022-11-30T05:00:00Z,19,19.69,18.91,19.5,2263935,20578,19.2031
2022-12-01T05:00:00Z,19.28,19.565,19.08,19.39,1184043,13266,19.3393
2022-12-02T05:00:00Z,19.28,20.52,19.1,20.37,1504929,14617,19.9566
2022-12-05T05:00:00Z,20.71,21,19.61,19.62,3263114,20921,20.2347
2022-12-06T05:00:00Z,19.53,19.66,18.46,18.55,1765233,16760,18.9571
2022-12-07T05:00:00Z,18.43,18.5,17.175,17.49,2141448,23624,17.595
2022-12-08T05:00:00Z,17.76,18.53,17.64,18.07,8184162,102145,18.0372
2022-12-09T05:00:00Z,17.83,18.11,17.49,17.82,2792224,41643,17.875
2022-12-12T05:00:00Z,18.94,20.095,18.91,19.91,3788981,31052,19.6384
2022-12-13T05:00:00Z,19.68,19.81,19.18,19.36,3532312,32284,19.4171
2022-12-14T05:00:00Z,19.29,19.42,18.45,18.76,3018308,33420,18.8613
2022-12-15T05:00:00Z,18.69,19.08,18.435,18.62,3542160,31722,18.6861
2022-12-16T05:00:00Z,18.35,18.55,18.1,18.3,2315929,19857,18.3414
2022-12-19T05:00:00Z,18.25,18.29,17.44,17.63,1527818,15026,17.7322
2022-12-20T05:00:00Z,17.63,18.19,17.6,17.98,2182996,17934,17.9431
2022-12-21T05:00:00Z,18.03,18.11,17.55,17.57,934812,8449,17.7268
2022-12-22T05:00:00Z,17.42,17.61,16.88,17.12,954725,10238,17.1127
2022-12-23T05:00:00Z,17.14,17.26,16.76,17.24,1702914,10952,17.0335
2022-12-27T05:00:00Z,17.19,17.461,17.1,17.43,715175,6515,17.3141
2022-12-28T05:00:00Z,17.21,17.21,16.54,16.59,1264650,12390,16.705
2022-12-29T05:00:00Z,16.77,17,16.51,16.78,2368924,17629,16.7255
2022-12-30T05:00:00Z,16.68,17.08,16.63,17.04,2844604,19055,16.8592
2023-01-03T05:00:00Z,16.9,16.9,16.12,16.14,2576945,20156,16.3452
2023-01-04T05:00:00Z,15.65,15.9,14.9,15.08,3058165,27903,15.3053
2023-01-05T05:00:00Z,15.39,15.68,15.27,15.62,1923978,16227,15.5382
2023-01-06T05:00:00Z,16.04,16.09,15.64,15.65,2261239,15974,15.8759
2023-01-09T05:00:00Z,15.97,16.31,15.83,15.94,2807993,21022,16.0426
2023-01-10T05:00:00Z,13.13,13.98,12.94,13.5,19092513,121887,13.4469
2023-01-11T05:00:00Z,14.06,14.195,13.225,13.31,10709678,71595,13.6627
2023-01-12T05:00:00Z,13.77,14.53,13.59,14.49,7616465,56302,14.1217
2023-01-13T05:00:00Z,14.59,15.12,14.435,15.01,3685602,26893,14.6532
2023-01-17T05:00:00Z,15.4,15.57,15.22,15.27,2998802,19118,15.2915
2023-01-18T05:00:00Z,15.48,15.66,15.33,15.46,5454456,39853,15.475
2023-01-19T05:00:00Z,15.3,15.61,15.3,15.58,3139386,22550,15.4431
2023-01-20T05:00:00Z,15.7,15.885,15.485,15.83,1397288,11209,15.7242
2023-01-23T05:00:00Z,15.78,15.975,15.72,15.96,3234554,19765,15.8648
2023-01-24T05:00:00Z,15.78,15.87,15.77,15.8,2388099,15884,15.809
2023-01-25T05:00:00Z,15.48,15.7,15.38,15.65,2807687,20998,15.5445
2023-01-26T05:00:00Z,15.79,15.805,15.29,15.3,1742260,13109,15.409
2023-01-27T05:00:00Z,15.35,15.78,15.31,15.74,2401755,14891,15.5584
2023-01-30T05:00:00Z,15.62,15.87,15.62,15.74,1941893,14791,15.7616
2023-01-31T05:00:00Z,15.62,15.85,15.53,15.74,1570352,12082,15.7343
2023-02-01T05:00:00Z,15.9,16.15,15.725,15.96,1802624,14234,15.9399
2023-02-02T05:00:00Z,16.33,16.42,15.89,16.18,1805120,15425,16.2002
2023-02-03T05:00:00Z,16.07,16.465,16.015,16.04,1389831,11256,16.1822
2023-02-06T05:00:00Z,15.96,16.92,15.96,16.8,2194556,15743,16.6045
2023-02-07T05:00:00Z,16.58,16.68,15.895,16.23,4660767,33747,16.1939
2023-02-08T05:00:00Z,16.08,16.46,16.06,16.31,1771606,16310,16.3049
2023-02-09T05:00:00Z,16.61,17.05,16.23,16.36,2934787,21554,16.581
2023-02-10T05:00:00Z,16.23,16.26,15.59,15.88,1768480,13668,15.8383
2023-02-13T05:00:00Z,16.12,16.923,16.04,16.85,2097803,16623,16.6395
2023-02-14T05:00:00Z,16.63,17.25,16.54,16.69,2038579,19039,16.8291
2023-02-15T05:00:00Z,16.55,16.815,16.37,16.78,1109705,10656,16.6577
2023-02-16T05:00:00Z,16.75,16.84,16.5,16.71,1338616,8773,16.6891
2023-02-17T05:00:00Z,16.72,16.72,16.295,16.46,914894,9043,16.5238
2023-02-21T05:00:00Z,16.45,16.795,16.26,16.55,1701455,13227,16.5004
2023-02-22T05:00:00Z,16.45,16.685,16.09,16.39,1074504,9778,16.3813
2023-02-23T05:00:00Z,16.62,17.74,16.62,17.64,2850126,21414,17.3592
2023-02-24T05:00:00Z,17.54,18.65,17.46,18.38,3173397,28233,18.2109
2023-02-27T05:00:00Z,18.27,18.53,18.17,18.47,1587441,13720,18.3594
2023-02-28T05:00:00Z,18.72,18.895,18.101,18.21,1970464,18130,18.3938
2023-03-01T05:00:00Z,18.38,18.825,18.165,18.76,1516275,14125,18.6175
2023-03-02T05:00:00Z,18.75,18.8,18.415,18.57,1233847,13100,18.5858
2023-03-03T05:00:00Z,18.29,19.18,18.29,19.02,977789,10141,18.851
2023-03-06T05:00:00Z,18.55,18.63,18.29,18.5,1078641,9611,18.4654
2023-03-07T05:00:00Z,18.36,18.48,18,18.44,1150320,10341,18.3255
2023-03-08T05:00:00Z,18.57,18.82,18.36,18.72,1129938,12526,18.6465
2023-03-09T05:00:00Z,18.85,18.99,18.2,18.26,1629648,14864,18.502
2023-03-10T05:00:00Z,18.28,18.635,18.055,18.25,1452497,14828,18.332
2023-03-13T04:00:00Z,17.49,17.905,17.29,17.45,2471154,21798,17.5518
2023-03-14T04:00:00Z,17.68,18.095,17.49,17.84,1523079,15317,17.8374
2023-03-15T04:00:00Z,16.66,16.93,16.36,16.7,1894940,18284,16.6227
2023-03-16T04:00:00Z,16.45,16.71,16.105,16.38,1484544,14850,16.4009
2023-03-17T04:00:00Z,16.92,16.975,16.25,16.42,1254934,12219,16.466
2023-03-20T04:00:00Z,16.55,16.985,16.52,16.73,939435,10889,16.8034
2023-03-21T04:00:00Z,17.61,18.005,17.47,17.77,1347604,13744,17.712
2023-03-22T04:00:00Z,17.73,17.95,17.29,17.57,1473893,14166,17.6447
2023-03-23T04:00:00Z,17.69,18.84,17.5,17.65,2940743,27345,18.0981
2023-03-24T04:00:00Z,17.08,17.13,16.67,16.92,1718942,18825,16.8213
2023-03-27T04:00:00Z,17.1,17.41,16.9,17.38,1300114,17957,17.1805
2023-03-28T04:00:00Z,17.14,17.4,17.09,17.25,950318,9135,17.2356
2023-03-29T04:00:00Z,16.93,17.04,16.68,16.79,1430425,11806,16.8067
2023-03-30T04:00:00Z,16.86,16.8604,16.39,16.7,1016144,9733,16.5883
2023-03-31T04:00:00Z,16.58,16.84,16.53,16.79,1045740,10566,16.7305
2023-04-03T04:00:00Z,16.66,16.82,15.85,16.11,3745375,32136,16.0556
2023-04-04T04:00:00Z,16.14,16.38,16.05,16.29,2628548,24242,16.1625
2023-04-05T04:00:00Z,16.36,17.01,16.135,16.85,1873759,16913,16.6643
2023-04-06T04:00:00Z,16.91,16.98,16.41,16.43,807435,9872,16.614
2023-04-10T04:00:00Z,16.5,16.985,16.45,16.77,674558,6540,16.7991
2023-04-11T04:00:00Z,16.69,17.17,16.59,17.01,761506,8479,16.9676
2023-04-12T04:00:00Z,17,17.151,16.89,17.04,577531,6744,17.0229
2023-04-13T04:00:00Z,17.21,17.58,17.2,17.41,746124,8203,17.4564
2023-04-14T04:00:00Z,17.61,17.71,17.4,17.69,535965,6367,17.5968
2023-04-17T04:00:00Z,17.85,18.24,17.76,18.18,984053,10822,18.074
2023-04-18T04:00:00Z,18.16,18.41,17.995,18.29,1062710,10952,18.2386
2023-04-19T04:00:00Z,17.97,17.97,17.38,17.67,910499,10240,17.662
2023-04-20T04:00:00Z,17.34,17.46,16.93,17.03,758795,8686,17.1842
2023-04-21T04:00:00Z,16.75,16.84,16.562,16.81,1000357,9593,16.7378
2023-04-24T04:00:00Z,16.95,18.05,16.9,17.83,1349288,14098,17.7451
2023-04-25T04:00:00Z,17.59,17.63,17.18,17.26,901515,9767,17.3559
2023-04-26T04:00:00Z,17.28,17.28,16.7,16.74,1054561,10727,16.8835
2023-04-27T04:00:00Z,16.78,17.19,16.6701,17.02,894613,9556,16.9806
2023-04-28T04:00:00Z,16.8,17.31,16.72,17.2,624838,7636,17.1535
2023-05-01T04:00:00Z,17.18,17.235,16.87,16.94,590827,6603,17.0024
2023-05-02T04:00:00Z,16.78,16.78,16.01,16.3,1437082,15365,16.2678
2023-05-03T04:00:00Z,16.13,16.13,15.71,15.81,1037431,12174,15.912
2023-05-04T04:00:00Z,15.42,15.77,15.3,15.54,1131847,12780,15.5616
2023-05-05T04:00:00Z,15.62,16.06,15.62,15.84,1096529,11392,15.8912
2023-05-08T04:00:00Z,15.69,15.71,15.39,15.58,783962,9892,15.57
2023-05-09T04:00:00Z,15.26,15.62,15.16,15.53,822800,9958,15.4729
2023-05-10T04:00:00Z,15.63,15.795,15.37,15.72,896936,11682,15.6271
2023-05-11T04:00:00Z,15.94,16.79,15.84,16.51,1574087,16824,16.4171
2023-05-12T04:00:00Z,16.73,16.89,16.215,16.22,1309088,12952,16.5131
2023-05-15T04:00:00Z,16.38,16.44,15.89,16.16,1156211,11060,16.1735
2023-05-16T04:00:00Z,16.12,16.84,16.07,16.64,1820249,20379,16.6113
2023-05-17T04:00:00Z,16.56,16.66,16.295,16.38,1046908,12652,16.4412
2023-05-18T04:00:00Z,16.18,16.25,15.775,16.17,1188811,13851,16.0425
2023-05-19T04:00:00Z,16.49,17.08,16.44,16.77,1018394,11352,16.7538
2023-05-22T04:00:00Z,16.66,16.82,16.44,16.51,1018827,11411,16.6043
2023-05-23T04:00:00Z,16.38,16.435,16.015,16.04,906378,9966,16.1622
2023-05-24T04:00:00Z,15.86,16.14,15.75,16,1113262,11448,15.9415
2023-05-25T04:00:00Z,15.95,16.04,15.56,15.59,1358109,13719,15.8166
2023-05-26T04:00:00Z,15.87,15.97,15.59,15.85,997193,9776,15.7407
2023-05-30T04:00:00Z,15.9,15.96,15.51,15.95,2167723,18311,15.7876
2023-05-31T04:00:00Z,15.3,16.11,15.15,15.44,6583623,49664,15.6798
2023-06-01T04:00:00Z,14.92,15.26,14.79,15.16,2868980,23204,15.031
2023-06-02T04:00:00Z,15.64,16.25,15.64,15.96,2701530,23171,15.9575
2023-06-05T04:00:00Z,15.46,15.6,15.255,15.39,2309494,19482,15.4193
2023-06-06T04:00:00Z,15.08,16.03,15.03,15.99,3313132,27541,15.7608
2023-06-07T04:00:00Z,15.91,16.375,15.62,16.3,2711819,24096,16.0595
2023-06-08T04:00:00Z,15.64,16.36,15.565,16.04,3308643,26030,16.029
2023-06-09T04:00:00Z,16.34,16.49,16.075,16.31,1914584,17790,16.3332
2023-06-12T04:00:00Z,16.47,16.88,15.89,15.97,3858654,26641,16.2377
2023-06-13T04:00:00Z,16.24,16.61,15.53,15.84,3777776,31896,15.9802
2023-06-14T04:00:00Z,16.15,16.485,16.1,16.19,2199463,20979,16.2703
2023-06-15T04:00:00Z,16.43,16.62,16.27,16.44,1670090,15849,16.4008
2023-06-16T04:00:00Z,16.34,16.455,16.2,16.42,1623563,15223,16.3674
2023-06-20T04:00:00Z,16.27,16.27,15.655,16.07,1403859,15044,15.9307
2023-06-21T04:00:00Z,16.23,16.42,16.11,16.16,1026914,10641,16.2041
2023-06-22T04:00:00Z,16,16.24,15.815,16.24,1119839,11428,16.1257
2023-06-23T04:00:00Z,15.7,15.845,15.52,15.59,951370,9414,15.6519
2023-06-26T04:00:00Z,15.5,15.51,15.09,15.09,586197,6232,15.292
2023-06-27T04:00:00Z,15.06,15.225,14.97,14.97,1033703,9857,15.0738
2023-06-28T04:00:00Z,14.9,14.98,14.71,14.77,785773,8783,14.8136
2023-06-29T04:00:00Z,14.81,15.23,14.8,14.97,1982476,18535,15.0327
2023-06-30T04:00:00Z,15.32,15.395,15.155,15.22,1050839,9864,15.2634
2023-07-03T04:00:00Z,15.46,15.73,15.34,15.35,477170,4758,15.4732
2023-07-05T04:00:00Z,15.25,15.55,15.055,15.37,1017730,9937,15.3929
2023-07-06T04:00:00Z,15.09,15.27,14.835,14.88,1377778,13080,15.0036
2023-07-07T04:00:00Z,14.91,15.195,14.87,15.1,972246,10296,15.0702
2023-07-10T04:00:00Z,15.18,15.395,15.05,15.24,1005019,9305,15.2434
2023-07-11T04:00:00Z,15.36,15.65,15.315,15.6,806059,7886,15.5374
2023-07-12T04:00:00Z,15.92,16.01,15.62,15.69,879617,7794,15.804
2023-07-13T04:00:00Z,15.92,15.98,15.78,15.8,818740,7213,15.8455
2023-07-14T04:00:00Z,15.67,15.67,15.2,15.2,655774,7612,15.3311
2023-07-17T04:00:00Z,15.14,15.295,15.08,15.18,556503,6052,15.1974
2023-07-18T04:00:00Z,15.15,15.25,15.02,15.04,558081,6490,15.088
2023-07-19T04:00:00Z,15.1,15.19,14.89,14.98,1105994,10453,14.9918
2023-07-20T04:00:00Z,14.95,15.045,14.825,15.01,668122,7924,14.9598
2023-07-21T04:00:00Z,15.05,15.05,14.74,14.79,693073,7906,14.8048
2023-07-24T04:00:00Z,14.83,15.21,14.811,15.2,637937,8570,15.0608
2023-07-25T04:00:00Z,15.24,15.89,15.23,15.72,1034392,11455,15.6648
2023-07-26T04:00:00Z,15.5,15.655,15.36,15.51,637510,8025,15.5248
2023-07-27T04:00:00Z,15.51,15.67,15.36,15.38,1375105,7227,15.5147
2023-07-28T04:00:00Z,15.55,15.8227,15.5,15.78,809302,8463,15.7383
2023-07-31T04:00:00Z,16.36,16.68,16.24,16.51,944839,8971,16.4468
2023-08-01T04:00:00Z,16.44,16.46,16.2,16.25,615000,7239,16.2956
2023-08-02T04:00:00Z,16.16,16.31,15.91,16.24,746734,8842,16.1532
2023-08-03T04:00:00Z,16.64,17.43,16.64,16.94,1697918,16133,17.0392
2023-08-04T04:00:00Z,17.5,17.51,17.03,17.07,1458252,15098,17.2587
2023-08-07T04:00:00Z,17.25,17.25,16.84,16.89,803706,8524,16.9126
2023-08-08T04:00:00Z,17.02,17.46,16.9,17.2,1604292,13642,17.2046
2023-08-09T04:00:00Z,17.48,17.71,17.35,17.44,950104,10848,17.4906
2023-08-10T04:00:00Z,17.64,17.83,17.32,17.4,1003331,10889,17.5529
2023-08-11T04:00:00Z,17.65,17.8,17.58,17.6,919375,8615,17.6483
2023-08-14T04:00:00Z,17.71,17.76,17.46,17.63,796444,9105,17.6046
2023-08-15T04:00:00Z,17.91,17.915,17.51,17.55,983485,11059,17.6796
2023-08-16T04:00:00Z,18.17,18.37,17.76,17.78,2172015,15851,17.9453
2023-08-17T04:00:00Z,18.13,18.345,17.92,18.16,1424958,12184,18.1398
2023-08-18T04:00:00Z,17.81,18.505,17.78,18.44,1223043,11176,18.2664
2023-08-21T04:00:00Z,18.45,18.48,18.04,18.37,742459,8843,18.2743
2023-08-22T04:00:00Z,18.31,18.415,18.16,18.16,825439,9635,18.2573
2023-08-23T04:00:00Z,17.98,18.18,17.72,17.98,1228419,11051,17.9698
2023-08-24T04:00:00Z,18.13,18.39,17.85,17.87,830879,10796,18.0414
2023-08-25T04:00:00Z,18.06,18.15,17.785,18.02,896003,10227,17.9871
2023-08-28T04:00:00Z,18.19,18.3,17.815,17.91,673607,7786,17.9933
2023-08-29T04:00:00Z,17.9,18.105,17.71,18.08,762019,7986,17.9644
2023-08-30T04:00:00Z,17.98,17.98,17.635,17.86,1612270,9297,17.7831
2023-08-31T04:00:00Z,17.65,17.66,17.05,17.22,1864194,11847,17.3077
2023-09-01T04:00:00Z,17.23,17.23,16.825,17.11,1150581,10832,17.0311
2023-09-05T04:00:00Z,16.78,16.78,16.29,16.35,1625498,14169,16.4218
2023-09-06T04:00:00Z,15.65,15.83,15.47,15.57,919725,7766,15.6065
2023-09-07T04:00:00Z,15.4,15.46,15.1957,15.33,960789,8139,15.3364
2023-09-08T04:00:00Z,15.28,15.59,15.24,15.58,839509,7463,15.4942
2023-09-11T04:00:00Z,15.59,15.62,15.13,15.26,1163161,10340,15.2691
2023-09-12T04:00:00Z,15.21,15.58,15.2,15.46,783908,8459,15.4445
2023-09-13T04:00:00Z,15.43,15.49,15.03,15.16,653743,6478,15.1864
2023-09-14T04:00:00Z,15.46,15.85,15.41,15.49,1090771,9823,15.5909
2023-09-15T04:00:00Z,15.44,15.815,15.41,15.68,1123153,12585,15.677
2023-09-18T04:00:00Z,15.76,16.47,15.71,16.31,1370644,13734,16.2771
2023-09-19T04:00:00Z,16.67,16.79,16.195,16.2,730589,7295,16.362
2023-09-20T04:00:00Z,16.39,16.895,16.37,16.57,969359,10872,16.6749
2023-09-21T04:00:00Z,16.74,17.31,16.44,17.2,3476546,21616,17.025
2023-09-22T04:00:00Z,17.68,17.89,17.21,17.21,2681086,17469,17.4785
2023-09-25T04:00:00Z,17,17.375,16.85,17.29,1615420,8791,17.1806
2023-09-26T04:00:00Z,17.29,17.59,17.14,17.43,2176875,14637,17.3687
2023-09-27T04:00:00Z,17.53,17.795,17.2,17.46,1022159,9297,17.5018
2023-09-28T04:00:00Z,17.18,17.515,17.01,17.48,824193,7873,17.3388
2023-09-29T04:00:00Z,17.14,17.14,15.68,16.43,5204868,38161,16.2372
2023-10-02T04:00:00Z,15.88,16.1012,15.43,15.44,2802174,21113,15.6562
2023-10-03T04:00:00Z,15.28,15.46,14.925,15.16,2002216,16210,15.1367
2023-10-04T04:00:00Z,14.9,14.9,14.45,14.77,1689701,14749,14.6968
2023-10-05T04:00:00Z,17.69,17.7,16.88,17.29,11492362,73576,17.216
2023-10-06T04:00:00Z,17.21,17.37,17.13,17.25,4429615,30773,17.2432
2023-10-09T04:00:00Z,17.64,17.755,17.62,17.69,7825517,37539,17.6883
2023-10-10T04:00:00Z,17.67,17.755,17.65,17.75,4156802,21058,17.7244
2023-10-11T04:00:00Z,17.71,17.95,17.67,17.89,3654512,16475,17.8179
2023-10-12T04:00:00Z,17.83,17.9,17.79,17.85,2368368,16765,17.8423
2023-10-13T04:00:00Z,17.75,17.905,17.75,17.83,4425158,20211,17.8304
2023-10-16T04:00:00Z,17.78,17.84,17.76,17.81,4557865,16284,17.803
2023-10-17T04:00:00Z,17.82,17.92,17.77,17.82,933444,7123,17.8362
2023-10-18T04:00:00Z,17.8,17.91,17.74,17.91,2653306,9213,17.8316
2023-10-19T04:00:00Z,17.83,17.88,17.77,17.79,1162372,8124,17.8167
2023-10-20T04:00:00Z,17.83,17.9,17.785,17.8,1616997,9240,17.8147
2023-10-23T04:00:00Z,17.8,17.865,17.78,17.8,1942493,9080,17.8091
2023-10-24T04:00:00Z,17.81,17.9,17.8,17.84,1301130,8920,17.8591
2023-10-25T04:00:00Z,17.82,17.91,17.82,17.87,1210317,8018,17.8631
2023-10-26T04:00:00Z,17.84,17.88,17.81,17.86,1478118,9672,17.8409
2023-10-27T04:00:00Z,17.89,17.89,17.825,17.87,1336816,8562,17.8552
2023-10-30T04:00:00Z,17.94,17.94,17.82,17.84,1395625,9878,17.8422
2023-10-31T04:00:00Z,17.81,17.88,17.81,17.83,1383210,7839,17.8465
2023-11-01T04:00:00Z,17.84,18.02,17.83,17.95,1932720,11382,17.947
2023-11-02T04:00:00Z,17.97,18.105,17.88,18.08,2253789,17496,18.0465
2023-11-03T04:00:00Z,18,18.14,18,18.13,2395374,17036,18.0947
2023-11-06T05:00:00Z,18.06,18.06,17.875,17.95,1475990,9538,17.9763
2023-11-07T05:00:00Z,17.89,18.06,17.78,17.96,2011114,9564,17.9363
2023-11-08T05:00:00Z,17.99,18.02,17.935,17.97,2093863,12045,17.971
2023-11-09T05:00:00Z,17.94,18.04,17.9398,17.99,2051114,12189,17.9869
2023-11-10T05:00:00Z,17.94,18.03,17.94,18.01,1518648,8638,18.0022
2023-11-13T05:00:00Z,17.97,18.025,17.96,17.98,1218604,8260,17.9856
2023-11-14T05:00:00Z,18.02,18.07,17.945,18.03,2504172,20723,18.0095
2023-11-15T05:00:00Z,18.08,18.12,18,18,2431844,9130,18.0349
2023-11-16T05:00:00Z,17.99,18.04,17.98,18.01,2057590,14735,18.0126
2023-11-17T05:00:00Z,18,18.09,18,18.03,1138428,9277,18.0375
2023-11-20T05:00:00Z,18.03,18.06,18,18.03,1043633,7665,18.0333
2023-11-21T05:00:00Z,18.02,18.075,18.02,18.05,1981210,7432,18.0513
2023-11-22T05:00:00Z,18.05,18.09,18.05,18.07,1841155,7352,18.0613
2023-11-24T05:00:00Z,18.15,18.2,18.14,18.16,708377,5065,18.1707
2023-11-27T05:00:00Z,18.13,18.17,18.07,18.13,1947390,7111,18.1336
2023-11-28T05:00:00Z,18.16,18.17,18.13,18.14,923132,5460,18.1421
2023-11-29T05:00:00Z,18.05,18.05,17.95,17.95,3082468,12307,17.9858
2023-11-30T05:00:00Z,17.96,18,17.95,17.99,1805876,9026,17.9766
2023-12-01T05:00:00Z,17.97,18.02,17.97,18,1388029,8546,17.9993
2023-12-04T05:00:00Z,18,18.02,17.95,17.97,2000288,10844,17.9875
2023-12-05T05:00:00Z,17.95,18,17.945,17.99,1120731,8009,17.9713
2023-12-06T05:00:00Z,17.97,17.98,17.94,17.95,2846171,9756,17.9569
2023-12-07T05:00:00Z,17.97,17.9759,17.94,17.96,1583224,7616,17.9619
2023-12-08T05:00:00Z,17.98,17.98,17.895,17.94,1735926,6979,17.9391
2023-12-11T05:00:00Z,17.96,17.96,17.91,17.94,1873593,7800,17.9387
2023-12-12T05:00:00Z,17.45,17.52,17.45,17.5,1330931,8203,17.4849
2023-12-13T05:00:00Z,17.5,17.55,17.49,17.55,1148622,5713,17.5195
2023-12-14T05:00:00Z,17.55,17.568,17.52,17.55,1834849,6833,17.54
2023-12-15T05:00:00Z,17.51,17.6,17.51,17.54,1773388,8628,17.5466
2023-12-18T05:00:00Z,17.57,17.72,17.56,17.59,2537075,11058,17.6125
2023-12-19T05:00:00Z,17.58,17.64,17.58,17.64,2090968,8517,17.6272
2023-12-20T05:00:00Z,17.61,17.67,17.595,17.61,1619109,7683,17.6244
2023-12-21T05:00:00Z,17.61,17.72,17.59,17.72,1037112,7783,17.6569
2023-12-22T05:00:00Z,17.72,17.7775,17.69,17.72,685263,5530,17.73
2023-12-26T05:00:00Z,17.58,17.7,17.55,17.6,2013491,8603,17.5956
2023-12-27T05:00:00Z,17.63,17.64,17.57,17.59,926398,6586,17.5964
2023-12-28T05:00:00Z,17.61,17.7,17.61,17.62,1169237,8597,17.6386
2023-12-29T05:00:00Z,17.62,17.65,17.59,17.59,1148238,7382,17.6249
2024-01-02T05:00:00Z,17.59,17.645,17.57,17.58,1033998,7040,17.591
2024-01-03T05:00:00Z,17.62,17.65,17.59,17.61,1178895,6059,17.6145
2024-01-04T05:00:00Z,17.62,17.63,17.565,17.59,1327080,6185,17.5928
2024-01-05T05:00:00Z,17.58,17.63,17.57,17.6,1158795,7599,17.5936
2024-01-08T05:00:00Z,17.62,17.65,17.58,17.61,1016636,7342,17.6133
2024-01-09T05:00:00Z,17.63,17.65,17.5717,17.64,1096951,6792,17.6173
2024-01-10T05:00:00Z,17.63,17.64,17.6,17.63,1270688,5486,17.6181
2024-01-11T05:00:00Z,17.6,17.63,17.59,17.6,1356782,7540,17.6039
2024-01-12T05:00:00Z,17.63,17.65,17.54,17.56,2336204,12156,17.577
2024-01-16T05:00:00Z,17.62,17.62,17.55,17.56,1073416,6669,17.5797
2024-01-17T05:00:00Z,17.58,17.63,17.56,17.61,1307095,8568,17.6051
2024-01-18T05:00:00Z,17.62,17.62,17.59,17.61,749509,4084,17.6049
2024-01-19T05:00:00Z,17.63,17.63,17.59,17.6,1105465,7350,17.6032
2024-01-22T05:00:00Z,17.62,17.63,17.6,17.6,1176876,6072,17.6119
2024-01-23T05:00:00Z,17.63,17.64,17.6,17.61,966153,5324,17.6129
2024-01-24T05:00:00Z,17.65,17.73,17.62,17.62,1260832,6183,17.6579
2024-01-25T05:00:00Z,17.65,17.655,17.61,17.64,1933879,6485,17.6276
2024-01-26T05:00:00Z,17.64,17.69,17.63,17.68,933970,5898,17.6504
2024-01-29T05:00:00Z,17.67,17.69,17.63,17.67,550828,4504,17.6596
2024-01-30T05:00:00Z,17.67,17.69,17.65,17.69,597972,4553,17.67
2024-01-31T05:00:00Z,17.66,17.69,17.645,17.65,1061756,6381,17.6708
2024-02-01T05:00:00Z,17.74,17.78,17.685,17.73,2393193,10624,17.7198
2024-02-02T05:00:00Z,17.73,17.73,17.71,17.72,1008591,7093,17.72
2024-02-05T05:00:00Z,17.73,17.73,17.7,17.71,1292466,7063,17.7171
2024-02-06T05:00:00Z,17.71,17.75,17.7,17.75,2098785,7718,17.7327
2024-02-07T05:00:00Z,17.74,17.81,17.72,17.8,2237494,7970,17.7806
2024-02-08T05:00:00Z,17.75,17.79,17.75,17.78,2325628,11141,17.7774
2024-02-09T05:00:00Z,17.79,17.81,17.76,17.81,1205319,6282,17.7959
2024-02-12T05:00:00Z,17.79,17.84,17.77,17.82,2550456,10472,17.8171
2024-02-13T05:00:00Z,17.8,17.83,17.75,17.82,1813363,7984,17.7964
2024-02-14T05:00:00Z,17.81,17.82,17.72,17.76,2475193,27019,17.7817
2024-02-15T05:00:00Z,17.74,17.8,17.73,17.77,992691,15830,17.7602
2024-02-16T05:00:00Z,17.75,17.77,17.74,17.74,728357,4384,17.7438
2024-02-20T05:00:00Z,17.74,17.85,17.72,17.78,4140520,17166,17.8043
2024-02-21T05:00:00Z,17.81,17.81,17.75,17.76,953006,4933,17.7751
2024-02-22T05:00:00Z,17.75,17.77,17.73,17.75,1363861,6484,17.7486
2024-02-23T05:00:00Z,17.75,17.76,17.73,17.75,705291,3018,17.7501
2024-02-26T05:00:00Z,17.75,17.76,17.74,17.75,877135,4695,17.7529
2024-02-27T05:00:00Z,17.72,17.74,17.67,17.7,1870804,5640,17.7069
2024-02-28T05:00:00Z,17.71,17.74,17.7,17.73,3658464,4764,17.7118
2024-02-29T05:00:00Z,17.7,17.725,17.7,17.71,1178350,4589,17.7061
2024-03-01T05:00:00Z,17.71,17.745,17.64,17.64,1060449,4597,17.691
2024-03-04T05:00:00Z,17.7,17.735,17.68,17.73,3211493,11687,17.7177
2024-03-05T05:00:00Z,17.72,17.77,17.72,17.74,1870595,6580,17.748
2024-03-06T05:00:00Z,17.72,17.8,17.72,17.79,1737560,3390,17.7708
2024-03-07T05:00:00Z,17.78,17.82,17.76,17.77,3950309,4056,17.7856
2024-03-08T05:00:00Z,17.77,17.81,17.77,17.8,1909755,3362,17.8023
2024-03-11T04:00:00Z,17.8,17.81,17.78,17.79,503316,4054,17.7961
2024-03-12T04:00:00Z,17.77,17.8,17.77,17.79,444929,3746,17.7844
2024-03-13T04:00:00Z,17.8,17.83,17.66,17.75,2995320,6870,17.7271
2024-03-14T04:00:00Z,17.75,17.86,17.73,17.85,786166,4228,17.8133
2024-03-15T04:00:00Z,17.68,17.8,16.38,16.42,3096051,14150,16.9892
2024-03-18T04:00:00Z,16.27,16.375,15.43,15.48,1601233,11428,15.6891
2024-03-19T04:00:00Z,15.25,15.88,15.25,15.4,1383965,9516,15.5374
2024-03-20T04:00:00Z,14.46,14.84,14.1,14.69,3788789,22658,14.376
2024-03-21T04:00:00Z,14.94,16.04,14.81,16.03,5005160,27422,15.5234
2024-03-22T04:00:00Z,16.1,16.3,15.97,15.98,1571034,9062,16.1567
2024-03-25T04:00:00Z,16.01,16.33,15.93,16.23,845346,6651,16.1813
2024-03-26T04:00:00Z,16.25,16.42,16.175,16.41,410641,3596,16.3242
2024-03-27T04:00:00Z,16.28,16.45,16.27,16.45,407486,3907,16.3706
2024-03-28T04:00:00Z,16.5,16.69,16.46,16.63,267588,2813,16.5827
2024-04-01T04:00:00Z,16.67,16.697,16.58,16.61,385825,2707,16.6247
2024-04-02T04:00:00Z,16.71,16.73,16.605,16.61,197417,2470,16.655
2024-04-03T04:00:00Z,16.72,16.87,16.655,16.87,315286,2965,16.741
2024-04-04T04:00:00Z,16.92,17.01,16.77,16.77,531339,3535,16.8727
2024-04-05T04:00:00Z,16.8,17.09,16.8,16.98,616256,6337,17.0105
2024-04-08T04:00:00Z,16.99,17.05,16.55,16.59,574403,4472,16.7623
2024-04-09T04:00:00Z,16.62,16.97,16.41,16.61,804346,7142,16.6465
2024-04-10T04:00:00Z,16.53,16.56,16.28,16.41,464146,3580,16.4129
2024-04-11T04:00:00Z,16.48,16.73,16.405,16.58,363619,2863,16.5859
2024-04-12T04:00:00Z,16.56,16.66,16.22,16.28,514883,3562,16.4053
2024-04-15T04:00:00Z,16.3,16.41,16.18,16.18,420979,4125,16.2813
2024-04-16T04:00:00Z,16.28,16.48,16.11,16.46,301958,2939,16.3181
2024-04-17T04:00:00Z,16.48,16.63,16.46,16.5,219194,2243,16.534
2024-04-18T04:00:00Z,16.39,16.45,16.25,16.37,262557,3002,16.3461
2024-04-19T04:00:00Z,16.15,16.41,16.112,16.35,247836,2568,16.3242
2024-04-22T04:00:00Z,16.3,16.41,16.21,16.29,173165,2145,16.3125
2024-04-23T04:00:00Z,16.34,16.63,16.27,16.56,120269,2960,16.4872
2024-04-24T04:00:00Z,16.58,16.66,16.4,16.42,118687,2300,16.476
2024-04-25T04:00:00Z,16.45,16.59,16.35,16.42,206231,3624,16.4489
2024-04-26T04:00:00Z,16.78,16.99,16.65,16.85,359452,3842,16.8535
2024-04-29T04:00:00Z,16.85,16.887,16.7,16.75,188524,2106,16.7845
2024-04-30T04:00:00Z,16.75,16.85,16.58,16.69,119665,2234,16.6851
2024-05-01T04:00:00Z,16.73,16.76,16.51,16.66,170033,2683,16.6561
2024-05-02T04:00:00Z,16.73,16.96,16.67,16.95,190738,2496,16.8436
2024-05-03T04:00:00Z,16.98,17.1,16.86,17,144628,2072,16.9759
2024-05-06T04:00:00Z,17,17.0501,16.87,16.91,198153,1960,16.9475
2024-05-07T04:00:00Z,17.13,17.44,17.09,17.36,360966,3233,17.215
2024-05-08T04:00:00Z,18,18.66,17.79,18.6,443241,4245,18.3833
2024-05-09T04:00:00Z,18.57,19.305,18.57,19.29,469752,4642,19.105
2024-05-10T04:00:00Z,19.36,19.71,19.34,19.5,473779,4315,19.567
2024-05-13T04:00:00Z,19.46,19.7999,19.46,19.66,361499,4442,19.6356
2024-05-14T04:00:00Z,19.67,20.19,19.66,20.17,399764,4358,20.0282
2024-05-15T04:00:00Z,20.25,20.44,20.09,20.28,291026,3373,20.2477
2024-05-16T04:00:00Z,20.44,20.798,20.425,20.74,394613,3764,20.6857
2024-05-17T04:00:00Z,20.79,20.86,20.46,20.7,310034,2877,20.6515
2024-05-20T04:00:00Z,21,21.25,20.9,21.04,419124,3948,21.0906
2024-05-21T04:00:00Z,21.23,21.26,20.92,21.08,753202,6097,21.064
2024-05-22T04:00:00Z,16.49,16.51,16.055,16.08,1333171,5983,16.2459
2024-05-23T04:00:00Z,16.11,16.31,15.905,16,284455,2888,16.0427
2024-05-24T04:00:00Z,16,16.285,16,16.19,291884,3737,16.1916
2024-05-28T04:00:00Z,16.35,16.45,15.88,15.96,343214,3956,16.0475
2024-05-29T04:00:00Z,15.9,15.97,15.79,15.94,161330,1957,15.8893
2024-05-30T04:00:00Z,16.02,16.4,16.02,16.36,200915,2170,16.2735
2024-05-31T04:00:00Z,16.52,16.9899,16.41,16.91,281319,2613,16.7181
2024-06-03T04:00:00Z,16.88,17.3,16.87,17.01,380435,3754,17.0712
2024-06-04T04:00:00Z,17.01,17.01,16.48,16.5,1022741,2136,16.6526
2024-06-05T04:00:00Z,16.45,16.81,16.36,16.8,363060,2549,16.6409
2024-06-06T04:00:00Z,16.65,16.65,16.11,16.17,221813,2504,16.3121
2024-06-07T04:00:00Z,16.22,16.31,16.04,16.23,146829,1727,16.2178
2024-06-10T04:00:00Z,16.22,16.32,16.04,16.26,94233,1493,16.2175
2024-06-11T04:00:00Z,16.01,16.04,15.6,15.68,227167,2441,15.7615
2024-06-12T04:00:00Z,15.79,15.91,15.58,15.88,107506,1714,15.7702
2024-06-13T04:00:00Z,15.82,15.82,15.43,15.65,158225,2073,15.6071
2024-06-14T04:00:00Z,15.42,15.475,15.045,15.09,316907,2780,15.221
2024-06-17T04:00:00Z,15.32,15.635,15.26,15.62,122593,2088,15.463
2024-06-18T04:00:00Z,15.46,15.69,15.34,15.69,129244,1856,15.5679
2024-06-20T04:00:00Z,15.43,16.07,15.39,15.82,230667,2082,15.7164
2024-06-21T04:00:00Z,15.9,16.15,15.54,15.95,133135,1692,15.8692
2024-06-24T04:00:00Z,16.09,16.4499,16.09,16.38,122540,1726,16.281
2024-06-25T04:00:00Z,16.46,16.55,16.2,16.54,109517,1367,16.3838
2024-06-26T04:00:00Z,16.5,16.64,16.26,16.57,170974,1608,16.4796
2024-06-27T04:00:00Z,16.58,16.68,16.35,16.64,109979,1536,16.5078
2024-06-28T04:00:00Z,16.59,16.6299,16.4,16.54,123600,1500,16.5113
2024-07-01T04:00:00Z,16.89,16.9,16.55,16.74,174695,2063,16.7658
2024-07-02T04:00:00Z,16.8,16.87,16.55,16.8,149043,2202,16.7474
2024-07-03T04:00:00Z,16.91,16.98,16.79,16.82,99913,1244,16.8951
2024-07-05T04:00:00Z,16.83,17.45,16.83,17.44,298520,3908,17.2129
2024-07-08T04:00:00Z,17.44,17.44,17.06,17.13,376564,3661,17.2361
2024-07-09T04:00:00Z,17.2,17.21,16.95,17,336947,3821,17.0446
2024-07-10T04:00:00Z,16.06,16.68,15.89,16.47,237182,2972,16.3663
2024-07-11T04:00:00Z,16.5,16.5,16.07,16.31,124705,2186,16.2676
2024-07-12T04:00:00Z,16.51,16.51,16.22,16.31,157488,2255,16.3272
2024-07-15T04:00:00Z,16.46,16.46,15.9175,16.1,132000,1675,16.1826
2024-07-16T04:00:00Z,15.83,16.15,15.625,16.15,147752,2258,15.9664
2024-07-17T04:00:00Z,16.16,16.33,16.15,16.17,153239,1923,16.2214
2024-07-18T04:00:00Z,16.38,16.43,16.115,16.23,162171,1871,16.2092
2024-07-19T04:00:00Z,16.45,16.5,16.32,16.47,107037,1794,16.4269
2024-07-22T04:00:00Z,16.58,17.08,16.58,16.96,141913,2451,16.8911
2024-07-23T04:00:00Z,16.91,16.99,16.47,16.74,183760,2060,16.7487
2024-07-24T04:00:00Z,16.65,16.82,16.38,16.56,166534,1870,16.6499
2024-07-25T04:00:00Z,16.79,17.03,16.5101,16.91,157531,1933,16.8162
2024-07-26T04:00:00Z,16.96,17.08,16.6,16.85,650810,2246,16.8868
2024-07-29T04:00:00Z,16.81,17.22,16.8,17.21,377097,2681,17.1135
2024-07-30T04:00:00Z,17.21,17.76,17.21,17.54,201085,2066,17.4728
2024-07-31T04:00:00Z,17.68,18.43,17.68,18.37,309713,2306,18.147
2024-08-01T04:00:00Z,18.19,18.19,17.45,17.75,301615,2973,17.6715
2024-08-02T04:00:00Z,17.21,17.46,16.9402,17.39,369409,2399,17.2497
2024-08-05T04:00:00Z,16.28,17.16,16.1019,16.73,214610,2590,16.6367
2024-08-06T04:00:00Z,16.7,17.12,16.55,17.04,90525,1341,16.9328
2024-08-07T04:00:00Z,17.11,17.12,16.78,16.95,57115,1060,16.9648
2024-08-08T04:00:00Z,17.25,17.29,16.8,17.12,143073,1762,16.9441
2024-08-09T04:00:00Z,17.03,17.12,16.77,16.93,143038,1384,16.9387
2024-08-12T04:00:00Z,16.8,17.28,16.8,17.13,170633,1957,17.0616
2024-08-13T04:00:00Z,17.15,17.1799,16.79,16.92,192463,1922,17.0053
2024-08-14T04:00:00Z,17.02,17.06,16.84,17.04,69703,1141,16.9958
2024-08-15T04:00:00Z,17.1,17.16,16.94,17.04,128512,2148,17.0575
2024-08-16T04:00:00Z,16.98,17.1,16.83,16.91,134643,1927,16.9995
2024-08-19T04:00:00Z,16.77,16.77,16.57,16.7,136123,2249,16.6839
2024-08-20T04:00:00Z,16.63,16.73,16.48,16.52,92196,1614,16.6044
2024-08-21T04:00:00Z,16.68,16.6999,16,16.22,465937,2274,16.2722
2024-08-22T04:00:00Z,16.33,16.4499,15.9,16.03,245370,2851,16.1933
2024-08-23T04:00:00Z,16.24,16.4699,16.19,16.27,72587,1443,16.2792
2024-08-26T04:00:00Z,16.25,16.46,16.24,16.39,70896,1322,16.3803
2024-08-27T04:00:00Z,16.51,16.59,16.35,16.53,79426,1043,16.4771
2024-08-28T04:00:00Z,16.45,16.4699,16.04,16.13,81745,1420,16.2162
2024-08-29T04:00:00Z,16.1,16.26,16,16.26,71227,1423,16.1273
2024-08-30T04:00:00Z,16.23,16.59,16.2,16.56,76733,1257,16.4136
2024-09-03T04:00:00Z,16.3,16.3,15.58,15.64,242312,2835,15.8753
2024-09-04T04:00:00Z,15.58,15.79,15.49,15.51,67023,1139,15.6158
2024-09-05T04:00:00Z,15.51,15.73,15.49,15.55,78279,1446,15.5899
2024-09-06T04:00:00Z,15.57,15.6,15.05,15.19,146297,2247,15.275
2024-09-09T04:00:00Z,15.14,15.23,14.92,14.96,89197,1523,15.0834
2024-09-10T04:00:00Z,15,15.05,14.58,14.73,87923,1526,14.7438
2024-09-11T04:00:00Z,14.87,15.14,14.7301,15.08,89639,1199,14.9382
2024-09-12T04:00:00Z,14.94,15.43,14.94,15.24,75347,1182,15.1604
2024-09-13T04:00:00Z,15.34,15.68,15.34,15.6,56110,1111,15.5364
2024-09-16T04:00:00Z,15.69,15.76,15.5201,15.75,66400,1264,15.6601
2024-09-17T04:00:00Z,15.89,16.12,15.79,16.1,56768,1031,16.0282
2024-09-18T04:00:00Z,16.1,16.3002,15.96,15.96,69292,1235,16.0947
2024-09-19T04:00:00Z,16.14,16.28,16.1,16.26,62347,1212,16.2086
2024-09-20T04:00:00Z,16,16.0142,15.64,15.73,120823,1591,15.8447
2024-09-23T04:00:00Z,15.65,15.91,15.64,15.86,89696,1076,15.7708
2024-09-24T04:00:00Z,15.86,16.17,15.81,16.13,73576,1038,16.0739
2024-09-25T04:00:00Z,16.15,16.15,15.8,15.92,52373,793,15.9689
2024-09-26T04:00:00Z,16.08,16.45,16.08,16.31,76208,1097,16.2907
2024-09-27T04:00:00Z,16.42,16.51,16.36,16.45,48470,873,16.4397
2024-09-30T04:00:00Z,16.35,16.63,16.26,16.62,107482,1332,16.4458
2024-10-01T04:00:00Z,16.5,16.8885,16.35,16.77,138248,1499,16.7327
2024-10-02T04:00:00Z,17,17.34,17,17.32,124144,1534,17.1998
2024-10-03T04:00:00Z,17.17,17.52,17.125,17.48,77958,1125,17.3741
2024-10-04T04:00:00Z,17.43,17.48,17.25,17.25,85832,1302,17.384
2024-10-07T04:00:00Z,17.3,17.6,17.3,17.58,64088,1047,17.5138
2024-10-08T04:00:00Z,17.48,17.48,17.2,17.34,77318,943,17.3119
2024-10-09T04:00:00Z,17,17.03,16.38,16.49,101782,1746,16.5487
2024-10-10T04:00:00Z,16.62,16.68,16.54,16.58,68230,969,16.6064
2024-10-11T04:00:00Z,16.6,16.7925,16.6,16.7,37842,780,16.6938
2024-10-14T04:00:00Z,16.57,16.57,16.23,16.27,50447,850,16.3589
2024-10-15T04:00:00Z,16.15,16.15,15.9,15.93,46064,995,16.0319
2024-10-16T04:00:00Z,15.91,16.36,15.91,16.31,57784,961,16.201
2024-10-17T04:00:00Z,16.22,16.27,16.06,16.17,56803,770,16.187
2024-10-18T04:00:00Z,16.22,16.39,16.13,16.35,41828,785,16.3036
2024-10-21T04:00:00Z,16.36,16.36,16.1712,16.21,48544,800,16.2413
2024-10-22T04:00:00Z,16.23,16.23,16.05,16.05,41484,720,16.1164
2024-10-23T04:00:00Z,16.01,16.01,15.64,15.64,50392,1045,15.8482
2024-10-24T04:00:00Z,15.52,15.52,15.26,15.29,108663,1434,15.383
2024-10-25T04:00:00Z,15.21,15.3699,15.2,15.22,55794,1097,15.2596
2024-10-28T04:00:00Z,15.02,15.04,14.81,14.84,79591,1296,14.9377
2024-10-29T04:00:00Z,14.83,14.901,14.23,14.31,132142,1907,14.4758
2024-10-30T04:00:00Z,14.23,14.31,14.02,14.05,119409,1876,14.1495
2024-10-31T04:00:00Z,14.1,14.16,13.87,13.91,66732,1346,13.9964
2024-11-01T04:00:00Z,13.9,14,13.78,13.78,77455,1578,13.8512
2024-11-04T05:00:00Z,13.76,13.76,13.36,13.37,96560,2010,13.5357
2024-11-05T05:00:00Z,13.42,13.67,13.26,13.29,84952,1449,13.4127
2024-11-06T05:00:00Z,13.22,13.4,13.149,13.32,115810,1906,13.2666
2024-11-07T05:00:00Z,13.3,13.62,13.05,13.16,97024,1661,13.2164
2024-11-08T05:00:00Z,13,13.0957,12.67,12.86,164481,2292,12.8056
2024-11-11T05:00:00Z,12.8,13.0799,12.65,12.82,119493,1529,12.8456
2024-11-12T05:00:00Z,12.71,12.8,12.64,12.75,183942,2044,12.6911
2024-11-13T05:00:00Z,12.76,13.1,12.71,13.09,159483,2544,12.9561
2024-11-14T05:00:00Z,13,13.2,12.8501,12.88,90156,1267,12.9858
2024-11-15T05:00:00Z,12.85,12.92,12.65,12.67,110875,1503,12.7191
2024-11-18T05:00:00Z,12.67,12.84,12.62,12.77,75878,1140,12.7645
2024-11-19T05:00:00Z,12.67,12.7999,12.6399,12.65,75655,1010,12.6688
2024-11-20T05:00:00Z,12.64,12.67,12.175,12.25,111803,1472,12.3105
2024-11-21T05:00:00Z,12.2,12.2,11.76,11.84,157308,1563,11.8964
2024-11-22T05:00:00Z,11.83,12,11.73,11.76,105419,1232,11.8559
2024-11-25T05:00:00Z,12.03,12.03,11.5,11.52,137858,2127,11.7111
2024-11-26T05:00:00Z,11.6,11.626,10.92,11.05,202046,2363,11.1644
2024-11-27T05:00:00Z,11.01,11.1395,10.7817,11.02,237732,2546,10.9412
2024-11-29T05:00:00Z,11.33,11.4216,11.0396,11.22,95478,1162,11.2409
2024-12-02T05:00:00Z,11.2,11.23,10.82,10.9,120582,1650,10.9776
2024-12-03T05:00:00Z,11.09,11.36,11.09,11.29,148782,1550,11.2485
2024-12-04T05:00:00Z,11.33,11.34,10.82,11.01,180676,2058,10.9918
2024-12-05T05:00:00Z,11.01,11.12,10.57,10.67,163321,2177,10.7578
2024-12-06T05:00:00Z,10.73,10.81,10.31,10.36,112477,1777,10.4653
2024-12-09T05:00:00Z,10.5,10.7,10.26,10.35,88911,1510,10.4611
2024-12-10T05:00:00Z,10.35,10.43,10.15,10.23,108013,1450,10.2566
2024-12-11T05:00:00Z,10.07,10.12,9.65,9.74,200097,2887,9.83917
2024-12-12T05:00:00Z,9.74,9.745,9.26,9.32,151385,2018,9.4157
2024-12-13T05:00:00Z,9.37,9.4,9.07,9.14,91341,1368,9.18126
2024-12-16T05:00:00Z,9.1,9.21,8.585,8.63,189007,2354,8.74238
2024-12-17T05:00:00Z,8.73,9.32,8.69,9.31,266806,2556,9.12937
2024-12-18T05:00:00Z,9.31,9.5839,9.22,9.32,157394,1940,9.40561
2024-12-19T05:00:00Z,9.42,9.4689,9.1,9.16,81098,1241,9.24828
2024-12-20T05:00:00Z,9.14,9.52,9.01,9.4,124972,1548,9.32467
2024-12-23T05:00:00Z,9.4,10.07,9.33,10.07,155341,2426,9.81675
2024-12-24T05:00:00Z,10.1,10.29,9.93,10.21,82144,1380,10.1634
2024-12-26T05:00:00Z,10.23,10.23,9.89,10.06,69423,1600,10.022
2024-12-27T05:00:00Z,10.13,10.2,9.9231,10.03,63900,1258,10.0391
2024-12-30T05:00:00Z,9.96,10.14,9.79,9.8,142044,1850,9.91834
2024-12-31T05:00:00Z,9.8,10.05,9.8,9.93,77339,1088,9.95303
2025-01-02T05:00:00Z,10.14,10.45,10.14,10.38,123215,1539,10.3027
2025-01-03T05:00:00Z,10.49,10.49,10.07,10.16,62692,1063,10.1946
2025-01-06T05:00:00Z,10.19,10.54,10.19,10.36,74441,1300,10.3675
2025-01-07T05:00:00Z,10.5,10.79,10.5,10.68,67671,1163,10.649
2025-01-08T05:00:00Z,10.6,10.64,10.4,10.52,54219,998,10.5279
2025-01-10T05:00:00Z,10.86,11.23,10.8123,11.06,104194,1651,10.9673
2025-01-13T05:00:00Z,11.1,11.44,11.02,11.34,114007,1857,11.261
2025-01-14T05:00:00Z,11.4,11.9889,11.34,11.85,166413,2338,11.7257
2025-01-15T05:00:00Z,12,12,11.34,11.65,135821,2364,11.6422
2025-01-16T05:00:00Z,11.53,11.69,11.13,11.16,66347,1260,11.4009
2025-01-17T05:00:00Z,11.16,11.2999,10.97,11.11,80965,1330,11.114
2025-01-21T05:00:00Z,11.41,11.48,11.11,11.24,89908,1269,11.2816
2025-01-22T05:00:00Z,11.24,11.37,11.05,11.16,59036,1045,11.1962
2025-01-23T05:00:00Z,11.15,11.22,10.9,10.98,60210,1181,11.0383
2025-01-24T05:00:00Z,10.95,11.24,10.8,11.21,61690,1168,11.0213
2025-01-27T05:00:00Z,10.99,11.27,10.62,10.65,120367,1489,10.9048
2025-01-28T05:00:00Z,10.68,10.8361,10.5,10.6,57937,1169,10.6213
2025-01-29T05:00:00Z,10.6,10.805,10.52,10.76,44618,820,10.6985
2025-01-30T05:00:00Z,10.82,11.21,10.82,11.18,57127,1083,11.0595
2025-01-31T05:00:00Z,11.03,11.1,10.74,10.79,59504,1186,10.8971
2025-02-03T05:00:00Z,10.63,10.95,10.63,10.8,59061,952,10.7966
2025-02-04T05:00:00Z,10.75,11.36,10.75,11.35,97567,1192,11.1829
2025-02-05T05:00:00Z,11.25,11.2736,10.81,10.83,71417,962,11.0895
2025-02-06T05:00:00Z,11.12,11.2,10.67,10.8,76400,1070,10.8919
2025-02-07T05:00:00Z,10.86,11.07,10.56,10.72,45024,769,10.7564
2025-02-10T05:00:00Z,10.65,10.91,10.65,10.84,65816,835,10.7906
2025-02-11T05:00:00Z,10.9,10.99,10.5501,10.7,50854,850,10.733
2025-02-12T05:00:00Z,10.67,10.915,10.66,10.77,55876,810,10.7923
2025-02-13T05:00:00Z,10.77,10.845,10.45,10.48,70867,1066,10.6187
2025-02-14T05:00:00Z,10.7,10.7,9.94,9.96,160169,1841,10.1234
2025-02-18T05:00:00Z,10,10.201,9.97,10.08,73730,1326,10.0787
2025-02-19T05:00:00Z,10.06,10.15,9.74,9.83,106344,1342,9.88987
2025-02-20T05:00:00Z,9.8,10.16,9.71,10.13,78196,1325,10.012
2025-02-21T05:00:00Z,10.14,10.2,9.9466,9.96,49454,1055,10.0302
2025-02-24T05:00:00Z,9.94,9.94,9.75,9.85,47515,969,9.85095
2025-02-25T05:00:00Z,9.85,10.03,9.5,9.5,125509,1498,9.65082
2025-02-26T05:00:00Z,9.61,9.84,9.49,9.61,45135,914,9.64598
2025-02-27T05:00:00Z,9.6,9.93,9.1908,9.25,100061,1160,9.35945
2025-02-28T05:00:00Z,9.3,9.35,8.8,8.91,182132,2060,9.02369
2025-03-03T05:00:00Z,9.04,9.36,8.75,8.81,123644,1712,8.92374
2025-03-04T05:00:00Z,8.79,8.98,8.59,8.67,121710,1494,8.726
2025-03-05T05:00:00Z,8.77,8.85,8.47,8.69,141639,1703,8.69872
2025-03-06T05:00:00Z,8.9,9.2,8.771,9.1,77057,1212,8.99625
2025-03-07T05:00:00Z,9.07,9.3581,8.99,9.05,141517,1316,9.11787
2025-03-10T04:00:00Z,9.05,9.24,8.69,8.86,97347,1531,8.91752
2025-03-11T04:00:00Z,8.89,9.09,8.5801,8.8,93711,1153,8.75716
2025-03-12T04:00:00Z,8.91,9.08,8.82,8.87,55853,738,8.91722
2025-03-13T04:00:00Z,8.91,9.2299,8.9,9.04,73937,1252,9.0998
2025-03-14T04:00:00Z,9.21,9.21,8.938,9.11,55383,878,9.04499
2025-03-17T04:00:00Z,9.21,9.72,9.21,9.54,106241,1404,9.51582
2025-03-18T04:00:00Z,9.47,9.67,9.31,9.42,64890,974,9.47689
2025-03-19T04:00:00Z,9.49,9.91,9.49,9.85,83956,1094,9.75526
2025-03-20T04:00:00Z,9.69,9.89,9.4939,9.75,41766,652,9.70582
2025-03-21T04:00:00Z,9.64,9.64,9.258,9.39,43304,761,9.42913
2025-03-24T04:00:00Z,9.4,9.65,9.3922,9.53,65301,920,9.50689
2025-03-25T04:00:00Z,9.64,9.935,9.62,9.74,61935,939,9.74236
2025-03-26T04:00:00Z,9.98,10.1999,9.8,9.91,67417,1065,9.96641
2025-03-27T04:00:00Z,9.8,9.96,9.45,9.62,92041,982,9.6918
2025-03-28T04:00:00Z,9.51,9.53,9.1393,9.16,65373,940,9.26758
2025-03-31T04:00:00Z,9.11,9.17,8.85,9.08,54408,800,9.06235
2025-04-01T04:00:00Z,9.13,9.2494,9.03,9.2,32920,666,9.14195
2025-04-02T04:00:00Z,9.17,9.2,8.8,9.13,62882,1159,8.98908
2025-04-03T04:00:00Z,8.85,8.9651,8.62,8.69,80907,1169,8.75692
2025-04-04T04:00:00Z,8.37,8.38,7.8028,8.1,150661,1903,8.02396
2025-04-07T04:00:00Z,7.81,8.32,7.65,8.22,118611,1806,8.0439
2025-04-08T04:00:00Z,8.55,8.74,7.85,7.86,129440,1813,8.17007
2025-04-09T04:00:00Z,7.77,8.5,7.65,8.36,80254,1184,8.05892
2025-04-10T04:00:00Z,8.28,8.295,7.9579,8.01,60120,960,8.10326
2025-04-11T04:00:00Z,8.39,8.758,8.305,8.72,72614,881,8.55458
2025-04-14T04:00:00Z,9.1,9.22,8.82,8.94,81963,1060,8.98193
2025-04-15T04:00:00Z,8.94,9.01,8.72,8.72,59079,917,8.86115
2025-04-16T04:00:00Z,8.75,9,8.666,8.78,54277,751,8.77365
2025-04-17T04:00:00Z,8.79,9.22,8.71,9.07,56979,869,8.9537
2025-04-21T04:00:00Z,8.96,8.98,8.66,8.7,85809,1051,8.75323
2025-04-22T04:00:00Z,8.7,8.94,8.65,8.87,92350,838,8.84757
2025-04-23T04:00:00Z,9.11,9.2399,8.7,8.75,620599,4361,8.95329
2025-04-24T04:00:00Z,8.76,8.88,8.5347,8.8,200194,2872,8.73433
2025-04-25T04:00:00Z,8.79,9.23,8.6203,9.14,244538,2961,9.03323
2025-04-28T04:00:00Z,9.29,9.35,9.06,9.17,175978,2683,9.1825
2025-04-29T04:00:00Z,9.17,9.354,9.15,9.3,74663,1293,9.27293
2025-04-30T04:00:00Z,9.33,9.71,9.31,9.51,157322,2398,9.55423
2025-05-01T04:00:00Z,9.53,9.6656,9.28,9.43,72083,1289,9.42748
2025-05-02T04:00:00Z,9.85,9.85,9.49,9.74,163872,1947,9.66972
2025-05-05T04:00:00Z,9.77,9.9176,9.56,9.56,132816,2248,9.70622
2025-05-06T04:00:00Z,9.6,9.75,9.25,9.37,138444,1752,9.48601
2025-05-07T04:00:00Z,9.29,9.45,9.28,9.28,111195,1419,9.36106
2025-05-08T04:00:00Z,9.25,9.25,8.96,9.19,110955,1370,9.1164
2025-05-09T04:00:00Z,9.23,9.23,8.91,8.93,85086,1379,9.01154
2025-05-12T04:00:00Z,9.31,9.38,9.14,9.27,159992,1893,9.23822
2025-05-13T04:00:00Z,9.22,9.4699,9.0885,9.33,195648,2137,9.29429
2025-05-14T04:00:00Z,9.37,9.5799,9.36,9.4,112121,1529,9.45171
2025-05-15T04:00:00Z,9.3,9.54,9.2,9.43,102274,1471,9.41065
2025-05-16T04:00:00Z,9.47,9.7,9.3201,9.51,157499,2489,9.54716
2025-05-19T04:00:00Z,9.41,9.6,9.35,9.52,88205,1359,9.46354
2025-05-20T04:00:00Z,9.61,9.61,9.23,9.26,126425,1754,9.33348
2025-05-21T04:00:00Z,9.25,9.43,8.925,8.94,246910,2505,9.10525
2025-05-22T04:00:00Z,9.05,9.0899,8.685,8.71,115216,1590,8.81893
2025-05-23T04:00:00Z,8.71,8.91,8.65,8.85,104354,1027,8.75457
2025-05-27T04:00:00Z,9.03,9.1463,8.8525,9.02,147954,1361,8.9825
2025-05-28T04:00:00Z,9.17,9.17,8.9,8.91,89474,1182,8.98056
2025-05-29T04:00:00Z,8.91,9.34,8.91,9.18,131359,1988,9.18261
2025-05-30T04:00:00Z,9.4,9.4,8.81,8.83,211338,1917,8.94781
2025-06-02T04:00:00Z,9.04,9.105,8.73,8.78,184674,2244,8.81652
2025-06-03T04:00:00Z,8.77,9.47,8.65,9.4,169912,2004,9.18066
2025-06-04T04:00:00Z,9.37,9.37,9.05,9.15,176090,2251,9.16043
2025-06-05T04:00:00Z,9.24,9.47,9.24,9.42,94847,1544,9.38034
2025-06-06T04:00:00Z,9.42,9.68,9.36,9.56,111072,1969,9.52962
2025-06-09T04:00:00Z,9.65,9.78,9.5114,9.74,101472,2197,9.65977
2025-06-10T04:00:00Z,10,10,9.4501,9.85,93021,1061,9.71569
2025-06-11T04:00:00Z,9.85,9.95,9.5,9.59,125671,1278,9.67961
2025-06-12T04:00:00Z,9.47,9.63,9.45,9.58,114567,729,9.54327
2025-06-13T04:00:00Z,9.58,9.6286,9.4201,9.55,98880,1099,9.51124
2025-06-16T04:00:00Z,9.52,9.67,9.355,9.44,80025,1219,9.47026
2025-06-17T04:00:00Z,9.6,9.73,9.4,9.71,110200,1290,9.61669
2025-06-18T04:00:00Z,9.73,9.75,9.38,9.45,106253,1399,9.4971
2025-06-20T04:00:00Z,9.51,9.6451,9.4653,9.49,56227,979,9.53102
2025-06-23T04:00:00Z,9.44,9.62,9.36,9.37,65574,759,9.51653
2025-06-24T04:00:00Z,9.31,9.3989,9.31,9.32,157329,717,9.31977
2025-06-25T04:00:00Z,9.3,9.36,9.15,9.25,78184,693,9.27162
2025-06-26T04:00:00Z,9.25,9.35,9.17,9.25,30692,502,9.27753
2025-06-27T04:00:00Z,9.35,9.35,9.16,9.21,34347,882,9.24643
2025-06-30T04:00:00Z,9.2,9.2475,9,9.02,58482,890,9.07723
2025-07-01T04:00:00Z,9.06,9.21,9,9.03,68333,1015,9.08476
2025-07-02T04:00:00Z,9.11,9.45,9.11,9.43,64803,746,9.33951
2025-07-03T04:00:00Z,9.43,9.7,9.43,9.61,114326,959,9.57715
2025-07-07T04:00:00Z,9.59,10.02,9.53,9.79,164067,1599,9.83641
2025-07-08T04:00:00Z,9.79,9.8,9.51,9.54,91976,1128,9.60464
2025-07-09T04:00:00Z,9.5,9.52,9.15,9.26,78455,1000,9.28736
2025-07-10T04:00:00Z,9.35,9.6,9.26,9.53,84781,987,9.4962
2025-07-11T04:00:00Z,9.5,9.68,9.5,9.63,132009,920,9.58066
2025-07-14T04:00:00Z,9.51,9.6,9.4,9.42,76771,846,9.4699
2025-07-15T04:00:00Z,9.41,9.4916,9.21,9.21,66552,791,9.30936
2025-07-16T04:00:00Z,9.32,9.33,9.24,9.25,58250,940,9.27747
2025-07-17T04:00:00Z,9.23,9.4,9.2,9.37,42345,1094,9.31048
2025-07-18T04:00:00Z,9.49,9.49,9.18,9.2,179031,2051,9.23715
2025-07-21T04:00:00Z,9.16,9.22,9.06,9.1,120164,1791,9.13241
2025-07-22T04:00:00Z,9.08,9.22,9.08,9.15,85279,1234,9.15278
2025-07-23T04:00:00Z,9.21,9.35,9.175,9.29,126951,1340,9.2651
2025-07-24T04:00:00Z,9.32,9.37,9.24,9.33,103968,2806,9.30691
2025-07-25T04:00:00Z,9.27,9.36,9.18,9.34,73553,1738,9.28542
2025-07-28T04:00:00Z,9.38,9.46,9.22,9.31,83648,1300,9.30909
2025-07-29T04:00:00Z,9.34,9.34,9.155,9.21,55784,890,9.21163
2025-07-30T04:00:00Z,9.17,9.25,8.9609,9,105718,1199,9.09795
2025-07-31T04:00:00Z,8.85,9.02,8.81,8.81,64503,818,8.8857
2025-08-01T04:00:00Z,8.95,9.02,8.82,8.98,59648,923,8.93996
2025-08-04T04:00:00Z,8.91,9.28,8.91,9.18,108137,1207,9.15564
2025-08-05T04:00:00Z,9.21,9.55,9.2,9.45,142948,1246,9.4228
2025-08-06T04:00:00Z,9.55,9.6,9.4304,9.49,107984,1398,9.50446
2025-08-07T04:00:00Z,9.48,9.53,9.3716,9.4,110598,1081,9.45444
2025-08-08T04:00:00Z,9.4,9.5,9.07,9.07,97500,1044,9.24329
2025-08-11T04:00:00Z,9,9.07,8.7066,8.76,88328,1423,8.82888
2025-08-12T04:00:00Z,8.79,8.97,8.76,8.83,114461,1503,8.84086
2025-08-13T04:00:00Z,8.78,9.01,8.73,8.78,180884,1800,8.8555
2025-08-14T04:00:00Z,8.77,8.77,8.25,8.29,233374,2773,8.49281
2025-08-15T04:00:00Z,8.35,8.57,8.35,8.46,207182,2021,8.47578
2025-08-18T04:00:00Z,8.45,8.705,8.36,8.66,198652,2058,8.60353
2025-08-19T04:00:00Z,8.79,8.805,8.3,8.31,311208,2932,8.43419
2025-08-20T04:00:00Z,8.41,8.74,7.9,8.04,1566234,13100,8.13732
2025-08-21T04:00:00Z,8.36,8.7,7.78,8.3,19766634,65154,8.1831
2025-08-22T04:00:00Z,8.64,8.905,8.43,8.43,5482655,28165,8.63296
2025-08-25T04:00:00Z,8.5,8.665,8.42,8.65,7405920,37184,8.55674
2025-08-26T04:00:00Z,8.49,8.73,8.44,8.54,4407154,26146,8.61599
2025-08-27T04:00:00Z,8.37,8.45,7.86,7.91,9623456,39994,8.06277
2025-08-28T04:00:00Z,8.2,8.48,7.99,8.35,10379179,45767,8.26175
2025-08-29T04:00:00Z,8.64,8.78,8.34,8.61,8343599,40950,8.57331
2025-09-02T04:00:00Z,8.49,8.645,8.42,8.58,2056177,17423,8.52814
2025-09-03T04:00:00Z,8.75,8.91,8.705,8.86,3016156,21084,8.80585
2025-09-04T04:00:00Z,9.14,9.205,9.04,9.04,3634954,19744,9.11204
2025-09-05T04:00:00Z,9,9.12,8.91,9.11,2551058,15326,9.01541
2025-09-08T04:00:00Z,9.43,9.55,9.34,9.5,2734803,16831,9.45859
2025-09-09T04:00:00Z,9.74,9.92,9.67,9.87,3483049,15623,9.83923
2025-09-10T04:00:00Z,9.67,9.76,9.4,9.48,1869239,11900,9.5597
2025-09-11T04:00:00Z,9.34,9.51,9.31,9.38,2046072,14801,9.39434
2025-09-12T04:00:00Z,9.69,9.8,9.6,9.66,3471967,20363,9.67034
2025-09-15T04:00:00Z,9.72,9.97,9.66,9.67,3824177,19903,9.76301
2025-09-16T04:00:00Z,9.67,9.695,9.345,9.41,2257734,12798,9.47539
2025-09-17T04:00:00Z,9.39,9.5,9.34,9.45,1919571,12027,9.41753
2025-09-18T04:00:00Z,9.59,9.63,9.475,9.51,2289313,12622,9.55303
2025-09-19T04:00:00Z,9.33,9.33,9.125,9.2,3201514,15155,9.21344
2025-09-22T04:00:00Z,9.14,9.34,9.09,9.27,2147592,13068,9.21442
2025-09-23T04:00:00Z,9.35,10.23,9.34,10.2,6990484,32270,9.98095
2025-09-24T04:00:00Z,10.04,10.37,10.03,10.05,2916170,17003,10.1689
2025-09-25T04:00:00Z,9.84,9.89,9.5847,9.64,2393207,16285,9.69363
2025-09-26T04:00:00Z,9.99,10.1,9.87,9.93,1445664,10031,9.94908
2025-09-29T04:00:00Z,9.88,9.88,9.515,9.6,2125602,12744,9.61117
2025-09-30T04:00:00Z,9.42,9.475,9.33,9.39,1859771,11805,9.39771
2025-10-01T04:00:00Z,9.34,9.46,9.28,9.34,1149080,7286,9.37853
2025-10-02T04:00:00Z,9.35,9.36,9.04,9.15,2069750,10913,9.14875
2025-10-03T04:00:00Z,9.18,9.42,9.14,9.4,1909466,10759,9.3128
2025-10-06T04:00:00Z,9.35,9.44,9.3,9.42,1423369,8996,9.38562
2025-10-07T04:00:00Z,9.29,9.29,9.0493,9.11,2292755,13324,9.14109
2025-10-08T04:00:00Z,9.07,9.105,8.875,9.01,1960012,10948,8.96532
2025-10-09T04:00:00Z,9.01,9.2,9,9.08,1701371,10902,9.10342
2025-10-10T04:00:00Z,9.08,9.39,8.9801,9.2,3478622,20934,9.18368
2025-10-13T04:00:00Z,9.43,9.91,9.43,9.48,3155466,19924,9.66096
2025-10-14T04:00:00Z,9.1,9.31,8.95,9.25,2913058,15490,9.14688
2025-10-15T04:00:00Z,9.28,9.48,9.28,9.43,1573327,10956,9.42557
2025-10-16T04:00:00Z,9.49,9.8,9.48,9.63,1991951,14762,9.65391
2025-10-17T04:00:00Z,9.5,9.65,9.41,9.63,1035468,7961,9.55211
2025-10-20T04:00:00Z,9.61,9.76,9.563,9.69,1211211,8623,9.65416
2025-10-21T04:00:00Z,9.62,9.62,9.28,9.32,1805757,10221,9.36557
2025-10-22T04:00:00Z,9.23,9.51,9.19,9.5,1885409,15163,9.39139
2025-10-23T04:00:00Z,9.62,9.715,9.49,9.64,2481804,16326,9.62219
2025-10-24T04:00:00Z,9.6,9.62,9.32,9.33,2027767,12897,9.43397
2025-10-27T04:00:00Z,9.24,9.32,9.13,9.17,2360435,11867,9.1833
2025-10-28T04:00:00Z,9.11,9.19,9.035,9.11,2789811,14352,9.09798
2025-10-29T04:00:00Z,9.24,9.48,9.2,9.39,2799720,17786,9.36762
2025-10-30T04:00:00Z,9.33,9.48,9.28,9.39,1693402,14724,9.39861
2025-10-31T04:00:00Z,9.42,9.72,9.32,9.7,2586369,18369,9.56543
2025-11-03T05:00:00Z,9.53,9.55,9.32,9.38,1640224,10880,9.39578
2025-11-04T05:00:00Z,9.2,9.24,9.08,9.09,2085671,11606,9.13678
2025-11-05T05:00:00Z,9.16,9.23,9.05,9.1,2106966,11262,9.09818
2025-11-06T05:00:00Z,9.16,9.31,9.14,9.25,1354561,10257,9.24076
2025-11-07T05:00:00Z,9.32,9.49,9.265,9.49,2017738,12458,9.41691
2025-11-10T05:00:00Z,9.48,9.735,9.45,9.7,2574670,15108,9.66387
2025-11-11T05:00:00Z,9.72,9.77,9.59,9.59,1531156,9151,9.6635
2025-11-12T05:00:00Z,9.58,9.64,9.5,9.64,1521793,10959,9.58003
2025-11-13T05:00:00Z,9.7,10.26,9.7,9.96,4459953,22946,10.0314
2025-11-14T05:00:00Z,9.63,9.81,9.52,9.81,2716986,16268,9.70913
2025-11-17T05:00:00Z,9.82,10.045,9.7135,9.75,1927735,13135,9.85054
2025-11-18T05:00:00Z,9.6,9.94,9.56,9.92,3654930,16568,9.78155
2025-11-19T05:00:00Z,9.98,10.3401,9.955,10.2,4386319,23195,10.1817
2025-11-20T05:00:00Z,10.3,10.49,10.04,10.04,3319231,19316,10.2476
2025-11-21T05:00:00Z,9.96,10.16,9.835,10.05,3039564,16728,10.0339
2025-11-24T05:00:00Z,10.15,10.15,9.87,10.15,2746843,14654,10.0499
2025-11-25T05:00:00Z,10.02,10.28,9.97,10.15,2240929,12469,10.1326
2025-11-26T05:00:00Z,10.16,10.47,10.13,10.13,3504435,23419,10.2337
2025-11-28T05:00:00Z,10.55,11.055,10.55,10.94,4128601,26786,10.9412
2025-12-01T05:00:00Z,10.97,11.0099,10.61,10.64,2606217,16695,10.7735
2025-12-02T05:00:00Z,10.7,10.83,10.56,10.82,1442973,11118,10.7329
2025-12-03T05:00:00Z,11.19,11.32,11.05,11.07,1817264,14414,11.1658
2025-12-04T05:00:00Z,11.07,11.1088,10.835,10.93,1168214,9570,10.9424
2025-12-05T05:00:00Z,10.86,10.91,10.7715,10.81,1338674,9748,10.8437
2025-12-08T05:00:00Z,10.86,10.99,10.765,10.77,1899135,12406,10.8486
2025-12-09T05:00:00Z,10.53,10.53,10.21,10.21,2243304,11844,10.3512
2025-12-10T05:00:00Z,10.15,10.1691,9.855,10.01,2311152,11298,9.97954
2025-12-11T05:00:00Z,9.92,10,9.74,9.84,1788308,9660,9.83351
2025-12-12T05:00:00Z,9.93,9.9499,9.65,9.67,2118087,10797,9.73966
2025-12-15T05:00:00Z,9.72,9.84,9.68,9.83,1234175,8641,9.76855
2025-12-16T05:00:00Z,9.79,9.8403,9.73,9.75,1047779,7704,9.78267
2025-12-17T05:00:00Z,9.7,9.795,9.49,9.69,1583578,10143,9.64193
2025-12-18T05:00:00Z,9.65,9.6697,9.465,9.48,1460419,9344,9.52509
2025-12-19T05:00:00Z,9.42,9.645,9.42,9.6,1409076,10242,9.56329
2025-12-22T05:00:00Z,9.63,9.78,9.5601,9.72,1173543,7803,9.68585
2025-12-23T05:00:00Z,9.52,9.585,9.47,9.49,1903719,10264,9.51395
2025-12-24T05:00:00Z,9.57,9.6,9.46,9.59,450385,4089,9.55894
2025-12-26T05:00:00Z,9.61,9.75,9.535,9.7,966269,6480,9.69064
2025-12-29T05:00:00Z,9.62,9.83,9.62,9.73,1088402,7061,9.75116
2025-12-30T05:00:00Z,9.73,9.75,9.5,9.53,1341532,7923,9.61876
2025-12-31T05:00:00Z,9.48,9.665,9.47,9.65,1143289,7279,9.57619
