timestamp,open,high,low,close,volume,tradeCount,vwap
2016-01-04T05:00:00Z,54.75,54.89,53.41,54.86,1376380,13369,54.1782
2016-01-05T05:00:00Z,54.67,54.84,53.5276,53.96,1372252,12481,53.9141
2016-01-06T05:00:00Z,52.94,53.53,51.98,52.17,1300249,12523,52.5083
2016-01-07T05:00:00Z,51.07,51.44,50.4,51.03,1716505,14652,51.0326
2016-01-08T05:00:00Z,51.38,51.86,50.98,51.33,1764535,14230,51.3915
2016-01-11T05:00:00Z,51.69,52.1,51.09,51.61,1982816,17568,51.4916
2016-01-12T05:00:00Z,51.84,52.57,51.32,52.49,1747678,15321,52.0356
2016-01-13T05:00:00Z,53.4,53.4,50.2,50.77,2308525,20770,51.2694
2016-01-14T05:00:00Z,50.9,51.96,50.45,51.6,1770111,15749,51.4077
2016-01-15T05:00:00Z,49.87,50.71,49.25,49.83,1654492,14659,49.8307
2016-01-19T05:00:00Z,50.58,50.86,48.89,49.22,1966973,17623,49.4948
2016-01-20T05:00:00Z,48.26,48.41,46.49,47.62,2801296,23705,47.5867
2016-01-21T05:00:00Z,47.56,48.58,46.23,48.44,2986495,26429,47.6247
2016-01-22T05:00:00Z,49.64,50.56,49.44,49.76,2494117,21957,49.9731
2016-01-25T05:00:00Z,49.56,49.9,48.89,49.13,2002795,17378,49.3776
2016-01-26T05:00:00Z,49.52,50.83,49.39,50.57,1908188,16039,50.309
2016-01-27T05:00:00Z,52.03,52.06,50.2,50.8,2158597,18878,51.2839
2016-01-28T05:00:00Z,51.59,52.985,51.13,52.78,2341044,20219,52.2323
2016-01-29T05:00:00Z,53.28,53.65,52.73,53.49,1671597,13641,53.3683
2016-02-01T05:00:00Z,52.65,53.67,52.11,53.46,1875304,16011,52.8605
2016-02-02T05:00:00Z,52.29,52.91,51.75,52,1625548,14458,52.1684
2016-02-03T05:00:00Z,52.99,53.54,51.78,53.31,1642335,14835,52.8799
2016-02-04T05:00:00Z,53.51,55.63,53.495,55.09,1990502,17312,55.0144
2016-02-05T05:00:00Z,54.97,55.02,53.04,53.35,1508258,13089,53.5088
2016-02-08T05:00:00Z,52.7,54.14,52.38,53.94,1555681,14292,53.2672
2016-02-09T05:00:00Z,53.37,55.28,53.35,55.12,1955141,17188,54.7284
2016-02-10T05:00:00Z,55.03,55.61,54.17,54.34,1404732,12719,54.7982
2016-02-11T05:00:00Z,52.84,54.81,52.53,54.69,1738182,15977,54.0389
2016-02-12T05:00:00Z,54.7,55.49,54.61,55.22,1202124,10141,55.1156
2016-02-16T05:00:00Z,55.9,55.95,54.6,55.57,1356965,11878,55.3265
2016-02-17T05:00:00Z,55.93,57.32,55.7,57.09,1440797,13032,56.9122
2016-02-18T05:00:00Z,57.31,57.47,56.48,57.12,1136451,10524,57.0221
2016-02-19T05:00:00Z,56.42,57.13,56.215,57.02,1376652,10409,56.8159
2016-02-22T05:00:00Z,57.62,58.32,57.33,57.59,1190262,10001,57.7837
2016-02-23T05:00:00Z,57.77,57.89,56.7,56.98,1205317,10512,57.1626
2016-02-24T05:00:00Z,56.2,57.85,55.27,57.62,1490422,14247,56.7558
2016-02-25T05:00:00Z,57.9,58.4,57.35,58.18,1639931,13243,57.9311
2016-02-26T05:00:00Z,58.4,59.06,58.33,58.42,1109130,9206,58.6585
2016-02-29T05:00:00Z,58.33,58.8,57.76,57.9,1314299,11187,58.2487
2016-03-01T05:00:00Z,58.5,59.46,58.48,59.02,1383615,12284,59.0386
2016-03-02T05:00:00Z,58.57,59.08,57.51,57.82,1165857,9888,57.9785
2016-03-03T05:00:00Z,58.07,58.29,57.5675,57.91,930772,8330,57.9338
2016-03-04T05:00:00Z,57.81,59.34,57.81,59.17,844630,7505,58.8782
2016-03-07T05:00:00Z,58.66,60.42,58.63,60.09,1182660,9581,59.8978
2016-03-08T05:00:00Z,59.61,59.94,59.24,59.51,1078647,9405,59.5828
2016-03-09T05:00:00Z,59.78,60.74,59.49,60.37,1163712,10068,60.2751
2016-03-10T05:00:00Z,60.58,60.9,58.56,58.96,1205152,11190,59.2948
2016-03-11T05:00:00Z,59.7,60.8,59.57,60.37,823662,7737,60.4057
2016-03-14T04:00:00Z,59.93,60.66,59.85,60.2,765031,7001,60.2456
2016-03-15T04:00:00Z,59.61,60.53,59.41,60.51,1155057,10624,60.1122
2016-03-16T04:00:00Z,60.48,61.15,60.05,60.96,1044224,9932,60.7175
2016-03-17T04:00:00Z,61.36,63.13,61.15,62.92,1141987,10168,62.5504
2016-03-18T04:00:00Z,62.87,63.3,62.05,62.07,1522331,12103,62.4312
2016-03-21T04:00:00Z,62.04,62.695,61.9,62.31,1011383,8503,62.3402
2016-03-22T04:00:00Z,61.75,61.87,61.01,61.1,895325,6770,61.3748
2016-03-23T04:00:00Z,60.91,61.2,60.22,60.32,821613,7586,60.4756
2016-03-24T04:00:00Z,59.92,60.82,59.73,60.75,711836,6450,60.3737
2016-03-28T04:00:00Z,60.83,60.95,60.02,60.92,968330,8385,60.5885
2016-03-29T04:00:00Z,60.62,61.85,60.36,61.72,758097,7073,61.2722
2016-03-30T04:00:00Z,62.11,63.2,62.03,62.71,799421,7839,62.8559
2016-03-31T04:00:00Z,62.73,63.41,62.43,62.46,1268201,10295,62.7119
2016-04-01T04:00:00Z,61.81,62.47,61.08,62.29,885619,7752,61.837
2016-04-04T04:00:00Z,62.18,62.58,61.57,61.71,652943,7042,62.002
2016-04-05T04:00:00Z,61.03,61.66,60.69,61.3,1141709,9332,61.3222
2016-04-06T04:00:00Z,61.32,61.61,60.48,61.5,773694,7034,61.136
2016-04-07T04:00:00Z,60.85,61.11,60.56,60.95,854583,7538,60.8608
2016-04-08T04:00:00Z,61.98,62.59,61.69,62.05,686073,5965,62.1089
2016-04-11T04:00:00Z,62.29,63.19,61.855,61.9,964281,9337,62.4252
2016-04-12T04:00:00Z,61.93,62.99,61.8,62.66,1141552,10902,62.5926
2016-04-13T04:00:00Z,62.77,63.83,62.51,63.52,1182330,10691,63.446
2016-04-14T04:00:00Z,63.72,64.27,63.22,64.07,801234,7265,63.8639
2016-04-15T04:00:00Z,63.98,64.16,63.16,63.23,969325,7896,63.5017
2016-04-18T04:00:00Z,62.82,63.65,62.65,63.51,882407,8491,63.4404
2016-04-19T04:00:00Z,64.19,64.46,63.68,64.3,1237625,9707,64.1437
2016-04-20T04:00:00Z,64.19,65.03,63.1,64.66,1209674,10871,64.3922
2016-04-21T04:00:00Z,64.49,65.12,64.24,65.06,955951,10394,64.7923
2016-04-22T04:00:00Z,65.45,66.22,65.31,65.89,1448011,12083,65.7849
2016-04-25T04:00:00Z,65.38,65.44,64.63,65.2,1123309,9582,65.0861
2016-04-26T04:00:00Z,62.09,62.53,60.61,62.24,4346498,31573,61.5267
2016-04-27T04:00:00Z,62.22,62.74,61.74,62.61,1335655,11534,62.3787
2016-04-28T04:00:00Z,62.44,63.69,62.09,62.68,1600089,13686,63.067
2016-04-29T04:00:00Z,62.65,62.87,61.26,61.56,1258338,9954,61.6867
2016-05-02T04:00:00Z,61.55,61.74,61.08,61.53,1022094,7565,61.4396
2016-05-03T04:00:00Z,60.96,61.19,60.58,60.93,841384,7869,60.905
2016-05-04T04:00:00Z,60.55,60.7,58.95,59,1894701,14259,59.3708
2016-05-05T04:00:00Z,59.53,59.83,58.91,59.07,850054,8301,59.2772
2016-05-06T04:00:00Z,58.84,59.63,58.66,59.39,856883,7662,59.3213
2016-05-09T04:00:00Z,59.08,59.14,58.37,58.55,805020,7494,58.6682
2016-05-10T04:00:00Z,58.87,60.2,58.56,59.93,856645,7857,59.7695
2016-05-11T04:00:00Z,59.86,59.87,59.12,59.5,596906,5614,59.5805
2016-05-12T04:00:00Z,60.11,60.36,58.97,59.69,804965,8972,59.6202
2016-05-13T04:00:00Z,59.47,59.65,58.55,58.78,1162415,9729,58.9588
2016-05-16T04:00:00Z,58.9,59.84,58.9,58.97,1192339,10085,59.2857
2016-05-17T04:00:00Z,58.76,59.49,58.6301,58.89,1203980,10566,59.0608
2016-05-18T04:00:00Z,58.55,59.9,58.17,59.08,1386700,13094,59.1231
2016-05-19T04:00:00Z,58.1,58.14,57.12,57.58,1369506,12268,57.6325
2016-05-20T04:00:00Z,57.84,58.6583,57.71,58.28,957485,8848,58.2609
2016-05-23T04:00:00Z,58.28,58.43,57.86,58.07,508853,4433,58.168
2016-05-24T04:00:00Z,58.55,59.11,58.11,58.25,1419511,11488,58.4826
2016-05-25T04:00:00Z,58.38,59.31,58.37,59.17,1042210,8979,58.9973
2016-05-26T04:00:00Z,59.68,60.4,59.4,60.24,1379473,11796,60.058
2016-05-27T04:00:00Z,59.84,60.19,59.72,60.01,876373,8539,60.0131
2016-05-31T04:00:00Z,60.06,60.26,59.09,59.29,1095849,9491,59.5576
2016-06-01T04:00:00Z,59.18,59.22,58.56,59.08,1059850,8733,58.9428
2016-06-02T04:00:00Z,58.69,59.12,58.63,58.84,671450,6206,58.842
2016-06-03T04:00:00Z,59.3,60.18,58.89,59.97,938972,8221,59.6257
2016-06-06T04:00:00Z,60.11,60.6,59.93,60.42,631559,5585,60.2757
2016-06-07T04:00:00Z,60.43,60.7,60.21,60.6,859501,7379,60.523
2016-06-08T04:00:00Z,61.13,61.4,60.62,60.72,1015354,8790,60.8735
2016-06-09T04:00:00Z,60.33,60.39,59.8,60.21,582964,5291,60.1011
2016-06-10T04:00:00Z,59.7,59.94,58.93,59.19,790155,7017,59.2006
2016-06-13T04:00:00Z,58.86,59.02,58.41,58.52,1036271,9689,58.6788
2016-06-14T04:00:00Z,58.31,58.75,58.11,58.37,741479,7124,58.4044
2016-06-15T04:00:00Z,58.05,58.73,57.97,58.09,1116281,11092,58.2245
2016-06-16T04:00:00Z,57.32,58.07,56.29,57.99,1651990,13879,57.1108
2016-06-17T04:00:00Z,58.15,58.94,58.03,58.39,1013051,9001,58.556
2016-06-20T04:00:00Z,59.26,59.49,58.79,58.91,1019673,8185,59.0985
2016-06-21T04:00:00Z,57.92,58.9,57.54,58.4,1311827,11209,58.3282
2016-06-22T04:00:00Z,58.11,59.1,58.11,59.02,715220,6256,58.8616
2016-06-23T04:00:00Z,59.7,60.07,59.42,59.58,613456,5350,59.6784
2016-06-24T04:00:00Z,57.19,58.107,56.85,57.01,1171092,11228,57.2837
2016-06-27T04:00:00Z,56.4,56.78,55.73,56.4,1266956,12019,56.3534
2016-06-28T04:00:00Z,56.99,57.69,56.51,57.51,1023685,9351,57.3247
2016-06-29T04:00:00Z,57.86,58.64,57.46,58.52,1138065,9493,58.448
2016-06-30T04:00:00Z,58.73,59.208,58.01,59.06,967587,9096,58.8402
2016-07-01T04:00:00Z,59.29,59.56,58.9901,59.24,358532,3339,59.3087
2016-07-05T04:00:00Z,59.46,60.23,59.04,59.2,1008165,9487,59.4046
2016-07-06T04:00:00Z,58.78,59.49,58.21,59.38,512110,4939,59.0434
2016-07-07T04:00:00Z,59.91,60,58.65,59,723115,6630,59.0807
2016-07-08T04:00:00Z,59.35,60.44,59.32,59.91,938415,8507,60.1004
2016-07-11T04:00:00Z,59.91,60.2,59.51,59.53,1195608,10946,59.7822
2016-07-12T04:00:00Z,60.71,61.39,60,61.19,1203724,10802,61.0783
2016-07-13T04:00:00Z,61.29,62.03,60.88,61.73,1003610,9084,61.6215
2016-07-14T04:00:00Z,62.26,62.89,62.1,62.43,1034261,9200,62.6208
2016-07-15T04:00:00Z,62.52,62.85,62.01,62.29,667454,5450,62.3556
2016-07-18T04:00:00Z,62.08,62.88,62.04,62.72,800188,6954,62.6557
2016-07-19T04:00:00Z,62.3,62.7,62.14,62.58,1130036,8382,62.5016
2016-07-20T04:00:00Z,62.43,63.77,62.35,63.63,1220945,10434,63.3953
2016-07-21T04:00:00Z,63.31,63.57,62.53,62.96,841376,6936,62.9865
2016-07-22T04:00:00Z,63.17,63.38,62.77,63.33,764823,6322,63.181
2016-07-25T04:00:00Z,63.02,63.54,62.7,63.47,2238504,16992,63.2862
2016-07-26T04:00:00Z,64.4,64.73,62.67,63.33,1774270,15029,63.5338
2016-07-27T04:00:00Z,63.41,64.1,63.29,63.65,1272786,11660,63.6604
2016-07-28T04:00:00Z,63.74,64.22,63.475,63.56,819284,7474,63.6828
2016-07-29T04:00:00Z,63.7,63.89,63.18,63.21,1030364,8777,63.4514
2016-08-01T04:00:00Z,62.8,63.14,61.9,62.71,961224,7928,62.7434
2016-08-02T04:00:00Z,63.77,64.27,61.71,61.82,1379200,11986,62.2831
2016-08-03T04:00:00Z,61.88,62.66,61.71,62.26,1017257,8522,62.3117
2016-08-04T04:00:00Z,62.05,62.16,61.4,61.8,794771,7082,61.7728
2016-08-05T04:00:00Z,61.63,62.21,61.54,61.95,938565,6937,62.0134
2016-08-08T04:00:00Z,62.1,62.45,61.95,62.29,818251,6976,62.258
2016-08-09T04:00:00Z,62.47,63.32,62.47,62.74,921733,8217,62.8608
2016-08-10T04:00:00Z,63.11,63.3601,62.45,62.7,882366,8411,62.8535
2016-08-11T04:00:00Z,63.45,63.8,62.91,63.53,643564,6019,63.5544
2016-08-12T04:00:00Z,63.38,63.525,62.81,63.09,636502,6008,63.1297
2016-08-15T04:00:00Z,63.18,63.821,63.14,63.36,551877,4922,63.4995
2016-08-16T04:00:00Z,63.4,63.705,63.22,63.44,660807,5739,63.4753
2016-08-17T04:00:00Z,63.36,64.43,63.2,64.24,672439,6410,63.9971
2016-08-18T04:00:00Z,64.29,64.98,64.26,64.74,602577,5682,64.7399
2016-08-19T04:00:00Z,64.41,64.98,64.24,64.81,750465,6970,64.6404
2016-08-22T04:00:00Z,64.36,65.11,64.33,64.92,541645,5012,64.7472
2016-08-23T04:00:00Z,65.27,65.4,64.74,65.16,535399,4855,65.1046
2016-08-24T04:00:00Z,64.95,65.49,64.88,64.96,547889,4875,65.0498
2016-08-25T04:00:00Z,64.76,65.16,64.51,64.96,544441,4987,64.9565
2016-08-26T04:00:00Z,65.2,65.8,64.63,65.1,831683,8140,65.0972
2016-08-29T04:00:00Z,64.98,65.73,64.86,65.38,818908,7692,65.4311
2016-08-30T04:00:00Z,65.15,65.53,64.79,64.93,500032,4799,65.127
2016-08-31T04:00:00Z,64.63,64.72,63.99,64.31,729667,6244,64.3096
2016-09-01T04:00:00Z,64.19,64.67,63.98,64.67,660464,6533,64.4055
2016-09-02T04:00:00Z,65.12,65.81,64.9,65.46,935100,8462,65.3569
2016-09-06T04:00:00Z,65.73,65.79,65.35,65.44,704863,6956,65.5072
2016-09-07T04:00:00Z,65.26,65.73,64.95,65.05,779713,7014,65.1945
2016-09-08T04:00:00Z,65.03,65.1,64.37,64.81,431948,4155,64.7695
2016-09-09T04:00:00Z,63.88,63.94,62.18,62.18,1170546,10504,62.813
2016-09-12T04:00:00Z,61.81,63.35,61.56,62.83,1195165,11202,62.51
2016-09-13T04:00:00Z,62.05,62.55,61.37,61.4,840847,8890,61.6798
2016-09-14T04:00:00Z,61.19,61.9,61.11,61.31,871131,8534,61.4339
2016-09-15T04:00:00Z,61.23,62.69,61.23,62.62,1047862,9961,62.2445
2016-09-16T04:00:00Z,62.29,62.93,61.9,62.67,820996,7701,62.4587
2016-09-19T04:00:00Z,62.86,63.22,62.79,62.93,1166250,9842,63.0054
2016-09-20T04:00:00Z,63.25,63.62,62.66,62.8,950290,7447,63.0364
2016-09-21T04:00:00Z,63.2,64.37,63.13,64.29,1222880,10124,63.8338
2016-09-22T04:00:00Z,65.01,65.24,64.85,64.93,1275888,10901,65.0242
2016-09-23T04:00:00Z,64.66,64.79,63.9901,64.11,760396,6458,64.3556
2016-09-26T04:00:00Z,63.81,64.04,63.5,63.72,685801,7193,63.7753
2016-09-27T04:00:00Z,63.45,64.15,63.17,64,945871,8126,63.9185
2016-09-28T04:00:00Z,64.15,64.49,63.94,64.46,1280122,10004,64.2808
2016-09-29T04:00:00Z,64.5,64.84,64.2,64.55,802755,7845,64.6067
2016-09-30T04:00:00Z,65.12,65.67,64.7,65.4,933613,8282,65.2585
2016-10-03T04:00:00Z,65.22,66.025,64.93,65.94,1038687,9197,65.7175
2016-10-04T04:00:00Z,65.82,66.72,65.82,65.93,2043666,15650,66.3516
2016-10-05T04:00:00Z,66.17,67.22,66.13,67,1426721,9342,66.909
2016-10-06T04:00:00Z,67.03,67.3,66.7,66.98,645533,5782,66.9634
2016-10-07T04:00:00Z,66.93,67.18,65.95,66.44,730331,6407,66.5274
2016-10-10T04:00:00Z,66.88,67.1,66.84,67.01,612281,4858,66.9786
2016-10-11T04:00:00Z,66.86,67.66,66.375,66.58,1407731,11291,66.8773
2016-10-12T04:00:00Z,66.36,66.47,65.99,66.24,826589,8067,66.272
2016-10-13T04:00:00Z,65.71,66.71,65.42,66.49,886270,8328,66.12
2016-10-14T04:00:00Z,67.12,67.45,66.3,66.32,1037416,8524,66.7623
2016-10-17T04:00:00Z,65.95,66.4,65.85,66.31,1124618,8865,66.1561
2016-10-18T04:00:00Z,66.97,67.33,66.4199,66.95,1129215,10314,67.011
2016-10-19T04:00:00Z,66.5,67.48,66.04,66.79,1109595,9763,66.8711
2016-10-20T04:00:00Z,66.31,66.51,65.5,65.67,1246824,10760,65.8382
2016-10-21T04:00:00Z,64.99,65.64,64.58,65.58,964798,8255,65.2866
2016-10-24T04:00:00Z,65.82,65.84,65.2904,65.56,994508,7886,65.5521
2016-10-25T04:00:00Z,65.52,65.875,65.35,65.69,1114000,9154,65.6574
2016-10-26T04:00:00Z,65.72,65.93,62.87,63.09,3212041,24002,63.5716
2016-10-27T04:00:00Z,63.7,63.78,62.835,63.41,1181576,10164,63.4264
2016-10-28T04:00:00Z,63.2,63.85,62.9,63.1,834000,7401,63.3347
2016-10-31T04:00:00Z,62.99,63.38,62.83,62.87,1164247,7881,63.0018
2016-11-01T04:00:00Z,63.02,63.11,61.85,62.08,1455924,11775,62.2724
2016-11-02T04:00:00Z,62.15,62.61,62.02,62.3,1075030,8209,62.3839
2016-11-03T04:00:00Z,62.31,62.88,62.03,62.36,989585,8656,62.4035
2016-11-04T04:00:00Z,62.26,62.48,61.72,61.95,746007,6927,62.0109
2016-11-07T05:00:00Z,62.48,63.55,62.48,63.52,839465,7362,63.3493
2016-11-08T05:00:00Z,63.49,64,62.93,63.93,844293,7444,63.6397
2016-11-09T05:00:00Z,62.49,63.48,62.38,63.31,1591674,14373,63.108
2016-11-10T05:00:00Z,63.48,65.13,62.89,64.71,1561655,13321,64.5328
2016-11-11T05:00:00Z,64.41,64.72,62.97,63.25,1184424,9972,63.4366
2016-11-14T05:00:00Z,63.58,63.89,62.97,63.75,1801024,14443,63.5289
2016-11-15T05:00:00Z,63.98,64.45,63.49,64.33,921219,8048,63.9998
2016-11-16T05:00:00Z,63.88,64,63.19,63.49,988274,8214,63.5896
2016-11-17T05:00:00Z,63.58,64.47,63.41,64.18,1062040,8794,64.1241
2016-11-18T05:00:00Z,63.93,64.475,63.71,64.39,705283,6223,64.2848
2016-11-21T05:00:00Z,65.01,66.0825,64.67,65.97,1464976,11585,65.6697
2016-11-22T05:00:00Z,66.21,66.34,65.9,66.1,985450,8423,66.1305
2016-11-23T05:00:00Z,65.73,66.18,65.7,66.05,513282,4754,66.0234
2016-11-25T05:00:00Z,66.16,66.9,65.96,66.72,309218,2910,66.5695
2016-11-28T05:00:00Z,66.75,66.91,66.415,66.63,893497,8165,66.6497
2016-11-29T05:00:00Z,66.45,67.1699,66.22,66.79,753818,7547,66.8146
2016-11-30T05:00:00Z,67.11,67.6,66.79,66.83,1620551,12650,67.1508
2016-12-01T05:00:00Z,66.82,67.87,66.82,67.75,883262,7881,67.588
2016-12-02T05:00:00Z,67.78,68.06,67.24,67.46,720897,6800,67.5522
2016-12-05T05:00:00Z,67.65,68.21,67.48,67.77,796692,8341,67.97
2016-12-06T05:00:00Z,67.5,67.85,67.22,67.7,878849,7130,67.5861
2016-12-07T05:00:00Z,67.46,69.225,67.33,69.16,1023933,8864,68.6574
2016-12-08T05:00:00Z,69.19,69.92,68.56,69.85,1013637,9671,69.5489
2016-12-09T05:00:00Z,69.58,70,69.25,69.52,1734072,12864,69.6161
2016-12-12T05:00:00Z,67.4,68.51,66.89,68.16,4261921,29090,67.6959
2016-12-13T05:00:00Z,68.42,69.32,68.26,68.43,1359953,12263,68.7539
2016-12-14T05:00:00Z,68.44,68.75,66.85,66.95,1015260,9142,67.6896
2016-12-15T05:00:00Z,66.64,67.71,66.58,67.12,1009886,8705,67.1642
2016-12-16T05:00:00Z,67.13,67.57,66.77,67.08,763595,7072,67.0427
2016-12-19T05:00:00Z,66.92,67.285,66.78,67.1,497264,5269,67.0388
2016-12-20T05:00:00Z,67.32,68.32,67.3,67.9,1364876,12197,67.9577
2016-12-21T05:00:00Z,67.94,68.44,67.69,68,630893,5965,68.183
2016-12-22T05:00:00Z,67.78,68.013,67.46,67.78,485340,4959,67.7749
2016-12-23T05:00:00Z,67.74,67.86,67.4,67.61,442656,4440,67.6734
2016-12-27T05:00:00Z,67.79,67.93,67.6,67.76,269814,3063,67.7515
2016-12-28T05:00:00Z,67.47,68.46,67.33,67.65,751936,6822,67.9044
2016-12-29T05:00:00Z,68.02,68.17,67.74,67.99,518730,5104,68.0085
2016-12-30T05:00:00Z,68.15,68.37,67.18,67.4,577601,5332,67.6115
2017-01-03T05:00:00Z,67.71,68.43,67.08,67.35,782661,7777,67.4177
2017-01-04T05:00:00Z,68.47,69.06,68.13,68.92,1235658,11212,68.6569
2017-01-05T05:00:00Z,68.96,69.99,68.53,69.45,961784,8926,69.6182
2017-01-06T05:00:00Z,69.4,69.94,69.06,69.12,994946,9570,69.3006
2017-01-09T05:00:00Z,68.95,69.08,68.41,68.77,973849,9772,68.7667
2017-01-10T05:00:00Z,68.94,69.73,68.89,69.29,782440,7759,69.4545
2017-01-11T05:00:00Z,69.4,70.67,69.21,70.5,918844,7617,70.0894
2017-01-12T05:00:00Z,71.03,71.15,70.0901,70.57,1241549,11486,70.6507
2017-01-13T05:00:00Z,70.64,71.5,70.44,71,654204,6746,71.0551
2017-01-17T05:00:00Z,70.99,71.57,70.144,70.3,1368913,10561,70.4375
2017-01-18T05:00:00Z,69.84,70.32,69.43,69.75,1406157,12665,69.7892
2017-01-19T05:00:00Z,70.41,70.41,68.68,68.82,2581280,22181,69.2295
2017-01-20T05:00:00Z,69,70.19,68.89,70.12,1361366,11964,69.5038
2017-01-23T05:00:00Z,69.7,70.47,69.38,70.28,1108703,9228,69.9248
2017-01-24T05:00:00Z,70.45,71.41,70.25,71.13,2238333,15520,70.9018
2017-01-25T05:00:00Z,71.11,71.48,69.94,69.99,2688843,22088,70.3696
2017-01-26T05:00:00Z,69.93,70.365,69.54,70.13,1319142,11704,70.0099
2017-01-27T05:00:00Z,70.25,70.75,69.99,70.3,784591,7600,70.2472
2017-01-30T05:00:00Z,69.94,70.16,69.28,69.77,1004731,9110,69.6361
2017-01-31T05:00:00Z,69.95,70.32,69.38,69.52,1442605,12771,69.6251
2017-02-01T05:00:00Z,69.45,69.78,68.73,69.07,1340455,11215,69.0792
2017-02-02T05:00:00Z,69.28,69.31,68.59,68.92,1300562,9833,68.8551
2017-02-03T05:00:00Z,69.25,69.72,68.85,69.32,972664,9010,69.3638
2017-02-06T05:00:00Z,68.99,69.165,68.27,68.61,892278,6933,68.6219
2017-02-07T05:00:00Z,68.53,69.25,68.53,69.1,801410,8066,69.0392
2017-02-08T05:00:00Z,69.19,69.41,68.4,69.32,707053,6500,69.1549
2017-02-09T05:00:00Z,69.46,70.1,69.36,69.7,741326,7020,69.7774
2017-02-10T05:00:00Z,70.27,70.75,70.14,70.54,552109,5583,70.5084
2017-02-13T05:00:00Z,70.79,71.5,70.63,71.48,723523,6790,71.2592
2017-02-14T05:00:00Z,71.32,71.55,71.06,71.53,670662,6413,71.3439
2017-02-15T05:00:00Z,71.19,71.59,70.88,71.49,1085661,9836,71.2948
2017-02-16T05:00:00Z,71.45,71.83,71.14,71.56,1241756,8160,71.4336
2017-02-17T05:00:00Z,71.3,71.66,71.16,71.66,578339,5673,71.5008
2017-02-21T05:00:00Z,71.21,72,71.15,71.96,695896,6193,71.7835
2017-02-22T05:00:00Z,71.54,72.58,71.4,72.17,1631263,12944,72.174
2017-02-23T05:00:00Z,72.65,72.73,71.13,71.19,1213271,11548,71.6509
2017-02-24T05:00:00Z,70.88,71.28,70.06,70.47,1604097,13901,70.6077
2017-02-27T05:00:00Z,70.43,71.18,69.9401,71.03,1473806,13465,70.745
2017-02-28T05:00:00Z,70.97,71.3,69.73,69.77,1367049,11939,70.1701
2017-03-01T05:00:00Z,70.12,71.27,70.03,71.1,1447211,13360,70.8478
2017-03-02T05:00:00Z,70.34,71.15,70.25,70.94,1101389,9236,70.9234
2017-03-03T05:00:00Z,70.81,72.04,70.81,72.01,1013589,9094,71.6852
2017-03-06T05:00:00Z,71.59,72.45,71.56,72.35,1097364,9396,72.0528
2017-03-07T05:00:00Z,72.12,72.73,72.12,72.43,1232186,11220,72.504
2017-03-08T05:00:00Z,72.04,72.26,71.46,71.55,1067282,9835,71.8845
2017-03-09T05:00:00Z,71.41,72.08,71.19,71.7,858700,8189,71.7421
2017-03-10T05:00:00Z,72.16,72.98,71.89,72.35,954673,8601,72.3643
2017-03-13T04:00:00Z,72.44,73.04,72.27,72.81,873232,7872,72.7532
2017-03-14T04:00:00Z,72.22,72.58,71.24,71.32,1045191,8447,71.8241
2017-03-15T04:00:00Z,71.91,72.72,71.4,72.61,942940,8628,72.1741
2017-03-16T04:00:00Z,72.81,73.28,72.18,72.21,890668,7616,72.6611
2017-03-17T04:00:00Z,72.52,72.87,72.14,72.16,1331438,12342,72.4085
2017-03-20T04:00:00Z,72.09,72.41,71.72,72,1582676,11018,71.9894
2017-03-21T04:00:00Z,72.3,73,71.28,71.35,1948065,15400,72.1261
2017-03-22T04:00:00Z,71.06,72.12,71.02,71.76,889650,8722,71.6571
2017-03-23T04:00:00Z,71.86,72.88,71.42,72.44,1032010,9691,72.4291
2017-03-24T04:00:00Z,72.43,72.91,72.012,72.31,510771,5642,72.3453
2017-03-27T04:00:00Z,71.66,72.91,71.58,72.64,836755,7582,72.4591
2017-03-28T04:00:00Z,72.74,74.1,72.74,73.84,1126552,8732,73.7656
2017-03-29T04:00:00Z,73.67,73.82,73.27,73.78,463366,4778,73.6013
2017-03-30T04:00:00Z,74.08,74.67,73.94,73.96,571509,5924,74.2318
2017-03-31T04:00:00Z,73.95,74.46,73.74,73.93,1004153,8817,74.1105
2017-04-03T04:00:00Z,73.89,74.1,72.51,73.09,1071649,9602,73.0905
2017-04-04T04:00:00Z,72.69,74.01,72.61,73.82,1061801,10173,73.7166
2017-04-05T04:00:00Z,74.11,75.05,73.13,73.43,1481569,12955,74.0245
2017-04-06T04:00:00Z,73.61,74.22,73.47,73.88,857621,8399,73.9512
2017-04-07T04:00:00Z,74.09,74.5,73.22,73.39,1619489,12627,73.557
2017-04-10T04:00:00Z,73.79,74.979,73.74,74.59,1688995,14364,74.5665
2017-04-11T04:00:00Z,74.57,74.57,73.27,73.96,1504104,10783,73.8161
2017-04-12T04:00:00Z,73.92,74.15,73.2,73.36,1018607,9786,73.5964
2017-04-13T04:00:00Z,73.33,73.74,72.83,72.89,1029454,9181,73.2325
2017-04-17T04:00:00Z,73.19,74.28,73.19,74.07,876504,8447,73.9605
2017-04-18T04:00:00Z,73.63,73.85,73.03,73.56,1126135,7787,73.5237
2017-04-19T04:00:00Z,73.9,73.95,73.12,73.22,926798,8521,73.4636
2017-04-20T04:00:00Z,73.88,75.06,73.47,74.48,1447693,13086,74.4601
2017-04-21T04:00:00Z,74.39,74.86,74.17,74.72,904710,8851,74.6331
2017-04-24T04:00:00Z,75.69,76.1,75.43,75.66,1272377,11784,75.7731
2017-04-25T04:00:00Z,74.25,74.52,73.08,73.1,3324775,24496,73.5768
2017-04-26T04:00:00Z,73.51,74.04,72.35,72.39,2585544,24567,72.9427
2017-04-27T04:00:00Z,72.22,73.31,72.1,72.31,1676903,14570,72.6142
2017-04-28T04:00:00Z,72.15,72.6,72,72.29,1294142,12177,72.3116
2017-05-01T04:00:00Z,72.39,73.31,72.32,73.13,1175581,10070,72.9849
2017-05-02T04:00:00Z,73.22,73.9,72.93,73.87,1063853,11161,73.6193
2017-05-03T04:00:00Z,73.57,73.88,73.12,73.57,872947,7516,73.5729
2017-05-04T04:00:00Z,73.63,73.93,73.19,73.52,875029,10228,73.6191
2017-05-05T04:00:00Z,73.6,74.655,73.38,74.64,924189,8665,74.3547
2017-05-08T04:00:00Z,74.74,74.88,74.3,74.43,901546,9178,74.5626
2017-05-09T04:00:00Z,74.23,74.85,73.76,74.21,798925,7913,74.224
2017-05-10T04:00:00Z,74.33,74.86,74.12,74.69,749875,6979,74.5993
2017-05-11T04:00:00Z,74.15,74.48,73.649,73.93,719332,7169,73.9973
2017-05-12T04:00:00Z,73.73,74.33,73.47,74.13,494295,5585,73.9747
2017-05-15T04:00:00Z,74.62,75.615,74.57,75.46,1108228,9330,75.3394
2017-05-16T04:00:00Z,75.56,76.41,75.28,75.31,1477819,13404,75.7133
2017-05-17T04:00:00Z,74.34,74.62,72.72,72.9,1349043,9932,73.2795
2017-05-18T04:00:00Z,72.88,73.95,72.385,73.45,1620379,12733,73.4259
2017-05-19T04:00:00Z,73.57,75.07,73.56,74.87,1030295,9509,74.6469
2017-05-22T04:00:00Z,75.14,75.745,75.01,75.69,554401,5526,75.51
2017-05-23T04:00:00Z,75.68,76.07,75.465,75.55,1766507,12630,75.7085
2017-05-24T04:00:00Z,75.82,76.45,75.29,76.39,857032,8969,75.8898
2017-05-25T04:00:00Z,76.71,77.53,76.48,77.48,1249737,11542,77.187
2017-05-26T04:00:00Z,77.23,77.44,76.95,77.01,964766,9955,77.1283
2017-05-30T04:00:00Z,76.66,77.76,76.63,77.67,753814,7745,77.5148
2017-05-31T04:00:00Z,77.71,77.77,77.06,77.43,1793386,13274,77.4098
2017-06-01T04:00:00Z,77.85,78.9064,77.57,78.58,780657,8356,78.4424
2017-06-02T04:00:00Z,78.54,79.01,78.28,78.45,600141,5865,78.5999
2017-06-05T04:00:00Z,78.52,79.17,77.8,78.83,886315,8141,78.8069
2017-06-06T04:00:00Z,78.24,79.1,78.24,78.86,682145,7145,78.7748
2017-06-07T04:00:00Z,78.62,78.82,77.7,78.11,637015,6105,78.1531
2017-06-08T04:00:00Z,78.39,79.39,78.12,79.39,728627,6950,79.0155
2017-06-09T04:00:00Z,79.59,80.11,78.43,79.21,1489151,14484,79.3713
2017-06-12T04:00:00Z,79.02,80,78.49,79.44,1194098,10785,79.1187
2017-06-13T04:00:00Z,80.03,80.04,79.22,79.57,872776,8971,79.5062
2017-06-14T04:00:00Z,79.81,79.82,78.62,78.95,1259104,11947,79.1375
2017-06-15T04:00:00Z,78.38,79.75,77.991,79.68,1029288,9793,78.8548
2017-06-16T04:00:00Z,79.92,81.83,78.98,81.77,1488568,12368,80.8189
2017-06-19T04:00:00Z,81.49,82.11,80.86,81.21,1084410,9180,81.4047
2017-06-20T04:00:00Z,81.03,81.15,79.84,79.92,884226,8001,80.2641
2017-06-21T04:00:00Z,79.85,80.33,79.32,79.58,880444,8449,79.7116
2017-06-22T04:00:00Z,79.92,80.11,79.63,79.83,1159581,9451,79.8709
2017-06-23T04:00:00Z,79.62,80.8886,79.325,80.39,877961,7678,80.4561
2017-06-26T04:00:00Z,80.97,81.43,80.55,80.86,634674,6422,80.8455
2017-06-27T04:00:00Z,80.92,81.43,80.48,81.2,675456,6765,81.0857
2017-06-28T04:00:00Z,81.84,82.65,81.65,82.55,903659,7225,82.361
2017-06-29T04:00:00Z,82.58,82.59,80.7,81.09,956875,8994,81.2789
2017-06-30T04:00:00Z,81.41,81.44,80.51,81.05,902932,8112,80.9815
2017-07-03T04:00:00Z,81.26,82.6,81.14,82.04,522747,4063,82.1341
2017-07-05T04:00:00Z,81.32,82.22,80.32,81.88,835064,7801,81.4516
2017-07-06T04:00:00Z,81.62,82.03,81.15,81.39,1062033,8998,81.4894
2017-07-07T04:00:00Z,81.52,82.33,81.22,82.23,779425,6796,81.9001
2017-07-10T04:00:00Z,82.1,83.12,82.07,82.6,511945,5810,82.7349
2017-07-11T04:00:00Z,82.45,82.65,81.51,82.59,1479329,10448,82.1715
2017-07-12T04:00:00Z,83,84.48,82.51,83.85,2378454,12755,83.9387
2017-07-13T04:00:00Z,83.75,84.06,83.25,83.37,915829,7821,83.5082
2017-07-14T04:00:00Z,83.84,84.02,83.395,83.68,799226,7322,83.7562
2017-07-17T04:00:00Z,83.7894,83.89,83.17,83.36,814719,8703,83.4486
2017-07-18T04:00:00Z,83.63,83.87,82.88,83.69,759112,7018,83.3528
2017-07-19T04:00:00Z,83.41,83.84,82.51,82.54,1121353,11429,82.9341
2017-07-20T04:00:00Z,82.71,83.11,81.4,82.01,1401824,12982,81.9501
2017-07-21T04:00:00Z,81.8,82.05,81.08,81.98,969419,9257,81.6808
2017-07-24T04:00:00Z,82.12,82.12,81.11,81.37,875979,9176,81.4182
2017-07-25T04:00:00Z,81.65,82.18,80.91,81.12,1162671,11237,81.1328
2017-07-26T04:00:00Z,80.64,80.82,78.86,79.59,2874468,23479,79.5654
2017-07-27T04:00:00Z,79.91,79.94,78.55,78.8,1501740,13556,79.2854
2017-07-28T04:00:00Z,79.25,79.38,78.76,79.12,1102118,9044,79.0828
2017-07-31T04:00:00Z,79.19,79.542,78.86,79.02,1061776,9940,79.1986
2017-08-01T04:00:00Z,79.5,80.49,78.659,79.6,1339804,13355,79.9264
2017-08-02T04:00:00Z,79.64,80.37,79.29,80.31,906262,9423,80.0424
2017-08-03T04:00:00Z,80.54,81.01,79.44,79.62,1221132,11346,79.9671
2017-08-04T04:00:00Z,79.91,80.12,78.81,79.32,1138222,10282,79.2768
2017-08-07T04:00:00Z,79.3,79.96,79.3,79.85,547044,5666,79.7874
2017-08-08T04:00:00Z,79.55,80.44,79.38,80.08,1076034,9780,80.096
2017-08-09T04:00:00Z,79.63,80.36,79.43,80.04,1133401,11020,80.0273
2017-08-10T04:00:00Z,79.83,80.12,78.74,79.03,741730,8706,79.1576
2017-08-11T04:00:00Z,78.92,79.77,78.91,79.5,1259216,10603,79.424
2017-08-14T04:00:00Z,79.96,80.88,79.73,80.37,967530,8971,80.5046
2017-08-15T04:00:00Z,80.26,80.38,79.9,80.11,1407229,10231,80.1674
2017-08-16T04:00:00Z,80.22,80.67,80.16,80.37,1531036,11619,80.4495
2017-08-17T04:00:00Z,80.27,80.49,79.765,79.83,1225555,10165,80.0365
2017-08-18T04:00:00Z,80.34,80.34,79.48,79.5,1641131,10207,79.6752
2017-08-21T04:00:00Z,79.44,79.74,79.04,79.48,1166748,9056,79.4407
2017-08-22T04:00:00Z,80,80.28,79.7,80,1501686,9965,79.97
2017-08-23T04:00:00Z,79.98,79.98,79.29,79.6,822385,7993,79.6632
2017-08-24T04:00:00Z,79.98,79.98,79.48,79.53,741502,6499,79.6752
2017-08-25T04:00:00Z,80.01,80.02,79.32,79.56,1148358,8664,79.6812
2017-08-28T04:00:00Z,79.76,79.77,78.93,79.26,1166186,9366,79.2944
2017-08-29T04:00:00Z,78.66,79.56,78.5,79.37,1680604,13412,79.1695
2017-08-30T04:00:00Z,79.2,80.27,79.2,79.76,1285388,10339,79.9093
2017-08-31T04:00:00Z,80.14,81.45,79.89,80.99,1107100,8937,80.6912
2017-09-01T04:00:00Z,81.64,81.9,80.72,81.22,655886,6704,81.2089
2017-09-05T04:00:00Z,80.81,80.82,79.9064,80.25,706276,6998,80.3316
2017-09-06T04:00:00Z,80.22,81.8,80.1,81.16,1065424,9814,81.3825
2017-09-07T04:00:00Z,81.25,81.74,80.83,81.43,886911,8025,81.405
2017-09-08T04:00:00Z,81.47,81.69,81.07,81.49,809566,7520,81.4706
2017-09-11T04:00:00Z,81.82,82,81.23,81.91,1040566,9329,81.6996
2017-09-12T04:00:00Z,81.87,82.13,81.58,81.85,820727,7273,81.9234
2017-09-13T04:00:00Z,81.75,81.82,80.48,80.52,1198476,10144,80.8491
2017-09-14T04:00:00Z,80.4,81.19,80.26,81.03,1015002,8745,80.9766
2017-09-15T04:00:00Z,81.21,81.69,80.92,81.64,916145,11330,81.4244
2017-09-18T04:00:00Z,81.68,82.12,81.41,81.73,1042415,9316,81.7304
2017-09-19T04:00:00Z,82.16,82.58,81.98,82.09,884180,7628,82.2398
2017-09-20T04:00:00Z,82.31,82.46,81.42,81.99,1260009,9053,82.0814
2017-09-21T04:00:00Z,81.96,82.89,81.68,82.61,1120431,9759,82.5962
2017-09-22T04:00:00Z,82.63,82.81,81.7,81.91,1193098,10864,82.0051
2017-09-25T04:00:00Z,81.691,81.79,81.09,81.52,998127,9272,81.4817
2017-09-26T04:00:00Z,81.64,82.1692,81.37,82.01,1209194,8072,81.9234
2017-09-27T04:00:00Z,82.18,83.665,81.98,82.98,1414331,11994,83.0613
2017-09-28T04:00:00Z,82.94,83.4901,82.73,83.1,980027,9115,83.193
2017-09-29T04:00:00Z,83.09,83.29,82.75,82.85,885490,7574,82.9944
2017-10-02T04:00:00Z,82.79,82.9025,82.22,82.39,1139610,10440,82.4677
2017-10-03T04:00:00Z,82.44,82.88,81.66,81.73,885960,7912,81.9684
2017-10-04T04:00:00Z,81.66,81.89,81.23,81.29,738444,7046,81.4272
2017-10-05T04:00:00Z,81.09,81.29,80.53,80.62,788365,6568,80.79
2017-10-06T04:00:00Z,80.24,80.655,79.67,80.45,1374790,11324,80.1685
2017-10-09T04:00:00Z,80.46,80.84,80.25,80.46,415062,4541,80.4668
2017-10-10T04:00:00Z,80.94,81.075,80.5232,80.75,734635,7339,80.8203
2017-10-11T04:00:00Z,80.93,81.18,80.45,81.05,954013,7039,80.9832
2017-10-12T04:00:00Z,80.94,81.26,80.68,80.88,930626,8235,81.0016
2017-10-13T04:00:00Z,81.17,81.44,80.73,80.79,840388,7180,80.9755
2017-10-16T04:00:00Z,80.49,80.75,80.19,80.23,822301,7764,80.3439
2017-10-17T04:00:00Z,80.08,80.37,79.8,80.08,905537,8376,80.0252
2017-10-18T04:00:00Z,80.48,81.58,80.41,81.09,1313651,10814,81.2662
2017-10-19T04:00:00Z,81.06,82.2445,80.75,82.21,1010745,9818,81.937
2017-10-20T04:00:00Z,82,82.22,81.49,81.58,684066,6076,81.8925
2017-10-23T04:00:00Z,81.56,82.16,81.31,81.78,624080,6723,81.8698
2017-10-24T04:00:00Z,82.06,83.56,82.02,83.14,1901244,15271,83.0511
2017-10-25T04:00:00Z,81.69,81.99,80.2,81.44,2663212,21165,81.1953
2017-10-26T04:00:00Z,81.48,81.93,81.09,81.31,1118121,9981,81.4238
2017-10-27T04:00:00Z,81.32,81.62,80.74,81.28,1765269,13750,81.1704
2017-10-30T04:00:00Z,81.04,81.47,80.76,81.21,921438,8554,81.1064
2017-10-31T04:00:00Z,80.85,81.26,80.47,80.49,895484,8437,80.8525
2017-11-01T04:00:00Z,80.19,80.66,79.43,80.02,1257191,10530,79.9305
2017-11-02T04:00:00Z,80.18,80.54,79.56,80.33,860611,7373,80.2144
2017-11-03T04:00:00Z,80.63,80.63,79.95,80.27,638814,6724,80.2684
2017-11-06T05:00:00Z,80.28,80.64,79.99,80.34,733529,6950,80.234
2017-11-07T05:00:00Z,79.64,80.37,79.62,80.14,638893,6557,80.0619
2017-11-08T05:00:00Z,80.44,80.73,79.84,80.4,792984,8078,80.2596
2017-11-09T05:00:00Z,80.23,80.9,80.01,80.65,737431,7592,80.5748
2017-11-10T05:00:00Z,80.53,81.28,80.44,81,701129,6804,80.9022
2017-11-13T05:00:00Z,80.56,80.75,80.2801,80.33,800576,7670,80.4365
2017-11-14T05:00:00Z,80.23,80.33,79.88,80.18,629698,6530,80.1367
2017-11-15T05:00:00Z,79.88,80.15,79.58,79.83,743643,8081,79.8318
2017-11-16T05:00:00Z,80.23,80.36,79.85,80.01,957575,10138,80.1088
2017-11-17T05:00:00Z,79.68,79.92,79.44,79.77,693529,7004,79.7024
2017-11-20T05:00:00Z,79.66,79.93,79.31,79.5,807081,8045,79.5891
2017-11-21T05:00:00Z,79.53,80.13,79.37,79.77,891694,7897,79.7893
2017-11-22T05:00:00Z,79.94,80.02,79.08,79.61,1020377,8850,79.4797
2017-11-24T05:00:00Z,79.92,80,79.64,79.78,475226,4269,79.8087
2017-11-27T05:00:00Z,80.06,80.1,78.86,78.91,1122085,10142,79.2088
2017-11-28T05:00:00Z,79.1,79.11,77.77,78.04,1193795,10887,78.2037
2017-11-29T05:00:00Z,77.17,77.44,74.15,76.36,3728559,28155,75.8155
2017-11-30T05:00:00Z,76.95,78.26,76.57,77.98,2402287,18550,77.6224
2017-12-01T05:00:00Z,78.31,79.23,77.745,78.67,1457000,14851,78.6407
2017-12-04T05:00:00Z,79.2,80.16,79.03,79.19,1060398,10184,79.6269
2017-12-05T05:00:00Z,79.54,80.07,79.2,79.35,1104913,10821,79.5962
2017-12-06T05:00:00Z,79.28,80.34,79.15,79.83,1169665,10715,80.0139
2017-12-07T05:00:00Z,79.51,80.18,79.33,80.06,986990,9253,79.9275
2017-12-08T05:00:00Z,80.32,80.96,79.98,80.07,1036898,9343,80.2815
2017-12-11T05:00:00Z,80.06,80.17,79.46,79.89,780436,7783,79.857
2017-12-12T05:00:00Z,79.85,80.38,79.47,80.09,713749,7139,79.9865
2017-12-13T05:00:00Z,80.33,80.86,79.92,80.42,939225,9040,80.5584
2017-12-14T05:00:00Z,80.63,81.15,80.4,80.93,920392,8993,80.8285
2017-12-15T05:00:00Z,80.87,80.95,80.13,80.35,1188534,9849,80.43
2017-12-18T05:00:00Z,80.38,81.43,80.23,80.51,928250,9035,80.8108
2017-12-19T05:00:00Z,80.46,81.52,80.37,81.31,875329,8492,81.2016
2017-12-20T05:00:00Z,81.35,81.68,80.71,81.4,895982,8416,81.4674
2017-12-21T05:00:00Z,81.58,82.069,81.36,81.63,939537,8658,81.7874
2017-12-22T05:00:00Z,81.13,81.91,81.09,81.72,483626,5422,81.6791
2017-12-26T05:00:00Z,81.75,81.94,81.24,81.39,362182,3711,81.4117
2017-12-27T05:00:00Z,82.06,82.48,81.67,82.29,738618,7138,82.2287
2017-12-28T05:00:00Z,82.42,82.71,81.85,82.67,749335,6622,82.4399
2017-12-29T05:00:00Z,82.65,82.82,82.39,82.5,557480,5704,82.5904
2018-01-02T05:00:00Z,82.42,83.33,82.37,83.28,760152,7723,83.045
2018-01-03T05:00:00Z,83.29,83.68,83.2,83.43,1008993,8377,83.4789
2018-01-04T05:00:00Z,83.54,84.5,83.54,84.26,1092324,9341,84.1698
2018-01-05T05:00:00Z,84.81,85.73,84.53,84.95,682786,6665,85.0276
2018-01-08T05:00:00Z,84.73,85.04,84.11,84.33,919039,9542,84.437
2018-01-09T05:00:00Z,84.42,84.44,83.95,84.01,817953,7761,84.1761
2018-01-10T05:00:00Z,83.58,83.73,81.04,81.17,1957344,17460,82.1503
2018-01-11T05:00:00Z,81.37,81.72,81.05,81.39,1186176,10811,81.4427
2018-01-12T05:00:00Z,81.49,81.58,80.34,80.96,1407148,12903,80.7857
2018-01-16T05:00:00Z,81.32,82.28,80.81,81.18,1810651,16185,81.3994
2018-01-17T05:00:00Z,81.29,81.3,80.155,80.43,1273289,10672,80.6664
2018-01-18T05:00:00Z,80.32,80.85,79.73,80.56,1476642,13449,80.4448
2018-01-19T05:00:00Z,80.62,81.2052,80.36,80.79,1491910,14142,80.7108
2018-01-22T05:00:00Z,81.09,81.34,79.81,79.9,1780169,12941,80.0582
2018-01-23T05:00:00Z,79.62,80.71,79.36,80.31,2342155,18890,80.3
2018-01-24T05:00:00Z,80.57,81.86,79.37,79.54,2262239,18793,80.2331
2018-01-25T05:00:00Z,79.99,80.28,78.345,78.5,2248130,16955,79.0809
2018-01-26T05:00:00Z,78.63,79.8,78.39,79.23,1477194,12063,79.3984
2018-01-29T05:00:00Z,78.89,79.97,78.72,79.48,1688709,14143,79.4763
2018-01-30T05:00:00Z,79.15,79.89,79.02,79.04,1557969,13234,79.3582
2018-01-31T05:00:00Z,79.51,80.36,79.38,80.12,1291523,11582,79.8835
2018-02-01T05:00:00Z,79.91,80.54,79.24,79.82,1256560,11600,80.0982
2018-02-02T05:00:00Z,79.17,79.24,78.17,78.46,1368692,12180,78.7393
2018-02-05T05:00:00Z,78,78.7,77.12,77.17,1735826,16269,77.893
2018-02-06T05:00:00Z,76.21,77.42,74.81,77.14,2304370,21822,76.8227
2018-02-07T05:00:00Z,76.86,77.23,76.01,76.17,1663439,14784,76.5959
2018-02-08T05:00:00Z,76.08,76.16,74.11,74.45,1526410,14681,74.8105
2018-02-09T05:00:00Z,74.77,75.49,73.71,75.11,1846880,16745,74.5776
2018-02-12T05:00:00Z,75.63,76.94,75.5,76.86,1561817,13723,76.4039
2018-02-13T05:00:00Z,76.37,76.5,75.06,75.66,1751146,14409,75.7039
2018-02-14T05:00:00Z,75.16,77.25,74.97,77.07,1200052,11712,76.4208
2018-02-15T05:00:00Z,77.15,77.25,75.76,76.86,1636943,12883,76.5539
2018-02-16T05:00:00Z,76.11,76.62,75.41,76.18,2550068,17693,76.1226
2018-02-20T05:00:00Z,75.66,76.17,75.15,75.38,1608833,14838,75.5912
2018-02-21T05:00:00Z,75.33,77.98,75.33,77.17,2063974,17731,77.153
2018-02-22T05:00:00Z,77.21,78.36,76.82,77.26,2283578,16040,77.5069
2018-02-23T05:00:00Z,77.52,77.6324,76.6,77.3,1325377,11969,77.1762
2018-02-26T05:00:00Z,77.28,79.04,77.09,78.97,2616897,19559,78.2976
2018-02-27T05:00:00Z,78.37,79.52,78.3,79.35,2664342,21177,79.3405
2018-02-28T05:00:00Z,79.42,79.43,77.35,77.37,2094838,16725,78.3662
2018-03-01T05:00:00Z,77.39,77.39,75.35,76.02,1128295,11028,76.272
2018-03-02T05:00:00Z,75.39,76.04,74.73,75.29,919477,8788,75.2497
2018-03-05T05:00:00Z,74.2,75.61,73.59,74.8,2948442,20966,74.9094
2018-03-06T05:00:00Z,74.72,74.72,73.39,73.94,3429930,28437,73.8946
2018-03-07T05:00:00Z,73.27,73.6318,72.45,72.99,1566734,13552,73.0018
2018-03-08T05:00:00Z,73,73.84,72.705,73.74,1746648,13111,73.3036
2018-03-09T05:00:00Z,74.16,74.56,73.7,74.52,1427366,10367,74.3339
2018-03-12T04:00:00Z,74.44,75.04,74.3,74.83,1131033,9952,74.8273
2018-03-13T04:00:00Z,74.92,75.55,74.22,74.32,848458,7871,74.6716
2018-03-14T04:00:00Z,74.85,75.02,74.11,74.63,1451387,12921,74.6197
2018-03-15T04:00:00Z,74.56,74.71,73.33,73.64,1805360,15154,73.765
2018-03-16T04:00:00Z,73.74,74.385,73.5,73.56,1262269,9302,73.8476
2018-03-19T04:00:00Z,73.64,73.87,72.19,72.74,1388023,12792,72.7125
2018-03-20T04:00:00Z,72.92,73.225,72.62,72.9,846854,7780,72.9028
2018-03-21T04:00:00Z,73.21,74.04,73.13,73.63,1228772,10318,73.6475
2018-03-22T04:00:00Z,73.17,73.17,71.9,71.9,1299553,11961,72.3602
2018-03-23T04:00:00Z,72.28,72.48,70.59,70.72,1194906,10406,71.1421
2018-03-26T04:00:00Z,71.27,71.83,70.97,71.8,1580378,13607,71.5055
2018-03-27T04:00:00Z,71.99,72.57,71.23,71.67,2331856,18216,72.038
2018-03-28T04:00:00Z,71.75,71.88,71.01,71.57,1414110,13688,71.5535
2018-03-29T04:00:00Z,71.86,73.375,71.79,73.13,1809949,15635,72.8919
2018-04-02T04:00:00Z,73.13,73.17,72,72.85,1679108,15228,72.5523
2018-04-03T04:00:00Z,73.8,73.92,73.09,73.43,1646028,15426,73.5019
2018-04-04T04:00:00Z,72.7,73.78,72.315,73.71,1602708,14618,73.1427
2018-04-05T04:00:00Z,73.52,74.72,73.44,74.65,1505926,13198,74.2864
2018-04-06T04:00:00Z,74.39,74.69,73.5,73.98,1569350,14957,74.0064
2018-04-09T04:00:00Z,74.39,75.31,74.13,74.65,1286813,12223,74.8818
2018-04-10T04:00:00Z,75.54,75.57,74.17,74.28,1705908,15096,74.5606
2018-04-11T04:00:00Z,73.9,75.18,73.64,74.96,1669345,14968,74.7964
2018-04-12T04:00:00Z,74.99,75.6,74.65,74.75,1533926,13708,75.1919
2018-04-13T04:00:00Z,75.01,75.29,74.16,74.39,1270732,10522,74.5017
2018-04-16T04:00:00Z,74.84,75.375,74.5,75.35,958892,8941,75.1762
2018-04-17T04:00:00Z,75.59,76.23,75.18,75.59,2046375,14980,75.6966
2018-04-18T04:00:00Z,76.07,76.5934,75.7,76.19,1573067,10816,76.228
2018-04-19T04:00:00Z,76.3,76.77,75.9,76.19,1165474,10904,76.2384
2018-04-20T04:00:00Z,75.89,75.93,75.33,75.43,987130,8921,75.5649
2018-04-23T04:00:00Z,75.28,76.21,75.1,75.44,1381994,12386,75.6427
2018-04-24T04:00:00Z,74.55,76.85,74.5,74.93,2422368,20656,75.5653
2018-04-25T04:00:00Z,74.7,76.66,74.56,76.6,2211208,15116,76.1838
2018-04-26T04:00:00Z,76.7,77.87,76.35,77.54,2101417,16641,77.4252
2018-04-27T04:00:00Z,77.84,78.5,77.61,78.31,1316662,10152,78.1787
2018-04-30T04:00:00Z,78.47,78.57,77.22,77.28,1118865,10404,77.7922
2018-05-01T04:00:00Z,76.46,76.625,75.61,76.22,1572483,12868,76.0269
2018-05-02T04:00:00Z,76.27,76.81,76,76.14,716129,7216,76.448
2018-05-03T04:00:00Z,76.13,76.84,75.91,76.57,989304,9215,76.441
2018-05-04T04:00:00Z,76.23,78.5,76.16,78.26,873748,7528,77.7839
2018-05-07T04:00:00Z,78.18,79.04,78.17,78.65,1035653,9577,78.7022
2018-05-08T04:00:00Z,78.33,79.04,78.04,78.82,1067589,9053,78.7038
2018-05-09T04:00:00Z,78.89,79.82,78.73,79.35,943005,8833,79.494
2018-05-10T04:00:00Z,79.99,80.44,79.36,80.38,662073,6769,80.2166
2018-05-11T04:00:00Z,80,80.77,79.34,79.44,1096599,10436,79.8302
2018-05-14T04:00:00Z,78.9,79.8,78.87,79.64,823577,8386,79.5004
2018-05-15T04:00:00Z,79.35,81.03,79.06,80.74,1644437,14748,80.5025
2018-05-16T04:00:00Z,81.13,83.35,81.07,83.18,1910172,17874,82.6051
2018-05-17T04:00:00Z,83.29,84.98,82.76,83.97,1587806,14195,84.1065
2018-05-18T04:00:00Z,83.74,83.79,82.15,83.19,1262022,11060,83.0017
2018-05-21T04:00:00Z,83.58,83.99,83.265,83.33,779252,6800,83.4609
2018-05-22T04:00:00Z,83.5,83.94,82.99,83.09,888218,7954,83.2677
2018-05-23T04:00:00Z,82.48,84.27,82.38,84.14,862183,7798,83.7646
2018-05-24T04:00:00Z,83.09,84.18,83.09,83.77,821354,7488,83.798
2018-05-25T04:00:00Z,83.43,84.6,83.25,84.06,536082,5645,83.9703
2018-05-29T04:00:00Z,82.52,83.36,81.8,83.02,1048026,9334,82.6745
2018-05-30T04:00:00Z,83.39,84.71,83.29,84.61,904557,8394,84.3126
2018-05-31T04:00:00Z,84.1,84.27,83.17,83.48,1062149,10435,83.5807
2018-06-01T04:00:00Z,83.47,84.21,83.3,83.48,964926,9189,83.4915
2018-06-04T04:00:00Z,83.8,83.93,83.01,83.34,861117,8229,83.3444
2018-06-05T04:00:00Z,83.33,83.44,82.12,82.65,986743,9629,82.5667
2018-06-06T04:00:00Z,82.93,83.29,82.47,83.13,769239,7802,83.0034
2018-06-07T04:00:00Z,82.88,83.34,82.03,82.65,651555,6584,82.6769
2018-06-08T04:00:00Z,82.48,83.47,82.11,83.35,776571,6614,82.8622
2018-06-11T04:00:00Z,82.9,84.16,82.88,83.35,1795393,8368,83.6381
2018-06-12T04:00:00Z,83.44,83.57,82.5,83.2,1781618,7304,82.9974
2018-06-13T04:00:00Z,83.17,84.18,82.63,83.33,1335166,8426,83.6054
2018-06-14T04:00:00Z,83.74,84.235,82.86,83.57,451525,4429,83.7322
2018-06-15T04:00:00Z,82.99,83.6,82.51,83.16,787524,7304,83.1867
2018-06-18T04:00:00Z,82.86,82.91,82.01,82.47,689768,6675,82.4586
2018-06-19T04:00:00Z,81.58,81.58,80.8,80.97,789485,8043,81.0491
2018-06-20T04:00:00Z,81.47,81.76,80.52,80.82,724068,6978,80.952
2018-06-21T04:00:00Z,80.91,80.965,79.56,79.74,1311735,9994,80.1746
2018-06-22T04:00:00Z,80.28,80.72,79.97,80.6,1073749,9116,80.3643
2018-06-25T04:00:00Z,80.35,80.41,78.86,79.13,984249,9388,79.3962
2018-06-26T04:00:00Z,79.73,81.04,78.99,80.58,1257361,11615,80.3837
2018-06-27T04:00:00Z,80.87,81.49,79.72,79.87,840272,8119,80.5597
2018-06-28T04:00:00Z,79.66,81.1,79.59,80.93,821536,8272,80.5831
2018-06-29T04:00:00Z,81.43,82.03,81.25,81.75,793357,9029,81.7537
2018-07-02T04:00:00Z,81.275,82.31,81.05,81.85,633174,6438,81.7495
2018-07-03T04:00:00Z,82.31,82.4849,80.65,80.78,827426,5989,81.3773
2018-07-05T04:00:00Z,81.09,81.31,80.3,80.7,867539,8224,80.5975
2018-07-06T04:00:00Z,80.89,82.18,80.63,81.98,920355,7288,81.8376
2018-07-09T04:00:00Z,83.5,84.38,83.01,84.15,1466481,12953,83.9023
2018-07-10T04:00:00Z,83.89,85.07,83.66,84.98,1178615,7321,84.5725
2018-07-11T04:00:00Z,83.99,84.64,83.76,84.16,1372199,10255,84.1684
2018-07-12T04:00:00Z,84.87,85.77,84.37,85.71,1043991,10925,85.4086
2018-07-13T04:00:00Z,85.66,86.29,85.09,85.81,829013,7895,85.9002
2018-07-16T04:00:00Z,86.16,86.16,84.4,84.75,787371,8248,84.8616
2018-07-17T04:00:00Z,84.3,84.46,83.37,84.12,1077121,9959,84.0207
2018-07-18T04:00:00Z,84.65,85.7,84.26,85.47,1362331,11117,85.2019
2018-07-19T04:00:00Z,84.72,86.25,84.59,86.08,970116,9467,85.6754
2018-07-20T04:00:00Z,86.38,87.25,86.02,86.66,1130338,8456,86.6379
2018-07-23T04:00:00Z,86.05,86.35,85.35,85.53,851216,8492,85.6121
2018-07-24T04:00:00Z,85.83,86.57,84.53,84.92,2114333,16340,85.1735
2018-07-25T04:00:00Z,87.3,89.76,87.19,89.73,1539672,15878,88.8887
2018-07-26T04:00:00Z,89.15,90.53,88.86,90.17,1719749,16247,90.1194
2018-07-27T04:00:00Z,90.51,90.51,89.48,90.18,1041019,10346,90.099
2018-07-30T04:00:00Z,90.16,90.57,88.75,88.88,1111760,10964,89.4441
2018-07-31T04:00:00Z,89.18,89.59,88.88,89.15,1429546,11317,89.2031
2018-08-01T04:00:00Z,88.38,89.3,88.055,88.55,855642,8959,88.6426
2018-08-02T04:00:00Z,88.15,89.1599,87.57,88.86,925087,8379,88.5101
2018-08-03T04:00:00Z,88.76,88.89,87.68,88.35,889429,8574,88.2322
2018-08-06T04:00:00Z,88.4,89.32,88.395,88.53,599282,6075,88.849
2018-08-07T04:00:00Z,88.74,89.16,88.09,88.31,1621557,11728,88.4512
2018-08-08T04:00:00Z,88.39,89.425,87.8,89.35,796769,7785,89.0004
2018-08-09T04:00:00Z,89.2,89.46,88.97,89.19,469942,5275,89.2021
2018-08-10T04:00:00Z,88.47,88.65,87.49,87.98,687599,7088,87.9582
2018-08-13T04:00:00Z,88.09,88.92,87.34,87.91,685618,7087,87.9696
2018-08-14T04:00:00Z,88.75,89.27,88.29,89.24,823866,8340,89.0173
2018-08-15T04:00:00Z,88.41,88.45,87.37,88.08,602006,7050,88.049
2018-08-16T04:00:00Z,88.36,88.94,88.14,88.23,797600,8269,88.5542
2018-08-17T04:00:00Z,88.58,89.3388,88.08,89.04,549077,6042,88.8437
2018-08-20T04:00:00Z,89.03,89.54,88.83,89.4,890405,8484,89.2862
2018-08-21T04:00:00Z,89.27,90.25,88.58,88.6,952333,8287,89.2948
2018-08-22T04:00:00Z,88.8,89.37,87.9301,87.96,839627,8184,88.4286
2018-08-23T04:00:00Z,87.67,88.04,87.12,87.89,639454,6968,87.7826
2018-08-24T04:00:00Z,88.13,88.27,87.64,87.92,476819,6020,87.9781
2018-08-27T04:00:00Z,88.37,89.89,88.3,89.7,776361,8995,89.4519
2018-08-28T04:00:00Z,90.39,90.49,89.34,89.34,758976,7705,89.601
2018-08-29T04:00:00Z,89.72,89.93,89.29,89.34,510611,5795,89.5984
2018-08-30T04:00:00Z,88.71,89.97,88.65,89.69,665204,6994,89.5115
2018-08-31T04:00:00Z,89.48,89.7,88.63,88.91,842116,10359,89.0324
2018-09-04T04:00:00Z,88.29,88.43,87.17,87.42,960509,10007,87.56
2018-09-05T04:00:00Z,86.72,87.54,85.63,86.46,993640,10907,86.3013
2018-09-06T04:00:00Z,86.11,87.22,85.84,86.8,681671,7050,86.7494
2018-09-07T04:00:00Z,86.65,86.85,86,86.18,799516,7659,86.301
2018-09-10T04:00:00Z,86.51,87.12,86.12,86.53,1300211,11938,86.5368
2018-09-11T04:00:00Z,86.62,87.33,85.92,86.86,932885,9726,86.9015
2018-09-12T04:00:00Z,86.88,87.34,86.08,86.45,868700,8755,86.4947
2018-09-13T04:00:00Z,86.69,87.25,86.68,86.94,660649,7191,86.9874
2018-09-14T04:00:00Z,87.21,87.75,86.69,87.17,836121,7698,87.3168
2018-09-17T04:00:00Z,87.46,87.96,87.1,87.65,1095542,9508,87.63
2018-09-18T04:00:00Z,87.93,88.35,87.25,87.46,709351,6766,87.7529
2018-09-19T04:00:00Z,87.66,87.84,85.51,86.15,1234446,10976,86.2816
2018-09-20T04:00:00Z,86.96,88.44,86.77,88.11,1037889,9712,87.7467
2018-09-21T04:00:00Z,88.23,88.86,88.08,88.68,705533,6986,88.5858
2018-09-24T04:00:00Z,88.37,88.59,86.7,86.81,956532,10373,87.2413
2018-09-25T04:00:00Z,88.03,88.54,87.27,88.03,1204767,10496,88.0762
2018-09-26T04:00:00Z,88.24,90.02,88.05,89.53,1113124,10235,89.5146
2018-09-27T04:00:00Z,89.2,90.01,88.96,89.6,923746,7264,89.6582
2018-09-28T04:00:00Z,89.55,89.9,88.59,89.8,1456078,12049,89.4197
2018-10-01T04:00:00Z,91.5,91.9,90.79,91.4,1483971,11438,91.3153
2018-10-02T04:00:00Z,91.07,91.07,89.55,89.94,1201547,8939,90.0066
2018-10-03T04:00:00Z,90.16,90.38,89.11,89.66,1619442,12320,89.6161
2018-10-04T04:00:00Z,89.76,90.32,89.12,90.17,1369034,11791,89.7835
2018-10-05T04:00:00Z,89.98,91.8199,89.95,90.63,793906,8672,90.9244
2018-10-08T04:00:00Z,90.27,91.09,89.51,90.46,696842,4000,90.3317
2018-10-09T04:00:00Z,90.3679,91.655,89.79,91.39,888153,9317,91.2393
2018-10-10T04:00:00Z,91.29,91.29,85.77,85.86,2428690,21799,87.0179
2018-10-11T04:00:00Z,85,86.45,84.16,84.29,1720466,16520,85.2045
2018-10-12T04:00:00Z,85.55,85.93,84.29,84.81,1555175,14010,85.0067
2018-10-15T04:00:00Z,84.84,85.22,83.69,84.71,1523095,12348,84.7116
2018-10-16T04:00:00Z,85.22,86.54,84.69,86.42,1114647,10228,86.0128
2018-10-17T04:00:00Z,87.19,87.19,84.63,85.07,2087530,17283,85.656
2018-10-18T04:00:00Z,83.91,84.8,83.16,83.36,1949268,15721,83.8638
2018-10-19T04:00:00Z,83.8,85.73,83.67,84.71,2034946,16120,84.9351
2018-10-22T04:00:00Z,84.36,85.29,83.8,84.95,1971064,17907,84.8241
2018-10-23T04:00:00Z,83.75,83.9,80.57,82.44,2383775,21521,82.2406
2018-10-24T04:00:00Z,83.52,85.065,82.11,82.46,2528867,18509,82.9304
2018-10-25T04:00:00Z,82.5,83.22,81.4,81.64,2250041,19740,82.1428
2018-10-26T04:00:00Z,80.3,82.822,80.01,82.15,1521521,11985,81.7833
2018-10-29T04:00:00Z,83.15,83.19,81.03,82.08,1310732,12009,82.4809
2018-10-30T04:00:00Z,82.23,85.28,82.23,85.16,1155150,10006,84.4099
2018-10-31T04:00:00Z,85.7,87.35,85.39,85.48,845931,8643,86.2096
2018-11-01T04:00:00Z,85.97,86.21,84.56,85.16,1104330,12127,85.3592
2018-11-02T04:00:00Z,85.71,85.82,84.18,85.04,1050669,10718,84.9865
2018-11-05T05:00:00Z,85.05,86.22,84.95,85.33,891245,9077,85.4003
2018-11-06T05:00:00Z,85.23,86.42,84.97,85.71,1066570,10092,85.715
2018-11-07T05:00:00Z,86.44,86.97,85.2,86.29,1290869,9827,86.1653
2018-11-08T05:00:00Z,86.06,86.73,85.47,85.97,925579,9927,86.0178
2018-11-09T05:00:00Z,85.65,86.58,85.32,85.72,908069,9303,85.8009
2018-11-12T05:00:00Z,85.69,85.69,84.13,84.3,869928,8447,84.7627
2018-11-13T05:00:00Z,84.25,85.58,84.045,84.93,950641,10226,84.9369
2018-11-14T05:00:00Z,85.4,86.94,84.29,84.95,1156958,11358,85.3138
2018-11-15T05:00:00Z,84.73,86.2,84.1,85.23,1284308,13092,85.3293
2018-11-16T05:00:00Z,85.4,86.31,85.2,85.72,985590,9857,85.8299
2018-11-19T05:00:00Z,85.29,86.35,84.97,86.27,1159048,11409,85.7367
2018-11-20T05:00:00Z,85.07,85.61,81.93,82.05,1418748,13530,83.2104
2018-11-21T05:00:00Z,82.55,85.13,82.55,84.92,817111,8784,84.5514
2018-11-23T05:00:00Z,84.17,84.74,83.95,84.03,311071,3491,84.2569
2018-11-26T05:00:00Z,84.64,85.86,84.39,84.62,846839,8572,84.8522
2018-11-27T05:00:00Z,84.26,84.6,83.42,83.98,727716,8168,83.9261
2018-11-28T05:00:00Z,84.11,85.62,82.68,85.56,1167630,11712,84.4647
2018-11-29T05:00:00Z,85.27,85.97,84.87,85.03,1000166,10141,85.4186
2018-11-30T05:00:00Z,84.87,86.59,84.56,85.82,1486820,10605,85.869
2018-12-03T05:00:00Z,87.4,87.93,84.95,85.37,1386190,13732,85.9322
2018-12-04T05:00:00Z,85.13,85.2,81.95,82.06,1640998,16123,83.1555
2018-12-06T05:00:00Z,80.65,81.1199,79.37,81.01,1343213,15223,80.3985
2018-12-07T05:00:00Z,81.37,81.94,78.8,78.87,1258887,11935,79.5309
2018-12-10T05:00:00Z,78.26,78.98,77.305,78.5,1250220,12232,78.2416
2018-12-11T05:00:00Z,79.64,79.92,77.62,78.03,1474896,14109,78.3252
2018-12-12T05:00:00Z,79.19,80.11,78.5,78.96,1115723,11230,79.3805
2018-12-13T05:00:00Z,79.08,79.83,78.31,78.78,807491,8559,78.8183
2018-12-14T05:00:00Z,78,78.5,77.01,77.36,1156298,11992,77.454
2018-12-17T05:00:00Z,77.29,77.29,74.94,75.32,1420356,15019,75.72
2018-12-18T05:00:00Z,75.43,76.37,75.22,75.33,1198023,11385,75.582
2018-12-19T05:00:00Z,75.92,76.89,74.69,74.75,1222556,12613,75.5791
2018-12-20T05:00:00Z,74.61,75.33,72.69,73.83,1480060,15494,74.0717
2018-12-21T05:00:00Z,73.83,74.17,72.03,72.14,1232885,12421,73.0496
2018-12-24T05:00:00Z,71.7,72.18,70.91,70.93,515070,5479,71.4512
2018-12-26T05:00:00Z,71.08,73.5,70.36,73.46,665251,7385,72.0995
2018-12-27T05:00:00Z,72.48,73.44,71.59,73.44,870111,8428,72.5296
2018-12-28T05:00:00Z,73.93,74.4,73.25,73.58,763554,7496,73.7841
2018-12-31T05:00:00Z,73.97,74.5299,73.52,74.11,625549,6920,73.9924
2019-01-02T05:00:00Z,72.89,74.16,72.27,73.95,841400,9741,73.6119
2019-01-03T05:00:00Z,74.23,74.29,72.94,73.17,804749,8161,73.417
2019-01-04T05:00:00Z,74.38,75.47,74.22,75.24,766621,7562,75.0536
2019-01-07T05:00:00Z,75.44,77.62,75.18,77.43,1393024,11667,76.8107
2019-01-08T05:00:00Z,78.51,79.29,77.4,77.85,1096813,14620,78.1683
2019-01-09T05:00:00Z,78.21,79.53,77.92,79.46,774341,14911,79.058
2019-01-10T05:00:00Z,78.95,80.67,78.4,80.3,1051823,11975,79.9214
2019-01-11T05:00:00Z,79.76,80.05,79.555,79.88,848270,9174,79.8569
2019-01-14T05:00:00Z,79.4,81.79,79.4,81.51,1033613,8730,81.2413
2019-01-15T05:00:00Z,82.35,82.57,81.19,81.28,889399,9085,81.5545
2019-01-16T05:00:00Z,81.72,82.22,81.38,81.9,886536,8919,81.8968
2019-01-17T05:00:00Z,81.51,82.26,81.04,82.09,820979,7345,81.8049
2019-01-18T05:00:00Z,82.96,83.09,82.21,82.38,1557702,16255,82.6042
2019-01-22T05:00:00Z,82.54,82.54,80.55,81.03,1475918,12809,81.1685
2019-01-23T05:00:00Z,81.36,81.7,80.92,81.41,1550729,15123,81.2857
2019-01-24T05:00:00Z,81.91,82.66,81.765,82.06,912332,8074,82.1613
2019-01-25T05:00:00Z,82.98,83.77,82.59,83.44,791461,7918,83.4023
2019-01-28T05:00:00Z,82.73,83.93,82.3,83.73,2259615,8040,83.6259
2019-01-29T05:00:00Z,83.92,84.28,83.34,83.67,782438,7783,83.7241
2019-01-30T05:00:00Z,83.02,84.13,82.5,83.35,1193193,12235,83.3304
2019-01-31T05:00:00Z,83.37,83.81,83.18,83.52,1235829,12085,83.5232
2019-02-01T05:00:00Z,83.8,84.09,83.11,83.3,612800,6723,83.576
2019-02-04T05:00:00Z,83.28,83.57,82.65,82.92,936093,9589,83.0758
2019-02-05T05:00:00Z,83.38,83.76,83.04,83.68,1005181,9678,83.5182
2019-02-06T05:00:00Z,83.62,83.62,82.38,82.55,899902,10434,82.8588
2019-02-07T05:00:00Z,81.94,82.9,81.85,82.72,951991,12104,82.4251
2019-02-08T05:00:00Z,82.62,83.02,82.25,82.68,1866147,13831,82.5511
2019-02-11T05:00:00Z,82.85,83.4,80.95,81.38,1086777,11969,81.7947
2019-02-12T05:00:00Z,82.03,82.2069,81.03,81.59,887025,9397,81.6553
2019-02-13T05:00:00Z,81.91,82.53,81.57,81.6,800466,8717,81.903
2019-02-14T05:00:00Z,81.43,83.145,81.05,82.74,1001086,11459,82.5877
2019-02-15T05:00:00Z,83.06,84.31,82.72,84.1,1362483,11180,83.9786
2019-02-19T05:00:00Z,83.79,85.05,83.31,84.76,753728,7893,84.6681
2019-02-20T05:00:00Z,85.22,86.1,85.19,86,1053706,11844,85.884
2019-02-21T05:00:00Z,85.82,86.25,85.38,86.02,755175,10139,85.8635
2019-02-22T05:00:00Z,86.17,86.26,85.44,85.75,966611,9163,85.8415
2019-02-25T05:00:00Z,85.78,86.6,85.69,86.21,819960,8461,86.3083
2019-02-26T05:00:00Z,86.12,86.76,85.91,86.36,2096183,7450,86.3753
2019-02-27T05:00:00Z,86.54,87,85.73,86.7,787851,7757,86.5868
2019-02-28T05:00:00Z,86.56,86.79,85.56,85.88,944515,9501,85.9336
2019-03-01T05:00:00Z,86.58,86.62,85.265,85.34,1118137,10933,85.7713
2019-03-04T05:00:00Z,85.82,87.05,85.63,86.34,962161,9999,86.3725
2019-03-05T05:00:00Z,86.39,87.55,86.2,86.44,881366,10196,86.9032
2019-03-06T05:00:00Z,86.07,86.815,85.7,86.55,1053236,11266,86.3987
2019-03-07T05:00:00Z,86.06,87.27,86.03,86.69,1147051,12366,86.7501
2019-03-08T05:00:00Z,86.55,86.55,85.46,86.46,698774,8961,86.0915
2019-03-11T04:00:00Z,86.43,87.5,86.34,87.38,841479,9434,87.2507
2019-03-12T04:00:00Z,87.45,87.65,86.45,87.58,729091,7844,87.2424
2019-03-13T04:00:00Z,87.88,88.7,87.77,88.38,943010,10247,88.3928
2019-03-14T04:00:00Z,88.32,88.33,87.44,87.59,563865,6179,87.781
2019-03-15T04:00:00Z,87.75,88.37,87.42,87.58,876898,7231,87.7326
2019-03-18T04:00:00Z,87.62,88.66,87.53,88.61,1094258,7180,88.1382
2019-03-19T04:00:00Z,89.17,89.38,87.18,87.41,807750,8049,87.76
2019-03-20T04:00:00Z,87.12,87.61,86.43,86.94,776040,8636,86.9785
2019-03-21T04:00:00Z,86.345,87.84,86.27,87.69,768545,7728,87.3893
2019-03-22T04:00:00Z,87.03,87.14,86.27,86.53,618805,6479,86.6349
2019-03-25T04:00:00Z,86.41,87.4,86.02,86.12,2085905,13558,86.4911
2019-03-26T04:00:00Z,86.61,87.53,86.51,87.48,770952,7885,87.1922
2019-03-27T04:00:00Z,87.36,88.395,87.17,88.01,868785,8618,87.8978
2019-03-28T04:00:00Z,88.08,89.57,88.08,89.24,680847,7530,89.1287
2019-03-29T04:00:00Z,89.77,90.03,88.99,89.48,943965,8501,89.6457
2019-04-01T04:00:00Z,89.74,91.05,89.33,90.67,1111380,11045,90.4184
2019-04-02T04:00:00Z,90.77,90.77,89.87,90.34,737848,7898,90.2072
2019-04-03T04:00:00Z,90.33,90.79,89.69,90.18,2827876,17024,90.2063
2019-04-04T04:00:00Z,90.41,90.6,89.59,90.53,2030295,9468,89.9298
2019-04-05T04:00:00Z,90.46,90.965,89.89,90.12,736603,8470,90.264
2019-04-08T04:00:00Z,90.21,91.07,89.83,91.06,902485,8801,90.4271
2019-04-09T04:00:00Z,90.52,90.53,89.8,90.31,900340,8867,90.169
2019-04-10T04:00:00Z,90.52,90.78,90.18,90.3,2654080,11037,90.4718
2019-04-11T04:00:00Z,90.37,90.48,89.9,90.32,1144840,10027,90.186
2019-04-12T04:00:00Z,90.5,91.6,90.36,91.5,1340248,10715,91.2369
2019-04-15T04:00:00Z,91.69,91.92,91.11,91.78,937022,9067,91.553
2019-04-16T04:00:00Z,92.06,92.805,91.72,92.14,896755,7793,92.3314
2019-04-17T04:00:00Z,93.12,93.64,92.82,93.14,1304973,12033,93.2069
2019-04-18T04:00:00Z,93.33,94.12,93.07,93.65,853300,8730,93.7884
2019-04-22T04:00:00Z,93.54,93.93,92.92,93.84,740378,7292,93.651
2019-04-23T04:00:00Z,93.52,94.39,93.1772,94.22,795366,8173,94.0995
2019-04-24T04:00:00Z,93.7,94.315,93.29,93.5,831905,8608,93.6997
2019-04-25T04:00:00Z,93.04,94.1,92.68,93.95,879651,8944,93.7597
2019-04-26T04:00:00Z,93.82,94.63,93.55,94.62,533065,5880,94.2876
2019-04-29T04:00:00Z,94.41,94.49,93.67,93.91,845826,8989,94.1194
2019-04-30T04:00:00Z,91.83,93.05,90.68,92.78,1686549,15705,92.2676
2019-05-01T04:00:00Z,92.91,93.01,91.92,92.01,971259,9924,92.2863
2019-05-02T04:00:00Z,92,92.78,91.69,92.2,650410,7688,92.2981
2019-05-03T04:00:00Z,92.84,93.62,92.74,93.34,505708,6248,93.3023
2019-05-06T04:00:00Z,92.32,93.01,91.74,92.93,656730,7097,92.6854
2019-05-07T04:00:00Z,92.16,92.29,91.22,91.98,899544,10067,91.7897
2019-05-08T04:00:00Z,91.8,93.31,91.77,92.8,761093,9758,92.8234
2019-05-09T04:00:00Z,91.99,93.53,91.99,92.9,861124,9999,92.7611
2019-05-10T04:00:00Z,92.94,93.1045,90.92,92.41,739335,9077,92.0612
2019-05-13T04:00:00Z,90.95,91.74,90.76,91.54,836721,9722,91.3175
2019-05-14T04:00:00Z,92.09,92.83,91.87,92.32,500745,6504,92.3296
2019-05-15T04:00:00Z,91.81,93.14,91.56,92.8,468546,6412,92.6575
2019-05-16T04:00:00Z,93.09,94.87,92.96,94.57,541782,6944,94.3831
2019-05-17T04:00:00Z,93.75,95.08,93.47,93.88,708547,7837,94.3698
2019-05-20T04:00:00Z,93.15,93.43,92.415,93.21,584431,6603,93.1135
2019-05-21T04:00:00Z,94.15,94.19,93.21,93.72,1084587,9118,93.5405
2019-05-22T04:00:00Z,93.56,93.75,92.64,93.02,604752,7397,93.0812
2019-05-23T04:00:00Z,92.08,92.16,90.69,91.32,870502,9833,91.2765
2019-05-24T04:00:00Z,91.78,92.28,90.88,91.49,578603,9370,91.4485
2019-05-28T04:00:00Z,92.22,92.8,91.09,91.11,662807,8192,91.8357
2019-05-29T04:00:00Z,90.46,90.66,89.3,89.32,914527,10124,89.848
2019-05-30T04:00:00Z,89.32,89.87,88.78,89.39,950130,11012,89.3297
2019-05-31T04:00:00Z,88.7,89.27,88.08,88.59,1033990,11238,88.7676
2019-06-03T04:00:00Z,88.85,90.14,88.68,89.59,813737,10505,89.5503
2019-06-04T04:00:00Z,90.13,90.48,89.155,90.4,1138176,13126,89.9331
2019-06-05T04:00:00Z,90.83,91.8,89.95,91.26,704191,8045,91.0089
2019-06-06T04:00:00Z,91.19,91.42,90.61,90.9,882466,8887,91.0341
2019-06-07T04:00:00Z,91.54,92.1,91.1,91.23,1209688,9596,91.47
2019-06-10T04:00:00Z,91.49,91.64,90.17,90.42,1493186,14504,90.7769
2019-06-11T04:00:00Z,91.02,91.21,90.14,90.73,780919,9118,90.7147
2019-06-12T04:00:00Z,90.68,91.89,90.5,91.49,523758,6749,91.5454
2019-06-13T04:00:00Z,91.58,91.65,90.72,91.28,485314,6218,91.1631
2019-06-14T04:00:00Z,91.02,91.66,90.8,91.42,670868,8363,91.3906
2019-06-17T04:00:00Z,91.22,91.71,90.75,90.78,666216,7730,90.9476
2019-06-18T04:00:00Z,91.36,92.32,91.29,91.69,660557,7606,91.8494
2019-06-19T04:00:00Z,92.03,92.34,91.31,92.2,430257,5702,91.9464
2019-06-20T04:00:00Z,93.09,93.32,92.46,93.11,519022,6194,92.8852
2019-06-21T04:00:00Z,92.66,93.47,92.46,93,720250,7441,93.0822
2019-06-24T04:00:00Z,92.95,93.36,92.1,92.27,867664,7143,92.6922
2019-06-25T04:00:00Z,92.32,92.42,90.8,91.41,711427,7824,91.4224
2019-06-26T04:00:00Z,91.36,91.6,90.69,90.88,495083,5558,91.0001
2019-06-27T04:00:00Z,91.31,91.74,91.08,91.54,364005,4678,91.4917
2019-06-28T04:00:00Z,91.69,92.55,91.61,92.48,723482,8877,92.2206
2019-07-01T04:00:00Z,93.07,94.6,93.07,94.53,853488,10007,94.2479
2019-07-02T04:00:00Z,94.31,94.74,93.67,94.22,1240338,10310,94.1616
2019-07-03T04:00:00Z,94.4,95.1,94.36,94.72,314530,3319,94.8184
2019-07-05T04:00:00Z,94.64,95.11,94.15,94.84,569405,5985,94.5767
2019-07-08T04:00:00Z,94.29,94.64,93.74,93.78,668181,5742,94.0106
2019-07-09T04:00:00Z,93.33,94.2,93.18,93.71,724057,8272,93.6148
2019-07-10T04:00:00Z,94.37,94.54,92.57,93.06,619148,6529,93.0857
2019-07-11T04:00:00Z,93.45,93.92,93.12,93.59,563021,6970,93.5816
2019-07-12T04:00:00Z,93.76,93.94,93.3,93.7,565270,8290,93.6979
2019-07-15T04:00:00Z,93.64,93.84,93.12,93.56,524823,7435,93.5419
2019-07-16T04:00:00Z,93.71,95.45,93.43,95.27,1075652,12951,95.0576
2019-07-17T04:00:00Z,94.02,94.73,92.4771,92.63,1181193,12930,93.3108
2019-07-18T04:00:00Z,92.9,93.06,91.98,92.7,844455,9040,92.6376
2019-07-19T04:00:00Z,92.71,92.95,91.575,91.65,729465,8811,91.9477
2019-07-22T04:00:00Z,91.6,91.79,91.09,91.12,885523,7997,91.2883
2019-07-23T04:00:00Z,91.5,91.5,90.555,91.04,1118374,13612,90.9593
2019-07-24T04:00:00Z,91.94,94.53,91.4,93.9,1562484,16384,93.7627
2019-07-25T04:00:00Z,93.99,94.66,93.55,94.36,950471,9770,94.3094
2019-07-26T04:00:00Z,94.48,94.96,94.28,94.86,814398,8295,94.728
2019-07-29T04:00:00Z,95.13,96.49,95,95.27,1010276,10641,95.7199
2019-07-30T04:00:00Z,94.86,95.69,94.52,95.37,486858,7122,95.2899
2019-07-31T04:00:00Z,95.32,95.8,93.75,94.61,905733,9761,94.8955
2019-08-01T04:00:00Z,94.36,95.83,93.4,93.47,910585,11617,94.5009
2019-08-02T04:00:00Z,93.19,93.52,91.97,93.03,769393,7680,92.8543
2019-08-05T04:00:00Z,91.5,93,91.09,91.27,799876,9512,91.9164
2019-08-06T04:00:00Z,91.93,92.67,90.12,91.75,1030534,11264,91.2963
2019-08-07T04:00:00Z,90.79,92.46,90.44,92.42,836573,7828,91.4838
2019-08-08T04:00:00Z,92.95,94.02,92.07,94,830338,7538,93.5299
2019-08-09T04:00:00Z,93.62,94.33,93.12,93.99,746422,7703,93.8089
2019-08-12T04:00:00Z,93.26,93.86,92.46,92.65,603913,6459,93.2127
2019-08-13T04:00:00Z,92.45,94.3,92.42,93.8,983077,11616,93.8095
2019-08-14T04:00:00Z,92.46,92.74,90.76,90.93,796813,9915,91.3016
2019-08-15T04:00:00Z,91.05,91.36,89.9,90.44,978042,9498,90.5361
2019-08-16T04:00:00Z,91.27,92.58,90.87,92.48,896853,11126,92.1223
2019-08-19T04:00:00Z,93.35,93.8,93.06,93.17,527943,7920,93.3652
2019-08-20T04:00:00Z,92.86,92.95,92.11,92.12,475441,7067,92.4016
2019-08-21T04:00:00Z,92.92,92.95,92.43,92.72,452187,6993,92.6967
2019-08-22T04:00:00Z,92.85,93.16,91.675,91.84,529043,6651,92.0362
2019-08-23T04:00:00Z,91.81,92.08,89.54,89.9,639121,8538,90.5659
2019-08-26T04:00:00Z,90.28,90.87,89.65,90.39,723467,9277,90.3877
2019-08-27T04:00:00Z,90.46,91.19,90.3,90.74,1085612,11903,90.8153
2019-08-28T04:00:00Z,90.38,90.85,90.11,90.45,629916,7654,90.4624
2019-08-29T04:00:00Z,91.09,92.36,90.96,92.26,545581,7118,91.8726
2019-08-30T04:00:00Z,92.92,93.04,91.71,92.14,767935,8935,92.142
2019-09-03T04:00:00Z,91.5,91.99,90.57,90.87,1304537,7565,90.974
2019-09-04T04:00:00Z,91.44,92.55,91.44,91.62,458478,6495,91.881
2019-09-05T04:00:00Z,92.35,93.83,92.35,93.7,754455,9201,93.5551
2019-09-06T04:00:00Z,93.91,93.91,92.57,92.82,554473,7893,92.8208
2019-09-09T04:00:00Z,92.82,92.94,91.63,92.25,815899,9742,92.3146
2019-09-10T04:00:00Z,92.16,93.16,91.66,93.16,767743,9903,92.5958
2019-09-11T04:00:00Z,93.2,93.4,91.12,92.42,872486,10582,91.9952
2019-09-12T04:00:00Z,92.41,92.99,92.02,92.36,590678,7120,92.5561
2019-09-13T04:00:00Z,92.44,93.49,91.6906,92.11,1032330,10943,92.3244
2019-09-16T04:00:00Z,91.45,92.21,91.07,91.35,716362,8287,91.5435
2019-09-17T04:00:00Z,91.52,91.79,89.82,91.4,701090,8408,91.2245
2019-09-18T04:00:00Z,91.25,91.3,90.22,90.83,581740,7673,90.7263
2019-09-19T04:00:00Z,90.62,91.85,90.62,91.36,548962,6483,91.449
2019-09-20T04:00:00Z,91.44,91.68,89.43,89.51,1214225,12905,89.9702
2019-09-23T04:00:00Z,89.52,89.71,88.75,89.35,797544,9748,89.3661
2019-09-24T04:00:00Z,89.62,90.98,89.17,89.56,857930,9850,89.8684
2019-09-25T04:00:00Z,89.4,89.8,88.4157,89.65,989800,10260,89.089
2019-09-26T04:00:00Z,89.81,90.16,89.08,89.48,717053,7732,89.5536
2019-09-27T04:00:00Z,89.93,90.19,89.04,89.42,573838,8089,89.4185
2019-09-30T04:00:00Z,89.56,90.6,89.48,89.86,855534,10560,90.1182
2019-10-01T04:00:00Z,89.29,89.64,86.3209,86.74,1121460,12368,87.3501
2019-10-02T04:00:00Z,85.86,86.08,84.3,84.82,1515225,13670,84.934
2019-10-03T04:00:00Z,84.27,85.31,83.82,85.17,1824567,17248,84.7575
2019-10-04T04:00:00Z,85.47,85.52,84.34,85.04,1488484,9623,84.9712
2019-10-07T04:00:00Z,84.77,85.12,84.39,84.99,1014724,13436,84.8341
2019-10-08T04:00:00Z,84.28,84.6,83.74,83.78,1074860,12373,84.1072
2019-10-09T04:00:00Z,84.25,85.05,83.92,84.63,861901,8619,84.5429
2019-10-10T04:00:00Z,84.65,85.65,84.58,85.47,743197,9560,85.2943
2019-10-11T04:00:00Z,86.8,87.96,86.36,86.94,808848,10139,87.2404
2019-10-14T04:00:00Z,86.62,86.85,86.09,86.39,382603,4570,86.469
2019-10-15T04:00:00Z,86.46,87.71,86,86.78,789479,8722,87.0038
2019-10-16T04:00:00Z,87.24,87.68,86.59,87.15,787591,9165,87.1282
2019-10-17T04:00:00Z,87.54,88.03,86.96,87.59,794177,11150,87.639
2019-10-18T04:00:00Z,87.71,88.18,87.52,87.58,687882,7840,87.7801
2019-10-21T04:00:00Z,87.68,88.88,87.68,88.72,843979,8864,88.6726
2019-10-22T04:00:00Z,88.71,90.25,88.22,89.83,2363497,14212,89.7679
2019-10-23T04:00:00Z,87.96,89.88,87.96,89.54,1985202,16256,89.0561
2019-10-24T04:00:00Z,89.55,90.06,88.35,88.75,1407314,15151,88.8806
2019-10-25T04:00:00Z,88.64,89.27,88.33,88.97,583216,6627,88.9658
2019-10-28T04:00:00Z,89.25,90.07,89.2,89.9,1001276,12764,89.7143
2019-10-29T04:00:00Z,89.4,89.96,89.19,89.66,749456,9738,89.6546
2019-10-30T04:00:00Z,89.31,90.56,89.01,90.4,813403,10832,89.8839
2019-10-31T04:00:00Z,90.02,90.07,89.01,89.37,808829,9645,89.4164
2019-11-01T04:00:00Z,90,91.57,89.94,91.55,958828,12219,91.0624
2019-11-04T05:00:00Z,92.03,92.915,91.28,92.75,1644346,11101,92.58
2019-11-05T05:00:00Z,92.89,93.96,92.55,93.7,1180511,14514,93.5483
2019-11-06T05:00:00Z,93.72,94.51,93.48,94.01,873040,10803,94.0245
2019-11-07T05:00:00Z,94.31,95.19,94.225,94.81,676054,10163,94.7904
2019-11-08T05:00:00Z,94.51,95.2,94.42,94.64,959216,9834,94.6898
2019-11-11T05:00:00Z,94.16,94.48,93.55,93.63,1440415,12248,94.0358
2019-11-12T05:00:00Z,93.56,93.69,92.89,93.13,976374,10768,93.2137
2019-11-13T05:00:00Z,92.91,93.83,92.54,92.89,1044520,11887,93.1552
2019-11-14T05:00:00Z,92.53,93.25,92.23,93.2,993626,13152,92.9341
2019-11-15T05:00:00Z,93.36,93.71,93.2352,93.65,742942,8332,93.5408
2019-11-18T05:00:00Z,93.04,93.65,92.1854,93.62,731623,9791,93.3373
2019-11-19T05:00:00Z,93.44,93.44,92.2029,92.45,877770,12136,92.6155
2019-11-20T05:00:00Z,92.08,92.23,90.05,90.5,1185283,12822,90.7753
2019-11-21T05:00:00Z,90.41,90.48,89.2,90.33,965255,12173,90.0225
2019-11-22T05:00:00Z,90.15,90.49,89.51,90.42,2029333,10144,90.2958
2019-11-25T05:00:00Z,90.49,91.14,89.91,90.91,596292,7486,90.8621
2019-11-26T05:00:00Z,90.89,92.82,90.82,92.35,1509820,16595,92.3875
2019-11-27T05:00:00Z,92.71,92.97,92.29,92.57,1867768,11115,92.6077
2019-11-29T05:00:00Z,91.99,91.99,91.02,91.09,405501,4720,91.3621
2019-12-02T05:00:00Z,90.84,91.27,89.97,90.05,949580,12668,90.4361
2019-12-03T05:00:00Z,89.47,89.51,88.16,88.22,935058,13066,88.5081
2019-12-04T05:00:00Z,89.79,89.95,88.6,88.82,1193359,13635,88.9504
2019-12-05T05:00:00Z,89.06,89.22,88.36,88.8,794263,13752,88.7383
2019-12-06T05:00:00Z,88.93,89.88,88.79,89.7,832099,8886,89.5566
2019-12-09T05:00:00Z,89.73,90,88.6,89.02,639457,8886,89.0835
2019-12-10T05:00:00Z,89.11,89.92,88.865,89.57,616242,10812,89.4399
2019-12-11T05:00:00Z,89.84,90.46,89.83,90.13,1103642,9611,90.1891
2019-12-12T05:00:00Z,89.96,90.96,89.67,90.62,1614239,13755,90.6028
2019-12-13T05:00:00Z,90.98,90.98,89.59,90.01,1144471,12903,90.0723
2019-12-16T05:00:00Z,91,91.22,90.51,90.7,834732,9468,90.7484
2019-12-17T05:00:00Z,90.645,91.03,90.29,90.78,990699,10028,90.7213
2019-12-18T05:00:00Z,90.59,90.9,89.96,90.84,1336177,12442,90.5457
2019-12-19T05:00:00Z,90.65,90.78,90.11,90.16,705639,8257,90.3618
2019-12-20T05:00:00Z,90.21,91.32,90.21,90.7,857967,9396,90.8016
2019-12-23T05:00:00Z,90.79,90.83,90.3,90.44,562980,6192,90.5172
2019-12-24T05:00:00Z,90.45,90.725,90.15,90.46,289882,3816,90.4359
2019-12-26T05:00:00Z,91.05,91.05,90.375,90.8,258273,3275,90.7144
2019-12-27T05:00:00Z,91.11,91.28,90.8,90.92,331428,5179,90.9958
2019-12-30T05:00:00Z,90.9,90.99,89.65,90.05,466424,6629,90.0842
2019-12-31T05:00:00Z,89.99,90.61,89.895,90.45,553547,7324,90.3465
2020-01-02T05:00:00Z,90.73,91.8,90.6,91.77,601840,8111,91.2367
2020-01-03T05:00:00Z,90.71,91.445,90.3,91.19,505662,7326,91.0259
2020-01-06T05:00:00Z,90.4,90.95,89.92,90.93,718899,10574,90.4765
2020-01-07T05:00:00Z,91.14,91.1841,90.42,90.64,452327,6101,90.7785
2020-01-08T05:00:00Z,90.65,92.06,90.55,91.7,572621,8061,91.6083
2020-01-09T05:00:00Z,91.81,92.47,91.57,92.04,956622,11551,92.1593
2020-01-10T05:00:00Z,92.01,92.26,91.49,91.88,830672,10701,91.8387
2020-01-13T05:00:00Z,92.24,93.46,91.96,93.41,760462,10462,93.0022
2020-01-14T05:00:00Z,93.17,94.23,93.17,94.09,851458,10556,93.9029
2020-01-15T05:00:00Z,94.05,94.309,93.7,94.22,845455,11199,94.0792
2020-01-16T05:00:00Z,94.6,95.68,94.49,95.62,1265872,11631,95.4154
2020-01-17T05:00:00Z,95.52,96.15,95.11,96.1,715736,8205,95.9178
2020-01-21T05:00:00Z,96.4,96.53,95.33,95.67,853019,10092,95.9543
2020-01-22T05:00:00Z,95.73,95.81,94.24,94.32,887795,11266,94.739
2020-01-23T05:00:00Z,93.89,95.48,93.75,95.31,954658,10717,95.0626
2020-01-24T05:00:00Z,95.55,95.74,94.15,94.57,999470,11866,94.8593
2020-01-27T05:00:00Z,92.68,93.86,92.62,92.66,887490,10421,92.9973
2020-01-28T05:00:00Z,93.07,94.65,92.93,94.01,916630,12982,94.0441
2020-01-29T05:00:00Z,93.84,95.86,92.58,93.86,1932490,20654,94.6803
2020-01-30T05:00:00Z,93.1,95.17,93.01,95.14,1115727,12268,94.4164
2020-01-31T05:00:00Z,94.5,94.5,93.26,93.44,1254363,16395,93.6233
2020-02-03T05:00:00Z,93.96,94.37,92.79,92.85,823078,12472,93.4189
2020-02-04T05:00:00Z,93.98,94.75,93.78,94.27,817407,11076,94.36
2020-02-05T05:00:00Z,94.86,95.725,94.4,95.46,888038,10786,95.3245
2020-02-06T05:00:00Z,95.71,96.17,95.24,96,840562,9793,95.8599
2020-02-07T05:00:00Z,95.29,95.29,93.85,94.23,660235,8450,94.3153
2020-02-10T05:00:00Z,93.66,94.54,93.63,94.47,582203,7824,94.2191
2020-02-11T05:00:00Z,94.84,95.3,94.21,94.32,899754,12714,94.6422
2020-02-12T05:00:00Z,94.24,94.84,94.04,94.7,608628,7900,94.5905
2020-02-13T05:00:00Z,94.27,94.35,93.45,93.88,576920,7532,93.9112
2020-02-14T05:00:00Z,93.48,93.98,93.17,93.93,662969,8801,93.722
2020-02-18T05:00:00Z,93.62,93.93,92.38,92.71,853158,11563,92.9597
2020-02-19T05:00:00Z,93.17,93.675,92.66,93.12,686868,8987,92.9617
2020-02-20T05:00:00Z,92.83,93.66,92.44,93.64,802286,10146,93.264
2020-02-21T05:00:00Z,93.56,94.05,92.97,93.61,727484,9472,93.5948
2020-02-24T05:00:00Z,90.5,92.65,90.5,91.88,1224171,16839,91.8109
2020-02-25T05:00:00Z,92.36,92.84,88.9,89.02,1004143,14903,90.1218
2020-02-26T05:00:00Z,89.03,90.33,88.43,88.46,806718,11475,89.1073
2020-02-27T05:00:00Z,86.46,87.79,85.25,85.56,1658053,17896,86.49
2020-02-28T05:00:00Z,84.14,85.56,82.82,84.91,1699305,21932,83.8814
2020-03-02T05:00:00Z,85,86.36,83.4,86.29,1455040,17606,85.032
2020-03-03T05:00:00Z,86.5,87.3,84.86,85.18,1485289,20496,85.9528
2020-03-04T05:00:00Z,86.48,88.08,85.57,88.02,1032899,13953,87.1254
2020-03-05T05:00:00Z,85.83,86.81,84.84,85.34,869607,10566,85.6194
2020-03-06T05:00:00Z,83.5,86.36,83,86.13,1679519,21076,85.4613
2020-03-09T04:00:00Z,80.34,81.27,75.51,75.71,2178729,25253,77.6297
2020-03-10T04:00:00Z,78.32,80.01,75.84,80.01,1695586,17617,78.2958
2020-03-11T04:00:00Z,77.56,78.41,75.97,77.36,1810110,22544,77.2486
2020-03-12T04:00:00Z,72.47,72.57,68.25,70.25,2499567,27094,70.0547
2020-03-13T04:00:00Z,73.31,77.26,70.73,77.25,1701102,17800,73.4494
2020-03-16T04:00:00Z,68.73,72.64,66.3,68.43,1552002,17434,69.4384
2020-03-17T04:00:00Z,69.23,73.03,68.45,71.43,1721943,18475,71.0439
2020-03-18T04:00:00Z,67.09,70.54,65.13,69.87,2142938,18375,68.4295
2020-03-19T04:00:00Z,69.45,73.1,67.96,72.49,1620741,18408,71.2987
2020-03-20T04:00:00Z,73.39,76.695,68.02,68.64,1769935,18072,71.8736
2020-03-23T04:00:00Z,67.5,71.87,67.5,67.75,1691819,20213,69.0457
2020-03-24T04:00:00Z,71.34,75.33,70.82,75.23,1990182,17900,73.5236
2020-03-25T04:00:00Z,75.19,79.42,72.73,74.12,2157444,23444,75.6893
2020-03-26T04:00:00Z,75.28,77.69,73.64,77.51,1622484,22094,76.3336
2020-03-27T04:00:00Z,74.83,76.24,73.3,73.93,1270835,15759,74.5063
2020-03-30T04:00:00Z,74.07,76.6,72.77,76.44,1414813,18759,74.8419
2020-03-31T04:00:00Z,76.1,78.02,75.33,77.63,1406804,18348,76.9958
2020-04-01T04:00:00Z,75.34,76.82,74.02,74.84,1070477,14782,75.308
2020-04-02T04:00:00Z,74.14,76.96,73.18,76.65,1168768,14884,75.5638
2020-04-03T04:00:00Z,76.51,77.095,74.7,76.08,657696,9535,75.5991
2020-04-06T04:00:00Z,78.64,80.285,78.06,79.98,972783,12820,79.1873
2020-04-07T04:00:00Z,81.97,83.67,79.96,80.03,1157719,15434,81.6147
2020-04-08T04:00:00Z,80.54,80.91,79.38,80.58,1347227,17526,80.207
2020-04-09T04:00:00Z,80.75,81.42,78.57,79.51,1179723,16116,79.8328
2020-04-13T04:00:00Z,78.76,79.29,77.37,79.14,943729,12054,78.4993
2020-04-14T04:00:00Z,79.81,80.15,78.75,79.12,1007739,12079,79.41
2020-04-15T04:00:00Z,77.23,77.23,75.52,77.09,1643477,22249,76.4609
2020-04-16T04:00:00Z,76.9,78.7077,75.51,77.86,1387214,17437,77.5138
2020-04-17T04:00:00Z,78.64,80.07,78.38,79.69,1381473,9570,79.478
2020-04-20T04:00:00Z,78.6,79.44,77.7,78.23,848497,13527,78.3996
2020-04-21T04:00:00Z,76.64,77.54,75.88,75.97,1137644,15906,76.4708
2020-04-22T04:00:00Z,77.21,77.56,75.92,76.86,2372092,16030,76.4114
2020-04-23T04:00:00Z,78.2,78.63,77.19,77.24,1055057,13075,77.9097
2020-04-24T04:00:00Z,78.09,79.11,76.9,78.91,1734976,14219,78.5454
2020-04-27T04:00:00Z,79.79,81.18,79.37,80.69,1315022,14903,80.6185
2020-04-28T04:00:00Z,83.26,84,82.23,82.42,1536809,18033,82.8636
2020-04-29T04:00:00Z,84,85.66,83.72,84.77,982001,13383,84.9322
2020-04-30T04:00:00Z,84.09,84.5,82.36,82.87,1191814,17163,83.3009
2020-05-01T04:00:00Z,81.37,81.6625,80.3636,80.53,755665,10358,80.8811
2020-05-04T04:00:00Z,79.66,80.49,78.73,79.59,1231127,16394,79.4926
2020-05-05T04:00:00Z,80.53,80.81,79.91,80.25,1110080,14406,80.3697
2020-05-06T04:00:00Z,80.65,81.19,80,80.5,1076984,14816,80.7303
2020-05-07T04:00:00Z,81.5,81.66,80.32,80.71,896256,11153,80.989
2020-05-08T04:00:00Z,81.65,82.37,81.47,82.01,1251185,11348,82.0312
2020-05-11T04:00:00Z,81.11,83.22,80.8,82.85,913620,10576,82.5349
2020-05-12T04:00:00Z,83.09,83.41,81.37,81.42,1107734,14285,82.3725
2020-05-13T04:00:00Z,81.42,81.71,78.65,79.39,2272971,26575,79.6284
2020-05-14T04:00:00Z,78.5,79.1,77.2,78.53,947930,13383,78.0254
2020-05-15T04:00:00Z,78,78.665,77.71,77.98,577786,9341,78.0691
2020-05-18T04:00:00Z,80.3,81.45,79.96,80.92,769566,11114,80.6746
2020-05-19T04:00:00Z,81.03,81.96,80.39,81.31,994274,14427,81.4914
2020-05-20T04:00:00Z,82.57,84.25,82.15,83.65,1174451,14761,83.7503
2020-05-21T04:00:00Z,83.48,83.51,81.5,82.12,693403,9243,82.2473
2020-05-22T04:00:00Z,82.09,82.83,81.48,82.44,427770,6686,82.3382
2020-05-26T04:00:00Z,84.64,85.65,84.52,85.33,838779,11687,85.1986
2020-05-27T04:00:00Z,85.96,86.36,84.69,86.12,1033948,15719,85.7285
2020-05-28T04:00:00Z,86.54,87.4,85.98,86.39,567504,9420,86.7356
2020-05-29T04:00:00Z,86.34,86.51,85.03,86.04,882368,12657,85.8685
2020-06-01T04:00:00Z,86.19,87.08,85.51,86.67,593431,8993,86.5761
2020-06-02T04:00:00Z,87.25,88.31,86.69,87.62,644466,9517,87.6163
2020-06-03T04:00:00Z,88.41,90.07,88.31,89.55,647085,9616,89.4476
2020-06-04T04:00:00Z,88.85,89.8065,88.5,89.05,719093,10954,89.2264
2020-06-05T04:00:00Z,91.28,92.21,90.8,90.9,1264902,17212,91.3413
2020-06-08T04:00:00Z,90.8,91.64,90.3,91.07,1067576,15258,90.874
2020-06-09T04:00:00Z,89.15,92.545,89.15,91.67,2651292,14947,91.6227
2020-06-10T04:00:00Z,92.12,92.36,90.94,90.98,1093933,15088,91.5927
2020-06-11T04:00:00Z,88.96,89.38,86.54,86.63,1019719,16346,87.4015
2020-06-12T04:00:00Z,88.72,89.13,86.7228,88.01,906750,14102,87.8203
2020-06-15T04:00:00Z,86.24,88.47,85.74,87.9,729683,11324,87.1165
2020-06-16T04:00:00Z,90.09,90.52,88.69,89.28,966384,14056,89.4145
2020-06-17T04:00:00Z,89.94,90.9,89.34,90.05,911521,11990,90.1641
2020-06-18T04:00:00Z,89.63,89.78,88.42,88.81,639845,10640,88.8503
2020-06-19T04:00:00Z,89.96,90,87.42,87.46,854336,11784,87.9495
2020-06-22T04:00:00Z,87.47,88.09,86.66,87.86,817023,11033,87.5667
2020-06-23T04:00:00Z,88.35,88.88,87.62,87.65,699360,9209,88.1129
2020-06-24T04:00:00Z,87.3,87.3,85.41,85.44,760689,10769,85.9215
2020-06-25T04:00:00Z,85.21,87.16,84.75,87.12,1081476,13261,86.2789
2020-06-26T04:00:00Z,87,87.39,86.05,86.51,745622,10649,86.4397
2020-06-29T04:00:00Z,86.67,87.84,86.37,86.95,690471,8634,87.1024
2020-06-30T04:00:00Z,86.34,88.955,86.34,88.57,757470,9299,88.1226
2020-07-01T04:00:00Z,88.72,89.0895,87.4,88.08,573801,7562,88.0452
2020-07-02T04:00:00Z,89.11,90.04,88.42,88.52,503650,7347,88.9147
2020-07-06T04:00:00Z,88.8,89.24,88.5,88.88,655977,8598,88.8077
2020-07-07T04:00:00Z,88.4,89.3,88.16,88.21,734239,8975,88.5966
2020-07-08T04:00:00Z,88.81,89.8,88.35,89.79,758431,9635,89.367
2020-07-09T04:00:00Z,89.88,89.94,87.64,88.88,2573630,10496,88.8371
2020-07-10T04:00:00Z,89,89.73,88.58,89.61,681207,9817,89.3633
2020-07-13T04:00:00Z,90,90.8,89.38,89.63,802871,11232,90.0959
2020-07-14T04:00:00Z,88.99,91.92,88.99,91.79,873784,11984,91.1004
2020-07-15T04:00:00Z,92.53,93.96,92.48,93.27,1762560,10633,93.3161
2020-07-16T04:00:00Z,92.96,94.68,92.92,94.12,871128,11779,93.9978
2020-07-17T04:00:00Z,94.41,95.76,94.04,95.57,845759,9865,95.3791
2020-07-20T04:00:00Z,95.37,96.02,95.06,95.84,844944,10858,95.7156
2020-07-21T04:00:00Z,96.56,97.2173,95.56,95.61,1035351,13873,96.363
2020-07-22T04:00:00Z,95.69,97.605,95.66,96.98,1806384,19425,96.8758
2020-07-23T04:00:00Z,96.67,97.35,95.76,95.88,1159554,16238,96.4335
2020-07-24T04:00:00Z,95.63,96.62,95.48,96.5,669787,8429,96.2893
2020-07-27T04:00:00Z,96.5,97.63,96.27,96.86,973084,13147,97.01
2020-07-28T04:00:00Z,96.56,96.75,95.52,96.04,1332808,15586,95.9039
2020-07-29T04:00:00Z,96.47,99.06,96.16,98.82,2739738,20981,98.5283
2020-07-30T04:00:00Z,97.83,97.83,96.38,97.51,1017030,12696,97.2242
2020-07-31T04:00:00Z,97.4,97.9,96,97.79,1320743,16499,97.0301
2020-08-03T04:00:00Z,98,99.12,96.87,96.88,751791,9573,97.3002
2020-08-04T04:00:00Z,97.01,97.82,96.76,97.41,959758,11851,97.2815
2020-08-05T04:00:00Z,98.05,98.67,97.97,98.34,786084,9628,98.4043
2020-08-06T04:00:00Z,98.38,99.66,98.34,99.46,770824,13079,99.1292
2020-08-07T04:00:00Z,99.15,100.25,99.15,100.08,643654,8358,99.8802
2020-08-10T04:00:00Z,100.24,101.49,100.1,101.45,910282,13592,101.052
2020-08-11T04:00:00Z,102.45,103.215,101.83,101.84,920141,11283,102.343
2020-08-12T04:00:00Z,102.76,103.88,102.58,102.85,868470,12427,103.135
2020-08-13T04:00:00Z,102.63,103.27,102.07,102.54,600992,7805,102.636
2020-08-14T04:00:00Z,102.34,102.77,101.8,102.48,1523514,8389,102.44
2020-08-17T04:00:00Z,102.83,104.37,102.69,104.06,767084,10623,103.877
2020-08-18T04:00:00Z,104.13,104.87,103.96,104.49,744692,9921,104.399
2020-08-19T04:00:00Z,104.77,105.76,104.27,104.29,572927,7742,104.879
2020-08-20T04:00:00Z,103.59,105.29,103.34,104.99,713529,9816,104.747
2020-08-21T04:00:00Z,104.88,106.02,104.26,105.82,964682,12888,105.506
2020-08-24T04:00:00Z,106.46,106.88,105.53,105.94,591546,7490,105.911
2020-08-25T04:00:00Z,106.38,106.54,105.83,106.17,909958,10175,106.102
2020-08-26T04:00:00Z,105.89,106.74,105.43,106.42,799955,10531,106.41
2020-08-27T04:00:00Z,106.79,107.075,106.28,106.82,526631,7824,106.782
2020-08-28T04:00:00Z,107.38,107.52,105.86,106.34,683423,10233,106.315
2020-08-31T04:00:00Z,106.12,106.54,104.48,104.58,1031470,12301,105.163
2020-09-01T04:00:00Z,104.53,105.33,104.15,105.28,752126,10346,104.984
2020-09-02T04:00:00Z,105.84,106.54,104.35,105.05,1012989,14441,105.293
2020-09-03T04:00:00Z,104.78,105.25,103.07,103.67,653184,9275,103.982
2020-09-04T04:00:00Z,104.02,104.99,102.83,103.63,694970,10116,103.836
2020-09-08T04:00:00Z,101.98,103.27,101.47,101.65,651907,8960,102.219
2020-09-09T04:00:00Z,102.57,104.82,102.57,104.19,585716,8703,104.198
2020-09-10T04:00:00Z,104.67,105.09,103.33,103.71,659374,10796,104.243
2020-09-11T04:00:00Z,104.26,105.63,104.18,105.39,563589,8096,105.121
2020-09-14T04:00:00Z,105.85,107.05,105.56,106.82,520716,7623,106.511
2020-09-15T04:00:00Z,107.81,109.11,107.63,108.08,667520,9312,108.133
2020-09-16T04:00:00Z,108.6,108.78,105.62,105.64,692710,9928,106.857
2020-09-17T04:00:00Z,104.58,107.79,104.44,107.09,614109,8733,106.856
2020-09-18T04:00:00Z,107.47,107.47,105.1,105.13,572455,7780,105.943
2020-09-21T04:00:00Z,103.4,103.84,102.064,103.31,547998,7319,102.956
2020-09-22T04:00:00Z,103.75,105.65,103.34,105.14,582451,8297,104.638
2020-09-23T04:00:00Z,105.63,106.42,104.6,104.88,415924,5922,105.359
2020-09-24T04:00:00Z,104.47,106.67,104.47,106,641079,9345,105.772
2020-09-25T04:00:00Z,105.01,106.4,104.95,106.13,563193,8021,105.985
2020-09-28T04:00:00Z,107.27,107.45,106.47,106.58,640229,9535,106.92
2020-09-29T04:00:00Z,106.65,107.03,105.35,106.36,748057,9358,106.28
2020-09-30T04:00:00Z,106.97,107.45,106.15,106.46,750990,10603,106.777
2020-10-01T04:00:00Z,106.95,107.01,105.92,106.43,672328,9323,106.551
2020-10-02T04:00:00Z,104.96,107.5,104.85,106.62,840632,11465,106.766
2020-10-05T04:00:00Z,107.29,108.38,106.745,108.25,524545,7545,107.884
2020-10-06T04:00:00Z,108.45,109.115,107.27,107.62,757050,10870,107.984
2020-10-07T04:00:00Z,108.44,109.93,108.44,109.72,502483,7641,109.363
2020-10-08T04:00:00Z,110.32,110.38,109.21,109.41,466576,6433,109.518
2020-10-09T04:00:00Z,110,110.68,109.71,109.99,397970,6296,110.02
2020-10-12T04:00:00Z,110.45,111.6,110.44,110.86,432582,5333,111.038
2020-10-13T04:00:00Z,110.05,111.09,109.34,110.74,580724,9880,110.456
2020-10-14T04:00:00Z,110.86,112.05,110.78,111.21,670376,9912,111.411
2020-10-15T04:00:00Z,110.05,111.31,109.09,111.3,448414,7437,110.654
2020-10-16T04:00:00Z,111.56,112.97,111.48,111.8,746600,10655,112.227
2020-10-19T04:00:00Z,111.87,112.48,110.74,111.13,684667,10868,111.597
2020-10-20T04:00:00Z,111.08,112.549,110.62,112.04,889997,14409,111.87
2020-10-21T04:00:00Z,107.01,109.19,104.98,104.98,1824777,23222,106.642
2020-10-22T04:00:00Z,105.07,106.56,104.285,104.55,1070898,13680,105.057
2020-10-23T04:00:00Z,104.55,105.34,104.16,105.07,709615,9841,104.785
2020-10-26T04:00:00Z,103.89,104.13,101.37,102.09,694744,9527,102.166
2020-10-27T04:00:00Z,102.19,103.07,101.99,102.07,927816,11586,102.359
2020-10-28T04:00:00Z,100.3,101.75,99.87,100.01,1963073,12267,100.183
2020-10-29T04:00:00Z,99.74,101,99.335,100.53,732002,9436,100.414
2020-10-30T04:00:00Z,100.2,100.27,98.69,99.45,1029490,13281,99.2171
2020-11-02T05:00:00Z,100.25,102.66,100,102.47,945506,13677,101.838
2020-11-03T05:00:00Z,103.71,105.37,103.376,104.91,671546,10048,104.713
2020-11-04T05:00:00Z,105.71,105.71,101.91,101.99,1337599,17502,103.029
2020-11-05T05:00:00Z,104.32,104.99,103.67,104.53,1016885,12407,104.452
2020-11-06T05:00:00Z,104.64,105.76,104.19,105.14,775919,12270,105.137
2020-11-09T05:00:00Z,108.23,109.27,106.7,107.92,1177466,13338,107.914
2020-11-10T05:00:00Z,108,110.21,107.71,109.09,1152867,14897,109.106
2020-11-11T05:00:00Z,109.75,110.57,108.47,108.69,591505,8914,109.327
2020-11-12T05:00:00Z,108.52,109.08,107.08,107.8,621270,8955,107.834
2020-11-13T05:00:00Z,108.54,108.99,107.93,108.52,478165,7032,108.543
2020-11-16T05:00:00Z,109.51,109.7,108.45,109.2,782755,10229,108.99
2020-11-17T05:00:00Z,108.7,109,108.16,108.82,902775,10591,108.634
2020-11-18T05:00:00Z,108.85,110.06,108.42,108.91,628538,7441,109.225
2020-11-19T05:00:00Z,108.64,109.49,107.9,109.34,483290,6101,108.985
2020-11-20T05:00:00Z,109.27,109.42,108.2,108.72,505664,6866,108.872
2020-11-23T05:00:00Z,109.48,109.54,108.14,109,816909,9968,108.821
2020-11-24T05:00:00Z,109.63,111.14,109.25,110.84,910639,12430,110.591
2020-11-25T05:00:00Z,110.58,111.29,110.01,110.39,1736275,9413,110.406
2020-11-27T05:00:00Z,110.27,110.5,109.12,109.34,273468,4187,109.575
2020-11-30T05:00:00Z,109.23,109.32,106.9,107.05,784130,10149,107.575
2020-12-01T05:00:00Z,106.43,108.22,106.26,106.58,809780,10369,107.031
2020-12-02T05:00:00Z,106.56,107.13,105.77,106.47,597623,8423,106.468
2020-12-03T05:00:00Z,107.29,107.42,106,106.85,993071,12400,106.817
2020-12-04T05:00:00Z,107.23,108.98,106.8,108.81,764183,10569,108.439
2020-12-07T05:00:00Z,108.81,109.167,107.41,109.07,551065,7227,108.55
2020-12-08T05:00:00Z,108.24,109.33,107.9,108.75,497983,7024,108.663
2020-12-09T05:00:00Z,108.91,110.77,108.9,110.65,597270,6877,109.875
2020-12-10T05:00:00Z,110.66,110.79,109.78,109.95,508396,6547,110.096
2020-12-11T05:00:00Z,109.32,110.42,109,110.4,400515,4905,110.021
2020-12-14T05:00:00Z,111.31,111.31,109.13,109.13,645173,8164,110.054
2020-12-15T05:00:00Z,109.73,111.24,109.55,110.71,595054,8348,110.532
2020-12-16T05:00:00Z,110.775,110.99,109.62,110.21,489862,6072,110.179
2020-12-17T05:00:00Z,110.75,111.82,110.75,111.15,528869,6726,111.265
2020-12-18T05:00:00Z,111.33,111.39,109.98,110.67,589102,7511,110.514
2020-12-21T05:00:00Z,108.61,109.86,108.42,109.19,602089,7773,109.147
2020-12-22T05:00:00Z,108.87,108.95,107.73,108.87,608850,8486,108.509
2020-12-23T05:00:00Z,109.55,109.67,108.57,108.92,1749139,9798,108.964
2020-12-24T05:00:00Z,109.27,109.97,108.66,109.72,202705,3323,109.459
2020-12-28T05:00:00Z,110.13,110.963,110.13,110.69,381357,4620,110.663
2020-12-29T05:00:00Z,110.87,111.602,109.92,110.08,503496,7004,110.319
2020-12-30T05:00:00Z,110.58,111.09,109.34,109.44,1130314,10958,109.901
2020-12-31T05:00:00Z,109.53,110.69,109.08,109.85,589280,8202,110.046
2021-01-04T05:00:00Z,110.5,110.94,108.645,109.58,879109,10942,109.685
2021-01-05T05:00:00Z,108.92,111.19,108.92,111.05,776926,7222,110.484
2021-01-06T05:00:00Z,110.8,113.92,110.42,112.97,1017592,12035,112.706
2021-01-07T05:00:00Z,113.32,113.76,112.3,113.73,837300,9516,113.173
2021-01-08T05:00:00Z,114.19,116.11,113.995,116.06,634508,8952,115.695
2021-01-11T05:00:00Z,115.17,116.16,113.92,114.05,994879,9588,114.899
2021-01-12T05:00:00Z,114.12,114.34,112.6,114.07,630595,8259,113.504
2021-01-13T05:00:00Z,114.64,114.85,113.35,113.65,609070,5770,113.828
2021-01-14T05:00:00Z,113.78,114.16,112.15,112.37,568743,7284,112.772
2021-01-15T05:00:00Z,111.68,112.09,110.29,111.58,522930,7086,111.452
2021-01-19T05:00:00Z,111.61,112.35,109.66,109.68,610810,7374,110.505
2021-01-20T05:00:00Z,109.98,110.39,109.03,110.13,590958,7109,109.957
2021-01-21T05:00:00Z,110.46,110.69,108.2,108.26,610630,7259,109.032
2021-01-22T05:00:00Z,108,108.4,106.54,106.62,698338,8291,107.228
2021-01-25T05:00:00Z,106.68,108.44,106.2,107.99,1033222,9695,107.677
2021-01-26T05:00:00Z,109.59,109.59,107,107.19,1009784,13105,107.713
2021-01-27T05:00:00Z,104.85,105.77,101.1,101.32,1479283,17717,102.601
2021-01-28T05:00:00Z,102.09,105.28,100.78,104.02,1660521,16152,103.892
2021-01-29T05:00:00Z,103.67,103.82,101.03,101.17,1323796,14805,101.749
2021-02-01T05:00:00Z,102.18,102.89,101.25,102.42,1259062,12884,102.344
2021-02-02T05:00:00Z,102.96,105.84,102.96,105.68,798594,10857,104.875
2021-02-03T05:00:00Z,105.68,106.08,104.55,104.62,680219,8070,104.985
2021-02-04T05:00:00Z,104.82,104.86,103.9,104.39,1260072,8726,104.376
2021-02-05T05:00:00Z,105.54,106.28,104.75,106.11,1394699,8590,105.959
2021-02-08T05:00:00Z,106.23,106.555,105.2,106.37,740119,9035,106.118
2021-02-09T05:00:00Z,106.46,107.55,106.14,107.21,1217652,13296,107.091
2021-02-10T05:00:00Z,107.78,107.88,106.09,106.57,671997,10297,106.628
2021-02-11T05:00:00Z,106.83,109.4,106.83,108.18,880136,11204,108.345
2021-02-12T05:00:00Z,107.91,110.67,107.6,110.62,811751,10528,109.659
2021-02-16T05:00:00Z,111.09,111.43,109.48,110.13,852933,11843,110.116
2021-02-17T05:00:00Z,108.94,109.75,108.4,108.93,577388,7683,108.886
2021-02-18T05:00:00Z,108.51,108.51,106.82,108.02,688560,9279,107.565
2021-02-19T05:00:00Z,108.49,109.535,108.24,109.08,893930,9519,109.119
2021-02-22T05:00:00Z,108.54,108.76,107.31,107.38,970679,11319,107.862
2021-02-23T05:00:00Z,107.34,109.41,106.91,108.91,1061471,10476,108.335
2021-02-24T05:00:00Z,108.48,110.99,107.63,110.66,774741,10014,109.925
2021-02-25T05:00:00Z,110.61,112.75,110.61,110.66,1079344,11919,111.418
2021-02-26T05:00:00Z,110.62,110.62,108.63,109.32,1636273,15331,109.627
2021-03-01T05:00:00Z,110.47,112.22,110.41,111.9,1135729,12995,111.537
2021-03-02T05:00:00Z,112.08,113.31,111.36,111.95,1285905,9204,112.182
2021-03-03T05:00:00Z,111.95,112.1,110.74,111.47,1128516,12069,111.488
2021-03-04T05:00:00Z,111.24,112.05,108.6,108.97,1366671,12647,109.914
2021-03-05T05:00:00Z,110.05,112.53,109.15,112.37,1722991,11697,111.483
2021-03-08T05:00:00Z,112.49,114.9,112.38,113.35,798609,11584,113.814
2021-03-09T05:00:00Z,113.47,114.645,112.88,112.92,1678458,9778,113.762
2021-03-10T05:00:00Z,113.55,115.42,113.32,114.42,812860,9699,114.482
2021-03-11T05:00:00Z,115.39,116.14,114.85,115.27,767763,11374,115.489
2021-03-12T05:00:00Z,115.61,115.71,114.21,115.69,666513,8554,115.021
2021-03-15T04:00:00Z,115.57,116.76,114.21,116.69,1220957,13891,115.874
2021-03-16T04:00:00Z,116.3,118.08,115.91,117.56,1368869,11531,117.426
2021-03-17T04:00:00Z,117.73,118.61,117.23,118.06,1003581,11456,118.047
2021-03-18T04:00:00Z,117.85,119.35,117.39,118.12,856283,11294,118.513
2021-03-19T04:00:00Z,118,118.45,116.05,116.82,758679,9903,116.948
2021-03-22T04:00:00Z,116.8,117.17,113.05,113.16,2088488,22830,113.986
2021-03-23T04:00:00Z,112.94,114.72,112.69,113.86,1264770,12632,113.998
2021-03-24T04:00:00Z,114.22,116.95,114.035,116.25,1238097,13116,116.049
2021-03-25T04:00:00Z,115.91,116.745,114.93,116.18,656860,9683,115.934
2021-03-26T04:00:00Z,117.06,117.1,115.83,116.84,1003151,13889,116.419
2021-03-29T04:00:00Z,116.73,117.48,115.72,116.76,976497,10850,116.597
2021-03-30T04:00:00Z,116.48,116.8,115.32,115.98,1037116,13446,116.011
2021-03-31T04:00:00Z,116.64,117.46,115.75,115.98,1329034,11256,116.31
2021-04-01T04:00:00Z,116.57,117.92,116.15,117.76,758501,9738,117.238
2021-04-05T04:00:00Z,118.23,119.14,117.965,118.23,678328,8175,118.426
2021-04-06T04:00:00Z,118.2,118.41,116.42,116.67,529009,7770,117.126
2021-04-07T04:00:00Z,116.71,116.9,115.94,116.6,478209,6892,116.507
2021-04-08T04:00:00Z,116.96,116.96,115.88,116.1,573190,7244,116.335
2021-04-09T04:00:00Z,116.33,117.51,116.08,117.5,771359,9183,117.147
2021-04-12T04:00:00Z,117.08,117.78,116.61,117.01,599635,11060,117.168
2021-04-13T04:00:00Z,117.04,117.17,115.96,117.07,737562,7332,116.851
2021-04-14T04:00:00Z,117.1,117.42,116.7,116.96,359501,5995,117.047
2021-04-15T04:00:00Z,117.42,117.93,117.2,117.43,483071,7246,117.503
2021-04-16T04:00:00Z,117.69,118.83,117.37,118.77,822622,10914,118.459
2021-04-19T04:00:00Z,118.52,118.52,118.13,118.13,6043,1,118.52
2021-04-20T04:00:00Z,109.59,111.78,108.31,110.15,6089509,61295,110.185
2021-04-21T04:00:00Z,110.69,112.64,110.36,110.97,2467375,30324,111.471
2021-04-22T04:00:00Z,110.64,111.5,109.085,109.91,2543699,29221,110.061
2021-04-23T04:00:00Z,110.04,114.74,108.6,108.86,2489085,23946,109.439
2021-04-26T04:00:00Z,109.1,110.1,108.03,109.46,1734112,21676,109.209
2021-04-27T04:00:00Z,109.73,110.37,107.96,108,2371722,21705,108.515
2021-04-28T04:00:00Z,107.89,109.29,107.62,108.99,2772983,26226,108.609
2021-04-29T04:00:00Z,110.12,110.25,108.19,108.3,1288333,16150,108.756
2021-04-30T04:00:00Z,108.12,108.28,107.13,107.65,1402726,18321,107.605
2021-05-03T04:00:00Z,108.57,110.3,108.34,109.11,1377465,17710,109.436
2021-05-04T04:00:00Z,109.38,109.38,108.22,108.71,778019,12674,108.832
2021-05-05T04:00:00Z,109.49,110.48,108.95,109.94,1147642,16738,109.895
2021-05-06T04:00:00Z,110.43,110.69,109.36,110.21,901132,12784,109.953
2021-05-07T04:00:00Z,110.66,112.44,109.34,112.36,1163067,15360,111.279
2021-05-10T04:00:00Z,112.87,114.63,112.487,113.17,1149568,16075,113.705
2021-05-11T04:00:00Z,112.32,113.02,111.55,112.47,1079492,14207,112.44
2021-05-12T04:00:00Z,111.9,112.47,110.74,110.76,883937,12849,111.308
2021-05-13T04:00:00Z,110.96,112.12,110.86,111.05,1690109,20467,111.458
2021-05-14T04:00:00Z,110.57,110.6,106.46,107.33,4846243,55741,107.573
2021-05-17T04:00:00Z,107.21,110.15,105.84,108.51,9012392,76327,107.542
2021-05-18T04:00:00Z,108.65,109.77,107.45,108.44,4964690,52789,108.678
2021-05-19T04:00:00Z,107.5,107.84,106.02,106.41,3283618,32382,106.605
2021-05-20T04:00:00Z,106.61,107.31,105.66,106.39,5942174,54028,106.237
2021-05-21T04:00:00Z,106.99,107.05,103.956,104.29,6933211,66997,104.82
2021-05-24T04:00:00Z,104.31,104.818,101.5,102.63,4623709,42210,102.709
2021-05-25T04:00:00Z,103.47,106.06,103.47,105.39,10324459,68445,105.069
2021-05-26T04:00:00Z,105.62,107.92,105.27,107.77,6182374,57588,107.253
2021-05-27T04:00:00Z,109.27,111.02,108.56,110.81,7166992,64279,110.356
2021-05-28T04:00:00Z,111.04,113.36,111.04,112.57,9259549,77836,112.588
2021-06-01T04:00:00Z,112.93,113.36,111.73,112.13,5704520,49407,112.563
2021-06-02T04:00:00Z,112.71,112.71,111.59,111.59,4688084,43420,111.968
2021-06-03T04:00:00Z,111.09,112.21,111.09,111.74,2293004,25492,111.76
2021-06-04T04:00:00Z,112.31,112.69,111.89,112.48,4028256,35546,112.35
2021-06-07T04:00:00Z,112.89,112.89,110.87,110.96,2691054,26483,111.822
2021-06-08T04:00:00Z,110.52,110.94,109.59,110.16,2634917,28162,110.214
2021-06-09T04:00:00Z,110.5,111.11,109.96,109.96,2498987,23144,110.437
2021-06-10T04:00:00Z,110.44,111.16,110.02,110.23,2842543,30732,110.554
2021-06-11T04:00:00Z,110.67,111.34,110.27,110.32,2047218,18991,110.735
2021-06-14T04:00:00Z,110.5,111.06,109.86,111.04,1441748,19027,110.44
2021-06-15T04:00:00Z,110.87,111.71,109.98,110.24,2010158,22448,110.532
2021-06-16T04:00:00Z,110.16,110.27,107.86,107.95,2693378,28166,108.706
2021-06-17T04:00:00Z,108,108.23,105.92,106,2417112,21589,106.49
2021-06-18T04:00:00Z,104.61,105.41,103.92,104.68,3613963,37160,104.779
2021-06-21T04:00:00Z,104.98,105.9,104.28,105.04,1565210,16440,105.273
2021-06-22T04:00:00Z,105,105.9,104.75,105.57,1117583,13811,105.519
2021-06-23T04:00:00Z,105.9,106,105.32,105.34,1280043,11060,105.544
2021-06-24T04:00:00Z,105.8,106.25,105.24,105.98,959264,11749,105.808
2021-06-25T04:00:00Z,106.25,106.92,105.98,106.56,796699,10159,106.574
2021-06-28T04:00:00Z,106.67,106.88,105.34,105.56,900030,11040,105.704
2021-06-29T04:00:00Z,105.61,106.49,105.21,106.31,992882,11644,106.053
2021-06-30T04:00:00Z,106.14,106.39,105.04,105.52,1430070,15733,105.55
2021-07-01T04:00:00Z,105.66,105.98,105.32,105.62,886433,9635,105.612
2021-07-02T04:00:00Z,105.92,107.33,105.66,106.78,1254626,14619,106.693
2021-07-06T04:00:00Z,106,106.25,103.27,104.21,1287120,15427,104.111
2021-07-07T04:00:00Z,104.01,106.17,104.01,106.03,1086130,14140,105.729
2021-07-08T04:00:00Z,105.28,108,104.69,105.32,5075347,56346,105.975
2021-07-09T04:00:00Z,106,107.59,106,107.32,1751038,21647,107.073
2021-07-12T04:00:00Z,106.95,107.03,105.31,105.75,1352739,14879,105.909
2021-07-13T04:00:00Z,105.38,105.71,104.98,105.42,1497258,19964,105.24
2021-07-14T04:00:00Z,105.92,106.01,104.87,105.06,1053432,14363,105.231
2021-07-15T04:00:00Z,104.39,105.66,103.58,105.12,1655184,16591,105.026
2021-07-16T04:00:00Z,105.23,105.44,103.78,104.38,1653235,20356,104.519
2021-07-19T04:00:00Z,102.85,102.88,100.94,101.48,3036331,23617,101.425
2021-07-20T04:00:00Z,101.61,102.76,100.66,102.3,2348979,24494,102.141
2021-07-21T04:00:00Z,102.14,105,102.07,104.22,2252958,23996,104.143
2021-07-22T04:00:00Z,104.87,105.74,104.26,104.93,1648803,19839,105.162
2021-07-23T04:00:00Z,105.19,106.13,104.84,105.89,1118981,12576,105.776
2021-07-26T04:00:00Z,105.47,105.59,104.53,104.97,976840,11887,104.906
2021-07-27T04:00:00Z,104.46,107.15,104.12,106.44,1998306,22666,106.45
2021-07-28T04:00:00Z,106.62,106.8,105.44,106.41,2353148,16982,106.278
2021-07-29T04:00:00Z,107.09,108.59,107.09,107.48,1137506,16664,107.767
2021-07-30T04:00:00Z,106.99,108.66,106.99,108.63,1477611,17030,108.119
2021-08-02T04:00:00Z,108.98,109.81,107.14,107.16,757009,9700,107.755
2021-08-03T04:00:00Z,107.77,108.3,107.5,107.87,922191,12429,107.918
2021-08-04T04:00:00Z,107.51,108.24,107.27,107.69,912043,10927,107.769
2021-08-05T04:00:00Z,108.31,108.8,107.7,108.7,1186749,14697,108.263
2021-08-06T04:00:00Z,108.66,109.69,107.71,107.86,1341939,16511,108.646
2021-08-09T04:00:00Z,107.62,108.51,107.35,108.01,1256328,14230,108.062
2021-08-10T04:00:00Z,110.13,110.66,107.17,107.31,2606226,27656,108.226
2021-08-11T04:00:00Z,107.92,109.11,107.26,108.08,1722065,22611,108.355
2021-08-12T04:00:00Z,108.06,109.335,108.02,108.25,1088409,16604,108.376
2021-08-13T04:00:00Z,108.22,108.34,107.15,107.46,907543,12020,107.568
2021-08-16T04:00:00Z,107.11,107.115,106.07,106.63,1298387,16300,106.432
2021-08-17T04:00:00Z,106.49,106.49,104.67,105.95,2207361,17766,105.623
2021-08-18T04:00:00Z,105.73,107.53,105.36,106.24,1246997,15777,106.44
2021-08-19T04:00:00Z,105.24,106.69,104.99,106.47,1765924,19914,106.105
2021-08-20T04:00:00Z,106.42,106.42,105.34,105.95,999488,13676,105.747
2021-08-23T04:00:00Z,106.36,107.88,106.36,107.66,1242359,16177,107.563
2021-08-24T04:00:00Z,107.86,108.2,107.33,108.1,834316,11551,108.015
2021-08-25T04:00:00Z,108,108.74,107.705,108.4,899192,11859,108.29
2021-08-26T04:00:00Z,108.37,109.18,108.09,109.15,1107647,15378,108.906
2021-08-27T04:00:00Z,109.41,110.79,109.23,110.35,1160304,15019,110.234
2021-08-30T04:00:00Z,110.39,110.48,109.22,109.68,2399793,15027,109.668
2021-08-31T04:00:00Z,110.85,120.635,110.68,117.63,15449612,139590,116.558
2021-09-01T04:00:00Z,116.93,124.9,115.6,121.92,9001441,92650,121.988
2021-09-02T04:00:00Z,122.05,124.45,121.87,124.35,5290170,48056,123.548
2021-09-03T04:00:00Z,124.21,128.41,124.08,127.22,6191023,55411,127.302
2021-09-07T04:00:00Z,125.99,128.06,122.73,122.83,6988451,62944,124.371
2021-09-08T04:00:00Z,121.7,122.8,119.57,122.13,3278741,35303,121.765
2021-09-09T04:00:00Z,122,122,118.62,119.99,5555331,52001,119.828
2021-09-10T04:00:00Z,120.26,121.01,118.885,118.9,2319654,24675,119.889
2021-09-13T04:00:00Z,119.87,120.37,116.25,116.89,2500836,30492,117.631
2021-09-14T04:00:00Z,116.69,117.27,114.55,114.9,1798719,22626,115.647
2021-09-15T04:00:00Z,118.05,120.28,117.05,117.3,5760532,63396,118.707
2021-09-16T04:00:00Z,117.34,117.5,115.57,115.8,2737304,34052,116.26
2021-09-17T04:00:00Z,117.93,119.73,116.3,118.31,4094266,40072,118.423
2021-09-20T04:00:00Z,118.5,118.53,113.11,113.96,3094514,34733,114.531
2021-09-21T04:00:00Z,115.69,115.95,114.23,115.31,2176422,26299,115.166
2021-09-22T04:00:00Z,115.98,116.51,114.47,115,1913115,19875,115.421
2021-09-23T04:00:00Z,115.9,116.9,115.66,116.33,1819963,21374,116.456
2021-09-24T04:00:00Z,113.89,116.21,113.41,115.74,1384354,16452,115.736
2021-09-27T04:00:00Z,116,118.41,115.62,117.5,1343795,17169,117.396
2021-09-28T04:00:00Z,117.31,117.54,114.5,116.04,2308247,23635,115.781
2021-09-29T04:00:00Z,115.86,117.16,115.55,115.72,1361171,15619,116.098
2021-09-30T04:00:00Z,116.35,117.199,115.42,115.65,1415362,16590,116.194
2021-10-01T04:00:00Z,115.875,118.08,115.73,118.01,1672388,20786,117.397
2021-10-04T04:00:00Z,117.98,118.88,116.47,116.78,1410476,18788,117.225
2021-10-05T04:00:00Z,116.82,117.99,116.76,117.39,1041001,14442,117.559
2021-10-06T04:00:00Z,116.12,117.98,115.85,117.9,1296174,17227,116.893
2021-10-07T04:00:00Z,118.46,119.02,116.78,116.93,1129103,15690,117.522
2021-10-08T04:00:00Z,117.41,117.83,116.25,116.91,999263,15198,116.96
2021-10-11T04:00:00Z,117.16,118.27,116.4,116.4,463124,6738,117.264
2021-10-12T04:00:00Z,116.43,116.81,115.58,116.15,907307,11406,116.129
2021-10-13T04:00:00Z,116.35,118.95,116.35,118.76,1035542,13951,118.162
2021-10-14T04:00:00Z,119.9,122.16,119.9,121.63,1166520,14350,121.485
2021-10-15T04:00:00Z,122,122.84,121.51,122.69,918612,10721,122.486
2021-10-18T04:00:00Z,122,123.87,121.57,123.53,1161278,14379,123.312
2021-10-19T04:00:00Z,124.17,125.14,122.95,124.29,953481,13694,124.217
2021-10-20T04:00:00Z,131.63,132.82,127.99,130.79,4443876,37771,130.948
2021-10-21T04:00:00Z,130.79,133.26,130.52,132.74,2531841,28641,132.436
2021-10-22T04:00:00Z,133.52,136.22,133.125,135.53,1690291,20035,135.041
2021-10-25T04:00:00Z,135.54,135.54,133.52,133.52,46550,3,133.87
2021-10-26T04:00:00Z,134.24,135.37,133.16,133.16,1634226,17001,134.308
2021-10-27T04:00:00Z,132.55,134.17,132,132.81,1636604,19117,133.097
2021-10-28T04:00:00Z,133.62,133.97,132.54,132.87,1047554,13988,133.084
2021-10-29T04:00:00Z,132.33,134.04,131.65,132.91,1246312,14789,133.318
2021-11-01T04:00:00Z,133.63,134.07,132.405,133.28,790494,12085,133.099
2021-11-02T04:00:00Z,133.26,133.52,132.25,132.46,845869,11940,132.642
2021-11-03T04:00:00Z,132.12,133.085,131,132.65,786837,11021,132.126
2021-11-04T04:00:00Z,132.79,133.13,130.67,131.81,1301220,18097,131.486
2021-11-05T04:00:00Z,132.42,133.12,131.97,132.9,610228,8824,132.637
2021-11-08T05:00:00Z,133.46,133.46,131.23,131.88,719766,10210,131.805
2021-11-09T05:00:00Z,131.87,132.68,131.34,132.05,793736,8678,131.87
2021-11-10T05:00:00Z,131.81,132.47,130.44,130.86,672252,9975,131.086
2021-11-11T05:00:00Z,130.49,131,129.63,129.9,859925,12398,130.059
2021-11-12T05:00:00Z,129.77,130.51,128.96,129.85,1039763,12295,129.871
2021-11-15T05:00:00Z,129.95,130.29,128.95,129.13,715276,10347,129.413
2021-11-16T05:00:00Z,129.05,130.56,128.72,129.53,841838,10487,129.775
2021-11-17T05:00:00Z,129.4,129.62,127.5,127.69,623524,9406,128.217
2021-11-18T05:00:00Z,127.34,129.526,126.79,129.29,907027,11134,128.637
2021-11-19T05:00:00Z,129.29,129.79,128.32,129.38,897121,12422,129.253
2021-11-22T05:00:00Z,129.54,130.21,129,129.33,750590,12252,129.663
2021-11-23T05:00:00Z,129.02,130.676,128.98,130.57,905292,13304,130.161
2021-11-24T05:00:00Z,130.2,131.06,129.15,130.97,901000,11484,130.424
2021-11-26T05:00:00Z,127.89,128.35,126.39,126.87,690051,9916,127.332
2021-11-29T05:00:00Z,128.09,129.16,127.51,128.37,1069858,14089,128.606
2021-11-30T05:00:00Z,127.51,128.33,125.76,126.57,1198209,15398,126.743
2021-12-01T05:00:00Z,127.88,129.42,126.09,126.2,1213844,17048,127.75
2021-12-02T05:00:00Z,125.9,130.17,125.9,128.99,1154516,14809,129.013
2021-12-03T05:00:00Z,129.21,129.77,126.93,128.03,1190871,17235,128.261
2021-12-06T05:00:00Z,129.2,130.79,128.67,130,1237528,16348,130.06
2021-12-07T05:00:00Z,131.39,132.39,131.03,131.82,2424868,17191,131.823
2021-12-08T05:00:00Z,131.23,131.91,128.8,129.85,1441650,17244,129.7
2021-12-09T05:00:00Z,129.38,129.665,128.58,128.7,1469716,16760,129.092
2021-12-10T05:00:00Z,129.37,130.32,128.56,129.44,1267968,14778,129.389
2021-12-13T05:00:00Z,128.55,128.55,124.56,125.42,2561487,27215,125.695
2021-12-14T05:00:00Z,125.2,126.52,124.78,125.7,2486525,24526,125.812
2021-12-15T05:00:00Z,126.08,128.5,126.08,127.89,2010083,22287,127.69
2021-12-16T05:00:00Z,128.42,129.97,127.74,128.87,1312648,15887,129.074
2021-12-17T05:00:00Z,127.47,129.15,127.21,127.31,1665739,14686,128.02
2021-12-20T05:00:00Z,120.64,121.56,118.39,119.38,3471774,37608,120.028
2021-12-21T05:00:00Z,119.89,121.047,118.05,120.41,1971079,23218,119.537
2021-12-22T05:00:00Z,120.39,122.12,120,121.3,1101636,14701,121.466
2021-12-23T05:00:00Z,121.68,123.63,121.67,121.67,1402683,17740,122.435
2021-12-27T05:00:00Z,122.07,123.49,121.955,122.25,879718,12215,122.515
2021-12-28T05:00:00Z,121.92,122.41,121.42,121.73,796480,10423,121.77
2021-12-29T05:00:00Z,122.21,123.21,121.55,122.06,1512012,17379,122.064
2021-12-30T05:00:00Z,122.37,122.89,121.64,121.74,926344,10698,122.159
2021-12-31T05:00:00Z,121.845,123.27,121.53,122.86,611387,7660,122.588
2022-01-03T05:00:00Z,123.29,123.29,120.21,122.03,1097771,12398,121.617
2022-01-04T05:00:00Z,122.79,123.848,121.74,121.77,1384994,18539,122.515
2022-01-05T05:00:00Z,121.91,122.38,119.66,120.1,1203167,16093,120.747
2022-01-06T05:00:00Z,120.5,122.91,119.85,122.38,1489531,16264,121.699
2022-01-07T05:00:00Z,122.33,123.755,121.85,123.43,876083,11022,123.041
2022-01-10T05:00:00Z,123.03,123.45,121.54,122.58,745670,10411,122.304
2022-01-11T05:00:00Z,122.59,122.91,120.94,122.28,943865,11237,122.008
2022-01-12T05:00:00Z,123.07,124.59,122.82,123.19,844477,11968,123.406
2022-01-13T05:00:00Z,124.2,124.2,122.237,122.34,630289,9486,123.074
2022-01-14T05:00:00Z,122.32,123.57,121.91,123.5,1177279,14749,122.737
2022-01-18T05:00:00Z,123.35,124.24,120.32,121.55,1127310,16546,121.742
2022-01-19T05:00:00Z,122,124.05,121.585,123.23,1328816,17788,123.038
2022-01-20T05:00:00Z,123.81,125.16,123.33,123.4,1122207,16936,124.259
2022-01-21T05:00:00Z,122.92,124.08,121.87,122.71,1789887,21955,123.058
2022-01-24T05:00:00Z,120.91,121.59,118.85,121.59,427735,5831,120.02
2022-01-25T05:00:00Z,120.01,123.59,118.99,122.46,1932300,25351,121.917
2022-01-26T05:00:00Z,121.26,123.96,118.43,118.79,4981287,53087,120.139
2022-01-27T05:00:00Z,119.93,121.02,117.7,118.89,1867859,24740,119.116
2022-01-28T05:00:00Z,118.79,119.89,117.2,119.83,1822444,20971,118.781
2022-01-31T05:00:00Z,119.61,122.15,119.39,121.72,1300370,16529,121.147
2022-02-01T05:00:00Z,122.07,123.29,121.5,122.66,856966,13354,122.452
2022-02-02T05:00:00Z,122.68,125.52,122.68,125,1499804,21567,124.861
2022-02-03T05:00:00Z,124.49,124.5,122.12,122.23,1599863,17601,123.164
2022-02-04T05:00:00Z,121.73,123.07,121.67,122.29,1341320,17385,122.476
2022-02-07T05:00:00Z,122.69,123.34,120.83,121.16,960722,13454,121.781
2022-02-08T05:00:00Z,121.38,123.21,120.95,122.72,1450136,17753,122.598
2022-02-09T05:00:00Z,123.65,125.29,123.6,124.69,1734070,18823,124.632
2022-02-10T05:00:00Z,123.63,125.42,122.71,123.03,1476868,19778,124.031
2022-02-11T05:00:00Z,122.86,124.18,121.19,121.78,1549522,20098,122.524
2022-02-14T05:00:00Z,121.68,123.33,120.94,122.82,1074930,13923,122.256
2022-02-15T05:00:00Z,123.88,125.82,123.85,125.5,1030399,13470,125.117
2022-02-16T05:00:00Z,125.55,127.38,125.34,126.93,1123484,13337,126.583
2022-02-17T05:00:00Z,126.83,127.9,126.12,126.17,1068091,14825,126.995
2022-02-18T05:00:00Z,126.54,127.6,124.67,124.69,911204,13487,125.675
2022-02-22T05:00:00Z,124.62,125.28,121.63,123.11,1437171,19373,123.278
2022-02-23T05:00:00Z,123.84,124.07,120.11,120.36,1181167,16936,121.395
2022-02-24T05:00:00Z,117.75,121.92,117.52,121.81,1337109,17275,120.18
2022-02-25T05:00:00Z,122.25,124.84,122.01,124.6,958693,13941,124.073
2022-02-28T05:00:00Z,122.68,124.85,122.68,123.99,1650650,13571,123.86
2022-03-01T05:00:00Z,123.96,124.23,118.37,119.11,2066328,27441,120.156
2022-03-02T05:00:00Z,120.23,125.3,119.725,125.01,1423961,19467,123.414
2022-03-03T05:00:00Z,124.87,126.69,124.14,124.69,1351733,18048,125.057
2022-03-04T05:00:00Z,123.61,126.97,123.4,126.92,1256129,17703,125.536
2022-03-07T05:00:00Z,126.56,131.18,126.28,126.32,2228241,29152,128.49
2022-03-08T05:00:00Z,125.78,125.78,122.82,122.82,36500,12,123.372
2022-03-09T05:00:00Z,123.92,124.88,122.56,124.12,1910570,19329,123.686
2022-03-10T05:00:00Z,123.05,128.02,122.965,127.7,1640408,24813,126.461
2022-03-11T05:00:00Z,128.51,129.84,126.26,126.29,1378443,17439,127.609
2022-03-14T04:00:00Z,126.68,127.08,123.05,123.5,1154834,16615,124.472
2022-03-15T04:00:00Z,124.64,124.82,121.88,123.58,1082754,17304,123.336
2022-03-16T04:00:00Z,124.91,127.47,124.41,127.34,1214041,16415,126.14
2022-03-17T04:00:00Z,127.33,127.79,125.88,127.71,1077802,15554,126.809
2022-03-18T04:00:00Z,127.93,130.87,127.43,130.61,1799857,21212,130.051
2022-03-21T04:00:00Z,130.1,132.26,129.84,132.02,1125135,16081,131.538
2022-03-22T04:00:00Z,132.83,133.465,131.87,133.34,1036651,14372,133.036
2022-03-23T04:00:00Z,132.95,134.4,132.01,133.43,1391240,17773,133.61
2022-03-24T04:00:00Z,133.95,134.35,132.575,134.28,1128521,14258,133.739
2022-03-25T04:00:00Z,134.17,136.25,133.46,136.17,1015130,13462,135.383
2022-03-28T04:00:00Z,136.08,136.65,134.43,135.72,883978,11586,135.73
2022-03-29T04:00:00Z,136.19,136.92,133.72,136.06,946264,12993,135.5
2022-03-30T04:00:00Z,135.96,137.19,135.41,136.63,644214,9863,136.554
2022-03-31T04:00:00Z,136.1,136.55,133.61,134.14,1200697,17651,134.809
2022-04-01T04:00:00Z,134.01,134.82,127.27,127.81,1630701,19517,129.697
2022-04-04T04:00:00Z,128.29,130.63,127.92,130.12,1608858,20796,129.398
2022-04-05T04:00:00Z,130.3,133.46,128.84,128.87,1296237,19114,130.79
2022-04-06T04:00:00Z,128.09,128.665,125.645,127.44,1074793,16234,126.984
2022-04-07T04:00:00Z,126.58,127.7,125.42,127.04,888577,12541,126.633
2022-04-08T04:00:00Z,125.92,125.92,122.64,124.37,994945,13919,124.401
2022-04-11T04:00:00Z,123.99,124.37,122.58,124.13,1180796,15549,123.672
2022-04-12T04:00:00Z,124.72,125.88,122.65,122.86,833880,13728,123.99
2022-04-13T04:00:00Z,124.14,126.16,123.75,125.75,1211818,16311,125.55
2022-04-14T04:00:00Z,125.55,127.73,125.54,127.19,1005506,14267,126.846
2022-04-18T04:00:00Z,126.95,127.76,125.995,126.31,695322,11200,126.937
2022-04-19T04:00:00Z,126.54,127.44,125.63,127.31,803554,11743,126.838
2022-04-20T04:00:00Z,128.06,129.48,127.86,128.74,632839,10498,128.789
2022-04-21T04:00:00Z,129.77,131.53,127.05,127.46,777854,12947,129.125
2022-04-22T04:00:00Z,125.79,126.16,123.23,123.39,882014,14533,124.581
2022-04-25T04:00:00Z,122.22,124.73,121.89,124.34,1100288,17271,123.504
2022-04-26T04:00:00Z,123.7,124.01,121.95,122.46,1561768,27597,122.912
2022-04-27T04:00:00Z,120.86,122.7,115.6,121.19,4381496,48808,120.639
2022-04-28T04:00:00Z,121,121.7,119.87,121.16,2177787,31808,121.197
2022-04-29T04:00:00Z,121.23,121.57,117.51,117.62,1184408,15852,119.199
2022-05-02T04:00:00Z,118.01,118.28,116.25,117.5,1503592,22715,117.342
2022-05-03T04:00:00Z,118.24,119.26,117.54,118.15,1869725,24538,118.472
2022-05-04T04:00:00Z,118.52,122.845,118.52,122.77,2153342,30215,121.262
2022-05-05T04:00:00Z,122.34,122.83,118.02,118.35,1716653,23188,119.697
2022-05-06T04:00:00Z,118.24,118.39,115.43,116.34,1920364,23884,116.575
2022-05-09T04:00:00Z,114.98,115.51,110.55,110.93,1925746,24829,112.407
2022-05-10T04:00:00Z,112.45,113.2,109.33,109.95,2294566,33112,110.508
2022-05-11T04:00:00Z,110.31,113.72,110.15,111.24,1798792,21764,111.728
2022-05-12T04:00:00Z,110.52,112.29,110,111.28,1664962,22302,111.28
2022-05-13T04:00:00Z,111.58,112.24,109.86,110.62,3337950,42738,111.116
2022-05-16T04:00:00Z,110.51,113.18,110.39,112.66,1873558,24269,112.326
2022-05-17T04:00:00Z,113.99,116.6,113.17,115.17,2425589,29541,115.23
2022-05-18T04:00:00Z,115.33,115.97,112.193,112.7,2588799,29651,113.997
2022-05-19T04:00:00Z,111.11,112.24,109.93,110.91,2109631,25416,111.001
2022-05-20T04:00:00Z,111.18,112.79,110.48,111.62,1363949,20388,111.357
2022-05-23T04:00:00Z,112.3,114.05,112.09,112.86,1211584,16282,113.188
2022-05-24T04:00:00Z,112.8,112.97,109.83,110.44,2159979,26467,110.593
2022-05-25T04:00:00Z,110.18,110.61,108.68,110.09,2164920,26036,109.942
2022-05-26T04:00:00Z,111.6,113.27,111.15,112.53,1371473,18844,112.569
2022-05-27T04:00:00Z,113.32,114.71,113.09,114.06,1103532,15016,113.884
2022-05-31T04:00:00Z,114.08,115.22,113.24,113.78,1663405,18499,114.172
2022-06-01T04:00:00Z,114.26,115.32,113.51,114.09,1251009,17593,114.346
2022-06-02T04:00:00Z,114.02,118.64,114,118.21,1471373,19649,117.337
2022-06-03T04:00:00Z,118.22,118.41,116.67,117.27,1431234,17186,117.359
2022-06-06T04:00:00Z,118.02,118.49,117.29,117.73,1037223,12983,117.811
2022-06-07T04:00:00Z,116.52,116.85,115.07,116.64,2911682,21563,116.163
2022-06-08T04:00:00Z,115.03,116.08,114.31,114.87,2750468,18503,115.196
2022-06-09T04:00:00Z,114.2,115.18,112.69,112.71,1019073,13351,113.765
2022-06-10T04:00:00Z,111.1,111.36,109.42,109.96,1465070,17453,110.327
2022-06-13T04:00:00Z,107.6,109.67,106.61,107.76,1514162,18849,108.058
2022-06-14T04:00:00Z,109.63,110.72,107.46,108.45,1469006,20425,108.789
2022-06-15T04:00:00Z,109.14,111.55,108.65,110.32,1527383,19668,110.164
2022-06-16T04:00:00Z,108.64,109.59,107.78,108.27,1310981,18947,108.576
2022-06-17T04:00:00Z,107.25,109.13,107.17,108.11,1379313,18744,108.132
2022-06-21T04:00:00Z,109.05,111.15,109.05,109.25,1317300,17819,110.13
2022-06-22T04:00:00Z,108.08,111.3,107.96,109.92,1319270,15447,110.175
2022-06-23T04:00:00Z,110.43,111.34,109.38,109.5,1715414,19480,110.245
2022-06-24T04:00:00Z,109.43,113.96,109.43,113.77,1954170,21002,113.188
2022-06-27T04:00:00Z,114.31,114.55,112.11,113.42,939801,14640,113.638
2022-06-28T04:00:00Z,113.76,114.68,110.76,111.01,1395126,17997,112.223
2022-06-29T04:00:00Z,111.34,113.3,110.37,112.55,841049,13428,112.205
2022-06-30T04:00:00Z,110.57,112.66,109.95,112.47,1180417,14486,111.75
2022-07-01T04:00:00Z,112.5,113.38,110.645,113.19,531273,8055,112.427
2022-07-05T04:00:00Z,111.89,113.44,110.74,113.31,1389501,17393,112.438
2022-07-06T04:00:00Z,113.2,114.04,112.384,113.64,1066888,14442,113.341
2022-07-07T04:00:00Z,112.89,113.5,110.27,113.28,1844905,23972,112.6
2022-07-08T04:00:00Z,112.51,113.06,111.67,112.75,1020318,14382,112.5
2022-07-11T04:00:00Z,111.69,112.9,111.12,111.67,740452,10385,111.993
2022-07-12T04:00:00Z,110.78,112.35,110.16,110.69,1274974,17702,111.295
2022-07-13T04:00:00Z,109.61,112.05,109.34,110.92,1145232,16924,110.977
2022-07-14T04:00:00Z,109.11,111.62,109,110.82,831344,13262,110.419
2022-07-15T04:00:00Z,111.85,113.355,111.14,111.66,845302,12337,111.873
2022-07-18T04:00:00Z,112.53,113.69,112.12,112.43,775523,10826,112.774
2022-07-19T04:00:00Z,113.15,115.67,113.01,115.43,938792,13962,114.718
2022-07-20T04:00:00Z,115.59,115.59,114.675,114.75,807144,12264,115.06
2022-07-21T04:00:00Z,114.76,116.57,114.38,116.04,831017,12267,115.704
2022-07-22T04:00:00Z,116.16,117.46,115.13,115.56,675269,10980,116.082
2022-07-25T04:00:00Z,116.1,117.6,115.58,117.28,809414,11883,116.952
2022-07-26T04:00:00Z,116.99,117.61,116.41,116.79,1170024,17082,117.003
2022-07-27T04:00:00Z,119.2,122.955,119.07,122.46,1886978,22631,121.742
2022-07-28T04:00:00Z,122.52,124.965,121.77,124.29,1131745,17951,123.913
2022-07-29T04:00:00Z,124.54,127.47,123.98,126.68,1218560,14209,126.361
2022-08-01T04:00:00Z,125.72,126.46,124.03,125.49,1320715,17610,125.032
2022-08-02T04:00:00Z,125.49,126.59,124.62,124.98,1026596,13669,125.689
2022-08-03T04:00:00Z,125.14,125.72,124.395,125.04,706111,10089,125.104
2022-08-04T04:00:00Z,125.24,126.76,125.24,126.25,772664,11706,126.311
2022-08-05T04:00:00Z,125.05,127.13,124.69,127.06,781663,11571,126.262
2022-08-08T04:00:00Z,128.09,128.71,127.29,127.29,814545,12617,127.918
2022-08-09T04:00:00Z,127.51,127.79,126.07,126.19,1054181,15316,126.575
2022-08-10T04:00:00Z,127.9,128.9,127.528,128.76,1104714,13521,128.507
2022-08-11T04:00:00Z,129.5,129.71,126.6,126.99,1360368,16348,127.612
2022-08-12T04:00:00Z,127.18,128.53,126.7,128.2,825145,10524,127.868
2022-08-15T04:00:00Z,127.08,128.29,126.915,127.32,915660,11240,127.681
2022-08-16T04:00:00Z,127.24,128.56,127.01,128.47,761171,10482,128.224
2022-08-17T04:00:00Z,127.29,128.54,127.27,128.04,719079,9981,128.05
2022-08-18T04:00:00Z,128.05,129.01,127.27,127.42,787259,9795,127.861
2022-08-19T04:00:00Z,126.42,127.48,126.226,126.72,813796,11633,126.879
2022-08-22T04:00:00Z,124.78,125.54,124.35,124.81,976363,12284,124.755
2022-08-23T04:00:00Z,124.39,125.485,124.24,124.54,874824,11215,124.712
2022-08-24T04:00:00Z,123.95,125.21,123.3,124.99,1285737,13182,124.818
2022-08-25T04:00:00Z,125.6,126.27,124.96,126.21,1149469,14316,125.787
2022-08-26T04:00:00Z,126.46,126.75,123.38,123.47,850640,11298,124.469
2022-08-29T04:00:00Z,122.78,124.2,122.48,122.83,1040785,13513,123.151
2022-08-30T04:00:00Z,122.94,123.15,118.84,119.06,1259035,16316,119.865
2022-08-31T04:00:00Z,118.88,119.84,118.55,118.91,1135676,14683,119.2
2022-09-01T04:00:00Z,118.11,118.11,116.45,117.34,1531499,19722,117.342
2022-09-02T04:00:00Z,118.26,118.547,116.52,117,1508369,18190,117.394
2022-09-06T04:00:00Z,116.75,117.615,115.27,116.45,2301108,16325,116.468
2022-09-07T04:00:00Z,115.38,118.7,115.38,118.62,2467815,17457,117.447
2022-09-08T04:00:00Z,117.78,120,117.54,119.37,1251873,18929,119.253
2022-09-09T04:00:00Z,120.42,122.2,120.115,122.01,1433859,20389,121.24
2022-09-12T04:00:00Z,123.83,125.45,123.54,123.95,1381213,18350,124.451
2022-09-13T04:00:00Z,121.54,123.36,120.115,120.49,1301704,19446,121.554
2022-09-14T04:00:00Z,120.43,120.61,118.87,119.89,1128047,15387,119.906
2022-09-15T04:00:00Z,119.91,121.23,118.15,118.53,1280924,16674,119.558
2022-09-16T04:00:00Z,116.36,117.37,115.6,116.49,1464249,18793,116.272
2022-09-19T04:00:00Z,115.34,118.06,115.29,117.87,1176485,14770,117.416
2022-09-20T04:00:00Z,117.24,117.66,115.65,116.83,919289,13096,116.603
2022-09-21T04:00:00Z,116.84,116.97,114.42,114.45,1066720,15114,115.922
2022-09-22T04:00:00Z,113.94,114.47,113.27,113.81,1152764,15466,113.861
2022-09-23T04:00:00Z,112.34,112.41,110.31,111.1,1546791,21084,111.35
2022-09-26T04:00:00Z,110.06,111.81,109.07,109.35,1376729,17603,109.922
2022-09-27T04:00:00Z,109.92,110.265,108.48,108.69,1645779,22641,109.228
2022-09-28T04:00:00Z,108.53,112.31,107.24,111.78,1820094,23817,110.854
2022-09-29T04:00:00Z,111.18,111.18,108.85,109.99,926875,14050,109.678
2022-09-30T04:00:00Z,109.77,110.52,107.84,107.99,1211740,15965,109.091
2022-10-03T04:00:00Z,109.3,113.45,108.98,112.82,1326511,18716,112.356
2022-10-04T04:00:00Z,114.51,115.74,113.66,115.69,1621580,23651,114.824
2022-10-05T04:00:00Z,114.18,114.78,113.24,113.74,752235,11514,113.881
2022-10-06T04:00:00Z,112.98,113.75,111.29,112.24,802487,13175,112.603
2022-10-07T04:00:00Z,111.64,111.66,109.1,109.78,1144673,15556,110.126
2022-10-10T04:00:00Z,110.56,110.92,108.67,108.84,565512,8663,109.231
2022-10-11T04:00:00Z,108.23,109.69,107.08,107.93,802919,11998,108.233
2022-10-12T04:00:00Z,107.85,109.1,106.91,106.95,1124545,16923,107.655
2022-10-13T04:00:00Z,104.58,110.37,103.79,109.82,1395778,20240,107.529
2022-10-14T04:00:00Z,110.68,110.83,106.79,107.03,847322,12221,107.888
2022-10-17T04:00:00Z,107.98,111.76,107.53,111.15,1288196,16921,111.026
2022-10-18T04:00:00Z,113.43,114.56,112.78,113.5,1563813,21785,113.651
2022-10-19T04:00:00Z,113.28,113.54,111.72,112.91,976373,13607,112.804
2022-10-20T04:00:00Z,111.83,113,109.33,109.68,1667849,23954,110.75
2022-10-21T04:00:00Z,109.79,113.42,109.07,112.82,1583747,22991,111.739
2022-10-24T04:00:00Z,113.5,113.82,111.91,113.43,1031840,16344,113.279
2022-10-25T04:00:00Z,113.26,116,113.26,115.5,1542637,18841,115.31
2022-10-26T04:00:00Z,115.11,120.74,115.06,119.37,2498819,33858,119.252
2022-10-27T04:00:00Z,119.83,120.64,117.49,117.99,1789135,24710,118.872
2022-10-28T04:00:00Z,117.46,119.65,117.28,119.09,1175380,15658,119.133
2022-10-31T04:00:00Z,118.02,119.08,116.54,118.44,1053971,15890,118.334
2022-11-01T04:00:00Z,120.37,120.79,116.91,117.94,1071516,16024,117.944
2022-11-02T04:00:00Z,117.52,120.07,115.96,116.06,1496892,19888,118.017
2022-11-03T04:00:00Z,114.7,117.53,114.7,115.74,1183086,17140,116.286
2022-11-04T04:00:00Z,118.07,120.22,117.59,119.24,1035740,14364,118.989
2022-11-07T05:00:00Z,119.11,120.33,118.87,120.15,904660,13256,119.593
2022-11-08T05:00:00Z,120.53,123.05,120.385,121.51,1184031,17472,122.044
2022-11-09T05:00:00Z,120.52,121.49,118.95,119.19,849901,13040,120.007
2022-11-10T05:00:00Z,123.07,124.19,122.1,123.35,1033654,15398,123.096
2022-11-11T05:00:00Z,124.28,125.225,120.99,122.19,1916204,31730,122.527
2022-11-14T05:00:00Z,122.19,123.25,121.27,121.31,1190441,16883,122.288
2022-11-15T05:00:00Z,122.75,123.02,120.15,121.39,1333766,20517,121.569
2022-11-16T05:00:00Z,121.27,123.12,120.97,122.77,1126374,14792,122.401
2022-11-17T05:00:00Z,121.77,124.52,121.3,123.61,1161216,18955,123.425
2022-11-18T05:00:00Z,123.78,124.48,123.18,124.42,794010,12677,124.131
2022-11-21T05:00:00Z,123.68,124.41,122.945,124.18,1054242,13966,123.857
2022-11-22T05:00:00Z,124.84,125.941,124.745,125.36,952148,19460,125.385
2022-11-23T05:00:00Z,125.25,126.97,124.99,126.37,1132500,16662,125.993
2022-11-25T05:00:00Z,126.4,128.18,126.04,127.67,457515,7851,127.583
2022-11-28T05:00:00Z,125.99,127.63,125.61,126.02,717254,10913,126.501
2022-11-29T05:00:00Z,126.57,126.64,124.26,125.22,1022315,13655,125.254
2022-11-30T05:00:00Z,125.65,128.61,125.22,128.43,841158,13155,127.059
2022-12-01T05:00:00Z,128.9,129.89,127.79,128.46,1199437,18401,128.876
2022-12-02T05:00:00Z,127.92,128.24,126.39,127.83,1058569,15191,127.51
2022-12-05T05:00:00Z,127.59,127.74,126.215,126.7,891903,13854,126.788
2022-12-06T05:00:00Z,126.66,126.96,124.77,125.5,1898474,14725,125.562
2022-12-07T05:00:00Z,124.52,126.27,124.37,124.79,1619853,9764,125.26
2022-12-08T05:00:00Z,125.29,127.36,125.18,125.98,702763,11481,126.416
2022-12-09T05:00:00Z,125.83,125.93,124.47,124.56,446150,8069,125.173
2022-12-12T05:00:00Z,124.81,127.08,124.47,127.04,2030401,13042,125.56
2022-12-13T05:00:00Z,128.89,129.47,126.47,127.21,996378,14942,127.521
2022-12-14T05:00:00Z,126.86,127.64,125.13,125.83,1545394,23181,126.534
2022-12-15T05:00:00Z,124.29,124.47,122.1,123.17,1310037,20088,122.876
2022-12-16T05:00:00Z,122.22,122.41,120.85,121.6,1354998,22288,121.575
2022-12-19T05:00:00Z,122.3,122.86,119.31,119.85,979948,14764,120.631
2022-12-20T05:00:00Z,119.65,120.025,118.67,119.59,1166497,16800,119.469
2022-12-21T05:00:00Z,120.82,121.42,120.25,121.34,1010526,16369,121.015
2022-12-22T05:00:00Z,120.55,121.1,118.58,119.63,890085,12805,119.693
2022-12-23T05:00:00Z,119.34,120.67,118.88,120.44,660782,10172,120.138
2022-12-27T05:00:00Z,120.15,121.68,120.15,121.54,413245,7624,121.29
2022-12-28T05:00:00Z,121.27,121.45,119.19,119.29,576157,9077,119.951
2022-12-29T05:00:00Z,120.12,120.64,119.51,120.43,822737,12018,120.185
2022-12-30T05:00:00Z,119.5,120,118.26,118.88,846719,14574,118.876
2023-01-03T05:00:00Z,118.47,120.65,118.21,119.17,798036,12614,119.419
2023-01-04T05:00:00Z,120.41,121.04,119.7,120.98,806386,11511,120.53
2023-01-05T05:00:00Z,120.52,120.67,117.94,118.15,868327,14015,118.772
2023-01-06T05:00:00Z,119.15,122.65,118.46,122.32,973093,14682,121.08
2023-01-09T05:00:00Z,122.83,124.77,122.57,123.08,873998,13932,123.711
2023-01-10T05:00:00Z,120.69,121.71,120.45,121.53,864984,13721,121.182
2023-01-11T05:00:00Z,122.25,123.22,120.49,122.46,934736,12345,121.714
2023-01-12T05:00:00Z,123,123.4,121.44,123.13,959881,13942,122.634
2023-01-13T05:00:00Z,122.32,124.35,122.26,123.69,789552,13591,123.577
2023-01-17T05:00:00Z,124.13,125.55,123.89,124.46,761366,12953,124.529
2023-01-18T05:00:00Z,124.78,125.265,122.82,122.86,862015,14867,123.651
2023-01-19T05:00:00Z,122.88,123.54,121.6,121.62,743372,13503,122.162
2023-01-20T05:00:00Z,121.58,123.78,121.15,123.31,820101,13296,123.031
2023-01-23T05:00:00Z,123.14,124.165,122.475,123.64,936293,13867,123.496
2023-01-24T05:00:00Z,122.9,125.54,121.96,124.02,895207,15245,123.934
2023-01-25T05:00:00Z,119.83,120.17,117.11,118.18,2730350,35929,118.403
2023-01-26T05:00:00Z,118.9,119.13,116.48,118.52,1369191,20146,117.587
2023-01-27T05:00:00Z,118.11,119.52,117.9,118.29,909773,12906,118.709
2023-01-30T05:00:00Z,117.8,119.66,117.33,117.4,1184695,14369,118.436
2023-01-31T05:00:00Z,117.52,119.1,117.24,119.09,825218,11332,118.382
2023-02-01T05:00:00Z,118.35,120.035,117.53,119.42,1586374,23173,118.881
2023-02-02T05:00:00Z,119.81,120.255,117.69,119.69,1450694,18004,119.225
2023-02-03T05:00:00Z,118.71,120.305,118.36,119.86,1204624,19231,119.628
2023-02-06T05:00:00Z,118.91,119.93,118.27,118.36,804181,11930,118.779
2023-02-07T05:00:00Z,117.86,119.28,117.04,118.12,1106021,13831,117.993
2023-02-08T05:00:00Z,118,118.96,117.2,117.4,626831,10703,117.815
2023-02-09T05:00:00Z,118.21,118.81,116.35,116.71,697373,12027,117.259
2023-02-10T05:00:00Z,116.67,120.07,116.17,119.85,1301843,18197,119.157
2023-02-13T05:00:00Z,119.47,121.12,119.45,120.78,972052,13435,120.615
2023-02-14T05:00:00Z,120.6,120.91,118.66,119.56,1004128,17286,119.453
2023-02-15T05:00:00Z,118.38,118.64,116.93,118.56,705923,10847,118.11
2023-02-16T05:00:00Z,117.21,118.5,116.5,117.44,767904,12809,117.635
2023-02-17T05:00:00Z,116.52,117.569,116.27,116.75,621736,9615,116.713
2023-02-21T05:00:00Z,116.15,117.36,115.73,116.25,1828263,28901,116.495
2023-02-22T05:00:00Z,116.52,116.55,114.83,115.32,1293422,20686,115.646
2023-02-23T05:00:00Z,116.04,116.22,114.605,116.08,709134,11620,115.709
2023-02-24T05:00:00Z,114.64,115.33,113.8,115.24,605470,9675,114.726
2023-02-27T05:00:00Z,116.5,117.32,115.68,115.93,1018660,13912,116.295
2023-02-28T05:00:00Z,115.23,115.69,113.66,113.89,1357747,17407,114.36
2023-03-01T05:00:00Z,114.04,116.19,113.67,115.63,945080,14655,115.467
2023-03-02T05:00:00Z,115.21,118.07,114.58,117.92,1028524,13712,117.324
2023-03-03T05:00:00Z,118.07,119.46,117.62,119.31,857682,13855,118.83
2023-03-06T05:00:00Z,119.46,119.46,117.8,118.03,821881,12170,118.231
2023-03-07T05:00:00Z,117.66,117.99,115.94,116.3,1245484,17285,116.745
2023-03-08T05:00:00Z,116.51,118.1,116.3,117.57,848962,13753,117.453
2023-03-09T05:00:00Z,117.38,118.22,115.91,116.1,1022189,17590,116.565
2023-03-10T05:00:00Z,116.07,118.11,115.4,115.46,1376765,20522,116.376
2023-03-13T04:00:00Z,114.57,117.71,114.19,116.2,1219560,18153,116.532
2023-03-14T04:00:00Z,117.26,118.24,114.49,116.17,1019958,17199,116.431
2023-03-15T04:00:00Z,114.78,116.235,113.94,115.19,1378822,20747,115.276
2023-03-16T04:00:00Z,114.56,118.71,114.14,118.49,1353303,24232,117.709
2023-03-17T04:00:00Z,118.72,118.75,115.11,115.24,1170491,20722,115.884
2023-03-20T04:00:00Z,115.5,116.37,114.41,115.33,768007,11973,115.5
2023-03-21T04:00:00Z,116.13,116.38,114.24,114.84,1195881,18611,115.152
2023-03-22T04:00:00Z,114.99,116.095,113.84,113.87,1214450,18450,114.91
2023-03-23T04:00:00Z,115.2,115.2,112.245,112.64,1115149,16762,113.543
2023-03-24T04:00:00Z,111.89,113.74,111.45,113.68,1157614,15137,112.712
2023-03-27T04:00:00Z,114.32,114.92,113.21,114.6,1139861,15389,114.362
2023-03-28T04:00:00Z,114.67,115.31,114.13,114.94,1164609,17959,114.715
2023-03-29T04:00:00Z,115.68,116.06,114.94,115.32,701544,10762,115.354
2023-03-30T04:00:00Z,116.46,116.64,114.99,116.3,969594,16593,115.816
2023-03-31T04:00:00Z,116.37,118.04,116.125,117.97,749064,12325,117.632
2023-04-03T04:00:00Z,117.77,119.76,117.65,119.21,1358128,19354,118.939
2023-04-04T04:00:00Z,119.94,120.97,119.65,120.29,1781200,24703,120.308
2023-04-05T04:00:00Z,120.33,121.3,116.88,117.07,1644430,21014,118.681
2023-04-06T04:00:00Z,118.49,118.59,117.54,118.52,1278019,19144,118.156
2023-04-10T04:00:00Z,117.55,118.115,117.22,117.85,800216,12064,117.703
2023-04-11T04:00:00Z,118.06,119.51,117.77,118.88,817352,10464,118.724
2023-04-12T04:00:00Z,119.34,121.51,119.02,120.76,995061,16437,120.682
2023-04-13T04:00:00Z,121.51,121.9,119.77,121.43,1154937,15429,121.118
2023-04-14T04:00:00Z,121.38,122.42,121.26,122.38,669585,10702,122.082
2023-04-17T04:00:00Z,122.72,123.61,121.83,122.41,965773,11804,122.422
2023-04-18T04:00:00Z,123.01,123.36,122.25,122.65,624935,10273,122.759
2023-04-19T04:00:00Z,121.96,123.05,121.912,122.46,512255,8574,122.559
2023-04-20T04:00:00Z,122.01,123.64,121.88,122.65,753598,11997,122.843
2023-04-21T04:00:00Z,122.88,123.16,122.07,123.03,1379963,14826,122.796
2023-04-24T04:00:00Z,123.2,124.79,122.95,124.4,1796119,23105,124.258
2023-04-25T04:00:00Z,123.94,123.94,117.42,118.53,2814126,39685,118.843
2023-04-26T04:00:00Z,117.97,118.61,116.27,116.67,1520150,22523,117.179
2023-04-27T04:00:00Z,116.96,118.855,116.47,118.33,1237147,18399,117.871
2023-04-28T04:00:00Z,117.53,120.07,117.46,119.27,835274,12615,119.209
2023-05-01T04:00:00Z,119.43,121.12,119.39,119.83,813485,13165,120.308
2023-05-02T04:00:00Z,118.75,119.11,117.158,118.37,783044,13820,118.257
2023-05-03T04:00:00Z,118.48,118.95,116.21,117.98,2266306,28419,117.608
2023-05-04T04:00:00Z,118.35,119.205,116.73,118.65,2842669,35869,118.251
2023-05-05T04:00:00Z,119.69,122.21,119,121.82,1180350,17238,121.298
2023-05-08T04:00:00Z,122.59,123.21,120.64,120.89,1497006,22451,121.208
2023-05-09T04:00:00Z,120.4,120.675,118.9,120.3,1844123,24170,119.965
2023-05-10T04:00:00Z,121.29,122.47,120.21,121.36,1238911,20393,121.326
2023-05-11T04:00:00Z,121.3,121.66,119.85,119.98,1178390,18110,120.354
2023-05-12T04:00:00Z,120.83,121.37,120.07,120.57,891310,14137,120.609
2023-05-15T04:00:00Z,120.97,121.69,120.29,121.44,937097,16182,121.137
2023-05-16T04:00:00Z,120.91,121.22,119.83,119.9,1219615,18502,120.46
2023-05-17T04:00:00Z,120.14,120.2,118.3,119.16,1505222,19055,118.988
2023-05-18T04:00:00Z,118.76,119.32,117.55,119.26,1595479,21931,118.615
2023-05-19T04:00:00Z,119.86,120.08,118.76,119.5,1081010,16780,119.3
2023-05-22T04:00:00Z,119.05,120.48,116.42,117.76,1130534,18896,117.838
2023-05-23T04:00:00Z,116.85,117.32,115.3,115.52,1246424,19535,116.091
2023-05-24T04:00:00Z,114.76,115.06,112.37,113.21,1615393,20577,113.226
2023-05-25T04:00:00Z,112.87,114.33,111.995,113.71,1519481,17286,113.344
2023-05-26T04:00:00Z,114.19,115.45,113.71,113.97,1076891,15240,114.398
2023-05-30T04:00:00Z,114.58,115.3,114.13,114.32,761208,12703,114.558
2023-05-31T04:00:00Z,113.71,113.71,112.44,112.73,792427,13126,112.94
2023-06-01T04:00:00Z,113.36,115.4,113.36,115.06,1298669,20075,114.781
2023-06-02T04:00:00Z,116.17,118.56,115.53,117.69,1082350,17148,117.691
2023-06-05T04:00:00Z,117.02,118.45,116.85,116.86,958561,15634,117.302
2023-06-06T04:00:00Z,116.33,116.675,114.98,115.05,1054194,16506,115.604
2023-06-07T04:00:00Z,114.95,116.92,113.81,116.75,1149016,18088,116.19
2023-06-08T04:00:00Z,116.79,116.9,114.4,115.12,1349044,20121,115.094
2023-06-09T04:00:00Z,115.49,115.7,114,114.19,1008326,14438,114.534
2023-06-12T04:00:00Z,114.15,114.19,112.97,113.93,1062752,14899,113.674
2023-06-13T04:00:00Z,114.32,115.38,114.13,115.1,1022286,16299,114.953
2023-06-14T04:00:00Z,115.43,117.71,115.43,116.61,869193,14871,116.772
2023-06-15T04:00:00Z,116.49,118.24,116.34,117.96,806885,14925,117.784
2023-06-16T04:00:00Z,118.21,119.32,117.74,118.95,1637793,23117,118.845
2023-06-20T04:00:00Z,118.03,119.01,117.37,117.4,1259184,15723,117.909
2023-06-21T04:00:00Z,117.1,119.23,116.74,118.75,1165816,13562,118.654
2023-06-22T04:00:00Z,118.44,119.96,118.44,119.95,777743,13511,119.476
2023-06-23T04:00:00Z,119.16,119.4,117.69,117.76,1092472,17581,118.242
2023-06-26T04:00:00Z,117.84,119.245,117.84,118.79,781046,12413,118.893
2023-06-27T04:00:00Z,118.66,120.1,118.47,119.55,711734,12306,119.505
2023-06-28T04:00:00Z,119.08,119.545,117.5,119.07,789350,12488,119.006
2023-06-29T04:00:00Z,118.42,119.94,117.695,119.79,858016,14743,119.23
2023-06-30T04:00:00Z,120.15,121.715,120.1,121.07,1156894,18474,121.146
2023-07-03T04:00:00Z,120.95,121.56,120.401,121.56,224993,4591,121.236
2023-07-05T04:00:00Z,120.82,121.31,119.43,119.82,1136717,17482,119.967
2023-07-06T04:00:00Z,118.89,118.89,117.02,117.2,996398,17115,117.527
2023-07-07T04:00:00Z,116.98,117.3,115.49,115.58,1216839,18662,116.133
2023-07-10T04:00:00Z,115.58,116.585,115.3,115.87,888537,11456,115.893
2023-07-11T04:00:00Z,115.53,116.105,114.72,115.61,1120087,16921,115.332
2023-07-12T04:00:00Z,115.88,117.65,115,117.02,1558177,19857,116.638
2023-07-13T04:00:00Z,117.16,119.78,117.04,118.61,1618372,22567,118.577
2023-07-14T04:00:00Z,118.38,119.44,117.925,118.33,757746,11055,118.441
2023-07-17T04:00:00Z,118.26,118.33,117.07,117.56,987799,12639,117.553
2023-07-18T04:00:00Z,117.05,117.5,116.13,117.46,1613975,18164,116.969
2023-07-19T04:00:00Z,117.22,118.42,116.8,118,1202452,16366,117.633
2023-07-20T04:00:00Z,118.29,118.63,117.48,117.66,865389,14686,117.918
2023-07-21T04:00:00Z,117.4,118.98,116.77,118.55,1468589,17993,118.365
2023-07-24T04:00:00Z,118.42,119.715,118.38,118.95,1831070,17827,118.946
2023-07-25T04:00:00Z,118.73,119.49,118.25,118.67,1870175,23171,118.923
2023-07-26T04:00:00Z,116.91,119.96,114.41,118.67,3235427,38973,118.325
2023-07-27T04:00:00Z,118.67,120.21,117.83,118.34,1203190,16737,118.974
2023-07-28T04:00:00Z,118.95,121.88,118.78,120.8,1064342,15433,120.761
2023-07-31T04:00:00Z,120.75,121.63,119.75,121.23,1648129,19310,121.124
2023-08-01T04:00:00Z,119.78,120.56,119.33,119.49,1880935,18587,119.649
2023-08-02T04:00:00Z,118.68,119.06,116.75,116.8,928069,13774,117.323
2023-08-03T04:00:00Z,116.22,117.825,115.85,117.23,1057504,14704,117.108
2023-08-04T04:00:00Z,117.24,118.35,116.49,116.88,867805,13424,117.349
2023-08-07T04:00:00Z,117.34,118.54,117.24,118.27,793407,13042,118.134
2023-08-08T04:00:00Z,116.9,117.26,114.96,117.06,1116219,16919,116.341
2023-08-09T04:00:00Z,117.07,118.4,116.49,117.86,740110,12274,117.775
2023-08-10T04:00:00Z,118.58,119.38,115.97,116.44,918881,14053,117.018
2023-08-11T04:00:00Z,116.07,117.48,116.07,116.93,743737,11404,116.945
2023-08-14T04:00:00Z,116.47,117.495,115.82,116.16,830544,13523,116.585
2023-08-15T04:00:00Z,115.59,116.16,113.85,113.93,617061,12351,114.443
2023-08-16T04:00:00Z,113.73,114.649,113.19,113.61,685360,11858,113.699
2023-08-17T04:00:00Z,113.94,114.77,112.93,113.22,557111,10659,113.605
2023-08-18T04:00:00Z,112.67,114.03,112.43,113.61,645849,12013,113.467
2023-08-21T04:00:00Z,113.83,114,112.43,112.59,979792,14992,112.851
2023-08-22T04:00:00Z,112.74,112.97,111.83,112.04,637379,11009,112.28
2023-08-23T04:00:00Z,112,113.27,112,113,375730,8581,112.884
2023-08-24T04:00:00Z,112.71,113.1,111.58,111.69,928629,10106,112.023
2023-08-25T04:00:00Z,111.94,113,111.44,112.48,657094,9791,112.203
2023-08-28T04:00:00Z,112.92,113.74,112.06,112.23,693781,9920,112.472
2023-08-29T04:00:00Z,112.21,113.16,111.61,112.94,856864,13016,112.66
2023-08-30T04:00:00Z,113.5,114.82,113.15,114.02,975249,13928,114.181
2023-08-31T04:00:00Z,114.45,114.48,112.34,112.61,882521,12631,112.979
2023-09-01T04:00:00Z,113.02,113.28,111.89,113.17,999336,12059,112.828
2023-09-05T04:00:00Z,112.84,113.305,111.31,111.34,896933,12775,112.137
2023-09-06T04:00:00Z,111.11,111.59,109.38,109.43,2557586,14356,109.961
2023-09-07T04:00:00Z,108.77,109.6,107.47,107.66,2571301,15394,108.098
2023-09-08T04:00:00Z,107.67,108.94,107.35,107.84,1220411,15274,107.915
2023-09-11T04:00:00Z,108.59,109.63,108.355,109.2,1033931,17101,109.098
2023-09-12T04:00:00Z,109.2,110.03,108.73,109.33,766214,11397,109.472
2023-09-13T04:00:00Z,109.4,111.39,108.99,111.24,1116480,15729,110.84
2023-09-14T04:00:00Z,112.48,115.95,112.21,115.46,2316799,28771,115.115
2023-09-15T04:00:00Z,114.83,116.74,114.8,116.4,1635338,20551,116.136
2023-09-18T04:00:00Z,116.39,116.8,115.3,115.72,1537133,18191,115.921
2023-09-19T04:00:00Z,115.83,116.635,113.13,113.58,1088040,15455,113.884
2023-09-20T04:00:00Z,113.75,115.005,113.15,113.26,633966,10207,114.017
2023-09-21T04:00:00Z,112.42,112.97,110.09,110.16,1255810,16036,110.935
2023-09-22T04:00:00Z,110.45,110.73,109.43,110.13,1028058,14703,109.992
2023-09-25T04:00:00Z,109.73,111.752,109.73,111.51,1177817,16354,111.205
2023-09-26T04:00:00Z,110.92,111.58,109.77,110.56,1189714,17764,110.575
2023-09-27T04:00:00Z,110.91,111.23,107.1,108.61,1072860,14798,108.481
2023-09-28T04:00:00Z,108.58,110.44,107.995,109.65,1064775,16216,109.527
2023-09-29T04:00:00Z,110.98,111.82,108.185,108.33,1572900,23292,108.763
2023-10-02T04:00:00Z,107.95,108.575,105.99,106.4,1239927,15421,106.593
2023-10-03T04:00:00Z,105.6,107.11,105.01,106.08,2049578,26437,105.862
2023-10-04T04:00:00Z,105.7,107.1,105.3,106.45,771775,12239,106.37
2023-10-05T04:00:00Z,105.69,107.105,105.44,106.62,1152481,15703,106.472
2023-10-06T04:00:00Z,106.18,107.63,105.7,107.12,837620,13909,106.945
2023-10-09T04:00:00Z,106.74,108.94,106.66,108.46,773850,10507,108.307
2023-10-10T04:00:00Z,108.66,109.73,107.88,108.76,1178065,20260,108.858
2023-10-11T04:00:00Z,109.36,109.36,108.465,109.16,1062170,11822,108.945
2023-10-12T04:00:00Z,109.18,109.18,106.94,107.77,1085591,14772,107.712
2023-10-13T04:00:00Z,108.23,108.79,107.18,107.74,1190031,12391,107.749
2023-10-16T04:00:00Z,108.44,109.93,107.88,109.38,1154513,15421,109.425
2023-10-17T04:00:00Z,108.23,109.64,108.01,108.94,676387,10671,108.976
2023-10-18T04:00:00Z,108.46,108.72,105.33,105.38,1005558,12979,106.39
2023-10-19T04:00:00Z,106.21,106.36,104.81,105.08,1166247,15089,105.409
2023-10-20T04:00:00Z,105.03,106.55,104.62,106.45,1957192,19899,105.792
2023-10-23T04:00:00Z,105.48,107.41,105.48,105.68,1451196,15256,106.202
2023-10-24T04:00:00Z,106.07,106.46,105.01,105.67,1546129,19959,105.688
2023-10-25T04:00:00Z,104.62,107.84,104,106.24,2433890,25841,106.572
2023-10-26T04:00:00Z,106.05,108.16,104.485,104.59,1497234,20619,105.53
2023-10-27T04:00:00Z,105.32,105.32,103.96,104.53,1309247,16374,104.644
2023-10-30T04:00:00Z,105.56,107.09,105.56,105.98,1753826,21316,106.379
2023-10-31T04:00:00Z,106.15,106.35,105.17,105.78,1493597,15333,105.807
2023-11-01T04:00:00Z,106.09,107.5,105.8,106.7,1069915,15120,106.651
2023-11-02T04:00:00Z,107.56,109.47,107.56,108.91,1262699,16836,108.869
2023-11-03T04:00:00Z,109.66,111.17,109.29,110.98,1066129,12983,110.596
2023-11-06T05:00:00Z,111.49,111.88,110.03,110.58,1074162,13780,110.537
2023-11-07T05:00:00Z,110.06,110.4,109.29,109.99,1364139,15007,109.913
2023-11-08T05:00:00Z,109.99,110.59,109.67,110.24,1325644,16363,110.197
2023-11-09T05:00:00Z,110.98,112.255,110.07,110.35,1845098,18721,111.236
2023-11-10T05:00:00Z,110.55,111.87,110.14,111.7,1897028,23135,111.262
2023-11-13T05:00:00Z,111.41,113.035,111.045,112.54,1721766,20705,112.406
2023-11-14T05:00:00Z,114.27,115.13,113.32,114.64,1547235,19653,114.477
2023-11-15T05:00:00Z,115.21,116.095,113.72,114.2,1153139,15503,114.602
2023-11-16T05:00:00Z,113.82,114.715,113.42,114.09,835758,12457,114.041
2023-11-17T05:00:00Z,114.8,115.555,114.5,115.32,1263938,12268,115.192
2023-11-20T05:00:00Z,115.06,115.24,114.36,114.65,740812,10132,114.779
2023-11-21T05:00:00Z,115,115.34,114.16,114.46,1273056,15641,114.52
2023-11-22T05:00:00Z,114.46,114.64,113.35,113.81,1124679,16990,113.94
2023-11-24T05:00:00Z,115,115.8,114.6,115.32,561912,7642,115.334
2023-11-27T05:00:00Z,114.03,114.36,111.94,111.96,1282891,17098,112.459
2023-11-28T05:00:00Z,112.16,113.37,112.01,112.9,1146930,16163,112.881
2023-11-29T05:00:00Z,113.16,114.87,112.66,114.41,1031141,14315,114.186
2023-11-30T05:00:00Z,114.98,116.4,113.93,115.95,1368354,14929,115.233
2023-12-01T05:00:00Z,116.09,118.865,115.8,118.72,1165661,13224,117.985
2023-12-04T05:00:00Z,117.67,118.86,117.25,118.68,891561,13735,118.449
2023-12-05T05:00:00Z,118.04,118.225,117.07,117.21,2095371,11633,117.539
2023-12-06T05:00:00Z,117.42,118.42,117.35,117.81,750402,12097,117.869
2023-12-07T05:00:00Z,118.33,119.14,117.275,118.38,1105160,14528,118.449
2023-12-08T05:00:00Z,118.3,119.45,117.77,117.78,806755,10555,118.368
2023-12-11T05:00:00Z,117.92,119.08,117.78,118.99,866107,12972,118.732
2023-12-12T05:00:00Z,119,119.1,117.79,119.07,908224,12164,118.477
2023-12-13T05:00:00Z,118.85,120.04,117.31,119.96,863456,11897,118.923
2023-12-14T05:00:00Z,119.68,121.445,119.58,120.88,1782063,19774,120.899
2023-12-15T05:00:00Z,120.57,121.43,119.97,120.39,1028335,15092,120.526
2023-12-18T05:00:00Z,120.93,121.71,120.26,120.9,739489,11716,120.991
2023-12-19T05:00:00Z,120.78,122.96,120.65,122.96,801765,13270,122.514
2023-12-20T05:00:00Z,122.45,124.53,122.13,122.2,1069979,15533,123.478
2023-12-21T05:00:00Z,122.99,124.115,122.87,123.61,877823,12986,123.544
2023-12-22T05:00:00Z,124,125.382,124,124.96,701284,10620,124.956
2023-12-26T05:00:00Z,124.84,125.9,124.7,125.55,501298,7700,125.469
2023-12-27T05:00:00Z,125.09,126.68,125.09,125.83,524950,8786,126.043
2023-12-28T05:00:00Z,125.83,126.48,124.78,125.1,644083,10452,125.383
2023-12-29T05:00:00Z,125.11,125.86,124.78,125.63,712170,11809,125.55
2024-01-02T05:00:00Z,124.36,125.75,124.05,125.44,815003,11687,125.204
2024-01-03T05:00:00Z,124.91,125.95,124.69,125.06,865045,12970,125.358
2024-01-04T05:00:00Z,125.32,126.21,124.88,125.81,1020769,12525,125.851
2024-01-05T05:00:00Z,125.72,127.145,125.18,125.88,794132,12919,126.174
2024-01-08T05:00:00Z,125.43,125.66,124.13,125.25,755896,12595,124.852
2024-01-09T05:00:00Z,124.63,124.96,123.54,123.69,851447,12308,123.988
2024-01-10T05:00:00Z,123.37,124.44,123.05,124.35,942426,13600,124.04
2024-01-11T05:00:00Z,124.36,124.77,122.97,124.51,1042822,15445,123.998
2024-01-12T05:00:00Z,124.74,126.25,124.48,126.21,1132121,14883,125.528
2024-01-16T05:00:00Z,125.16,125.86,123.976,125.09,683903,11589,125.098
2024-01-17T05:00:00Z,124.65,124.65,122.38,122.76,816353,12209,123.04
2024-01-18T05:00:00Z,122.75,125.1,122.75,124.73,877698,12693,124.5
2024-01-19T05:00:00Z,124.49,126.62,123.35,126.15,1082115,14829,125.774
2024-01-22T05:00:00Z,126.66,126.69,124.49,124.74,1725775,17900,125.247
2024-01-23T05:00:00Z,124.83,125.99,124.54,125.79,1589095,20389,125.684
2024-01-24T05:00:00Z,126.66,127.43,122.23,123.01,2784516,33439,123.573
2024-01-25T05:00:00Z,123.81,124.3,122.36,123.66,1605126,23731,123.249
2024-01-26T05:00:00Z,124.03,124.815,123.445,123.94,1012054,13130,123.925
2024-01-29T05:00:00Z,123.44,124.22,122.63,124.12,1162711,15838,123.453
2024-01-30T05:00:00Z,123.73,125.55,123.615,125.02,937240,13388,124.882
2024-01-31T05:00:00Z,125.3,126.23,123.96,124.04,1153518,17181,124.965
2024-02-01T05:00:00Z,124.48,127.15,124.48,126.92,1297530,18304,126.159
2024-02-02T05:00:00Z,126.67,127.06,125.2,126.7,820191,13114,126.493
2024-02-05T05:00:00Z,126.51,127.15,125.86,126.35,766118,11488,126.503
2024-02-06T05:00:00Z,126.3,128.425,126.17,128.27,918144,12643,127.945
2024-02-07T05:00:00Z,128.75,129.659,128.15,129.13,803278,11574,129.224
2024-02-08T05:00:00Z,129.06,129.19,128.05,128.19,1038608,13838,128.308
2024-02-09T05:00:00Z,128.47,129,127.91,128.57,768789,10835,128.488
2024-02-12T05:00:00Z,128.47,129.05,127.94,128.38,618640,9006,128.427
2024-02-13T05:00:00Z,126.61,127,124.96,125.53,1110194,12677,125.694
2024-02-14T05:00:00Z,126.12,128.89,125.92,128.86,1734382,20040,127.997
2024-02-15T05:00:00Z,128.9,129.96,128.86,129.91,766304,11599,129.613
2024-02-16T05:00:00Z,129.59,130.53,129.19,129.85,514409,8440,129.966
2024-02-20T05:00:00Z,129.78,129.88,127.6,128.01,1038922,13228,128.281
2024-02-21T05:00:00Z,128.22,129.15,127.51,129.07,588346,9321,128.606
2024-02-22T05:00:00Z,130,131.68,129.63,131.43,1422281,14001,130.962
2024-02-23T05:00:00Z,131.75,132.12,131.15,131.61,681197,9492,131.582
2024-02-26T05:00:00Z,131.1,132.095,130.67,131.61,798395,12416,131.65
2024-02-27T05:00:00Z,131.28,131.85,130.67,131.34,810814,10302,131.181
2024-02-28T05:00:00Z,130.79,130.9,129.52,129.75,980358,12411,129.984
2024-02-29T05:00:00Z,130.05,130.19,129.385,129.69,788315,10284,129.741
2024-03-01T05:00:00Z,129.37,131.18,129.19,130.31,762586,13030,130.382
2024-03-04T05:00:00Z,130.43,130.43,128.71,129.66,1069507,14992,129.528
2024-03-05T05:00:00Z,129.75,130.47,129.3,129.59,1871735,11155,129.681
2024-03-06T05:00:00Z,129.8,129.87,126.48,126.95,2481227,18467,127.713
2024-03-07T05:00:00Z,127.59,129.33,127.2,129.05,842002,10688,128.741
2024-03-08T05:00:00Z,129.59,129.87,128.28,128.72,688122,11123,128.884
2024-03-11T04:00:00Z,128.34,128.868,127.48,128.77,682580,11541,128.525
2024-03-12T04:00:00Z,128.5,130.17,128.42,129.96,655123,11328,129.647
2024-03-13T04:00:00Z,129.99,130.52,129.53,130.36,620293,10034,130.117
2024-03-14T04:00:00Z,130.18,130.22,127.405,128.18,812690,11136,128.209
2024-03-15T04:00:00Z,127.83,129.01,127.665,128.62,839023,12469,128.544
2024-03-18T04:00:00Z,129.33,130.51,127.35,130.08,1301553,15686,129.913
2024-03-19T04:00:00Z,129.69,130.46,129.01,129.05,777569,12078,129.568
2024-03-20T04:00:00Z,128.89,131.99,128.89,131.88,697948,12648,131.054
2024-03-21T04:00:00Z,132.01,134.02,131.83,132.83,1438883,17650,133.143
2024-03-22T04:00:00Z,133,133.105,131.52,131.83,620700,10213,131.888
2024-03-25T04:00:00Z,131.7,131.78,129.69,129.78,1032442,12851,130.341
2024-03-26T04:00:00Z,129.99,131.02,129.89,130.17,895771,11791,130.546
2024-03-27T04:00:00Z,130.7,131.69,130.48,131.65,683973,10984,131.362
2024-03-28T04:00:00Z,131.75,132.73,131.4,131.71,786867,11731,132.024
2024-04-01T04:00:00Z,131.98,131.98,130.875,131.52,738978,10709,131.329
2024-04-02T04:00:00Z,130.84,131.76,129.94,130.28,809891,13405,130.486
2024-04-03T04:00:00Z,129.68,131.69,129.68,130.57,693705,10094,130.842
2024-04-04T04:00:00Z,131.35,131.762,128.5,129,1353307,11288,129.66
2024-04-05T04:00:00Z,129,130.2,128.455,129.74,1311855,12352,129.443
2024-04-08T04:00:00Z,129.17,130.87,129.17,130.5,1093963,14849,130.289
2024-04-09T04:00:00Z,131.14,131.62,129.46,130.99,851325,13492,130.785
2024-04-10T04:00:00Z,130.81,131.59,129.4,131.26,1160752,16352,130.96
2024-04-11T04:00:00Z,131.56,132.27,128.92,129.43,802044,12946,129.775
2024-04-12T04:00:00Z,128.5,129,127.64,128.45,767929,12331,128.238
2024-04-15T04:00:00Z,129.69,130.19,127.97,128.79,724718,13028,128.84
2024-04-16T04:00:00Z,128.15,128.48,127.07,127.28,691333,11108,127.73
2024-04-17T04:00:00Z,127.9,128.105,125.1,127.03,1014291,15556,126.5
2024-04-18T04:00:00Z,127.58,127.92,126.44,127.16,713048,12199,127.153
2024-04-19T04:00:00Z,127.29,128.845,127.09,127.65,740901,10983,127.759
2024-04-22T04:00:00Z,128.2,129.93,127.91,129.32,1531661,13667,129.053
2024-04-23T04:00:00Z,129.44,130.63,128.98,129.4,1617707,17041,129.85
2024-04-24T04:00:00Z,130.34,130.6,122.2,122.86,2433800,33709,123.85
2024-04-25T04:00:00Z,122.26,125.9,121.68,124.78,1450389,20832,124.516
2024-04-26T04:00:00Z,124.48,125.6,124.2,125.23,847446,14256,125.1
2024-04-29T04:00:00Z,125.62,125.81,123.55,124.05,828766,13126,124.359
2024-04-30T04:00:00Z,123.13,123.52,121.37,121.44,1079376,14890,121.941
2024-05-01T04:00:00Z,121.36,121.84,120.08,121.01,1008364,15641,120.876
2024-05-02T04:00:00Z,122.06,122.36,121.14,121.96,792775,11825,121.976
2024-05-03T04:00:00Z,123.07,123.77,122.445,123.54,795232,14190,123.374
2024-05-06T04:00:00Z,123.83,126.32,123.8,126.19,1190970,17499,125.603
2024-05-07T04:00:00Z,126.86,127.45,124.78,125.28,938430,13750,125.473
2024-05-08T04:00:00Z,124.55,126.25,124.362,125.85,812963,15640,125.876
2024-05-09T04:00:00Z,126.06,128.3,126.045,127.25,1067006,14814,127.647
2024-05-10T04:00:00Z,128.08,128.38,126.87,127.42,580330,9282,127.386
2024-05-13T04:00:00Z,127.54,127.7,125.89,126.61,1097377,13752,126.559
2024-05-14T04:00:00Z,126.7,127.37,125.86,126.42,790539,11209,126.406
2024-05-15T04:00:00Z,126.78,126.96,124.88,125.39,1325922,15397,125.473
2024-05-16T04:00:00Z,125.34,126.59,124.995,126.57,777210,11803,125.983
2024-05-17T04:00:00Z,126.69,127.58,125.92,127.34,644955,9501,127.099
2024-05-20T04:00:00Z,127.31,129.18,127.31,128.21,635068,10736,128.376
2024-05-21T04:00:00Z,127.09,127.9,126.334,126.69,1059652,12955,126.956
2024-05-22T04:00:00Z,126.25,127.65,126.03,127.52,1022553,14393,127.142
2024-05-23T04:00:00Z,128.17,128.19,125.71,126.35,575019,9015,126.678
2024-05-24T04:00:00Z,126.98,127.6,126.585,126.91,479837,7318,126.962
2024-05-28T04:00:00Z,126.89,127.19,124.04,124.08,853530,11764,124.943
2024-05-29T04:00:00Z,123.25,124.25,122.98,123.17,671192,9332,123.39
2024-05-30T04:00:00Z,123.29,124.64,122.86,124.07,603613,9410,124.094
2024-05-31T04:00:00Z,124.63,127.44,124.63,127.33,952653,9952,126.129
2024-06-03T04:00:00Z,127.14,127.89,124.675,125.91,703478,11027,125.932
2024-06-04T04:00:00Z,125.6,126.09,124.32,125.41,534894,8419,125.124
2024-06-05T04:00:00Z,125.96,126.17,125.03,126.05,1903012,10237,125.737
2024-06-06T04:00:00Z,125.71,126.78,125.71,126.64,1621393,12021,126.433
2024-06-07T04:00:00Z,125.35,126.41,124,124.12,1110190,10299,124.843
2024-06-10T04:00:00Z,123.94,124.775,123.32,124.31,2157673,11640,124.218
2024-06-11T04:00:00Z,123.6,124.29,122.85,123.17,572011,9173,123.422
2024-06-12T04:00:00Z,124.49,125.87,122.805,123.16,726312,11135,123.678
2024-06-13T04:00:00Z,122.92,123.13,121.07,121.7,806209,12081,121.596
2024-06-14T04:00:00Z,121.2,122.03,120.07,121.84,902407,15288,121.416
2024-06-17T04:00:00Z,120.81,121.54,120.02,120.73,1968879,24930,120.712
2024-06-18T04:00:00Z,120.95,121.62,117.75,118.45,2228011,28328,119.024
2024-06-20T04:00:00Z,116.91,118.37,116.33,118,2279626,26827,117.407
2024-06-21T04:00:00Z,117.94,117.94,116.43,116.77,2731334,20397,116.848
2024-06-24T04:00:00Z,117.71,118.93,117.53,118.31,1543934,19719,118.309
2024-06-25T04:00:00Z,118.11,118.33,116.8,117.88,1148920,15894,117.69
2024-06-26T04:00:00Z,117.31,118.56,116.13,118.24,1063481,10517,117.931
2024-06-27T04:00:00Z,119.23,119.82,115.24,117.99,4116534,39507,117.317
2024-06-28T04:00:00Z,118.3,119.32,117.78,118.13,1141695,16507,118.361
2024-07-01T04:00:00Z,118.93,119.09,116.37,116.69,786783,13335,117.072
2024-07-02T04:00:00Z,117.31,117.84,116.69,117.58,1018488,11343,117.388
2024-07-03T04:00:00Z,117.85,120.18,117.85,119.09,509000,8819,119.378
2024-07-05T04:00:00Z,119.39,119.67,117.89,117.92,517674,9203,118.322
2024-07-08T04:00:00Z,116.47,117.71,116.09,116.7,1166674,17027,116.821
2024-07-09T04:00:00Z,116.49,116.71,115.3,115.57,2291207,14107,115.727
2024-07-10T04:00:00Z,116.62,118.6,116.261,118.56,1056618,14395,117.505
2024-07-11T04:00:00Z,119.03,119.74,118.15,119.41,1072124,15423,119.192
2024-07-12T04:00:00Z,119.8,121.06,119.58,120.22,836912,12074,120.447
2024-07-15T04:00:00Z,120.74,121.79,120.35,121.58,1023329,13680,121.315
2024-07-16T04:00:00Z,121.49,123.96,120.78,123.65,1329186,18934,123.01
2024-07-17T04:00:00Z,123.33,123.5,122.01,123.04,845137,12711,122.796
2024-07-18T04:00:00Z,122.02,123.37,120.72,121.11,750908,10895,121.701
2024-07-19T04:00:00Z,120.92,121.33,120.19,120.67,705019,11591,120.662
2024-07-22T04:00:00Z,120.97,122.19,120.68,122.19,833088,12343,121.736
2024-07-23T04:00:00Z,121.91,122.06,119.89,119.98,1311400,17131,120.74
2024-07-24T04:00:00Z,113.14,116.12,111.85,115.8,3383018,39854,115.121
2024-07-25T04:00:00Z,115.98,116.28,113.38,113.42,2221419,27654,114.396
2024-07-26T04:00:00Z,114.3,116.02,114.115,115.45,1198655,14360,115.359
2024-07-29T04:00:00Z,115.45,115.73,114.55,114.77,783983,13002,114.878
2024-07-30T04:00:00Z,114.41,115.58,114.41,115.18,763961,11678,115.248
2024-07-31T04:00:00Z,116,116.67,114.4,115.75,1130696,14338,115.592
2024-08-01T04:00:00Z,116.06,116.06,112.64,113.25,1426628,20517,113.503
2024-08-02T04:00:00Z,112.43,112.6,110.47,112.35,1305366,20146,111.883
2024-08-05T04:00:00Z,109.76,112.133,109.15,111.1,1712802,23965,110.983
2024-08-06T04:00:00Z,111.1,112.35,110.06,111.68,1106423,18706,111.686
2024-08-07T04:00:00Z,112.78,112.909,109.97,110.1,1025123,14552,110.824
2024-08-08T04:00:00Z,110.67,111.64,109.47,111.26,1009006,14997,110.809
2024-08-09T04:00:00Z,111.5,111.5,110.16,110.83,892293,12708,110.814
2024-08-12T04:00:00Z,111.21,111.23,110.4,110.68,792342,12562,110.803
2024-08-13T04:00:00Z,111.28,111.28,110,110.92,760813,13014,110.607
2024-08-14T04:00:00Z,111.02,111.21,110.12,111.14,804679,12212,110.638
2024-08-15T04:00:00Z,111.82,113.43,111.62,113.09,726784,12957,112.928
2024-08-16T04:00:00Z,113.19,113.2,112.19,112.92,535150,9758,112.841
2024-08-19T04:00:00Z,112.97,114.01,112.97,113.73,695997,9296,113.619
2024-08-20T04:00:00Z,113.94,114.14,113.31,113.82,550689,7493,113.739
2024-08-21T04:00:00Z,114.08,114.62,113.86,114.18,694387,9651,114.222
2024-08-22T04:00:00Z,114.02,114.84,113.42,114.7,1113114,13249,114.29
2024-08-23T04:00:00Z,115.59,117.72,114.83,117.56,1569050,19069,117.122
2024-08-26T04:00:00Z,118.26,118.6,117.745,118.1,800323,12258,118.123
2024-08-27T04:00:00Z,118.21,118.66,117.835,118.23,988438,9785,118.312
2024-08-28T04:00:00Z,117.94,119.29,117.08,117.28,674752,10336,117.947
2024-08-29T04:00:00Z,117.89,118.27,116.9,116.95,656338,10554,117.48
2024-08-30T04:00:00Z,117.3,118.055,116.43,117.82,1406998,10477,117.28
2024-09-03T04:00:00Z,116.9,118.54,116.425,117.91,1295484,16948,117.674
2024-09-04T04:00:00Z,117.76,119.353,117.56,118.54,720238,12179,118.516
2024-09-05T04:00:00Z,118.35,118.845,116.49,117.34,2197786,13987,117.482
2024-09-06T04:00:00Z,116.62,117.31,114.43,115.37,1926553,19592,115.476
2024-09-09T04:00:00Z,117.09,117.715,115.98,117.2,1057760,12744,117.173
2024-09-10T04:00:00Z,117,117.4,114.64,115.78,1297546,17512,115.611
2024-09-11T04:00:00Z,115.91,116.62,113.05,116.52,2304737,26146,114.928
2024-09-12T04:00:00Z,116.67,119.59,116.48,119.37,1766365,23210,118.742
2024-09-13T04:00:00Z,119.51,120.65,118.67,118.77,1061671,16841,119.266
2024-09-16T04:00:00Z,119.33,120.78,118.88,120.64,905227,13803,120.187
2024-09-17T04:00:00Z,120.79,121.12,118.615,119.04,1048415,15085,119.265
2024-09-18T04:00:00Z,119.08,119.16,116.85,117,1373814,18699,117.725
2024-09-19T04:00:00Z,117.83,119.61,117.83,118.97,1286698,16270,118.852
2024-09-20T04:00:00Z,118.73,118.76,115.82,117.07,1883330,22511,116.718
2024-09-23T04:00:00Z,117.49,117.82,116.455,117.1,1035848,13445,117.162
2024-09-24T04:00:00Z,117.84,118.46,117.305,117.91,836013,12310,118.029
2024-09-25T04:00:00Z,117.87,118.23,115.73,115.73,664972,11074,116.24
2024-09-26T04:00:00Z,116.2,117.29,116.06,116.77,663641,10009,116.783
2024-09-27T04:00:00Z,116.98,118.14,116.15,116.43,1051119,13813,116.852
2024-09-30T04:00:00Z,116.11,117.29,115.98,117.15,715509,10065,116.76
2024-10-01T04:00:00Z,117.2,117.29,115.85,117.12,714234,12552,116.927
2024-10-02T04:00:00Z,116.77,117.42,115.85,115.95,1042488,16229,116.164
2024-10-03T04:00:00Z,115.53,115.61,113.81,114.22,1139014,14741,114.388
2024-10-04T04:00:00Z,113.6,114.67,113.01,113.54,1492547,21630,113.611
2024-10-07T04:00:00Z,113.52,114.26,112.87,113.08,1354016,18069,113.465
2024-10-08T04:00:00Z,113.36,113.81,112.5,113.44,1390010,16798,113.298
2024-10-09T04:00:00Z,113,114.06,113,113.95,771203,12377,113.757
2024-10-10T04:00:00Z,114.27,115.89,114.1,115.1,2275847,22745,114.909
2024-10-11T04:00:00Z,115.33,116.48,115.27,115.84,1047595,15387,115.91
2024-10-14T04:00:00Z,115.31,115.68,114.637,115.52,966024,13913,115.317
2024-10-15T04:00:00Z,115.05,116.08,114.83,115.66,1447772,17496,115.487
2024-10-16T04:00:00Z,115.99,116.79,115.413,115.88,1140451,15619,115.891
2024-10-17T04:00:00Z,115.69,115.78,113.685,114.44,1088410,16694,114.467
2024-10-18T04:00:00Z,114.86,114.99,113.05,113.62,1350454,18918,113.818
2024-10-21T04:00:00Z,113.6,114,112.12,112.26,1336909,17659,112.62
2024-10-22T04:00:00Z,112.76,112.81,111.24,112.24,2027110,25134,111.846
2024-10-23T04:00:00Z,113.57,114.9,111.89,111.99,2749651,28368,113.284
2024-10-24T04:00:00Z,111.34,112.68,110.22,110.82,1749919,25432,110.899
2024-10-25T04:00:00Z,111.16,111.67,110.63,110.97,1099195,16515,111.165
2024-10-28T04:00:00Z,110.99,111.94,110.73,111.21,844937,12266,111.379
2024-10-29T04:00:00Z,111.12,111.52,110.21,110.29,925315,14184,110.726
2024-10-30T04:00:00Z,110.36,110.615,109.66,109.81,862869,12670,110.096
2024-10-31T04:00:00Z,109.67,109.69,107.88,107.92,967001,13856,108.427
2024-11-01T04:00:00Z,108.45,108.88,107.61,108.21,801392,14909,108.197
2024-11-04T05:00:00Z,108.07,109.25,107.54,108,1087484,13028,108.082
2024-11-05T05:00:00Z,107.79,109.07,107.7,109.01,870041,13402,108.469
2024-11-06T05:00:00Z,110,112.78,107.82,112.32,2429185,29439,110.779
2024-11-07T05:00:00Z,112.68,114.13,111.92,113.34,1838148,25718,113.252
2024-11-08T05:00:00Z,112.93,113.081,110.44,110.8,1018526,14904,111.253
2024-11-11T05:00:00Z,111.5,112.86,111.38,111.64,955480,11936,111.97
2024-11-12T05:00:00Z,111.66,112.92,110.798,111.57,1130860,17581,111.557
2024-11-13T05:00:00Z,111.08,111.7,110.02,111.39,1044329,15830,111.147
2024-11-14T05:00:00Z,111.41,112.025,109.8,110.05,1074821,18334,110.292
2024-11-15T05:00:00Z,109.35,110,108.645,108.9,1417889,19506,109.138
2024-11-18T05:00:00Z,109,109.12,107.93,108.53,926467,11839,108.509
2024-11-19T05:00:00Z,107.68,108.09,106.4,106.71,2122291,25193,106.747
2024-11-20T05:00:00Z,106.75,106.97,105.28,106.84,1116977,15401,106.244
2024-11-21T05:00:00Z,107.04,109.26,106.785,109.2,1038178,14691,108.51
2024-11-22T05:00:00Z,109.06,111.41,108.735,111.24,1419763,16979,110.918
2024-11-25T05:00:00Z,111.86,112.975,111.45,111.78,1850106,17417,112.113
2024-11-26T05:00:00Z,110.39,110.93,108.1,109.64,1221937,19399,109.134
2024-11-27T05:00:00Z,109.48,111.81,108.945,111.26,1162471,13397,111.257
2024-11-29T05:00:00Z,111.06,112.06,110.54,111.69,551866,8177,111.725
2024-12-02T05:00:00Z,111.33,111.5,110.54,111.12,1693279,16852,111.158
2024-12-03T05:00:00Z,111.58,111.67,108.96,109.16,1218469,20455,109.447
2024-12-04T05:00:00Z,109.25,109.85,108.89,109.66,1030522,17182,109.481
2024-12-05T05:00:00Z,109.67,109.93,108.442,109.31,3716169,24486,108.91
2024-12-06T05:00:00Z,109.36,109.5,106.88,106.96,1569201,24251,107.582
2024-12-09T05:00:00Z,106.64,108.17,106.34,106.38,2514603,21694,107.036
2024-12-10T05:00:00Z,106.44,107.1,105.82,106.3,1169901,17588,106.536
2024-12-11T05:00:00Z,106.26,106.62,104.975,105.13,1438363,22688,105.474
2024-12-12T05:00:00Z,105.34,105.34,104.08,104.67,1323962,21202,104.63
2024-12-13T05:00:00Z,104.69,105.04,103.82,103.83,981292,17321,104.24
2024-12-16T05:00:00Z,103.68,104.08,102.75,102.77,1327206,19788,103.101
2024-12-17T05:00:00Z,102.29,103.46,102.29,102.95,1047222,18505,103.045
2024-12-18T05:00:00Z,102.64,103.62,101.4,101.4,1068897,18447,102.273
2024-12-19T05:00:00Z,102.18,102.19,100.321,100.62,1543542,23206,101.024
2024-12-20T05:00:00Z,100.7,102.27,99.9,101.17,1847218,17462,101.424
2024-12-23T05:00:00Z,100.67,102.52,100.548,102.47,946931,14764,101.758
2024-12-24T05:00:00Z,102.35,102.91,101.72,102.9,363802,5780,102.456
2024-12-26T05:00:00Z,102.51,102.94,102.22,102.66,498744,9868,102.577
2024-12-27T05:00:00Z,102.3,103.22,101.73,101.97,690899,12720,102.271
2024-12-30T05:00:00Z,101.19,101.36,98.96,100.78,761856,12555,100.942
2024-12-31T05:00:00Z,100.81,101.71,100.74,101.51,644379,12224,101.365
2025-01-02T05:00:00Z,101.89,102.75,101.56,101.86,1193046,20000,102.05
2025-01-03T05:00:00Z,102.15,102.755,102.02,102.53,802228,16277,102.487
2025-01-06T05:00:00Z,104.46,104.53,103.12,103.61,1321203,19115,103.82
2025-01-07T05:00:00Z,104.65,105.1,104.13,104.34,1302476,20007,104.508
2025-01-08T05:00:00Z,103.26,104.06,102.245,102.4,1026021,15799,102.7
2025-01-10T05:00:00Z,102.43,102.43,99.71,99.95,1554865,22116,100.387
2025-01-13T05:00:00Z,99.94,100.46,99.33,100.26,1467112,21116,100.019
2025-01-14T05:00:00Z,100.31,101.094,99.86,100.29,1311971,19161,100.324
2025-01-15T05:00:00Z,101.49,101.69,100.42,100.69,865465,12834,100.993
2025-01-16T05:00:00Z,100.67,102.09,99.95,101.99,1463219,21098,101.44
2025-01-17T05:00:00Z,102.005,102.73,101.52,101.52,1216869,16373,102.014
2025-01-21T05:00:00Z,103.45,104.11,102.453,103.68,1284012,17500,103.576
2025-01-22T05:00:00Z,103.37,105.155,102.91,104.43,1068007,17454,104.345
2025-01-23T05:00:00Z,104.94,107.56,104.76,106.25,1584853,23588,106.575
2025-01-24T05:00:00Z,106.39,106.415,105.46,105.54,1147238,18464,105.758
2025-01-27T05:00:00Z,105.01,106.8,104.94,106.78,1347653,21018,106.263
2025-01-28T05:00:00Z,106.5,106.88,104.89,105.12,1817057,25535,105.707
2025-01-29T05:00:00Z,105.46,106.04,104.7,105.53,964947,15477,105.326
2025-01-30T05:00:00Z,106.01,106.61,104.09,105.2,1586471,23555,105.586
2025-01-31T05:00:00Z,104,106.89,103.25,104.51,2326445,30301,105.193
2025-02-03T05:00:00Z,100.1,101.61,98.69,98.72,2560943,35788,99.8308
2025-02-04T05:00:00Z,101.13,103.01,100.45,101.71,1746412,21638,101.895
2025-02-05T05:00:00Z,101.61,103.99,101.61,103.94,1191414,18126,103.251
2025-02-06T05:00:00Z,104,104.47,102.7,103.18,944441,14238,103.436
2025-02-07T05:00:00Z,103.48,103.6,101.43,101.58,1459839,16103,102.064
2025-02-10T05:00:00Z,102,102.505,101.08,102.5,1463598,20515,101.997
2025-02-11T05:00:00Z,102.43,103.36,101.94,102.92,1601095,15887,102.782
2025-02-12T05:00:00Z,101.87,102.96,101.11,102.63,951958,14587,102.504
2025-02-13T05:00:00Z,103.2,103.59,102.42,102.57,2044131,17255,102.74
2025-02-14T05:00:00Z,102.57,103.585,101.485,101.59,1412653,19360,102.064
2025-02-18T05:00:00Z,101.47,103.16,101.05,102.79,1280757,16539,102.315
2025-02-19T05:00:00Z,102.12,102.72,101.27,102.38,1042900,15651,102.195
2025-02-20T05:00:00Z,102.25,103.91,102.2,103.83,940240,13847,103.375
2025-02-21T05:00:00Z,103.57,104.29,102.911,103.99,1342683,19534,103.787
2025-02-24T05:00:00Z,104.04,104.51,100.92,101.09,2252982,24344,101.981
2025-02-25T05:00:00Z,101.66,102.28,100.4,100.65,1474137,21234,100.873
2025-02-26T05:00:00Z,100.64,101.005,99.93,100.47,824834,14949,100.42
2025-02-27T05:00:00Z,100.08,100.69,99.645,99.76,1615632,17075,100.006
2025-02-28T05:00:00Z,100.18,101.41,99.885,101.36,1340471,19313,100.633
2025-03-03T05:00:00Z,101.91,102.8,98.18,98.25,2201737,22450,99.8074
2025-03-04T05:00:00Z,97.53,98.65,96.28,97.47,1697560,24458,97.4411
2025-03-05T05:00:00Z,98.61,100.69,98.295,100.12,1120541,16393,99.5467
2025-03-06T05:00:00Z,99.29,102.39,98.86,101.94,1117797,18733,101.225
2025-03-07T05:00:00Z,101.3,102.62,100.42,101.07,4142467,19144,101.147
2025-03-10T04:00:00Z,99.145,99.96,97.5,98.15,1348600,18389,98.3859
2025-03-11T04:00:00Z,98.25,98.29,93.64,95.46,2535278,35248,95.1448
2025-03-12T04:00:00Z,95,97.38,93.71,96.88,2211898,24612,96.1605
2025-03-13T04:00:00Z,96.46,98.31,95.91,95.92,1455391,18740,96.7725
2025-03-14T04:00:00Z,96.5,97.74,96.3,97.7,700755,10835,97.2517
2025-03-17T04:00:00Z,97.64,98.61,96.98,98.2,887781,12310,97.7934
2025-03-18T04:00:00Z,98.37,98.37,96.58,97.53,807435,12906,97.1501
2025-03-19T04:00:00Z,97.78,98.09,96.904,97.66,856759,12163,97.5585
2025-03-20T04:00:00Z,96.9,97.95,96.07,97.74,1311723,18228,97.4378
2025-03-21T04:00:00Z,97.34,97.52,96.305,96.81,1071421,16342,96.7843
2025-03-24T04:00:00Z,96.81,99.14,96.8,98.7,1462491,22255,98.553
2025-03-25T04:00:00Z,98.88,99.37,97.67,98.35,911767,14425,98.2623
2025-03-26T04:00:00Z,98.2,100.1,98.2,100.07,1904814,25449,99.5811
2025-03-27T04:00:00Z,98.84,100.26,98.54,99.76,1642263,19818,99.5647
2025-03-28T04:00:00Z,99.39,99.7,97.32,97.45,1023715,12626,98.111
2025-03-31T04:00:00Z,96.24,98.14,95.77,97.46,1170440,18567,97.4395
2025-04-01T04:00:00Z,97.44,98.74,96.375,98.62,1355170,19257,97.934
2025-04-02T04:00:00Z,98.23,100.3,97.34,100.24,986483,14088,99.4752
2025-04-03T04:00:00Z,98.835,100.81,98,98.21,2312207,32562,99.1128
2025-04-04T04:00:00Z,96.52,99.08,95.27,96.49,1795807,29156,97.1447
2025-04-07T04:00:00Z,93.86,97.11,92.58,94.75,2610371,36834,94.5446
2025-04-08T04:00:00Z,97.6,97.6,91.65,92.66,2513593,34446,93.6848
2025-04-09T04:00:00Z,92.01,98.74,91.925,98.32,2465752,32101,96.4137
2025-04-10T04:00:00Z,98.59,98.59,94.075,95.81,1701962,26408,95.5808
2025-04-11T04:00:00Z,96.15,99.87,95.28,99.76,1712794,21243,98.6478
2025-04-14T04:00:00Z,99.43,101.07,99.38,100.19,1249496,19194,100.527
2025-04-15T04:00:00Z,100,101.36,98.41,98.46,1231340,17376,99.2728
2025-04-16T04:00:00Z,98.51,98.76,97.25,98.54,1547098,20530,98.111
2025-04-17T04:00:00Z,98.66,99.53,98.53,99.17,1159612,17766,99.041
2025-04-21T04:00:00Z,98.75,99.145,97.675,98.6,822482,13517,98.461
2025-04-22T04:00:00Z,99.06,99.48,97.395,97.59,1418162,20840,98.0289
2025-04-23T04:00:00Z,98.92,99.97,97.52,97.77,1456491,20563,98.1392
2025-04-24T04:00:00Z,97.2,98.035,96.42,97.63,1223637,18974,97.344
2025-04-25T04:00:00Z,96.93,97.77,96.56,97.1,731159,13184,97.0256
2025-04-28T04:00:00Z,97.44,98.09,96.05,96.52,1119588,17914,96.783
2025-04-29T04:00:00Z,96.14,96.57,94.86,96.43,1512070,22152,95.8068
2025-04-30T04:00:00Z,96.5,96.85,93.37,96.82,1182074,17686,95.7702
2025-05-01T04:00:00Z,96.76,97.18,95.345,95.62,1836913,26749,95.9617
2025-05-02T04:00:00Z,96.64,101.44,96.57,101.34,3675567,48318,99.9425
2025-05-05T04:00:00Z,101.09,101.28,98.65,98.69,1271623,20555,99.5118
2025-05-06T04:00:00Z,99.09,99.795,98.03,98.43,1019784,15303,98.6182
2025-05-07T04:00:00Z,98.67,99.83,98.29,99.77,1342548,18908,99.2031
2025-05-08T04:00:00Z,100.18,101.83,99.81,101.33,1422259,21012,101.236
2025-05-09T04:00:00Z,101.43,101.95,100.14,100.36,996955,16259,100.713
2025-05-12T04:00:00Z,103.01,105.53,102.585,104.7,1675302,26541,104.683
2025-05-13T04:00:00Z,104.6,105.96,104.54,105.2,1607129,19751,105.259
2025-05-14T04:00:00Z,105.01,106.87,104.44,106.4,1207099,19404,106.197
2025-05-15T04:00:00Z,106.47,108.42,106.47,108.13,1387711,22132,107.963
2025-05-16T04:00:00Z,108.2,108.745,107.46,108.07,1208589,20330,108.187
2025-05-19T04:00:00Z,107.11,108,106.45,107.54,718840,11943,107.377
2025-05-20T04:00:00Z,107.68,108.13,106.7,107.45,885410,14507,107.356
2025-05-21T04:00:00Z,106.94,107.38,106.1,106.1,846568,13400,106.503
2025-05-22T04:00:00Z,106.12,106.61,105.49,106.22,1175859,14403,106.161
2025-05-23T04:00:00Z,105.6,106.16,104.94,104.98,1221536,16917,105.417
2025-05-27T04:00:00Z,105.54,105.895,104.94,105.22,1636969,17885,105.337
2025-05-28T04:00:00Z,105.24,105.75,104.77,104.87,793684,14871,105.132
2025-05-29T04:00:00Z,105.39,105.87,104.41,104.98,1135686,15934,105.071
2025-05-30T04:00:00Z,104.79,105.72,104.67,104.94,1187352,20075,105.182
2025-06-02T04:00:00Z,104.9,105.03,103.5,104.89,2019190,19534,104.497
2025-06-03T04:00:00Z,104.77,106.09,104.08,105.85,1248803,19829,105.681
2025-06-04T04:00:00Z,106.18,106.685,105.9,106.09,920985,18745,106.212
2025-06-05T04:00:00Z,106.45,106.73,105.46,105.57,1008809,16500,105.941
2025-06-06T04:00:00Z,106.36,106.83,104.64,104.92,2828093,24668,105.299
2025-06-09T04:00:00Z,104.2,105.19,103.74,104.6,1341989,16981,104.471
2025-06-10T04:00:00Z,104.74,106.3,104.66,105.67,1589627,26217,105.581
2025-06-11T04:00:00Z,105.9,105.98,103.37,104.44,2041951,32161,104.298
2025-06-12T04:00:00Z,104.42,105.52,104.01,105.25,1303797,21226,105.067
2025-06-13T04:00:00Z,104.55,105.3,103.54,103.77,1046985,19164,104.101
2025-06-16T04:00:00Z,104.29,105.27,104.13,104.78,1441143,16009,104.741
2025-06-17T04:00:00Z,104.36,104.55,101.63,102.06,1210781,20676,102.416
2025-06-18T04:00:00Z,102.12,102.53,101.65,101.85,1322035,17420,101.997
2025-06-20T04:00:00Z,102.54,102.92,101.705,101.84,1114043,16713,102.076
2025-06-23T04:00:00Z,101.29,102.66,101.29,102.28,1385567,21668,102.134
2025-06-24T04:00:00Z,102.76,102.76,101.45,102.12,1073032,18298,102.157
2025-06-25T04:00:00Z,101.85,102.02,100.9,101.38,1359471,19569,101.395
2025-06-26T04:00:00Z,101.94,104.12,101.94,103.89,1843573,28662,103.692
2025-06-27T04:00:00Z,103.75,104.87,101.69,103.35,2783874,39141,103.397
2025-06-30T04:00:00Z,103.64,104.47,103.505,104.04,1418385,23924,104.028
2025-07-01T04:00:00Z,103.97,105.27,103.38,104.98,1051686,18496,104.785
2025-07-02T04:00:00Z,105.09,106.74,105.06,106.6,1399948,20464,106.239
2025-07-03T04:00:00Z,106.8,106.875,106.11,106.46,761838,13535,106.447
2025-07-07T04:00:00Z,105.8,106.02,102.88,102.88,1777775,27611,103.734
2025-07-08T04:00:00Z,103.04,106.16,103.04,104.95,1543479,24449,105.094
2025-07-09T04:00:00Z,105.05,105.34,104.645,104.75,773761,15468,104.884
2025-07-10T04:00:00Z,105.07,107.18,104.81,106.03,1067770,19889,106.28
2025-07-11T04:00:00Z,105.42,105.76,104.48,105.2,1098498,21295,105.222
2025-07-14T04:00:00Z,104.51,104.605,103.08,103.93,916290,15376,103.887
2025-07-15T04:00:00Z,104.35,104.69,102.94,103.04,993320,15811,103.294
2025-07-16T04:00:00Z,103.27,103.32,102.24,102.88,833522,14891,102.776
2025-07-17T04:00:00Z,103,103.38,101.78,101.83,1908106,28600,102.253
2025-07-18T04:00:00Z,102.56,102.56,98.67,99.5,2900242,39381,99.4434
2025-07-21T04:00:00Z,100.17,100.75,99.55,99.55,1417565,24637,99.9932
2025-07-22T04:00:00Z,99.95,100.46,98.76,100.37,2566854,34178,99.6809
2025-07-23T04:00:00Z,96.44,97.01,95.49,96.27,4316554,58833,96.227
2025-07-24T04:00:00Z,95.81,96.83,95.2998,95.42,2607248,37697,95.7393
2025-07-25T04:00:00Z,95.62,95.9,94.78,95.87,2287337,29823,95.4052
2025-07-28T04:00:00Z,95.73,95.915,94.735,95.01,1545971,26639,95.0132
2025-07-29T04:00:00Z,94.83,96.545,94.56,95.2,2173367,29417,95.2285
2025-07-30T04:00:00Z,95.22,95.22,93.9208,94.23,2028990,31276,94.3246
2025-07-31T04:00:00Z,93.54,94.25,93.19,93.45,1691846,27111,93.5981
2025-08-01T04:00:00Z,93.32,93.62,92.41,92.86,2049323,28468,92.8568
2025-08-04T04:00:00Z,93.09,93.94,93.03,93.72,1130543,17871,93.5451
2025-08-05T04:00:00Z,93.69,94.725,93.47,94.17,1759848,25573,94.2186
2025-08-06T04:00:00Z,94.61,94.75,94.06,94.14,1255817,20544,94.2913
2025-08-07T04:00:00Z,94.38,94.38,92.39,92.49,1250980,19095,92.9731
2025-08-08T04:00:00Z,92.54,93.03,92.32,92.57,933797,16114,92.6656
2025-08-11T04:00:00Z,92.335,93.365,92.045,93.24,1549186,21792,92.7537
2025-08-12T04:00:00Z,93.45,94.245,93.3141,93.79,1365172,17410,93.8692
2025-08-13T04:00:00Z,93.86,94.225,93.66,93.89,3614023,34696,93.8704
2025-08-14T04:00:00Z,93.33,93.33,92.14,92.76,2356000,30538,92.5838
2025-08-15T04:00:00Z,92.9,93.87,92.87,93.34,1103731,16523,93.3148
2025-08-18T04:00:00Z,93.6,93.95,92.62,93.21,1210261,18832,93.1175
2025-08-19T04:00:00Z,93.24,94.57,92.98,94.35,2098989,29857,94.1961
2025-08-20T04:00:00Z,94.46,95.06,93.81,93.81,1389837,19020,94.2485
2025-08-21T04:00:00Z,93.39,94.3172,93.25,94.03,978337,17244,93.9458
2025-08-22T04:00:00Z,94.46,96.42,93.875,95.94,2047408,28768,95.7416
2025-08-25T04:00:00Z,95.84,96.04,94.59,94.92,1857497,28466,94.9367
2025-08-26T04:00:00Z,94.84,96.77,94.73,96.59,1754775,25803,96.331
2025-08-27T04:00:00Z,96.28,97.5,96.28,97.25,1826335,23274,97.2187
2025-08-28T04:00:00Z,96.995,97.13,95.3,96.1,2276466,31119,95.969
2025-08-29T04:00:00Z,96.14,97.1,95.955,96.78,974827,17350,96.743
2025-09-02T04:00:00Z,96.3,96.74,96.07,96.63,1086422,18938,96.4725
2025-09-03T04:00:00Z,96.89,97.3,96.34,96.58,1373332,20471,96.6764
2025-09-04T04:00:00Z,96.83,96.89,95.75,96.74,2797085,20358,96.5127
2025-09-05T04:00:00Z,96.49,97.89,96.245,96.55,3264987,20047,96.8037
2025-09-08T04:00:00Z,96.36,96.45,94.74,95.25,2631307,35242,95.3251
2025-09-09T04:00:00Z,95.25,95.49,93.14,93.24,1758309,25131,93.9794
2025-09-10T04:00:00Z,93.41,94.22,92.31,92.41,1591300,25282,92.5983
2025-09-11T04:00:00Z,92.91,94,91.07,93.93,2664616,32339,92.8718
2025-09-12T04:00:00Z,94,94.26,93.19,93.42,1233356,18338,93.7125
2025-09-15T04:00:00Z,93.75,95.35,93.56,95.34,1696662,25521,94.8704
2025-09-16T04:00:00Z,95.49,96.1199,94.88,95.64,1348392,21682,95.5519
2025-09-17T04:00:00Z,95.64,96.43,94.17,94.66,1206029,21011,95.1393
2025-09-18T04:00:00Z,94.76,94.98,93.29,93.51,3173339,30063,93.6918
2025-09-19T04:00:00Z,93.52,94.02,92.93,93.32,1691231,20981,93.4825
2025-09-22T04:00:00Z,92.9,93.04,92,92.01,1889372,28405,92.35
2025-09-23T04:00:00Z,92.32,92.7,91.91,92.23,1286113,22468,92.2562
2025-09-24T04:00:00Z,91.94,92.33,91.43,92.15,1370747,21790,91.9749
2025-09-25T04:00:00Z,91.63,93.34,91.57,92.4,2061027,30238,92.6556
2025-09-26T04:00:00Z,92.68,93.025,91.73,92.88,1060282,22285,92.6099
2025-09-29T04:00:00Z,93.15,94.9299,93.11,93.9,1524261,26755,94.2047
2025-09-30T04:00:00Z,93.66,94.33,92.93,94.3,1329117,20724,93.9459
2025-10-01T04:00:00Z,94.28,94.77,93.8641,94.46,988501,19888,94.4011
2025-10-02T04:00:00Z,94.25,94.61,93.82,94.47,1290351,19251,94.3447
2025-10-03T04:00:00Z,94.36,96.4,94.355,96.38,1534643,23810,95.6921
2025-10-06T04:00:00Z,96.33,96.74,95.64,96.61,1217095,20166,96.4453
2025-10-07T04:00:00Z,96.91,96.97,95.6543,96.94,1393212,20487,96.5272
2025-10-08T04:00:00Z,96.91,96.91,95.63,96.36,1474355,20599,96.3347
2025-10-09T04:00:00Z,96.57,96.79,95.35,95.48,1269535,19118,95.8253
2025-10-10T04:00:00Z,96.46,97.29,94.21,94.45,1653316,28140,94.7948
2025-10-13T04:00:00Z,95.01,96.295,94.47,96.13,1067106,19719,95.798
2025-10-14T04:00:00Z,94.7,96.09,94.7,95.85,1442265,23381,95.7125
2025-10-15T04:00:00Z,96.09,97.294,95.86,97.13,1369097,25816,96.8453
2025-10-16T04:00:00Z,97.44,97.55,94.59,94.66,2479243,35435,95.3153
2025-10-17T04:00:00Z,94.66,96.36,94.125,95.68,1593085,25033,95.7885
2025-10-20T04:00:00Z,96.16,96.22,94.99,95.36,990678,18523,95.5376
2025-10-21T04:00:00Z,95.24,96.16,94.91,94.99,1109429,19827,95.353
2025-10-22T04:00:00Z,95,97.57,95,96.11,1423440,25689,96.5104
2025-10-23T04:00:00Z,96.86,96.86,95.635,95.96,1232573,22169,96.0705
2025-10-24T04:00:00Z,96.02,96.02,94.77,95.32,939237,17362,95.1562
2025-10-27T04:00:00Z,95.72,95.77,94.41,94.77,975932,20884,94.924
2025-10-28T04:00:00Z,95.48,95.48,94.32,94.73,713065,15830,94.7726
2025-10-29T04:00:00Z,94.56,94.74,92.71,93.17,1194926,21387,93.5529
2025-10-30T04:00:00Z,93.03,94.05,92.71,93.3,1438613,25909,93.5593
2025-10-31T04:00:00Z,96.965,99.55,95.56,95.91,3564256,44704,96.8338
2025-11-03T05:00:00Z,95.52,95.82,94.1408,95.62,1813852,27807,95.2684
2025-11-04T05:00:00Z,95.38,95.82,93.62,95.76,1329174,21905,95.1312
2025-11-05T05:00:00Z,95.535,96.51,95.35,96.02,1431438,27184,96.0637
2025-11-06T05:00:00Z,96.04,96.18,94.37,94.54,1118065,19254,94.7628
2025-11-07T05:00:00Z,94.54,95.05,93.41,95.03,2003213,35631,94.2895
2025-11-10T05:00:00Z,95.25,95.36,94.465,94.51,1343315,21779,94.7613
2025-11-11T05:00:00Z,94.6,96.035,94.6,95.96,955746,16048,95.6014
2025-11-12T05:00:00Z,96.03,98.04,95.86,97.87,1070822,17676,97.5699
2025-11-13T05:00:00Z,97.455,98.18,96.555,96.61,925281,16547,97.0203
2025-11-14T05:00:00Z,96.38,96.84,95.135,96.15,1056894,18871,95.9105
2025-11-17T05:00:00Z,95.74,96.54,94.995,95.48,1076653,17648,95.7791
2025-11-18T05:00:00Z,94.5,95.01,93.65,93.96,1723468,23291,94.2213
2025-11-19T05:00:00Z,93.96,93.96,92.89,93.56,1254560,17624,93.3695
2025-11-20T05:00:00Z,93.79,94.335,92.02,92.02,1524185,23666,92.5432
2025-11-21T05:00:00Z,92.74,93.43,92.3048,92.99,1740967,23749,92.9324
2025-11-24T05:00:00Z,93,93,90.74,90.91,1968448,24592,91.3792
2025-11-25T05:00:00Z,91.46,92.68,91.41,92.67,1278694,21426,92.2582
2025-11-26T05:00:00Z,92.46,94.32,92.46,94.01,1443062,21434,93.9451
2025-11-28T05:00:00Z,95.3,96.179,94.87,95.89,635654,11767,95.7267
2025-12-01T05:00:00Z,95.735,97.03,95.1401,95.55,1300654,21790,96.211
2025-12-02T05:00:00Z,95.82,96.44,94.6,96,1129827,17391,95.638
2025-12-03T05:00:00Z,96.49,99.14,96.44,98.63,1244467,20256,98.3196
2025-12-04T05:00:00Z,98.535,99.28,98.065,98.56,1332440,18260,98.5287
2025-12-05T05:00:00Z,98.91,99,97.91,98.16,944133,17118,98.3035
2025-12-08T05:00:00Z,98.5,99.82,98.19,98.25,6232572,24707,98.8445
2025-12-09T05:00:00Z,97.69,98.79,97.04,97.71,1562568,23713,98.089
2025-12-10T05:00:00Z,97.635,98.58,96.83,98.3,1876054,22745,97.8545
2025-12-11T05:00:00Z,98.74,99.17,97.67,97.96,1463157,19956,98.0775
2025-12-12T05:00:00Z,98.11,98.58,97.52,97.89,1513954,19415,98.0048
2025-12-15T05:00:00Z,98.1,98.79,97.77,98.35,1502113,16102,98.3491
2025-12-16T05:00:00Z,98.48,98.7,96.915,96.92,1372030,17935,97.376
2025-12-17T05:00:00Z,96.89,97.88,96.43,97.37,1375583,21022,97.2687
2025-12-18T05:00:00Z,97.735,100.24,97.68,99.58,2004459,27353,99.4325
2025-12-19T05:00:00Z,99.56,99.84,98.01,98.2,1085604,16496,98.5654
2025-12-22T05:00:00Z,98.68,99,97.87,98.2,1204355,15964,98.2382
2025-12-23T05:00:00Z,98.5,98.76,97.98,98.75,963715,16873,98.4973
2025-12-24T05:00:00Z,98.67,99.03,98.22,98.69,291127,6389,98.7318
2025-12-26T05:00:00Z,98.81,98.9199,98.14,98.69,417402,8151,98.5461
2025-12-29T05:00:00Z,98.69,99.785,98.485,99.44,661701,14604,99.4238
2025-12-30T05:00:00Z,99.24,100.215,99.01,99.31,884655,17716,99.6188
2025-12-31T05:00:00Z,99.29,99.85,98.83,98.85,615694,14322,99.0648
