timestamp,open,high,low,close,volume,tradeCount,vwap
2016-01-04T05:00:00Z,25.22,25.455,24.57,24.95,1239294,9446,24.9653
2016-01-05T05:00:00Z,24.87,25.49,24.2,24.94,1335809,11429,24.8957
2016-01-06T05:00:00Z,24.58,24.73,23.97,24.17,1550120,8162,24.2672
2016-01-07T05:00:00Z,23.69,23.97,23.36,23.47,676553,5571,23.5871
2016-01-08T05:00:00Z,23.68,23.71,23.33,23.43,781320,5391,23.4807
2016-01-11T05:00:00Z,23.25,23.62,21.9,22.75,1857648,13062,22.6128
2016-01-12T05:00:00Z,23.07,23.31,21.85,23.15,1845768,11201,22.682
2016-01-13T05:00:00Z,22.96,23.05,22.25,22.57,2392079,12466,22.5172
2016-01-14T05:00:00Z,22.55,22.82,22,22.14,1364740,10328,22.3011
2016-01-15T05:00:00Z,21.81,22.15,21.4797,21.79,1896161,12599,21.8577
2016-01-19T05:00:00Z,22.45,22.7,21.725,21.95,1645945,11063,22.0548
2016-01-20T05:00:00Z,21.76,23.22,21.6,22.95,2387744,17581,22.2456
2016-01-21T05:00:00Z,23.01,23.54,22.07,22.45,1160698,9312,22.7012
2016-01-22T05:00:00Z,22.77,23.29,22.36,22.9,908671,7332,22.7802
2016-01-25T05:00:00Z,22.75,23.26,22.08,22.45,1912762,10714,22.347
2016-01-26T05:00:00Z,22.9,23.39,22.47,23.16,1050015,7502,22.8967
2016-01-27T05:00:00Z,23.11,23.67,22.87,23.22,1024317,7994,23.2556
2016-01-28T05:00:00Z,23.45,23.65,23.12,23.45,844024,6740,23.3411
2016-01-29T05:00:00Z,23.46,24.74,23.39,24.61,2176152,11492,24.4001
2016-02-01T05:00:00Z,24.52,24.77,24.06,24.31,1825807,8163,24.3703
2016-02-02T05:00:00Z,23.96,25.11,23.96,24.71,1481188,8223,24.5177
2016-02-03T05:00:00Z,24.62,24.85,23.89,24.61,1508131,11869,24.4314
2016-02-04T05:00:00Z,27.62,28.835,26.01,28.36,4074977,23834,27.5323
2016-02-05T05:00:00Z,28.36,28.36,27.31,28.05,2998046,19570,27.9016
2016-02-08T05:00:00Z,27.62,27.92,26.17,26.69,2748737,16969,26.7222
2016-02-09T05:00:00Z,26.49,27.72,26.13,27.41,2602085,15767,26.8687
2016-02-10T05:00:00Z,27.36,27.77,26.92,27.03,1435384,10948,27.3403
2016-02-11T05:00:00Z,26.58,27,25.9001,26.75,1179519,10602,26.6354
2016-02-12T05:00:00Z,26.79,27.1,26.23,26.48,793140,5025,26.5566
2016-02-16T05:00:00Z,26.6,27.13,26.42,27,686870,6856,26.8835
2016-02-17T05:00:00Z,27.01,29.02,27.01,28.97,2486576,15918,28.4168
2016-02-18T05:00:00Z,29,29.47,28.2,28.89,1585666,9101,29.03
2016-02-19T05:00:00Z,28.06,29.05,28.06,28.84,483401,4479,28.746
2016-02-22T05:00:00Z,28.99,29.27,28.58,28.81,999026,6737,28.8737
2016-02-23T05:00:00Z,28.86,28.86,28,28.73,937979,5988,28.5853
2016-02-24T05:00:00Z,28.99,29.41,28.26,29.41,830661,5863,29.0361
2016-02-25T05:00:00Z,29.05,29.5,28.57,29.47,1096601,8706,29.2707
2016-02-26T05:00:00Z,29.52,29.59,28.61,28.91,637081,5195,28.8724
2016-02-29T05:00:00Z,28.67,29.1099,28.21,28.48,914821,6097,28.5586
2016-03-01T05:00:00Z,28.76,29.01,28.13,28.44,977292,6878,28.6193
2016-03-02T05:00:00Z,28.47,28.995,28.36,28.92,889790,5165,28.8156
2016-03-03T05:00:00Z,28.93,29.14,27.91,28.11,1119317,7713,28.3329
2016-03-04T05:00:00Z,28.19,28.68,27.22,27.62,1213951,9992,27.723
2016-03-07T05:00:00Z,27.61,27.73,26.76,27.44,1102551,8726,27.3413
2016-03-08T05:00:00Z,27.32,27.78,27.16,27.64,926190,6788,27.5704
2016-03-09T05:00:00Z,27.69,27.795,27.16,27.34,1217057,9443,27.3508
2016-03-10T05:00:00Z,27.34,27.71,26.6,27.6,1187854,9080,27.1178
2016-03-11T05:00:00Z,27.52,27.8,27.25,27.52,796372,5439,27.5129
2016-03-14T04:00:00Z,27.5,27.9199,27.17,27.2,721389,6098,27.412
2016-03-15T04:00:00Z,27.03,27.35,26.52,26.99,991799,6402,27.052
2016-03-16T04:00:00Z,26.75,27.05,26.54,26.94,1846170,6473,26.7974
2016-03-17T04:00:00Z,26.98,27.44,26.57,27.19,964797,8053,27.2033
2016-03-18T04:00:00Z,27.21,28.29,27.08,27.95,2409389,9032,27.9043
2016-03-21T04:00:00Z,27.77,28.05,26.995,27.01,1006036,8128,27.0988
2016-03-22T04:00:00Z,27.01,27.01,26.43,26.71,662597,5610,26.7078
2016-03-23T04:00:00Z,26.73,26.93,26.35,26.47,402279,3576,26.495
2016-03-24T04:00:00Z,26.4,26.7,26.18,26.69,967156,4468,26.6009
2016-03-28T04:00:00Z,26.87,27.2175,26.69,27.13,741801,6493,26.998
2016-03-29T04:00:00Z,27.05,27.71,26.655,27.48,1032345,7739,27.3985
2016-03-30T04:00:00Z,27.49,27.82,27.32,27.66,774943,4914,27.6189
2016-03-31T04:00:00Z,27.49,27.87,27.18,27.83,1426753,5568,27.7999
2016-04-01T04:00:00Z,27.83,29.03,27.59,29,1778904,13420,28.491
2016-04-04T04:00:00Z,29.01,29.17,28.28,28.79,1007468,7738,28.7948
2016-04-05T04:00:00Z,28.49,28.67,28.23,28.39,961755,4782,28.4293
2016-04-06T04:00:00Z,28.54,29.12,28.14,29.03,888511,5250,28.8147
2016-04-07T04:00:00Z,28.81,29.06,28.5,28.91,793452,5270,28.8344
2016-04-08T04:00:00Z,28.98,29.15,28.63,28.95,978408,5438,28.7906
2016-04-11T04:00:00Z,28.83,29.2,28.435,28.49,915798,4358,28.5684
2016-04-12T04:00:00Z,28.52,29.21,28.2,29.18,593937,4766,28.9527
2016-04-13T04:00:00Z,29.65,29.95,29.36,29.81,816396,6534,29.7236
2016-04-14T04:00:00Z,29.85,30.59,29.43,29.58,1515514,8468,29.9663
2016-04-15T04:00:00Z,29.72,30.66,29.58,30.59,2448707,9496,30.2477
2016-04-18T04:00:00Z,30.44,30.45,29.6,30.37,1313098,5625,30.1717
2016-04-19T04:00:00Z,30.5,30.59,29.9,30,702094,5956,30.179
2016-04-20T04:00:00Z,30.02,30.08,29.72,29.96,505355,4265,29.9592
2016-04-21T04:00:00Z,29.84,30.17,29.6,29.7,857673,4308,29.7681
2016-04-22T04:00:00Z,29.5,29.73,28.56,29.51,1126960,7083,29.1253
2016-04-25T04:00:00Z,29.23,30.01,29.06,29.8,1067675,6336,29.6285
2016-04-26T04:00:00Z,29.94,29.94,29.41,29.63,663779,5001,29.6585
2016-04-27T04:00:00Z,28.88,30.11,28.88,29.98,909548,5883,29.9056
2016-04-28T04:00:00Z,29.96,30.25,29.881,30.03,1204616,5298,30.0785
2016-04-29T04:00:00Z,29.86,30.6,29.79,30.4,900345,6362,30.2783
2016-05-02T04:00:00Z,30.79,31.6025,30.2,31.06,2239830,15145,31.0753
2016-05-03T04:00:00Z,30.52,30.7,28.2,28.35,3738206,24133,29.2783
2016-05-04T04:00:00Z,28,28.46,27.071,27.28,2202513,10741,27.3599
2016-05-05T04:00:00Z,27.15,27.42,26.8,26.99,1783484,7986,27.0066
2016-05-06T04:00:00Z,26.78,27.34,26.725,26.86,1717892,6351,27.1098
2016-05-09T04:00:00Z,26.86,26.98,26.41,26.6,689011,5025,26.6547
2016-05-10T04:00:00Z,26.72,26.96,26.5144,26.95,1579255,6812,26.7099
2016-05-11T04:00:00Z,26.84,26.87,26.075,26.2,879156,6369,26.2624
2016-05-12T04:00:00Z,26.24,27.185,25.46,25.87,1713988,10252,25.8237
2016-05-13T04:00:00Z,25.78,26.17,25.3,25.5,697789,5637,25.5849
2016-05-16T04:00:00Z,25.41,25.72,25.25,25.49,662269,4740,25.3862
2016-05-17T04:00:00Z,25.49,26.275,25.4,26,2138584,8219,26.0012
2016-05-18T04:00:00Z,25.91,26.07,25.235,25.29,704175,6245,25.5384
2016-05-19T04:00:00Z,25.4,25.45,25.02,25.13,660443,5371,25.2287
2016-05-20T04:00:00Z,25.3,25.3,24.82,25.21,1848617,4280,25.0355
2016-05-23T04:00:00Z,25.17,25.94,24.9,25.78,968301,6757,25.637
2016-05-24T04:00:00Z,25.78,26.3801,25.78,26.06,590412,4732,26.1086
2016-05-25T04:00:00Z,26.19,26.3107,25.69,25.75,962107,5715,25.9425
2016-05-26T04:00:00Z,25.98,26.36,25.76,26.1,811718,6121,26.0357
2016-05-27T04:00:00Z,26.24,26.36,25.81,26.26,656990,5204,26.1138
2016-05-31T04:00:00Z,26.64,26.84,26.035,26.34,1410439,8868,26.3882
2016-06-01T04:00:00Z,26.32,26.72,26.13,26.59,749596,6296,26.5153
2016-06-02T04:00:00Z,26.63,27,26.44,26.83,622770,5009,26.7391
2016-06-03T04:00:00Z,26.64,26.79,26.19,26.27,716843,5056,26.3941
2016-06-06T04:00:00Z,26.43,26.88,26.14,26.84,1537636,10020,26.5678
2016-06-07T04:00:00Z,26.3,26.86,26.3,26.36,852020,5922,26.5375
2016-06-08T04:00:00Z,26.46,26.46,26.14,26.31,781674,5683,26.2692
2016-06-09T04:00:00Z,26.2,26.75,26.025,26.72,743920,5081,26.5954
2016-06-10T04:00:00Z,26.43,26.99,26.29,26.89,1838858,9043,26.7705
2016-06-13T04:00:00Z,26.94,27.07,26.1,26.36,1432949,10558,26.4218
2016-06-14T04:00:00Z,26.18,26.52,26.02,26.51,696324,5008,26.2884
2016-06-15T04:00:00Z,26.5,26.85,26.3,26.4,1158310,6546,26.4268
2016-06-16T04:00:00Z,26.35,26.7,26.19,26.25,1209226,7689,26.3171
2016-06-17T04:00:00Z,26.31,26.65,26.08,26.25,1992739,9395,26.329
2016-06-20T04:00:00Z,26.32,26.78,26.31,26.33,617089,4774,26.4691
2016-06-21T04:00:00Z,26.3,26.835,26.235,26.37,970338,7153,26.4329
2016-06-22T04:00:00Z,26.47,26.82,26.29,26.51,685796,5511,26.5064
2016-06-23T04:00:00Z,26.56,26.86,26.49,26.73,606745,4160,26.682
2016-06-24T04:00:00Z,26.12,26.39,25.23,25.36,3964895,12012,25.4178
2016-06-27T04:00:00Z,25.26,25.55,24.74,25.34,1463408,11100,25.1394
2016-06-28T04:00:00Z,25.54,25.77,25.11,25.35,856885,7591,25.3631
2016-06-29T04:00:00Z,25.37,26.14,25.35,25.71,597746,4691,25.7843
2016-06-30T04:00:00Z,25.61,26.04,25.38,25.99,1309233,7556,25.7977
2016-07-01T04:00:00Z,26.34,26.55,26.02,26.22,841798,6606,26.2928
2016-07-05T04:00:00Z,25.95,26.64,25.73,26.18,661121,4980,26.2123
2016-07-06T04:00:00Z,26.18,26.32,25.81,26.2,1312493,7764,26.1467
2016-07-07T04:00:00Z,26.38,26.5,26.08,26.44,767545,6621,26.3152
2016-07-08T04:00:00Z,26.54,27.27,26.33,27.14,1092471,7335,27.0503
2016-07-11T04:00:00Z,26.95,27.25,26.92,27.09,491518,4260,27.0854
2016-07-12T04:00:00Z,27.01,27.295,26.95,27.22,860662,6926,27.1532
2016-07-13T04:00:00Z,27.36,27.45,27.1,27.27,553755,4878,27.2715
2016-07-14T04:00:00Z,27.27,27.58,27.25,27.41,955461,7331,27.4472
2016-07-15T04:00:00Z,27.31,27.78,27.2,27.6,987309,5620,27.6489
2016-07-18T04:00:00Z,27.7,27.98,27.55,27.7,703032,5779,27.7637
2016-07-19T04:00:00Z,27.5,27.6,27.2,27.3,410336,3614,27.3115
2016-07-20T04:00:00Z,27.09,27.35,27.01,27.13,527635,3272,27.1718
2016-07-21T04:00:00Z,27,27.14,26.6,26.62,767003,4882,26.7474
2016-07-22T04:00:00Z,26.61,26.78,26.33,26.6,629005,4701,26.5015
2016-07-25T04:00:00Z,26.72,26.96,26.53,26.7,484380,3976,26.6881
2016-07-26T04:00:00Z,26.76,27.11,26.68,27.06,363413,3004,26.9328
2016-07-27T04:00:00Z,26.98,27.12,26.575,26.76,331418,2850,26.8072
2016-07-28T04:00:00Z,26.77,26.85,26.535,26.6,497890,3515,26.6305
2016-07-29T04:00:00Z,26.57,26.94,26.52,26.87,559570,3744,26.8375
2016-08-01T04:00:00Z,27.09,27.995,26.69,26.91,692955,4858,26.954
2016-08-02T04:00:00Z,26.94,27.32,26.74,26.86,476921,4018,26.896
2016-08-03T04:00:00Z,26.85,27.14,26.27,27.09,422802,3690,27.0386
2016-08-04T04:00:00Z,27.38,27.79,27.11,27.19,958961,5333,27.4659
2016-08-05T04:00:00Z,27.32,27.73,27.32,27.64,1095665,7341,27.555
2016-08-08T04:00:00Z,27.65,28.58,27.61,28.01,1148356,7911,28.1975
2016-08-09T04:00:00Z,28.07,28.16,27.65,27.65,1173850,7174,28.0153
2016-08-10T04:00:00Z,27.75,28.28,27.6465,27.99,811467,6576,27.9896
2016-08-11T04:00:00Z,27.96,29.09,27.91,28.95,1034208,6708,28.5412
2016-08-12T04:00:00Z,29,29.59,28.74,28.97,1570920,7743,29.2057
2016-08-15T04:00:00Z,28.84,30.129,28.74,29.75,1556198,11460,29.7227
2016-08-16T04:00:00Z,29.96,30.11,27.18,28.28,2818087,18604,28.2066
2016-08-17T04:00:00Z,28.33,28.78,27.09,27.71,2426469,20175,27.7199
2016-08-18T04:00:00Z,27.5,28.84,27.5,28.58,1775847,13486,28.4734
2016-08-19T04:00:00Z,28.56,28.99,28.54,28.67,1733596,12466,28.7728
2016-08-22T04:00:00Z,28.75,29.3,28.75,28.91,1027393,8539,29.0295
2016-08-23T04:00:00Z,28.91,29,28.18,28.24,837898,5896,28.4119
2016-08-24T04:00:00Z,28.26,28.4,27.75,27.81,725365,6103,28.0285
2016-08-25T04:00:00Z,28.33,28.86,27.47,27.64,1342929,8766,27.7371
2016-08-26T04:00:00Z,27.73,27.79,26.73,27.53,1530476,12058,27.3399
2016-08-29T04:00:00Z,27.04,27.98,26.95,27.45,785810,6605,27.6273
2016-08-30T04:00:00Z,27.7,27.84,27.0653,27.27,1046797,7961,27.2771
2016-08-31T04:00:00Z,27.29,27.31,26.86,26.95,1130363,7497,27.04
2016-09-01T04:00:00Z,26.64,26.8,25.55,25.71,3183107,16044,25.8967
2016-09-02T04:00:00Z,25.99,26.6,25.08,26.43,3211659,18196,25.8673
2016-09-06T04:00:00Z,26.63,26.63,25.75,25.88,2855421,14240,25.9799
2016-09-07T04:00:00Z,25.96,26,24.87,25.1,3526512,17040,25.1994
2016-09-08T04:00:00Z,25.33,25.33,24.485,24.78,4164245,21236,24.8751
2016-09-09T04:00:00Z,24.67,24.67,24.165,24.25,3706986,16751,24.3714
2016-09-12T04:00:00Z,24.69,24.72,24.1,24.55,3839679,17681,24.5727
2016-09-13T04:00:00Z,24.32,24.5,24.01,24.14,5437437,26661,24.1607
2016-09-14T04:00:00Z,24.06,24.29,23.945,24.09,8401905,29269,24.1497
2016-09-15T04:00:00Z,24.09,24.37,24.09,24.33,8431820,31023,24.2619
2016-09-16T04:00:00Z,24.23,24.51,24.185,24.48,11674015,36817,24.3973
2016-09-19T04:00:00Z,24.81,24.89,23.8896,24.02,12517503,43864,24.2989
2016-09-20T04:00:00Z,23.98,24.24,23.83,24.09,20530281,53914,24.1038
2016-09-21T04:00:00Z,24.1,24.235,23.57,23.85,22531890,77568,23.8869
2016-09-22T04:00:00Z,23.89,23.98,23.46,23.73,18992977,55245,23.7362
2016-09-23T04:00:00Z,23.83,24,23.38,23.39,14973857,71972,23.51
2016-09-26T04:00:00Z,23.75,23.81,23.06,23.57,18846989,62444,23.5244
2016-09-27T04:00:00Z,23.58,23.85,23.31,23.45,19409213,63526,23.5619
2016-09-28T04:00:00Z,23.94,24,23.55,23.82,40520872,130567,23.7188
2016-09-29T04:00:00Z,23.9,23.95,23.08,23.08,22740907,86505,23.2878
2016-09-30T04:00:00Z,23.43,23.76,23.12,23.5,83494667,155129,23.4652
2016-10-03T04:00:00Z,23.79,24.02,23.41,23.79,23853458,99331,23.8321
2016-10-04T04:00:00Z,24,24.12,23.79,23.98,29049345,106471,23.9966
2016-10-05T04:00:00Z,24.04,25.1,24.03,25.1,73107242,142432,24.869
2016-10-06T04:00:00Z,25.01,25.34,24.68,24.76,23631268,110002,24.9683
2016-10-07T04:00:00Z,24.74,24.74,23.5,23.61,118806937,181118,23.8101
2016-10-10T04:00:00Z,23.57,23.62,22.79,22.91,31161642,98619,23.0338
2016-10-11T04:00:00Z,22.92,23.06,22.64,22.96,17498807,69980,22.8781
2016-10-12T04:00:00Z,23,23.51,22.93,23.37,16855532,71580,23.3004
2016-10-13T04:00:00Z,23.28,23.7,23.23,23.48,17214654,70636,23.5098
2016-10-14T04:00:00Z,23.53,23.74,23.23,23.34,10223535,48379,23.36
2016-10-17T04:00:00Z,23.45,23.58,23.31,23.39,10614192,51171,23.4122
2016-10-18T04:00:00Z,23.64,23.64,23.07,23.43,8856666,44395,23.3325
2016-10-19T04:00:00Z,23.36,23.59,23.21,23.55,11715575,59782,23.4675
2016-10-20T04:00:00Z,23.54,23.67,23.29,23.38,10189026,43340,23.4068
2016-10-21T04:00:00Z,23.3,23.32,22.77,23,11561042,45455,22.9815
2016-10-24T04:00:00Z,22.99,23.12,22.54,22.76,10462479,46801,22.697
2016-10-25T04:00:00Z,22.79,23.14,22.69,23.11,8451170,37085,23.0364
2016-10-26T04:00:00Z,23.11,23.24,22.74,22.93,6148026,31764,22.8898
2016-10-27T04:00:00Z,23,23,22.51,22.72,8144850,32969,22.7112
2016-10-28T04:00:00Z,22.78,23.07,22.73,22.9,5144788,26340,22.8924
2016-10-31T04:00:00Z,22.9,23.0201,22.73,22.99,6466966,30849,22.944
2016-11-01T04:00:00Z,23.11,23.11,22.22,22.43,8220360,36511,22.5147
2016-11-02T04:00:00Z,22.42,22.42,22.09,22.25,12049991,39517,22.2312
2016-11-03T04:00:00Z,22.23,22.46,22.18,22.35,6882435,34032,22.3197
2016-11-04T04:00:00Z,22.31,22.32,21.8,21.89,7464866,34358,22.0191
2016-11-07T05:00:00Z,22.01,22.32,21.89,22.21,7224681,37838,22.1694
2016-11-08T05:00:00Z,22.21,22.27,21.84,21.89,11457932,56590,21.9534
2016-11-09T05:00:00Z,19.38,19.9,18.4801,19.65,26153070,113721,19.3672
2016-11-10T05:00:00Z,19.94,19.97,18.46,18.55,16957203,72530,18.8694
2016-11-11T05:00:00Z,18.46,19.29,18.28,18.66,11806280,56636,18.7691
2016-11-14T05:00:00Z,18.84,18.84,18.04,18.24,14138181,43962,18.2296
2016-11-15T05:00:00Z,18.25,18.37,18.01,18.26,6767161,33345,18.2314
2016-11-16T05:00:00Z,18.17,18.39,17.965,18.35,6026426,28422,18.2796
2016-11-17T05:00:00Z,18.44,18.66,18.29,18.6,5709021,29716,18.5252
2016-11-18T05:00:00Z,18.9,18.97,18.585,18.75,8016152,28027,18.732
2016-11-21T05:00:00Z,18.82,19.73,18.76,19.45,9769304,38913,19.385
2016-11-22T05:00:00Z,19.45,19.74,19.23,19.71,7810075,30626,19.6033
2016-11-23T05:00:00Z,19.73,19.96,19.53,19.82,6019527,28468,19.8291
2016-11-25T05:00:00Z,19.97,19.99,19.6,19.88,2227615,10677,19.7859
2016-11-28T05:00:00Z,20.01,20.01,19.73,19.75,8726814,32974,19.8073
2016-11-29T05:00:00Z,19.77,19.82,19.49,19.55,7959519,31353,19.6144
2016-11-30T05:00:00Z,19.67,19.73,18.59,18.71,9832484,34873,18.885
2016-12-01T05:00:00Z,18.87,18.9499,18.01,18.08,8223354,38156,18.2228
2016-12-02T05:00:00Z,18.09,18.45,17.94,18.09,9908078,34531,18.0444
2016-12-05T05:00:00Z,18.21,18.65,18.19,18.53,7076827,28287,18.4812
2016-12-06T05:00:00Z,18.61,18.88,18.5,18.78,6746793,27885,18.7304
2016-12-07T05:00:00Z,18.8,19.07,18.56,18.78,8426445,27167,18.8
2016-12-08T05:00:00Z,18.88,19.23,18.72,19.07,10268542,30007,19.0439
2016-12-09T05:00:00Z,19.17,19.37,19.01,19.16,13054324,25712,19.0981
2016-12-12T05:00:00Z,19.19,19.25,18.56,18.59,5719211,26634,18.7139
2016-12-13T05:00:00Z,18.6,18.96,18.5575,18.86,7348245,26725,18.8003
2016-12-14T05:00:00Z,18.92,18.94,18.53,18.62,8812668,23813,18.6967
2016-12-15T05:00:00Z,18.46,18.56,18.14,18.35,5322922,22617,18.294
2016-12-16T05:00:00Z,18.54,18.8,18.44,18.69,13395674,33780,18.6406
2016-12-19T05:00:00Z,18.77,19.12,18.61,18.76,4344029,20198,18.9002
2016-12-20T05:00:00Z,18.79,18.97,18.395,18.67,4626612,20095,18.6431
2016-12-21T05:00:00Z,18.73,18.91,18.6628,18.76,4786192,14917,18.7824
2016-12-22T05:00:00Z,18.77,18.83,18.58,18.73,8017626,16665,18.7238
2016-12-23T05:00:00Z,18.7,18.89,18.65,18.67,2500212,11188,18.754
2016-12-27T05:00:00Z,18.71,18.97,18.64,18.76,3629709,12944,18.7999
2016-12-28T05:00:00Z,18.79,18.7938,18.435,18.49,2905467,17009,18.5313
2016-12-29T05:00:00Z,18.46,18.54,18.35,18.41,2618992,13702,18.4143
2016-12-30T05:00:00Z,18.5,18.52,18.22,18.31,4084267,17502,18.3343
2017-01-03T05:00:00Z,18.45,18.81,18.38,18.67,4862475,20850,18.6863
2017-01-04T05:00:00Z,18.7,19.11,18.68,19,7946024,23568,18.98
2017-01-05T05:00:00Z,18.9,19.01,18.73,18.91,4043797,18121,18.8623
2017-01-06T05:00:00Z,18.94,19.14,18.75,19.08,4819944,19051,19.0101
2017-01-09T05:00:00Z,18.9,19.02,18.8,18.85,4113727,16961,18.8965
2017-01-10T05:00:00Z,18.86,19.04,18.82,18.96,3603911,14717,18.9346
2017-01-11T05:00:00Z,18.9,19.03,18.51,18.58,5641273,19401,18.6714
2017-01-12T05:00:00Z,18.55,18.64,18.43,18.54,4185124,21092,18.5461
2017-01-13T05:00:00Z,18.59,18.8,18.59,18.72,6446149,23389,18.7314
2017-01-17T05:00:00Z,18.83,19.32,18.785,19.1,9445760,37798,19.087
2017-01-18T05:00:00Z,19.18,19.34,18.87,18.93,4041007,20290,19.029
2017-01-19T05:00:00Z,18.93,18.94,18.53,18.6,6480776,29722,18.6496
2017-01-20T05:00:00Z,18.72,19.1,18.71,19.02,6311029,25489,18.9063
2017-01-23T05:00:00Z,19.03,19.08,18.66,18.76,9000279,18756,18.7828
2017-01-24T05:00:00Z,18.8,19.07,18.611,19,7730711,26774,18.9302
2017-01-25T05:00:00Z,19.12,19.57,19.03,19.53,11185707,32906,19.2564
2017-01-26T05:00:00Z,19.47,19.81,19.28,19.57,10848959,33290,19.542
2017-01-27T05:00:00Z,19.59,19.64,19.32,19.5,4852724,22691,19.4494
2017-01-30T05:00:00Z,19.4,19.54,18.73,18.85,4919851,24746,18.8782
2017-01-31T05:00:00Z,18.85,19.25,18.7,19.2,4727830,23513,19.0874
2017-02-01T05:00:00Z,19.12,19.25,18.63,18.94,5398321,28322,18.9118
2017-02-02T05:00:00Z,18.94,19.41,18.92,19.33,5267914,18053,19.3105
2017-02-03T05:00:00Z,19.4,19.55,19.27,19.4,3483187,20843,19.4118
2017-02-06T05:00:00Z,19.32,19.4,19.19,19.28,8457598,20884,19.2923
2017-02-07T05:00:00Z,19.37,19.62,19.37,19.52,4449746,22820,19.4797
2017-02-08T05:00:00Z,19.52,20.09,19.46,20.04,6358334,31234,19.9393
2017-02-09T05:00:00Z,18.5,18.79,18.12,18.32,23234547,79944,18.3539
2017-02-10T05:00:00Z,18.35,18.6,18.26,18.28,16159092,50248,18.3915
2017-02-13T05:00:00Z,18.25,18.5,18.25,18.37,8780122,35826,18.3737
2017-02-14T05:00:00Z,18.42,19.28,18.42,19.27,10871980,45653,19.0703
2017-02-15T05:00:00Z,19.39,19.865,19.37,19.77,8718499,40063,19.6672
2017-02-16T05:00:00Z,19.83,19.91,18.67,18.69,7937369,38130,18.8859
2017-02-17T05:00:00Z,18.76,19.07,18.67,18.89,4649505,23553,18.8723
2017-02-21T05:00:00Z,19.17,19.355,19.06,19.16,4836477,24834,19.1774
2017-02-22T05:00:00Z,19.2,19.27,18.75,18.84,4423508,20591,18.9126
2017-02-23T05:00:00Z,18.9,19.03,18.75,18.82,4200961,20630,18.8751
2017-02-24T05:00:00Z,18.74,18.88,18.38,18.66,3617398,19611,18.6004
2017-02-27T05:00:00Z,18.53,18.76,18.445,18.75,3536039,19360,18.6306
2017-02-28T05:00:00Z,18.8,19,18.71,18.78,3638746,16342,18.8026
2017-03-01T05:00:00Z,18.88,19.43,18.855,19.37,5946094,31014,19.2746
2017-03-02T05:00:00Z,19.35,19.35,18.7,18.71,6988926,25536,18.8239
2017-03-03T05:00:00Z,18.75,18.8,18.33,18.74,4789799,26831,18.6349
2017-03-06T05:00:00Z,18.63,18.96,18.61,18.93,4610618,20716,18.8378
2017-03-07T05:00:00Z,19,19,18.5029,18.8,4486812,21381,18.6979
2017-03-08T05:00:00Z,18.88,18.94,18.6425,18.74,3475286,15301,18.7466
2017-03-09T05:00:00Z,18.78,18.85,18.55,18.69,2106057,11796,18.6741
2017-03-10T05:00:00Z,18.72,19.3,18.71,19.1,3887981,21295,19.084
2017-03-13T04:00:00Z,19.04,19.25,18.99,19.2,3080025,14031,19.1402
2017-03-14T04:00:00Z,19.09,19.27,18.92,18.93,4001663,17103,18.9985
2017-03-15T04:00:00Z,19,19.255,18.8,19.14,4543588,19588,19.0548
2017-03-16T04:00:00Z,19.16,19.36,19.13,19.31,4748517,23606,19.2748
2017-03-17T04:00:00Z,19.41,19.57,19.2947,19.43,14821643,24887,19.4322
2017-03-20T04:00:00Z,19.41,19.455,19.065,19.15,4501662,19941,19.1688
2017-03-21T04:00:00Z,19.05,19.11,18.48,18.53,8651599,29508,18.6343
2017-03-22T04:00:00Z,18.57,18.625,18.24,18.38,3632979,20949,18.3803
2017-03-23T04:00:00Z,18.42,18.57,18.35,18.39,3378853,16789,18.4454
2017-03-24T04:00:00Z,18.37,18.68,18.34,18.47,3528012,15252,18.4778
2017-03-27T04:00:00Z,18.29,18.44,18.19,18.26,4938259,20926,18.2882
2017-03-28T04:00:00Z,18.24,18.65,18.165,18.57,5145265,23925,18.448
2017-03-29T04:00:00Z,18.56,18.64,18.45,18.58,1867755,10902,18.5754
2017-03-30T04:00:00Z,18.52,18.52,18.2,18.22,3075982,16561,18.2687
2017-03-31T04:00:00Z,18.25,18.38,18.13,18.13,4905284,21125,18.208
2017-04-03T04:00:00Z,18.22,18.26,17.52,17.74,7393934,31809,17.7597
2017-04-04T04:00:00Z,17.75,17.75,17.1,17.18,9830242,35752,17.2345
2017-04-05T04:00:00Z,17.2,17.56,17.03,17.16,4275577,25038,17.2779
2017-04-06T04:00:00Z,17.15,17.33,16.98,17.29,4560268,22505,17.205
2017-04-07T04:00:00Z,17.25,17.25,16.965,17.05,4442884,20938,17.0279
2017-04-10T04:00:00Z,17.05,17.29,16.95,17.21,4619908,19516,17.1639
2017-04-11T04:00:00Z,17.15,17.4,16.96,17.38,6936140,25111,17.2595
2017-04-12T04:00:00Z,17.25,17.7,17.16,17.6,4985639,24989,17.5615
2017-04-13T04:00:00Z,17.56,17.93,17.44,17.89,9742543,39043,17.8003
2017-04-17T04:00:00Z,17.9,18.17,17.75,18.15,5232091,21998,18.0638
2017-04-18T04:00:00Z,18.13,18.5,18.12,18.41,5970905,22805,18.3949
2017-04-19T04:00:00Z,18.43,18.645,17.99,17.99,7775669,27253,18.3355
2017-04-20T04:00:00Z,18.05,18.07,17.62,17.9,4259612,23280,17.8294
2017-04-21T04:00:00Z,17.88,17.9,17.53,17.6,3181607,16121,17.6481
2017-04-24T04:00:00Z,17.75,17.97,17.74,17.83,3246235,17029,17.8602
2017-04-25T04:00:00Z,17.99,18.23,17.85,18.22,4437609,17205,18.1625
2017-04-26T04:00:00Z,18.23,18.31,18.05,18.12,3380157,16143,18.164
2017-04-27T04:00:00Z,18.25,18.29,17.99,18.01,2885174,16171,18.0668
2017-04-28T04:00:00Z,18,18,17.61,17.85,5635145,17502,17.7944
2017-05-01T04:00:00Z,17.92,18.27,17.79,18.12,4442282,20820,18.0742
2017-05-02T04:00:00Z,18.08,18.4,18.01,18.06,2915472,18090,18.1422
2017-05-03T04:00:00Z,18.1,18.22,17.96,18.11,3478283,18211,18.083
2017-05-04T04:00:00Z,18.1,18.53,18.01,18.33,3461752,20624,18.3252
2017-05-05T04:00:00Z,18.39,18.44,17.89,18.07,7372315,19821,18.1505
2017-05-08T04:00:00Z,18.07,18.35,17.96,18.02,12818339,27962,18.0517
2017-05-09T04:00:00Z,17.99,18.13,17.77,17.83,7386298,37212,17.8984
2017-05-10T04:00:00Z,19.15,20.51,19.09,19.95,22917328,98226,20.1309
2017-05-11T04:00:00Z,19.97,20,19.3,19.6,6993226,40012,19.6688
2017-05-12T04:00:00Z,19.6,19.685,19.18,19.58,4480999,24604,19.5502
2017-05-15T04:00:00Z,19.62,19.7,19.17,19.17,4430868,20429,19.3476
2017-05-16T04:00:00Z,19.27,19.31,18.85,18.87,5670443,21830,19.058
2017-05-17T04:00:00Z,18.77,18.94,18.625,18.66,4783178,24304,18.7614
2017-05-18T04:00:00Z,18.6,18.68,18.225,18.63,5396151,25895,18.5251
2017-05-19T04:00:00Z,18.63,19.01,18.48,18.75,3371578,17542,18.7979
2017-05-22T04:00:00Z,18.73,18.97,18.73,18.81,3243838,14465,18.8486
2017-05-23T04:00:00Z,18.83,19.1,18.81,18.98,3616129,16749,18.9791
2017-05-24T04:00:00Z,18.99,19,18.765,18.9,2852535,14787,18.866
2017-05-25T04:00:00Z,18.99,19.04,18.69,18.73,4302458,15461,18.8171
2017-05-26T04:00:00Z,18.79,19.16,18.79,19.06,4047737,21700,19.0411
2017-05-30T04:00:00Z,19.06,19.09,18.86,18.87,3492367,14453,18.9526
2017-05-31T04:00:00Z,18.93,19.055,18.74,18.94,4533775,18287,18.9055
2017-06-01T04:00:00Z,19.08,19.35,18.93,19.32,5843999,24559,19.17
2017-06-02T04:00:00Z,19.33,19.419,19.06,19.09,3121870,13336,19.1339
2017-06-05T04:00:00Z,19.15,19.2,18.88,19.01,2611841,12416,19.0082
2017-06-06T04:00:00Z,18.97,19.12,18.83,19.08,3106886,15333,19.0411
2017-06-07T04:00:00Z,19.03,19.12,18.77,18.83,2880647,13906,18.8573
2017-06-08T04:00:00Z,18.87,18.99,18.43,18.49,6606773,19718,18.532
2017-06-09T04:00:00Z,18.61,18.79,18.48,18.74,4303561,20298,18.6822
2017-06-12T04:00:00Z,18.76,19.66,18.75,19.3,5792902,31534,19.322
2017-06-13T04:00:00Z,19.3,19.35,18.97,19.34,4441311,17217,19.2518
2017-06-14T04:00:00Z,19.42,19.48,19.18,19.21,5254321,18760,19.2652
2017-06-15T04:00:00Z,19.18,19.3,18.93,19,3879473,18993,19.0609
2017-06-16T04:00:00Z,19,19.1,18.825,19.05,5106799,19411,18.994
2017-06-19T04:00:00Z,19.09,19.42,19.05,19.31,5675032,24919,19.2475
2017-06-20T04:00:00Z,19.27,19.37,19.03,19.06,5259881,19728,19.1482
2017-06-21T04:00:00Z,19.11,19.125,18.82,18.98,3803953,19710,18.9467
2017-06-22T04:00:00Z,18.99,19.215,18.74,19.08,2965543,15307,19.0797
2017-06-23T04:00:00Z,19.08,19.23,18.9608,19.14,8297460,18552,19.1224
2017-06-26T04:00:00Z,19.14,19.24,19.09,19.2,2209642,10775,19.1879
2017-06-27T04:00:00Z,19.14,19.18,18.82,18.82,3961815,16136,18.9175
2017-06-28T04:00:00Z,18.95,19.09,18.8,18.81,3029044,13454,18.9462
2017-06-29T04:00:00Z,18.83,18.92,18.54,18.9,5265037,20332,18.7784
2017-06-30T04:00:00Z,18.97,19.0805,18.72,18.76,4558064,17331,18.7802
2017-07-03T04:00:00Z,18.81,19.25,18.76,19.14,1670508,8982,19.099
2017-07-05T04:00:00Z,19.1,19.24,18.75,18.86,2753338,14090,18.9087
2017-07-06T04:00:00Z,18.79,18.875,18.63,18.79,6049621,23292,18.7616
2017-07-07T04:00:00Z,18.87,19.03,18.745,18.79,6070106,21948,18.8802
2017-07-10T04:00:00Z,18.82,18.885,18.35,18.43,3855825,17796,18.5071
2017-07-11T04:00:00Z,18.4,18.43,18.12,18.22,6064434,19636,18.2103
2017-07-12T04:00:00Z,18.35,18.4,18.04,18.15,3459123,17776,18.1772
2017-07-13T04:00:00Z,18.15,18.34,18.07,18.26,2393429,12034,18.2491
2017-07-14T04:00:00Z,18.33,18.41,18.28,18.38,4579742,11522,18.3648
2017-07-17T04:00:00Z,18.36,18.56,18.245,18.44,3475146,15147,18.4
2017-07-18T04:00:00Z,18.42,18.64,18.38,18.5,3172141,13312,18.5083
2017-07-19T04:00:00Z,18.48,18.72,18.48,18.7,2333806,11749,18.6588
2017-07-20T04:00:00Z,18.79,18.96,18.6501,18.89,3278582,14009,18.8281
2017-07-21T04:00:00Z,18.85,18.95,18.8,18.92,2337137,11055,18.8853
2017-07-24T04:00:00Z,18.95,19.21,18.85,19.18,5221067,18000,19.0884
2017-07-25T04:00:00Z,19.22,19.82,19.18,19.53,4473347,23093,19.552
2017-07-26T04:00:00Z,19.55,19.95,19.49,19.81,4779672,22169,19.7667
2017-07-27T04:00:00Z,19.82,20.34,19.73,20.34,8244970,26224,20.13
2017-07-28T04:00:00Z,20.22,20.88,20.11,20.54,8175995,29896,20.5046
2017-07-31T04:00:00Z,20.56,20.69,20.23,20.48,11846683,27761,20.5014
2017-08-01T04:00:00Z,20.43,20.47,19.94,20.23,8097782,27413,20.2438
2017-08-02T04:00:00Z,20.13,20.245,20.0054,20.18,2429057,14012,20.1449
2017-08-03T04:00:00Z,20.18,20.28,19.88,19.93,7420945,17441,19.9651
2017-08-04T04:00:00Z,19.93,19.99,19.49,19.71,3740773,16877,19.6546
2017-08-07T04:00:00Z,19.72,20.06,19.66,20.04,2773785,12443,19.9751
2017-08-08T04:00:00Z,19.95,20.04,19.86,19.9,3794012,12032,19.9474
2017-08-09T04:00:00Z,19.88,19.95,19.7,19.86,3441330,14045,19.8215
2017-08-10T04:00:00Z,19.78,19.85,19.42,19.46,5069396,23242,19.5306
2017-08-11T04:00:00Z,19.4,19.76,19.39,19.48,2695063,12752,19.5628
2017-08-14T04:00:00Z,19.61,19.95,19.55,19.7,5211981,15183,19.7497
2017-08-15T04:00:00Z,19.66,19.725,19.55,19.56,2770535,15451,19.6054
2017-08-16T04:00:00Z,19.59,19.73,19.295,19.67,3688257,18435,19.5272
2017-08-17T04:00:00Z,19.6,19.69,19.145,19.16,4692281,16116,19.3531
2017-08-18T04:00:00Z,19.27,19.3,19.05,19.23,10751413,20123,19.2173
2017-08-21T04:00:00Z,19.14,19.55,19.03,19.55,8883710,32680,19.367
2017-08-22T04:00:00Z,17.48,18,16.08,17.71,46460908,162639,17.131
2017-08-23T04:00:00Z,17.43,17.47,16.21,16.74,26532149,112921,16.6801
2017-08-24T04:00:00Z,16.79,16.79,15.83,16.24,16912383,72877,16.1947
2017-08-25T04:00:00Z,16.25,16.56,16.1,16.4,10499410,52029,16.3933
2017-08-28T04:00:00Z,16.4,16.48,16.01,16.09,7304765,31906,16.169
2017-08-29T04:00:00Z,16.46,16.68,16.26,16.51,10113386,43249,16.522
2017-08-30T04:00:00Z,16.05,16.685,16.05,16.53,8754271,34521,16.4957
2017-08-31T04:00:00Z,16.54,16.75,16.5,16.58,6812410,27364,16.6019
2017-09-01T04:00:00Z,16.6,16.72,16.48,16.55,5016257,23603,16.5447
2017-09-05T04:00:00Z,16.57,16.57,16.19,16.38,4833107,24000,16.3349
2017-09-06T04:00:00Z,16.4,16.555,16.26,16.49,5639410,25213,16.4714
2017-09-07T04:00:00Z,16.55,16.64,16.24,16.35,5754089,28757,16.3578
2017-09-08T04:00:00Z,16.32,16.48,16.25,16.47,4635051,19849,16.3797
2017-09-11T04:00:00Z,16.53,16.89,16.53,16.72,3590015,16876,16.7281
2017-09-12T04:00:00Z,16.78,17.06,16.72,17.06,4715888,21573,16.9816
2017-09-13T04:00:00Z,17.06,17.25,17,17.17,4931384,20872,17.1349
2017-09-14T04:00:00Z,17.03,17.26,17.005,17.16,12161711,29902,17.1385
2017-09-15T04:00:00Z,17.17,17.2,16.82,16.86,9636923,23102,16.9426
2017-09-18T04:00:00Z,16.86,17.01,16.75,16.93,4648213,15125,16.8772
2017-09-19T04:00:00Z,16.84,16.95,16.52,16.62,5454297,25386,16.6249
2017-09-20T04:00:00Z,16.66,16.665,16.42,16.65,6856231,23161,16.5878
2017-09-21T04:00:00Z,16.67,16.67,16,16,6867870,25482,16.1011
2017-09-22T04:00:00Z,16.05,16.16,15.95,16.15,9602011,26962,16.0596
2017-09-25T04:00:00Z,16.17,16.3,16.06,16.24,6360321,26221,16.2161
2017-09-26T04:00:00Z,16.26,16.43,16.12,16.28,4080339,18110,16.2469
2017-09-27T04:00:00Z,16.35,16.4875,16.15,16.31,5951462,22357,16.2904
2017-09-28T04:00:00Z,16.25,16.44,16.11,16.15,5552712,19507,16.2018
2017-09-29T04:00:00Z,16.2,16.64,16.2,16.53,3756567,21157,16.5205
2017-10-02T04:00:00Z,16.54,16.85,16.54,16.65,3381334,16547,16.6705
2017-10-03T04:00:00Z,16.75,16.79,16.65,16.72,3506075,14477,16.7232
2017-10-04T04:00:00Z,16.72,16.87,16.63,16.64,3428483,15909,16.7283
2017-10-05T04:00:00Z,16.65,16.95,16.64,16.9,3556885,14401,16.881
2017-10-06T04:00:00Z,16.89,17.08,16.75,16.88,4130144,18898,16.8441
2017-10-09T04:00:00Z,17,17.01,16.72,16.75,2267809,12832,16.7616
2017-10-10T04:00:00Z,16.83,16.9,16.62,16.81,3060584,15073,16.7728
2017-10-11T04:00:00Z,16.8,16.97,16.75,16.85,3009161,15435,16.8625
2017-10-12T04:00:00Z,16.78,16.85,16.57,16.76,2893594,15308,16.7256
2017-10-13T04:00:00Z,16.77,17.21,16.77,17.06,2841683,14577,17.0502
2017-10-16T04:00:00Z,17,17.09,16.81,16.83,4515807,16108,16.8999
2017-10-17T04:00:00Z,16.71,16.73,15.99,16,9239136,34706,16.0551
2017-10-18T04:00:00Z,16,16.035,15.33,15.76,11268260,41626,15.7239
2017-10-19T04:00:00Z,15.75,15.84,15.48,15.83,5456614,23527,15.722
2017-10-20T04:00:00Z,15.85,15.98,15.7571,15.85,4798566,15758,15.846
2017-10-23T04:00:00Z,15.88,16.08,15.42,15.45,6953174,22531,15.6792
2017-10-24T04:00:00Z,15.53,15.55,15.285,15.35,7802123,20809,15.3582
2017-10-25T04:00:00Z,15.25,15.38,15.155,15.25,4384464,18658,15.2594
2017-10-26T04:00:00Z,15.4,15.465,15.22,15.24,3489090,16529,15.2912
2017-10-27T04:00:00Z,15.23,15.23,14.81,14.91,5162979,18356,14.9569
2017-10-30T04:00:00Z,14.87,15.06,14.81,14.97,3755491,14869,14.9609
2017-10-31T04:00:00Z,15.03,15.43,14.99,15.4,4935748,18702,15.3415
2017-11-01T04:00:00Z,15.48,15.555,15.17,15.31,5767680,21935,15.309
2017-11-02T04:00:00Z,15.21,15.21,14.43,14.46,11575696,43809,14.619
2017-11-03T04:00:00Z,14.45,14.64,14.24,14.36,10179483,36329,14.3657
2017-11-06T05:00:00Z,14.38,14.86,14.38,14.52,8033852,22557,14.6008
2017-11-07T05:00:00Z,14.56,14.77,14.37,14.45,5694067,25025,14.5349
2017-11-08T05:00:00Z,14.51,14.89,14.48,14.76,7596761,35278,14.7335
2017-11-09T05:00:00Z,16.86,17.89,16.33,16.8,23772506,102085,16.9663
2017-11-10T05:00:00Z,16.35,16.56,15.785,16.31,9583169,49114,16.1632
2017-11-13T05:00:00Z,16.28,16.885,16.21,16.75,8467646,43557,16.7133
2017-11-14T05:00:00Z,16.74,17.1,16.63,16.95,7287509,36356,16.9435
2017-11-15T05:00:00Z,16.9,17.14,16.69,16.82,9702186,33023,16.8824
2017-11-16T05:00:00Z,16.99,17.05,16.73,16.85,5595625,24238,16.8442
2017-11-17T05:00:00Z,16.81,17.18,16.81,17.05,7676602,26110,17.0747
2017-11-20T05:00:00Z,17.15,17.285,16.9346,17.1,3983996,24080,17.0946
2017-11-21T05:00:00Z,17.13,17.16,16.835,16.87,4651058,21357,16.9553
2017-11-22T05:00:00Z,16.89,17.1,16.82,16.98,3417610,16610,16.9423
2017-11-24T05:00:00Z,17,17.08,16.9,17,1149150,5612,16.969
2017-11-27T05:00:00Z,16.98,17.06,16.71,17,5150308,25678,16.9397
2017-11-28T05:00:00Z,16.98,17.21,16.91,17.2,5623602,27271,17.0568
2017-11-29T05:00:00Z,17.11,17.42,17.03,17.09,3992858,21449,17.1938
2017-11-30T05:00:00Z,17.25,17.295,17.0701,17.23,6486630,19508,17.2135
2017-12-01T05:00:00Z,17.23,17.3,16.69,17.05,6257124,29431,17.0344
2017-12-04T05:00:00Z,17.23,17.64,17.125,17.56,6566788,25761,17.4919
2017-12-05T05:00:00Z,17.57,17.7,17.31,17.64,6638505,23938,17.5879
2017-12-06T05:00:00Z,17.64,17.8,17.54,17.63,4652829,25186,17.6397
2017-12-07T05:00:00Z,17.56,17.775,17.56,17.6,4466572,20655,17.6393
2017-12-08T05:00:00Z,17.65,17.81,17.42,17.78,4182980,23125,17.7012
2017-12-11T05:00:00Z,17.77,17.91,17.6,17.91,4878404,24698,17.8346
2017-12-12T05:00:00Z,18.31,18.77,18.3,18.62,8184004,39070,18.6114
2017-12-13T05:00:00Z,18.68,19.48,18.66,19.42,8198570,35156,19.1734
2017-12-14T05:00:00Z,19.51,19.71,19.31,19.54,4275034,19909,19.5135
2017-12-15T05:00:00Z,19.59,19.88,19.54,19.78,10348248,26857,19.7529
2017-12-18T05:00:00Z,19.83,19.86,19.615,19.7,5810252,26358,19.7283
2017-12-19T05:00:00Z,19.7,19.83,19.34,19.38,4685434,23772,19.5156
2017-12-20T05:00:00Z,19.4,19.54,19.215,19.45,3790545,18640,19.378
2017-12-21T05:00:00Z,19.9,20.04,19.67,19.75,4230785,19863,19.8611
2017-12-22T05:00:00Z,19.92,20.04,19.77,19.93,2230294,11944,19.8998
2017-12-26T05:00:00Z,19.91,20.305,19.91,20.15,2108736,12723,20.1797
2017-12-27T05:00:00Z,20.18,20.26,19.735,19.85,3108438,13493,19.9186
2017-12-28T05:00:00Z,19.83,20.09,19.82,20.07,3112678,14840,20.0174
2017-12-29T05:00:00Z,20.07,20.1,19.88,19.89,2777019,13019,19.9468
2018-01-02T05:00:00Z,19.95,20.07,19.85,19.88,4129716,17241,19.931
2018-01-03T05:00:00Z,19.89,19.915,19.63,19.77,4488863,20709,19.7638
2018-01-04T05:00:00Z,19.97,20.13,19.7,20.08,3485255,18510,19.9848
2018-01-05T05:00:00Z,20.09,20.43,19.905,20.4,3480995,15583,20.3106
2018-01-08T05:00:00Z,20.31,20.475,20.17,20.32,3423399,16872,20.3508
2018-01-09T05:00:00Z,20.27,20.68,20.14,20.59,2847663,15027,20.5408
2018-01-10T05:00:00Z,20.46,20.535,20.295,20.52,3785753,17838,20.4737
2018-01-11T05:00:00Z,20.56,20.69,20.37,20.52,3316125,15200,20.5187
2018-01-12T05:00:00Z,20.51,20.81,20.48,20.78,2270855,12240,20.7132
2018-01-16T05:00:00Z,20.84,21.175,20.27,20.4,6465665,25671,20.4939
2018-01-17T05:00:00Z,20.61,20.93,20.46,20.7,3331275,17454,20.7244
2018-01-18T05:00:00Z,20.57,20.62,19.97,20.01,4432498,20710,20.09
2018-01-19T05:00:00Z,20.09,20.56,20.05,20.53,4923018,20952,20.4047
2018-01-22T05:00:00Z,20.58,20.98,20.58,20.89,3402127,18388,20.8352
2018-01-23T05:00:00Z,20.92,20.955,20.45,20.77,4243079,19674,20.7628
2018-01-24T05:00:00Z,20.85,20.945,20.285,20.38,7241048,33477,20.4756
2018-01-25T05:00:00Z,20.36,20.41,20.12,20.25,4748443,24164,20.2623
2018-01-26T05:00:00Z,20.22,20.37,19.97,20.22,4723930,21573,20.1913
2018-01-29T05:00:00Z,20.15,20.22,19.69,19.7,4943030,23377,19.8382
2018-01-30T05:00:00Z,19.67,19.93,19.41,19.69,4332559,23800,19.6576
2018-01-31T05:00:00Z,19.7,19.84,19.485,19.61,5015467,24626,19.6555
2018-02-01T05:00:00Z,19.55,19.56,18.64,18.86,7744019,37883,18.9158
2018-02-02T05:00:00Z,18.8,18.85,18.03,18.05,7099230,33971,18.2304
2018-02-05T05:00:00Z,17.9,18.12,17.26,17.28,6233798,34620,17.6849
2018-02-06T05:00:00Z,16.77,17.48,16.5,17.43,6669288,36652,17.147
2018-02-07T05:00:00Z,17.4,17.66,17.15,17.48,13808677,55972,17.4211
2018-02-08T05:00:00Z,19.5,20.25,19.34,19.96,15627095,80248,19.8804
2018-02-09T05:00:00Z,19.61,20,18.82,19.86,12034492,68108,19.6627
2018-02-12T05:00:00Z,20.02,20.635,19.98,20.42,10227792,49506,20.2847
2018-02-13T05:00:00Z,20.35,20.76,20.31,20.56,7611043,37757,20.5757
2018-02-14T05:00:00Z,20.41,21.34,20.21,21.25,6686689,40401,21.0224
2018-02-15T05:00:00Z,21.53,21.64,21.21,21.53,5400424,32505,21.4631
2018-02-16T05:00:00Z,21.42,21.6,21.27,21.45,5415553,28039,21.4486
2018-02-20T05:00:00Z,21.5,21.68,21.095,21.19,6241589,26813,21.2846
2018-02-21T05:00:00Z,21.19,21.28,20.79,20.8,5158284,23706,20.9399
2018-02-22T05:00:00Z,20.98,21.13,20.65,20.66,5095792,25264,20.7789
2018-02-23T05:00:00Z,20.7,20.93,20.29,20.76,6125808,23161,20.618
2018-02-26T05:00:00Z,20.81,20.86,20.4,20.64,3551398,19209,20.6398
2018-02-27T05:00:00Z,20.54,20.64,19.83,19.85,3427010,19704,19.9903
2018-02-28T05:00:00Z,19.83,19.945,19.3,19.32,4444696,22183,19.4567
2018-03-01T05:00:00Z,19.15,19.45,18.91,19.04,5546435,29038,19.0551
2018-03-02T05:00:00Z,18.95,19.48,18.87,19.45,5310806,26829,19.25
2018-03-05T05:00:00Z,19.17,19.54,18.94,19.34,4881241,26979,19.3236
2018-03-06T05:00:00Z,19.44,19.53,19.12,19.25,5501395,22940,19.2773
2018-03-07T05:00:00Z,19.12,19.39,19.1,19.21,3025726,16583,19.214
2018-03-08T05:00:00Z,19.3,19.405,19.13,19.32,3538383,14332,19.3149
2018-03-09T05:00:00Z,19.43,19.8,19.2,19.4,5909293,28636,19.4286
2018-03-12T04:00:00Z,19.41,19.46,19.12,19.19,2948676,15406,19.2374
2018-03-13T04:00:00Z,19.2,19.28,18.95,19.2,4543718,20102,19.1271
2018-03-14T04:00:00Z,19.21,19.27,18.92,18.97,3059115,11768,18.9942
2018-03-15T04:00:00Z,18.94,18.94,18.555,18.57,3435020,17240,18.6869
2018-03-16T04:00:00Z,18.54,18.96,18.43,18.82,7700015,25127,18.7267
2018-03-19T04:00:00Z,18.85,19.01,18.565,18.58,5796144,16335,18.6997
2018-03-20T04:00:00Z,18.64,18.665,18.25,18.37,4067313,17614,18.3879
2018-03-21T04:00:00Z,18.39,18.54,18.24,18.36,4153914,19886,18.3697
2018-03-22T04:00:00Z,18.3,18.36,18.13,18.2,3615093,18860,18.2419
2018-03-23T04:00:00Z,18.19,18.435,18.01,18.07,3914680,19727,18.1891
2018-03-26T04:00:00Z,18.29,18.535,18.215,18.46,4726794,22291,18.38
2018-03-27T04:00:00Z,18.41,18.41,18.035,18.29,4996575,23547,18.2504
2018-03-28T04:00:00Z,18.39,18.8999,18.25,18.25,4301981,22651,18.4318
2018-03-29T04:00:00Z,18.4,18.59,18.26,18.3,5268947,25084,18.3708
2018-04-02T04:00:00Z,18.24,18.27,17.635,17.68,6446616,28273,17.8456
2018-04-03T04:00:00Z,17.83,18.26,17.68,18.24,7927342,21724,18.1589
2018-04-04T04:00:00Z,18.12,18.445,18.04,18.29,5059323,21414,18.2685
2018-04-05T04:00:00Z,18.34,18.655,18.275,18.45,3554250,14436,18.4948
2018-04-06T04:00:00Z,18.41,18.75,18.165,18.29,4218807,21634,18.3557
2018-04-09T04:00:00Z,18.34,18.56,18.17,18.33,2501817,12672,18.3777
2018-04-10T04:00:00Z,18.28,18.32,18,18.13,3410936,20033,18.1284
2018-04-11T04:00:00Z,18.09,18.37,18.09,18.27,3142656,14869,18.2731
2018-04-12T04:00:00Z,18.33,18.34,17.91,18,2282111,12815,18.0726
2018-04-13T04:00:00Z,18.03,18.14,17.545,17.66,4303559,18934,17.6822
2018-04-16T04:00:00Z,17.83,17.955,17.64,17.72,6263134,21607,17.773
2018-04-17T04:00:00Z,17.86,17.9,17.64,17.83,2993071,15970,17.8178
2018-04-18T04:00:00Z,17.84,18,17.66,17.68,4092350,18506,17.8048
2018-04-19T04:00:00Z,17.4,17.5,16.905,17.17,7591945,30988,17.151
2018-04-20T04:00:00Z,17.1,17.13,16.71,16.76,5589957,23688,16.8825
2018-04-23T04:00:00Z,16.76,16.84,16.56,16.67,5911896,21583,16.6938
2018-04-24T04:00:00Z,16.74,16.83,16.435,16.52,4009048,22975,16.6066
2018-04-25T04:00:00Z,16.51,16.8,16.35,16.76,4298845,19622,16.6726
2018-04-26T04:00:00Z,16.83,16.97,16.67,16.91,2849226,17688,16.8592
2018-04-27T04:00:00Z,16.92,17.08,16.79,17.02,2353085,13730,16.9891
2018-04-30T04:00:00Z,17.05,17.36,17.02,17.35,7797221,27194,17.2762
2018-05-01T04:00:00Z,17.35,17.58,16.835,16.9,6114606,26567,17.0285
2018-05-02T04:00:00Z,16.84,16.84,16.16,16.2,6960050,29789,16.3624
2018-05-03T04:00:00Z,16.14,16.275,15.575,15.94,7970663,37449,15.9056
2018-05-04T04:00:00Z,15.87,16.26,15.825,16.07,5113914,24102,16.0896
2018-05-07T04:00:00Z,16.08,16.285,15.96,16.24,7367873,30508,16.1664
2018-05-08T04:00:00Z,16.25,16.33,15.66,15.9,13769203,32431,15.9573
2018-05-09T04:00:00Z,16.96,17.1,14.09,15.01,23186725,77465,15.3225
2018-05-10T04:00:00Z,15.28,15.28,14.49,14.5,11209452,39101,14.7191
2018-05-11T04:00:00Z,14.3,14.57,14.04,14.3,7758903,37001,14.3392
2018-05-14T04:00:00Z,14.35,14.5,14.105,14.15,6787129,25831,14.2422
2018-05-15T04:00:00Z,14.08,14.15,13.87,14.07,7191551,27589,14.0564
2018-05-16T04:00:00Z,14.19,14.56,14.11,14.51,6793246,29646,14.3869
2018-05-17T04:00:00Z,14.44,14.55,14.13,14.18,6886116,23525,14.2336
2018-05-18T04:00:00Z,14.12,14.17,13.81,14,9901855,32921,13.9694
2018-05-21T04:00:00Z,14.15,14.2,13.915,13.98,9705069,18381,14.0272
2018-05-22T04:00:00Z,14.05,14.15,13.8,13.85,6443697,17143,13.9031
2018-05-23T04:00:00Z,13.8,14.01,13.75,13.88,3381017,14230,13.8724
2018-05-24T04:00:00Z,13.88,13.92,13.58,13.65,5470773,17980,13.7032
2018-05-25T04:00:00Z,13.66,13.735,13.6,13.67,5139399,16641,13.6738
2018-05-29T04:00:00Z,13.58,13.66,13.37,13.45,6607444,23944,13.5145
2018-05-30T04:00:00Z,13.42,13.63,13.29,13.59,4900362,19331,13.4869
2018-05-31T04:00:00Z,13.59,13.61,13.14,13.25,5619582,20623,13.2544
2018-06-01T04:00:00Z,13.26,13.43,13,13.11,12990736,30617,13.0954
2018-06-04T04:00:00Z,13.13,13.53,12.92,13.41,12560373,36647,13.29
2018-06-05T04:00:00Z,13.41,13.51,13.105,13.2,7492339,23346,13.2417
2018-06-06T04:00:00Z,13.19,13.34,13.1,13.23,7781692,23680,13.2134
2018-06-07T04:00:00Z,13.23,13.54,13.14,13.41,6858280,22695,13.4176
2018-06-08T04:00:00Z,13.41,13.93,13.41,13.89,8439690,38344,13.7921
2018-06-11T04:00:00Z,13.89,14.11,13.86,14.1,5197935,22917,14.0278
2018-06-12T04:00:00Z,14.19,14.32,14.05,14.23,9785784,28380,14.2064
2018-06-13T04:00:00Z,14.29,14.37,13.9347,14,9118031,30956,14.0947
2018-06-14T04:00:00Z,14.02,14.3,13.93,14.26,6144758,23056,14.2103
2018-06-15T04:00:00Z,14.19,14.51,14.19,14.5,11525502,27306,14.4398
2018-06-18T04:00:00Z,14.39,14.43,14.025,14.17,5250511,20018,14.1843
2018-06-19T04:00:00Z,14.02,14.49,13.97,14.46,8747116,28687,14.3578
2018-06-20T04:00:00Z,14.54,14.55,14.27,14.45,4270574,19090,14.3818
2018-06-21T04:00:00Z,14.39,14.55,14.28,14.47,7033086,22807,14.4618
2018-06-22T04:00:00Z,14.54,14.78,14.38,14.77,9173760,24276,14.7011
2018-06-25T04:00:00Z,14.65,14.87,14.46,14.5,5320650,22584,14.5428
2018-06-26T04:00:00Z,14.51,14.555,14.17,14.45,4198740,19571,14.4372
2018-06-27T04:00:00Z,14.52,14.79,14.11,14.16,5405466,22350,14.3778
2018-06-28T04:00:00Z,14.13,14.2,13.79,13.97,3938449,21038,13.9683
2018-06-29T04:00:00Z,13.98,14.21,13.81,14.1,3858101,16825,14.1115
2018-07-02T04:00:00Z,14.05,14.05,13.53,13.87,5486951,20915,13.8645
2018-07-03T04:00:00Z,13.91,14.02,13.755,13.94,2874357,13996,13.9032
2018-07-05T04:00:00Z,14,14.185,13.96,14.17,3406760,17345,14.1082
2018-07-06T04:00:00Z,14.1,14.22,14.015,14.16,3088075,15599,14.1468
2018-07-09T04:00:00Z,14.19,14.3,13.975,14.11,6792476,16741,14.1422
2018-07-10T04:00:00Z,14.14,14.45,14.085,14.44,4559469,16501,14.3238
2018-07-11T04:00:00Z,14.42,14.46,13.97,14.05,4361641,15780,14.0854
2018-07-12T04:00:00Z,14.07,14.255,14.03,14.04,2958034,18406,14.08
2018-07-13T04:00:00Z,14.07,14.36,13.995,14.24,2977168,13777,14.2365
2018-07-16T04:00:00Z,14.19,14.28,14.02,14.23,2708914,10781,14.2089
2018-07-17T04:00:00Z,14.23,14.445,14.21,14.23,2109005,9969,14.2852
2018-07-18T04:00:00Z,14.15,14.17,13.505,13.83,5407464,24419,13.7678
2018-07-19T04:00:00Z,13.81,13.995,13.685,13.78,3731875,16257,13.8316
2018-07-20T04:00:00Z,13.8,14.07,13.65,13.95,4287455,14308,13.8537
2018-07-23T04:00:00Z,13.88,14.04,13.87,13.96,3379897,16637,13.9316
2018-07-24T04:00:00Z,13.9,13.935,13.42,13.61,8941863,27906,13.5663
2018-07-25T04:00:00Z,13.61,13.69,13.25,13.48,3903885,19539,13.4332
2018-07-26T04:00:00Z,13.59,13.78,13.43,13.53,4726647,20615,13.5414
2018-07-27T04:00:00Z,13.36,13.595,13.31,13.41,3889753,19196,13.397
2018-07-30T04:00:00Z,13.4,13.51,13.29,13.5,5442331,22508,13.4032
2018-07-31T04:00:00Z,13.5,13.6,13.41,13.41,6449876,21870,13.4745
2018-08-01T04:00:00Z,13.31,13.45,13.26,13.36,5928884,21810,13.3455
2018-08-02T04:00:00Z,13.34,13.56,13.225,13.5,3910947,16597,13.4421
2018-08-03T04:00:00Z,13.6,14.115,13.55,13.94,5063359,22442,13.9281
2018-08-06T04:00:00Z,13.9,13.925,13.55,13.56,2857453,12813,13.6954
2018-08-07T04:00:00Z,13.6,13.69,13.349,13.46,8968254,15514,13.4616
2018-08-08T04:00:00Z,13.5,13.55,13.281,13.38,4298199,15513,13.4111
2018-08-09T04:00:00Z,13.3,13.3,12.02,12.41,13815070,44201,12.439
2018-08-10T04:00:00Z,12.41,12.44,12.04,12.05,4676587,17287,12.1682
2018-08-13T04:00:00Z,12.03,12.12,11.32,11.73,13010551,43596,11.6447
2018-08-14T04:00:00Z,11.77,11.91,11.62,11.77,9396814,35166,11.7503
2018-08-15T04:00:00Z,11.89,11.98,11.2,11.43,11733156,36823,11.4322
2018-08-16T04:00:00Z,10.82,11.5,10.73,11.48,12961735,44175,11.2886
2018-08-17T04:00:00Z,11.51,12.23,11.51,12.22,11111324,34166,12.0749
2018-08-20T04:00:00Z,12.2,12.59,12.12,12.4,10619393,43260,12.3644
2018-08-21T04:00:00Z,11.725,12.19,10.97,11.52,32589153,95793,11.3171
2018-08-22T04:00:00Z,11.55,11.98,11.39,11.72,9851125,42835,11.727
2018-08-23T04:00:00Z,11.65,11.74,11.4,11.64,15841782,42944,11.6093
2018-08-24T04:00:00Z,11.67,12.215,11.64,11.98,10668215,43468,11.9854
2018-08-27T04:00:00Z,12.02,12.325,11.98,12.14,8250065,37523,12.1864
2018-08-28T04:00:00Z,12.98,13.37,12.71,12.71,22122911,60204,12.8567
2018-08-29T04:00:00Z,12.89,13.06,12.69,13,17895332,38436,12.9593
2018-08-30T04:00:00Z,12.83,12.93,12.7,12.74,6791881,25371,12.8179
2018-08-31T04:00:00Z,12.66,12.66,12.01,12.36,9239959,36183,12.3152
2018-09-04T04:00:00Z,12.25,12.3,12.04,12.04,6385263,22315,12.1007
2018-09-05T04:00:00Z,12.05,12.32,11.94,12.19,8555543,24082,12.1907
2018-09-06T04:00:00Z,12.23,12.475,12.1,12.3,6986238,24596,12.3521
2018-09-07T04:00:00Z,12.32,12.44,12.13,12.39,7185926,23256,12.3159
2018-09-10T04:00:00Z,12.44,12.54,12.1,12.1,3949193,18211,12.2023
2018-09-11T04:00:00Z,12.04,12.11,11.83,12,5390797,22715,11.9756
2018-09-12T04:00:00Z,11.99,12.36,11.97,12.35,4760757,20352,12.3025
2018-09-13T04:00:00Z,12.4,12.43,12.27,12.28,4359783,16712,12.3132
2018-09-14T04:00:00Z,12.3,12.32,11.87,11.91,5696568,19719,12.0146
2018-09-17T04:00:00Z,11.92,12.55,11.86,12.31,11339021,39576,12.2725
2018-09-18T04:00:00Z,12.33,12.57,12.18,12.52,7055469,26225,12.4595
2018-09-19T04:00:00Z,12.61,12.97,12.5,12.66,8499170,30776,12.7517
2018-09-20T04:00:00Z,12.68,13.029,12.54,13.01,10007439,28483,12.9318
2018-09-21T04:00:00Z,12.975,13.1285,12.7,13.07,14820499,24161,13.0214
2018-09-24T04:00:00Z,12.98,13.07,12.56,13.03,13749027,41708,12.9168
2018-09-25T04:00:00Z,13.03,13.16,12.73,12.75,19110990,31294,12.8256
2018-09-26T04:00:00Z,12.74,12.82,12.53,12.62,7586074,25029,12.6547
2018-09-27T04:00:00Z,12.61,12.66,12.4501,12.55,3139049,15499,12.563
2018-09-28T04:00:00Z,12.52,12.6,12.38,12.56,5359671,20970,12.5268
2018-10-01T04:00:00Z,12.63,12.63,12.38,12.61,3761351,17195,12.559
2018-10-02T04:00:00Z,12.6,12.83,12.545,12.77,4204014,18644,12.7485
2018-10-03T04:00:00Z,12.81,12.83,12.44,12.48,3954041,18178,12.55
2018-10-04T04:00:00Z,12.35,12.41,11.42,11.45,10327324,44280,11.6287
2018-10-05T04:00:00Z,11.43,11.66,11.34,11.62,7819472,27412,11.5367
2018-10-08T04:00:00Z,11.58,12.01,11.57,11.93,4136015,19209,11.8983
2018-10-09T04:00:00Z,11.92,11.99,11.75,11.83,4882469,20335,11.8455
2018-10-10T04:00:00Z,11.59,11.78,11.435,11.47,6338877,24912,11.5877
2018-10-11T04:00:00Z,11.45,11.54,11.115,11.13,7361064,36800,11.2615
2018-10-12T04:00:00Z,11.26,11.3,10.88,11.03,7392337,30285,11.0608
2018-10-15T04:00:00Z,11.03,11.32,11.03,11.1,6283590,23004,11.1816
2018-10-16T04:00:00Z,11.13,11.365,11.02,11.22,5672490,22338,11.2282
2018-10-17T04:00:00Z,11.2,11.455,11.08,11.21,16567390,36516,11.1887
2018-10-18T04:00:00Z,11.11,11.2,10.76,10.84,7938963,29227,10.912
2018-10-19T04:00:00Z,10.93,11.04,10.485,10.53,11594008,33361,10.6697
2018-10-22T04:00:00Z,10.54,10.7,10.405,10.55,5039305,24049,10.575
2018-10-23T04:00:00Z,10.47,10.75,10.38,10.57,8459427,30456,10.5481
2018-10-24T04:00:00Z,10.59,10.7,10.34,10.35,6054403,26111,10.4731
2018-10-25T04:00:00Z,10.39,10.58,10.33,10.37,4803766,21910,10.437
2018-10-26T04:00:00Z,10.25,10.255,9.89,9.96,6739633,26614,10.0057
2018-10-29T04:00:00Z,10.06,10.17,9.69,9.81,11836342,31243,9.89399
2018-10-30T04:00:00Z,9.88,10.21,9.78,10.19,10881320,43723,10.0223
2018-10-31T04:00:00Z,10.33,10.55,10.15,10.55,9908805,38338,10.435
2018-11-01T04:00:00Z,10.59,10.97,10.48,10.94,6766731,28142,10.8531
2018-11-02T04:00:00Z,10.95,11.18,10.7,10.99,5467580,27145,10.9669
2018-11-05T05:00:00Z,10.99,11.1,10.84,11.06,4409064,19479,11.0056
2018-11-06T05:00:00Z,11.12,11.335,10.95,11.18,6328411,29471,11.2023
2018-11-07T05:00:00Z,9.52,9.62,8.36,8.66,30295545,90490,8.75142
2018-11-08T05:00:00Z,8.72,8.76,8.29,8.3,18114355,43062,8.47081
2018-11-09T05:00:00Z,8.37,8.68,8.35,8.49,15906031,49866,8.5283
2018-11-12T05:00:00Z,8.63,8.99,8.52,8.65,20673237,80535,8.71323
2018-11-13T05:00:00Z,8.67,8.7,8.15,8.16,14791433,52738,8.34418
2018-11-14T05:00:00Z,8.23,8.975,8.2,8.7,29646883,70293,8.68644
2018-11-15T05:00:00Z,8.71,9.04,8.6,8.71,27274254,62720,8.76213
2018-11-16T05:00:00Z,8.72,9.375,8.71,9.09,24348948,59082,9.07574
2018-11-19T05:00:00Z,9.38,9.5,9.11,9.15,14608334,58291,9.23682
2018-11-20T05:00:00Z,9,9.09,8.6,8.63,13017522,56414,8.75813
2018-11-21T05:00:00Z,8.67,8.84,8.6,8.77,8002433,31252,8.75706
2018-11-23T05:00:00Z,8.7,8.75,8.42,8.58,3040486,13148,8.58948
2018-11-26T05:00:00Z,8.6,8.78,8.56,8.68,8096694,29707,8.67065
2018-11-27T05:00:00Z,8.68,8.69,8.49,8.61,8088131,27284,8.60568
2018-11-28T05:00:00Z,8.56,8.72,8.49,8.52,9726315,30714,8.55071
2018-11-29T05:00:00Z,8.42,8.64,8.41,8.52,9447408,30291,8.52406
2018-11-30T05:00:00Z,8.5,8.52,8.255,8.34,10877085,30180,8.33933
2018-12-03T05:00:00Z,8.44,8.72,8.36,8.47,13277502,50043,8.51489
2018-12-04T05:00:00Z,8.5,8.63,7.91,7.93,9711051,38411,8.07517
2018-12-06T05:00:00Z,7.84,7.87,7.55,7.67,13540337,43366,7.64329
2018-12-07T05:00:00Z,7.66,7.69,7.44,7.5,11326582,35098,7.51627
2018-12-10T05:00:00Z,7.5,7.63,7.37,7.59,9203585,27481,7.53171
2018-12-11T05:00:00Z,7.67,7.76,7.46,7.58,6727210,27273,7.60386
2018-12-12T05:00:00Z,7.67,8.05,7.67,7.75,12506574,38320,7.79681
2018-12-13T05:00:00Z,7.74,7.89,7.58,7.6,7897393,29591,7.69239
2018-12-14T05:00:00Z,7.55,7.83,7.29,7.31,11679887,36729,7.49041
2018-12-17T05:00:00Z,7.31,7.3895,6.97,7.07,14205089,45079,7.13385
2018-12-18T05:00:00Z,7.12,7.35,7.0174,7.1,11830271,37890,7.16065
2018-12-19T05:00:00Z,7.11,7.325,6.9,6.96,9721768,32758,7.08628
2018-12-20T05:00:00Z,6.9,6.95,6.38,6.48,13057140,43047,6.57587
2018-12-21T05:00:00Z,6.5,6.65,6.115,6.16,35882459,51351,6.2226
2018-12-24T05:00:00Z,6.15,6.24,6,6.11,5187190,19344,6.12545
2018-12-26T05:00:00Z,6.13,6.43,5.91,6.4,9560284,27716,6.234
2018-12-27T05:00:00Z,6.41,6.42,6.03,6.34,10940890,31141,6.22316
2018-12-28T05:00:00Z,6.41,6.74,6.41,6.49,7956466,29873,6.5232
2018-12-31T05:00:00Z,6.5,6.62,6.385,6.56,6805020,23401,6.52284
2019-01-02T05:00:00Z,6.46,7.01,6.29,6.95,10878722,37914,6.80093
2019-01-03T05:00:00Z,6.9,7.01,6.72,6.79,13938553,42251,6.82875
2019-01-04T05:00:00Z,6.84,7.21,6.81,7.16,10089361,33516,7.09955
2019-01-07T05:00:00Z,7.16,7.58,7.06,7.55,12185303,38301,7.48516
2019-01-08T05:00:00Z,7.75,7.83,7.37,7.52,9096903,28220,7.50892
2019-01-09T05:00:00Z,7.58,7.69,7.31,7.36,9944099,30231,7.40143
2019-01-10T05:00:00Z,7.29,7.365,7.16,7.19,13682890,34482,7.21767
2019-01-11T05:00:00Z,7.21,7.47,7.175,7.24,11569294,28885,7.29173
2019-01-14T05:00:00Z,7.21,7.325,7.11,7.19,6422195,18800,7.22767
2019-01-15T05:00:00Z,7.19,7.36,7.165,7.29,4654266,20620,7.28321
2019-01-16T05:00:00Z,7.29,7.41,7.11,7.23,8410071,18082,7.24038
2019-01-17T05:00:00Z,7.15,7.44,7.11,7.43,6653204,22955,7.36074
2019-01-18T05:00:00Z,7.48,7.73,7.46,7.53,12823858,33643,7.57949
2019-01-22T05:00:00Z,7.55,7.56,7.21,7.25,9710563,31135,7.29194
2019-01-23T05:00:00Z,7.29,7.49,7.16,7.33,11538544,29000,7.30351
2019-01-24T05:00:00Z,7.32,7.35,6.895,7,15219907,35830,7.04204
2019-01-25T05:00:00Z,6.99,7.455,6.99,7.31,12949188,30614,7.32077
2019-01-28T05:00:00Z,7.26,7.34,7.16,7.34,8286681,25465,7.28584
2019-01-29T05:00:00Z,7.37,7.42,7.2,7.21,8438050,21096,7.24594
2019-01-30T05:00:00Z,7.26,7.2963,7.12,7.22,6233895,21342,7.21451
2019-01-31T05:00:00Z,7.21,7.78,7.19,7.76,29911909,65857,7.62744
2019-02-01T05:00:00Z,7.75,7.83,7.465,7.54,9683003,33283,7.56374
2019-02-04T05:00:00Z,7.6,7.75,7.51,7.64,9488040,26188,7.65619
2019-02-05T05:00:00Z,7.76,8.02,7.67,7.81,11101031,39087,7.81503
2019-02-06T05:00:00Z,7.82,7.92,7.415,7.44,16334220,54760,7.57425
2019-02-07T05:00:00Z,7.33,7.49,7.06,7.06,14848698,48929,7.17932
2019-02-08T05:00:00Z,8.76,9.38,8.5,9.33,44432871,136838,9.05235
2019-02-11T05:00:00Z,9.3,9.81,9.24,9.66,22479150,76915,9.62397
2019-02-12T05:00:00Z,11.3,11.36,10.84,10.87,49639770,126427,11.0212
2019-02-13T05:00:00Z,10.97,11.17,10.88,11.17,25509457,61922,11.0684
2019-02-14T05:00:00Z,11.1,11.255,10.98,11.08,12673828,35966,11.1228
2019-02-15T05:00:00Z,11.14,11.25,10.98,11.04,10318445,32011,11.0642
2019-02-19T05:00:00Z,11.04,11.11,10.865,11.04,10978424,30070,11.0017
2019-02-20T05:00:00Z,10.99,11.17,10.97,11.15,8064247,31017,11.1108
2019-02-21T05:00:00Z,11.13,11.29,11.04,11.11,7057704,28988,11.153
2019-02-22T05:00:00Z,11.1,11.29,10.98,11.27,15036968,26487,11.2267
2019-02-25T05:00:00Z,11.31,11.31,10.99,11.16,13857676,24049,11.1484
2019-02-26T05:00:00Z,11.16,11.35,11.16,11.18,9183169,27628,11.2429
2019-02-27T05:00:00Z,11.05,11.245,10.92,11.05,19721545,33951,11.0571
2019-02-28T05:00:00Z,11.09,11.09,10.95,11,8735667,24249,11.0139
2019-03-01T05:00:00Z,11.08,11.12,10.99,11.08,10235049,29225,11.0634
2019-03-04T05:00:00Z,11.13,11.25,11.08,11.18,10156069,22641,11.1707
2019-03-05T05:00:00Z,11.16,11.23,11.01,11.02,5166516,17129,11.0924
2019-03-06T05:00:00Z,11.03,11.075,10.95,10.98,6146049,19474,10.9981
2019-03-07T05:00:00Z,10.98,11.05,10.78,10.86,5381369,18552,10.914
2019-03-08T05:00:00Z,10.85,11.045,10.81,11,4808132,19638,10.9862
2019-03-11T04:00:00Z,11,11.1,10.895,10.92,6328763,18165,10.9338
2019-03-12T04:00:00Z,10.92,11.02,10.88,10.89,8238836,19408,10.9238
2019-03-13T04:00:00Z,10.9,11.11,10.89,11,16415458,20886,11.0134
2019-03-14T04:00:00Z,10.98,11.01,10.945,11,15731524,23333,10.9881
2019-03-15T04:00:00Z,11.03,11.04,10.835,10.89,26689693,27724,10.9217
2019-03-18T04:00:00Z,11.15,11.3,11.04,11.27,33279467,47914,11.2072
2019-03-19T04:00:00Z,11.34,11.5,11.28,11.5,33010421,43550,11.4346
2019-03-20T04:00:00Z,11.48,11.48,11.35,11.39,16375377,31622,11.4026
2019-03-21T04:00:00Z,11.38,11.43,11.27,11.28,22426929,34212,11.3314
2019-03-22T04:00:00Z,11.28,11.37,11.2,11.22,24970640,37559,11.2579
2019-03-25T04:00:00Z,11.22,11.29,11.17,11.23,15755645,23097,11.2361
2019-03-26T04:00:00Z,11.27,11.31,11.23,11.27,25937380,27846,11.2679
2019-03-27T04:00:00Z,11.25,11.42,11.22,11.42,32443285,31249,11.3617
2019-03-28T04:00:00Z,11.42,11.52,11.39,11.5,40973626,41972,11.4566
2019-03-29T04:00:00Z,11.49,11.51,11.37,11.5,74565048,50656,11.4527
2019-04-01T04:00:00Z,11.29,11.4,11.22,11.28,20605149,36885,11.2911
2019-04-02T04:00:00Z,11.2,11.28,11.13,11.25,15276930,28324,11.2113
2019-04-03T04:00:00Z,11.27,11.3,11.16,11.19,11304670,22037,11.2207
2019-04-04T04:00:00Z,11.22,11.32,11.13,11.3,10438823,19849,11.2518
2019-04-05T04:00:00Z,11.32,11.32,11.23,11.26,8704230,18556,11.259
2019-04-08T04:00:00Z,11.28,11.29,11.24,11.29,6691692,16050,11.2743
2019-04-09T04:00:00Z,11.29,11.29,11.19,11.21,7985599,21597,11.2437
2019-04-10T04:00:00Z,11.21,11.24,11.08,11.17,10289996,21245,11.1606
2019-04-11T04:00:00Z,11.18,11.22,11.13,11.18,11064891,19312,11.1659
2019-04-12T04:00:00Z,11.1,11.29,11.08,11.2,12586159,18506,11.2131
2019-04-15T04:00:00Z,11.15,11.2,11.07,11.19,20743089,27815,11.1545
2019-04-16T04:00:00Z,11.22,11.23,11.085,11.18,11134375,16474,11.1743
2019-04-17T04:00:00Z,11.15,11.32,11.13,11.25,11352643,18679,11.2535
2019-04-18T04:00:00Z,11.24,11.29,11.18,11.26,11363235,19188,11.2417
2019-04-22T04:00:00Z,11.25,11.26,11.18,11.22,3960104,11852,11.2173
2019-04-23T04:00:00Z,11.22,11.29,11.21,11.22,6006168,10055,11.2517
2019-04-24T04:00:00Z,11.26,11.3,11.09,11.12,10428909,13454,11.2109
2019-04-25T04:00:00Z,11.16,11.2,11.075,11.1,7052131,16240,11.1219
2019-04-26T04:00:00Z,11.18,11.28,11.14,11.26,11813355,19543,11.2267
2019-04-29T04:00:00Z,10.99,11.02,10.74,10.86,48199159,49588,10.8638
2019-04-30T04:00:00Z,10.89,10.94,10.72,10.82,43384894,125926,10.8158
2019-05-01T04:00:00Z,10.89,10.99,10.74,10.84,36123393,37945,10.8343
2019-05-02T04:00:00Z,10.87,10.95,10.7559,10.84,13821621,22767,10.8495
2019-05-03T04:00:00Z,10.9,12.7177,10.885,11.48,45068164,107733,11.5902
2019-05-06T04:00:00Z,11.26,12.23,11.17,12.14,36354144,93669,11.9935
2019-05-07T04:00:00Z,12.05,12.38,11.75,12.25,33207186,90630,12.1908
2019-05-08T04:00:00Z,11.7,12.01,11.15,11.58,27832587,94031,11.6441
2019-05-09T04:00:00Z,11.54,11.79,11.21,11.57,19509992,58342,11.5646
2019-05-10T04:00:00Z,11.67,11.9,11.48,11.73,51969155,65836,11.6938
2019-05-13T04:00:00Z,11.46,11.795,11.32,11.73,15200233,51892,11.687
2019-05-14T04:00:00Z,11.83,12.25,11.8,12.12,19072830,57407,12.0695
2019-05-15T04:00:00Z,12.23,13.29,12.16,13.29,25921157,77614,12.8908
2019-05-16T04:00:00Z,13.4,13.59,13.1,13.24,11463555,44903,13.293
2019-05-17T04:00:00Z,13.21,14.135,13.18,13.5,23526737,72567,13.662
2019-05-20T04:00:00Z,13.48,13.73,13.2,13.5,11545577,38656,13.5129
2019-05-21T04:00:00Z,13.56,13.7,13.36,13.51,9358522,24879,13.5083
2019-05-22T04:00:00Z,13.4,13.4,12.725,13.12,14101507,45682,13.0558
2019-05-23T04:00:00Z,13.03,13.25,12.885,13.11,5026621,22767,13.0727
2019-05-24T04:00:00Z,13.15,13.25,12.91,13.08,3746815,15698,13.068
2019-05-28T04:00:00Z,13.02,13.37,13.01,13.01,9177302,26845,13.0908
2019-05-29T04:00:00Z,12.97,13.01,12.5,12.62,8195473,37741,12.6988
2019-05-30T04:00:00Z,12.69,12.84,12.49,12.57,6001177,21542,12.6129
2019-05-31T04:00:00Z,12.48,12.62,12.19,12.34,7315878,27450,12.3498
2019-06-03T04:00:00Z,12.38,12.61,12.22,12.58,6407182,25757,12.5078
2019-06-04T04:00:00Z,13.08,13.1,12.67,13.03,7286881,28346,12.9473
2019-06-05T04:00:00Z,13.04,13.13,12.755,13.07,6227089,24115,13.0053
2019-06-06T04:00:00Z,13.08,13.57,12.97,13.51,6341831,23197,13.4238
2019-06-07T04:00:00Z,13.5,13.74,13.44,13.52,5625548,24277,13.5697
2019-06-10T04:00:00Z,13.71,13.71,13.42,13.51,3796874,22499,13.5489
2019-06-11T04:00:00Z,13.52,13.6,13.31,13.4,4141429,19668,13.4142
2019-06-12T04:00:00Z,13.39,13.63,13.31,13.35,3544308,17737,13.4332
2019-06-13T04:00:00Z,13.32,13.7,13.25,13.68,2782414,11944,13.5787
2019-06-14T04:00:00Z,13.64,13.71,13.48,13.58,2937169,12951,13.592
2019-06-17T04:00:00Z,13.62,13.789,13.54,13.61,3363262,15276,13.6538
2019-06-18T04:00:00Z,13.69,13.79,13.585,13.73,2543587,12889,13.7021
2019-06-19T04:00:00Z,13.75,13.815,13.415,13.47,6180696,23003,13.5071
2019-06-20T04:00:00Z,13.56,13.67,13.42,13.49,6467012,24926,13.5064
2019-06-21T04:00:00Z,13.47,13.5,13.01,13.08,18409846,25279,13.1492
2019-06-24T04:00:00Z,13.24,13.265,12.94,13,6379662,28110,13.0415
2019-06-25T04:00:00Z,12.96,13.32,12.93,13.19,5862257,26620,13.1765
2019-06-26T04:00:00Z,13.19,13.38,13.01,13.12,6256561,28620,13.1666
2019-06-27T04:00:00Z,13.16,13.235,13.03,13.15,3485498,16099,13.1485
2019-06-28T04:00:00Z,13.15,13.48,13.12,13.4,8152688,28461,13.3579
2019-07-01T04:00:00Z,13.53,13.54,10.86,11.59,27264125,97854,11.6425
2019-07-02T04:00:00Z,11.1,11.825,11.1,11.7,12430504,43480,11.5753
2019-07-03T04:00:00Z,11.62,11.78,11.525,11.67,3465524,18739,11.6628
2019-07-05T04:00:00Z,11.55,11.64,11.255,11.55,8504984,31830,11.5209
2019-07-08T04:00:00Z,11.5,11.52,11.305,11.45,7783088,26394,11.4194
2019-07-09T04:00:00Z,11.4,11.49,11.24,11.42,7713565,28308,11.3773
2019-07-10T04:00:00Z,11.5,11.52,11.2343,11.3,5202315,16406,11.3145
2019-07-11T04:00:00Z,11.28,11.36,11.185,11.24,5977486,15826,11.2366
2019-07-12T04:00:00Z,11.23,11.34,11.03,11.12,5239949,19875,11.1465
2019-07-15T04:00:00Z,11.14,11.4,11.05,11.11,7111478,18336,11.1382
2019-07-16T04:00:00Z,11.11,11.265,11.07,11.14,5028434,19237,11.1636
2019-07-17T04:00:00Z,11.13,11.25,10.9873,11.05,3080205,12151,11.0946
2019-07-18T04:00:00Z,11.06,11.12,10.94,11.05,4093119,17727,11.0199
2019-07-19T04:00:00Z,11.1,11.27,11,11.07,5575820,16842,11.1254
2019-07-22T04:00:00Z,11.1,11.295,10.92,10.96,4152813,15479,10.9979
2019-07-23T04:00:00Z,11,11.04,10.85,10.94,3757633,12471,10.9564
2019-07-24T04:00:00Z,10.93,11.04,10.865,11.01,6393305,14392,11.0002
2019-07-25T04:00:00Z,10.97,11.17,10.95,11,4310329,16188,11.0252
2019-07-26T04:00:00Z,11.04,11.18,10.89,11.1,3161512,14740,11.0423
2019-07-29T04:00:00Z,11.1,11.17,10.95,11,2741119,11435,11.0207
2019-07-30T04:00:00Z,11,11.38,10.995,11.19,5472435,25383,11.2216
2019-07-31T04:00:00Z,11.16,11.195,10.735,10.91,8671265,28286,10.9525
2019-08-01T04:00:00Z,10.9,11.04,10.84,10.88,4340785,21226,10.9186
2019-08-02T04:00:00Z,10.9,10.9,10.585,10.7,4105930,18298,10.7106
2019-08-05T04:00:00Z,10.59,10.62,10.12,10.15,7020705,24928,10.2393
2019-08-06T04:00:00Z,10.28,10.37,10.03,10.29,5131535,22970,10.238
2019-08-07T04:00:00Z,10.22,10.48,10.105,10.44,5313511,18349,10.3815
2019-08-08T04:00:00Z,10.48,10.64,10.41,10.42,4472799,16281,10.4559
2019-08-09T04:00:00Z,10.41,10.45,10.16,10.37,2606876,18628,10.3232
2019-08-12T04:00:00Z,10.29,10.29,9.83,9.94,2569324,14307,10.005
2019-08-13T04:00:00Z,9.8,9.99,9.67,9.67,8041230,31401,9.78298
2019-08-14T04:00:00Z,9.58,9.61,9.285,9.54,7189644,32951,9.50045
2019-08-15T04:00:00Z,9.56,9.61,9,9.01,7711252,28029,9.13287
2019-08-16T04:00:00Z,9.05,9.14,8.96,9.11,5244961,21559,9.08473
2019-08-19T04:00:00Z,9.41,9.45,9.16,9.19,6314545,26372,9.2724
2019-08-20T04:00:00Z,9.08,9.085,8.71,8.81,9658416,30012,8.83357
2019-08-21T04:00:00Z,8.87,9.06,8.77,8.85,4254515,21185,8.86344
2019-08-22T04:00:00Z,8.87,9.05,8.85,8.92,3140496,14777,8.94319
2019-08-23T04:00:00Z,8.89,8.92,8.61,8.68,5705042,26984,8.71829
2019-08-26T04:00:00Z,8.72,8.81,8.7,8.75,3053898,15791,8.74072
2019-08-27T04:00:00Z,8.84,8.8638,8.75,8.8,8714503,29862,8.78812
2019-08-28T04:00:00Z,9.37,9.41,9.02,9.33,10918355,46792,9.25496
2019-08-29T04:00:00Z,9.37,9.46,9.17,9.35,6681853,30224,9.34694
2019-08-30T04:00:00Z,9.45,9.64,9.44,9.55,6006327,26336,9.53947
2019-09-03T04:00:00Z,9.5,9.6,9.065,9.11,9445341,37527,9.28585
2019-09-04T04:00:00Z,9.12,9.41,9.01,9.39,6130861,27506,9.25156
2019-09-05T04:00:00Z,9.9,9.98,9.58,9.91,7716360,24958,9.83132
2019-09-06T04:00:00Z,9.75,10.16,9.75,10.02,5379035,26663,10.0327
2019-09-09T04:00:00Z,10.03,10.3,9.98,10.27,5197790,26731,10.2059
2019-09-10T04:00:00Z,10.18,10.63,10.18,10.58,9537256,37457,10.5076
2019-09-11T04:00:00Z,10.55,10.745,10.35,10.74,4926406,21895,10.6241
2019-09-12T04:00:00Z,10.8,10.8,10.51,10.58,3864346,18051,10.5938
2019-09-13T04:00:00Z,10.57,10.725,10.57,10.66,2624179,13661,10.6644
2019-09-16T04:00:00Z,10.59,10.885,10.55,10.85,4765447,18024,10.8029
2019-09-17T04:00:00Z,10.81,10.81,10.455,10.56,3619667,19496,10.5456
2019-09-18T04:00:00Z,10.55,10.66,10.36,10.49,2715583,15151,10.4843
2019-09-19T04:00:00Z,10.47,10.47,10.17,10.27,3767410,18326,10.2843
2019-09-20T04:00:00Z,10.27,10.38,10.14,10.17,8478562,20531,10.1961
2019-09-23T04:00:00Z,10.07,10.36,10,10.35,3235456,13541,10.3026
2019-09-24T04:00:00Z,10.39,10.5,10.32,10.42,3044405,17034,10.4288
2019-09-25T04:00:00Z,10.46,10.545,10.41,10.49,2170774,11331,10.4804
2019-09-26T04:00:00Z,10.49,10.52,10.33,10.36,3330571,11690,10.383
2019-09-27T04:00:00Z,10.47,10.6,10.37,10.53,2727064,11475,10.5009
2019-09-30T04:00:00Z,10.4,10.67,10.36,10.51,4044235,13403,10.5441
2019-10-01T04:00:00Z,10.54,10.63,10.285,10.6,5643580,28274,10.5069
2019-10-02T04:00:00Z,10.51,10.51,10.03,10.05,3594837,18576,10.1261
2019-10-03T04:00:00Z,10.02,10.24,9.85,10.24,2098288,12743,10.1077
2019-10-04T04:00:00Z,10.29,10.36,10.18,10.33,2118093,12569,10.2861
2019-10-07T04:00:00Z,10.33,10.525,10.31,10.34,2413708,14932,10.3969
2019-10-08T04:00:00Z,10.24,10.32,10.08,10.18,2328883,20571,10.2123
2019-10-09T04:00:00Z,10.22,10.25,10,10.07,2854378,15405,10.0898
2019-10-10T04:00:00Z,10.1,10.16,10.01,10.07,3558891,13359,10.0889
2019-10-11T04:00:00Z,10.18,10.66,10.09,10.57,3797567,21076,10.4912
2019-10-14T04:00:00Z,10.61,10.895,10.57,10.65,3278102,14255,10.6711
2019-10-15T04:00:00Z,10.63,10.63,10.355,10.38,3456809,16560,10.4323
2019-10-16T04:00:00Z,10.43,10.495,10.28,10.3,3939299,15987,10.346
2019-10-17T04:00:00Z,10.32,10.39,10.16,10.2,2197641,12151,10.2215
2019-10-18T04:00:00Z,10.15,10.265,10.06,10.12,3592714,14440,10.143
2019-10-21T04:00:00Z,11,11.65,10.7,11.48,18240488,54404,11.4357
2019-10-22T04:00:00Z,11.68,11.93,11.4,11.91,7675526,29918,11.774
2019-10-23T04:00:00Z,11.9,11.97,11.68,11.9,4374305,24560,11.8339
2019-10-24T04:00:00Z,11.9,11.9,11.66,11.78,2974001,16091,11.7438
2019-10-25T04:00:00Z,11.74,11.9,11.53,11.76,3180426,18076,11.6956
2019-10-28T04:00:00Z,11.7,11.9,11.7,11.79,3450096,13743,11.8215
2019-10-29T04:00:00Z,11.74,11.83,11.56,11.67,3460778,17837,11.6669
2019-10-30T04:00:00Z,11.66,11.805,11.55,11.63,3861827,17712,11.6571
2019-10-31T04:00:00Z,11.63,11.72,11.5,11.69,4336158,15394,11.6378
2019-11-01T04:00:00Z,11.71,11.805,11.5,11.67,5084816,16639,11.6646
2019-11-04T05:00:00Z,11.77,11.82,11.44,11.45,5640489,20336,11.5515
2019-11-05T05:00:00Z,11.48,11.63,11.4,11.46,7030591,26233,11.505
2019-11-06T05:00:00Z,11.95,13.42,11.39,13.02,25551339,92430,12.9061
2019-11-07T05:00:00Z,13.14,13.14,12.81,13,7992634,38737,12.9715
2019-11-08T05:00:00Z,12.94,13,12.79,12.84,5971788,28463,12.8648
2019-11-11T05:00:00Z,12.78,12.84,12.34,12.42,4464919,21237,12.4894
2019-11-12T05:00:00Z,12.42,12.6,12.32,12.41,5274769,20531,12.4475
2019-11-13T05:00:00Z,12.36,12.42,12.17,12.24,4240744,23235,12.2796
2019-11-14T05:00:00Z,12.25,12.37,12.17,12.21,4241018,19242,12.221
2019-11-15T05:00:00Z,12.07,12.11,11.78,11.91,3511758,14631,11.8939
2019-11-18T05:00:00Z,12,12.49,11.8608,12.22,8334490,37637,12.1661
2019-11-19T05:00:00Z,12.27,12.29,11.93,11.97,5524506,22155,12.0217
2019-11-20T05:00:00Z,11.93,12.0657,11.91,11.95,5194066,17290,11.9715
2019-11-21T05:00:00Z,11.99,12.4,11.76,11.85,11664131,38433,11.9732
2019-11-22T05:00:00Z,11.89,11.97,11.53,11.53,4005018,19559,11.6339
2019-11-25T05:00:00Z,11.6,11.62,11.42,11.48,6437249,21540,11.5091
2019-11-26T05:00:00Z,11.54,11.86,11.48,11.54,7387488,21811,11.5739
2019-11-27T05:00:00Z,11.52,11.64,11.52,11.55,2982120,13997,11.5671
2019-11-29T05:00:00Z,11.55,11.62,11.52,11.54,1497441,5512,11.5567
2019-12-02T05:00:00Z,11.52,11.59,11.3,11.58,3680260,18659,11.4919
2019-12-03T05:00:00Z,11.44,11.63,11.32,11.6,6240770,25733,11.5238
2019-12-04T05:00:00Z,11.56,11.84,11.545,11.58,5372207,17777,11.6334
2019-12-05T05:00:00Z,11.6,11.77,11.56,11.77,4838306,21216,11.7309
2019-12-06T05:00:00Z,11.85,12,11.85,11.87,3254002,16772,11.9074
2019-12-09T05:00:00Z,11.84,11.88,11.695,11.82,2452455,13176,11.796
2019-12-10T05:00:00Z,11.82,11.84,11.48,11.62,4201107,18205,11.6309
2019-12-11T05:00:00Z,11.6,11.69,11.5,11.57,4615772,17119,11.5963
2019-12-12T05:00:00Z,11.56,11.68,11.42,11.67,6288794,18592,11.5929
2019-12-13T05:00:00Z,11.56,11.56,11.07,11.08,6898616,24652,11.1859
2019-12-16T05:00:00Z,11.14,11.21,10.87,11.01,10293481,31574,11.0459
2019-12-17T05:00:00Z,11,11.35,10.91,11.15,8043555,24051,11.1682
2019-12-18T05:00:00Z,11.14,11.27,10.99,11.19,5033667,20396,11.1735
2019-12-19T05:00:00Z,11.19,11.5,11.1527,11.47,6760391,19500,11.4103
2019-12-20T05:00:00Z,11.53,11.74,11.45,11.48,20130864,24715,11.5173
2019-12-23T05:00:00Z,11.59,11.6,10.94,11.01,3897160,15324,11.0871
2019-12-24T05:00:00Z,11,11.0651,10.91,10.94,1253640,6422,10.9645
2019-12-26T05:00:00Z,10.95,11.07,10.89,10.93,2228878,10965,10.95
2019-12-27T05:00:00Z,10.97,10.975,10.735,10.97,2701175,15179,10.8885
2019-12-30T05:00:00Z,10.96,11.135,10.86,11.05,3285614,15281,11.0451
2019-12-31T05:00:00Z,11.04,11.25,11,11.25,2689401,11074,11.2106
2020-01-02T05:00:00Z,11.45,11.46,10.94,11.05,3976865,16832,11.0298
2020-01-03T05:00:00Z,10.93,11.095,10.9,11.06,4388044,16192,11.0214
2020-01-06T05:00:00Z,11,11.01,10.76,10.85,3810475,18433,10.8574
2020-01-07T05:00:00Z,10.81,10.92,10.71,10.72,3492737,16571,10.7845
2020-01-08T05:00:00Z,10.69,10.73,10.39,10.52,5671659,21325,10.5132
2020-01-09T05:00:00Z,10.52,10.76,10.39,10.75,4896058,16149,10.6614
2020-01-10T05:00:00Z,10.77,10.77,10.56,10.6,2798329,14670,10.6242
2020-01-13T05:00:00Z,10.55,10.67,10.36,10.46,6217433,19224,10.5021
2020-01-14T05:00:00Z,10.45,10.73,10.29,10.7,13787613,30547,10.5121
2020-01-15T05:00:00Z,10.74,11.43,10.74,11.37,7285870,27431,11.2862
2020-01-16T05:00:00Z,11.4,11.5,11.31,11.43,3074946,17724,11.4039
2020-01-17T05:00:00Z,11.44,11.46,10.93,11.03,4102717,18527,11.0767
2020-01-21T05:00:00Z,10.99,11.04,10.64,10.86,4960900,15971,10.8218
2020-01-22T05:00:00Z,10.87,10.88,10.65,10.77,4566703,16969,10.7543
2020-01-23T05:00:00Z,10.71,10.81,10.53,10.71,5329372,20425,10.7034
2020-01-24T05:00:00Z,10.73,10.85,10.45,10.54,5847403,22128,10.5528
2020-01-27T05:00:00Z,10.44,10.52,10.05,10.21,12420458,34271,10.2002
2020-01-28T05:00:00Z,10.23,10.59,10.17,10.5,5171001,23316,10.4403
2020-01-29T05:00:00Z,10.54,10.6,10.4,10.47,5204383,22166,10.4757
2020-01-30T05:00:00Z,10.4,10.405,10.065,10.28,5151360,20900,10.2256
2020-01-31T05:00:00Z,10.29,10.39,10.205,10.26,6233980,27284,10.2698
2020-02-03T05:00:00Z,10.29,10.56,10.24,10.56,4582292,22763,10.472
2020-02-04T05:00:00Z,10.65,10.82,10.57,10.64,5857017,24599,10.689
2020-02-05T05:00:00Z,11.7,13.01,11.64,12.18,19150518,72239,12.1966
2020-02-06T05:00:00Z,12.31,12.48,12.07,12.09,5891514,30751,12.1908
2020-02-07T05:00:00Z,12,12.34,11.78,12.03,7264497,29350,12.0308
2020-02-10T05:00:00Z,12,12.255,11.895,11.97,4255180,20602,12.0133
2020-02-11T05:00:00Z,12,12.08,11.88,11.95,3342350,18289,11.951
2020-02-12T05:00:00Z,11.95,11.97,11.74,11.81,4528587,21453,11.8191
2020-02-13T05:00:00Z,11.66,11.79,11.53,11.54,4830684,17294,11.6026
2020-02-14T05:00:00Z,11.44,11.48,11.27,11.41,3008972,13136,11.3886
2020-02-18T05:00:00Z,11.52,11.68,11.43,11.54,3595010,13650,11.5483
2020-02-19T05:00:00Z,11.71,11.78,11.42,11.49,3944083,13594,11.5436
2020-02-20T05:00:00Z,11.45,11.54,11.315,11.42,5004616,18383,11.419
2020-02-21T05:00:00Z,11.37,11.3899,11.17,11.24,3484517,12640,11.2521
2020-02-24T05:00:00Z,10.9,10.925,10.645,10.7,5090284,21902,10.7438
2020-02-25T05:00:00Z,10.72,10.758,10.325,10.45,7622130,26552,10.4761
2020-02-26T05:00:00Z,10.48,10.51,10.02,10.03,8228746,32665,10.1867
2020-02-27T05:00:00Z,9.93,10.06,9.5,9.67,7657152,33623,9.77983
2020-02-28T05:00:00Z,9.29,9.65,9.14,9.23,11251685,47524,9.30803
2020-03-02T05:00:00Z,9.28,9.31,8.905,9.3,8598690,37819,9.14906
2020-03-03T05:00:00Z,9.36,9.44,8.825,8.86,7445784,38891,9.02276
2020-03-04T05:00:00Z,8.95,9.21,8.84,9.2,4842178,22208,9.08627
2020-03-05T05:00:00Z,8.86,9.08,8.79,8.91,6633910,31087,8.90271
2020-03-06T05:00:00Z,8.62,9.1,8.5,8.6,6073964,27250,8.70215
2020-03-09T04:00:00Z,8.08,8.31,7.65,7.67,4107292,17137,7.82804
2020-03-10T04:00:00Z,7.93,8.11,7.51,8.01,5103998,27556,7.82809
2020-03-11T04:00:00Z,7.79,7.905,7.41,7.44,8172254,45331,7.62521
2020-03-12T04:00:00Z,6.89,6.99,6.02,6.69,7754079,34646,6.3389
2020-03-13T04:00:00Z,6.79,7.81,6.77,7.77,11206593,48733,7.29851
2020-03-16T04:00:00Z,6.82,7,5.87,5.92,9346301,38936,6.29399
2020-03-17T04:00:00Z,5.96,6.1,4.97,5.45,12126200,54173,5.37989
2020-03-18T04:00:00Z,5.05,5.05,3.02,3.74,15837213,54089,3.72287
2020-03-19T04:00:00Z,3.97,4.28,3.3701,4.02,15316111,53633,3.89725
2020-03-20T04:00:00Z,4.16,4.85,3.8,4.48,17970617,70084,4.42992
2020-03-23T04:00:00Z,4.54,5.477,4.38,5.15,10872428,65855,5.03717
2020-03-24T04:00:00Z,5.77,6.02,5.01,5.1,12363194,63065,5.27983
2020-03-25T04:00:00Z,5.19,5.63,4.61,5.38,10358978,46450,5.2983
2020-03-26T04:00:00Z,5.46,7.36,5.4,6.68,14785220,75461,6.43882
2020-03-27T04:00:00Z,6.35,6.57,5.905,6.31,8456793,42418,6.23628
2020-03-30T04:00:00Z,6.17,6.23,5.17,5.41,7836179,38978,5.40361
2020-03-31T04:00:00Z,5.53,5.79,5.05,5.16,7479717,33078,5.26191
2020-04-01T04:00:00Z,4.96,4.975,4.44,4.46,10447444,43212,4.60431
2020-04-02T04:00:00Z,4.53,5.221,4.2706,4.46,9597575,40303,4.62213
2020-04-03T04:00:00Z,4.48,4.66,4.3,4.6,6343953,33879,4.48205
2020-04-06T04:00:00Z,5.06,5.25,4.82,5,6377830,37367,5.01376
2020-04-07T04:00:00Z,5.5,6.57,5.44,5.56,10559805,55110,5.76862
2020-04-08T04:00:00Z,5.8,5.95,5.68,5.88,6484057,39830,5.81991
2020-04-09T04:00:00Z,6.19,6.35,5.97,6.02,8096213,45449,6.10512
2020-04-13T04:00:00Z,5.99,5.99,5.51,5.79,4863423,25853,5.7248
2020-04-14T04:00:00Z,5.96,6.42,5.86,6.29,6083599,35228,6.20156
2020-04-15T04:00:00Z,5.95,5.973,5.61,5.78,5077822,26785,5.77864
2020-04-16T04:00:00Z,5.72,5.75,5.52,5.72,4213612,19654,5.64215
2020-04-17T04:00:00Z,5.9003,6.1,5.59,5.75,5576795,25504,5.78203
2020-04-20T04:00:00Z,5.58,5.95,5.33,5.68,4974799,24474,5.72404
2020-04-21T04:00:00Z,5.5,5.77,5.32,5.67,4489086,24369,5.64271
2020-04-22T04:00:00Z,5.84,5.92,5.36,5.59,3662249,19865,5.54585
2020-04-23T04:00:00Z,5.55,6.065,5.5,5.93,5510710,21797,5.89931
2020-04-24T04:00:00Z,5.98,6.36,5.92,6.27,15741057,38673,6.24358
2020-04-27T04:00:00Z,6,6.1961,5.39,5.44,15925356,55101,5.66533
2020-04-28T04:00:00Z,5.76,5.88,5.54,5.81,21795853,53280,5.75482
2020-04-29T04:00:00Z,5.95,5.97,5.29,5.46,32107085,91384,5.62002
2020-04-30T04:00:00Z,5.45,5.495,5.22,5.45,10728295,38891,5.4307
2020-05-01T04:00:00Z,5.33,5.39,5.1,5.18,6588638,33773,5.21003
2020-05-04T04:00:00Z,5.05,5.42,4.86,5.33,14352768,42948,5.26743
2020-05-05T04:00:00Z,5.44,5.45,5.2,5.23,10516469,32718,5.274
2020-05-06T04:00:00Z,5.27,5.33,4.87,4.89,5350531,25829,5.01297
2020-05-07T04:00:00Z,4.97,5.185,4.895,4.93,8142872,34552,5.01637
2020-05-08T04:00:00Z,5.1,5.295,5.02,5.2,10864301,39456,5.19694
2020-05-11T04:00:00Z,5.73,5.73,4.76,4.78,23788258,74993,5.02533
2020-05-12T04:00:00Z,4.91,4.92,4.31,4.33,15881549,59747,4.53143
2020-05-13T04:00:00Z,4.1,4.14,3.6,3.66,28236501,83463,3.77225
2020-05-14T04:00:00Z,3.71,3.72,3.265,3.36,22327050,72733,3.42419
2020-05-15T04:00:00Z,3.36,3.42,3.22,3.29,20117898,58871,3.28972
2020-05-18T04:00:00Z,3.51,3.57,3.34,3.42,21637060,63075,3.44479
2020-05-19T04:00:00Z,3.47,3.47,3.24,3.25,19528131,57017,3.30197
2020-05-20T04:00:00Z,3.29,3.37,3.16,3.28,22622100,50407,3.27006
2020-05-21T04:00:00Z,3.33,3.47,3.25,3.33,26007367,43923,3.33487
2020-05-22T04:00:00Z,3.51,3.88,3.46,3.75,31706233,71738,3.64591
2020-05-26T04:00:00Z,4.18,4.38,4,4.28,28624512,72863,4.18889
2020-05-27T04:00:00Z,4.45,4.66,4.2,4.51,29835310,81488,4.45946
2020-05-28T04:00:00Z,4.48,4.49,4.12,4.19,31282375,84845,4.3151
2020-05-29T04:00:00Z,4.06,4.06,3.6,3.63,75634719,124978,3.72177
2020-06-01T04:00:00Z,4.01,4.44,3.86,4.39,56965705,126197,4.29794
2020-06-02T04:00:00Z,4.5,4.63,4.18,4.19,33192334,79774,4.35123
2020-06-03T04:00:00Z,4.46,4.83,4.31,4.75,49547838,103770,4.57257
2020-06-04T04:00:00Z,5.04,5.26,4.675,4.84,47309020,111770,4.95126
2020-06-05T04:00:00Z,5.19,5.2,4.94,5.08,35212879,79502,5.06464
2020-06-08T04:00:00Z,5.4,6.27,5.27,6.21,42802979,121274,5.95291
2020-06-09T04:00:00Z,5.99,6.01,5.36,5.63,30458533,101023,5.63061
2020-06-10T04:00:00Z,5.69,5.7,5.04,5.16,29102630,80224,5.24268
2020-06-11T04:00:00Z,4.58,4.97,4.41,4.58,21674321,64655,4.69332
2020-06-12T04:00:00Z,4.94,5.09,4.65,4.87,17479061,54935,4.84384
2020-06-15T04:00:00Z,4.55,4.86,4.42,4.77,28172642,70843,4.66485
2020-06-16T04:00:00Z,5.18,5.22,4.86,5.04,16747010,53714,5.05267
2020-06-17T04:00:00Z,4.92,5.04,4.79,4.84,13876485,36618,4.89152
2020-06-18T04:00:00Z,4.6,4.93,4.55,4.7,11876129,34770,4.74161
2020-06-19T04:00:00Z,4.78,4.955,4.63,4.72,27411927,45728,4.76117
2020-06-22T04:00:00Z,4.66,4.73,4.53,4.62,14816216,34565,4.60658
2020-06-23T04:00:00Z,4.63,4.7,4.51,4.65,19405089,37310,4.61759
2020-06-24T04:00:00Z,4.59,4.59,4.29,4.33,14657896,40506,4.4008
2020-06-25T04:00:00Z,4.21,4.49,4.1599,4.36,11108871,31844,4.33602
2020-06-26T04:00:00Z,4.36,4.41,4,4.18,13452752,31664,4.20258
2020-06-29T04:00:00Z,4.81,4.82,4.46,4.74,35179148,101196,4.66403
2020-06-30T04:00:00Z,4.69,4.76,4.38,4.47,21230256,56638,4.50396
2020-07-01T04:00:00Z,4.44,4.6895,4.31,4.32,18146986,43722,4.44243
2020-07-02T04:00:00Z,4.55,4.59,4.37,4.45,13187429,37639,4.47289
2020-07-06T04:00:00Z,4.51,4.53,4.3,4.45,11662750,35168,4.40123
2020-07-07T04:00:00Z,4.35,4.385,4.21,4.27,10919441,31835,4.28513
2020-07-08T04:00:00Z,4.21,4.31,4.11,4.28,10731315,30784,4.21651
2020-07-09T04:00:00Z,4.39,4.4,4.1,4.1,14385612,35312,4.155
2020-07-10T04:00:00Z,4.05,4.28,4.04,4.22,9270063,30074,4.20289
2020-07-13T04:00:00Z,4.25,4.37,4.15,4.27,11931929,35173,4.2709
2020-07-14T04:00:00Z,4.22,4.3,4.1418,4.2,8176078,24728,4.21281
2020-07-15T04:00:00Z,4.3,4.48,4.28,4.4,18757479,37614,4.40437
2020-07-16T04:00:00Z,4.32,4.42,4.28,4.3,7150600,24252,4.33468
2020-07-17T04:00:00Z,4.34,4.35,4.18,4.2,7347532,23279,4.23658
2020-07-20T04:00:00Z,4.16,4.26,3.98,4.01,12758476,33112,4.06069
2020-07-21T04:00:00Z,4.09,4.24,4.07,4.12,10254347,28415,4.16386
2020-07-22T04:00:00Z,4.12,4.17,4.06,4.12,7480936,22850,4.12138
2020-07-23T04:00:00Z,4.1,4.25,4.06,4.17,7138113,19183,4.15604
2020-07-24T04:00:00Z,4.13,4.2,3.98,4.01,13044116,28333,4.04289
2020-07-27T04:00:00Z,4,4.01,3.87,4.01,10324992,30779,3.94884
2020-07-28T04:00:00Z,3.95,4.12,3.94,4.07,8157826,24221,4.04596
2020-07-29T04:00:00Z,4.03,4.04,3.85,3.87,13443949,37156,3.90878
2020-07-30T04:00:00Z,3.81,3.95,3.76,3.82,11568894,30466,3.84825
2020-07-31T04:00:00Z,3.8,3.85,3.67,3.71,9056641,29797,3.72847
2020-08-03T04:00:00Z,3.69,3.73,3.53,3.68,11408693,38386,3.64442
2020-08-04T04:00:00Z,3.65,3.915,3.605,3.83,10237042,31012,3.80001
2020-08-05T04:00:00Z,3.86,3.95,3.8,3.95,6341495,21040,3.89032
2020-08-06T04:00:00Z,3.9,4,3.88,3.95,5630819,17758,3.93989
2020-08-07T04:00:00Z,3.9,4,3.84,4,5586584,16382,3.92721
2020-08-10T04:00:00Z,4,4.245,3.961,4.24,8876835,29308,4.16548
2020-08-11T04:00:00Z,4.35,4.53,4.17,4.2,11198299,35132,4.33015
2020-08-12T04:00:00Z,4.22,4.25,4.1,4.17,6512503,22418,4.16352
2020-08-13T04:00:00Z,4.1,4.19,4.09,4.11,4759527,15156,4.12204
2020-08-14T04:00:00Z,4.06,4.27,4.02,4.19,6155486,19509,4.16128
2020-08-17T04:00:00Z,4.15,4.15,3.92,3.98,9910522,24798,4.0055
2020-08-18T04:00:00Z,3.93,4.06,3.93,3.94,4922097,15718,3.98463
2020-08-19T04:00:00Z,3.92,4.0129,3.86,3.87,6601787,21224,3.91787
2020-08-20T04:00:00Z,3.83,3.88,3.7824,3.8,5787468,19639,3.81562
2020-08-21T04:00:00Z,3.79,3.87,3.74,3.79,7135159,20131,3.78855
2020-08-24T04:00:00Z,3.85,3.99,3.75,3.99,8763202,29336,3.88934
2020-08-25T04:00:00Z,4.02,4.0483,3.86,3.92,6528927,25171,3.90821
2020-08-26T04:00:00Z,3.94,3.97,3.83,3.85,9119069,29846,3.87983
2020-08-27T04:00:00Z,3.53,3.74,3.46,3.54,29120616,69924,3.54676
2020-08-28T04:00:00Z,3.61,3.72,3.57,3.71,15740016,41677,3.65297
2020-08-31T04:00:00Z,3.75,3.76,3.56,3.58,13062438,34972,3.61814
2020-09-01T04:00:00Z,3.56,3.61,3.4801,3.59,11117418,31742,3.54758
2020-09-02T04:00:00Z,3.55,3.6208,3.5,3.52,10841375,32558,3.5381
2020-09-03T04:00:00Z,3.56,3.75,3.555,3.64,15328603,43895,3.66241
2020-09-04T04:00:00Z,3.75,3.915,3.67,3.87,19076787,48858,3.82161
2020-09-08T04:00:00Z,3.83,3.92,3.74,3.79,17040152,50313,3.83601
2020-09-09T04:00:00Z,3.82,3.82,3.6,3.7,14103492,38182,3.67338
2020-09-10T04:00:00Z,3.7,3.79,3.65,3.66,9128623,30732,3.7139
2020-09-11T04:00:00Z,3.7,3.7,3.5,3.51,10801166,31995,3.57313
2020-09-14T04:00:00Z,3.57,3.58,3.36,3.39,17972730,49377,3.41765
2020-09-15T04:00:00Z,3.39,3.4596,3.18,3.18,28438661,64497,3.26853
2020-09-16T04:00:00Z,3.22,3.3,3.17,3.25,15553161,47827,3.24933
2020-09-17T04:00:00Z,3.21,3.27,3.14,3.22,15169647,43064,3.20347
2020-09-18T04:00:00Z,3.21,3.21,3.04,3.05,128363456,64982,3.0669
2020-09-21T04:00:00Z,3.05,3.22,3,3.02,22148255,47915,3.07002
2020-09-22T04:00:00Z,3.02,3.32,3.02,3.09,18561449,42126,3.14289
2020-09-23T04:00:00Z,3.21,3.26,2.915,2.92,21798021,42437,3.02839
2020-09-24T04:00:00Z,2.89,2.9,2.65,2.77,20031921,41553,2.79629
2020-09-25T04:00:00Z,2.81,2.85,2.68,2.7,13926628,34007,2.73148
2020-09-28T04:00:00Z,2.75,2.83,2.69,2.75,13080658,26003,2.75318
2020-09-29T04:00:00Z,2.77,2.77,2.65,2.65,10795164,29595,2.68038
2020-09-30T04:00:00Z,2.75,2.82,2.685,2.7,13407433,28694,2.73641
2020-10-01T04:00:00Z,2.7,2.88,2.6998,2.85,11720812,27295,2.81859
2020-10-02T04:00:00Z,2.73,2.93,2.7,2.91,9757439,23729,2.85889
2020-10-05T04:00:00Z,2.95,3.025,2.88,3,10114820,25676,2.96731
2020-10-06T04:00:00Z,3.08,3.225,3.03,3.04,14706006,31585,3.11523
2020-10-07T04:00:00Z,3.13,3.39,3.13,3.33,16394677,33918,3.28838
2020-10-08T04:00:00Z,3.53,3.82,3.435,3.74,32671560,66166,3.67937
2020-10-09T04:00:00Z,3.8,3.83,3.5,3.55,19767066,41032,3.59557
2020-10-12T04:00:00Z,3.53,3.55,3.37,3.39,10733939,27395,3.45075
2020-10-13T04:00:00Z,3.29,3.3629,3.26,3.28,8115978,18685,3.30261
2020-10-14T04:00:00Z,3.23,3.397,3.18,3.34,6733432,20600,3.33513
2020-10-15T04:00:00Z,3.26,3.36,3.24,3.29,6939430,15743,3.29721
2020-10-16T04:00:00Z,3.3,3.35,3.23,3.26,5602895,14597,3.26841
2020-10-19T04:00:00Z,3.24,3.34,3.21,3.21,7715033,17197,3.26621
2020-10-20T04:00:00Z,3.26,3.335,3.22,3.24,5168011,14260,3.26461
2020-10-21T04:00:00Z,3.21,3.28,3.18,3.26,4889296,18284,3.24071
2020-10-22T04:00:00Z,3.32,3.37,3.2101,3.36,6219443,17442,3.29791
2020-10-23T04:00:00Z,3.38,3.45,3.315,3.39,6479180,19087,3.38384
2020-10-26T04:00:00Z,3.32,3.32,3.1,3.16,9477386,24546,3.1773
2020-10-27T04:00:00Z,3.15,3.175,3.07,3.08,6454169,18937,3.1154
2020-10-28T04:00:00Z,3,3.04,2.9401,2.95,6955049,24680,2.98299
2020-10-29T04:00:00Z,2.96,3.02,2.87,2.98,13925765,32231,2.96669
2020-10-30T04:00:00Z,2.95,3.05,2.9,2.9,7374004,20347,2.93579
2020-11-02T05:00:00Z,2.96,3.07,2.89,3.05,7875101,25549,3.00158
2020-11-03T05:00:00Z,3.1,3.19,3.06,3.14,8355201,21452,3.12929
2020-11-04T05:00:00Z,3.11,3.11,3,3.02,8179660,17791,3.04564
2020-11-05T05:00:00Z,3.06,3.41,3.05,3.34,11293183,32250,3.29447
2020-11-06T05:00:00Z,3.79,4.16,3.71,4.08,50420530,109273,3.9583
2020-11-09T05:00:00Z,4.46,4.62,4.09,4.45,38685717,94609,4.41061
2020-11-10T05:00:00Z,4.46,4.56,4.16,4.28,17885345,49567,4.31651
2020-11-11T05:00:00Z,4.3,4.71,4.3,4.63,20852575,49286,4.56466
2020-11-12T05:00:00Z,4.55,4.59,4.37,4.43,10103326,30437,4.47456
2020-11-13T05:00:00Z,4.48,4.83,4.47,4.79,13133114,38093,4.70831
2020-11-16T05:00:00Z,4.98,5.34,4.87,5.32,28078417,74249,5.13818
2020-11-17T05:00:00Z,5.15,5.225,4.875,5.11,17702979,46092,5.09168
2020-11-18T05:00:00Z,5.22,5.57,5.22,5.3,15367588,49916,5.40944
2020-11-19T05:00:00Z,5.8,6.35,5.72,6.25,55764829,142348,6.10972
2020-11-20T05:00:00Z,6.3,6.35,5.7286,6.05,22513690,64129,6.13046
2020-11-23T05:00:00Z,6.28,6.885,6.17,6.86,22424042,61455,6.65966
2020-11-24T05:00:00Z,7.49,7.61,6.98,7.55,28054207,92892,7.36579
2020-11-25T05:00:00Z,7.15,7.39,6.95,7.26,22572758,67341,7.11296
2020-11-27T05:00:00Z,6.52,7.08,6.36,6.89,20215929,48891,6.82924
2020-11-30T05:00:00Z,6.81,7.48,6.81,7.19,20392223,61904,7.22625
2020-12-01T05:00:00Z,7.42,7.42,6.93,6.97,15136359,49130,7.07369
2020-12-02T05:00:00Z,6.87,7.42,6.78,7.39,11968859,38922,7.24653
2020-12-03T05:00:00Z,7.44,7.71,7.43,7.53,15163041,44391,7.60107
2020-12-04T05:00:00Z,7.65,7.86,7.582,7.75,11389896,37151,7.73426
2020-12-07T05:00:00Z,7.51,7.85,7.395,7.45,11876374,41083,7.55387
2020-12-08T05:00:00Z,7.22,7.24,6.76,7.15,16121553,52852,7.08572
2020-12-09T05:00:00Z,7.24,7.4,7.12,7.17,8931115,33145,7.24408
2020-12-10T05:00:00Z,6.92,7.16,6.89,7.13,6445143,25851,7.09291
2020-12-11T05:00:00Z,7.1,7.2457,6.805,6.91,8714409,26212,6.9592
2020-12-14T05:00:00Z,7.22,7.27,6.57,6.66,12396324,35226,6.77969
2020-12-15T05:00:00Z,6.74,7,6.605,6.88,9232406,24169,6.83653
2020-12-16T05:00:00Z,6.9,6.95,6.78,6.82,7938314,21533,6.85924
2020-12-17T05:00:00Z,6.84,6.97,6.62,6.86,11144732,30468,6.8059
2020-12-18T05:00:00Z,6.9,7.0776,6.78,6.99,14233550,29576,6.95186
2020-12-21T05:00:00Z,6.71,6.85,6.51,6.79,14141757,42510,6.6677
2020-12-22T05:00:00Z,6.88,7.69,6.69,7.25,31343210,84646,7.28651
2020-12-23T05:00:00Z,7.4,7.73,7.26,7.41,12647114,42843,7.45117
2020-12-24T05:00:00Z,7.43,7.44,7.06,7.18,5593377,20872,7.17058
2020-12-28T05:00:00Z,7.28,7.36,7.03,7.05,7363958,25498,7.13599
2020-12-29T05:00:00Z,7.07,7.165,6.83,6.86,7467722,26391,6.92659
2020-12-30T05:00:00Z,6.9,7.149,6.85,6.99,6237328,21719,6.99522
2020-12-31T05:00:00Z,6.98,7.17,6.8828,7.02,6454813,18621,7.03431
2021-01-04T05:00:00Z,7.05,7.05,6.64,6.76,10075536,36887,6.75937
2021-01-05T05:00:00Z,6.76,6.96,6.76,6.89,7280151,28227,6.8637
2021-01-06T05:00:00Z,6.95,7.26,6.8211,6.96,11032569,40392,7.01076
2021-01-07T05:00:00Z,7.08,7.23,6.98,7,8631376,31240,7.07933
2021-01-08T05:00:00Z,6.9716,7.06,6.73,6.81,8690447,29234,6.84722
2021-01-11T05:00:00Z,6.64,6.8799,6.58,6.81,6461752,26727,6.77263
2021-01-12T05:00:00Z,6.8,6.95,6.68,6.92,6738705,26499,6.81598
2021-01-13T05:00:00Z,7.02,7.56,6.97,7.15,16100571,55209,7.29449
2021-01-14T05:00:00Z,7.26,7.38,7.12,7.17,6806266,28000,7.21864
2021-01-15T05:00:00Z,7.16,7.19,6.87,6.9,7437504,29996,6.98049
2021-01-19T05:00:00Z,7,7.07,6.83,6.9,6655637,25253,6.91531
2021-01-20T05:00:00Z,6.93,6.97,6.73,6.89,5749084,20777,6.8689
2021-01-21T05:00:00Z,6.93,6.99,6.81,6.89,6594228,24976,6.89529
2021-01-22T05:00:00Z,6.81,6.81,6.2,6.33,31422328,78222,6.41275
2021-01-25T05:00:00Z,6.37,6.96,6.3,6.86,19547693,72606,6.71705
2021-01-26T05:00:00Z,6.89,6.95,6.625,6.78,11201266,42087,6.76445
2021-01-27T05:00:00Z,6.68,7.13,6.565,6.87,16524581,64884,6.87251
2021-01-28T05:00:00Z,6.87,7.1,6.64,6.75,10568577,46773,6.77593
2021-01-29T05:00:00Z,6.72,6.78,6.355,6.37,12775826,49646,6.47974
2021-02-01T05:00:00Z,6.5,6.675,6.22,6.56,16277643,51775,6.45777
2021-02-02T05:00:00Z,6.69,6.77,6.495,6.67,14491461,43045,6.63424
2021-02-03T05:00:00Z,6.65,6.78,6.46,6.76,12444490,40123,6.60376
2021-02-04T05:00:00Z,6.73,6.89,6.59,6.89,11618371,43330,6.72611
2021-02-05T05:00:00Z,7.03,7.77,6.98,7.64,29382364,94868,7.49428
2021-02-08T05:00:00Z,7.7476,8.2,7.7,7.94,23913793,88459,7.9202
2021-02-09T05:00:00Z,7,7.38,6.47,6.74,57386646,166142,6.73361
2021-02-10T05:00:00Z,6.92,6.95,6.4822,6.57,25003266,75892,6.6404
2021-02-11T05:00:00Z,6.62,6.95,6.52,6.95,32910191,71692,6.81548
2021-02-12T05:00:00Z,6.77,6.95,6.67,6.78,9495574,36513,6.75916
2021-02-16T05:00:00Z,6.92,7.34,6.83,7.18,22454646,75307,7.139
2021-02-17T05:00:00Z,7.4,7.52,7.09,7.26,25985465,73835,7.31244
2021-02-18T05:00:00Z,7,7.25,6.93,7.14,13443879,45257,7.12875
2021-02-19T05:00:00Z,7.25,7.74,7.23,7.69,17102952,58232,7.57536
2021-02-22T05:00:00Z,7.65,8.17,7.59,8.07,18057389,69266,7.97956
2021-02-23T05:00:00Z,7.57,7.96,7.2768,7.92,14276934,50660,7.6981
2021-02-24T05:00:00Z,7.95,8.32,7.85,8.22,17114468,56407,8.16272
2021-02-25T05:00:00Z,8.36,8.37,7.65,7.8,13296734,45369,7.91409
2021-02-26T05:00:00Z,7.76,7.86,7.43,7.67,11538856,43072,7.67289
2021-03-01T05:00:00Z,7.95,8.28,7.86,8.07,14377083,52971,8.11027
2021-03-02T05:00:00Z,8.06,8.19,7.94,7.95,6792431,25458,8.04203
2021-03-03T05:00:00Z,7.97,8.25,7.85,8.15,8755420,31005,8.09018
2021-03-04T05:00:00Z,8.15,8.53,7.64,7.82,14923964,62082,7.98165
2021-03-05T05:00:00Z,7.96,7.98,7.16,7.82,12660108,50525,7.5912
2021-03-08T05:00:00Z,7.83,7.99,7.59,7.81,10556789,44991,7.80606
2021-03-09T05:00:00Z,8.05,8.7,7.98,8.53,18856644,68683,8.46748
2021-03-10T05:00:00Z,8.68,8.9,8.45,8.75,11521979,44008,8.69503
2021-03-11T05:00:00Z,8.87,8.87,8.6311,8.85,6856850,31587,8.7844
2021-03-12T05:00:00Z,8.82,9.03,8.785,8.97,7766924,34537,8.95175
2021-03-15T04:00:00Z,9.09,9.6,9.06,9.37,10161484,41833,9.38362
2021-03-16T04:00:00Z,9.32,9.34,8.88,9.02,7927088,33562,9.07485
2021-03-17T04:00:00Z,8.9,9.215,8.84,9.16,6303747,29467,9.06025
2021-03-18T04:00:00Z,9.13,9.13,8.515,8.52,9789773,38692,8.77779
2021-03-19T04:00:00Z,8.5,8.845,8.425,8.8,8465445,30441,8.70763
2021-03-22T04:00:00Z,8.8,8.825,8.58,8.7,6366887,28285,8.69636
2021-03-23T04:00:00Z,8.56,8.575,8.205,8.28,9548363,36424,8.34261
2021-03-24T04:00:00Z,8.37,8.5,8.11,8.12,8034062,33140,8.2974
2021-03-25T04:00:00Z,7.94,8.62,7.86,8.59,8306589,40634,8.36633
2021-03-26T04:00:00Z,8.65,8.935,8.535,8.78,9089003,40936,8.75319
2021-03-29T04:00:00Z,8.79,9.19,8.79,8.93,6872520,31533,8.95903
2021-03-30T04:00:00Z,8.87,9.18,8.695,9.15,6909830,28983,9.03074
2021-03-31T04:00:00Z,9.03,9.115,8.96,9.01,8965974,25025,9.02383
2021-04-01T04:00:00Z,9.07,9.11,8.905,8.97,5049011,22333,8.97993
2021-04-05T04:00:00Z,9.11,9.13,8.76,9.07,5483566,25119,9.00388
2021-04-06T04:00:00Z,9.07,9.07,8.83,8.85,7802157,28126,8.90836
2021-04-07T04:00:00Z,8.85,8.87,8.6,8.69,6124974,24768,8.69151
2021-04-08T04:00:00Z,8.67,8.805,8.56,8.78,5281344,20919,8.72467
2021-04-09T04:00:00Z,8.74,8.79,8.53,8.67,4888408,23151,8.63888
2021-04-12T04:00:00Z,8.65,8.77,8.56,8.7,4655669,23802,8.66197
2021-04-13T04:00:00Z,8.61,8.7,8.46,8.65,3625356,20270,8.58317
2021-04-14T04:00:00Z,8.62,8.825,8.56,8.65,3879452,21168,8.70679
2021-04-15T04:00:00Z,8.75,9.31,8.55,9.13,19130279,59978,9.08774
2021-04-16T04:00:00Z,9.23,9.25,8.89,9,6309753,37812,9.04147
2021-04-19T04:00:00Z,8.94,9.09,8.94,9.09,51887,2,8.94
2021-04-20T04:00:00Z,8.96,9.03,8.51,8.69,9426552,37293,8.73754
2021-04-21T04:00:00Z,8.69,9.175,8.5991,9.09,6704829,30430,9.03958
2021-04-22T04:00:00Z,9.14,9.46,9.1,9.2,9837275,39106,9.31429
2021-04-23T04:00:00Z,9.27,10.16,9.18,9.91,18476707,70115,9.91349
2021-04-26T04:00:00Z,9.99,10.065,9.58,9.86,8180273,36534,9.86261
2021-04-27T04:00:00Z,10.09,10.39,9.98,10.22,8914459,40716,10.2465
2021-04-28T04:00:00Z,10.17,10.355,10.1,10.28,5687412,28160,10.2649
2021-04-29T04:00:00Z,10.32,10.345,10.04,10.18,5436852,27380,10.1682
2021-04-30T04:00:00Z,10.33,10.49,9.91,10.01,6500674,25511,10.0878
2021-05-03T04:00:00Z,10.05,10.27,9.97,10.25,7111923,30591,10.1422
2021-05-04T04:00:00Z,10.2,10.2,9.75,10.01,6250070,28185,9.96334
2021-05-05T04:00:00Z,10.15,10.165,9.805,9.83,5624692,26359,9.94228
2021-05-06T04:00:00Z,9.84,10,9.63,9.99,4974680,24566,9.85858
2021-05-07T04:00:00Z,9.99,10.35,9.88,10.34,7104424,27695,10.2267
2021-05-10T04:00:00Z,9.3,10,8.97,9,20484945,82978,9.34796
2021-05-11T04:00:00Z,8.75,9.34,8.6,9.21,10291770,44404,9.00027
2021-05-12T04:00:00Z,9.01,9.125,8.66,8.69,10079021,39623,8.85083
2021-05-13T04:00:00Z,8.79,8.98,8.3,8.65,8571206,37817,8.62216
2021-05-14T04:00:00Z,8.8,9.005,8.705,8.95,5702228,29320,8.89605
2021-05-17T04:00:00Z,8.93,8.96,8.69,8.91,7296447,33840,8.86116
2021-05-18T04:00:00Z,8.92,9.015,8.75,8.78,7307198,34792,8.87849
2021-05-19T04:00:00Z,8.8,8.81,8.45,8.52,13571202,57220,8.53906
2021-05-20T04:00:00Z,8.49,8.69,8.41,8.47,11532051,50217,8.50805
2021-05-21T04:00:00Z,8.57,8.64,8.41,8.43,9576723,42272,8.47996
2021-05-24T04:00:00Z,8.45,8.785,8.32,8.65,9577507,39299,8.64553
2021-05-25T04:00:00Z,8.68,8.83,8.53,8.56,7786899,36370,8.65178
2021-05-26T04:00:00Z,8.6,8.88,8.54,8.84,7473496,30145,8.81409
2021-05-27T04:00:00Z,8.94,8.96,8.77,8.89,6754085,28330,8.88755
2021-05-28T04:00:00Z,8.99,9.08,8.87,8.91,8860830,38975,8.95259
2021-06-01T04:00:00Z,9.1,9.205,9.01,9.05,8706800,36137,9.08689
2021-06-02T04:00:00Z,9.08,9.125,8.87,8.95,8074977,39334,8.96328
2021-06-03T04:00:00Z,8.92,8.93,8.7,8.81,7958080,35697,8.80409
2021-06-04T04:00:00Z,8.89,8.92,8.7,8.73,5719269,27428,8.74762
2021-06-07T04:00:00Z,8.76,9.06,8.73,9.01,11213022,50434,8.95938
2021-06-08T04:00:00Z,9.07,9.49,9,9.12,15905666,63730,9.22264
2021-06-09T04:00:00Z,9.19,9.19,8.8,8.8,8631401,35763,8.94249
2021-06-10T04:00:00Z,8.83,8.92,8.65,8.67,11866279,41075,8.73679
2021-06-11T04:00:00Z,8.71,9.07,8.71,9.04,9151236,34973,8.93373
2021-06-14T04:00:00Z,9.12,9.325,9.04,9.21,8157532,40469,9.22543
2021-06-15T04:00:00Z,9.2,9.35,8.77,8.81,11387726,43726,8.91532
2021-06-16T04:00:00Z,8.8,9.125,8.67,8.8,8368785,35244,8.83125
2021-06-17T04:00:00Z,8.8,8.93,8.53,8.57,6975629,32629,8.66466
2021-06-18T04:00:00Z,8.49,8.57,8.375,8.41,6964341,22354,8.44806
2021-06-21T04:00:00Z,8.5,8.68,8.44,8.67,3690416,19322,8.59086
2021-06-22T04:00:00Z,8.68,8.74,8.47,8.65,2979192,16550,8.58216
2021-06-23T04:00:00Z,8.65,9.26,8.65,9.07,11403818,46911,9.03679
2021-06-24T04:00:00Z,9.16,9.56,9.08,9.43,9746300,40100,9.36801
2021-06-25T04:00:00Z,9.4,9.58,9.25,9.44,10679000,33228,9.46678
2021-06-28T04:00:00Z,9.51,9.53,9.02,9.02,6907197,29058,9.13439
2021-06-29T04:00:00Z,9.05,9.2,8.89,8.91,5321486,24133,9.00942
2021-06-30T04:00:00Z,8.88,9.5,8.86,9.34,12576747,37176,9.29937
2021-07-01T04:00:00Z,9.36,9.67,9.28,9.31,8038571,33464,9.41845
2021-07-02T04:00:00Z,9.3,9.3,8.89,8.89,7106994,30791,8.99119
2021-07-06T04:00:00Z,8.92,8.92,8.6,8.66,7441732,27031,8.711
2021-07-07T04:00:00Z,8.66,8.8,8.48,8.68,4733408,23344,8.65831
2021-07-08T04:00:00Z,8.45,8.82,8.25,8.74,6962865,30198,8.64149
2021-07-09T04:00:00Z,8.83,9,8.77,8.9,5075525,21696,8.9007
2021-07-12T04:00:00Z,8.81,8.89,8.64,8.83,2839344,14842,8.8005
2021-07-13T04:00:00Z,8.78,8.82,8.57,8.65,4402368,18615,8.65603
2021-07-14T04:00:00Z,8.675,8.89,8.65,8.73,5499967,29010,8.74568
2021-07-15T04:00:00Z,8.7,8.71,8.32,8.58,6905578,30203,8.48401
2021-07-16T04:00:00Z,8.66,8.72,8.38,8.44,4586065,22035,8.53227
2021-07-19T04:00:00Z,8.17,8.4,8.04,8.31,9195058,37156,8.21534
2021-07-20T04:00:00Z,8.45,8.71,8.27,8.67,6249521,25791,8.60745
2021-07-21T04:00:00Z,8.79,9.08,8.73,9,7337142,32804,8.9849
2021-07-22T04:00:00Z,8.96,8.99,8.62,8.69,4064313,19179,8.74884
2021-07-23T04:00:00Z,8.71,8.75,8.52,8.72,4040968,16876,8.67914
2021-07-26T04:00:00Z,8.71,8.905,8.66,8.89,3036409,14756,8.83466
2021-07-27T04:00:00Z,8.78,8.81,8.61,8.7,2440392,13167,8.67471
2021-07-28T04:00:00Z,8.78,8.995,8.71,8.9,4925475,20171,8.87837
2021-07-29T04:00:00Z,8.87,8.99,8.79,8.85,2839971,14380,8.89847
2021-07-30T04:00:00Z,8.81,8.96,8.71,8.73,3390293,16652,8.8047
2021-08-02T04:00:00Z,8.83,8.96,8.51,8.53,4630100,20963,8.67773
2021-08-03T04:00:00Z,8.51,8.565,8.31,8.53,4331957,17767,8.46479
2021-08-04T04:00:00Z,8.4,8.44,8,8.07,7171568,30755,8.16352
2021-08-05T04:00:00Z,8.19,8.635,8.17,8.5,5729584,29194,8.49446
2021-08-06T04:00:00Z,8.56,8.64,8.46,8.6,3384892,18264,8.58132
2021-08-09T04:00:00Z,8.52,8.54,8.38,8.46,2406358,14937,8.47064
2021-08-10T04:00:00Z,8.44,8.63,8.39,8.57,5260234,21404,8.56212
2021-08-11T04:00:00Z,8.55,8.575,8.315,8.49,5869122,24168,8.46647
2021-08-12T04:00:00Z,8.5,8.525,8.255,8.35,6343530,24033,8.35286
2021-08-13T04:00:00Z,8.33,8.365,8.18,8.25,6102166,23010,8.25466
2021-08-16T04:00:00Z,8.15,8.2,8.01,8.07,6059334,25652,8.08111
2021-08-17T04:00:00Z,7.995,8.01,7.83,7.9,6544671,29275,7.90586
2021-08-18T04:00:00Z,7.99,8.17,7.91,7.96,5164681,26818,8.03514
2021-08-19T04:00:00Z,7.85,7.97,7.72,7.76,5391687,24504,7.8084
2021-08-20T04:00:00Z,7.73,7.915,7.69,7.86,4286859,22355,7.83349
2021-08-23T04:00:00Z,7.86,8.08,7.795,7.93,7075499,31781,7.95133
2021-08-24T04:00:00Z,7.93,8.26,7.91,8.17,12384089,44361,8.1145
2021-08-25T04:00:00Z,8.22,8.48,8.06,8.23,10975456,40810,8.29606
2021-08-26T04:00:00Z,8.65,9.95,8.35,9.44,37004661,140724,9.42512
2021-08-27T04:00:00Z,9.29,9.63,9.13,9.51,10922699,48336,9.44028
2021-08-30T04:00:00Z,9.59,9.69,9.365,9.52,6417846,28002,9.5086
2021-08-31T04:00:00Z,9.57,9.85,9.53,9.77,10424752,33522,9.7478
2021-09-01T04:00:00Z,9.81,10.02,9.705,9.73,7201433,35421,9.82863
2021-09-02T04:00:00Z,9.8,9.885,9.52,9.6,5571884,27444,9.63962
2021-09-03T04:00:00Z,9.49,9.64,9.28,9.48,5398339,21820,9.44812
2021-09-07T04:00:00Z,9.5,9.59,9.27,9.28,5163211,27364,9.34367
2021-09-08T04:00:00Z,8.36,8.48,8.2,8.29,55037649,155293,8.34178
2021-09-09T04:00:00Z,8.37,8.5,8.22,8.46,21046762,70520,8.43159
2021-09-10T04:00:00Z,8.45,8.63,8.2041,8.23,14753108,55890,8.36179
2021-09-13T04:00:00Z,8.3,8.52,8.25,8.49,9984118,40711,8.41477
2021-09-14T04:00:00Z,8.44,8.495,8.18,8.31,8151469,34068,8.28299
2021-09-15T04:00:00Z,8.27,8.455,8.065,8.41,10917502,44746,8.30378
2021-09-16T04:00:00Z,8.37,8.45,8.23,8.31,6040650,26529,8.32566
2021-09-17T04:00:00Z,8.31,8.46,8.28,8.35,11202978,31565,8.35948
2021-09-20T04:00:00Z,8.15,8.235,7.91,8.04,11369171,47293,8.07072
2021-09-21T04:00:00Z,8.11,8.165,7.885,7.98,10267770,40019,8.01656
2021-09-22T04:00:00Z,8.06,8.505,8.03,8.32,13212249,54716,8.33798
2021-09-23T04:00:00Z,8.34,8.53,8.24,8.25,8848063,38369,8.3636
2021-09-24T04:00:00Z,8.21,8.29,7.97,8.01,23938428,46287,8.03433
2021-09-27T04:00:00Z,8.04,8.3,8.04,8.1,6699755,28991,8.19938
2021-09-28T04:00:00Z,8.02,8.17,7.98,8.03,8562893,33200,8.06657
2021-09-29T04:00:00Z,8.05,8.075,7.83,7.94,8227078,32096,7.93213
2021-09-30T04:00:00Z,7.95,8.035,7.7,7.86,14797012,44347,7.85757
2021-10-01T04:00:00Z,8.35,8.55,8,8.18,18532486,67910,8.21412
2021-10-04T04:00:00Z,8.05,8.24,8.03,8.14,9876747,40594,8.14492
2021-10-05T04:00:00Z,8.17,8.3,8.051,8.15,9143557,27022,8.15761
2021-10-06T04:00:00Z,8.03,8.215,7.975,8.16,6325972,27470,8.10977
2021-10-07T04:00:00Z,8.25,8.3,8.02,8.18,10519472,38514,8.15129
2021-10-08T04:00:00Z,8.16,8.23,7.96,7.97,8228440,27963,8.03458
2021-10-11T04:00:00Z,7.96,7.98,7.71,7.72,9458291,41629,7.78561
2021-10-12T04:00:00Z,7.7,7.79,7.565,7.69,7671491,33035,7.69571
2021-10-13T04:00:00Z,7.75,7.765,7.53,7.54,6319327,25994,7.60197
2021-10-14T04:00:00Z,7.52,8.1,7.5,7.86,13873250,50774,7.83191
2021-10-15T04:00:00Z,7.96,8.12,7.81,7.83,6127808,26370,7.96257
2021-10-18T04:00:00Z,7.78,7.87,7.71,7.71,5024291,23089,7.77436
2021-10-19T04:00:00Z,7.71,7.74,7.46,7.47,11122000,43099,7.55138
2021-10-20T04:00:00Z,7.46,7.81,7.46,7.73,11212186,40173,7.72062
2021-10-21T04:00:00Z,7.7,7.94,7.67,7.91,9109375,34984,7.79612
2021-10-22T04:00:00Z,7.86,8.135,7.86,8.08,8264405,35487,8.05894
2021-10-25T04:00:00Z,8.12,8.12,8,8,355359,98,8.0112
2021-10-26T04:00:00Z,8.355,8.6855,8.24,8.58,15121695,57570,8.48273
2021-10-27T04:00:00Z,8.52,8.59,8.235,8.24,6457206,31143,8.32961
2021-10-28T04:00:00Z,8.25,8.5,8.165,8.48,4719825,22628,8.41385
2021-10-29T04:00:00Z,8.47,8.6,8.32,8.48,5170994,22646,8.47117
2021-11-01T04:00:00Z,8.51,8.73,8.495,8.71,5901244,27301,8.64688
2021-11-02T04:00:00Z,8.66,8.725,8.45,8.69,5541341,24860,8.65987
2021-11-03T04:00:00Z,8.74,9.18,8.69,9.1,9290532,42333,9.03624
2021-11-04T04:00:00Z,9.14,9.22,8.88,9,9585505,42269,9.01824
2021-11-05T04:00:00Z,9.1,9.32,9.06,9.29,9553093,38647,9.19775
2021-11-08T05:00:00Z,10.09,10.71,9.99,10.69,35414316,134227,10.4212
2021-11-09T05:00:00Z,10.82,10.85,10.33,10.81,17164195,70563,10.6435
2021-11-10T05:00:00Z,10.35,10.8,10.28,10.47,30424934,103798,10.5422
2021-11-11T05:00:00Z,10.56,10.8,10.46,10.79,10036445,43556,10.7001
2021-11-12T05:00:00Z,10.9,11,10.74,10.81,8211261,37277,10.8465
2021-11-15T05:00:00Z,10.9,11.02,10.785,10.96,8506574,38201,10.9223
2021-11-16T05:00:00Z,10.96,10.97,10.69,10.7,7941816,32538,10.7801
2021-11-17T05:00:00Z,11.08,11.12,10.64,10.81,12010579,53171,10.8445
2021-11-18T05:00:00Z,10.8,11,10.53,10.77,16773818,55929,10.783
2021-11-19T05:00:00Z,10.68,10.85,10.34,10.35,10560731,48391,10.4815
2021-11-22T05:00:00Z,10.52,10.52,10.02,10.27,8581564,42298,10.2625
2021-11-23T05:00:00Z,10.18,10.36,10.09,10.25,6240221,32481,10.2071
2021-11-24T05:00:00Z,10.14,10.38,10.01,10.3,4281339,23534,10.2694
2021-11-26T05:00:00Z,9.58,9.845,9.48,9.64,8053019,38652,9.65021
2021-11-29T05:00:00Z,9.92,10.03,9.655,9.97,7530190,36119,9.91044
2021-11-30T05:00:00Z,9.82,9.945,9.43,9.73,11671363,45548,9.67778
2021-12-01T05:00:00Z,9.91,9.95,9.3,9.31,10189493,47693,9.53165
2021-12-02T05:00:00Z,9.47,9.69,9.29,9.67,8003113,34610,9.54848
2021-12-03T05:00:00Z,9.67,9.82,9.275,9.4,7524316,37285,9.45657
2021-12-06T05:00:00Z,9.59,9.93,9.47,9.8,5893535,33004,9.7953
2021-12-07T05:00:00Z,10.03,10.17,9.97,10.03,5206030,28738,10.0616
2021-12-08T05:00:00Z,9.98,10.345,9.88,10.27,5884995,31251,10.2303
2021-12-09T05:00:00Z,10.17,10.44,10.12,10.13,3992790,22693,10.2221
2021-12-10T05:00:00Z,10.22,10.35,10.045,10.15,5485600,26125,10.1511
2021-12-13T05:00:00Z,9.96,10.045,9.52,9.66,5712264,26286,9.67864
2021-12-14T05:00:00Z,9.74,9.99,9.67,9.82,6651744,33122,9.84459
2021-12-15T05:00:00Z,9.82,9.98,9.58,9.97,5649990,29650,9.80665
2021-12-16T05:00:00Z,9.97,10.03,9.63,9.7,5159704,27858,9.7885
2021-12-17T05:00:00Z,9.59,9.86,9.5,9.73,9595105,28706,9.71863
2021-12-20T05:00:00Z,9.58,9.64,9.33,9.49,5438978,26125,9.43979
2021-12-21T05:00:00Z,9.64,10.22,9.61,10.12,7031603,34291,10.0538
2021-12-22T05:00:00Z,10.16,10.4,10.09,10.37,5523435,26608,10.3283
2021-12-23T05:00:00Z,10.41,10.58,10.39,10.52,3539373,20144,10.5151
2021-12-27T05:00:00Z,10.4,10.58,10.381,10.49,3152438,19240,10.4908
2021-12-28T05:00:00Z,10.45,10.63,10.42,10.48,2520633,15187,10.5013
2021-12-29T05:00:00Z,10.5,10.545,10.34,10.43,3555030,17017,10.435
2021-12-30T05:00:00Z,10.31,10.555,10.305,10.39,3771793,20655,10.4643
2021-12-31T05:00:00Z,10.37,10.54,10.3401,10.5,6305601,23532,10.4867
2022-01-03T05:00:00Z,10.5,10.82,10.5,10.66,5487905,28723,10.6811
2022-01-04T05:00:00Z,10.77,10.79,10.46,10.6,4305992,25152,10.6046
2022-01-05T05:00:00Z,10.62,10.64,10.25,10.27,6702715,24079,10.334
2022-01-06T05:00:00Z,10.31,10.495,10.16,10.21,4038137,25790,10.2808
2022-01-07T05:00:00Z,10.24,10.38,10.02,10.04,5490804,24272,10.0992
2022-01-10T05:00:00Z,10.02,10.04,9.32,9.48,10393198,45325,9.46989
2022-01-11T05:00:00Z,9.48,9.805,9.375,9.65,11553101,44008,9.58499
2022-01-12T05:00:00Z,9.67,9.73,9.345,9.44,20944777,46966,9.48235
2022-01-13T05:00:00Z,9.4,9.52,9.17,9.29,18173106,46026,9.32841
2022-01-14T05:00:00Z,9.2,9.25,8.74,8.93,7724978,37270,8.9273
2022-01-18T05:00:00Z,8.9,8.93,8.55,8.64,10972601,37979,8.6881
2022-01-19T05:00:00Z,8.82,8.94,8.57,8.59,9621819,31336,8.64529
2022-01-20T05:00:00Z,8.7,9.07,8.435,8.64,16187408,65801,8.80073
2022-01-21T05:00:00Z,8.77,8.79,8.33,8.39,9366666,47091,8.51305
2022-01-24T05:00:00Z,8.14,8.43,7.75,8.43,2955549,12948,7.98559
2022-01-25T05:00:00Z,8.28,8.55,8.23,8.39,8189130,31063,8.38334
2022-01-26T05:00:00Z,8.56,8.755,8.18,8.32,7020678,33636,8.42839
2022-01-27T05:00:00Z,8.45,8.55,8.03,8.07,6243814,33301,8.20737
2022-01-28T05:00:00Z,7.85,8.14,7.675,8.13,11930054,57165,7.9504
2022-01-31T05:00:00Z,8.12,8.48,8.12,8.48,9476330,26659,8.37514
2022-02-01T05:00:00Z,8.55,8.67,8.385,8.57,6198733,33776,8.56046
2022-02-02T05:00:00Z,8.68,8.68,8.32,8.51,8791565,31719,8.49467
2022-02-03T05:00:00Z,8.4,8.7297,8.345,8.4,20877673,41749,8.4843
2022-02-04T05:00:00Z,8.41,8.55,8.255,8.47,13950505,35841,8.43996
2022-02-07T05:00:00Z,8.56,8.68,8.49,8.58,21755989,71320,8.58271
2022-02-08T05:00:00Z,8.8,9.33,8.5,9.27,34751535,114506,9.08408
2022-02-09T05:00:00Z,9.41,9.655,9.345,9.63,19089467,74627,9.55558
2022-02-10T05:00:00Z,9.4,10.015,9.38,9.64,15996373,74698,9.77655
2022-02-11T05:00:00Z,9.665,9.76,9.235,9.32,10290239,45710,9.43085
2022-02-14T05:00:00Z,9.3,9.335,9.07,9.2,7808675,43379,9.18959
2022-02-15T05:00:00Z,9.21,9.5,9.206,9.46,5577118,29976,9.40195
2022-02-16T05:00:00Z,9.35,9.51,9.33,9.48,3619011,21223,9.44266
2022-02-17T05:00:00Z,9.44,9.51,9.245,9.28,3937057,20681,9.34638
2022-02-18T05:00:00Z,9.32,9.485,9.065,9.17,8294507,41529,9.1847
2022-02-22T05:00:00Z,9.05,9.17,8.75,8.86,8248885,42614,8.91769
2022-02-23T05:00:00Z,8.96,9.08,8.66,8.68,7520383,28587,8.82921
2022-02-24T05:00:00Z,8.23,8.8369,8.09,8.81,10970447,52782,8.52941
2022-02-25T05:00:00Z,8.85,9.18,8.74,9.13,5806652,32495,9.04373
2022-02-28T05:00:00Z,8.91,9.22,8.9,9.17,7533717,36098,9.1167
2022-03-01T05:00:00Z,9.12,9.31,8.92,8.99,8880441,37570,9.0398
2022-03-02T05:00:00Z,9.13,9.22,8.965,9.17,11044928,36799,9.1424
2022-03-03T05:00:00Z,9.32,9.4,8.75,8.77,8817676,28124,8.87707
2022-03-04T05:00:00Z,8.66,8.67,7.9817,8.12,18131820,61421,8.16456
2022-03-07T05:00:00Z,8.17,8.225,7.33,7.35,20352590,83542,7.66859
2022-03-08T05:00:00Z,7.66,7.66,7.66,7.66,404162,100,7.66
2022-03-09T05:00:00Z,7.92,8.29,7.8902,8.07,11264192,55248,8.1197
2022-03-10T05:00:00Z,7.87,8.1887,7.77,8.1,8126398,41764,8.04014
2022-03-11T05:00:00Z,8.33,8.49,8.19,8.21,8593690,43999,8.27066
2022-03-14T04:00:00Z,8.27,8.3,7.82,7.98,9927593,48358,7.96347
2022-03-15T04:00:00Z,8.24,8.54,8.18,8.46,8399948,48044,8.39561
2022-03-16T04:00:00Z,8.58,8.95,8.565,8.93,10126693,46406,8.84635
2022-03-17T04:00:00Z,8.81,9.005,8.79,8.91,8913098,35881,8.90047
2022-03-18T04:00:00Z,8.85,9.14,8.745,9.06,15469782,38036,9.0335
2022-03-21T04:00:00Z,9.03,9.03,8.755,8.88,11203736,28499,8.85884
2022-03-22T04:00:00Z,8.94,9.17,8.92,8.98,5835999,20225,9.02085
2022-03-23T04:00:00Z,8.84,8.895,8.71,8.75,4392030,20723,8.7783
2022-03-24T04:00:00Z,8.74,8.85,8.71,8.82,2590670,14981,8.79236
2022-03-25T04:00:00Z,8.76,8.965,8.76,8.92,6790643,33111,8.88924
2022-03-28T04:00:00Z,8.94,9.05,8.69,9.04,7039629,32777,8.8719
2022-03-29T04:00:00Z,9.24,9.5,9.23,9.42,5500074,29377,9.40355
2022-03-30T04:00:00Z,9.24,9.29,8.98,9.05,3937842,21421,9.08437
2022-03-31T04:00:00Z,9,9.055,8.8625,8.99,10685078,25821,8.99511
2022-04-01T04:00:00Z,9.11,9.15,8.84,8.97,7661472,30845,8.95538
2022-04-04T04:00:00Z,8.93,9.085,8.8,9.03,12396202,45074,8.97573
2022-04-05T04:00:00Z,9.13,9.16,8.74,8.79,9699339,40300,8.82635
2022-04-06T04:00:00Z,8.64,8.7,8.405,8.64,9602355,43578,8.56689
2022-04-07T04:00:00Z,8.65,8.7,8.24,8.52,8301002,39000,8.42354
2022-04-08T04:00:00Z,8.51,8.725,8.405,8.59,4620004,23052,8.59642
2022-04-11T04:00:00Z,8.6,8.895,8.59,8.69,13331252,43056,8.74473
2022-04-12T04:00:00Z,8.88,8.88,8.48,8.52,11704382,38371,8.59682
2022-04-13T04:00:00Z,8.56,8.8,8.535,8.76,5981608,25420,8.70852
2022-04-14T04:00:00Z,8.81,8.97,8.56,8.56,6874342,25917,8.67117
2022-04-18T04:00:00Z,8.54,8.6,8.27,8.3,8747740,26829,8.36732
2022-04-19T04:00:00Z,8.25,8.62,8.24,8.59,14307432,40687,8.5024
2022-04-20T04:00:00Z,8.7,8.895,8.61,8.61,8806127,34541,8.72022
2022-04-21T04:00:00Z,8.7,8.77,8.145,8.28,12018884,42633,8.42441
2022-04-22T04:00:00Z,8.3,8.41,8.01,8.07,6424626,29780,8.1492
2022-04-25T04:00:00Z,7.98,8.27,7.93,8.26,7156408,32300,8.11469
2022-04-26T04:00:00Z,8.17,8.25,7.99,8.02,5153001,27143,8.06497
2022-04-27T04:00:00Z,8.05,8.215,7.925,8.06,5347785,27975,8.07252
2022-04-28T04:00:00Z,8.12,8.32,7.96,8.25,6532504,29736,8.13798
2022-04-29T04:00:00Z,8.22,8.43,8.1,8.11,6489008,25767,8.21779
2022-05-02T04:00:00Z,8.05,8.12,7.725,8.02,11913074,36404,7.9256
2022-05-03T04:00:00Z,7.88,7.92,7.555,7.88,14984934,59542,7.79251
2022-05-04T04:00:00Z,7.87,7.9,7.405,7.77,17020348,66556,7.633
2022-05-05T04:00:00Z,7.73,7.79,7.39,7.42,14877465,49339,7.48912
2022-05-06T04:00:00Z,7.41,7.48,7.07,7.28,12452867,53726,7.23436
2022-05-09T04:00:00Z,7.47,7.51,6.565,6.74,21855322,84302,6.88466
2022-05-10T04:00:00Z,6.8,6.87,6.03,6.31,18665999,75407,6.25631
2022-05-11T04:00:00Z,6.3,6.48,6.175,6.21,12636646,53361,6.2729
2022-05-12T04:00:00Z,6.15,6.52,6.07,6.31,15102105,56871,6.30392
2022-05-13T04:00:00Z,6.55,6.73,6.45,6.58,10866660,53659,6.60204
2022-05-16T04:00:00Z,6.56,6.585,6.23,6.26,8085746,39131,6.3356
2022-05-17T04:00:00Z,6.45,6.635,6.31,6.58,14475360,47879,6.45299
2022-05-18T04:00:00Z,6.55,6.55,6.11,6.13,9758679,34491,6.28296
2022-05-19T04:00:00Z,6,6.51,5.97,6.39,14295710,48994,6.34439
2022-05-20T04:00:00Z,6.41,6.5,6.11,6.27,9147343,36511,6.2314
2022-05-23T04:00:00Z,6.33,6.33,6.15,6.31,6662911,31314,6.26963
2022-05-24T04:00:00Z,6.2,6.2248,5.94,5.99,11452752,43938,6.01578
2022-05-25T04:00:00Z,5.9,6.33,5.9,6.27,7117130,34082,6.20831
2022-05-26T04:00:00Z,6.38,6.72,6.375,6.68,9416086,40581,6.61059
2022-05-27T04:00:00Z,6.82,7.17,6.8,7.08,13747051,54847,7.02973
2022-05-31T04:00:00Z,7.07,7.16,6.935,7.09,9310450,39293,7.08385
2022-06-01T04:00:00Z,7.2,7.265,6.89,7.04,9267821,41701,7.01871
2022-06-02T04:00:00Z,7.05,7.29,7.005,7.27,5641650,31992,7.1838
2022-06-03T04:00:00Z,7.14,7.33,7.11,7.27,6880633,30021,7.23565
2022-06-06T04:00:00Z,7.31,7.43,7.17,7.25,3985955,19690,7.25046
2022-06-07T04:00:00Z,7.11,7.37,7.11,7.36,4635163,23713,7.31044
2022-06-08T04:00:00Z,7.31,7.38,7.15,7.2,4140554,22021,7.24066
2022-06-09T04:00:00Z,7.17,7.17,6.96,6.97,3279106,17170,7.02963
2022-06-10T04:00:00Z,6.8,7.155,6.78,7.05,11538145,36027,7.02784
2022-06-13T04:00:00Z,6.79,6.87,6.51,6.58,14165149,53373,6.60282
2022-06-14T04:00:00Z,6.66,6.995,6.66,6.92,12093472,42979,6.88559
2022-06-15T04:00:00Z,6.92,7.47,6.915,7.29,12207074,58631,7.30681
2022-06-16T04:00:00Z,7.11,7.175,6.71,6.77,11063846,43774,6.83178
2022-06-17T04:00:00Z,6.8,7.09,6.78,7.04,8199557,31576,6.99564
2022-06-21T04:00:00Z,7.14,7.42,7.09,7.37,12283214,33640,7.3405
2022-06-22T04:00:00Z,7.24,7.51,7.2,7.42,8522871,34186,7.415
2022-06-23T04:00:00Z,7.43,7.52,7.32,7.5,8642066,38892,7.43804
2022-06-24T04:00:00Z,7.7,8.055,7.67,8.05,13210765,43252,7.99364
2022-06-27T04:00:00Z,8,8.21,7.805,8.14,10435883,40621,8.08107
2022-06-28T04:00:00Z,8.16,8.42,7.92,8,7862403,38854,8.06391
2022-06-29T04:00:00Z,7.9,8,7.77,7.85,10457049,35013,7.86296
2022-06-30T04:00:00Z,7.76,8.13,7.65,8.01,11316281,34616,7.95716
2022-07-01T04:00:00Z,7.97,8.08,7.72,7.77,6680614,33316,7.82378
2022-07-05T04:00:00Z,7.57,8.01,7.5,7.99,10934343,40294,7.83974
2022-07-06T04:00:00Z,7.96,8.07,7.71,7.8,6261241,24145,7.81604
2022-07-07T04:00:00Z,7.91,7.95,7.8,7.9,5057228,19678,7.90293
2022-07-08T04:00:00Z,7.85,7.88,7.62,7.68,6246575,25650,7.71479
2022-07-11T04:00:00Z,7.61,7.685,7.44,7.49,6658523,23595,7.52746
2022-07-12T04:00:00Z,7.45,7.64,7.44,7.54,7431191,28985,7.56214
2022-07-13T04:00:00Z,7.39,7.55,7.26,7.42,6795894,29766,7.4343
2022-07-14T04:00:00Z,7.31,7.335,7.03,7.07,9009294,36585,7.11452
2022-07-15T04:00:00Z,7.15,7.3,7.085,7.3,5118892,22529,7.25549
2022-07-18T04:00:00Z,7.4,7.64,7.3,7.3,4265986,20103,7.45821
2022-07-19T04:00:00Z,7.43,7.67,7.42,7.64,3356633,15174,7.6119
2022-07-20T04:00:00Z,7.64,7.87,7.565,7.82,5982806,23149,7.74591
2022-07-21T04:00:00Z,7.73,8.01,7.695,7.99,6012354,25519,7.90014
2022-07-22T04:00:00Z,8.03,8.07,7.72,7.8,6396855,23641,7.85325
2022-07-25T04:00:00Z,7.84,7.88,7.65,7.83,4111811,17241,7.81683
2022-07-26T04:00:00Z,7.75,7.78,7.535,7.56,4224452,19226,7.59091
2022-07-27T04:00:00Z,7.65,7.725,7.565,7.71,4325162,20225,7.6635
2022-07-28T04:00:00Z,7.71,7.85,7.49,7.74,6565022,25779,7.69942
2022-07-29T04:00:00Z,7.69,7.69,7.155,7.32,14062918,48872,7.34042
2022-08-01T04:00:00Z,7.25,7.525,7.09,7.33,8881019,36321,7.32399
2022-08-02T04:00:00Z,7.33,7.57,7.2,7.4,5097135,24196,7.42185
2022-08-03T04:00:00Z,7.48,7.51,7.285,7.48,4691923,27468,7.42847
2022-08-04T04:00:00Z,7.41,7.605,7.41,7.52,3873463,18600,7.53213
2022-08-05T04:00:00Z,7.42,7.595,7.3,7.52,5166082,18996,7.50622
2022-08-08T04:00:00Z,7.55,7.7899,7.5,7.56,5196905,26040,7.61434
2022-08-09T04:00:00Z,7.54,7.54,7.22,7.28,7269153,30719,7.29258
2022-08-10T04:00:00Z,7.49,7.53,7.405,7.44,6377525,30110,7.45707
2022-08-11T04:00:00Z,7.61,7.71,7.42,7.42,5120069,24828,7.51826
2022-08-12T04:00:00Z,7.48,7.67,7.46,7.66,5454999,22938,7.59201
2022-08-15T04:00:00Z,7.51,7.83,7.51,7.82,4504568,21233,7.7179
2022-08-16T04:00:00Z,7.84,7.96,7.7,7.85,6086160,22826,7.839
2022-08-17T04:00:00Z,7.74,7.875,7.68,7.8,3376932,14965,7.78504
2022-08-18T04:00:00Z,7.77,7.9,7.66,7.82,3727981,18345,7.81052
2022-08-19T04:00:00Z,7.75,7.75,7.485,7.5,8253053,21403,7.56097
2022-08-22T04:00:00Z,7.39,7.41,7.295,7.33,5101078,23922,7.35155
2022-08-23T04:00:00Z,7.26,7.455,7.23,7.32,4466996,22639,7.36192
2022-08-24T04:00:00Z,7.35,7.59,7.33,7.39,8660099,33996,7.44934
2022-08-25T04:00:00Z,7.62,8.23,7.62,8.17,15686603,63176,8.0448
2022-08-26T04:00:00Z,8.2,8.33,7.93,7.94,8969639,39160,8.04614
2022-08-29T04:00:00Z,7.86,8.035,7.76,7.91,8631422,35348,7.90612
2022-08-30T04:00:00Z,7.98,8,7.74,7.81,7774921,32987,7.81666
2022-08-31T04:00:00Z,7.87,7.93,7.51,7.51,7708880,29868,7.6278
2022-09-01T04:00:00Z,7.4,7.47,7.22,7.47,6473980,34776,7.39013
2022-09-02T04:00:00Z,7.62,7.62,7.36,7.53,7134770,27518,7.5261
2022-09-06T04:00:00Z,7.625,7.63,7.195,7.29,6818226,26296,7.30907
2022-09-07T04:00:00Z,7.37,7.56,7.3,7.52,4966313,22454,7.44208
2022-09-08T04:00:00Z,7.41,7.505,7.29,7.41,5210875,21884,7.40976
2022-09-09T04:00:00Z,7.52,7.91,7.495,7.86,6828683,25255,7.79288
2022-09-12T04:00:00Z,7.93,8.2,7.89,8.07,7461797,29599,8.08475
2022-09-13T04:00:00Z,7.75,7.88,7.58,7.59,5589417,27792,7.66745
2022-09-14T04:00:00Z,7.68,7.95,7.6,7.84,8943339,34071,7.81104
2022-09-15T04:00:00Z,7.71,7.925,7.655,7.72,5071678,23764,7.76095
2022-09-16T04:00:00Z,7.61,7.72,7.485,7.69,10931767,27315,7.65054
2022-09-19T04:00:00Z,7.58,7.85,7.58,7.82,5767726,24524,7.78805
2022-09-20T04:00:00Z,7.79,7.9,7.68,7.79,4685048,22573,7.78372
2022-09-21T04:00:00Z,8.25,8.345,8.02,8.04,16436314,52590,8.17416
2022-09-22T04:00:00Z,8.11,8.11,7.795,7.94,9020487,34225,7.903
2022-09-23T04:00:00Z,7.82,7.82,7.22,7.38,13046388,48741,7.36463
2022-09-26T04:00:00Z,7.32,7.45,7.075,7.1,9113498,41611,7.18951
2022-09-27T04:00:00Z,7.24,7.38,6.79,6.86,9010370,36572,6.96863
2022-09-28T04:00:00Z,6.89,6.93,6.785,6.85,12770408,33775,6.86835
2022-09-29T04:00:00Z,6.72,6.74,6.33,6.43,10864283,41347,6.45611
2022-09-30T04:00:00Z,6.36,6.51,6.2,6.32,10497572,39938,6.37292
2022-10-03T04:00:00Z,6.39,6.6,6.305,6.52,7125991,28512,6.50979
2022-10-04T04:00:00Z,6.7,6.99,6.7,6.99,6254532,26163,6.9167
2022-10-05T04:00:00Z,6.785,6.92,6.68,6.86,5797071,23738,6.82282
2022-10-06T04:00:00Z,6.82,6.95,6.72,6.86,4031417,20103,6.8552
2022-10-07T04:00:00Z,6.75,6.77,6.24,6.33,9278118,32633,6.41097
2022-10-10T04:00:00Z,6.31,6.39,6.22,6.29,7018479,27957,6.31407
2022-10-11T04:00:00Z,6.3,6.545,6.19,6.36,6938249,26066,6.37218
2022-10-12T04:00:00Z,6.33,6.52,6.26,6.49,4750649,18726,6.44711
2022-10-13T04:00:00Z,6.25,6.63,6.19,6.53,7288607,22295,6.43153
2022-10-14T04:00:00Z,6.6,6.685,6.42,6.45,5484725,26644,6.50523
2022-10-17T04:00:00Z,6.59,6.71,6.55,6.66,5143998,26068,6.63471
2022-10-18T04:00:00Z,6.86,7.035,6.84,6.87,7496636,31569,6.91734
2022-10-19T04:00:00Z,6.81,6.835,6.55,6.62,5888148,22842,6.64478
2022-10-20T04:00:00Z,6.62,6.75,6.2914,6.31,8535329,23963,6.47552
2022-10-21T04:00:00Z,6.32,6.48,6.205,6.43,8762484,34277,6.34151
2022-10-24T04:00:00Z,6.45,6.45,6.19,6.28,5756959,25699,6.26822
2022-10-25T04:00:00Z,6.32,6.76,6.31,6.69,6406152,26576,6.66773
2022-10-26T04:00:00Z,6.66,6.81,6.565,6.65,5319066,21389,6.66742
2022-10-27T04:00:00Z,6.56,6.7,6.495,6.6,5297774,22671,6.60615
2022-10-28T04:00:00Z,6.63,6.745,6.515,6.73,4296426,18475,6.68376
2022-10-31T04:00:00Z,6.73,6.765,6.605,6.71,6427332,23062,6.69838
2022-11-01T04:00:00Z,6.9,6.955,6.76,6.89,4958707,22825,6.85943
2022-11-02T04:00:00Z,6.66,6.74,6.4,6.42,8679008,35772,6.56613
2022-11-03T04:00:00Z,6.3,6.57,6.285,6.52,6185720,27103,6.48409
2022-11-04T04:00:00Z,6.73,6.94,6.7,6.93,11015050,46832,6.85691
2022-11-07T05:00:00Z,7,7.09,6.82,6.98,8796994,40438,6.96195
2022-11-08T05:00:00Z,7.055,7.225,6.75,7.08,7500929,37258,7.07407
2022-11-09T05:00:00Z,6.96,7,6.515,6.62,5229162,22974,6.66151
2022-11-10T05:00:00Z,7.02,7.38,7,7.32,10746101,43688,7.26837
2022-11-11T05:00:00Z,7.35,7.88,7.335,7.76,12122601,44434,7.73824
2022-11-14T05:00:00Z,7.63,7.68,7.43,7.43,7756366,31330,7.53639
2022-11-15T05:00:00Z,7.77,7.925,7.555,7.65,8771270,37177,7.68926
2022-11-16T05:00:00Z,7.57,7.655,7.51,7.58,4941970,24320,7.56323
2022-11-17T05:00:00Z,7.43,7.76,7.365,7.73,4662398,20634,7.62776
2022-11-18T05:00:00Z,7.88,7.9127,7.73,7.77,5601610,22486,7.78461
2022-11-21T05:00:00Z,7.61,7.7,7.4415,7.5,3783330,18967,7.53301
2022-11-22T05:00:00Z,7.54,7.61,7.495,7.59,3163852,17795,7.57108
2022-11-23T05:00:00Z,7.59,7.72,7.56,7.59,3479909,16898,7.61947
2022-11-25T05:00:00Z,7.53,7.64,7.515,7.58,1261009,8042,7.57958
2022-11-28T05:00:00Z,7.41,7.5675,7.35,7.46,3814394,20543,7.48697
2022-11-29T05:00:00Z,7.49,7.52,7.4,7.45,3222460,17021,7.45915
2022-11-30T05:00:00Z,7.5,7.895,7.445,7.87,5857639,26004,7.72464
2022-12-01T05:00:00Z,7.83,7.99,7.8,7.94,3956245,21981,7.93004
2022-12-02T05:00:00Z,7.82,8.11,7.8,8.07,3074431,16031,8.03156
2022-12-05T05:00:00Z,7.96,8.03,7.855,7.9,3943879,17281,7.92527
2022-12-06T05:00:00Z,7.98,8.03,7.82,7.95,3821413,21291,7.90844
2022-12-07T05:00:00Z,7.86,7.92,7.75,7.82,2806336,16734,7.80972
2022-12-08T05:00:00Z,7.94,8.05,7.9,8.02,3635783,17193,7.99761
2022-12-09T05:00:00Z,7.97,7.97,7.87,7.89,2536641,15179,7.91164
2022-12-12T05:00:00Z,7.9,7.93,7.8,7.92,3450074,18478,7.89168
2022-12-13T05:00:00Z,8.25,8.43,8.13,8.23,7949246,33603,8.27193
2022-12-14T05:00:00Z,8.2,8.26,8.075,8.16,6996845,28836,8.17867
2022-12-15T05:00:00Z,7.94,8.025,7.81,7.92,13003058,23151,7.9243
2022-12-16T05:00:00Z,7.81,7.97,7.78,7.94,7111332,22317,7.91288
2022-12-19T05:00:00Z,7.95,8.2,7.77,7.78,7368190,29149,7.89962
2022-12-20T05:00:00Z,7.74,8.055,7.72,7.96,4761829,21593,7.94949
2022-12-21T05:00:00Z,8,8.35,8,8.31,7262888,25855,8.28422
2022-12-22T05:00:00Z,8.2,8.28,8.1,8.27,5095127,24725,8.1987
2022-12-23T05:00:00Z,8.22,8.35,8.195,8.32,4347350,18131,8.28649
2022-12-27T05:00:00Z,8.34,8.51,8.295,8.47,4820078,21784,8.45008
2022-12-28T05:00:00Z,8.44,8.56,8.39,8.42,5923499,22459,8.45041
2022-12-29T05:00:00Z,8.46,8.675,8.45,8.64,5577889,27195,8.61182
2022-12-30T05:00:00Z,8.52,8.615,8.47,8.56,4830713,23575,8.54034
2023-01-03T05:00:00Z,8.81,8.845,8.59,8.77,9223852,37160,8.72476
2023-01-04T05:00:00Z,8.8,9.11,8.77,9.04,8729294,31600,8.96826
2023-01-05T05:00:00Z,8.91,9.02,8.765,8.98,7738130,31323,8.94376
2023-01-06T05:00:00Z,9.06,9.25,9,9.2,6321259,27928,9.17278
2023-01-09T05:00:00Z,9.23,9.49,9.21,9.38,8051651,30439,9.40575
2023-01-10T05:00:00Z,9.34,9.54,9.34,9.45,5401295,23047,9.47059
2023-01-11T05:00:00Z,9.46,9.545,9.275,9.29,6436578,24054,9.35725
2023-01-12T05:00:00Z,9.35,9.43,9.225,9.42,6465328,22877,9.35994
2023-01-13T05:00:00Z,9.37,9.52,9.33,9.51,4828247,21297,9.45748
2023-01-17T05:00:00Z,9.52,9.63,9.505,9.52,4285591,20911,9.55805
2023-01-18T05:00:00Z,9.53,9.6,9.315,9.42,5517954,24130,9.42007
2023-01-19T05:00:00Z,9.3,9.45,9.25,9.35,4012185,17328,9.36398
2023-01-20T05:00:00Z,9.42,9.53,9.37,9.52,3872578,19355,9.47961
2023-01-23T05:00:00Z,9.52,9.575,9.455,9.57,3873114,15203,9.5315
2023-01-24T05:00:00Z,9.58,9.85,9.43,9.79,4509738,21056,9.77622
2023-01-25T05:00:00Z,9.62,9.8784,9.57,9.85,4566501,21497,9.78666
2023-01-26T05:00:00Z,9.93,10.0185,9.88,9.96,5315118,23786,9.94347
2023-01-27T05:00:00Z,9.92,9.945,9.76,9.86,3984959,20103,9.85608
2023-01-30T05:00:00Z,9.82,9.9497,9.75,9.83,3849022,19879,9.84232
2023-01-31T05:00:00Z,9.89,9.96,9.81,9.96,4789289,13822,9.92163
2023-02-01T05:00:00Z,9.89,10.31,9.865,10.25,6256740,27769,10.0677
2023-02-02T05:00:00Z,10.29,10.58,10.215,10.39,9271095,40692,10.4002
2023-02-03T05:00:00Z,10.3,10.39,10.18,10.22,7216439,34149,10.2603
2023-02-06T05:00:00Z,10.1,10.23,10.07,10.16,6011868,27759,10.1373
2023-02-07T05:00:00Z,10.09,10.36,10.03,10.35,7672546,39004,10.1982
2023-02-08T05:00:00Z,10.3,10.3,9.861,10.16,8129611,43585,10.0749
2023-02-09T05:00:00Z,10.42,10.44,10.185,10.33,6875391,34949,10.2967
2023-02-10T05:00:00Z,10.21,10.435,10.175,10.41,6336480,32792,10.386
2023-02-13T05:00:00Z,10.5,11.2,10.48,11.17,12569836,48818,10.9668
2023-02-14T05:00:00Z,11.12,11.655,11.12,11.27,13730104,57071,11.3673
2023-02-15T05:00:00Z,11.16,11.42,11.16,11.39,7661710,36173,11.341
2023-02-16T05:00:00Z,11.19,11.34,11.13,11.23,6402297,30806,11.2535
2023-02-17T05:00:00Z,11.15,11.235,10.9,11.05,6416596,29249,11.0312
2023-02-21T05:00:00Z,10.89,11.175,10.86,11.09,6665273,31605,11.0874
2023-02-22T05:00:00Z,11.08,11.365,11.0233,11.18,9181117,35472,11.1788
2023-02-23T05:00:00Z,11.29,11.41,11.15,11.38,5093784,23248,11.301
2023-02-24T05:00:00Z,11.14,11.19,11.035,11.15,4300303,22300,11.1175
2023-02-27T05:00:00Z,11.25,11.275,11.125,11.21,4922414,22324,11.2007
2023-02-28T05:00:00Z,11.14,11.34,11.105,11.3,6319792,29484,11.2565
2023-03-01T05:00:00Z,11.4,11.43,11.24,11.31,4488362,24022,11.3059
2023-03-02T05:00:00Z,11.17,11.546,11.1381,11.51,5215711,22711,11.4553
2023-03-03T05:00:00Z,11.57,11.63,11.5,11.58,3280161,19121,11.5548
2023-03-06T05:00:00Z,11.53,11.65,11.47,11.53,4647402,26739,11.5319
2023-03-07T05:00:00Z,11.47,11.62,11.205,11.35,5786731,30426,11.3884
2023-03-08T05:00:00Z,11.32,11.4963,11.28,11.32,4262360,21280,11.3624
2023-03-09T05:00:00Z,11.33,11.38,11,11.02,4708007,19417,11.1275
2023-03-10T05:00:00Z,10.99,10.99,10.595,10.72,7340784,31718,10.765
2023-03-13T04:00:00Z,10.57,10.855,10.47,10.71,11136284,42007,10.7279
2023-03-14T04:00:00Z,10.98,11.07,10.875,10.98,6940946,29769,10.9663
2023-03-15T04:00:00Z,10.61,10.85,10.56,10.78,8192686,46468,10.7365
2023-03-16T04:00:00Z,10.67,11.06,10.65,11,5693839,24801,10.9506
2023-03-17T04:00:00Z,10.9,11.04,10.845,10.87,8070718,30998,10.9017
2023-03-20T04:00:00Z,11.06,11.08,10.86,11.07,5697073,27159,10.9996
2023-03-21T04:00:00Z,11.25,11.335,11.19,11.29,4654196,25570,11.2594
2023-03-22T04:00:00Z,11.3,11.48,11.21,11.22,6078200,25701,11.3264
2023-03-23T04:00:00Z,11.48,11.74,11.29,11.44,6124961,32444,11.5042
2023-03-24T04:00:00Z,11.37,11.61,11.33,11.6,3865811,23198,11.5049
2023-03-27T04:00:00Z,11.66,11.815,11.57,11.71,4936318,26553,11.7307
2023-03-28T04:00:00Z,11.72,11.83,11.685,11.78,3904500,19598,11.772
2023-03-29T04:00:00Z,11.93,11.9306,11.81,11.89,2652678,15893,11.8635
2023-03-30T04:00:00Z,11.94,12.05,11.91,11.95,3273299,16788,11.9729
2023-03-31T04:00:00Z,12,12.16,11.97,12.06,3772784,17506,12.0671
2023-04-03T04:00:00Z,12,12.15,11.96,12.12,3965398,20374,12.0732
2023-04-04T04:00:00Z,12.13,12.215,11.92,11.97,3750001,18787,12.004
2023-04-05T04:00:00Z,11.95,11.95,11.595,11.69,6012031,29920,11.7106
2023-04-06T04:00:00Z,11.67,11.725,11.545,11.64,6087614,21684,11.6277
2023-04-10T04:00:00Z,11.63,11.78,11.57,11.77,3206652,17602,11.6916
2023-04-11T04:00:00Z,11.83,11.89,11.775,11.84,2993003,18257,11.8414
2023-04-12T04:00:00Z,11.98,12.16,11.86,12.09,4960260,23986,12.0437
2023-04-13T04:00:00Z,12.18,12.335,12.15,12.18,4022454,28788,12.2313
2023-04-14T04:00:00Z,12.12,12.375,12.12,12.26,4287243,23305,12.2347
2023-04-17T04:00:00Z,12.22,12.35,12.18,12.19,3888415,21822,12.2396
2023-04-18T04:00:00Z,12.37,12.56,12.29,12.53,6499560,27744,12.4749
2023-04-19T04:00:00Z,12.45,12.5587,12.365,12.42,4157453,21360,12.4255
2023-04-20T04:00:00Z,12.36,12.64,12.3,12.53,4314948,20439,12.5481
2023-04-21T04:00:00Z,12.54,12.62,12.25,12.3,5440378,31201,12.351
2023-04-24T04:00:00Z,12.31,12.36,11.99,12.04,4973019,28249,12.0801
2023-04-25T04:00:00Z,12.02,12.1261,11.87,11.9,5778557,32465,11.964
2023-04-26T04:00:00Z,11.81,11.905,11.62,11.66,3625208,23495,11.762
2023-04-27T04:00:00Z,11.75,11.795,11.615,11.74,4772378,24939,11.7177
2023-04-28T04:00:00Z,11.62,11.88,11.62,11.87,3510656,23480,11.822
2023-05-01T04:00:00Z,11.88,12.11,11.78,11.81,3697915,22562,11.8824
2023-05-02T04:00:00Z,11.74,11.83,11.52,11.81,6527203,33258,11.7004
2023-05-03T04:00:00Z,11.02,12.0799,10.76,11.93,11658257,53109,11.7163
2023-05-04T04:00:00Z,11.94,11.9401,11.61,11.67,4245454,26208,11.7151
2023-05-05T04:00:00Z,11.77,12.165,11.77,12.1,5103724,27475,12.0223
2023-05-08T04:00:00Z,12.16,12.25,11.955,12.11,6820904,38193,12.1178
2023-05-09T04:00:00Z,12.43,12.5,11.28,11.72,9772861,57060,11.6996
2023-05-10T04:00:00Z,11.91,12.02,11.51,11.66,5351039,34395,11.6799
2023-05-11T04:00:00Z,11.64,11.67,11.23,11.25,7734445,39088,11.3389
2023-05-12T04:00:00Z,11.3,11.38,11.14,11.23,4643123,29053,11.2189
2023-05-15T04:00:00Z,11.25,11.455,11.195,11.34,5360913,31437,11.341
2023-05-16T04:00:00Z,11.23,11.395,11.12,11.19,5044628,29928,11.2629
2023-05-17T04:00:00Z,11.26,11.385,11.21,11.3,2923197,17399,11.3227
2023-05-18T04:00:00Z,11.27,11.43,11.22,11.33,3893345,21706,11.316
2023-05-19T04:00:00Z,11.34,11.365,11.18,11.24,4881240,24959,11.2507
2023-05-22T04:00:00Z,11.22,11.365,11.12,11.12,3534056,22236,11.1933
2023-05-23T04:00:00Z,11,11.225,10.88,10.96,4328593,24134,11.0182
2023-05-24T04:00:00Z,10.88,10.93,10.63,10.76,7396414,31995,10.734
2023-05-25T04:00:00Z,10.88,11.04,10.83,10.97,5719822,29790,10.9513
2023-05-26T04:00:00Z,10.9,11.11,10.76,11.03,5216305,31440,11.0103
2023-05-30T04:00:00Z,11,11.1,10.8,11.03,4499906,24815,10.9859
2023-05-31T04:00:00Z,10.93,10.95,10.57,10.84,6790143,30095,10.7543
2023-06-01T04:00:00Z,10.81,11.125,10.79,10.99,5126898,30721,11.022
2023-06-02T04:00:00Z,11.11,11.565,11.08,11.55,6728685,32564,11.4447
2023-06-05T04:00:00Z,11.35,11.595,11.31,11.32,5518541,31610,11.4
2023-06-06T04:00:00Z,11.3,11.92,11.23,11.88,5657442,27437,11.6847
2023-06-07T04:00:00Z,11.86,11.96,11.62,11.62,4756616,28419,11.7025
2023-06-08T04:00:00Z,11.62,11.9,11.62,11.8,3421916,22530,11.8139
2023-06-09T04:00:00Z,11.78,11.86,11.715,11.81,4319955,22615,11.7869
2023-06-12T04:00:00Z,11.88,12.04,11.775,12,3280045,23993,11.9742
2023-06-13T04:00:00Z,12.1,12.3,12.04,12.09,6704729,31269,12.1336
2023-06-14T04:00:00Z,12.085,12.325,11.99,12,4239300,26904,12.108
2023-06-15T04:00:00Z,12.03,12.465,11.96,12.45,6479838,26396,12.3128
2023-06-16T04:00:00Z,12.5,12.535,12.23,12.44,6694639,33359,12.399
2023-06-20T04:00:00Z,12.29,12.35,12.115,12.21,4861310,29736,12.2044
2023-06-21T04:00:00Z,12.19,12.55,12.155,12.48,4207409,24910,12.3848
2023-06-22T04:00:00Z,12.49,12.5,12.24,12.38,3846847,22662,12.3747
2023-06-23T04:00:00Z,12.25,12.37,12.18,12.22,3412910,18832,12.2402
2023-06-26T04:00:00Z,12.2,12.36,12.2,12.25,3326692,22157,12.2794
2023-06-27T04:00:00Z,12.26,12.5,12.2,12.44,3226596,20224,12.4078
2023-06-28T04:00:00Z,12.36,12.36,12.115,12.21,3909018,26670,12.2193
2023-06-29T04:00:00Z,12.2,12.435,12.16,12.26,2995510,18716,12.2839
2023-06-30T04:00:00Z,12.38,12.4,12.25,12.29,2111125,15918,12.3197
2023-07-03T04:00:00Z,12.32,12.59,12.29,12.42,2555809,15049,12.453
2023-07-05T04:00:00Z,12.38,12.59,12.225,12.52,8926598,34893,12.4801
2023-07-06T04:00:00Z,12.38,12.53,11.835,12.22,7730476,47690,12.1326
2023-07-07T04:00:00Z,12.38,12.59,12.37,12.45,4961699,32716,12.4845
2023-07-10T04:00:00Z,12.42,13.17,12.41,13.1,9006605,44143,13.0136
2023-07-11T04:00:00Z,13.21,13.305,12.845,13.01,4952940,29625,12.999
2023-07-12T04:00:00Z,13.31,13.46,12.55,12.56,7096328,42316,12.7348
2023-07-13T04:00:00Z,12.59,12.62,12.13,12.36,6476752,32420,12.3371
2023-07-14T04:00:00Z,12.3,12.3,12.09,12.22,3458405,24438,12.2048
2023-07-17T04:00:00Z,12.15,12.51,12.12,12.37,2843873,20025,12.391
2023-07-18T04:00:00Z,12.34,12.52,12.2501,12.47,2554116,21894,12.4453
2023-07-19T04:00:00Z,12.44,12.485,12.21,12.33,3521487,28386,12.3072
2023-07-20T04:00:00Z,12.28,12.28,11.8504,11.95,3877456,27333,11.9648
2023-07-21T04:00:00Z,12.1,12.25,12.03,12.05,4483343,30854,12.1091
2023-07-24T04:00:00Z,12.06,12.21,11.98,12.13,3843396,26631,12.1081
2023-07-25T04:00:00Z,12.18,12.57,12.14,12.55,5160185,31244,12.4555
2023-07-26T04:00:00Z,12.6,12.6,12.345,12.41,3608356,23128,12.4414
2023-07-27T04:00:00Z,12.05,12.13,11.55,11.61,6192671,41253,11.7865
2023-07-28T04:00:00Z,11.76,12.02,11.76,11.98,2740256,20782,11.9568
2023-07-31T04:00:00Z,12,12.12,11.935,12.04,2489996,19073,12.0369
2023-08-01T04:00:00Z,11.91,11.975,11.68,11.71,3188086,24030,11.7575
2023-08-02T04:00:00Z,11.61,12.16,11.6,12.12,3381382,24588,12.0186
2023-08-03T04:00:00Z,12.04,12.1775,11.9321,12.08,2284856,19940,12.0729
2023-08-04T04:00:00Z,12.16,12.215,12.01,12.07,3943359,23595,12.0958
2023-08-07T04:00:00Z,12.19,12.355,12.065,12.2,2255728,21692,12.1877
2023-08-08T04:00:00Z,12.09,12.09,11.9,11.95,2819430,18428,11.9637
2023-08-09T04:00:00Z,11.98,12.03,11.665,11.7,3355338,23219,11.7392
2023-08-10T04:00:00Z,11.85,12.13,11.77,11.82,2397520,21171,11.8837
2023-08-11T04:00:00Z,11.72,11.83,11.64,11.72,1918665,18341,11.7307
2023-08-14T04:00:00Z,11.71,11.9,11.62,11.87,3856465,22263,11.8141
2023-08-15T04:00:00Z,11.79,11.8,11.57,11.66,2262983,17290,11.6557
2023-08-16T04:00:00Z,11.6,11.67,11.44,11.45,2299646,20496,11.5083
2023-08-17T04:00:00Z,11.54,11.54,11.13,11.15,2985551,23329,11.2794
2023-08-18T04:00:00Z,10.97,11.48,10.93,11.28,5735471,39352,11.3135
2023-08-21T04:00:00Z,11.4,11.4,10.88,10.97,9174079,49510,11.0312
2023-08-22T04:00:00Z,10.87,10.97,10.45,10.72,8051808,47125,10.7634
2023-08-23T04:00:00Z,10.72,11.34,10.565,11.25,6336723,37658,11.2042
2023-08-24T04:00:00Z,11.21,11.34,11.0001,11.04,3261821,22562,11.1132
2023-08-25T04:00:00Z,11.03,11.14,11.005,11.02,3761167,24040,11.0572
2023-08-28T04:00:00Z,11.11,11.32,11.1,11.26,3792862,22121,11.2527
2023-08-29T04:00:00Z,11.25,11.615,11.22,11.56,2603985,20681,11.4882
2023-08-30T04:00:00Z,11.51,11.64,11.46,11.55,2808355,19040,11.5642
2023-08-31T04:00:00Z,11.65,11.69,11.52,11.56,2569233,18327,11.5978
2023-09-01T04:00:00Z,11.68,11.78,11.55,11.57,2583827,23888,11.6208
2023-09-05T04:00:00Z,11.46,11.5,11.065,11.16,4078570,29687,11.174
2023-09-06T04:00:00Z,11.15,11.23,11.07,11.16,2478435,22603,11.1483
2023-09-07T04:00:00Z,11.08,11.385,11.065,11.36,3335827,28318,11.303
2023-09-08T04:00:00Z,11.35,11.36,11.195,11.31,5455719,26856,11.3121
2023-09-11T04:00:00Z,11.5,11.73,11.415,11.63,3756023,28854,11.6074
2023-09-12T04:00:00Z,11.6,11.665,11.375,11.41,3011701,22662,11.4627
2023-09-13T04:00:00Z,11.39,11.53,11.25,11.27,3336014,23007,11.2947
2023-09-14T04:00:00Z,11.34,11.49,11.295,11.48,3016378,24096,11.4328
2023-09-15T04:00:00Z,11.58,11.94,11.5501,11.91,9805685,41203,11.8764
2023-09-18T04:00:00Z,11.26,11.87,11.13,11.59,4611663,31441,11.6229
2023-09-19T04:00:00Z,11.45,11.65,11.22,11.47,3999179,26315,11.4112
2023-09-20T04:00:00Z,12.13,12.3994,11.98,11.98,4896096,36175,12.0809
2023-09-21T04:00:00Z,11.9,12.28,11.79,12.27,5336172,33711,12.0966
2023-09-22T04:00:00Z,12.38,12.525,11.85,11.87,4302778,27418,12.0974
2023-09-25T04:00:00Z,11.78,11.89,11.63,11.79,3237426,21052,11.747
2023-09-26T04:00:00Z,11.49,11.75,11.33,11.58,7162397,46594,11.5723
2023-09-27T04:00:00Z,11.58,11.61,10.865,11.02,9170611,54435,11.0517
2023-09-28T04:00:00Z,11,11.15,10.9,11.14,23279451,96839,11.0595
2023-09-29T04:00:00Z,11.17,11.25,10.91,10.97,6228572,39516,11.0371
2023-10-02T04:00:00Z,10.95,11.01,10.7,10.74,6227626,34734,10.78
2023-10-03T04:00:00Z,10.7,10.855,10.27,10.3,7550013,39009,10.4628
2023-10-04T04:00:00Z,10.29,10.365,10.06,10.31,8964614,42811,10.2696
2023-10-05T04:00:00Z,10.32,10.4,10.21,10.3,6256795,28170,10.3093
2023-10-06T04:00:00Z,10.18,10.64,10.16,10.55,8185326,31661,10.4488
2023-10-09T04:00:00Z,10.48,10.56,10.22,10.47,3528278,19941,10.4114
2023-10-10T04:00:00Z,10.38,10.58,10.38,10.39,3890789,22818,10.4368
2023-10-11T04:00:00Z,10.42,10.45,9.73,9.91,9887832,42103,9.93558
2023-10-12T04:00:00Z,9.82,9.855,9.39,9.43,7677169,36113,9.50287
2023-10-13T04:00:00Z,9.4,9.71,9.33,9.67,5633494,31038,9.61786
2023-10-16T04:00:00Z,9.72,9.85,9.66,9.75,5920337,23478,9.74396
2023-10-17T04:00:00Z,9.61,10.02,9.51,9.95,4152288,22737,9.92938
2023-10-18T04:00:00Z,9.91,9.965,9.76,9.77,4859305,21872,9.81978
2023-10-19T04:00:00Z,9.79,9.94,9.58,9.63,6775822,28692,9.6899
2023-10-20T04:00:00Z,9.64,9.675,9.445,9.49,6256274,25042,9.52571
2023-10-23T04:00:00Z,9.46,9.59,9.31,9.44,5412720,27007,9.4869
2023-10-24T04:00:00Z,9.5,9.685,9.42,9.63,4571471,26491,9.59018
2023-10-25T04:00:00Z,9.64,9.805,9.495,9.67,5503306,33183,9.6981
2023-10-26T04:00:00Z,9.68,9.75,9.34,9.38,5269157,26371,9.42691
2023-10-27T04:00:00Z,9.41,9.46,9.095,9.14,4744257,29583,9.20187
2023-10-30T04:00:00Z,9.26,9.35,9.115,9.23,7604571,33614,9.21086
2023-10-31T04:00:00Z,9.26,9.44,9.21,9.37,3717433,21428,9.35258
2023-11-01T04:00:00Z,9.15,9.335,9.015,9.32,6314760,30737,9.23555
2023-11-02T04:00:00Z,9.59,9.68,9.46,9.63,5349250,32073,9.591
2023-11-03T04:00:00Z,9.81,9.94,9.71,9.81,5064534,30008,9.80843
2023-11-06T05:00:00Z,9.82,9.91,9.69,9.85,7034293,34906,9.84052
2023-11-07T05:00:00Z,9.81,10,9.745,9.91,4166555,28399,9.90242
2023-11-08T05:00:00Z,9.66,10.39,9.41,10.03,6366930,40017,10.0603
2023-11-09T05:00:00Z,10.03,10.06,9.62,9.77,6873799,32876,9.83468
2023-11-10T05:00:00Z,9.78,9.8375,9.66,9.79,2216563,16301,9.76619
2023-11-13T05:00:00Z,9.72,9.95,9.7,9.87,3271553,19922,9.85667
2023-11-14T05:00:00Z,10.15,10.85,10.14,10.81,8688169,51637,10.6954
2023-11-15T05:00:00Z,10.8,10.995,10.72,10.83,5099658,30574,10.8306
2023-11-16T05:00:00Z,10.64,10.945,10.61,10.82,4692604,26019,10.835
2023-11-17T05:00:00Z,10.94,11.16,10.83,11.06,4581524,30222,11.0697
2023-11-20T05:00:00Z,11.06,11.07,10.85,10.93,4965727,29251,10.9488
2023-11-21T05:00:00Z,10.84,10.98,10.84,10.86,4137513,21422,10.9012
2023-11-22T05:00:00Z,10.95,11.16,10.93,11.04,3798338,23311,11.0228
2023-11-24T05:00:00Z,11.05,11.36,11.05,11.36,2484519,15137,11.2762
2023-11-27T05:00:00Z,11.33,11.4,11.205,11.23,3960390,20319,11.2886
2023-11-28T05:00:00Z,11.18,11.505,11.18,11.31,4349318,26466,11.3647
2023-11-29T05:00:00Z,11.34,11.485,11.34,11.34,3465038,25507,11.3805
2023-11-30T05:00:00Z,11.38,11.5,11.17,11.4,4904094,26801,11.3823
2023-12-01T05:00:00Z,11.41,11.605,11.33,11.58,4145780,23942,11.5112
2023-12-04T05:00:00Z,11.52,11.875,11.48,11.86,5173122,30165,11.8209
2023-12-05T05:00:00Z,11.73,11.82,11.49,11.52,4213455,31069,11.5797
2023-12-06T05:00:00Z,11.59,11.84,11.51,11.55,3088464,22530,11.6239
2023-12-07T05:00:00Z,11.54,11.68,11.525,11.66,2853800,21460,11.6405
2023-12-08T05:00:00Z,11.62,11.785,11.59,11.62,3307371,21469,11.6514
2023-12-11T05:00:00Z,11.69,11.82,11.6,11.78,2646048,19872,11.7703
2023-12-12T05:00:00Z,11.8,11.97,11.78,11.91,8828196,26004,11.8941
2023-12-13T05:00:00Z,11.86,12.235,11.79,12.19,4704468,25097,12.0595
2023-12-14T05:00:00Z,12.14,12.74,12.14,12.64,9038253,47046,12.6523
2023-12-15T05:00:00Z,12.67,12.7,12.435,12.52,13825963,34013,12.5279
2023-12-18T05:00:00Z,12.56,12.665,12.48,12.56,3170808,21651,12.5656
2023-12-19T05:00:00Z,12.6,12.79,12.6,12.66,3308347,21605,12.6779
2023-12-20T05:00:00Z,12.57,12.61,12.2814,12.29,4822491,30056,12.431
2023-12-21T05:00:00Z,12.48,12.57,12.36,12.48,2864629,22472,12.4528
2023-12-22T05:00:00Z,12.47,12.54,12.365,12.45,2284918,17209,12.4538
2023-12-26T05:00:00Z,12.47,12.52,12.4,12.47,3238065,15484,12.4681
2023-12-27T05:00:00Z,12.49,12.51,12.37,12.43,2875381,17424,12.4298
2023-12-28T05:00:00Z,12.43,12.56,12.43,12.52,2580822,16478,12.5093
2023-12-29T05:00:00Z,12.46,12.54,12.4,12.42,2466899,17087,12.4463
2024-01-02T05:00:00Z,12.26,12.27,12.07,12.22,3765102,28408,12.1863
2024-01-03T05:00:00Z,12.08,12.1,11.515,11.55,4634204,30717,11.6782
2024-01-04T05:00:00Z,11.5,11.66,11.435,11.54,3829548,22952,11.5759
2024-01-05T05:00:00Z,11.42,11.67,11.39,11.52,5515547,18516,11.5318
2024-01-08T05:00:00Z,11.54,12.005,11.54,11.97,4974968,25990,11.9083
2024-01-09T05:00:00Z,11.87,12.14,11.85,12.07,2911132,22291,12.0424
2024-01-10T05:00:00Z,12.07,12.25,12.035,12.2,2159540,18769,12.1683
2024-01-11T05:00:00Z,12.21,12.295,11.94,12.25,2828939,21024,12.1669
2024-01-12T05:00:00Z,12.34,12.515,12.15,12.24,8312952,23505,12.2671
2024-01-16T05:00:00Z,12.11,12.22,11.94,12.05,3665685,20988,12.0256
2024-01-17T05:00:00Z,11.88,12.09,11.86,12.06,3418137,17981,12.0482
2024-01-18T05:00:00Z,12.15,12.175,11.83,12.1,2862904,21074,12.0247
2024-01-19T05:00:00Z,12.08,12.125,11.945,12.1,2948728,20025,12.0508
2024-01-22T05:00:00Z,12.17,12.355,12.11,12.34,2665816,18694,12.2898
2024-01-23T05:00:00Z,12.5,12.57,12.24,12.31,3107881,22315,12.3425
2024-01-24T05:00:00Z,12.43,12.53,11.97,11.98,4011892,23674,12.1369
2024-01-25T05:00:00Z,12.09,12.17,12,12.03,2259398,15888,12.0518
2024-01-26T05:00:00Z,12.15,12.32,12.135,12.16,2350520,16333,12.2066
2024-01-29T05:00:00Z,12.15,12.375,12.1,12.36,2147983,15602,12.2809
2024-01-30T05:00:00Z,12.27,12.34,12.19,12.27,2461869,17198,12.2643
2024-01-31T05:00:00Z,12.27,12.355,12.06,12.08,2613465,18797,12.1684
2024-02-01T05:00:00Z,12.19,12.365,12.025,12.24,3116527,24066,12.2072
2024-02-02T05:00:00Z,12.06,12.15,11.93,12.1,3191107,21319,12.0665
2024-02-05T05:00:00Z,12.4,12.47,12.04,12.23,3519322,24183,12.2157
2024-02-06T05:00:00Z,12.21,12.35,12.13,12.27,3639682,22585,12.2667
2024-02-07T05:00:00Z,12.32,12.35,12.01,12.18,7460044,37583,12.1882
2024-02-08T05:00:00Z,12.48,12.85,11.59,11.88,11353351,61818,11.9758
2024-02-09T05:00:00Z,11.98,12.03,11.4601,11.62,7567165,41692,11.6156
2024-02-12T05:00:00Z,11.55,11.92,11.53,11.83,7166349,39784,11.7935
2024-02-13T05:00:00Z,11.5,11.62,11.37,11.39,4442924,28536,11.4501
2024-02-14T05:00:00Z,11.5,11.645,11.34,11.62,3742140,23536,11.5434
2024-02-15T05:00:00Z,11.72,11.98,11.7,11.96,3972839,23565,11.9076
2024-02-16T05:00:00Z,11.9,12.06,11.81,11.9,2680110,16763,11.9351
2024-02-20T05:00:00Z,11.85,12.21,11.81,12.17,5248918,28408,12.1313
2024-02-21T05:00:00Z,12.15,12.73,12.14,12.64,8850612,41679,12.5956
2024-02-22T05:00:00Z,13.04,13.148,12.87,12.97,5517118,28886,13.0043
2024-02-23T05:00:00Z,12.97,13.17,12.91,13.1,3861916,21960,13.0531
2024-02-26T05:00:00Z,13.11,13.29,13.08,13.16,4137305,24673,13.1949
2024-02-27T05:00:00Z,13.2,13.3,13.05,13.26,3863088,24742,13.2116
2024-02-28T05:00:00Z,13.13,13.21,12.84,12.89,3815350,30288,12.9442
2024-02-29T05:00:00Z,12.92,12.98,12.505,12.56,4598690,25778,12.6106
2024-03-01T05:00:00Z,12.53,12.69,12.29,12.67,3748608,24319,12.57
2024-03-04T05:00:00Z,12.67,12.81,12.44,12.47,2509853,18877,12.5479
2024-03-05T05:00:00Z,12.33,12.82,12.33,12.58,2849111,24459,12.6355
2024-03-06T05:00:00Z,12.67,12.85,12.59,12.75,3277040,22063,12.7457
2024-03-07T05:00:00Z,12.81,12.89,12.63,12.67,2902419,19209,12.7105
2024-03-08T05:00:00Z,12.74,12.99,12.7,12.73,2876765,18259,12.7754
2024-03-11T04:00:00Z,12.62,12.77,12.57,12.68,2879506,19184,12.6879
2024-03-12T04:00:00Z,12.72,12.72,12.48,12.61,1816813,15738,12.586
2024-03-13T04:00:00Z,12.61,12.795,12.58,12.61,1822249,15725,12.6417
2024-03-14T04:00:00Z,12.6,12.62,12.24,12.33,1996980,15721,12.334
2024-03-15T04:00:00Z,12.21,12.44,12.18,12.34,5256441,18833,12.3377
2024-03-18T04:00:00Z,12.33,12.53,12.08,12.09,3749579,21943,12.2218
2024-03-19T04:00:00Z,12.03,12.15,11.84,11.92,3246345,21609,11.9367
2024-03-20T04:00:00Z,11.91,12.13,11.87,12.04,2473360,19975,12.0066
2024-03-21T04:00:00Z,12.1,12.31,11.895,11.91,2649694,20560,11.9551
2024-03-22T04:00:00Z,11.88,11.97,11.71,11.78,2998912,18694,11.7951
2024-03-25T04:00:00Z,11.76,11.88,11.57,11.58,1945580,13587,11.6539
2024-03-26T04:00:00Z,11.72,11.82,11.62,11.65,2689975,20425,11.6791
2024-03-27T04:00:00Z,11.73,11.85,11.56,11.82,4220590,22879,11.7668
2024-03-28T04:00:00Z,11.88,11.99,11.7017,11.96,3561449,19853,11.9191
2024-04-01T04:00:00Z,11.88,11.91,11.61,11.89,2706899,22259,11.8194
2024-04-02T04:00:00Z,11.76,11.83,11.4,11.62,4014707,25716,11.5843
2024-04-03T04:00:00Z,11.38,11.38,10.84,10.89,7309176,39198,11.0573
2024-04-04T04:00:00Z,11,11.39,10.955,11.06,6331877,35791,11.1744
2024-04-05T04:00:00Z,11,11.08,10.92,11.03,3818507,28407,11.0129
2024-04-08T04:00:00Z,11.11,11.26,11.1,11.15,2620754,17013,11.1772
2024-04-09T04:00:00Z,11.28,11.34,11.125,11.33,3550702,27537,11.2728
2024-04-10T04:00:00Z,11.08,11.22,11.04,11.15,3316321,25644,11.1402
2024-04-11T04:00:00Z,11.16,11.2,10.915,11.06,2824928,21768,11.0362
2024-04-12T04:00:00Z,10.95,11.02,10.41,10.51,5140542,38008,10.579
2024-04-15T04:00:00Z,10.66,10.75,10.44,10.5,4332020,31198,10.5474
2024-04-16T04:00:00Z,10.57,10.92,10.48,10.83,4914270,29024,10.7957
2024-04-17T04:00:00Z,10.91,10.95,10.61,10.63,4467916,26742,10.6923
2024-04-18T04:00:00Z,10.67,11.12,10.67,11.04,5903126,37050,10.9571
2024-04-19T04:00:00Z,10.93,11.17,10.9,11.15,6151852,32152,11.0753
2024-04-22T04:00:00Z,11.08,11.42,10.97,11.28,6886849,40052,11.3143
2024-04-23T04:00:00Z,11.3,11.805,11.3,11.69,5356553,34192,11.6782
2024-04-24T04:00:00Z,11.56,11.8,11.5,11.7,4826248,28075,11.686
2024-04-25T04:00:00Z,11.62,11.7,11.345,11.42,2853324,22040,11.4396
2024-04-26T04:00:00Z,11.45,11.53,11.42,11.46,2180448,16159,11.4745
2024-04-29T04:00:00Z,11.52,11.62,11.375,11.52,4721453,20418,11.4699
2024-04-30T04:00:00Z,11.46,11.575,11.42,11.44,2179972,19473,11.4939
2024-05-01T04:00:00Z,11.35,11.445,11.15,11.29,3336315,25764,11.2748
2024-05-02T04:00:00Z,11.46,11.62,11.32,11.57,3124140,21799,11.5129
2024-05-03T04:00:00Z,11.7,11.76,11.49,11.6,2848461,20312,11.5724
2024-05-06T04:00:00Z,11.65,11.77,11.375,11.5,4561807,29258,11.4881
2024-05-07T04:00:00Z,11.08,11.285,10.64,11.1,10513226,50395,11.1392
2024-05-08T04:00:00Z,11.15,11.19,10.755,10.89,5519013,34631,10.8982
2024-05-09T04:00:00Z,10.92,11.29,10.9,11.18,3743984,25984,11.152
2024-05-10T04:00:00Z,11.18,11.395,11.105,11.17,2503206,21962,11.2052
2024-05-13T04:00:00Z,11.24,11.41,11.1,11.17,3808748,23942,11.1913
2024-05-14T04:00:00Z,11.31,11.31,10.89,10.95,4402378,29929,10.9824
2024-05-15T04:00:00Z,11.04,11.055,10.81,10.85,3452053,24064,10.8606
2024-05-16T04:00:00Z,10.89,11.01,10.84,10.98,3015217,21865,10.9632
2024-05-17T04:00:00Z,10.97,10.97,10.64,10.66,3114435,21034,10.7107
2024-05-20T04:00:00Z,10.67,10.675,10.41,10.46,3824079,20171,10.497
2024-05-21T04:00:00Z,10.49,10.57,10.39,10.49,4190865,19585,10.495
2024-05-22T04:00:00Z,10.43,10.69,10.34,10.36,4800103,21394,10.4779
2024-05-23T04:00:00Z,10.36,10.69,10.31,10.42,3598598,25988,10.5096
2024-05-24T04:00:00Z,10.44,10.555,10.39,10.55,2974873,19061,10.5052
2024-05-28T04:00:00Z,10.55,10.8,10.515,10.71,6059078,29831,10.694
2024-05-29T04:00:00Z,10.55,10.59,10.19,10.22,4463037,27224,10.289
2024-05-30T04:00:00Z,10.25,10.28,10.141,10.19,2834712,20399,10.2055
2024-05-31T04:00:00Z,10.24,10.39,10.19,10.36,4185941,22221,10.316
2024-06-03T04:00:00Z,10.43,10.45,10.135,10.2,3225146,22242,10.2291
2024-06-04T04:00:00Z,10.15,10.205,9.95,10.01,2753647,23051,10.0481
2024-06-05T04:00:00Z,10.08,10.19,9.985,10.11,3077257,21607,10.1038
2024-06-06T04:00:00Z,10.11,10.415,10.08,10.2,4378126,22212,10.252
2024-06-07T04:00:00Z,10.08,10.22,9.98,10.02,2706355,19876,10.0502
2024-06-10T04:00:00Z,9.84,9.91,9.765,9.84,4267960,24187,9.84992
2024-06-11T04:00:00Z,9.77,9.92,9.695,9.88,3302640,23508,9.85364
2024-06-12T04:00:00Z,10.07,10.1,9.93,10.02,3181231,25726,10.0059
2024-06-13T04:00:00Z,10.02,10.09,9.84,9.96,4055891,22059,9.92814
2024-06-14T04:00:00Z,9.86,9.885,9.73,9.85,3066692,20720,9.82373
2024-06-17T04:00:00Z,9.8,9.93,9.72,9.81,4620434,25505,9.81495
2024-06-18T04:00:00Z,9.77,9.85,9.72,9.77,4186458,25129,9.77086
2024-06-20T04:00:00Z,9.75,9.88,9.69,9.87,4079771,19187,9.85483
2024-06-21T04:00:00Z,9.9,9.97,9.84,9.93,6572393,16333,9.92263
2024-06-24T04:00:00Z,9.94,10.15,9.91,10.13,3269917,15739,10.1013
2024-06-25T04:00:00Z,10.05,10.14,10.01,10.05,3075698,15431,10.0548
2024-06-26T04:00:00Z,9.97,10.12,9.94,10.09,1962307,13443,10.0892
2024-06-27T04:00:00Z,10.06,10.07,9.855,10.04,2832919,20462,9.99896
2024-06-28T04:00:00Z,10.08,10.09,9.805,10.02,4163522,16244,10.0022
2024-07-01T04:00:00Z,10.08,10.155,9.7,9.76,3332019,20768,9.84292
2024-07-02T04:00:00Z,9.77,9.82,9.68,9.76,3555987,20757,9.76128
2024-07-03T04:00:00Z,9.78,9.87,9.72,9.73,1037399,7150,9.77026
2024-07-05T04:00:00Z,9.69,9.85,9.69,9.81,3892880,15010,9.78644
2024-07-08T04:00:00Z,9.88,10,9.83,9.96,2580096,14726,9.94678
2024-07-09T04:00:00Z,9.88,9.965,9.85,9.9,2157827,14885,9.90745
2024-07-10T04:00:00Z,9.85,9.99,9.85,9.87,1977349,11832,9.8855
2024-07-11T04:00:00Z,10.03,10.09,9.925,10.08,3367302,17281,10.037
2024-07-12T04:00:00Z,10.19,10.54,10.19,10.44,4487283,22900,10.4476
2024-07-15T04:00:00Z,10.39,10.455,10.19,10.23,4216550,18860,10.2959
2024-07-16T04:00:00Z,10.29,10.3,10.09,10.13,2813604,18238,10.1592
2024-07-17T04:00:00Z,10.07,10.15,10.0112,10.07,3914331,19462,10.0743
2024-07-18T04:00:00Z,10.12,10.15,9.93,9.94,4396345,19536,10.0145
2024-07-19T04:00:00Z,9.91,9.97,9.841,9.96,2210809,12847,9.92806
2024-07-22T04:00:00Z,10.02,10.03,9.82,9.96,3077639,15880,9.93097
2024-07-23T04:00:00Z,9.9,10.08,9.86,9.95,2459265,17709,9.99409
2024-07-24T04:00:00Z,9.9,9.94,9.48,9.58,5218003,24065,9.59892
2024-07-25T04:00:00Z,9.59,9.74,9.56,9.69,3969864,19675,9.67252
2024-07-26T04:00:00Z,9.8,9.91,9.71,9.91,3743692,18903,9.86554
2024-07-29T04:00:00Z,9.87,10.12,9.79,9.97,3348294,19805,9.9814
2024-07-30T04:00:00Z,9.89,9.93,9.66,9.82,2597837,15061,9.76098
2024-07-31T04:00:00Z,9.85,10.185,9.77,9.95,3355939,17367,9.9817
2024-08-01T04:00:00Z,9.96,9.98,9.56,9.66,3547417,17771,9.71088
2024-08-02T04:00:00Z,9.52,9.57,9.26,9.44,4126972,18500,9.4006
2024-08-05T04:00:00Z,8.96,9.235,8.7928,9.17,3863008,19977,9.14159
2024-08-06T04:00:00Z,9.22,9.44,9.17,9.29,3512126,18208,9.34733
2024-08-07T04:00:00Z,9.42,9.53,9.14,9.14,3629809,19396,9.26816
2024-08-08T04:00:00Z,9.2,9.32,9.09,9.31,5460925,19617,9.23631
2024-08-09T04:00:00Z,9.2,9.32,9.11,9.12,4276172,23848,9.1746
2024-08-12T04:00:00Z,9.09,9.11,8.83,8.86,5984721,26594,8.91797
2024-08-13T04:00:00Z,8.94,9.18,8.85,9.15,4066375,20185,9.06908
2024-08-14T04:00:00Z,9.14,9.195,8.88,9.05,5341536,24283,9.0336
2024-08-15T04:00:00Z,9.2,9.498,9.18,9.42,6953500,34100,9.4012
2024-08-16T04:00:00Z,9.38,9.645,9.37,9.63,4695607,25035,9.5898
2024-08-19T04:00:00Z,9.66,9.705,9.55,9.55,5766039,28594,9.60811
2024-08-20T04:00:00Z,9.51,9.56,9.43,9.53,6501405,29782,9.50901
2024-08-21T04:00:00Z,9.6,10.2,9.57,10.13,9105972,46167,10.0343
2024-08-22T04:00:00Z,10.15,10.3,9.97,10.02,4951108,26651,10.0817
2024-08-23T04:00:00Z,10.09,10.09,9.85,9.96,4378406,28071,9.94076
2024-08-26T04:00:00Z,9.96,9.97,9.62,9.66,3623464,18138,9.69891
2024-08-27T04:00:00Z,9.59,9.64,9.43,9.55,3978382,20181,9.53829
2024-08-28T04:00:00Z,9.52,9.54,9.33,9.48,3915941,23005,9.46271
2024-08-29T04:00:00Z,9.56,9.58,9.24,9.25,3805958,18924,9.31785
2024-08-30T04:00:00Z,9.28,9.39,9.215,9.38,3849761,20771,9.32808
2024-09-03T04:00:00Z,9.27,9.55,9.22,9.44,3736678,21537,9.41645
2024-09-04T04:00:00Z,9.39,9.49,9.3,9.36,3125655,18720,9.35834
2024-09-05T04:00:00Z,9.36,9.405,9.13,9.17,2719900,15529,9.19671
2024-09-06T04:00:00Z,9.15,9.205,8.96,8.99,2928893,17209,9.01103
2024-09-09T04:00:00Z,8.98,9.09,8.85,9.01,3491234,24888,9.00964
2024-09-10T04:00:00Z,9.01,9.04,8.78,8.83,3512956,19384,8.84071
2024-09-11T04:00:00Z,8.82,8.9,8.665,8.87,2429488,19682,8.80413
2024-09-12T04:00:00Z,8.88,8.94,8.76,8.92,2298664,14611,8.88171
2024-09-13T04:00:00Z,8.96,9.2,8.905,9.11,4851070,20091,9.09962
2024-09-16T04:00:00Z,9.15,9.375,9.15,9.3,2951071,17698,9.30156
2024-09-17T04:00:00Z,9.35,9.35,9.22,9.26,2101594,16675,9.26696
2024-09-18T04:00:00Z,9.3,9.445,9.195,9.26,3057705,19264,9.30295
2024-09-19T04:00:00Z,9.46,9.52,9.34,9.39,2605217,16668,9.39633
2024-09-20T04:00:00Z,9.32,9.33,9.1,9.19,4911857,18521,9.19507
2024-09-23T04:00:00Z,9.15,9.39,9.15,9.29,3055723,16221,9.28613
2024-09-24T04:00:00Z,9.37,9.46,9.265,9.29,5173821,23591,9.33338
2024-09-25T04:00:00Z,9.3,9.32,9,9.02,4284677,25528,9.05715
2024-09-26T04:00:00Z,9.2,9.5,9.17,9.48,5355281,25275,9.40096
2024-09-27T04:00:00Z,9.55,9.7,9.49,9.51,4998478,26412,9.56802
2024-09-30T04:00:00Z,9.53,9.59,9.275,9.39,4349773,22007,9.38468
2024-10-01T04:00:00Z,9.35,9.43,9.15,9.17,3417196,20632,9.21168
2024-10-02T04:00:00Z,9.23,9.32,9.08,9.09,2919522,19152,9.13326
2024-10-03T04:00:00Z,9,9.02,8.87,8.93,3629421,18077,8.9496
2024-10-04T04:00:00Z,9.06,9.125,8.95,8.99,2166870,13783,8.99735
2024-10-07T04:00:00Z,9.54,9.56,9.29,9.36,5049282,28074,9.37325
2024-10-08T04:00:00Z,9.28,9.325,9.06,9.12,3338268,16041,9.14044
2024-10-09T04:00:00Z,9.08,9.095,8.97,8.98,5223928,16588,8.99834
2024-10-10T04:00:00Z,8.99,9,8.865,8.9,4527377,18084,8.91255
2024-10-11T04:00:00Z,8.9,9.26,8.9,9.21,4841791,20058,9.14583
2024-10-14T04:00:00Z,9.17,9.23,9.09,9.17,4665169,23134,9.1629
2024-10-15T04:00:00Z,8.74,8.8,7.95,8.18,17151004,66697,8.15843
2024-10-16T04:00:00Z,8.2,8.24,7.98,7.99,6541940,31297,8.06895
2024-10-17T04:00:00Z,7.99,7.99,7.75,7.82,8982738,33091,7.80579
2024-10-18T04:00:00Z,7.8,7.84,7.66,7.7,6471025,29455,7.70503
2024-10-21T04:00:00Z,7.69,7.78,7.58,7.59,5605852,24690,7.63291
2024-10-22T04:00:00Z,7.56,7.66,7.345,7.48,6557512,28653,7.46785
2024-10-23T04:00:00Z,7.46,7.61,7.42,7.6,6543413,25217,7.51454
2024-10-24T04:00:00Z,7.62,7.71,7.53,7.57,3026942,18418,7.5806
2024-10-25T04:00:00Z,7.56,7.61,7.52,7.57,2696552,15812,7.57228
2024-10-28T04:00:00Z,7.6,7.76,7.585,7.67,3091902,15882,7.67633
2024-10-29T04:00:00Z,7.63,7.78,7.62,7.75,4369025,19040,7.74093
2024-10-30T04:00:00Z,7.67,7.88,7.63,7.64,3615408,15158,7.70646
2024-10-31T04:00:00Z,7.49,7.595,7.41,7.44,8047469,22919,7.48498
2024-11-01T04:00:00Z,7.49,7.635,7.445,7.48,5643801,32545,7.54328
2024-11-04T05:00:00Z,7.55,7.66,7.43,7.47,6774417,25775,7.5088
2024-11-05T05:00:00Z,7.45,7.595,7.395,7.54,6269647,30134,7.51544
2024-11-06T05:00:00Z,7.6,7.67,7.38,7.43,11300093,35586,7.45362
2024-11-07T05:00:00Z,7.29,7.44,7.02,7.25,9348613,41519,7.25967
2024-11-08T05:00:00Z,7.13,7.3,7.1,7.16,6729461,25965,7.16215
2024-11-11T05:00:00Z,7.16,7.47,7.16,7.36,5740281,21775,7.38093
2024-11-12T05:00:00Z,7.3,7.47,7.28,7.47,6618512,24859,7.43727
2024-11-13T05:00:00Z,7.23,7.48,7.11,7.38,6826228,25906,7.39971
2024-11-14T05:00:00Z,7.42,7.64,7.365,7.59,6437314,22455,7.53562
2024-11-15T05:00:00Z,7.63,7.63,7.18,7.2,7307553,27191,7.26365
2024-11-18T05:00:00Z,7.15,7.15,6.93,7.07,6236965,22822,7.04353
2024-11-19T05:00:00Z,6.98,7.13,6.95,7.09,4879756,19866,7.08721
2024-11-20T05:00:00Z,7.05,7.16,7.025,7.14,4072754,16106,7.08692
2024-11-21T05:00:00Z,7.12,7.21,7.09,7.19,3948374,20761,7.16596
2024-11-22T05:00:00Z,7.21,7.355,7.19,7.32,4849687,22107,7.30255
2024-11-25T05:00:00Z,7.4,7.65,7.36,7.53,6645993,23264,7.54716
2024-11-26T05:00:00Z,7.51,7.56,7.325,7.41,5655231,21918,7.38515
2024-11-27T05:00:00Z,7.46,7.58,7.4,7.41,3260191,17997,7.44829
2024-11-29T05:00:00Z,7.4,7.415,7.3,7.39,3245167,13440,7.35722
2024-12-02T05:00:00Z,7.4,7.65,7.3,7.65,5329040,22435,7.57697
2024-12-03T05:00:00Z,7.64,7.645,7.44,7.51,3154622,16897,7.50204
2024-12-04T05:00:00Z,7.49,7.76,7.47,7.67,3823941,17593,7.69976
2024-12-05T05:00:00Z,7.7,7.7499,7.59,7.64,3818902,18667,7.65339
2024-12-06T05:00:00Z,7.83,8.02,7.605,7.61,5157890,22310,7.70671
2024-12-09T05:00:00Z,7.71,8.04,7.66,7.75,6400812,28213,7.90398
2024-12-10T05:00:00Z,7.72,7.84,7.57,7.75,5858156,22802,7.74915
2024-12-11T05:00:00Z,7.78,7.82,7.6,7.62,4604734,21848,7.65738
2024-12-12T05:00:00Z,7.59,7.63,7.46,7.47,3369899,15936,7.52611
2024-12-13T05:00:00Z,7.43,7.53,7.28,7.5,3696489,17782,7.4472
2024-12-16T05:00:00Z,7.41,7.57,7.33,7.46,5837934,23768,7.49083
2024-12-17T05:00:00Z,7.43,7.52,7.3,7.32,3642466,19872,7.35612
2024-12-18T05:00:00Z,7.32,7.41,6.9748,6.99,3996448,19555,7.10772
2024-12-19T05:00:00Z,7,7.1,6.9382,7,3494699,20069,6.9942
2024-12-20T05:00:00Z,6.91,7.18,6.87,7.04,11089499,22267,7.0601
2024-12-23T05:00:00Z,7,7.08,6.945,7.07,3145421,19797,7.02925
2024-12-24T05:00:00Z,7.09,7.09,6.97,7.04,1615467,8982,7.02574
2024-12-26T05:00:00Z,7,7.14,6.97,7.09,3876006,15103,7.08654
2024-12-27T05:00:00Z,7.05,7.12,6.91,6.99,3937237,16870,6.98336
2024-12-30T05:00:00Z,6.94,6.99,6.8,6.92,3054118,15256,6.92352
2024-12-31T05:00:00Z,6.97,7.02,6.92,6.96,2706261,14136,6.95989
2025-01-02T05:00:00Z,7.02,7.06,6.835,6.86,4352597,25004,6.90767
2025-01-03T05:00:00Z,6.86,6.93,6.72,6.81,7539871,28827,6.83122
2025-01-06T05:00:00Z,6.92,7.035,6.84,6.84,6151033,25598,6.88756
2025-01-07T05:00:00Z,6.9,7.16,6.87,6.95,3445204,19156,7.0074
2025-01-08T05:00:00Z,6.85,6.95,6.69,6.81,5596788,20474,6.80677
2025-01-10T05:00:00Z,6.71,6.75,6.63,6.67,4564760,20113,6.68989
2025-01-13T05:00:00Z,6.64,6.8,6.59,6.77,5566988,25628,6.74365
2025-01-14T05:00:00Z,6.78,6.835,6.68,6.74,3372996,19286,6.7366
2025-01-15T05:00:00Z,6.93,7.01,6.87,6.91,7159485,23534,6.94485
2025-01-16T05:00:00Z,6.97,7.29,6.96,7.2,6377190,28928,7.19635
2025-01-17T05:00:00Z,7.24,7.265,7.13,7.14,3332030,16842,7.17199
2025-01-21T05:00:00Z,7.2,7.34,7.095,7.29,6877290,26504,7.26276
2025-01-22T05:00:00Z,7.36,7.48,7.33,7.39,6913592,30198,7.40309
2025-01-23T05:00:00Z,7.32,7.42,7.265,7.4,4162521,22927,7.3749
2025-01-24T05:00:00Z,7.45,7.56,7.4,7.45,5475283,29367,7.48082
2025-01-27T05:00:00Z,7.45,7.71,7.45,7.61,6761622,30305,7.61519
2025-01-28T05:00:00Z,7.54,7.58,7.35,7.36,4061527,24946,7.40615
2025-01-29T05:00:00Z,7.4,7.46,7.21,7.26,4198888,23245,7.27186
2025-01-30T05:00:00Z,7.33,7.525,7.27,7.48,4650284,23437,7.4385
2025-01-31T05:00:00Z,7.4,7.465,7.32,7.33,5743928,27871,7.37487
2025-02-03T05:00:00Z,7.15,7.16,7.005,7.1,5198951,26625,7.08751
2025-02-04T05:00:00Z,7.07,7.07,6.865,6.97,5130496,23630,6.97978
2025-02-05T05:00:00Z,6.96,7,6.75,6.79,6090769,23742,6.8356
2025-02-06T05:00:00Z,6.91,7.04,6.81,6.85,6300191,28170,6.89838
2025-02-07T05:00:00Z,6.79,6.835,6.68,6.76,5535309,27120,6.74875
2025-02-10T05:00:00Z,6.81,6.83,6.65,6.77,10589826,37289,6.73503
2025-02-11T05:00:00Z,7,7.1,6.13,6.14,16781017,54989,6.28592
2025-02-12T05:00:00Z,6.04,6.06,5.67,5.68,12705410,45689,5.78887
2025-02-13T05:00:00Z,5.72,5.76,5.64,5.75,10333620,35700,5.69213
2025-02-14T05:00:00Z,5.78,5.84,5.545,5.58,8363522,29337,5.61775
2025-02-18T05:00:00Z,5.58,5.68,5.51,5.65,9532333,26302,5.61916
2025-02-19T05:00:00Z,5.59,5.64,5.42,5.53,10528343,33749,5.49594
2025-02-20T05:00:00Z,5.51,5.73,5.51,5.65,13157594,40894,5.64755
2025-02-21T05:00:00Z,5.68,5.75,5.64,5.71,6924318,21943,5.69592
2025-02-24T05:00:00Z,5.7,6.075,5.675,5.99,14148176,33168,5.97713
2025-02-25T05:00:00Z,6.05,6.075,5.86,5.93,8863854,30358,5.93079
2025-02-26T05:00:00Z,5.96,5.97,5.76,5.77,11884829,28405,5.80406
2025-02-27T05:00:00Z,5.67,5.83,5.668,5.72,8497998,28553,5.75065
2025-02-28T05:00:00Z,5.71,5.755,5.57,5.69,11574527,29384,5.66616
2025-03-03T05:00:00Z,5.78,5.84,5.46,5.47,7199794,27586,5.56562
2025-03-04T05:00:00Z,5.41,5.61,5.35,5.52,8268368,25084,5.52382
2025-03-05T05:00:00Z,5.58,5.75,5.56,5.7,5520113,20144,5.6798
2025-03-06T05:00:00Z,5.65,5.8,5.635,5.76,4922168,18017,5.72449
2025-03-07T05:00:00Z,5.72,5.9,5.69,5.85,4933922,23361,5.84255
2025-03-10T04:00:00Z,5.86,6.13,5.86,6.02,8207837,28125,6.02489
2025-03-11T04:00:00Z,5.99,6.025,5.66,5.69,8839008,33126,5.72251
2025-03-12T04:00:00Z,5.61,5.63,5.5,5.52,6468425,25794,5.54802
2025-03-13T04:00:00Z,5.5,5.64,5.36,5.43,5685078,23839,5.46161
2025-03-14T04:00:00Z,5.51,5.53,5.41,5.51,4793616,21263,5.49533
2025-03-17T04:00:00Z,5.52,5.66,5.485,5.63,5219184,21143,5.59912
2025-03-18T04:00:00Z,5.6,5.63,5.5,5.55,4369598,15746,5.54409
2025-03-19T04:00:00Z,5.51,5.63,5.5,5.54,4674952,19805,5.56487
2025-03-20T04:00:00Z,5.77,5.79,5.62,5.63,6690700,24657,5.66621
2025-03-21T04:00:00Z,5.58,5.6,5.49,5.56,7256222,19336,5.55692
2025-03-24T04:00:00Z,5.57,5.6,5.49,5.54,5546976,21580,5.53332
2025-03-25T04:00:00Z,5.66,5.7,5.435,5.48,6629820,23766,5.50024
2025-03-26T04:00:00Z,5.45,5.485,5.36,5.46,6978747,18516,5.43346
2025-03-27T04:00:00Z,5.44,5.56,5.425,5.55,5284976,21046,5.50507
2025-03-28T04:00:00Z,5.51,5.51,5.4,5.45,5267018,17924,5.43532
2025-03-31T04:00:00Z,5.4,5.5,5.365,5.47,5122389,17279,5.44563
2025-04-01T04:00:00Z,5.5,5.57,5.43,5.52,5051572,19279,5.51919
2025-04-02T04:00:00Z,5.46,5.65,5.455,5.65,4552602,18190,5.58816
2025-04-03T04:00:00Z,5.54,5.56,5.19,5.21,8774974,26836,5.2634
2025-04-04T04:00:00Z,5,5.12,4.765,5.04,9176185,36217,4.98262
2025-04-07T04:00:00Z,4.86,5.085,4.67,4.9,13760150,40302,4.87424
2025-04-08T04:00:00Z,5.11,5.11,4.61,4.69,10822257,32403,4.81824
2025-04-09T04:00:00Z,4.62,5.42,4.62,5.36,12760158,42304,5.13252
2025-04-10T04:00:00Z,5.22,5.26,5.025,5.14,8915465,27841,5.11963
2025-04-11T04:00:00Z,5.02,5.2,4.93,5.2,7597450,29813,5.09369
2025-04-14T04:00:00Z,5.28,5.34,5.12,5.19,8187807,27017,5.20498
2025-04-15T04:00:00Z,5,5.04,4.67,4.75,16154054,35708,4.77616
2025-04-16T04:00:00Z,4.74,4.79,4.57,4.67,8543201,29733,4.65859
2025-04-17T04:00:00Z,4.65,4.74,4.56,4.73,8759995,24722,4.66666
2025-04-21T04:00:00Z,4.69,4.79,4.625,4.78,4231626,15570,4.71953
2025-04-22T04:00:00Z,4.78,4.84,4.72,4.82,4428998,14240,4.7967
2025-04-23T04:00:00Z,5,5.13,4.865,4.93,7753934,22845,4.96136
2025-04-24T04:00:00Z,4.93,5.04,4.845,5.04,9351431,19108,4.99657
2025-04-25T04:00:00Z,5.03,5.03,4.92,4.97,5509734,16899,4.97462
2025-04-28T04:00:00Z,4.97,5.05,4.92,4.98,5875463,18894,4.96844
2025-04-29T04:00:00Z,4.95,5.05,4.9301,5.02,4174927,16955,5.00493
2025-04-30T04:00:00Z,4.96,5.06,4.915,5.05,6209189,21177,5.0147
2025-05-01T04:00:00Z,5.05,5.085,4.95,5.02,6433001,22330,5.02006
2025-05-02T04:00:00Z,5.13,5.22,5.045,5.17,7429334,20287,5.15629
2025-05-05T04:00:00Z,5.15,5.22,5.12,5.16,5568969,15943,5.17449
2025-05-06T04:00:00Z,5.09,5.22,5.09,5.17,7624892,23487,5.16661
2025-05-07T04:00:00Z,4.7,4.89,4.46,4.57,18425707,52787,4.61365
2025-05-08T04:00:00Z,4.61,4.89,4.58,4.82,11128771,30079,4.80178
2025-05-09T04:00:00Z,4.79,4.885,4.66,4.69,8329244,23023,4.73609
2025-05-12T04:00:00Z,4.9,5.095,4.9,5.01,11510577,29637,5.00455
2025-05-13T04:00:00Z,5,5.09,4.94,5.08,9493926,28621,5.04628
2025-05-14T04:00:00Z,5.06,5.13,5.03,5.06,8243641,27496,5.07523
2025-05-15T04:00:00Z,5.03,5.07,4.965,5.03,6681589,17084,5.02989
2025-05-16T04:00:00Z,5.01,5.07,4.98,5.05,4857289,16140,5.03825
2025-05-19T04:00:00Z,4.98,5.05,4.955,5.03,6333427,17948,5.0228
2025-05-20T04:00:00Z,5.05,5.175,5,5.05,6557433,18390,5.08323
2025-05-21T04:00:00Z,4.97,5,4.85,4.86,7080855,20160,4.92348
2025-05-22T04:00:00Z,4.8,4.97,4.795,4.93,8906543,20870,4.93188
2025-05-23T04:00:00Z,4.81,4.83,4.67,4.78,12290183,22813,4.75995
2025-05-27T04:00:00Z,4.86,4.9,4.815,4.87,9504204,17056,4.86366
2025-05-28T04:00:00Z,4.89,4.9,4.76,4.77,4765551,17689,4.80371
2025-05-29T04:00:00Z,4.83,5,4.8015,4.99,5763147,17609,4.95599
2025-05-30T04:00:00Z,4.94,4.985,4.88,4.93,8178270,16826,4.94429
2025-06-02T04:00:00Z,4.89,4.9,4.79,4.87,7022295,23542,4.86437
2025-06-03T04:00:00Z,4.85,5,4.74,4.97,6605879,19719,4.9452
2025-06-04T04:00:00Z,4.99,5.05,4.955,4.98,5365274,16865,5.00796
2025-06-05T04:00:00Z,4.98,5.02,4.87,4.89,5971169,18616,4.94913
2025-06-06T04:00:00Z,4.97,5.03,4.9,5.02,8114472,21151,4.99101
2025-06-09T04:00:00Z,5.08,5.12,4.96,5.01,8522531,31697,5.01009
2025-06-10T04:00:00Z,5.03,5.21,5.02,5.14,8394491,23098,5.15991
2025-06-11T04:00:00Z,5.17,5.27,5.07,5.07,7843469,23679,5.13777
2025-06-12T04:00:00Z,5,5.09,4.99,5.03,10132481,28841,5.03928
2025-06-13T04:00:00Z,4.95,5.0193,4.73,4.73,9811329,36480,4.85692
2025-06-16T04:00:00Z,4.81,5.34,4.78,5.05,26658215,65420,5.06499
2025-06-17T04:00:00Z,4.98,5.05,4.81,4.94,16761535,42822,4.94684
2025-06-18T04:00:00Z,4.915,4.95,4.79,4.79,10168385,28031,4.85462
2025-06-20T04:00:00Z,4.82,4.85,4.74,4.77,9430849,20877,4.77542
2025-06-23T04:00:00Z,4.73,4.84,4.69,4.82,8274268,22286,4.76868
2025-06-24T04:00:00Z,4.9,4.9,4.695,4.71,6633091,22457,4.74256
2025-06-25T04:00:00Z,4.71,4.71,4.62,4.64,6316380,20329,4.6539
2025-06-26T04:00:00Z,4.68,4.69,4.59,4.6,6432855,20392,4.62262
2025-06-27T04:00:00Z,4.61,4.68,4.56,4.61,9646252,20754,4.61059
2025-06-30T04:00:00Z,4.61,4.66,4.6,4.65,6921780,19648,4.64374
2025-07-01T04:00:00Z,4.64,5.08,4.64,4.91,13945050,35514,4.90782
2025-07-02T04:00:00Z,4.94,5.1,4.865,5.09,12331221,28622,5.02362
2025-07-03T04:00:00Z,5.12,5.14,5.04,5.09,7215772,16199,5.09242
2025-07-07T04:00:00Z,5.04,5.14,4.95,4.96,10228585,32081,5.02665
2025-07-08T04:00:00Z,4.98,5.055,4.91,4.94,8337198,22941,4.96076
2025-07-09T04:00:00Z,4.93,5.01,4.86,4.97,6678604,21005,4.94807
2025-07-10T04:00:00Z,4.98,5.33,4.97,5.12,9611442,28845,5.16372
2025-07-11T04:00:00Z,5.08,5.13,5.01,5.06,6768342,21396,5.08192
2025-07-14T04:00:00Z,5.03,5.045,4.9,5.03,7020516,20599,4.99126
2025-07-15T04:00:00Z,5.06,5.08,4.91,4.92,8515794,25733,4.97286
2025-07-16T04:00:00Z,4.95,5.03,4.86,4.96,7828572,20590,4.93924
2025-07-17T04:00:00Z,4.95,5.005,4.895,4.94,4923343,16475,4.93856
2025-07-18T04:00:00Z,4.98,4.99,4.85,4.92,5797563,18122,4.91472
2025-07-21T04:00:00Z,4.92,4.95,4.77,4.77,6032723,23119,4.84573
2025-07-22T04:00:00Z,4.82,5.07,4.81,5.01,14989150,26111,5.00242
2025-07-23T04:00:00Z,5.11,5.15,5.04,5.09,6800564,20715,5.1028
2025-07-24T04:00:00Z,5.07,5.08,4.89,4.95,7009230,22267,4.9656
2025-07-25T04:00:00Z,4.99,5.12,4.95,5.12,6677203,18911,5.066
2025-07-28T04:00:00Z,5.1,5.18,5.04,5.15,6137279,19449,5.13572
2025-07-29T04:00:00Z,5.13,5.14,5.0116,5.09,4747408,18376,5.07441
2025-07-30T04:00:00Z,5.15,5.15,4.94,4.99,4595501,17324,5.02448
2025-07-31T04:00:00Z,4.93,4.97,4.83,4.85,6191629,19044,4.8764
2025-08-01T04:00:00Z,4.77,4.82,4.66,4.73,6689422,26580,4.7173
2025-08-04T04:00:00Z,4.74,4.76,4.7,4.76,4822072,19729,4.73923
2025-08-05T04:00:00Z,4.77,4.8,4.71,4.77,4907517,17793,4.7617
2025-08-06T04:00:00Z,4.83,4.98,4.8,4.9,8108100,22772,4.91002
2025-08-07T04:00:00Z,4.92,4.94,4.765,4.8,4206543,14783,4.81428
2025-08-08T04:00:00Z,4.78,4.83,4.73,4.74,4554993,18705,4.75278
2025-08-11T04:00:00Z,4.75,4.7787,4.67,4.72,4714427,22037,4.71797
2025-08-12T04:00:00Z,4.75,4.9,4.72,4.85,4393051,15404,4.84417
2025-08-13T04:00:00Z,4.86,5.07,4.825,5.07,5999613,22548,5.01951
2025-08-14T04:00:00Z,4.95,5.03,4.84,4.99,5583994,20235,4.95284
2025-08-15T04:00:00Z,5.04,5.08,4.9,4.92,5335303,21083,4.95113
2025-08-18T04:00:00Z,4.95,5.03,4.9,4.98,8474402,30138,4.97089
2025-08-19T04:00:00Z,5.02,5.03,4.88,4.89,8680280,23078,4.92682
2025-08-20T04:00:00Z,4.88,4.935,4.775,4.86,22383852,58033,4.85885
2025-08-21T04:00:00Z,3.8,3.96,3.75,3.81,44709680,94644,3.83975
2025-08-22T04:00:00Z,3.84,4.03,3.82,3.93,20608832,49010,3.93558
2025-08-25T04:00:00Z,4.03,4.03,3.8,3.81,16178668,38465,3.85154
2025-08-26T04:00:00Z,3.81,3.8565,3.67,3.69,14282207,33356,3.72369
2025-08-27T04:00:00Z,3.86,4.23,3.8511,4.2,31975475,60738,4.06901
2025-08-28T04:00:00Z,4.16,4.35,4.105,4.33,15233123,39428,4.27763
2025-08-29T04:00:00Z,4.35,4.39,4.24,4.28,12844676,32459,4.28022
2025-09-02T04:00:00Z,4.23,4.35,4.17,4.34,10400818,30808,4.27237
2025-09-03T04:00:00Z,4.3,4.38,4.27,4.33,8157541,25449,4.32317
2025-09-04T04:00:00Z,4.4,4.4,4.27,4.38,8026449,29023,4.33723
2025-09-05T04:00:00Z,4.4,4.5298,4.34,4.37,10476591,27505,4.39716
2025-09-08T04:00:00Z,4.37,4.37,4.24,4.32,8122324,24451,4.30133
2025-09-09T04:00:00Z,4.27,4.33,4.23,4.25,4714475,22400,4.2726
2025-09-10T04:00:00Z,4.13,4.19,4.015,4.02,6247717,20757,4.06954
2025-09-11T04:00:00Z,4.02,4.16,4.02,4.13,6260292,19815,4.11977
2025-09-12T04:00:00Z,4.1,4.16,4.06,4.09,4370282,16691,4.11019
2025-09-15T04:00:00Z,4.11,4.24,4.0829,4.16,5498453,17416,4.17979
2025-09-16T04:00:00Z,4.16,4.22,4.11,4.21,4986181,13845,4.17875
2025-09-17T04:00:00Z,4.23,4.56,4.22,4.32,11851484,31139,4.43827
2025-09-18T04:00:00Z,4.3,4.36,4.26,4.27,5215771,22907,4.29616
2025-09-19T04:00:00Z,4.26,4.27,4.1,4.11,9897388,20911,4.14166
2025-09-22T04:00:00Z,4.06,4.13,4.02,4.03,5967715,17917,4.07863
2025-09-23T04:00:00Z,4.09,4.11,3.98,4,6115446,19735,4.03278
2025-09-24T04:00:00Z,4.01,4.035,3.95,3.96,4398091,15530,3.98681
2025-09-25T04:00:00Z,3.92,3.945,3.9,3.93,5052966,13371,3.92462
2025-09-26T04:00:00Z,3.92,4.02,3.91,4.01,4541708,15412,3.99281
2025-09-29T04:00:00Z,4.03,4.04,3.965,4.01,3894792,12711,4.00514
2025-09-30T04:00:00Z,4.11,4.17,4,4.04,7026555,18842,4.06384
2025-10-01T04:00:00Z,4.02,4.055,3.91,3.97,6515842,17834,3.96719
2025-10-02T04:00:00Z,3.94,4,3.89,3.94,4903336,20456,3.92829
2025-10-03T04:00:00Z,3.96,4.04,3.9435,4.01,5169169,16985,4.00776
2025-10-06T04:00:00Z,4.03,4.06,3.944,4.03,6819371,19163,4.02363
2025-10-07T04:00:00Z,4.04,4.115,4.02,4.06,6086142,21127,4.06657
2025-10-08T04:00:00Z,4.08,4.33,4.06,4.31,7923690,29144,4.25603
2025-10-09T04:00:00Z,4.3,4.46,4.22,4.45,8785666,25128,4.37521
2025-10-10T04:00:00Z,4.46,4.47,4.15,4.19,9614145,29992,4.23704
2025-10-13T04:00:00Z,4.25,4.375,4.25,4.33,7344269,21205,4.31594
2025-10-14T04:00:00Z,4.23,4.38,4.23,4.31,4509799,17045,4.3142
2025-10-15T04:00:00Z,4.34,4.425,4.23,4.24,4322585,16848,4.28872
2025-10-16T04:00:00Z,4.26,4.31,4.13,4.15,5750346,20879,4.17815
2025-10-17T04:00:00Z,4.15,4.34,4.1227,4.34,4192686,19491,4.28404
2025-10-20T04:00:00Z,4.33,4.34,4.12,4.13,5180258,19799,4.18137
2025-10-21T04:00:00Z,4.11,4.22,4.1,4.14,5964014,23136,4.14245
2025-10-22T04:00:00Z,4.11,4.21,4.1033,4.16,4197181,16397,4.16537
2025-10-23T04:00:00Z,4.19,4.245,4.11,4.12,3781855,16158,4.13354
2025-10-24T04:00:00Z,4.18,4.18,4.1,4.14,3916656,15508,4.13506
2025-10-27T04:00:00Z,4.14,4.18,4.07,4.1,3865970,16445,4.11375
2025-10-28T04:00:00Z,4.09,4.09,4,4.02,3770921,17422,4.02537
2025-10-29T04:00:00Z,4,4.055,3.93,3.95,5198898,17511,3.98735
2025-10-30T04:00:00Z,3.89,3.99,3.84,3.93,4785927,17467,3.94752
2025-10-31T04:00:00Z,3.9,3.99,3.84,3.97,5609284,20242,3.94359
2025-11-03T05:00:00Z,3.93,3.96,3.88,3.9,5421410,25891,3.90774
2025-11-04T05:00:00Z,3.85,3.91,3.8,3.83,6655762,27232,3.83648
2025-11-05T05:00:00Z,3.81,3.835,3.72,3.78,10729087,29956,3.77931
2025-11-06T05:00:00Z,3.9,4.155,3.68,3.72,9310046,31834,3.7698
2025-11-07T05:00:00Z,3.7,3.78,3.65,3.75,5656352,20454,3.73112
2025-11-10T05:00:00Z,3.75,3.755,3.54,3.55,11389871,27763,3.60027
2025-11-11T05:00:00Z,3.55,3.62,3.53,3.57,10011795,25423,3.5721
2025-11-12T05:00:00Z,3.59,3.79,3.59,3.77,7631525,21329,3.73196
2025-11-13T05:00:00Z,3.76,3.79,3.63,3.63,4488392,18382,3.68853
2025-11-14T05:00:00Z,3.59,3.6255,3.48,3.5,5825435,21108,3.52074
2025-11-17T05:00:00Z,3.48,3.5099,3.34,3.35,5117523,20984,3.38657
2025-11-18T05:00:00Z,3.33,3.36,3.28,3.31,6741955,27186,3.31545
2025-11-19T05:00:00Z,3.31,3.325,3.22,3.25,5756654,22925,3.25102
2025-11-20T05:00:00Z,3.26,3.27,3.12,3.12,5482875,20733,3.17238
2025-11-21T05:00:00Z,3.12,3.22,3.12,3.16,4685849,20352,3.16346
2025-11-24T05:00:00Z,3.17,3.22,3.12,3.15,7400454,19469,3.16283
2025-11-25T05:00:00Z,3.15,3.28,3.15,3.23,4547859,18413,3.23337
2025-11-26T05:00:00Z,3.24,3.33,3.23,3.3,4602157,18854,3.29227
2025-11-28T05:00:00Z,3.32,3.36,3.3,3.32,2289231,10199,3.33401
2025-12-01T05:00:00Z,3.29,3.4,3.255,3.34,5639460,21246,3.35535
2025-12-02T05:00:00Z,3.35,3.37,3.29,3.37,4504485,20654,3.33449
2025-12-03T05:00:00Z,3.38,3.5,3.38,3.44,3784819,18230,3.44089
2025-12-04T05:00:00Z,3.45,3.465,3.35,3.39,3792971,18218,3.38199
2025-12-05T05:00:00Z,3.41,3.52,3.4,3.45,6122418,20657,3.46985
2025-12-08T05:00:00Z,3.45,3.45,3.34,3.34,6098649,20299,3.37941
2025-12-09T05:00:00Z,3.31,3.3687,3.29,3.3,6175302,24086,3.32052
2025-12-10T05:00:00Z,3.3,3.38,3.29,3.37,5204117,19993,3.35014
2025-12-11T05:00:00Z,3.39,3.41,3.33,3.34,5299665,21126,3.35491
2025-12-12T05:00:00Z,3.34,3.345,3.18,3.22,7990104,22648,3.24378
2025-12-15T05:00:00Z,3.24,3.285,3.175,3.28,8512377,21185,3.24582
2025-12-16T05:00:00Z,3.3,3.42,3.261,3.27,6475393,19752,3.3285
2025-12-17T05:00:00Z,3.26,3.38,3.25,3.26,7730984,16435,3.29414
2025-12-18T05:00:00Z,3.28,3.32,3.24,3.25,5731040,17680,3.26774
2025-12-19T05:00:00Z,3.25,3.345,3.2401,3.26,12352071,20627,3.26638
2025-12-22T05:00:00Z,3.26,3.2686,3.14,3.14,9548658,24778,3.17281
2025-12-23T05:00:00Z,3.04,3.07,2.94,3.01,13135475,32908,2.99471
2025-12-24T05:00:00Z,3.03,3.07,3,3.06,3391460,10639,3.04233
2025-12-26T05:00:00Z,3.04,3.11,3.03,3.1,3880122,13359,3.08669
2025-12-29T05:00:00Z,3.07,3.1,3.04,3.06,4773735,20057,3.06046
2025-12-30T05:00:00Z,3.05,3.15,3.05,3.14,5342075,22261,3.13073
2025-12-31T05:00:00Z,3.12,3.14,3.075,3.08,7492716,16905,3.09855
