timestamp,open,high,low,close,volume,tradeCount,vwap
2016-01-04T05:00:00Z,11.15,11.26,11.1,11.14,25244,113,11.1548
2016-01-05T05:00:00Z,11.18,11.342,11.18,11.32,34239,183,11.2572
2016-01-06T05:00:00Z,11.27,11.46,11.251,11.46,37242,142,11.3149
2016-01-07T05:00:00Z,11.39,11.4652,11.28,11.45,26475,139,11.3945
2016-01-08T05:00:00Z,11.42,11.44,11.35,11.42,35940,120,11.4013
2016-01-11T05:00:00Z,11.43,11.45,11.35,11.43,23286,107,11.3838
2016-01-12T05:00:00Z,11.43,11.45,11.36,11.44,15001,85,11.4119
2016-01-13T05:00:00Z,11.4,11.4348,11.23,11.23,33521,137,11.2806
2016-01-14T05:00:00Z,11.16,11.35,11.08,11.24,37462,156,11.1864
2016-01-15T05:00:00Z,11.07,11.22,11.07,11.16,16002,75,11.1171
2016-01-19T05:00:00Z,11.18,11.32,11.1455,11.25,35809,97,11.22
2016-01-20T05:00:00Z,11.22,11.36,10.54,10.7,75138,358,10.8142
2016-01-21T05:00:00Z,10.83,10.899,10.7,10.75,26295,117,10.7719
2016-01-22T05:00:00Z,10.96,11.11,10.82,10.93,41375,153,10.9087
2016-01-25T05:00:00Z,10.93,11.08,10.93,10.9311,14608,84,10.9974
2016-01-26T05:00:00Z,10.91,11.1698,10.9,11.16,17032,92,11.0988
2016-01-27T05:00:00Z,11.2,11.349,11.15,11.25,22568,99,11.2349
2016-01-28T05:00:00Z,11.3,11.469,11.25,11.45,26065,117,11.3647
2016-01-29T05:00:00Z,11.49,11.64,11.3761,11.64,46259,154,11.5804
2016-02-01T05:00:00Z,11.67,11.87,11.6,11.87,46680,205,11.7281
2016-02-02T05:00:00Z,11.89,11.94,11.71,11.89,39324,182,11.84
2016-02-03T05:00:00Z,11.98,12.22,11.89,12.17,51098,220,12.0891
2016-02-04T05:00:00Z,12.15,12.15,11.9,12.09,53869,203,12.0236
2016-02-05T05:00:00Z,12.11,12.2,12.0101,12.03,39768,231,12.1039
2016-02-08T05:00:00Z,12,12.09,11.63,11.84,66752,250,11.8569
2016-02-09T05:00:00Z,11.81,11.84,11.23,11.51,92213,531,11.5281
2016-02-10T05:00:00Z,11.63,11.6699,11.34,11.46,19281,99,11.5111
2016-02-11T05:00:00Z,11.33,11.47,10.96,11.07,74029,355,11.1175
2016-02-12T05:00:00Z,11.16,11.31,11.1001,11.31,28370,149,11.2148
2016-02-16T05:00:00Z,11.42,11.42,11.32,11.34,18142,123,11.3668
2016-02-17T05:00:00Z,11.33,11.69,11.26,11.69,45074,286,11.4635
2016-02-18T05:00:00Z,11.69,11.9,11.55,11.7301,23873,136,11.7515
2016-02-19T05:00:00Z,11.66,11.73,11.491,11.69,27296,123,11.6181
2016-02-22T05:00:00Z,11.82,11.82,11.74,11.77,11700,60,11.7715
2016-02-23T05:00:00Z,11.8,11.83,11.75,11.81,15823,50,11.8044
2016-02-24T05:00:00Z,11.71,11.88,11.69,11.71,14786,80,11.7674
2016-02-25T05:00:00Z,11.8,11.99,11.8,11.9311,27502,140,11.9166
2016-02-26T05:00:00Z,11.91,12.05,11.91,11.98,22050,123,11.967
2016-02-29T05:00:00Z,12.04,12.24,11.98,12.23,51632,188,12.1178
2016-03-01T05:00:00Z,12.26,12.2989,12.13,12.2989,45064,169,12.2031
2016-03-02T05:00:00Z,12.36,12.39,12.28,12.37,31811,149,12.3236
2016-03-03T05:00:00Z,12.35,12.45,12.3001,12.45,37051,82,12.4033
2016-03-04T05:00:00Z,12.45,12.45,12.3801,12.4,18847,71,12.3989
2016-03-07T05:00:00Z,12.41,12.5,12.41,12.49,21821,84,12.4787
2016-03-08T05:00:00Z,12.5,12.6,12.47,12.6,20201,54,12.5273
2016-03-09T05:00:00Z,12.59,12.89,12.4502,12.86,27422,170,12.703
2016-03-10T05:00:00Z,12.86,12.9699,12.8001,12.92,22012,114,12.8681
2016-03-11T05:00:00Z,12.88,12.95,12.6501,12.94,24874,105,12.8159
2016-03-14T04:00:00Z,12.86,12.86,12.6,12.81,28804,116,12.7228
2016-03-15T04:00:00Z,12.8,12.8,12.47,12.5289,39793,188,12.5809
2016-03-16T04:00:00Z,12.57,12.74,12.49,12.74,18302,62,12.6109
2016-03-17T04:00:00Z,12.8,12.88,12.714,12.76,27658,104,12.8223
2016-03-18T04:00:00Z,12.83,12.9199,12.7,12.7,11430,81,12.7954
2016-03-21T04:00:00Z,12.74,12.82,12.74,12.82,21647,107,12.7549
2016-03-22T04:00:00Z,12.79,12.8,12.7001,12.75,17948,91,12.7552
2016-03-23T04:00:00Z,12.75,12.8,12.7318,12.7651,9965,50,12.7681
2016-03-24T04:00:00Z,12.75,12.81,12.68,12.73,15195,81,12.7355
2016-03-28T04:00:00Z,12.76,12.8199,12.65,12.71,30021,88,12.7453
2016-03-29T04:00:00Z,12.77,12.84,12.7,12.716,24457,167,12.7436
2016-03-30T04:00:00Z,12.8,12.83,12.67,12.82,30790,160,12.7621
2016-03-31T04:00:00Z,12.77,12.85,12.69,12.8,18192,94,12.7992
2016-04-01T04:00:00Z,12.8,12.8,12.701,12.77,20050,67,12.7817
2016-04-04T04:00:00Z,12.73,12.79,12.6683,12.78,18774,88,12.7417
2016-04-05T04:00:00Z,12.71,12.8461,12.71,12.84,20432,119,12.7814
2016-04-06T04:00:00Z,12.8,12.9,12.75,12.84,35037,130,12.8138
2016-04-07T04:00:00Z,12.86,12.9,12.79,12.88,14620,89,12.879
2016-04-08T04:00:00Z,12.9,13,12.82,12.83,19467,84,12.9522
2016-04-11T04:00:00Z,12.68,12.96,12.6342,12.67,50407,231,12.8221
2016-04-12T04:00:00Z,12.77,12.845,12.6101,12.69,24172,170,12.7106
2016-04-13T04:00:00Z,12.66,12.93,12.66,12.78,21424,89,12.7617
2016-04-14T04:00:00Z,12.72,12.82,12.7,12.8,14491,57,12.7739
2016-04-15T04:00:00Z,12.74,12.8099,12.74,12.8099,10840,53,12.7867
2016-04-18T04:00:00Z,12.7524,12.84,12.75,12.8,19856,90,12.7831
2016-04-19T04:00:00Z,12.81,12.81,12.764,12.8,16212,79,12.7984
2016-04-20T04:00:00Z,12.81,12.83,12.748,12.7501,36845,104,12.7928
2016-04-21T04:00:00Z,12.79,12.8,12.7,12.77,20600,83,12.7406
2016-04-22T04:00:00Z,12.66,12.82,12.66,12.73,33898,111,12.7261
2016-04-25T04:00:00Z,12.7,12.798,12.7,12.72,10513,44,12.7398
2016-04-26T04:00:00Z,12.86,12.86,12.7301,12.7301,7823,53,12.8059
2016-04-27T04:00:00Z,12.86,12.92,12.7901,12.92,34730,110,12.8548
2016-04-28T04:00:00Z,12.92,12.99,12.88,12.93,16991,79,12.934
2016-04-29T04:00:00Z,12.97,12.99,12.92,12.98,5072,39,12.9577
2016-05-02T04:00:00Z,13,13,12.94,13,18001,74,12.9862
2016-05-03T04:00:00Z,13.03,13.11,12.96,13.1008,28751,102,13.0558
2016-05-04T04:00:00Z,13.11,13.11,13,13.0301,22094,81,13.0576
2016-05-05T04:00:00Z,13.09,13.1,13.0101,13.05,12100,75,13.0458
2016-05-06T04:00:00Z,13.01,13.11,13.01,13.11,14580,61,13.06
2016-05-09T04:00:00Z,13.13,13.2299,13.12,13.21,26488,101,13.1552
2016-05-10T04:00:00Z,13.21,13.355,13.1999,13.1999,18253,93,13.2647
2016-05-11T04:00:00Z,13.25,13.257,12.9,13.0501,37581,169,13.0762
2016-05-12T04:00:00Z,13,13.04,12.87,12.98,21230,61,12.9893
2016-05-13T04:00:00Z,12.91,12.98,12.85,12.96,27759,103,12.9305
2016-05-16T04:00:00Z,12.88,12.9496,12.83,12.94,15621,70,12.8934
2016-05-17T04:00:00Z,12.86,12.905,12.68,12.69,33925,151,12.7997
2016-05-18T04:00:00Z,12.71,12.786,12.66,12.69,26118,108,12.7164
2016-05-19T04:00:00Z,12.74,12.9,12.67,12.85,26313,72,12.7274
2016-05-20T04:00:00Z,12.85,12.99,12.7001,12.99,15166,59,12.8469
2016-05-23T04:00:00Z,12.92,12.98,12.8301,12.935,24078,77,12.9025
2016-05-24T04:00:00Z,12.94,12.95,12.75,12.94,23489,112,12.8939
2016-05-25T04:00:00Z,12.9,12.98,12.71,12.72,47019,193,12.7991
2016-05-26T04:00:00Z,12.63,12.88,12.63,12.83,25683,107,12.7694
2016-05-27T04:00:00Z,12.9,12.9,12.71,12.8,13107,52,12.8412
2016-05-31T04:00:00Z,12.71,12.9,12.71,12.77,18251,106,12.8061
2016-06-01T04:00:00Z,12.84,12.8899,12.8176,12.835,18796,90,12.8452
2016-06-02T04:00:00Z,12.96,13.01,12.851,13,45107,168,12.9595
2016-06-03T04:00:00Z,13.03,13.24,13,13.23,36407,136,13.1
2016-06-06T04:00:00Z,13.17,13.2,13.065,13.1,24936,122,13.1192
2016-06-07T04:00:00Z,13.11,13.2,13.02,13.08,26517,98,13.1409
2016-06-08T04:00:00Z,13.07,13.17,13.07,13.13,9368,36,13.126
2016-06-09T04:00:00Z,13.17,13.2,13.104,13.2,10067,40,13.1492
2016-06-10T04:00:00Z,13.04,13.31,13.04,13.25,27636,102,13.2424
2016-06-13T04:00:00Z,13.25,13.25,12.95,13.04,21177,92,13.0766
2016-06-14T04:00:00Z,13.04,13.04,12.74,12.87,42797,172,12.8505
2016-06-15T04:00:00Z,12.87,12.94,12.76,12.79,16618,86,12.8537
2016-06-16T04:00:00Z,12.75,12.96,12.75,12.85,12353,66,12.8857
2016-06-17T04:00:00Z,12.83,13.1499,12.83,12.85,18110,80,12.93
2016-06-20T04:00:00Z,13.05,13.05,12.85,12.95,17830,104,12.9305
2016-06-21T04:00:00Z,12.9,13.04,12.9,12.94,18020,75,12.9571
2016-06-22T04:00:00Z,12.88,13.04,12.88,12.94,19464,75,12.9665
2016-06-23T04:00:00Z,13.09,13.09,12.8701,13.04,28997,88,12.9681
2016-06-24T04:00:00Z,12.91,13.04,12.91,13,19527,70,12.9736
2016-06-27T04:00:00Z,12.97,13.13,12.82,13.02,16701,66,13.0164
2016-06-28T04:00:00Z,13.18,13.28,13.01,13.18,29322,136,13.1356
2016-06-29T04:00:00Z,13.3,13.4,13.24,13.3241,14589,66,13.3435
2016-06-30T04:00:00Z,13.27,13.5,13.27,13.3801,28332,121,13.3995
2016-07-01T04:00:00Z,13.59,13.59,13.38,13.49,44184,232,13.494
2016-07-05T04:00:00Z,13.4,13.54,13.4,13.5,24723,94,13.4826
2016-07-06T04:00:00Z,13.4,13.54,13.4,13.53,29125,115,13.5038
2016-07-07T04:00:00Z,13.5,13.53,13.36,13.39,28999,82,13.4815
2016-07-08T04:00:00Z,13.45,13.6299,13.39,13.61,46155,168,13.5679
2016-07-11T04:00:00Z,13.73,13.85,13.39,13.62,41264,144,13.5806
2016-07-12T04:00:00Z,13.52,13.64,13.52,13.62,39723,173,13.5894
2016-07-13T04:00:00Z,13.56,13.59,13.4101,13.444,21629,172,13.499
2016-07-14T04:00:00Z,13.58,13.58,13.36,13.36,29461,87,13.4727
2016-07-15T04:00:00Z,13.45,13.45,13.29,13.37,15684,76,13.3889
2016-07-18T04:00:00Z,13.32,13.42,13.27,13.37,30685,98,13.3433
2016-07-19T04:00:00Z,13.3,13.429,13.29,13.35,10333,48,13.3719
2016-07-20T04:00:00Z,13.41,13.41,13.25,13.25,38160,145,13.2922
2016-07-21T04:00:00Z,13.31,13.42,13.281,13.39,18734,84,13.3428
2016-07-22T04:00:00Z,13.34,13.45,13.283,13.43,14874,44,13.4022
2016-07-25T04:00:00Z,13.43,13.443,13.4001,13.41,6312,27,13.4268
2016-07-26T04:00:00Z,13.39,13.64,13.37,13.56,36623,164,13.4939
2016-07-27T04:00:00Z,13.65,13.65,13.3401,13.508,23481,76,13.512
2016-07-28T04:00:00Z,13.51,13.55,13.458,13.4896,7981,33,13.5208
2016-07-29T04:00:00Z,13.55,13.62,13.48,13.61,8416,71,13.5471
2016-08-01T04:00:00Z,13.66,13.66,13.3601,13.49,23983,105,13.5136
2016-08-02T04:00:00Z,13.49,13.49,13.27,13.42,26063,87,13.3636
2016-08-03T04:00:00Z,13.41,13.42,13.39,13.42,9769,41,13.4055
2016-08-04T04:00:00Z,13.49,13.49,13.31,13.38,20995,68,13.3891
2016-08-05T04:00:00Z,13.44,13.44,13.29,13.33,12942,54,13.3428
2016-08-08T04:00:00Z,13.29,13.36,13.29,13.32,27971,93,13.3222
2016-08-09T04:00:00Z,13.26,13.3554,13.26,13.3,17963,78,13.3013
2016-08-10T04:00:00Z,13.38,13.38,13.22,13.24,27800,125,13.3141
2016-08-11T04:00:00Z,13.19,13.24,13.12,13.1301,19341,127,13.1868
2016-08-12T04:00:00Z,13.12,13.3,13.12,13.2368,16229,49,13.2553
2016-08-15T04:00:00Z,13.27,13.27,13.2,13.2,27313,64,13.227
2016-08-16T04:00:00Z,13.22,13.2207,12.95,13.0301,30267,154,13.1287
2016-08-17T04:00:00Z,13.1,13.18,12.96,13.17,27819,108,13.0904
2016-08-18T04:00:00Z,13.17,13.3,13.144,13.26,35952,136,13.2368
2016-08-19T04:00:00Z,13.28,13.28,13.08,13.1,36382,154,13.1666
2016-08-22T04:00:00Z,13.04,13.1699,13.04,13.09,19352,80,13.1094
2016-08-23T04:00:00Z,13.09,13.225,13.09,13.21,12969,53,13.1548
2016-08-24T04:00:00Z,13.27,13.27,13.1601,13.22,25939,79,13.2245
2016-08-25T04:00:00Z,13.17,13.25,13.1501,13.22,28019,68,13.2256
2016-08-26T04:00:00Z,13.16,13.2,12.97,13.04,35822,198,13.0803
2016-08-29T04:00:00Z,12.96,13.07,12.76,13.02,55507,278,12.9403
2016-08-30T04:00:00Z,12.75,12.97,12.71,12.9,63903,214,12.8733
2016-08-31T04:00:00Z,12.78,12.94,12.78,12.93,17062,101,12.872
2016-09-01T04:00:00Z,12.93,13,12.81,12.9252,25413,128,12.9132
2016-09-02T04:00:00Z,12.85,12.95,12.85,12.95,20766,68,12.9328
2016-09-06T04:00:00Z,12.95,13.15,12.95,13.1,19945,65,13.0707
2016-09-07T04:00:00Z,13.1,13.29,13,13.26,36629,76,13.1231
2016-09-08T04:00:00Z,13.16,13.31,13.11,13.16,30486,131,13.2232
2016-09-09T04:00:00Z,13.03,13.18,12.94,12.95,21716,90,13.0545
2016-09-12T04:00:00Z,12.77,13,12.76,12.979,16575,80,12.9221
2016-09-13T04:00:00Z,12.91,13.01,12.8,12.85,20000,135,12.8997
2016-09-14T04:00:00Z,12.8,12.85,12.67,12.6979,15406,66,12.7683
2016-09-15T04:00:00Z,12.68,12.86,12.67,12.78,10659,65,12.768
2016-09-16T04:00:00Z,12.75,12.7952,12.57,12.59,15822,63,12.6943
2016-09-19T04:00:00Z,12.57,12.69,12.54,12.6,43731,200,12.6516
2016-09-20T04:00:00Z,12.6,12.726,12.54,12.58,17774,75,12.6374
2016-09-21T04:00:00Z,12.56,12.7289,12.55,12.72,38936,162,12.6195
2016-09-22T04:00:00Z,12.79,12.84,12.7,12.72,19564,86,12.7792
2016-09-23T04:00:00Z,12.63,12.7,12.59,12.66,28500,107,12.6467
2016-09-26T04:00:00Z,12.63,12.643,12.6,12.6,7994,68,12.6128
2016-09-27T04:00:00Z,12.63,12.66,12.54,12.54,36140,157,12.5958
2016-09-28T04:00:00Z,12.5,12.65,12.5,12.56,24378,125,12.5709
2016-09-29T04:00:00Z,12.52,12.59,12.43,12.43,28928,113,12.5172
2016-09-30T04:00:00Z,12.42,12.48,12.3,12.44,50597,204,12.4026
2016-10-03T04:00:00Z,12.34,12.44,12.31,12.3642,37952,151,12.3953
2016-10-04T04:00:00Z,12.31,12.325,12.12,12.12,25310,161,12.219
2016-10-05T04:00:00Z,12.1,12.216,11.76,11.94,52163,302,12.0163
2016-10-06T04:00:00Z,11.83,11.969,11.82,11.84,43682,233,11.8972
2016-10-07T04:00:00Z,11.84,11.949,11.84,11.85,12410,50,11.8821
2016-10-10T04:00:00Z,11.95,11.99,11.87,11.95,25148,98,11.9305
2016-10-11T04:00:00Z,11.88,11.95,11.85,11.91,15966,53,11.8831
2016-10-12T04:00:00Z,11.83,11.99,11.83,11.9301,25330,95,11.9375
2016-10-13T04:00:00Z,11.76,11.97,11.76,11.86,23103,110,11.8711
2016-10-14T04:00:00Z,11.87,11.9608,11.86,11.86,15068,58,11.9087
2016-10-17T04:00:00Z,11.83,11.8608,11.7101,11.7101,21776,80,11.7815
2016-10-18T04:00:00Z,11.74,11.914,11.68,11.89,17569,59,11.8395
2016-10-19T04:00:00Z,11.91,12.03,11.78,11.96,24161,105,11.9479
2016-10-20T04:00:00Z,11.93,11.94,11.9,11.94,14438,80,11.918
2016-10-21T04:00:00Z,11.92,11.92,11.81,11.84,25925,109,11.8768
2016-10-24T04:00:00Z,11.95,11.95,11.8396,11.85,18901,81,11.8717
2016-10-25T04:00:00Z,11.94,11.97,11.867,11.94,13762,53,11.9258
2016-10-26T04:00:00Z,11.96,11.984,11.91,11.939,13875,66,11.9476
2016-10-27T04:00:00Z,11.98,12.03,11.89,11.93,15574,76,11.9572
2016-10-28T04:00:00Z,11.96,12.0814,11.9,11.94,16235,55,11.964
2016-10-31T04:00:00Z,11.97,12.06,11.95,11.98,21869,108,11.9992
2016-11-01T04:00:00Z,12.07,12.07,11.9465,11.9963,23510,158,11.9978
2016-11-02T04:00:00Z,11.98,11.98,11.86,11.88,23141,134,11.8877
2016-11-03T04:00:00Z,11.85,11.85,11.76,11.76,24096,83,11.7955
2016-11-04T04:00:00Z,11.85,11.8813,11.75,11.75,14169,66,11.7992
2016-11-07T05:00:00Z,11.8,11.87,11.7677,11.84,12564,65,11.8143
2016-11-08T05:00:00Z,11.8,12.01,11.7901,11.95,18685,124,11.8958
2016-11-09T05:00:00Z,11.81,11.99,11.81,11.87,29799,149,11.8583
2016-11-10T05:00:00Z,11.87,11.94,11.63,11.79,68249,269,11.7194
2016-11-11T05:00:00Z,11.84,11.84,11.32,11.53,50379,288,11.5221
2016-11-14T05:00:00Z,11.41,11.41,11.2,11.37,50638,335,11.3219
2016-11-15T05:00:00Z,11.25,11.51,11.25,11.47,29849,142,11.4209
2016-11-16T05:00:00Z,11.43,11.58,11.4,11.54,26073,157,11.4891
2016-11-17T05:00:00Z,11.4,11.8,11.4,11.6201,36200,235,11.5904
2016-11-18T05:00:00Z,11.64,11.68,11.54,11.6316,20201,161,11.5995
2016-11-21T05:00:00Z,11.68,11.76,11.56,11.71,23441,82,11.6535
2016-11-22T05:00:00Z,11.78,11.83,11.7092,11.81,36223,89,11.7565
2016-11-23T05:00:00Z,11.6,11.71,11.6,11.6401,23396,81,11.6479
2016-11-25T05:00:00Z,11.6,11.67,11.6,11.6536,10901,59,11.6403
2016-11-28T05:00:00Z,11.66,11.82,11.651,11.72,43371,121,11.7452
2016-11-29T05:00:00Z,11.71,11.839,11.71,11.76,19612,96,11.7801
2016-11-30T05:00:00Z,11.77,11.81,11.71,11.72,36274,150,11.756
2016-12-01T05:00:00Z,11.81,11.83,11.66,11.79,64624,188,11.7443
2016-12-02T05:00:00Z,11.85,11.85,11.71,11.81,21823,120,11.7939
2016-12-05T05:00:00Z,11.81,11.9199,11.76,11.84,29903,155,11.8118
2016-12-06T05:00:00Z,11.8,11.95,11.7813,11.95,26365,155,11.8462
2016-12-07T05:00:00Z,12.02,12.22,12,12.13,26839,142,12.1075
2016-12-08T05:00:00Z,12.07,12.19,11.95,12.05,24140,146,12.0823
2016-12-09T05:00:00Z,12.15,12.27,12.1,12.27,27873,129,12.1426
2016-12-12T05:00:00Z,12.29,12.29,12.05,12.2,34655,141,12.149
2016-12-13T05:00:00Z,12.23,12.359,12.23,12.31,31124,128,12.2763
2016-12-14T05:00:00Z,12.26,12.5,12.23,12.28,22938,100,12.3549
2016-12-15T05:00:00Z,12.18,12.205,12.0841,12.17,27288,155,12.1523
2016-12-16T05:00:00Z,12.23,12.25,12.11,12.2,16973,80,12.1737
2016-12-19T05:00:00Z,12.16,12.2794,12.13,12.13,21704,116,12.2071
2016-12-20T05:00:00Z,12.17,12.1899,12.12,12.12,25593,104,12.1423
2016-12-21T05:00:00Z,12.13,12.26,12.12,12.12,24657,144,12.1957
2016-12-22T05:00:00Z,12.12,12.2,12.08,12.1578,25959,104,12.1155
2016-12-23T05:00:00Z,12.11,12.24,12.04,12.1427,22889,134,12.117
2016-12-27T05:00:00Z,12.12,12.154,11.96,11.99,36803,170,12.0275
2016-12-28T05:00:00Z,12,12.18,12,12.13,23523,200,12.1071
2016-12-29T05:00:00Z,12.03,12.09,11.97,12.01,30410,155,12.0299
2016-12-30T05:00:00Z,12,12.0911,11.9501,11.96,30407,183,11.9937
2017-01-03T05:00:00Z,11.91,12.152,11.91,11.99,38491,187,11.9558
2017-01-04T05:00:00Z,12.04,12.34,11.95,12.3011,49632,385,12.0826
2017-01-05T05:00:00Z,12.34,12.34,12.04,12.15,38184,235,12.1412
2017-01-06T05:00:00Z,12.2,12.27,12.08,12.26,23055,161,12.1707
2017-01-09T05:00:00Z,12.29,12.32,12.06,12.12,27930,218,12.14
2017-01-10T05:00:00Z,12.14,12.22,12.03,12.09,25254,177,12.0748
2017-01-11T05:00:00Z,12.1,12.24,12.01,12.208,52409,245,12.1057
2017-01-12T05:00:00Z,12.06,12.18,12.01,12.08,24499,132,12.069
2017-01-13T05:00:00Z,12.02,12.12,11.97,12.1,25456,132,12.036
2017-01-17T05:00:00Z,12.09,12.239,12.07,12.13,37485,183,12.1242
2017-01-18T05:00:00Z,12.11,12.18,12.05,12.05,22078,105,12.0778
2017-01-19T05:00:00Z,12.1,12.1,11.93,12.007,31933,152,12.0072
2017-01-20T05:00:00Z,12.03,12.06,11.95,12.04,20493,107,12.0063
2017-01-23T05:00:00Z,12.06,12.112,12.04,12.0581,17045,90,12.0831
2017-01-24T05:00:00Z,12.12,12.146,12.07,12.14,15675,79,12.1188
2017-01-25T05:00:00Z,12.1,12.16,12.1,12.14,8186,45,12.1315
2017-01-26T05:00:00Z,12.1,12.18,12.1,12.18,13213,60,12.1379
2017-01-27T05:00:00Z,12.18,12.24,12.1,12.24,29127,112,12.1803
2017-01-30T05:00:00Z,12.21,12.3,12.15,12.3,9948,55,12.2314
2017-01-31T05:00:00Z,12.25,12.36,12.25,12.34,11981,71,12.3319
2017-02-01T05:00:00Z,12.36,12.36,12.2778,12.36,25011,126,12.3317
2017-02-02T05:00:00Z,12.36,12.43,12.28,12.37,32193,184,12.3535
2017-02-03T05:00:00Z,12.38,12.47,12.3007,12.3666,37422,150,12.3714
2017-02-06T05:00:00Z,12.37,12.3786,12.3,12.31,10172,55,12.343
2017-02-07T05:00:00Z,12.27,12.35,12.27,12.3,12118,65,12.3202
2017-02-08T05:00:00Z,12.38,12.41,12.3499,12.41,21568,80,12.3813
2017-02-09T05:00:00Z,12.39,12.4299,12.365,12.39,12211,51,12.3964
2017-02-10T05:00:00Z,12.4,12.46,12.3834,12.44,34278,115,12.3994
2017-02-13T05:00:00Z,12.46,12.49,12.36,12.49,14332,66,12.4116
2017-02-14T05:00:00Z,12.44,12.44,12.32,12.32,15869,78,12.3806
2017-02-15T05:00:00Z,12.32,12.4,12.32,12.4,15566,54,12.3632
2017-02-16T05:00:00Z,12.44,12.449,12.35,12.39,13012,56,12.4112
2017-02-17T05:00:00Z,12.35,12.4,12.34,12.35,9489,67,12.3649
2017-02-21T05:00:00Z,12.33,12.4,12.33,12.3799,15848,67,12.3697
2017-02-22T05:00:00Z,12.37,12.4999,12.3,12.39,11001,62,12.3462
2017-02-23T05:00:00Z,12.36,12.49,12.27,12.37,50026,159,12.3841
2017-02-24T05:00:00Z,12.36,12.43,12.29,12.43,11002,70,12.378
2017-02-27T05:00:00Z,12.46,12.49,12.33,12.38,20201,96,12.3825
2017-02-28T05:00:00Z,12.35,12.469,12.35,12.42,18578,104,12.4211
2017-03-01T05:00:00Z,12.42,12.4499,12.34,12.4499,26562,100,12.408
2017-03-02T05:00:00Z,12.44,12.5,12.42,12.46,28334,105,12.4539
2017-03-03T05:00:00Z,12.41,12.53,12.401,12.51,56673,124,12.4908
2017-03-06T05:00:00Z,12.47,12.63,12.47,12.598,18926,93,12.5144
2017-03-07T05:00:00Z,12.64,12.64,12.46,12.61,23055,106,12.5387
2017-03-08T05:00:00Z,12.58,12.58,12.4,12.43,23530,84,12.4918
2017-03-09T05:00:00Z,12.42,12.4382,12.271,12.3558,30092,95,12.3676
2017-03-10T05:00:00Z,12.31,12.39,12.1401,12.18,38390,144,12.3038
2017-03-13T04:00:00Z,12.09,12.16,12.09,12.15,19788,89,12.1079
2017-03-14T04:00:00Z,12.13,12.15,12.11,12.1101,7724,35,12.1234
2017-03-15T04:00:00Z,12.11,12.39,12.11,12.35,21173,119,12.2539
2017-03-16T04:00:00Z,12.33,12.5,12.2838,12.3,16993,93,12.347
2017-03-17T04:00:00Z,12.29,12.4118,12.29,12.41,7909,26,12.3499
2017-03-20T04:00:00Z,12.37,12.4899,12.37,12.4,7781,35,12.4336
2017-03-21T04:00:00Z,12.42,12.49,12.29,12.48,34103,113,12.4393
2017-03-22T04:00:00Z,12.52,12.68,12.37,12.6,24593,181,12.566
2017-03-23T04:00:00Z,12.55,12.56,12.5,12.55,35075,114,12.5439
2017-03-24T04:00:00Z,12.54,12.6318,12.54,12.6078,15734,50,12.59
2017-03-27T04:00:00Z,12.55,12.63,12.55,12.63,15839,66,12.6013
2017-03-28T04:00:00Z,12.62,12.67,12.588,12.66,17184,63,12.6313
2017-03-29T04:00:00Z,12.65,12.719,12.65,12.71,17548,51,12.6979
2017-03-30T04:00:00Z,12.71,12.78,12.71,12.74,19085,75,12.7405
2017-03-31T04:00:00Z,12.67,12.77,12.6562,12.75,29076,133,12.7354
2017-04-03T04:00:00Z,12.8,12.9,12.701,12.9,49241,163,12.8242
2017-04-04T04:00:00Z,12.84,12.8899,12.8378,12.86,11816,58,12.8602
2017-04-05T04:00:00Z,12.92,12.94,12.85,12.94,19660,90,12.9169
2017-04-06T04:00:00Z,12.93,12.95,12.9096,12.94,9574,57,12.9348
2017-04-07T04:00:00Z,12.92,13,12.9,13,13463,91,12.9433
2017-04-10T04:00:00Z,12.99,13.0204,12.9601,12.97,16116,72,12.9975
2017-04-11T04:00:00Z,12.96,13.07,12.96,13.07,21909,78,13.0072
2017-04-12T04:00:00Z,13.07,13.07,13.01,13.051,22401,127,13.0485
2017-04-13T04:00:00Z,12.94,13.09,12.9139,12.96,25480,100,13.0104
2017-04-17T04:00:00Z,13.07,13.07,12.9633,13,34683,75,12.9908
2017-04-18T04:00:00Z,12.99,13,12.95,12.96,25536,77,12.9667
2017-04-19T04:00:00Z,12.94,12.9699,12.86,12.93,19624,90,12.94
2017-04-20T04:00:00Z,12.84,12.925,12.84,12.86,14605,50,12.8871
2017-04-21T04:00:00Z,12.86,12.97,12.86,12.96,11397,69,12.9162
2017-04-24T04:00:00Z,12.96,12.981,12.86,12.95,21497,98,12.9525
2017-04-25T04:00:00Z,12.96,13,12.91,12.97,13649,56,12.9584
2017-04-26T04:00:00Z,13,13.05,12.95,13.03,14658,65,13.0001
2017-04-27T04:00:00Z,13.02,13.0401,13.008,13.0301,13067,57,13.0277
2017-04-28T04:00:00Z,13.01,13.08,13.003,13.06,9294,70,13.0434
2017-05-01T04:00:00Z,13.07,13.09,13.045,13.08,17368,74,13.0625
2017-05-02T04:00:00Z,13.08,13.1,13.03,13.1,10064,60,13.0662
2017-05-03T04:00:00Z,13.1,13.1039,13.06,13.1031,8378,38,13.088
2017-05-04T04:00:00Z,13.05,13.0847,13,13,15348,82,13.0306
2017-05-05T04:00:00Z,13.0605,13.1,13.0101,13.09,11477,75,13.0521
2017-05-08T04:00:00Z,13.05,13.12,13.01,13.12,23714,81,13.042
2017-05-09T04:00:00Z,13.04,13.0904,13,13.02,14329,53,13.0398
2017-05-10T04:00:00Z,13.02,13.09,13.02,13.07,22295,103,13.0701
2017-05-11T04:00:00Z,13,13.0899,13,13.08,13285,79,13.0445
2017-05-12T04:00:00Z,13.09,13.1,13.08,13.1,15386,45,13.0927
2017-05-15T04:00:00Z,13.1,13.2,13.1,13.11,25103,111,13.1476
2017-05-16T04:00:00Z,13.05,13.2,13.05,13.2,10566,65,13.1172
2017-05-17T04:00:00Z,13.17,13.26,13.16,13.26,14390,63,13.1992
2017-05-18T04:00:00Z,13.16,13.29,13.16,13.28,5323,39,13.2122
2017-05-19T04:00:00Z,13.21,13.29,13.21,13.248,5789,55,13.2651
2017-05-22T04:00:00Z,13.26,13.291,13.25,13.266,3874,26,13.2659
2017-05-23T04:00:00Z,13.3,13.34,13.29,13.2919,15206,38,13.3143
2017-05-24T04:00:00Z,13.29,13.341,13.29,13.3186,12256,37,13.3199
2017-05-25T04:00:00Z,13.3,13.34,13.29,13.32,8451,48,13.3152
2017-05-26T04:00:00Z,13.32,13.32,13.3,13.32,16898,67,13.3124
2017-05-30T04:00:00Z,13.3,13.3395,13.2898,13.312,15538,46,13.3198
2017-05-31T04:00:00Z,13.3307,13.3307,13.2768,13.32,11213,54,13.3158
2017-06-01T04:00:00Z,13.3,13.34,13.21,13.27,28667,135,13.262
2017-06-02T04:00:00Z,13.2701,13.35,13.27,13.3,15271,76,13.2968
2017-06-05T04:00:00Z,13.25,13.31,13.234,13.24,11798,58,13.28
2017-06-06T04:00:00Z,13.23,13.29,13.23,13.25,8944,39,13.2502
2017-06-07T04:00:00Z,13.24,13.36,13.24,13.34,26344,93,13.311
2017-06-08T04:00:00Z,13.35,13.35,13.258,13.32,8124,30,13.3012
2017-06-09T04:00:00Z,13.44,13.441,13.32,13.43,39209,117,13.3758
2017-06-12T04:00:00Z,13.35,13.36,13.27,13.27,19916,58,13.3042
2017-06-13T04:00:00Z,13.23,13.32,13.06,13.06,49015,170,13.1545
2017-06-14T04:00:00Z,13.08,13.1735,13.08,13.14,18282,66,13.1181
2017-06-15T04:00:00Z,13.1,13.1424,13.1,13.12,13526,39,13.124
2017-06-16T04:00:00Z,13.1,13.1535,13.07,13.07,35959,143,13.1222
2017-06-19T04:00:00Z,13.1,13.13,13.0852,13.09,9849,52,13.1092
2017-06-20T04:00:00Z,13.11,13.17,13.0839,13.13,14280,52,13.1027
2017-06-21T04:00:00Z,13.15,13.15,13.06,13.07,16146,56,13.0842
2017-06-22T04:00:00Z,13.16,13.16,13.05,13.08,11191,92,13.1138
2017-06-23T04:00:00Z,13.01,13.0689,13.01,13.01,7939,41,13.0437
2017-06-26T04:00:00Z,13,13.07,12.86,13.07,32598,107,13.0007
2017-06-27T04:00:00Z,13.05,13.0824,13,13,21721,78,13.0464
2017-06-28T04:00:00Z,13,13.05,13,13.02,13216,55,13.022
2017-06-29T04:00:00Z,13.12,13.12,12.96,12.96,13406,58,12.9939
2017-06-30T04:00:00Z,13,13,12.89,12.97,13685,101,12.9312
2017-07-03T04:00:00Z,13.06,13.0627,12.9106,12.96,10557,75,12.9725
2017-07-05T04:00:00Z,13.06,13.07,12.94,13.06,21968,89,13.0394
2017-07-06T04:00:00Z,13,13,12.95,12.97,8765,42,12.9706
2017-07-07T04:00:00Z,12.95,13.08,12.95,13.07,12861,63,13.0214
2017-07-10T04:00:00Z,13.15,13.45,13.02,13.28,27024,110,13.1631
2017-07-11T04:00:00Z,13.17,13.25,13.15,13.15,10719,54,13.2053
2017-07-12T04:00:00Z,13.16,13.24,13.16,13.22,17945,58,13.1992
2017-07-13T04:00:00Z,13.14,13.23,13.134,13.21,16034,62,13.1759
2017-07-14T04:00:00Z,13.24,13.24,13.1555,13.18,15193,63,13.1787
2017-07-17T04:00:00Z,13.16,13.2001,13.13,13.2,10496,57,13.1608
2017-07-18T04:00:00Z,13.15,13.41,13.15,13.31,30313,134,13.3026
2017-07-19T04:00:00Z,13.34,13.35,13.2401,13.28,9678,66,13.2807
2017-07-20T04:00:00Z,13.29,13.3246,13.2501,13.2789,8000,50,13.2841
2017-07-21T04:00:00Z,13.35,13.35,13.29,13.3137,4954,47,13.3227
2017-07-24T04:00:00Z,13.2,13.437,13.2,13.23,15244,81,13.2831
2017-07-25T04:00:00Z,13.12,13.21,13.12,13.2,8553,52,13.162
2017-07-26T04:00:00Z,13,13.3,13,13.28,16265,70,13.1498
2017-07-27T04:00:00Z,13.28,13.32,13.24,13.256,12900,69,13.2714
2017-07-28T04:00:00Z,13.27,13.29,13.19,13.27,15729,105,13.2523
2017-07-31T04:00:00Z,13.28,13.28,13.14,13.28,32166,129,13.2353
2017-08-01T04:00:00Z,13.3,13.37,13.17,13.33,22161,135,13.3069
2017-08-02T04:00:00Z,13.25,13.35,13.24,13.31,13228,84,13.3201
2017-08-03T04:00:00Z,13.28,13.4167,13.28,13.39,12338,56,13.3658
2017-08-04T04:00:00Z,13.5,13.5,13.34,13.3625,7581,48,13.3909
2017-08-07T04:00:00Z,13.36,13.4429,13.36,13.42,12854,52,13.4027
2017-08-08T04:00:00Z,13.59,13.59,13.37,13.39,17286,54,13.4326
2017-08-09T04:00:00Z,13.3,13.4415,13.28,13.2801,11024,67,13.3224
2017-08-10T04:00:00Z,13.28,13.2892,13.14,13.15,21067,88,13.1762
2017-08-11T04:00:00Z,13.26,13.26,13.03,13.06,13424,48,13.122
2017-08-14T04:00:00Z,13.03,13.15,13.03,13.15,8777,58,13.0967
2017-08-15T04:00:00Z,13.06,13.1734,13.06,13.09,29485,118,13.1163
2017-08-16T04:00:00Z,13.09,13.1999,13.08,13.13,14540,55,13.1204
2017-08-17T04:00:00Z,13.18,13.18,13.1,13.1,19063,81,13.1379
2017-08-18T04:00:00Z,13.1,13.19,13.1,13.13,21162,54,13.146
2017-08-21T04:00:00Z,13.11,13.2,13.11,13.18,12916,37,13.1554
2017-08-22T04:00:00Z,13.19,13.2,13.15,13.2,15757,59,13.1858
2017-08-23T04:00:00Z,13.14,13.22,13.14,13.209,11559,50,13.19
2017-08-24T04:00:00Z,13.13,13.298,13.13,13.1811,38170,147,13.2308
2017-08-25T04:00:00Z,13.2,13.26,13.193,13.26,14406,76,13.2243
2017-08-28T04:00:00Z,13.17,13.24,13.17,13.217,9303,73,13.2137
2017-08-29T04:00:00Z,13.22,13.28,13.16,13.16,24110,139,13.2186
2017-08-30T04:00:00Z,13.16,13.27,13.16,13.24,13698,101,13.2303
2017-08-31T04:00:00Z,13.15,13.3497,13.15,13.34,17466,105,13.2753
2017-09-01T04:00:00Z,13.44,13.44,13.29,13.3,21594,129,13.3204
2017-09-05T04:00:00Z,13.24,13.41,13.24,13.37,33257,175,13.3385
2017-09-06T04:00:00Z,13.32,13.4,13.3,13.35,17152,144,13.3478
2017-09-07T04:00:00Z,13.33,13.4299,13.33,13.33,16306,117,13.3871
2017-09-08T04:00:00Z,13.34,13.34,13.21,13.24,21412,124,13.257
2017-09-11T04:00:00Z,13.24,13.45,13.23,13.31,38034,211,13.3355
2017-09-12T04:00:00Z,13.34,13.34,13.15,13.15,16097,100,13.1956
2017-09-13T04:00:00Z,13.15,13.19,13.05,13.05,24415,149,13.0967
2017-09-14T04:00:00Z,13,13.185,13,13.04,26244,170,13.0598
2017-09-15T04:00:00Z,13.03,13.13,13.03,13.05,19619,142,13.0686
2017-09-18T04:00:00Z,13.15,13.15,12.95,12.99,22337,138,13.02
2017-09-19T04:00:00Z,13.03,13.0799,13.02,13.0251,9686,61,13.0451
2017-09-20T04:00:00Z,13.15,13.15,13,13.02,24190,110,13.0345
2017-09-21T04:00:00Z,13,13.08,12.99,13.01,14281,68,13.0039
2017-09-22T04:00:00Z,13.01,13.03,12.95,12.96,16191,96,12.9803
2017-09-25T04:00:00Z,13.03,13.09,12.96,13.02,37108,200,13.0207
2017-09-26T04:00:00Z,13.05,13.08,12.93,13,28144,168,12.9814
2017-09-27T04:00:00Z,12.9,12.97,12.9,12.94,21008,103,12.9266
2017-09-28T04:00:00Z,12.86,12.92,12.85,12.88,33600,116,12.8823
2017-09-29T04:00:00Z,12.87,12.94,12.87,12.91,25450,154,12.9154
2017-10-02T04:00:00Z,13.04,13.0441,12.92,12.95,26228,143,12.959
2017-10-03T04:00:00Z,13.02,13.02,12.91,12.95,20774,149,12.9469
2017-10-04T04:00:00Z,12.93,12.96,12.9,12.9411,21122,140,12.9303
2017-10-05T04:00:00Z,12.94,13,12.94,13,23778,89,12.9728
2017-10-06T04:00:00Z,13.08,13.08,12.99,13.01,17116,59,13.0211
2017-10-09T04:00:00Z,13.05,13.08,13,13.08,10108,32,13.0211
2017-10-10T04:00:00Z,13.08,13.11,13.0044,13.11,13314,48,13.0671
2017-10-11T04:00:00Z,13.1,13.24,13.1,13.13,22741,116,13.1708
2017-10-12T04:00:00Z,13.13,13.1726,13.0771,13.158,17976,63,13.152
2017-10-13T04:00:00Z,13.05,13.1847,13.05,13.08,23501,100,13.1251
2017-10-16T04:00:00Z,13.25,13.25,13.03,13.03,29175,96,13.0874
2017-10-17T04:00:00Z,13.2,13.2,13.08,13.11,23487,112,13.1504
2017-10-18T04:00:00Z,13.27,13.27,13.12,13.15,14822,69,13.1929
2017-10-19T04:00:00Z,13.08,13.1401,13.08,13.0992,12414,63,13.0999
2017-10-20T04:00:00Z,13.2,13.2,13.09,13.09,23931,88,13.1433
2017-10-23T04:00:00Z,13.09,13.17,13.09,13.11,22264,95,13.1302
2017-10-24T04:00:00Z,13.13,13.2,13.13,13.18,15819,94,13.1679
2017-10-25T04:00:00Z,13.22,13.22,13.0896,13.13,22348,106,13.1283
2017-10-26T04:00:00Z,13.1305,13.22,13.09,13.09,14178,60,13.1498
2017-10-27T04:00:00Z,13.0901,13.14,13.09,13.14,11696,58,13.1235
2017-10-30T04:00:00Z,13.24,13.24,13.13,13.18,13649,82,13.1785
2017-10-31T04:00:00Z,13.14,13.32,13.14,13.21,5831,60,13.1839
2017-11-01T04:00:00Z,13.38,13.38,13.1692,13.21,17637,74,13.2311
2017-11-02T04:00:00Z,13.25,13.25,13.15,13.1633,13439,71,13.2013
2017-11-03T04:00:00Z,13.27,13.27,13.14,13.17,16265,68,13.1655
2017-11-06T05:00:00Z,13.25,13.25,13.1616,13.23,22256,90,13.2087
2017-11-07T05:00:00Z,13.34,13.34,13.2201,13.2901,19877,54,13.2591
2017-11-08T05:00:00Z,13.29,13.34,13.24,13.33,14270,83,13.3115
2017-11-09T05:00:00Z,13.22,13.34,13.22,13.3,19818,78,13.3041
2017-11-10T05:00:00Z,13.2964,13.34,13.29,13.32,18367,59,13.3121
2017-11-13T05:00:00Z,13.31,13.3335,13.29,13.29,24046,101,13.3151
2017-11-14T05:00:00Z,13.19,13.2858,13.19,13.2667,16442,72,13.2622
2017-11-15T05:00:00Z,13.16,13.32,13.16,13.25,18708,89,13.2494
2017-11-16T05:00:00Z,13.16,13.25,13.1272,13.24,15694,64,13.2271
2017-11-17T05:00:00Z,13.25,13.27,13.24,13.24,19298,56,13.2494
2017-11-20T05:00:00Z,13.29,13.305,13.2595,13.2595,14501,66,13.2881
2017-11-21T05:00:00Z,13.21,13.3067,13.21,13.2914,16552,77,13.276
2017-11-22T05:00:00Z,13.31,13.35,13.301,13.3301,6933,42,13.3283
2017-11-24T05:00:00Z,13.25,13.39,13.25,13.3772,6153,26,13.3056
2017-11-27T05:00:00Z,13.3,13.359,13.3,13.34,9681,47,13.3297
2017-11-28T05:00:00Z,13.26,13.35,13.26,13.32,10371,49,13.3215
2017-11-29T05:00:00Z,13.32,13.38,13.32,13.33,23393,129,13.3498
2017-11-30T05:00:00Z,13.33,13.45,13.33,13.45,20139,135,13.374
2017-12-01T05:00:00Z,13.41,13.446,13.3,13.33,25922,81,13.3465
2017-12-04T05:00:00Z,13.31,13.41,13.31,13.38,17923,98,13.36
2017-12-05T05:00:00Z,13.32,13.5,13.32,13.37,25329,133,13.4065
2017-12-06T05:00:00Z,13.4,13.5,13.4,13.44,22102,91,13.4314
2017-12-07T05:00:00Z,13.37,13.4,13.37,13.39,16007,54,13.3971
2017-12-08T05:00:00Z,13.36,13.45,13.32,13.35,35954,139,13.3806
2017-12-11T05:00:00Z,13.34,13.44,13.33,13.4,8278,39,13.4042
2017-12-12T05:00:00Z,13.32,13.45,13.32,13.45,22078,71,13.3551
2017-12-13T05:00:00Z,13.36,13.36,13.32,13.32,27488,92,13.3289
2017-12-14T05:00:00Z,13.32,13.3236,13.3051,13.3051,6519,25,13.3153
2017-12-15T05:00:00Z,13.26,13.3012,13.26,13.29,13901,66,13.2792
2017-12-18T05:00:00Z,13.34,13.34,13.21,13.33,41636,178,13.2704
2017-12-19T05:00:00Z,13.25,13.27,13.2175,13.27,23942,89,13.2419
2017-12-20T05:00:00Z,13.21,13.2622,13.21,13.2162,12617,45,13.2366
2017-12-21T05:00:00Z,13.23,13.23,13.03,13.03,35227,101,13.0981
2017-12-22T05:00:00Z,13.02,13.0969,13.01,13.091,10839,45,13.0589
2017-12-26T05:00:00Z,13.05,13.0955,13.05,13.09,8662,39,13.0766
2017-12-27T05:00:00Z,13.1,13.19,13.0995,13.18,15812,62,13.1602
2017-12-28T05:00:00Z,13.1,13.25,13.1,13.24,19669,81,13.1721
2017-12-29T05:00:00Z,13.17,13.29,13.17,13.2,15757,97,13.2451
2018-01-02T05:00:00Z,13.36,13.36,13.09,13.09,20732,120,13.203
2018-01-03T05:00:00Z,13.18,13.18,13.07,13.1,26953,120,13.0983
2018-01-04T05:00:00Z,13.2,13.2,13.03,13.07,19552,101,13.0916
2018-01-05T05:00:00Z,13.18,13.18,13.08,13.09,24629,84,13.1118
2018-01-08T05:00:00Z,13.11,13.17,13.07,13.15,16215,67,13.1182
2018-01-09T05:00:00Z,13.07,13.13,13.07,13.12,18892,88,13.103
2018-01-10T05:00:00Z,13.12,13.2,13.1,13.12,21549,102,13.1267
2018-01-11T05:00:00Z,13.2,13.2,13.0444,13.1,26783,101,13.0954
2018-01-12T05:00:00Z,13.03,13.07,13.03,13.055,23776,80,13.0567
2018-01-16T05:00:00Z,13.11,13.11,12.95,12.97,27970,113,13.0018
2018-01-17T05:00:00Z,12.95,13.0029,12.93,12.95,25169,79,12.9552
2018-01-18T05:00:00Z,12.9,13.0231,12.8,12.81,28290,149,12.8813
2018-01-19T05:00:00Z,12.7,12.8139,12.7,12.71,39295,143,12.7188
2018-01-22T05:00:00Z,12.58,12.7,12.51,12.6,65719,243,12.64
2018-01-23T05:00:00Z,12.4,12.64,12.36,12.53,68791,261,12.5328
2018-01-24T05:00:00Z,12.46,12.55,12.46,12.54,47669,219,12.5018
2018-01-25T05:00:00Z,12.64,12.64,12.46,12.55,40268,212,12.5392
2018-01-26T05:00:00Z,12.65,12.66,12.55,12.58,21771,151,12.5995
2018-01-29T05:00:00Z,12.48,12.57,12.47,12.53,18092,73,12.5202
2018-01-30T05:00:00Z,12.43,12.53,12.43,12.44,26370,160,12.4607
2018-01-31T05:00:00Z,12.41,12.45,12.35,12.45,25782,170,12.3933
2018-02-01T05:00:00Z,12.51,12.68,12.32,12.32,28723,153,12.4055
2018-02-02T05:00:00Z,12.3,12.4237,12.24,12.25,33360,199,12.2837
2018-02-05T05:00:00Z,12.14,12.4047,9.51,11.51,131703,487,11.6569
2018-02-06T05:00:00Z,11.16,11.85,11.01,11.81,143984,467,11.5887
2018-02-07T05:00:00Z,11.61,11.985,11.61,11.92,39396,165,11.9058
2018-02-08T05:00:00Z,11.8,11.95,11.8,11.83,24868,117,11.8744
2018-02-09T05:00:00Z,11.8647,11.9,11.76,11.9,32498,158,11.8211
2018-02-12T05:00:00Z,11.99,12.029,11.921,11.99,18873,111,11.9787
2018-02-13T05:00:00Z,11.87,12.08,11.83,11.99,23984,122,11.9757
2018-02-14T05:00:00Z,11.89,12.08,11.89,12.0798,18427,85,12.0289
2018-02-15T05:00:00Z,12.03,12.15,12.01,12.07,23679,135,12.0567
2018-02-16T05:00:00Z,12.1,12.1902,12.08,12.15,22569,139,12.1325
2018-02-20T05:00:00Z,12.21,12.21,12.0652,12.1399,22230,80,12.1426
2018-02-21T05:00:00Z,12.13,12.15,12.094,12.1,12706,86,12.1175
2018-02-22T05:00:00Z,12.06,12.1,11.98,12.02,26292,140,12.0654
2018-02-23T05:00:00Z,11.97,12.17,11.97,12.17,18089,113,12.1156
2018-02-26T05:00:00Z,12.28,12.2982,12.15,12.2,12212,44,12.2
2018-02-27T05:00:00Z,12.13,12.2344,12.0342,12.17,16118,113,12.1173
2018-02-28T05:00:00Z,12.1,12.19,12.03,12.19,29670,143,12.0798
2018-03-01T05:00:00Z,12.24,12.24,12.06,12.079,19633,84,12.1341
2018-03-02T05:00:00Z,12.12,12.17,12.03,12.17,30782,116,12.0848
2018-03-05T05:00:00Z,12.1,12.164,12.061,12.164,8507,53,12.1166
2018-03-06T05:00:00Z,12.13,12.1899,12.1001,12.15,15125,86,12.1397
2018-03-07T05:00:00Z,12.03,12.089,12.03,12.08,19648,76,12.058
2018-03-08T05:00:00Z,12.04,12.09,12.04,12.08,23105,69,12.0695
2018-03-09T05:00:00Z,12.18,12.18,12.06,12.06,29254,69,12.0948
2018-03-12T04:00:00Z,12.14,12.14,12.08,12.08,14291,50,12.1129
2018-03-13T04:00:00Z,11.97,12.1,11.97,12.04,14444,56,12.0393
2018-03-14T04:00:00Z,12,12.1,11.89,12.07,16964,64,12.0654
2018-03-15T04:00:00Z,12.04,12.1217,12.04,12.05,8630,43,12.081
2018-03-16T04:00:00Z,12.04,12.05,12.0301,12.05,13069,55,12.0433
2018-03-19T04:00:00Z,11.94,12.05,11.94,11.9786,24454,87,12.0007
2018-03-20T04:00:00Z,11.9,12.0199,11.9,11.94,29156,95,11.9618
2018-03-21T04:00:00Z,11.9,12.027,11.9,12.02,70216,158,11.9616
2018-03-22T04:00:00Z,11.9,12.11,11.9,11.9,33260,231,12.0086
2018-03-23T04:00:00Z,11.91,11.968,11.9,11.9,10416,48,11.938
2018-03-26T04:00:00Z,11.92,11.999,11.91,11.95,15242,63,11.9363
2018-03-27T04:00:00Z,11.91,11.9686,11.91,11.95,23266,60,11.9448
2018-03-28T04:00:00Z,12.04,12.1,12,12.08,8217,74,12.0396
2018-03-29T04:00:00Z,12.13,12.195,12.0967,12.19,10919,60,12.1541
2018-04-02T04:00:00Z,12.25,12.25,12.09,12.0914,28486,105,12.1278
2018-04-03T04:00:00Z,12.06,12.19,12.06,12.17,16035,101,12.1434
2018-04-04T04:00:00Z,12.1,12.1943,12.1,12.18,7358,48,12.1664
2018-04-05T04:00:00Z,12.25,12.25,12.13,12.21,11554,54,12.2144
2018-04-06T04:00:00Z,12.21,12.25,12.18,12.19,24106,65,12.2078
2018-04-09T04:00:00Z,12.22,12.279,12.18,12.21,13598,42,12.2248
2018-04-10T04:00:00Z,12.1979,12.2599,12.1979,12.25,5975,29,12.2444
2018-04-11T04:00:00Z,12.18,12.282,12.18,12.23,14626,46,12.2631
2018-04-12T04:00:00Z,12.33,12.33,12.2049,12.21,20328,73,12.2467
2018-04-13T04:00:00Z,12.33,12.34,12.2,12.22,16904,64,12.232
2018-04-16T04:00:00Z,12.26,12.28,12.21,12.27,14260,74,12.2447
2018-04-17T04:00:00Z,12.28,12.35,12.27,12.35,19395,78,12.3076
2018-04-18T04:00:00Z,12.26,12.3499,12.25,12.26,23908,92,12.2954
2018-04-19T04:00:00Z,12.28,12.28,12.24,12.28,6851,36,12.2528
2018-04-20T04:00:00Z,12.19,12.28,12.19,12.19,14359,50,12.2046
2018-04-23T04:00:00Z,12.11,12.15,12.1,12.1,15868,46,12.1247
2018-04-24T04:00:00Z,12.16,12.2,12.139,12.2,6050,44,12.1639
2018-04-25T04:00:00Z,12.27,12.27,12.12,12.14,21228,80,12.1611
2018-04-26T04:00:00Z,12.21,12.24,12.1251,12.24,8502,31,12.1848
2018-04-27T04:00:00Z,12.23,12.3365,12.19,12.29,19977,65,12.2539
2018-04-30T04:00:00Z,12.39,12.4,12.3,12.39,20994,104,12.3487
2018-05-01T04:00:00Z,12.44,12.44,12.34,12.35,15737,68,12.3597
2018-05-02T04:00:00Z,12.39,12.39,12.24,12.38,15831,89,12.3331
2018-05-03T04:00:00Z,12.44,12.44,12.28,12.36,13245,42,12.3183
2018-05-04T04:00:00Z,12.5,12.5,12.41,12.46,14697,59,12.4699
2018-05-07T04:00:00Z,12.5,12.5,12.4301,12.5,15584,79,12.4855
2018-05-08T04:00:00Z,12.5,12.5,12.3816,12.3961,15007,69,12.425
2018-05-09T04:00:00Z,12.5,12.5,12.36,12.43,23211,101,12.4043
2018-05-10T04:00:00Z,12.48,12.5,12.3958,12.5,11487,60,12.4518
2018-05-11T04:00:00Z,12.5,12.51,12.4601,12.5,24692,79,12.483
2018-05-14T04:00:00Z,12.45,12.45,12.31,12.33,22549,108,12.3406
2018-05-15T04:00:00Z,12.27,12.315,11.86,12.28,15316,65,12.2776
2018-05-16T04:00:00Z,12.37,12.37,12.24,12.24,15721,67,12.2738
2018-05-17T04:00:00Z,12.33,12.33,12.21,12.21,6586,40,12.2633
2018-05-18T04:00:00Z,12.32,12.32,12.2,12.26,5882,40,12.2325
2018-05-21T04:00:00Z,12.36,12.36,12.2,12.2798,6750,35,12.2834
2018-05-22T04:00:00Z,12.39,12.39,12.302,12.37,10236,46,12.3315
2018-05-23T04:00:00Z,12.35,12.4,12.34,12.4,7217,34,12.35
2018-05-24T04:00:00Z,12.4,12.42,12.34,12.415,12149,47,12.396
2018-05-25T04:00:00Z,12.45,12.45,12.3,12.32,16115,73,12.3559
2018-05-29T04:00:00Z,12.36,12.36,12.28,12.28,8703,30,12.3038
2018-05-30T04:00:00Z,12.39,12.41,12.28,12.41,22038,72,12.3404
2018-05-31T04:00:00Z,12.48,12.48,12.32,12.35,13578,63,12.3599
2018-06-01T04:00:00Z,12.49,12.49,12.23,12.27,32649,132,12.3146
2018-06-04T04:00:00Z,12.22,12.31,12.22,12.29,16629,109,12.2828
2018-06-05T04:00:00Z,12.25,12.2714,12.24,12.25,8672,44,12.2565
2018-06-06T04:00:00Z,12.22,12.26,12.1976,12.24,28050,121,12.2124
2018-06-07T04:00:00Z,12.23,12.28,12.21,12.27,12016,58,12.2451
2018-06-08T04:00:00Z,12.26,12.2942,12.2279,12.24,13080,42,12.2462
2018-06-11T04:00:00Z,12.31,12.32,12.245,12.26,13982,54,12.2659
2018-06-12T04:00:00Z,12.12,12.19,12.12,12.12,15461,67,12.1591
2018-06-13T04:00:00Z,12.24,12.24,12.16,12.22,14626,69,12.1961
2018-06-14T04:00:00Z,12.23,12.29,12.22,12.29,16450,139,12.2469
2018-06-15T04:00:00Z,12.52,12.52,12.2615,12.34,14645,48,12.4225
2018-06-18T04:00:00Z,12.36,12.36,12.31,12.31,10861,66,12.3422
2018-06-19T04:00:00Z,12.18,12.34,12.18,12.25,8240,52,12.2775
2018-06-20T04:00:00Z,12.18,12.29,12.18,12.22,12418,39,12.2572
2018-06-21T04:00:00Z,12.19,12.29,12.19,12.29,5267,21,12.2437
2018-06-22T04:00:00Z,12.18,12.29,12.18,12.26,7793,39,12.264
2018-06-25T04:00:00Z,12.26,12.3699,12.26,12.365,12764,49,12.3348
2018-06-26T04:00:00Z,12.4,12.4,12.3601,12.39,17527,55,12.3791
2018-06-27T04:00:00Z,12.4,12.4,12.3401,12.3614,11990,42,12.3573
2018-06-28T04:00:00Z,12.24,12.39,12.24,12.25,8761,67,12.33
2018-06-29T04:00:00Z,12.3,12.36,12.27,12.35,10219,49,12.3083
2018-07-02T04:00:00Z,12.25,12.32,12.2,12.2,21247,89,12.2879
2018-07-03T04:00:00Z,12.19,12.32,12.19,12.31,7187,71,12.2726
2018-07-05T04:00:00Z,12.35,12.38,12.31,12.336,12943,53,12.3364
2018-07-06T04:00:00Z,12.25,12.4,12.25,12.36,12821,40,12.3599
2018-07-09T04:00:00Z,12.37,12.4,12.37,12.39,22623,63,12.3894
2018-07-10T04:00:00Z,12.4,12.48,12.36,12.48,17210,77,12.4099
2018-07-11T04:00:00Z,12.4,12.52,12.4,12.52,14758,36,12.4753
2018-07-12T04:00:00Z,12.45,12.5085,12.45,12.5,11130,39,12.4898
2018-07-13T04:00:00Z,12.28,12.48,12.28,12.41,14474,41,12.4148
2018-07-16T04:00:00Z,12.54,12.54,12.4,12.5,20330,78,12.4964
2018-07-17T04:00:00Z,12.4,12.54,12.4,12.4,23645,73,12.5055
2018-07-18T04:00:00Z,12.4101,12.47,12.41,12.46,11423,65,12.4488
2018-07-19T04:00:00Z,12.41,12.49,12.41,12.485,7138,46,12.449
2018-07-20T04:00:00Z,12.5,12.5,12.437,12.48,11258,44,12.4674
2018-07-23T04:00:00Z,12.55,12.55,12.42,12.467,15371,84,12.4541
2018-07-24T04:00:00Z,12.38,12.5,12.38,12.49,12836,87,12.4321
2018-07-25T04:00:00Z,12.51,12.53,12.4801,12.51,14852,65,12.5004
2018-07-26T04:00:00Z,12.56,12.62,12.51,12.51,21277,94,12.5859
2018-07-27T04:00:00Z,12.39,12.5099,12.37,12.45,12782,57,12.4552
2018-07-30T04:00:00Z,12.51,12.51,12.449,12.4899,8571,69,12.4672
2018-07-31T04:00:00Z,12.37,12.56,12.37,12.5,7558,38,12.4529
2018-08-01T04:00:00Z,12.59,12.61,12.51,12.61,11192,73,12.5609
2018-08-02T04:00:00Z,12.5,12.5967,12.5,12.52,12929,92,12.5588
2018-08-03T04:00:00Z,12.581,12.61,12.5401,12.5863,11023,44,12.5747
2018-08-06T04:00:00Z,12.65,12.65,12.6,12.6192,10370,39,12.618
2018-08-07T04:00:00Z,12.65,12.68,12.56,12.67,22299,94,12.6308
2018-08-08T04:00:00Z,12.6,12.73,12.6,12.73,19052,85,12.6747
2018-08-09T04:00:00Z,12.82,12.82,12.71,12.8,16020,52,12.765
2018-08-10T04:00:00Z,12.87,12.92,12.75,12.92,15850,76,12.8255
2018-08-13T04:00:00Z,12.98,12.98,12.75,12.83,27695,117,12.8174
2018-08-14T04:00:00Z,12.61,12.719,12.61,12.61,19543,91,12.6638
2018-08-15T04:00:00Z,12.89,12.89,12.62,12.64,22800,85,12.7361
2018-08-16T04:00:00Z,12.72,12.72,12.62,12.63,4863,32,12.64
2018-08-17T04:00:00Z,12.63,12.7,12.55,12.69,33428,227,12.6166
2018-08-20T04:00:00Z,12.6,12.74,12.6,12.71,17844,85,12.6954
2018-08-21T04:00:00Z,12.78,12.78,12.65,12.74,17221,70,12.7297
2018-08-22T04:00:00Z,12.89,12.89,12.72,12.76,13958,74,12.802
2018-08-23T04:00:00Z,12.76,12.7925,12.72,12.72,14895,55,12.7817
2018-08-24T04:00:00Z,12.59,12.73,12.59,12.66,26024,105,12.6803
2018-08-27T04:00:00Z,12.65,12.72,12.64,12.71,12273,64,12.6857
2018-08-28T04:00:00Z,12.7,12.72,12.6558,12.713,5902,36,12.7011
2018-08-29T04:00:00Z,12.64,12.749,12.64,12.7301,8058,37,12.716
2018-08-30T04:00:00Z,12.64,12.79,12.64,12.7,13926,62,12.7302
2018-08-31T04:00:00Z,12.61,12.87,12.61,12.65,10431,70,12.7209
2018-09-04T04:00:00Z,12.75,12.75,12.62,12.75,18761,90,12.7076
2018-09-05T04:00:00Z,12.87,12.87,12.751,12.85,17109,92,12.7858
2018-09-06T04:00:00Z,12.89,12.89,12.79,12.825,19752,46,12.8099
2018-09-07T04:00:00Z,12.8,12.8378,12.75,12.8071,10339,52,12.7938
2018-09-10T04:00:00Z,12.71,12.88,12.71,12.88,9581,78,12.8198
2018-09-11T04:00:00Z,12.75,12.8767,12.75,12.82,18085,65,12.8418
2018-09-12T04:00:00Z,12.76,12.87,12.76,12.87,10386,27,12.837
2018-09-13T04:00:00Z,12.97,12.97,12.771,12.93,14516,61,12.8257
2018-09-14T04:00:00Z,12.92,12.92,12.6,12.69,28334,146,12.7119
2018-09-17T04:00:00Z,12.6,12.71,12.6,12.61,16662,75,12.669
2018-09-18T04:00:00Z,12.57,12.65,12.57,12.6473,8876,44,12.6251
2018-09-19T04:00:00Z,12.56,12.6281,12.36,12.43,27067,140,12.501
2018-09-20T04:00:00Z,12.31,12.445,12.31,12.44,23556,103,12.4038
2018-09-21T04:00:00Z,12.53,12.53,12.45,12.4985,9043,67,12.4984
2018-09-24T04:00:00Z,12.5,12.5,12.46,12.4651,18011,54,12.4674
2018-09-25T04:00:00Z,12.46,12.48,12.4,12.48,13694,79,12.43
2018-09-26T04:00:00Z,12.4,12.4799,12.4,12.42,7141,25,12.4326
2018-09-27T04:00:00Z,12.34,12.4288,12.34,12.39,9968,56,12.4015
2018-09-28T04:00:00Z,12.3966,12.57,12.3966,12.57,20491,127,12.4763
2018-10-01T04:00:00Z,12.75,12.75,12.55,12.68,22584,125,12.6237
2018-10-02T04:00:00Z,12.59,12.67,12.58,12.58,10940,99,12.6335
2018-10-03T04:00:00Z,12.55,12.64,12.4,12.4,17916,97,12.4909
2018-10-04T04:00:00Z,12.32,12.41,12.15,12.15,26425,165,12.2681
2018-10-05T04:00:00Z,12.07,12.19,12.05,12.05,32651,191,12.1235
2018-10-08T04:00:00Z,11.96,12.09,11.92,12.0838,20147,80,12.0342
2018-10-09T04:00:00Z,11.92,12.12,11.92,12.05,15621,40,12.0804
2018-10-10T04:00:00Z,11.97,12.07,11.97,12.0599,20870,97,12.0424
2018-10-11T04:00:00Z,11.95,12.04,11.88,11.88,24162,123,11.9933
2018-10-12T04:00:00Z,11.9,11.92,11.8081,11.83,15669,103,11.868
2018-10-15T04:00:00Z,11.71,11.79,11.63,11.67,37635,186,11.719
2018-10-16T04:00:00Z,11.77,11.88,11.71,11.86,13172,54,11.8243
2018-10-17T04:00:00Z,11.73,11.82,11.67,11.74,36228,152,11.7642
2018-10-18T04:00:00Z,11.67,11.78,11.67,11.78,17754,78,11.7408
2018-10-19T04:00:00Z,11.66,11.84,11.66,11.8,21779,104,11.765
2018-10-22T04:00:00Z,11.72,11.8683,11.7,11.7,19979,73,11.8221
2018-10-23T04:00:00Z,11.61,11.74,11.61,11.7262,18016,57,11.705
2018-10-24T04:00:00Z,11.61,11.85,11.61,11.81,9987,33,11.7884
2018-10-25T04:00:00Z,11.72,11.8793,11.72,11.85,15083,57,11.8303
2018-10-26T04:00:00Z,11.85,11.89,11.7005,11.7099,25602,125,11.7822
2018-10-29T04:00:00Z,11.7,11.75,11.64,11.64,17931,87,11.7286
2018-10-30T04:00:00Z,11.66,11.8,11.66,11.7366,14770,80,11.7353
2018-10-31T04:00:00Z,11.71,11.85,11.71,11.84,50285,150,11.8188
2018-11-01T04:00:00Z,11.85,11.8685,11.85,11.8675,27854,84,11.8561
2018-11-02T04:00:00Z,11.86,11.89,11.844,11.88,20785,106,11.8631
2018-11-05T05:00:00Z,11.9,12.17,11.8789,12.105,28046,121,12.0104
2018-11-06T05:00:00Z,12.14,12.41,12.14,12.36,23262,82,12.227
2018-11-07T05:00:00Z,12.49,12.99,12.45,12.75,59249,311,12.7403
2018-11-08T05:00:00Z,12.96,12.96,12.59,12.679,32892,127,12.7209
2018-11-09T05:00:00Z,12.68,12.68,12.56,12.5769,9227,55,12.594
2018-11-12T05:00:00Z,12.58,12.6,12.45,12.6,25586,69,12.5434
2018-11-13T05:00:00Z,12.42,12.484,12.39,12.46,26774,106,12.425
2018-11-14T05:00:00Z,12.45,12.473,12.4,12.449,15191,62,12.4398
2018-11-15T05:00:00Z,12.41,12.41,12.22,12.24,34361,144,12.3377
2018-11-16T05:00:00Z,12,12.2,11.85,11.9,76061,333,12.0136
2018-11-19T05:00:00Z,11.9,12.06,11.9,11.9,17954,71,11.9992
2018-11-20T05:00:00Z,11.85,12.0206,11.85,11.8825,13421,71,11.8905
2018-11-21T05:00:00Z,11.76,11.9507,11.47,11.47,48933,208,11.7111
2018-11-23T05:00:00Z,11.41,11.5699,11.41,11.55,5148,38,11.4785
2018-11-26T05:00:00Z,11.63,11.652,11.53,11.53,27350,104,11.6172
2018-11-27T05:00:00Z,11.67,11.67,11.52,11.63,22723,77,11.5614
2018-11-28T05:00:00Z,11.63,11.7699,11.6,11.71,23958,116,11.67
2018-11-29T05:00:00Z,11.77,11.77,11.67,11.7,11313,81,11.7031
2018-11-30T05:00:00Z,11.63,11.98,11.6112,11.98,20807,73,11.7624
2018-12-03T05:00:00Z,11.94,12.08,11.93,11.96,17048,109,12.0307
2018-12-04T05:00:00Z,12.05,12.08,11.8525,11.9512,35023,186,11.9886
2018-12-06T05:00:00Z,11.85,11.909,11.771,11.87,26450,128,11.8406
2018-12-07T05:00:00Z,11.71,11.9,11.71,11.87,21978,79,11.8167
2018-12-10T05:00:00Z,11.87,11.98,11.854,11.95,17629,87,11.8982
2018-12-11T05:00:00Z,12.07,12.09,11.96,11.96,14324,59,12.0045
2018-12-12T05:00:00Z,12.21,12.21,11.84,12.06,20086,109,11.9674
2018-12-13T05:00:00Z,11.95,12.1,11.9401,11.98,23739,133,12.0634
2018-12-14T05:00:00Z,11.98,12.04,11.9354,11.95,17346,109,12.0011
2018-12-17T05:00:00Z,11.84,12.01,11.84,11.98,14975,48,11.9539
2018-12-18T05:00:00Z,12.04,12.04,11.68,11.68,23289,140,11.9217
2018-12-19T05:00:00Z,11.72,11.77,11.57,11.57,10818,75,11.7029
2018-12-20T05:00:00Z,11.57,11.68,11.4799,11.642,35471,153,11.5823
2018-12-21T05:00:00Z,11.75,11.75,11.5,11.5,12124,73,11.6329
2018-12-24T05:00:00Z,11.57,11.5899,11.16,11.16,42359,216,11.4199
2018-12-26T05:00:00Z,11.27,11.4114,10.69,11.0807,102180,427,10.9745
2018-12-27T05:00:00Z,10.93,11.08,10.8053,10.985,52708,216,10.9287
2018-12-28T05:00:00Z,11,11.19,11,11.12,39174,172,11.0949
2018-12-31T05:00:00Z,11.16,11.2171,11.05,11.1708,31362,192,11.1343
2019-01-02T05:00:00Z,11.21,11.39,11.07,11.39,22890,170,11.1915
2019-01-03T05:00:00Z,11.39,11.43,11.26,11.4,16614,139,11.3573
2019-01-04T05:00:00Z,11.48,11.51,11.32,11.4394,34174,136,11.4648
2019-01-07T05:00:00Z,11.95,11.95,11.6,11.81,29361,165,11.7848
2019-01-08T05:00:00Z,12.12,12.12,11.9327,11.9327,33891,213,12.0375
2019-01-09T05:00:00Z,12,12.0911,11.9604,12.03,26286,150,11.997
2019-01-10T05:00:00Z,12.09,12.17,11.87,11.87,36371,191,12.0446
2019-01-11T05:00:00Z,11.99,12.03,11.97,12.03,16329,59,11.9998
2019-01-14T05:00:00Z,12.04,12.04,11.95,12.01,10223,70,11.9985
2019-01-15T05:00:00Z,11.95,12.0213,11.8612,12.02,14084,85,11.9712
2019-01-16T05:00:00Z,12.05,12.069,11.8,12.0499,10288,64,12.0366
2019-01-17T05:00:00Z,12.08,12.09,12.01,12.05,13937,53,12.0432
2019-01-18T05:00:00Z,12.01,12.06,11.89,11.92,26400,140,11.9444
2019-01-22T05:00:00Z,11.92,12.03,11.92,11.94,11026,66,11.9777
2019-01-23T05:00:00Z,11.95,12.04,11.95,12.01,6136,47,12.0117
2019-01-24T05:00:00Z,12.04,12.04,11.9501,12.01,12152,40,11.9939
2019-01-25T05:00:00Z,11.96,12.03,11.96,12.02,14067,107,12.0039
2019-01-28T05:00:00Z,12.03,12.05,12.02,12.04,24199,89,12.0354
2019-01-29T05:00:00Z,12.07,12.15,12.05,12.124,16459,70,12.0945
2019-01-30T05:00:00Z,12.17,12.28,12.1488,12.266,25768,107,12.2112
2019-01-31T05:00:00Z,12.25,12.51,12.25,12.51,22505,82,12.4078
2019-02-01T05:00:00Z,12.63,12.63,12.45,12.53,18142,91,12.5507
2019-02-04T05:00:00Z,12.58,12.6237,12.542,12.6,19148,119,12.5961
2019-02-05T05:00:00Z,12.64,12.94,12.54,12.64,23402,87,12.6143
2019-02-06T05:00:00Z,12.63,12.71,12.55,12.71,13108,68,12.6341
2019-02-07T05:00:00Z,12.71,12.71,12.55,12.69,10085,41,12.6019
2019-02-08T05:00:00Z,12.68,12.75,12.58,12.75,7255,31,12.6556
2019-02-11T05:00:00Z,12.65,12.74,12.61,12.62,13675,73,12.6697
2019-02-12T05:00:00Z,12.67,12.73,12.592,12.71,19290,100,12.6631
2019-02-13T05:00:00Z,12.71,12.71,12.53,12.64,7259,28,12.6125
2019-02-14T05:00:00Z,12.53,12.69,12.47,12.6,9146,40,12.5832
2019-02-15T05:00:00Z,12.6,12.6,12.5601,12.59,14130,53,12.581
2019-02-19T05:00:00Z,12.56,12.7099,12.552,12.67,17676,61,12.6336
2019-02-20T05:00:00Z,12.73,12.8,12.56,12.63,17977,95,12.6794
2019-02-21T05:00:00Z,12.65,12.7299,12.61,12.642,9990,57,12.6588
2019-02-22T05:00:00Z,12.75,12.77,12.6966,12.763,10838,70,12.7297
2019-02-25T05:00:00Z,12.82,12.89,12.77,12.785,9803,62,12.7915
2019-02-26T05:00:00Z,12.77,12.8,12.77,12.7901,5857,28,12.7895
2019-02-27T05:00:00Z,12.8,12.85,12.71,12.84,7402,57,12.8278
2019-02-28T05:00:00Z,12.85,12.93,12.76,12.93,8148,50,12.8248
2019-03-01T05:00:00Z,13,13,12.93,12.9701,13899,57,12.966
2019-03-04T05:00:00Z,13,13,12.8862,12.8862,37255,150,12.9216
2019-03-05T05:00:00Z,12.87,12.94,12.815,12.8234,10686,64,12.8546
2019-03-06T05:00:00Z,12.9,12.9,12.78,12.82,8383,31,12.8447
2019-03-07T05:00:00Z,12.94,12.94,12.8,12.8413,9823,45,12.8431
2019-03-08T05:00:00Z,12.8,12.84,12.68,12.8,14406,46,12.7946
2019-03-11T04:00:00Z,12.89,12.89,12.8,12.8,17577,83,12.8368
2019-03-12T04:00:00Z,12.87,12.87,12.72,12.75,13586,83,12.7719
2019-03-13T04:00:00Z,12.76,12.82,12.741,12.7798,11866,45,12.7721
2019-03-14T04:00:00Z,12.8,12.8273,12.7388,12.815,45570,61,12.8121
2019-03-15T04:00:00Z,12.95,12.95,12.8496,12.87,15157,50,12.8699
2019-03-18T04:00:00Z,12.84,12.87,12.8139,12.8556,5548,35,12.8481
2019-03-19T04:00:00Z,12.93,12.93,12.8343,12.85,13647,63,12.8866
2019-03-20T04:00:00Z,12.9,12.94,12.8298,12.9244,10087,44,12.8851
2019-03-21T04:00:00Z,13,13.37,12.99,13.37,46565,353,13.1454
2019-03-22T04:00:00Z,13.35,13.35,13.1201,13.1201,28244,153,13.2129
2019-03-25T04:00:00Z,13.1303,13.22,13.0935,13.1103,12776,50,13.1335
2019-03-26T04:00:00Z,13.11,13.11,12.99,13,8038,52,13.0168
2019-03-27T04:00:00Z,13.09,13.1,12.97,12.99,8132,22,13.0104
2019-03-28T04:00:00Z,13.03,13.13,12.9901,13.13,12536,74,13.064
2019-03-29T04:00:00Z,13.1,13.1394,13.07,13.11,10403,36,13.1035
2019-04-01T04:00:00Z,13.22,13.22,13.07,13.141,16190,77,13.1154
2019-04-02T04:00:00Z,13.14,13.22,13.1,13.17,22896,137,13.1443
2019-04-03T04:00:00Z,13.17,13.17,13.12,13.12,10101,70,13.1447
2019-04-04T04:00:00Z,13.17,13.17,12.99,12.99,19875,84,13.0623
2019-04-05T04:00:00Z,13.08,13.08,12.92,12.9521,9955,63,12.9921
2019-04-08T04:00:00Z,12.94,13.1,12.94,12.9999,8222,43,13.0031
2019-04-09T04:00:00Z,13.02,13.0201,12.97,12.9886,6019,31,13.0021
2019-04-10T04:00:00Z,12.975,13,12.87,12.95,18874,110,12.9519
2019-04-11T04:00:00Z,12.96,12.96,12.9001,12.95,8758,37,12.9261
2019-04-12T04:00:00Z,12.95,12.96,12.93,12.96,7405,44,12.9478
2019-04-15T04:00:00Z,12.87,13,12.87,12.95,14432,46,12.9424
2019-04-16T04:00:00Z,12.91,12.9499,12.9001,12.9301,6265,39,12.9309
2019-04-17T04:00:00Z,12.88,12.8907,12.85,12.85,12862,37,12.8643
2019-04-18T04:00:00Z,12.82,12.8663,12.82,12.83,7800,52,12.8417
2019-04-22T04:00:00Z,12.86,12.863,12.82,12.84,11155,43,12.8341
2019-04-23T04:00:00Z,12.78,12.87,12.78,12.87,44935,77,12.8122
2019-04-24T04:00:00Z,12.83,12.87,12.83,12.85,10597,36,12.8484
2019-04-25T04:00:00Z,12.87,12.94,12.87,12.9154,13537,32,12.9051
2019-04-26T04:00:00Z,12.93,12.93,12.89,12.89,6085,33,12.9059
2019-04-29T04:00:00Z,12.92,12.98,12.89,12.98,9658,54,12.9199
2019-04-30T04:00:00Z,12.98,12.99,12.881,12.98,16529,58,12.9576
2019-05-01T04:00:00Z,13.02,13.02,12.96,12.99,16864,84,12.9868
2019-05-02T04:00:00Z,13,13.1,12.99,13.1,13665,92,13.0297
2019-05-03T04:00:00Z,13.1,13.1,12.99,13.01,46024,135,13.0009
2019-05-06T04:00:00Z,12.9,13.02,12.9,13.01,8479,63,12.9725
2019-05-07T04:00:00Z,12.98,13.0237,12.9,12.9,12596,66,12.952
2019-05-08T04:00:00Z,12.94,12.99,12.87,12.99,18694,69,12.9242
2019-05-09T04:00:00Z,12.98,13.1,12.98,13.09,13001,71,13.0624
2019-05-10T04:00:00Z,13.0798,13.125,13.0798,13.12,10963,72,13.0976
2019-05-13T04:00:00Z,12.99,13.11,12.99,13.04,10334,55,13.051
2019-05-14T04:00:00Z,13,13.065,12.98,12.98,18491,102,13.0125
2019-05-15T04:00:00Z,12.96,13.016,12.94,12.95,11624,83,12.9536
2019-05-16T04:00:00Z,12.95,13.02,12.77,12.77,23836,144,12.8936
2019-05-17T04:00:00Z,12.778,12.92,12.778,12.8254,12259,58,12.867
2019-05-20T04:00:00Z,12.8,12.9599,12.79,12.8502,12788,35,12.8696
2019-05-21T04:00:00Z,12.94,13.05,12.85,13,18287,89,12.9509
2019-05-22T04:00:00Z,13,13,12.9,12.97,7338,25,12.958
2019-05-23T04:00:00Z,12.9951,13.02,12.75,12.8,28617,142,12.8909
2019-05-24T04:00:00Z,12.82,12.9077,12.7608,12.8501,12829,57,12.8678
2019-05-28T04:00:00Z,12.76,12.8999,12.76,12.89,15063,70,12.8469
2019-05-29T04:00:00Z,12.86,12.86,12.48,12.54,56100,225,12.577
2019-05-30T04:00:00Z,12.51,12.67,12.51,12.6,24857,135,12.6203
2019-05-31T04:00:00Z,12.5,12.6195,12.5,12.57,19811,65,12.5725
2019-06-03T04:00:00Z,12.69,12.86,12.58,12.635,38509,243,12.6624
2019-06-04T04:00:00Z,12.6078,12.85,12.57,12.85,34059,228,12.6975
2019-06-05T04:00:00Z,12.55,12.88,12.55,12.8,27289,114,12.7198
2019-06-06T04:00:00Z,12.85,12.98,12.71,12.91,15565,73,12.9155
2019-06-07T04:00:00Z,12.96,12.98,12.772,12.85,5560,37,12.8807
2019-06-10T04:00:00Z,12.96,12.96,12.89,12.92,10843,84,12.9106
2019-06-11T04:00:00Z,13,13,12.82,12.87,17956,96,12.9349
2019-06-12T04:00:00Z,13,13,12.87,12.93,11241,38,12.9238
2019-06-13T04:00:00Z,12.87,12.87,12.77,12.83,15849,77,12.8114
2019-06-14T04:00:00Z,12.84,13,12.77,12.95,9503,62,12.8965
2019-06-17T04:00:00Z,12.95,13,12.911,13,39036,74,12.9795
2019-06-18T04:00:00Z,12.94,13,12.91,12.91,16264,68,12.954
2019-06-19T04:00:00Z,12.97,12.9784,12.84,12.87,24389,142,12.9229
2019-06-20T04:00:00Z,12.959,12.959,12.8056,12.82,9805,55,12.8693
2019-06-21T04:00:00Z,12.71,12.8671,12.71,12.83,23208,137,12.8207
2019-06-24T04:00:00Z,12.93,12.93,12.8358,12.85,15925,63,12.9046
2019-06-25T04:00:00Z,12.94,12.94,12.85,12.88,16976,79,12.8877
2019-06-26T04:00:00Z,12.95,12.95,12.83,12.88,5764,34,12.9131
2019-06-27T04:00:00Z,13,13,12.85,12.91,15219,123,12.9687
2019-06-28T04:00:00Z,12.94,12.99,12.88,12.97,14590,56,12.9366
2019-07-01T04:00:00Z,13.06,13.06,12.9,12.9,17815,92,12.9646
2019-07-02T04:00:00Z,12.9,13.02,12.9,12.94,31454,139,12.9638
2019-07-03T04:00:00Z,13.04,13.04,13,13.0167,4900,27,13.0164
2019-07-05T04:00:00Z,13.05,13.05,12.89,12.9639,12407,76,12.9548
2019-07-08T04:00:00Z,12.93,13.001,12.895,12.93,12888,62,12.9656
2019-07-09T04:00:00Z,12.95,12.97,12.84,12.88,25367,93,12.9178
2019-07-10T04:00:00Z,13.08,13.08,12.9862,13.06,23342,139,13.0326
2019-07-11T04:00:00Z,13.03,13.0587,12.94,12.95,7941,34,13.0004
2019-07-12T04:00:00Z,12.98,13.0399,12.8701,13.005,22360,87,13.0017
2019-07-15T04:00:00Z,13.05,13.0799,13,13.02,17936,74,13.0331
2019-07-16T04:00:00Z,13,13.24,12.9146,13.1119,32697,158,13.0558
2019-07-17T04:00:00Z,13.0843,13.13,12.9488,13.1114,10602,37,13.0591
2019-07-18T04:00:00Z,12.9805,13.0515,12.9805,13.05,10350,45,13.0144
2019-07-19T04:00:00Z,13.05,13.26,13.0417,13.23,14699,69,13.1714
2019-07-22T04:00:00Z,13.26,13.26,13.1463,13.15,15769,53,13.1805
2019-07-23T04:00:00Z,13.15,13.177,13.1,13.1,15573,77,13.1293
2019-07-24T04:00:00Z,13.18,13.18,13.0916,13.11,8449,54,13.133
2019-07-25T04:00:00Z,13.12,13.16,13.05,13.1529,16767,78,13.1167
2019-07-26T04:00:00Z,13.08,13.3,13.0512,13.26,20767,124,13.1588
2019-07-29T04:00:00Z,13.3,13.389,13.2494,13.36,12704,104,13.311
2019-07-30T04:00:00Z,13.36,13.41,13.26,13.39,36503,164,13.3608
2019-07-31T04:00:00Z,13.35,13.41,13.32,13.39,14365,86,13.375
2019-08-01T04:00:00Z,13.41,13.41,13.2995,13.31,21023,105,13.3651
2019-08-02T04:00:00Z,13.345,13.41,13.28,13.36,10096,108,13.3664
2019-08-05T04:00:00Z,13.21,13.375,13.21,13.33,20039,86,13.278
2019-08-06T04:00:00Z,13.39,13.41,13.2587,13.41,12254,76,13.3189
2019-08-07T04:00:00Z,13.3774,13.3774,13.23,13.3452,20533,155,13.3479
2019-08-08T04:00:00Z,13.33,13.3815,13.2196,13.3428,14765,134,13.3309
2019-08-09T04:00:00Z,13.3045,13.4,13.26,13.35,8105,78,13.3137
2019-08-12T04:00:00Z,13.19,13.3434,13.19,13.2216,12974,106,13.2553
2019-08-13T04:00:00Z,13.32,13.32,13.09,13.11,19657,102,13.1922
2019-08-14T04:00:00Z,13.1,13.1,12.98,13.02,14571,89,13.0382
2019-08-15T04:00:00Z,13.12,13.1594,13.0142,13.02,13299,58,13.1021
2019-08-16T04:00:00Z,13.01,13.09,12.9287,12.98,13242,85,13.0466
2019-08-19T04:00:00Z,13.06,13.11,12.9852,13.1,13510,73,13.0483
2019-08-20T04:00:00Z,13.17,13.17,13.06,13.12,12678,56,13.1181
2019-08-21T04:00:00Z,13.19,13.19,12.95,13.05,19021,124,13.0351
2019-08-22T04:00:00Z,13.09,13.16,13.0655,13.13,9003,45,13.1092
2019-08-23T04:00:00Z,13.14,13.1952,13.07,13.1,7976,40,13.1164
2019-08-26T04:00:00Z,13.32,13.32,13.11,13.16,21421,122,13.2033
2019-08-27T04:00:00Z,13.19,13.2313,12.87,12.9889,24826,147,13.1084
2019-08-28T04:00:00Z,12.96,13.0862,12.96,13.0028,9475,45,13.0222
2019-08-29T04:00:00Z,13.01,13.01,12.97,12.99,25433,140,12.9855
2019-08-30T04:00:00Z,12.95,13.04,12.95,13.03,14666,64,13.0117
2019-09-03T04:00:00Z,13.13,13.17,13.02,13.17,22523,118,13.1347
2019-09-04T04:00:00Z,13.23,13.34,13.21,13.32,26024,120,13.2849
2019-09-05T04:00:00Z,13.25,13.3301,13.22,13.3301,15568,83,13.2651
2019-09-06T04:00:00Z,13.27,13.3501,13.27,13.3499,13944,67,13.3315
2019-09-09T04:00:00Z,13.31,13.349,13.2618,13.31,13405,87,13.307
2019-09-10T04:00:00Z,13.2765,13.3,13.27,13.3,15446,118,13.2816
2019-09-11T04:00:00Z,13.23,13.3,13.23,13.28,17350,72,13.2576
2019-09-12T04:00:00Z,13.31,13.4,13.25,13.4,11551,45,13.3511
2019-09-13T04:00:00Z,13.37,13.43,13.3353,13.36,15633,66,13.3885
2019-09-16T04:00:00Z,13.36,13.37,13.3221,13.3614,4026,16,13.3534
2019-09-17T04:00:00Z,13.32,13.39,13.32,13.3783,15433,62,13.3632
2019-09-18T04:00:00Z,13.41,13.41,13.31,13.4,15145,44,13.3855
2019-09-19T04:00:00Z,13.4,13.41,13.29,13.2936,21558,104,13.3518
2019-09-20T04:00:00Z,13.28,13.3755,13.26,13.28,8311,58,13.3004
2019-09-23T04:00:00Z,13.31,13.43,13.3009,13.41,12788,58,13.3862
2019-09-24T04:00:00Z,13.36,13.4399,13.35,13.35,11108,52,13.3967
2019-09-25T04:00:00Z,13.4,13.44,13.36,13.44,11177,51,13.3941
2019-09-26T04:00:00Z,13.45,13.49,13.3902,13.45,17931,80,13.4529
2019-09-27T04:00:00Z,13.49,13.56,13.42,13.55,24760,109,13.4997
2019-09-30T04:00:00Z,13.56,13.8,13.56,13.78,28687,126,13.6268
2019-10-01T04:00:00Z,13.99,14.1096,13.8101,13.94,41646,206,13.9162
2019-10-02T04:00:00Z,13.89,13.99,13.8,13.95,36564,185,13.9219
2019-10-03T04:00:00Z,13.69,13.88,13.67,13.67,33645,145,13.7579
2019-10-04T04:00:00Z,13.7243,13.7384,13.31,13.455,39579,198,13.5636
2019-10-07T04:00:00Z,13.51,13.53,13.39,13.4,12148,88,13.4755
2019-10-08T04:00:00Z,13.416,13.451,13.35,13.36,16293,113,13.3882
2019-10-09T04:00:00Z,13.4032,13.75,13.4032,13.59,15731,117,13.4996
2019-10-10T04:00:00Z,13.52,13.5643,13.46,13.4998,29715,175,13.5249
2019-10-11T04:00:00Z,13.49,13.8,13.49,13.79,37916,192,13.6776
2019-10-14T04:00:00Z,13.78,13.8,13.6792,13.725,23874,123,13.7493
2019-10-15T04:00:00Z,13.65,13.7492,13.44,13.58,22019,96,13.5639
2019-10-16T04:00:00Z,13.58,13.68,13.4,13.55,17049,80,13.5366
2019-10-17T04:00:00Z,13.5753,13.7,13.5753,13.66,15047,67,13.6396
2019-10-18T04:00:00Z,13.6501,13.67,13.57,13.65,10899,55,13.616
2019-10-21T04:00:00Z,13.75,13.7688,13.65,13.74,15783,74,13.7084
2019-10-22T04:00:00Z,13.75,13.855,13.74,13.75,16212,75,13.7844
2019-10-23T04:00:00Z,13.98,13.98,13.7489,13.825,23785,84,13.8574
2019-10-24T04:00:00Z,13.74,13.9182,13.74,13.865,21323,51,13.798
2019-10-25T04:00:00Z,13.98,13.99,13.81,13.97,33207,165,13.9378
2019-10-28T04:00:00Z,13.9,13.98,13.8,13.8445,28180,153,13.9052
2019-10-29T04:00:00Z,13.84,13.91,13.83,13.8903,13539,64,13.8652
2019-10-30T04:00:00Z,13.95,14.05,13.93,14.0253,29043,104,14.0006
2019-10-31T04:00:00Z,14.12,14.13,14.05,14.085,20753,145,14.0915
2019-11-01T04:00:00Z,14.22,14.31,14.2,14.24,26285,136,14.2464
2019-11-04T05:00:00Z,14.24,14.3887,14.24,14.2626,34380,190,14.2964
2019-11-05T05:00:00Z,14.26,14.29,14.14,14.14,25113,118,14.2261
2019-11-06T05:00:00Z,14.18,14.18,13.8512,14.02,25962,123,14.0986
2019-11-07T05:00:00Z,14.02,14.2497,13.5901,13.738,74431,280,13.796
2019-11-08T05:00:00Z,13.8184,14.0475,13.8124,13.87,21427,106,13.9198
2019-11-11T05:00:00Z,13.9258,13.96,13.77,13.82,30167,154,13.8398
2019-11-12T05:00:00Z,13.77,13.9196,13.7211,13.8694,14928,85,13.8332
2019-11-13T05:00:00Z,13.8126,13.9187,13.7,13.72,46793,133,13.7584
2019-11-14T05:00:00Z,13.75,13.75,13.65,13.65,19881,121,13.7118
2019-11-15T05:00:00Z,13.69,13.7535,13.69,13.69,4680,50,13.725
2019-11-18T05:00:00Z,13.78,13.9599,13.65,13.69,23270,161,13.7476
2019-11-19T05:00:00Z,13.64,13.73,13.6301,13.66,19432,118,13.662
2019-11-20T05:00:00Z,13.55,13.84,13.55,13.74,17280,233,13.7328
2019-11-21T05:00:00Z,13.8125,14.03,13.77,14.03,23039,139,13.8554
2019-11-22T05:00:00Z,13.95,13.95,13.8,13.8859,16474,73,13.8686
2019-11-25T05:00:00Z,13.94,13.95,13.8536,13.92,12878,69,13.9074
2019-11-26T05:00:00Z,13.81,13.98,13.81,13.9,10916,56,13.8983
2019-11-27T05:00:00Z,14.1,14.1,13.89,13.89,8090,48,13.9972
2019-11-29T05:00:00Z,14.0485,14.0485,13.88,13.92,5856,205,13.9343
2019-12-02T05:00:00Z,14.09,14.09,13.9,13.96,18714,135,13.9873
2019-12-03T05:00:00Z,13.94,14.25,13.852,14.13,30060,215,14.0828
2019-12-04T05:00:00Z,14.14,14.24,14.1003,14.22,12461,73,14.1663
2019-12-05T05:00:00Z,14.37,14.37,14.15,14.27,10104,68,14.2765
2019-12-06T05:00:00Z,14.09,14.31,14.09,14.3,21779,104,14.2382
2019-12-09T05:00:00Z,14.18,14.35,14.18,14.35,14277,88,14.2863
2019-12-10T05:00:00Z,14.25,14.28,13.73,13.78,85115,371,13.9589
2019-12-11T05:00:00Z,13.85,14.105,13.85,14.1,25546,134,13.9252
2019-12-12T05:00:00Z,14.01,14.165,13.77,13.81,41478,180,13.8607
2019-12-13T05:00:00Z,13.9402,13.9402,13.8101,13.85,11516,53,13.8574
2019-12-16T05:00:00Z,13.82,14.14,13.82,14.13,28283,109,14.0105
2019-12-17T05:00:00Z,14.03,14.0385,13.89,13.93,18129,82,13.9425
2019-12-18T05:00:00Z,14,14,13.91,13.92,26730,82,13.9656
2019-12-19T05:00:00Z,13.88,13.96,13.84,13.89,20908,111,13.874
2019-12-20T05:00:00Z,13.81,14.0177,13.78,13.8801,26196,146,13.873
2019-12-23T05:00:00Z,13.86,14.09,13.86,13.87,15579,104,13.936
2019-12-24T05:00:00Z,13.88,13.95,13.88,13.95,2504,28,13.9202
2019-12-26T05:00:00Z,14,14.03,13.95,13.96,16327,65,13.988
2019-12-27T05:00:00Z,13.94,14.0377,13.83,13.85,26096,148,13.8755
2019-12-30T05:00:00Z,13.91,14.0409,13.91,14,9986,67,13.9653
2019-12-31T05:00:00Z,14.13,14.13,13.76,13.96,17548,200,13.9767
2020-01-02T05:00:00Z,14.12,14.14,13.92,14.14,44435,265,14.0663
2020-01-03T05:00:00Z,13.93,14.17,13.93,14.1198,33869,178,14.0726
2020-01-06T05:00:00Z,14.11,14.17,14.11,14.14,24921,114,14.1329
2020-01-07T05:00:00Z,14.15,14.26,14.15,14.186,18688,78,14.2031
2020-01-08T05:00:00Z,14.15,14.27,14.1,14.1,22339,96,14.2094
2020-01-09T05:00:00Z,14.1,14.2776,14.1,14.14,14883,66,14.1339
2020-01-10T05:00:00Z,14.22,14.26,14.0508,14.104,24299,98,14.1841
2020-01-13T05:00:00Z,14,14.16,14,14.15,30165,96,14.0908
2020-01-14T05:00:00Z,14.06,14.3,14.06,14.29,23726,106,14.1927
2020-01-15T05:00:00Z,14.22,14.39,14.22,14.35,21112,78,14.3285
2020-01-16T05:00:00Z,14.34,14.39,14.22,14.22,25321,81,14.3466
2020-01-17T05:00:00Z,14.3,14.33,14.2478,14.29,15636,65,14.3022
2020-01-21T05:00:00Z,14.37,14.39,14.3307,14.38,11990,62,14.3652
2020-01-22T05:00:00Z,14.41,14.45,14.395,14.449,8113,34,14.4167
2020-01-23T05:00:00Z,14.45,14.59,14.3971,14.5036,13962,42,14.504
2020-01-24T05:00:00Z,14.58,14.7024,14.49,14.61,17253,87,14.6289
2020-01-27T05:00:00Z,14.6,14.7931,14.59,14.6702,22100,100,14.6987
2020-01-28T05:00:00Z,14.47,14.69,14.18,14.62,41903,180,14.5426
2020-01-29T05:00:00Z,14.52,14.7235,14.52,14.681,22758,97,14.6409
2020-01-30T05:00:00Z,14.76,14.88,14.69,14.86,20198,128,14.803
2020-01-31T05:00:00Z,14.94,14.94,14.7976,14.92,31323,217,14.8434
2020-02-03T05:00:00Z,15.35,15.35,14.9895,15.13,31290,153,15.1022
2020-02-04T05:00:00Z,15.34,15.34,15.1,15.16,36511,186,15.1903
2020-02-05T05:00:00Z,15.25,15.25,15.05,15.13,15879,72,15.1157
2020-02-06T05:00:00Z,15.22,15.22,15.15,15.1579,9858,62,15.1811
2020-02-07T05:00:00Z,14.9623,15.2,14.9623,15.17,19183,52,15.1157
2020-02-10T05:00:00Z,15.97,15.97,15.3459,15.53,53568,157,15.5579
2020-02-11T05:00:00Z,15.42,15.5465,15.41,15.49,25570,161,15.4451
2020-02-12T05:00:00Z,15.507,15.51,15.26,15.38,28738,131,15.4306
2020-02-13T05:00:00Z,15.27,15.495,15.27,15.47,18311,78,15.3804
2020-02-14T05:00:00Z,15.36,15.5348,15.36,15.51,20843,105,15.4608
2020-02-18T05:00:00Z,15.3,15.7,15.3,15.68,41606,177,15.5157
2020-02-19T05:00:00Z,15.5,15.86,15.5,15.8304,28450,127,15.7503
2020-02-20T05:00:00Z,15.61,15.93,15.61,15.85,44885,210,15.8043
2020-02-21T05:00:00Z,15.92,15.92,15.64,15.8,34976,183,15.8001
2020-02-24T05:00:00Z,15.66,15.7845,15.32,15.45,36875,194,15.4637
2020-02-25T05:00:00Z,15.71,15.75,14.751,14.89,76356,358,15.2729
2020-02-26T05:00:00Z,14.45,14.8915,14.4,14.78,50007,232,14.7359
2020-02-27T05:00:00Z,14.38,14.71,13.26,13.35,139731,685,13.7827
2020-02-28T05:00:00Z,12.76,12.97,12.37,12.4,127406,641,12.5616
2020-03-02T05:00:00Z,12.45,13.78,12.45,13.6,91255,415,13.1587
2020-03-03T05:00:00Z,14.11,14.11,13.5102,13.95,60363,294,13.9192
2020-03-04T05:00:00Z,13.96,14.7,13.96,14.66,46133,189,14.3845
2020-03-05T05:00:00Z,14.69,14.75,14.06,14.75,40870,211,14.5287
2020-03-06T05:00:00Z,14.01,15.1,14.01,15.1,41669,161,14.6544
2020-03-09T04:00:00Z,14.26,14.755,14.17,14.38,46259,304,14.3778
2020-03-10T04:00:00Z,14.27,15.1898,13.851,14.4,38828,247,14.2128
2020-03-11T04:00:00Z,13.92,14.48,13.19,13.4,42832,290,13.6709
2020-03-12T04:00:00Z,12.29,12.47,11.36,11.62,88425,346,12.0193
2020-03-13T04:00:00Z,11.8,12.14,11.47,12.03,54638,254,11.7666
2020-03-16T04:00:00Z,11.19,11.6892,11.19,11.35,32469,136,11.4841
2020-03-17T04:00:00Z,11.26,12.21,11.25,11.77,48822,238,11.4566
2020-03-18T04:00:00Z,11.29,11.5999,9.33,9.52,95972,445,10.3091
2020-03-19T04:00:00Z,9.32,9.7917,8.02,9.01,115505,611,8.89312
2020-03-20T04:00:00Z,9.01,10.0369,9.01,9.29,64757,328,9.40269
2020-03-23T04:00:00Z,8.54,8.91,7.5102,8.49,132082,633,8.18599
2020-03-24T04:00:00Z,8.5,9.396,8.49,8.95,61566,311,8.82006
2020-03-25T04:00:00Z,8.42,9.76,8.0718,9.16,124014,664,8.86355
2020-03-26T04:00:00Z,9.55,10.22,9.06,9.78,122120,526,9.66399
2020-03-27T04:00:00Z,9.6,10.4,9.55,10.33,55307,286,9.99578
2020-03-30T04:00:00Z,10.72,11.24,10.3113,11.01,67682,424,10.8158
2020-03-31T04:00:00Z,11.24,11.26,10.78,10.87,42830,287,10.9967
2020-04-01T04:00:00Z,10.8,10.8,9.9,10.07,55753,299,10.3507
2020-04-02T04:00:00Z,9.71,10.4858,9.71,10.01,67195,338,10.1973
2020-04-03T04:00:00Z,10.01,10.1782,9.42,9.49,40130,231,9.6947
2020-04-06T04:00:00Z,9.76,10.44,9.7,10.34,106580,585,10.0658
2020-04-07T04:00:00Z,10.97,10.97,10.51,10.6,61455,329,10.7249
2020-04-08T04:00:00Z,10.42,11.58,10.33,11.33,62857,362,10.982
2020-04-09T04:00:00Z,11.03,12.25,11.03,12.05,95849,388,11.9773
2020-04-13T04:00:00Z,12.3,12.57,11.27,11.46,89438,407,11.5397
2020-04-14T04:00:00Z,11.51,11.9,11.51,11.7,26275,116,11.7529
2020-04-15T04:00:00Z,11.84,11.84,11.41,11.73,44409,288,11.5362
2020-04-16T04:00:00Z,11.46,11.604,11.46,11.48,22724,135,11.5465
2020-04-17T04:00:00Z,11.61,12.1347,11.61,11.96,57030,358,11.8615
2020-04-20T04:00:00Z,11.3,11.861,11.17,11.52,40490,326,11.6131
2020-04-21T04:00:00Z,11.74,11.74,11.1802,11.28,33672,204,11.4132
2020-04-22T04:00:00Z,11.4,11.9,11.4,11.7501,27878,173,11.732
2020-04-23T04:00:00Z,11.76,12.0499,11.58,11.65,20756,139,11.7443
2020-04-24T04:00:00Z,11.78,11.78,11.1,11.66,19504,89,11.463
2020-04-27T04:00:00Z,11.52,11.9611,11.52,11.79,34752,145,11.8016
2020-04-28T04:00:00Z,11.9125,12,11.8,11.96,20304,142,11.9318
2020-04-29T04:00:00Z,11.94,12.12,11.94,12.12,48545,235,12.0278
2020-04-30T04:00:00Z,11.43,12.2186,11.43,12.14,67380,508,11.9841
2020-05-01T04:00:00Z,12.17,12.17,11.63,11.72,40587,249,11.8271
2020-05-04T04:00:00Z,11.65,11.85,11.5898,11.85,21225,187,11.6908
2020-05-05T04:00:00Z,12.29,12.29,11.82,12.03,49030,277,12.0964
2020-05-06T04:00:00Z,12.28,12.42,11.8834,11.8857,13195,125,11.9486
2020-05-07T04:00:00Z,12.1,12.1,11.81,11.81,28896,164,11.9164
2020-05-08T04:00:00Z,11.95,12.27,11.95,12.21,47733,228,12.0239
2020-05-11T04:00:00Z,12.15,12.25,11.97,12.25,27493,145,12.1155
2020-05-12T04:00:00Z,12.14,12.1914,11.97,12.0725,27080,162,12.0807
2020-05-13T04:00:00Z,12.01,12.02,11.72,11.89,28329,237,11.869
2020-05-14T04:00:00Z,11.66,12.09,11.59,12.09,22621,155,11.7999
2020-05-15T04:00:00Z,11.86,11.8993,11.71,11.84,13112,112,11.7982
2020-05-18T04:00:00Z,11.77,12.16,11.77,12.14,26626,206,12.0841
2020-05-19T04:00:00Z,12,12.13,12,12.04,25491,110,12.0666
2020-05-20T04:00:00Z,12.15,12.25,12.08,12.15,20216,142,12.1512
2020-05-21T04:00:00Z,12.0688,12.26,12.0687,12.24,31071,212,12.1638
2020-05-22T04:00:00Z,12.2488,12.29,12.2488,12.29,11328,70,12.2773
2020-05-26T04:00:00Z,12.3,12.62,12.3,12.49,23114,166,12.4643
2020-05-27T04:00:00Z,12.5701,12.93,12.5701,12.9233,32129,153,12.7232
2020-05-28T04:00:00Z,13.03,13.18,12.89,13.1106,53432,232,13.0052
2020-05-29T04:00:00Z,12.99,13.36,12.99,13.36,18980,132,13.1834
2020-06-01T04:00:00Z,13.37,13.9482,13.365,13.92,21878,174,13.5506
2020-06-02T04:00:00Z,13.95,13.95,13.51,13.51,59856,373,13.6649
2020-06-03T04:00:00Z,13.62,13.81,13.57,13.7,26177,157,13.662
2020-06-04T04:00:00Z,13.7,13.7,13.51,13.51,14287,124,13.6165
2020-06-05T04:00:00Z,13.99,13.99,13.57,13.6,29940,141,13.729
2020-06-08T04:00:00Z,13.62,13.9791,13.62,13.965,40479,119,13.8437
2020-06-09T04:00:00Z,13.91,13.915,13.52,13.79,41833,182,13.7182
2020-06-10T04:00:00Z,13.86,13.86,13.6925,13.75,27473,124,13.7656
2020-06-11T04:00:00Z,13.38,13.7166,13.08,13.18,35317,223,13.3376
2020-06-12T04:00:00Z,13.29,13.6,13.14,13.14,12241,85,13.2724
2020-06-15T04:00:00Z,13.13,13.2,12.51,13.2,33128,154,12.9723
2020-06-16T04:00:00Z,13.53,13.53,13.3005,13.45,24759,142,13.4244
2020-06-17T04:00:00Z,13.39,13.5,13.3,13.375,8437,61,13.3672
2020-06-18T04:00:00Z,13.6,13.6,13.23,13.24,39500,228,13.4277
2020-06-19T04:00:00Z,13.59,13.6,13,13.065,24385,153,13.2294
2020-06-22T04:00:00Z,13,13.12,13,13.095,15549,71,13.0575
2020-06-23T04:00:00Z,13.3,13.3,13.15,13.19,4495,40,13.2021
2020-06-24T04:00:00Z,13.19,13.19,12.8801,12.92,14356,120,12.9877
2020-06-25T04:00:00Z,12.69,12.85,12.612,12.7,27582,160,12.6914
2020-06-26T04:00:00Z,12.54,12.9997,12.52,12.59,15264,117,12.6261
2020-06-29T04:00:00Z,12.8,12.9941,12.63,12.71,12589,86,12.7413
2020-06-30T04:00:00Z,12.6,13.0539,12.6,12.92,13919,84,12.8148
2020-07-01T04:00:00Z,12.99,13.39,12.96,13.39,30560,148,13.0874
2020-07-02T04:00:00Z,13.41,13.65,13.4,13.4,15522,126,13.4619
2020-07-06T04:00:00Z,13.82,13.82,12.828,13.245,43993,260,13.1937
2020-07-07T04:00:00Z,13.19,13.42,13.19,13.41,15223,108,13.3572
2020-07-08T04:00:00Z,13.28,13.53,13.23,13.24,13015,114,13.3399
2020-07-09T04:00:00Z,13.19,13.19,12.95,13,31195,169,13.0333
2020-07-10T04:00:00Z,12.97,13.18,12.9,13.04,16586,80,13.0067
2020-07-13T04:00:00Z,12.96,13.2462,12.85,12.98,21910,115,13.0509
2020-07-14T04:00:00Z,13.18,13.2,13.02,13.14,14562,111,13.1332
2020-07-15T04:00:00Z,13.14,13.2,13.05,13.05,10093,76,13.1361
2020-07-16T04:00:00Z,13.09,13.1952,13.09,13.13,14887,79,13.1321
2020-07-17T04:00:00Z,13.09,13.37,13.09,13.32,18776,128,13.2711
2020-07-20T04:00:00Z,13.32,13.38,13.1,13.2,22152,155,13.2677
2020-07-21T04:00:00Z,13.35,13.4,13.22,13.36,23488,157,13.3404
2020-07-22T04:00:00Z,13.38,13.5,13.34,13.46,16424,130,13.4437
2020-07-23T04:00:00Z,13.33,13.465,13.21,13.3,26751,181,13.3102
2020-07-24T04:00:00Z,12.81,13.23,12.81,13.1,19539,115,13.0897
2020-07-27T04:00:00Z,13.2,13.2,12.99,13,20718,112,13.0105
2020-07-28T04:00:00Z,13,13,12.89,12.95,14167,108,12.9595
2020-07-29T04:00:00Z,12.95,13,12.7,12.81,47601,312,12.8617
2020-07-30T04:00:00Z,12.84,12.936,12.81,12.9,13783,100,12.8993
2020-07-31T04:00:00Z,12.96,12.991,12.905,12.99,12402,112,12.9729
2020-08-03T04:00:00Z,13,13.19,12.9378,13.11,29699,181,13.0851
2020-08-04T04:00:00Z,13.12,13.26,13.12,13.26,16347,147,13.184
2020-08-05T04:00:00Z,13.3,13.3,13.13,13.13,19102,105,13.2128
2020-08-06T04:00:00Z,13.1,13.18,13.1,13.11,16233,97,13.1393
2020-08-07T04:00:00Z,13.1588,13.26,13.155,13.21,7502,68,13.2019
2020-08-10T04:00:00Z,13.2,13.38,13.16,13.256,17803,104,13.2153
2020-08-11T04:00:00Z,13.33,13.33,13.11,13.29,17121,102,13.2403
2020-08-12T04:00:00Z,13.29,13.3001,13.11,13.275,18152,78,13.2234
2020-08-13T04:00:00Z,13.1,13.205,13.1,13.11,12352,46,13.138
2020-08-14T04:00:00Z,13.1,13.2072,13.07,13.07,13346,87,13.1178
2020-08-17T04:00:00Z,13.08,13.1,12.7304,12.7304,38526,246,12.922
2020-08-18T04:00:00Z,12.74,12.8699,12.65,12.762,17322,131,12.7719
2020-08-19T04:00:00Z,12.71,12.86,12.65,12.65,11682,80,12.7389
2020-08-20T04:00:00Z,12.74,12.7737,12.5701,12.5887,21658,122,12.6513
2020-08-21T04:00:00Z,12.57,12.63,12.56,12.61,10565,87,12.5897
2020-08-24T04:00:00Z,12.7,12.75,12.6542,12.68,28421,116,12.6915
2020-08-25T04:00:00Z,12.7,12.7453,12.67,12.71,7675,55,12.7156
2020-08-26T04:00:00Z,12.6986,12.6986,12.6301,12.6604,7436,57,12.658
2020-08-27T04:00:00Z,12.66,12.84,12.66,12.78,13077,87,12.7792
2020-08-28T04:00:00Z,12.36,12.78,11.12,12.76,16524,59,12.6157
2020-08-31T04:00:00Z,12.71,12.78,12.68,12.78,11397,75,12.7287
2020-09-01T04:00:00Z,13.03,13.03,12.79,12.89,14701,123,12.9136
2020-09-02T04:00:00Z,12.84,12.8893,12.55,12.775,23294,118,12.7839
2020-09-03T04:00:00Z,12.65,12.74,12.26,12.27,48019,334,12.4387
2020-09-04T04:00:00Z,11.97,12.272,11.8439,12.22,35743,203,12.1174
2020-09-08T04:00:00Z,12.04,12.2,12,12.1412,20874,139,12.0663
2020-09-09T04:00:00Z,12.15,12.36,12.15,12.27,22684,129,12.2697
2020-09-10T04:00:00Z,12.15,12.17,12.07,12.07,36663,191,12.1193
2020-09-11T04:00:00Z,12,12,11.93,11.97,3215,55,11.9533
2020-09-14T04:00:00Z,11.97,12.17,11.97,12.12,15761,85,12.1174
2020-09-15T04:00:00Z,12.17,12.39,12.17,12.2,30405,198,12.2861
2020-09-16T04:00:00Z,12.19,12.32,12.175,12.24,16546,112,12.2467
2020-09-17T04:00:00Z,12.15,12.24,12.15,12.2,12248,90,12.1863
2020-09-18T04:00:00Z,12.2268,12.2268,12.0101,12.06,18199,101,12.1484
2020-09-21T04:00:00Z,12,12,11.82,11.91,26242,200,11.917
2020-09-22T04:00:00Z,11.87,12.0312,11.87,11.94,15667,103,11.9801
2020-09-23T04:00:00Z,11.96,11.96,11.7,11.715,14624,140,11.825
2020-09-24T04:00:00Z,11.69,11.74,11.6,11.6712,16515,127,11.6745
2020-09-25T04:00:00Z,11.69,11.76,11.64,11.76,10234,76,11.7186
2020-09-28T04:00:00Z,11.84,11.9411,11.84,11.89,20172,108,11.9053
2020-09-29T04:00:00Z,11.94,11.99,11.84,11.87,16551,107,11.8942
2020-09-30T04:00:00Z,12.12,12.12,11.92,12.01,19781,146,11.9989
2020-10-01T04:00:00Z,12.12,12.12,11.98,12.09,27622,182,12.0842
2020-10-02T04:00:00Z,12.11,12.12,12.05,12.105,20966,105,12.1025
2020-10-05T04:00:00Z,12.07,12.24,12.07,12.205,14511,80,12.1648
2020-10-06T04:00:00Z,12.19,12.37,12.1823,12.27,8616,73,12.2746
2020-10-07T04:00:00Z,12.33,12.425,12.33,12.405,16315,76,12.3758
2020-10-08T04:00:00Z,12.39,12.5,12.39,12.49,15004,65,12.4507
2020-10-09T04:00:00Z,12.5,12.5295,12.41,12.4983,10589,72,12.4864
2020-10-12T04:00:00Z,12.6,12.6,12.1,12.45,23285,111,12.4305
2020-10-13T04:00:00Z,12.34,12.344,12.18,12.2401,13507,93,12.2636
2020-10-14T04:00:00Z,12.34,12.34,12.1757,12.19,13675,76,12.2677
2020-10-15T04:00:00Z,11.99,12.15,11.99,12.07,21614,144,12.0795
2020-10-16T04:00:00Z,12.01,12.31,12.01,12.24,21435,103,12.1793
2020-10-19T04:00:00Z,12.3,12.3,12.06,12.06,15388,124,12.2025
2020-10-20T04:00:00Z,12.06,12.25,12.06,12.19,16520,96,12.1721
2020-10-21T04:00:00Z,12.18,12.28,12.1,12.22,19654,96,12.2186
2020-10-22T04:00:00Z,12.15,12.33,12.15,12.33,21408,109,12.2312
2020-10-23T04:00:00Z,12.24,12.354,12.24,12.26,16138,65,12.2794
2020-10-26T04:00:00Z,12.01,12.19,12.01,12.185,13337,77,12.1241
2020-10-27T04:00:00Z,12.22,12.35,12.22,12.2675,9694,68,12.2979
2020-10-28T04:00:00Z,12.17,12.215,12,12.02,16838,148,12.1
2020-10-29T04:00:00Z,12.3,12.3,11.985,12.07,22884,153,12.1009
2020-10-30T04:00:00Z,11.89,12.05,11.89,12,17178,137,11.9548
2020-11-02T05:00:00Z,12.06,12.2,12.06,12.08,22812,186,12.1056
2020-11-03T05:00:00Z,12.21,12.3,12.17,12.28,15302,116,12.2429
2020-11-04T05:00:00Z,12.22,12.3628,12.205,12.27,24993,144,12.2934
2020-11-05T05:00:00Z,12.34,12.52,12.3,12.3,26230,249,12.3319
2020-11-06T05:00:00Z,12.35,12.35,12.28,12.2832,12669,54,12.3126
2020-11-09T05:00:00Z,12.5,12.72,12.17,12.61,75645,395,12.4915
2020-11-10T05:00:00Z,12.52,12.776,12.52,12.74,30890,131,12.6787
2020-11-11T05:00:00Z,12.71,12.8,12.71,12.76,38969,127,12.7548
2020-11-12T05:00:00Z,12.44,12.66,12.44,12.54,17165,147,12.5261
2020-11-13T05:00:00Z,12.55,12.73,12.55,12.73,9372,76,12.6751
2020-11-16T05:00:00Z,12.74,12.8,12.6,12.7,42509,269,12.7028
2020-11-17T05:00:00Z,12.79,12.79,12.54,12.62,41624,294,12.6124
2020-11-18T05:00:00Z,12.74,12.74,12.58,12.61,31447,162,12.6208
2020-11-19T05:00:00Z,12.56,12.608,12.51,12.59,23935,115,12.5503
2020-11-20T05:00:00Z,12.49,12.6,12.49,12.51,23598,154,12.5437
2020-11-23T05:00:00Z,12.56,12.6,12.508,12.51,19322,122,12.5474
2020-11-24T05:00:00Z,12.56,12.68,12.43,12.43,27601,160,12.5622
2020-11-25T05:00:00Z,12.43,12.5449,12.42,12.52,27183,203,12.493
2020-11-27T05:00:00Z,12.67,12.67,12.51,12.61,17967,125,12.5759
2020-11-30T05:00:00Z,12.61,12.61,12.5,12.54,30006,173,12.5606
2020-12-01T05:00:00Z,12.63,12.73,12.46,12.68,48565,348,12.6378
2020-12-02T05:00:00Z,12.66,12.86,12.61,12.86,33636,247,12.7356
2020-12-03T05:00:00Z,12.9,12.98,12.7982,12.86,30330,169,12.8779
2020-12-04T05:00:00Z,12.85,12.94,12.85,12.94,17298,105,12.8796
2020-12-07T05:00:00Z,12.92,13.03,12.8671,13.03,29923,177,12.9475
2020-12-08T05:00:00Z,12.81,12.97,12.81,12.94,41691,156,12.9145
2020-12-09T05:00:00Z,12.91,12.9254,12.82,12.9,32416,154,12.8804
2020-12-10T05:00:00Z,12.9,12.9,12.83,12.9,9855,72,12.8717
2020-12-11T05:00:00Z,12.9,12.9,12.75,12.78,18934,129,12.7744
2020-12-14T05:00:00Z,12.77,12.85,12.6741,12.71,25357,163,12.7731
2020-12-15T05:00:00Z,12.69,12.767,12.52,12.66,60230,397,12.6601
2020-12-16T05:00:00Z,12.66,12.765,12.66,12.71,33987,119,12.7077
2020-12-17T05:00:00Z,12.8,12.83,12.71,12.73,13178,81,12.772
2020-12-18T05:00:00Z,12.731,12.76,12.61,12.7,12016,100,12.6951
2020-12-21T05:00:00Z,12.7,12.7,12.55,12.62,37026,179,12.5951
2020-12-22T05:00:00Z,12.71,12.71,12.58,12.58,19612,90,12.6346
2020-12-23T05:00:00Z,12.59,12.66,12.56,12.58,13549,85,12.6125
2020-12-24T05:00:00Z,12.54,12.595,12.51,12.5883,13976,92,12.5476
2020-12-28T05:00:00Z,12.66,12.66,12.55,12.61,37931,187,12.61
2020-12-29T05:00:00Z,12.58,12.63,12.49,12.62,42436,200,12.5675
2020-12-30T05:00:00Z,12.55,12.65,12.55,12.63,30395,126,12.6309
2020-12-31T05:00:00Z,12.73,12.85,12.63,12.85,15529,109,12.719
2021-01-04T05:00:00Z,13.79,13.79,12.62,12.65,41979,315,12.9227
2021-01-05T05:00:00Z,12.76,12.8,12.62,12.68,36501,236,12.7056
2021-01-06T05:00:00Z,12.96,12.96,12.62,12.7,66270,319,12.7886
2021-01-07T05:00:00Z,12.86,12.86,12.64,12.7,21890,165,12.7103
2021-01-08T05:00:00Z,12.87,12.92,12.7268,12.81,26052,168,12.7971
2021-01-11T05:00:00Z,12.79,12.79,12.67,12.73,40846,256,12.7121
2021-01-12T05:00:00Z,12.73,12.73,12.51,12.55,28278,188,12.5941
2021-01-13T05:00:00Z,12.6,12.65,12.56,12.65,22336,121,12.5911
2021-01-14T05:00:00Z,12.75,12.75,12.58,12.65,57673,222,12.6663
2021-01-15T05:00:00Z,12.6,12.75,12.5,12.72,20908,112,12.6612
2021-01-19T05:00:00Z,12.75,12.7898,12.69,12.73,14111,97,12.7407
2021-01-20T05:00:00Z,12.67,12.82,12.67,12.78,12266,97,12.7432
2021-01-21T05:00:00Z,12.68,12.79,12.68,12.73,25083,149,12.7372
2021-01-22T05:00:00Z,12.68,12.755,12.68,12.73,12396,80,12.7344
2021-01-25T05:00:00Z,12.71,12.88,12.71,12.82,27004,159,12.7842
2021-01-26T05:00:00Z,12.85,12.865,12.73,12.825,20012,178,12.8185
2021-01-27T05:00:00Z,12.69,12.8,12.61,12.65,23861,205,12.6856
2021-01-28T05:00:00Z,12.71,12.98,12.7,12.71,26704,217,12.8231
2021-01-29T05:00:00Z,12.71,12.88,12.67,12.75,21662,158,12.7398
2021-02-01T05:00:00Z,12.85,12.88,12.74,12.78,23113,186,12.8126
2021-02-02T05:00:00Z,12.82,12.95,12.785,12.81,26502,195,12.8581
2021-02-03T05:00:00Z,13.03,13.03,12.7982,12.88,22726,146,12.9043
2021-02-04T05:00:00Z,12.89,12.95,12.865,12.9101,13279,110,12.8924
2021-02-05T05:00:00Z,12.92,13.02,12.9,12.9,30720,127,12.9402
2021-02-08T05:00:00Z,13.1,13.1,12.88,12.9097,16188,126,12.9337
2021-02-09T05:00:00Z,13,13.1,12.86,12.88,19792,144,12.9151
2021-02-10T05:00:00Z,12.98,13,12.9,12.95,20917,148,12.9594
2021-02-11T05:00:00Z,12.95,12.98,12.81,12.89,17536,145,12.8679
2021-02-12T05:00:00Z,12.83,12.93,12.8207,12.8207,21656,167,12.8957
2021-02-16T05:00:00Z,12.79,12.89,12.68,12.79,33176,235,12.7564
2021-02-17T05:00:00Z,12.79,12.85,12.7712,12.85,20356,146,12.816
2021-02-18T05:00:00Z,13,13,12.75,12.75,18469,110,12.8736
2021-02-19T05:00:00Z,12.73,12.83,12.67,12.67,22592,154,12.766
2021-02-22T05:00:00Z,12.68,12.72,12.62,12.6893,34939,171,12.69
2021-02-23T05:00:00Z,12.69,12.93,12.6,12.75,23567,185,12.7347
2021-02-24T05:00:00Z,12.72,12.72,12.6,12.6403,26448,174,12.6543
2021-02-25T05:00:00Z,12.62,12.75,12.39,12.39,30745,196,12.5723
2021-02-26T05:00:00Z,12.62,12.69,12.53,12.65,7791,74,12.616
2021-03-01T05:00:00Z,12.75,12.8588,12.59,12.59,26714,216,12.7775
2021-03-02T05:00:00Z,12.68,12.7831,12.46,12.55,31584,191,12.6046
2021-03-03T05:00:00Z,12.55,12.6,12.46,12.54,20439,111,12.5282
2021-03-04T05:00:00Z,12.56,12.8,12.56,12.66,19361,148,12.6585
2021-03-05T05:00:00Z,12.68,12.71,12.6,12.6263,10717,116,12.647
2021-03-08T05:00:00Z,12.61,12.83,12.61,12.66,23886,90,12.7454
2021-03-09T05:00:00Z,12.7,12.77,12.6411,12.69,12733,61,12.7373
2021-03-10T05:00:00Z,12.94,12.94,12.66,12.85,34133,125,12.8599
2021-03-11T05:00:00Z,12.85,12.91,12.775,12.91,14748,128,12.8799
2021-03-12T05:00:00Z,12.92,12.97,12.8501,12.94,11959,56,12.9214
2021-03-15T04:00:00Z,12.91,12.96,12.9005,12.95,15925,76,12.9472
2021-03-16T04:00:00Z,12.99,12.9978,12.96,12.96,14116,80,12.9842
2021-03-17T04:00:00Z,12.89,12.95,12.88,12.88,18416,53,12.9027
2021-03-18T04:00:00Z,12.82,12.9394,12.71,12.71,11872,64,12.828
2021-03-19T04:00:00Z,12.85,12.9301,12.76,12.76,10971,65,12.8336
2021-03-22T04:00:00Z,12.84,12.84,12.72,12.8199,22912,94,12.8178
2021-03-23T04:00:00Z,12.85,12.85,12.72,12.75,11411,78,12.7916
2021-03-24T04:00:00Z,12.85,12.89,12.73,12.75,27315,175,12.8025
2021-03-25T04:00:00Z,12.79,12.88,12.77,12.84,4375,32,12.8231
2021-03-26T04:00:00Z,12.79,12.84,12.79,12.84,18657,76,12.8174
2021-03-29T04:00:00Z,12.86,12.9499,12.818,12.9,37522,171,12.8819
2021-03-30T04:00:00Z,12.97,12.97,12.82,12.89,15115,99,12.8736
2021-03-31T04:00:00Z,12.84,12.97,12.84,12.97,13167,97,12.9445
2021-04-01T04:00:00Z,13.09,13.09,12.95,12.997,17747,133,13.017
2021-04-05T04:00:00Z,13.25,13.25,13.0501,13.13,21699,107,13.1369
2021-04-06T04:00:00Z,13.0761,13.23,13.0761,13.22,17148,79,13.1908
2021-04-07T04:00:00Z,13.28,13.28,13.25,13.25,13318,83,13.2593
2021-04-08T04:00:00Z,13.25,13.36,13.25,13.2601,24561,108,13.2897
2021-04-09T04:00:00Z,13.3,13.5,13.3,13.5,17840,147,13.4145
2021-04-12T04:00:00Z,13.46,13.5,13.4224,13.489,15371,122,13.4753
2021-04-13T04:00:00Z,13.49,13.5,13.31,13.4,15930,90,13.4336
2021-04-14T04:00:00Z,13.42,13.42,13.27,13.29,12882,92,13.3121
2021-04-15T04:00:00Z,13.49,13.49,13.2601,13.39,18993,89,13.3771
2021-04-16T04:00:00Z,13.47,13.47,13.365,13.4005,13345,67,13.4005
2021-04-19T04:00:00Z,13.54,13.54,13.36,13.4,12145,73,13.4414
2021-04-20T04:00:00Z,13.42,13.5417,13.4,13.5,32226,135,13.4719
2021-04-21T04:00:00Z,13.61,13.7221,13.41,13.54,19529,125,13.5379
2021-04-22T04:00:00Z,13.79,13.79,13.5,13.63,12004,95,13.5944
2021-04-23T04:00:00Z,13.62,13.62,13.54,13.54,9353,58,13.5755
2021-04-26T04:00:00Z,13.63,13.8,13.4474,13.76,17480,137,13.583
2021-04-27T04:00:00Z,13.85,13.85,13.58,13.84,30475,139,13.7286
2021-04-28T04:00:00Z,13.84,13.84,13.7149,13.81,14682,110,13.7852
2021-04-29T04:00:00Z,13.82,13.9,13.8014,13.84,13629,79,13.8326
2021-04-30T04:00:00Z,13.87,14.09,13.82,13.95,25551,139,13.9666
2021-05-03T04:00:00Z,13.95,14.13,13.95,14.01,23087,176,14.0086
2021-05-04T04:00:00Z,13.87,14.06,13.75,13.85,41208,167,13.9282
2021-05-05T04:00:00Z,13.95,13.95,13.87,13.9,12121,104,13.9154
2021-05-06T04:00:00Z,13.95,13.95,13.8,13.836,13495,100,13.8698
2021-05-07T04:00:00Z,13.77,13.85,13.77,13.82,15490,104,13.8279
2021-05-10T04:00:00Z,13.87,13.94,13.8201,13.9,14868,89,13.89
2021-05-11T04:00:00Z,14.03,14.17,13.82,13.82,21136,108,13.952
2021-05-12T04:00:00Z,13.85,13.85,13.41,13.41,38935,165,13.5472
2021-05-13T04:00:00Z,13.23,13.4122,13.08,13.18,45577,263,13.1839
2021-05-14T04:00:00Z,13.18,13.31,13.09,13.21,24057,192,13.2239
2021-05-17T04:00:00Z,13.21,13.305,13.14,13.23,22280,175,13.2342
2021-05-18T04:00:00Z,13.53,13.53,13.1827,13.48,34183,88,13.436
2021-05-19T04:00:00Z,13.64,13.93,13.43,13.73,23498,151,13.6336
2021-05-20T04:00:00Z,13.94,13.96,13.6947,13.91,25466,91,13.8461
2021-05-21T04:00:00Z,13.95,14.03,13.91,14.03,22168,116,13.9708
2021-05-24T04:00:00Z,14.03,14.14,14.03,14.1,13435,90,14.0813
2021-05-25T04:00:00Z,14.07,14.13,13.9418,14.05,8358,45,14.0593
2021-05-26T04:00:00Z,14.15,14.16,13.99,14,24698,151,14.0605
2021-05-27T04:00:00Z,14.09,14.18,13.964,14,23018,132,14.074
2021-05-28T04:00:00Z,14.11,14.14,14.06,14.1,11557,71,14.1057
2021-06-01T04:00:00Z,14.05,14.16,13.86,13.86,25081,173,14.0758
2021-06-02T04:00:00Z,14.08,14.1,14,14.1,30073,128,14.0593
2021-06-03T04:00:00Z,14.04,14.11,14.04,14.08,15623,59,14.0818
2021-06-04T04:00:00Z,14.25,14.29,14.11,14.29,19343,108,14.2214
2021-06-07T04:00:00Z,14.29,14.58,14.262,14.45,40340,225,14.4371
2021-06-08T04:00:00Z,14.58,14.58,14,14.26,17674,131,14.3555
2021-06-09T04:00:00Z,14.27,14.37,14.2661,14.36,19988,89,14.3146
2021-06-10T04:00:00Z,14.58,14.99,14.358,14.99,59930,325,14.5371
2021-06-11T04:00:00Z,14.77,14.77,13.95,14.65,31256,190,14.3714
2021-06-14T04:00:00Z,14.65,14.9,14.46,14.51,25833,124,14.5946
2021-06-15T04:00:00Z,14.51,14.51,14.37,14.42,27678,145,14.4638
2021-06-16T04:00:00Z,14.5,14.9,14.45,14.55,17627,78,14.5216
2021-06-17T04:00:00Z,14.38,14.88,14.38,14.52,8461,53,14.565
2021-06-18T04:00:00Z,14.4901,14.4964,14.11,14.11,16264,105,14.3578
2021-06-21T04:00:00Z,14.06,14.197,14.06,14.15,14832,59,14.1339
2021-06-22T04:00:00Z,14.175,14.2,14.17,14.2,6713,29,14.1781
2021-06-23T04:00:00Z,14.21,14.2996,14.21,14.225,6774,52,14.2443
2021-06-24T04:00:00Z,14.26,14.26,14.15,14.17,11865,72,14.1859
2021-06-25T04:00:00Z,14.17,14.25,14.05,14.19,12340,81,14.1849
2021-06-28T04:00:00Z,14.55,14.55,14.22,14.26,7695,77,14.3309
2021-06-29T04:00:00Z,14.33,14.55,14.23,14.38,18272,95,14.343
2021-06-30T04:00:00Z,14.39,14.4411,14.22,14.38,26463,116,14.357
2021-07-01T04:00:00Z,14.65,14.65,14.22,14.4,22262,155,14.4104
2021-07-02T04:00:00Z,14.4,14.475,14.3172,14.38,11826,69,14.4012
2021-07-06T04:00:00Z,14.6,14.65,14.3501,14.375,15473,96,14.4059
2021-07-07T04:00:00Z,14.46,14.5978,14.3,14.3,12711,83,14.4448
2021-07-08T04:00:00Z,14.09,14.4,14.09,14.38,18205,79,14.2816
2021-07-09T04:00:00Z,14.57,14.57,13.81,14.39,30953,122,14.2768
2021-07-12T04:00:00Z,14.13,14.3008,13.99,14.15,18565,103,14.1867
2021-07-13T04:00:00Z,14.204,14.2112,14.0006,14.14,7508,57,14.1201
2021-07-14T04:00:00Z,14.26,14.26,14.04,14.14,5546,37,14.1595
2021-07-15T04:00:00Z,14.0613,14.135,14,14.01,9107,77,14.0477
2021-07-16T04:00:00Z,14.09,14.15,14.01,14.15,17943,94,14.0825
2021-07-19T04:00:00Z,14.14,14.14,13.94,13.94,26742,177,13.9941
2021-07-20T04:00:00Z,14.02,14.091,13.91,13.94,10401,55,14.0228
2021-07-21T04:00:00Z,14.0137,14.03,13.94,13.99,8333,62,13.9712
2021-07-22T04:00:00Z,14.1,14.14,13.99,14.14,12483,57,14.0355
2021-07-23T04:00:00Z,14.08,14.2799,14.04,14.05,25250,135,14.1196
2021-07-26T04:00:00Z,14.05,14.09,13.95,13.992,16988,73,14.0353
2021-07-27T04:00:00Z,14,14.25,14,14.09,12408,71,14.105
2021-07-28T04:00:00Z,14.1,14.139,13.9,14.03,17694,121,14.0401
2021-07-29T04:00:00Z,14,14.25,13.95,14.08,25230,119,14.0518
2021-07-30T04:00:00Z,14.04,14.2,14.04,14.15,8755,41,14.1034
2021-08-02T04:00:00Z,14.2,14.3494,14.16,14.26,31816,169,14.2071
2021-08-03T04:00:00Z,14.31,14.35,14.26,14.3492,14247,81,14.3251
2021-08-04T04:00:00Z,14.46,14.4699,14.09,14.46,20479,99,14.4115
2021-08-05T04:00:00Z,14.41,14.46,14.14,14.4,29857,133,14.344
2021-08-06T04:00:00Z,14.33,14.6,14.33,14.53,17459,154,14.4595
2021-08-09T04:00:00Z,14.42,14.5996,14.35,14.35,6603,54,14.5074
2021-08-10T04:00:00Z,14.5,14.53,14.32,14.49,10608,65,14.4494
2021-08-11T04:00:00Z,14.5,14.65,14.4585,14.62,14742,68,14.5828
2021-08-12T04:00:00Z,14.62,14.8,14.5,14.8,12916,83,14.5756
2021-08-13T04:00:00Z,14.8,14.8099,14.5,14.55,16250,127,14.6515
2021-08-16T04:00:00Z,14.67,14.67,14.42,14.54,13163,94,14.5372
2021-08-17T04:00:00Z,14.5447,14.69,14.35,14.4,14285,67,14.4407
2021-08-18T04:00:00Z,14.43,14.55,14.39,14.51,22620,95,14.5288
2021-08-19T04:00:00Z,14.36,14.55,14.36,14.51,10768,68,14.5087
2021-08-20T04:00:00Z,14.55,14.65,14.5101,14.535,6737,50,14.5628
2021-08-23T04:00:00Z,14.55,14.649,14.55,14.55,5117,38,14.5688
2021-08-24T04:00:00Z,14.55,14.55,14.505,14.51,6698,53,14.5231
2021-08-25T04:00:00Z,14.54,14.57,14.5001,14.57,14114,78,14.5384
2021-08-26T04:00:00Z,14.57,14.6003,14.5,14.5,8127,29,14.5803
2021-08-27T04:00:00Z,14.47,14.5638,14.46,14.5,11974,66,14.522
2021-08-30T04:00:00Z,14.52,14.65,14.5,14.56,12467,83,14.5405
2021-08-31T04:00:00Z,14.5,14.71,14.5,14.71,13966,80,14.6212
2021-09-01T04:00:00Z,14.75,14.9597,14.68,14.9597,15169,115,14.7657
2021-09-02T04:00:00Z,14.98,14.98,14.8,14.88,12632,79,14.8932
2021-09-03T04:00:00Z,14.8,15.01,14.8,14.955,13938,102,14.9374
2021-09-07T04:00:00Z,14.88,15.23,14.87,14.87,8024,70,14.9561
2021-09-08T04:00:00Z,14.6157,14.96,14.6157,14.8,8728,68,14.8024
2021-09-09T04:00:00Z,14.67,14.99,14.67,14.82,13514,69,14.8181
2021-09-10T04:00:00Z,14.82,14.9899,14.78,14.8613,17134,83,14.8939
2021-09-13T04:00:00Z,15,15,14.8001,14.99,24648,117,14.9508
2021-09-14T04:00:00Z,15.03,15.23,14.9104,15.055,37325,190,15.0318
2021-09-15T04:00:00Z,14.88,15.16,14.56,14.56,46528,227,14.7371
2021-09-16T04:00:00Z,14.69,14.82,14.56,14.6,24571,103,14.6222
2021-09-17T04:00:00Z,14.64,14.65,14.23,14.25,58915,181,14.4501
2021-09-20T04:00:00Z,14.16,14.5161,14.05,14.07,21190,108,14.2363
2021-09-21T04:00:00Z,14.12,14.24,13.83,13.85,38097,284,14.0458
2021-09-22T04:00:00Z,13.9,14.006,13.8,13.81,9837,137,13.8789
2021-09-23T04:00:00Z,13.87,13.894,13.5,13.58,47703,307,13.6416
2021-09-24T04:00:00Z,13.6,13.81,13.1,13.2,63504,465,13.3329
2021-09-27T04:00:00Z,13.15,13.51,13.15,13.17,20312,150,13.254
2021-09-28T04:00:00Z,13.16,13.82,12.88,13.12,40268,271,13.1344
2021-09-29T04:00:00Z,13.17,13.52,13.1689,13.33,28754,168,13.3891
2021-09-30T04:00:00Z,13.38,13.7,13.3455,13.48,19726,133,13.4967
2021-10-01T04:00:00Z,13.75,13.82,13.5,13.608,28662,226,13.5882
2021-10-04T04:00:00Z,13.8,13.8,13.4693,13.6581,26224,67,13.617
2021-10-05T04:00:00Z,13.58,13.85,13.52,13.65,17517,127,13.6772
2021-10-06T04:00:00Z,13.65,13.77,13.6,13.6602,9900,77,13.6926
2021-10-07T04:00:00Z,13.7198,13.85,13.7198,13.83,19314,114,13.7837
2021-10-08T04:00:00Z,15,15,13.9024,14.23,33898,240,14.2466
2021-10-11T04:00:00Z,14.22,14.3299,14.1,14.21,12179,72,14.2335
2021-10-12T04:00:00Z,13.95,13.96,13.76,13.87,19934,170,13.8697
2021-10-13T04:00:00Z,14.3,14.3297,13.77,14.07,15655,101,13.9414
2021-10-14T04:00:00Z,14.33,14.33,13.8101,14.2826,23675,158,14.2445
2021-10-15T04:00:00Z,14.3,14.3,14,14,11679,92,14.1882
2021-10-18T04:00:00Z,14.06,14.06,13.75,14,17776,140,13.8756
2021-10-19T04:00:00Z,14.06,14.1,13.9014,14.1,6715,48,14.0195
2021-10-20T04:00:00Z,14.11,14.2299,14.1066,14.16,17439,66,14.1718
2021-10-21T04:00:00Z,14.01,14.1,13.93,13.93,10306,116,13.993
2021-10-22T04:00:00Z,13.92,14.017,13.92,13.99,7811,63,13.9721
2021-10-25T04:00:00Z,14.39,14.39,14.08,14.12,14867,55,14.2774
2021-10-26T04:00:00Z,14.32,14.33,14.18,14.33,12292,94,14.2786
2021-10-27T04:00:00Z,14.16,14.35,14.16,14.29,15805,52,14.2418
2021-10-28T04:00:00Z,14.44,14.45,14.29,14.37,16164,96,14.4098
2021-10-29T04:00:00Z,14.4,14.55,14.28,14.55,17810,86,14.3962
2021-11-01T04:00:00Z,14.55,14.55,14.33,14.55,12357,120,14.4719
2021-11-02T04:00:00Z,14.51,14.55,14.4878,14.54,6397,55,14.5165
2021-11-03T04:00:00Z,14.55,14.5899,14.3101,14.44,13860,92,14.4631
2021-11-04T04:00:00Z,14.5,14.5457,14.29,14.49,7972,57,14.4264
2021-11-05T04:00:00Z,14.38,14.49,14.27,14.49,3062,32,14.4439
2021-11-08T05:00:00Z,14.49,14.49,14.0733,14.33,31569,198,14.2151
2021-11-09T05:00:00Z,14.2,14.4,14.1801,14.32,19006,76,14.3077
2021-11-10T05:00:00Z,14.32,14.5,14.32,14.32,28273,124,14.4029
2021-11-11T05:00:00Z,14.369,14.54,14.369,14.54,6220,54,14.4278
2021-11-12T05:00:00Z,14.42,14.75,14.3026,14.39,20140,123,14.5094
2021-11-15T05:00:00Z,14.67,14.67,14.28,14.28,28142,80,14.5854
2021-11-16T05:00:00Z,14.28,14.5,14.2,14.39,9546,70,14.339
2021-11-17T05:00:00Z,14.58,14.5998,14.4027,14.51,9153,72,14.5407
2021-11-18T05:00:00Z,14.6,14.63,14.35,14.57,14230,103,14.4948
2021-11-19T05:00:00Z,14.57,14.57,14.2784,14.55,11017,64,14.4857
2021-11-22T05:00:00Z,14.62,14.62,14.3,14.57,16008,89,14.5224
2021-11-23T05:00:00Z,14.48,14.7,14.48,14.68,18694,109,14.6136
2021-11-24T05:00:00Z,14.68,14.68,14.4252,14.59,7379,45,14.6181
2021-11-26T05:00:00Z,14.41,14.64,14.4,14.63,12495,81,14.5471
2021-11-29T05:00:00Z,14.56,14.745,14.54,14.67,20805,127,14.6634
2021-11-30T05:00:00Z,14.68,14.72,14.58,14.69,26420,136,14.6684
2021-12-01T05:00:00Z,15,15,14.6501,14.835,22736,161,14.8448
2021-12-02T05:00:00Z,15,15,14.6084,14.8391,15120,65,14.8046
2021-12-03T05:00:00Z,14.78,14.95,14.6202,14.7301,9998,86,14.7336
2021-12-06T05:00:00Z,15,15,14.553,14.91,21102,139,14.9274
2021-12-07T05:00:00Z,14.97,14.98,14.6418,14.95,8843,114,14.8934
2021-12-08T05:00:00Z,14.88,14.95,14.6743,14.8601,8783,96,14.8833
2021-12-09T05:00:00Z,14.63,14.9,14.63,14.9,8786,43,14.777
2021-12-10T05:00:00Z,14.72,14.9,14.6001,14.9,9549,102,14.7883
2021-12-13T05:00:00Z,15,15,14.705,14.71,7552,51,14.8546
2021-12-14T05:00:00Z,14.71,14.86,14.71,14.807,11600,53,14.7743
2021-12-15T05:00:00Z,14.73,15,14.6351,15,22005,157,14.8435
2021-12-16T05:00:00Z,14.69,14.9627,14.6701,14.82,11145,116,14.7756
2021-12-17T05:00:00Z,14.68,14.96,14.67,14.67,7111,59,14.7379
2021-12-20T05:00:00Z,14.61,14.99,14.6,14.99,15261,108,14.7894
2021-12-21T05:00:00Z,14.82,14.9631,14.75,14.9,10811,88,14.8589
2021-12-22T05:00:00Z,14.82,14.89,14.61,14.879,29671,175,14.768
2021-12-23T05:00:00Z,14.92,14.92,14.735,14.76,11989,99,14.8137
2021-12-27T05:00:00Z,14.68,14.9262,14.6652,14.71,9558,89,14.776
2021-12-28T05:00:00Z,14.65,14.9648,14.47,14.47,25006,211,14.7155
2021-12-29T05:00:00Z,14.5,14.6862,14.24,14.34,20143,170,14.4124
2021-12-30T05:00:00Z,14.25,14.55,14.16,14.54,23074,142,14.3826
2021-12-31T05:00:00Z,14.57,14.75,14.57,14.75,5487,54,14.6881
2022-01-03T05:00:00Z,15,15,14.614,14.8,15847,157,14.8427
2022-01-04T05:00:00Z,14.8499,14.87,14.61,14.63,17205,155,14.7472
2022-01-05T05:00:00Z,14.6,14.77,14.6,14.62,11583,104,14.715
2022-01-06T05:00:00Z,14.77,14.9164,14.619,14.645,6418,87,14.7674
2022-01-07T05:00:00Z,14.61,14.8599,14.6024,14.8399,8634,85,14.671
2022-01-10T05:00:00Z,14.75,14.9394,14.6,14.85,14946,103,14.749
2022-01-11T05:00:00Z,14.93,14.93,14.6022,14.7,15070,143,14.6895
2022-01-12T05:00:00Z,14.9,14.95,14.6001,14.725,19216,92,14.7052
2022-01-13T05:00:00Z,14.99,14.99,14.6,14.6,6400,67,14.6978
2022-01-14T05:00:00Z,14.6001,14.71,14.6001,14.6504,8850,91,14.683
2022-01-18T05:00:00Z,14.75,14.78,14.28,14.28,11405,108,14.4806
2022-01-19T05:00:00Z,14.28,14.45,14.26,14.28,6528,70,14.3517
2022-01-20T05:00:00Z,14.35,14.4878,14.25,14.31,10843,71,14.3433
2022-01-21T05:00:00Z,14.16,14.34,13.86,13.87,33710,195,14.0786
2022-01-24T05:00:00Z,13.5,13.8,13.28,13.62,44029,243,13.4934
2022-01-25T05:00:00Z,13.44,13.7299,13.44,13.68,24205,124,13.6495
2022-01-26T05:00:00Z,13.6002,13.78,13.5636,13.63,12858,79,13.6877
2022-01-27T05:00:00Z,13.61,13.82,13.6,13.6,13060,104,13.6891
2022-01-28T05:00:00Z,13.94,13.94,13.5,13.5701,18531,141,13.6313
2022-01-31T05:00:00Z,13.39,13.8,13.39,13.75,15366,122,13.5136
2022-02-01T05:00:00Z,13.85,13.85,13.655,13.794,18474,170,13.7783
2022-02-02T05:00:00Z,13.8,14.04,13.7601,13.84,12021,134,13.8863
2022-02-03T05:00:00Z,13.75,13.8686,13.41,13.5502,55508,305,13.5596
2022-02-04T05:00:00Z,13.58,13.58,13.4,13.4998,8704,137,13.4891
2022-02-07T05:00:00Z,13.5,13.5,13.41,13.41,10882,155,13.45
2022-02-08T05:00:00Z,13.41,13.5291,13.39,13.434,8936,181,13.4556
2022-02-09T05:00:00Z,13.48,13.5291,13.46,13.5,4455,56,13.4943
2022-02-10T05:00:00Z,13.3962,13.45,13.31,13.37,29910,229,13.3719
2022-02-11T05:00:00Z,13.3,13.79,13.3,13.3,27759,188,13.4233
2022-02-14T05:00:00Z,13.19,13.3471,12.87,12.985,31157,205,13.082
2022-02-15T05:00:00Z,13.02,13.08,12.81,12.85,19432,180,12.9365
2022-02-16T05:00:00Z,12.71,12.94,12.58,12.68,40680,279,12.6956
2022-02-17T05:00:00Z,12.55,12.7,12.5287,12.65,18074,118,12.6317
2022-02-18T05:00:00Z,12.57,12.77,12.57,12.73,16581,89,12.71
2022-02-22T05:00:00Z,12.6293,12.7749,12.61,12.6337,11957,81,12.6761
2022-02-23T05:00:00Z,12.94,12.94,12.29,12.35,41370,256,12.4838
2022-02-24T05:00:00Z,12.07,12.5,12.07,12.5,44605,186,12.2976
2022-02-25T05:00:00Z,12.57,12.9428,12.54,12.93,32038,175,12.7918
2022-02-28T05:00:00Z,12.91,13.095,12.91,13.08,15175,114,12.9786
2022-03-01T05:00:00Z,13.13,13.18,12.95,13.08,24278,223,13.0687
2022-03-02T05:00:00Z,13.0253,13.38,13.0253,13.37,17606,144,13.2113
2022-03-03T05:00:00Z,13.4,13.48,13.3807,13.47,11119,70,13.4095
2022-03-04T05:00:00Z,13.4849,13.7574,13.4801,13.64,7053,78,13.6288
2022-03-07T05:00:00Z,13.85,13.85,13.57,13.57,24141,164,13.6929
2022-03-08T05:00:00Z,13.61,13.64,13.34,13.34,10573,77,13.4826
2022-03-09T05:00:00Z,13.4,13.415,13.3264,13.41,6836,40,13.3968
2022-03-10T05:00:00Z,13.4899,13.51,13.18,13.51,8922,61,13.4141
2022-03-11T05:00:00Z,13.44,13.5899,13.22,13.27,12713,70,13.3743
2022-03-14T04:00:00Z,13.27,13.7489,13.06,13.06,12454,54,13.2691
2022-03-15T04:00:00Z,12.66,13.53,12.66,13.2,24154,206,12.9119
2022-03-16T04:00:00Z,13.59,13.59,12.85,13.0532,19017,100,13.182
2022-03-17T04:00:00Z,13.1,13.3,13.0713,13.3,21664,127,13.229
2022-03-18T04:00:00Z,13.4,13.4,13.21,13.22,6822,78,13.2677
2022-03-21T04:00:00Z,13.11,13.325,13.11,13.2,11163,99,13.2401
2022-03-22T04:00:00Z,13.2,13.3,13.1,13.28,12705,67,13.1935
2022-03-23T04:00:00Z,13.2312,13.35,13.21,13.24,15148,103,13.2572
2022-03-24T04:00:00Z,13.29,13.35,13.2801,13.3,8545,105,13.3103
2022-03-25T04:00:00Z,13.315,13.62,13.315,13.5485,19873,138,13.4849
2022-03-28T04:00:00Z,13.6,13.7,13.59,13.7,6579,64,13.6228
2022-03-29T04:00:00Z,13.7,13.79,13.5713,13.7,11850,77,13.7007
2022-03-30T04:00:00Z,13.64,13.96,13.64,13.96,20857,132,13.7715
2022-03-31T04:00:00Z,13.97,14.0752,13.87,14.01,14916,94,14.0018
2022-04-01T04:00:00Z,14.24,14.2721,14.0282,14.124,24532,186,14.1408
2022-04-04T04:00:00Z,14.2,14.39,14.15,14.39,17871,140,14.2472
2022-04-05T04:00:00Z,14.22,14.4498,14.22,14.31,11033,112,14.3244
2022-04-06T04:00:00Z,14.2042,14.4063,14.2042,14.39,6759,48,14.3531
2022-04-07T04:00:00Z,14.32,14.3944,14.2047,14.3,8623,105,14.3127
2022-04-08T04:00:00Z,14.3375,14.39,14.3042,14.39,7348,178,14.348
2022-04-11T04:00:00Z,14.26,14.3302,14.054,14.08,14522,126,14.1397
2022-04-12T04:00:00Z,14.01,14.1989,13.42,13.43,56095,483,13.7482
2022-04-13T04:00:00Z,13.4,13.59,13.34,13.42,42968,278,13.4608
2022-04-14T04:00:00Z,13.32,13.4999,13.2557,13.31,12270,76,13.3938
2022-04-18T04:00:00Z,13.07,13.46,13.07,13.25,43909,261,13.2378
2022-04-19T04:00:00Z,13.16,13.37,13.16,13.34,14529,86,13.2812
2022-04-20T04:00:00Z,13.29,13.56,13.29,13.44,17781,78,13.4414
2022-04-21T04:00:00Z,13.4,13.4883,13.1999,13.2299,28984,146,13.3534
2022-04-22T04:00:00Z,13.16,13.2651,13.02,13.045,26277,156,13.1321
2022-04-25T04:00:00Z,12.95,13,12.35,12.81,34178,185,12.8084
2022-04-26T04:00:00Z,12.83,12.8899,12.665,12.665,15905,85,12.7822
2022-04-27T04:00:00Z,12.66,12.75,12.55,12.55,33879,223,12.6672
2022-04-28T04:00:00Z,12.85,12.85,12.6606,12.675,19991,103,12.7187
2022-04-29T04:00:00Z,12.68,12.68,12.2701,12.35,33709,207,12.481
2022-05-02T04:00:00Z,12.45,12.5482,12.14,12.24,28163,193,12.2709
2022-05-03T04:00:00Z,12.3,12.46,12.28,12.34,9062,73,12.3892
2022-05-04T04:00:00Z,12.35,12.51,12.3,12.48,22582,140,12.3997
2022-05-05T04:00:00Z,12.47,12.5299,12.19,12.3398,34501,169,12.361
2022-05-06T04:00:00Z,12.25,13.0668,12.17,12.91,177025,708,12.6513
2022-05-09T04:00:00Z,12.77,12.77,12.5558,12.63,41747,194,12.6615
2022-05-10T04:00:00Z,12.59,12.7665,12.5,12.66,26304,123,12.5883
2022-05-11T04:00:00Z,12.52,13.0355,12.52,12.8,13782,63,12.7729
2022-05-12T04:00:00Z,12.69,12.69,12.46,12.522,23526,163,12.5861
2022-05-13T04:00:00Z,12.69,12.84,12.52,12.52,12219,131,12.6583
2022-05-16T04:00:00Z,12.52,12.645,12.44,12.6183,23859,148,12.5284
2022-05-17T04:00:00Z,12.63,12.64,12.46,12.64,19091,116,12.5784
2022-05-18T04:00:00Z,12.58,12.6356,12.37,12.39,15129,121,12.4917
2022-05-19T04:00:00Z,12.35,12.435,12.26,12.34,15957,89,12.3221
2022-05-20T04:00:00Z,12.36,12.36,12.2,12.28,30597,137,12.261
2022-05-23T04:00:00Z,12.29,12.4526,12.29,12.39,18083,80,12.3646
2022-05-24T04:00:00Z,12.29,12.59,12.29,12.54,15602,133,12.4005
2022-05-25T04:00:00Z,12.8,12.8,12.5401,12.6,20428,92,12.6039
2022-05-26T04:00:00Z,12.45,12.7199,12.41,12.63,25445,144,12.5866
2022-05-27T04:00:00Z,12.82,12.93,12.63,12.88,21474,125,12.8393
2022-05-31T04:00:00Z,13.05,13.05,12.73,12.84,17378,102,12.8784
2022-06-01T04:00:00Z,13.03,13.03,12.7063,12.83,34229,211,12.8231
2022-06-02T04:00:00Z,12.8,12.95,12.63,12.89,27993,187,12.795
2022-06-03T04:00:00Z,13.05,13.05,12.8,12.93,7158,76,12.8896
2022-06-06T04:00:00Z,12.9505,12.9716,12.87,12.92,11642,94,12.9067
2022-06-07T04:00:00Z,12.91,12.94,12.8,12.93,12000,96,12.8978
2022-06-08T04:00:00Z,12.84,12.93,12.71,12.78,12229,194,12.8412
2022-06-09T04:00:00Z,12.51,12.7178,12.47,12.47,18370,139,12.6222
2022-06-10T04:00:00Z,12.25,12.5,12.21,12.36,23130,143,12.2752
2022-06-13T04:00:00Z,12.21,12.214,11.6,11.625,54967,380,11.7863
2022-06-14T04:00:00Z,11.69,11.69,11.3,11.38,18692,241,11.4283
2022-06-15T04:00:00Z,11.31,11.6499,11.27,11.43,40288,335,11.445
2022-06-16T04:00:00Z,11.26,11.33,11.05,11.05,31158,190,11.1766
2022-06-17T04:00:00Z,11.1759,11.1759,11,11,6610,100,11.0316
2022-06-21T04:00:00Z,11.03,11.2497,11.02,11.21,26975,142,11.1314
2022-06-22T04:00:00Z,11.11,11.3999,11.11,11.31,24112,164,11.2843
2022-06-23T04:00:00Z,11.4,11.55,11.3901,11.51,14994,66,11.4696
2022-06-24T04:00:00Z,11.58,11.75,11.53,11.73,19985,93,11.6873
2022-06-27T04:00:00Z,11.73,11.84,11.66,11.81,16421,107,11.767
2022-06-28T04:00:00Z,12.34,12.34,11.82,11.878,23010,195,11.9714
2022-06-29T04:00:00Z,11.95,12.02,11.85,11.855,15792,127,11.9051
2022-06-30T04:00:00Z,11.82,12.13,11.82,12.1,10023,159,12.0365
2022-07-01T04:00:00Z,12.41,12.5,12.141,12.39,15716,159,12.3204
2022-07-05T04:00:00Z,12.4,12.4,12.14,12.26,27042,170,12.2545
2022-07-06T04:00:00Z,12.72,12.72,12.32,12.45,18636,97,12.3914
2022-07-07T04:00:00Z,12.55,12.557,12.33,12.39,10783,90,12.4069
2022-07-08T04:00:00Z,12.52,12.55,12.25,12.445,28296,201,12.3783
2022-07-11T04:00:00Z,12.51,12.71,12.37,12.37,28863,203,12.512
2022-07-12T04:00:00Z,12.57,12.57,12.2666,12.29,12590,92,12.4027
2022-07-13T04:00:00Z,12.27,12.28,11.87,11.96,42387,254,12.0818
2022-07-14T04:00:00Z,11.91,11.98,11.76,11.89,11670,106,11.8393
2022-07-15T04:00:00Z,11.8699,11.97,11.8084,11.94,9685,81,11.9049
2022-07-18T04:00:00Z,11.95,12.08,11.79,11.89,24080,109,11.9048
2022-07-19T04:00:00Z,11.76,11.97,11.75,11.9257,35390,209,11.8631
2022-07-20T04:00:00Z,11.86,11.96,11.85,11.89,31628,229,11.8906
2022-07-21T04:00:00Z,11.86,11.915,11.8106,11.8799,10802,66,11.8623
2022-07-22T04:00:00Z,11.99,12.0884,11.94,12.07,9623,63,12.023
2022-07-25T04:00:00Z,12.09,12.11,11.96,12.05,21254,100,12.0495
2022-07-26T04:00:00Z,11.96,12.12,11.96,12.01,10071,68,12.0347
2022-07-27T04:00:00Z,12.02,12.097,12.02,12.0794,2220,33,12.0616
2022-07-28T04:00:00Z,12.25,12.41,12.23,12.37,21100,90,12.3013
2022-07-29T04:00:00Z,12.18,12.55,12.18,12.51,21059,159,12.4229
2022-08-01T04:00:00Z,12.57,12.57,12.5,12.565,30245,196,12.5471
2022-08-02T04:00:00Z,12.32,12.6999,12.32,12.62,37613,203,12.5481
2022-08-03T04:00:00Z,12.5101,12.7,12.5,12.7,11756,56,12.6045
2022-08-04T04:00:00Z,12.37,12.84,12.37,12.69,19961,87,12.6099
2022-08-05T04:00:00Z,12.57,12.69,12.3,12.4,120495,350,12.4368
2022-08-08T04:00:00Z,12.57,12.57,12.4,12.43,37272,148,12.4534
2022-08-09T04:00:00Z,12.83,12.83,12.4501,12.55,32193,106,12.6237
2022-08-10T04:00:00Z,12.82,12.82,12.6,12.7,14039,72,12.6969
2022-08-11T04:00:00Z,12.69,12.69,12.48,12.58,26739,168,12.5723
2022-08-12T04:00:00Z,12.58,12.72,12.53,12.72,27165,110,12.6286
2022-08-15T04:00:00Z,12.7,12.8195,12.6439,12.7728,25292,88,12.7328
2022-08-16T04:00:00Z,12.77,12.85,12.77,12.84,22402,128,12.8134
2022-08-17T04:00:00Z,12.69,12.8499,12.69,12.74,24870,96,12.7569
2022-08-18T04:00:00Z,12.77,12.88,12.76,12.8049,15999,69,12.8054
2022-08-19T04:00:00Z,12.7,12.8,12.7,12.75,14754,70,12.7334
2022-08-22T04:00:00Z,12.84,12.84,12.51,12.52,18018,96,12.6229
2022-08-23T04:00:00Z,12.59,12.59,12.475,12.51,14257,63,12.5077
2022-08-24T04:00:00Z,12.53,12.5597,12.5,12.5597,16607,76,12.5167
2022-08-25T04:00:00Z,12.5898,12.69,12.54,12.6586,14791,90,12.6255
2022-08-26T04:00:00Z,12.78,12.78,12.5,12.51,10709,81,12.6359
2022-08-29T04:00:00Z,12.06,12.56,12.01,12.47,21223,92,12.3254
2022-08-30T04:00:00Z,12.61,12.61,12.35,12.35,12420,103,12.4715
2022-08-31T04:00:00Z,12.36,12.381,12.31,12.34,18599,121,12.3373
2022-09-01T04:00:00Z,12.47,12.56,12.26,12.56,20828,151,12.4687
2022-09-02T04:00:00Z,12.74,12.83,12.51,12.55,37094,129,12.7405
2022-09-06T04:00:00Z,12.53,12.72,12.53,12.56,18022,135,12.5948
2022-09-07T04:00:00Z,12.66,12.8861,12.66,12.86,27552,143,12.7871
2022-09-08T04:00:00Z,12.8585,12.8999,12.7818,12.89,7156,54,12.8529
2022-09-09T04:00:00Z,12.9,13.04,12.86,13.03,9997,99,12.9683
2022-09-12T04:00:00Z,13,13.12,12.9664,13.035,19645,84,13.0405
2022-09-13T04:00:00Z,12.85,12.97,12.7366,12.7532,19023,114,12.8169
2022-09-14T04:00:00Z,12.77,12.88,12.7,12.71,28467,194,12.7703
2022-09-15T04:00:00Z,12.57,12.59,12.5,12.5499,14522,92,12.5536
2022-09-16T04:00:00Z,12.41,12.5,12.41,12.42,14720,65,12.4338
2022-09-19T04:00:00Z,12.4,12.47,12.35,12.46,12630,102,12.4065
2022-09-20T04:00:00Z,12.3278,12.3278,12.22,12.25,9993,80,12.2746
2022-09-21T04:00:00Z,12.25,12.38,12.06,12.06,12353,117,12.2258
2022-09-22T04:00:00Z,11.97,12,11.82,11.87,28897,164,11.8873
2022-09-23T04:00:00Z,11.6,11.7502,11.45,11.46,35318,227,11.566
2022-09-26T04:00:00Z,11.39,11.45,11.06,11.08,36339,239,11.2185
2022-09-27T04:00:00Z,11.11,11.1999,10.9,10.98,27068,175,11.0351
2022-09-28T04:00:00Z,11.01,11.25,11.01,11.2336,28796,152,11.1523
2022-09-29T04:00:00Z,11.27,11.27,10.85,10.9499,28834,175,10.9832
2022-09-30T04:00:00Z,10.86,11.0664,10.86,10.94,26321,222,10.9971
2022-10-03T04:00:00Z,11.2,11.37,11.17,11.37,23645,171,11.2836
2022-10-04T04:00:00Z,11.54,11.78,11.5,11.78,19297,102,11.6434
2022-10-05T04:00:00Z,11.54,11.54,11.38,11.41,15324,114,11.4582
2022-10-06T04:00:00Z,11.41,11.41,11.15,11.15,17367,126,11.2239
2022-10-07T04:00:00Z,11.15,11.15,10.84,10.86,34779,196,10.954
2022-10-10T04:00:00Z,10.86,10.87,10.75,10.81,20068,79,10.8295
2022-10-11T04:00:00Z,10.86,10.8899,10.75,10.755,15682,90,10.8339
2022-10-12T04:00:00Z,10.71,10.74,10.5,10.52,25883,137,10.6262
2022-10-13T04:00:00Z,10.3,10.59,9.7,10.495,38934,172,10.2063
2022-10-14T04:00:00Z,10.47,10.52,10.22,10.225,12901,112,10.3402
2022-10-17T04:00:00Z,10.24,10.451,10.24,10.29,26253,119,10.3499
2022-10-18T04:00:00Z,10.43,10.5,10.37,10.4,17246,89,10.4461
2022-10-19T04:00:00Z,10.16,10.32,10.16,10.21,37341,232,10.2314
2022-10-20T04:00:00Z,10.2,10.225,10.15,10.17,23799,165,10.191
2022-10-21T04:00:00Z,10.22,10.31,10.1501,10.23,19254,93,10.2463
2022-10-24T04:00:00Z,10.29,10.39,10.29,10.33,17444,90,10.3404
2022-10-25T04:00:00Z,10.27,10.71,10.27,10.65,43158,218,10.5511
2022-10-26T04:00:00Z,10.68,10.8,10.6501,10.77,17842,125,10.7512
2022-10-27T04:00:00Z,10.83,11.01,10.83,11,38965,251,10.9461
2022-10-28T04:00:00Z,11.16,11.25,11.1,11.22,25336,136,11.1948
2022-10-31T04:00:00Z,11.23,11.25,11.16,11.2,9543,84,11.2071
2022-11-01T04:00:00Z,11.19,11.4147,11.168,11.2657,24931,154,11.2367
2022-11-02T04:00:00Z,11.22,11.3781,11.11,11.11,20417,128,11.2653
2022-11-03T04:00:00Z,11.11,11.1929,11,11.11,9007,75,11.1007
2022-11-04T04:00:00Z,11.14,11.19,11.0674,11.16,12960,62,11.125
2022-11-07T05:00:00Z,11.12,11.18,10.79,10.99,28122,186,10.9884
2022-11-08T05:00:00Z,10.9,11.0497,10.9,11,12165,75,10.988
2022-11-09T05:00:00Z,10.99,11.03,10.94,10.95,12282,69,10.9762
2022-11-10T05:00:00Z,10.96,11.22,10.95,11.2,37441,159,11.1494
2022-11-11T05:00:00Z,11.3999,11.4,11.19,11.26,29204,115,11.2577
2022-11-14T05:00:00Z,11.05,11.19,11.01,11.01,18039,127,11.129
2022-11-15T05:00:00Z,11.12,11.15,11,11.07,13422,108,11.0829
2022-11-16T05:00:00Z,11.09,11.2279,11.03,11.096,13985,102,11.1303
2022-11-17T05:00:00Z,11.03,11.07,10.93,10.99,26787,124,11.0165
2022-11-18T05:00:00Z,10.99,11.16,10.99,11.11,24498,123,11.1139
2022-11-21T05:00:00Z,11.01,11.15,11.01,11.15,25585,151,11.0983
2022-11-22T05:00:00Z,11.21,11.2599,11.16,11.23,6820,82,11.2195
2022-11-23T05:00:00Z,11.34,11.34,11.18,11.28,16619,95,11.2631
2022-11-25T05:00:00Z,11.28,11.4499,11.28,11.405,4605,30,11.3786
2022-11-28T05:00:00Z,11.24,11.3799,11.24,11.29,13087,84,11.3023
2022-11-29T05:00:00Z,11.25,11.28,11.184,11.25,23718,109,11.2429
2022-11-30T05:00:00Z,11.57,11.62,11.26,11.62,16346,130,11.4302
2022-12-01T05:00:00Z,11.65,11.82,11.6,11.6,22359,210,11.6974
2022-12-02T05:00:00Z,11.58,11.65,11.5,11.61,15022,115,11.5536
2022-12-05T05:00:00Z,11.58,11.6199,11.5,11.535,12301,70,11.53
2022-12-06T05:00:00Z,11.56,11.56,11.43,11.51,12026,77,11.4953
2022-12-07T05:00:00Z,11.55,11.5809,11.52,11.52,12863,68,11.5451
2022-12-08T05:00:00Z,11.64,11.64,11.45,11.533,5800,64,11.5671
2022-12-09T05:00:00Z,11.44,11.5682,11.33,11.41,15949,109,11.4617
2022-12-12T05:00:00Z,11.46,11.52,11.39,11.52,25101,121,11.4445
2022-12-13T05:00:00Z,11.58,11.74,11.515,11.62,21345,176,11.633
2022-12-14T05:00:00Z,11.61,11.82,11.61,11.63,14763,100,11.6701
2022-12-15T05:00:00Z,11.51,11.51,11.35,11.44,18595,133,11.4336
2022-12-16T05:00:00Z,11.5,11.5,11.15,11.26,8749,110,11.2264
2022-12-19T05:00:00Z,11.25,11.25,11.05,11.05,16130,121,11.139
2022-12-20T05:00:00Z,11.05,11.11,10.99,11.07,10706,71,11.0498
2022-12-21T05:00:00Z,11.13,11.16,11.07,11.14,21182,80,11.1203
2022-12-22T05:00:00Z,11.14,11.14,11.06,11.08,15324,100,11.0664
2022-12-23T05:00:00Z,11.1,11.27,11.08,11.22,6225,44,11.1605
2022-12-27T05:00:00Z,11.26,11.3,11.13,11.21,16483,91,11.2007
2022-12-28T05:00:00Z,11.22,11.31,11.17,11.17,17331,81,11.2178
2022-12-29T05:00:00Z,11.34,11.38,11.21,11.3,13807,122,11.3084
2022-12-30T05:00:00Z,11.3,11.3133,11.09,11.2,43964,140,11.1924
2023-01-03T05:00:00Z,11.44,11.44,11.1478,11.28,18544,171,11.2872
2023-01-04T05:00:00Z,11.28,11.5126,11.2282,11.4,14913,112,11.3822
2023-01-05T05:00:00Z,11.57,11.57,11.23,11.23,13599,101,11.2797
2023-01-06T05:00:00Z,11.28,11.51,11.28,11.47,9655,77,11.4491
2023-01-09T05:00:00Z,11.56,11.7317,11.5,11.59,6274,54,11.6486
2023-01-10T05:00:00Z,11.59,11.59,11.5,11.5697,7024,58,11.5447
2023-01-11T05:00:00Z,11.57,11.68,11.54,11.6496,22541,139,11.6216
2023-01-12T05:00:00Z,11.64,11.64,11.6,11.6045,9347,50,11.6058
2023-01-13T05:00:00Z,11.67,11.67,11.48,11.52,14477,82,11.5431
2023-01-17T05:00:00Z,11.29,11.55,11.29,11.5,18232,86,11.4729
2023-01-18T05:00:00Z,11.43,11.537,11.39,11.435,46643,195,11.4489
2023-01-19T05:00:00Z,11.38,11.38,11.23,11.25,17847,102,11.267
2023-01-20T05:00:00Z,11.24,11.24,11.11,11.2305,10121,62,11.2189
2023-01-23T05:00:00Z,11.16,11.38,11.12,11.2901,15674,92,11.2669
2023-01-24T05:00:00Z,11.3,11.42,11.27,11.32,21208,104,11.3838
2023-01-25T05:00:00Z,11.21,11.26,11.2,11.26,19425,168,11.2115
2023-01-26T05:00:00Z,11.28,11.28,11.16,11.2268,18326,162,11.2046
2023-01-27T05:00:00Z,11.2,11.26,11.2,11.23,8836,66,11.2196
2023-01-30T05:00:00Z,11.15,11.29,11.15,11.225,15207,81,11.2101
2023-01-31T05:00:00Z,11.22,11.29,11.16,11.29,20679,164,11.2159
2023-02-01T05:00:00Z,11.34,11.4,11.25,11.31,22750,213,11.3
2023-02-02T05:00:00Z,11.3,11.4797,11.28,11.28,32347,208,11.4029
2023-02-03T05:00:00Z,11.28,11.28,11.0722,11.1,21762,184,11.1331
2023-02-06T05:00:00Z,11.05,11.12,11.05,11.09,15220,141,11.0747
2023-02-07T05:00:00Z,11.01,11.12,11,11.09,14403,172,11.0367
2023-02-08T05:00:00Z,11.08,11.08,10.92,10.95,21171,179,10.9991
2023-02-09T05:00:00Z,10.98,11.0419,10.84,10.845,21254,178,10.9461
2023-02-10T05:00:00Z,10.8,10.9327,10.78,10.92,25985,185,10.8775
2023-02-13T05:00:00Z,11.04,11.04,10.91,10.92,22175,109,10.9536
2023-02-14T05:00:00Z,10.96,11,10.88,10.95,23950,143,10.9411
2023-02-15T05:00:00Z,10.95,10.99,10.89,10.98,19252,146,10.9458
2023-02-16T05:00:00Z,10.89,10.95,10.84,10.89,21449,123,10.8911
2023-02-17T05:00:00Z,10.89,11,10.89,10.9799,18901,257,10.9637
2023-02-21T05:00:00Z,10.88,10.88,10.7701,10.79,12426,119,10.824
2023-02-22T05:00:00Z,10.79,10.81,10.7,10.7,19229,110,10.7662
2023-02-23T05:00:00Z,10.89,10.89,10.65,10.6965,9504,85,10.6953
2023-02-24T05:00:00Z,10.65,10.71,10.6,10.71,7591,81,10.6458
2023-02-27T05:00:00Z,11.21,11.21,10.65,10.65,11586,92,10.7288
2023-02-28T05:00:00Z,10.6,10.64,10.54,10.55,12489,128,10.5897
2023-03-01T05:00:00Z,10.84,10.84,10.35,10.38,26601,266,10.4312
2023-03-02T05:00:00Z,10.35,10.53,10.3434,10.53,11304,80,10.4252
2023-03-03T05:00:00Z,10.65,10.73,10.55,10.68,10944,73,10.6187
2023-03-06T05:00:00Z,10.58,10.7,10.58,10.67,15116,111,10.6608
2023-03-07T05:00:00Z,10.6994,10.7,10.52,10.5301,14243,106,10.5696
2023-03-08T05:00:00Z,10.43,10.58,10.43,10.58,14144,105,10.5504
2023-03-09T05:00:00Z,10.6,10.66,10.47,10.475,23792,134,10.5753
2023-03-10T05:00:00Z,10.38,10.4426,10.22,10.24,14270,134,10.3131
2023-03-13T04:00:00Z,10.21,10.44,10.09,10.23,31443,219,10.3132
2023-03-14T04:00:00Z,10.39,10.45,10.3853,10.435,31519,140,10.4116
2023-03-15T04:00:00Z,10.09,10.5256,10.09,10.5,18694,142,10.3601
2023-03-16T04:00:00Z,10.39,10.57,10.39,10.5493,13085,64,10.5276
2023-03-17T04:00:00Z,10.7,10.7,10.41,10.47,13566,79,10.5029
2023-03-20T04:00:00Z,10.48,10.55,10.44,10.48,11535,103,10.4813
2023-03-21T04:00:00Z,10.46,10.6,10.3501,10.54,23595,171,10.4606
2023-03-22T04:00:00Z,10.41,10.41,10.255,10.255,22211,148,10.3663
2023-03-23T04:00:00Z,10.25,10.28,10.16,10.2,15535,139,10.2335
2023-03-24T04:00:00Z,10.14,10.33,10.14,10.31,11349,66,10.2571
2023-03-27T04:00:00Z,10.36,10.4,10.3501,10.38,17193,47,10.3859
2023-03-28T04:00:00Z,10.23,10.448,10.23,10.38,12553,102,10.3683
2023-03-29T04:00:00Z,10.27,10.54,10.27,10.53,12345,89,10.4359
2023-03-30T04:00:00Z,10.59,10.67,10.56,10.6134,26562,76,10.5783
2023-03-31T04:00:00Z,10.5,10.69,10.5,10.66,23650,141,10.6264
2023-04-03T04:00:00Z,10.65,10.73,10.62,10.66,13835,123,10.6651
2023-04-04T04:00:00Z,10.66,10.6649,10.58,10.6187,23757,131,10.626
2023-04-05T04:00:00Z,10.75,10.9097,10.725,10.87,21362,125,10.7885
2023-04-06T04:00:00Z,10.8845,10.9,10.87,10.89,6805,56,10.889
2023-04-10T04:00:00Z,10.81,10.89,10.81,10.89,6377,58,10.8353
2023-04-11T04:00:00Z,10.8699,10.89,10.81,10.85,6970,79,10.8389
2023-04-12T04:00:00Z,10.82,10.9,10.81,10.83,11415,86,10.8666
2023-04-13T04:00:00Z,10.73,10.805,10.69,10.78,10855,64,10.7406
2023-04-14T04:00:00Z,10.65,10.7491,10.65,10.725,11259,82,10.7035
2023-04-17T04:00:00Z,10.7699,10.77,10.7,10.7001,3662,41,10.7347
2023-04-18T04:00:00Z,10.65,10.7599,10.65,10.67,7773,54,10.7148
2023-04-19T04:00:00Z,10.83,10.83,10.73,10.75,3080,32,10.7627
2023-04-20T04:00:00Z,10.775,10.775,10.73,10.751,2194,20,10.75
2023-04-21T04:00:00Z,10.78,10.81,10.78,10.7895,4515,54,10.7831
2023-04-24T04:00:00Z,10.63,10.79,10.63,10.7803,5406,41,10.7196
2023-04-25T04:00:00Z,10.76,10.8178,10.72,10.72,8167,65,10.7512
2023-04-26T04:00:00Z,10.56,10.6,10.4701,10.4701,23602,110,10.5399
2023-04-27T04:00:00Z,10.58,10.6,10.5,10.58,18144,130,10.5633
2023-04-28T04:00:00Z,10.6,10.67,10.56,10.67,14822,100,10.6202
2023-05-01T04:00:00Z,10.8,10.8,10.5924,10.67,16750,143,10.6891
2023-05-02T04:00:00Z,10.66,10.7,10.5101,10.57,8389,128,10.5707
2023-05-03T04:00:00Z,10.55,10.6154,10.53,10.55,13431,103,10.5726
2023-05-04T04:00:00Z,10.51,10.62,10.485,10.52,10581,98,10.5094
2023-05-05T04:00:00Z,10.52,10.6299,10.52,10.6299,9610,74,10.5616
2023-05-08T04:00:00Z,10.57,10.61,10.53,10.54,6831,59,10.5583
2023-05-09T04:00:00Z,10.41,10.5277,10.41,10.48,7604,57,10.4673
2023-05-10T04:00:00Z,10.6299,10.6381,10.56,10.62,16748,120,10.6058
2023-05-11T04:00:00Z,10.51,10.56,10.51,10.51,7049,73,10.5226
2023-05-12T04:00:00Z,10.5301,10.5301,10.4,10.435,15844,68,10.4622
2023-05-15T04:00:00Z,10.4,10.44,10.4,10.41,10634,89,10.4104
2023-05-16T04:00:00Z,10.34,10.34,10.33,10.33,7710,127,10.3347
2023-05-17T04:00:00Z,10.26,10.26,10.2101,10.2287,8007,70,10.2257
2023-05-18T04:00:00Z,10.22,10.22,10.16,10.167,15874,98,10.1693
2023-05-19T04:00:00Z,10.46,10.5,10.1013,10.1707,25586,128,10.1998
2023-05-22T04:00:00Z,10.1,10.2,10.1,10.17,10809,63,10.1645
2023-05-23T04:00:00Z,10.05,10.16,10.05,10.09,32459,199,10.1263
2023-05-24T04:00:00Z,10.17,10.17,10.06,10.06,17110,123,10.064
2023-05-25T04:00:00Z,10.01,10.05,9.95,9.96,30412,158,9.96866
2023-05-26T04:00:00Z,9.95,9.9801,9.88,9.96,14189,112,9.91338
2023-05-30T04:00:00Z,9.93,10,9.88,9.9,23894,151,9.95517
2023-05-31T04:00:00Z,9.9,9.9999,9.8501,9.97,24043,176,9.92692
2023-06-01T04:00:00Z,10.1,10.1,9.9,9.96,27320,153,9.96913
2023-06-02T04:00:00Z,9.9693,10.09,9.9693,10.09,7704,68,10.0316
2023-06-05T04:00:00Z,10.02,10.16,10.02,10.14,11216,95,10.1185
2023-06-06T04:00:00Z,10.12,10.14,10.12,10.135,2401,36,10.1322
2023-06-07T04:00:00Z,10.13,10.2399,10.13,10.2399,16902,90,10.1661
2023-06-08T04:00:00Z,10.25,10.29,10.2,10.29,10161,92,10.2429
2023-06-09T04:00:00Z,10.36,10.36,10.25,10.2703,13097,139,10.2778
2023-06-12T04:00:00Z,10.2,10.2,10.1592,10.18,6789,58,10.1783
2023-06-13T04:00:00Z,10.158,10.17,10.14,10.14,4032,44,10.1545
2023-06-14T04:00:00Z,10.11,10.24,10.11,10.18,4090,76,10.2006
2023-06-15T04:00:00Z,10.12,10.27,10.11,10.27,10704,95,10.1713
2023-06-16T04:00:00Z,10.29,10.3298,10.23,10.28,5325,57,10.3125
2023-06-20T04:00:00Z,10.27,10.27,10.2,10.2,21956,112,10.2348
2023-06-21T04:00:00Z,10.1,10.23,10.08,10.22,9644,111,10.18
2023-06-22T04:00:00Z,10.18,10.19,10.17,10.17,9383,89,10.173
2023-06-23T04:00:00Z,10.13,10.23,10.01,10.0292,16095,145,10.0822
2023-06-26T04:00:00Z,10.02,10.12,10.02,10.11,9041,59,10.0559
2023-06-27T04:00:00Z,10.11,10.11,10.08,10.09,13993,143,10.0965
2023-06-28T04:00:00Z,10.1,10.1,10,10.01,12292,117,10.0246
2023-06-29T04:00:00Z,10.08,10.08,9.95,9.99,20890,206,9.98847
2023-06-30T04:00:00Z,10.05,10.12,10.05,10.12,14683,95,10.0804
2023-07-03T04:00:00Z,10.12,10.18,10.1,10.14,20278,135,10.1356
2023-07-05T04:00:00Z,10.15,10.3,10.15,10.29,22640,107,10.2179
2023-07-06T04:00:00Z,10.29,10.29,10.22,10.23,26069,173,10.2358
2023-07-07T04:00:00Z,10.23,10.255,10.1897,10.1897,16448,80,10.2254
2023-07-10T04:00:00Z,10.17,10.23,10.11,10.16,9616,96,10.1894
2023-07-11T04:00:00Z,10.16,10.315,10.1193,10.315,21260,129,10.197
2023-07-12T04:00:00Z,10.22,10.37,10.22,10.3628,15207,109,10.2995
2023-07-13T04:00:00Z,10.33,10.37,10.32,10.36,3982,39,10.3613
2023-07-14T04:00:00Z,10.36,10.5,10.34,10.4401,22342,136,10.387
2023-07-17T04:00:00Z,10.37,10.37,10.24,10.27,21673,118,10.2893
2023-07-18T04:00:00Z,9.98,10.28,9.97,10.2,16987,118,10.1409
2023-07-19T04:00:00Z,10.21,10.3502,10.21,10.3,10697,88,10.3218
2023-07-20T04:00:00Z,10.34,10.38,10.3373,10.35,11224,116,10.3658
2023-07-21T04:00:00Z,10.38,10.55,10.38,10.5,13479,88,10.4722
2023-07-24T04:00:00Z,10.54,10.54,10.4301,10.49,13726,124,10.4931
2023-07-25T04:00:00Z,10.42,10.5,10.42,10.44,10755,102,10.4591
2023-07-26T04:00:00Z,10.41,10.53,10.41,10.45,4841,64,10.4543
2023-07-27T04:00:00Z,10.4,10.4307,10.2723,10.2778,23238,171,10.362
2023-07-28T04:00:00Z,10.32,10.4097,10.27,10.29,16591,143,10.3235
2023-07-31T04:00:00Z,10.2702,10.35,10.2702,10.32,7809,94,10.3152
2023-08-01T04:00:00Z,10.4,10.4,10.2165,10.2165,16738,177,10.2892
2023-08-02T04:00:00Z,10.12,10.23,10.1,10.15,20752,156,10.1571
2023-08-03T04:00:00Z,10.15,10.15,9.95,9.99,16768,124,10.0338
2023-08-04T04:00:00Z,9.99,10.07,9.92,9.9278,36406,187,9.98246
2023-08-07T04:00:00Z,9.95,10.02,9.95,10.01,10189,111,9.98438
2023-08-08T04:00:00Z,10,10.1,9.95,10.07,17063,135,10.0241
2023-08-09T04:00:00Z,10.1,10.2124,10.1,10.21,10334,71,10.1643
2023-08-10T04:00:00Z,10.2405,10.2405,10.13,10.19,13449,79,10.1599
2023-08-11T04:00:00Z,10.12,10.12,9.98,10,4495,76,10.0662
2023-08-14T04:00:00Z,10.02,10.07,9.97,9.98,7178,67,10.0098
2023-08-15T04:00:00Z,10.38,10.38,9.9,9.9,13148,157,9.99222
2023-08-16T04:00:00Z,9.89,9.98,9.875,9.96,16930,123,9.93295
2023-08-17T04:00:00Z,9.89,9.97,9.86,9.97,14949,102,9.8967
2023-08-18T04:00:00Z,9.9,9.96,9.84,9.91,12010,97,9.90629
2023-08-21T04:00:00Z,9.86,9.88,9.8,9.83,14431,152,9.84203
2023-08-22T04:00:00Z,9.8013,9.8598,9.8013,9.83,6334,36,9.84664
2023-08-23T04:00:00Z,9.84,9.86,9.8001,9.8573,7692,48,9.82381
2023-08-24T04:00:00Z,9.83,9.91,9.79,9.79,9414,75,9.84465
2023-08-25T04:00:00Z,9.75,9.89,9.75,9.84,16706,147,9.81218
2023-08-28T04:00:00Z,9.8,9.8497,9.78,9.8,9179,107,9.81408
2023-08-29T04:00:00Z,9.78,9.83,9.77,9.78,18100,145,9.78424
2023-08-30T04:00:00Z,9.89,9.89,9.7,9.71,18841,226,9.76598
2023-08-31T04:00:00Z,9.69,9.7401,9.645,9.67,18020,169,9.69395
2023-09-01T04:00:00Z,9.67,9.75,9.57,9.6198,27671,263,9.64991
2023-09-05T04:00:00Z,9.56,9.6,9.44,9.482,26847,252,9.51694
2023-09-06T04:00:00Z,9.5,9.7,9.4,9.44,29560,190,9.44157
2023-09-07T04:00:00Z,9.39,9.57,9.39,9.5136,12076,113,9.49708
2023-09-08T04:00:00Z,9.53,9.57,9.49,9.56,8707,84,9.53047
2023-09-11T04:00:00Z,9.53,9.55,9.505,9.52,12992,77,9.53194
2023-09-12T04:00:00Z,9.48,9.505,9.4501,9.48,13235,133,9.47981
2023-09-13T04:00:00Z,9.45,9.62,9.45,9.52,13750,109,9.54651
2023-09-14T04:00:00Z,9.58,9.6181,9.54,9.56,11216,81,9.58447
2023-09-15T04:00:00Z,9.55,9.5853,9.51,9.51,5591,53,9.55699
2023-09-18T04:00:00Z,9.47,9.5449,9.45,9.45,22022,146,9.4941
2023-09-19T04:00:00Z,9.4,9.49,9.4,9.4,10815,101,9.44429
2023-09-20T04:00:00Z,9.52,9.52,9.3899,9.45,19070,140,9.43803
2023-09-21T04:00:00Z,9.36,9.3799,9.35,9.35,7698,105,9.35612
2023-09-22T04:00:00Z,9.32,9.36,9.3,9.34,8155,90,9.32842
2023-09-25T04:00:00Z,9.28,9.28,9.22,9.2524,13862,88,9.24892
2023-09-26T04:00:00Z,9.25,9.25,9.02,9.03,21493,158,9.10286
2023-09-27T04:00:00Z,9.02,9.05,8.865,8.87,29591,220,8.93175
2023-09-28T04:00:00Z,8.87,8.8743,8.68,8.69,20527,157,8.77739
2023-09-29T04:00:00Z,8.65,8.785,8.65,8.74,15824,116,8.74441
2023-10-02T04:00:00Z,8.84,8.84,8.32,8.39,35166,474,8.51707
2023-10-03T04:00:00Z,8.37,8.39,8.2695,8.36,40379,288,8.32976
2023-10-04T04:00:00Z,8.32,8.46,8.24,8.32,29558,180,8.32093
2023-10-05T04:00:00Z,8.25,8.2982,8.18,8.19,45212,237,8.23153
2023-10-06T04:00:00Z,8.1687,8.3499,8.0057,8.32,38396,165,8.19205
2023-10-09T04:00:00Z,8.34,8.38,8.3,8.38,10437,85,8.32457
2023-10-10T04:00:00Z,8.38,8.49,8.38,8.47,12856,104,8.44552
2023-10-11T04:00:00Z,8.5,8.59,8.3754,8.58,14000,129,8.53195
2023-10-12T04:00:00Z,8.52,8.53,8.32,8.35,32594,220,8.4073
2023-10-13T04:00:00Z,8.35,8.49,8.22,8.34,44122,338,8.39087
2023-10-16T04:00:00Z,8.3745,8.63,8.3026,8.4501,40944,256,8.54592
2023-10-17T04:00:00Z,8.32,8.46,8.32,8.41,19445,136,8.39721
2023-10-18T04:00:00Z,8.38,8.41,8.3184,8.365,19212,152,8.36847
2023-10-19T04:00:00Z,8.26,8.41,8.26,8.3,23179,171,8.33789
2023-10-20T04:00:00Z,8.31,8.36,8.24,8.24,14101,140,8.31573
2023-10-23T04:00:00Z,8.13,8.235,8.09,8.09,25390,102,8.139
2023-10-24T04:00:00Z,8.21,8.275,7.97,8.229,24803,205,8.20464
2023-10-25T04:00:00Z,8.22,8.28,8.16,8.23,25626,165,8.21715
2023-10-26T04:00:00Z,8.24,8.3092,8.22,8.26,37310,193,8.27613
2023-10-27T04:00:00Z,8.28,8.28,8.14,8.14,21838,199,8.18576
2023-10-30T04:00:00Z,8.14,8.29,8.14,8.2,14165,140,8.21732
2023-10-31T04:00:00Z,8.19,8.38,8.19,8.3,27609,172,8.29748
2023-11-01T04:00:00Z,8.52,8.54,8.31,8.47,20843,151,8.42605
2023-11-02T04:00:00Z,8.53,8.79,8.53,8.69,37757,229,8.70296
2023-11-03T04:00:00Z,8.81,8.92,8.78,8.78,46605,307,8.84926
2023-11-06T05:00:00Z,8.78,8.87,8.78,8.805,26017,167,8.83088
2023-11-07T05:00:00Z,8.81,8.84,8.75,8.78,37011,165,8.78855
2023-11-08T05:00:00Z,8.78,8.79,8.64,8.68,16587,112,8.70122
2023-11-09T05:00:00Z,8.58,8.6452,8.5783,8.59,19488,151,8.60822
2023-11-10T05:00:00Z,8.56,8.69,8.56,8.63,9566,63,8.65753
2023-11-13T05:00:00Z,8.53,8.5711,8.48,8.48,11326,74,8.51535
2023-11-14T05:00:00Z,8.55,8.88,8.55,8.87,51890,275,8.81148
2023-11-15T05:00:00Z,8.88,8.99,8.81,8.85,18287,144,8.87224
2023-11-16T05:00:00Z,8.82,8.9476,8.76,8.85,27186,142,8.88957
2023-11-17T05:00:00Z,8.85,8.85,8.79,8.84,6747,73,8.83326
2023-11-20T05:00:00Z,8.79,8.9,8.76,8.8,36803,247,8.82528
2023-11-21T05:00:00Z,8.76,8.89,8.75,8.8,32690,182,8.83498
2023-11-22T05:00:00Z,8.85,8.905,8.82,8.86,7851,66,8.86005
2023-11-24T05:00:00Z,8.885,8.89,8.87,8.89,3136,35,8.87791
2023-11-27T05:00:00Z,8.93,8.9582,8.92,8.94,14545,139,8.93258
2023-11-28T05:00:00Z,8.96,9.12,8.9553,9.0601,25189,188,9.06567
2023-11-29T05:00:00Z,9.16,9.19,9.015,9.045,41473,267,9.09626
2023-11-30T05:00:00Z,9.03,9.15,9.03,9.15,15358,213,9.11199
2023-12-01T05:00:00Z,9.28,9.3539,9.15,9.29,18844,144,9.26681
2023-12-04T05:00:00Z,9.17,9.36,9.17,9.29,44165,225,9.29228
2023-12-05T05:00:00Z,9.38,9.38,9.1823,9.25,55099,310,9.23347
2023-12-06T05:00:00Z,9.3,9.36,9.279,9.36,22953,195,9.3175
2023-12-07T05:00:00Z,9.39,9.39,9.34,9.35,14071,135,9.35576
2023-12-08T05:00:00Z,9.32,9.32,9.2201,9.24,27426,211,9.27887
2023-12-11T05:00:00Z,9.12,9.2146,9.12,9.2,22408,188,9.15887
2023-12-12T05:00:00Z,9.2,9.23,9.13,9.21,10345,85,9.19399
2023-12-13T05:00:00Z,9.21,9.4884,9.1845,9.45,50362,239,9.31265
2023-12-14T05:00:00Z,9.39,9.545,9.33,9.52,36668,234,9.46283
2023-12-15T05:00:00Z,9.46,9.46,9.27,9.35,22812,139,9.36976
2023-12-18T05:00:00Z,9.35,9.38,9.25,9.25,40605,203,9.28791
2023-12-19T05:00:00Z,9.25,9.38,9.245,9.28,31910,193,9.29457
2023-12-20T05:00:00Z,9.27,9.2997,9.13,9.13,23169,96,9.24392
2023-12-21T05:00:00Z,9.13,9.19,9.04,9.05,48140,298,9.08849
2023-12-22T05:00:00Z,9.05,9.19,9.05,9.1,46641,204,9.09591
2023-12-26T05:00:00Z,9.1,9.16,9.08,9.095,46684,290,9.11247
2023-12-27T05:00:00Z,9.08,9.152,9.08,9.148,39829,247,9.12079
2023-12-28T05:00:00Z,9.14,9.18,9.14,9.18,39768,201,9.16402
2023-12-29T05:00:00Z,9.18,9.22,9.1396,9.21,40597,226,9.16909
2024-01-02T05:00:00Z,9.2,9.31,9.1228,9.27,20111,158,9.24753
2024-01-03T05:00:00Z,9.29,9.32,9.25,9.29,29309,150,9.28776
2024-01-04T05:00:00Z,9.3221,9.3581,9.29,9.3,11093,93,9.32428
2024-01-05T05:00:00Z,9.3,9.38,9.25,9.37,29427,189,9.35647
2024-01-08T05:00:00Z,9.4,9.4899,9.38,9.475,27381,232,9.44847
2024-01-09T05:00:00Z,9.37,9.5,9.37,9.5,38102,214,9.46114
2024-01-10T05:00:00Z,9.44,9.63,9.37,9.46,33674,211,9.47324
2024-01-11T05:00:00Z,9.44,9.44,9.285,9.31,15613,147,9.33999
2024-01-12T05:00:00Z,9.26,9.3291,9.2049,9.21,20725,174,9.25868
2024-01-16T05:00:00Z,9.44,9.44,9.09,9.11,25496,134,9.19256
2024-01-17T05:00:00Z,9.05,9.1255,8.95,8.99,21219,119,9.02776
2024-01-18T05:00:00Z,8.93,8.97,8.85,8.87,20900,140,8.90747
2024-01-19T05:00:00Z,8.85,8.8749,8.82,8.84,16390,95,8.84371
2024-01-22T05:00:00Z,8.87,8.92,8.795,8.82,24991,127,8.83708
2024-01-23T05:00:00Z,8.8163,8.855,8.8163,8.85,9184,87,8.84467
2024-01-24T05:00:00Z,8.88,8.88,8.79,8.8099,22162,155,8.81753
2024-01-25T05:00:00Z,8.87,8.89,8.83,8.86,14823,93,8.85976
2024-01-26T05:00:00Z,8.83,8.95,8.8169,8.87,21827,148,8.87354
2024-01-29T05:00:00Z,8.87,9,8.8444,8.96,15884,130,8.91876
2024-01-30T05:00:00Z,9,9.005,8.8801,8.98,14838,131,8.95815
2024-01-31T05:00:00Z,8.98,9.06,8.95,9,26648,200,9.01202
2024-02-01T05:00:00Z,9.19,9.19,8.95,9.07,42958,337,9.03234
2024-02-02T05:00:00Z,9.07,9.07,8.93,8.94,45977,334,8.95763
2024-02-05T05:00:00Z,8.87,8.89,8.8147,8.82,19179,167,8.8501
2024-02-06T05:00:00Z,8.8,8.864,8.79,8.8,12201,81,8.82366
2024-02-07T05:00:00Z,8.8282,8.91,8.815,8.88,12822,102,8.86491
2024-02-08T05:00:00Z,8.89,8.91,8.8,8.86,49281,223,8.85004
2024-02-09T05:00:00Z,8.88,8.88,8.8,8.83,31140,170,8.8336
2024-02-12T05:00:00Z,8.82,8.9,8.82,8.9,10713,96,8.87372
2024-02-13T05:00:00Z,8.86,8.86,8.73,8.8,20363,162,8.78328
2024-02-14T05:00:00Z,8.8,8.86,8.79,8.79,28170,171,8.82704
2024-02-15T05:00:00Z,8.84,8.8762,8.83,8.84,30113,195,8.84646
2024-02-16T05:00:00Z,8.83,8.92,8.8002,8.82,34244,168,8.84445
2024-02-20T05:00:00Z,8.8,8.9099,8.795,8.805,22694,137,8.82849
2024-02-21T05:00:00Z,8.84,8.9,8.8201,8.9,10299,67,8.86039
2024-02-22T05:00:00Z,8.94,8.94,8.85,8.89,27789,269,8.8915
2024-02-23T05:00:00Z,8.86,8.97,8.86,8.9503,19212,114,8.9474
2024-02-26T05:00:00Z,8.92,8.97,8.88,8.88,26251,181,8.90909
2024-02-27T05:00:00Z,8.82,8.9862,8.82,8.95,25948,89,8.91154
2024-02-28T05:00:00Z,8.98,9.02,8.97,8.98,11116,100,8.9959
2024-02-29T05:00:00Z,9.0098,9.0879,9.0098,9.07,17433,122,9.04289
2024-03-01T05:00:00Z,9.11,9.11,8.935,9.02,34121,159,9.0125
2024-03-04T05:00:00Z,8.96,9.2,8.96,9.16,24653,125,9.09958
2024-03-05T05:00:00Z,9.12,9.25,9.1,9.1,27880,207,9.19487
2024-03-06T05:00:00Z,9.25,9.28,9.17,9.22,18069,111,9.23164
2024-03-07T05:00:00Z,9.22,9.3499,9.22,9.23,11361,96,9.26817
2024-03-08T05:00:00Z,9.2448,9.25,9.21,9.25,9817,98,9.22464
2024-03-11T04:00:00Z,9.12,9.2017,8.75,9.2017,15747,101,9.14723
2024-03-12T04:00:00Z,9.1,9.23,9.06,9.15,28164,98,9.12942
2024-03-13T04:00:00Z,9.2,9.23,9.18,9.18,16444,101,9.18987
2024-03-14T04:00:00Z,9.18,9.18,9.08,9.09,18241,145,9.12995
2024-03-15T04:00:00Z,9.12,9.1431,9,9.09,38847,181,9.0873
2024-03-18T04:00:00Z,9.28,9.28,8.99,9.15,15501,115,9.20313
2024-03-19T04:00:00Z,9.14,9.2436,9.14,9.23,4803,56,9.2061
2024-03-20T04:00:00Z,9.3,9.3,9.2,9.2218,25684,145,9.24458
2024-03-21T04:00:00Z,9.2543,9.3095,9.23,9.23,18148,123,9.26979
2024-03-22T04:00:00Z,9.27,9.27,9.202,9.21,11443,96,9.24498
2024-03-25T04:00:00Z,9.27,9.29,9.182,9.24,19988,120,9.21023
2024-03-26T04:00:00Z,9.24,9.2509,9.19,9.19,12293,138,9.21423
2024-03-27T04:00:00Z,9.26,9.39,9.26,9.39,19627,142,9.3071
2024-03-28T04:00:00Z,9.39,9.4699,9.39,9.44,32276,181,9.4416
2024-04-01T04:00:00Z,9.66,9.66,9.38,9.42,26328,188,9.46926
2024-04-02T04:00:00Z,9.42,9.45,9.35,9.37,26803,123,9.39421
2024-04-03T04:00:00Z,9.39,9.39,9.32,9.34,19010,132,9.35779
2024-04-04T04:00:00Z,9.3539,9.3539,9.24,9.26,20790,124,9.30201
2024-04-05T04:00:00Z,9.18,9.28,9.18,9.24,7071,58,9.24034
2024-04-08T04:00:00Z,9.22,9.31,9.22,9.29,15796,61,9.28361
2024-04-09T04:00:00Z,9.27,9.35,9.27,9.3199,26899,140,9.32063
2024-04-10T04:00:00Z,9.3,9.3,9.11,9.135,24821,204,9.1635
2024-04-11T04:00:00Z,9.11,9.15,9.04,9.1,12887,124,9.09819
2024-04-12T04:00:00Z,9.1,9.11,8.98,8.98,17205,136,9.06579
2024-04-15T04:00:00Z,8.99,9.0499,8.81,8.83,52447,294,8.85488
2024-04-16T04:00:00Z,8.87,8.87,8.75,8.81,21275,256,8.79726
2024-04-17T04:00:00Z,8.81,8.88,8.81,8.88,66543,333,8.83807
2024-04-18T04:00:00Z,8.9,8.97,8.89,8.97,32575,162,8.92746
2024-04-19T04:00:00Z,8.95,9.0882,8.95,9.08,26303,167,9.05917
2024-04-22T04:00:00Z,9.15,9.15,8.99,9,544432,1100,9.01989
2024-04-23T04:00:00Z,9.03,9.1432,9.03,9.13,19986,143,9.1164
2024-04-24T04:00:00Z,9.1,9.22,9.056,9.22,48447,280,9.16538
2024-04-25T04:00:00Z,9.15,9.27,9.145,9.26,37067,244,9.20889
2024-04-26T04:00:00Z,9.28,9.28,9.22,9.23,27153,150,9.2429
2024-04-29T04:00:00Z,9.24,9.365,9.24,9.34,57267,221,9.33545
2024-04-30T04:00:00Z,9.34,9.3603,9.28,9.33,28644,179,9.33806
2024-05-01T04:00:00Z,9.37,9.525,9.35,9.46,37213,184,9.4218
2024-05-02T04:00:00Z,9.53,9.55,9.4799,9.54,31961,139,9.52541
2024-05-03T04:00:00Z,9.52,9.67,9.52,9.66,50322,244,9.62578
2024-05-06T04:00:00Z,9.68,9.7314,9.67,9.72,27052,130,9.70821
2024-05-07T04:00:00Z,9.75,9.82,9.7401,9.82,26411,97,9.78257
2024-05-08T04:00:00Z,9.81,9.888,9.81,9.87,42016,119,9.86395
2024-05-09T04:00:00Z,9.9,10.035,9.878,10.02,62084,253,9.9644
2024-05-10T04:00:00Z,9.93,10.0299,9.93,9.975,20370,171,9.99764
2024-05-13T04:00:00Z,10,10,9.97,9.975,17316,105,9.97902
2024-05-14T04:00:00Z,9.97,9.9859,9.933,9.96,15333,102,9.96087
2024-05-15T04:00:00Z,10,10.1,10,10.055,37728,175,10.0755
2024-05-16T04:00:00Z,10.04,10.11,10,10.01,27874,135,10.0723
2024-05-17T04:00:00Z,10.05,10.07,10.0152,10.035,9397,102,10.0473
2024-05-20T04:00:00Z,10,10.07,10,10.04,48354,166,10.0445
2024-05-21T04:00:00Z,10.08,10.16,10.04,10.16,38127,169,10.1184
2024-05-22T04:00:00Z,10.2,10.2001,10.1635,10.1801,66238,349,10.1924
2024-05-23T04:00:00Z,10.12,10.12,9.97,9.97,53578,192,10.033
2024-05-24T04:00:00Z,10.01,10.06,9.9687,10,33551,125,10.0239
2024-05-28T04:00:00Z,9.98,10.1,9.96,9.98,32603,201,9.98566
2024-05-29T04:00:00Z,9.92,9.92,9.83,9.83,29050,152,9.85196
2024-05-30T04:00:00Z,9.83,9.91,9.81,9.905,29855,188,9.88822
2024-05-31T04:00:00Z,9.92,10.04,9.92,10.015,35517,316,10.0052
2024-06-03T04:00:00Z,10.02,10.1,10.02,10.08,51656,258,10.0579
2024-06-04T04:00:00Z,10.05,10.14,10.01,10.1,36729,207,10.0909
2024-06-05T04:00:00Z,10.14,10.14,10.05,10.055,16195,92,10.0716
2024-06-06T04:00:00Z,10.1,10.1,9.98,10.01,17266,155,10.0157
2024-06-07T04:00:00Z,9.99,9.99,9.94,9.955,22182,144,9.96173
2024-06-10T04:00:00Z,9.94,10.01,9.921,9.96,16909,138,9.96998
2024-06-11T04:00:00Z,10.01,10.01,9.9201,10.01,9835,63,9.95941
2024-06-12T04:00:00Z,10.05,10.105,9.9,9.9,27816,188,9.96291
2024-06-13T04:00:00Z,9.89,9.905,9.8686,9.9,22832,105,9.88781
2024-06-14T04:00:00Z,9.9,9.9,9.8109,9.83,13596,104,9.85414
2024-06-17T04:00:00Z,9.85,9.8796,9.74,9.7431,21116,147,9.83017
2024-06-18T04:00:00Z,9.62,9.73,9.61,9.695,18480,128,9.67327
2024-06-20T04:00:00Z,9.62,9.7975,9.62,9.74,18651,125,9.70219
2024-06-21T04:00:00Z,9.77,9.825,9.735,9.735,19398,94,9.78416
2024-06-24T04:00:00Z,9.7,9.9037,9.7,9.75,23950,119,9.84736
2024-06-25T04:00:00Z,9.75,9.82,9.72,9.72,23571,141,9.77842
2024-06-26T04:00:00Z,9.75,9.83,9.721,9.83,13380,100,9.77338
2024-06-27T04:00:00Z,9.85,9.85,9.75,9.83,14156,74,9.77979
2024-06-28T04:00:00Z,9.89,9.9,9.7763,9.82,11709,141,9.81927
2024-07-01T04:00:00Z,9.89,9.89,9.73,9.73,19570,169,9.81061
2024-07-02T04:00:00Z,9.79,9.79,9.72,9.75,12198,112,9.77138
2024-07-03T04:00:00Z,9.72,9.85,9.72,9.803,4642,83,9.80966
2024-07-05T04:00:00Z,9.76,9.83,9.76,9.83,10345,98,9.7998
2024-07-08T04:00:00Z,9.77,9.862,9.77,9.785,18967,155,9.79989
2024-07-09T04:00:00Z,9.74,9.85,9.74,9.805,11792,71,9.80464
2024-07-10T04:00:00Z,9.77,9.8905,9.77,9.865,12056,67,9.85975
2024-07-11T04:00:00Z,9.92,10.014,9.8601,9.99,10393,97,9.97338
2024-07-12T04:00:00Z,10.08,10.09,10.045,10.07,17416,113,10.0654
2024-07-15T04:00:00Z,10.03,10.03,9.92,9.92,23277,181,9.96682
2024-07-16T04:00:00Z,9.89,9.9675,9.89,9.9,6111,51,9.93452
2024-07-17T04:00:00Z,9.98,10.005,9.97,9.97,9234,105,9.98283
2024-07-18T04:00:00Z,9.9782,10.0395,9.92,9.92,12529,139,9.97739
2024-07-19T04:00:00Z,9.86,9.92,9.86,9.895,8136,100,9.89441
2024-07-22T04:00:00Z,9.88,10.04,9.88,10.025,9949,66,10.0204
2024-07-23T04:00:00Z,10,10.05,9.99,9.99,6410,61,10.0329
2024-07-24T04:00:00Z,9.91,10.105,9.91,10.0601,6448,90,10.0333
2024-07-25T04:00:00Z,10.0993,10.1167,10.03,10.05,7484,100,10.0942
2024-07-26T04:00:00Z,10.0401,10.11,10.0401,10.065,6063,40,10.083
2024-07-29T04:00:00Z,10.08,10.14,10.07,10.12,15610,122,10.1056
2024-07-30T04:00:00Z,10.07,10.1984,10.07,10.175,19751,97,10.1424
2024-07-31T04:00:00Z,10.25,10.3,10.19,10.3,23265,182,10.24
2024-08-01T04:00:00Z,10.36,10.48,10.295,10.43,22653,194,10.3747
2024-08-02T04:00:00Z,10.4,10.5385,10.3131,10.36,29696,153,10.4077
2024-08-05T04:00:00Z,10.25,10.25,9.85,10,42296,171,10.0617
2024-08-06T04:00:00Z,10.04,10.195,10.0301,10.1533,11405,83,10.1475
2024-08-07T04:00:00Z,10.21,10.3487,10.2,10.22,42789,147,10.2478
2024-08-08T04:00:00Z,10.29,10.51,10.29,10.37,71544,521,10.3944
2024-08-09T04:00:00Z,10.35,10.41,10.22,10.38,17119,105,10.3249
2024-08-12T04:00:00Z,10.23,10.37,10.23,10.35,16607,73,10.3324
2024-08-13T04:00:00Z,10.356,10.4534,10.35,10.45,23285,78,10.3747
2024-08-14T04:00:00Z,10.3801,10.46,10.37,10.4266,29542,116,10.4042
2024-08-15T04:00:00Z,10.42,10.46,10.3801,10.42,27918,109,10.3981
2024-08-16T04:00:00Z,10.4,10.43,10.37,10.4,23481,167,10.4016
2024-08-19T04:00:00Z,10.44,10.495,10.4001,10.485,17034,117,10.4466
2024-08-20T04:00:00Z,10.463,10.55,10.463,10.5279,12837,92,10.5094
2024-08-21T04:00:00Z,10.51,10.58,10.4807,10.52,13440,73,10.5193
2024-08-22T04:00:00Z,10.5459,10.57,10.51,10.55,15111,115,10.5402
2024-08-23T04:00:00Z,10.55,10.6293,10.55,10.5936,8435,93,10.6036
2024-08-26T04:00:00Z,10.63,10.71,10.6082,10.66,26831,176,10.6388
2024-08-27T04:00:00Z,10.71,10.73,10.63,10.65,38052,193,10.6588
2024-08-28T04:00:00Z,10.62,10.6893,10.59,10.6,20661,153,10.6126
2024-08-29T04:00:00Z,10.6166,10.64,10.6001,10.64,8150,57,10.6291
2024-08-30T04:00:00Z,10.65,10.75,10.65,10.75,16552,167,10.6941
2024-09-03T04:00:00Z,10.76,10.78,10.67,10.75,63425,317,10.729
2024-09-04T04:00:00Z,10.79,10.91,10.79,10.87,32159,210,10.8638
2024-09-05T04:00:00Z,10.875,10.88,10.81,10.81,24341,169,10.85
2024-09-06T04:00:00Z,10.9,10.9,10.72,10.72,22780,145,10.7861
2024-09-09T04:00:00Z,10.76,10.835,10.7,10.801,23201,147,10.7702
2024-09-10T04:00:00Z,10.89,10.9699,10.85,10.86,24855,177,10.9021
2024-09-11T04:00:00Z,10.85,10.91,10.82,10.87,8384,101,10.8687
2024-09-12T04:00:00Z,10.74,10.94,10.74,10.927,15521,134,10.9114
2024-09-13T04:00:00Z,10.87,10.98,10.87,10.96,12217,121,10.9449
2024-09-16T04:00:00Z,10.98,11.0183,10.955,11,43058,220,10.9908
2024-09-17T04:00:00Z,11.03,11.03,10.91,10.97,35887,194,10.988
2024-09-18T04:00:00Z,10.96,11.0431,10.93,10.93,23982,139,10.9527
2024-09-19T04:00:00Z,10.88,10.936,10.85,10.86,21408,156,10.8685
2024-09-20T04:00:00Z,10.94,11.03,10.94,11,25544,188,11.0033
2024-09-23T04:00:00Z,11.02,11.139,11.02,11.07,39024,278,11.0839
2024-09-24T04:00:00Z,11.07,11.13,11.0514,11.08,27065,163,11.1031
2024-09-25T04:00:00Z,11.14,11.14,10.9701,11.01,18467,71,11.02
2024-09-26T04:00:00Z,11.07,11.12,11.0013,11.025,10445,117,11.0924
2024-09-27T04:00:00Z,11.06,11.16,10.98,11.06,41276,275,11.1308
2024-09-30T04:00:00Z,11.11,11.16,11.11,11.16,54206,394,11.1273
2024-10-01T04:00:00Z,11.21,11.28,11.1655,11.27,30692,305,11.2312
2024-10-02T04:00:00Z,11.17,11.27,11.17,11.193,32499,251,11.2117
2024-10-03T04:00:00Z,11.22,11.255,10.74,11.15,30948,172,11.1182
2024-10-04T04:00:00Z,11.13,11.1641,11.07,11.11,46744,314,11.1106
2024-10-07T04:00:00Z,11.09,11.1,10.97,10.999,90425,473,11.0368
2024-10-08T04:00:00Z,10.97,11.065,10.97,11.037,21234,201,11.0426
2024-10-09T04:00:00Z,11.01,11.01,10.9512,10.99,18509,149,10.9745
2024-10-10T04:00:00Z,10.99,11.0499,10.88,10.88,13834,120,10.9368
2024-10-11T04:00:00Z,10.88,11.02,10.88,11.01,14325,95,10.9664
2024-10-14T04:00:00Z,11.01,11.1535,11.01,11.13,14590,102,11.1041
2024-10-15T04:00:00Z,11.07,11.24,11.07,11.07,18033,126,11.1828
2024-10-16T04:00:00Z,11.11,11.33,11.11,11.33,11648,115,11.2657
2024-10-17T04:00:00Z,11.31,11.3589,11.1701,11.2,21587,184,11.2768
2024-10-18T04:00:00Z,11.225,11.27,11.2,11.215,21703,121,11.2412
2024-10-21T04:00:00Z,11.24,11.3273,11.21,11.216,6632,50,11.2247
2024-10-22T04:00:00Z,11.12,11.17,11.0901,11.164,9968,92,11.1354
2024-10-23T04:00:00Z,11.16,11.3,11.12,11.18,15314,93,11.18
2024-10-24T04:00:00Z,11.18,11.3,11.14,11.15,18719,77,11.2002
2024-10-25T04:00:00Z,11.2,11.2,11.1,11.11,23872,142,11.1226
2024-10-28T04:00:00Z,11.11,11.21,11.11,11.2,17592,184,11.1835
2024-10-29T04:00:00Z,11.11,11.11,11.05,11.05,29506,149,11.0655
2024-10-30T04:00:00Z,11.055,11.055,10.9486,10.96,18378,82,10.9693
2024-10-31T04:00:00Z,10.88,11.0932,10.86,11.04,24823,201,10.9767
2024-11-01T04:00:00Z,11.12,11.12,10.86,10.8801,20937,150,11.0226
2024-11-04T05:00:00Z,10.93,10.93,10.71,10.74,23179,160,10.7777
2024-11-05T05:00:00Z,10.71,10.83,10.68,10.8001,18228,135,10.739
2024-11-06T05:00:00Z,10.69,10.7655,10.62,10.62,47818,423,10.6846
2024-11-07T05:00:00Z,10.62,10.72,10.62,10.66,23213,154,10.6654
2024-11-08T05:00:00Z,10.62,10.8372,10.62,10.83,21927,174,10.784
2024-11-11T05:00:00Z,10.82,10.96,10.82,10.87,21670,85,10.925
2024-11-12T05:00:00Z,10.76,10.7701,10.76,10.77,22797,92,10.7613
2024-11-13T05:00:00Z,10.67,10.8,10.66,10.685,33983,202,10.7189
2024-11-14T05:00:00Z,10.66,10.75,10.66,10.725,24583,135,10.722
2024-11-15T05:00:00Z,10.73,10.8,10.72,10.7508,5786,63,10.7394
2024-11-18T05:00:00Z,10.79,10.9362,10.75,10.88,10450,89,10.878
2024-11-19T05:00:00Z,10.88,10.99,10.8301,10.94,15847,71,10.9411
2024-11-20T05:00:00Z,10.97,11.0203,10.93,10.955,9454,68,10.9677
2024-11-21T05:00:00Z,10.93,11.0939,10.93,11.08,12601,61,11.0272
2024-11-22T05:00:00Z,11.1,11.15,11.052,11.052,23422,153,11.0944
2024-11-25T05:00:00Z,11.15,11.1792,11.04,11.0864,6787,76,11.1105
2024-11-26T05:00:00Z,11.04,11.18,11.04,11.18,15881,103,11.1479
2024-11-27T05:00:00Z,11.22,11.28,11.13,11.17,18848,155,11.2301
2024-11-29T05:00:00Z,11.24,11.25,11.17,11.24,16541,165,11.2041
2024-12-02T05:00:00Z,11.25,11.25,11.16,11.16,19236,175,11.1839
2024-12-03T05:00:00Z,11.16,11.19,11.1101,11.13,28099,176,11.14
2024-12-04T05:00:00Z,11.13,11.16,11.1,11.1,12500,96,11.1256
2024-12-05T05:00:00Z,11.07,11.14,11.07,11.1274,6041,56,11.1215
2024-12-06T05:00:00Z,11.07,11.13,11.07,11.07,18474,145,11.085
2024-12-09T05:00:00Z,11.06,11.06,10.95,10.95,36285,285,11.0012
2024-12-10T05:00:00Z,10.95,10.95,10.834,10.91,80205,399,10.9117
2024-12-11T05:00:00Z,10.937,10.96,10.85,10.85,51323,257,10.8934
2024-12-12T05:00:00Z,10.8,10.86,10.69,10.7,28154,162,10.7919
2024-12-13T05:00:00Z,10.7,10.76,10.7,10.74,13604,263,10.7402
2024-12-16T05:00:00Z,10.71,10.74,10.64,10.64,31166,343,10.7135
2024-12-17T05:00:00Z,10.64,10.6482,10.51,10.52,13423,172,10.5708
2024-12-18T05:00:00Z,10.52,10.65,10.405,10.43,41234,252,10.5234
2024-12-19T05:00:00Z,10.42,10.55,10.4008,10.48,52994,351,10.4643
2024-12-20T05:00:00Z,10.4709,10.68,10.4676,10.62,19826,128,10.596
2024-12-23T05:00:00Z,10.58,10.72,10.58,10.71,11632,53,10.63
2024-12-24T05:00:00Z,10.75,10.75,10.6849,10.72,8902,68,10.7227
2024-12-26T05:00:00Z,10.72,10.75,10.7039,10.75,14676,76,10.7315
2024-12-27T05:00:00Z,10.67,10.75,10.65,10.715,19280,155,10.6953
2024-12-30T05:00:00Z,10.7,10.7,10.5851,10.63,16723,91,10.6379
2024-12-31T05:00:00Z,10.68,10.7332,10.68,10.72,21857,178,10.6958
2025-01-02T05:00:00Z,10.81,10.8841,10.74,10.77,32162,224,10.7942
2025-01-03T05:00:00Z,10.81,10.89,10.79,10.82,24112,117,10.8467
2025-01-06T05:00:00Z,10.91,10.91,10.71,10.78,38790,176,10.7853
2025-01-07T05:00:00Z,10.8,10.8171,10.6804,10.73,45964,300,10.7602
2025-01-08T05:00:00Z,10.75,10.8599,10.662,10.79,26041,177,10.7146
2025-01-10T05:00:00Z,10.68,11.04,10.68,11,220127,730,10.9347
2025-01-13T05:00:00Z,10.9,11.0478,10.77,10.86,32388,172,10.8531
2025-01-14T05:00:00Z,10.83,10.99,10.68,10.71,30038,269,10.7873
2025-01-15T05:00:00Z,10.78,11,10.78,10.894,14287,120,10.9387
2025-01-16T05:00:00Z,10.98,11.08,10.98,11.075,17601,136,11.0532
2025-01-17T05:00:00Z,11.08,11.1764,11.07,11.1,12708,92,11.1491
2025-01-21T05:00:00Z,11.11,11.22,11.11,11.2,52858,269,11.1733
2025-01-22T05:00:00Z,11.32,11.32,11.05,11.05,34420,184,11.1556
2025-01-23T05:00:00Z,11.05,11.1648,11.0301,11.12,24240,174,11.0864
2025-01-24T05:00:00Z,11.1,11.2,11.1,11.195,14371,115,11.1724
2025-01-27T05:00:00Z,11.14,11.14,10.9301,11.01,39711,222,11.016
2025-01-28T05:00:00Z,11.01,11.0415,10.9,10.95,25849,142,10.9328
2025-01-29T05:00:00Z,10.93,11.0132,10.93,10.94,12455,76,10.9555
2025-01-30T05:00:00Z,11.02,11.06,10.94,11.035,27717,119,11.0126
2025-01-31T05:00:00Z,11.09,11.18,11.05,11.16,24715,173,11.1372
2025-02-03T05:00:00Z,11.02,11.18,11.02,11.15,14953,126,11.0886
2025-02-04T05:00:00Z,11.08,11.13,11.05,11.08,17718,129,11.0805
2025-02-05T05:00:00Z,11.1,11.15,11.05,11.12,13908,80,11.1021
2025-02-06T05:00:00Z,11.12,11.125,11.07,11.125,16527,115,11.1067
2025-02-07T05:00:00Z,11.12,11.1796,11.075,11.0894,26014,115,11.1311
2025-02-10T05:00:00Z,11.07,11.2299,11.07,11.165,47082,222,11.1935
2025-02-11T05:00:00Z,11.16,11.25,11.13,11.22,20105,127,11.2179
2025-02-12T05:00:00Z,11.17,11.24,11.1505,11.22,15701,108,11.2052
2025-02-13T05:00:00Z,11.21,11.22,11.18,11.2,13274,79,11.1961
2025-02-14T05:00:00Z,11.16,11.235,11.15,11.15,25646,121,11.1826
2025-02-18T05:00:00Z,11.06,11.26,11.06,11.26,45046,132,11.2023
2025-02-19T05:00:00Z,11.23,11.39,11.23,11.39,18221,102,11.287
2025-02-20T05:00:00Z,11.32,11.37,11.27,11.334,13329,91,11.3314
2025-02-21T05:00:00Z,11.3933,11.43,11.3151,11.42,25985,162,11.3671
2025-02-24T05:00:00Z,11.44,11.44,11.25,11.26,7657,52,11.2841
2025-02-25T05:00:00Z,11.3,11.3,11.1107,11.15,27345,147,11.1545
2025-02-26T05:00:00Z,11.18,11.3208,11.18,11.25,13255,89,11.2354
2025-02-27T05:00:00Z,11.22,11.22,11,11,19757,134,11.1191
2025-02-28T05:00:00Z,11,11.3,10.9,11.26,71114,396,11.0957
2025-03-03T05:00:00Z,11.22,11.3,11,11.03,105904,427,11.0877
2025-03-04T05:00:00Z,11.04,11.16,10.9001,10.92,43770,240,11.0048
2025-03-05T05:00:00Z,10.86,10.95,10.75,10.835,20012,134,10.8306
2025-03-06T05:00:00Z,10.79,10.79,10.48,10.55,105470,410,10.553
2025-03-07T05:00:00Z,10.54,10.72,10.52,10.72,58802,245,10.6467
2025-03-10T04:00:00Z,10.72,10.852,10.72,10.8278,35242,163,10.8064
2025-03-11T04:00:00Z,10.85,10.8695,10.76,10.82,28775,115,10.8095
2025-03-12T04:00:00Z,10.77,10.9135,10.77,10.84,25955,119,10.8274
2025-03-13T04:00:00Z,10.78,10.79,10.7,10.79,27833,164,10.7577
2025-03-14T04:00:00Z,10.8,10.8862,10.8,10.83,26733,106,10.8276
2025-03-17T04:00:00Z,10.87,11.0241,10.87,10.91,23647,112,10.9441
2025-03-18T04:00:00Z,10.9,10.9,10.81,10.81,8051,64,10.8397
2025-03-19T04:00:00Z,10.83,10.9224,10.82,10.85,19083,87,10.845
2025-03-20T04:00:00Z,10.85,10.9799,10.845,10.89,13403,53,10.8786
2025-03-21T04:00:00Z,10.85,10.935,10.85,10.88,10186,48,10.8932
2025-03-24T04:00:00Z,10.916,11,10.8801,10.914,12153,63,10.9345
2025-03-25T04:00:00Z,10.92,10.92,10.78,10.81,24924,210,10.8458
2025-03-26T04:00:00Z,10.89,10.89,10.83,10.84,6491,79,10.8521
2025-03-27T04:00:00Z,10.79,10.9217,10.79,10.885,8299,65,10.905
2025-03-28T04:00:00Z,10.87,10.9586,10.87,10.92,11540,80,10.9279
2025-03-31T04:00:00Z,10.9,11.0602,10.8959,11.02,17818,168,10.975
2025-04-01T04:00:00Z,11.07,11.0706,10.95,11.0545,21586,97,11.0097
2025-04-02T04:00:00Z,11,11.15,10.995,11.0917,12644,100,11.0842
2025-04-03T04:00:00Z,11.01,11.11,11.01,11.05,16400,74,11.0463
2025-04-04T04:00:00Z,11.04,11.04,10.43,10.52,50181,380,10.625
2025-04-07T04:00:00Z,10.34,10.53,9.98,9.98,61248,237,10.2011
2025-04-08T04:00:00Z,10.43,10.5022,10.09,10.145,21813,119,10.2903
2025-04-09T04:00:00Z,10.08,10.4,10.0022,10.355,32019,169,10.1464
2025-04-10T04:00:00Z,10.36,10.3991,10.145,10.305,12930,122,10.3203
2025-04-11T04:00:00Z,10.17,10.34,10.1151,10.29,15092,172,10.2215
2025-04-14T04:00:00Z,10.56,10.6,10.4536,10.4897,15084,120,10.5302
2025-04-15T04:00:00Z,10.51,10.6499,10.51,10.59,12624,102,10.6097
2025-04-16T04:00:00Z,10.55,10.64,10.4501,10.51,16917,115,10.5595
2025-04-17T04:00:00Z,10.6,10.6999,10.55,10.6,15298,103,10.6121
2025-04-21T04:00:00Z,10.45,10.535,10.26,10.33,15779,117,10.3649
2025-04-22T04:00:00Z,10.37,10.58,10.37,10.58,23286,133,10.511
2025-04-23T04:00:00Z,10.66,10.77,10.59,10.59,28740,177,10.6578
2025-04-24T04:00:00Z,10.65,10.65,10,10.6,48300,293,10.5999
2025-04-25T04:00:00Z,10.67,10.7488,10.58,10.64,16839,81,10.6219
2025-04-28T04:00:00Z,10.687,10.69,10.61,10.69,8603,65,10.6616
2025-04-29T04:00:00Z,10.7,10.79,10.7,10.79,15257,115,10.7584
2025-04-30T04:00:00Z,10.7,10.82,10.65,10.82,16683,179,10.7326
2025-05-01T04:00:00Z,10.94,10.9981,10.82,10.935,15751,144,10.9377
2025-05-02T04:00:00Z,11,11,10.56,10.99,22612,124,10.9688
2025-05-05T04:00:00Z,10.98,10.99,10.915,10.97,14114,112,10.9637
2025-05-06T04:00:00Z,10.9908,11.1863,10.9908,11.17,20850,114,11.1268
2025-05-07T04:00:00Z,11.18,11.22,11.07,11.165,8582,93,11.1606
2025-05-08T04:00:00Z,11.2,11.2105,11.1,11.1,8914,70,11.1333
2025-05-09T04:00:00Z,11.08,11.1335,11.07,11.09,5406,62,11.0925
2025-05-12T04:00:00Z,11.28,11.28,10.9001,10.99,9651,87,11.0157
2025-05-13T04:00:00Z,10.96,11.0426,10.96,10.98,9210,54,10.9987
2025-05-14T04:00:00Z,11.0936,11.0936,10.92,10.96,28599,109,10.9489
2025-05-15T04:00:00Z,10.96,11.15,10.96,11.1,19310,99,11.0657
2025-05-16T04:00:00Z,11.1,11.3,11.0896,11.25,11726,92,11.2326
2025-05-19T04:00:00Z,11.24,11.345,11.1,11.345,14652,91,11.2866
2025-05-20T04:00:00Z,11.22,11.41,11.22,11.39,9240,68,11.345
2025-05-21T04:00:00Z,11.39,11.39,11.2288,11.23,19058,106,11.3008
2025-05-22T04:00:00Z,11.17,11.18,10.91,11.02,27493,168,11.0142
2025-05-23T04:00:00Z,11,11.13,10.95,11.13,17830,120,11.0569
2025-05-27T04:00:00Z,11.22,11.2538,11.15,11.2,15575,66,11.188
2025-05-28T04:00:00Z,11.25,11.25,11.04,11.04,10909,115,11.1041
2025-05-29T04:00:00Z,11.1,11.16,11.09,11.1425,12905,82,11.1218
2025-05-30T04:00:00Z,11.22,11.37,11.1909,11.36,16784,184,11.2881
2025-06-02T04:00:00Z,11.39,11.39,11.2663,11.33,19728,143,11.3231
2025-06-03T04:00:00Z,11.4,11.52,11.38,11.52,39578,323,11.4377
2025-06-04T04:00:00Z,11.52,11.52,11.4,11.41,14099,66,11.4665
2025-06-05T04:00:00Z,11.44,11.44,11.25,11.29,24518,139,11.2959
2025-06-06T04:00:00Z,11.29,11.3,11.26,11.3,20947,106,11.2749
2025-06-09T04:00:00Z,11.34,11.34,11.27,11.27,17032,108,11.3007
2025-06-10T04:00:00Z,11.32,11.32,11.28,11.28,9375,72,11.3084
2025-06-11T04:00:00Z,11.42,11.42,11.28,11.3138,7512,47,11.3465
2025-06-12T04:00:00Z,11.3,11.3879,11.3,11.3817,7468,45,11.3329
2025-06-13T04:00:00Z,11.22,11.36,11.22,11.35,5281,48,11.3255
2025-06-16T04:00:00Z,11.3999,11.43,11.38,11.38,14895,108,11.3979
2025-06-17T04:00:00Z,11.35,11.35,11.2601,11.3375,5556,62,11.2885
2025-06-18T04:00:00Z,11.37,11.47,11.32,11.32,21436,130,11.3854
2025-06-20T04:00:00Z,11.3917,11.3924,11.28,11.33,9729,55,11.3161
2025-06-23T04:00:00Z,11.28,11.3983,11.275,11.36,21765,132,11.3352
2025-06-24T04:00:00Z,11.31,11.463,11.31,11.4599,20978,189,11.4347
2025-06-25T04:00:00Z,11.47,11.47,11.42,11.42,18263,103,11.4248
2025-06-26T04:00:00Z,11.44,11.446,11.3162,11.36,20445,133,11.3954
2025-06-27T04:00:00Z,11.38,11.57,11.38,11.47,19866,151,11.4766
2025-06-30T04:00:00Z,11.5,11.58,11.47,11.55,31033,183,11.5132
2025-07-01T04:00:00Z,11.6,11.6,11.5,11.53,32519,212,11.5386
2025-07-02T04:00:00Z,11.54,11.57,11.4694,11.5567,22912,114,11.5496
2025-07-03T04:00:00Z,11.54,11.54,11.49,11.5193,10583,71,11.5162
2025-07-07T04:00:00Z,11.55,11.56,11.5,11.5589,14917,109,11.5395
2025-07-08T04:00:00Z,11.55,11.564,11.5,11.545,37784,127,11.5244
2025-07-09T04:00:00Z,11.56,11.65,11.46,11.58,8912,65,11.5634
2025-07-10T04:00:00Z,11.61,11.675,11.5701,11.65,57930,256,11.6253
2025-07-11T04:00:00Z,11.62,11.62,11.5,11.54,21176,120,11.5222
2025-07-14T04:00:00Z,11.65,11.68,11.51,11.5799,21581,104,11.6016
2025-07-15T04:00:00Z,11.59,11.59,11.5,11.53,18863,134,11.5411
2025-07-16T04:00:00Z,11.56,11.6385,11.53,11.54,17401,76,11.5493
2025-07-17T04:00:00Z,11.54,11.6347,11.5201,11.5301,13081,72,11.5446
2025-07-18T04:00:00Z,11.5,11.6999,11.5,11.6452,20646,162,11.6147
2025-07-21T04:00:00Z,11.68,11.74,11.68,11.74,20493,141,11.7147
2025-07-22T04:00:00Z,11.72,11.85,11.6875,11.85,25890,169,11.7495
2025-07-23T04:00:00Z,11.88,11.96,11.82,11.95,41151,273,11.8783
2025-07-24T04:00:00Z,11.95,11.95,11.8,11.8,27378,148,11.8811
2025-07-25T04:00:00Z,11.77,11.8613,11.77,11.8,16118,110,11.8232
2025-07-28T04:00:00Z,11.82,11.82,11.73,11.7379,23354,119,11.7776
2025-07-29T04:00:00Z,11.76,11.89,11.7357,11.775,17682,103,11.7863
2025-07-30T04:00:00Z,11.78,11.91,11.78,11.88,17683,127,11.8557
2025-07-31T04:00:00Z,11.83,11.9323,11.83,11.93,22581,167,11.9045
2025-08-01T04:00:00Z,12,12,11.9,11.945,21842,161,11.9457
2025-08-04T04:00:00Z,11.94,12.07,11.94,12.03,24011,208,12.0468
2025-08-05T04:00:00Z,12.06,12.18,12.06,12.18,39375,306,12.1287
2025-08-06T04:00:00Z,12.18,12.18,12.06,12.09,43039,216,12.0884
2025-08-07T04:00:00Z,12.12,12.2,12.1,12.1,35919,233,12.1292
2025-08-08T04:00:00Z,12.1386,12.18,12.12,12.125,37879,200,12.1594
2025-08-11T04:00:00Z,12.05,12.075,11.86,11.87,46454,341,11.9307
2025-08-12T04:00:00Z,11.91,12,11.88,11.9817,24747,160,11.9502
2025-08-13T04:00:00Z,12,12.0513,11.88,11.89,26476,144,11.9523
2025-08-14T04:00:00Z,11.95,12.0212,11.93,12,20111,160,11.9918
2025-08-15T04:00:00Z,12.02,12.1,11.87,12.09,41666,225,11.9906
2025-08-18T04:00:00Z,12.09,12.0978,11.97,12,12534,115,12.0416
2025-08-19T04:00:00Z,12.02,12.0435,11.9307,11.9307,9863,94,11.9993
2025-08-20T04:00:00Z,11.93,12.0291,11.93,11.93,30522,180,11.9849
2025-08-21T04:00:00Z,11.99,11.99,11.9346,11.97,18659,116,11.965
2025-08-22T04:00:00Z,11.97,12.07,11.97,12.05,7810,76,12.0172
2025-08-25T04:00:00Z,12.08,12.08,11.9901,12.08,27536,143,12.0451
2025-08-26T04:00:00Z,12.02,12.0895,12.02,12.08,15753,94,12.0595
2025-08-27T04:00:00Z,12.1,12.11,12.07,12.11,23469,197,12.1039
2025-08-28T04:00:00Z,12.08,12.1,12.04,12.04,36551,144,12.0583
2025-08-29T04:00:00Z,12.01,12.13,11.95,12.02,27488,228,12.0173
2025-09-02T04:00:00Z,12.06,12.07,11.95,11.954,36256,275,11.9879
2025-09-03T04:00:00Z,11.97,12.14,11.93,11.95,14750,164,11.9549
2025-09-04T04:00:00Z,11.97,12.0696,11.9001,11.934,26652,188,11.9572
2025-09-05T04:00:00Z,11.93,11.9898,11.86,11.97,18879,175,11.9288
2025-09-08T04:00:00Z,11.97,11.9894,11.92,11.93,23326,189,11.9488
2025-09-09T04:00:00Z,11.99,12.05,11.94,12.04,45917,240,12.0037
2025-09-10T04:00:00Z,12.06,12.12,12.05,12.12,33715,208,12.0843
2025-09-11T04:00:00Z,12.11,12.1337,12.03,12.12,31865,207,12.095
2025-09-12T04:00:00Z,12,12.08,12,12.07,6049,72,12.058
2025-09-15T04:00:00Z,12.09,12.14,12.079,12.12,17382,115,12.1185
2025-09-16T04:00:00Z,12.14,12.14,12.01,12.12,33163,225,12.0981
2025-09-17T04:00:00Z,12.05,12.12,12.02,12.06,11259,125,12.0723
2025-09-18T04:00:00Z,12.04,12.11,11.9828,12.07,11347,93,12.05
2025-09-19T04:00:00Z,12.03,12.12,12.03,12.11,10789,73,12.0818
2025-09-22T04:00:00Z,12.11,12.14,12.0758,12.14,14401,100,12.1192
2025-09-23T04:00:00Z,12.14,12.15,12.12,12.14,6901,61,12.1419
2025-09-24T04:00:00Z,12.15,12.15,12.01,12.15,8144,88,12.1293
2025-09-25T04:00:00Z,12.15,12.15,12.1,12.1,9313,72,12.1211
2025-09-26T04:00:00Z,12.11,12.15,12.11,12.15,15473,108,12.143
2025-09-29T04:00:00Z,12.15,12.2207,12.15,12.17,27436,178,12.1693
2025-09-30T04:00:00Z,12.22,12.38,12.17,12.38,42346,376,12.2458
2025-10-01T04:00:00Z,12.37,12.5499,12.33,12.49,42770,349,12.4076
2025-10-02T04:00:00Z,12.49,12.6807,12.4516,12.5,34048,215,12.5301
2025-10-03T04:00:00Z,12.54,12.72,12.52,12.67,25604,210,12.6341
2025-10-06T04:00:00Z,12.69,12.87,12.668,12.75,46268,280,12.7475
2025-10-07T04:00:00Z,12.79,13.07,12.79,13.07,39579,330,12.9286
2025-10-08T04:00:00Z,13,13,12.8616,12.986,36262,254,12.9783
2025-10-09T04:00:00Z,12.99,13.043,12.8512,12.97,33247,204,12.9692
2025-10-10T04:00:00Z,12.92,12.9446,12.62,12.72,46567,302,12.8216
2025-10-13T04:00:00Z,12.65,12.7696,12.65,12.73,22712,185,12.7131
2025-10-14T04:00:00Z,12.69,12.7318,12.58,12.69,22086,150,12.6789
2025-10-15T04:00:00Z,12.75,12.83,12.75,12.77,18719,156,12.7893
2025-10-16T04:00:00Z,12.79,12.9,12.65,12.65,12531,116,12.7384
2025-10-17T04:00:00Z,12.65,12.7,12.61,12.61,17608,109,12.6398
2025-10-20T04:00:00Z,12.6,12.7699,12.6,12.71,22613,106,12.7236
2025-10-21T04:00:00Z,12.71,12.77,12.62,12.65,13898,115,12.6658
2025-10-22T04:00:00Z,12.65,12.725,12.65,12.67,6577,63,12.6786
2025-10-23T04:00:00Z,12.65,12.8,12.65,12.66,5208,64,12.736
2025-10-24T04:00:00Z,12.66,12.8039,12.66,12.763,10224,73,12.7678
2025-10-27T04:00:00Z,12.83,12.91,12.6993,12.79,17786,133,12.8208
2025-10-28T04:00:00Z,12.87,12.87,12.68,12.68,29511,170,12.7702
2025-10-29T04:00:00Z,12.68,12.8783,12.68,12.73,24475,94,12.7809
2025-10-30T04:00:00Z,12.68,12.84,12.68,12.77,7174,88,12.7753
2025-10-31T04:00:00Z,12.87,12.91,12.77,12.91,19034,262,12.8422
2025-11-03T05:00:00Z,12.98,12.98,12.78,12.95,29601,328,12.895
2025-11-04T05:00:00Z,12.95,12.95,12.8,12.95,28359,206,12.9361
2025-11-05T05:00:00Z,12.97,12.97,12.91,12.92,11733,119,12.9301
2025-11-06T05:00:00Z,12.92,13,12.92,12.94,26393,153,12.9576
2025-11-07T05:00:00Z,12.94,12.945,12.7301,12.76,32629,187,12.8157
2025-11-10T05:00:00Z,12.8,12.85,12.73,12.8,21173,121,12.7923
2025-11-11T05:00:00Z,12.81,12.85,12.72,12.75,11269,86,12.7816
2025-11-12T05:00:00Z,12.83,12.84,12.73,12.78,11546,110,12.7824
2025-11-13T05:00:00Z,12.73,12.73,12.6,12.62,19016,155,12.6569
2025-11-14T05:00:00Z,12.56,12.61,12.41,12.6,17073,113,12.5454
2025-11-17T05:00:00Z,12.51,12.6699,12.39,12.59,25671,152,12.607
2025-11-18T05:00:00Z,12.6242,12.6242,12.5,12.51,22585,131,12.5666
2025-11-19T05:00:00Z,12.61,12.61,12.4502,12.4502,3977,65,12.5453
2025-11-20T05:00:00Z,12.6,12.615,12.3101,12.36,25315,159,12.4731
2025-11-21T05:00:00Z,12.3,12.39,12.28,12.31,28791,124,12.3189
2025-11-24T05:00:00Z,12.25,12.3399,12.16,12.22,57122,277,12.2295
2025-11-25T05:00:00Z,12.23,12.376,12.182,12.22,32532,192,12.2436
2025-11-26T05:00:00Z,12.28,12.46,12.27,12.363,23815,182,12.3522
2025-11-28T05:00:00Z,12.42,12.5456,12.42,12.54,19426,155,12.5034
2025-12-01T05:00:00Z,12.55,12.55,12.2601,12.38,36103,294,12.4043
2025-12-02T05:00:00Z,12.32,12.41,12.26,12.26,16341,173,12.3038
2025-12-03T05:00:00Z,12.3535,12.3535,12.2,12.21,16843,125,12.2378
2025-12-04T05:00:00Z,12.31,12.31,12.2,12.266,22478,168,12.2558
2025-12-05T05:00:00Z,12.2577,12.27,12.13,12.14,13887,118,12.1847
2025-12-08T05:00:00Z,12.14,12.15,11.91,11.95,41028,302,12.0027
2025-12-09T05:00:00Z,11.94,11.99,11.83,11.872,23065,175,11.9245
2025-12-10T05:00:00Z,11.9,11.915,11.825,11.843,20945,168,11.8662
2025-12-11T05:00:00Z,11.78,11.86,11.77,11.773,35755,146,11.8141
2025-12-12T05:00:00Z,11.79,11.8486,11.71,11.7599,13698,139,11.7825
2025-12-15T05:00:00Z,11.75,11.8391,11.72,11.76,17525,169,11.7609
2025-12-16T05:00:00Z,11.77,11.805,11.66,11.696,31017,214,11.6945
2025-12-17T05:00:00Z,11.72,11.72,11.56,11.61,18790,166,11.6372
2025-12-18T05:00:00Z,11.65,11.7499,11.64,11.7,52002,178,11.7221
2025-12-19T05:00:00Z,11.71,11.76,11.7001,11.75,39969,221,11.7423
2025-12-22T05:00:00Z,11.74,11.742,11.6601,11.72,22158,131,11.7126
2025-12-23T05:00:00Z,11.7,11.7745,11.67,11.7381,14411,92,11.7346
2025-12-24T05:00:00Z,11.735,11.78,11.735,11.77,9237,99,11.7675
2025-12-26T05:00:00Z,11.78,11.787,11.76,11.76,6599,90,11.7742
2025-12-29T05:00:00Z,11.79,11.86,11.7601,11.8125,15940,99,11.8116
2025-12-30T05:00:00Z,11.8,11.86,11.8,11.8282,21071,169,11.8374
2025-12-31T05:00:00Z,11.85,11.9,11.75,11.82,12281,226,11.8495
