timestamp,open,high,low,close,volume,tradeCount,vwap
2019-02-19T05:00:00Z,15.05,15.05,15.05,15.05,100,1,15.05
2019-02-20T05:00:00Z,15.0426,15.11,15.0426,15.1074,3606,11,15.0942
2019-02-21T05:00:00Z,15.05,15.65,14.95,15.19,28789,157,15.3311
2019-02-22T05:00:00Z,15,15.0024,14.08,14.12,35322,101,14.581
2019-02-25T05:00:00Z,14.2,14.299,13.15,13.15,100020,363,13.7199
2019-02-26T05:00:00Z,13.2,13.4,12.375,12.74,133319,538,12.7422
2019-02-27T05:00:00Z,12.7,13.57,12.25,13.3,142326,586,12.5092
2019-02-28T05:00:00Z,13.6,13.94,13.1,13.48,119803,384,13.5757
2019-03-01T05:00:00Z,13.15,13.6,13.15,13.43,29044,56,13.4609
2019-03-04T05:00:00Z,13.42,13.54,12.6,13.46,110267,393,13.0981
2019-03-05T05:00:00Z,13.3,13.4084,12.5102,13.1551,111702,419,13.0499
2019-03-06T05:00:00Z,12.92,13.25,12.85,12.85,73193,277,13.0363
2019-03-07T05:00:00Z,12.85,12.9986,12.6,12.78,93025,233,12.8542
2019-03-08T05:00:00Z,12.88,13.5699,12.75,12.95,70516,210,12.9408
2019-03-11T04:00:00Z,12.87,13.2435,12.78,13.16,56573,229,12.9737
2019-03-12T04:00:00Z,13.2,13.4604,12.75,13,85945,325,13.0047
2019-03-13T04:00:00Z,13,13.149,12.76,12.95,142621,512,12.957
2019-03-14T04:00:00Z,12.82,13.04,12.8015,12.98,73677,190,12.9027
2019-03-15T04:00:00Z,12.91,13.1,12.83,12.85,109680,318,12.9297
2019-03-18T04:00:00Z,12.95,13,12.77,12.83,161174,597,12.8859
2019-03-19T04:00:00Z,12.86,13.05,12.85,12.9,123558,450,12.9286
2019-03-20T04:00:00Z,12.93,13.126,12.77,12.92,178872,455,12.9314
2019-03-21T04:00:00Z,12.83,13,12.7,12.94,124040,400,12.8803
2019-03-22T04:00:00Z,12.93,12.93,12.75,12.8499,54487,153,12.8145
2019-03-25T04:00:00Z,13,13,12.62,12.7601,105407,305,12.7181
2019-03-26T04:00:00Z,12.77,12.95,12.75,12.92,94405,224,12.8369
2019-03-27T04:00:00Z,12.84,13.05,12.84,12.99,57008,145,12.952
2019-03-28T04:00:00Z,12.95,13.04,12.89,13,37401,119,12.9805
2019-03-29T04:00:00Z,12.94,13.0862,12.85,12.92,52025,216,12.9486
2019-04-01T04:00:00Z,12.95,13.1,12.9,12.98,61242,145,12.9905
2019-04-02T04:00:00Z,12.91,12.9822,12.86,12.95,73122,252,12.9379
2019-04-03T04:00:00Z,12.99,13.19,12.98,13.02,47922,210,13.0574
2019-04-04T04:00:00Z,13.02,13.1202,12.93,12.98,68906,237,12.9969
2019-04-05T04:00:00Z,12.97,13.21,12.95,13.2,51070,218,13.0436
2019-04-08T04:00:00Z,13.06,13.237,12.95,13.13,72949,259,13.0988
2019-04-09T04:00:00Z,13.07,13.1302,12.81,12.9,109161,280,12.8753
2019-04-10T04:00:00Z,12.87,12.99,12.82,12.97,58219,203,12.9053
2019-04-11T04:00:00Z,12.91,13.05,12.91,12.95,79901,168,12.9804
2019-04-12T04:00:00Z,12.96,12.96,12.85,12.88,73186,237,12.8941
2019-04-15T04:00:00Z,12.88,13.07,12.6,12.95,93926,316,12.8446
2019-04-16T04:00:00Z,12.89,12.99,12.85,12.92,81582,238,12.8978
2019-04-17T04:00:00Z,12.88,12.97,12.7,12.7,96263,316,12.7811
2019-04-18T04:00:00Z,12.7,12.817,12.55,12.65,106699,395,12.6337
2019-04-22T04:00:00Z,12.55,12.6679,12.46,12.51,77521,366,12.5219
2019-04-23T04:00:00Z,12.57,12.63,12.49,12.53,60139,327,12.5725
2019-04-24T04:00:00Z,12.54,12.63,12.45,12.52,95530,311,12.559
2019-04-25T04:00:00Z,12.5,12.6,12.38,12.41,74377,312,12.4541
2019-04-26T04:00:00Z,12.38,12.5,12.31,12.43,93958,381,12.4019
2019-04-29T04:00:00Z,12.4,12.57,12.33,12.43,64148,283,12.4318
2019-04-30T04:00:00Z,12.42,12.4815,12.19,12.3,189951,759,12.2861
2019-05-01T04:00:00Z,12.3,12.4,12.2,12.3385,80305,303,12.2994
2019-05-02T04:00:00Z,12.27,12.3495,12.14,12.22,94901,351,12.2392
2019-05-03T04:00:00Z,12.25,12.45,12.21,12.36,53641,212,12.3814
2019-05-06T04:00:00Z,12.22,12.39,12.22,12.27,56748,213,12.3026
2019-05-07T04:00:00Z,12.25,12.34,12.07,12.11,66103,261,12.2364
2019-05-08T04:00:00Z,12.22,12.25,12.18,12.22,59842,326,12.2138
2019-05-09T04:00:00Z,12.18,12.18,11.91,12.01,106682,464,12.0299
2019-05-10T04:00:00Z,12,12.28,12,12.22,71616,261,12.1318
2019-05-13T04:00:00Z,12.02,12.04,11.85,11.9,44646,168,11.9688
2019-05-14T04:00:00Z,11.992,12.065,11.92,11.96,61157,233,11.9917
2019-05-15T04:00:00Z,11.9,12.14,11.9,12.09,40617,217,12.0466
2019-05-16T04:00:00Z,12.05,12.19,12.05,12.11,71609,242,12.147
2019-05-17T04:00:00Z,12.11,12.11,11.9601,12,57602,226,12.0271
2019-05-20T04:00:00Z,11.95,12,11.9,11.92,55974,239,11.9586
2019-05-21T04:00:00Z,11.98,12.05,11.91,12.02,90418,350,11.9984
2019-05-22T04:00:00Z,11.91,11.99,11.86,11.86,57835,206,11.9237
2019-05-23T04:00:00Z,11.81,11.9389,11.65,11.78,65646,308,11.7991
2019-05-24T04:00:00Z,11.78,11.78,11.65,11.7,50335,228,11.7145
2019-05-28T04:00:00Z,11.68,11.75,11.56,11.6,46009,191,11.6439
2019-05-29T04:00:00Z,11.58,11.65,11.1935,11.32,176098,852,11.3511
2019-05-30T04:00:00Z,11.25,11.34,11.2115,11.23,121087,466,11.2708
2019-05-31T04:00:00Z,11.22,11.2335,10.68,11,169246,544,10.9618
2019-06-03T04:00:00Z,10.95,11.1031,10.85,10.92,95299,344,10.9269
2019-06-04T04:00:00Z,11,11.14,10.94,11.08,70559,228,11.0197
2019-06-05T04:00:00Z,11.12,11.31,10.96,11,115577,532,11.0578
2019-06-06T04:00:00Z,11,11.5309,10.975,11.24,102461,306,11.2352
2019-06-07T04:00:00Z,11.31,11.41,11.21,11.39,80116,336,11.333
2019-06-10T04:00:00Z,11.3,11.38,11.24,11.24,80548,364,11.3127
2019-06-11T04:00:00Z,11.24,11.51,11.23,11.28,84558,331,11.3653
2019-06-12T04:00:00Z,11.39,11.39,11.05,11.06,131369,456,11.1939
2019-06-13T04:00:00Z,11.14,11.23,11.03,11.13,128165,378,11.1356
2019-06-14T04:00:00Z,11.19,11.19,11.05,11.08,79125,230,11.107
2019-06-17T04:00:00Z,11.12,11.14,10.98,11.02,87590,391,11.0804
2019-06-18T04:00:00Z,11.1,11.27,11.05,11.11,69819,305,11.1624
2019-06-19T04:00:00Z,11.17,11.17,11.02,11.15,97919,420,11.1009
2019-06-20T04:00:00Z,11.07,11.29,11.01,11.03,142622,652,11.0796
2019-06-21T04:00:00Z,11.01,11.3786,11.01,11.23,93447,359,11.1872
2019-06-24T04:00:00Z,11.25,11.2516,11.07,11.1,69155,259,11.1641
2019-06-25T04:00:00Z,11.1,11.18,10.95,10.98,83070,477,11.0191
2019-06-26T04:00:00Z,11.1,11.18,10.92,11.03,100263,373,11.0517
2019-06-27T04:00:00Z,10.97,11.09,10.9,10.91,72625,366,10.9855
2019-06-28T04:00:00Z,10.99,11.27,10.9201,11.24,105720,391,11.1189
2019-07-01T04:00:00Z,11.33,11.6,11.28,11.53,107141,424,11.4353
2019-07-02T04:00:00Z,11.45,11.68,11.41,11.5,119197,552,11.5523
2019-07-03T04:00:00Z,11.5,11.79,11.421,11.7,79433,307,11.5874
2019-07-05T04:00:00Z,11.52,11.7,11.33,11.37,54718,298,11.5221
2019-07-08T04:00:00Z,11.37,11.45,11.37,11.37,83813,261,11.414
2019-07-09T04:00:00Z,11.32,11.5,11.32,11.37,39531,147,11.3873
2019-07-10T04:00:00Z,11.47,11.5171,11.37,11.41,43204,138,11.4096
2019-07-11T04:00:00Z,11.44,11.49,11.35,11.39,41720,176,11.4118
2019-07-12T04:00:00Z,11.39,11.455,11.37,11.39,44080,212,11.4103
2019-07-15T04:00:00Z,11.45,11.7,11.4,11.65,43361,147,11.5045
2019-07-16T04:00:00Z,11.56,11.6985,11.26,11.29,99088,451,11.3737
2019-07-17T04:00:00Z,11.29,11.29,11.08,11.14,95849,417,11.1616
2019-07-18T04:00:00Z,11.15,11.2,11.02,11.17,129567,530,11.1111
2019-07-19T04:00:00Z,11.16,11.22,11.066,11.11,66476,210,11.124
2019-07-22T04:00:00Z,11.11,11.1895,11.05,11.09,73163,375,11.1255
2019-07-23T04:00:00Z,11,11.0509,10.84,10.91,93967,313,10.9444
2019-07-24T04:00:00Z,10.91,11.01,10.86,10.93,82489,441,10.9234
2019-07-25T04:00:00Z,10.92,11.03,10.87,10.91,48468,167,10.9299
2019-07-26T04:00:00Z,10.93,10.95,10.75,10.84,64708,207,10.8687
2019-07-29T04:00:00Z,10.88,11.1668,10.77,10.87,55826,259,10.8945
2019-07-30T04:00:00Z,10.83,10.85,10.72,10.75,75775,317,10.791
2019-07-31T04:00:00Z,10.85,11.1,10.76,10.83,90049,397,10.8195
2019-08-01T04:00:00Z,10.89,10.9,10.765,10.82,36921,118,10.8578
2019-08-02T04:00:00Z,10.77,10.8699,10.7302,10.77,26038,110,10.7941
2019-08-05T04:00:00Z,10.7,10.8,10.56,10.71,78285,240,10.6881
2019-08-06T04:00:00Z,10.71,11.25,10.71,10.82,107217,306,10.9365
2019-08-07T04:00:00Z,10.75,10.94,10.69,10.7,48694,239,10.7743
2019-08-08T04:00:00Z,10.73,10.9196,10.73,10.82,31177,161,10.8409
2019-08-09T04:00:00Z,10.8,11.11,10.78,10.81,54181,224,10.8947
2019-08-12T04:00:00Z,10.82,10.85,10.7,10.78,43298,136,10.761
2019-08-13T04:00:00Z,10.75,10.7823,10.5,10.57,76229,327,10.6388
2019-08-14T04:00:00Z,10.56,10.57,10.07,10.2,135482,525,10.2609
2019-08-15T04:00:00Z,10.16,10.29,10.11,10.26,65492,295,10.1984
2019-08-16T04:00:00Z,10.26,10.4,10.01,10.25,239493,956,10.2015
2019-08-19T04:00:00Z,10.2,10.35,10.1779,10.32,94231,310,10.2447
2019-08-20T04:00:00Z,10.29,10.42,10.22,10.38,67591,249,10.3218
2019-08-21T04:00:00Z,10.43,10.55,10.31,10.53,65392,321,10.4074
2019-08-22T04:00:00Z,10.5,10.51,10.25,10.51,63560,419,10.3886
2019-08-23T04:00:00Z,10.52,10.53,10.22,10.35,66714,298,10.3495
2019-08-26T04:00:00Z,10.37,10.4691,10.18,10.2,46553,230,10.2922
2019-08-27T04:00:00Z,10.22,10.2507,9.94,10.01,64929,253,10.0595
2019-08-28T04:00:00Z,10.08,10.2,9.99,10.07,40270,137,10.1035
2019-08-29T04:00:00Z,10.1,10.1,9.98,10.01,66291,343,10.052
2019-08-30T04:00:00Z,10.09,10.1,10.0021,10.1,45722,206,10.0566
2019-09-03T04:00:00Z,10.12,10.12,9.86,9.95,92697,426,9.9542
2019-09-04T04:00:00Z,9.97,10.07,9.9,9.96,52829,196,9.98986
2019-09-05T04:00:00Z,10.08,10.08,9.96,10.05,39259,170,10.0154
2019-09-06T04:00:00Z,10.01,10.0891,9.93,10.01,42957,207,10.0018
2019-09-09T04:00:00Z,10.04,10.0841,9.96,10.06,54637,184,10.036
2019-09-10T04:00:00Z,10.08,10.1,9.98,10.0539,66256,267,10.0386
2019-09-11T04:00:00Z,10.05,10.2884,10.0401,10.21,60369,262,10.1877
2019-09-12T04:00:00Z,10.23,10.42,10.15,10.41,84050,421,10.2647
2019-09-13T04:00:00Z,10.48,10.6,10.3001,10.43,76851,259,10.4585
2019-09-16T04:00:00Z,10.39,10.555,10.39,10.5,77906,440,10.4639
2019-09-17T04:00:00Z,10.54,10.54,10.2295,10.44,61066,142,10.4094
2019-09-18T04:00:00Z,10.32,10.4189,10.27,10.36,78590,331,10.3269
2019-09-19T04:00:00Z,10.3547,10.68,10.31,10.68,62221,207,10.5558
2019-09-20T04:00:00Z,10.66,10.66,10.2793,10.5,21633,97,10.4712
2019-09-23T04:00:00Z,10.58,10.6193,10.31,10.43,39494,197,10.4272
2019-09-24T04:00:00Z,10.4,10.5,10.19,10.29,54329,326,10.3291
2019-09-25T04:00:00Z,10.3,10.347,10.22,10.32,31599,174,10.2796
2019-09-26T04:00:00Z,10.35,10.42,10.17,10.32,77664,452,10.2883
2019-09-27T04:00:00Z,10.33,10.38,10.2,10.28,34699,169,10.2612
2019-09-30T04:00:00Z,10.34,10.3981,10.07,10.25,123233,751,10.2224
2019-10-01T04:00:00Z,10.2,10.29,10.05,10.05,79932,289,10.1289
2019-10-02T04:00:00Z,10.04,10.1104,9.95,10.01,59864,307,10.0039
2019-10-03T04:00:00Z,9.96,10.04,9.92,10.02,180333,864,9.97278
2019-10-04T04:00:00Z,10.01,10.08,9.92,10.04,160595,678,9.99873
2019-10-07T04:00:00Z,10,10.05,10,10.03,124625,292,10.0079
2019-10-08T04:00:00Z,10,10.0228,9.95,9.97,56275,280,9.9957
2019-10-09T04:00:00Z,9.98,10.0361,9.98,10.02,46708,214,10.0097
2019-10-10T04:00:00Z,10,10.05,9.98,10.02,60857,285,10.0161
2019-10-11T04:00:00Z,10,10.14,9.97,10.07,99800,365,10.0656
2019-10-14T04:00:00Z,10.07,10.12,10.0301,10.09,28242,140,10.0738
2019-10-15T04:00:00Z,10.04,10.32,9.98,10.18,115844,497,10.0902
2019-10-16T04:00:00Z,10.05,10.05,9.34,9.92,442849,1561,9.80043
2019-10-17T04:00:00Z,9.92,9.92,9.8,9.84,71278,325,9.82782
2019-10-18T04:00:00Z,9.89,9.89,9.75,9.8,72039,227,9.79499
2019-10-21T04:00:00Z,9.68,9.7499,9.61,9.66,141835,358,9.68508
2019-10-22T04:00:00Z,9.63,9.84,9.5946,9.66,78158,281,9.6867
2019-10-23T04:00:00Z,9.54,9.7391,9.54,9.72,90805,283,9.6532
2019-10-24T04:00:00Z,9.66,9.75,9.6,9.6,114256,301,9.68497
2019-10-25T04:00:00Z,9.55,9.6191,9.51,9.57,152715,225,9.5509
2019-10-28T04:00:00Z,9.5,9.64,9.5,9.52,89597,315,9.55574
2019-10-29T04:00:00Z,9.5,9.55,9.4,9.43,156746,595,9.47647
2019-10-30T04:00:00Z,9.443,9.59,9.41,9.46,98718,443,9.48516
2019-10-31T04:00:00Z,9.53,9.5457,9.4,9.45,47813,146,9.46345
2019-11-01T04:00:00Z,9.4,9.65,9.36,9.58,74972,180,9.5175
2019-11-04T05:00:00Z,9.68,9.7399,9.54,9.58,110544,368,9.62668
2019-11-05T05:00:00Z,9.51,9.67,9.5,9.51,102077,477,9.58232
2019-11-06T05:00:00Z,9.51,9.56,9.42,9.45,54235,196,9.47612
2019-11-07T05:00:00Z,9.41,9.4744,9.37,9.4,62814,252,9.41807
2019-11-08T05:00:00Z,9.4,9.48,9.04,9.11,187975,809,9.22472
2019-11-11T05:00:00Z,9.12,9.24,9.06,9.24,113227,474,9.12856
2019-11-12T05:00:00Z,9.16,9.27,9.05,9.2,112598,455,9.13289
2019-11-13T05:00:00Z,9.2,9.2069,8.89,8.98,127091,637,9.07368
2019-11-14T05:00:00Z,8.91,9,8.9,8.98,88572,343,8.94254
2019-11-15T05:00:00Z,8.92,9,8.73,8.81,170892,723,8.87141
2019-11-18T05:00:00Z,8.78,8.98,8.764,8.83,121335,481,8.85267
2019-11-19T05:00:00Z,8.78,8.85,8.67,8.68,199900,1047,8.7843
2019-11-20T05:00:00Z,8.6,8.6406,8.56,8.6,100046,368,8.58691
2019-11-21T05:00:00Z,8.65,8.7,8.59,8.65,99177,286,8.64851
2019-11-22T05:00:00Z,8.6565,8.782,8.62,8.67,88725,291,8.67659
2019-11-25T05:00:00Z,8.63,8.746,8.63,8.7061,90807,296,8.69917
2019-11-26T05:00:00Z,8.63,8.79,8.61,8.62,108965,471,8.6626
2019-11-27T05:00:00Z,8.62,8.7,8.61,8.62,58518,204,8.65128
2019-11-29T05:00:00Z,8.75,8.89,8.7095,8.83,75215,259,8.79548
2019-12-02T05:00:00Z,8.79,8.85,8.7876,8.8,56048,156,8.82419
2019-12-03T05:00:00Z,8.79,8.793,8.63,8.74,128936,874,8.69524
2019-12-04T05:00:00Z,8.71,8.79,8.65,8.7,138548,620,8.71802
2019-12-05T05:00:00Z,8.67,8.7,8.615,8.68,80808,272,8.67285
2019-12-06T05:00:00Z,8.66,8.75,8.66,8.74,87947,364,8.72848
2019-12-09T05:00:00Z,8.74,8.83,8.71,8.82,112926,319,8.76858
2019-12-10T05:00:00Z,8.76,9.15,8.76,8.99,158025,725,8.98937
2019-12-11T05:00:00Z,8.95,9.08,8.94,9.07,170772,653,8.98545
2019-12-12T05:00:00Z,9.05,9.11,8.9807,9.05,259039,781,9.04817
2019-12-13T05:00:00Z,9.09,9.15,9,9.04,97032,333,9.05672
2019-12-16T05:00:00Z,9.04,9.19,9.04,9.15,100215,231,9.12791
2019-12-17T05:00:00Z,9.15,9.49,9.15,9.21,239675,751,9.28372
2019-12-18T05:00:00Z,9.16,9.44,9.16,9.35,77091,302,9.31837
2019-12-19T05:00:00Z,9.3,9.45,9.3,9.45,106298,364,9.39118
2019-12-20T05:00:00Z,9.29,9.51,9.29,9.51,116854,374,9.38476
2019-12-23T05:00:00Z,9.5,9.5,9.32,9.46,98279,287,9.44672
2019-12-24T05:00:00Z,9.46,9.46,9.37,9.4,60642,186,9.422
2019-12-26T05:00:00Z,9.4,9.45,9.38,9.4,120074,258,9.40928
2019-12-27T05:00:00Z,9.41,9.5436,9.41,9.5,188752,441,9.48203
2019-12-30T05:00:00Z,9.43,9.4599,9.29,9.36,159881,526,9.3717
2019-12-31T05:00:00Z,9.43,9.4315,9.25,9.34,140399,669,9.36311
2020-01-02T05:00:00Z,9.41,9.6598,9.316,9.47,116177,342,9.42759
2020-01-03T05:00:00Z,9.37,9.59,9.358,9.46,35861,172,9.42142
2020-01-06T05:00:00Z,9.38,9.51,9.38,9.5,220244,614,9.46091
2020-01-07T05:00:00Z,9.45,9.5237,9.37,9.43,89502,511,9.43631
2020-01-08T05:00:00Z,9.39,9.4273,9.34,9.39,61025,250,9.37116
2020-01-09T05:00:00Z,9.34,9.4,9.17,9.35,107359,291,9.32123
2020-01-10T05:00:00Z,9.3,9.4097,9.3,9.4,58929,129,9.35856
2020-01-13T05:00:00Z,9.36,9.3885,9.3,9.3,46687,155,9.34035
2020-01-14T05:00:00Z,9.21,9.42,9.21,9.36,38327,159,9.31549
2020-01-15T05:00:00Z,9.3,9.4,9.3,9.4,45844,187,9.37911
2020-01-16T05:00:00Z,9.37,9.476,9.37,9.42,93042,301,9.42307
2020-01-17T05:00:00Z,9.42,9.448,9.35,9.36,65063,223,9.38585
2020-01-21T05:00:00Z,9.27,9.3365,9.27,9.27,117327,365,9.297
2020-01-22T05:00:00Z,9.28,9.3281,9.24,9.25,337789,257,9.25574
2020-01-23T05:00:00Z,9.11,9.27,9.08,9.21,376829,266,9.2002
2020-01-24T05:00:00Z,9.22,9.22,9.12,9.12,67320,200,9.15802
2020-01-27T05:00:00Z,9.08,9.09,8.93,8.97,97620,230,9.01522
2020-01-28T05:00:00Z,8.95,9.05,8.932,9.01,52466,204,8.98799
2020-01-29T05:00:00Z,9.09,9.09,9.005,9.06,103341,298,9.05882
2020-01-30T05:00:00Z,9,9.05,9,9.03,61730,223,9.02697
2020-01-31T05:00:00Z,9.05,9.0548,8.98,9.02,85056,206,9.01451
2020-02-03T05:00:00Z,8.98,9.05,8.98,9.05,68081,247,9.01873
2020-02-04T05:00:00Z,9.06,9.09,9.028,9.03,73627,275,9.05241
2020-02-05T05:00:00Z,9.01,9.07,9.01,9.04,76750,535,9.04222
2020-02-06T05:00:00Z,9.03,9.05,9.01,9.02,64146,145,9.03083
2020-02-07T05:00:00Z,8.98,9.08,8.83,8.89,93442,329,8.95265
2020-02-10T05:00:00Z,8.87,9.08,8.82,8.96,80361,165,8.96485
2020-02-11T05:00:00Z,8.92,8.98,8.8915,8.94,145194,483,8.94796
2020-02-12T05:00:00Z,8.94,8.945,8.91,8.91,75530,198,8.92364
2020-02-13T05:00:00Z,8.9,8.9261,8.86,8.91,71768,163,8.8932
2020-02-14T05:00:00Z,8.91,8.94,8.8772,8.9248,98786,412,8.90423
2020-02-18T05:00:00Z,8.92,8.95,8.88,8.93,94739,230,8.92681
2020-02-19T05:00:00Z,9.01,9.09,8.98,9.04,445135,409,9.03683
2020-02-20T05:00:00Z,8.99,9.0196,8.963,9,323997,147,8.99869
2020-02-21T05:00:00Z,8.98,8.98,8.956,8.96,30803,162,8.96838
2020-02-24T05:00:00Z,8.91,8.91,8.78,8.78,88815,214,8.84114
2020-02-25T05:00:00Z,8.81,8.84,8.51,8.54,44413,144,8.67121
2020-02-26T05:00:00Z,8.53,8.65,8.45,8.49,116076,326,8.52488
2020-02-27T05:00:00Z,8.35,8.48,8.21,8.32,267537,769,8.35907
2020-02-28T05:00:00Z,8.14,8.21,8,8.04,106445,399,8.08193
2020-03-02T05:00:00Z,8.02,8.29,8.02,8.14,71491,227,8.18463
2020-03-03T05:00:00Z,8.21,8.38,8.12,8.19,125574,436,8.26325
2020-03-04T05:00:00Z,8.32,8.49,8.31,8.48,84768,346,8.37567
2020-03-05T05:00:00Z,8.36,8.4199,8.28,8.28,54095,167,8.33613
2020-03-06T05:00:00Z,8.07,8.1499,7.98,7.98,59957,241,8.10082
2020-03-09T04:00:00Z,7.67,7.67,7,7.29,87309,379,7.32706
2020-03-10T04:00:00Z,7.25,7.42,7.1646,7.42,89545,299,7.30794
2020-03-11T04:00:00Z,7.27,7.27,6.76,6.8,104228,162,7.05088
2020-03-12T04:00:00Z,6.15,6.15,5.53,5.79,203125,537,5.78301
2020-03-13T04:00:00Z,6,6.0064,5.67,5.8,81726,267,5.87561
2020-03-16T04:00:00Z,5.34,5.525,4.9753,4.99,132336,728,5.22307
2020-03-17T04:00:00Z,4.91,5.205,4.91,5.18,220375,571,5.10138
2020-03-18T04:00:00Z,4.84,4.84,3.655,4,342866,1377,3.96639
2020-03-19T04:00:00Z,4,4.49,3.9867,4.37,198112,784,4.26924
2020-03-20T04:00:00Z,4.46,5.265,4.46,5.04,567252,892,5.05579
2020-03-23T04:00:00Z,4.61,5.1,4.4301,4.79,453309,654,4.6661
2020-03-24T04:00:00Z,5.02,5.36,3.83,3.93,870133,1750,4.15855
2020-03-25T04:00:00Z,4.05,4.48,3.9922,4.29,161352,616,4.30699
2020-03-26T04:00:00Z,4.35,4.63,4.3,4.45,307763,1086,4.41725
2020-03-27T04:00:00Z,4.33,4.56,4.25,4.43,99782,453,4.33204
2020-03-30T04:00:00Z,4.31,4.49,4.31,4.363,159412,347,4.40399
2020-03-31T04:00:00Z,4.47,4.67,4.3244,4.35,200451,816,4.45124
2020-04-01T04:00:00Z,4.14,4.3946,4.1,4.21,184232,431,4.21226
2020-04-02T04:00:00Z,4.17,4.301,4.0932,4.21,109220,251,4.15881
2020-04-03T04:00:00Z,4.21,4.2805,4.17,4.19,61622,167,4.20284
2020-04-06T04:00:00Z,4.26,4.42,4.1901,4.3,191722,491,4.2941
2020-04-07T04:00:00Z,4.4,4.6178,4.38,4.46,130557,249,4.51561
2020-04-08T04:00:00Z,4.52,4.96,4.5144,4.79,197003,595,4.69411
2020-04-09T04:00:00Z,4.89,5.505,4.81,4.93,530817,1272,5.11918
2020-04-13T04:00:00Z,5.02,5.02,4.8,4.88,145489,391,4.90295
2020-04-14T04:00:00Z,4.97,5.31,4.92,5.23,169804,578,5.12187
2020-04-15T04:00:00Z,5.1,5.28,5.0808,5.19,185271,508,5.18865
2020-04-16T04:00:00Z,5.18,5.29,4.96,5.04,183302,827,5.11516
2020-04-17T04:00:00Z,5.03,5.3,5.03,5.2,79318,316,5.20494
2020-04-20T04:00:00Z,5.18,5.18,5,5.04,51356,195,5.0882
2020-04-21T04:00:00Z,5.04,5.04,4.89,4.98,743801,96,4.97893
2020-04-22T04:00:00Z,4.84,5.04,4.84,4.96,829728,381,4.95965
2020-04-23T04:00:00Z,4.96,5.11,4.96,5.02,39012,86,5.02862
2020-04-24T04:00:00Z,4.97,5.12,4.75,4.78,88054,228,4.905
2020-04-27T04:00:00Z,4.75,4.9552,4.75,4.8,93660,309,4.81205
2020-04-28T04:00:00Z,5,5.04,4.8431,4.9,72281,309,4.92788
2020-04-29T04:00:00Z,4.98,5.19,4.96,5,635286,819,5.04215
2020-04-30T04:00:00Z,5.2,5.2,4.9647,5.07,244537,490,5.06689
2020-05-01T04:00:00Z,4.87,5.13,4.76,5.04,139845,418,5.03913
2020-05-04T04:00:00Z,4.92,5.095,4.9,5.05,128040,296,5.03603
2020-05-05T04:00:00Z,5.06,5.195,5.06,5.15,93437,428,5.14803
2020-05-06T04:00:00Z,5.13,5.1975,5.11,5.16,101172,417,5.17015
2020-05-07T04:00:00Z,5.15,5.21,5.15,5.16,42916,111,5.1842
2020-05-08T04:00:00Z,5.16,5.2502,5.05,5.25,154676,396,5.18592
2020-05-11T04:00:00Z,5.25,5.3,5.2,5.29,67843,170,5.23843
2020-05-12T04:00:00Z,5.27,5.35,5.24,5.29,142016,260,5.30163
2020-05-13T04:00:00Z,5.29,5.3,5.21,5.26,147598,399,5.26204
2020-05-14T04:00:00Z,5.19,5.2509,5.1,5.2376,156804,362,5.16299
2020-05-15T04:00:00Z,5.2,5.33,5.13,5.26,86594,264,5.25595
2020-05-18T04:00:00Z,5.36,5.3913,5.1798,5.34,292979,970,5.29986
2020-05-19T04:00:00Z,5.35,5.4799,5.35,5.37,223859,640,5.4297
2020-05-20T04:00:00Z,5.4,5.82,5.4,5.71,500552,805,5.70381
2020-05-21T04:00:00Z,5.7,5.7729,5.5698,5.69,514003,641,5.68901
2020-05-22T04:00:00Z,5.62,5.9,5.62,5.89,110667,445,5.77195
2020-05-26T04:00:00Z,6,6.2,5.975,6.08,271806,921,6.08395
2020-05-27T04:00:00Z,6.21,6.35,6.1101,6.3,261647,975,6.22924
2020-05-28T04:00:00Z,6.39,6.47,6.25,6.42,159867,833,6.40304
2020-05-29T04:00:00Z,6.49,6.54,6.28,6.48,174569,670,6.36994
2020-06-01T04:00:00Z,6.48,6.58,6.46,6.54,162204,472,6.49296
2020-06-02T04:00:00Z,6.55,6.58,6.5,6.53,116618,347,6.53791
2020-06-03T04:00:00Z,6.52,6.82,6.52,6.7,194450,586,6.654
2020-06-04T04:00:00Z,6.7,6.822,6.68,6.715,291928,643,6.75944
2020-06-05T04:00:00Z,6.93,7,6.83,6.98,104778,377,6.94494
2020-06-08T04:00:00Z,7.04,7.13,6.96,7.04,119525,370,7.03985
2020-06-09T04:00:00Z,6.94,7.1,6.85,6.98,106512,409,6.98077
2020-06-10T04:00:00Z,6.95,6.9912,6.8376,6.92,48342,142,6.88862
2020-06-11T04:00:00Z,6.64,6.79,6.29,6.43,176795,668,6.45468
2020-06-12T04:00:00Z,6.47,6.751,6.47,6.6,45376,209,6.57327
2020-06-15T04:00:00Z,6.44,6.68,6.33,6.62,111101,230,6.48893
2020-06-16T04:00:00Z,6.75,6.88,6.66,6.71,71094,350,6.75472
2020-06-17T04:00:00Z,6.72,6.84,6.69,6.73,95827,337,6.76343
2020-06-18T04:00:00Z,6.62,6.89,6.44,6.78,144941,400,6.62012
2020-06-19T04:00:00Z,6.89,6.97,6.7,6.78,353166,343,6.79663
2020-06-22T04:00:00Z,6.54,6.6599,6.53,6.6,304535,201,6.59748
2020-06-23T04:00:00Z,6.61,6.73,6.48,6.52,74063,260,6.55239
2020-06-24T04:00:00Z,6.5,6.59,6.103,6.39,97285,237,6.33676
2020-06-25T04:00:00Z,6.31,6.48,6.12,6.32,280857,768,6.29763
2020-06-26T04:00:00Z,6.39,6.5232,6.1,6.25,156446,377,6.25483
2020-06-29T04:00:00Z,6.17,6.43,6.0836,6.38,94383,344,6.24845
2020-06-30T04:00:00Z,6.46,6.4788,6.3,6.44,99671,268,6.39627
2020-07-01T04:00:00Z,6.37,6.5179,6.35,6.41,95391,263,6.40342
2020-07-02T04:00:00Z,6.41,6.509,6.4,6.47,55123,184,6.44534
2020-07-06T04:00:00Z,6.43,6.55,6.43,6.53,42640,176,6.5022
2020-07-07T04:00:00Z,6.5,6.525,6.31,6.31,113226,219,6.41477
2020-07-08T04:00:00Z,6.3,6.4,6.17,6.33,92302,271,6.25844
2020-07-09T04:00:00Z,6.29,6.33,6.02,6.18,67971,260,6.17216
2020-07-10T04:00:00Z,6.11,6.38,6.11,6.37,88757,271,6.23125
2020-07-13T04:00:00Z,6.3,6.39,6.2511,6.28,63816,280,6.32641
2020-07-14T04:00:00Z,6.17,6.4,6.17,6.235,192582,1064,6.25437
2020-07-15T04:00:00Z,6.29,6.345,6.2,6.25,70214,390,6.27858
2020-07-16T04:00:00Z,6.24,6.36,6.24,6.27,109623,248,6.31384
2020-07-17T04:00:00Z,6.26,6.38,6.26,6.32,53356,173,6.34237
2020-07-20T04:00:00Z,6.36,6.42,6.35,6.38,124186,435,6.37715
2020-07-21T04:00:00Z,6.38,6.5496,6.38,6.42,137735,437,6.45252
2020-07-22T04:00:00Z,6.39,6.5,6.39,6.4,331334,471,6.40997
2020-07-23T04:00:00Z,6.39,6.39,6.24,6.31,311777,388,6.31172
2020-07-24T04:00:00Z,6.24,6.46,6.24,6.33,38883,255,6.37724
2020-07-27T04:00:00Z,6.32,6.35,6.14,6.315,90732,353,6.29714
2020-07-28T04:00:00Z,6.25,6.38,6.25,6.3,71764,451,6.31801
2020-07-29T04:00:00Z,6.35,6.35,6.26,6.34,59041,239,6.31883
2020-07-30T04:00:00Z,6.31,6.35,6.25,6.31,61858,217,6.29229
2020-07-31T04:00:00Z,6.35,6.37,6.26,6.35,53214,229,6.32207
2020-08-03T04:00:00Z,6.39,6.39,6.27,6.315,75356,296,6.32243
2020-08-04T04:00:00Z,6.27,6.39,6.27,6.35,56124,162,6.34514
2020-08-05T04:00:00Z,6.4,6.4,6.331,6.36,68397,232,6.37754
2020-08-06T04:00:00Z,6.4,6.5,6.37,6.37,97386,353,6.43703
2020-08-07T04:00:00Z,6.37,6.41,6.3,6.41,88006,278,6.3307
2020-08-10T04:00:00Z,6.36,6.5,6.32,6.49,81521,293,6.46589
2020-08-11T04:00:00Z,6.5,6.61,6.45,6.46,138765,340,6.52641
2020-08-12T04:00:00Z,6.5,6.63,6.4836,6.54,103048,389,6.57295
2020-08-13T04:00:00Z,6.48,6.57,6.2801,6.47,124979,339,6.46061
2020-08-14T04:00:00Z,6.43,6.59,6.43,6.51,66569,222,6.50054
2020-08-17T04:00:00Z,6.54,6.61,6.43,6.53,153943,584,6.53525
2020-08-18T04:00:00Z,6.46,6.64,6.46,6.55,144521,480,6.53708
2020-08-19T04:00:00Z,6.66,6.6642,6.47,6.58,139563,526,6.59591
2020-08-20T04:00:00Z,6.52,6.59,6.5099,6.57,64578,187,6.55128
2020-08-21T04:00:00Z,6.57,6.85,6.525,6.63,508694,898,6.66853
2020-08-24T04:00:00Z,6.54,6.93,6.46,6.7,537230,935,6.70616
2020-08-25T04:00:00Z,6.65,6.75,6.63,6.7,54741,294,6.67076
2020-08-26T04:00:00Z,6.72,6.72,6.52,6.65,106167,244,6.60279
2020-08-27T04:00:00Z,6.65,6.72,6.58,6.66,81315,286,6.66714
2020-08-28T04:00:00Z,6.62,6.74,6.62,6.7,47830,207,6.67878
2020-08-31T04:00:00Z,6.75,6.77,6.6,6.7,118030,312,6.68364
2020-09-01T04:00:00Z,6.65,6.7393,6.62,6.67,68053,263,6.68141
2020-09-02T04:00:00Z,6.63,6.654,6.57,6.61,31648,180,6.60253
2020-09-03T04:00:00Z,6.61,6.6313,6.48,6.5,37381,165,6.55169
2020-09-04T04:00:00Z,6.51,6.6,6.34,6.5,111151,336,6.41841
2020-09-08T04:00:00Z,6.4,6.57,6.35,6.44,119328,334,6.4676
2020-09-09T04:00:00Z,6.5,6.56,6.46,6.48,55203,167,6.50098
2020-09-10T04:00:00Z,6.49,6.59,6.49,6.5,47157,139,6.54722
2020-09-11T04:00:00Z,6.51,6.61,6.47,6.55,63120,207,6.52525
2020-09-14T04:00:00Z,6.61,6.67,6.53,6.59,68516,230,6.58441
2020-09-15T04:00:00Z,6.65,6.65,6.52,6.55,131285,364,6.56707
2020-09-16T04:00:00Z,6.56,6.64,6.55,6.6,62475,201,6.59645
2020-09-17T04:00:00Z,6.6,6.62,6.5401,6.58,50990,164,6.57411
2020-09-18T04:00:00Z,6.63,6.64,6.555,6.58,122204,410,6.58637
2020-09-21T04:00:00Z,6.42,6.6,6.365,6.42,78828,187,6.43959
2020-09-22T04:00:00Z,6.39,6.47,6.32,6.35,47230,168,6.37963
2020-09-23T04:00:00Z,6.31,6.3808,6.1,6.16,122963,317,6.23379
2020-09-24T04:00:00Z,6.04,6.17,6.04,6.08,67297,267,6.07599
2020-09-25T04:00:00Z,6.05,6.19,6.05,6.19,34279,110,6.15677
2020-09-28T04:00:00Z,6.29,6.3,6.12,6.16,96416,279,6.186
2020-09-29T04:00:00Z,6.11,6.17,6.086,6.14,64138,182,6.11721
2020-09-30T04:00:00Z,6.19,6.3,6.13,6.2,59142,231,6.19175
2020-10-01T04:00:00Z,6.2,6.25,6.15,6.2,61425,242,6.19731
2020-10-02T04:00:00Z,6.06,6.2,6.04,6.1,35861,227,6.08731
2020-10-05T04:00:00Z,6.15,6.23,6.1,6.14,74827,364,6.16493
2020-10-06T04:00:00Z,6.12,6.18,6.12,6.1467,58352,210,6.15618
2020-10-07T04:00:00Z,6.12,6.1599,6.07,6.12,63749,362,6.10403
2020-10-08T04:00:00Z,6.14,6.14,6.04,6.12,84582,266,6.0827
2020-10-09T04:00:00Z,6.14,6.15,6.08,6.1,94149,295,6.11997
2020-10-12T04:00:00Z,6.09,6.12,6.05,6.05,133899,356,6.09025
2020-10-13T04:00:00Z,6.04,6.11,6.03,6.04,88374,275,6.05616
2020-10-14T04:00:00Z,6.04,6.055,5.97,6.03,76966,249,6.02551
2020-10-15T04:00:00Z,5.95,6.06,5.95,6.04,51651,226,6.02979
2020-10-16T04:00:00Z,6.01,6.0399,5.95,5.98,79632,285,5.98126
2020-10-19T04:00:00Z,5.98,6,5.92,5.96,61941,192,5.96321
2020-10-20T04:00:00Z,5.96,6,5.94,5.97,105874,302,5.964
2020-10-21T04:00:00Z,5.97,6,5.96,5.96,58269,264,5.99333
2020-10-22T04:00:00Z,5.93,5.95,5.84,5.94,298528,366,5.92844
2020-10-23T04:00:00Z,5.82,5.94,5.82,5.85,227320,137,5.85166
2020-10-26T04:00:00Z,5.76,5.83,5.72,5.74,44965,300,5.76441
2020-10-27T04:00:00Z,5.75,5.75,5.49,5.51,141011,393,5.61494
2020-10-28T04:00:00Z,5.55,5.56,5.3,5.32,81853,344,5.38875
2020-10-29T04:00:00Z,5.4183,5.4183,5.11,5.19,165610,401,5.21548
2020-10-30T04:00:00Z,5.24,5.24,4.85,5.07,193125,703,5.01856
2020-11-02T05:00:00Z,4.99,5.1199,4.99,5.05,144643,497,5.07327
2020-11-03T05:00:00Z,5.05,5.1399,4.9545,5.03,167668,467,5.02622
2020-11-04T05:00:00Z,5.03,5.13,5.03,5.06,68736,170,5.08123
2020-11-05T05:00:00Z,5.07,5.28,5.05,5.12,139472,382,5.16771
2020-11-06T05:00:00Z,5.11,5.19,5.04,5.04,129382,297,5.09483
2020-11-09T05:00:00Z,5.11,5.25,5.09,5.1,256285,561,5.14874
2020-11-10T05:00:00Z,5.13,5.28,5.13,5.19,84047,304,5.21278
2020-11-11T05:00:00Z,5.21,5.33,5.21,5.27,170489,353,5.28284
2020-11-12T05:00:00Z,5.22,5.2955,5.21,5.23,151876,283,5.24484
2020-11-13T05:00:00Z,5.24,5.36,5.231,5.36,119080,253,5.30351
2020-11-16T05:00:00Z,5.45,5.5903,5.3801,5.57,191387,344,5.50041
2020-11-17T05:00:00Z,5.55,5.7,5.46,5.63,324136,665,5.59958
2020-11-18T05:00:00Z,5.67,5.8,5.65,5.67,243701,534,5.70886
2020-11-19T05:00:00Z,5.63,5.8,5.605,5.77,336315,582,5.74374
2020-11-20T05:00:00Z,5.69,5.87,5.63,5.7,188542,495,5.68407
2020-11-23T05:00:00Z,5.77,5.86,5.68,5.79,196785,450,5.76596
2020-11-24T05:00:00Z,5.84,5.95,5.8,5.89,225329,584,5.87194
2020-11-25T05:00:00Z,5.94,6,5.87,5.99,106256,410,5.93778
2020-11-27T05:00:00Z,6,6.1,5.91,6.1,107481,2023,6.03141
2020-11-30T05:00:00Z,6.1,6.1,5.94,6.01,171267,2777,6.00909
2020-12-01T05:00:00Z,5.94,6.19,5.94,6.14,134632,2920,6.09328
2020-12-02T05:00:00Z,6.14,6.3,6.1,6.23,185884,2591,6.23505
2020-12-03T05:00:00Z,6.25,6.48,6.22,6.37,212717,2226,6.36997
2020-12-04T05:00:00Z,6.45,6.55,6.4,6.47,147489,2344,6.45978
2020-12-07T05:00:00Z,6.45,6.58,6.3,6.45,367823,2221,6.43951
2020-12-08T05:00:00Z,6.45,6.6,6.31,6.5,146505,2016,6.48917
2020-12-09T05:00:00Z,6.51,6.6,6.34,6.51,195648,1976,6.4877
2020-12-10T05:00:00Z,6.5,6.6,6.48,6.55,125665,1687,6.52964
2020-12-11T05:00:00Z,6.64,6.67,6.47,6.6,161110,1451,6.58941
2020-12-14T05:00:00Z,6.65,6.7199,6.53,6.54,164300,1613,6.60072
2020-12-15T05:00:00Z,6.52,6.88,6.52,6.75,171659,1843,6.66532
2020-12-16T05:00:00Z,6.63,6.77,6.6057,6.68,248052,1073,6.69803
2020-12-17T05:00:00Z,6.69,6.8,6.69,6.74,233590,1428,6.74711
2020-12-18T05:00:00Z,6.72,6.8027,6.7139,6.79,203580,1374,6.76457
2020-12-21T05:00:00Z,6.33,6.62,6.235,6.42,353403,1538,6.43457
2020-12-22T05:00:00Z,6.43,6.43,6.21,6.37,195154,1781,6.34118
2020-12-23T05:00:00Z,6.41,6.54,6.37,6.47,184099,1799,6.43543
2020-12-24T05:00:00Z,6.5175,6.59,6.43,6.55,50422,1248,6.51586
2020-12-28T05:00:00Z,6.53,6.63,6.49,6.55,291436,1060,6.568
2020-12-29T05:00:00Z,6.62,6.62,6.41,6.57,158969,1297,6.51144
2020-12-30T05:00:00Z,6.48,6.6199,6.41,6.52,157048,1330,6.50251
2020-12-31T05:00:00Z,6.57,6.57,6.4,6.53,204784,1198,6.50407
2021-01-04T05:00:00Z,6.55,6.57,6.42,6.45,96954,1325,6.48679
2021-01-05T05:00:00Z,6.42,6.56,6.41,6.44,161930,1501,6.4747
2021-01-06T05:00:00Z,6.4,6.54,6.4,6.47,149944,1397,6.47227
2021-01-07T05:00:00Z,6.52,6.575,6.47,6.54,110807,1054,6.53089
2021-01-08T05:00:00Z,6.54,6.7225,6.53,6.6,182419,1340,6.62427
2021-01-11T05:00:00Z,6.46,6.685,6.41,6.57,281936,1305,6.54569
2021-01-12T05:00:00Z,6.63,6.76,6.57,6.65,175601,1057,6.6343
2021-01-13T05:00:00Z,6.65,6.7,6.58,6.61,178190,1035,6.62737
2021-01-14T05:00:00Z,6.61,6.76,6.6,6.73,201163,1182,6.6838
2021-01-15T05:00:00Z,6.71,6.75,6.65,6.71,99953,947,6.713
2021-01-19T05:00:00Z,6.75,6.87,6.71,6.8,197504,951,6.7868
2021-01-20T05:00:00Z,6.81,6.93,6.77,6.79,252955,848,6.84458
2021-01-21T05:00:00Z,6.76,6.92,6.68,6.81,300755,1213,6.81541
2021-01-22T05:00:00Z,6.74,6.87,6.69,6.83,168899,1060,6.77288
2021-01-25T05:00:00Z,6.64,6.82,6.6201,6.74,184188,831,6.71278
2021-01-26T05:00:00Z,6.75,6.82,6.6,6.74,183635,1050,6.70273
2021-01-27T05:00:00Z,6.74,6.79,6.65,6.65,78107,768,6.69588
2021-01-28T05:00:00Z,6.67,6.78,6.62,6.73,83406,1046,6.70775
2021-01-29T05:00:00Z,6.79,6.85,6.61,6.75,160040,1191,6.74948
2021-02-01T05:00:00Z,6.74,6.86,6.68,6.75,416659,870,6.74939
2021-02-02T05:00:00Z,6.8,6.84,6.74,6.8,85562,638,6.78972
2021-02-03T05:00:00Z,6.79,6.88,6.69,6.78,155579,768,6.78665
2021-02-04T05:00:00Z,6.79,6.8585,6.7,6.76,122643,615,6.78057
2021-02-05T05:00:00Z,6.82,6.86,6.79,6.8,84682,486,6.81845
2021-02-08T05:00:00Z,6.81,6.8899,6.76,6.84,232130,718,6.82107
2021-02-09T05:00:00Z,6.85,6.95,6.82,6.93,163448,598,6.88036
2021-02-10T05:00:00Z,6.93,7.07,6.89,7.02,228762,867,6.97207
2021-02-11T05:00:00Z,7.03,7.13,6.98,7.04,114935,530,7.06651
2021-02-12T05:00:00Z,7.04,7.1263,7.02,7.1,107273,520,7.07645
2021-02-16T05:00:00Z,7.1,7.28,7.0989,7.25,144839,532,7.19841
2021-02-17T05:00:00Z,7.26,7.4,7.2016,7.34,231923,678,7.30819
2021-02-18T05:00:00Z,7.19,7.3693,7.18,7.31,158927,493,7.27968
2021-02-19T05:00:00Z,7.31,7.43,7.2096,7.33,120684,358,7.31088
2021-02-22T05:00:00Z,7.24,7.49,7.24,7.34,232168,532,7.38848
2021-02-23T05:00:00Z,7.35,7.42,7.26,7.42,65675,358,7.32258
2021-02-24T05:00:00Z,7.47,7.56,7.4105,7.49,150524,2747,7.49302
2021-02-25T05:00:00Z,7.51,7.5999,7.3,7.38,143427,3175,7.48254
2021-02-26T05:00:00Z,7.32,7.3999,7.14,7.23,319015,1164,7.22693
2021-03-01T05:00:00Z,7.25,7.45,7.25,7.43,97563,502,7.37081
2021-03-02T05:00:00Z,7.4,7.41,7.29,7.33,75290,272,7.36324
2021-03-03T05:00:00Z,7.39,7.48,7.35,7.4,154151,499,7.40376
2021-03-04T05:00:00Z,7.43,7.5,7.3,7.45,209954,667,7.39378
2021-03-05T05:00:00Z,7.49,7.52,7.33,7.52,163064,450,7.42768
2021-03-08T05:00:00Z,7.47,7.6907,7.23,7.56,313752,940,7.43137
2021-03-09T05:00:00Z,7.6,7.65,6.9801,7.35,557270,3751,7.23395
2021-03-10T05:00:00Z,7.38,7.49,7.3,7.48,190223,637,7.41179
2021-03-11T05:00:00Z,7.51,7.5288,7.33,7.34,159623,439,7.40184
2021-03-12T05:00:00Z,7.33,7.526,7.33,7.4,93636,510,7.43633
2021-03-15T04:00:00Z,7.4,7.54,7.4,7.48,114743,347,7.47361
2021-03-16T04:00:00Z,7.5,7.55,7.35,7.42,144085,439,7.48334
2021-03-17T04:00:00Z,7.4,7.54,7.3649,7.49,140411,434,7.46499
2021-03-18T04:00:00Z,7.48,7.5,7.4,7.45,56656,213,7.46594
2021-03-19T04:00:00Z,7.45,7.57,7.3,7.54,164603,342,7.43168
2021-03-22T04:00:00Z,7.5,7.63,7.45,7.6,247286,538,7.5267
2021-03-23T04:00:00Z,7.38,7.54,7.37,7.4,203602,275,7.44964
2021-03-24T04:00:00Z,7.38,7.51,7.38,7.38,157745,326,7.4607
2021-03-25T04:00:00Z,7.36,7.51,7.26,7.49,283703,630,7.38395
2021-03-26T04:00:00Z,7.53,7.55,7.33,7.53,158017,380,7.47972
2021-03-29T04:00:00Z,7.59,7.724,7.5,7.63,177135,435,7.56939
2021-03-30T04:00:00Z,7.63,7.7497,7.57,7.73,280432,378,7.67132
2021-03-31T04:00:00Z,7.71,7.81,7.63,7.71,125276,273,7.73493
2021-04-01T04:00:00Z,7.72,7.73,7.6,7.68,101157,363,7.67281
2021-04-05T04:00:00Z,7.68,7.74,7.67,7.7,145064,619,7.71029
2021-04-06T04:00:00Z,7.77,7.95,7.75,7.84,219499,381,7.84712
2021-04-07T04:00:00Z,7.89,7.98,7.86,7.95,193193,342,7.91987
2021-04-08T04:00:00Z,7.98,8.11,7.93,8.0116,204473,631,8.06399
2021-04-09T04:00:00Z,8.02,8.24,8.01,8.09,156875,345,8.08427
2021-04-12T04:00:00Z,8.13,8.42,8.13,8.24,114504,392,8.25961
2021-04-13T04:00:00Z,8.25,8.42,8.22,8.31,164430,434,8.34125
2021-04-14T04:00:00Z,8.39,8.42,8.3,8.34,137124,487,8.38625
2021-04-15T04:00:00Z,8.34,8.5799,8.34,8.54,234854,542,8.48578
2021-04-16T04:00:00Z,8.54,8.95,8.54,8.78,379298,851,8.75231
2021-04-19T04:00:00Z,8.84,8.84,8.83,8.83,7979,1,8.84
2021-04-20T04:00:00Z,8.83,9.0499,8.83,8.99,287661,866,8.98794
2021-04-21T04:00:00Z,8.99,9.1,8.95,9.04,212607,574,9.02507
2021-04-22T04:00:00Z,8.89,8.99,8.15,8.32,418893,1022,8.56501
2021-04-23T04:00:00Z,8.5,8.75,8.34,8.51,276354,615,8.49749
2021-04-26T04:00:00Z,8.51,8.5999,8.48,8.58,174207,367,8.5414
2021-04-27T04:00:00Z,8.6,8.64,8.51,8.56,104229,366,8.57523
2021-04-28T04:00:00Z,8.58,8.67,8.41,8.57,119003,242,8.59219
2021-04-29T04:00:00Z,8.59,8.689,8.33,8.59,216125,455,8.48159
2021-04-30T04:00:00Z,8.62,8.65,8.4209,8.56,144367,372,8.5566
2021-05-03T04:00:00Z,8.6,8.7,8.47,8.49,132517,426,8.56813
2021-05-04T04:00:00Z,8.55,8.69,8.42,8.56,108103,297,8.51295
2021-05-05T04:00:00Z,8.56,8.8026,8.56,8.67,138354,282,8.7032
2021-05-06T04:00:00Z,8.7,8.75,8.42,8.73,228794,564,8.58021
2021-05-07T04:00:00Z,8.73,8.8,8.58,8.72,166574,404,8.70671
2021-05-10T04:00:00Z,8.72,8.81,8.67,8.71,135777,322,8.75298
2021-05-11T04:00:00Z,8.67,8.7589,8.61,8.7,189749,546,8.68106
2021-05-12T04:00:00Z,8.67,8.8,8.53,8.56,259938,621,8.63465
2021-05-13T04:00:00Z,8.55,8.6958,8.55,8.67,113246,225,8.63881
2021-05-14T04:00:00Z,8.77,8.8091,8.63,8.75,173414,456,8.73314
2021-05-17T04:00:00Z,8.78,8.84,8.67,8.78,307915,627,8.77703
2021-05-18T04:00:00Z,8.86,8.87,8.75,8.8,297135,508,8.81832
2021-05-19T04:00:00Z,8.76,8.84,8.65,8.83,239854,457,8.76151
2021-05-20T04:00:00Z,8.69,8.86,8.67,8.84,256414,550,8.78401
2021-05-21T04:00:00Z,8.83,8.91,8.76,8.84,217001,410,8.8384
2021-05-24T04:00:00Z,8.84,8.9,8.8,8.86,316713,505,8.83023
2021-05-25T04:00:00Z,8.89,8.98,8.79,8.81,296614,537,8.87677
2021-05-26T04:00:00Z,8.79,8.92,8.76,8.82,220249,517,8.825
2021-05-27T04:00:00Z,8.81,9.13,8.8013,9,871538,3991,8.9436
2021-05-28T04:00:00Z,9.1,9.12,8.86,9.04,235133,567,9.00532
2021-06-01T04:00:00Z,9.17,9.19,9.04,9.12,674956,1981,9.06646
2021-06-02T04:00:00Z,9.14,9.19,9.03,9.13,519408,859,9.13297
2021-06-03T04:00:00Z,9.13,9.23,9.095,9.18,164823,343,9.16826
2021-06-04T04:00:00Z,9.23,9.25,9.18,9.23,150722,314,9.2157
2021-06-07T04:00:00Z,9.21,9.34,9.16,9.3,290465,553,9.25693
2021-06-08T04:00:00Z,9.3,9.35,9.224,9.3,500994,1218,9.28833
2021-06-09T04:00:00Z,9.3,9.5,9.18,9.285,308823,890,9.3271
2021-06-10T04:00:00Z,9.28,9.38,9.2,9.31,396659,858,9.30741
2021-06-11T04:00:00Z,9.33,9.35,9.2693,9.35,162310,485,9.31097
2021-06-14T04:00:00Z,9.38,9.49,9.3758,9.41,223949,559,9.45719
2021-06-15T04:00:00Z,9.41,9.49,9.12,9.31,390531,672,9.28281
2021-06-16T04:00:00Z,9.35,9.35,9.19,9.23,211071,386,9.28028
2021-06-17T04:00:00Z,9.23,9.32,9.06,9.11,200861,550,9.14539
2021-06-18T04:00:00Z,9.07,9.1,8.95,9.01,159236,402,9.03074
2021-06-21T04:00:00Z,9.1,9.28,9.0501,9.19,275286,605,9.16589
2021-06-22T04:00:00Z,9.13,9.15,8.9968,9.06,121600,197,9.08005
2021-06-23T04:00:00Z,9.06,9.2,8.85,9.01,428630,1402,9.02916
2021-06-24T04:00:00Z,9.05,9.06,8.94,9.05,178973,283,9.01206
2021-06-25T04:00:00Z,9.05,9.2,8.94,9.09,200166,355,9.04765
2021-06-28T04:00:00Z,9.09,9.22,8.9871,9.09,117930,260,9.08473
2021-06-29T04:00:00Z,9.05,9.21,8.92,8.99,195779,449,8.99976
2021-06-30T04:00:00Z,9.05,9.16,9.0001,9.06,158151,413,9.07511
2021-07-01T04:00:00Z,9.09,9.25,9.09,9.18,221534,493,9.18162
2021-07-02T04:00:00Z,9.16,9.22,9.15,9.16,136590,282,9.17001
2021-07-06T04:00:00Z,9.23,9.25,9.09,9.15,170038,284,9.15893
2021-07-07T04:00:00Z,9.14,9.3,9.14,9.2,82154,267,9.24374
2021-07-08T04:00:00Z,9.07,9.15,9,9.11,127375,322,9.10112
2021-07-09T04:00:00Z,9.19,9.3,9.1517,9.26,40244,146,9.21603
2021-07-12T04:00:00Z,9.29,9.34,9.256,9.33,58572,178,9.31178
2021-07-13T04:00:00Z,9.36,9.36,9.25,9.3,56712,159,9.29838
2021-07-14T04:00:00Z,9.29,9.38,9.27,9.37,57981,225,9.32879
2021-07-15T04:00:00Z,9.4,9.4,9.2501,9.39,116626,295,9.33516
2021-07-16T04:00:00Z,9.46,9.46,9.311,9.36,56981,156,9.36291
2021-07-19T04:00:00Z,9.36,9.4,9.06,9.35,318457,823,9.31161
2021-07-20T04:00:00Z,9.38,9.65,9.37,9.56,270539,674,9.5326
2021-07-21T04:00:00Z,9.56,9.65,9.41,9.53,248575,666,9.5633
2021-07-22T04:00:00Z,9.52,9.52,9.42,9.45,105574,305,9.47499
2021-07-23T04:00:00Z,9.43,9.48,9.42,9.43,65738,189,9.44819
2021-07-26T04:00:00Z,9.43,9.53,9.43,9.51,136846,305,9.49287
2021-07-27T04:00:00Z,9.53,9.53,9.45,9.48,76209,246,9.48587
2021-07-28T04:00:00Z,9.5,9.57,9.46,9.47,56055,193,9.5176
2021-07-29T04:00:00Z,9.51,9.6,9.47,9.57,63159,228,9.54219
2021-07-30T04:00:00Z,9.58,9.58,9.51,9.53,59690,214,9.52972
2021-08-02T04:00:00Z,9.53,9.6,9.5,9.57,122433,291,9.5683
2021-08-03T04:00:00Z,9.6,9.6,9.45,9.53,132139,358,9.49867
2021-08-04T04:00:00Z,9.53,9.53,9.45,9.49,62973,237,9.48147
2021-08-05T04:00:00Z,9.54,9.55,9.4703,9.52,38849,174,9.51905
2021-08-06T04:00:00Z,9.52,9.54,9.48,9.5,48809,164,9.50409
2021-08-09T04:00:00Z,9.5,9.6994,9.5,9.68,104817,420,9.62913
2021-08-10T04:00:00Z,9.74,9.74,9.5,9.56,63739,299,9.63217
2021-08-11T04:00:00Z,9.59,9.8,9.53,9.78,131700,434,9.64968
2021-08-12T04:00:00Z,9.82,9.84,9.79,9.84,85321,231,9.80637
2021-08-13T04:00:00Z,9.84,10.0086,9.84,9.91,147203,463,9.94624
2021-08-16T04:00:00Z,9.94,9.97,9.8,9.96,105331,410,9.87977
2021-08-17T04:00:00Z,9.99,10.02,9.8624,9.96,146780,337,9.95463
2021-08-18T04:00:00Z,9.96,9.97,9.65,9.83,97106,353,9.79697
2021-08-19T04:00:00Z,9.79,9.8399,9.71,9.75,80730,244,9.73412
2021-08-20T04:00:00Z,9.74,9.9,9.61,9.63,94976,295,9.72425
2021-08-23T04:00:00Z,9.52,9.83,9.5001,9.77,89577,328,9.67213
2021-08-24T04:00:00Z,9.77,9.77,9.48,9.67,165677,562,9.64209
2021-08-25T04:00:00Z,9.68,9.83,9.5729,9.61,108285,325,9.67913
2021-08-26T04:00:00Z,9.61,9.8,9.5912,9.69,65637,213,9.71977
2021-08-27T04:00:00Z,9.76,9.91,9.6512,9.91,60459,254,9.83465
2021-08-30T04:00:00Z,9.86,9.95,9.86,9.89,135534,313,9.92538
2021-08-31T04:00:00Z,9.91,9.95,9.84,9.87,64569,236,9.91738
2021-09-01T04:00:00Z,9.88,9.95,9.8502,9.9,41208,169,9.91278
2021-09-02T04:00:00Z,9.95,9.95,9.85,9.89,45764,131,9.90768
2021-09-03T04:00:00Z,9.85,9.9178,9.83,9.83,52427,246,9.87701
2021-09-07T04:00:00Z,9.75,9.8216,9.72,9.75,89662,367,9.75015
2021-09-08T04:00:00Z,9.78,9.8699,9.75,9.78,25824,104,9.78001
2021-09-09T04:00:00Z,9.79,9.9,9.72,9.9,55837,182,9.79286
2021-09-10T04:00:00Z,9.95,9.999,9.86,9.91,71929,261,9.90638
2021-09-13T04:00:00Z,9.99,9.99,9.92,9.95,51278,148,9.94967
2021-09-14T04:00:00Z,9.96,10,9.92,9.96,68857,175,9.96521
2021-09-15T04:00:00Z,9.95,9.96,9.9,9.95,60572,203,9.93949
2021-09-16T04:00:00Z,9.92,9.97,9.85,9.85,66811,224,9.92441
2021-09-17T04:00:00Z,9.89,9.945,9.8045,9.89,96020,236,9.8887
2021-09-20T04:00:00Z,9.87,9.88,9.6,9.63,90329,413,9.73457
2021-09-21T04:00:00Z,9.79,9.85,9.6,9.71,120047,418,9.72456
2021-09-22T04:00:00Z,9.7,9.71,9.6216,9.71,43533,157,9.67101
2021-09-23T04:00:00Z,9.68,9.9,9.62,9.62,95850,417,9.79039
2021-09-24T04:00:00Z,9.62,9.8,9.5,9.55,23786,122,9.63874
2021-09-27T04:00:00Z,9.59,9.63,8.83,9.15,353452,1165,9.12089
2021-09-28T04:00:00Z,9.07,9.23,8.93,9.07,160105,563,9.02129
2021-09-29T04:00:00Z,9.07,9.09,8.99,9.02,90911,383,9.02578
2021-09-30T04:00:00Z,9.15,9.1699,9.06,9.09,44664,230,9.12816
2021-10-01T04:00:00Z,9.12,9.16,9.06,9.13,62445,161,9.12203
2021-10-04T04:00:00Z,9.11,9.38,9.0604,9.29,129712,398,9.23666
2021-10-05T04:00:00Z,9.39,9.43,9.3538,9.38,66702,243,9.39418
2021-10-06T04:00:00Z,9.35,9.42,9.28,9.33,48686,210,9.33415
2021-10-07T04:00:00Z,9.38,9.5,9.37,9.46,46819,165,9.43748
2021-10-08T04:00:00Z,9.35,9.44,9.35,9.38,53462,270,9.40479
2021-10-11T04:00:00Z,9.35,9.5,9.34,9.48,74315,304,9.43699
2021-10-12T04:00:00Z,9.5,9.5,9.2701,9.41,40605,200,9.41151
2021-10-13T04:00:00Z,9.4,9.4999,9.4,9.47,30778,133,9.46965
2021-10-14T04:00:00Z,9.49,9.6404,9.49,9.5,59006,212,9.56677
2021-10-15T04:00:00Z,9.61,9.6599,9.54,9.61,43562,195,9.60742
2021-10-18T04:00:00Z,9.61,9.78,9.61,9.78,75031,324,9.70645
2021-10-19T04:00:00Z,9.73,9.81,9.73,9.75,77716,396,9.77004
2021-10-20T04:00:00Z,9.78,9.78,9.7,9.78,102676,258,9.75603
2021-10-21T04:00:00Z,9.7,9.7201,9.63,9.69,42945,174,9.68155
2021-10-22T04:00:00Z,9.57,9.6763,9.5,9.59,99306,271,9.59049
2021-10-25T04:00:00Z,9.58,9.58,9.56,9.56,2060,2,9.57876
2021-10-26T04:00:00Z,9.56,9.7035,9.52,9.57,36632,132,9.59927
2021-10-27T04:00:00Z,9.53,9.63,9.49,9.52,32175,168,9.55183
2021-10-28T04:00:00Z,9.55,9.6,9.5,9.56,71126,256,9.55118
2021-10-29T04:00:00Z,9.63,9.67,9.45,9.6,85624,427,9.56937
2021-11-01T04:00:00Z,9.48,9.578,9.4201,9.49,171344,634,9.49279
2021-11-02T04:00:00Z,9.49,9.51,9.47,9.51,45035,214,9.49507
2021-11-03T04:00:00Z,9.52,9.5299,9.45,9.47,56531,179,9.48705
2021-11-04T04:00:00Z,9.48,9.48,9.32,9.43,76532,276,9.42652
2021-11-05T04:00:00Z,9.33,9.4942,9.33,9.43,117251,372,9.41101
2021-11-08T05:00:00Z,9.42,9.4498,9.4,9.41,85109,339,9.42041
2021-11-09T05:00:00Z,9.44,9.44,9.36,9.4,50674,218,9.40034
2021-11-10T05:00:00Z,9.4,9.5,9.37,9.42,28915,126,9.43388
2021-11-11T05:00:00Z,9.4,9.5,9.4,9.44,57151,176,9.45858
2021-11-12T05:00:00Z,9.48,9.5,9.41,9.46,67489,256,9.445
2021-11-15T05:00:00Z,9.5,9.52,9.45,9.51,105678,274,9.49964
2021-11-16T05:00:00Z,9.47,9.5486,9.45,9.52,90201,322,9.5142
2021-11-17T05:00:00Z,9.5,9.5,9.34,9.37,52186,198,9.39937
2021-11-18T05:00:00Z,9.35,9.4029,9.23,9.26,86172,276,9.28156
2021-11-19T05:00:00Z,9.18,9.5,9.18,9.22,68836,394,9.26699
2021-11-22T05:00:00Z,9.16,9.17,9.07,9.12,74503,287,9.12192
2021-11-23T05:00:00Z,9.07,9.12,9.0601,9.07,71370,203,9.08808
2021-11-24T05:00:00Z,9,9.0788,8.99,9.07,135952,360,9.02095
2021-11-26T05:00:00Z,9.06,9.075,8.85,8.93,125146,417,8.98079
2021-11-29T05:00:00Z,9.01,9.02,8.9002,8.97,93622,287,8.96024
2021-11-30T05:00:00Z,9.07,9.07,8.78,8.9,89193,370,8.91895
2021-12-01T05:00:00Z,8.92,8.96,8.69,8.83,179047,610,8.82604
2021-12-02T05:00:00Z,8.72,8.8494,8.72,8.8,126403,285,8.77667
2021-12-03T05:00:00Z,8.82,8.91,8.68,8.74,39655,216,8.79306
2021-12-06T05:00:00Z,8.75,8.8299,8.7206,8.74,86866,280,8.78144
2021-12-07T05:00:00Z,8.78,8.89,8.71,8.77,158332,391,8.82667
2021-12-08T05:00:00Z,8.75,8.88,8.68,8.69,89102,352,8.71834
2021-12-09T05:00:00Z,8.68,8.7286,8.46,8.54,167291,459,8.60578
2021-12-10T05:00:00Z,8.63,8.7,8.53,8.58,145317,156,8.58683
2021-12-13T05:00:00Z,8.51,8.6185,8.45,8.51,222241,790,8.51535
2021-12-14T05:00:00Z,8.62,8.75,8.45,8.73,240853,622,8.65391
2021-12-15T05:00:00Z,8.9,8.9299,8.75,8.86,269134,554,8.84258
2021-12-16T05:00:00Z,9.07,9.1,8.94,9.02,211116,442,9.04194
2021-12-17T05:00:00Z,9.1,9.31,9.02,9.27,150824,489,9.18829
2021-12-20T05:00:00Z,9.22,9.27,9.15,9.23,142840,469,9.20362
2021-12-21T05:00:00Z,9.27,9.39,9.255,9.35,93497,409,9.32746
2021-12-22T05:00:00Z,9.25,9.41,9.2491,9.37,107659,353,9.35317
2021-12-23T05:00:00Z,9.37,9.38,9.3229,9.35,68867,241,9.35614
2021-12-27T05:00:00Z,9.32,9.4621,9.26,9.26,91144,249,9.32896
2021-12-28T05:00:00Z,9.25,9.35,9.12,9.12,74280,405,9.24597
2021-12-29T05:00:00Z,9.19,9.27,9.1,9.24,83382,231,9.17488
2021-12-30T05:00:00Z,9.27,9.33,9.02,9.1,61270,353,9.1522
2021-12-31T05:00:00Z,9.1,9.18,9.0489,9.07,79459,402,9.10477
2022-01-03T05:00:00Z,8.97,9.255,8.93,9.04,330252,764,9.02644
2022-01-04T05:00:00Z,9.21,9.29,9.1178,9.2,76155,501,9.21668
2022-01-05T05:00:00Z,9.27,9.44,9.21,9.36,125842,612,9.34127
2022-01-06T05:00:00Z,9.43,9.55,9.36,9.55,82499,709,9.43929
2022-01-07T05:00:00Z,9.61,9.71,9.4506,9.61,117616,760,9.58853
2022-01-10T05:00:00Z,9.52,9.7851,9.3106,9.64,132233,974,9.56305
2022-01-11T05:00:00Z,9.81,9.81,9.56,9.75,120909,684,9.71826
2022-01-12T05:00:00Z,9.78,10,9.72,9.76,89184,327,9.76967
2022-01-13T05:00:00Z,9.79,9.9,9.76,9.83,144579,614,9.82186
2022-01-14T05:00:00Z,9.9,9.93,9.76,9.82,97921,425,9.85137
2022-01-18T05:00:00Z,9.83,9.91,9.77,9.81,163594,437,9.82349
2022-01-19T05:00:00Z,9.87,9.92,9.8001,9.85,92024,393,9.85892
2022-01-20T05:00:00Z,9.89,9.95,9.86,9.87,127837,741,9.91207
2022-01-21T05:00:00Z,9.61,9.8197,9.45,9.6,137325,470,9.60591
2022-01-24T05:00:00Z,9.55,9.6,9.04,9.27,418545,1203,9.25935
2022-01-25T05:00:00Z,9.1,9.32,9.1,9.27,151504,906,9.19334
2022-01-26T05:00:00Z,9.34,9.5,9.26,9.33,164658,752,9.36019
2022-01-27T05:00:00Z,9.32,9.5551,9.32,9.36,99646,648,9.40777
2022-01-28T05:00:00Z,9.35,9.7,9.34,9.66,101527,531,9.52174
2022-01-31T05:00:00Z,9.73,9.86,9.67,9.79,116780,447,9.77029
2022-02-01T05:00:00Z,9.81,9.875,9.71,9.73,74919,375,9.82837
2022-02-02T05:00:00Z,9.75,9.97,9.7402,9.93,48871,289,9.85632
2022-02-03T05:00:00Z,9.87,9.94,9.735,9.88,103960,373,9.85986
2022-02-04T05:00:00Z,9.85,9.935,9.65,9.76,90919,912,9.79605
2022-02-07T05:00:00Z,9.95,10,9.76,9.86,129884,528,9.90821
2022-02-08T05:00:00Z,9.91,10,9.75,10,104077,1244,9.91723
2022-02-09T05:00:00Z,9.98,10.17,9.98,10.04,122834,608,10.0858
2022-02-10T05:00:00Z,10.02,10.1366,9.6601,9.69,131121,1053,9.81224
2022-02-11T05:00:00Z,9.68,9.93,9.66,9.73,85542,360,9.79256
2022-02-14T05:00:00Z,9.81,9.9843,9.75,9.88,67141,411,9.84653
2022-02-15T05:00:00Z,9.99,10.01,9.93,10.01,71667,347,9.97781
2022-02-16T05:00:00Z,10.07,10.0967,9.785,9.82,97592,525,9.89631
2022-02-17T05:00:00Z,9.94,9.94,9.64,9.8,79767,303,9.79904
2022-02-18T05:00:00Z,9.79,9.89,9.66,9.78,63915,438,9.79909
2022-02-22T05:00:00Z,9.68,9.7399,9.45,9.58,167639,569,9.62038
2022-02-23T05:00:00Z,9.57,9.74,9.52,9.67,82368,274,9.61163
2022-02-24T05:00:00Z,9.55,9.62,9.35,9.61,213437,961,9.48419
2022-02-25T05:00:00Z,9.73,9.82,9.57,9.77,56595,278,9.73377
2022-02-28T05:00:00Z,9.88,9.9142,9.701,9.86,74882,367,9.85215
2022-03-01T05:00:00Z,9.94,9.95,9.81,9.94,64565,304,9.88992
2022-03-02T05:00:00Z,9.94,10.05,9.91,10.05,149221,657,9.97699
2022-03-03T05:00:00Z,10.04,10.05,10.005,10.03,84169,352,10.0369
2022-03-04T05:00:00Z,10.04,10.05,9.82,10.05,51485,239,9.95804
2022-03-07T05:00:00Z,10.04,10.1,9.76,9.8,83546,364,9.93234
2022-03-08T05:00:00Z,9.85,10,9.73,9.73,3813,9,9.88607
2022-03-09T05:00:00Z,9.88,9.88,9.7801,9.82,56782,299,9.8352
2022-03-10T05:00:00Z,9.78,9.95,9.77,9.86,66118,273,9.8658
2022-03-11T05:00:00Z,9.86,9.9309,9.77,9.89,94406,353,9.8393
2022-03-14T04:00:00Z,9.89,10.04,9.82,9.83,95565,413,9.91048
2022-03-15T04:00:00Z,9.87,9.9229,9.6942,9.76,55535,318,9.78059
2022-03-16T04:00:00Z,9.75,9.91,9.72,9.76,75512,480,9.75833
2022-03-17T04:00:00Z,9.76,10,9.7202,9.9,115593,660,9.84749
2022-03-18T04:00:00Z,9.93,9.9828,9.8,9.89,68117,320,9.87102
2022-03-21T04:00:00Z,9.77,9.975,9.77,9.88,102675,454,9.86057
2022-03-22T04:00:00Z,9.83,9.9377,9.75,9.84,115087,371,9.86823
2022-03-23T04:00:00Z,9.82,9.82,9.63,9.75,77384,309,9.70289
2022-03-24T04:00:00Z,9.76,9.79,9.6573,9.69,133572,571,9.69071
2022-03-25T04:00:00Z,9.64,9.8239,9.57,9.67,99635,332,9.6565
2022-03-28T04:00:00Z,9.68,9.7,9.57,9.7,140397,578,9.64932
2022-03-29T04:00:00Z,9.73,9.9,9.69,9.8,112075,392,9.79236
2022-03-30T04:00:00Z,9.93,9.9321,9.73,9.77,60237,231,9.82572
2022-03-31T04:00:00Z,9.92,9.97,9.8,9.85,82889,362,9.87208
2022-04-01T04:00:00Z,9.89,9.9,9.84,9.9,94508,329,9.88695
2022-04-04T04:00:00Z,9.9,9.97,9.87,9.94,139232,470,9.89976
2022-04-05T04:00:00Z,9.94,10,9.9,9.96,43066,213,9.96267
2022-04-06T04:00:00Z,9.9,10,9.87,9.93,36905,182,9.92503
2022-04-07T04:00:00Z,9.9752,10,9.9,9.98,65132,312,9.96616
2022-04-08T04:00:00Z,9.99,10,9.87,9.87,77938,372,9.92098
2022-04-11T04:00:00Z,9.85,10,9.83,9.99,163849,627,9.89608
2022-04-12T04:00:00Z,10.09,10.15,9.96,10.12,169243,568,10.077
2022-04-13T04:00:00Z,10.15,10.38,10.05,10.23,179281,713,10.2815
2022-04-14T04:00:00Z,10.32,10.39,10.2401,10.37,142836,572,10.3203
2022-04-18T04:00:00Z,10.39,10.55,10.39,10.51,192877,937,10.4608
2022-04-19T04:00:00Z,10.55,10.6899,10.38,10.54,147969,665,10.5589
2022-04-20T04:00:00Z,10.62,10.832,10.57,10.74,147978,584,10.7188
2022-04-21T04:00:00Z,10.66,10.74,10.5001,10.6,117583,445,10.6274
2022-04-22T04:00:00Z,10.51,10.5952,10.22,10.25,135383,455,10.3367
2022-04-25T04:00:00Z,10.2,10.2,10.01,10.12,115016,439,10.0823
2022-04-26T04:00:00Z,10.15,10.4,10.03,10.21,99953,279,10.2206
2022-04-27T04:00:00Z,10.26,10.39,10.17,10.28,60685,286,10.3024
2022-04-28T04:00:00Z,10.37,10.4,10.16,10.31,88005,299,10.3118
2022-04-29T04:00:00Z,10.37,10.5601,10.24,10.33,96847,404,10.403
2022-05-02T04:00:00Z,10.38,10.51,10.29,10.41,83362,330,10.3976
2022-05-03T04:00:00Z,10.4,10.54,10.33,10.52,67957,326,10.4499
2022-05-04T04:00:00Z,10.57,10.74,10.52,10.63,46891,316,10.599
2022-05-05T04:00:00Z,10.63,10.6789,10.16,10.38,54821,398,10.5051
2022-05-06T04:00:00Z,10.38,10.71,10.38,10.47,126903,484,10.5783
2022-05-09T04:00:00Z,10.44,10.57,10.3,10.39,114829,538,10.4161
2022-05-10T04:00:00Z,10.42,10.5198,9.75,9.93,312190,1076,9.99513
2022-05-11T04:00:00Z,10.02,10.095,9.74,9.86,117563,580,9.93651
2022-05-12T04:00:00Z,9.96,9.96,9.3701,9.64,186439,768,9.6802
2022-05-13T04:00:00Z,9.53,9.99,9.53,9.89,137515,410,9.78204
2022-05-16T04:00:00Z,9.99,10.34,9.9438,10.2,105679,477,10.1402
2022-05-17T04:00:00Z,10.3,10.37,10.2592,10.32,70728,276,10.3391
2022-05-18T04:00:00Z,10.39,10.39,10.22,10.25,79618,363,10.3178
2022-05-19T04:00:00Z,10.3,10.5,10.22,10.48,93584,416,10.3368
2022-05-20T04:00:00Z,10.59,10.67,10.3,10.47,143960,595,10.5011
2022-05-23T04:00:00Z,10.32,10.4899,10.25,10.35,121196,444,10.3434
2022-05-24T04:00:00Z,10.33,10.36,10.21,10.28,59260,254,10.2733
2022-05-25T04:00:00Z,10.16,10.35,10.15,10.27,159285,414,10.2466
2022-05-26T04:00:00Z,10.22,10.535,10.22,10.42,52009,305,10.3869
2022-05-27T04:00:00Z,10.5,10.6,10.42,10.48,51189,277,10.5235
2022-05-31T04:00:00Z,10.57,10.6497,10.42,10.62,105471,540,10.5505
2022-06-01T04:00:00Z,10.63,10.65,10.4876,10.61,48650,210,10.6125
2022-06-02T04:00:00Z,10.61,10.8707,10.5151,10.74,102586,377,10.7198
2022-06-03T04:00:00Z,10.75,10.8,10.6501,10.73,45547,209,10.7217
2022-06-06T04:00:00Z,10.77,10.8332,10.68,10.75,41312,223,10.7504
2022-06-07T04:00:00Z,10.66,10.8351,10.4615,10.64,94939,481,10.6266
2022-06-08T04:00:00Z,10.66,10.7,10.57,10.66,51232,299,10.6444
2022-06-09T04:00:00Z,10.59,10.675,10.52,10.58,49216,214,10.5721
2022-06-10T04:00:00Z,10.62,10.66,10.39,10.42,68274,263,10.4919
2022-06-13T04:00:00Z,10.33,10.33,9.7,9.77,176919,588,9.92397
2022-06-14T04:00:00Z,9.7,10.0686,9.7,9.8,83301,372,9.82514
2022-06-15T04:00:00Z,9.76,10.1,9.76,9.94,78810,347,9.9627
2022-06-16T04:00:00Z,9.85,9.876,9.36,9.36,74346,359,9.63721
2022-06-17T04:00:00Z,9.29,9.5699,9.2507,9.43,116469,378,9.40178
2022-06-21T04:00:00Z,9.54,9.87,9.52,9.81,58116,293,9.74938
2022-06-22T04:00:00Z,9.73,9.76,9.39,9.46,62740,308,9.63009
2022-06-23T04:00:00Z,9.37,9.44,9,9.27,165279,610,9.26238
2022-06-24T04:00:00Z,9.27,9.59,9.27,9.37,69572,411,9.4457
2022-06-27T04:00:00Z,9.5,9.69,9.33,9.57,58013,267,9.55605
2022-06-28T04:00:00Z,9.68,9.85,9.6,9.7,59167,342,9.70179
2022-06-29T04:00:00Z,9.62,9.83,9.5801,9.77,31529,173,9.76249
2022-06-30T04:00:00Z,9.81,9.81,9.55,9.67,40102,238,9.69293
2022-07-01T04:00:00Z,9.7,9.88,9.5405,9.66,72424,429,9.78309
2022-07-05T04:00:00Z,9.7,9.7972,9.55,9.63,22925,165,9.64385
2022-07-06T04:00:00Z,9.6,9.7865,9.52,9.62,133297,263,9.73254
2022-07-07T04:00:00Z,9.61,9.83,9.5484,9.75,33879,183,9.75921
2022-07-08T04:00:00Z,9.8,9.97,9.69,9.79,85503,254,9.82252
2022-07-11T04:00:00Z,9.78,9.96,9.7,9.86,69672,293,9.83846
2022-07-12T04:00:00Z,9.76,9.99,9.49,9.55,49508,269,9.67053
2022-07-13T04:00:00Z,9.62,9.6726,9.5,9.62,38142,233,9.58749
2022-07-14T04:00:00Z,9.5,9.6399,9.5,9.57,31982,124,9.56253
2022-07-15T04:00:00Z,9.6,9.9041,9.6,9.78,27188,117,9.70495
2022-07-18T04:00:00Z,9.8,10.03,9.8,9.85,63596,203,9.89369
2022-07-19T04:00:00Z,9.87,10.09,9.8501,9.94,47700,220,9.99314
2022-07-20T04:00:00Z,10.1,10.1199,9.88,10.1,62547,225,10.0736
2022-07-21T04:00:00Z,10.12,10.12,9.87,9.89,39333,250,9.95284
2022-07-22T04:00:00Z,9.94,10.02,9.82,9.86,28719,112,9.89861
2022-07-25T04:00:00Z,9.98,10.22,9.85,10.02,65012,335,10.0536
2022-07-26T04:00:00Z,10.0273,10.0273,9.84,9.86,53271,210,9.92891
2022-07-27T04:00:00Z,9.95,9.985,9.8,9.93,49599,327,9.90995
2022-07-28T04:00:00Z,9.91,10.09,9.8,9.87,111680,710,9.89867
2022-07-29T04:00:00Z,10.07,10.3091,10.07,10.29,62351,395,10.1894
2022-08-01T04:00:00Z,10.21,10.2799,10.14,10.14,74442,264,10.2082
2022-08-02T04:00:00Z,10.15,10.3,10.13,10.21,61763,314,10.2074
2022-08-03T04:00:00Z,10.2,10.31,10.07,10.14,37086,235,10.2116
2022-08-04T04:00:00Z,10.19,10.24,10,10.04,45891,276,10.1343
2022-08-05T04:00:00Z,10.03,10.16,10.006,10.02,40908,163,10.0641
2022-08-08T04:00:00Z,10.09,10.26,10.0406,10.16,46199,251,10.1687
2022-08-09T04:00:00Z,10.32,10.53,10.12,10.17,128669,371,10.289
2022-08-10T04:00:00Z,10.22,10.4499,10.22,10.29,64446,169,10.319
2022-08-11T04:00:00Z,10.37,10.4999,10.2726,10.35,51732,235,10.3802
2022-08-12T04:00:00Z,10.41,10.71,10.41,10.66,82156,344,10.6313
2022-08-15T04:00:00Z,10.71,10.71,10.38,10.59,98873,389,10.585
2022-08-16T04:00:00Z,10.61,10.61,10.31,10.52,99357,441,10.4638
2022-08-17T04:00:00Z,10.56,10.62,10.4715,10.59,22703,123,10.5472
2022-08-18T04:00:00Z,10.57,10.6978,10.52,10.53,30941,194,10.5752
2022-08-19T04:00:00Z,10.54,10.6387,10.25,10.49,69653,306,10.446
2022-08-22T04:00:00Z,10.37,10.441,10.07,10.22,74383,327,10.2162
2022-08-23T04:00:00Z,10.06,10.45,10.06,10.23,52123,292,10.1743
2022-08-24T04:00:00Z,10.23,10.44,10.1622,10.3,47510,227,10.3245
2022-08-25T04:00:00Z,10.36,10.565,10.26,10.34,64826,342,10.3812
2022-08-26T04:00:00Z,10.39,10.55,10.11,10.3,94605,494,10.3809
2022-08-29T04:00:00Z,10.26,10.49,10.26,10.38,51700,261,10.3577
2022-08-30T04:00:00Z,10.38,10.38,10.13,10.34,68850,329,10.2454
2022-08-31T04:00:00Z,10.5,10.5,10.0532,10.27,134198,783,10.2455
2022-09-01T04:00:00Z,10.28,10.33,9.95,10.28,63620,417,10.1415
2022-09-02T04:00:00Z,10.42,10.42,10.15,10.18,85545,452,10.2324
2022-09-06T04:00:00Z,10.3,10.47,10,10.05,59644,200,10.2078
2022-09-07T04:00:00Z,10,10.34,10,10.23,62381,312,10.1538
2022-09-08T04:00:00Z,10.21,10.34,10.14,10.21,43385,200,10.2646
2022-09-09T04:00:00Z,10.35,10.4304,10.225,10.27,30043,151,10.305
2022-09-12T04:00:00Z,10.34,10.37,10.248,10.32,37810,161,10.3214
2022-09-13T04:00:00Z,10.28,10.38,10.23,10.33,60345,318,10.3117
2022-09-14T04:00:00Z,10.34,10.35,10.22,10.33,45852,183,10.2902
2022-09-15T04:00:00Z,10.33,10.3499,10.28,10.33,27241,165,10.3203
2022-09-16T04:00:00Z,10.28,10.28,10.1001,10.24,61261,431,10.1888
2022-09-19T04:00:00Z,10.12,10.39,10.11,10.39,154133,792,10.3198
2022-09-20T04:00:00Z,10.41,10.41,9.95,10.14,137305,563,10.1595
2022-09-21T04:00:00Z,10.17,10.2002,10.0118,10.14,47446,218,10.115
2022-09-22T04:00:00Z,10.06,10.06,9.44,9.74,156515,618,9.63209
2022-09-23T04:00:00Z,9.62,9.62,8.84,9.03,120499,561,9.12553
2022-09-26T04:00:00Z,8.91,9.105,8.75,8.79,146245,497,8.87146
2022-09-27T04:00:00Z,8.81,9.18,8.65,8.71,197090,740,8.85632
2022-09-28T04:00:00Z,8.71,8.9499,8.62,8.91,191933,868,8.81882
2022-09-29T04:00:00Z,8.8,8.8299,8.45,8.64,140714,589,8.56971
2022-09-30T04:00:00Z,8.67,8.875,8.545,8.72,127161,494,8.67489
2022-10-03T04:00:00Z,8.8,8.9899,8.7301,8.9,162888,536,8.88253
2022-10-04T04:00:00Z,9.12,9.3094,9.03,9.21,54276,275,9.17689
2022-10-05T04:00:00Z,9.15,9.21,9.02,9.21,41363,241,9.10017
2022-10-06T04:00:00Z,9.16,9.2446,9.03,9.17,79396,363,9.11815
2022-10-07T04:00:00Z,9.1,9.1,8.93,8.99,35904,330,8.98629
2022-10-10T04:00:00Z,8.93,9.04,8.88,8.9,12984,154,8.9461
2022-10-11T04:00:00Z,8.81,8.9848,8.7476,8.84,86016,365,8.84678
2022-10-12T04:00:00Z,8.74,8.86,8.67,8.79,77171,306,8.76724
2022-10-13T04:00:00Z,8.7,8.93,8.65,8.9,76100,323,8.79781
2022-10-14T04:00:00Z,8.96,9.2583,8.84,8.84,25611,149,8.96386
2022-10-17T04:00:00Z,8.89,9.0073,8.816,8.94,39834,190,8.93182
2022-10-18T04:00:00Z,9.08,9.19,8.969,8.99,16466,123,9.04473
2022-10-19T04:00:00Z,8.96,9.69,8.935,9.62,429485,931,9.42675
2022-10-20T04:00:00Z,9.58,9.58,9.3107,9.54,72799,374,9.47992
2022-10-21T04:00:00Z,9.42,9.4882,9.15,9.2,38879,278,9.30498
2022-10-24T04:00:00Z,9.18,9.27,8.97,9.17,30368,195,9.07999
2022-10-25T04:00:00Z,9.19,9.38,9.19,9.305,43245,330,9.27138
2022-10-26T04:00:00Z,9.36,9.4099,9.25,9.33,55701,247,9.31213
2022-10-27T04:00:00Z,9.4,9.59,9.31,9.43,46176,312,9.46576
2022-10-28T04:00:00Z,9.55,9.72,9.4947,9.65,32491,272,9.61826
2022-10-31T04:00:00Z,9.66,9.85,9.4,9.77,78794,381,9.65463
2022-11-01T04:00:00Z,9.8,9.85,9.57,9.7,54362,310,9.75638
2022-11-02T04:00:00Z,9.65,9.84,9.58,9.7,49663,317,9.71032
2022-11-03T04:00:00Z,9.64,9.72,9.26,9.44,68961,363,9.45688
2022-11-04T04:00:00Z,9.48,9.5899,9.375,9.49,31024,228,9.48736
2022-11-07T05:00:00Z,9.52,9.5992,9.39,9.39,32577,144,9.54757
2022-11-08T05:00:00Z,9.35,9.6099,9.35,9.55,55701,293,9.48016
2022-11-09T05:00:00Z,9.5,9.5,9.22,9.22,30619,208,9.36645
2022-11-10T05:00:00Z,9.27,9.65,9.27,9.45,27728,231,9.44023
2022-11-11T05:00:00Z,9.5,9.77,9.5,9.7,27824,173,9.62971
2022-11-14T05:00:00Z,9.63,9.75,9.5805,9.6,29400,170,9.66672
2022-11-15T05:00:00Z,9.78,9.79,9.6,9.6,29491,279,9.66098
2022-11-16T05:00:00Z,9.76,9.89,9.6427,9.79,44741,212,9.77875
2022-11-17T05:00:00Z,9.8875,9.8875,9.6,9.6,31293,185,9.73387
2022-11-18T05:00:00Z,9.77,9.95,9.73,9.94,55978,296,9.85895
2022-11-21T05:00:00Z,9.98,9.98,9.815,9.95,60514,415,9.87709
2022-11-22T05:00:00Z,9.81,9.9399,9.705,9.81,59299,285,9.82225
2022-11-23T05:00:00Z,9.8396,9.97,9.7513,9.8,44391,226,9.85608
2022-11-25T05:00:00Z,9.78,9.93,9.7667,9.89,8403,60,9.86153
2022-11-28T05:00:00Z,9.8,9.98,9.8,9.81,34849,218,9.89308
2022-11-29T05:00:00Z,9.81,10,9.81,10,32229,205,9.89207
2022-11-30T05:00:00Z,10,10.09,9.8,10.03,92891,419,9.92304
2022-12-01T05:00:00Z,10.06,10.065,9.8146,9.94,27892,212,9.92029
2022-12-02T05:00:00Z,9.9,9.9022,9.85,9.88,57717,202,9.87637
2022-12-05T05:00:00Z,9.9,9.93,9.77,9.77,69910,267,9.8492
2022-12-06T05:00:00Z,9.77,9.8199,9.62,9.71,39776,259,9.7335
2022-12-07T05:00:00Z,9.65,9.78,9.51,9.58,43608,279,9.61824
2022-12-08T05:00:00Z,9.65,9.7042,9.46,9.6,45329,216,9.53703
2022-12-09T05:00:00Z,9.61,9.6523,9.28,9.3,30105,186,9.54368
2022-12-12T05:00:00Z,9.38,9.6199,9.06,9.32,156188,602,9.26708
2022-12-13T05:00:00Z,9.47,9.6377,9.35,9.42,41771,159,9.47572
2022-12-14T05:00:00Z,9.34,9.5695,9.34,9.43,45216,174,9.43528
2022-12-15T05:00:00Z,9.25,9.4692,9.2457,9.38,35742,200,9.36338
2022-12-16T05:00:00Z,9.34,9.53,9.26,9.26,43736,175,9.45482
2022-12-19T05:00:00Z,9.35,9.643,9.32,9.36,86955,407,9.49121
2022-12-20T05:00:00Z,9.37,9.5062,9.31,9.39,77155,280,9.41966
2022-12-21T05:00:00Z,9.38,9.485,9.33,9.39,41505,219,9.39572
2022-12-22T05:00:00Z,9.27,9.32,9.07,9.11,38721,259,9.19613
2022-12-23T05:00:00Z,9.06,9.417,9.05,9.33,53137,216,9.20068
2022-12-27T05:00:00Z,9.15,9.33,9.07,9.12,50604,320,9.20798
2022-12-28T05:00:00Z,9.12,9.39,9.12,9.19,28535,185,9.20131
2022-12-29T05:00:00Z,9.28,9.28,9.08,9.26,61227,373,9.16661
2022-12-30T05:00:00Z,9.31,9.47,9.03,9.42,128410,566,9.27682
2023-01-03T05:00:00Z,9.37,9.4479,9.22,9.27,43276,291,9.37226
2023-01-04T05:00:00Z,9.37,9.5,9.35,9.4,40433,236,9.40644
2023-01-05T05:00:00Z,9.28,9.4534,9.28,9.35,52469,231,9.401
2023-01-06T05:00:00Z,9.4855,9.4855,9.3001,9.34,38777,247,9.43367
2023-01-09T05:00:00Z,9.37,9.53,9.37,9.45,93272,273,9.42506
2023-01-10T05:00:00Z,9.44,9.5216,9.3501,9.49,36673,189,9.47086
2023-01-11T05:00:00Z,9.5053,9.7799,9.5053,9.62,33664,161,9.66086
2023-01-12T05:00:00Z,9.65,9.94,9.626,9.82,43899,294,9.82481
2023-01-13T05:00:00Z,9.74,10.0556,9.707,10.01,81271,493,9.89987
2023-01-17T05:00:00Z,10,10.17,9.8701,10.1,97153,526,10.0169
2023-01-18T05:00:00Z,10.11,10.1999,9.7889,9.98,154454,742,9.97177
2023-01-19T05:00:00Z,10,10.07,9.92,9.96,35524,260,9.99074
2023-01-20T05:00:00Z,9.96,10.02,9.92,9.99,56046,252,9.98684
2023-01-23T05:00:00Z,9.95,10.018,9.81,9.83,67816,350,9.894
2023-01-24T05:00:00Z,9.83,9.89,9.76,9.78,55270,279,9.82397
2023-01-25T05:00:00Z,9.76,9.84,9.76,9.76,40810,270,9.78297
2023-01-26T05:00:00Z,9.85,10,9.79,9.89,55600,330,9.87881
2023-01-27T05:00:00Z,9.9,10.1001,9.85,10.04,120522,752,10.0213
2023-01-30T05:00:00Z,10.03,10.11,9.915,9.98,55517,451,10.0367
2023-01-31T05:00:00Z,10.07,10.2033,10.0206,10.11,60623,469,10.108
2023-02-01T05:00:00Z,10.1,10.25,10.07,10.12,41101,318,10.1515
2023-02-02T05:00:00Z,10.15,10.2,10.0101,10.14,55913,340,10.1377
2023-02-03T05:00:00Z,10.1,10.24,10.07,10.16,48520,394,10.1849
2023-02-06T05:00:00Z,10.18,10.18,10.035,10.06,48854,394,10.0925
2023-02-07T05:00:00Z,10,10.25,10,10.18,42743,322,10.159
2023-02-08T05:00:00Z,10.11,10.2334,10.1,10.1,30458,186,10.1238
2023-02-09T05:00:00Z,10.1,10.29,10.1,10.15,51530,336,10.1729
2023-02-10T05:00:00Z,10.13,10.28,10.1,10.21,23785,184,10.2057
2023-02-13T05:00:00Z,10.22,10.28,10.17,10.21,38475,277,10.2299
2023-02-14T05:00:00Z,10.26,10.27,10.06,10.11,69704,414,10.152
2023-02-15T05:00:00Z,10.17,10.27,10.12,10.22,67912,315,10.2144
2023-02-16T05:00:00Z,10.13,10.25,10.1,10.22,35116,264,10.1807
2023-02-17T05:00:00Z,10.07,10.1,9.895,9.98,69618,341,9.98055
2023-02-21T05:00:00Z,9.93,9.9769,9.71,9.87,87516,506,9.81117
2023-02-22T05:00:00Z,9.83,9.92,9.75,9.885,25275,147,9.84012
2023-02-23T05:00:00Z,9.9,9.98,9.74,9.81,59114,422,9.84833
2023-02-24T05:00:00Z,9.75,9.83,9.67,9.81,45247,309,9.73646
2023-02-27T05:00:00Z,9.8,10.0899,9.7301,9.91,59588,355,9.89311
2023-02-28T05:00:00Z,9.98,9.98,9.8,9.89,37149,306,9.90345
2023-03-01T05:00:00Z,9.83,9.97,9.75,9.97,25514,150,9.83174
2023-03-02T05:00:00Z,9.83,9.9,9.75,9.85,49094,345,9.81138
2023-03-03T05:00:00Z,9.84,10.07,9.7802,9.95,47393,316,9.91909
2023-03-06T05:00:00Z,9.94,10.12,9.8809,9.95,73059,369,9.93014
2023-03-07T05:00:00Z,9.9,10.03,9.85,9.92,56091,310,9.91525
2023-03-08T05:00:00Z,9.84,9.9941,9.83,9.89,13589,144,9.89446
2023-03-09T05:00:00Z,9.89,9.89,9.67,9.7,27521,241,9.78031
2023-03-10T05:00:00Z,9.67,9.82,9.5,9.59,39904,397,9.64878
2023-03-13T04:00:00Z,9.45,9.5448,9.3,9.46,42601,256,9.40629
2023-03-14T04:00:00Z,9.51,9.66,9.46,9.46,27614,187,9.54209
2023-03-15T04:00:00Z,9.26,9.4387,9.05,9.05,54639,367,9.20114
2023-03-16T04:00:00Z,9,9.12,8.82,8.92,126559,531,8.98424
2023-03-17T04:00:00Z,8.99,9.23,8.85,8.92,56233,332,9.03575
2023-03-20T04:00:00Z,8.95,9.1338,8.911,9.01,40363,210,8.99725
2023-03-21T04:00:00Z,9.05,9.34,9.05,9.24,41068,168,9.20553
2023-03-22T04:00:00Z,9.26,9.5299,9.2,9.21,27150,131,9.29342
2023-03-23T04:00:00Z,9.14,9.1986,9,9.05,34898,174,9.11371
2023-03-24T04:00:00Z,8.92,9.12,8.71,8.91,98422,710,8.88353
2023-03-27T04:00:00Z,8.92,9.035,8.81,8.99,25873,244,8.92676
2023-03-28T04:00:00Z,8.98,9.11,8.72,8.81,29633,258,8.8851
2023-03-29T04:00:00Z,8.88,9,8.8599,8.92,29569,172,8.94493
2023-03-30T04:00:00Z,8.96,9.0508,8.75,8.88,81696,418,8.9142
2023-03-31T04:00:00Z,9.09,9.09,8.85,9.04,60676,329,8.97065
2023-04-03T04:00:00Z,9.1,9.35,9.0404,9.22,76135,299,9.16712
2023-04-04T04:00:00Z,9.1,9.37,9.0222,9.07,53808,237,9.16037
2023-04-05T04:00:00Z,9.02,9.3815,9.02,9.21,24874,153,9.18029
2023-04-06T04:00:00Z,9.11,9.35,9.11,9.3,29245,220,9.27735
2023-04-10T04:00:00Z,9.19,9.3499,9.1066,9.12,35128,230,9.19216
2023-04-11T04:00:00Z,9.14,9.2896,9.1,9.1,33724,203,9.17148
2023-04-12T04:00:00Z,9.29,9.3299,9.13,9.25,37522,248,9.23188
2023-04-13T04:00:00Z,9.22,9.45,9.22,9.4,33759,191,9.36045
2023-04-14T04:00:00Z,9.42,9.4342,9.28,9.32,21028,167,9.35829
2023-04-17T04:00:00Z,9.3,9.3863,9.2006,9.3,32377,226,9.30039
2023-04-18T04:00:00Z,9.31,9.4435,9.31,9.37,52060,239,9.37774
2023-04-19T04:00:00Z,9.31,9.42,9.15,9.23,34262,246,9.28987
2023-04-20T04:00:00Z,9.16,9.42,9.02,9.25,120096,812,9.26593
2023-04-21T04:00:00Z,9.18,9.28,8.95,9.04,34265,306,9.12809
2023-04-24T04:00:00Z,9.05,9.1976,8.91,9,50743,330,9.02007
2023-04-25T04:00:00Z,8.91,9.069,8.63,8.79,55405,411,8.8067
2023-04-26T04:00:00Z,8.81,8.96,8.71,8.86,45046,358,8.86898
2023-04-27T04:00:00Z,8.79,8.94,8.7,8.86,67828,391,8.80597
2023-04-28T04:00:00Z,8.9,8.926,8.71,8.8,88257,447,8.84153
2023-05-01T04:00:00Z,8.72,8.8599,8.48,8.65,214542,816,8.66976
2023-05-02T04:00:00Z,8.5,8.6315,8.31,8.49,107471,664,8.45205
2023-05-03T04:00:00Z,8.48,8.564,8.36,8.4,73870,477,8.4238
2023-05-04T04:00:00Z,8.26,8.395,8.19,8.25,119220,610,8.26659
2023-05-05T04:00:00Z,8.28,8.5,8.28,8.42,49932,290,8.38769
2023-05-08T04:00:00Z,8.45,8.45,8.33,8.37,68013,384,8.36743
2023-05-09T04:00:00Z,8.47,8.61,8.2871,8.53,29979,260,8.49698
2023-05-10T04:00:00Z,8.53,8.671,8.3,8.4,40376,238,8.45276
2023-05-11T04:00:00Z,8.56,8.56,8.38,8.43,38807,228,8.43664
2023-05-12T04:00:00Z,8.41,8.59,8.41,8.57,38746,311,8.49496
2023-05-15T04:00:00Z,8.53,8.6489,8.5,8.62,38645,254,8.56066
2023-05-16T04:00:00Z,8.69,8.73,8.5534,8.633,34306,260,8.6683
2023-05-17T04:00:00Z,8.63,8.8783,8.63,8.79,70726,320,8.77958
2023-05-18T04:00:00Z,8.98,8.98,8.66,8.82,29170,307,8.82494
2023-05-19T04:00:00Z,8.77,8.84,8.51,8.56,103234,620,8.61699
2023-05-22T04:00:00Z,8.39,8.72,8.3701,8.58,76431,464,8.48403
2023-05-23T04:00:00Z,8.46,8.75,8.42,8.42,65594,350,8.54632
2023-05-24T04:00:00Z,8.37,8.9299,8.37,8.55,112231,376,8.65586
2023-05-25T04:00:00Z,8.59,8.751,8.5,8.5,58792,288,8.65432
2023-05-26T04:00:00Z,8.57,8.78,8.5,8.74,45993,212,8.68996
2023-05-30T04:00:00Z,8.74,8.84,8.56,8.6,59392,431,8.75345
2023-05-31T04:00:00Z,8.66,8.78,8.37,8.47,76029,379,8.54926
2023-06-01T04:00:00Z,8.55,8.65,8.49,8.53,45195,267,8.55245
2023-06-02T04:00:00Z,8.55,8.65,8.46,8.5,104250,531,8.53476
2023-06-05T04:00:00Z,8.54,8.68,8.21,8.32,167154,854,8.38727
2023-06-06T04:00:00Z,8.41,8.5,8.31,8.5,109815,454,8.39026
2023-06-07T04:00:00Z,8.51,8.715,8.51,8.66,80520,342,8.64531
2023-06-08T04:00:00Z,8.66,8.69,8.54,8.6386,62471,430,8.63439
2023-06-09T04:00:00Z,8.56,8.75,8.51,8.64,79057,385,8.61226
2023-06-12T04:00:00Z,8.59,8.68,8.53,8.53,43939,286,8.58812
2023-06-13T04:00:00Z,8.53,8.6434,8.465,8.54,100233,420,8.52723
2023-06-14T04:00:00Z,8.63,8.68,8.55,8.58,53921,276,8.59056
2023-06-15T04:00:00Z,8.6,8.69,8.5,8.67,44343,240,8.5827
2023-06-16T04:00:00Z,8.7,8.74,8.59,8.6,71003,342,8.66968
2023-06-20T04:00:00Z,8.6,8.69,8.51,8.58,33138,321,8.57849
2023-06-21T04:00:00Z,8.59,8.63,8.5541,8.58,59486,242,8.59606
2023-06-22T04:00:00Z,8.56,8.56,8.42,8.42,31061,249,8.47987
2023-06-23T04:00:00Z,8.37,8.445,8.23,8.35,55272,314,8.31881
2023-06-26T04:00:00Z,8.45,8.49,8.35,8.49,52180,329,8.41364
2023-06-27T04:00:00Z,8.5,8.57,8.43,8.52,76582,347,8.52076
2023-06-28T04:00:00Z,8.57,8.57,8.36,8.46,98325,512,8.46768
2023-06-29T04:00:00Z,8.46,8.535,8.35,8.43,113056,473,8.45517
2023-06-30T04:00:00Z,8.53,8.66,8.51,8.65,69181,388,8.58271
2023-07-03T04:00:00Z,8.6,8.74,8.57,8.57,101599,431,8.68265
2023-07-05T04:00:00Z,8.57,8.6397,8.47,8.51,92737,379,8.51104
2023-07-06T04:00:00Z,8.58,8.58,8.3,8.45,99474,605,8.38049
2023-07-07T04:00:00Z,8.48,8.62,8.48,8.55,58059,349,8.54371
2023-07-10T04:00:00Z,8.61,8.61,8.5302,8.6,52479,290,8.57173
2023-07-11T04:00:00Z,8.69,8.69,8.4901,8.57,109826,474,8.55274
2023-07-12T04:00:00Z,8.58,8.75,8.58,8.59,77534,376,8.65994
2023-07-13T04:00:00Z,8.61,8.6909,8.61,8.64,24755,164,8.65089
2023-07-14T04:00:00Z,8.69,8.69,8.41,8.55,68019,419,8.54305
2023-07-17T04:00:00Z,8.65,8.6743,8.55,8.59,39252,245,8.62088
2023-07-18T04:00:00Z,8.53,8.66,8.53,8.66,51000,258,8.6141
2023-07-19T04:00:00Z,8.62,8.74,8.565,8.65,85360,511,8.66321
2023-07-20T04:00:00Z,8.62,8.74,8.61,8.62,39772,225,8.6665
2023-07-21T04:00:00Z,8.53,8.69,8.53,8.58,20766,209,8.60439
2023-07-24T04:00:00Z,8.71,8.7191,8.5305,8.56,82979,391,8.58803
2023-07-25T04:00:00Z,8.65,8.7,8.6,8.62,63724,282,8.65484
2023-07-26T04:00:00Z,8.62,8.65,8.5185,8.55,54179,246,8.5904
2023-07-27T04:00:00Z,8.62,8.71,8.5366,8.62,44688,212,8.59827
2023-07-28T04:00:00Z,8.63,8.7299,8.55,8.61,66312,414,8.61096
2023-07-31T04:00:00Z,8.69,8.73,8.56,8.7,84694,387,8.64882
2023-08-01T04:00:00Z,8.69,8.69,8.58,8.58,69910,347,8.61935
2023-08-02T04:00:00Z,8.62,8.66,8.55,8.61,76589,317,8.6248
2023-08-03T04:00:00Z,8.64,8.66,8.55,8.55,54540,186,8.58811
2023-08-04T04:00:00Z,8.58,8.6699,8.42,8.64,66805,334,8.57389
2023-08-07T04:00:00Z,8.65,8.65,8.38,8.52,82029,497,8.48883
2023-08-08T04:00:00Z,8.51,8.59,8.44,8.52,66065,371,8.49381
2023-08-09T04:00:00Z,8.5,8.57,8.4801,8.49,52447,242,8.52416
2023-08-10T04:00:00Z,8.5,8.6299,8.49,8.57,71379,263,8.57212
2023-08-11T04:00:00Z,8.61,8.62,8.46,8.51,73071,317,8.53377
2023-08-14T04:00:00Z,8.59,8.59,8.38,8.45,175059,694,8.43831
2023-08-15T04:00:00Z,8.38,8.46,8.2,8.27,129149,641,8.33443
2023-08-16T04:00:00Z,8.35,8.38,8.26,8.32,64530,321,8.31339
2023-08-17T04:00:00Z,8.35,8.39,8.26,8.26,63222,304,8.33014
2023-08-18T04:00:00Z,8.23,8.41,8.23,8.29,54230,260,8.32571
2023-08-21T04:00:00Z,8.36,8.45,8.24,8.26,83988,274,8.33133
2023-08-22T04:00:00Z,8.27,8.3,8.2,8.29,118334,453,8.22791
2023-08-23T04:00:00Z,8.26,8.32,8.11,8.12,132547,488,8.23595
2023-08-24T04:00:00Z,8.14,8.21,8,8.03,108360,635,8.0671
2023-08-25T04:00:00Z,8,8.098,7.71,8.01,140961,708,7.92042
2023-08-28T04:00:00Z,8.02,8.04,7.8,7.87,215173,809,7.86167
2023-08-29T04:00:00Z,7.94,8.18,7.92,8.03,108800,421,8.04549
2023-08-30T04:00:00Z,7.97,8.14,7.97,8.05,84995,415,8.04149
2023-08-31T04:00:00Z,8.05,8.13,7.95,7.97,67167,399,8.04668
2023-09-01T04:00:00Z,8.01,8.04,7.92,8.04,79547,363,8.00065
2023-09-05T04:00:00Z,8,8.0999,7.98,8.01,74612,311,8.03324
2023-09-06T04:00:00Z,8.001,8.05,7.96,8.01,74487,250,8.01302
2023-09-07T04:00:00Z,8.01,8.12,8,8.08,87619,313,8.04449
2023-09-08T04:00:00Z,8.03,8.29,8.03,8.21,76660,304,8.19018
2023-09-11T04:00:00Z,8.15,8.49,8.15,8.42,154143,631,8.3399
2023-09-12T04:00:00Z,8.4,8.48,8.35,8.4,129101,491,8.44075
2023-09-13T04:00:00Z,8.4495,8.54,8.4,8.44,86362,250,8.47058
2023-09-14T04:00:00Z,8.44,8.641,8.43,8.52,151403,480,8.53068
2023-09-15T04:00:00Z,8.55,8.6,8.5,8.53,55301,186,8.54431
2023-09-18T04:00:00Z,8.49,8.57,8.49,8.5,69516,220,8.53842
2023-09-19T04:00:00Z,8.53,8.53,8.47,8.47,59111,221,8.50393
2023-09-20T04:00:00Z,8.515,8.5899,8.43,8.44,45802,176,8.52039
2023-09-21T04:00:00Z,8.33,8.395,8.22,8.22,30859,182,8.27342
2023-09-22T04:00:00Z,8.2,8.29,8.0433,8.21,75633,292,8.1364
2023-09-25T04:00:00Z,8.15,8.28,8.1074,8.2,20224,97,8.1959
2023-09-26T04:00:00Z,8.22,8.25,7.91,7.94,75751,396,8.06906
2023-09-27T04:00:00Z,8.03,8.13,7.79,7.93,88486,463,7.94972
2023-09-28T04:00:00Z,8.01,8.0999,7.8101,8.03,71601,314,7.99336
2023-09-29T04:00:00Z,8.14,8.14,7.93,8,33466,217,8.04344
2023-10-02T04:00:00Z,8.07,8.07,7.8133,7.91,62142,367,7.93012
2023-10-03T04:00:00Z,7.85,7.89,7.69,7.72,78085,448,7.79314
2023-10-04T04:00:00Z,7.77,7.8391,7.68,7.81,47520,255,7.77676
2023-10-05T04:00:00Z,7.82,7.86,7.72,7.85,50424,277,7.82393
2023-10-06T04:00:00Z,7.86,7.92,7.75,7.89,62452,223,7.83878
2023-10-09T04:00:00Z,7.74,7.88,7.655,7.81,153835,406,7.77976
2023-10-10T04:00:00Z,7.8,7.9,7.77,7.79,180578,769,7.83172
2023-10-11T04:00:00Z,7.85,7.92,7.79,7.835,99209,216,7.85088
2023-10-12T04:00:00Z,7.84,7.84,7.7,7.74,78920,324,7.75087
2023-10-13T04:00:00Z,7.73,7.8,7.56,7.7,88031,427,7.65463
2023-10-16T04:00:00Z,7.7,7.75,7.61,7.68,84287,431,7.68574
2023-10-17T04:00:00Z,7.57,7.66,7.44,7.5,136444,531,7.55168
2023-10-18T04:00:00Z,7.43,7.5609,7.33,7.33,128730,527,7.45978
2023-10-19T04:00:00Z,7.49,7.4999,7.17,7.2,82020,435,7.32164
2023-10-20T04:00:00Z,7.06,7.2003,6.84,6.95,181906,694,6.9542
2023-10-23T04:00:00Z,6.95,6.97,6.74,6.76,75913,511,6.8342
2023-10-24T04:00:00Z,6.75,6.8396,6.65,6.78,102701,384,6.76049
2023-10-25T04:00:00Z,6.78,6.8073,6.42,6.66,164274,736,6.57746
2023-10-26T04:00:00Z,6.64,6.64,6.46,6.56,108165,386,6.54507
2023-10-27T04:00:00Z,6.62,6.85,6.6,6.83,44961,244,6.77991
2023-10-30T04:00:00Z,6.82,7.07,6.8,6.94,86882,423,6.94056
2023-10-31T04:00:00Z,7.05,7.28,7,7.24,159799,610,7.18925
2023-11-01T04:00:00Z,7.3,7.59,7.2082,7.51,85643,314,7.38179
2023-11-02T04:00:00Z,7.63,7.93,7.5863,7.93,71530,293,7.72764
2023-11-03T04:00:00Z,7.95,8.16,7.795,8.03,98364,536,8.04293
2023-11-06T05:00:00Z,7.99,7.99,7.57,7.79,64669,436,7.77456
2023-11-07T05:00:00Z,7.76,7.845,7.6,7.67,52734,398,7.70737
2023-11-08T05:00:00Z,7.62,7.73,7.39,7.4,92616,513,7.59814
2023-11-09T05:00:00Z,7.45,7.45,7.02,7.02,195297,475,7.35002
2023-11-10T05:00:00Z,7.11,7.14,7,7.06,252199,461,7.03917
2023-11-13T05:00:00Z,7.18,7.5,6.9956,7.5,257565,870,7.18015
2023-11-14T05:00:00Z,7.59,7.76,7.32,7.6,92193,462,7.59542
2023-11-15T05:00:00Z,7.7,7.98,7.63,7.72,92312,430,7.83317
2023-11-16T05:00:00Z,7.72,7.96,7.72,7.95,155733,607,7.86676
2023-11-17T05:00:00Z,7.97,8.16,7.96,8.15,152470,291,8.06772
2023-11-20T05:00:00Z,8.15,8.2499,8.11,8.12,48999,247,8.16872
2023-11-21T05:00:00Z,8.01,8.11,7.9718,8.09,53856,211,8.05731
2023-11-22T05:00:00Z,8.09,8.14,8.01,8.05,78739,341,8.04815
2023-11-24T05:00:00Z,8.09,8.11,8.08,8.11,8467,68,8.0939
2023-11-27T05:00:00Z,8.11,8.22,8.1,8.21,39396,226,8.16731
2023-11-28T05:00:00Z,8.28,8.33,8.07,8.152,109124,448,8.28091
2023-11-29T05:00:00Z,8.15,8.38,8.15,8.25,77510,359,8.2557
2023-11-30T05:00:00Z,8.3,8.35,8.18,8.19,65508,316,8.28035
2023-12-01T05:00:00Z,8.21,8.48,8.21,8.32,113206,418,8.3601
2023-12-04T05:00:00Z,8.4,8.4,8.11,8.37,84318,427,8.22829
2023-12-05T05:00:00Z,8.28,8.3896,8.23,8.34,83249,311,8.31285
2023-12-06T05:00:00Z,8.29,8.3482,8,8.04,117599,585,8.17378
2023-12-07T05:00:00Z,8.02,8.28,8.01,8.18,72793,188,8.16776
2023-12-08T05:00:00Z,8.12,8.28,8.05,8.22,63425,304,8.16146
2023-12-11T05:00:00Z,8.22,8.31,8.0347,8.2,45047,230,8.20326
2023-12-12T05:00:00Z,8.23,8.25,8.12,8.13,30637,197,8.16511
2023-12-13T05:00:00Z,8.18,8.3489,8.01,8.16,66423,463,8.10448
2023-12-14T05:00:00Z,8.29,8.4538,8.12,8.23,76609,397,8.29553
2023-12-15T05:00:00Z,8.25,8.38,8.1499,8.18,32050,170,8.24447
2023-12-18T05:00:00Z,8.11,8.37,8.11,8.19,59252,333,8.23541
2023-12-19T05:00:00Z,8.2267,8.3899,8.22,8.25,93856,440,8.32557
2023-12-20T05:00:00Z,8.25,8.3899,8.15,8.17,67463,291,8.22531
2023-12-21T05:00:00Z,8.17,8.23,7.9501,7.99,59472,419,8.05959
2023-12-22T05:00:00Z,8.01,8.13,7.9,7.96,158282,506,7.97697
2023-12-26T05:00:00Z,7.93,8.09,7.91,7.91,92717,298,7.95195
2023-12-27T05:00:00Z,7.89,8.01,7.82,7.88,97970,409,7.89881
2023-12-28T05:00:00Z,7.96,7.99,7.8,7.84,120974,474,7.8574
2023-12-29T05:00:00Z,7.85,7.9499,7.83,7.86,84675,284,7.8617
2024-01-02T05:00:00Z,7.91,7.9599,7.69,7.8,159570,761,7.79105
2024-01-03T05:00:00Z,7.78,7.87,7.78,7.79,50625,237,7.81522
2024-01-04T05:00:00Z,7.78,7.7879,7.46,7.53,279990,904,7.5874
2024-01-05T05:00:00Z,7.46,7.62,7.45,7.5,127247,436,7.50889
2024-01-08T05:00:00Z,7.5,7.69,7.5,7.68,82828,355,7.5896
2024-01-09T05:00:00Z,7.69,7.74,7.55,7.58,84167,307,7.62085
2024-01-10T05:00:00Z,7.64,7.81,7.56,7.76,113578,358,7.72117
2024-01-11T05:00:00Z,7.86,8.02,7.76,7.93,225044,674,7.93145
2024-01-12T05:00:00Z,8.03,8.17,7.97,8.11,192036,504,8.08939
2024-01-16T05:00:00Z,8.04,8.23,8.04,8.15,95940,356,8.16455
2024-01-17T05:00:00Z,8.1,8.2,8.1,8.16,57138,241,8.13937
2024-01-18T05:00:00Z,8.09,8.26,8.09,8.19,142171,375,8.20712
2024-01-19T05:00:00Z,8.12,8.17,7.96,8.17,181241,635,8.05993
2024-01-22T05:00:00Z,8.19,8.31,8.11,8.11,137314,375,8.20701
2024-01-23T05:00:00Z,7.99,8.08,7.95,8.02,69929,174,8.01105
2024-01-24T05:00:00Z,8.04,8.19,7.95,8.06,109585,567,8.06722
2024-01-25T05:00:00Z,8.03,8.24,8.03,8.14,114811,446,8.12697
2024-01-26T05:00:00Z,8.11,8.32,7.93,8.05,113447,383,8.09434
2024-01-29T05:00:00Z,8.17,8.26,8.05,8.2,84424,358,8.16521
2024-01-30T05:00:00Z,8.11,8.33,8.1034,8.28,117491,355,8.23024
2024-01-31T05:00:00Z,8.29,8.34,8.21,8.29,104508,388,8.27568
2024-02-01T05:00:00Z,8.23,8.3499,8.1,8.19,121354,426,8.21004
2024-02-02T05:00:00Z,8.29,8.29,8.1464,8.23,54317,247,8.20856
2024-02-05T05:00:00Z,8.24,8.24,8.1609,8.18,35936,171,8.19264
2024-02-06T05:00:00Z,8.16,8.36,8.16,8.29,69684,342,8.28331
2024-02-07T05:00:00Z,8.29,8.29,8.17,8.29,55083,237,8.23068
2024-02-08T05:00:00Z,8.35,8.35,8.2101,8.31,51267,237,8.27984
2024-02-09T05:00:00Z,8.26,8.3363,8.08,8.11,47678,347,8.16689
2024-02-12T05:00:00Z,8.17,8.3,8.1157,8.24,77617,293,8.20534
2024-02-13T05:00:00Z,8.25,8.25,7.83,7.9,71416,309,7.97743
2024-02-14T05:00:00Z,7.9,8.07,7.9,8.02,30423,121,8.02785
2024-02-15T05:00:00Z,8.01,8.13,7.9506,8.06,53902,226,8.05512
2024-02-16T05:00:00Z,8.16,8.19,8.05,8.09,40342,254,8.13024
2024-02-20T05:00:00Z,8.15,8.15,7.91,8.05,149347,447,8.01073
2024-02-21T05:00:00Z,8,8,7.83,7.86,86434,403,7.91149
2024-02-22T05:00:00Z,7.88,7.9,7.78,7.82,120359,410,7.82085
2024-02-23T05:00:00Z,7.8799,7.8799,7.74,7.84,123931,465,7.79419
2024-02-26T05:00:00Z,7.84,7.84,7.7171,7.7399,57512,273,7.75678
2024-02-27T05:00:00Z,7.78,7.8,7.65,7.68,93948,331,7.70829
2024-02-28T05:00:00Z,7.61,7.77,7.61,7.75,53975,293,7.6591
2024-02-29T05:00:00Z,7.8,7.838,7.6416,7.75,74674,340,7.76184
2024-03-01T05:00:00Z,7.8,7.82,7.74,7.79,85651,343,7.77868
2024-03-04T05:00:00Z,7.73,7.8099,7.7101,7.75,55274,209,7.78082
2024-03-05T05:00:00Z,7.73,7.7954,7.71,7.75,65432,238,7.74174
2024-03-06T05:00:00Z,7.73,7.81,7.73,7.79,68074,309,7.76527
2024-03-07T05:00:00Z,7.76,7.82,7.71,7.72,76089,273,7.76081
2024-03-08T05:00:00Z,7.71,7.76,7.64,7.67,87127,328,7.68461
2024-03-11T04:00:00Z,7.76,7.76,7.695,7.71,41889,197,7.7219
2024-03-12T04:00:00Z,7.66,7.745,7.61,7.65,170712,503,7.65517
2024-03-13T04:00:00Z,7.6,7.73,7.6,7.66,22312,131,7.69318
2024-03-14T04:00:00Z,7.62,7.68,7.57,7.6,52987,313,7.63087
2024-03-15T04:00:00Z,7.6,7.71,7.6,7.64,50911,230,7.67163
2024-03-18T04:00:00Z,7.66,7.73,7.655,7.705,44156,164,7.70679
2024-03-19T04:00:00Z,7.68,7.7285,7.6607,7.7199,51677,147,7.69261
2024-03-20T04:00:00Z,7.57,7.6968,7.5,7.59,100739,400,7.58836
2024-03-21T04:00:00Z,7.59,7.67,7.57,7.57,90650,326,7.61163
2024-03-22T04:00:00Z,7.59,7.67,7.5826,7.65,28869,175,7.62072
2024-03-25T04:00:00Z,7.69,7.69,7.54,7.59,60937,334,7.60394
2024-03-26T04:00:00Z,7.67,7.67,7.54,7.55,52891,284,7.58131
2024-03-27T04:00:00Z,7.55,7.63,7.53,7.6,58780,226,7.5669
2024-03-28T04:00:00Z,7.66,7.68,7.5749,7.66,99358,335,7.62606
2024-04-01T04:00:00Z,7.68,7.68,7.56,7.59,46411,267,7.63832
2024-04-02T04:00:00Z,7.56,7.65,7.5,7.52,77524,428,7.54034
2024-04-03T04:00:00Z,7.5,7.59,7.47,7.55,45512,237,7.52559
2024-04-04T04:00:00Z,7.55,7.59,7.47,7.48,29815,269,7.53707
2024-04-05T04:00:00Z,7.48,7.5799,7.37,7.37,124370,408,7.49177
2024-04-08T04:00:00Z,7.4,7.5,7.38,7.43,48277,267,7.43675
2024-04-09T04:00:00Z,7.41,7.46,7.35,7.45,57220,280,7.41641
2024-04-10T04:00:00Z,7.31,7.41,7.27,7.32,70290,332,7.35655
2024-04-11T04:00:00Z,7.32,7.36,7.25,7.33,65334,309,7.30435
2024-04-12T04:00:00Z,7.4,7.4,7.22,7.268,59107,281,7.27454
2024-04-15T04:00:00Z,7.3008,7.345,7.03,7.06,65690,307,7.1673
2024-04-16T04:00:00Z,7.06,7.1,7.01,7.08,29318,177,7.06428
2024-04-17T04:00:00Z,7.17,7.17,6.75,7.02,62221,272,6.98506
2024-04-18T04:00:00Z,7.08,7.08,6.96,7.03,68693,278,7.01801
2024-04-19T04:00:00Z,7.1,7.1,7.03,7.08,30078,126,7.07148
2024-04-22T04:00:00Z,7.09,7.17,6.94,7.11,100887,428,7.07354
2024-04-23T04:00:00Z,7.1,7.22,7.085,7.17,64125,179,7.13422
2024-04-24T04:00:00Z,7.22,7.22,7.1,7.17,43506,196,7.14629
2024-04-25T04:00:00Z,7.19,7.19,6.89,6.91,272493,807,6.96732
2024-04-26T04:00:00Z,7.07,7.07,6.81,6.94,156387,904,6.89276
2024-04-29T04:00:00Z,6.88,7.14,6.86,7.08,132019,500,7.03481
2024-04-30T04:00:00Z,7.15,7.2129,6.97,7.02,121282,355,7.14226
2024-05-01T04:00:00Z,6.99,7.226,6.99,7.18,89655,328,7.12961
2024-05-02T04:00:00Z,7.15,7.28,7.0898,7.26,36858,192,7.20875
2024-05-03T04:00:00Z,7.26,7.3499,7.25,7.32,47330,182,7.29292
2024-05-06T04:00:00Z,7.33,7.36,7.1502,7.29,107137,491,7.26719
2024-05-07T04:00:00Z,7.29,7.43,7.23,7.28,71480,292,7.33768
2024-05-08T04:00:00Z,7.31,7.42,7.19,7.24,121000,428,7.31418
2024-05-09T04:00:00Z,7.26,7.39,7.26,7.39,49123,211,7.33814
2024-05-10T04:00:00Z,7.33,7.405,7.31,7.33,53029,228,7.36213
2024-05-13T04:00:00Z,7.35,7.48,7.325,7.44,77246,400,7.41059
2024-05-14T04:00:00Z,7.38,7.4699,7.36,7.43,28470,207,7.4199
2024-05-15T04:00:00Z,7.43,7.51,7.43,7.5,41980,246,7.48052
2024-05-16T04:00:00Z,7.43,7.53,7.4,7.43,62920,314,7.45492
2024-05-17T04:00:00Z,7.4,7.54,7.4,7.49,71425,280,7.48379
2024-05-20T04:00:00Z,7.55,7.58,7.49,7.54,92192,308,7.52919
2024-05-21T04:00:00Z,7.58,7.58,7.5,7.56,81235,316,7.54303
2024-05-22T04:00:00Z,7.55,7.57,7.16,7.439,153750,683,7.39771
2024-05-23T04:00:00Z,7.36,7.46,7.2901,7.35,82487,275,7.37942
2024-05-24T04:00:00Z,7.29,7.53,7.29,7.39,95183,218,7.48971
2024-05-28T04:00:00Z,7.37,7.4,7.32,7.35,40096,181,7.35044
2024-05-29T04:00:00Z,7.31,7.4,7.28,7.34,68044,242,7.34158
2024-05-30T04:00:00Z,7.39,7.49,7.385,7.42,55120,361,7.43014
2024-05-31T04:00:00Z,7.5,7.5099,7.35,7.42,53130,337,7.43856
2024-06-03T04:00:00Z,7.35,7.395,7.24,7.35,67806,445,7.33826
2024-06-04T04:00:00Z,7.38,7.38,7.3,7.38,61923,247,7.34445
2024-06-05T04:00:00Z,7.38,7.51,7.3598,7.47,50066,194,7.4337
2024-06-06T04:00:00Z,7.41,7.52,7.31,7.35,83177,454,7.41619
2024-06-07T04:00:00Z,7.34,7.44,7.3102,7.4,60731,318,7.35865
2024-06-10T04:00:00Z,7.3,7.3999,7.3,7.345,42055,151,7.35761
2024-06-11T04:00:00Z,7.4,7.4,7.34,7.4,58492,214,7.38908
2024-06-12T04:00:00Z,7.4,7.41,7.34,7.4,61639,206,7.38907
2024-06-13T04:00:00Z,7.35,7.4,7.3318,7.36,36901,236,7.35928
2024-06-14T04:00:00Z,7.32,7.38,7.32,7.37,37560,138,7.36227
2024-06-17T04:00:00Z,7.3,7.42,7.2999,7.37,40999,204,7.36433
2024-06-18T04:00:00Z,7.35,7.4,7.29,7.29,33979,238,7.34145
2024-06-20T04:00:00Z,7.29,7.3499,7.29,7.32,44125,201,7.30834
2024-06-21T04:00:00Z,7.33,7.33,7.18,7.195,45598,305,7.22382
2024-06-24T04:00:00Z,7.19,7.29,7.185,7.26,39096,195,7.23458
2024-06-25T04:00:00Z,7.32,7.32,7.26,7.32,56969,234,7.30558
2024-06-26T04:00:00Z,7.31,7.3203,7.2401,7.27,26472,138,7.28152
2024-06-27T04:00:00Z,7.35,7.53,7.3101,7.53,103233,486,7.42891
2024-06-28T04:00:00Z,7.55,7.55,7.41,7.53,73717,215,7.50818
2024-07-01T04:00:00Z,7.53,7.55,7.45,7.51,32481,207,7.51039
2024-07-02T04:00:00Z,7.38,7.64,7.38,7.58,61934,330,7.52717
2024-07-03T04:00:00Z,7.54,7.65,7.54,7.6,16267,121,7.60779
2024-07-05T04:00:00Z,7.63,7.63,7.5567,7.58,42489,234,7.59324
2024-07-08T04:00:00Z,7.51,7.69,7.51,7.61,50818,230,7.58294
2024-07-09T04:00:00Z,7.56,7.6799,7.55,7.6,67692,247,7.61698
2024-07-10T04:00:00Z,7.6,7.73,7.596,7.69,66295,237,7.6802
2024-07-11T04:00:00Z,7.7,7.77,7.6344,7.73,48368,239,7.7154
2024-07-12T04:00:00Z,7.74,7.75,7.66,7.69,59647,222,7.70898
2024-07-15T04:00:00Z,7.73,7.7778,7.71,7.73,65628,265,7.73928
2024-07-16T04:00:00Z,7.765,7.8676,7.7467,7.84,59317,259,7.79598
2024-07-17T04:00:00Z,7.74,7.8,7.5801,7.6,136933,508,7.66193
2024-07-18T04:00:00Z,7.61,7.72,7.5,7.55,78682,376,7.59861
2024-07-19T04:00:00Z,7.56,7.7,7.56,7.7,38743,180,7.64546
2024-07-22T04:00:00Z,7.75,7.8258,7.7,7.77,42773,194,7.76999
2024-07-23T04:00:00Z,7.73,7.83,7.73,7.81,51536,156,7.81439
2024-07-24T04:00:00Z,7.73,7.775,7.6103,7.64,68444,188,7.70024
2024-07-25T04:00:00Z,7.6,7.78,7.58,7.68,43264,202,7.68026
2024-07-26T04:00:00Z,7.69,7.7599,7.63,7.68,55785,222,7.70004
2024-07-29T04:00:00Z,7.65,7.74,7.575,7.7,37708,220,7.66238
2024-07-30T04:00:00Z,7.75,7.87,7.6505,7.8,113485,510,7.75287
2024-07-31T04:00:00Z,7.89,7.89,7.645,7.77,90768,462,7.76744
2024-08-01T04:00:00Z,7.815,7.85,7.71,7.775,36243,183,7.78115
2024-08-02T04:00:00Z,7.65,7.75,7.65,7.75,43518,184,7.68834
2024-08-05T04:00:00Z,7.59,7.59,7.48,7.5,78215,358,7.52335
2024-08-06T04:00:00Z,7.52,7.5893,7.5,7.56,55584,205,7.5521
2024-08-07T04:00:00Z,7.6,7.65,7.56,7.58,18962,116,7.60864
2024-08-08T04:00:00Z,7.58,7.69,7.5594,7.68,30166,145,7.61032
2024-08-09T04:00:00Z,7.71,7.75,7.66,7.745,33466,214,7.71409
2024-08-12T04:00:00Z,7.68,7.7,7.6,7.6,40069,244,7.65983
2024-08-13T04:00:00Z,7.67,7.75,7.47,7.62,85853,425,7.62237
2024-08-14T04:00:00Z,7.58,7.65,7.58,7.63,23064,85,7.61038
2024-08-15T04:00:00Z,7.65,7.7499,7.511,7.69,34713,190,7.64961
2024-08-16T04:00:00Z,7.68,7.7429,7.66,7.74,21886,179,7.70204
2024-08-19T04:00:00Z,7.75,7.75,7.65,7.74,68953,307,7.71513
2024-08-20T04:00:00Z,7.67,7.74,7.67,7.7,32302,170,7.70073
2024-08-21T04:00:00Z,7.7,7.75,7.66,7.75,35469,140,7.72879
2024-08-22T04:00:00Z,7.69,7.75,7.6801,7.75,53432,221,7.71277
2024-08-23T04:00:00Z,7.61,7.7777,7.61,7.69,64386,286,7.71962
2024-08-26T04:00:00Z,7.69,7.7321,7.64,7.69,36593,141,7.69211
2024-08-27T04:00:00Z,7.7,7.72,7.575,7.72,39962,306,7.64541
2024-08-28T04:00:00Z,7.67,7.7299,7.67,7.7,19323,107,7.68922
2024-08-29T04:00:00Z,7.76,7.8,7.72,7.78,57197,259,7.76997
2024-08-30T04:00:00Z,7.85,7.85,7.74,7.81,42123,168,7.80792
2024-09-03T04:00:00Z,7.75,7.84,7.75,7.78,46726,219,7.79853
2024-09-04T04:00:00Z,7.78,7.8,7.7,7.78,25433,140,7.75277
2024-09-05T04:00:00Z,7.74,7.85,7.74,7.85,42827,223,7.82355
2024-09-06T04:00:00Z,7.85,7.85,7.63,7.7,62228,261,7.76015
2024-09-09T04:00:00Z,7.72,7.85,7.71,7.82,81840,268,7.81884
2024-09-10T04:00:00Z,7.77,7.8092,7.7501,7.78,21544,126,7.7886
2024-09-11T04:00:00Z,7.75,7.775,7.6831,7.775,42973,218,7.73308
2024-09-12T04:00:00Z,7.82,7.82,7.76,7.79,14664,100,7.79263
2024-09-13T04:00:00Z,7.74,7.82,7.7,7.81,71826,445,7.77899
2024-09-16T04:00:00Z,7.81,7.84,7.77,7.795,15483,145,7.80856
2024-09-17T04:00:00Z,7.8,7.84,7.8,7.82,44531,163,7.81998
2024-09-18T04:00:00Z,7.84,7.85,7.815,7.84,38587,175,7.83501
2024-09-19T04:00:00Z,7.86,7.8884,7.83,7.88,58455,254,7.86312
2024-09-20T04:00:00Z,7.89,7.89,7.78,7.81,65394,307,7.83013
2024-09-23T04:00:00Z,7.71,7.81,7.71,7.78,43847,145,7.78186
2024-09-24T04:00:00Z,7.77,7.8093,7.77,7.77,29167,155,7.77674
2024-09-25T04:00:00Z,7.81,7.845,7.81,7.83,43435,208,7.82097
2024-09-26T04:00:00Z,7.89,7.89,7.77,7.775,50874,308,7.80337
2024-09-27T04:00:00Z,7.8,7.85,7.77,7.83,96442,320,7.79744
2024-09-30T04:00:00Z,7.83,7.89,7.78,7.86,83328,352,7.83174
2024-10-01T04:00:00Z,7.82,7.88,7.79,7.83,33478,217,7.82091
2024-10-02T04:00:00Z,7.82,7.83,7.75,7.83,58301,352,7.7944
2024-10-03T04:00:00Z,7.84,7.8654,7.8,7.851,31022,165,7.84248
2024-10-04T04:00:00Z,7.81,7.92,7.81,7.885,51945,266,7.88178
2024-10-07T04:00:00Z,7.85,7.91,7.8301,7.88,94211,362,7.89111
2024-10-08T04:00:00Z,7.86,7.92,7.83,7.91,50610,159,7.89215
2024-10-09T04:00:00Z,7.92,7.92,7.84,7.86,48999,197,7.89485
2024-10-10T04:00:00Z,7.92,7.92,7.8658,7.915,29539,124,7.91012
2024-10-11T04:00:00Z,7.86,7.995,7.86,7.93,62958,270,7.93651
2024-10-14T04:00:00Z,7.93,8,7.914,8,35226,163,7.97802
2024-10-15T04:00:00Z,7.96,7.9995,7.77,7.79,173162,1419,7.82279
2024-10-16T04:00:00Z,7.84,7.89,7.84,7.88,11854,110,7.8731
2024-10-17T04:00:00Z,7.88,7.99,7.8782,7.968,36909,169,7.93931
2024-10-18T04:00:00Z,8,8,7.8926,7.935,28593,173,7.94125
2024-10-21T04:00:00Z,7.88,7.95,7.88,7.9,31909,147,7.90844
2024-10-22T04:00:00Z,7.81,7.87,7.81,7.83,48966,197,7.83981
2024-10-23T04:00:00Z,7.82,7.83,7.7101,7.81,62299,245,7.78123
2024-10-24T04:00:00Z,7.75,7.78,7.71,7.71,35690,150,7.74826
2024-10-25T04:00:00Z,7.75,7.7761,7.715,7.75,37476,152,7.74235
2024-10-28T04:00:00Z,7.75,7.75,7.65,7.7,67209,246,7.70531
2024-10-29T04:00:00Z,7.72,7.75,7.67,7.74,21894,88,7.71358
2024-10-30T04:00:00Z,7.7,7.73,7.6213,7.66,51627,349,7.65582
2024-10-31T04:00:00Z,7.72,7.73,7.56,7.73,78558,295,7.65338
2024-11-01T04:00:00Z,7.7,7.85,7.6,7.68,86350,298,7.68148
2024-11-04T05:00:00Z,7.63,7.6513,7.48,7.59,70717,446,7.57561
2024-11-05T05:00:00Z,7.59,7.63,7.47,7.6,49984,241,7.57021
2024-11-06T05:00:00Z,7.68,7.7477,7.6,7.71,26758,186,7.67533
2024-11-07T05:00:00Z,7.66,7.77,7.62,7.62,41226,235,7.70433
2024-11-08T05:00:00Z,7.65,7.6989,7.6439,7.685,32524,230,7.67324
2024-11-11T05:00:00Z,7.67,7.9078,7.67,7.74,52117,320,7.79194
2024-11-12T05:00:00Z,7.7,7.75,7.5513,7.6,64563,301,7.63888
2024-11-13T05:00:00Z,7.58,7.73,7.43,7.45,58523,342,7.60401
2024-11-14T05:00:00Z,7.43,7.59,7.43,7.52,33801,174,7.52543
2024-11-15T05:00:00Z,7.57,7.57,7.4849,7.54,30955,170,7.52956
2024-11-18T05:00:00Z,7.58,7.63,7.5,7.57,77402,219,7.55783
2024-11-19T05:00:00Z,7.58,7.59,7.52939,7.55,45660,144,7.56289
2024-11-20T05:00:00Z,7.58,7.5833,7.522,7.54,27015,154,7.55961
2024-11-21T05:00:00Z,7.52,7.595,7.52,7.58,41683,215,7.57016
2024-11-22T05:00:00Z,7.53,7.54,7.476,7.54,66277,229,7.5133
2024-11-25T05:00:00Z,7.59,7.76,7.54,7.72,87007,296,7.67401
2024-11-26T05:00:00Z,7.72,7.7201,7.555,7.61,45735,193,7.67797
2024-11-27T05:00:00Z,7.65,7.72,7.5552,7.72,38575,237,7.68297
2024-11-29T05:00:00Z,7.76,7.7984,7.6825,7.71,32957,146,7.72011
2024-12-02T05:00:00Z,7.59,7.7,7.5601,7.65,69736,283,7.62939
2024-12-03T05:00:00Z,7.68,7.76,7.6564,7.73,58113,175,7.71437
2024-12-04T05:00:00Z,7.69,7.71,7.64,7.69,52116,222,7.66617
2024-12-05T05:00:00Z,7.7,7.765,7.6752,7.72,45280,202,7.72301
2024-12-06T05:00:00Z,7.7,7.77,7.7,7.74,32739,165,7.74186
2024-12-09T05:00:00Z,7.74,7.74,7.6504,7.68,30748,198,7.69337
2024-12-10T05:00:00Z,7.68,7.77,7.68,7.76,59257,208,7.73625
2024-12-11T05:00:00Z,7.75,7.75,7.655,7.69,70153,194,7.71493
2024-12-12T05:00:00Z,7.69,7.72,7.65,7.67,52103,148,7.68635
2024-12-13T05:00:00Z,7.7,7.7,7.65,7.65,33359,124,7.66239
2024-12-16T05:00:00Z,7.65,7.6938,7.62,7.64,35194,140,7.65752
2024-12-17T05:00:00Z,7.64,7.66,7.45,7.49,90665,430,7.55739
2024-12-18T05:00:00Z,7.49,7.529,7.4,7.4,64992,232,7.48556
2024-12-19T05:00:00Z,7.39,7.4789,7.21,7.29,87378,461,7.3623
2024-12-20T05:00:00Z,7.25,7.42,7.25,7.26,99469,329,7.29636
2024-12-23T05:00:00Z,7.25,7.29,7.14,7.22,172588,549,7.20474
2024-12-24T05:00:00Z,7.18,7.18,7.08,7.13,147263,376,7.11854
2024-12-26T05:00:00Z,7.14,7.2,7.06,7.07,129570,442,7.10808
2024-12-27T05:00:00Z,7.05,7.06,6.88,6.89,171602,1111,6.96392
2024-12-30T05:00:00Z,6.88,6.88,6.76,6.79,254716,801,6.80699
2024-12-31T05:00:00Z,6.94,7.09,6.75,6.81,348085,2065,6.84375
2025-01-02T05:00:00Z,6.94,7.0943,6.94,7.06,85496,349,7.03197
2025-01-03T05:00:00Z,7.2,7.42,7.1601,7.35,98088,441,7.32263
2025-01-06T05:00:00Z,7.45,7.46,7.3146,7.38,84478,392,7.37338
2025-01-07T05:00:00Z,7.35,7.41,7.33,7.35,82641,237,7.36822
2025-01-08T05:00:00Z,7.36,7.44,7.33,7.36,34965,230,7.40143
2025-01-10T05:00:00Z,7.36,7.39,7.36,7.38,32542,166,7.37375
2025-01-13T05:00:00Z,7.39,7.47,7.35,7.47,52544,270,7.38822
2025-01-14T05:00:00Z,7.45,7.6,7.4,7.52,81234,518,7.54123
2025-01-15T05:00:00Z,7.55,7.602,7.53,7.53,44852,157,7.55322
2025-01-16T05:00:00Z,7.53,7.6278,7.53,7.6,56236,266,7.58581
2025-01-17T05:00:00Z,7.65,7.72,7.56,7.72,51708,522,7.65293
2025-01-21T05:00:00Z,7.7,7.81,7.7,7.78,107391,356,7.75093
2025-01-22T05:00:00Z,7.78,7.865,7.78,7.81,76438,308,7.83424
2025-01-23T05:00:00Z,7.81,7.848,7.7603,7.79,86243,374,7.80919
2025-01-24T05:00:00Z,7.7,7.79,7.7,7.74,40374,213,7.74659
2025-01-27T05:00:00Z,7.7,7.83,7.62,7.7528,60441,259,7.70482
2025-01-28T05:00:00Z,7.72,7.765,7.62,7.72,73815,413,7.69665
2025-01-29T05:00:00Z,7.7,7.74,7.644,7.68,35491,243,7.68948
2025-01-30T05:00:00Z,7.74,7.92,7.73,7.82,90341,416,7.83239
2025-01-31T05:00:00Z,7.95,7.95,7.78,7.9,181781,643,7.86755
2025-02-03T05:00:00Z,7.8,7.9,7.7161,7.79,71767,259,7.78457
2025-02-04T05:00:00Z,7.83,7.9184,7.74,7.85,37531,327,7.86749
2025-02-05T05:00:00Z,7.89,7.99,7.865,7.925,70658,332,7.92473
2025-02-06T05:00:00Z,7.98,8.23,7.92,8.09,309644,957,8.08894
2025-02-07T05:00:00Z,8.09,8.15,8.04,8.15,53423,273,8.10025
2025-02-10T05:00:00Z,8.19,8.26,8.15,8.23,114563,615,8.21828
2025-02-11T05:00:00Z,8.25,8.3,8.2262,8.3,129047,563,8.26889
2025-02-12T05:00:00Z,8.3,8.34,8.247,8.29,122284,527,8.29783
2025-02-13T05:00:00Z,8.24,8.27,8.2,8.22,80492,327,8.23304
2025-02-14T05:00:00Z,8.24,8.32,8.21,8.22,111690,464,8.26646
2025-02-18T05:00:00Z,8.28,8.2978,8.2485,8.26,97702,395,8.27042
2025-02-19T05:00:00Z,8.3,8.35,8.25,8.31,73995,367,8.32272
2025-02-20T05:00:00Z,8.29,8.34,8.28,8.31,66474,289,8.30624
2025-02-21T05:00:00Z,8.2,8.2,8,8.08,60328,314,8.12219
2025-02-24T05:00:00Z,8.07,8.1,7.91,7.99,106542,398,7.99973
2025-02-25T05:00:00Z,7.95,8.17,7.92,8.05,147537,605,8.10774
2025-02-26T05:00:00Z,8.1,8.18,8.04,8.06,115536,315,8.12389
2025-02-27T05:00:00Z,8.11,8.27,8.11,8.21,158007,651,8.21383
2025-02-28T05:00:00Z,8.25,8.32,8.1644,8.3,117646,454,8.27396
2025-03-03T05:00:00Z,8.3,8.34,8.24,8.288,113180,557,8.30964
2025-03-04T05:00:00Z,8.31,8.31,8.1104,8.23,81356,318,8.1957
2025-03-05T05:00:00Z,8.15,8.2478,8.12,8.12,58056,339,8.15493
2025-03-06T05:00:00Z,8.1,8.217,8.01,8.01,60068,330,8.11046
2025-03-07T05:00:00Z,8.01,8.14,8.01,8.09,143907,318,8.09261
2025-03-10T04:00:00Z,8.14,8.27,8.09,8.12,218986,995,8.17346
2025-03-11T04:00:00Z,8.22,8.36,8.22,8.36,393761,1439,8.30977
2025-03-12T04:00:00Z,8.33,8.385,8.3,8.3,109501,575,8.35019
2025-03-13T04:00:00Z,8.35,8.38,8.212,8.27,55016,300,8.30155
2025-03-14T04:00:00Z,8.26,8.3196,8.25,8.26,38978,155,8.28572
2025-03-17T04:00:00Z,8.34,8.34,8.18,8.26,104592,480,8.25215
2025-03-18T04:00:00Z,8.29,8.3,8.11,8.18,96499,396,8.20281
2025-03-19T04:00:00Z,8.2,8.27,8.11,8.2283,55055,336,8.18786
2025-03-20T04:00:00Z,8.23,8.29,8.15,8.19,108699,380,8.23797
2025-03-21T04:00:00Z,8.31,8.31,8.17,8.25,77946,285,8.21928
2025-03-24T04:00:00Z,8.26,8.3099,8.2,8.26,87562,334,8.25196
2025-03-25T04:00:00Z,8.29,8.32,8.27,8.29,46136,216,8.28266
2025-03-26T04:00:00Z,8.28,8.29,8.16,8.22,58962,316,8.2267
2025-03-27T04:00:00Z,8.2246,8.395,8.16,8.32,118506,559,8.2677
2025-03-28T04:00:00Z,8.36,8.36,8.28,8.34,85546,471,8.34012
2025-03-31T04:00:00Z,8.38,8.39,8.24,8.33,136717,355,8.31849
2025-04-01T04:00:00Z,8.3,8.42,8.3,8.36,101431,463,8.35505
2025-04-02T04:00:00Z,8.36,8.44,8.272,8.29,64661,260,8.35664
2025-04-03T04:00:00Z,8.31,8.3137,8.13,8.15,54071,332,8.17819
2025-04-04T04:00:00Z,8,8.1039,7.18,7.32,309841,994,7.45746
2025-04-07T04:00:00Z,7.04,7.42,6.92,7.21,169358,618,7.08868
2025-04-08T04:00:00Z,7.34,7.4699,7,7.03,137181,584,7.229
2025-04-09T04:00:00Z,6.95,7.5399,6.62,7.46,232373,1222,7.00354
2025-04-10T04:00:00Z,7.46,7.46,7.03,7.21,115904,574,7.24018
2025-04-11T04:00:00Z,7.18,7.5,6.8621,7.315,188633,813,7.24568
2025-04-14T04:00:00Z,7.41,7.44,7.32,7.34,105809,366,7.36419
2025-04-15T04:00:00Z,7.23,7.421,7.23,7.35,98214,421,7.37691
2025-04-16T04:00:00Z,7.35,7.45,7.325,7.36,57442,274,7.39077
2025-04-17T04:00:00Z,7.42,7.47,7.385,7.425,26211,166,7.42997
2025-04-21T04:00:00Z,7.48,7.5198,7.23,7.31,36562,354,7.35968
2025-04-22T04:00:00Z,7.35,7.53,7.35,7.52,57867,275,7.47363
2025-04-23T04:00:00Z,7.55,7.69,7.49,7.57,70616,383,7.56991
2025-04-24T04:00:00Z,7.62,7.72,7.4,7.699,92534,351,7.61766
2025-04-25T04:00:00Z,7.7,7.72,7.621,7.71,31812,150,7.69136
2025-04-28T04:00:00Z,7.72,8.07,7.68,7.955,83290,522,7.86265
2025-04-29T04:00:00Z,7.97,8.19,7.87,8.07,70713,470,8.04701
2025-04-30T04:00:00Z,8.11,8.11,7.92,8,76409,356,8.00557
2025-05-01T04:00:00Z,8.04,8.09,7.98,8.045,36701,278,8.03844
2025-05-02T04:00:00Z,8.06,8.3,8.05,8.27,61973,313,8.17145
2025-05-05T04:00:00Z,8.16,8.38,8.148,8.28,68096,422,8.29629
2025-05-06T04:00:00Z,8.24,8.29,8.1404,8.29,19906,177,8.20107
2025-05-07T04:00:00Z,8.3,8.3,8.22,8.25,45514,339,8.25885
2025-05-08T04:00:00Z,8.26,8.31,8.07,8.07,54204,263,8.22243
2025-05-09T04:00:00Z,8.07,8.135,8.0564,8.08,18308,137,8.08095
2025-05-12T04:00:00Z,8.21,8.3,8.16,8.19,60043,239,8.23871
2025-05-13T04:00:00Z,8.24,8.35,8.23,8.35,46778,347,8.27009
2025-05-14T04:00:00Z,8.32,8.44,8.1901,8.39,92274,430,8.31852
2025-05-15T04:00:00Z,8.39,8.47,8.36,8.43,58491,213,8.41029
2025-05-16T04:00:00Z,8.42,8.47,8.22,8.33,45071,265,8.38096
2025-05-19T04:00:00Z,8.37,8.46,8.325,8.46,77164,301,8.41307
2025-05-20T04:00:00Z,8.46,8.57,8.44,8.45,129011,283,8.51563
2025-05-21T04:00:00Z,8.5,8.548,8.34,8.38,60437,275,8.45397
2025-05-22T04:00:00Z,8.32,8.509,8.25,8.44,62631,334,8.38578
2025-05-23T04:00:00Z,8.29,8.48,8.13,8.42,26519,245,8.29782
2025-05-27T04:00:00Z,8.42,8.42,8.29,8.35,86927,298,8.34184
2025-05-28T04:00:00Z,8.38,8.38,8.31,8.36,26578,120,8.34609
2025-05-29T04:00:00Z,8.38,8.6,8.33,8.6,93479,593,8.47903
2025-05-30T04:00:00Z,8.61,8.65,8.57,8.64,73378,268,8.60886
2025-06-02T04:00:00Z,8.64,8.65,8.5,8.65,58701,314,8.60296
2025-06-03T04:00:00Z,8.68,8.7,8.61,8.68,87596,393,8.66289
2025-06-04T04:00:00Z,8.7,8.72,8.61,8.71,32712,245,8.69115
2025-06-05T04:00:00Z,8.71,9.085,8.6216,8.95,139154,1157,8.92179
2025-06-06T04:00:00Z,8.95,8.95,8.78,8.92,48924,331,8.88099
2025-06-09T04:00:00Z,8.95,8.95,8.76,8.86,81273,425,8.83094
2025-06-10T04:00:00Z,8.88,8.95,8.87,8.9154,43314,228,8.90917
2025-06-11T04:00:00Z,8.98,8.98,8.76,8.79,29441,230,8.86316
2025-06-12T04:00:00Z,8.8,8.8,8.7,8.76,25872,186,8.7533
2025-06-13T04:00:00Z,8.74,8.95,8.74,8.92,49441,259,8.82374
2025-06-16T04:00:00Z,8.96,9.05,8.84,9.05,41249,207,8.96558
2025-06-17T04:00:00Z,9.05,9.06,8.97,9.05,64883,229,9.0129
2025-06-18T04:00:00Z,9.04,9.1141,9.0302,9.04,34637,210,9.08095
2025-06-20T04:00:00Z,9.05,9.1023,8.91,8.95,66094,306,9.02396
2025-06-23T04:00:00Z,8.89,8.95,8.7867,8.85,44431,445,8.84222
2025-06-24T04:00:00Z,8.88,8.9548,8.79,8.92,25865,214,8.89067
2025-06-25T04:00:00Z,8.97,8.9806,8.67,8.73,59575,315,8.83898
2025-06-26T04:00:00Z,8.71,8.77,8.52,8.56,70545,478,8.65301
2025-06-27T04:00:00Z,8.58,8.65,8.46,8.49,96490,539,8.56687
2025-06-30T04:00:00Z,8.56,8.73,8.49,8.704,67602,417,8.58851
2025-07-01T04:00:00Z,8.71,8.77,8.5523,8.71,75399,309,8.68036
2025-07-02T04:00:00Z,8.73,8.77,8.63,8.66,73174,709,8.70164
2025-07-03T04:00:00Z,8.7,8.77,8.61,8.63,88356,259,8.64965
2025-07-07T04:00:00Z,8.63,8.63,8.473,8.55,86318,435,8.56728
2025-07-08T04:00:00Z,8.56,8.6,8.46,8.54,50534,199,8.5454
2025-07-09T04:00:00Z,8.52,8.61,8.4,8.49,97703,438,8.49709
2025-07-10T04:00:00Z,8.53,8.5915,8.41,8.5,57482,292,8.49098
2025-07-11T04:00:00Z,8.5,8.56,8.392,8.51,81737,295,8.45547
2025-07-14T04:00:00Z,8.56,8.57,8.41,8.52,77942,381,8.45358
2025-07-15T04:00:00Z,8.59,8.59,8.4,8.48,58419,337,8.46947
2025-07-16T04:00:00Z,8.44,8.59,8.32,8.42,120143,458,8.43124
2025-07-17T04:00:00Z,8.4,8.455,8.34,8.37,67737,515,8.40612
2025-07-18T04:00:00Z,8.44,8.44,8.18,8.28,133155,550,8.28381
2025-07-21T04:00:00Z,8.32,8.38,8.25,8.34,73456,402,8.31509
2025-07-22T04:00:00Z,8.35,8.5062,8.29,8.294,88968,456,8.37096
2025-07-23T04:00:00Z,8.36,8.36,8.3,8.34,36857,266,8.33125
2025-07-24T04:00:00Z,8.31,8.31,8.23,8.2698,35170,182,8.26516
2025-07-25T04:00:00Z,8.27,8.27,8.16,8.17,72242,240,8.20486
2025-07-28T04:00:00Z,8.2,8.38,8.135,8.32,72824,403,8.22416
2025-07-29T04:00:00Z,8.3,8.32,8.2,8.25,30496,300,8.25604
2025-07-30T04:00:00Z,8.25,8.44,8.2225,8.35,83982,395,8.37183
2025-07-31T04:00:00Z,8.45,8.56,8.27,8.31,105905,399,8.37938
2025-08-01T04:00:00Z,8.33,8.33,8.11,8.15,64195,485,8.20751
2025-08-04T04:00:00Z,8.18,8.3259,8.12,8.32,129757,903,8.23493
2025-08-05T04:00:00Z,8.34,8.4299,8.1661,8.29,55121,297,8.3181
2025-08-06T04:00:00Z,8.3,8.3408,8.2,8.25,42031,152,8.28345
2025-08-07T04:00:00Z,8.3,8.3,8.16,8.3,84816,536,8.25075
2025-08-08T04:00:00Z,8.25,8.3099,8.25,8.27,35781,213,8.27624
2025-08-11T04:00:00Z,8.28,8.37,8.23,8.35,55171,304,8.29657
2025-08-12T04:00:00Z,8.32,8.43,8.2898,8.38,40477,249,8.36587
2025-08-13T04:00:00Z,8.39,8.5294,8.33,8.47,38157,273,8.48022
2025-08-14T04:00:00Z,8.5,8.53,8.4166,8.5,20505,159,8.48059
2025-08-15T04:00:00Z,8.5,8.54,8.46,8.5,36225,221,8.51988
2025-08-18T04:00:00Z,8.5,8.54,8.32,8.43,35264,254,8.42611
2025-08-19T04:00:00Z,8.46,8.4682,8.32,8.42,44072,244,8.40815
2025-08-20T04:00:00Z,8.44,8.47,8.3601,8.44,57462,245,8.43529
2025-08-21T04:00:00Z,8.49,8.49,8.38,8.44,63615,317,8.43173
2025-08-22T04:00:00Z,8.4,8.44,8.3,8.355,65501,261,8.36505
2025-08-25T04:00:00Z,8.43,8.43,8.32,8.35,79096,329,8.37951
2025-08-26T04:00:00Z,8.4,8.48,8.34,8.44,80522,454,8.4026
2025-08-27T04:00:00Z,8.42,8.47,8.3984,8.43,49192,266,8.42731
2025-08-28T04:00:00Z,8.49,8.55,8.4069,8.55,104504,584,8.47909
2025-08-29T04:00:00Z,8.56,8.63,8.5101,8.62,83432,454,8.5774
2025-09-02T04:00:00Z,8.62,8.7,8.602,8.675,88521,472,8.64541
2025-09-03T04:00:00Z,8.71,8.71,8.6,8.66,46415,263,8.66616
2025-09-04T04:00:00Z,8.7,8.74,8.6354,8.71,75109,301,8.70364
2025-09-05T04:00:00Z,8.73,8.86,8.66,8.8,168023,989,8.79086
2025-09-08T04:00:00Z,8.83,8.84,8.78,8.83,65033,406,8.8106
2025-09-09T04:00:00Z,8.83,8.89,8.8,8.88,80410,383,8.85869
2025-09-10T04:00:00Z,8.88,8.95,8.8401,8.93,71825,325,8.89075
2025-09-11T04:00:00Z,8.95,9,8.9,8.93,169277,642,8.95293
2025-09-12T04:00:00Z,8.96,9.025,8.95,8.99,101562,388,8.98193
2025-09-15T04:00:00Z,8.97,9.02,8.91,8.96,56603,252,8.98415
2025-09-16T04:00:00Z,8.99,9.0234,8.907,8.91,40743,259,8.96213
2025-09-17T04:00:00Z,8.95,8.99,8.9,8.96,55426,252,8.95154
2025-09-18T04:00:00Z,9,9,8.84,8.89,108114,469,8.93
2025-09-19T04:00:00Z,8.92,8.988,8.84,8.96,59391,299,8.90491
2025-09-22T04:00:00Z,8.96,9.05,8.96,9.037,91324,445,9.01737
2025-09-23T04:00:00Z,8.89,8.992,8.89,8.89,45636,241,8.93337
2025-09-24T04:00:00Z,8.84,9.03,8.84,8.96,67022,443,8.94984
2025-09-25T04:00:00Z,8.99,9,8.9202,8.99,31301,166,8.96495
2025-09-26T04:00:00Z,8.99,9.03,8.8747,9,51072,204,8.96206
2025-09-29T04:00:00Z,9.02,9.05,8.75,8.88,89531,541,8.93449
2025-09-30T04:00:00Z,8.94,9.09,8.9258,9.09,136550,576,9.02201
2025-10-01T04:00:00Z,9.07,9.09,9.0356,9.07,42392,343,9.06315
2025-10-02T04:00:00Z,10,10.19,9.6001,9.94,603500,2466,9.87782
2025-10-03T04:00:00Z,9.87,10.05,9.75,9.95,192611,729,9.90288
2025-10-06T04:00:00Z,9.99,10.05,9.95,9.99,172110,567,10.0003
2025-10-07T04:00:00Z,10,10.14,9.863,9.87,140184,520,10.0067
2025-10-08T04:00:00Z,9.97,10.06,9.9,10,45936,285,9.97055
2025-10-09T04:00:00Z,10,10.0299,9.84,9.91,60818,420,9.93327
2025-10-10T04:00:00Z,9.73,9.9562,9.69,9.69,83070,455,9.8163
2025-10-13T04:00:00Z,9.79,9.83,9.71,9.8,70683,358,9.7689
2025-10-14T04:00:00Z,9.83,9.9716,9.8,9.92,30832,251,9.90973
2025-10-15T04:00:00Z,9.97,10.07,9.94,9.98,51479,322,10.0304
2025-10-16T04:00:00Z,10,10.25,9.95,10.13,97812,674,10.1362
2025-10-17T04:00:00Z,10.13,10.2399,9.98,10.0386,70507,328,10.103
2025-10-20T04:00:00Z,10.04,10.1599,9.9601,10,71979,345,10.0382
2025-10-21T04:00:00Z,10,10.04,9.8118,9.94,41361,305,9.95456
2025-10-22T04:00:00Z,9.94,9.9811,9.67,9.88,46779,283,9.83081
2025-10-23T04:00:00Z,9.83,9.9492,9.66,9.87,32321,224,9.86843
2025-10-24T04:00:00Z,9.79,10.015,9.76,9.95,68417,342,9.90984
2025-10-27T04:00:00Z,9.95,10.073,9.95,10.02,53682,270,10.0335
2025-10-28T04:00:00Z,10,10.08,9.925,9.97,59899,302,10.015
2025-10-29T04:00:00Z,10.06,10.13,9.95,9.97,81791,420,10.0275
2025-10-30T04:00:00Z,10.01,10.095,9.803,10.04,70580,438,10.028
2025-10-31T04:00:00Z,10.14,10.25,10.09,10.18,160381,832,10.1519
2025-11-03T05:00:00Z,10.18,10.48,10.0601,10.46,130404,613,10.3134
2025-11-04T05:00:00Z,10.43,10.64,10.29,10.34,131123,746,10.406
2025-11-05T05:00:00Z,10.38,10.4076,10.16,10.22,70344,363,10.2385
2025-11-06T05:00:00Z,10.24,10.335,10.11,10.17,25442,206,10.205
2025-11-07T05:00:00Z,10.21,10.3,10.07,10.13,33988,237,10.1794
2025-11-10T05:00:00Z,10.13,10.16,9.9501,10.13,68877,305,10.0612
2025-11-11T05:00:00Z,10.13,10.3485,10.08,10.29,107291,578,10.211
2025-11-12T05:00:00Z,10.32,10.3671,10.1717,10.25,67641,251,10.2262
2025-11-13T05:00:00Z,10.21,10.287,9.81,9.85,91746,511,9.98188
2025-11-14T05:00:00Z,9.85,9.975,9.67,9.8,42845,435,9.80603
2025-11-17T05:00:00Z,9.83,9.885,9.6501,9.74,58004,451,9.7645
2025-11-18T05:00:00Z,9.65,9.65,9.125,9.26,144128,855,9.37261
2025-11-19T05:00:00Z,9.19,9.43,9.18,9.26,62436,435,9.27537
2025-11-20T05:00:00Z,9.31,9.4145,9.2,9.2,101647,481,9.28321
2025-11-21T05:00:00Z,9.09,9.2899,9.04,9.18,37286,346,9.19801
2025-11-24T05:00:00Z,9.18,9.38,9.165,9.25,70155,392,9.25046
2025-11-25T05:00:00Z,9.26,9.61,9.26,9.4881,75517,361,9.42261
2025-11-26T05:00:00Z,9.58,9.88,9.49,9.85,53335,355,9.73829
2025-11-28T05:00:00Z,10.03,10.105,9.9,10.05,47140,294,10.0403
2025-12-01T05:00:00Z,9.99,10.0515,9.75,9.9,63468,403,9.92046
2025-12-02T05:00:00Z,9.85,9.9525,9.66,9.78,54909,422,9.8252
2025-12-03T05:00:00Z,9.75,9.94,9.4601,9.74,72421,421,9.76719
2025-12-04T05:00:00Z,9.6,9.85,9.6,9.69,65216,318,9.73555
2025-12-05T05:00:00Z,9.72,9.76,9.35,9.64,108950,446,9.59113
2025-12-08T05:00:00Z,9.63,9.6739,9.46,9.53,43019,291,9.55371
2025-12-09T05:00:00Z,9.55,9.7195,9.41,9.5,32394,220,9.53864
2025-12-10T05:00:00Z,9.57,9.6499,9.38,9.6,32016,278,9.48193
2025-12-11T05:00:00Z,9.6453,9.7405,9.505,9.58,24471,235,9.62421
2025-12-12T05:00:00Z,9.38,9.44,9.127,9.18,365611,1678,9.21496
2025-12-15T05:00:00Z,9.2,9.4193,9.0308,9.15,92870,485,9.12675
2025-12-16T05:00:00Z,9.13,9.2358,9.08,9.21,47949,250,9.12763
2025-12-17T05:00:00Z,9.2,9.2,9.07,9.07,34384,197,9.15059
2025-12-18T05:00:00Z,9.1,9.2682,8.9611,9.03,52644,397,9.06229
2025-12-19T05:00:00Z,9,9.2711,9,9.1,44218,396,9.12686
2025-12-22T05:00:00Z,9.1,9.36,9.1,9.27,60431,369,9.28095
2025-12-23T05:00:00Z,9.2,9.39,9.2,9.32,42344,287,9.30508
2025-12-24T05:00:00Z,9.32,9.3298,9.162,9.22,30675,191,9.24439
2025-12-26T05:00:00Z,9.14,9.22,9.11,9.16,39458,180,9.18636
2025-12-29T05:00:00Z,9.11,9.11,9.03,9.07,47577,261,9.08822
2025-12-30T05:00:00Z,9.07,9.22,9.0137,9.13,82060,563,9.12731
2025-12-31T05:00:00Z,9.22,9.2965,8.89,9.13,72894,715,9.13132
