timestamp,open,high,low,close,volume,tradeCount,vwap
2016-01-04T05:00:00Z,111.35,111.8,107.61,109.14,210190,2387,108.871
2016-01-05T05:00:00Z,109.59,110.5,107.13,108,148764,2132,108.258
2016-01-06T05:00:00Z,105.87,107.27,104,107,368830,3220,106.103
2016-01-07T05:00:00Z,104.82,105.33,103.57,104.5,300472,3197,104.493
2016-01-08T05:00:00Z,104.87,106.13,104.29,104.38,210666,2344,104.869
2016-01-11T05:00:00Z,104.82,105.41,103.7,103.9,358013,3335,104.266
2016-01-12T05:00:00Z,104.39,104.39,97.3,98.83,264055,3228,99.3964
2016-01-13T05:00:00Z,98.97,99.69,89.31,90.78,459045,4914,92.7588
2016-01-14T05:00:00Z,91.23,98.7,87.82,97.19,430157,4160,94.7489
2016-01-15T05:00:00Z,95.3,96.7,93.25,95.56,327090,3060,94.5531
2016-01-19T05:00:00Z,96.56,96.56,93.87,93.99,310333,2902,94.6418
2016-01-20T05:00:00Z,92.29,96.205,89.6,95.07,402952,4846,92.5816
2016-01-21T05:00:00Z,95.19,98.78,94.43,97.1,301043,2970,97.1489
2016-01-22T05:00:00Z,99.25,99.98,94.12,96.56,409245,3702,95.6891
2016-01-25T05:00:00Z,95.95,96.2201,91.57,91.85,346749,3939,93.5008
2016-01-26T05:00:00Z,92.89,94.37,91.9,94.18,193251,2683,93.1604
2016-01-27T05:00:00Z,93.53,96.07,93.02,94.19,201616,2614,94.3396
2016-01-28T05:00:00Z,95.48,96.44,91.485,92.61,147491,1951,92.8816
2016-01-29T05:00:00Z,93.13,95.14,92.34,95.03,266985,2830,94.1515
2016-02-01T05:00:00Z,94.19,94.59,92.115,93.45,122097,2324,93.2267
2016-02-02T05:00:00Z,91.86,92.7999,90.0001,90.12,137845,1817,90.5498
2016-02-03T05:00:00Z,90.86,91.28,88.54,90.58,269071,3095,90.1337
2016-02-04T05:00:00Z,90.62,94.22,90.61,93.15,185888,2490,93.0494
2016-02-05T05:00:00Z,92.72,93.72,89.92,90.39,177718,1725,90.6594
2016-02-08T05:00:00Z,89.18,89.18,84.553,85.99,184525,2403,86.7327
2016-02-09T05:00:00Z,84.68,87.08,83.22,83.97,206834,2733,84.6423
2016-02-10T05:00:00Z,84.7,87.25,84.62,85.33,274101,4841,85.7787
2016-02-11T05:00:00Z,83.5,84.25,79.33,81.34,261482,3325,80.8312
2016-02-12T05:00:00Z,81.9,86.3,81.76,85.03,243741,2670,84.6867
2016-02-16T05:00:00Z,86.65,87.91,84.61,87.59,141182,2266,86.9403
2016-02-17T05:00:00Z,88.62,91.59,88.5501,90.61,253562,2622,90.4987
2016-02-18T05:00:00Z,90.6,92.218,90.1,91.47,251386,3440,91.2085
2016-02-19T05:00:00Z,91.04,92.74,90,91.29,133522,2775,91.7089
2016-02-22T05:00:00Z,92.87,94.08,92.035,93.17,216103,2877,93.1544
2016-02-23T05:00:00Z,93,94.0899,90.56,91.45,114643,1648,91.8384
2016-02-24T05:00:00Z,90.17,92.1,88.02,91.69,172785,1907,90.3028
2016-02-25T05:00:00Z,92.2,92.902,90.2301,92.02,117685,1696,91.6085
2016-02-26T05:00:00Z,92.5,94.76,91.59,94.19,155733,2130,93.6591
2016-02-29T05:00:00Z,94.33,94.84,91.6901,92.79,158158,1950,92.7888
2016-03-01T05:00:00Z,93.83,95.68,92.12,95.62,198219,2858,94.64
2016-03-02T05:00:00Z,95.5,98.25,95.08,98.13,122845,2204,97.1007
2016-03-03T05:00:00Z,97.98,101.16,97.38,101.04,191505,2193,100.186
2016-03-04T05:00:00Z,101.28,102.435,99.41,100.8,161963,2157,100.896
2016-03-07T05:00:00Z,100.42,101.37,98.65,100.22,193322,2367,99.9591
2016-03-08T05:00:00Z,99.64,100.21,96.105,96.53,186331,2190,97.1918
2016-03-09T05:00:00Z,97,99.98,96.36,99.09,151137,1699,98.7273
2016-03-10T05:00:00Z,100.45,100.45,94.1,96.29,173909,2464,96.5599
2016-03-11T05:00:00Z,97.2,99.8,96.93,99.17,134940,1841,98.9839
2016-03-14T04:00:00Z,98.73,99.24,97.06,98.8,162669,1912,98.508
2016-03-15T04:00:00Z,98,98.49,97,97.75,220017,2180,97.7363
2016-03-16T04:00:00Z,97.44,97.8,95.44,97.43,181360,2171,96.6372
2016-03-17T04:00:00Z,98.69,107.72,98.69,106.1,351660,3834,104.393
2016-03-18T04:00:00Z,106.39,108.06,103.87,104.97,299366,2965,105.298
2016-03-21T04:00:00Z,104.91,106.19,101.94,106.1,200249,2051,105.666
2016-03-22T04:00:00Z,105.18,106.12,103.79,104.94,228084,3230,104.692
2016-03-23T04:00:00Z,103.47,104.44,100.06,100.12,183993,2271,101.789
2016-03-24T04:00:00Z,99.15,101.08,98.03,100.97,220413,2552,99.927
2016-03-28T04:00:00Z,101.06,101.945,99.31,100.15,126759,1851,100.535
2016-03-29T04:00:00Z,99.53,101.02,99.17,100.86,168620,2674,100.403
2016-03-30T04:00:00Z,101.02,104.24,101.02,103.13,201968,2498,102.945
2016-03-31T04:00:00Z,102.87,106.3,101.28,105.89,257392,2516,104.874
2016-04-01T04:00:00Z,104.66,104.66,101.05,103.56,320270,3644,102.209
2016-04-04T04:00:00Z,103.48,104.28,102.61,103.56,188662,2383,103.506
2016-04-05T04:00:00Z,103.56,103.56,101.26,101.8,293713,2191,101.756
2016-04-06T04:00:00Z,101.6,103.19,101.5,103.09,137179,1762,102.503
2016-04-07T04:00:00Z,102,102.64,98.0101,98.43,158020,2309,99.3172
2016-04-08T04:00:00Z,99.42,101.07,98.8,100.01,132048,2221,100.045
2016-04-11T04:00:00Z,100.9,103.2,100.82,101.55,216370,2338,101.87
2016-04-12T04:00:00Z,101.96,102.73,100.86,102.63,154017,2255,102.191
2016-04-13T04:00:00Z,102.94,105.05,102.8,104.78,190860,2436,104.105
2016-04-14T04:00:00Z,105.32,105.32,103.47,103.98,183021,1998,103.98
2016-04-15T04:00:00Z,103.84,103.84,102.68,102.78,182716,2392,103.093
2016-04-18T04:00:00Z,102,103.22,101.68,102.88,182841,2101,102.723
2016-04-19T04:00:00Z,103.64,103.95,101.88,102.91,161090,2406,102.568
2016-04-20T04:00:00Z,102.89,103.41,102.035,102.9,235611,2996,102.999
2016-04-21T04:00:00Z,103.33,103.774,102.505,102.85,148721,2367,103.125
2016-04-22T04:00:00Z,102.85,105.62,102.85,105.62,214409,1844,104.117
2016-04-25T04:00:00Z,105.74,106.68,105.4,106.48,237551,2253,106.291
2016-04-26T04:00:00Z,106.87,109.88,105.57,109.11,220474,2413,108.975
2016-04-27T04:00:00Z,108.72,110.455,108.72,109.83,147549,1934,109.83
2016-04-28T04:00:00Z,109.09,109.09,105.2,105.89,178444,1920,106.4
2016-04-29T04:00:00Z,105.38,106.75,104.26,105.17,137034,1942,105.404
2016-05-02T04:00:00Z,107.04,109.83,105.9,106.47,144961,2627,106.878
2016-05-03T04:00:00Z,105.75,107.635,104.1,105.65,138400,2049,105.44
2016-05-04T04:00:00Z,104.83,106.17,103.89,105.55,160448,2335,105.445
2016-05-05T04:00:00Z,106.15,107.635,104.44,104.99,134239,1800,105.114
2016-05-06T04:00:00Z,104.44,105.439,104.22,104.98,66045,1269,104.863
2016-05-09T04:00:00Z,104.71,104.96,103.29,104.71,179535,1802,104.387
2016-05-10T04:00:00Z,105.89,105.89,104.97,105.38,116886,1453,105.288
2016-05-11T04:00:00Z,104.82,105.59,104.82,105.27,239033,2541,105.102
2016-05-12T04:00:00Z,105.28,105.7,101.89,103.61,140352,1441,103.316
2016-05-13T04:00:00Z,105.24,106.37,103.27,105,211202,2472,105.249
2016-05-16T04:00:00Z,104.7,107.19,104.66,106.02,144576,2178,106.059
2016-05-17T04:00:00Z,106.05,106.68,105.16,106.05,205785,2050,105.943
2016-05-18T04:00:00Z,105,106.56,103.13,104.36,109616,1695,104.804
2016-05-19T04:00:00Z,103,104.99,101.03,103.35,116560,1821,102.712
2016-05-20T04:00:00Z,103.69,106.995,103.41,106.95,94279,1411,105.946
2016-05-23T04:00:00Z,106.71,107.36,105.87,106.61,133094,1320,106.573
2016-05-24T04:00:00Z,107.42,108.995,106.38,108.01,116026,1468,108.182
2016-05-25T04:00:00Z,108.75,109.76,108.48,109.03,120179,1395,109.072
2016-05-26T04:00:00Z,109.16,109.49,107.62,108.05,142473,1327,108.2
2016-05-27T04:00:00Z,107.98,109.25,107.53,108.55,89483,1238,108.541
2016-05-31T04:00:00Z,108.49,110.4,108.09,109.26,151142,1738,108.898
2016-06-01T04:00:00Z,108.62,110.466,106.84,110.34,107014,2415,109.195
2016-06-02T04:00:00Z,110.78,111.58,109.5,111.58,95708,1096,111.036
2016-06-03T04:00:00Z,111.38,112.31,109.855,112.25,129495,2126,111.659
2016-06-06T04:00:00Z,110.87,115.35,110.87,114.89,178026,2529,114.469
2016-06-07T04:00:00Z,115.905,116.029,113.61,114.51,219885,2093,114.607
2016-06-08T04:00:00Z,114.52,116.501,114.3,115.61,153755,1674,115.241
2016-06-09T04:00:00Z,114.84,116.03,112.84,113.96,255226,2444,113.753
2016-06-10T04:00:00Z,112.83,114.57,112.83,113.56,195596,2550,113.543
2016-06-13T04:00:00Z,112.56,114.13,112.56,112.8,189134,2643,113.078
2016-06-14T04:00:00Z,112.29,113.695,110.68,111.51,171445,2151,111.61
2016-06-15T04:00:00Z,112.07,115.3,111.81,113.07,136929,2103,113.923
2016-06-16T04:00:00Z,112.17,114.46,110.91,113.38,95974,1861,112.62
2016-06-17T04:00:00Z,113.39,115.12,112.91,113.11,139163,1915,113.576
2016-06-20T04:00:00Z,114.93,115.254,114.45,114.71,175303,3024,114.926
2016-06-21T04:00:00Z,114.86,115.17,113.09,114.71,158576,2376,114.329
2016-06-22T04:00:00Z,114.53,115.595,114.12,115.21,168767,2017,115.145
2016-06-23T04:00:00Z,116.43,116.96,114.87,115.41,271553,3357,115.222
2016-06-24T04:00:00Z,110.96,113.16,110.773,112.38,658154,3845,112.136
2016-06-27T04:00:00Z,110.54,111.89,108.49,108.54,433856,3874,110.621
2016-06-28T04:00:00Z,110.18,111.86,109.51,110.67,88048,1664,110.485
2016-06-29T04:00:00Z,111.75,113.9,111.27,112.78,116163,1925,112.934
2016-06-30T04:00:00Z,113.19,114.38,111.44,114.32,145064,1992,113.449
2016-07-01T04:00:00Z,114.66,115.24,112.274,113.12,117679,2154,113.272
2016-07-05T04:00:00Z,112.78,113.34,110.76,111.28,102632,1850,111.445
2016-07-06T04:00:00Z,110.49,111.455,109.73,110.85,339213,2560,110.519
2016-07-07T04:00:00Z,110.88,112.4,110.49,111.25,110806,1657,111.272
2016-07-08T04:00:00Z,112.49,114.05,111.81,113.93,119031,1686,113.739
2016-07-11T04:00:00Z,114.51,115.61,114.51,114.94,110571,1589,115.004
2016-07-12T04:00:00Z,115.53,117.59,115.53,116.53,173393,2346,116.739
2016-07-13T04:00:00Z,116.54,117.53,115.66,116.4,126444,1240,116.425
2016-07-14T04:00:00Z,117.3,117.3,115.86,116.65,156930,1936,116.675
2016-07-15T04:00:00Z,116.2,116.75,115.26,116.35,72868,1226,116.138
2016-07-18T04:00:00Z,116.57,116.74,115.58,116.34,94233,1185,116.232
2016-07-19T04:00:00Z,116.33,116.74,115.93,116.49,71463,1477,116.411
2016-07-20T04:00:00Z,116.39,117.49,116.1,116.73,213473,1893,116.608
2016-07-21T04:00:00Z,116.79,117.45,116.18,116.69,123785,1930,116.614
2016-07-22T04:00:00Z,116.52,117.9,115.6,117.15,182617,2690,116.643
2016-07-25T04:00:00Z,116.97,117.97,115.97,116.1,151174,1896,116.323
2016-07-26T04:00:00Z,115.89,117.7,115.78,117.62,59979,876,116.971
2016-07-27T04:00:00Z,117.6,118.7,117.26,118.69,87783,1381,118.217
2016-07-28T04:00:00Z,118.83,120.33,118.83,119.76,109103,1660,119.611
2016-07-29T04:00:00Z,119.7,120,118.23,119.46,85434,1325,119.09
2016-08-01T04:00:00Z,119.32,119.85,118.37,118.82,110519,1920,119.014
2016-08-02T04:00:00Z,118.93,119.98,117.18,118.69,105285,1530,118.401
2016-08-03T04:00:00Z,118.19,119.68,117.69,119.27,112085,1691,119.067
2016-08-04T04:00:00Z,119.15,119.35,117.97,118.95,81090,1250,118.774
2016-08-05T04:00:00Z,119.45,120.78,118.29,120.48,80185,1683,120.178
2016-08-08T04:00:00Z,121.09,123.99,120.611,121.71,118277,1417,122.02
2016-08-09T04:00:00Z,121.45,121.74,120.19,120.57,91645,1859,120.851
2016-08-10T04:00:00Z,120.59,121.68,118.3,118.61,104318,1535,118.905
2016-08-11T04:00:00Z,118.49,118.49,116.58,116.84,144621,2007,117.102
2016-08-12T04:00:00Z,116.64,116.985,115.82,116.11,92078,1619,116.222
2016-08-15T04:00:00Z,116.29,118.04,116.24,116.48,80958,1103,117.036
2016-08-16T04:00:00Z,116.04,116.97,115.64,116,141588,1308,116.184
2016-08-17T04:00:00Z,116.43,116.43,114.35,115.9,124222,1714,115.516
2016-08-18T04:00:00Z,115.97,117.37,115.97,116.78,107463,949,116.717
2016-08-19T04:00:00Z,115.98,116.745,114.69,115.54,116045,1398,115.744
2016-08-22T04:00:00Z,115.07,116.21,115.07,115.94,126983,1216,115.912
2016-08-23T04:00:00Z,116.15,118.28,116.12,117.74,107543,1425,117.596
2016-08-24T04:00:00Z,117.35,118.26,115.72,115.85,97974,1064,116.647
2016-08-25T04:00:00Z,115.99,117.34,115.99,117,100932,1073,116.902
2016-08-26T04:00:00Z,117.97,118.325,116.68,117.76,150235,1793,117.198
2016-08-29T04:00:00Z,117.93,118.87,117.93,118.51,83667,992,118.39
2016-08-30T04:00:00Z,118.73,119.72,118.11,119.64,86520,1096,119.275
2016-08-31T04:00:00Z,119.24,119.24,117,118.22,196249,983,118.207
2016-09-01T04:00:00Z,117.76,119.33,117.46,118.39,113471,1904,118.292
2016-09-02T04:00:00Z,118.71,119.28,117.89,119.05,68918,828,118.845
2016-09-06T04:00:00Z,119.37,119.37,116.61,118.12,141220,1512,118.009
2016-09-07T04:00:00Z,117.7,119.8,116.63,118.82,145359,1567,118.72
2016-09-08T04:00:00Z,117.12,118.89,116.945,117.85,91083,1283,117.975
2016-09-09T04:00:00Z,117.12,117.94,115.01,116,180797,2048,116.066
2016-09-12T04:00:00Z,115.5,116.86,114.761,116.24,114400,1961,116.01
2016-09-13T04:00:00Z,115.81,116.48,112.61,113.03,251250,2148,114.009
2016-09-14T04:00:00Z,113.45,114.75,111.722,112.53,124965,1366,112.8
2016-09-15T04:00:00Z,112.11,113.11,111.96,113,100582,1205,112.773
2016-09-16T04:00:00Z,112.99,113.69,112.53,113.26,206489,1449,113.123
2016-09-19T04:00:00Z,113,113.96,112.79,113.43,120629,1304,113.368
2016-09-20T04:00:00Z,113.53,113.705,112.65,113.47,123124,1542,113.226
2016-09-21T04:00:00Z,113.44,115.64,113.025,115.59,178887,2174,114.735
2016-09-22T04:00:00Z,115.76,116.88,115.01,116.34,95535,1478,116.352
2016-09-23T04:00:00Z,115.66,116.49,115.42,115.62,74701,996,115.75
2016-09-26T04:00:00Z,115.45,115.665,113.93,113.99,65695,746,114.649
2016-09-27T04:00:00Z,113.98,114.365,112.93,113.44,79295,1341,113.624
2016-09-28T04:00:00Z,113.39,115.97,113.1,115.9,97634,1260,114.918
2016-09-29T04:00:00Z,113.97,115.2,113.385,114.14,88643,1057,114.454
2016-09-30T04:00:00Z,114.16,115.12,113.18,114.5,121928,999,114.416
2016-10-03T04:00:00Z,114.09,114.85,112.63,113.59,129227,1962,113.706
2016-10-04T04:00:00Z,113.78,114.34,112.22,112.89,88588,1652,113.231
2016-10-05T04:00:00Z,112.94,114.39,112.56,113,149264,1817,113.455
2016-10-06T04:00:00Z,113.09,113.09,111.84,112.08,77662,1421,112.342
2016-10-07T04:00:00Z,112.3,113.28,111.38,111.64,156788,1932,112.123
2016-10-10T04:00:00Z,112.969,113.8,112.461,113.36,88869,1060,113.056
2016-10-11T04:00:00Z,113.25,114.475,110.24,110.39,76117,1178,111.707
2016-10-12T04:00:00Z,110.33,111.97,110.02,110.47,61104,933,110.622
2016-10-13T04:00:00Z,109.52,110.27,108.49,109.84,83609,1179,109.687
2016-10-14T04:00:00Z,109.53,110.646,107.87,108.28,108327,1889,108.713
2016-10-17T04:00:00Z,108.05,109.66,107.27,107.76,80656,1269,108.003
2016-10-18T04:00:00Z,108.43,108.47,106.85,107.39,135044,1359,107.486
2016-10-19T04:00:00Z,107.78,109.2,107.01,108.66,140535,1367,108.382
2016-10-20T04:00:00Z,108.62,108.63,107.07,107.77,88021,1004,107.794
2016-10-21T04:00:00Z,107.28,108.33,106.28,108.3,91554,1152,107.529
2016-10-24T04:00:00Z,108.86,110.31,108.37,110.18,120991,1229,109.639
2016-10-25T04:00:00Z,110.14,110.16,109.16,109.41,145588,1680,109.517
2016-10-26T04:00:00Z,109,109.51,107.83,108.08,118361,1393,108.44
2016-10-27T04:00:00Z,108.46,108.46,106.41,107.06,83502,1285,107.042
2016-10-28T04:00:00Z,107.11,108.185,106.23,106.78,87013,1261,106.98
2016-10-31T04:00:00Z,106.62,109.98,106.06,109.83,149069,2023,108.941
2016-11-01T04:00:00Z,109.8,109.9,106.15,107.31,279791,3276,108.145
2016-11-02T04:00:00Z,107.23,107.25,104.04,104.61,160021,1745,104.629
2016-11-03T04:00:00Z,104.47,105.43,103.96,104.29,78809,1225,104.559
2016-11-04T04:00:00Z,104.38,105.83,104.04,104.83,140321,2119,105.157
2016-11-07T05:00:00Z,105.99,108.77,105.04,107.49,168264,1917,107.184
2016-11-08T05:00:00Z,104.13,106.62,102.15,103.3,177527,2142,104.351
2016-11-09T05:00:00Z,101.3,107.15,101.2,106.05,239590,3324,104.594
2016-11-10T05:00:00Z,106.8,108.12,106.29,106.38,132691,2557,106.884
2016-11-11T05:00:00Z,106.62,108.77,105.19,107.97,179402,2081,107.237
2016-11-14T05:00:00Z,108.85,109.83,106.555,108.29,128820,2093,108.734
2016-11-15T05:00:00Z,107.79,109.19,106.52,108.45,149864,1666,108.237
2016-11-16T05:00:00Z,107.83,109.025,106.84,107.4,125506,1541,107.24
2016-11-17T05:00:00Z,107.61,109.36,106.81,108.9,141964,1731,108.288
2016-11-18T05:00:00Z,109.5,109.5,107.77,108.43,107092,1140,108.374
2016-11-21T05:00:00Z,108.98,109.325,107.84,108.63,116632,1836,108.836
2016-11-22T05:00:00Z,108.93,110.39,108.34,109.92,118445,1469,109.741
2016-11-23T05:00:00Z,109.75,110.69,109.45,110.48,111784,1018,110.328
2016-11-25T05:00:00Z,110.87,110.87,110.43,110.5,38939,576,110.566
2016-11-28T05:00:00Z,110.21,112.25,110.21,111.5,148916,1751,111.573
2016-11-29T05:00:00Z,111.5,113.9,111.34,113.1,170142,2178,112.723
2016-11-30T05:00:00Z,112.5,114.93,112.48,113.8,249308,2676,114.033
2016-12-01T05:00:00Z,114.35,115.8,113.645,114.29,216861,3050,114.483
2016-12-02T05:00:00Z,114.06,115,113.48,113.99,149752,1906,114.095
2016-12-05T05:00:00Z,114.3,117.6,113.95,117.07,184653,2439,115.882
2016-12-06T05:00:00Z,117,117.91,116.31,117.4,186732,1774,117.288
2016-12-07T05:00:00Z,117,118.52,116.76,118.01,127146,1715,117.994
2016-12-08T05:00:00Z,118,119.13,117.24,118.84,153120,1725,118.496
2016-12-09T05:00:00Z,118.89,120.25,118.01,118.33,113434,1501,118.87
2016-12-12T05:00:00Z,117.23,117.427,115.08,115.4,148813,1708,115.663
2016-12-13T05:00:00Z,115.09,115.26,113.22,114.53,146548,1840,114.242
2016-12-14T05:00:00Z,114,114.53,112.99,113.9,254606,3532,113.789
2016-12-15T05:00:00Z,114,115.74,112.995,114.78,172468,2251,114.796
2016-12-16T05:00:00Z,115.86,117.605,114.95,115.94,265323,1985,116.151
2016-12-19T05:00:00Z,115.44,116.98,115,115.88,81031,1645,115.834
2016-12-20T05:00:00Z,115.68,116.16,115,115.08,97957,1570,115.254
2016-12-21T05:00:00Z,114.66,115.83,114.26,114.61,127164,1884,114.933
2016-12-22T05:00:00Z,114.44,114.594,113.34,114.24,180178,1221,114.184
2016-12-23T05:00:00Z,114.76,115.83,114.07,114.89,120255,949,114.933
2016-12-27T05:00:00Z,114.32,115.88,113.96,115.26,129743,913,114.927
2016-12-28T05:00:00Z,115.7,115.755,113.82,114.57,141613,1727,114.615
2016-12-29T05:00:00Z,114.39,115.63,113.62,114.74,97201,1507,114.827
2016-12-30T05:00:00Z,115.05,115.05,113.79,114.1,108962,1157,114.3
2017-01-03T05:00:00Z,114.1,114.1,110.11,110.53,342082,4478,111.095
2017-01-04T05:00:00Z,110.67,114.46,110.67,113.69,437514,3705,113.569
2017-01-05T05:00:00Z,113.88,114.39,112.22,112.78,216743,3034,112.917
2017-01-06T05:00:00Z,113.23,113.5,111.06,111.24,163461,2010,112.13
2017-01-09T05:00:00Z,111.07,111.07,109.07,109.24,186148,2149,109.628
2017-01-10T05:00:00Z,109.63,110.38,109.02,109.97,154745,1576,109.922
2017-01-11T05:00:00Z,110,110,107.85,108.05,160706,1833,108.297
2017-01-12T05:00:00Z,108.18,108.18,106.04,107.15,264161,3222,107.115
2017-01-13T05:00:00Z,106.42,108.97,106.42,108.2,85959,1178,108.14
2017-01-17T05:00:00Z,107.62,107.92,106.405,106.54,99984,1334,106.767
2017-01-18T05:00:00Z,106.36,106.67,105.69,106.37,140012,1243,106.031
2017-01-19T05:00:00Z,106.37,107.07,105.08,105.57,132180,1486,105.983
2017-01-20T05:00:00Z,105.46,106.28,105.15,105.9,185746,1974,105.657
2017-01-23T05:00:00Z,106,106.51,104.63,105.33,206052,2253,105.199
2017-01-24T05:00:00Z,105.69,106.9,104.9,106.6,153396,1786,105.953
2017-01-25T05:00:00Z,106.7,108.26,106.7,108,185257,2369,107.729
2017-01-26T05:00:00Z,108.49,109.39,107.41,108.7,140143,1878,108.795
2017-01-27T05:00:00Z,108.38,109.31,106.9,108.22,116053,1762,108.114
2017-01-30T05:00:00Z,108.46,108.46,105.6,106.33,150782,1299,106.304
2017-01-31T05:00:00Z,105.84,106.8,105.29,106.61,121638,1450,106.215
2017-02-01T05:00:00Z,107.11,107.87,106.465,107.08,148219,2130,106.919
2017-02-02T05:00:00Z,107.01,108.02,106.18,107.9,113327,1725,107.239
2017-02-03T05:00:00Z,108.44,109.8,108.18,109.7,114258,2199,109.42
2017-02-06T05:00:00Z,109.79,111.78,109.49,110.68,179647,2245,110.864
2017-02-07T05:00:00Z,110.45,110.98,109.27,110.3,81600,1206,110.245
2017-02-08T05:00:00Z,109.7,110.54,108.21,110.23,115871,1650,109.725
2017-02-09T05:00:00Z,109.8,110.32,108.83,110.2,228101,2380,109.68
2017-02-10T05:00:00Z,110.7,113.14,109.975,112.58,169958,2285,112.351
2017-02-13T05:00:00Z,113.27,113.69,111.17,113.63,181709,2382,112.835
2017-02-14T05:00:00Z,113.46,114.52,112.84,114.46,199535,2963,113.875
2017-02-15T05:00:00Z,114.32,116.385,113.34,116,217952,2906,115.324
2017-02-16T05:00:00Z,116.5,116.58,115.9,116.35,187239,2395,116.348
2017-02-17T05:00:00Z,116.3,117.46,115.54,117.08,158507,2353,116.546
2017-02-21T05:00:00Z,117.1,117.6,116.08,116.39,142543,1754,116.571
2017-02-22T05:00:00Z,116,116.51,115.46,115.88,117076,1937,115.99
2017-02-23T05:00:00Z,115.97,116.61,114.79,116.56,154626,1748,115.973
2017-02-24T05:00:00Z,115.34,116.595,115.15,116.01,227738,2774,115.954
2017-02-27T05:00:00Z,116,118.39,115.72,118.31,207762,2253,117.612
2017-02-28T05:00:00Z,117.75,117.94,116.25,116.37,212625,2464,116.655
2017-03-01T05:00:00Z,116.67,118.85,116.67,118.16,190497,2601,118.094
2017-03-02T05:00:00Z,118.24,118.56,117,117.17,123802,1579,117.473
2017-03-03T05:00:00Z,117,117.75,116.5,117.53,107514,1633,117.135
2017-03-06T05:00:00Z,117.05,117.24,116.2,116.94,131379,2186,116.77
2017-03-07T05:00:00Z,116.46,116.97,116.13,116.33,90551,1270,116.454
2017-03-08T05:00:00Z,116.33,116.82,115.77,115.81,169961,1850,116.265
2017-03-09T05:00:00Z,115.65,117,115.12,115.42,144221,1747,115.794
2017-03-10T05:00:00Z,115.75,117.185,115.5,116.2,200669,2346,116.205
2017-03-13T04:00:00Z,116.15,117.39,115.88,116.9,131059,1966,116.576
2017-03-14T04:00:00Z,116.11,116.11,115.01,115.28,101109,1677,115.418
2017-03-15T04:00:00Z,116.24,117.214,115.45,116.64,273610,3157,116.322
2017-03-16T04:00:00Z,116.76,118,116.6,117.92,205041,1898,117.781
2017-03-17T04:00:00Z,118.72,119.67,118.39,119,391871,2554,118.95
2017-03-20T04:00:00Z,118.59,118.89,117.73,118.41,133782,1570,118.359
2017-03-21T04:00:00Z,118.89,118.89,117.38,118.14,164315,2009,118.176
2017-03-22T04:00:00Z,118.08,118.08,114.26,114.59,211423,2520,115.012
2017-03-23T04:00:00Z,114.59,116.57,114.48,115.02,164754,1966,115.437
2017-03-24T04:00:00Z,115.47,116.665,114.5,115.1,111819,1566,115.417
2017-03-27T04:00:00Z,114.07,115.31,113.64,114.27,121016,2048,114.363
2017-03-28T04:00:00Z,113.81,116.34,113.72,115.58,164989,1968,115.57
2017-03-29T04:00:00Z,115.57,116.234,114.92,115.54,111632,1622,115.521
2017-03-30T04:00:00Z,115.52,116.93,115.3,115.96,144887,1577,116.067
2017-03-31T04:00:00Z,116.1,117.75,116.01,117.25,181101,2091,117.137
2017-04-03T04:00:00Z,117.66,117.66,115.34,115.59,192189,2711,116.505
2017-04-04T04:00:00Z,115.25,116.41,114.86,115.24,200571,1309,115.312
2017-04-05T04:00:00Z,116,117.72,115.75,116.21,211952,1947,116.36
2017-04-06T04:00:00Z,116.42,117.75,116.26,117.42,72983,1228,117.237
2017-04-07T04:00:00Z,117.42,119.47,116.73,118.83,304411,2546,118.86
2017-04-10T04:00:00Z,118.75,120.53,118.5,120.18,245566,3146,119.983
2017-04-11T04:00:00Z,120,120.15,118.9,119.57,332364,2302,119.593
2017-04-12T04:00:00Z,119.35,120.135,118.27,118.83,241239,2129,118.842
2017-04-13T04:00:00Z,118.83,119.94,118.5,119.33,147109,1604,119.335
2017-04-17T04:00:00Z,119,122.144,119,122.12,218876,3016,121.476
2017-04-18T04:00:00Z,121.9,122.27,120.48,122,161214,2107,121.755
2017-04-19T04:00:00Z,122.77,124.14,122.01,124,260771,2775,123.723
2017-04-20T04:00:00Z,124.73,125.12,123.19,124.88,173084,2586,124.539
2017-04-21T04:00:00Z,124.97,124.97,123.52,123.74,129297,2433,123.954
2017-04-24T04:00:00Z,124.93,124.93,121.29,122.28,152150,2324,122.061
2017-04-25T04:00:00Z,123.06,123.06,122,122.97,127822,1817,122.632
2017-04-26T04:00:00Z,123.08,124.329,122.18,123.12,169893,1401,123.351
2017-04-27T04:00:00Z,123.04,124.34,122.643,123.75,101873,1515,123.484
2017-04-28T04:00:00Z,123.91,124,121.16,123.11,150279,1869,122.858
2017-05-01T04:00:00Z,123.4,124.68,123.05,123.73,132979,1693,123.7
2017-05-02T04:00:00Z,123.43,124.73,122.85,123.79,179851,2257,123.518
2017-05-03T04:00:00Z,124.19,124.95,122.55,124.63,237211,2127,123.988
2017-05-04T04:00:00Z,124.63,126.81,120.763,121.54,334424,3465,122.009
2017-05-05T04:00:00Z,121.5,122.61,120.9,122.12,201177,3029,121.694
2017-05-08T04:00:00Z,122.13,128,120.675,126.7,2091329,15267,125.975
2017-05-09T04:00:00Z,126.9,129.45,125.55,128.01,528185,4274,127.841
2017-05-10T04:00:00Z,128.1,129.05,126.67,127.01,248829,3198,127.506
2017-05-11T04:00:00Z,127.03,127.07,125.15,126.3,316558,2654,126.355
2017-05-12T04:00:00Z,126.43,129.33,126.1,129.19,292391,2987,128.499
2017-05-15T04:00:00Z,130,131.39,129.26,130,228832,2741,130.049
2017-05-16T04:00:00Z,129.41,130.655,128.36,128.71,273202,2756,128.787
2017-05-17T04:00:00Z,128.1,130.91,127.65,128.77,270693,3149,129.169
2017-05-18T04:00:00Z,128.97,129.37,127.1,128.96,253244,3113,128.78
2017-05-19T04:00:00Z,128.96,130.27,128.808,129.7,341599,3115,129.566
2017-05-22T04:00:00Z,129.97,130.605,127.95,128,296016,3710,128.628
2017-05-23T04:00:00Z,128.09,128.43,125.93,126.2,322294,2935,126.346
2017-05-24T04:00:00Z,126.03,128.68,125.87,127.99,227327,2589,127.886
2017-05-25T04:00:00Z,128.38,128.705,127,127.58,196366,2242,127.631
2017-05-26T04:00:00Z,127.57,128.185,127.235,127.96,238504,2581,127.877
2017-05-30T04:00:00Z,128,128.7,127.19,127.26,103103,1481,127.667
2017-05-31T04:00:00Z,126.97,128.2,126.18,128.16,261394,2267,127.911
2017-06-01T04:00:00Z,128,128.805,127.19,127.76,226936,2640,127.945
2017-06-02T04:00:00Z,128.22,128.34,127.17,127.44,113420,1533,127.734
2017-06-05T04:00:00Z,127.87,128.04,125.8,126.26,154202,2152,126.723
2017-06-06T04:00:00Z,125.93,127.07,125.625,126.55,130847,1865,126.448
2017-06-07T04:00:00Z,126.23,127.09,125.51,125.64,127068,1724,126.071
2017-06-08T04:00:00Z,126.29,127.25,124.74,125.89,113295,1365,125.766
2017-06-09T04:00:00Z,125.63,127.52,125.25,125.95,305366,2063,126.257
2017-06-12T04:00:00Z,126.07,126.49,125.01,126.05,115685,1892,125.673
2017-06-13T04:00:00Z,125.27,126.25,124.74,125.6,222587,2332,125.456
2017-06-14T04:00:00Z,126.23,126.23,124.3,124.79,135415,1935,124.919
2017-06-15T04:00:00Z,124,125.11,123.12,124.64,131153,2306,124.464
2017-06-16T04:00:00Z,124.26,126.07,123.48,125.48,269267,2434,125.089
2017-06-19T04:00:00Z,125.43,126.45,124.28,125.53,206110,3050,125.287
2017-06-20T04:00:00Z,125.58,125.58,123.67,123.96,123089,1966,124.193
2017-06-21T04:00:00Z,124.44,125.25,123.24,123.54,163760,2223,123.712
2017-06-22T04:00:00Z,123.49,123.49,121.91,122.72,171949,2438,122.552
2017-06-23T04:00:00Z,122.74,123.5,121.8,123.25,393983,1992,123.056
2017-06-26T04:00:00Z,123.01,123.49,120.79,121.37,265175,4321,121.629
2017-06-27T04:00:00Z,121.23,121.26,120.18,120.27,191194,2776,120.564
2017-06-28T04:00:00Z,120.9,122.657,120,122.17,233904,2320,121.769
2017-06-29T04:00:00Z,122.18,122.18,120.75,121.25,94434,1490,121.335
2017-06-30T04:00:00Z,121.71,123.24,121.19,122.84,149132,1660,122.626
2017-07-03T04:00:00Z,123.38,123.56,122.46,122.84,116368,1106,122.937
2017-07-05T04:00:00Z,122.78,122.78,120.99,121.11,157404,2451,121.559
2017-07-06T04:00:00Z,120.36,121.2,119.33,119.53,278617,2216,119.902
2017-07-07T04:00:00Z,119.76,120.17,119.225,120.07,223179,2601,119.967
2017-07-10T04:00:00Z,119.86,120.08,117.67,117.77,176426,2382,118.654
2017-07-11T04:00:00Z,117.87,118.68,117.46,118.62,285526,2132,118.365
2017-07-12T04:00:00Z,119.03,120.51,119.03,119.97,239634,2520,119.984
2017-07-13T04:00:00Z,120.17,122.295,120.1,120.95,169757,1956,120.998
2017-07-14T04:00:00Z,120.81,121.525,120.05,120.88,96456,1640,121.124
2017-07-17T04:00:00Z,120.35,121.57,120.35,121.54,240438,1648,121.362
2017-07-18T04:00:00Z,121.4,122.05,120.815,121.43,260692,1955,121.373
2017-07-19T04:00:00Z,121.95,122.83,120.86,122.74,169348,1775,122.24
2017-07-20T04:00:00Z,123,124.53,122.51,124.06,269802,2804,123.713
2017-07-21T04:00:00Z,123.91,124.63,122.99,123.93,156491,1599,123.658
2017-07-24T04:00:00Z,123.92,125.86,123.78,125.68,195119,2316,125.161
2017-07-25T04:00:00Z,125.68,126.95,125.385,126.77,213303,2120,126.622
2017-07-26T04:00:00Z,126.87,126.9,125.71,126.01,168340,1974,126.117
2017-07-27T04:00:00Z,126.13,126.75,124.29,125.26,186930,2069,125.293
2017-07-28T04:00:00Z,125.12,126.03,124.373,125.38,225188,1433,125.282
2017-07-31T04:00:00Z,125.78,126.21,124.814,125.81,201969,1320,125.625
2017-08-01T04:00:00Z,126.47,126.48,125,125.91,100265,1627,125.773
2017-08-02T04:00:00Z,126.34,126.5,125.04,126.01,117962,1450,125.87
2017-08-03T04:00:00Z,126,126.36,125.32,126.09,94912,1461,125.921
2017-08-04T04:00:00Z,126.41,127.53,124.96,125.41,101985,1317,126.059
2017-08-07T04:00:00Z,125.35,125.875,123.785,125.77,193811,1952,124.915
2017-08-08T04:00:00Z,122.85,125.87,122.75,123.07,156658,2173,123.564
2017-08-09T04:00:00Z,122.75,122.86,120.75,121.68,203726,2181,121.567
2017-08-10T04:00:00Z,122.03,122.03,120.12,120.85,307636,2362,120.976
2017-08-11T04:00:00Z,120.14,121.88,119.74,120,163743,2084,120.43
2017-08-14T04:00:00Z,120.39,121.07,119.05,119.73,260057,2221,119.843
2017-08-15T04:00:00Z,119.73,120.68,119.24,120.12,142928,1980,120.074
2017-08-16T04:00:00Z,120.28,120.921,119.15,119.91,74137,1250,119.926
2017-08-17T04:00:00Z,119.39,120.55,118.26,118.43,161738,2136,119.211
2017-08-18T04:00:00Z,118.76,118.93,116.812,117.94,154389,1848,117.783
2017-08-21T04:00:00Z,117.85,118.875,117.5,117.9,132717,1492,118.215
2017-08-22T04:00:00Z,118.08,118.44,116.74,117.5,168669,2025,117.488
2017-08-23T04:00:00Z,117.08,118.185,116.81,117.48,213188,1926,117.458
2017-08-24T04:00:00Z,117.55,118.61,117.03,117.12,151495,1423,117.911
2017-08-25T04:00:00Z,117.21,117.87,116.67,117.03,144873,1868,117.098
2017-08-28T04:00:00Z,116.9,116.9,114.31,116.03,298372,3635,115.575
2017-08-29T04:00:00Z,115.48,116.085,115.17,115.81,232993,2479,115.72
2017-08-30T04:00:00Z,115.8,117.24,115.19,117.09,181492,2372,116.378
2017-08-31T04:00:00Z,116.98,118.13,116.82,117.35,209371,2455,117.392
2017-09-01T04:00:00Z,117.18,117.745,116.41,116.83,125311,1702,116.975
2017-09-05T04:00:00Z,116.62,116.62,114.28,114.47,242052,2637,115.028
2017-09-06T04:00:00Z,114.55,116.1,114.54,114.98,129059,1574,114.972
2017-09-07T04:00:00Z,115.4,116.015,114.56,115.61,173004,2380,115.593
2017-09-08T04:00:00Z,115.42,115.845,114.59,115.2,150129,1772,115.306
2017-09-11T04:00:00Z,115.62,116.87,115.15,116.78,202181,2001,116.437
2017-09-12T04:00:00Z,116.93,117.99,116.87,117.75,405230,2852,117.476
2017-09-13T04:00:00Z,117.7,118,117.4,117.84,210042,2447,117.784
2017-09-14T04:00:00Z,117.41,118.185,117.065,117.57,185499,1826,117.703
2017-09-15T04:00:00Z,117.27,118.41,116.4,118,280067,2012,117.822
2017-09-18T04:00:00Z,118.11,118.5,117.68,117.93,314360,3319,118.011
2017-09-19T04:00:00Z,117.58,118,115.3,115.37,146772,1800,116.142
2017-09-20T04:00:00Z,115.37,115.7,114.67,115.26,186183,1995,115.261
2017-09-21T04:00:00Z,115.25,115.75,115.19,115.62,96984,1392,115.591
2017-09-22T04:00:00Z,115.69,115.96,115,115.8,117667,1408,115.537
2017-09-25T04:00:00Z,116.13,117.19,116.13,117.18,293051,1845,117.018
2017-09-26T04:00:00Z,117.05,119,117.05,117.61,157422,1867,117.968
2017-09-27T04:00:00Z,117.75,117.89,116.325,116.97,125531,1377,117.019
2017-09-28T04:00:00Z,116.83,117.94,116.717,117.44,143276,1534,117.436
2017-09-29T04:00:00Z,117.45,118.43,117.17,117.93,372916,2380,117.875
2017-10-02T04:00:00Z,118.21,118.34,116.435,116.92,316398,2343,116.958
2017-10-03T04:00:00Z,117.18,117.58,116.57,117.01,280829,1777,117.135
2017-10-04T04:00:00Z,117.29,119.77,116.785,118.97,257282,2101,118.676
2017-10-05T04:00:00Z,118.84,119.61,118.61,118.99,398381,2768,119.002
2017-10-06T04:00:00Z,118.11,118.7,117.605,118.4,125670,1190,118.421
2017-10-09T04:00:00Z,118.53,118.72,117.83,117.95,88943,1189,118.044
2017-10-10T04:00:00Z,118.09,119.83,117.905,119.4,276116,2501,119.07
2017-10-11T04:00:00Z,119.43,122.29,119.43,121.62,218884,2659,121.37
2017-10-12T04:00:00Z,121.53,123.88,121.25,123.75,245614,2573,123.25
2017-10-13T04:00:00Z,123.92,123.92,122.04,122.43,255846,1970,122.5
2017-10-16T04:00:00Z,122.96,123.435,122.58,123.07,307100,2290,123.039
2017-10-17T04:00:00Z,123.48,123.85,122.141,123.1,144250,1489,123.143
2017-10-18T04:00:00Z,123.43,124.11,122.71,123.93,168210,2310,123.566
2017-10-19T04:00:00Z,123.31,125.91,123.11,125.28,162893,2086,124.968
2017-10-20T04:00:00Z,125.94,126.66,124.29,125.04,287516,2761,125.471
2017-10-23T04:00:00Z,125.28,126.9,124.475,125.95,218692,2671,125.853
2017-10-24T04:00:00Z,125.43,128.27,125.38,128.09,285327,3423,127.339
2017-10-25T04:00:00Z,128.15,128.25,126.7,126.83,307534,2281,127.046
2017-10-26T04:00:00Z,126.84,127.83,125.89,127.05,208511,2256,127.009
2017-10-27T04:00:00Z,127.1,127.78,125.77,127.68,178757,2286,126.854
2017-10-30T04:00:00Z,127,127.89,126.26,126.95,282901,2070,126.976
2017-10-31T04:00:00Z,127.25,127.79,126.96,127.63,225014,2230,127.411
2017-11-01T04:00:00Z,128,128.45,126.42,126.55,173627,2405,126.991
2017-11-02T04:00:00Z,126.58,127.72,125.3,125.73,291661,2240,125.978
2017-11-03T04:00:00Z,125.59,126.87,125.4,126.5,130094,1681,126.203
2017-11-06T05:00:00Z,126.62,128.16,126.11,127.81,183517,2404,127.209
2017-11-07T05:00:00Z,128,129.05,121.99,123.42,356743,3899,123.72
2017-11-08T05:00:00Z,122.92,123.07,120.69,120.95,387481,3917,121.591
2017-11-09T05:00:00Z,119.91,121.9,119.54,120.71,218856,3013,120.735
2017-11-10T05:00:00Z,120.14,121.25,120.02,121.02,413608,2491,120.914
2017-11-13T05:00:00Z,120.96,121.5,120.12,121.35,143953,1954,120.904
2017-11-14T05:00:00Z,120.61,121.8,120.48,121.24,113671,1587,121.183
2017-11-15T05:00:00Z,120.69,122.33,119.89,122.04,252488,2790,121.498
2017-11-16T05:00:00Z,122,123.63,121.51,123.21,160484,2160,123.118
2017-11-17T05:00:00Z,123.25,124.34,123.23,123.55,145068,2453,123.703
2017-11-20T05:00:00Z,123.44,125,123.25,124.67,172296,2049,124.468
2017-11-21T05:00:00Z,124.68,127.02,124.68,126.52,184149,2523,126.446
2017-11-22T05:00:00Z,126.6,127.85,126.15,126.84,336013,3256,127.022
2017-11-24T05:00:00Z,126.97,127.4,126.19,126.3,70464,869,126.614
2017-11-27T05:00:00Z,126.1,127.05,124.22,124.44,250175,2123,124.653
2017-11-28T05:00:00Z,124.65,124.84,123.2,123.33,99140,1629,123.772
2017-11-29T05:00:00Z,123.5,125,123.315,124.1,111514,2080,124.23
2017-11-30T05:00:00Z,124.26,124.87,123.76,124,202164,1685,124.122
2017-12-01T05:00:00Z,124,125.14,122.435,124.16,110787,1765,123.955
2017-12-04T05:00:00Z,124.06,126.44,124.06,125.93,274976,2433,125.757
2017-12-05T05:00:00Z,125.82,125.82,124.76,125.4,249966,2622,125.382
2017-12-06T05:00:00Z,125.35,125.39,124.44,125.03,159184,1864,125.052
2017-12-07T05:00:00Z,125.08,126.51,124.651,126.2,182137,1914,126.159
2017-12-08T05:00:00Z,126.72,127.3,125.985,126.69,202443,1271,126.733
2017-12-11T05:00:00Z,126.78,127.71,125.64,127.44,235649,2309,127.252
2017-12-12T05:00:00Z,127.56,129.26,127.355,127.97,342215,1974,128.085
2017-12-13T05:00:00Z,128.53,128.99,127.66,128.57,164012,2003,128.426
2017-12-14T05:00:00Z,128.57,128.74,126.91,127.34,104652,1378,127.65
2017-12-15T05:00:00Z,128.09,129.08,127.77,128.91,296937,1694,128.78
2017-12-18T05:00:00Z,129.14,129.99,128.91,129.65,301529,1959,129.507
2017-12-19T05:00:00Z,129.61,129.95,127.67,128.22,275862,2369,128.314
2017-12-20T05:00:00Z,128.83,129.44,128.01,128.21,102463,1487,128.425
2017-12-21T05:00:00Z,128.4,129.52,127.65,128.77,119682,1390,128.867
2017-12-22T05:00:00Z,128.75,130.14,128.21,129.63,125784,1456,129.465
2017-12-26T05:00:00Z,129.52,132.6,129.52,131.79,195972,2224,131.643
2017-12-27T05:00:00Z,131.75,131.76,130.48,130.96,119415,1720,131.075
2017-12-28T05:00:00Z,131.15,131.79,130.81,131.61,100416,1581,131.637
2017-12-29T05:00:00Z,131.55,132,130.81,131.27,101395,1433,131.494
2018-01-02T05:00:00Z,132,133.08,130.48,132.84,191585,2148,131.954
2018-01-03T05:00:00Z,128.4,129.6,127.1,127.36,1184247,8440,128.101
2018-01-04T05:00:00Z,127.42,129.36,126.38,128.14,614170,5127,128.182
2018-01-05T05:00:00Z,128.93,128.93,127.54,127.84,476862,3148,127.991
2018-01-08T05:00:00Z,127.84,128.14,127.221,127.62,447150,2500,127.666
2018-01-09T05:00:00Z,128.34,128.34,126.4,126.91,200573,2794,126.866
2018-01-10T05:00:00Z,126.9,126.935,124.966,125.89,283254,2863,125.936
2018-01-11T05:00:00Z,125.65,126.79,125.26,126.45,278577,3082,125.999
2018-01-12T05:00:00Z,126.65,127.14,125.75,127.06,167498,1752,126.76
2018-01-16T05:00:00Z,127.07,128.04,125.66,125.94,429077,2652,126.312
2018-01-17T05:00:00Z,126.52,127.5,126.31,127.45,294157,2152,127.276
2018-01-18T05:00:00Z,127.34,127.575,126.11,127.01,251357,2513,126.969
2018-01-19T05:00:00Z,126.62,127.691,126.17,127.65,196402,1669,127.185
2018-01-22T05:00:00Z,127,128.23,126.38,127.23,301798,2763,127.154
2018-01-23T05:00:00Z,126.84,128.27,126.561,128.21,169634,2420,127.685
2018-01-24T05:00:00Z,128.33,128.85,126.78,128.02,165498,2339,127.795
2018-01-25T05:00:00Z,128.11,128.785,126.8,127.91,401641,2185,127.844
2018-01-26T05:00:00Z,127.73,129.285,127.505,128.7,116671,1823,128.469
2018-01-29T05:00:00Z,128.18,128.6,127.08,127.26,168643,2197,127.652
2018-01-30T05:00:00Z,126.72,126.72,125.001,125.64,237101,2823,125.695
2018-01-31T05:00:00Z,125.95,127.39,125.38,125.96,256493,3144,125.989
2018-02-01T05:00:00Z,126.09,126.82,125.35,126.32,248927,2834,126.231
2018-02-02T05:00:00Z,126.05,126.05,123.96,124.68,258322,3003,124.807
2018-02-05T05:00:00Z,123.79,124.63,119.28,120.01,391596,3626,121.344
2018-02-06T05:00:00Z,118.57,122.55,117.8,121.42,285714,2887,120.783
2018-02-07T05:00:00Z,121.17,122.45,120.695,121.26,206686,1915,121.374
2018-02-08T05:00:00Z,121.42,121.81,119.17,119.17,629852,3755,119.705
2018-02-09T05:00:00Z,119.82,120.49,116.221,119.31,530550,3379,119.134
2018-02-12T05:00:00Z,119.51,119.52,116.95,118.95,245378,2937,118.305
2018-02-13T05:00:00Z,118.87,120.65,117.72,120.33,265997,2294,119.755
2018-02-14T05:00:00Z,119.79,122.585,119.02,122.37,247143,2936,121.52
2018-02-15T05:00:00Z,121.41,123.13,120.51,121.54,214605,2792,121.4
2018-02-16T05:00:00Z,121.41,122.35,120.51,121.77,351042,2596,121.811
2018-02-20T05:00:00Z,121.12,122.85,121.12,122.19,205065,2288,122.141
2018-02-21T05:00:00Z,122.55,123.6,120.95,121.11,213883,2532,122.202
2018-02-22T05:00:00Z,121.61,123.5,120.92,120.98,252596,2006,121.616
2018-02-23T05:00:00Z,121.6,121.96,120.58,121.68,258139,2822,121.35
2018-02-26T05:00:00Z,121.68,123.48,120.01,122.51,513409,3935,122.2
2018-02-27T05:00:00Z,123.69,128.635,123.69,128.18,938672,9146,127.243
2018-02-28T05:00:00Z,128.18,131.33,128.1,128.19,718604,7140,129.22
2018-03-01T05:00:00Z,127.76,129.93,126.965,128.97,650033,6879,128.74
2018-03-02T05:00:00Z,128.32,130.69,126.95,129.47,465969,5239,128.88
2018-03-05T05:00:00Z,129.04,132.84,129.04,131.76,513777,4556,131.685
2018-03-06T05:00:00Z,132.16,133.97,130.79,132.7,505883,4899,132.612
2018-03-07T05:00:00Z,131.86,135.18,131.06,134.66,535264,5801,134.469
2018-03-08T05:00:00Z,134.83,136.9,134.52,135.88,368758,4620,135.721
2018-03-09T05:00:00Z,136.57,137.47,134.98,136.74,432452,3889,136.773
2018-03-12T04:00:00Z,136.55,138.485,136.27,137.95,243006,3413,137.873
2018-03-13T04:00:00Z,138.17,139.5,136.775,137.43,523602,4191,137.878
2018-03-14T04:00:00Z,136.96,137.445,135.99,136.05,612674,3707,136.42
2018-03-15T04:00:00Z,134.74,137.175,134.63,136.54,291611,3053,136.42
2018-03-16T04:00:00Z,136.79,138.245,135.87,137.94,412494,2407,137.556
2018-03-19T04:00:00Z,137.58,137.8,136.25,137.04,253761,2298,137.081
2018-03-20T04:00:00Z,137.15,138.77,136.19,136.87,318506,3378,136.977
2018-03-21T04:00:00Z,137.36,139.26,137.13,137.13,271115,3098,138.061
2018-03-22T04:00:00Z,136.59,138.24,135.89,136.53,543863,3418,136.678
2018-03-23T04:00:00Z,136.64,137.59,133.94,134.31,184579,2603,135.584
2018-03-26T04:00:00Z,135.55,136.59,134.7,136.29,209990,2159,135.97
2018-03-27T04:00:00Z,136.28,138.24,135.591,136.23,270897,2663,136.868
2018-03-28T04:00:00Z,136.12,137.99,135.04,136.34,333351,4095,136.535
2018-03-29T04:00:00Z,136.97,139.62,136.5,139.13,266707,3945,138.468
2018-04-02T04:00:00Z,137.94,139.64,136.56,137.44,198972,2676,137.613
2018-04-03T04:00:00Z,136.9,138.94,136.495,137.45,317804,3062,137.493
2018-04-04T04:00:00Z,136.38,139.98,135.98,139.79,274065,2655,139.249
2018-04-05T04:00:00Z,140.04,140.38,138.71,138.97,299120,3386,139.265
2018-04-06T04:00:00Z,138.38,139.75,136.21,136.6,259484,3363,137.492
2018-04-09T04:00:00Z,137.47,137.51,135.27,135.34,293585,3271,136.228
2018-04-10T04:00:00Z,136.35,136.64,135,135.11,272842,2886,135.552
2018-04-11T04:00:00Z,134.6,137.01,134.6,135.5,149578,2009,135.887
2018-04-12T04:00:00Z,135.8,136.65,135.3,136.41,137883,2014,136.274
2018-04-13T04:00:00Z,136.6,137.515,135.32,136.4,220676,1842,136.37
2018-04-16T04:00:00Z,137.28,137.74,136.25,137.39,180423,1735,137.366
2018-04-17T04:00:00Z,138.09,139.06,137.67,138.5,290583,2433,138.487
2018-04-18T04:00:00Z,138.47,139.82,137.74,137.81,330237,2035,138.339
2018-04-19T04:00:00Z,137.33,137.83,136.36,137.64,131833,1602,137.314
2018-04-20T04:00:00Z,137.64,138.3,136.61,136.74,183928,2155,137.23
2018-04-23T04:00:00Z,137.09,138.15,136.31,136.59,201309,1633,137.161
2018-04-24T04:00:00Z,136.78,137.092,134.43,134.99,241736,1986,135.563
2018-04-25T04:00:00Z,135.08,135.54,133.17,134.12,159627,2111,134.312
2018-04-26T04:00:00Z,134.1,135.28,133.53,134.29,172636,2342,134.559
2018-04-27T04:00:00Z,134.33,135.9,134.051,135.07,140327,1674,135.22
2018-04-30T04:00:00Z,135.11,136.6,134.87,135.3,141621,1691,135.59
2018-05-01T04:00:00Z,135.36,137.21,135,137.21,651516,2753,136.828
2018-05-02T04:00:00Z,136.72,136.72,129.31,129.62,661662,7694,131.445
2018-05-03T04:00:00Z,129.57,131.52,128.81,130.51,357074,3236,130.548
2018-05-04T04:00:00Z,130.36,132.25,129.575,131.48,329619,2675,131.531
2018-05-07T04:00:00Z,131.77,132.28,129.84,132.15,218193,2561,131.727
2018-05-08T04:00:00Z,131.65,133.502,131.65,132.95,344795,2514,132.873
2018-05-09T04:00:00Z,133.18,133.43,131.571,132.44,190724,2265,132.385
2018-05-10T04:00:00Z,132.68,133.08,131.76,132.47,132012,2044,132.291
2018-05-11T04:00:00Z,132.76,132.91,131.35,132.48,132148,1433,132.358
2018-05-14T04:00:00Z,132.56,133.27,131.36,131.67,129761,1719,132.005
2018-05-15T04:00:00Z,131.45,131.45,129.17,129.77,467744,2193,129.803
2018-05-16T04:00:00Z,130.09,130.33,128.75,129.25,364530,2225,129.237
2018-05-17T04:00:00Z,129.61,130.03,129.03,129.58,165421,2321,129.486
2018-05-18T04:00:00Z,129.41,129.91,128.409,129.14,142252,1605,129.155
2018-05-21T04:00:00Z,129.33,129.95,128.79,129.47,262842,2022,129.484
2018-05-22T04:00:00Z,129.31,131.64,129.06,131.1,433338,3516,130.896
2018-05-23T04:00:00Z,130.36,131.32,129.4,129.65,219743,2302,130.053
2018-05-24T04:00:00Z,129.22,129.22,126.42,127.01,244948,2864,126.949
2018-05-25T04:00:00Z,126.33,126.7,125.85,126.51,141766,1924,126.263
2018-05-29T04:00:00Z,125.65,126.15,125.32,125.66,287911,2596,125.738
2018-05-30T04:00:00Z,125.76,127.33,125.18,126.26,298410,2604,126.194
2018-05-31T04:00:00Z,126.1,126.91,125.48,126.23,411401,2674,126.154
2018-06-01T04:00:00Z,129.78,131.48,127.34,131.02,281203,3202,130.283
2018-06-04T04:00:00Z,130.86,133.09,130.37,132.84,491308,2549,132.617
2018-06-05T04:00:00Z,133.43,134.31,132.64,133.77,462345,2988,133.661
2018-06-06T04:00:00Z,133.77,134.88,132.84,134.63,323596,2278,134.4
2018-06-07T04:00:00Z,135,136.01,134.89,135.76,154962,2109,135.606
2018-06-08T04:00:00Z,135.48,136.52,134.95,136.28,139583,1831,136.142
2018-06-11T04:00:00Z,136.71,137.32,136.08,137.02,333029,1901,136.973
2018-06-12T04:00:00Z,137.11,138.24,136.76,137.69,358318,2290,137.643
2018-06-13T04:00:00Z,137.75,137.9,135.05,135.18,133337,1622,135.917
2018-06-14T04:00:00Z,135.8,136.63,134.72,135.51,192534,2053,135.715
2018-06-15T04:00:00Z,135.15,135.468,133.11,133.43,214373,1714,133.725
2018-06-18T04:00:00Z,133.11,134.64,132.75,134.55,211247,2253,134.293
2018-06-19T04:00:00Z,134.6,136.48,134.34,136.3,349648,2561,136.023
2018-06-20T04:00:00Z,136.09,137.65,135.83,137.13,180030,2447,137
2018-06-21T04:00:00Z,136.88,137.413,133.63,133.85,233246,1943,134.498
2018-06-22T04:00:00Z,133.84,133.89,131.45,133.05,687025,2836,132.91
2018-06-25T04:00:00Z,132.16,132.94,131.27,132.45,316243,2842,132.253
2018-06-26T04:00:00Z,132.59,134.12,130.77,133.65,377633,2545,133.404
2018-06-27T04:00:00Z,133.8,134.18,131.96,132.2,261808,2806,132.722
2018-06-28T04:00:00Z,131.89,132.4,130.36,131.4,325388,2885,131.355
2018-06-29T04:00:00Z,131.23,133.19,130.39,132.5,232112,2329,132.332
2018-07-02T04:00:00Z,132.9,136.74,131.936,136.57,309855,4037,135.781
2018-07-03T04:00:00Z,137.15,138.405,136.51,136.83,157707,1914,137.549
2018-07-05T04:00:00Z,137.3,137.3,136.192,137.13,224411,2341,136.863
2018-07-06T04:00:00Z,137.3,138.77,136.69,138.5,173688,2100,138.283
2018-07-09T04:00:00Z,140,140,138.79,139.56,291010,2492,139.398
2018-07-10T04:00:00Z,139.51,140.04,137.68,138.12,385543,2776,138.312
2018-07-11T04:00:00Z,137.93,139.93,137.27,139.71,251472,2749,139.221
2018-07-12T04:00:00Z,139.69,141.07,139.13,140.91,311121,3544,140.419
2018-07-13T04:00:00Z,141.46,142.36,141.15,142.01,229594,2732,141.948
2018-07-16T04:00:00Z,142,142,140.76,141.56,298873,1837,141.43
2018-07-17T04:00:00Z,141.56,142.3,141.29,142.24,477840,3891,142.04
2018-07-18T04:00:00Z,142,142.12,140.23,141.27,195350,2436,141.056
2018-07-19T04:00:00Z,141.24,141.94,140.38,140.67,220104,2596,140.909
2018-07-20T04:00:00Z,140.83,140.83,138.22,138.7,157422,2218,138.903
2018-07-23T04:00:00Z,138.6,138.6,136.84,137.9,245978,2201,137.873
2018-07-24T04:00:00Z,138.39,138.44,137.06,137.7,341418,2093,137.673
2018-07-25T04:00:00Z,137.84,138.007,135.72,136.15,171179,2726,136.765
2018-07-26T04:00:00Z,135.91,136.32,135.61,135.87,214604,2234,135.99
2018-07-27T04:00:00Z,136.31,136.31,132.89,133.42,222683,2050,133.543
2018-07-30T04:00:00Z,133.59,134.66,131.59,131.8,222679,2713,132.099
2018-07-31T04:00:00Z,132.13,135.89,131.02,135.55,240298,2282,134.565
2018-08-01T04:00:00Z,135.9,136.56,134.7,135.61,168151,1905,135.451
2018-08-02T04:00:00Z,134.89,135.45,134.09,135.06,116515,1433,135.016
2018-08-03T04:00:00Z,135.34,136.22,134.82,135.78,106227,1679,135.692
2018-08-06T04:00:00Z,135.79,136.55,135.65,136.55,128334,1767,136.251
2018-08-07T04:00:00Z,136.34,136.49,126.913,129.35,910683,8752,129.958
2018-08-08T04:00:00Z,129.13,131.07,128.45,130.06,291643,3502,130.069
2018-08-09T04:00:00Z,130,131.81,129.67,130.8,459731,3515,130.781
2018-08-10T04:00:00Z,129.85,130.72,128.1,128.89,245046,2928,128.901
2018-08-13T04:00:00Z,129.37,129.731,127.35,127.5,313191,3528,127.986
2018-08-14T04:00:00Z,127.87,129.34,127.465,128.95,223169,2454,128.626
2018-08-15T04:00:00Z,128.95,129.46,127.48,128.33,285052,3285,128.531
2018-08-16T04:00:00Z,128.58,129.59,128.03,128.57,249357,2376,128.657
2018-08-17T04:00:00Z,128.34,129.4,128.08,128.76,145350,1970,128.566
2018-08-20T04:00:00Z,128.61,129,128.42,128.72,257747,2350,128.671
2018-08-21T04:00:00Z,128.64,129.72,128.64,129.19,145745,2060,129.242
2018-08-22T04:00:00Z,128.88,129.45,128.47,129.38,245223,2070,129.162
2018-08-23T04:00:00Z,129.62,129.88,127.81,128.38,285153,2234,128.501
2018-08-24T04:00:00Z,128.68,129.41,128.08,129.23,139430,1873,129.074
2018-08-27T04:00:00Z,129.47,130.67,129.33,129.71,191405,2695,129.877
2018-08-28T04:00:00Z,129.45,130.9,128.42,130.64,231203,2125,130.081
2018-08-29T04:00:00Z,131,131.13,129.85,130.85,145969,1939,130.716
2018-08-30T04:00:00Z,130.79,130.96,129.27,129.64,183281,2478,129.987
2018-08-31T04:00:00Z,129.7,130.73,129.61,130.37,224844,2444,130.32
2018-09-04T04:00:00Z,130.25,130.66,129.61,130.11,309573,3142,130.154
2018-09-05T04:00:00Z,129.73,130.635,129.3,130.08,195034,2489,130.097
2018-09-06T04:00:00Z,130.1,130.16,128.56,128.65,180142,2128,129.055
2018-09-07T04:00:00Z,128.6,128.76,126.71,127.12,293566,2313,127.388
2018-09-10T04:00:00Z,127.72,127.72,126.64,126.9,260856,1972,126.964
2018-09-11T04:00:00Z,126.62,126.74,125.41,126.09,171705,2273,125.995
2018-09-12T04:00:00Z,125.75,127.16,125.695,126.18,144662,2279,126.158
2018-09-13T04:00:00Z,126.64,127.68,126.31,127.19,167747,1753,127.205
2018-09-14T04:00:00Z,127.46,127.59,126.05,126.73,238736,2777,126.713
2018-09-17T04:00:00Z,126.25,127.87,125,125.52,193036,2092,125.472
2018-09-18T04:00:00Z,125.3,126.15,124.575,124.69,203888,2668,124.953
2018-09-19T04:00:00Z,125.35,125.74,124.42,124.9,198570,2103,124.88
2018-09-20T04:00:00Z,125,126.53,124.576,126.46,304172,3245,126.171
2018-09-21T04:00:00Z,126.79,126.97,125.975,126.7,320352,2343,126.659
2018-09-24T04:00:00Z,126.7,126.9,124.345,125.21,234869,2738,125.19
2018-09-25T04:00:00Z,125.52,125.59,123.93,124.55,223843,1815,124.536
2018-09-26T04:00:00Z,125.06,125.53,123.91,124.14,221418,2775,124.662
2018-09-27T04:00:00Z,124.1,125.16,122.6,123.03,206289,1935,123.238
2018-09-28T04:00:00Z,122.55,124.59,122.2,124.22,270454,2851,123.826
2018-10-01T04:00:00Z,124.9,124.9,123.745,124.02,215919,2513,124.153
2018-10-02T04:00:00Z,123.9,124.72,123.478,123.89,155204,2249,123.946
2018-10-03T04:00:00Z,124.09,124.91,122.6,123.33,288401,2407,123.252
2018-10-04T04:00:00Z,123.14,123.36,120.515,121.41,237872,2184,121.51
2018-10-05T04:00:00Z,121.21,121.74,119.01,119.34,150071,1619,119.835
2018-10-08T04:00:00Z,119,119.41,118.57,119.34,503684,2935,119.241
2018-10-09T04:00:00Z,119.28,120.02,118.76,119.02,140234,1946,119.367
2018-10-10T04:00:00Z,118.4,118.83,115.31,115.41,250903,2613,116.56
2018-10-11T04:00:00Z,114.77,116.03,114.33,114.5,259014,2918,115.085
2018-10-12T04:00:00Z,115.65,116.61,113.89,114.59,228096,3708,115.093
2018-10-15T04:00:00Z,114.69,115.94,114.49,115.56,158501,1949,115.351
2018-10-16T04:00:00Z,116.22,118.82,115.21,118.75,182861,1925,117.845
2018-10-17T04:00:00Z,118.79,118.79,116.19,116.75,210549,2880,117.449
2018-10-18T04:00:00Z,116.28,117.2,113.27,113.34,138433,1563,114.026
2018-10-19T04:00:00Z,113.59,114.61,112.671,113.34,113854,1463,113.638
2018-10-22T04:00:00Z,113.45,114.35,109.87,110.03,249920,2954,110.988
2018-10-23T04:00:00Z,108.73,110.34,107.715,109.75,313901,4213,109.124
2018-10-24T04:00:00Z,109.89,110.24,107.54,107.69,219924,2784,108.287
2018-10-25T04:00:00Z,107.95,112.42,107.95,111.4,419803,3237,110.965
2018-10-26T04:00:00Z,110.4,110.95,107.42,108.11,144573,2256,108.724
2018-10-29T04:00:00Z,109.35,109.845,105.22,106.11,288312,3648,106.898
2018-10-30T04:00:00Z,105.85,108.96,104.832,108.64,152500,2251,107.994
2018-10-31T04:00:00Z,109.55,112.572,109.55,111.52,192056,3375,111.295
2018-11-01T04:00:00Z,112.11,115.025,111.13,114.17,171253,2392,113.918
2018-11-02T04:00:00Z,114.78,114.78,112.39,113.35,149138,1623,113.372
2018-11-05T05:00:00Z,113.36,114.78,111.51,112.97,190273,2521,112.874
2018-11-06T05:00:00Z,112.97,117.43,112.88,114.98,245345,4044,115.497
2018-11-07T05:00:00Z,115.94,116.21,112.38,114.1,152532,2374,114.039
2018-11-08T05:00:00Z,113.77,115.26,112.98,113.71,166956,2143,113.768
2018-11-09T05:00:00Z,113.19,113.7,110.26,110.8,268314,2940,110.849
2018-11-12T05:00:00Z,110.77,111.38,108.44,109.48,281730,2752,109.519
2018-11-13T05:00:00Z,110,111.6,108.33,109,350464,3230,109.236
2018-11-14T05:00:00Z,110,110.99,108.07,109.32,384609,4004,109.547
2018-11-15T05:00:00Z,108.48,109.38,106.08,109.26,328326,3061,108.65
2018-11-16T05:00:00Z,108.94,110.1,108.39,109.93,290023,3499,109.333
2018-11-19T05:00:00Z,110.47,110.74,108.42,109.69,216968,2019,109.75
2018-11-20T05:00:00Z,108.48,109.38,106.66,107.63,174026,3279,107.615
2018-11-21T05:00:00Z,107.97,109.17,107.413,108.41,162531,1892,108.397
2018-11-23T05:00:00Z,108,108,106.65,107.14,88241,1152,107.295
2018-11-26T05:00:00Z,108.1,109.62,107.8,109.14,345808,4226,108.681
2018-11-27T05:00:00Z,109.18,109.72,108.279,109.44,289257,2319,109.166
2018-11-28T05:00:00Z,109.47,111.61,108.31,111,234265,2846,110.567
2018-11-29T05:00:00Z,110.22,111.6,109.37,110.61,181649,2624,110.313
2018-11-30T05:00:00Z,111.46,111.65,109.76,110.76,226418,2116,110.848
2018-12-03T05:00:00Z,111.25,112.56,110.7,112.21,317130,2958,111.789
2018-12-04T05:00:00Z,111.74,112.33,107.21,107.24,216805,2497,108.705
2018-12-06T05:00:00Z,105.87,109.36,104.04,109.27,276558,3362,107.72
2018-12-07T05:00:00Z,108.5,109.49,106.65,107.39,243834,2235,107.465
2018-12-10T05:00:00Z,107.39,107.39,104.36,104.85,159021,2675,105.369
2018-12-11T05:00:00Z,106,106.31,103.1,104.31,189643,2787,104.633
2018-12-12T05:00:00Z,105.68,105.74,104.2,105.24,198650,2019,105.171
2018-12-13T05:00:00Z,105.42,105.95,103.91,105.06,151237,2047,105.045
2018-12-14T05:00:00Z,104.19,104.99,101.4,102.04,203470,2620,102.806
2018-12-17T05:00:00Z,101.68,101.68,95.845,96.32,481096,4188,98.1292
2018-12-18T05:00:00Z,97.61,98.31,95.09,96.59,369737,3975,96.2718
2018-12-19T05:00:00Z,97.17,100.03,95,95.56,410666,4299,97.2862
2018-12-20T05:00:00Z,95.46,96.13,91.8219,92.93,380972,4544,93.408
2018-12-21T05:00:00Z,93.38,94.24,91.32,92.16,567242,3725,92.3604
2018-12-24T05:00:00Z,91.19,92.36,89.565,89.85,165460,1846,90.2059
2018-12-26T05:00:00Z,90.2,94.74,89.511,94.68,256693,3136,92.1348
2018-12-27T05:00:00Z,93.91,94.52,91.24,94.38,343129,3334,93.1821
2018-12-28T05:00:00Z,94.65,96.79,93.97,95.76,260787,2468,95.4134
2018-12-31T05:00:00Z,96.28,97.62,94.73,97.62,390418,3302,96.7764
2019-01-02T05:00:00Z,96.37,97.79,95.14,96.62,263763,3101,96.6759
2019-01-03T05:00:00Z,95.85,97.56,95.14,96.5,221306,1993,96.51
2019-01-04T05:00:00Z,97.69,100.48,96.915,99.58,305423,2520,99.6198
2019-01-07T05:00:00Z,99.59,103.42,99.59,101.82,230359,2748,102.278
2019-01-08T05:00:00Z,102.71,104.57,101.88,104.32,186413,2340,103.682
2019-01-09T05:00:00Z,104.76,105.28,102.91,105.02,138654,1913,104.367
2019-01-10T05:00:00Z,104.65,106.73,104.029,104.7,380038,2455,104.984
2019-01-11T05:00:00Z,104.54,105.55,103.69,104.69,239813,3213,104.508
2019-01-14T05:00:00Z,103.98,104.445,102.1,102.35,198294,2532,102.901
2019-01-15T05:00:00Z,102.51,103.892,102.01,102.41,193813,2319,102.583
2019-01-16T05:00:00Z,102.63,105.51,102.13,104.87,218714,2602,104.232
2019-01-17T05:00:00Z,104.3,106.32,103.93,105.1,239506,2586,104.971
2019-01-18T05:00:00Z,105.26,106.87,104.13,106.76,120163,2099,106.253
2019-01-22T05:00:00Z,106.21,106.796,104.51,105.24,214724,2885,105.336
2019-01-23T05:00:00Z,105.83,106.19,102.98,104.29,125909,1597,104.569
2019-01-24T05:00:00Z,104.13,105.363,103.92,105.04,134154,1845,104.774
2019-01-25T05:00:00Z,105.32,106.97,105.32,106.79,100451,1395,106.354
2019-01-28T05:00:00Z,105.74,107.4,105.74,106.95,132067,1848,106.687
2019-01-29T05:00:00Z,107,108.59,106.225,108.11,106861,1327,107.892
2019-01-30T05:00:00Z,108.5,109.395,107.49,108.45,111508,2071,108.437
2019-01-31T05:00:00Z,108.48,111.17,108.451,111.04,188757,2358,110.351
2019-02-01T05:00:00Z,111.26,111.37,109.49,110.55,170235,2247,110.281
2019-02-04T05:00:00Z,110.45,110.62,109.06,110.62,174282,2287,109.954
2019-02-05T05:00:00Z,110.62,111.34,110.02,110.82,137948,1808,110.63
2019-02-06T05:00:00Z,110.66,111.48,110,110.74,106764,1959,110.824
2019-02-07T05:00:00Z,110.84,111.235,109.21,109.64,154442,1605,109.819
2019-02-08T05:00:00Z,109.32,110.22,108.3,109.74,94098,1324,109.396
2019-02-11T05:00:00Z,110.05,110.876,109.49,110.41,172616,2008,110.453
2019-02-12T05:00:00Z,110.76,111.56,110.2,111.19,125047,1782,110.99
2019-02-13T05:00:00Z,111.41,112.545,111.1,112.09,200367,2218,111.96
2019-02-14T05:00:00Z,111.81,113.49,111.62,113.08,177152,1860,112.897
2019-02-15T05:00:00Z,113.58,114.8,111.95,114.65,166552,1864,114.404
2019-02-19T05:00:00Z,114.12,114.94,114.01,114.44,120075,1849,114.484
2019-02-20T05:00:00Z,114.42,115.49,114.07,115.16,129389,2013,114.853
2019-02-21T05:00:00Z,114.7,115.5,114.207,114.7,107999,1566,114.667
2019-02-22T05:00:00Z,114.93,115.97,114.89,115.96,104063,1834,115.684
2019-02-25T05:00:00Z,116,116.94,114.87,114.93,273700,3373,115.81
2019-02-26T05:00:00Z,114.49,114.93,113.24,113.35,192090,2502,114.178
2019-02-27T05:00:00Z,112.97,113.76,112.37,113.28,138131,2035,113.357
2019-02-28T05:00:00Z,114.5,114.5,110,111.38,324949,3274,111.464
2019-03-01T05:00:00Z,111.71,113.15,110.91,112.87,281389,4082,112.222
2019-03-04T05:00:00Z,113.46,113.79,111.44,113.55,268757,3432,112.849
2019-03-05T05:00:00Z,113.78,113.996,111.57,111.62,251847,3145,112.589
2019-03-06T05:00:00Z,111.63,112.04,109.36,109.72,190569,2485,110.112
2019-03-07T05:00:00Z,109.92,109.965,108.26,108.6,211262,2446,109.02
2019-03-08T05:00:00Z,107.75,108.12,106.31,107.04,146431,2600,107.078
2019-03-11T04:00:00Z,107.15,107.4,105.89,106.46,207340,2432,106.45
2019-03-12T04:00:00Z,106.73,109.235,106.73,108.64,195250,3166,107.906
2019-03-13T04:00:00Z,108.93,110.09,108.09,108.43,222405,2003,108.571
2019-03-14T04:00:00Z,108.54,109.14,107.899,108.64,105831,1658,108.595
2019-03-15T04:00:00Z,108.85,110.36,108.72,110.35,265242,2117,109.698
2019-03-18T04:00:00Z,110.81,112.34,110.57,112.02,171208,3000,111.8
2019-03-19T04:00:00Z,112.09,113.21,109.72,109.9,1696865,2392,111.079
2019-03-20T04:00:00Z,109.99,110.5,107.06,108.69,255176,3531,108.687
2019-03-21T04:00:00Z,108.7,111.14,108.67,111.03,191049,2264,110.578
2019-03-22T04:00:00Z,110.62,110.8,107.64,107.79,183118,2420,108.609
2019-03-25T04:00:00Z,107.42,108.34,106.03,107.7,122999,1725,107.477
2019-03-26T04:00:00Z,108.33,108.71,107.24,108.42,126441,1869,108.098
2019-03-27T04:00:00Z,108.28,109.39,107.66,108.73,139367,1902,108.665
2019-03-28T04:00:00Z,108.6,110.4,108.6,109.87,187835,2245,109.732
2019-03-29T04:00:00Z,110.3,111.38,109.35,110,177065,1826,110.004
2019-04-01T04:00:00Z,110.26,110.75,109.58,110.16,277446,2955,110.106
2019-04-02T04:00:00Z,110.2,110.66,108.78,110.12,169117,2115,109.871
2019-04-03T04:00:00Z,110.11,110.79,109.83,110.62,176017,2132,110.537
2019-04-04T04:00:00Z,110.5,111.22,110.39,111.22,88045,1542,110.857
2019-04-05T04:00:00Z,111.58,113.23,111.44,113.05,152507,1637,112.773
2019-04-08T04:00:00Z,113,113.26,112.36,112.68,77314,1608,112.69
2019-04-09T04:00:00Z,112.39,112.545,110.83,111.14,108411,1596,111.2
2019-04-10T04:00:00Z,111.29,113.22,111.25,112.22,114195,1849,112.44
2019-04-11T04:00:00Z,112.66,113.11,111.54,111.98,96220,1731,112.08
2019-04-12T04:00:00Z,112.09,112.53,111.23,112.49,100377,1584,112.234
2019-04-15T04:00:00Z,112.53,113.25,112.272,113.06,156957,2202,113.021
2019-04-16T04:00:00Z,113.1,113.394,111.26,111.95,127705,2124,111.904
2019-04-17T04:00:00Z,112,112.78,109.57,110.08,160743,2629,110.454
2019-04-18T04:00:00Z,110.14,110.37,109.31,109.79,105808,1230,109.841
2019-04-22T04:00:00Z,109.7,109.7,107.24,107.86,264180,2558,108.046
2019-04-23T04:00:00Z,108.2,109.93,107.99,109.69,157988,1999,109.256
2019-04-24T04:00:00Z,109.9,111.8,109.9,111.61,206808,2154,111.336
2019-04-25T04:00:00Z,110.84,111.08,108.98,109.35,125949,1623,109.915
2019-04-26T04:00:00Z,109.36,110.845,108.82,110.8,66628,1464,110.407
2019-04-29T04:00:00Z,110.225,111,110.06,110.38,133730,1787,110.465
2019-04-30T04:00:00Z,110.08,111.31,108.8,111,135036,1954,110.451
2019-05-01T04:00:00Z,111.19,112.92,109.99,110.08,202368,2549,111.047
2019-05-02T04:00:00Z,109.71,111.69,109.19,110.33,189171,2639,110.113
2019-05-03T04:00:00Z,110.86,112.425,110.67,112,219916,2167,111.876
2019-05-06T04:00:00Z,110.14,112.99,110.14,112.07,151802,2145,111.993
2019-05-07T04:00:00Z,110.26,111.48,103.09,103.98,375012,5163,105.039
2019-05-08T04:00:00Z,104.58,106.225,103.73,105.01,260112,3090,105.042
2019-05-09T04:00:00Z,104.48,107.925,103.96,107.69,169161,2426,106.754
2019-05-10T04:00:00Z,107.29,108.46,106.41,107.88,104079,1995,107.432
2019-05-13T04:00:00Z,105.85,107.15,105.77,106.92,235977,2696,106.488
2019-05-14T04:00:00Z,106.71,107.94,106.08,106.73,159278,2548,106.835
2019-05-15T04:00:00Z,105.74,108.45,105.74,108.29,148615,1840,107.851
2019-05-16T04:00:00Z,110.45,113.14,109.585,110.48,232645,3250,111.272
2019-05-17T04:00:00Z,110,110.975,108.26,108.78,135625,2036,109.202
2019-05-20T04:00:00Z,108.33,108.98,105.64,105.77,119190,2035,106.592
2019-05-21T04:00:00Z,105.82,107.75,105.57,107.27,214805,2157,107.043
2019-05-22T04:00:00Z,106.37,108.23,106.37,107.64,106557,1619,107.632
2019-05-23T04:00:00Z,106.69,107.14,105.78,106.68,186635,2450,106.546
2019-05-24T04:00:00Z,106.96,107.99,106.835,107.6,93548,1126,107.56
2019-05-28T04:00:00Z,107.65,107.875,106.45,106.61,171451,1933,106.749
2019-05-29T04:00:00Z,106.23,106.67,104.36,104.47,208947,3725,105.063
2019-05-30T04:00:00Z,104.56,106.22,103.805,104.11,113890,1732,104.467
2019-05-31T04:00:00Z,103.25,103.74,101.21,102.84,269275,3125,102.358
2019-06-03T04:00:00Z,102.83,103.8,100.775,101.41,192596,3648,102.017
2019-06-04T04:00:00Z,102.43,102.75,101.17,102.27,222519,2443,102.04
2019-06-05T04:00:00Z,103.24,103.41,101.35,102.17,201658,2457,102.238
2019-06-06T04:00:00Z,102,103,101.61,102.6,173085,2115,102.393
2019-06-07T04:00:00Z,103.07,104.8,102.77,104.61,122026,1630,103.98
2019-06-10T04:00:00Z,105.32,105.7,104.08,104.38,126340,2206,104.644
2019-06-11T04:00:00Z,104.79,104.79,102.545,102.84,222116,2486,103.239
2019-06-12T04:00:00Z,102.35,103.1,101,101.17,127010,2062,101.382
2019-06-13T04:00:00Z,101.71,101.85,100.74,101.84,202491,2672,101.347
2019-06-14T04:00:00Z,101.9,102.85,100.89,101.43,87046,1603,101.299
2019-06-17T04:00:00Z,101.19,101.98,101.15,101.24,103538,1686,101.385
2019-06-18T04:00:00Z,101.86,103.01,100.59,102.46,122740,2182,101.894
2019-06-19T04:00:00Z,101.99,102.57,101.272,102.03,96128,1453,101.993
2019-06-20T04:00:00Z,102.99,103.39,101.45,102.42,109957,1518,102.32
2019-06-21T04:00:00Z,102.31,102.64,101.716,102.48,221465,2131,102.231
2019-06-24T04:00:00Z,102.36,102.36,97.31,97.43,318046,4131,98.0821
2019-06-25T04:00:00Z,97.55,98.66,94.7801,95.08,266649,3649,95.9586
2019-06-26T04:00:00Z,95.15,95.15,91.82,92.59,297027,4304,92.8594
2019-06-27T04:00:00Z,93,131.88,93,131.25,6417823,56261,120.091
2019-06-28T04:00:00Z,129.63,130.75,121.82,123.84,2091817,18232,124.062
2019-07-01T04:00:00Z,124.06,127.63,122.46,127.27,709187,9412,125.893
2019-07-02T04:00:00Z,127.76,130.27,125.71,129.62,477668,6273,129.037
2019-07-03T04:00:00Z,129.61,131.39,128.66,129.81,420086,3960,129.91
2019-07-05T04:00:00Z,128.3,130.36,128.275,130.08,324370,4011,129.858
2019-07-08T04:00:00Z,130.2,130.265,128.07,129.05,287318,3712,129.2
2019-07-09T04:00:00Z,128.06,129.24,126.8,128.56,218043,3029,128.377
2019-07-10T04:00:00Z,128.85,130.437,127.41,129.75,331364,4081,129.411
2019-07-11T04:00:00Z,129.27,130.37,128.83,129.69,246895,3424,129.784
2019-07-12T04:00:00Z,129.48,130.4,129.34,129.61,225291,2710,129.749
2019-07-15T04:00:00Z,129.54,130.022,128.57,129.61,236293,3817,129.346
2019-07-16T04:00:00Z,129.34,130.29,128.642,130,200596,2473,129.752
2019-07-17T04:00:00Z,130.05,130.56,129.475,130.01,232787,3391,130.045
2019-07-18T04:00:00Z,129.26,131.1,128.98,130.44,188361,2880,130.221
2019-07-19T04:00:00Z,130.82,131.74,129.75,130.3,320500,2400,130.442
2019-07-22T04:00:00Z,130.4,131.23,129.84,130.5,153672,2207,130.367
2019-07-23T04:00:00Z,130.82,131.48,129.5,130.69,246643,3053,130.468
2019-07-24T04:00:00Z,130.57,131.92,129.67,131.91,253196,2758,131.179
2019-07-25T04:00:00Z,132.7,132.87,130.96,131.71,149814,2133,131.727
2019-07-26T04:00:00Z,131.5,132.61,130.285,132.41,152575,2566,131.726
2019-07-29T04:00:00Z,132.01,132.465,129.69,130.68,242244,3111,130.676
2019-07-30T04:00:00Z,129.94,133.35,129.94,133.17,159870,2658,132.407
2019-07-31T04:00:00Z,133,135.42,132.451,135,445992,4281,134.461
2019-08-01T04:00:00Z,135,135,131.65,131.98,292191,3732,133.228
2019-08-02T04:00:00Z,131.7,132.28,129.71,131.26,152827,2575,131.052
2019-08-05T04:00:00Z,128.88,129.11,125.31,127.97,406285,4560,126.895
2019-08-06T04:00:00Z,128.67,129.68,125.918,128.08,307043,2593,127.801
2019-08-07T04:00:00Z,126.71,129.14,126.18,128.53,316196,3101,127.691
2019-08-08T04:00:00Z,131.05,134.91,129.115,133.97,303107,3818,132.774
2019-08-09T04:00:00Z,133.8,133.98,130.15,132.95,137744,2230,132.409
2019-08-12T04:00:00Z,131.38,131.74,127.13,129.06,129496,2413,128.546
2019-08-13T04:00:00Z,128.82,131.81,128.82,130.08,190696,2483,130.416
2019-08-14T04:00:00Z,128.01,128.875,126,128.31,280411,2781,127.956
2019-08-15T04:00:00Z,128.3,129.435,126.14,128.01,205952,2537,127.998
2019-08-16T04:00:00Z,128.47,130.156,128.47,129.52,205266,2794,129.412
2019-08-19T04:00:00Z,130.94,130.94,129.6,130.05,312905,3742,130.11
2019-08-20T04:00:00Z,130.2,130.73,129.31,129.85,305155,2560,129.952
2019-08-21T04:00:00Z,130.72,133.34,130.18,132.15,252168,3476,132.339
2019-08-22T04:00:00Z,132.55,132.55,130.15,130.66,214812,1971,130.894
2019-08-23T04:00:00Z,129.93,130.69,126.52,126.91,201898,2973,127.97
2019-08-26T04:00:00Z,128.13,128.13,124.52,125.23,317185,3916,126.095
2019-08-27T04:00:00Z,126.21,126.45,124.8,126.13,273094,3212,125.876
2019-08-28T04:00:00Z,126.02,127.96,125.97,126.6,141469,2128,126.987
2019-08-29T04:00:00Z,127.81,128.94,127.2,127.51,124344,2059,127.959
2019-08-30T04:00:00Z,127.57,127.81,125.73,126.27,145253,1879,126.266
2019-09-03T04:00:00Z,125.3,126.03,124.38,125.14,240120,2839,125.21
2019-09-04T04:00:00Z,125.49,127.95,125.411,126.89,196868,2554,126.872
2019-09-05T04:00:00Z,127.02,129.75,126.93,127.29,220619,3454,127.855
2019-09-06T04:00:00Z,128.05,128.71,126.63,127.09,124690,2375,127.294
2019-09-09T04:00:00Z,127.07,129.92,127.07,128.89,201433,2891,128.654
2019-09-10T04:00:00Z,128.12,129.93,127.55,129.84,205033,2742,129.336
2019-09-11T04:00:00Z,129.64,132.52,128.965,132.03,204050,3455,131.405
2019-09-12T04:00:00Z,132.86,134.54,131.73,132.73,199126,3297,133.312
2019-09-13T04:00:00Z,133.01,134.15,130.26,130.26,222205,4192,130.986
2019-09-16T04:00:00Z,129.87,132.14,129.68,130.71,153265,2561,130.928
2019-09-17T04:00:00Z,130.2,130.9,127.99,128.76,161725,2821,128.794
2019-09-18T04:00:00Z,129.49,130.27,127.41,129.76,220387,2865,129.087
2019-09-19T04:00:00Z,130.62,132.58,129.89,131.51,295246,3052,131.462
2019-09-20T04:00:00Z,131.23,132.89,129.875,130.12,539492,2743,130.404
2019-09-23T04:00:00Z,130.07,132.16,129.59,131.63,368374,3009,131.501
2019-09-24T04:00:00Z,132.09,132.48,128.9,129.13,332047,2932,129.622
2019-09-25T04:00:00Z,129.35,132.12,128.921,131.63,131943,2348,131.177
2019-09-26T04:00:00Z,131.36,132.05,128.62,129.09,148091,2017,129.631
2019-09-27T04:00:00Z,129.3,130.065,127.59,129.21,139065,2397,128.774
2019-09-30T04:00:00Z,128.92,130.95,128.01,129.6,164338,2562,129.583
2019-10-01T04:00:00Z,129.99,130.5,126.83,127.78,132573,2745,128.2
2019-10-02T04:00:00Z,127.3,127.54,125.15,127.1,179479,2682,126.654
2019-10-03T04:00:00Z,127.03,127.65,124.54,126.77,364240,2851,126.448
2019-10-04T04:00:00Z,127.38,127.786,125.03,125.98,147818,2358,125.925
2019-10-07T04:00:00Z,125.91,126.1,124.37,124.56,266197,3595,124.854
2019-10-08T04:00:00Z,123.99,124.67,120.965,121.88,245890,4304,121.813
2019-10-09T04:00:00Z,122.72,123.445,120.975,123.2,188214,2459,122.603
2019-10-10T04:00:00Z,122.97,124.23,120.63,121.08,140905,2918,121.444
2019-10-11T04:00:00Z,122.06,123.778,121.52,122.32,159304,2806,122.619
2019-10-14T04:00:00Z,122,123.03,121.17,122.98,149535,2442,122.196
2019-10-15T04:00:00Z,123.03,125.76,122.48,125.19,169148,2653,124.27
2019-10-16T04:00:00Z,125.16,126.02,124.41,125.73,104977,2268,125.267
2019-10-17T04:00:00Z,126.8,127.335,125.02,125.41,178437,2192,125.866
2019-10-18T04:00:00Z,125.36,127.14,124.66,125.93,167572,2538,126.082
2019-10-21T04:00:00Z,125.74,128.8,125.74,128.38,333880,3497,128.011
2019-10-22T04:00:00Z,105.17,109.66,104.32,108.02,1546714,14921,107.662
2019-10-23T04:00:00Z,108.33,110.15,107.65,109.1,532223,7666,108.838
2019-10-24T04:00:00Z,109.13,111.67,108.512,111.12,480609,4154,110.627
2019-10-25T04:00:00Z,111.04,112.27,110.21,111.62,317033,4442,111.355
2019-10-28T04:00:00Z,111.98,113.58,111.84,112.7,247285,4154,112.613
2019-10-29T04:00:00Z,112.46,112.59,110.87,111.45,248066,4237,111.352
2019-10-30T04:00:00Z,111.33,112.23,110.87,111.3,262273,4398,111.324
2019-10-31T04:00:00Z,111.3,111.92,110.3,111.82,481109,4818,111.305
2019-11-01T04:00:00Z,112.45,112.74,110.49,111.43,229448,4178,111.252
2019-11-04T05:00:00Z,111.46,111.58,110.18,111.09,194878,3311,111.005
2019-11-05T05:00:00Z,113.77,115.13,108.87,109.38,305012,4042,109.886
2019-11-06T05:00:00Z,109,109.91,107.11,107.43,216363,4281,107.895
2019-11-07T05:00:00Z,107.22,108.16,105.65,106.18,285772,4608,106.446
2019-11-08T05:00:00Z,105.96,108.5,105.85,108.03,414888,5919,107.517
2019-11-11T05:00:00Z,107.47,109.73,107.1,107.61,418739,4658,107.999
2019-11-12T05:00:00Z,107.59,110.1,107.59,108.87,349008,5008,109.41
2019-11-13T05:00:00Z,110.83,110.83,108.63,109.68,428722,5864,109.808
2019-11-14T05:00:00Z,109.52,110.19,109.21,109.78,299000,4460,109.773
2019-11-15T05:00:00Z,109.84,110.155,109.54,109.89,274125,4362,109.917
2019-11-18T05:00:00Z,109.96,110.01,107.31,107.56,221373,3735,108.124
2019-11-19T05:00:00Z,107.56,109.2,107.27,107.71,251996,4252,108.095
2019-11-20T05:00:00Z,108.66,108.7,105.09,105.44,546203,6398,105.93
2019-11-21T05:00:00Z,105.56,108.66,104.69,108.14,943549,11784,106.579
2019-11-22T05:00:00Z,108.4,108.94,107.63,108.16,182772,3027,108.235
2019-11-25T05:00:00Z,107.65,109.25,106.935,108.55,207005,3365,108.301
2019-11-26T05:00:00Z,107.88,110.7,107.88,110.47,255142,4001,110.065
2019-11-27T05:00:00Z,110.29,111.76,109.94,110.56,213158,2942,110.601
2019-11-29T05:00:00Z,110.68,111.29,109.951,110.41,78855,1669,110.562
2019-12-02T05:00:00Z,110.37,115.33,110.015,115,1549968,6489,113.26
2019-12-03T05:00:00Z,114.44,114.44,111.565,113.27,546491,8994,112.772
2019-12-04T05:00:00Z,112.89,114.23,112.31,112.36,1945423,7296,113.397
2019-12-05T05:00:00Z,116.16,116.16,112.785,113.67,595808,5958,113.729
2019-12-06T05:00:00Z,113.81,115.625,113.567,115.2,196896,3846,115.148
2019-12-09T05:00:00Z,115.2,115.58,114.86,115.21,240943,3095,115.245
2019-12-10T05:00:00Z,115.75,116.07,114.55,114.65,273610,3723,114.963
2019-12-11T05:00:00Z,114.47,116.195,114.22,115.44,312501,3435,115.399
2019-12-12T05:00:00Z,115.52,116.33,115.12,115.41,220471,4378,115.637
2019-12-13T05:00:00Z,116.49,118.06,115.51,117.69,249103,3933,117.485
2019-12-16T05:00:00Z,118.45,120.59,118,120.25,423493,4802,120.081
2019-12-17T05:00:00Z,119.66,121.13,119.65,120.87,337577,4959,120.697
2019-12-18T05:00:00Z,121.9,123.05,120.73,122.36,253379,3909,122.159
2019-12-19T05:00:00Z,122.2,123.51,121.7,123.45,134576,2814,122.806
2019-12-20T05:00:00Z,123.45,123.873,122.02,123.62,415413,4410,123.328
2019-12-23T05:00:00Z,123.99,124.34,123.49,124.05,370647,3062,123.993
2019-12-24T05:00:00Z,124.2,125.24,124.1,125.22,63484,1372,124.814
2019-12-26T05:00:00Z,125.22,125.55,124.31,125.49,115518,1975,125.029
2019-12-27T05:00:00Z,125.3,125.755,124.18,125.21,204363,3399,125.057
2019-12-30T05:00:00Z,125.5,126.54,124.87,126.51,157698,2461,125.995
2019-12-31T05:00:00Z,125.95,127.25,125.8,126.8,252411,3957,126.686
2020-01-02T05:00:00Z,126,126.68,122.672,123.57,341743,5623,123.83
2020-01-03T05:00:00Z,122.67,124.32,121.895,123.62,158409,4017,123.401
2020-01-06T05:00:00Z,123.33,124.61,122.81,124.07,442295,3533,124.033
2020-01-07T05:00:00Z,124.45,124.86,123.12,123.96,410370,3757,123.945
2020-01-08T05:00:00Z,124.09,124.62,121.775,121.93,211874,4429,122.743
2020-01-09T05:00:00Z,122.07,122.07,119.51,120.08,462813,3914,120.214
2020-01-10T05:00:00Z,120.41,120.41,117.6,118.63,263910,4724,118.768
2020-01-13T05:00:00Z,118.63,122.292,118.01,121.8,512008,5150,121.351
2020-01-14T05:00:00Z,121.19,123.795,121.08,123.41,252695,4384,122.831
2020-01-15T05:00:00Z,123.07,124.85,123.07,124.14,382402,4137,124.15
2020-01-16T05:00:00Z,124.89,125.97,124.25,124.82,354351,5485,124.917
2020-01-17T05:00:00Z,125.35,125.86,123.84,125.04,291309,5074,124.906
2020-01-21T05:00:00Z,124.58,125.25,124.07,124.98,478596,4001,124.922
2020-01-22T05:00:00Z,125,125.58,124.14,124.39,207752,4507,124.779
2020-01-23T05:00:00Z,124.14,125.22,123.55,124.3,136877,2320,124.455
2020-01-24T05:00:00Z,123.99,124.68,123.24,123.88,171033,2263,123.866
2020-01-27T05:00:00Z,122.4,123.81,122.38,123.4,144230,2041,123.26
2020-01-28T05:00:00Z,123.65,125.18,123.57,125,144780,2233,124.91
2020-01-29T05:00:00Z,125.33,125.54,124.1,124.13,121397,2675,124.468
2020-01-30T05:00:00Z,123.56,123.79,122.24,123.65,68707,2448,123.263
2020-01-31T05:00:00Z,123.21,123.21,120.94,121.68,113312,2777,121.64
2020-02-03T05:00:00Z,121.94,123.13,121.49,121.91,144569,2690,122.025
2020-02-04T05:00:00Z,123.11,124.62,121.91,123.48,216295,3076,123.531
2020-02-05T05:00:00Z,124.06,125,122.795,123.35,135284,2746,123.797
2020-02-06T05:00:00Z,123.48,124.48,123,123.55,88499,2093,123.742
2020-02-07T05:00:00Z,123.3,124.77,123.15,124.42,300968,2617,124.397
2020-02-10T05:00:00Z,124.48,125.87,124.27,125.77,246229,3308,125.555
2020-02-11T05:00:00Z,126,126.31,123.67,124.2,217710,2261,124.492
2020-02-12T05:00:00Z,124.6,125.75,123.81,125.5,189714,3213,125.204
2020-02-13T05:00:00Z,124.82,125.94,123.54,124.4,144349,3112,124.518
2020-02-14T05:00:00Z,124.4,125.24,123.633,125.11,100987,2392,124.924
2020-02-18T05:00:00Z,124.92,126.27,124.53,126.24,194427,2991,125.796
2020-02-19T05:00:00Z,126.46,128.09,126.2,127.78,123304,2922,127.57
2020-02-20T05:00:00Z,127.73,129.74,127.73,129.35,175165,3631,129.2
2020-02-21T05:00:00Z,129.01,129.39,127.41,128.5,211283,2473,128.47
2020-02-24T05:00:00Z,126.47,126.6,125.17,125.9,164058,3315,125.948
2020-02-25T05:00:00Z,126.29,126.29,119.195,119.82,159437,3598,121.509
2020-02-26T05:00:00Z,120.6,121.175,116.955,117.68,128052,2806,118.178
2020-02-27T05:00:00Z,115.6,117.13,111.54,113.12,196386,3470,114.259
2020-02-28T05:00:00Z,109.41,109.41,103.39,107.88,437376,7148,107.243
2020-03-02T05:00:00Z,108.08,110.69,105.8,110.34,307541,4171,109.485
2020-03-03T05:00:00Z,110.04,112.8,108.019,109.97,376407,4509,110.213
2020-03-04T05:00:00Z,111.79,114.3,110.05,114.01,151526,3086,113.367
2020-03-05T05:00:00Z,111.65,112.36,108.722,109.36,207471,4243,109.484
2020-03-06T05:00:00Z,107.37,108.199,102.14,104.47,228463,4762,104.857
2020-03-09T04:00:00Z,98.61,98.61,88.89,89.65,392003,4893,91.6264
2020-03-10T04:00:00Z,92.02,95.36,89.37,95.36,520910,5580,93.8741
2020-03-11T04:00:00Z,92.26,92.77,87.635,89.01,382188,5831,89.9521
2020-03-12T04:00:00Z,79.06,83.4695,76.4601,76.67,416315,7188,78.8043
2020-03-13T04:00:00Z,81.72,83.11,75.0401,83.11,472835,7136,80.0186
2020-03-16T04:00:00Z,73,74.645,65.685,65.84,447596,6963,70.299
2020-03-17T04:00:00Z,66.33,66.33,54.54,59.81,694369,8293,58.9437
2020-03-18T04:00:00Z,54.79,55.09,45.2701,49.15,478502,6426,50.1076
2020-03-19T04:00:00Z,48.66,50.69,45.16,45.28,550319,7080,47.0717
2020-03-20T04:00:00Z,46.55,47.0691,39.38,40.42,767941,10063,43.3559
2020-03-23T04:00:00Z,40.39,40.39,35.1,37.44,908370,11033,37.0941
2020-03-24T04:00:00Z,39.12,46.345,39.03,44,1079008,9995,43.7696
2020-03-25T04:00:00Z,44.45,52.62,42.8002,51.83,1114916,12362,48.2978
2020-03-26T04:00:00Z,50.18,54.36,49.14,53.5,669740,8104,52.4871
2020-03-27T04:00:00Z,49.6,57.84,46.9301,55.61,1743567,18033,52.6245
2020-03-30T04:00:00Z,56.36,58.46,52.28,55.45,686952,9233,55.7117
2020-03-31T04:00:00Z,55.47,56.805,49.24,50.52,951361,12333,51.4766
2020-04-01T04:00:00Z,47.57,49.2,45.06,46.82,1028295,11945,46.6457
2020-04-02T04:00:00Z,46.92,48.24,45.17,45.76,605867,7408,46.1675
2020-04-03T04:00:00Z,46,48.43,42.76,43.94,819930,9931,44.5426
2020-04-06T04:00:00Z,47.08,52.12,46.46,50.63,879172,7828,50.3395
2020-04-07T04:00:00Z,54.98,56.22,51.61,53.07,854620,8562,53.7195
2020-04-08T04:00:00Z,54.19,58.795,53.23,57.25,714710,7753,56.8133
2020-04-09T04:00:00Z,60.62,62.849,57.57,59.35,1021229,9245,59.847
2020-04-13T04:00:00Z,59.31,60.875,54.81,56.64,556314,8533,56.2303
2020-04-14T04:00:00Z,58.06,59.81,56.32,56.32,457879,5113,57.1922
2020-04-15T04:00:00Z,54.93,55.19,51.09,52.6,1004693,10616,52.6364
2020-04-16T04:00:00Z,52.67,54.19,50.27,51.84,467315,4997,51.333
2020-04-17T04:00:00Z,53.87,55.39,51.31,51.99,603828,8241,52.2454
2020-04-20T04:00:00Z,50.41,51.53,49.02,49.57,563400,4835,49.9151
2020-04-21T04:00:00Z,47.67,49.565,47.6,49.05,400522,4990,49.0357
2020-04-22T04:00:00Z,50.15,51.4,49.49,50.99,571087,4390,50.7275
2020-04-23T04:00:00Z,51.09,52.6499,49.75,50.9,596494,5308,51.2206
2020-04-24T04:00:00Z,51.45,51.48,48.61,50.09,310400,3775,49.8057
2020-04-27T04:00:00Z,50.1,53.03,50.1,52.59,599817,5642,51.8541
2020-04-28T04:00:00Z,55,56.2,52.42,53.69,383289,5618,53.9185
2020-04-29T04:00:00Z,56.08,57.6231,55.81,55.97,540948,7678,56.6564
2020-04-30T04:00:00Z,54.91,54.94,53.05,54.16,412324,5719,53.9869
2020-05-01T04:00:00Z,52.06,52.57,49.65,52,616912,7748,51.4137
2020-05-04T04:00:00Z,51.33,52.53,49.7,52.42,771369,5583,51.845
2020-05-05T04:00:00Z,54.21,54.8,51.94,51.99,750253,8454,53.2461
2020-05-06T04:00:00Z,52.73,53.05,49.81,50,594655,6610,50.8081
2020-05-07T04:00:00Z,51.17,52.73,50.96,51.74,698886,8073,51.6806
2020-05-08T04:00:00Z,54.04,55.935,53.52,54.71,523828,6964,54.9416
2020-05-11T04:00:00Z,53.69,54.12,51.74,52.29,570604,5254,52.7153
2020-05-12T04:00:00Z,51.57,52.33,47.4333,47.45,729171,10009,48.9335
2020-05-13T04:00:00Z,47.03,47.1378,43.33,44,577793,8624,44.271
2020-05-14T04:00:00Z,42.46,45.3,41.64,43.85,579449,9205,43.3623
2020-05-15T04:00:00Z,43.55,43.55,42.03,42.58,556448,5417,42.6146
2020-05-18T04:00:00Z,45.17,48.4,45.14,48.11,665562,8423,46.9531
2020-05-19T04:00:00Z,48.37,48.66,46.04,46.81,580009,6603,46.9771
2020-05-20T04:00:00Z,47,48.43,46.48,47.37,287059,5075,47.332
2020-05-21T04:00:00Z,47.4,49.9,46.7538,49,1189828,9912,48.5172
2020-05-22T04:00:00Z,49.11,49.605,46.75,47.24,309024,4925,47.4925
2020-05-26T04:00:00Z,50,50.5,48.8,49.5,1149890,8789,49.7038
2020-05-27T04:00:00Z,52.21,53.45,50.12,52.87,1064195,9627,52.4964
2020-05-28T04:00:00Z,53.83,54.37,50.63,50.8,528986,7224,51.8521
2020-05-29T04:00:00Z,50.75,52.23,50.27,50.65,640140,7450,51.009
2020-06-01T04:00:00Z,50.88,52.64,50.52,51.47,443099,6050,51.7143
2020-06-02T04:00:00Z,52.31,54.94,52.31,54.13,505720,6848,54.0972
2020-06-03T04:00:00Z,55.7,59.95,55.7,58.66,6473618,8707,58.7268
2020-06-04T04:00:00Z,59.99,62.6,59.76,60.8,1177625,10487,60.8539
2020-06-05T04:00:00Z,66.77,68.46,61.29,61.84,1315992,15503,64.002
2020-06-08T04:00:00Z,66,66.78,63.52,66.6,807729,10566,65.8013
2020-06-09T04:00:00Z,62.93,65,61.1,62.43,834083,12139,62.5648
2020-06-10T04:00:00Z,61.62,62.09,58.4,60.49,717485,9066,60.4367
2020-06-11T04:00:00Z,55.5,58.56,55,56.9,1435207,14293,57.1623
2020-06-12T04:00:00Z,60.67,60.97,56.64,58.22,684041,7418,58.3658
2020-06-15T04:00:00Z,55.82,60.2273,55.04,58.98,512283,7791,58.1036
2020-06-16T04:00:00Z,62.37,62.6383,58.62,60.14,506539,7453,60.4864
2020-06-17T04:00:00Z,60.27,60.27,57.93,58.07,303499,4094,58.6402
2020-06-18T04:00:00Z,57.18,58.98,56.79,57.64,797724,4780,57.7162
2020-06-19T04:00:00Z,58.55,58.92,55.02,55.02,829136,6067,55.7297
2020-06-22T04:00:00Z,55,55.87,53.51,55.3,723394,6760,55.2144
2020-06-23T04:00:00Z,55.79,56.26,54.01,54.9,612664,5327,54.8236
2020-06-24T04:00:00Z,54.02,54.02,50.54,51.52,564848,7216,51.9103
2020-06-25T04:00:00Z,50.61,52.09,49.21,51.72,347808,6362,51.2042
2020-06-26T04:00:00Z,50.98,51.15,49.03,50.42,1024612,7476,50.2944
2020-06-29T04:00:00Z,50.63,52.7,49.44,52.66,462668,5872,51.9614
2020-06-30T04:00:00Z,52.63,53.15,51.43,51.95,418742,6676,52.1707
2020-07-01T04:00:00Z,52,53.44,50.77,51.43,432438,5647,51.6973
2020-07-02T04:00:00Z,52.76,53.75,51.88,52.24,363612,5291,52.6441
2020-07-06T04:00:00Z,53.52,54.33,52.74,53.21,811810,5837,53.2349
2020-07-07T04:00:00Z,52.66,53.03,50.46,50.52,286004,3930,51.444
2020-07-08T04:00:00Z,50.11,51.5485,49.24,49.86,429200,4802,49.8856
2020-07-09T04:00:00Z,49.68,49.68,46.7,48.15,822971,6960,47.9859
2020-07-10T04:00:00Z,47.99,49.82,47.5756,49.5,502798,4934,49.4066
2020-07-13T04:00:00Z,50.14,52.3395,49.04,51.56,930857,8103,51.309
2020-07-14T04:00:00Z,51.67,51.67,50.16,50.87,319083,5338,50.7664
2020-07-15T04:00:00Z,52.09,53.33,51.49,52.48,429381,6172,52.3035
2020-07-16T04:00:00Z,52.48,52.81,51.155,52.41,403886,5193,52.1361
2020-07-17T04:00:00Z,52.37,53.29,52,53.21,446921,5660,52.9696
2020-07-20T04:00:00Z,53.33,53.9,51.9,52.72,541123,5189,52.689
2020-07-21T04:00:00Z,53.5,54.14,52.58,53.38,722864,5716,53.3672
2020-07-22T04:00:00Z,53.5,54.8,52.72,53.32,447826,4623,53.4786
2020-07-23T04:00:00Z,53.2,54.1,52.955,53.92,392809,3664,53.7621
2020-07-24T04:00:00Z,54.08,54.165,52.895,53.37,210975,3514,53.388
2020-07-27T04:00:00Z,53.31,53.85,51.82,53.82,332403,3270,53.3703
2020-07-28T04:00:00Z,53.8,54.5,53.08,54.36,210398,3245,54.0855
2020-07-29T04:00:00Z,54.78,55.29,53.7,54.96,213840,3319,54.541
2020-07-30T04:00:00Z,54.02,54.02,52.99,53.61,195447,3173,53.5235
2020-07-31T04:00:00Z,53.35,53.35,52.32,53.19,335149,4014,52.8135
2020-08-03T04:00:00Z,53.64,53.64,52.1959,53.11,566256,7268,52.9585
2020-08-04T04:00:00Z,53.11,56.56,52.92,55.93,695341,8732,55.7712
2020-08-05T04:00:00Z,56.92,56.92,55.43,56.47,298029,4843,56.3238
2020-08-06T04:00:00Z,56.63,56.81,55.285,55.34,286282,3889,55.6815
2020-08-07T04:00:00Z,54.79,55.26,53.64,54.97,300835,4402,54.7683
2020-08-10T04:00:00Z,55.17,57.345,55.04,57.22,473205,5143,56.7716
2020-08-11T04:00:00Z,59.78,60.14,57.695,58.13,546518,6839,58.6148
2020-08-12T04:00:00Z,58.5,59.8167,57.13,57.6,268576,3552,57.8806
2020-08-13T04:00:00Z,57.21,58.12,56.7,57,187302,2981,57.1248
2020-08-14T04:00:00Z,56.72,58.58,56.4968,57.39,174145,2980,57.7866
2020-08-17T04:00:00Z,57.2,57.2,55.6,56.16,275570,4093,56.0315
2020-08-18T04:00:00Z,56.02,56.75,54.85,56.7,450825,6802,56.2607
2020-08-19T04:00:00Z,56.65,57.81,55.79,56.82,496466,4115,56.8383
2020-08-20T04:00:00Z,56.28,57.4471,56.09,56.44,165529,3013,56.6143
2020-08-21T04:00:00Z,56,56.35,54.685,55.07,405748,3720,55.1333
2020-08-24T04:00:00Z,55.84,58.75,55.56,58.09,626785,5289,58.0506
2020-08-25T04:00:00Z,58.7,59.003,56.76,57.86,253388,4135,57.6737
2020-08-26T04:00:00Z,58.19,58.9,57.035,57.74,197649,3307,57.6518
2020-08-27T04:00:00Z,58.3,59.46,58.08,59.28,213470,3444,59.0055
2020-08-28T04:00:00Z,59.63,61.53,59.17,61.17,234124,5172,60.5752
2020-08-31T04:00:00Z,60.76,61.3,58.28,59.11,364114,4518,59.1769
2020-09-01T04:00:00Z,58.64,59.98,58.25,59.86,209062,3874,59.5927
2020-09-02T04:00:00Z,59.79,60.44,58.94,60.4,305131,3987,60.0743
2020-09-03T04:00:00Z,60.76,61.79,59.01,59.56,259743,4667,60.1415
2020-09-04T04:00:00Z,60,60.75,58.35,60.32,382202,4091,59.9077
2020-09-08T04:00:00Z,59.51,60.455,59.04,59.85,529431,5565,59.9573
2020-09-09T04:00:00Z,60,60,58.05,58.78,311735,4623,58.8355
2020-09-10T04:00:00Z,59.15,60.78,58.735,59.25,477333,6026,60.0073
2020-09-11T04:00:00Z,59.59,59.77,57.6817,59.11,410346,4620,58.5424
2020-09-14T04:00:00Z,59.43,62.2,59.43,61.67,703301,6975,61.665
2020-09-15T04:00:00Z,62.5,63.2141,61.21,61.25,450004,6619,62.1272
2020-09-16T04:00:00Z,61.26,63.4,60.55,61.97,321895,3954,62.0597
2020-09-17T04:00:00Z,61.29,62.13,60.5005,61.19,403235,3628,61.1979
2020-09-18T04:00:00Z,61.04,61.06,59.2,60.06,825327,6054,60.1638
2020-09-21T04:00:00Z,58.37,58.93,55.5,56.19,662584,7723,56.6116
2020-09-22T04:00:00Z,55.95,57.77,55.6516,56.08,350461,4042,56.2182
2020-09-23T04:00:00Z,56.55,57.3993,54.215,54.68,674408,7871,54.9587
2020-09-24T04:00:00Z,54.53,56.77,53.55,56.32,775212,7012,56.0351
2020-09-25T04:00:00Z,56.38,57.67,56.23,57.66,237442,4241,57.1678
2020-09-28T04:00:00Z,58,59.95,57.95,58.2,384466,6346,58.5563
2020-09-29T04:00:00Z,58,58.2,55.96,56.85,319462,4373,56.7778
2020-09-30T04:00:00Z,57.25,58.85,56.8908,57.6,259760,4289,57.6528
2020-10-01T04:00:00Z,58.14,59.73,57.34,59.7,489954,6617,58.8178
2020-10-02T04:00:00Z,58.32,61.825,58.2421,61.1,669950,5797,61.0797
2020-10-05T04:00:00Z,61.79,61.79,59.61,60.53,451381,3888,60.3265
2020-10-06T04:00:00Z,61,62.6199,60.1201,60.59,272512,3205,61.1459
2020-10-07T04:00:00Z,60.97,61.45,60.15,60.69,194508,2900,60.7596
2020-10-08T04:00:00Z,60.8,62.2981,60.31,61.96,251757,3764,61.739
2020-10-09T04:00:00Z,62.98,64.1123,61.38,62.58,438559,4936,62.7091
2020-10-12T04:00:00Z,62.54,63.09,61.73,62.85,244760,3878,62.5951
2020-10-13T04:00:00Z,62.49,62.87,61.695,62.46,294997,4172,62.3131
2020-10-14T04:00:00Z,62.68,63.9,62.51,62.7,307924,3584,62.9026
2020-10-15T04:00:00Z,61.91,63.6475,61.44,63.1,313205,3450,63.0391
2020-10-16T04:00:00Z,62.81,63.835,62.5,62.84,238543,3815,63.1251
2020-10-19T04:00:00Z,63.16,63.85,61.44,61.81,305319,3492,62.0784
2020-10-20T04:00:00Z,62.71,63.6541,62.29,62.33,310259,3699,62.6174
2020-10-21T04:00:00Z,62.4,62.94,62.185,62.67,184222,2614,62.565
2020-10-22T04:00:00Z,62.62,65.14,62.345,64.95,354279,3936,64.5604
2020-10-23T04:00:00Z,65.36,65.88,63.86,64.41,158264,2810,64.3958
2020-10-26T04:00:00Z,63.74,64,62.24,62.96,384014,6158,62.8259
2020-10-27T04:00:00Z,62.58,63.05,61.165,61.8,306655,4553,61.842
2020-10-28T04:00:00Z,60.43,62.54,59.6,61.51,835398,6798,61.4362
2020-10-29T04:00:00Z,61.38,63.17,60.14,62.19,284506,5346,62.1314
2020-10-30T04:00:00Z,61.96,62.63,60.21,62.19,269184,3953,61.7495
2020-11-02T05:00:00Z,62.95,64.065,62.17,63.8,276344,4471,63.6238
2020-11-03T05:00:00Z,64.12,65.44,64.12,64.72,413824,5594,64.962
2020-11-04T05:00:00Z,64.4,65.9,63.33,65.05,245430,3181,65.0322
2020-11-05T05:00:00Z,65.45,67.5,65.15,67.17,427587,5002,67.0059
2020-11-06T05:00:00Z,67.42,68.28,64.98,65.15,304602,6302,65.9092
2020-11-09T05:00:00Z,70.7,72.7,67.935,68.16,811250,13921,69.8406
2020-11-10T05:00:00Z,69,70.99,68.27,69.72,480822,10274,70.035
2020-11-11T05:00:00Z,70,70,67.5601,68.03,300708,7597,68.0848
2020-11-12T05:00:00Z,67.49,68.825,66.22,67.64,362111,7708,67.5998
2020-11-13T05:00:00Z,68.19,69.58,68.0201,69.37,493663,8670,68.891
2020-11-16T05:00:00Z,71.51,73,70.57,71.26,495780,8207,71.449
2020-11-17T05:00:00Z,70.9,72.3,70,72.13,277558,5835,71.8064
2020-11-18T05:00:00Z,73.1,74.04,71.83,71.95,712578,11995,72.7517
2020-11-19T05:00:00Z,71.35,72.56,70.43,71.94,210849,5023,71.448
2020-11-20T05:00:00Z,71.45,72.57,71.0801,72.01,255836,4096,71.9663
2020-11-23T05:00:00Z,72.83,74.145,72.03,73.8,679864,7268,73.4974
2020-11-24T05:00:00Z,75.24,76.08,74.25,74.71,443737,7412,75.1345
2020-11-25T05:00:00Z,75.21,75.21,73.66,74.34,191117,5215,74.3211
2020-11-27T05:00:00Z,74.37,74.58,73.01,73.51,143453,3331,73.6063
2020-11-30T05:00:00Z,73.2,73.22,72.38,72.73,341706,5879,72.7562
2020-12-01T05:00:00Z,73.76,75.71,73.19,74.76,428002,8073,74.8807
2020-12-02T05:00:00Z,74.37,76.06,73.94,75.75,625847,5993,75.6166
2020-12-03T05:00:00Z,76.14,78.79,75.54,77.01,484015,6278,77.3456
2020-12-04T05:00:00Z,77.94,78.98,77.305,78.23,330250,7375,78.3776
2020-12-07T05:00:00Z,78.34,78.96,77.07,77.49,347077,7607,77.5749
2020-12-08T05:00:00Z,76.52,77.68,76.52,77.31,265614,6487,77.2561
2020-12-09T05:00:00Z,78.1,78.8,76.895,77.5,423545,7596,77.6163
2020-12-10T05:00:00Z,76.65,78.63,76.51,78.27,255095,4654,77.9008
2020-12-11T05:00:00Z,78.01,78.3899,76.92,77.61,217661,5758,77.5501
2020-12-14T05:00:00Z,78.5,79.69,77.93,78.26,360394,5500,78.427
2020-12-15T05:00:00Z,78.68,79.63,77.84,79.55,576311,6944,79.362
2020-12-16T05:00:00Z,79.55,80.2475,78.99,79.55,585448,7427,79.4986
2020-12-17T05:00:00Z,80.15,81.07,79.82,81.05,689381,10444,80.5972
2020-12-18T05:00:00Z,81.18,81.78,80.58,81.17,698153,7935,81.1941
2020-12-21T05:00:00Z,79.6,80.46,78.5101,80.06,677361,7478,79.8672
2020-12-22T05:00:00Z,80.04,81.25,79.31,80.8,483115,6192,80.8241
2020-12-23T05:00:00Z,81.43,82.44,80.37,80.6,1704884,5806,80.9502
2020-12-24T05:00:00Z,81.21,81.21,79.2431,79.73,100062,2222,79.7224
2020-12-28T05:00:00Z,80.11,81.61,79.84,80.65,289495,5247,80.7542
2020-12-29T05:00:00Z,81.11,81.29,78.575,79.77,356039,7021,79.5433
2020-12-30T05:00:00Z,80.02,81.44,79.12,79.61,400925,6705,80.4422
2020-12-31T05:00:00Z,79.42,79.67,78.02,78.93,239105,3861,78.9935
2021-01-04T05:00:00Z,78.98,79.52,76.13,77.57,435503,8752,77.2911
2021-01-05T05:00:00Z,77.55,79.51,77.55,78.33,589085,7972,78.4869
2021-01-06T05:00:00Z,78.92,80.51,78.585,79.12,3054271,8415,79.4524
2021-01-07T05:00:00Z,79.26,80.275,78.69,80.04,830569,7297,79.7514
2021-01-08T05:00:00Z,80.72,81.78,79.25,80.86,519490,9542,80.6848
2021-01-11T05:00:00Z,82,82.93,80.2,81.9,594932,7116,81.6141
2021-01-12T05:00:00Z,81.58,83.6299,81.54,81.82,538126,8146,82.2227
2021-01-13T05:00:00Z,81.98,82.62,80.8,81.2,190433,3359,81.4499
2021-01-14T05:00:00Z,81.27,84.475,81.27,84.08,350287,5668,83.6753
2021-01-15T05:00:00Z,84.06,84.71,82.165,84.11,304359,4631,83.8484
2021-01-19T05:00:00Z,84.74,86.34,84.43,86.19,356413,6277,85.7494
2021-01-20T05:00:00Z,87,89.76,86.42,88.29,833177,6230,88.3867
2021-01-21T05:00:00Z,88.45,88.9116,87.18,88.37,284169,4535,88.0279
2021-01-22T05:00:00Z,87.49,88.83,86.7601,88.69,537891,4063,88.4863
2021-01-25T05:00:00Z,88.09,89.75,87.4,89.39,599715,4048,89.1029
2021-01-26T05:00:00Z,89.96,90.84,89.27,89.32,281163,3600,89.7801
2021-01-27T05:00:00Z,87.6,88.57,85.42,86.17,345507,5511,86.369
2021-01-28T05:00:00Z,86.91,89.02,86.625,88.52,577676,4422,88.4099
2021-01-29T05:00:00Z,88.24,89.04,85.81,86.17,375359,6756,87.0377
2021-02-01T05:00:00Z,86.92,88.85,85.27,88.75,300955,4591,87.9079
2021-02-02T05:00:00Z,89.46,90.09,87.11,88.22,265342,5228,88.1006
2021-02-03T05:00:00Z,88.76,92.9,87.91,91.34,686907,7487,91.0492
2021-02-04T05:00:00Z,91.66,93.56,91.05,93.3,462426,6948,92.8091
2021-02-05T05:00:00Z,94.43,94.6836,91.7,92.15,647275,6684,92.4667
2021-02-08T05:00:00Z,92.2,94.97,92,94.46,564221,5268,94.1352
2021-02-09T05:00:00Z,94.515,95.66,93.91,95.04,211315,4384,94.8464
2021-02-10T05:00:00Z,96.74,99.04,95.91,98.97,366249,6207,98.0013
2021-02-11T05:00:00Z,99.34,101.22,98.5,101,332381,5550,100.473
2021-02-12T05:00:00Z,100.41,102.94,100.18,102.08,328769,5149,101.662
2021-02-16T05:00:00Z,103,103,99.0201,99.77,312657,5907,100.168
2021-02-17T05:00:00Z,99.52,100.03,98.46,99.99,181093,4637,99.6575
2021-02-18T05:00:00Z,98.54,99.99,97.18,97.74,198950,4293,98.14
2021-02-19T05:00:00Z,98.23,99.89,98.05,99.51,221980,4047,99.2331
2021-02-22T05:00:00Z,99,100.87,98.393,99.84,243954,4716,99.88
2021-02-23T05:00:00Z,98.77,100.04,98.1,98.84,279056,5121,98.926
2021-02-24T05:00:00Z,98.85,99.9194,98.61,99,247188,4384,99.3449
2021-02-25T05:00:00Z,98.93,99.73,94.365,94.88,400152,6816,96.7072
2021-02-26T05:00:00Z,94.99,97.465,93.37,94.87,509824,7726,95.3349
2021-03-01T05:00:00Z,96.84,98.605,96.06,96.48,321171,5951,97.0778
2021-03-02T05:00:00Z,96.78,96.82,94.18,94.49,321479,5757,95.0546
2021-03-03T05:00:00Z,94.5,95.24,92.71,93.65,384440,5476,93.6786
2021-03-04T05:00:00Z,93.76,93.895,89.395,91.64,480813,7583,91.6866
2021-03-05T05:00:00Z,92.79,92.79,87.5,92.29,446940,7917,90.67
2021-03-08T05:00:00Z,92.48,96.525,91.81,95.81,244637,4981,95.5452
2021-03-09T05:00:00Z,96.19,97.335,94.77,95.14,280034,5094,95.8107
2021-03-10T05:00:00Z,95.62,97.53,95.22,96.49,157732,3450,96.5903
2021-03-11T05:00:00Z,97.09,98.43,96,97.38,161711,3292,97.2367
2021-03-12T05:00:00Z,97.33,98.29,96.77,97.56,136741,2531,97.5283
2021-03-15T04:00:00Z,97.4,99.97,95.88,99.25,150649,3753,98.6641
2021-03-16T04:00:00Z,99.75,99.89,97.69,98.33,178380,3833,98.5305
2021-03-17T04:00:00Z,97.85,100.5,97.105,100.04,307073,4999,99.3904
2021-03-18T04:00:00Z,98.93,100.69,96.64,97.14,293788,3988,97.7969
2021-03-19T04:00:00Z,96.68,98.9,94.39,98.3,436686,5236,97.9627
2021-03-22T04:00:00Z,99.09,99.09,97.25,97.54,365350,6046,97.663
2021-03-23T04:00:00Z,97.24,98.09,93.48,94.05,299758,4164,94.4526
2021-03-24T04:00:00Z,94.33,96.41,92.29,92.47,165683,3342,93.6877
2021-03-25T04:00:00Z,91.3,93.8,90.36,93.25,212005,3820,92.8298
2021-03-26T04:00:00Z,94.1,94.8136,93.02,94.65,175938,3228,94.1888
2021-03-29T04:00:00Z,94.16,95.81,92.595,92.87,189348,4495,93.8471
2021-03-30T04:00:00Z,92.4,95.7,92.23,95.13,223946,5207,94.9747
2021-03-31T04:00:00Z,95.11,96.37,94.1,95.13,232485,4900,95.3238
2021-04-01T04:00:00Z,95.98,99.3275,95.3978,97.33,320052,5234,97.3015
2021-04-05T04:00:00Z,97.68,98.34,95.65,98.2,244730,3892,97.3181
2021-04-06T04:00:00Z,98.21,100.92,98.19,99.26,333049,4475,99.4322
2021-04-07T04:00:00Z,100.13,100.95,99.185,99.69,277293,4955,99.8828
2021-04-08T04:00:00Z,100,100.47,98.7,99.6,251211,4461,99.613
2021-04-09T04:00:00Z,99.15,100.105,99.06,99.94,245491,3450,99.8002
2021-04-12T04:00:00Z,99.88,100.55,98.6,99.97,213591,3518,99.7034
2021-04-13T04:00:00Z,99.94,99.94,97.79,99.91,210928,3467,99.0597
2021-04-14T04:00:00Z,100.19,102.94,99.9,102.44,329712,5977,101.818
2021-04-15T04:00:00Z,102.69,106.92,102.69,106.54,327598,6716,105.288
2021-04-16T04:00:00Z,106.99,107.775,106.54,107.33,196025,3858,107.216
2021-04-19T04:00:00Z,107,107,106.16,106.16,1809,1,107
2021-04-20T04:00:00Z,105.9,105.95,103.31,103.59,226134,3950,104.266
2021-04-21T04:00:00Z,103.07,104.72,101.98,104.44,183810,4435,103.759
2021-04-22T04:00:00Z,104.72,105.49,103.73,104.86,211564,3626,104.802
2021-04-23T04:00:00Z,105,106.45,103.99,105.93,155772,3335,105.77
2021-04-26T04:00:00Z,106.53,106.75,105.68,106.18,150075,3253,106.286
2021-04-27T04:00:00Z,106.3,107.61,105.54,106.52,148844,3380,106.558
2021-04-28T04:00:00Z,106.14,108.11,106.14,107.44,149678,3425,107.34
2021-04-29T04:00:00Z,108.54,109.59,106.72,107.58,142744,3103,107.777
2021-04-30T04:00:00Z,106.79,108.485,106.52,107.94,169859,3712,107.839
2021-05-03T04:00:00Z,108.67,109.82,107.02,108.14,254809,4638,108.246
2021-05-04T04:00:00Z,107.91,109.47,106.188,108.74,193116,4165,108.508
2021-05-05T04:00:00Z,109.27,109.65,106.95,107.13,175621,2975,107.421
2021-05-06T04:00:00Z,106.82,108.86,106.82,108.85,231264,4771,108.43
2021-05-07T04:00:00Z,108.87,111.19,108.52,110.73,201492,3444,110.439
2021-05-10T04:00:00Z,110.86,113.2,109.56,109.78,237525,5650,110.82
2021-05-11T04:00:00Z,107.49,107.49,103.45,103.9,287257,5437,104.49
2021-05-12T04:00:00Z,103.95,104.05,97.91,98.18,400513,8037,100.394
2021-05-13T04:00:00Z,98.71,101.61,98.71,100.68,240500,4883,100.651
2021-05-14T04:00:00Z,101.42,104.9,101.33,104.71,220517,4847,103.936
2021-05-17T04:00:00Z,103.77,104.03,101.54,103.66,237753,4567,103.068
2021-05-18T04:00:00Z,104.67,105.5,103.78,104.81,290772,5370,104.976
2021-05-19T04:00:00Z,102.74,104.07,102,103.11,189223,3514,103.082
2021-05-20T04:00:00Z,103.1,104.07,102.35,103.69,166140,3363,103.417
2021-05-21T04:00:00Z,104.74,105.108,103.77,105.06,183243,4090,104.746
2021-05-24T04:00:00Z,105.71,106.48,105.169,105.43,209150,4352,105.86
2021-05-25T04:00:00Z,105.46,105.98,104.12,104.22,361149,5870,104.875
2021-05-26T04:00:00Z,104.27,104.88,103.3,103.6,342992,5073,103.743
2021-05-27T04:00:00Z,104.3,104.33,102.66,103.74,402223,6381,103.544
2021-05-28T04:00:00Z,104.53,106.183,103.99,105.83,256926,3982,105.642
2021-06-01T04:00:00Z,106.66,108.94,105.7,108.75,413621,6089,107.552
2021-06-02T04:00:00Z,108.98,108.98,107.075,108.24,333476,6114,108.122
2021-06-03T04:00:00Z,107.37,107.87,105.07,107.61,303862,5151,107.261
2021-06-04T04:00:00Z,107.16,108.029,106.055,107.5,434300,4444,107.188
2021-06-07T04:00:00Z,107.86,107.96,106.34,106.95,314529,5402,107.073
2021-06-08T04:00:00Z,106.89,108.42,106.47,108.02,243403,4718,107.836
2021-06-09T04:00:00Z,108.32,108.67,107.11,107.48,256247,3586,107.554
2021-06-10T04:00:00Z,107.38,107.58,105.135,105.49,250297,4689,105.781
2021-06-11T04:00:00Z,105.8,106.33,103.95,104.89,269342,3803,104.877
2021-06-14T04:00:00Z,105.2,105.481,103.04,103.54,307960,5092,103.6
2021-06-15T04:00:00Z,103.58,104.067,102,103.05,227612,4389,102.99
2021-06-16T04:00:00Z,103.74,104.36,102.27,103.13,242478,5019,103.346
2021-06-17T04:00:00Z,103.33,103.91,99.81,101.53,246393,4829,101.305
2021-06-18T04:00:00Z,100.33,101.79,99.25,99.32,460018,5428,99.782
2021-06-21T04:00:00Z,100.18,103.59,100.04,103.44,214852,4673,102.118
2021-06-22T04:00:00Z,103.26,103.48,100.04,100.23,258255,4919,100.837
2021-06-23T04:00:00Z,100.32,101.19,99.49,99.53,219524,4062,99.9481
2021-06-24T04:00:00Z,99.8,99.87,98.74,99.32,200105,3631,99.3376
2021-06-25T04:00:00Z,99.91,99.955,98.78,99.59,516053,5503,99.5563
2021-06-28T04:00:00Z,99.33,99.5,96.54,98.51,239951,4583,98.2402
2021-06-29T04:00:00Z,98.74,99.305,97.67,98.03,190144,3987,98.2848
2021-06-30T04:00:00Z,97.82,98.57,96.28,97.46,296502,4013,97.5076
2021-07-01T04:00:00Z,98.17,98.96,97.34,97.47,266735,4680,97.7984
2021-07-02T04:00:00Z,97.93,98.59,96.15,96.43,202207,3458,96.6225
2021-07-06T04:00:00Z,96,96.42,93.25,94.83,294933,4607,94.5398
2021-07-07T04:00:00Z,94.84,95.29,92.72,94.78,319999,5864,94.4804
2021-07-08T04:00:00Z,93.46,95.17,91.13,92.86,294485,4839,92.965
2021-07-09T04:00:00Z,93.96,95.6899,92.17,95.48,483654,7914,94.2809
2021-07-12T04:00:00Z,94.64,94.97,92.85,93.25,214841,4564,93.7508
2021-07-13T04:00:00Z,92.51,92.73,91.08,91.71,258435,5799,91.7631
2021-07-14T04:00:00Z,92.02,92.46,90.54,90.86,137372,2849,90.9914
2021-07-15T04:00:00Z,90.54,92.46,90.09,91.07,192637,3602,91.1629
2021-07-16T04:00:00Z,91.55,91.98,88.43,88.52,184081,2999,89.8285
2021-07-19T04:00:00Z,86.45,88.1,85.39,86.45,267994,5541,86.6892
2021-07-20T04:00:00Z,87,91.01,86.635,89.81,308804,4404,89.8193
2021-07-21T04:00:00Z,90.4,91.89,90.4,91.1,181521,3808,91.2123
2021-07-22T04:00:00Z,90.42,91.32,88.975,90.76,164664,3264,90.5138
2021-07-23T04:00:00Z,90.77,91.7,89.95,91.08,104160,2568,91.0513
2021-07-26T04:00:00Z,90.88,91.66,90.01,90.59,143368,3246,90.5499
2021-07-27T04:00:00Z,90.08,91.1859,89.94,90.59,107652,3286,90.5081
2021-07-28T04:00:00Z,90.4,91.15,89.12,90.4,132922,2752,90.3492
2021-07-29T04:00:00Z,91,92.88,91,91.83,158658,3862,92.0858
2021-07-30T04:00:00Z,92.32,94.23,91.82,92.71,287370,5101,92.6582
2021-08-02T04:00:00Z,92.66,95,91,91.33,296399,4324,91.9378
2021-08-03T04:00:00Z,91.12,91.12,89.111,89.77,372893,5496,89.8027
2021-08-04T04:00:00Z,88.77,89.085,86.66,86.85,284151,5054,87.8809
2021-08-05T04:00:00Z,89.98,93.04,88.77,92.87,283512,4190,92.2828
2021-08-06T04:00:00Z,93.14,94.18,91.58,93.72,175014,3210,93.1261
2021-08-09T04:00:00Z,93.41,93.41,92.3097,92.66,241650,4178,92.7361
2021-08-10T04:00:00Z,92.96,92.96,91.46,92.25,246643,3440,92.2302
2021-08-11T04:00:00Z,92.89,93.94,91.88,93.74,142020,3410,93.0559
2021-08-12T04:00:00Z,94.28,94.28,90.95,92.49,157021,3174,92.1211
2021-08-13T04:00:00Z,92.18,92.205,90.45,90.74,122641,2728,90.8566
2021-08-16T04:00:00Z,89.84,90.95,89.15,90.09,139273,2530,90.0383
2021-08-17T04:00:00Z,88.91,89.56,86.99,89.31,537547,7594,88.5558
2021-08-18T04:00:00Z,89.15,89.15,86.97,87.2,326244,5276,87.5544
2021-08-19T04:00:00Z,86.24,86.89,84.47,86.01,557974,6066,85.7049
2021-08-20T04:00:00Z,85.44,88.5,85.23,87.6,153834,3838,87.3645
2021-08-23T04:00:00Z,88.68,89.58,87.99,89.42,189581,2791,89.249
2021-08-24T04:00:00Z,89.04,90.91,89.04,90.19,186899,3644,90.2267
2021-08-25T04:00:00Z,89.95,91.6,89.52,91,252421,2678,90.9751
2021-08-26T04:00:00Z,90.96,91.24,89.81,90.26,168546,2375,90.2735
2021-08-27T04:00:00Z,90.76,93.06,90.76,92.56,155068,3107,92.3969
2021-08-30T04:00:00Z,92.54,92.54,89.79,91.02,247799,3849,90.9679
2021-08-31T04:00:00Z,91.16,91.74,90.32,90.53,404611,3709,90.6492
2021-09-01T04:00:00Z,91.47,92.13,90.41,91.48,213930,3495,91.537
2021-09-02T04:00:00Z,91.49,92.97,91.01,92.83,237642,3732,92.3625
2021-09-03T04:00:00Z,92.7,92.7,90.44,92.54,407880,4786,92.219
2021-09-07T04:00:00Z,92.42,92.42,90.04,91.85,291472,4288,91.5601
2021-09-08T04:00:00Z,91.24,91.82,89.97,91.77,325983,4280,91.5987
2021-09-09T04:00:00Z,91.9,91.9,89.55,89.73,362319,5840,90.1564
2021-09-10T04:00:00Z,90.47,90.47,87.66,87.86,164137,4145,88.3749
2021-09-13T04:00:00Z,88.32,89.8,87.76,89.27,210391,4155,89.223
2021-09-14T04:00:00Z,89.95,89.95,87.66,89.3,190411,4462,89.0108
2021-09-15T04:00:00Z,88.84,89.46,88.26,89.21,285025,3369,89.1307
2021-09-16T04:00:00Z,88.85,89.99,87.99,88.47,368899,3450,88.6582
2021-09-17T04:00:00Z,88.63,89.91,87.1,87.71,1001315,4018,87.7377
2021-09-20T04:00:00Z,86.25,87.45,85.71,87.25,306577,3988,86.9247
2021-09-21T04:00:00Z,87.75,88.505,87.02,87.53,171097,2136,87.6202
2021-09-22T04:00:00Z,88.42,89.97,88.42,88.66,161048,2729,88.9097
2021-09-23T04:00:00Z,89.56,90.97,88.94,89.57,274976,4397,89.8777
2021-09-24T04:00:00Z,89.19,89.28,87.89,87.92,295730,3779,88.2202
2021-09-27T04:00:00Z,88.07,90.59,87.86,89.04,351846,4378,89.6305
2021-09-28T04:00:00Z,88.24,89,87.58,88.31,183049,4464,88.3639
2021-09-29T04:00:00Z,88.88,89.49,87.99,88.44,93285,2140,88.6449
2021-09-30T04:00:00Z,88.42,89.64,87.76,87.81,176835,3152,88.1199
2021-10-01T04:00:00Z,88.33,88.78,87,88.55,248384,3887,88.399
2021-10-04T04:00:00Z,88.1,89.61,88.06,88.6,148581,2629,88.5892
2021-10-05T04:00:00Z,88.6,89.55,87.98,88.59,151074,2839,88.6718
2021-10-06T04:00:00Z,87.65,88.87,86.15,88.72,88066,2581,87.858
2021-10-07T04:00:00Z,89.32,90.2,88.24,88.42,119399,2340,88.943
2021-10-08T04:00:00Z,88.25,88.99,88.07,88.32,150319,2648,88.439
2021-10-11T04:00:00Z,88.75,89.6399,88.29,89,135226,1918,89.0016
2021-10-12T04:00:00Z,89.1,89.78,87.785,88.13,192814,3036,88.3606
2021-10-13T04:00:00Z,88.39,88.75,87.31,88.41,102528,2557,88.3473
2021-10-14T04:00:00Z,89,90.38,88.35,90.19,173412,2970,89.5671
2021-10-15T04:00:00Z,90.49,91.58,90.49,91.03,226650,3159,91.0518
2021-10-18T04:00:00Z,90.34,91.53,89.59,91.1,134431,2617,91.0912
2021-10-19T04:00:00Z,91.81,91.86,90.78,91.17,148501,2205,91.2699
2021-10-20T04:00:00Z,91.11,94.09,91.11,93.94,190878,3372,93.2493
2021-10-21T04:00:00Z,94.28,94.57,92.52,93.29,186641,2872,93.465
2021-10-22T04:00:00Z,92.81,94.08,92.615,92.83,143611,3277,92.9784
2021-10-25T04:00:00Z,92.58,92.58,92.03,92.03,19955,2,92.0583
2021-10-26T04:00:00Z,92.38,92.6,90.51,90.77,164055,3193,91.1353
2021-10-27T04:00:00Z,90.43,91.195,88.37,88.51,166732,3146,89.1158
2021-10-28T04:00:00Z,88.77,89.65,87.5,89.25,219590,3928,88.7417
2021-10-29T04:00:00Z,88.55,88.73,86.765,87.13,287129,4031,87.3346
2021-11-01T04:00:00Z,87.38,88.79,87.14,87.7,311981,5253,87.894
2021-11-02T04:00:00Z,87.4,90.065,87.4,88.49,211564,3708,88.7333
2021-11-03T04:00:00Z,88.01,90.88,87.845,89.68,161686,3117,89.8149
2021-11-04T04:00:00Z,90.17,90.93,88.85,89.33,166309,3390,89.7352
2021-11-05T04:00:00Z,90.73,95.83,90.48,95.18,219928,4343,94.7062
2021-11-08T05:00:00Z,95.74,95.95,92.38,94.6,224341,4674,94.3223
2021-11-09T05:00:00Z,94.82,95.65,93.44,93.83,167112,3734,94.196
2021-11-10T05:00:00Z,93.2,94.16,92.36,93.21,141886,3186,93.2432
2021-11-11T05:00:00Z,93.41,93.41,92.22,93.19,83604,1964,93.0343
2021-11-12T05:00:00Z,93,93.5,91.93,93.07,106999,2455,92.8519
2021-11-15T05:00:00Z,93.63,93.63,92.41,93.2,118054,2706,93.0132
2021-11-16T05:00:00Z,93.2,93.62,92.37,92.67,135401,2508,92.8445
2021-11-17T05:00:00Z,92.48,92.97,91.07,92.7,116656,2830,92.1967
2021-11-18T05:00:00Z,92.7,92.78,90.95,91.24,174373,3609,91.4937
2021-11-19T05:00:00Z,90.94,91.9499,89.935,91.27,140927,3130,91.2858
2021-11-22T05:00:00Z,91.69,92.61,90.83,91.7,141563,3105,91.8361
2021-11-23T05:00:00Z,92.01,93.55,91.63,92.34,137563,2532,92.4628
2021-11-24T05:00:00Z,92.39,92.57,91.02,92.2,82903,1909,92.1491
2021-11-26T05:00:00Z,89.51,89.95,86.67,87.93,131497,2847,87.8154
2021-11-29T05:00:00Z,88.85,89,86.68,87.27,169480,4200,87.6004
2021-11-30T05:00:00Z,85.79,85.87,81.99,81.99,520617,8763,83.1496
2021-12-01T05:00:00Z,83.99,86.6799,83.61,83.76,357329,7053,84.8266
2021-12-02T05:00:00Z,84.23,90.31,83.8901,89.8,301416,5966,89.0587
2021-12-03T05:00:00Z,90.55,91.15,88.46,88.87,190096,4497,89.2102
2021-12-06T05:00:00Z,89.75,95.78,89.56,93.8,325293,6156,93.8959
2021-12-07T05:00:00Z,94.42,95.5,93.42,94,221588,4169,94.2233
2021-12-08T05:00:00Z,93.96,95.321,93.47,93.83,154836,3563,94.171
2021-12-09T05:00:00Z,92.96,94.98,92.68,93.96,175401,4162,94.2215
2021-12-10T05:00:00Z,94.23,95.08,93.43,94.36,192494,3648,94.1184
2021-12-13T05:00:00Z,93.9,94.48,93.0428,93.14,228905,4617,93.5934
2021-12-14T05:00:00Z,92.75,94.13,91.44,91.97,337469,3919,92.0989
2021-12-15T05:00:00Z,91.75,92.55,89.935,91.93,299777,5137,91.5062
2021-12-16T05:00:00Z,92.63,92.9,90.8,91.32,316137,5722,91.6752
2021-12-17T05:00:00Z,91,92.64,90.17,90.71,508624,5737,91.0614
2021-12-20T05:00:00Z,89.23,90.31,88.25,89.63,360931,5411,89.6345
2021-12-21T05:00:00Z,90.6,94.1115,90.6,93.1,342811,6565,93.2299
2021-12-22T05:00:00Z,92.5,97.465,92.5,96.99,245875,4529,96.1727
2021-12-23T05:00:00Z,97.63,99.35,96.76,98.74,254663,4525,98.6853
2021-12-27T05:00:00Z,98.92,100.26,97.9,100.11,354370,5052,99.8666
2021-12-28T05:00:00Z,99.14,102.09,99.14,100.59,297651,5021,100.491
2021-12-29T05:00:00Z,100.5,101.794,100.375,100.71,220861,3906,100.904
2021-12-30T05:00:00Z,100.6,101.96,100.48,100.54,247956,4702,101.171
2021-12-31T05:00:00Z,100.34,102.72,100.34,101.78,216267,4047,101.892
2022-01-03T05:00:00Z,102.24,103.12,100.83,102.16,351110,5517,102.061
2022-01-04T05:00:00Z,103.19,104.06,102.27,102.45,254154,4819,103.096
2022-01-05T05:00:00Z,102.13,103.29,100.41,100.58,204278,4994,101.936
2022-01-06T05:00:00Z,101.46,102.44,100.12,100.45,236284,4651,100.722
2022-01-07T05:00:00Z,100,102.125,100,101.39,355992,5280,101.465
2022-01-10T05:00:00Z,101.68,101.68,99.785,100.3,415657,6263,100.331
2022-01-11T05:00:00Z,100,102,99.7,100.73,333248,5737,100.882
2022-01-12T05:00:00Z,100.43,102.05,100.43,101.53,301657,5096,101.5
2022-01-13T05:00:00Z,101.65,103.13,101.33,102.46,367341,5656,102.372
2022-01-14T05:00:00Z,101.35,102.175,100.3,101.42,354945,6794,101.251
2022-01-18T05:00:00Z,100.73,101.01,97.8,98.62,355839,6207,98.926
2022-01-19T05:00:00Z,98.99,99.91,96.27,96.34,437726,5502,97.1915
2022-01-20T05:00:00Z,96.54,99.165,94.89,95.12,418056,6308,96.1724
2022-01-21T05:00:00Z,94.38,95.89,93.62,93.8,365860,8131,94.5144
2022-01-24T05:00:00Z,91.86,93.41,89.205,93.09,410178,9282,91.6419
2022-01-25T05:00:00Z,91.44,92.525,90.12,90.38,595439,10772,91.0208
2022-01-26T05:00:00Z,90.99,93.12,89.295,90.03,568610,8554,91.2681
2022-01-27T05:00:00Z,90.55,93.04,89.65,89.94,373348,7471,90.9904
2022-01-28T05:00:00Z,89.26,91.91,87.66,91.82,356410,7861,89.9401
2022-01-31T05:00:00Z,92.62,96.5,92.125,96.31,608159,8056,95.4523
2022-02-01T05:00:00Z,95.83,97.71,95.655,96.83,379990,8114,96.9485
2022-02-02T05:00:00Z,96.94,98.1,96.74,97.43,389783,7613,97.5059
2022-02-03T05:00:00Z,96.39,97.75,95.84,95.9,302854,6447,96.6407
2022-02-04T05:00:00Z,94.72,97.58,94.19,96.11,326101,6478,96.0104
2022-02-07T05:00:00Z,96.04,96.5286,95.21,95.72,325974,6625,96.0238
2022-02-08T05:00:00Z,96.3,96.3,93.14,94.34,399495,8114,94.3327
2022-02-09T05:00:00Z,95,96.74,94.56,96.73,343793,6379,95.8635
2022-02-10T05:00:00Z,94.89,99.42,94.6094,96.78,170148,4785,97.6281
2022-02-11T05:00:00Z,96.96,97.97,94.8,95.56,233796,4780,96.0321
2022-02-14T05:00:00Z,95.64,96.85,93.6694,94.46,236783,4063,94.5695
2022-02-15T05:00:00Z,95.58,96.94,94.79,96.65,180005,3177,96.5334
2022-02-16T05:00:00Z,95.91,97.88,95.91,97.44,203514,3624,97.4014
2022-02-17T05:00:00Z,96.81,97.46,94.77,95.19,128910,3368,95.4336
2022-02-18T05:00:00Z,94.68,95.82,93.425,93.81,125414,3639,94.1437
2022-02-22T05:00:00Z,92.87,94.52,92.26,93.31,178367,4236,93.5984
2022-02-23T05:00:00Z,94.39,94.9,91.89,91.95,215169,5029,92.4617
2022-02-24T05:00:00Z,88.64,94,88.57,93.63,160135,4530,91.5368
2022-02-25T05:00:00Z,94.03,95.98,93.07,95.9,165210,4155,95.1446
2022-02-28T05:00:00Z,94.16,96.65,94.03,95.58,424882,5723,95.4692
2022-03-01T05:00:00Z,95.91,97.33,93.56,95.18,234964,6086,95.32
2022-03-02T05:00:00Z,95.06,96.075,94.375,95.42,293764,5600,95.3266
2022-03-03T05:00:00Z,96.26,96.7773,94.83,95.82,329270,4077,95.8385
2022-03-04T05:00:00Z,94.54,94.825,90.64,91.27,437913,7815,91.628
2022-03-07T05:00:00Z,91.53,91.57,88.08,88.27,310484,6897,89.2435
2022-03-08T05:00:00Z,88.74,88.81,88.74,88.81,20109,3,88.8084
2022-03-09T05:00:00Z,90.54,93.735,90.54,91.84,167263,4336,92.2939
2022-03-10T05:00:00Z,91.84,95.41,90.78,95.36,267134,5667,93.7611
2022-03-11T05:00:00Z,96.74,98.19,95.32,95.42,212507,5472,96.3596
2022-03-14T04:00:00Z,96.3,96.86,93.9,93.91,146928,4453,94.8534
2022-03-15T04:00:00Z,98.07,98.07,95.27,95.9,241057,5334,96.1631
2022-03-16T04:00:00Z,97.31,97.88,95.28,97.33,221696,6218,97.1973
2022-03-17T04:00:00Z,96.51,99.25,96.24,99.2,273237,6524,98.4618
2022-03-18T04:00:00Z,98.2,99.985,98.2,98.89,349540,4767,98.8546
2022-03-21T04:00:00Z,98.81,99.3159,97.85,98.67,206753,4765,98.694
2022-03-22T04:00:00Z,99.18,100,98.69,99.24,221404,3441,99.2931
2022-03-23T04:00:00Z,98.74,99.475,97.365,98.81,153374,4510,98.8518
2022-03-24T04:00:00Z,99.05,99.44,98.63,98.8,212740,3776,98.8489
2022-03-25T04:00:00Z,98.5,101.46,98.5,101.45,153547,4022,100.68
2022-03-28T04:00:00Z,101.45,101.94,100.5,101.42,576738,6486,101.35
2022-03-29T04:00:00Z,102.09,105.14,101.99,104.9,310647,5990,104.284
2022-03-30T04:00:00Z,104.26,105.04,102.91,103.8,252287,5473,103.743
2022-03-31T04:00:00Z,104.02,105.51,103.52,103.61,268155,5243,104.246
2022-04-01T04:00:00Z,104.21,105.17,104.035,104.68,223289,6060,104.584
2022-04-04T04:00:00Z,104.19,104.395,103.09,103.98,214273,5152,103.906
2022-04-05T04:00:00Z,103.49,104.58,102.12,102.17,192477,4762,103.23
2022-04-06T04:00:00Z,101.36,102.71,99.78,102.08,198391,4956,101.708
2022-04-07T04:00:00Z,101.89,101.89,98.06,98.1,273551,6845,99.1929
2022-04-08T04:00:00Z,97.98,98.43,95.325,95.7,322011,7043,96.4413
2022-04-11T04:00:00Z,95.51,98.4,95.23,96.82,290733,6158,97.1595
2022-04-12T04:00:00Z,97.31,99.485,97.31,98.59,307801,5168,98.5109
2022-04-13T04:00:00Z,98.59,100.31,98.59,99.72,260762,4427,99.721
2022-04-14T04:00:00Z,100.46,101.82,100.04,100.54,371730,5542,100.955
2022-04-18T04:00:00Z,100,102.18,100,101.6,232943,4999,101.6
2022-04-19T04:00:00Z,101.86,104.37,101.86,103.27,332166,5988,103.306
2022-04-20T04:00:00Z,103.71,105.16,103.71,104.28,378259,5991,104.508
2022-04-21T04:00:00Z,105.22,105.38,102.37,102.37,256461,4238,103.025
2022-04-22T04:00:00Z,102.2,102.82,101.33,101.67,301858,5198,101.821
2022-04-25T04:00:00Z,101.17,102.56,100.34,101.61,367749,8369,101.433
2022-04-26T04:00:00Z,100.62,102.02,98.54,98.54,682519,6661,99.0992
2022-04-27T04:00:00Z,98.33,101.31,98.108,100,374514,6697,100.032
2022-04-28T04:00:00Z,100.89,103.21,99.615,102.9,356839,5607,102.541
2022-04-29T04:00:00Z,102.62,102.62,100.19,100.29,444888,6433,100.934
2022-05-02T04:00:00Z,100.47,100.715,95.83,97.07,309235,6595,97.8881
2022-05-03T04:00:00Z,97.44,99.79,97.19,98.73,321609,7302,98.6541
2022-05-04T04:00:00Z,99,99.26,96.28,98.69,257280,5813,98.2455
2022-05-05T04:00:00Z,98.18,98.62,91.21,92.47,246889,6672,93.2659
2022-05-06T04:00:00Z,91.81,91.835,88.39,90.8,405029,8776,90.072
2022-05-09T04:00:00Z,89.6,90,85.19,85.33,413173,8182,86.6793
2022-05-10T04:00:00Z,85.6,86.33,81.31,82.33,551190,10045,83.0038
2022-05-11T04:00:00Z,82.38,83.9,78.87,78.98,446981,9680,80.449
2022-05-12T04:00:00Z,78.2,81.78,77.0049,80.86,586195,11922,80.6016
2022-05-13T04:00:00Z,81.75,86.92,81.71,85.89,402735,8543,85.6384
2022-05-16T04:00:00Z,85.72,87.13,85.25,85.34,391922,7408,86.0083
2022-05-17T04:00:00Z,86.92,88.64,86.33,88.35,389163,8271,87.8434
2022-05-18T04:00:00Z,87.44,88.92,86.02,86.55,307764,6171,86.9767
2022-05-19T04:00:00Z,86.11,87.34,85.48,85.58,394809,7845,86.0083
2022-05-20T04:00:00Z,86.36,86.36,83,84.32,306654,6840,84.4531
2022-05-23T04:00:00Z,85,85.084,82.83,84.63,393364,6326,84.5819
2022-05-24T04:00:00Z,83.96,83.96,80.47,82.09,361328,7011,81.948
2022-05-25T04:00:00Z,81.19,83.89,81.19,83.27,282358,6207,82.9994
2022-05-26T04:00:00Z,83.84,85.39,82.94,84.22,544961,7595,84.198
2022-05-27T04:00:00Z,84.74,85.29,83.65,84.84,488397,8215,84.6484
2022-05-31T04:00:00Z,84.9,84.93,82.87,84.13,413825,6009,84.0879
2022-06-01T04:00:00Z,84,84.2404,80.64,81.68,607254,10679,81.8095
2022-06-02T04:00:00Z,81.77,83.21,80.345,83.1,261173,6442,82.2194
2022-06-03T04:00:00Z,82.45,82.46,81.06,81.32,139430,4455,81.5463
2022-06-06T04:00:00Z,81.68,82.99,81.17,81.87,262395,6603,81.8987
2022-06-07T04:00:00Z,80.84,84.28,80.84,84.22,230757,5574,83.5501
2022-06-08T04:00:00Z,83.35,84.3,81.91,82.01,220420,5927,82.5847
2022-06-09T04:00:00Z,81.13,81.51,79.145,79.33,373128,6227,79.9086
2022-06-10T04:00:00Z,77.47,78.09,73.46,73.79,533681,9017,74.4955
2022-06-13T04:00:00Z,71.56,71.74,66.98,67.34,642210,10795,68.0265
2022-06-14T04:00:00Z,67.62,67.66,64.51,65.45,677377,9491,65.3311
2022-06-15T04:00:00Z,65.94,66.69,64.51,66.1,386368,6717,65.8806
2022-06-16T04:00:00Z,63.85,64.415,60.665,61.13,910101,9738,61.1985
2022-06-17T04:00:00Z,61.84,62.69,60.04,61.87,1113904,11916,61.6837
2022-06-21T04:00:00Z,62.49,62.97,61.17,61.33,666344,6828,61.5972
2022-06-22T04:00:00Z,60.14,61.5,60.14,60.53,540571,4844,60.6351
2022-06-23T04:00:00Z,60.83,63.97,60.83,63.88,566624,7151,62.9841
2022-06-24T04:00:00Z,64.76,67.46,64.76,67.35,735439,7121,67.0484
2022-06-27T04:00:00Z,67.8,68.8714,66.35,67.93,600819,7134,68.058
2022-06-28T04:00:00Z,69.27,69.87,67.69,67.76,443364,7821,68.4129
2022-06-29T04:00:00Z,67.29,68.17,66.81,67.93,518056,8414,67.6765
2022-06-30T04:00:00Z,66.99,68.59,65.86,68.05,477558,6098,67.8534
2022-07-01T04:00:00Z,67.69,70.3,67.69,70.25,358549,7002,69.6717
2022-07-05T04:00:00Z,68.86,69.43,67.92,69.29,350951,6880,68.89
2022-07-06T04:00:00Z,69.24,69.99,67.53,67.63,433890,6786,68.3381
2022-07-07T04:00:00Z,68.05,70.59,68.05,69.6,209591,5212,69.6267
2022-07-08T04:00:00Z,69.66,69.95,68.57,68.8,383471,5974,69.0468
2022-07-11T04:00:00Z,68.02,68.14,66.88,67.49,298775,5246,67.5213
2022-07-12T04:00:00Z,66.94,68.55,66.74,67.33,384475,4039,67.4144
2022-07-13T04:00:00Z,66.03,66.5111,65.49,66.22,187875,3864,66.0835
2022-07-14T04:00:00Z,64.56,65.32,64.23,65.21,152873,3603,64.9882
2022-07-15T04:00:00Z,65.81,67.59,65.01,66.73,209904,4996,66.5921
2022-07-18T04:00:00Z,67.42,68.09,66.5,66.84,411392,4714,66.9555
2022-07-19T04:00:00Z,68.15,69.48,67.46,69.45,317567,4845,69.0278
2022-07-20T04:00:00Z,69.67,70.29,68.71,69.1,243393,4831,69.2968
2022-07-21T04:00:00Z,68.78,69.35,67.58,69.35,230829,3521,69.0283
2022-07-22T04:00:00Z,69.69,70.09,68.74,68.93,178337,4117,69.1146
2022-07-25T04:00:00Z,68.74,70.63,68.57,69.82,252600,3888,69.8773
2022-07-26T04:00:00Z,70.35,70.44,69.49,69.81,343633,4719,69.8924
2022-07-27T04:00:00Z,70.48,71.46,69.92,71.32,217167,4041,71.1317
2022-07-28T04:00:00Z,71.29,72.6,70.86,71.46,294357,5030,71.4217
2022-07-29T04:00:00Z,71.09,71.6,70.74,70.89,239343,3404,70.9417
2022-08-01T04:00:00Z,70.27,70.79,68.99,70.08,203855,4379,70.0477
2022-08-02T04:00:00Z,69.57,69.99,68.5,68.65,190976,4509,68.937
2022-08-03T04:00:00Z,68.83,70.135,68.68,69.8,188427,4636,69.7256
2022-08-04T04:00:00Z,72,73.33,69.951,71.32,284888,5590,71.3913
2022-08-05T04:00:00Z,70.35,71.72,70.315,71.38,320031,6440,71.1391
2022-08-08T04:00:00Z,72.6,73.09,70.74,72.4,302363,6092,72.0935
2022-08-09T04:00:00Z,72.12,72.52,70.19,70.78,291868,5316,70.8437
2022-08-10T04:00:00Z,72.19,73.19,71.81,72.62,254220,6594,72.5845
2022-08-11T04:00:00Z,73.08,73.465,72.08,72.23,321007,5760,72.4774
2022-08-12T04:00:00Z,72.64,73.395,71.835,73.39,252375,6335,73.0041
2022-08-15T04:00:00Z,72.41,73.205,71.73,73.12,230814,6433,72.8976
2022-08-16T04:00:00Z,73.21,73.57,72.25,72.8,205387,5702,72.9029
2022-08-17T04:00:00Z,71.8,71.81,70.52,71.28,178742,4511,71.2386
2022-08-18T04:00:00Z,71.53,71.66,70.89,71.66,240028,4231,71.4766
2022-08-19T04:00:00Z,71.14,71.14,68.45,69.03,201771,5315,69.2462
2022-08-22T04:00:00Z,67.57,67.96,66.145,66.56,198678,5465,66.7591
2022-08-23T04:00:00Z,67.02,67.8,66.2,66.65,187887,4586,66.8415
2022-08-24T04:00:00Z,66.54,67.89,66.54,67.79,192356,4112,67.5701
2022-08-25T04:00:00Z,68.05,69.76,67.89,69.76,185362,5232,69.3495
2022-08-26T04:00:00Z,69.97,69.97,66.06,66.12,352784,5138,66.3936
2022-08-29T04:00:00Z,65.62,65.62,64.64,64.67,281355,6540,64.8767
2022-08-30T04:00:00Z,65.11,65.13,63.975,64.99,238197,5673,64.6733
2022-08-31T04:00:00Z,65.5,65.71,63.51,63.63,778750,6592,63.7995
2022-09-01T04:00:00Z,63.36,64.92,62.455,64.82,331236,7578,64.1626
2022-09-02T04:00:00Z,65.07,66.08,64.1701,64.47,238043,8224,64.8815
2022-09-06T04:00:00Z,64.79,64.79,61.63,63.33,293959,8440,63.0188
2022-09-07T04:00:00Z,63.33,65.45,63.2,65.4,205444,6127,64.8491
2022-09-08T04:00:00Z,64.99,67.46,64.83,67.32,382308,8259,66.9049
2022-09-09T04:00:00Z,67.99,68.86,67.53,68.31,274602,8157,68.3396
2022-09-12T04:00:00Z,68.95,69.77,68.15,69.71,308592,8338,69.2918
2022-09-13T04:00:00Z,67.67,68.32,66.22,66.63,278509,7891,66.8514
2022-09-14T04:00:00Z,66.07,66.75,65.14,66.33,511088,7386,66.3136
2022-09-15T04:00:00Z,66.16,68.25,65.31,65.64,392530,6664,65.8598
2022-09-16T04:00:00Z,64.86,65.94,64.5,65.74,1090380,7438,65.6001
2022-09-19T04:00:00Z,65.34,67.21,65.34,66.94,580603,9409,66.7875
2022-09-20T04:00:00Z,66.16,66.44,64.81,65,306417,5006,65.1058
2022-09-21T04:00:00Z,65.75,66.33,63.45,63.49,235076,5822,64.3464
2022-09-22T04:00:00Z,63.22,63.22,60.48,60.83,297443,6255,61.074
2022-09-23T04:00:00Z,60,60.47,57.54,58.41,323317,8073,58.7035
2022-09-26T04:00:00Z,57.85,58.12,55.13,55.62,373121,7883,55.987
2022-09-27T04:00:00Z,56.5,56.85,54.01,54.12,437244,9479,54.7197
2022-09-28T04:00:00Z,54.69,56.8,54.4,56.16,269155,6012,56.2032
2022-09-29T04:00:00Z,55.05,55.13,53.19,54.86,244685,5968,54.5842
2022-09-30T04:00:00Z,54.91,55.9435,54.91,55.39,412518,6918,55.4355
2022-10-03T04:00:00Z,56.68,57.29,54.735,56.65,195627,5578,56.6682
2022-10-04T04:00:00Z,57.81,60.77,57.81,60.75,267365,6159,60.3251
2022-10-05T04:00:00Z,59.31,59.99,57.5855,58.55,194507,5014,58.4746
2022-10-06T04:00:00Z,58,58.7,57.11,57.62,203020,4025,57.6961
2022-10-07T04:00:00Z,56.45,56.725,54.63,54.99,212461,5512,55.2689
2022-10-10T04:00:00Z,55.3,55.5,54.27,54.98,257755,5155,54.9465
2022-10-11T04:00:00Z,54.22,54.69,52.61,54.21,468952,5773,54.1267
2022-10-12T04:00:00Z,54.16,54.16,52.79,53.55,327309,5154,53.5469
2022-10-13T04:00:00Z,52.18,55.065,50.9,54.87,300196,5578,54.3433
2022-10-14T04:00:00Z,58.58,58.8,56.56,57.17,509770,10801,57.3206
2022-10-17T04:00:00Z,58.25,58.5,57.59,57.87,329602,6557,57.9842
2022-10-18T04:00:00Z,58.54,59.33,58.1,58.67,542846,6571,58.6858
2022-10-19T04:00:00Z,58,58.42,57.23,57.41,370629,7975,57.5387
2022-10-20T04:00:00Z,57.54,58,56.92,57.72,252207,5182,57.5653
2022-10-21T04:00:00Z,57.94,58.44,57.1,58.44,357106,7789,58.0698
2022-10-24T04:00:00Z,58.56,58.95,57.98,58.6,275474,4879,58.5447
2022-10-25T04:00:00Z,58.7,60.84,58.55,60.08,290617,5995,60.219
2022-10-26T04:00:00Z,60.25,61.02,59.5,59.68,339668,5004,59.7846
2022-10-27T04:00:00Z,60,60.79,59.57,59.76,229006,5091,59.97
2022-10-28T04:00:00Z,59.63,60.8326,59.37,60.35,387812,7242,60.3215
2022-10-31T04:00:00Z,60.14,62.2,59.8,61.35,383273,7271,61.3172
2022-11-01T04:00:00Z,62.2,62.79,61.52,62,224998,6193,62.1645
2022-11-02T04:00:00Z,61.18,62.73,59.69,60,446422,8838,60.4477
2022-11-03T04:00:00Z,59.59,61.93,58.8,59.98,474498,7307,60.1827
2022-11-04T04:00:00Z,60.66,61.205,59.5,61.19,743468,6409,60.9507
2022-11-07T05:00:00Z,61.95,62.22,60.965,61.96,468485,8400,61.7621
2022-11-08T05:00:00Z,62.05,63.32,61.71,62.92,538298,7752,62.8089
2022-11-09T05:00:00Z,62.4,62.66,59.8,60.25,458782,5532,60.4107
2022-11-10T05:00:00Z,63.28,66.7699,63.28,66.35,547265,10023,66.0942
2022-11-11T05:00:00Z,68.05,68.5,67.26,67.7,391422,8709,67.8465
2022-11-14T05:00:00Z,67.28,69.97,66.9,68.45,394125,10366,68.441
2022-11-15T05:00:00Z,69.46,69.75,68.19,69.25,376739,7497,69.0656
2022-11-16T05:00:00Z,68.8,69.2,68.11,68.75,266022,7310,68.5891
2022-11-17T05:00:00Z,68,68.67,68,68.6,287606,6402,68.4174
2022-11-18T05:00:00Z,69.2,69.2,67.99,68.42,307736,7163,68.4548
2022-11-21T05:00:00Z,68.3,69.055,68.08,68.67,389666,6403,68.5477
2022-11-22T05:00:00Z,68.7,69.61,68.7,69.55,209299,4713,69.3923
2022-11-23T05:00:00Z,69.64,69.89,69.5,69.85,227941,5934,69.7805
2022-11-25T05:00:00Z,69.72,69.98,69.7,69.81,124186,3807,69.8557
2022-11-28T05:00:00Z,69.83,69.945,69.5,69.78,507575,8176,69.7364
2022-11-29T05:00:00Z,69.63,71.47,69.63,71.26,433618,5067,71.0821
2022-11-30T05:00:00Z,71.18,74.58,70.325,74.54,602983,7662,73.8992
2022-12-01T05:00:00Z,75.66,76.155,74.16,75.15,330833,8378,75.0969
2022-12-02T05:00:00Z,74.01,75.73,74.01,75.53,286875,5225,75.4043
2022-12-05T05:00:00Z,74.92,74.92,72.465,72.8,224171,6585,73.2133
2022-12-06T05:00:00Z,72.86,73.41,72.35,73.17,575195,7217,73.0309
2022-12-07T05:00:00Z,72.75,73.93,72.6,73.54,322550,6379,73.3417
2022-12-08T05:00:00Z,74.46,78.83,74.305,77.57,465382,8882,77.4252
2022-12-09T05:00:00Z,76.96,77.83,76.71,77.23,444226,6236,77.2348
2022-12-12T05:00:00Z,77.14,77.63,75.71,76.15,305416,5541,76.2616
2022-12-13T05:00:00Z,78.83,79.29,77.08,78.16,224998,5873,78.2035
2022-12-14T05:00:00Z,77.93,79.65,77.93,78.93,171925,5192,78.7738
2022-12-15T05:00:00Z,77.52,77.766,75.9,77.35,294544,8116,77.1226
2022-12-16T05:00:00Z,76.04,77.91,75.7,77.83,516435,7148,77.1475
2022-12-19T05:00:00Z,77.62,77.62,75.04,75.05,280528,6675,75.8062
2022-12-20T05:00:00Z,74.54,75.91,74.25,74.91,240125,4549,75.0538
2022-12-21T05:00:00Z,75.47,75.645,74.81,75.3,376207,5901,75.2832
2022-12-22T05:00:00Z,74.44,75.15,73.74,75,208974,4649,74.534
2022-12-23T05:00:00Z,75.54,77.3,75.21,77.24,161635,3872,76.6465
2022-12-27T05:00:00Z,76.81,77.46,75.87,77.4,162442,3700,77.0627
2022-12-28T05:00:00Z,77.57,77.94,74.315,74.41,172387,4581,75.1004
2022-12-29T05:00:00Z,74.93,76.79,74.675,76.42,130036,4682,76.2931
2022-12-30T05:00:00Z,75.04,77.25,75.04,76.42,273044,4964,76.2838
2023-01-03T05:00:00Z,77.39,79.13,75.52,76.16,460685,6369,76.5176
2023-01-04T05:00:00Z,76.47,78.66,76.47,77.53,282725,4379,77.5846
2023-01-05T05:00:00Z,76.59,76.59,75.085,76.31,215954,7026,76.0335
2023-01-06T05:00:00Z,76.8,78.47,76.26,78.21,207919,4435,77.617
2023-01-09T05:00:00Z,78.42,79.49,77.83,78,210933,3463,78.2113
2023-01-10T05:00:00Z,77.53,78.61,77.53,78.36,166102,3122,78.3035
2023-01-11T05:00:00Z,78.7,81.275,78.38,80.92,178928,4825,80.7697
2023-01-12T05:00:00Z,81.12,82.5,81.05,82.33,174165,3627,82.142
2023-01-13T05:00:00Z,81.12,82.18,80.77,82.07,192606,3654,81.7595
2023-01-17T05:00:00Z,81.87,83.86,81.87,82.62,301100,4738,83.0198
2023-01-18T05:00:00Z,82.73,84.21,80.8465,81.3,109585,3918,81.8651
2023-01-19T05:00:00Z,80.41,81.243,80.01,81.02,142730,3436,80.8432
2023-01-20T05:00:00Z,81.66,81.66,80.015,80.81,118542,3022,80.7215
2023-01-23T05:00:00Z,80.5,82.02,79.42,81.54,107518,3395,81.482
2023-01-24T05:00:00Z,82.21,82.95,81.12,82.86,240061,4617,82.1589
2023-01-25T05:00:00Z,83.39,83.86,82.16,83.56,351989,5147,83.3431
2023-01-26T05:00:00Z,84.33,84.99,83.54,84.16,116820,3292,84.2149
2023-01-27T05:00:00Z,84,86.28,83.86,86.1,165873,3630,85.7152
2023-01-30T05:00:00Z,85.22,85.77,84.76,85.37,176160,4059,85.3131
2023-01-31T05:00:00Z,85.67,86.34,84.465,85.49,224927,4680,85.4176
2023-02-01T05:00:00Z,85.23,85.26,82.715,84.33,240256,5398,84.08
2023-02-02T05:00:00Z,85.21,88.97,84.92,88.14,196867,5602,87.8886
2023-02-03T05:00:00Z,86.81,88.485,86.39,88,255624,4285,87.9292
2023-02-06T05:00:00Z,86.67,87.2605,85.31,85.81,186814,3424,85.8098
2023-02-07T05:00:00Z,85.75,87.16,84.619,87.11,119128,2781,86.7339
2023-02-08T05:00:00Z,86.7,87.2245,85.5122,86.15,159628,3673,86.1988
2023-02-09T05:00:00Z,87.03,87.63,83.67,83.67,216733,3789,84.4289
2023-02-10T05:00:00Z,83.14,85.39,83.14,85.27,108015,3317,84.9514
2023-02-13T05:00:00Z,85.52,86.87,84.69,86.81,109688,2674,86.4927
2023-02-14T05:00:00Z,86.38,88.06,85.72,87.98,229452,3823,87.496
2023-02-15T05:00:00Z,87.19,89.58,86.9996,89.18,240875,4279,88.8921
2023-02-16T05:00:00Z,87.82,89.4,87.82,89.11,259490,5988,89.0257
2023-02-17T05:00:00Z,88.89,89.35,87.5,88.1,205223,4210,88.1527
2023-02-21T05:00:00Z,87.5,88.005,84.82,85.82,365092,6278,85.8264
2023-02-22T05:00:00Z,85.85,86.64,84.93,85.72,181886,4044,85.7438
2023-02-23T05:00:00Z,86.56,86.5612,83.37,85.01,209557,5141,84.7923
2023-02-24T05:00:00Z,83.6,84.09,81.52,82.84,204546,4727,82.6168
2023-02-27T05:00:00Z,83.86,85.12,83,84.39,243913,4962,84.3582
2023-02-28T05:00:00Z,83.24,84.87,82.48,83.12,345206,5226,83.4231
2023-03-01T05:00:00Z,82.85,82.85,81.35,82.57,167140,4751,82.2888
2023-03-02T05:00:00Z,82.28,83.87,82.25,83.55,118358,3873,83.3272
2023-03-03T05:00:00Z,84.04,84.75,83.63,84.59,144381,4475,84.4207
2023-03-06T05:00:00Z,84.81,85.25,83.11,83.67,213548,4990,83.8435
2023-03-07T05:00:00Z,83.36,83.65,80.32,80.41,193958,6551,80.8101
2023-03-08T05:00:00Z,80.72,82,80.07,81.97,155729,4413,81.6582
2023-03-09T05:00:00Z,81.83,82.05,78.49,78.74,151251,4383,79.2419
2023-03-10T05:00:00Z,78.36,78.41,75.17,75.36,165045,5442,76.087
2023-03-13T04:00:00Z,73.87,76.685,72.96,75.13,289821,6964,74.9446
2023-03-14T04:00:00Z,76.65,77.08,74.63,75.23,306217,5329,75.4315
2023-03-15T04:00:00Z,73.15,75.78,72.58,75.59,260942,6925,75.1243
2023-03-16T04:00:00Z,75,78.94,74.49,78.63,325858,6865,77.9194
2023-03-17T04:00:00Z,77.43,78,74.65,74.68,369237,6703,75.543
2023-03-20T04:00:00Z,75.36,76.58,75,75.59,226940,4071,75.731
2023-03-21T04:00:00Z,76.89,78.68,76.79,78.2,208792,4695,78.1121
2023-03-22T04:00:00Z,78.18,78.6,75.93,76.08,185394,4379,77.1347
2023-03-23T04:00:00Z,76.51,77.61,74.51,74.94,184749,4722,75.6896
2023-03-24T04:00:00Z,74.24,76.65,73.78,76.21,158595,4753,75.2938
2023-03-27T04:00:00Z,77.38,77.38,75.825,76.27,236218,4570,76.3184
2023-03-28T04:00:00Z,76.13,77.41,75.51,76.64,256844,5816,76.7648
2023-03-29T04:00:00Z,77,78.0699,75.99,76.84,261225,5703,76.7409
2023-03-30T04:00:00Z,77.66,78.52,77.355,78.36,187281,4168,78.0806
2023-03-31T04:00:00Z,78.82,80.03,78.8,80,141578,3734,79.5559
2023-04-03T04:00:00Z,79.77,81.115,79.04,79.7,186063,5302,79.6922
2023-04-04T04:00:00Z,79.62,80.2899,77.16,77.39,196249,4007,77.7264
2023-04-05T04:00:00Z,77.09,77.12,75.34,75.52,192241,4942,75.7122
2023-04-06T04:00:00Z,75.62,75.89,75.145,75.74,186705,4954,75.5554
2023-04-10T04:00:00Z,75.16,75.72,74.67,75.32,306101,5677,75.2479
2023-04-11T04:00:00Z,75.42,76.63,75.28,76.16,328824,5566,75.981
2023-04-12T04:00:00Z,77.07,77.07,74.65,74.75,151089,3948,75.1977
2023-04-13T04:00:00Z,75.47,76.01,74.5,75.59,186328,4536,75.5758
2023-04-14T04:00:00Z,75.62,76.2,74.885,75.9,251301,5722,75.571
2023-04-17T04:00:00Z,76.07,78.55,75.91,78.24,216644,5032,77.7655
2023-04-18T04:00:00Z,78.79,79.15,76.88,77.51,167191,3732,77.5308
2023-04-19T04:00:00Z,76.84,76.97,76.18,76.35,198513,4282,76.4979
2023-04-20T04:00:00Z,75.92,77.42,75.76,76.45,154594,3371,76.5891
2023-04-21T04:00:00Z,76.96,77.25,76.095,76.93,95154,3084,76.7938
2023-04-24T04:00:00Z,76.68,76.75,74.96,76.32,246251,4486,75.8701
2023-04-25T04:00:00Z,75.58,75.8,74.7427,74.98,198285,3634,75.0462
2023-04-26T04:00:00Z,74.51,75.345,73.81,74.61,244760,5872,74.6632
2023-04-27T04:00:00Z,75.37,76.9,75.18,76.82,117881,3198,76.4356
2023-04-28T04:00:00Z,76.77,78.06,76.77,77.37,113968,3308,77.4733
2023-05-01T04:00:00Z,77.12,78.135,76.825,77.15,135503,4245,77.1972
2023-05-02T04:00:00Z,76.54,76.66,74.525,75.46,146638,4989,75.3564
2023-05-03T04:00:00Z,75.83,76.49,74.69,74.86,147836,3942,75.3098
2023-05-04T04:00:00Z,74.26,75.26,73.64,74.44,155810,4675,74.6111
2023-05-05T04:00:00Z,75.58,76.83,75.3252,76.64,218170,4847,76.2218
2023-05-08T04:00:00Z,76.01,77.67,75.85,76.7,198167,4726,76.5855
2023-05-09T04:00:00Z,73.74,76.305,73.24,74.98,330130,6303,74.8563
2023-05-10T04:00:00Z,75.93,76.44,74.93,75.41,159007,4973,75.4939
2023-05-11T04:00:00Z,75.1,75.41,74.58,74.96,185161,4616,74.9731
2023-05-12T04:00:00Z,75.34,75.74,74.59,75.71,220918,5407,75.1854
2023-05-15T04:00:00Z,75.85,75.975,74.8,75.3,127166,4820,75.2154
2023-05-16T04:00:00Z,74.75,74.99,72.51,72.58,247642,7336,73.3325
2023-05-17T04:00:00Z,73.02,75.77,72.56,75.57,187319,5047,74.8601
2023-05-18T04:00:00Z,75.1,75.35,74.34,75.29,130054,3916,74.9613
2023-05-19T04:00:00Z,75.96,76.2,73.94,74.31,266759,6386,74.4837
2023-05-22T04:00:00Z,74.87,75.42,74.0658,74.89,123641,5155,74.9259
2023-05-23T04:00:00Z,74.72,75.89,73.845,74.28,293694,6513,74.56
2023-05-24T04:00:00Z,73.89,74.02,72.69,73.75,213093,5255,73.6098
2023-05-25T04:00:00Z,74.03,74.4,73.3,73.74,175678,4842,73.9314
2023-05-26T04:00:00Z,73.93,74.83,73.6,74.59,167942,4065,74.3617
2023-05-30T04:00:00Z,74.8,75.16,74.15,74.63,162850,5433,74.7061
2023-05-31T04:00:00Z,74.73,75.37,73.52,74.57,462812,6363,74.4837
2023-06-01T04:00:00Z,74.4,75.19,73.95,75.04,133518,5302,74.7926
2023-06-02T04:00:00Z,76.08,77.81,75.96,77.64,143286,4396,77.4485
2023-06-05T04:00:00Z,78.2,78.25,75.42,77.05,151624,5116,76.9805
2023-06-06T04:00:00Z,77.41,78.435,77,78.4,106600,4454,78.134
2023-06-07T04:00:00Z,79.3,79.83,78.85,79.39,138445,5514,79.3303
2023-06-08T04:00:00Z,79.21,79.21,77.7,77.84,138162,4888,78.1443
2023-06-09T04:00:00Z,77.86,77.8684,76.51,77.12,202521,6431,77.0284
2023-06-12T04:00:00Z,77,77.35,75.6,75.63,130682,4845,75.8947
2023-06-13T04:00:00Z,75.62,77.42,75.62,76.38,111702,4217,76.4345
2023-06-14T04:00:00Z,76.09,77.13,75.12,76.67,160118,4893,76.4504
2023-06-15T04:00:00Z,76.1,76.5,75.37,76.47,238110,4336,76.3615
2023-06-16T04:00:00Z,77.01,77.01,75.67,76.1,194552,4222,76.1554
2023-06-20T04:00:00Z,75.34,75.38,74.55,74.75,330301,7332,74.8251
2023-06-21T04:00:00Z,74.45,75.315,74.08,74.95,213483,5197,74.9045
2023-06-22T04:00:00Z,74.53,75.19,74.4,75.19,147767,4588,74.94
2023-06-23T04:00:00Z,74.71,75.57,74.7,75.25,494877,7481,75.1758
2023-06-26T04:00:00Z,75.18,75.76,74.74,74.91,199655,4541,75.1074
2023-06-27T04:00:00Z,75.09,76.21,74.83,76.04,169607,3655,75.8667
2023-06-28T04:00:00Z,76.12,77.75,75.99,77.69,226096,5253,77.1339
2023-06-29T04:00:00Z,77.56,78.93,77.3,78.3,187141,4719,78.3549
2023-06-30T04:00:00Z,78.88,79.505,77.65,78.92,266951,5515,78.748
2023-07-03T04:00:00Z,78.37,80.29,78.37,79.68,92136,3437,79.6506
2023-07-05T04:00:00Z,79.64,79.64,78.22,78.66,176396,4052,78.7582
2023-07-06T04:00:00Z,77.48,77.72,75.89,77.57,129216,3364,77.2004
2023-07-07T04:00:00Z,77.83,79.89,77.83,78.98,237817,4928,79.0019
2023-07-10T04:00:00Z,78.8,80.4,78.64,80.32,198258,2769,80.092
2023-07-11T04:00:00Z,80.74,81.86,80.74,80.99,126453,3428,81.1696
2023-07-12T04:00:00Z,82.4,82.9,81.56,81.66,154775,4540,82.0669
2023-07-13T04:00:00Z,82.07,83.31,82.035,83.07,155309,3674,82.8131
2023-07-14T04:00:00Z,83.33,83.33,81.5,81.97,103228,3320,82.0593
2023-07-17T04:00:00Z,82.19,82.8,81.67,82.49,230564,4390,82.4557
2023-07-18T04:00:00Z,82.72,84.74,82.72,83.92,216073,5225,83.75
2023-07-19T04:00:00Z,84.59,84.95,83.24,84.57,118916,3751,84.3358
2023-07-20T04:00:00Z,84.88,84.88,82.765,84.17,129309,3972,83.929
2023-07-21T04:00:00Z,85.04,85.115,84.22,84.25,86446,3690,84.4373
2023-07-24T04:00:00Z,84.1,85.615,84.1,84.66,132090,3227,84.7719
2023-07-25T04:00:00Z,84.79,85.37,84.38,84.51,74324,3178,84.6998
2023-07-26T04:00:00Z,84.27,85.27,83.67,84.92,105182,3548,84.498
2023-07-27T04:00:00Z,85.37,85.7699,83.05,83.51,191668,4476,83.7675
2023-07-28T04:00:00Z,84.2,85.0185,83.6,83.87,101319,3619,83.9779
2023-07-31T04:00:00Z,83.51,85.09,83.51,84.43,144473,3746,84.4522
2023-08-01T04:00:00Z,83.78,85.015,83.2801,84.87,228283,4791,84.649
2023-08-02T04:00:00Z,84.27,85.08,83.79,84.94,133653,3093,84.814
2023-08-03T04:00:00Z,84.66,84.77,82.215,82.67,105528,3457,82.7473
2023-08-04T04:00:00Z,82.55,83.885,82.34,83.05,222639,3745,83.1312
2023-08-07T04:00:00Z,82.86,85,82.86,84.98,96043,4158,84.3805
2023-08-08T04:00:00Z,83.95,85.08,83.16,84.77,172896,4911,84.6245
2023-08-09T04:00:00Z,82.75,83.3,78.25,78.49,309251,8397,79.2901
2023-08-10T04:00:00Z,79.58,80.79,77.83,78.64,204118,5314,78.9224
2023-08-11T04:00:00Z,77.92,79.02,77.3801,78.76,113923,3229,78.6031
2023-08-14T04:00:00Z,79.48,80.33,78.03,78.17,121207,6194,78.6003
2023-08-15T04:00:00Z,78.4,78.7,75.48,75.92,137086,2804,76.6912
2023-08-16T04:00:00Z,75,76.32,74.78,74.95,214205,3044,75.0536
2023-08-17T04:00:00Z,75.1,76.16,74.31,75.54,229525,4443,75.2584
2023-08-18T04:00:00Z,74.57,76.59,74.57,75.74,113171,3072,75.4163
2023-08-21T04:00:00Z,76.58,77.25,74.73,75.61,121500,3210,75.4978
2023-08-22T04:00:00Z,75.96,76.045,74.75,75.19,165105,2475,75.199
2023-08-23T04:00:00Z,75.84,77.5,75.72,77.14,106790,3047,76.9818
2023-08-24T04:00:00Z,77.62,78.17,76.28,76.84,81534,2779,76.894
2023-08-25T04:00:00Z,76.23,78.02,76.04,76.42,114777,2319,76.5976
2023-08-28T04:00:00Z,77.09,78.14,76.8,77.7,154655,2714,77.7291
2023-08-29T04:00:00Z,77.51,79.06,77.01,78.36,113438,2318,78.309
2023-08-30T04:00:00Z,77.95,79,77.95,78.61,97329,2439,78.4719
2023-08-31T04:00:00Z,78.86,79.73,78.55,78.65,206948,2894,78.8679
2023-09-01T04:00:00Z,79.02,80.47,78.72,80.12,190036,3158,79.9715
2023-09-05T04:00:00Z,79.75,80.12,78.09,78.12,133364,2758,78.3642
2023-09-06T04:00:00Z,78.64,78.975,77.18,78.79,134520,3103,78.5665
2023-09-07T04:00:00Z,78,78.75,77.3,77.81,191096,2781,77.9082
2023-09-08T04:00:00Z,78.12,78.12,76.94,77.15,175696,2832,77.2402
2023-09-11T04:00:00Z,77.22,77.73,76.815,77.47,165224,3012,77.4229
2023-09-12T04:00:00Z,76.99,77.38,75.66,76.49,176436,3505,76.5662
2023-09-13T04:00:00Z,76.63,76.98,75.48,75.67,171791,3698,75.8727
2023-09-14T04:00:00Z,76.74,76.74,75.6,76.55,98233,3687,76.4504
2023-09-15T04:00:00Z,76.22,77.24,75.6,76.86,368563,3167,76.6881
2023-09-18T04:00:00Z,76.94,77.015,76,76.24,73411,2694,76.3884
2023-09-19T04:00:00Z,76.45,76.95,75.5833,75.87,111044,2524,75.9571
2023-09-20T04:00:00Z,75.77,76.9199,75.25,76.12,112338,2550,76.127
2023-09-21T04:00:00Z,75.4,75.6,74.08,74.66,146980,3425,74.7277
2023-09-22T04:00:00Z,74.5,75.17,73.86,74.3,130108,3613,74.5704
2023-09-25T04:00:00Z,74.04,74.37,73.525,73.91,149086,3373,73.8977
2023-09-26T04:00:00Z,73.65,74.2,73.1475,73.54,195275,2878,73.5578
2023-09-27T04:00:00Z,73.74,74.38,73.06,73.69,248045,3112,73.707
2023-09-28T04:00:00Z,73.81,74.785,73.725,74.4,178095,3778,74.2787
2023-09-29T04:00:00Z,74.5,75.59,73.69,74.13,178311,4073,74.346
2023-10-02T04:00:00Z,74.01,74.2,71.55,71.91,331945,5866,72.3242
2023-10-03T04:00:00Z,70.73,71.46,70.11,70.44,253266,5452,70.659
2023-10-04T04:00:00Z,70.17,70.74,69.61,70.53,199488,4640,70.2949
2023-10-05T04:00:00Z,70.15,70.31,69.41,69.69,225293,4724,69.9032
2023-10-06T04:00:00Z,69.26,69.555,68.32,68.67,368355,5358,68.9028
2023-10-09T04:00:00Z,68.94,69.33,68.17,69.04,344611,6070,68.7042
2023-10-10T04:00:00Z,69.25,70.77,69.065,69.79,182887,4316,69.9727
2023-10-11T04:00:00Z,70,70.5,69.49,69.85,120934,3218,69.9812
2023-10-12T04:00:00Z,70.3,70.3,67.83,68.47,242565,5400,68.6934
2023-10-13T04:00:00Z,69,69,67.1134,67.85,202792,5486,67.8348
2023-10-16T04:00:00Z,68.08,69.75,67.82,69.21,284095,5000,69.0045
2023-10-17T04:00:00Z,68.74,70.66,68.55,69.96,290236,3802,70.0724
2023-10-18T04:00:00Z,69.4,69.5,66.24,66.45,380016,6406,67.8305
2023-10-19T04:00:00Z,66.37,68.27,66.205,66.64,183700,4501,67.1612
2023-10-20T04:00:00Z,67.43,67.43,66.45,66.79,183271,5152,66.9059
2023-10-23T04:00:00Z,66.18,67.95,66.05,66.83,308762,5033,67.1867
2023-10-24T04:00:00Z,67,67.39,66.56,67.31,230700,4495,67.0317
2023-10-25T04:00:00Z,66.66,67.33,66.0243,67.01,214922,4867,66.9073
2023-10-26T04:00:00Z,67.34,67.85,66.77,66.82,331006,5464,67.135
2023-10-27T04:00:00Z,66.65,66.65,65.42,65.63,274988,4338,65.756
2023-10-30T04:00:00Z,66.45,66.745,65.67,66.25,296933,3498,66.2288
2023-10-31T04:00:00Z,66.52,67.06,66.23,66.33,218688,3793,66.5325
2023-11-01T04:00:00Z,66.96,68.38,65.9478,68.04,176961,4116,67.6236
2023-11-02T04:00:00Z,69,70.98,68.759,70.68,304366,5131,70.534
2023-11-03T04:00:00Z,72.11,73.87,71.88,72.83,348467,4455,72.9394
2023-11-06T05:00:00Z,72.6,72.62,71.73,71.93,285460,4722,71.9875
2023-11-07T05:00:00Z,71.07,73.17,70.05,72.49,333740,6727,72.3148
2023-11-08T05:00:00Z,72.76,73.81,72.53,72.99,301455,6466,73.1548
2023-11-09T05:00:00Z,72.81,72.81,69.38,69.62,244782,7010,70.7087
2023-11-10T05:00:00Z,70.07,71.37,69.655,70.57,189414,4919,70.2355
2023-11-13T05:00:00Z,69.89,70.83,69.62,70.25,203263,4330,70.2688
2023-11-14T05:00:00Z,73.02,75.86,72.55,74.48,277449,6846,74.7098
2023-11-15T05:00:00Z,74.05,75.03,74.05,74.61,519017,7770,74.6359
2023-11-16T05:00:00Z,74.7,74.815,73.79,74.01,351918,5130,74.256
2023-11-17T05:00:00Z,74.15,74.7015,73.26,73.78,233283,4237,73.877
2023-11-20T05:00:00Z,74.1,74.17,73.2466,73.83,279057,5260,73.938
2023-11-21T05:00:00Z,73.18,73.24,72.1,72.58,271181,5708,72.6524
2023-11-22T05:00:00Z,73.24,73.53,72.34,72.9,307659,4822,72.9197
2023-11-24T05:00:00Z,73.25,73.9402,72.97,73.47,112289,2568,73.4198
2023-11-27T05:00:00Z,73.19,73.77,72.95,73.06,273185,5853,73.2827
2023-11-28T05:00:00Z,72.83,73.34,72.168,73.2,241714,5238,73.1213
2023-11-29T05:00:00Z,74,74.98,73.61,74,355126,6420,74.1859
2023-11-30T05:00:00Z,73.93,73.93,73.04,73.51,223605,5292,73.5148
2023-12-01T05:00:00Z,73.51,75.3,73.51,75.12,543324,9105,74.6596
2023-12-04T05:00:00Z,74.87,76.08,74.71,76.07,363413,8705,75.6974
2023-12-05T05:00:00Z,75.41,76.7,74.91,75.45,177151,5712,75.7588
2023-12-06T05:00:00Z,75.65,76.38,74.57,74.71,335170,6031,75.1651
2023-12-07T05:00:00Z,75.1,75.4011,74.635,75.18,159703,4304,75.0325
2023-12-08T05:00:00Z,75.11,76.185,74.92,75.29,283004,4528,75.3574
2023-12-11T05:00:00Z,74.99,76.6,74.96,76.48,192815,4724,76.0831
2023-12-12T05:00:00Z,76.64,77.89,75.75,77.76,285480,4754,77.4721
2023-12-13T05:00:00Z,77.75,81.46,77.75,80.73,375637,6899,79.654
2023-12-14T05:00:00Z,82.36,84.72,82.23,83.15,627433,9471,83.3771
2023-12-15T05:00:00Z,83.27,83.27,81.745,82.77,400203,7678,82.6419
2023-12-18T05:00:00Z,83.16,83.4299,82.19,83.12,230756,4264,83.1134
2023-12-19T05:00:00Z,83.06,84.49,83.01,83.3,480350,5757,83.44
2023-12-20T05:00:00Z,82.98,84.3199,81.66,81.69,214690,4515,82.4958
2023-12-21T05:00:00Z,82.41,83.72,82.29,83.71,152143,3656,83.262
2023-12-22T05:00:00Z,83.79,84.55,83.26,83.8,160023,4258,84.0203
2023-12-26T05:00:00Z,83.87,85.35,83.63,85.13,132738,3313,84.9044
2023-12-27T05:00:00Z,85.34,86.3411,84.99,86.17,116100,3612,85.9199
2023-12-28T05:00:00Z,85.9,86.7,85.8,86.55,108765,3629,86.3551
2023-12-29T05:00:00Z,86.16,86.72,85.31,85.55,227494,3509,85.8109
2024-01-02T05:00:00Z,84.67,85.514,84.2,84.71,191694,5229,84.7839
2024-01-03T05:00:00Z,82.46,83.96,82.2631,83.17,164718,5214,83.2354
2024-01-04T05:00:00Z,83.01,83.47,82.455,82.62,164878,4252,82.8304
2024-01-05T05:00:00Z,82.74,84.09,82.3789,82.92,318709,5337,83.0682
2024-01-08T05:00:00Z,82.95,85.25,82.95,84.77,169096,4740,84.483
2024-01-09T05:00:00Z,83.73,84.3871,83.595,83.65,131689,4398,83.8433
2024-01-10T05:00:00Z,83.89,84.25,83.58,84.03,164018,3421,83.975
2024-01-11T05:00:00Z,83.35,83.63,82.24,82.83,129833,4005,82.8041
2024-01-12T05:00:00Z,83.77,83.9,81.84,82.16,150314,4691,82.2886
2024-01-16T05:00:00Z,82,82,80.48,80.74,388670,5588,80.8093
2024-01-17T05:00:00Z,79.44,79.98,78.6001,79.48,182019,4475,79.3796
2024-01-18T05:00:00Z,80.19,80.61,79.115,80.28,184276,4935,80.0292
2024-01-19T05:00:00Z,80.82,82.08,80.215,81.95,213712,4057,81.6961
2024-01-22T05:00:00Z,82.18,84.15,82.18,83.05,147100,3442,83.4646
2024-01-23T05:00:00Z,83.75,83.97,81.52,81.88,262711,4656,82.2718
2024-01-24T05:00:00Z,83.09,83.36,81.2,81.2,155069,4365,81.9943
2024-01-25T05:00:00Z,81.74,83.26,81.0335,83.18,151209,4550,82.6647
2024-01-26T05:00:00Z,83.47,83.6815,82.55,82.57,95360,2697,82.9309
2024-01-29T05:00:00Z,82.29,83.7,82.18,83.6,271109,3638,83.4614
2024-01-30T05:00:00Z,83.67,83.67,81.82,82.02,143984,3264,82.4583
2024-01-31T05:00:00Z,81.9,82.5,79.99,80.08,244923,4575,80.9401
2024-02-01T05:00:00Z,80.57,80.995,79.0304,80.79,246010,5613,80.4422
2024-02-02T05:00:00Z,79.53,79.74,78.41,78.78,221512,5809,78.8991
2024-02-05T05:00:00Z,77.61,77.93,75.85,76.81,246690,6327,76.8079
2024-02-06T05:00:00Z,76.98,77.75,76.81,77.59,243260,5402,77.3249
2024-02-07T05:00:00Z,77.59,77.59,76.94,77.44,184162,3735,77.2668
2024-02-08T05:00:00Z,77.86,78.46,76.9,77.52,135572,3787,77.6605
2024-02-09T05:00:00Z,77.7,78.57,77.38,78.08,198437,3646,78.0821
2024-02-12T05:00:00Z,78.11,79.6,78.11,78.85,115192,3198,79.0839
2024-02-13T05:00:00Z,76.29,76.31,74.96,75.61,188970,5142,75.5903
2024-02-14T05:00:00Z,76.49,77.05,75.8601,76.33,91355,3642,76.3778
2024-02-15T05:00:00Z,77.04,77.99,77.04,77.96,152931,5173,77.7054
2024-02-16T05:00:00Z,77.6,78.275,76.91,77.16,151542,5530,77.4413
2024-02-20T05:00:00Z,76.34,76.87,75.81,76.42,165748,4900,76.3872
2024-02-21T05:00:00Z,76.21,77.33,76.065,77.28,120368,3606,76.8631
2024-02-22T05:00:00Z,77.61,77.92,77.31,77.78,168273,5629,77.71
2024-02-23T05:00:00Z,78.3,78.3,77.2,77.28,297212,3582,77.4171
2024-02-26T05:00:00Z,77.09,77.8,76.45,76.54,197565,4799,77.0052
2024-02-27T05:00:00Z,76.64,77.3231,76.225,76.58,209898,5675,76.6158
2024-02-28T05:00:00Z,77.81,78.95,75.58,76.4,273675,6860,76.6664
2024-02-29T05:00:00Z,77.54,77.5683,76.02,76.4,553788,5361,76.4466
2024-03-01T05:00:00Z,76.71,76.79,75.94,76.6,171832,4330,76.4663
2024-03-04T05:00:00Z,76.47,76.57,75.54,76,162238,4048,76.0347
2024-03-05T05:00:00Z,75.35,75.82,74.415,74.74,229080,4850,75.1943
2024-03-06T05:00:00Z,75.82,75.82,74.7,75.11,183926,4627,75.0782
2024-03-07T05:00:00Z,75.82,76.32,75.06,75.09,135166,3606,75.3062
2024-03-08T05:00:00Z,75.84,76.21,75.08,75.75,159659,4191,75.7163
2024-03-11T04:00:00Z,75.85,76.25,75.3,75.35,93985,3318,75.47
2024-03-12T04:00:00Z,75.28,75.6,74.89,75.44,108180,3721,75.2784
2024-03-13T04:00:00Z,75.38,76.1599,75.12,75.31,189739,3479,75.4531
2024-03-14T04:00:00Z,75.42,75.42,73.075,73.77,294556,4591,73.9
2024-03-15T04:00:00Z,72.95,74.01,72.432,72.8,468212,5003,72.8606
2024-03-18T04:00:00Z,72.64,72.9,71.59,71.73,251605,4598,71.8945
2024-03-19T04:00:00Z,71.18,71.81,71.12,71.18,273178,3922,71.2608
2024-03-20T04:00:00Z,71.03,72.15,70.6,71.71,312121,6607,71.5969
2024-03-21T04:00:00Z,72.35,73.1572,71.6,72.08,296311,6444,72.1078
2024-03-22T04:00:00Z,71.85,72.41,70.755,71.01,242655,6070,71.3822
2024-03-25T04:00:00Z,70.98,71.82,70.75,70.97,279946,6443,71.2007
2024-03-26T04:00:00Z,71.49,71.88,70.87,71.39,701066,6850,71.2129
2024-03-27T04:00:00Z,72.2,72.44,71.12,72.26,975258,11859,71.798
2024-03-28T04:00:00Z,72.93,73.1,72.28,72.62,362978,5819,72.6118
2024-04-01T04:00:00Z,72.78,73.37,71,71.02,460593,6739,71.6021
2024-04-02T04:00:00Z,70.41,70.66,68.585,69.25,393718,8378,69.3486
2024-04-03T04:00:00Z,68.97,69.97,68.97,69.47,321962,7259,69.5061
2024-04-04T04:00:00Z,69.85,70.1,67.33,67.39,512079,8444,68.2621
2024-04-05T04:00:00Z,66.92,67.945,66.06,66.75,698021,11948,66.8526
2024-04-08T04:00:00Z,67.23,68.2793,66.88,67.67,1288338,14750,67.3633
2024-04-09T04:00:00Z,68.17,69.24,68.17,68.55,371909,8182,68.5991
2024-04-10T04:00:00Z,66.75,67,64.13,64.33,816217,12617,65.1436
2024-04-11T04:00:00Z,65.31,65.94,63.34,65.47,702618,13820,64.8756
2024-04-12T04:00:00Z,64.85,65.065,63.97,64.29,463718,9513,64.3057
2024-04-15T04:00:00Z,64.3,64.7266,61.31,61.57,626760,10288,62.2378
2024-04-16T04:00:00Z,60.92,61.23,59.49,59.73,628818,12110,60.0352
2024-04-17T04:00:00Z,60.11,60.3499,59.155,59.39,538237,10698,59.6669
2024-04-18T04:00:00Z,59.49,61.09,59,60.67,460651,9999,60.4633
2024-04-19T04:00:00Z,60.48,61.66,59.98,60.19,445255,8164,60.4689
2024-04-22T04:00:00Z,60.39,61.97,60.12,61.79,456533,9508,61.3842
2024-04-23T04:00:00Z,61.53,64.31,61.53,64.1,734142,10431,63.8205
2024-04-24T04:00:00Z,63.83,64.39,63.1689,64.25,394307,8431,63.8441
2024-04-25T04:00:00Z,63.85,64.07,63.33,63.75,313504,5846,63.7604
2024-04-26T04:00:00Z,64.08,65.385,64,64.42,278158,6243,64.779
2024-04-29T04:00:00Z,65.12,65.8,64.585,65.6,390447,7918,65.3753
2024-04-30T04:00:00Z,65,66.08,64.81,65.16,360864,7311,65.4441
2024-05-01T04:00:00Z,65.2,67.31,64.83,65.57,413552,9159,65.7851
2024-05-02T04:00:00Z,66.45,67.51,66.28,67.01,291838,7721,66.8944
2024-05-03T04:00:00Z,68.63,68.9839,66.92,67.01,386600,7894,67.2586
2024-05-06T04:00:00Z,67.48,67.5289,66.09,66.19,390384,7776,66.4837
2024-05-07T04:00:00Z,66.43,67.445,66.18,66.29,377498,7818,66.6139
2024-05-08T04:00:00Z,65.42,67.04,65.13,66.88,472172,9486,66.6151
2024-05-09T04:00:00Z,63,67.49,62.37,67.36,489468,10448,66.3338
2024-05-10T04:00:00Z,67.61,67.6899,65.77,66.43,483444,8418,66.3813
2024-05-13T04:00:00Z,66.77,67.31,66.12,66.32,241180,5583,66.4326
2024-05-14T04:00:00Z,67.17,67.9,66.755,67.66,297066,9857,67.5
2024-05-15T04:00:00Z,68.74,69.24,68.02,68.13,371592,9566,68.5142
2024-05-16T04:00:00Z,68.15,68.17,67.315,67.64,227272,5731,67.6812
2024-05-17T04:00:00Z,67.78,68.13,67.32,67.55,218072,6186,67.7021
2024-05-20T04:00:00Z,67.62,67.985,66.805,67.31,300127,7454,67.2519
2024-05-21T04:00:00Z,67.01,67.47,66,66.45,248642,5870,66.4792
2024-05-22T04:00:00Z,66.45,67.12,66.05,66.58,264088,7026,66.6535
2024-05-23T04:00:00Z,66.75,67,64.44,65.1,283731,6317,65.0642
2024-05-24T04:00:00Z,65.69,66.25,65.13,65.69,228882,6761,65.7254
2024-05-28T04:00:00Z,65.89,66.1199,64.46,65.01,348508,7860,65.1238
2024-05-29T04:00:00Z,64.3,64.82,64.165,64.5,342557,5388,64.494
2024-05-30T04:00:00Z,65,65.77,64.97,65.74,183325,5325,65.5352
2024-05-31T04:00:00Z,66.2,66.745,65.965,66.3,187851,4491,66.2712
2024-06-03T04:00:00Z,67.28,67.45,66.38,67,281268,6919,66.9924
2024-06-04T04:00:00Z,66.72,67.0699,66.04,66.22,254429,5888,66.5356
2024-06-05T04:00:00Z,66.48,67.495,65.95,67.41,221159,5623,67.0053
2024-06-06T04:00:00Z,66.7,68.09,66.7,67.04,252024,5671,67.0992
2024-06-07T04:00:00Z,66.35,67.11,65.72,66.89,177736,4978,66.7128
2024-06-10T04:00:00Z,66.35,67.62,66,66.91,164601,4565,66.9747
2024-06-11T04:00:00Z,66.32,66.83,65.775,66.19,156492,4800,66.2715
2024-06-12T04:00:00Z,68.47,69.37,67.655,67.74,230909,6443,68.3823
2024-06-13T04:00:00Z,67.68,67.995,66.8,67.9,123058,4133,67.6432
2024-06-14T04:00:00Z,67.02,67.72,66.78,67.32,182434,4412,67.3563
2024-06-17T04:00:00Z,66.59,67.14,66.1801,66.87,186813,5485,66.7466
2024-06-18T04:00:00Z,66.71,67.0381,64.915,65.4,312601,6450,65.5882
2024-06-20T04:00:00Z,65.42,65.83,64.8,65.01,297779,7426,65.2541
2024-06-21T04:00:00Z,65.28,65.3299,64.2974,64.7,295212,6126,64.7585
2024-06-24T04:00:00Z,64.73,65.06,63.93,64.53,287832,7055,64.6316
2024-06-25T04:00:00Z,64.64,64.64,62.82,63.4,271108,8937,63.39
2024-06-26T04:00:00Z,63.44,64.34,63.04,64.17,274278,7207,63.8269
2024-06-27T04:00:00Z,64.22,65.18,63.65,65.14,203524,5963,64.7958
2024-06-28T04:00:00Z,65.22,65.595,64.06,64.82,512734,7128,64.7608
2024-07-01T04:00:00Z,64.54,64.84,63.35,63.71,188835,5878,63.7152
2024-07-02T04:00:00Z,63.86,64.6508,63.4801,64.25,179563,5180,64.2304
2024-07-03T04:00:00Z,64.36,64.995,64.09,64.8,81193,2445,64.7488
2024-07-05T04:00:00Z,64.56,65.38,64.33,64.58,251610,5472,64.8095
2024-07-08T04:00:00Z,64.58,64.91,64.19,64.26,336420,6556,64.4758
2024-07-09T04:00:00Z,64.23,65.09,64.01,64.33,339076,6948,64.566
2024-07-10T04:00:00Z,64.71,66.555,64.7,66.46,264210,5338,65.4851
2024-07-11T04:00:00Z,67.78,69.98,67.78,69.76,281401,6639,69.0849
2024-07-12T04:00:00Z,70.25,71.81,70.1,71.61,262548,5546,71.4448
2024-07-15T04:00:00Z,71.69,72.535,70.85,70.88,194824,4739,71.4211
2024-07-16T04:00:00Z,71.07,73.19,71.015,73.03,306792,5110,72.483
2024-07-17T04:00:00Z,72.62,73.7599,71.83,72.26,314558,7047,72.4425
2024-07-18T04:00:00Z,72.08,73.67,70.61,71.17,222356,5409,71.9137
2024-07-19T04:00:00Z,71.18,71.5,70.61,71.36,215605,4780,71.0961
2024-07-22T04:00:00Z,71.84,71.95,70.665,71.8,210112,4717,71.5911
2024-07-23T04:00:00Z,71.22,72.35,70.21,70.37,258447,5791,70.917
2024-07-24T04:00:00Z,69.78,71.38,68.69,68.72,413085,7021,69.7928
2024-07-25T04:00:00Z,68.79,70.89,68.79,70.47,377175,7712,70.3149
2024-07-26T04:00:00Z,73.98,75.6,71.56,74.36,608015,10698,73.7501
2024-07-29T04:00:00Z,74.4,74.46,72.41,73.02,414308,7331,73.1254
2024-07-30T04:00:00Z,73.2,74.26,72.36,73.77,376549,6635,73.2777
2024-07-31T04:00:00Z,73.8,75.62,72.72,74.17,628327,8537,73.7988
2024-08-01T04:00:00Z,71.18,71.18,67.5,68.39,584371,10334,68.2897
2024-08-02T04:00:00Z,66.4,66.8,63.94,63.95,478072,8800,64.8902
2024-08-05T04:00:00Z,61.23,63.373,59.83,61.46,381982,8494,61.7523
2024-08-06T04:00:00Z,61.54,63.5,61.05,62.37,385417,8320,62.3479
2024-08-07T04:00:00Z,71.95,72.34,66.19,66.31,1312488,18226,68.3944
2024-08-08T04:00:00Z,67.67,69.665,67.67,69.14,706949,10039,69.0526
2024-08-09T04:00:00Z,69.5,71.39,69.0581,70.6,490110,9592,70.3444
2024-08-12T04:00:00Z,70.69,71.17,69.905,70.16,558555,7616,70.5151
2024-08-13T04:00:00Z,70.71,70.71,69.38,69.6,355410,5847,69.9532
2024-08-14T04:00:00Z,69.67,70.99,69.5,70.37,299295,5735,70.3051
2024-08-15T04:00:00Z,70.65,71.92,70.65,71.91,426425,7908,71.5313
2024-08-16T04:00:00Z,71.78,72.2,70.92,71.94,256195,7006,71.6746
2024-08-19T04:00:00Z,71.99,73.845,71.99,73.33,284214,6634,73.3142
2024-08-20T04:00:00Z,73.13,73.9999,71.77,72.19,151295,4316,72.1868
2024-08-21T04:00:00Z,72.56,73.5,71.83,73.1,303739,4701,72.9711
2024-08-22T04:00:00Z,73.22,73.22,71.71,72.18,152439,3848,72.1851
2024-08-23T04:00:00Z,72.79,74.81,72.5057,74.7,296830,5971,74.4174
2024-08-26T04:00:00Z,75.07,75.5,74.55,74.69,155341,5060,75.0151
2024-08-27T04:00:00Z,74.16,75.698,73.7059,75.04,124553,3612,75.0359
2024-08-28T04:00:00Z,74.62,75.9,74.62,75.15,203720,5640,75.2089
2024-08-29T04:00:00Z,75.36,75.69,74.6,74.83,198865,5109,74.9649
2024-08-30T04:00:00Z,75,75.68,74.6,75.22,224577,4570,75.23
2024-09-03T04:00:00Z,74.54,74.87,73.615,73.96,290038,7184,74.0764
2024-09-04T04:00:00Z,73.96,74.99,72.98,73.8,247382,5765,73.6552
2024-09-05T04:00:00Z,74.01,74.18,72.85,73.16,113901,4024,73.2595
2024-09-06T04:00:00Z,73.28,73.445,72.32,72.87,229167,4622,72.7699
2024-09-09T04:00:00Z,72.68,72.83,71.99,72.28,201728,4759,72.3101
2024-09-10T04:00:00Z,71.97,72.99,71.5,72.91,160979,4874,72.6853
2024-09-11T04:00:00Z,72.09,73.24,70.87,73.2,153163,4617,72.4636
2024-09-12T04:00:00Z,73.76,74.36,73,74.06,120063,4407,73.9148
2024-09-13T04:00:00Z,74.8,75.71,74.2916,75.69,164187,4422,75.3901
2024-09-16T04:00:00Z,75.82,75.915,74.48,75,266571,5250,75.0485
2024-09-17T04:00:00Z,75.25,76.105,74.94,75.19,199189,5560,75.3725
2024-09-18T04:00:00Z,75.72,77.89,74.78,75.93,160974,4161,76.0105
2024-09-19T04:00:00Z,77.57,77.675,76.48,77.48,312814,5883,77.1822
2024-09-20T04:00:00Z,76.86,77.44,76.22,77.06,354558,4498,77.044
2024-09-23T04:00:00Z,77.41,77.8773,77.15,77.24,155811,4615,77.3178
2024-09-24T04:00:00Z,77.2,77.82,77.06,77.33,142911,3144,77.4598
2024-09-25T04:00:00Z,76.93,77.21,76.3,76.52,148483,3215,76.5867
2024-09-26T04:00:00Z,77.27,77.58,76.79,76.99,148104,5777,77.0398
2024-09-27T04:00:00Z,77.46,77.94,76.86,77.74,167888,4247,77.6138
2024-09-30T04:00:00Z,77.46,78.35,77.12,77.43,183536,4061,77.6124
2024-10-01T04:00:00Z,77.06,78,76.575,77.33,164867,4980,77.4296
2024-10-02T04:00:00Z,76.81,77.55,76.775,77.06,116641,3679,77.0986
2024-10-03T04:00:00Z,77,77,75.94,76.58,161783,3618,76.6197
2024-10-04T04:00:00Z,77,77.175,76.13,76.51,120484,4158,76.4068
2024-10-07T04:00:00Z,76.36,76.625,74.95,75.38,163383,4175,75.5298
2024-10-08T04:00:00Z,75.01,76.09,74.825,75.65,140504,3906,75.5999
2024-10-09T04:00:00Z,75.28,76.37,75.255,75.78,118476,2967,75.7626
2024-10-10T04:00:00Z,75.19,75.815,74.8,75.74,142420,3938,75.5224
2024-10-11T04:00:00Z,75.95,76.94,75.5,76.92,94331,3561,76.5933
2024-10-14T04:00:00Z,76.91,77.52,76.5198,77.03,109926,2444,77.0584
2024-10-15T04:00:00Z,77.28,77.95,76.56,76.67,238263,4833,77.1189
2024-10-16T04:00:00Z,77.33,77.575,76.76,77.09,215506,4526,77.1416
2024-10-17T04:00:00Z,76.84,76.98,76.5,76.52,276749,4495,76.6789
2024-10-18T04:00:00Z,76.52,78.07,76.09,78.03,190753,4447,77.5751
2024-10-21T04:00:00Z,77.5,77.5645,75.55,76.36,229263,5604,76.3315
2024-10-22T04:00:00Z,75.82,77.275,75.71,76.99,251080,4840,76.8682
2024-10-23T04:00:00Z,76.47,77.57,76.31,76.92,189064,4408,77.1037
2024-10-24T04:00:00Z,76.98,77.3,76,76.22,153553,5039,76.516
2024-10-25T04:00:00Z,76.12,76.39,75.07,75.15,213176,5126,75.6439
2024-10-28T04:00:00Z,75.99,76.51,75.625,75.84,129564,4999,75.9441
2024-10-29T04:00:00Z,75.48,75.75,74.99,75.18,145330,4596,75.2662
2024-10-30T04:00:00Z,74.59,76.63,74.56,76.2,152154,3939,76.1707
2024-10-31T04:00:00Z,75.99,76.5094,75.75,76.04,221210,5000,76.1174
2024-11-01T04:00:00Z,76.57,77.23,75.47,75.5,229362,6482,76.2724
2024-11-04T05:00:00Z,74.99,76.56,74.99,75.93,212422,5945,75.9626
2024-11-05T05:00:00Z,78.55,80.95,77.675,80.95,490153,9889,80.3877
2024-11-06T05:00:00Z,81.67,83.16,80.05,82.9,532293,9688,82.1966
2024-11-07T05:00:00Z,82.38,84.12,82.27,83.82,279779,7517,83.4742
2024-11-08T05:00:00Z,83.91,84.88,82.9174,84.45,319549,9184,84.1379
2024-11-11T05:00:00Z,84.95,84.9612,83.35,83.55,289368,6391,83.7532
2024-11-12T05:00:00Z,83.5,83.655,82.38,82.51,171015,5135,82.7849
2024-11-13T05:00:00Z,83.05,83.2214,82.025,82.13,169104,4741,82.3992
2024-11-14T05:00:00Z,82.51,82.51,80.59,80.86,228726,6206,81.2846
2024-11-15T05:00:00Z,81.1,81.5,79.41,79.91,265699,6928,80.1102
2024-11-18T05:00:00Z,79.28,79.99,78.88,79.21,234313,5558,79.3093
2024-11-19T05:00:00Z,78.62,79.925,78.44,79.45,195235,5024,79.5364
2024-11-20T05:00:00Z,79.23,79.85,78.7028,79.74,187784,5502,79.3937
2024-11-21T05:00:00Z,79.95,82.92,79.86,82.15,296688,7107,81.9999
2024-11-22T05:00:00Z,83.01,84.22,82.665,83.87,198197,6125,83.5201
2024-11-25T05:00:00Z,84.87,87.4599,84.58,86.12,289737,7817,86.238
2024-11-26T05:00:00Z,86.25,86.94,85.8046,86.4,173445,5682,86.2953
2024-11-27T05:00:00Z,87.12,87.7699,86.3582,86.88,143095,3580,86.8448
2024-11-29T05:00:00Z,87.35,87.6025,86.44,86.74,83091,2293,86.8756
2024-12-02T05:00:00Z,86.3,86.3,85.07,85.66,267951,5697,85.6101
2024-12-03T05:00:00Z,85.96,86.42,84.78,86.18,182586,4343,85.8106
2024-12-04T05:00:00Z,85.89,86.52,85.353,85.76,196241,4587,85.691
2024-12-05T05:00:00Z,85.99,86.43,85.28,85.82,176637,4265,85.6586
2024-12-06T05:00:00Z,86.49,86.64,84.45,85.06,347164,5087,85.2192
2024-12-09T05:00:00Z,85.29,85.41,83.31,84.2,123693,4258,84.2575
2024-12-10T05:00:00Z,84.23,84.69,83.06,84.01,243198,4633,84.0316
2024-12-11T05:00:00Z,84.54,84.92,82.89,83.38,248109,6544,83.5322
2024-12-12T05:00:00Z,83.42,84.71,82.94,83.31,208960,4755,83.7443
2024-12-13T05:00:00Z,82.77,82.91,81.2,82.01,248057,5393,81.9331
2024-12-16T05:00:00Z,81.94,82.58,81.381,81.78,194308,4694,81.7799
2024-12-17T05:00:00Z,81.29,82.295,79.63,79.78,255251,5391,80.1422
2024-12-18T05:00:00Z,80,80.29,76.16,76.21,270472,6892,77.4351
2024-12-19T05:00:00Z,76.4,77.615,75.3,75.32,365115,7804,76.2712
2024-12-20T05:00:00Z,75.72,77.92,75.65,76.58,670046,8057,76.6145
2024-12-23T05:00:00Z,76.19,77.07,75.71,76.4,249817,6773,76.2988
2024-12-24T05:00:00Z,76.4,76.87,75.926,76.83,43854,1811,76.5943
2024-12-26T05:00:00Z,76.36,77.26,76.13,77.04,106461,2905,77.0003
2024-12-27T05:00:00Z,76.69,76.97,76,76.66,289740,3381,76.6273
2024-12-30T05:00:00Z,76.54,77.1,75.01,76.64,172232,4216,76.4915
2024-12-31T05:00:00Z,76.5,77.4546,75.895,76.92,156617,4789,76.6891
2025-01-02T05:00:00Z,77.28,77.84,75.31,75.81,155563,5441,76.0827
2025-01-03T05:00:00Z,75.87,76.765,75.33,76.48,313818,4709,76.413
2025-01-06T05:00:00Z,76.5,77.47,75.29,75.34,137191,4476,75.8918
2025-01-07T05:00:00Z,76,76.589,73.78,74.17,201755,5914,74.6362
2025-01-08T05:00:00Z,73.97,74.19,72.83,73.63,179868,4654,73.6355
2025-01-10T05:00:00Z,72.37,72.7668,71.49,71.78,266100,6326,71.9439
2025-01-13T05:00:00Z,77.68,81,76.69,78.62,1525606,21999,78.5992
2025-01-14T05:00:00Z,80,80,77.05,77.84,853902,13748,78.0858
2025-01-15T05:00:00Z,78.53,79.1,77.425,77.78,499776,8872,77.9589
2025-01-16T05:00:00Z,77.79,78.2211,77.39,77.49,308140,6473,77.6405
2025-01-17T05:00:00Z,77.79,77.99,76.55,76.65,387477,6856,77.0712
2025-01-21T05:00:00Z,77.33,77.5,75.87,76.33,334768,7264,76.3943
2025-01-22T05:00:00Z,76.05,76.05,74.99,75,465534,7719,75.3507
2025-01-23T05:00:00Z,75.01,75.93,74.5,75.7,457560,8072,75.467
2025-01-24T05:00:00Z,75.37,76.26,75.2,75.76,670417,5850,75.6396
2025-01-27T05:00:00Z,76.09,76.967,75.52,76.12,281889,6688,76.0994
2025-01-28T05:00:00Z,75.84,76.18,75.06,75.51,181302,5438,75.5184
2025-01-29T05:00:00Z,75.32,76.26,75.1801,75.99,295154,6301,75.8291
2025-01-30T05:00:00Z,76.68,77.52,76.295,76.88,233851,5206,76.8612
2025-01-31T05:00:00Z,76.88,77.45,76.15,76.37,192259,5329,76.6116
2025-02-03T05:00:00Z,75.1,76.345,74.9,75.3,174882,4969,75.4466
2025-02-04T05:00:00Z,75,76.41,75,75.71,147932,5174,75.6545
2025-02-05T05:00:00Z,76.2,76.4,75.69,75.91,206204,4571,75.9483
2025-02-06T05:00:00Z,76.4,76.98,75.96,76.87,253084,5238,76.7126
2025-02-07T05:00:00Z,77.06,77.29,76.12,76.66,135362,4927,76.6666
2025-02-10T05:00:00Z,76.54,76.99,75.47,75.6,166038,5033,75.8926
2025-02-11T05:00:00Z,75.38,75.99,75.38,75.78,177713,5311,75.7485
2025-02-12T05:00:00Z,75,75.73,74.89,75.36,146600,4918,75.3179
2025-02-13T05:00:00Z,75.32,75.49,74.7,75.04,228955,5077,75.011
2025-02-14T05:00:00Z,75.1,75.74,75.021,75.49,168760,4793,75.4568
2025-02-18T05:00:00Z,75.48,81.22,75.155,80.6,2835077,31960,79.4556
2025-02-19T05:00:00Z,75.76,76,72.85,73.47,3098530,40953,74.4031
2025-02-20T05:00:00Z,73.47,74.5,73.25,73.89,755960,12494,73.895
2025-02-21T05:00:00Z,74.1,74.3,72.1185,73.2,624108,12601,73.244
2025-02-24T05:00:00Z,73.25,74.35,72.72,73.77,452233,10305,73.7217
2025-02-25T05:00:00Z,73.64,75.7,73.53,75.46,752091,10684,75.0372
2025-02-26T05:00:00Z,75.7,75.85,73.66,74.1,480652,10282,74.5209
2025-02-27T05:00:00Z,76.18,78.5648,75.12,77.42,873254,15733,77.072
2025-02-28T05:00:00Z,77.35,79.61,77.25,79.2,877043,15356,78.9818
2025-03-03T05:00:00Z,78.19,79.55,76.67,77.48,934071,13572,77.9946
2025-03-04T05:00:00Z,76.89,78.12,75.05,76.74,625112,11930,76.7072
2025-03-05T05:00:00Z,76.85,78.17,76.58,77.56,428411,8524,77.5624
2025-03-06T05:00:00Z,76.97,77.4,74.68,74.85,361798,7350,75.4707
2025-03-07T05:00:00Z,74.92,75.55,73.39,74.93,349874,6975,74.7479
2025-03-10T04:00:00Z,74.46,75.28,73.13,73.35,342757,7274,73.8613
2025-03-11T04:00:00Z,73.2,73.92,71.81,72.82,264791,7576,72.7274
2025-03-12T04:00:00Z,72.99,73.63,72.215,73.05,267778,6622,72.9364
2025-03-13T04:00:00Z,73.11,73.7,71.5001,71.92,279493,6332,72.2659
2025-03-14T04:00:00Z,72.43,73.46,71.73,73.38,226772,7576,72.8827
2025-03-17T04:00:00Z,73.14,74.64,73.14,74.49,173436,4853,74.1309
2025-03-18T04:00:00Z,74.09,74.6908,74.02,74.44,151605,5078,74.3513
2025-03-19T04:00:00Z,74.62,75.0113,73.92,74.62,184409,5457,74.4476
2025-03-20T04:00:00Z,74.35,75.79,73.75,75.64,244566,7225,75.4053
2025-03-21T04:00:00Z,75.65,75.65,74.01,74.99,362980,5951,74.9148
2025-03-24T04:00:00Z,75.46,76.25,74.85,76.25,352177,7337,75.8626
2025-03-25T04:00:00Z,76.37,76.44,75.215,75.71,213267,7838,75.838
2025-03-26T04:00:00Z,76.17,76.45,75.13,75.44,156554,5094,75.6156
2025-03-27T04:00:00Z,75.75,75.9,75,75.48,184287,5006,75.3736
2025-03-28T04:00:00Z,75.3,75.4692,74,74.38,187331,5438,74.5701
2025-03-31T04:00:00Z,73.71,74.21,72.9,74.08,277878,7262,73.7498
2025-04-01T04:00:00Z,74.06,74.86,73.39,73.88,245073,6336,73.8939
2025-04-02T04:00:00Z,73.38,75.22,73.1798,74.81,180098,4948,74.5673
2025-04-03T04:00:00Z,73.36,73.8412,70.2001,70.58,295044,8370,71.6924
2025-04-04T04:00:00Z,69,69.625,66,67.4,616300,13392,67.3378
2025-04-07T04:00:00Z,62.31,68.47,62.31,64.77,617032,13676,64.5661
2025-04-08T04:00:00Z,67.45,67.99,62.28,63.39,455027,10428,64.624
2025-04-09T04:00:00Z,62.36,68,61.405,67.47,507845,12824,65.6736
2025-04-10T04:00:00Z,66.32,66.32,61.92,64.42,339652,9744,64.3117
2025-04-11T04:00:00Z,63.79,65.38,62,65.22,321112,8106,64.0344
2025-04-14T04:00:00Z,66.37,66.82,65.485,66.03,220237,7776,66.0775
2025-04-15T04:00:00Z,66.11,66.8,65.7,65.91,147427,4715,66.0372
2025-04-16T04:00:00Z,65.4,66.45,64.95,65.61,212476,6502,65.5885
2025-04-17T04:00:00Z,65.56,66.71,65.51,66.35,204886,4054,66.3092
2025-04-21T04:00:00Z,65.88,66.08,63.8413,64.53,380199,4927,64.5332
2025-04-22T04:00:00Z,65.71,66.685,65.14,66.06,359244,7589,65.9635
2025-04-23T04:00:00Z,67.9,68.7,66.47,66.87,242981,6191,67.2695
2025-04-24T04:00:00Z,66.79,68.46,66.75,67.96,183602,5459,67.8824
2025-04-25T04:00:00Z,67.62,68.405,67.09,68.35,163409,4499,68.1764
2025-04-28T04:00:00Z,68.23,68.9346,67.51,68.02,184003,5387,68.0274
2025-04-29T04:00:00Z,67.03,68.22,66.3438,67.71,327024,7028,67.5492
2025-04-30T04:00:00Z,66.33,66.55,65,66.53,256633,5853,66.2046
2025-05-01T04:00:00Z,66.7,67.8283,66.48,66.54,158344,4999,66.7627
2025-05-02T04:00:00Z,67.39,68.075,66.8,67.47,183622,5606,67.3518
2025-05-05T04:00:00Z,71.22,71.47,69.34,69.4,2348141,30899,70.0357
2025-05-06T04:00:00Z,69.5,69.99,68.11,68.6,1375613,21559,69.0103
2025-05-07T04:00:00Z,69.4,69.9199,68.18,68.7,878343,19387,68.9153
2025-05-08T04:00:00Z,70,71.11,69.2,69.92,1098089,18314,70.0686
2025-05-09T04:00:00Z,70.48,72.23,70.3,71.53,857768,14911,71.524
2025-05-12T04:00:00Z,73.7,75.1893,73.42,73.55,1004872,17657,74.0002
2025-05-13T04:00:00Z,73.61,74.7788,71.0001,71.65,1160611,18233,72.152
2025-05-14T04:00:00Z,71.22,71.8997,70.53,71.01,729216,13483,71.22
2025-05-15T04:00:00Z,71.08,71.3681,70.11,70.8,655103,10214,70.8537
2025-05-16T04:00:00Z,71.03,71.105,70.53,70.67,577126,10258,70.7302
2025-05-19T04:00:00Z,70,70.25,69.4,69.9,651596,10420,69.9249
2025-05-20T04:00:00Z,69.58,69.935,69.26,69.28,507501,8955,69.4892
2025-05-21T04:00:00Z,68.99,69.445,66.43,66.44,913085,14938,67.3403
2025-05-22T04:00:00Z,66.41,67.3589,66.02,67.06,742586,14353,66.762
2025-05-23T04:00:00Z,66.25,66.8934,65.87,66.64,585680,11222,66.419
2025-05-27T04:00:00Z,67.28,68.44,66.79,68.22,772095,15589,67.9363
2025-05-28T04:00:00Z,68.25,68.705,67.94,68.4,367246,8628,68.3395
2025-05-29T04:00:00Z,69,69.58,68,68.9,561901,10191,68.7758
2025-05-30T04:00:00Z,68.4,68.7875,67.58,68.31,351205,7948,68.3011
2025-06-02T04:00:00Z,68.09,68.2874,67.245,67.37,474879,10267,67.5107
2025-06-03T04:00:00Z,67.02,68.18,67.02,68.08,391476,8086,67.8229
2025-06-04T04:00:00Z,68.11,68.4803,67.32,67.54,370867,8027,67.6662
2025-06-05T04:00:00Z,68.07,68.07,67.039,67.36,324125,7889,67.4973
2025-06-06T04:00:00Z,67.99,68.8,67.89,68.64,405337,8123,68.4094
2025-06-09T04:00:00Z,69.51,70.04,68.66,69.17,580595,10679,69.2601
2025-06-10T04:00:00Z,69.44,70.7441,69.27,70.61,397309,8942,70.337
2025-06-11T04:00:00Z,70.44,70.99,69.98,70.14,426463,10832,70.3799
2025-06-12T04:00:00Z,69.8,70.8891,69.6032,70.73,359675,8692,70.5389
2025-06-13T04:00:00Z,69.84,70.89,68.96,69.39,480742,9893,69.656
2025-06-16T04:00:00Z,70,71.39,69.84,70.54,554846,11877,70.67
2025-06-17T04:00:00Z,70,70.51,69.25,69.31,377274,8011,69.7608
2025-06-18T04:00:00Z,69.31,70.15,69.27,69.39,346481,8422,69.6139
2025-06-20T04:00:00Z,69.67,70.34,69.04,69.26,530737,8121,69.4038
2025-06-23T04:00:00Z,68.19,68.435,65.25,66.75,1029854,21307,66.6461
2025-06-24T04:00:00Z,67.05,68.49,66.945,68.37,610279,10641,67.9483
2025-06-25T04:00:00Z,68.05,68.18,65.72,65.97,640761,12779,66.4342
2025-06-26T04:00:00Z,66.5,67.42,65.91,67.25,465304,9209,66.8743
2025-06-27T04:00:00Z,67.35,68.63,66.81,67.82,578534,10747,67.8701
2025-06-30T04:00:00Z,67.54,67.72,66.455,67.5,607592,10048,67.205
2025-07-01T04:00:00Z,67.33,68.85,66.865,68.23,526633,11120,68.1924
2025-07-02T04:00:00Z,68.34,69.12,67.6523,68.99,388639,7825,68.5352
2025-07-03T04:00:00Z,68.82,69.255,68.54,68.91,227633,4725,68.8561
2025-07-07T04:00:00Z,68.63,69.29,68.15,68.7,491714,9657,68.6613
2025-07-08T04:00:00Z,68.6,69.95,68.5248,69.31,525226,8301,69.343
2025-07-09T04:00:00Z,69.68,70.11,69.1848,70.06,400100,8222,69.8243
2025-07-10T04:00:00Z,70,71.59,69.8282,71.12,522432,10418,71.0756
2025-07-11T04:00:00Z,70.42,70.89,70,70.54,450228,8957,70.4958
2025-07-14T04:00:00Z,70.49,71,70.1,70.52,354103,7743,70.5054
2025-07-15T04:00:00Z,70.87,71.175,68.64,68.65,404161,10463,69.3847
2025-07-16T04:00:00Z,68.74,69.48,68.1265,68.94,280500,9473,68.949
2025-07-17T04:00:00Z,68.79,69.4474,68.59,68.97,247817,7524,68.9639
2025-07-18T04:00:00Z,69.61,69.76,68.485,68.76,391623,7970,68.7731
2025-07-21T04:00:00Z,69,69.46,68.6,68.89,366719,8346,68.9764
2025-07-22T04:00:00Z,69.22,70.63,69.1525,70.55,381887,8759,70.3282
2025-07-23T04:00:00Z,71.22,71.22,69.92,70.21,378437,8142,70.2845
2025-07-24T04:00:00Z,69.59,70.2,69.37,69.44,349116,7836,69.7122
2025-07-25T04:00:00Z,69.75,69.86,68.9269,69.8,326661,7831,69.5873
2025-07-28T04:00:00Z,69.43,70,68.79,68.86,368065,8104,69.2011
2025-07-29T04:00:00Z,69.53,70.65,69.21,70.59,409908,8649,69.9736
2025-07-30T04:00:00Z,70.8,71.1,69.66,69.98,616545,11653,70.2633
2025-07-31T04:00:00Z,69.5,70.0499,68.68,68.73,373606,9227,69.1711
2025-08-01T04:00:00Z,68.83,69.11,67.25,67.64,455864,11000,67.8385
2025-08-04T04:00:00Z,68.01,68.8,67.7141,68.61,282609,8405,68.4123
2025-08-05T04:00:00Z,68.68,69.41,68.145,69.18,323208,7515,68.975
2025-08-06T04:00:00Z,69.5,69.54,68.87,69.13,315276,8712,69.2204
2025-08-07T04:00:00Z,68.06,71.9352,67.39,70.3,689449,13824,70.3668
2025-08-08T04:00:00Z,70.98,72.28,70.43,71.09,453959,10231,71.4519
2025-08-11T04:00:00Z,71.11,71.83,70.28,70.28,523520,10864,70.7341
2025-08-12T04:00:00Z,70.84,72.38,70.42,72.35,319117,7953,71.8113
2025-08-13T04:00:00Z,72.5,74.8,72.465,74.55,407373,10318,73.9023
2025-08-14T04:00:00Z,73.83,73.89,73.03,73.49,399422,10406,73.4858
2025-08-15T04:00:00Z,73.5,74.12,73.2601,73.75,300044,7150,73.7154
2025-08-18T04:00:00Z,74.16,74.5,73.18,73.29,308832,8259,73.582
2025-08-19T04:00:00Z,73.66,74.79,73.12,74.38,365598,9399,74.1783
2025-08-20T04:00:00Z,74.31,74.46,73.57,73.62,322308,7833,73.8795
2025-08-21T04:00:00Z,73.11,73.755,72.58,72.62,237134,6735,72.8572
2025-08-22T04:00:00Z,73.26,75.6,72.99,75.49,325439,9995,75.0626
2025-08-25T04:00:00Z,75.38,75.55,74.81,75.1,290864,8477,75.2133
2025-08-26T04:00:00Z,74.97,75.75,74.75,74.95,425568,8984,75.111
2025-08-27T04:00:00Z,74.92,75.85,74.895,75.69,292395,7846,75.3795
2025-08-28T04:00:00Z,75.48,75.68,74.43,75.55,305917,7288,75.2518
2025-08-29T04:00:00Z,75.95,76.31,75.55,76.27,276949,7315,76.0857
2025-09-02T04:00:00Z,75.56,75.99,74.7,74.8,303079,9028,75.1269
2025-09-03T04:00:00Z,75.3,76.61,74.96,76.53,370912,8639,75.8924
2025-09-04T04:00:00Z,76.53,77.85,76.0752,77.72,280549,8112,77.2168
2025-09-05T04:00:00Z,78.74,79.83,78,78.88,376280,8334,78.7995
2025-09-08T04:00:00Z,78.57,79.35,78.18,78.95,522669,10049,78.818
2025-09-09T04:00:00Z,78.46,78.95,77.95,78.12,369377,8028,78.2813
2025-09-10T04:00:00Z,78.3,79.045,78.0256,78.78,263605,7255,78.6421
2025-09-11T04:00:00Z,78.91,81.8999,78.8925,81.65,513226,9821,81.2695
2025-09-12T04:00:00Z,81.93,82.32,81.24,81.55,412182,9341,81.7563
2025-09-15T04:00:00Z,82.035,82.34,81.34,81.84,292410,8739,81.9094
2025-09-16T04:00:00Z,81.9,82.33,81.61,81.85,306546,8205,81.8592
2025-09-17T04:00:00Z,82.37,84.11,82,82.22,362733,8926,82.7678
2025-09-18T04:00:00Z,82.63,83.92,82.52,83.67,306769,8326,83.4091
2025-09-19T04:00:00Z,83.85,83.85,82.7221,82.88,569352,6830,83.0035
2025-09-22T04:00:00Z,82.33,82.37,80.88,80.95,354039,8888,81.3016
2025-09-23T04:00:00Z,81.3,81.8417,80.52,80.57,357565,7942,80.849
2025-09-24T04:00:00Z,80.5,80.9113,79.0467,79.59,331818,8262,79.6306
2025-09-25T04:00:00Z,79,79.55,78.37,78.59,297254,8844,78.7618
2025-09-26T04:00:00Z,79,80.58,78.06,80.54,358436,8124,79.786
2025-09-29T04:00:00Z,80.93,81.9402,80.41,81.73,300687,8389,81.4391
2025-09-30T04:00:00Z,81.43,82.24,80.46,82.17,255088,7707,81.6577
2025-10-01T04:00:00Z,82.72,86.155,82.475,85.31,646201,14673,85.1556
2025-10-02T04:00:00Z,85.31,85.81,83.91,84.31,404886,10630,84.4292
2025-10-03T04:00:00Z,84.82,85.32,84.22,84.76,303740,9235,84.8246
2025-10-06T04:00:00Z,84.99,85.7,84.01,85.09,325775,8821,84.9834
2025-10-07T04:00:00Z,85,85,83.035,83.12,368114,7688,83.5087
2025-10-08T04:00:00Z,82.89,82.89,81.935,82.67,303869,8269,82.5548
2025-10-09T04:00:00Z,82.54,82.7,81.12,81.61,393033,8859,81.5027
2025-10-10T04:00:00Z,81.64,81.67,78.27,78.29,612892,11449,79.5041
2025-10-13T04:00:00Z,79.07,79.6,78.2,79.33,343511,8792,79.1267
2025-10-14T04:00:00Z,79.2,80.61,78.727,79.74,332470,8890,79.8322
2025-10-15T04:00:00Z,80.5,81.74,79.9,80.91,449983,9111,81.0497
2025-10-16T04:00:00Z,81.3,81.48,78.925,79.66,260361,6444,79.8126
2025-10-17T04:00:00Z,79.5,80.13,79.16,79.78,301954,6864,79.6563
2025-10-20T04:00:00Z,80.26,80.71,79.875,80.56,196183,5562,80.4396
2025-10-21T04:00:00Z,80.46,81.32,80.2127,80.97,227645,6039,80.811
2025-10-22T04:00:00Z,80.99,81.71,80.66,80.9,226610,6631,81.0721
2025-10-23T04:00:00Z,81.17,81.7,80.235,81.35,158010,5244,81.255
2025-10-24T04:00:00Z,82.16,82.45,81.62,81.69,238636,6664,81.973
2025-10-27T04:00:00Z,83.05,83.05,81.53,82.14,240334,6346,82.1295
2025-10-28T04:00:00Z,82.1,82.26,80.45,80.77,237264,7003,81.038
2025-10-29T04:00:00Z,80.49,81.3098,78.62,78.88,276913,8589,79.6864
2025-10-30T04:00:00Z,78.54,79.76,78.5,78.68,262702,8070,78.9332
2025-10-31T04:00:00Z,78.5,79.51,78.5,79.28,308083,6562,78.9451
2025-11-03T05:00:00Z,78.24,79.0225,77.81,78.4,475338,10645,78.4262
2025-11-04T05:00:00Z,77.78,78.38,77.5,78.06,333369,8824,78.036
2025-11-05T05:00:00Z,78.07,79.14,78,78.34,291769,8801,78.5185
2025-11-06T05:00:00Z,78.25,79.42,78.25,78.25,287325,7550,78.649
2025-11-07T05:00:00Z,78,80.27,78,80.09,312109,9322,79.6592
2025-11-10T05:00:00Z,83.05,90.2738,82.55,89.14,785886,15581,88.0489
2025-11-11T05:00:00Z,89.02,89.91,88.265,89.18,541111,11410,89.1111
2025-11-12T05:00:00Z,89.51,89.67,87.73,87.89,388007,10163,88.3093
2025-11-13T05:00:00Z,87.51,88.4,86.7701,87.05,380252,9253,87.1839
2025-11-14T05:00:00Z,85.86,86.79,85.31,85.93,441375,11964,86.0162
2025-11-17T05:00:00Z,85.93,85.93,83.01,83.09,396038,10116,83.7556
2025-11-18T05:00:00Z,83,83.9,80.89,82.76,530557,11769,82.2116
2025-11-19T05:00:00Z,82.99,84.5,82.005,83.06,232492,6272,83.0877
2025-11-20T05:00:00Z,83.99,85,82.5,82.74,327622,7902,83.0043
2025-11-21T05:00:00Z,83.01,84.8,82.4802,84.57,390859,10048,84.1683
2025-11-24T05:00:00Z,84.64,85.74,84,84.94,261870,9363,85.0291
2025-11-25T05:00:00Z,85.6,88.4,85.155,88.32,386070,8692,87.6304
2025-11-26T05:00:00Z,87.98,91.07,87.98,89.71,334841,8311,89.9005
2025-11-28T05:00:00Z,89.81,89.81,88.48,89.53,272825,4567,89.2469
2025-12-01T05:00:00Z,88.42,90.09,88.02,89.85,533929,9360,89.4209
2025-12-02T05:00:00Z,89.88,90.4226,87.98,88.09,509258,10827,88.5965
2025-12-03T05:00:00Z,88.07,89.189,87.16,87.67,188616,6804,87.6402
2025-12-04T05:00:00Z,87.38,87.91,86.57,87.18,252731,7417,87.1452
2025-12-05T05:00:00Z,87.04,88.25,86.03,86.39,477437,8043,86.3418
2025-12-08T05:00:00Z,86.53,86.53,84.43,84.48,489355,9928,84.9882
2025-12-09T05:00:00Z,85.14,86.59,84.35,84.54,272866,6856,84.8719
2025-12-10T05:00:00Z,84.63,85.685,84.3301,85.31,266048,6022,85.2699
2025-12-11T05:00:00Z,85.4,86,84.91,85.2,278587,7467,85.4049
2025-12-12T05:00:00Z,85.37,85.63,84.41,84.57,187771,5447,84.7379
2025-12-15T05:00:00Z,85.19,85.4601,84.13,84.78,256903,6228,84.7069
2025-12-16T05:00:00Z,84.63,84.7999,83.47,83.53,329372,7159,83.7625
2025-12-17T05:00:00Z,83.42,84.55,82.92,82.97,233953,4733,83.1784
2025-12-18T05:00:00Z,85.29,87,83.58,83.8,625299,11452,84.8246
2025-12-19T05:00:00Z,83.8,84.225,78.115,78.46,1290373,17498,79.5384
2025-12-22T05:00:00Z,79.84,80.91,78.26,78.75,892503,14291,79.149
2025-12-23T05:00:00Z,78.9,79.23,77.47,78.11,506561,10361,78.0988
2025-12-24T05:00:00Z,78.08,78.87,77.81,78.71,179809,3748,78.4295
2025-12-26T05:00:00Z,78.43,79.19,78.25,78.9,281171,6494,78.7648
2025-12-29T05:00:00Z,79.15,79.7699,78.64,79.29,341488,8475,79.1522
2025-12-30T05:00:00Z,80.27,80.855,79.7014,80.16,279020,7434,80.331
2025-12-31T05:00:00Z,80.29,80.5599,79.67,79.77,385719,6471,80.0153
