timestamp,open,high,low,close,volume,tradeCount,vwap
2019-07-18T04:00:00Z,16.45,16.51,15.75,16.5,1928469,2446,16.2162
2019-07-19T04:00:00Z,16.74,16.845,16.2,16.35,1257226,2713,16.5051
2019-07-22T04:00:00Z,16.44,16.6,16.1194,16.25,82108,456,16.2566
2019-07-23T04:00:00Z,16.329,16.5,16.25,16.35,107098,474,16.3278
2019-07-24T04:00:00Z,16.26,16.44,15.5,15.72,37577,375,15.9871
2019-07-25T04:00:00Z,15.81,15.81,15.14,15.62,44632,314,15.5206
2019-07-26T04:00:00Z,15.43,15.43,14.65,14.74,77085,710,14.9088
2019-07-29T04:00:00Z,14.84,14.85,13.8,14.25,61425,434,14.2149
2019-07-30T04:00:00Z,14.36,14.9,14.07,14.5,109677,774,14.5525
2019-07-31T04:00:00Z,14.7,15.04,14.48,14.96,11231,103,14.6537
2019-08-01T04:00:00Z,15.33,15.59,14,14.99,36398,363,14.8973
2019-08-02T04:00:00Z,15.57,15.58,14.48,14.75,36027,177,14.9049
2019-08-05T04:00:00Z,14.58,14.585,13.93,14,114172,200,14.0207
2019-08-06T04:00:00Z,14.11,14.4,13.4011,13.85,123299,371,14.0011
2019-08-07T04:00:00Z,13.86,14,13.52,13.8,218354,403,13.8091
2019-08-08T04:00:00Z,13.87,15.38,12.87,13,207473,1082,13.219
2019-08-09T04:00:00Z,12.98,13.3783,12.725,12.87,100368,497,12.9538
2019-08-12T04:00:00Z,14.12,15.39,13.2,13.25,761617,4134,13.798
2019-08-13T04:00:00Z,13.38,13.9,13.07,13.1,537403,2974,13.4673
2019-08-14T04:00:00Z,13.1,13.585,13.03,13.46,602874,4060,13.2708
2019-08-15T04:00:00Z,13.95,14.68,13.28,13.39,379997,2374,13.6089
2019-08-16T04:00:00Z,13.32,13.4898,13.12,13.25,623014,2898,13.2687
2019-08-19T04:00:00Z,13.4,13.7192,13.11,13.15,479212,1693,13.239
2019-08-20T04:00:00Z,13.29,13.4299,13.15,13.25,416208,1494,13.2692
2019-08-21T04:00:00Z,13.25,13.25,12.9,12.97,180688,887,13.0363
2019-08-22T04:00:00Z,13.27,13.27,12.93,12.97,684428,2264,13.0296
2019-08-23T04:00:00Z,12.98,13.38,12.93,13.07,359230,1148,13.0952
2019-08-26T04:00:00Z,13.07,13.45,12.93,13.21,186225,1101,13.1904
2019-08-27T04:00:00Z,13.16,13.47,13,13.1,266256,1337,13.1999
2019-08-28T04:00:00Z,13.07,13.68,13.07,13.24,340560,1518,13.2497
2019-08-29T04:00:00Z,13.2,13.82,13.1,13.72,334352,2123,13.5492
2019-08-30T04:00:00Z,13.64,13.93,13.46,13.8,143393,1199,13.7618
2019-09-03T04:00:00Z,13.78,13.94,13.61,13.91,300701,2712,13.8059
2019-09-04T04:00:00Z,13.95,14.195,13.61,13.98,351871,3310,13.8952
2019-09-05T04:00:00Z,14.07,14.28,13.51,13.86,338192,2593,13.9096
2019-09-06T04:00:00Z,13.9,14,13.56,13.93,312089,2782,13.883
2019-09-09T04:00:00Z,14.02,14.67,13.71,13.93,473755,4217,14.0184
2019-09-10T04:00:00Z,13.89,14.251,13.81,14.04,243350,2365,14.0379
2019-09-11T04:00:00Z,14.01,14.58,14,14.51,510365,3967,14.3721
2019-09-12T04:00:00Z,14.41,15.04,14.175,14.43,582155,4484,14.544
2019-09-13T04:00:00Z,14.45,15.32,14.14,14.46,447378,4193,14.7579
2019-09-16T04:00:00Z,14.36,14.8,13.93,14.21,406048,3401,14.1664
2019-09-17T04:00:00Z,14.19,15.07,14.19,14.66,354154,3296,14.7399
2019-09-18T04:00:00Z,14.66,15.23,14.51,14.83,1021727,3503,14.881
2019-09-19T04:00:00Z,14.82,15.085,14.5527,14.91,1064641,3862,14.8936
2019-09-20T04:00:00Z,14.95,15.42,14.73,14.77,3705491,3853,14.8076
2019-09-23T04:00:00Z,14.77,15.07,13.87,13.95,726981,3028,14.0975
2019-09-24T04:00:00Z,14.05,14.3455,13.75,14.21,760627,2765,14.1183
2019-09-25T04:00:00Z,14.2,15.23,14.2,14.96,663052,3551,14.8944
2019-09-26T04:00:00Z,14.98,15.08,14.42,14.62,121116,1287,14.6423
2019-09-27T04:00:00Z,14.59,14.96,14.43,14.65,165634,1581,14.6297
2019-09-30T04:00:00Z,14.65,15.13,14.63,15,207397,2048,14.9671
2019-10-01T04:00:00Z,15.02,15.26,14.88,14.98,400379,2154,15.039
2019-10-02T04:00:00Z,14.9,15.66,14.89,15.3,593732,2946,15.3461
2019-10-03T04:00:00Z,15.32,15.7703,15.09,15.53,345333,2960,15.4477
2019-10-04T04:00:00Z,15.65,16.0085,15.26,15.38,612003,2561,15.6953
2019-10-07T04:00:00Z,15.38,15.52,14.72,14.92,226332,1787,14.9761
2019-10-08T04:00:00Z,14.77,14.98,14.46,14.54,140018,1433,14.6544
2019-10-09T04:00:00Z,14.54,14.98,14.25,14.54,117162,962,14.424
2019-10-10T04:00:00Z,14.5,15,14.4044,14.74,108607,1186,14.7401
2019-10-11T04:00:00Z,14.76,15.14,14.57,14.87,64513,589,14.9476
2019-10-14T04:00:00Z,14.82,15,14.42,14.79,74121,774,14.7915
2019-10-15T04:00:00Z,14.62,14.94,14.28,14.29,153876,1460,14.4857
2019-10-16T04:00:00Z,14.29,14.67,14.26,14.35,119091,843,14.4509
2019-10-17T04:00:00Z,14.44,14.7086,14.25,14.5,166254,1040,14.3612
2019-10-18T04:00:00Z,14.69,14.71,14.29,14.5,138327,1162,14.5044
2019-10-21T04:00:00Z,14.5,14.6999,14.36,14.69,132322,1034,14.5236
2019-10-22T04:00:00Z,14.69,14.85,14.57,14.67,216812,1437,14.6809
2019-10-23T04:00:00Z,14.56,14.82,14.3902,14.54,82173,562,14.5592
2019-10-24T04:00:00Z,14.62,14.65,14.31,14.44,245511,1216,14.4888
2019-10-25T04:00:00Z,14.38,14.5,14.245,14.32,121542,620,14.404
2019-10-28T04:00:00Z,14.38,14.5,14.15,14.34,110346,1048,14.3369
2019-10-29T04:00:00Z,14.32,14.68,14.16,14.39,236795,1150,14.4689
2019-10-30T04:00:00Z,14.46,14.63,14.14,14.28,210384,1393,14.2648
2019-10-31T04:00:00Z,14.28,14.41,14.23,14.34,219271,1077,14.3443
2019-11-01T04:00:00Z,14.41,15,14.295,14.96,228991,1304,14.7877
2019-11-04T05:00:00Z,15.25,15.31,14.75,14.76,429314,2804,15.0342
2019-11-05T05:00:00Z,14.98,15.05,14.76,14.84,324030,2159,14.9339
2019-11-06T05:00:00Z,14.77,15,14.55,14.81,151333,1326,14.7931
2019-11-07T05:00:00Z,14.93,15.11,14.3,14.8,837530,4146,14.774
2019-11-08T05:00:00Z,15,15.25,14.7544,15.14,784393,3222,14.9803
2019-11-11T05:00:00Z,15.22,16.08,15.04,16.04,428732,2607,15.6179
2019-11-12T05:00:00Z,16,16.58,15.65,16.37,514471,2986,16.162
2019-11-13T05:00:00Z,16.11,16.36,15.75,15.87,392790,2631,15.9976
2019-11-14T05:00:00Z,15.83,16.05,15.625,15.77,156761,924,15.8398
2019-11-15T05:00:00Z,15.85,15.98,15.235,15.6,276637,1628,15.5898
2019-11-18T05:00:00Z,15.58,15.8,15.14,15.42,134864,839,15.4418
2019-11-19T05:00:00Z,15.39,15.6,15.285,15.33,132099,1123,15.4311
2019-11-20T05:00:00Z,15.26,15.45,14.96,15.15,367335,1863,15.1271
2019-11-21T05:00:00Z,15.04,15.29,14.815,15.11,373527,1812,15.1287
2019-11-22T05:00:00Z,15.11,15.3,14.98,15.15,144604,1088,15.1605
2019-11-25T05:00:00Z,15.17,15.44,15.04,15.3,233867,1252,15.2364
2019-11-26T05:00:00Z,15.27,15.305,14.83,14.91,1329416,2799,14.9845
2019-11-27T05:00:00Z,15.01,15.5988,15,15.51,281450,2081,15.3219
2019-11-29T05:00:00Z,15.51,15.5496,15.23,15.39,68734,434,15.3943
2019-12-02T05:00:00Z,15.27,15.6,15.26,15.47,192360,1556,15.4915
2019-12-03T05:00:00Z,15.4,15.77,15.31,15.36,130650,1417,15.4961
2019-12-04T05:00:00Z,15.4,15.515,15.02,15.19,217657,1607,15.2505
2019-12-05T05:00:00Z,15.41,15.41,14.78,14.82,187042,1446,15.0347
2019-12-06T05:00:00Z,14.88,14.99,14.56,14.58,294954,1722,14.6747
2019-12-09T05:00:00Z,14.55,14.99,14.45,14.55,347374,2238,14.6691
2019-12-10T05:00:00Z,14.56,14.7874,14.245,14.5,227709,1522,14.5415
2019-12-11T05:00:00Z,14.52,14.78,14.29,14.77,222526,1410,14.6395
2019-12-12T05:00:00Z,14.65,14.88,14.51,14.56,287025,2486,14.6721
2019-12-13T05:00:00Z,15.92,16.64,15.465,15.64,1863446,7498,16.0386
2019-12-16T05:00:00Z,15.78,16.24,15.45,15.98,481929,3194,15.8517
2019-12-17T05:00:00Z,15.98,16.2,15.65,15.71,238260,1738,15.9536
2019-12-18T05:00:00Z,15.73,15.93,15.4,15.7,310129,1589,15.6746
2019-12-19T05:00:00Z,15.83,15.84,15.49,15.66,437673,1654,15.6892
2019-12-20T05:00:00Z,15.69,15.88,15.56,15.75,482349,1785,15.7257
2019-12-23T05:00:00Z,15.87,16.34,15.8026,16.29,287011,1846,16.1403
2019-12-24T05:00:00Z,16.29,16.5,16.025,16.5,50130,517,16.3904
2019-12-26T05:00:00Z,16.5,16.65,16.14,16.28,69204,734,16.4001
2019-12-27T05:00:00Z,16.35,16.64,15.91,16.01,170349,1347,16.107
2019-12-30T05:00:00Z,15.89,16.13,15.61,16.06,145151,1519,15.905
2019-12-31T05:00:00Z,16.05,16.95,16.0032,16.9,219911,1432,16.6436
2020-01-02T05:00:00Z,16.97,16.97,16.16,16.56,306433,2690,16.4946
2020-01-03T05:00:00Z,16.6,16.73,16.11,16.61,279832,2152,16.4604
2020-01-06T05:00:00Z,16.54,16.87,16.23,16.84,504497,2447,16.5831
2020-01-07T05:00:00Z,16.97,17.33,16.86,17.27,1002392,4643,17.1036
2020-01-08T05:00:00Z,17.35,17.49,16.9,16.97,470521,3475,17.1855
2020-01-09T05:00:00Z,17.25,17.43,17.14,17.28,253566,1652,17.2487
2020-01-10T05:00:00Z,17.39,17.58,17.2,17.32,732351,2973,17.4329
2020-01-13T05:00:00Z,17.37,17.45,17.0545,17.14,245553,1703,17.1965
2020-01-14T05:00:00Z,17.16,17.315,16.88,17.1,507231,2159,17.1784
2020-01-15T05:00:00Z,17.1,17.65,17,17.57,596369,2808,17.5042
2020-01-16T05:00:00Z,17.64,17.66,17.3543,17.57,393304,1896,17.4852
2020-01-17T05:00:00Z,17.58,18.34,17.58,17.99,334836,2571,17.8956
2020-01-21T05:00:00Z,18.2,18.2757,17.86,17.96,323999,2155,17.9875
2020-01-22T05:00:00Z,18.13,18.35,17.9869,18.22,633703,3565,18.1962
2020-01-23T05:00:00Z,18.18,18.38,17.66,17.9,427495,2402,18.0686
2020-01-24T05:00:00Z,17.89,18.08,17.6635,17.86,149778,975,17.9157
2020-01-27T05:00:00Z,17.82,18.03,17.732,17.84,717658,2914,17.8428
2020-01-28T05:00:00Z,19.69,19.69,17.665,18.15,428646,2696,18.2376
2020-01-29T05:00:00Z,18.17,18.27,17.89,18.15,374269,2445,18.0674
2020-01-30T05:00:00Z,18.1,18.19,17.71,18,275086,2580,17.9883
2020-01-31T05:00:00Z,18.01,18.1,17.52,17.68,491984,2301,17.7739
2020-02-03T05:00:00Z,17.7,17.8959,17.47,17.86,414458,2630,17.741
2020-02-04T05:00:00Z,17.94,18.25,17.81,18.07,264045,3183,18.0715
2020-02-05T05:00:00Z,18.17,18.4175,17.85,17.97,334392,2663,18.0187
2020-02-06T05:00:00Z,17.97,18.27,17.92,18.14,147638,1448,18.1086
2020-02-07T05:00:00Z,18.14,18.24,17.82,18,418716,2515,18.0118
2020-02-10T05:00:00Z,18.11,18.1221,17.57,17.69,148884,1493,17.7464
2020-02-11T05:00:00Z,17.76,17.98,17.59,17.61,111156,1205,17.7348
2020-02-12T05:00:00Z,17.62,17.87,17.62,17.7,192893,1783,17.7321
2020-02-13T05:00:00Z,17.76,18.13,17.59,17.99,223315,1643,17.8849
2020-02-14T05:00:00Z,18,18.125,17.75,17.91,179290,1409,17.9296
2020-02-18T05:00:00Z,17.96,18.05,17.6,17.9,273502,2180,17.8284
2020-02-19T05:00:00Z,18.29,18.31,17.75,17.85,394690,2899,17.9336
2020-02-20T05:00:00Z,17.87,18.02,17.82,17.88,332066,2646,17.8808
2020-02-21T05:00:00Z,17.88,18.07,17.76,17.82,316560,2378,17.9284
2020-02-24T05:00:00Z,17.6,17.92,16.84,17.31,236171,2175,17.2259
2020-02-25T05:00:00Z,17.41,17.41,16.38,16.8,392992,3581,16.7225
2020-02-26T05:00:00Z,16.87,16.87,15.48,15.93,901868,6078,15.9528
2020-02-27T05:00:00Z,15.43,17.8153,14.78,14.96,545503,4540,15.2352
2020-02-28T05:00:00Z,15.99,15.99,14.16,15.11,1208078,6663,14.8827
2020-03-02T05:00:00Z,15.03,15.15,14.34,15,995206,4413,14.803
2020-03-03T05:00:00Z,15.13,15.13,14.525,14.72,486158,3072,14.7229
2020-03-04T05:00:00Z,14.83,14.8635,14.18,14.4,376809,2691,14.3593
2020-03-05T05:00:00Z,14.12,14.131,13.2,13.35,593334,4111,13.463
2020-03-06T05:00:00Z,13.29,13.84,12.75,12.76,577266,3474,13.1893
2020-03-09T04:00:00Z,11.89,12.0709,11.14,11.43,963642,7163,11.4682
2020-03-10T04:00:00Z,11.91,11.91,10.71,11.07,902390,5150,11.1962
2020-03-11T04:00:00Z,10.98,11.13,10.39,10.64,723959,5361,10.7511
2020-03-12T04:00:00Z,9.87,10.47,7.51,8.29,1261398,6594,8.36713
2020-03-13T04:00:00Z,8.58,11.08,8.16,10.39,1029626,4459,9.13688
2020-03-16T04:00:00Z,8.98,9.31,7.57,7.61,762065,7828,8.36048
2020-03-17T04:00:00Z,7.9,8.94,7.35,7.45,814771,5092,7.79498
2020-03-18T04:00:00Z,7.12,7.45,5.865,6.38,801329,5609,6.35191
2020-03-19T04:00:00Z,6.29,7.3499,6.28,7.01,632764,4539,7.02086
2020-03-20T04:00:00Z,7.05,8.49,6.9,8.27,1674684,6461,8.01615
2020-03-23T04:00:00Z,8.1,8.29,7.42,8.29,611636,4442,7.94572
2020-03-24T04:00:00Z,8.97,9.23,8.71,9.02,527077,3633,8.99935
2020-03-25T04:00:00Z,9.2,9.5,7.74,7.93,1077032,7373,8.16226
2020-03-26T04:00:00Z,8.32,8.66,7.26,7.51,798157,6731,7.82044
2020-03-27T04:00:00Z,7.51,7.604,6.76,6.95,919097,5920,6.99253
2020-03-30T04:00:00Z,7,7.57,6.6,7.11,1135985,6978,7.07583
2020-03-31T04:00:00Z,7.18,7.465,6.97,7.31,695253,5276,7.28736
2020-04-01T04:00:00Z,6.67,6.67,6,6.34,1658666,8084,6.28447
2020-04-02T04:00:00Z,6.38,6.64,5.41,5.5,1316008,6194,6.07834
2020-04-03T04:00:00Z,5.5,5.68,4.31,4.87,1047651,6982,4.80978
2020-04-06T04:00:00Z,5.11,5.33,4.7501,4.79,669654,5270,4.97905
2020-04-07T04:00:00Z,5.04,6.22,5.04,5.71,1490202,7766,5.75241
2020-04-08T04:00:00Z,5.74,6.69,5.71,6.53,895180,6223,6.39769
2020-04-09T04:00:00Z,6.85,7.7,6.85,7.69,1378540,8403,7.38135
2020-04-13T04:00:00Z,7.7,7.795,6.46,7.21,709188,6073,6.96228
2020-04-14T04:00:00Z,7.39,8.8,7.2701,7.48,752712,5866,7.77146
2020-04-15T04:00:00Z,7.28,7.43,6.82,7.3,602098,4118,7.16023
2020-04-16T04:00:00Z,7.46,7.5,6.89,7,645181,4694,7.1629
2020-04-17T04:00:00Z,7.18,7.49,7.01,7.34,562711,4265,7.23822
2020-04-20T04:00:00Z,7,7.445,6.9,7.07,384153,3612,7.15632
2020-04-21T04:00:00Z,7.01,7.08,6.11,6.26,739881,5942,6.43284
2020-04-22T04:00:00Z,6.76,6.97,6.19,6.225,563627,4242,6.38168
2020-04-23T04:00:00Z,6.3,6.41,5.94,6.14,831830,5820,6.12056
2020-04-24T04:00:00Z,6.14,6.21,5.61,5.65,785765,5995,5.76385
2020-04-27T04:00:00Z,5.89,7.4,5.77,6.9,1558216,9246,6.58289
2020-04-28T04:00:00Z,7.39,7.7,6.71,7.17,1055980,7918,7.1716
2020-04-29T04:00:00Z,7.5,7.68,7.3,7.63,981657,6192,7.52243
2020-04-30T04:00:00Z,7.5,7.5,6.93,7.02,1624069,6812,7.03546
2020-05-01T04:00:00Z,6.88,7.07,6.51,6.74,1353640,8296,6.73157
2020-05-04T04:00:00Z,6.57,6.91,6.345,6.57,1383691,8940,6.59304
2020-05-05T04:00:00Z,6.71,7.13,6.49,6.61,916136,5842,6.88134
2020-05-06T04:00:00Z,6.69,7.05,6.48,6.62,765654,4526,6.66941
2020-05-07T04:00:00Z,6.7,7.26,6.7,7,857782,5758,7.02419
2020-05-08T04:00:00Z,7.13,8,6.98,7,1460516,9685,7.33872
2020-05-11T04:00:00Z,6.97,7.07,6.2,6.6,1405735,8336,6.54553
2020-05-12T04:00:00Z,6.72,6.97,6.36,6.4,638745,4871,6.50233
2020-05-13T04:00:00Z,6.35,6.37,5.76,6.07,824934,5617,6.06068
2020-05-14T04:00:00Z,5.87,6.77,5.87,6.68,1134592,7275,6.35225
2020-05-15T04:00:00Z,6.63,7.09,6.34,6.73,681949,4131,6.85647
2020-05-18T04:00:00Z,7.03,7.6,6.95,7.15,768367,5522,7.31669
2020-05-19T04:00:00Z,7.17,7.41,6.8,7,483980,4011,7.13367
2020-05-20T04:00:00Z,7.14,7.41,6.98,7.05,445802,3798,7.17497
2020-05-21T04:00:00Z,7.17,7.38,6.9,7.25,639999,4218,7.22978
2020-05-22T04:00:00Z,7.34,7.36,6.9,7.02,412005,3424,7.03293
2020-05-26T04:00:00Z,7.43,8.45,7.35,8.33,1315103,8572,7.99226
2020-05-27T04:00:00Z,8.73,9.15,8.27,9.06,983072,6387,8.80687
2020-05-28T04:00:00Z,9.14,9.16,8.05,8.125,805352,6339,8.51843
2020-05-29T04:00:00Z,8.02,8.79,8.02,8.7,1156362,6095,8.61209
2020-06-01T04:00:00Z,8.67,8.93,8.4001,8.55,640256,4765,8.59102
2020-06-02T04:00:00Z,8.58,8.93,8.58,8.71,596567,3947,8.73298
2020-06-03T04:00:00Z,8.9,9.98,8.86,9.83,1374612,8199,9.38976
2020-06-04T04:00:00Z,9.85,9.98,9.46,9.56,1104516,8895,9.74697
2020-06-05T04:00:00Z,10,12.34,9.955,10.61,3267589,17687,11.2592
2020-06-08T04:00:00Z,10.76,11.63,10.71,11.6,1569872,11301,11.1959
2020-06-09T04:00:00Z,11.25,11.34,10.47,10.57,954691,8757,10.801
2020-06-10T04:00:00Z,10.47,10.6067,9.87,9.95,1026642,9108,10.0609
2020-06-11T04:00:00Z,9.3,9.399,8.69,8.82,771181,6829,8.92324
2020-06-12T04:00:00Z,9.65,10.08,9.15,9.33,1003427,8845,9.49167
2020-06-15T04:00:00Z,8.83,9.97,8.78,9.94,1438788,12433,9.62919
2020-06-16T04:00:00Z,10.63,10.99,9.38,9.52,1024421,8635,9.90849
2020-06-17T04:00:00Z,9.51,9.875,9.23,9.65,691188,6748,9.61097
2020-06-18T04:00:00Z,9.51,9.88,9.29,9.4,580009,4934,9.45934
2020-06-19T04:00:00Z,9.51,9.9499,9.37,9.57,1309171,8124,9.58454
2020-06-22T04:00:00Z,9.57,9.74,9.06,9.16,752041,6800,9.21938
2020-06-23T04:00:00Z,9.28,9.99,9.23,9.93,1140162,9416,9.83843
2020-06-24T04:00:00Z,9.92,10.2,9.34,9.69,1361745,11985,9.70586
2020-06-25T04:00:00Z,9.64,10.23,9.421,9.83,1043033,9136,9.86073
2020-06-26T04:00:00Z,9.7,9.78,8.84,9.02,12937186,13280,9.02958
2020-06-29T04:00:00Z,9.19,9.2289,8.345,8.45,860643,6342,8.6485
2020-06-30T04:00:00Z,8.75,9.07,8.32,8.35,1333223,8948,8.4829
2020-07-01T04:00:00Z,8,8.37,7.68,7.89,1835494,11563,7.93391
2020-07-02T04:00:00Z,7.97,8.23,7.1,7.14,1498034,9947,7.39633
2020-07-06T04:00:00Z,7.38,8.05,6.25,7.12,2165226,13578,6.87374
2020-07-07T04:00:00Z,7.02,7.2,6.62,7.1,1291119,9695,6.99104
2020-07-08T04:00:00Z,7.1,7.2,6.83,7.1,1295067,8935,7.04435
2020-07-09T04:00:00Z,7.1,7.1,6.612,6.8,1461146,10926,6.80311
2020-07-10T04:00:00Z,6.68,6.83,6.45,6.65,1453208,8925,6.63957
2020-07-13T04:00:00Z,6.75,7.07,6.62,6.82,1046646,8053,6.86775
2020-07-14T04:00:00Z,6.8,7.09,6.63,7.06,1373071,6578,6.92493
2020-07-15T04:00:00Z,7.25,7.42,7.1,7.2,1649168,10930,7.22936
2020-07-16T04:00:00Z,7.4,8.8,7.13,8.63,4038842,21953,8.08722
2020-07-17T04:00:00Z,8.55,9.11,8.37,8.86,1653646,13094,8.75049
2020-07-20T04:00:00Z,8.82,8.9899,8.57,8.68,1025458,7514,8.72762
2020-07-21T04:00:00Z,8.15,8.72,7.97,8.13,1360965,11396,8.26858
2020-07-22T04:00:00Z,8.04,8.87,7.99,8.5,951632,7597,8.54409
2020-07-23T04:00:00Z,8.35,8.89,8.35,8.65,529191,4880,8.70311
2020-07-24T04:00:00Z,8.8,8.83,8.15,8.28,599417,4507,8.35316
2020-07-27T04:00:00Z,8.29,8.42,7.89,8.27,732424,6449,8.1622
2020-07-28T04:00:00Z,8.21,8.4575,8.05,8.33,439588,3910,8.31736
2020-07-29T04:00:00Z,8.35,8.46,8.06,8.12,397992,3484,8.17617
2020-07-30T04:00:00Z,8.1,8.49,8.03,8.42,599285,3692,8.22738
2020-07-31T04:00:00Z,8.35,8.48,8,8.36,629701,4443,8.21998
2020-08-03T04:00:00Z,8.42,9.09,8.35,8.94,1436809,10089,8.77078
2020-08-04T04:00:00Z,8.92,9.315,8.9,9.12,751345,7571,9.12901
2020-08-05T04:00:00Z,9.29,9.29,8.5,8.6,770338,6008,8.67493
2020-08-06T04:00:00Z,8.47,8.48,7.6,8.08,2571124,17473,8.10041
2020-08-07T04:00:00Z,8.21,8.24,7.91,8.04,993021,8342,8.05472
2020-08-10T04:00:00Z,8.08,8.95,8.05,8.84,1204139,9362,8.74095
2020-08-11T04:00:00Z,8.85,9.94,8.85,9.65,1389018,9896,9.47635
2020-08-12T04:00:00Z,9.77,9.9,9.31,9.44,508183,3808,9.51088
2020-08-13T04:00:00Z,9.38,9.61,8.98,9.05,401056,3917,9.14919
2020-08-14T04:00:00Z,9,9.29,8.915,8.98,418868,3741,9.04644
2020-08-17T04:00:00Z,8.96,9.13,8.75,9.05,366285,3374,9.0201
2020-08-18T04:00:00Z,9.01,9.11,8.86,8.95,217422,2346,8.97287
2020-08-19T04:00:00Z,8.94,9.31,8.94,9.2,322439,2892,9.18053
2020-08-20T04:00:00Z,9.02,9.12,8.625,8.65,363166,3408,8.76951
2020-08-21T04:00:00Z,8.58,8.58,7.96,8.16,867149,6479,8.2433
2020-08-24T04:00:00Z,8.21,8.88,7.99,8.75,699334,6076,8.46991
2020-08-25T04:00:00Z,8.69,9.18,8.61,9.16,510601,3761,9.01974
2020-08-26T04:00:00Z,9.15,9.45,9.15,9.31,286048,2997,9.31709
2020-08-27T04:00:00Z,9.32,9.65,9.0705,9.21,352691,3785,9.31466
2020-08-28T04:00:00Z,9.21,9.36,8.84,9.12,354220,3506,9.0886
2020-08-31T04:00:00Z,9.06,9.3,8.92,9.22,340417,2239,9.19344
2020-09-01T04:00:00Z,9.11,9.24,8.94,9.13,270927,2217,9.08438
2020-09-02T04:00:00Z,9.1,9.39,8.9901,9.15,399272,4030,9.1816
2020-09-03T04:00:00Z,9.21,9.54,8.88,8.92,466570,3522,9.06244
2020-09-04T04:00:00Z,9.12,9.28,8.93,9.2,284945,2596,9.10511
2020-09-08T04:00:00Z,9.02,10.24,8.75,9.13,1878481,10545,9.51128
2020-09-09T04:00:00Z,9.13,9.52,8.69,9.24,878021,5232,9.21742
2020-09-10T04:00:00Z,9.25,9.625,9.1,9.18,396930,2945,9.34748
2020-09-11T04:00:00Z,9.17,9.19,8.84,9.01,246174,2371,9.02694
2020-09-14T04:00:00Z,9.11,9.25,9.06,9.2,438799,4014,9.19882
2020-09-15T04:00:00Z,9.25,9.26,8.9,8.93,231890,2425,9.02982
2020-09-16T04:00:00Z,8.98,9.44,8.7504,9.29,543320,3828,9.20416
2020-09-17T04:00:00Z,9.12,9.33,9.02,9.29,674359,2911,9.27243
2020-09-18T04:00:00Z,9.43,9.43,8.73,9.12,1471034,4497,9.12331
2020-09-21T04:00:00Z,8.96,8.96,8.55,8.85,578435,5267,8.77423
2020-09-22T04:00:00Z,8.87,8.99,7.81,8.11,1341157,9798,8.11912
2020-09-23T04:00:00Z,8.05,8.24,7.4801,7.63,824087,6570,7.74728
2020-09-24T04:00:00Z,7.63,7.88,7.41,7.79,634088,6096,7.75898
2020-09-25T04:00:00Z,7.7,8,7.6254,7.93,232041,2283,7.87476
2020-09-28T04:00:00Z,8.11,8.89,8.015,8.79,1052526,6452,8.68344
2020-09-29T04:00:00Z,8.8,8.96,8.56,8.78,900154,4950,8.77983
2020-09-30T04:00:00Z,8.72,9.09,8.04,8.12,662677,3715,8.45165
2020-10-01T04:00:00Z,8.26,8.4771,7.985,8.13,564919,4765,8.10486
2020-10-02T04:00:00Z,7.93,8.32,7.81,8.19,467701,2959,8.11272
2020-10-05T04:00:00Z,8.22,8.2999,7.94,8.2,515211,4360,8.14487
2020-10-06T04:00:00Z,8.34,8.3999,7.985,8.01,548528,4156,8.09816
2020-10-07T04:00:00Z,8.17,8.22,7.99,8.19,1009681,4472,8.12632
2020-10-08T04:00:00Z,8.2,8.36,8.11,8.2,854166,3226,8.2252
2020-10-09T04:00:00Z,8.2,8.2999,8.05,8.13,472836,3433,8.13017
2020-10-12T04:00:00Z,8.18,8.41,8.01,8.36,424820,3244,8.26854
2020-10-13T04:00:00Z,8.31,8.3616,7.91,8,850285,5065,8.08695
2020-10-14T04:00:00Z,8.07,8.09,7.84,7.93,810591,4873,7.9721
2020-10-15T04:00:00Z,7.89,7.96,7.71,7.93,497785,3738,7.90111
2020-10-16T04:00:00Z,7.93,8.18,7.83,8.1,776610,4266,8.01032
2020-10-19T04:00:00Z,8.12,8.1661,7.83,7.85,693374,3538,7.95782
2020-10-20T04:00:00Z,7.97,8.06,7.81,7.91,662457,4221,7.93718
2020-10-21T04:00:00Z,7.91,7.94,7.74,7.79,490539,3259,7.84825
2020-10-22T04:00:00Z,7.87,8.53,7.78,8.34,720421,4162,8.28657
2020-10-23T04:00:00Z,8.49,9.11,8.2424,8.85,1859796,8261,8.74001
2020-10-26T04:00:00Z,8.71,8.81,8.035,8.36,584472,3364,8.36152
2020-10-27T04:00:00Z,8.31,8.7999,8.17,8.68,507296,3485,8.56909
2020-10-28T04:00:00Z,8.43,8.4865,8.12,8.31,442287,3229,8.29364
2020-10-29T04:00:00Z,8.27,8.64,8.06,8.52,366402,3949,8.49964
2020-10-30T04:00:00Z,8.52,8.67,8.03,8.22,403113,2651,8.21852
2020-11-02T05:00:00Z,8.35,8.74,8.16,8.65,522896,3078,8.58951
2020-11-03T05:00:00Z,8.83,9.04,8.67,8.79,843833,4144,8.87683
2020-11-04T05:00:00Z,8.78,8.8699,8.29,8.43,331852,3135,8.45928
2020-11-05T05:00:00Z,8.5,9.08,8.5,8.99,605997,4419,8.92601
2020-11-06T05:00:00Z,9,9.2099,8.85,8.87,549702,3438,8.99931
2020-11-09T05:00:00Z,9.7,10.83,9.55,10.21,1192572,9493,10.3062
2020-11-10T05:00:00Z,10.21,10.49,9.31,9.72,1146897,7939,9.75907
2020-11-11T05:00:00Z,9.83,10.555,9.71,10.2,803693,5315,10.2438
2020-11-12T05:00:00Z,10.09,10.44,9.7054,9.83,718740,4256,10.0162
2020-11-13T05:00:00Z,9.95,10.25,9.67,10.13,699300,4003,10.0709
2020-11-16T05:00:00Z,10.4,10.81,10.125,10.4,1234452,6821,10.4083
2020-11-17T05:00:00Z,10.29,10.54,10.11,10.35,472782,3637,10.3601
2020-11-18T05:00:00Z,10.5,10.5,10.14,10.16,560038,4610,10.3104
2020-11-19T05:00:00Z,10.15,10.32,9.67,9.84,837144,4343,9.99734
2020-11-20T05:00:00Z,10.25,10.85,10.02,10.79,1531964,8712,10.4289
2020-11-23T05:00:00Z,10.98,12.44,10.97,11.87,1667859,10021,11.6996
2020-11-24T05:00:00Z,11.905,12.46,11.53,11.83,1289669,6189,11.953
2020-11-25T05:00:00Z,11.7,12.11,11.05,12.05,983556,6681,11.7485
2020-11-27T05:00:00Z,12.05,13.17,12.05,12.47,864552,4477,12.5848
2020-11-30T05:00:00Z,12.48,12.52,11.57,11.955,1100746,5588,12.0006
2020-12-01T05:00:00Z,12.06,12.41,11.9,11.96,903696,6238,12.0907
2020-12-02T05:00:00Z,11.85,12.41,11.76,12.2,678675,5534,12.1305
2020-12-03T05:00:00Z,12.25,12.64,12.12,12.28,678485,5348,12.3191
2020-12-04T05:00:00Z,12.3,12.59,12.1446,12.36,397594,2990,12.4133
2020-12-07T05:00:00Z,12.33,12.79,11.9502,12.58,531945,4206,12.4718
2020-12-08T05:00:00Z,12.4,12.8399,12.21,12.51,588948,4091,12.586
2020-12-09T05:00:00Z,12.66,12.92,12.29,12.37,684985,4413,12.5301
2020-12-10T05:00:00Z,12.27,12.78,12.14,12.5,523228,4888,12.4897
2020-12-11T05:00:00Z,12.27,12.48,12.12,12.27,461786,4353,12.3328
2020-12-14T05:00:00Z,12.37,12.9,11.94,12.4,1793039,9971,12.4988
2020-12-15T05:00:00Z,12.5,12.54,12.26,12.45,928481,6984,12.446
2020-12-16T05:00:00Z,12.47,12.56,12.16,12.4,758181,5471,12.3953
2020-12-17T05:00:00Z,12.12,12.73,12.12,12.65,1236164,5939,12.5309
2020-12-18T05:00:00Z,12.28,12.57,11.92,12.45,2415740,10325,12.3331
2020-12-21T05:00:00Z,12.34,12.34,11.73,12,1468356,11341,11.9476
2020-12-22T05:00:00Z,12.04,12.25,11.82,12.16,1068184,7258,12.1097
2020-12-23T05:00:00Z,12.29,12.63,11.83,11.99,1388139,9881,12.1037
2020-12-24T05:00:00Z,12.03,12.15,11.79,12.15,326810,2259,12.0599
2020-12-28T05:00:00Z,12.19,13.004,12.14,12.81,1110394,7270,12.751
2020-12-29T05:00:00Z,12.95,12.95,12.57,12.785,693652,5222,12.7588
2020-12-30T05:00:00Z,12.83,13.1,12.62,12.85,413904,3398,12.9178
2020-12-31T05:00:00Z,12.93,13.02,12.63,12.98,530037,3330,12.9378
2021-01-04T05:00:00Z,13.02,13.0872,12.49,12.92,634135,3453,12.886
2021-01-05T05:00:00Z,12.92,13.15,12.75,12.86,769620,5282,12.9325
2021-01-06T05:00:00Z,13.11,13.83,12.77,13.62,1162914,7362,13.5001
2021-01-07T05:00:00Z,13.69,13.7288,13.1,13.45,458782,4141,13.428
2021-01-08T05:00:00Z,13.51,13.57,12.91,13.28,492338,4179,13.2063
2021-01-11T05:00:00Z,13.1,13.5,12.96,13.33,421168,3208,13.299
2021-01-12T05:00:00Z,13.35,13.8,13.33,13.75,705652,6458,13.6536
2021-01-13T05:00:00Z,13.39,13.82,12.955,13.33,735963,6248,13.2922
2021-01-14T05:00:00Z,13.47,13.79,13.25,13.35,692318,5236,13.4754
2021-01-15T05:00:00Z,13.31,13.85,13.12,13.8,875137,6532,13.5639
2021-01-19T05:00:00Z,13.99,14.38,13.63,13.9,1832066,10395,13.9949
2021-01-20T05:00:00Z,14.04,14.25,13.515,13.56,1040558,6384,13.7298
2021-01-21T05:00:00Z,13.56,13.99,13.35,13.68,722050,4892,13.7479
2021-01-22T05:00:00Z,13.54,13.7,13.24,13.7,612116,3479,13.5383
2021-01-25T05:00:00Z,13.59,14.19,13.51,13.98,1093957,8211,13.906
2021-01-26T05:00:00Z,14.12,14.75,14.12,14.5,2515173,13223,14.4517
2021-01-27T05:00:00Z,14.3,15.56,14.2,14.86,5590150,25006,15.0361
2021-01-28T05:00:00Z,14.87,15.08,14.13,14.42,1363809,8202,14.4349
2021-01-29T05:00:00Z,14.52,15.21,14.1177,14.54,1796954,11362,14.7161
2021-02-01T05:00:00Z,14.5,14.7,13.67,13.885,749023,4692,13.9718
2021-02-02T05:00:00Z,13.92,14.15,13.42,14,1621292,9805,13.8053
2021-02-03T05:00:00Z,14,14.16,13.8,13.92,866065,6126,13.9717
2021-02-04T05:00:00Z,13.92,14.1,13.76,13.84,935423,6630,13.931
2021-02-05T05:00:00Z,13.88,14.11,13.8,13.99,769871,5414,13.9876
2021-02-08T05:00:00Z,14.24,14.69,14.05,14.31,1575986,9376,14.2963
2021-02-09T05:00:00Z,14.17,14.48,14.02,14.4,911213,4747,14.3062
2021-02-10T05:00:00Z,14.47,14.85,14.4,14.54,522557,4961,14.5962
2021-02-11T05:00:00Z,14.55,14.93,14.4,14.8,588047,4017,14.7638
2021-02-12T05:00:00Z,14.69,15.1,14.64,14.9,675478,5476,14.9316
2021-02-16T05:00:00Z,14.95,15.55,14.7193,14.81,521797,4391,14.9139
2021-02-17T05:00:00Z,14.9,15.27,14.4739,14.74,629447,5812,14.8767
2021-02-18T05:00:00Z,14.85,15.215,14.72,14.75,565571,4636,14.9035
2021-02-19T05:00:00Z,14.75,14.88,14.51,14.75,630933,4647,14.6992
2021-02-22T05:00:00Z,14.74,15.225,14.74,14.84,567710,5211,14.9563
2021-02-23T05:00:00Z,14.85,14.9,14.24,14.8,868437,7455,14.6912
2021-02-24T05:00:00Z,14.87,14.99,14.4,14.51,715844,5335,14.6137
2021-02-25T05:00:00Z,14.5,14.555,13.46,13.61,723642,6423,13.801
2021-02-26T05:00:00Z,13.51,14.17,13.44,14.07,982245,7569,13.8972
2021-03-01T05:00:00Z,14.66,15.55,14.23,15,2349425,10597,15.1482
2021-03-02T05:00:00Z,15.1,15.99,15.1,15.71,2987912,15940,15.6417
2021-03-03T05:00:00Z,15.65,16.1,15.32,15.34,891595,7258,15.6091
2021-03-04T05:00:00Z,15.72,15.99,14.91,15.1,1709165,10593,15.2734
2021-03-05T05:00:00Z,15.32,15.89,15.07,15.76,1110179,9451,15.5698
2021-03-08T05:00:00Z,15.93,16.33,15.71,15.93,1403823,9779,16.1083
2021-03-09T05:00:00Z,16,16.29,15.65,15.82,547556,5842,16.0158
2021-03-10T05:00:00Z,15.77,16.37,15.77,15.89,685059,6184,16.0288
2021-03-11T05:00:00Z,15.95,16.34,15.8,15.99,1095592,7247,16.0435
2021-03-12T05:00:00Z,16.02,16.62,16.02,16.54,1700898,10841,16.4572
2021-03-15T04:00:00Z,16.56,17.25,16.52,16.87,1524019,10304,16.9253
2021-03-16T04:00:00Z,17.5,19.1,17.4,18.75,3949371,18134,18.3382
2021-03-17T04:00:00Z,18.27,19.08,18.16,18.97,2324500,10885,18.7421
2021-03-18T04:00:00Z,18.84,18.99,17.79,17.835,2052995,10491,18.287
2021-03-19T04:00:00Z,17.87,18.85,17.76,18.09,6730337,10365,18.1173
2021-03-22T04:00:00Z,18.06,18.06,17.21,17.685,1396918,5374,17.655
2021-03-23T04:00:00Z,17.63,17.75,16.99,17.14,1507006,6380,17.1794
2021-03-24T04:00:00Z,17.17,17.2964,15.86,16.05,937508,8758,16.2807
2021-03-25T04:00:00Z,16.63,17.74,16.41,17.51,1360686,10936,17.2989
2021-03-26T04:00:00Z,17.71,17.85,16.3,17.14,1006575,9581,16.971
2021-03-29T04:00:00Z,17,17.56,17,17.34,900526,7025,17.2743
2021-03-30T04:00:00Z,17.43,18.29,17.41,18.09,1633954,8267,18.023
2021-03-31T04:00:00Z,18.03,18.49,17.8155,18.15,957594,8076,18.1742
2021-04-01T04:00:00Z,18.28,18.5,17.93,18.28,892327,4952,18.2006
2021-04-05T04:00:00Z,18.44,18.44,18.05,18.24,715260,5975,18.2273
2021-04-06T04:00:00Z,18.18,18.36,17.83,17.87,394401,3859,18.0533
2021-04-07T04:00:00Z,18,18.15,17.4,17.83,1046349,7077,17.7195
2021-04-08T04:00:00Z,17.83,17.85,17.27,17.8,701887,5116,17.5845
2021-04-09T04:00:00Z,17.69,18.494,17.69,18.21,3211797,12890,18.2402
2021-04-12T04:00:00Z,18.21,18.34,17.45,17.48,644756,6359,17.6207
2021-04-13T04:00:00Z,18.17,20.09,17.94,19.79,5512678,30180,19.1844
2021-04-14T04:00:00Z,19.72,20.31,19.15,19.63,1577873,12069,19.7832
2021-04-15T04:00:00Z,19.75,19.99,19.24,19.33,547617,6112,19.4456
2021-04-16T04:00:00Z,19.51,19.51,18.92,19.25,785138,6086,19.2331
2021-04-19T04:00:00Z,19.18,19.47,18.68,19.25,1500452,7149,19.038
2021-04-20T04:00:00Z,19.23,19.25,18.45,18.92,555329,5362,18.7552
2021-04-21T04:00:00Z,18.88,19.52,18.61,19.45,687704,6013,19.3282
2021-04-22T04:00:00Z,19.55,19.787,19.35,19.62,532426,5612,19.6442
2021-04-23T04:00:00Z,19.69,19.87,19.53,19.64,659616,6046,19.6835
2021-04-26T04:00:00Z,19.7079,19.8,19.43,19.58,495512,4506,19.6386
2021-04-27T04:00:00Z,19.6,19.67,18.95,19.12,648207,5852,19.2057
2021-04-28T04:00:00Z,19.15,19.52,18.93,19.06,830085,7484,19.1538
2021-04-29T04:00:00Z,19.27,19.46,18.96,19.105,800568,7235,19.1716
2021-04-30T04:00:00Z,19,19.41,18.96,19.14,833832,6048,19.15
2021-05-03T04:00:00Z,19.32,19.74,18.8,19.62,1269643,9095,19.4234
2021-05-04T04:00:00Z,19.61,19.63,19.033,19.38,682241,6672,19.2552
2021-05-05T04:00:00Z,19.33,20.07,19.28,20.02,1130932,9301,19.8094
2021-05-06T04:00:00Z,20.03,20.35,19.4,19.86,938147,10087,19.7063
2021-05-07T04:00:00Z,20.22,23.39,20.06,22.64,3268386,26844,22.3925
2021-05-10T04:00:00Z,23.83,24.07,22.8201,22.9,2069796,18953,23.2393
2021-05-11T04:00:00Z,22.38,22.9,22.125,22.59,994432,14122,22.5199
2021-05-12T04:00:00Z,22.14,22.58,21.82,22.04,584485,7146,22.1282
2021-05-13T04:00:00Z,22.15,22.81,21.81,21.99,667063,8223,22.1615
2021-05-14T04:00:00Z,22.32,22.92,22.18,22.64,1245250,10338,22.6428
2021-05-17T04:00:00Z,22.38,22.85,22.12,22.7,690300,7297,22.5303
2021-05-18T04:00:00Z,22.89,23.07,22.43,22.43,591107,6568,22.6953
2021-05-19T04:00:00Z,21.92,22.33,21.28,22.23,990193,9147,22.0066
2021-05-20T04:00:00Z,22.29,22.58,21.49,22,1139337,11328,22.1541
2021-05-21T04:00:00Z,22.19,22.33,21.76,22.03,1550798,14324,22.0425
2021-05-24T04:00:00Z,22.07,22.97,21.91,22.47,1459348,13633,22.5706
2021-05-25T04:00:00Z,22.65,23.1,22.29,22.36,1039377,10530,22.5426
2021-05-26T04:00:00Z,22.79,22.79,22.2101,22.34,760068,8031,22.4586
2021-05-27T04:00:00Z,22.42,22.97,21.93,22.92,2108151,9800,22.823
2021-05-28T04:00:00Z,23.01,23.32,22.42,23.21,771254,9187,23.0918
2021-06-01T04:00:00Z,23.26,24.66,23.26,23.91,1543350,14625,23.9586
2021-06-02T04:00:00Z,23.87,24.12,23.42,23.82,978929,8682,23.8101
2021-06-03T04:00:00Z,23.58,23.83,23.33,23.58,536857,6673,23.6243
2021-06-04T04:00:00Z,23.71,23.78,23.16,23.6,543916,6978,23.4949
2021-06-07T04:00:00Z,23.43,24.66,23.385,24.5,1230294,12354,24.3107
2021-06-08T04:00:00Z,24.405,24.95,24.39,24.84,747414,8901,24.7963
2021-06-09T04:00:00Z,25.02,25.42,24.55,24.56,606583,8218,24.7333
2021-06-10T04:00:00Z,24.54,24.77,24.13,24.27,555603,7103,24.3123
2021-06-11T04:00:00Z,24.36,25.03,24.29,24.77,950659,8030,24.7198
2021-06-14T04:00:00Z,24.92,25.11,24.54,24.79,719491,9029,24.7867
2021-06-15T04:00:00Z,24.7,24.9,24.21,24.81,874990,6928,24.6244
2021-06-16T04:00:00Z,24.71,25.46,24.69,25.35,2171595,11907,25.2401
2021-06-17T04:00:00Z,25.23,25.64,24.67,25.32,1995721,13453,25.1603
2021-06-18T04:00:00Z,24.92,26.07,24.6,25.66,2655848,14508,25.5266
2021-06-21T04:00:00Z,25.75,26.4239,25.5,26.09,1809292,12231,26.091
2021-06-22T04:00:00Z,26,26.755,25.8,26.69,1561285,9391,26.5505
2021-06-23T04:00:00Z,26.61,26.87,26.11,26.77,853431,10165,26.549
2021-06-24T04:00:00Z,27.6,28.24,27.25,27.93,1317192,13324,27.6792
2021-06-25T04:00:00Z,27.8,28.15,27.25,27.36,10712869,14197,27.3878
2021-06-28T04:00:00Z,27.05,27.275,26.38,27.02,866907,10258,26.8316
2021-06-29T04:00:00Z,27.38,27.51,26.71,26.76,848958,8202,27.1211
2021-06-30T04:00:00Z,26.87,27.0995,26.4438,26.93,897549,5477,26.9378
2021-07-01T04:00:00Z,27.19,27.61,26.87,26.99,1181753,10990,27.2224
2021-07-02T04:00:00Z,27.36,27.36,26.13,26.73,602013,6021,26.6352
2021-07-06T04:00:00Z,26.73,26.75,25.72,26.2,501094,6860,26.0765
2021-07-07T04:00:00Z,26.14,26.25,25.57,26.1,497120,5876,26.0456
2021-07-08T04:00:00Z,25.68,26.06,25.23,25.71,1009929,10262,25.6801
2021-07-09T04:00:00Z,25.8,26.18,25.48,26.08,563983,5819,26.015
2021-07-12T04:00:00Z,25.92,26.36,25.57,26.04,577915,5513,25.981
2021-07-13T04:00:00Z,25.99,26.23,25.34,25.58,1046182,8658,25.5904
2021-07-14T04:00:00Z,25.58,25.82,24.47,25,1398734,10140,25.0471
2021-07-15T04:00:00Z,24.575,25.02,24.22,24.49,1188791,10094,24.4895
2021-07-16T04:00:00Z,25.02,25.67,24.765,24.91,1064912,9785,25.0139
2021-07-19T04:00:00Z,24.23,24.85,23.841,24.45,1046960,8300,24.4332
2021-07-20T04:00:00Z,24.5,24.87,24.265,24.61,1404405,10629,24.6061
2021-07-21T04:00:00Z,24.85,25.62,24.73,25.49,1227516,10209,25.3824
2021-07-22T04:00:00Z,25.41,25.41,24.56,25.01,623025,7179,24.9782
2021-07-23T04:00:00Z,25,25.73,24.8,25.48,533784,6550,25.3686
2021-07-26T04:00:00Z,25.57,26.08,25.385,25.9,801767,7224,25.7068
2021-07-27T04:00:00Z,25.76,25.91,25.02,25.28,728446,7269,25.3638
2021-07-28T04:00:00Z,25.28,25.93,24.2983,25.81,821591,7687,25.583
2021-07-29T04:00:00Z,26,26.1,25.62,25.68,726666,7716,25.808
2021-07-30T04:00:00Z,25.6,26.01,25.34,25.85,799886,5736,25.8075
2021-08-02T04:00:00Z,25.86,26.119,24.91,25.61,656914,6331,25.5385
2021-08-03T04:00:00Z,25.64,26,25.05,25.52,1143140,9103,25.4711
2021-08-04T04:00:00Z,25.31,26.01,25.1,26,1126295,7128,25.7779
2021-08-05T04:00:00Z,26.14,26.78,25.81,26.49,1806323,11185,26.3568
2021-08-06T04:00:00Z,27.62,27.62,21.87,21.98,4201642,30154,22.9248
2021-08-09T04:00:00Z,21.9,21.97,20.71,20.9,1866436,18339,21.0601
2021-08-10T04:00:00Z,21.29,22.04,20.67,21.78,1536705,13176,21.6477
2021-08-11T04:00:00Z,22.46,23.4727,22.24,23.25,1577031,16647,23.0093
2021-08-12T04:00:00Z,23.04,23.55,22.74,22.88,792063,9937,22.9698
2021-08-13T04:00:00Z,23.33,23.38,22.29,23.09,674498,9509,23.0457
2021-08-16T04:00:00Z,22.85,23.36,22.6701,23.02,826033,8071,23.0618
2021-08-17T04:00:00Z,22.86,23.05,22.5,23.01,950873,10624,22.8733
2021-08-18T04:00:00Z,23.15,23.57,22.89,22.91,701701,10207,23.1865
2021-08-19T04:00:00Z,22.62,22.93,22.23,22.61,1107883,9723,22.5897
2021-08-20T04:00:00Z,22.5,23.48,22.5,23.35,970887,9896,23.2057
2021-08-23T04:00:00Z,23.66,23.93,23.16,23.66,691714,9432,23.5607
2021-08-24T04:00:00Z,23.61,23.96,23.43,23.79,714444,7740,23.7667
2021-08-25T04:00:00Z,24.155,24.32,23.785,24.28,671038,8501,24.1159
2021-08-26T04:00:00Z,24.39,24.63,23.76,23.83,615543,7880,24.0746
2021-08-27T04:00:00Z,23.72,25.01,23.72,24.76,1055898,10522,24.5833
2021-08-30T04:00:00Z,24.89,25.17,24.28,24.99,546669,6723,24.9423
2021-08-31T04:00:00Z,24.88,25.555,24.75,24.88,651337,7571,24.9868
2021-09-01T04:00:00Z,24.85,25.16,24.29,24.89,486960,8228,24.8747
2021-09-02T04:00:00Z,25.08,25.39,24.78,24.9,535467,6666,24.9884
2021-09-03T04:00:00Z,24.76,25.16,24.72,25.1,436227,6139,25.0016
2021-09-07T04:00:00Z,25.16,25.525,24.785,24.9,614610,9535,25.0188
2021-09-08T04:00:00Z,25,25.29,24.55,24.74,827469,7874,24.7729
2021-09-09T04:00:00Z,24.83,25.08,24.41,24.44,687135,7657,24.6199
2021-09-10T04:00:00Z,24.64,25.32,24.4,24.43,577859,7491,24.5303
2021-09-13T04:00:00Z,24.64,25.21,24.52,24.78,559197,8507,24.8061
2021-09-14T04:00:00Z,24.92,24.97,23.97,24.19,874347,10453,24.2337
2021-09-15T04:00:00Z,24.415,24.72,24.18,24.38,2041873,11493,24.4078
2021-09-16T04:00:00Z,24.52,24.79,24.17,24.26,1938773,11164,24.3068
2021-09-17T04:00:00Z,24.46,24.78,23.51,23.99,2967495,12414,24.0442
2021-09-20T04:00:00Z,23.42,23.85,23.005,23.34,2033880,12499,23.3345
2021-09-21T04:00:00Z,23.56,24.47,23.51,23.96,2064552,9583,23.9647
2021-09-22T04:00:00Z,24.35,24.5,24.06,24.2,520711,7209,24.2655
2021-09-23T04:00:00Z,24.32,25.6,24.32,25.46,700389,6559,25.3199
2021-09-24T04:00:00Z,25.21,26.08,24.72,25.49,1051326,10013,25.6944
2021-09-27T04:00:00Z,25.31,26.02,25.12,25.22,1266848,8201,25.4768
2021-09-28T04:00:00Z,25.13,25.51,24.82,24.86,833624,8395,25.1142
2021-09-29T04:00:00Z,25,25.12,24.32,24.79,627788,7151,24.7729
2021-09-30T04:00:00Z,24.92,25.16,24.3538,25.02,849800,7043,24.9833
2021-10-01T04:00:00Z,25.23,26.07,25.19,25.79,788400,7463,25.7698
2021-10-04T04:00:00Z,25.65,26.03,25.49,25.9,568015,5298,25.8333
2021-10-05T04:00:00Z,26.15,27.02,25.68,25.69,1298477,10343,26.2532
2021-10-06T04:00:00Z,25.36,25.67,24.69,24.93,910073,9006,25.0148
2021-10-07T04:00:00Z,25.43,25.62,24.8,24.98,2695203,12043,25.0347
2021-10-08T04:00:00Z,24.56,24.765,23.65,23.92,2430172,17314,24.2782
2021-10-11T04:00:00Z,23.99,23.99,22.22,22.3,1757435,15066,22.6627
2021-10-12T04:00:00Z,22.26,22.585,21.88,22.28,1373799,9878,22.3236
2021-10-13T04:00:00Z,22.53,22.59,21.875,21.92,1108576,11026,22.1468
2021-10-14T04:00:00Z,22.1,22.81,22.1,22.35,1047354,8086,22.4535
2021-10-15T04:00:00Z,22.6,22.9,22.12,22.15,1180220,7439,22.3545
2021-10-18T04:00:00Z,22.05,22.17,21.46,21.66,6098995,6158,21.6941
2021-10-19T04:00:00Z,21.81,21.86,21.45,21.61,1179082,7441,21.6119
2021-10-20T04:00:00Z,21.54,22.2,21.41,21.85,767582,5103,21.8677
2021-10-21T04:00:00Z,21.85,22.17,21.63,22.1,776602,6820,21.957
2021-10-22T04:00:00Z,22.15,22.15,21.34,21.52,1009845,7050,21.5655
2021-10-25T04:00:00Z,21.53,21.62,20.82,20.94,866746,7443,21.0533
2021-10-26T04:00:00Z,20.99,21.27,20.66,20.68,648835,6549,20.8468
2021-10-27T04:00:00Z,20.65,20.825,19.51,19.59,1247099,12995,19.799
2021-10-28T04:00:00Z,20.05,20.09,19.5,19.62,1024092,9434,19.7194
2021-10-29T04:00:00Z,19.36,19.79,19.33,19.38,1188646,7236,19.4549
2021-11-01T04:00:00Z,19.58,20.24,19.39,19.69,1121031,10304,19.8377
2021-11-02T04:00:00Z,19.7,20.05,18.73,18.91,1245125,13795,18.9407
2021-11-03T04:00:00Z,18.93,19.59,18.76,19.42,1087555,11248,19.3446
2021-11-04T04:00:00Z,19.47,19.61,18.97,19.46,1589997,12332,19.3386
2021-11-05T04:00:00Z,22,22.4,18.955,20.12,1656773,15124,20.073
2021-11-08T05:00:00Z,20.28,20.7791,19.955,20.44,1802945,8274,20.3593
2021-11-09T05:00:00Z,20.48,21.17,20.31,20.87,1487202,10018,20.8517
2021-11-10T05:00:00Z,21.51,21.91,21.2,21.25,951674,10263,21.4587
2021-11-11T05:00:00Z,21.16,22.495,21.015,22.47,1190327,12216,22.0068
2021-11-12T05:00:00Z,22.48,22.562,22.04,22.06,1892994,9796,22.2167
2021-11-15T05:00:00Z,22.335,22.61,22.08,22.38,790828,8745,22.4097
2021-11-16T05:00:00Z,22.25,22.3,21.8,21.89,2141943,8408,21.9524
2021-11-17T05:00:00Z,22.37,23.09,22.11,23.04,937904,10743,22.7645
2021-11-18T05:00:00Z,23.26,23.43,22.43,22.75,1964988,9513,22.7584
2021-11-19T05:00:00Z,22.3,22.74,21.88,22.24,1725406,11295,22.2417
2021-11-22T05:00:00Z,22.58,22.79,21.98,22.2,617414,7864,22.3569
2021-11-23T05:00:00Z,22.24,22.4673,21.92,22.06,6670125,8766,22.1214
2021-11-24T05:00:00Z,21.78,22.12,21.38,21.4,544932,6868,21.6278
2021-11-26T05:00:00Z,20.6,20.85,19.55,20.6,962819,10644,20.2538
2021-11-29T05:00:00Z,20.79,20.84,19.95,20.12,2147442,10191,20.1843
2021-11-30T05:00:00Z,19.98,20,19.085,19.61,1447582,10747,19.5139
2021-12-01T05:00:00Z,20.13,20.25,18.36,18.37,1342338,10090,19.0797
2021-12-02T05:00:00Z,18.42,19.28,18.14,19.16,673573,7002,19.0312
2021-12-03T05:00:00Z,19.29,19.52,18.97,19.3,1658693,7138,19.2564
2021-12-06T05:00:00Z,19.41,19.87,19.065,19.69,695727,9597,19.6652
2021-12-07T05:00:00Z,19.76,20.38,19.74,20.09,1075433,6692,20.094
2021-12-08T05:00:00Z,20.04,20.65,19.95,20.45,957317,7489,20.4513
2021-12-09T05:00:00Z,20.12,20.46,19.705,19.78,587579,5390,19.8803
2021-12-10T05:00:00Z,20.17,20.49,19.425,19.96,637912,6732,19.8582
2021-12-13T05:00:00Z,19.78,19.91,19.22,19.61,517690,6315,19.5993
2021-12-14T05:00:00Z,19.32,20,19.13,19.79,736410,7880,19.7679
2021-12-15T05:00:00Z,19.72,19.77,18.84,19.33,1124185,8247,19.2961
2021-12-16T05:00:00Z,19.53,19.94,19.43,19.52,768117,6557,19.5455
2021-12-17T05:00:00Z,19.5,20.07,19.285,19.78,1521073,6709,19.753
2021-12-20T05:00:00Z,19.38,19.755,18.86,19.25,810058,5305,19.2161
2021-12-21T05:00:00Z,19.52,20.6,19.52,20.37,999486,6145,20.3509
2021-12-22T05:00:00Z,20.24,20.97,20.13,20.71,658069,6365,20.7004
2021-12-23T05:00:00Z,20.73,21.055,20.71,20.98,282237,3812,20.9522
2021-12-27T05:00:00Z,20.91,21.22,20.53,21.18,465341,3593,21.1438
2021-12-28T05:00:00Z,21.05,21.6,21.05,21.13,262618,3247,21.1647
2021-12-29T05:00:00Z,21.04,21.202,20.77,20.82,261637,3315,20.9143
2021-12-30T05:00:00Z,20.92,21.46,20.92,21.13,291235,3898,21.2044
2021-12-31T05:00:00Z,21.01,21.32,20.72,21.04,367520,3766,21.0836
2022-01-03T05:00:00Z,20.77,21.695,20.77,21.57,1300619,5921,21.5348
2022-01-04T05:00:00Z,21.82,21.97,21.03,21.26,524504,7464,21.413
2022-01-05T05:00:00Z,21.44,21.53,20.52,20.58,417144,5758,20.808
2022-01-06T05:00:00Z,20.33,20.95,20.33,20.43,390372,4593,20.5559
2022-01-07T05:00:00Z,20.325,20.98,20.325,20.65,492399,4327,20.6555
2022-01-10T05:00:00Z,20.46,20.505,19.92,20.32,713829,6100,20.283
2022-01-11T05:00:00Z,20.45,20.76,20.03,20.61,653298,4442,20.5745
2022-01-12T05:00:00Z,20.51,21.45,20.335,20.9,660488,6151,20.9153
2022-01-13T05:00:00Z,20.86,21.11,20.63,20.71,287305,4031,20.8073
2022-01-14T05:00:00Z,20.47,20.66,20.08,20.64,594845,5065,20.5769
2022-01-18T05:00:00Z,20.31,20.39,19.73,19.88,373794,4498,19.921
2022-01-19T05:00:00Z,19.88,20.1399,19.49,19.65,323082,4099,19.6867
2022-01-20T05:00:00Z,19.85,20.17,19.16,19.19,500096,3726,19.334
2022-01-21T05:00:00Z,18.81,19.04,18.4,18.67,612422,6213,18.7184
2022-01-24T05:00:00Z,18.37,20.11,18.27,19.94,1291049,10651,19.5155
2022-01-25T05:00:00Z,19.57,20.21,19.08,20.07,858685,6966,19.9297
2022-01-26T05:00:00Z,20.43,20.68,18.87,19.02,688085,6901,19.3938
2022-01-27T05:00:00Z,19.06,19.82,19.06,19.75,916620,9988,19.6142
2022-01-28T05:00:00Z,19.6,20.45,19.31,20.42,889088,8829,19.931
2022-01-31T05:00:00Z,20.12,20.52,19.19,20.15,1738166,9485,20.1179
2022-02-01T05:00:00Z,20.24,20.465,19.94,20.25,1147153,7468,20.2362
2022-02-02T05:00:00Z,20.24,20.32,19.635,19.93,740110,7211,19.961
2022-02-03T05:00:00Z,19.55,19.72,18.945,19.31,1062999,8819,19.27
2022-02-04T05:00:00Z,19.12,19.57,18.14,19.14,735510,6895,18.8072
2022-02-07T05:00:00Z,19.09,20.16,18.87,19.9,801437,6671,19.6025
2022-02-08T05:00:00Z,19.87,20.42,19.85,20.14,488817,5602,20.1581
2022-02-09T05:00:00Z,20.3,20.92,20.29,20.64,611011,6799,20.6111
2022-02-10T05:00:00Z,20.25,21.23,20.25,20.82,494947,5519,20.8713
2022-02-11T05:00:00Z,20.71,20.98,20.22,20.45,583003,7126,20.5271
2022-02-14T05:00:00Z,20.64,20.7,20.14,20.49,989582,5493,20.4681
2022-02-15T05:00:00Z,20.75,21.15,20.72,20.92,840896,6185,20.9051
2022-02-16T05:00:00Z,20.71,21.49,20.49,21.45,341134,5265,21.2476
2022-02-17T05:00:00Z,21.17,21.36,20.71,20.94,513687,5616,20.9421
2022-02-18T05:00:00Z,20.78,21.18,20.56,20.82,502181,6511,20.7866
2022-02-22T05:00:00Z,20.63,20.94,19.79,19.93,696605,6961,20.098
2022-02-23T05:00:00Z,19.44,20.12,18.52,19.08,969108,10372,19.0559
2022-02-24T05:00:00Z,18.39,19.99,18.31,19.935,1139151,9890,19.4184
2022-02-25T05:00:00Z,20.16,20.71,19.67,20.67,649803,8344,20.3361
2022-02-28T05:00:00Z,20.36,21.53,20.32,21.45,1673907,9185,21.3093
2022-03-01T05:00:00Z,21.24,21.42,20.175,20.39,608917,8373,20.4863
2022-03-02T05:00:00Z,20.6,21.33,20.6,20.98,448202,6021,21.0067
2022-03-03T05:00:00Z,21.16,21.36,20.11,20.71,480189,5310,20.6573
2022-03-04T05:00:00Z,20.36,20.74,19.89,19.94,808536,8266,20.1338
2022-03-07T05:00:00Z,19.98,20.08,18.51,18.56,675462,10822,18.8771
2022-03-08T05:00:00Z,18.55,19.48,18.37,18.76,532628,8116,18.8251
2022-03-09T05:00:00Z,19.29,19.9,18.99,19.12,503733,6774,19.255
2022-03-10T05:00:00Z,18.84,19.05,18.32,18.8,523448,6660,18.6541
2022-03-11T05:00:00Z,18.88,19.03,18.67,18.89,488810,6463,18.8627
2022-03-14T04:00:00Z,19.01,19.13,18.74,19,542180,8542,18.9261
2022-03-15T04:00:00Z,19.37,19.54,18.57,18.96,502159,5933,18.9586
2022-03-16T04:00:00Z,19.18,19.69,18.79,19.4,608213,8080,19.355
2022-03-17T04:00:00Z,19.07,19.67,18.663,19.59,876483,8185,19.4969
2022-03-18T04:00:00Z,19.5,19.63,19.09,19.61,1203413,6001,19.5505
2022-03-21T04:00:00Z,19.48,19.62,18.985,19.17,1390469,6125,19.1646
2022-03-22T04:00:00Z,19.36,19.69,19.12,19.17,1127299,4507,19.1914
2022-03-23T04:00:00Z,19,19.38,18.8,19.1,628380,3887,19.0995
2022-03-24T04:00:00Z,19.12,19.45,18.92,19.36,576287,4559,19.3379
2022-03-25T04:00:00Z,19.38,19.58,19.18,19.3,649843,4167,19.3099
2022-03-28T04:00:00Z,19.26,19.27,18.42,19.04,1149402,6913,18.8765
2022-03-29T04:00:00Z,19.17,19.8,19.09,19.62,899642,6847,19.4258
2022-03-30T04:00:00Z,19.59,19.61,18.9,19.1,711754,5868,19.1315
2022-03-31T04:00:00Z,19.04,19.24,18.81,18.93,626275,3600,18.9709
2022-04-01T04:00:00Z,19.17,19.75,18.67,18.92,663218,5287,18.915
2022-04-04T04:00:00Z,18.9,19.25,18.56,19.24,778865,8195,19.114
2022-04-05T04:00:00Z,19.3,19.51,18.89,18.99,466116,6038,19.0149
2022-04-06T04:00:00Z,18.81,19.11,18.56,18.99,544558,8869,18.9079
2022-04-07T04:00:00Z,18.94,18.95,18.2392,18.3,910455,9491,18.5279
2022-04-08T04:00:00Z,18.29,18.81,18.07,18.73,890864,6033,18.6884
2022-04-11T04:00:00Z,18.77,19.08,18.525,18.94,969225,6259,18.9466
2022-04-12T04:00:00Z,19.12,19.48,18.85,19.25,975302,5846,19.1779
2022-04-13T04:00:00Z,19.25,19.45,18.48,18.9,1837704,7961,18.773
2022-04-14T04:00:00Z,19.05,19.29,18.58,19.25,1424302,8087,19.0803
2022-04-18T04:00:00Z,19.31,19.66,19.12,19.4,713965,8476,19.4227
2022-04-19T04:00:00Z,19.52,20.26,19.46,20.08,765717,9875,20.0041
2022-04-20T04:00:00Z,20.06,20.24,19.79,19.94,1461348,7071,19.9478
2022-04-21T04:00:00Z,20.28,20.48,18.57,18.64,738279,6645,19.1741
2022-04-22T04:00:00Z,18.53,18.53,17.34,17.5,822895,8238,17.6079
2022-04-25T04:00:00Z,17.27,17.95,16.98,17.9,1550448,12604,17.7219
2022-04-26T04:00:00Z,17.62,17.62,16.63,16.77,784494,8752,16.8033
2022-04-27T04:00:00Z,16.78,16.78,15.38,15.64,687813,10122,15.8468
2022-04-28T04:00:00Z,16.45,16.8,15.66,16.61,1417970,9941,16.4671
2022-04-29T04:00:00Z,16.43,16.66,15.89,15.99,860802,8631,16.0325
2022-05-02T04:00:00Z,15.91,16.79,15.83,16.75,782961,8690,16.5605
2022-05-03T04:00:00Z,16.89,16.93,16.29,16.5,683686,7138,16.4873
2022-05-04T04:00:00Z,16.4,16.96,16.08,16.83,736892,8332,16.6482
2022-05-05T04:00:00Z,16.44,16.73,15.7,16.02,993109,9256,16.011
2022-05-06T04:00:00Z,15.56,15.75,13.88,14.01,2775356,26254,14.1119
2022-05-09T04:00:00Z,13.26,13.45,11.38,12.27,3537385,30606,12.3397
2022-05-10T04:00:00Z,12.59,13.3698,12.095,12.64,1574718,16610,12.6364
2022-05-11T04:00:00Z,12.96,12.96,11.82,11.89,1776139,15764,12.2074
2022-05-12T04:00:00Z,11.64,12.19,11.4,12,1254094,13812,11.9151
2022-05-13T04:00:00Z,12.26,13.03,12.26,12.8,842136,8432,12.7089
2022-05-16T04:00:00Z,12.66,12.91,12.02,12.09,787635,8194,12.3425
2022-05-17T04:00:00Z,12.4,13.16,12.38,12.69,798312,8537,12.6955
2022-05-18T04:00:00Z,12.43,12.715,12.025,12.1,732637,7833,12.1819
2022-05-19T04:00:00Z,11.96,12.63,11.95,12.3,1280422,9704,12.3692
2022-05-20T04:00:00Z,12.53,12.57,11.68,12.13,790120,6539,11.9539
2022-05-23T04:00:00Z,12.38,12.38,11.675,11.74,599780,8825,11.8228
2022-05-24T04:00:00Z,11.4,11.59,9.965,10.31,2037435,18046,10.4687
2022-05-25T04:00:00Z,10.26,11.04,10.11,10.74,939118,12907,10.732
2022-05-26T04:00:00Z,10.83,11.045,10.665,11.01,1400023,11660,10.9251
2022-05-27T04:00:00Z,11.1,11.65,11.03,11.47,933024,10543,11.4348
2022-05-31T04:00:00Z,11.33,11.94,11.33,11.8,1195263,9895,11.7495
2022-06-01T04:00:00Z,11.87,12.19,11.58,11.91,1493781,15465,11.9096
2022-06-02T04:00:00Z,11.88,12.115,11.63,11.94,1089014,9185,11.9496
2022-06-03T04:00:00Z,11.74,11.86,11.41,11.53,533813,7366,11.5391
2022-06-06T04:00:00Z,11.75,11.84,11.28,11.36,633728,9463,11.4174
2022-06-07T04:00:00Z,11.18,11.35,11.05,11.2,659775,7398,11.1592
2022-06-08T04:00:00Z,11.17,11.385,10.99,11.1,839130,7327,11.1105
2022-06-09T04:00:00Z,10.92,11.01,10.69,10.97,1445133,9821,10.8787
2022-06-10T04:00:00Z,10.2,10.425,9.54,9.78,1740574,13779,9.82223
2022-06-13T04:00:00Z,9.48,9.48,8.48,8.49,1626321,16416,8.75934
2022-06-14T04:00:00Z,8.67,8.67,8.175,8.52,916011,11103,8.48311
2022-06-15T04:00:00Z,8.63,8.95,8.56,8.83,1113138,10615,8.79894
2022-06-16T04:00:00Z,8.53,8.56,8.1,8.11,1285969,12931,8.20667
2022-06-17T04:00:00Z,8.18,8.51,8.13,8.48,1833378,11605,8.40953
2022-06-21T04:00:00Z,8.59,8.74,8.29,8.34,998610,11019,8.42556
2022-06-22T04:00:00Z,8.16,8.51,7.99,7.99,1043872,10125,8.11646
2022-06-23T04:00:00Z,8.03,8.42,7.83,8.39,1159944,10900,8.21898
2022-06-24T04:00:00Z,8.44,8.79,8.2,8.22,4661648,13480,8.29857
2022-06-27T04:00:00Z,8.38,8.57,8.22,8.52,1652115,8687,8.49314
2022-06-28T04:00:00Z,8.49,8.77,8.24,8.28,1070638,9735,8.3276
2022-06-29T04:00:00Z,8.25,8.25,7.8,8.17,1140557,7927,8.09676
2022-06-30T04:00:00Z,7.96,8.09,7.72,7.89,796566,6816,7.88478
2022-07-01T04:00:00Z,7.83,8.13,7.75,8.07,662016,7309,7.98497
2022-07-05T04:00:00Z,7.83,7.875,7.46,7.74,1081795,9627,7.69329
2022-07-06T04:00:00Z,7.73,7.91,7.12,7.22,1121346,9799,7.27159
2022-07-07T04:00:00Z,7.34,7.38,7.025,7.36,1101400,11539,7.25944
2022-07-08T04:00:00Z,6.78,7.23,6.62,7.2,2300522,12608,7.04787
2022-07-11T04:00:00Z,7.16,7.24,6.795,6.805,1092089,10991,6.90756
2022-07-12T04:00:00Z,6.78,7.18,6.74,6.98,938502,8888,7.00514
2022-07-13T04:00:00Z,6.76,6.955,6.62,6.87,745856,5840,6.82978
2022-07-14T04:00:00Z,6.74,6.95,6.425,6.43,769586,7505,6.49075
2022-07-15T04:00:00Z,6.7,6.89,6.485,6.89,980942,7318,6.78295
2022-07-18T04:00:00Z,7.06,7.15,6.91,6.95,762318,5813,6.99091
2022-07-19T04:00:00Z,7.17,7.48,7.11,7.47,748789,6691,7.37374
2022-07-20T04:00:00Z,7.45,7.905,7.35,7.89,984792,7781,7.76478
2022-07-21T04:00:00Z,7.8,7.96,7.7,7.92,665781,5775,7.89126
2022-07-22T04:00:00Z,7.92,8.05,7.67,7.75,467417,4622,7.7859
2022-07-25T04:00:00Z,7.81,8.08,7.69,7.95,714489,4607,7.88158
2022-07-26T04:00:00Z,7.82,7.82,7.55,7.58,477455,4958,7.61304
2022-07-27T04:00:00Z,7.65,7.8889,7.62,7.83,713664,5831,7.79745
2022-07-28T04:00:00Z,7.79,7.99,7.57,7.76,440309,3657,7.74397
2022-07-29T04:00:00Z,7.79,7.8,7.43,7.48,651696,4829,7.49722
2022-08-01T04:00:00Z,7.43,7.87,7.33,7.83,768912,6466,7.76781
2022-08-02T04:00:00Z,7.74,8.62,7.69,8.49,1001370,9459,8.35394
2022-08-03T04:00:00Z,8.62,9.39,8.6,9.05,1198235,9370,9.0965
2022-08-04T04:00:00Z,8.94,9.08,8.575,8.59,1187718,9685,8.70922
2022-08-05T04:00:00Z,8.9,9.42,8.47,8.8,1122866,12007,8.77086
2022-08-08T04:00:00Z,8.91,9.35,8.84,9.13,831867,8745,9.08004
2022-08-09T04:00:00Z,9.02,9.155,8.55,8.72,605838,7050,8.74757
2022-08-10T04:00:00Z,8.42,9.34,8.42,9.32,973394,9199,9.15425
2022-08-11T04:00:00Z,9.84,10.18,9.76,9.88,936856,10561,9.93105
2022-08-12T04:00:00Z,10.05,10.32,9.74,10.23,853815,8340,10.1169
2022-08-15T04:00:00Z,10.07,10.21,9.81,10.16,624304,7702,10.1121
2022-08-16T04:00:00Z,10.08,10.43,9.98,10.35,673840,7448,10.268
2022-08-17T04:00:00Z,10.11,10.16,9.76,9.88,576503,7860,9.91429
2022-08-18T04:00:00Z,9.88,9.985,9.75,9.94,401352,4662,9.90785
2022-08-19T04:00:00Z,9.8,9.8633,9.5,9.56,724217,6172,9.61999
2022-08-22T04:00:00Z,9.47,9.47,9,9.07,1203483,6566,9.1097
2022-08-23T04:00:00Z,9.12,9.24,8.785,8.87,870289,9014,8.95266
2022-08-24T04:00:00Z,8.81,9.26,8.78,8.89,1782158,10407,9.01284
2022-08-25T04:00:00Z,8.98,9.43,8.98,9.39,1024635,8415,9.24311
2022-08-26T04:00:00Z,9.38,9.55,8.92,8.94,607829,5783,9.01361
2022-08-29T04:00:00Z,8.92,8.95,8.68,8.86,631514,7660,8.84896
2022-08-30T04:00:00Z,8.96,9.19,8.78,8.86,644441,7211,8.87546
2022-08-31T04:00:00Z,9,9.11,8.84,8.85,951688,6846,8.90477
2022-09-01T04:00:00Z,8.78,8.93,8.62,8.9,648052,7152,8.79337
2022-09-02T04:00:00Z,9.12,9.12,8.76,8.93,585208,6647,8.93113
2022-09-06T04:00:00Z,8.95,9.09,8.71,8.73,640899,8094,8.80542
2022-09-07T04:00:00Z,8.72,9.795,8.715,9.76,1172164,8878,9.51286
2022-09-08T04:00:00Z,9.58,10.22,9.58,10.14,777686,9626,10.015
2022-09-09T04:00:00Z,10.25,10.71,10.185,10.54,878666,9139,10.5122
2022-09-12T04:00:00Z,10.63,10.85,10.4,10.65,936875,9143,10.5918
2022-09-13T04:00:00Z,10.08,10.52,10.04,10.17,697763,9402,10.2239
2022-09-14T04:00:00Z,10.08,10.17,9.71,10.12,936636,10152,10.0127
2022-09-15T04:00:00Z,10.04,10.565,10.04,10.44,675750,7709,10.4348
2022-09-16T04:00:00Z,10.29,10.31,9.9,10.26,2253921,9804,10.2177
2022-09-19T04:00:00Z,10.04,10.31,9.84,10.27,576266,6042,10.2066
2022-09-20T04:00:00Z,10.18,10.25,9.81,9.89,786262,7278,9.90789
2022-09-21T04:00:00Z,9.99,10.13,9.67,9.67,810198,6987,9.85697
2022-09-22T04:00:00Z,9.66,9.66,8.62,8.76,943865,9785,8.834
2022-09-23T04:00:00Z,8.56,8.61,7.96,7.99,1448670,12724,8.09109
2022-09-26T04:00:00Z,7.9,8.27,7.73,7.86,818848,9515,7.90283
2022-09-27T04:00:00Z,8.18,8.24,7.655,7.79,817125,10321,7.84025
2022-09-28T04:00:00Z,7.93,8.2,7.91,8.02,922415,8584,8.0435
2022-09-29T04:00:00Z,7.79,7.95,7.19,7.45,937182,8744,7.3845
2022-09-30T04:00:00Z,7.42,7.705,7.31,7.33,892779,8816,7.42563
2022-10-03T04:00:00Z,7.54,7.97,7.39,7.96,1222461,11846,7.84529
2022-10-04T04:00:00Z,8.11,8.4,7.94,8.39,1033623,8624,8.28716
2022-10-05T04:00:00Z,8.12,8.28,7.78,8.12,797681,8022,8.11294
2022-10-06T04:00:00Z,8.09,8.22,7.72,7.74,466440,5169,7.79816
2022-10-07T04:00:00Z,7.62,7.79,7.38,7.43,707659,6056,7.45852
2022-10-10T04:00:00Z,7.49,7.62,7.19,7.31,605034,6595,7.33221
2022-10-11T04:00:00Z,7.25,7.65,7.02,7.5,633182,5782,7.43869
2022-10-12T04:00:00Z,7.51,7.63,7.31,7.51,599169,6465,7.51746
2022-10-13T04:00:00Z,7.29,7.86,7.05,7.78,867100,8801,7.67073
2022-10-14T04:00:00Z,8.07,8.43,7.65,7.77,854573,8571,7.81446
2022-10-17T04:00:00Z,8.05,8.6,7.955,8.59,989737,10325,8.47524
2022-10-18T04:00:00Z,8.94,9.21,8.68,8.72,716069,8668,8.77582
2022-10-19T04:00:00Z,8.67,8.79,8.24,8.41,912296,10098,8.44993
2022-10-20T04:00:00Z,8.39,8.79,8.38,8.59,825589,5597,8.55645
2022-10-21T04:00:00Z,8.68,8.8,8.25,8.62,772829,7271,8.58435
2022-10-24T04:00:00Z,8.56,8.72,8.06,8.29,1001192,10937,8.25182
2022-10-25T04:00:00Z,8.32,9,8.26,8.88,1770507,12508,8.66682
2022-10-26T04:00:00Z,8.86,9.065,8.54,8.55,850956,10642,8.74652
2022-10-27T04:00:00Z,8.68,8.81,8.37,8.38,511281,5994,8.50065
2022-10-28T04:00:00Z,8.43,8.59,8.145,8.57,549653,5107,8.45559
2022-10-31T04:00:00Z,8.51,8.59,8.26,8.28,1165170,9046,8.34739
2022-11-01T04:00:00Z,8.45,8.63,8.29,8.55,681703,7913,8.48145
2022-11-02T04:00:00Z,8.45,8.5,7.79,7.79,1183660,8690,8.06772
2022-11-03T04:00:00Z,7.56,7.58,7.08,7.38,851375,7572,7.32758
2022-11-04T04:00:00Z,7.4,8.38,7.4,8,1761362,13628,7.96015
2022-11-07T05:00:00Z,8.05,8.2125,7.51,7.79,1020168,9862,7.74053
2022-11-08T05:00:00Z,7.8,7.815,7.04,7.19,1253453,10634,7.24966
2022-11-09T05:00:00Z,7.03,7.03,6.52,6.61,898835,7896,6.66965
2022-11-10T05:00:00Z,7.19,7.65,7.01,7.27,1885741,13892,7.29457
2022-11-11T05:00:00Z,7.55,8.15,7.46,7.93,1469861,13789,7.92738
2022-11-14T05:00:00Z,7.86,8.53,7.86,8.15,1580253,15168,8.22723
2022-11-15T05:00:00Z,8.44,9.03,8.39,8.71,1107152,14064,8.78679
2022-11-16T05:00:00Z,8.58,8.6699,7.875,7.97,836105,8380,8.03711
2022-11-17T05:00:00Z,7.56,7.83,7.3807,7.73,953640,11142,7.6609
2022-11-18T05:00:00Z,8.03,8.03,7.6,7.7,694308,6948,7.80092
2022-11-21T05:00:00Z,7.58,7.61,7.34,7.48,852863,7618,7.45285
2022-11-22T05:00:00Z,7.53,7.845,7.412,7.67,559828,6036,7.6885
2022-11-23T05:00:00Z,7.65,8.175,7.625,8.04,748481,7156,8.02434
2022-11-25T05:00:00Z,8,8.13,7.97,8.02,222473,2793,8.0389
2022-11-28T05:00:00Z,7.77,8,7.56,7.73,680111,5936,7.72293
2022-11-29T05:00:00Z,7.63,7.82,7.58,7.7,474143,6729,7.69908
2022-11-30T05:00:00Z,7.69,8.05,7.32,8.04,951796,7570,7.87739
2022-12-01T05:00:00Z,7.98,8.19,7.63,7.68,645576,6144,7.76844
2022-12-02T05:00:00Z,7.48,7.84,7.37,7.8,565449,4940,7.75063
2022-12-05T05:00:00Z,7.71,7.88,7.58,7.74,630784,6960,7.73803
2022-12-06T05:00:00Z,7.75,7.91,7.6,7.69,482905,4184,7.69401
2022-12-07T05:00:00Z,7.64,7.725,7.3792,7.5,478818,4773,7.49985
2022-12-08T05:00:00Z,7.58,7.86,7.4,7.67,514186,5976,7.6637
2022-12-09T05:00:00Z,7.6,7.77,7.52,7.62,450791,4854,7.62141
2022-12-12T05:00:00Z,7.61,7.81,7.52,7.72,594011,5526,7.69312
2022-12-13T05:00:00Z,8.19,8.53,7.795,7.92,729912,6780,7.95608
2022-12-14T05:00:00Z,7.86,8.05,7.691,7.77,519793,5280,7.80802
2022-12-15T05:00:00Z,7.49,7.66,7.44,7.55,727609,6195,7.54393
2022-12-16T05:00:00Z,7.39,7.595,6.79,6.95,2284500,7282,7.04844
2022-12-19T05:00:00Z,7.01,7.01,6.7301,6.86,654750,6185,6.84666
2022-12-20T05:00:00Z,6.82,6.91,6.64,6.89,501037,5461,6.83617
2022-12-21T05:00:00Z,7,7.03,6.68,6.7,366284,3872,6.7679
2022-12-22T05:00:00Z,6.57,6.69,6.32,6.67,780333,4517,6.5382
2022-12-23T05:00:00Z,6.65,6.73,6.53,6.67,303293,2479,6.63472
2022-12-27T05:00:00Z,6.74,6.74,6.33,6.37,508630,4337,6.41554
2022-12-28T05:00:00Z,6.31,6.42,5.99,6.1,590266,5356,6.12483
2022-12-29T05:00:00Z,6.2,6.44,6.12,6.13,600411,5633,6.21019
2022-12-30T05:00:00Z,6.01,6.21,5.845,6.13,758146,5960,6.09073
2023-01-03T05:00:00Z,6.29,6.43,5.925,5.99,643868,6349,6.04683
2023-01-04T05:00:00Z,6.15,6.425,6.04,6.37,480856,4155,6.32228
2023-01-05T05:00:00Z,6.37,6.58,6.23,6.49,432788,4260,6.47302
2023-01-06T05:00:00Z,6.6,6.72,6.44,6.62,409499,4318,6.63296
2023-01-09T05:00:00Z,6.72,6.85,6.66,6.73,305008,3428,6.73255
2023-01-10T05:00:00Z,6.7,6.965,6.605,6.92,322859,3652,6.87544
2023-01-11T05:00:00Z,6.97,7.18,6.97,7.09,602133,5001,7.07672
2023-01-12T05:00:00Z,7.21,7.49,7.2096,7.45,424420,4323,7.42306
2023-01-13T05:00:00Z,7.34,7.58,7.3,7.54,310877,4229,7.5037
2023-01-17T05:00:00Z,7.52,7.78,7.48,7.73,354697,3799,7.67692
2023-01-18T05:00:00Z,7.79,7.91,7.43,7.57,292041,3471,7.5829
2023-01-19T05:00:00Z,7.41,7.41,7.08,7.1,453545,4178,7.13942
2023-01-20T05:00:00Z,7.25,7.28,6.86,7.27,513410,3684,7.24286
2023-01-23T05:00:00Z,7.665,7.665,7.18,7.57,490938,4536,7.50951
2023-01-24T05:00:00Z,7.47,7.6,7.45,7.56,450781,4529,7.54953
2023-01-25T05:00:00Z,7.47,7.525,7.3,7.38,203023,2895,7.37687
2023-01-26T05:00:00Z,7.49,7.71,7.41,7.7,448361,5093,7.63671
2023-01-27T05:00:00Z,7.61,7.86,7.54,7.75,275072,3079,7.77027
2023-01-30T05:00:00Z,7.63,7.72,7.405,7.54,283015,3762,7.53576
2023-01-31T05:00:00Z,7.58,7.75,7.58,7.75,577097,4374,7.72647
2023-02-01T05:00:00Z,7.68,8.03,7.41,7.91,775992,8714,7.81024
2023-02-02T05:00:00Z,8.05,9.01,8.05,8.7,1057562,9248,8.73864
2023-02-03T05:00:00Z,8.56,8.96,8.51,8.51,543499,6089,8.63679
2023-02-06T05:00:00Z,8.4,8.45,7.7,7.77,663274,6148,7.83222
2023-02-07T05:00:00Z,7.68,7.84,7.33,7.71,859315,8300,7.63691
2023-02-08T05:00:00Z,7.66,7.82,7.53,7.8,462034,4902,7.74198
2023-02-09T05:00:00Z,7.92,7.99,7.39,7.42,653395,5697,7.50074
2023-02-10T05:00:00Z,7.36,7.4459,7.14,7.31,416658,4601,7.29277
2023-02-13T05:00:00Z,7.34,7.52,7.21,7.34,365395,4085,7.37354
2023-02-14T05:00:00Z,7.22,7.42,7.08,7.35,536335,5178,7.31322
2023-02-15T05:00:00Z,7.29,7.73,7.29,7.71,482424,4009,7.5941
2023-02-16T05:00:00Z,7.48,7.938,7.415,7.74,463301,4221,7.70091
2023-02-17T05:00:00Z,7.77,7.81,7.48,7.75,437237,3968,7.69016
2023-02-21T05:00:00Z,7.53,7.61,7.13,7.2,354492,4532,7.24229
2023-02-22T05:00:00Z,7.22,7.53,7.19,7.53,739001,5997,7.46747
2023-02-23T05:00:00Z,7.6,7.64,7.2,7.38,491652,5008,7.36156
2023-02-24T05:00:00Z,7.16,7.225,6.92,6.99,596715,6979,7.02822
2023-02-27T05:00:00Z,7.08,7.38,7.01,7.07,580186,5728,7.12666
2023-02-28T05:00:00Z,7.07,7.32,7.04,7.26,1035039,6876,7.23967
2023-03-01T05:00:00Z,5.61,5.9846,4.38,5.56,6484756,34537,5.33033
2023-03-02T05:00:00Z,5.41,5.42,5.22,5.28,1743259,14956,5.29739
2023-03-03T05:00:00Z,5.29,5.74,5.1,5.29,1163178,11070,5.38476
2023-03-06T05:00:00Z,5.7,6.02,5.55,5.71,1873861,12154,5.72865
2023-03-07T05:00:00Z,5.69,5.69,5.25,5.44,1336161,11184,5.37507
2023-03-08T05:00:00Z,5.54,5.795,5.4821,5.64,2306422,10600,5.63137
2023-03-09T05:00:00Z,5.51,5.74,5.245,5.26,1368274,11059,5.38643
2023-03-10T05:00:00Z,5.21,5.21,4.865,4.9,1458025,10948,4.96373
2023-03-13T04:00:00Z,4.86,4.86,4.46,4.73,1985909,14169,4.64817
2023-03-14T04:00:00Z,4.94,5.17,4.66,4.72,1496730,11304,4.85731
2023-03-15T04:00:00Z,4.54,4.745,4.43,4.69,1407750,12066,4.64436
2023-03-16T04:00:00Z,4.56,4.77,4.415,4.74,1511133,12853,4.65185
2023-03-17T04:00:00Z,4.74,4.79,4.265,4.31,2580664,7567,4.39578
2023-03-20T04:00:00Z,4.32,4.61,4.22,4.27,1494579,12032,4.32576
2023-03-21T04:00:00Z,4.37,4.67,4.37,4.47,1035863,8741,4.515
2023-03-22T04:00:00Z,4.46,4.46,4.15,4.15,737995,6295,4.27445
2023-03-23T04:00:00Z,4.18,4.479,4.1125,4.16,1118119,9493,4.22857
2023-03-24T04:00:00Z,4.06,4.08,3.84,4,1299416,12353,3.98012
2023-03-27T04:00:00Z,4.08,4.33,4.02,4.29,1209785,8934,4.214
2023-03-28T04:00:00Z,3.92,4.0199,3.635,3.81,2873160,16640,3.80253
2023-03-29T04:00:00Z,3.89,4.03,3.75,3.79,999952,11017,3.81704
2023-03-30T04:00:00Z,3.79,3.87,3.7,3.72,897339,7276,3.74871
2023-03-31T04:00:00Z,3.78,3.91,3.7,3.9,1029250,10135,3.85842
2023-04-03T04:00:00Z,3.9,4.03,3.68,3.74,1980582,9464,3.76065
2023-04-04T04:00:00Z,3.76,3.76,3.47,3.59,1198838,7406,3.56641
2023-04-05T04:00:00Z,3.56,3.615,3.455,3.48,844973,8587,3.50088
2023-04-06T04:00:00Z,3.46,3.725,3.44,3.64,768365,6006,3.62369
2023-04-10T04:00:00Z,3.65,3.96,3.65,3.86,1156916,7824,3.87452
2023-04-11T04:00:00Z,3.88,4.01,3.8503,3.95,1439318,9563,3.94265
2023-04-12T04:00:00Z,3.97,4.05,3.76,3.77,1419375,10689,3.86761
2023-04-13T04:00:00Z,3.82,3.93,3.79,3.91,602080,5408,3.90176
2023-04-14T04:00:00Z,3.91,3.96,3.702,3.78,1332903,7105,3.82529
2023-04-17T04:00:00Z,3.77,3.89,3.73,3.89,580299,5527,3.82737
2023-04-18T04:00:00Z,3.91,3.975,3.82,3.92,893329,6224,3.88805
2023-04-19T04:00:00Z,3.89,4.18,3.855,4.15,655477,5650,4.09896
2023-04-20T04:00:00Z,4.08,4.27,4.01,4.16,789557,6794,4.17288
2023-04-21T04:00:00Z,4.13,4.23,4.09,4.16,599099,6023,4.15391
2023-04-24T04:00:00Z,4.17,4.2,4,4.12,1168650,8409,4.11886
2023-04-25T04:00:00Z,4.05,4.06,3.81,3.85,812293,6169,3.89069
2023-04-26T04:00:00Z,3.81,3.89,3.545,3.58,655313,6687,3.63655
2023-04-27T04:00:00Z,3.61,3.7,3.42,3.46,580857,5048,3.5112
2023-04-28T04:00:00Z,3.48,3.65,3.4,3.47,1295912,11133,3.49733
2023-05-01T04:00:00Z,3.5,3.76,3.48,3.61,1702829,13337,3.56679
2023-05-02T04:00:00Z,3.48,3.95,3.065,3.13,1851556,12646,3.3206
2023-05-03T04:00:00Z,3.09,3.63,3.03,3.52,1810583,13186,3.48487
2023-05-04T04:00:00Z,3.43,3.64,2.69,2.92,1958826,13541,2.91304
2023-05-05T04:00:00Z,3,3.04,2.78,2.945,1564023,10790,2.90484
2023-05-08T04:00:00Z,3.17,3.52,2.975,3.05,2454946,15335,3.10602
2023-05-09T04:00:00Z,3.05,3.15,2.755,3.1,1833216,13573,2.97879
2023-05-10T04:00:00Z,3.16,3.195,2.7201,2.735,1051871,8536,2.89059
2023-05-11T04:00:00Z,2.74,2.78,2.67,2.725,1019408,7685,2.72763
2023-05-12T04:00:00Z,2.74,2.77,2.47,2.48,1287206,6273,2.54521
2023-05-15T04:00:00Z,2.48,2.585,2.42,2.56,1062182,6691,2.52733
2023-05-16T04:00:00Z,2.53,2.585,2.45,2.48,822681,5389,2.49602
2023-05-17T04:00:00Z,2.49,2.745,2.46,2.73,785341,5098,2.66775
2023-05-18T04:00:00Z,2.7,2.845,2.65,2.74,944863,5630,2.75252
2023-05-19T04:00:00Z,2.82,2.87,2.625,2.67,589070,3692,2.7292
2023-05-22T04:00:00Z,2.67,2.71,2.605,2.63,842298,5903,2.64296
2023-05-23T04:00:00Z,2.65,2.75,2.58,2.6,841025,5691,2.6268
2023-05-24T04:00:00Z,2.58,2.61,2.4,2.41,824024,5151,2.45489
2023-05-25T04:00:00Z,2.42,2.45,2.23,2.26,792893,5752,2.29628
2023-05-26T04:00:00Z,2.3,2.415,2.21,2.385,624669,4598,2.3573
2023-05-30T04:00:00Z,2.4,2.43,2.215,2.34,710767,6615,2.32971
2023-05-31T04:00:00Z,2.34,2.4,2.25,2.37,1378582,6952,2.34679
2023-06-01T04:00:00Z,2.39,2.555,2.27,2.49,1142792,9222,2.48411
2023-06-02T04:00:00Z,2.56,3.22,2.54,3.12,3194487,26183,3.03195
2023-06-05T04:00:00Z,3.09,3.315,2.92,3.18,2178658,17978,3.16702
2023-06-06T04:00:00Z,3.16,3.67,3.05,3.62,1742806,15199,3.49547
2023-06-07T04:00:00Z,3.65,4.03,3.59,3.78,2690397,18824,3.83022
2023-06-08T04:00:00Z,3.78,3.785,3.39,3.76,1858776,12960,3.63202
2023-06-09T04:00:00Z,3.7,3.705,3.45,3.54,1083297,10012,3.52238
2023-06-12T04:00:00Z,3.52,3.71,3.48,3.67,1363988,11350,3.61009
2023-06-13T04:00:00Z,3.7,3.9,3.6,3.65,1122650,12764,3.72395
2023-06-14T04:00:00Z,3.67,3.73,3.55,3.59,1692421,9018,3.60807
2023-06-15T04:00:00Z,3.59,3.755,3.505,3.72,1421908,7282,3.68316
2023-06-16T04:00:00Z,3.75,3.79,3.49,3.53,1860684,7509,3.56213
2023-06-20T04:00:00Z,3.48,3.59,3.46,3.53,1578629,9907,3.52895
2023-06-21T04:00:00Z,3.58,3.59,3.335,3.45,1739060,10965,3.45341
2023-06-22T04:00:00Z,3.45,3.5199,3.24,3.31,1525615,12907,3.35428
2023-06-23T04:00:00Z,3.2,3.47,3.135,3.37,4057233,14167,3.33678
2023-06-26T04:00:00Z,3.34,3.6901,3.32,3.58,1051220,8451,3.57738
2023-06-27T04:00:00Z,3.62,3.67,3.48,3.56,1276616,8677,3.57473
2023-06-28T04:00:00Z,3.56,3.6,3.42,3.46,1365086,11375,3.49245
2023-06-29T04:00:00Z,3.47,3.62,3.38,3.58,1789984,10134,3.53458
2023-06-30T04:00:00Z,3.65,3.72,3.56,3.64,804799,8334,3.64492
2023-07-03T04:00:00Z,3.64,3.84,3.64,3.83,1351790,8339,3.77121
2023-07-05T04:00:00Z,3.78,3.85,3.47,3.73,1178923,10298,3.74182
2023-07-06T04:00:00Z,3.66,3.81,3.545,3.77,1078940,9991,3.69483
2023-07-07T04:00:00Z,3.8,4.13,3.75,3.98,2558973,13785,3.98555
2023-07-10T04:00:00Z,3.98,4.365,3.97,4.2,1686826,12193,4.24971
2023-07-11T04:00:00Z,4.2,4.29,4.125,4.22,1249713,10027,4.19075
2023-07-12T04:00:00Z,4.35,4.37,4.18,4.23,803029,6984,4.23868
2023-07-13T04:00:00Z,4.25,4.425,4.15,4.4,882986,7732,4.30083
2023-07-14T04:00:00Z,4.41,4.41,4.12,4.14,1090172,7350,4.19277
2023-07-17T04:00:00Z,4.12,4.26,4.04,4.24,871811,8217,4.17663
2023-07-18T04:00:00Z,4.22,4.61,4.22,4.43,879817,6894,4.43906
2023-07-19T04:00:00Z,4.46,4.6,4.46,4.5,984267,8017,4.52855
2023-07-20T04:00:00Z,4.53,4.54,4.298,4.46,829191,7341,4.43123
2023-07-21T04:00:00Z,4.5,4.62,4.32,4.4,629148,5479,4.41123
2023-07-24T04:00:00Z,4.4,4.4782,4.22,4.32,753367,6511,4.33374
2023-07-25T04:00:00Z,4.32,4.3695,4.255,4.3,570237,4788,4.30249
2023-07-26T04:00:00Z,4.31,4.465,4.29,4.44,512543,5425,4.39657
2023-07-27T04:00:00Z,4.52,4.52,4.14,4.16,552781,5680,4.26026
2023-07-28T04:00:00Z,4.23,4.32,4.17,4.21,579445,5100,4.22349
2023-07-31T04:00:00Z,4.22,4.74,4.22,4.73,1098043,7513,4.60051
2023-08-01T04:00:00Z,4.67,4.71,4.48,4.58,738200,8591,4.5801
2023-08-02T04:00:00Z,4.47,4.47,4.255,4.32,779268,8052,4.32705
2023-08-03T04:00:00Z,4.29,4.37,4.15,4.27,480177,5110,4.27464
2023-08-04T04:00:00Z,4.28,4.66,4.27,4.5,1023993,9283,4.50536
2023-08-07T04:00:00Z,4.53,4.59,4.36,4.48,754566,6781,4.47034
2023-08-08T04:00:00Z,4.22,4.32,3.555,3.74,2093493,13081,3.84252
2023-08-09T04:00:00Z,3.66,3.66,3.425,3.57,1135659,8479,3.54486
2023-08-10T04:00:00Z,3.57,3.68,3.41,3.43,810055,6694,3.52482
2023-08-11T04:00:00Z,3.41,3.465,3.28,3.38,1125777,9215,3.36224
2023-08-14T04:00:00Z,3.37,3.485,3.27,3.32,1649826,9490,3.33963
2023-08-15T04:00:00Z,3.5,3.85,3.35,3.4,1847450,14246,3.4703
2023-08-16T04:00:00Z,3.39,3.545,3.285,3.31,1072650,9449,3.3738
2023-08-17T04:00:00Z,3.32,3.505,3.3,3.47,1286950,8932,3.4356
2023-08-18T04:00:00Z,3.4,3.455,3.28,3.34,896819,7636,3.34363
2023-08-21T04:00:00Z,3.38,3.475,3.115,3.42,1179269,10819,3.36058
2023-08-22T04:00:00Z,3.42,3.56,3.415,3.51,1066688,7762,3.48818
2023-08-23T04:00:00Z,3.57,3.67,3.47,3.57,719131,5955,3.58983
2023-08-24T04:00:00Z,3.54,3.61,3.375,3.51,1067500,7214,3.50848
2023-08-25T04:00:00Z,3.52,3.6,3.445,3.56,528570,4534,3.53783
2023-08-28T04:00:00Z,3.58,3.68,3.495,3.52,495331,5855,3.55028
2023-08-29T04:00:00Z,3.55,3.6,3.5,3.54,519554,5382,3.53971
2023-08-30T04:00:00Z,3.53,3.79,3.4818,3.77,694894,4820,3.71347
2023-08-31T04:00:00Z,3.76,3.89,3.59,3.61,1358411,6787,3.66945
2023-09-01T04:00:00Z,3.69,3.73,3.45,3.56,905657,8204,3.52847
2023-09-05T04:00:00Z,3.56,3.72,3.52,3.7,1072421,8878,3.63878
2023-09-06T04:00:00Z,3.68,3.69,3.48,3.54,745344,6819,3.55032
2023-09-07T04:00:00Z,3.47,3.595,3.42,3.51,1411809,7119,3.50532
2023-09-08T04:00:00Z,3.52,3.619,3.32,3.32,789976,6028,3.41052
2023-09-11T04:00:00Z,3.34,3.425,3.24,3.26,878458,7718,3.3112
2023-09-12T04:00:00Z,3.3,3.39,3.24,3.28,1067672,7096,3.30006
2023-09-13T04:00:00Z,3.25,3.325,3.21,3.31,891739,6083,3.28066
2023-09-14T04:00:00Z,3.37,3.5,3.36,3.41,839109,4681,3.42978
2023-09-15T04:00:00Z,3.49,3.515,3.32,3.4,1503477,5455,3.40285
2023-09-18T04:00:00Z,3.38,3.435,3.33,3.38,718649,5129,3.38162
2023-09-19T04:00:00Z,3.37,3.45,3.3,3.35,396178,3404,3.35813
2023-09-20T04:00:00Z,3.37,3.44,3.36,3.4,419986,3819,3.40433
2023-09-21T04:00:00Z,3.35,3.47,3.28,3.42,512618,4287,3.38428
2023-09-22T04:00:00Z,3.44,3.525,3.375,3.48,636145,4695,3.47401
2023-09-25T04:00:00Z,3.45,3.58,3.255,3.56,1088404,8075,3.47243
2023-09-26T04:00:00Z,3.48,3.68,3.28,3.31,1057401,5479,3.43318
2023-09-27T04:00:00Z,3.35,3.44,3.27,3.34,944711,7164,3.34783
2023-09-28T04:00:00Z,3.45,3.45,3.09,3.14,806583,6065,3.16843
2023-09-29T04:00:00Z,3.16,3.285,3.07,3.16,634952,4937,3.19095
2023-10-02T04:00:00Z,3.15,3.21,2.97,3.01,760079,7116,3.03449
2023-10-03T04:00:00Z,3.02,3.07,2.9,2.94,1316424,8074,2.98039
2023-10-04T04:00:00Z,2.85,2.96,2.63,2.715,1206503,9940,2.73385
2023-10-05T04:00:00Z,2.63,2.88,2.625,2.85,1214552,9138,2.77378
2023-10-06T04:00:00Z,2.81,2.9,2.62,2.64,888845,7378,2.72982
2023-10-09T04:00:00Z,2.63,2.65,2.52,2.61,812345,5181,2.58649
2023-10-10T04:00:00Z,2.64,2.84,2.64,2.78,486093,4233,2.79258
2023-10-11T04:00:00Z,2.8,2.85,2.73,2.75,598470,5118,2.75957
2023-10-12T04:00:00Z,2.77,2.77,2.535,2.57,832079,7327,2.58987
2023-10-13T04:00:00Z,2.57,2.64,2.55,2.63,436326,4849,2.6109
2023-10-16T04:00:00Z,2.64,2.71,2.6,2.65,438100,4328,2.66002
2023-10-17T04:00:00Z,2.68,2.81,2.64,2.75,531092,4737,2.74583
2023-10-18T04:00:00Z,2.73,2.73,2.49,2.51,735552,6588,2.51931
2023-10-19T04:00:00Z,2.49,2.555,2.415,2.49,737469,5612,2.49098
2023-10-20T04:00:00Z,2.51,2.525,2.415,2.45,620573,4803,2.46411
2023-10-23T04:00:00Z,2.41,2.55,2.39,2.44,551604,5032,2.47661
2023-10-24T04:00:00Z,2.53,2.53,2.36,2.39,990499,6719,2.41908
2023-10-25T04:00:00Z,2.35,2.39,2.265,2.28,632658,5245,2.28829
2023-10-26T04:00:00Z,2.29,2.36,2.24,2.25,866157,8199,2.28582
2023-10-27T04:00:00Z,2.26,2.26,2.015,2.14,1009525,6442,2.13213
2023-10-30T04:00:00Z,2.19,2.285,2.1309,2.22,805716,7934,2.20118
2023-10-31T04:00:00Z,2.25,2.425,2.2424,2.35,670492,5743,2.34111
2023-11-01T04:00:00Z,2.28,2.295,2.1,2.15,778791,5435,2.18171
2023-11-02T04:00:00Z,2.21,2.365,2.21,2.35,553902,4868,2.33112
2023-11-03T04:00:00Z,2.47,2.63,2.45,2.5,1019890,6113,2.52248
2023-11-06T05:00:00Z,2.51,2.7,2.465,2.56,938501,8121,2.55943
2023-11-07T05:00:00Z,2.53,2.56,2.46,2.51,496597,4535,2.50781
2023-11-08T05:00:00Z,2.47,2.6,2.45,2.6,864860,5492,2.54806
2023-11-09T05:00:00Z,2.47,2.62,2.185,2.185,657463,5577,2.30607
2023-11-10T05:00:00Z,2.16,2.19,1.87,2.01,993931,7241,1.9607
2023-11-13T05:00:00Z,1.99,2.03,1.775,1.82,1309302,9552,1.84352
2023-11-14T05:00:00Z,1.95,2.21,1.93,2.1,1506375,8616,2.05848
2023-11-15T05:00:00Z,2.08,2.59,2.08,2.48,2154600,13484,2.46249
2023-11-16T05:00:00Z,2.65,2.7161,2.41,2.43,1427455,11375,2.52248
2023-11-17T05:00:00Z,2.45,2.55,2.4195,2.52,996799,7018,2.49131
2023-11-20T05:00:00Z,2.56,2.65,2.55,2.57,664619,5595,2.59075
2023-11-21T05:00:00Z,2.54,2.62,2.465,2.6,672978,5604,2.56608
2023-11-22T05:00:00Z,2.63,2.835,2.62,2.72,942653,7341,2.73407
2023-11-24T05:00:00Z,2.72,2.82,2.6498,2.78,292400,2803,2.77804
2023-11-27T05:00:00Z,2.85,2.85,2.57,2.59,745596,5829,2.68099
2023-11-28T05:00:00Z,2.6,2.6,2.455,2.58,583424,4763,2.52823
2023-11-29T05:00:00Z,2.68,2.8,2.545,2.65,651739,5405,2.65449
2023-11-30T05:00:00Z,2.74,2.74,2.6,2.62,601728,5110,2.63727
2023-12-01T05:00:00Z,2.6,3.04,2.58,3,1648947,10464,2.92048
2023-12-04T05:00:00Z,3,3.12,2.995,3.02,945745,8166,3.03279
2023-12-05T05:00:00Z,3.03,3.03,2.73,2.75,621221,5856,2.80098
2023-12-06T05:00:00Z,2.85,2.94,2.745,2.82,779798,7341,2.85754
2023-12-07T05:00:00Z,2.8,2.81,2.705,2.8,536405,4858,2.77423
2023-12-08T05:00:00Z,2.75,2.8,2.46,2.65,1084373,9045,2.62016
2023-12-11T05:00:00Z,2.67,2.69,2.56,2.62,905132,8651,2.61546
2023-12-12T05:00:00Z,2.61,2.61,2.345,2.38,1045913,10491,2.42835
2023-12-13T05:00:00Z,2.41,2.518,2.27,2.45,1606601,8193,2.41751
2023-12-14T05:00:00Z,2.56,2.75,2.47,2.6,2619662,16144,2.58048
2023-12-15T05:00:00Z,2.6,2.64,2.36,2.52,2050160,9852,2.51899
2023-12-18T05:00:00Z,2.5,2.53,2.33,2.35,1454210,8791,2.38162
2023-12-19T05:00:00Z,2.39,2.49,2.36,2.46,1372761,6500,2.4611
2023-12-20T05:00:00Z,2.45,2.52,2.31,2.32,1163981,7611,2.42521
2023-12-21T05:00:00Z,2.35,2.38,2.31,2.34,526756,4451,2.34264
2023-12-22T05:00:00Z,2.35,2.42,2.27,2.33,547088,4347,2.31814
2023-12-26T05:00:00Z,2.33,2.535,2.26,2.47,787032,5799,2.44304
2023-12-27T05:00:00Z,2.5,2.5,2.39,2.45,734284,5340,2.44523
2023-12-28T05:00:00Z,2.45,2.56,2.45,2.54,806348,4613,2.50955
2023-12-29T05:00:00Z,2.56,2.695,2.53,2.67,1222887,8960,2.64383
2024-01-02T05:00:00Z,2.66,2.7,2.44,2.45,1331868,9437,2.56353
2024-01-03T05:00:00Z,2.42,2.475,2.35,2.41,816253,5486,2.41953
2024-01-04T05:00:00Z,2.42,2.425,2.32,2.4,638029,4610,2.38269
2024-01-05T05:00:00Z,2.36,2.475,2.32,2.44,1433839,7276,2.42526
2024-01-08T05:00:00Z,2.41,2.46,2.24,2.25,1125369,5777,2.33517
2024-01-09T05:00:00Z,2.21,2.21,1.9,1.97,1729668,8961,2.02945
2024-01-10T05:00:00Z,1.95,2.17,1.9,2.16,1416567,7684,2.07661
2024-01-11T05:00:00Z,2.15,2.18,2.04,2.14,1240556,5934,2.12353
2024-01-12T05:00:00Z,2.1,2.37,2.1,2.28,1268389,7689,2.26182
2024-01-16T05:00:00Z,2.24,2.32,2.145,2.29,990082,7829,2.27061
2024-01-17T05:00:00Z,2.25,2.355,2.18,2.33,874972,6904,2.31722
2024-01-18T05:00:00Z,2.35,2.35,2.24,2.3,705943,4392,2.29131
2024-01-19T05:00:00Z,2.31,2.31,2.17,2.25,1261273,8033,2.24379
2024-01-22T05:00:00Z,2.26,2.34,2.23,2.32,722232,4902,2.28922
2024-01-23T05:00:00Z,2.35,2.54,2.35,2.5,774311,5147,2.47848
2024-01-24T05:00:00Z,2.56,2.65,2.475,2.52,432951,3457,2.52906
2024-01-25T05:00:00Z,2.61,2.78,2.595,2.65,995741,5916,2.68083
2024-01-26T05:00:00Z,2.71,2.91,2.635,2.85,1308469,7311,2.81623
2024-01-29T05:00:00Z,2.81,2.9,2.61,2.83,723983,5064,2.79796
2024-01-30T05:00:00Z,2.81,2.92,2.74,2.88,562666,4309,2.86425
2024-01-31T05:00:00Z,2.84,2.97,2.71,2.71,725157,6046,2.8189
2024-02-01T05:00:00Z,2.76,2.94,2.72,2.85,655585,6373,2.83219
2024-02-02T05:00:00Z,2.83,2.95,2.725,2.91,753187,7334,2.85366
2024-02-05T05:00:00Z,2.8,2.815,2.695,2.7,490839,4423,2.72779
2024-02-06T05:00:00Z,2.67,2.764,2.63,2.65,419971,3433,2.68896
2024-02-07T05:00:00Z,2.65,2.65,2.31,2.41,1145931,6350,2.42013
2024-02-08T05:00:00Z,2.38,2.47,2.31,2.46,665972,5293,2.41613
2024-02-09T05:00:00Z,2.45,2.8,2.43,2.79,1272195,9584,2.69834
2024-02-12T05:00:00Z,2.79,2.96,2.75,2.83,766809,5886,2.86586
2024-02-13T05:00:00Z,2.59,2.765,2.56,2.65,980395,7313,2.66979
2024-02-14T05:00:00Z,2.74,2.74,2.49,2.52,822257,6981,2.56344
2024-02-15T05:00:00Z,2.59,2.695,2.465,2.68,773021,5940,2.61594
2024-02-16T05:00:00Z,2.66,2.74,2.56,2.65,670394,4536,2.6598
2024-02-20T05:00:00Z,2.63,2.64,2.55,2.59,445099,3248,2.59612
2024-02-21T05:00:00Z,2.55,2.565,2.32,2.345,528408,3961,2.42447
2024-02-22T05:00:00Z,2.38,2.41,2.285,2.375,676432,5162,2.35987
2024-02-23T05:00:00Z,2.37,2.38,2.2,2.32,593939,4775,2.30932
2024-02-26T05:00:00Z,2.26,2.36,2.24,2.34,572197,5027,2.31438
2024-02-27T05:00:00Z,2.38,2.405,2.285,2.31,775696,6754,2.3196
2024-02-28T05:00:00Z,2.31,2.34,2.105,2.27,1331008,8784,2.228
2024-02-29T05:00:00Z,2.4,3.04,2.36,2.77,4140838,23494,2.84098
2024-03-01T05:00:00Z,2.76,2.8,2.2,2.26,2240187,14334,2.41134
2024-03-04T05:00:00Z,2.37,2.37,2.045,2.14,1618713,10115,2.14881
2024-03-05T05:00:00Z,2.14,2.14,1.92,1.93,1487082,8382,1.98977
2024-03-06T05:00:00Z,1.95,2.05,1.87,2.01,835736,6850,1.97863
2024-03-07T05:00:00Z,2.02,2.19,2.01,2.16,735152,4939,2.13151
2024-03-08T05:00:00Z,2.21,2.325,2.1621,2.3,863020,4806,2.27277
2024-03-11T04:00:00Z,2.27,2.38,2.18,2.19,766763,6329,2.22591
2024-03-12T04:00:00Z,2.21,2.22,2.13,2.21,553924,3948,2.19527
2024-03-13T04:00:00Z,2.19,2.28,2.105,2.16,729204,5553,2.16615
2024-03-14T04:00:00Z,2.13,2.23,2.12,2.12,636816,7434,2.15827
2024-03-15T04:00:00Z,2.1,2.2,2.045,2.07,1396991,6520,2.08772
2024-03-18T04:00:00Z,2.05,2.05,1.85,1.88,1269242,9384,1.92195
2024-03-19T04:00:00Z,1.89,1.92,1.84,1.89,699149,6285,1.884
2024-03-20T04:00:00Z,1.89,2.07,1.845,2.01,676889,4899,1.94486
2024-03-21T04:00:00Z,2.05,2.15,1.985,2.01,952465,7389,2.02212
2024-03-22T04:00:00Z,2.02,2.1,1.9,1.91,888519,6122,1.9507
2024-03-25T04:00:00Z,1.91,1.9528,1.87,1.87,774592,5285,1.88277
2024-03-26T04:00:00Z,1.88,1.96,1.87,1.93,500517,3566,1.91938
2024-03-27T04:00:00Z,1.94,2.16,1.94,2.14,905610,5032,2.10598
2024-03-28T04:00:00Z,2.13,2.16,2.075,2.09,562057,5076,2.10099
2024-04-01T04:00:00Z,2.1,2.13,2.03,2.12,599428,4949,2.08334
2024-04-02T04:00:00Z,2.08,2.08,1.97,2,547117,4036,2.00482
2024-04-03T04:00:00Z,1.97,2.1,1.965,2.09,660215,4125,2.03565
2024-04-04T04:00:00Z,2.12,2.21,2.1102,2.13,857102,4434,2.1568
2024-04-05T04:00:00Z,2.13,2.13,1.9698,2.05,642136,3795,2.02749
2024-04-08T04:00:00Z,2.07,2.275,2.07,2.25,978275,4539,2.23499
2024-04-09T04:00:00Z,2.27,2.345,2.225,2.33,481141,3140,2.29691
2024-04-10T04:00:00Z,2.17,2.305,2.13,2.18,692978,4893,2.20849
2024-04-11T04:00:00Z,2.18,2.27,2.13,2.26,336256,2924,2.22797
2024-04-12T04:00:00Z,2.25,2.26,2.17,2.18,501167,3238,2.19993
2024-04-15T04:00:00Z,2.16,2.18,2.08,2.11,404658,3040,2.11178
2024-04-16T04:00:00Z,2.11,2.11,2,2.03,484431,4067,2.05063
2024-04-17T04:00:00Z,2.05,2.17,1.94,1.95,553144,3837,1.98467
2024-04-18T04:00:00Z,1.94,1.96,1.87,1.93,756331,4438,1.91706
2024-04-19T04:00:00Z,1.91,1.94,1.835,1.9,948321,5334,1.88101
2024-04-22T04:00:00Z,1.9,1.95,1.86,1.945,498304,4036,1.9155
2024-04-23T04:00:00Z,1.96,2.145,1.94,2.12,476983,3926,2.07626
2024-04-24T04:00:00Z,2.12,2.19,2.08,2.11,544078,3983,2.11502
2024-04-25T04:00:00Z,2.06,2.14,2.045,2.1,598862,3830,2.10052
2024-04-26T04:00:00Z,2.1,2.18,2.055,2.14,606886,3789,2.12051
2024-04-29T04:00:00Z,2.16,2.2245,2.15,2.17,424530,3162,2.18347
2024-04-30T04:00:00Z,2.14,2.14,2.07,2.1,723243,4011,2.0956
2024-05-01T04:00:00Z,2.08,2.22,2.08,2.15,621011,6664,2.16238
2024-05-02T04:00:00Z,2.19,2.24,2.1101,2.23,854954,5060,2.19488
2024-05-03T04:00:00Z,2.27,2.34,2.24,2.25,289434,2404,2.26807
2024-05-06T04:00:00Z,2.27,2.38,2.26,2.36,643006,6014,2.3407
2024-05-07T04:00:00Z,2.35,2.4282,2.26,2.27,402532,5138,2.31245
2024-05-08T04:00:00Z,2.24,2.24,2.125,2.16,668575,4507,2.16536
2024-05-09T04:00:00Z,1.82,1.82,1.36,1.38,4222215,15596,1.49747
2024-05-10T04:00:00Z,1.46,1.46,1.29,1.3,1512326,5213,1.35866
2024-05-13T04:00:00Z,1.36,1.36,1.1739,1.24,2270689,10155,1.22655
2024-05-14T04:00:00Z,1.29,1.37,1.15,1.26,1993935,7375,1.25686
2024-05-15T04:00:00Z,1.26,1.2854,1.13,1.24,1987310,7733,1.20194
2024-05-16T04:00:00Z,1.23,1.29,1.2,1.29,1344154,7180,1.26353
2024-05-17T04:00:00Z,1.28,1.34,1.2,1.21,973896,5571,1.25347
2024-05-20T04:00:00Z,1.23,1.23,1.1,1.15,1899362,7763,1.13665
2024-05-21T04:00:00Z,1.12,1.16,1.07,1.07,902130,4226,1.0902
2024-05-22T04:00:00Z,1.09,1.09,0.9812,0.9973,1679894,6871,1.02321
2024-05-23T04:00:00Z,1.02,1.02,0.8928,0.906,3088376,9666,0.926216
2024-05-24T04:00:00Z,0.906,0.9379,0.815,0.87,3161773,8889,0.861252
2024-05-28T04:00:00Z,0.85,0.9488,0.8128,0.8588,2052014,6578,0.857867
2024-05-29T04:00:00Z,0.85,0.9682,0.848,0.9557,2354239,7526,0.931888
2024-05-30T04:00:00Z,0.94,1.01,0.92,0.9346,893419,3633,0.949076
2024-05-31T04:00:00Z,0.9624,1.06,0.9,0.9256,3452088,4692,0.940683
2024-06-03T04:00:00Z,0.9413,1.02,0.9302,0.992,986482,4387,0.984944
2024-06-04T04:00:00Z,0.9866,0.9975,0.9304,0.9702,539703,3353,0.964542
2024-06-05T04:00:00Z,0.98,1.05,0.95,1.03,1805046,6420,1.01845
2024-06-06T04:00:00Z,1.02,1.11,1.01,1.1,1613126,7541,1.08022
2024-06-07T04:00:00Z,1.1,1.28,1.05,1.25,2620611,7563,1.19079
2024-06-10T04:00:00Z,1.26,1.27,1.11,1.16,2114503,8995,1.21049
2024-06-11T04:00:00Z,1.17,1.31,1.14,1.28,1539971,6317,1.26869
2024-06-12T04:00:00Z,1.31,1.32,1.19,1.26,2379264,10566,1.25337
2024-06-13T04:00:00Z,1.26,1.31,1.17,1.22,1256336,7136,1.22931
2024-06-14T04:00:00Z,1.19,1.25,1.18,1.21,785137,4274,1.22059
2024-06-17T04:00:00Z,1.21,1.22,1.09,1.13,1196365,6583,1.13655
2024-06-18T04:00:00Z,1.14,1.17,1.06,1.08,1580766,7528,1.10853
2024-06-20T04:00:00Z,1.1,1.1295,0.9999,1.01,1578608,6118,1.03759
2024-06-21T04:00:00Z,1.02,1.08,0.9901,1,3596372,6191,1.01202
2024-06-24T04:00:00Z,1,1.09,1,1.06,1113553,4557,1.047
2024-06-25T04:00:00Z,1.06,1.06,0.992,1.03,784986,4668,1.01959
2024-06-26T04:00:00Z,1.01,1.05,1,1.02,738780,3854,1.02572
2024-06-27T04:00:00Z,1.05,1.08,1.01,1.02,712095,3926,1.03765
2024-06-28T04:00:00Z,1.03,1.14,1.03,1.09,1677783,5248,1.08834
2024-07-01T04:00:00Z,1.09,1.14,1.03,1.09,1091942,5013,1.07248
2024-07-02T04:00:00Z,1.1,1.24,1.05,1.19,892453,4114,1.17002
2024-07-03T04:00:00Z,1.18,1.185,1.14,1.15,297163,1952,1.16844
2024-07-05T04:00:00Z,1.12,1.16,1.06,1.07,895782,3632,1.0899
2024-07-08T04:00:00Z,1.08,1.135,1.06,1.1,434464,2654,1.08613
2024-07-09T04:00:00Z,1.09,1.09,1.035,1.08,522240,2190,1.06555
2024-07-10T04:00:00Z,1.09,1.11,1.06,1.08,481261,2065,1.08206
2024-07-11T04:00:00Z,1.11,1.24,1.0748,1.24,1112356,4077,1.17442
2024-07-12T04:00:00Z,1.24,1.39,1.225,1.235,932715,3761,1.29579
2024-07-15T04:00:00Z,1.26,1.36,1.2304,1.36,715837,3044,1.29918
2024-07-16T04:00:00Z,1.34,1.47,1.275,1.4,1478046,5406,1.36261
2024-07-17T04:00:00Z,1.35,1.41,1.27,1.3,750370,4349,1.31258
2024-07-18T04:00:00Z,1.31,1.42,1.28,1.3,847571,4291,1.33756
2024-07-19T04:00:00Z,1.32,1.37,1.27,1.34,645256,2973,1.33859
2024-07-22T04:00:00Z,1.35,1.47,1.32,1.455,853832,3968,1.40745
2024-07-23T04:00:00Z,1.43,1.5885,1.4,1.575,930072,3958,1.52458
2024-07-24T04:00:00Z,1.56,1.605,1.53,1.54,757858,4608,1.56678
2024-07-25T04:00:00Z,1.55,1.66,1.47,1.6,556541,2964,1.59055
2024-07-26T04:00:00Z,1.6,1.72,1.57,1.71,912126,4198,1.65976
2024-07-29T04:00:00Z,1.71,1.76,1.575,1.61,1059270,5277,1.65752
2024-07-30T04:00:00Z,1.65,1.75,1.59,1.75,570208,2999,1.68982
2024-07-31T04:00:00Z,1.77,1.885,1.695,1.78,911860,4294,1.79131
2024-08-01T04:00:00Z,1.81,1.8276,1.6,1.72,762400,4013,1.68383
2024-08-02T04:00:00Z,1.59,1.6739,1.41,1.48,807755,3664,1.50419
2024-08-05T04:00:00Z,1.37,1.54,1.3,1.42,939024,4521,1.43806
2024-08-06T04:00:00Z,1.46,1.72,1.45,1.63,938218,4071,1.59124
2024-08-07T04:00:00Z,1.63,1.65,1.41,1.43,755123,3953,1.49551
2024-08-08T04:00:00Z,1.51,1.6299,1.44,1.45,349982,3260,1.47386
2024-08-09T04:00:00Z,1.47,1.5,1.3,1.33,621601,3282,1.34716
2024-08-12T04:00:00Z,1.32,1.325,1.28,1.29,499774,3000,1.29754
2024-08-13T04:00:00Z,1.28,1.33,1.25,1.33,540700,2758,1.29824
2024-08-14T04:00:00Z,1.33,1.34,1.23,1.3,354740,2193,1.28087
2024-08-15T04:00:00Z,1.35,1.455,1.31,1.42,650093,3378,1.3943
2024-08-16T04:00:00Z,1.43,1.47,1.39,1.42,243191,1532,1.41735
2024-08-19T04:00:00Z,1.42,1.6,1.42,1.6,584395,2936,1.56678
2024-08-20T04:00:00Z,1.58,1.58,1.5,1.5,306952,2150,1.5278
2024-08-21T04:00:00Z,1.5,1.56,1.4601,1.56,230076,1625,1.52441
2024-08-22T04:00:00Z,1.56,1.565,1.49,1.5,199938,1596,1.51134
2024-08-23T04:00:00Z,1.5,1.72,1.5,1.69,604652,3511,1.65967
2024-08-26T04:00:00Z,1.72,1.75,1.59,1.62,750003,3394,1.63766
2024-08-27T04:00:00Z,1.57,1.63,1.51,1.57,335911,2160,1.54885
2024-08-28T04:00:00Z,1.56,1.59,1.48,1.52,460004,2803,1.51697
2024-08-29T04:00:00Z,1.56,1.65,1.48,1.62,440627,2865,1.58651
2024-08-30T04:00:00Z,1.62,1.635,1.52,1.56,334328,2627,1.56341
2024-09-03T04:00:00Z,1.52,1.58,1.45,1.5,584935,2990,1.50587
2024-09-04T04:00:00Z,1.49,1.5,1.38,1.38,244570,2133,1.42542
2024-09-05T04:00:00Z,1.38,1.52,1.37,1.46,204991,1456,1.44856
2024-09-06T04:00:00Z,1.45,1.505,1.44,1.47,232810,1613,1.4689
2024-09-09T04:00:00Z,1.47,1.58,1.45,1.52,337548,2379,1.53171
2024-09-10T04:00:00Z,1.52,1.9,1.495,1.795,2045834,6713,1.74708
2024-09-11T04:00:00Z,1.77,1.9399,1.7356,1.8,656763,4535,1.84209
2024-09-12T04:00:00Z,1.8,1.835,1.69,1.71,341219,2476,1.72903
2024-09-13T04:00:00Z,1.72,1.78,1.65,1.67,384794,3581,1.69749
2024-09-16T04:00:00Z,1.67,1.715,1.6,1.67,289415,3431,1.66912
2024-09-17T04:00:00Z,1.7,1.751,1.59,1.69,573313,4899,1.66239
2024-09-18T04:00:00Z,1.71,1.73,1.61,1.63,466779,3107,1.65238
2024-09-19T04:00:00Z,1.64,1.84,1.64,1.82,431588,2706,1.75697
2024-09-20T04:00:00Z,1.78,1.785,1.63,1.63,2015699,3338,1.67022
2024-09-23T04:00:00Z,1.66,1.66,1.52,1.55,660977,3603,1.56147
2024-09-24T04:00:00Z,1.56,1.6,1.5,1.55,660691,4981,1.56181
2024-09-25T04:00:00Z,1.55,1.65,1.47,1.5,1446442,5134,1.54469
2024-09-26T04:00:00Z,1.52,1.58,1.46,1.5,1037292,4439,1.51989
2024-09-27T04:00:00Z,1.54,1.72,1.51,1.71,846440,4495,1.62684
2024-09-30T04:00:00Z,1.7,1.965,1.6755,1.85,1029313,6079,1.86374
2024-10-01T04:00:00Z,1.84,2.03,1.805,1.83,962097,6587,1.88638
2024-10-02T04:00:00Z,1.82,1.89,1.79,1.86,360478,3676,1.84589
2024-10-03T04:00:00Z,1.88,2.14,1.88,2.07,1283856,7269,2.03922
2024-10-04T04:00:00Z,2.14,2.18,1.935,1.97,763960,5050,1.99728
2024-10-07T04:00:00Z,1.95,2.07,1.87,1.99,507947,4313,1.98084
2024-10-08T04:00:00Z,1.99,2.115,1.95,2.09,510140,3335,2.04414
2024-10-09T04:00:00Z,2.08,2.1499,2.045,2.08,325316,2322,2.07978
2024-10-10T04:00:00Z,2.07,2.11,1.95,1.96,404853,3328,1.99045
2024-10-11T04:00:00Z,1.97,1.995,1.92,1.97,446383,3297,1.96341
2024-10-14T04:00:00Z,1.97,2.05,1.97,2.02,354530,2851,2.01613
2024-10-15T04:00:00Z,2.03,2.03,1.93,1.93,454516,3436,1.97364
2024-10-16T04:00:00Z,1.98,2.04,1.96,2.03,393896,3654,2.0072
2024-10-17T04:00:00Z,2.04,2.04,1.92,1.98,263079,2123,1.96898
2024-10-18T04:00:00Z,1.99,2,1.88,1.88,251820,2540,1.91936
2024-10-21T04:00:00Z,1.88,1.9099,1.73,1.75,495804,3160,1.78674
2024-10-22T04:00:00Z,1.8,1.8,1.7,1.74,296527,2430,1.74219
2024-10-23T04:00:00Z,1.74,1.755,1.65,1.7,320967,2460,1.69039
2024-10-24T04:00:00Z,1.76,1.935,1.73,1.91,1047312,5889,1.86248
2024-10-25T04:00:00Z,1.91,1.935,1.8,1.8,387599,3358,1.84516
2024-10-28T04:00:00Z,1.81,1.9,1.8007,1.89,396743,2697,1.86635
2024-10-29T04:00:00Z,1.89,1.97,1.85,1.94,481533,3959,1.93513
2024-10-30T04:00:00Z,1.95,2.04,1.93,2.01,621750,3292,1.99091
2024-10-31T04:00:00Z,1.98,2.09,1.97,1.98,522888,3887,1.99433
2024-11-01T04:00:00Z,2.03,2.19,2.02,2.09,707833,4579,2.11088
2024-11-04T05:00:00Z,2.05,2.185,1.985,2.03,627040,4769,2.06331
2024-11-05T05:00:00Z,2.03,2.089,1.92,1.99,433140,2747,2.00353
2024-11-06T05:00:00Z,1.99,2,1.675,1.74,1512337,8197,1.8019
2024-11-07T05:00:00Z,2.25,2.84,2.11,2.18,8834329,32233,2.38767
2024-11-08T05:00:00Z,2.24,2.518,2.21,2.44,1817403,12018,2.39858
2024-11-11T05:00:00Z,2.48,2.61,2.31,2.49,1320450,11456,2.453
2024-11-12T05:00:00Z,2.63,2.69,2.39,2.39,1348796,9241,2.50291
2024-11-13T05:00:00Z,2.4,2.49,2.29,2.29,794676,6063,2.36918
2024-11-14T05:00:00Z,2.3,2.39,2.2637,2.31,813686,7819,2.31499
2024-11-15T05:00:00Z,2.31,2.34,2.19,2.21,759631,7712,2.22523
2024-11-18T05:00:00Z,2.15,2.23,2.12,2.22,459968,5097,2.18922
2024-11-19T05:00:00Z,2.3,2.39,2.275,2.37,1400586,7096,2.35103
2024-11-20T05:00:00Z,2.37,2.41,2.2801,2.32,519954,4539,2.31989
2024-11-21T05:00:00Z,2.34,2.495,2.24,2.45,892909,5523,2.41478
2024-11-22T05:00:00Z,2.48,2.48,2.295,2.4,848917,5552,2.37873
2024-11-25T05:00:00Z,2.45,2.485,2.28,2.3,1619819,7940,2.36657
2024-11-26T05:00:00Z,2.34,2.43,2.25,2.31,958506,6060,2.34277
2024-11-27T05:00:00Z,2.3,2.35,2.19,2.28,1310295,9765,2.27199
2024-11-29T05:00:00Z,2.31,2.39,2.275,2.29,491429,3768,2.30959
2024-12-02T05:00:00Z,2.3,2.48,2.3,2.47,1145128,7810,2.41384
2024-12-03T05:00:00Z,2.46,2.47,2.29,2.335,769615,6513,2.34774
2024-12-04T05:00:00Z,2.32,2.38,2.26,2.31,661547,4328,2.31191
2024-12-05T05:00:00Z,2.35,2.46,2.3,2.45,1069207,5921,2.4088
2024-12-06T05:00:00Z,2.49,2.66,2.39,2.61,1770610,8037,2.55131
2024-12-09T05:00:00Z,2.59,2.71,2.49,2.49,878365,5272,2.5597
2024-12-10T05:00:00Z,2.46,2.62,2.43,2.43,761433,5714,2.49018
2024-12-11T05:00:00Z,2.48,2.53,2.375,2.45,765115,6508,2.46046
2024-12-12T05:00:00Z,2.45,2.53,2.365,2.39,561712,5161,2.40538
2024-12-13T05:00:00Z,2.37,2.45,2.29,2.29,496787,4597,2.35095
2024-12-16T05:00:00Z,2.26,2.32,2.1517,2.18,1070972,5951,2.2065
2024-12-17T05:00:00Z,2.15,2.1654,2.05,2.06,922917,6894,2.07961
2024-12-18T05:00:00Z,2.1,2.195,1.96,2.02,992988,6693,2.07816
2024-12-19T05:00:00Z,2.04,2.065,1.88,1.92,955588,6356,1.94316
2024-12-20T05:00:00Z,1.88,2.005,1.83,1.88,2400819,7463,1.89897
2024-12-23T05:00:00Z,1.91,2.175,1.89,1.92,1437523,9369,2.01854
2024-12-24T05:00:00Z,1.92,2.13,1.9055,2.03,598681,3032,2.02387
2024-12-26T05:00:00Z,2.05,2.1392,1.95,1.97,1136517,5722,2.03001
2024-12-27T05:00:00Z,1.93,1.9489,1.88,1.91,723653,3888,1.91274
2024-12-30T05:00:00Z,1.88,1.9161,1.83,1.88,757245,4180,1.86338
2024-12-31T05:00:00Z,1.88,2.225,1.88,1.98,1200280,5391,2.06116
2025-01-02T05:00:00Z,2.01,2.095,1.985,2.02,617605,4700,2.03016
2025-01-03T05:00:00Z,2.02,2.14,2.015,2.13,612466,4782,2.09374
2025-01-06T05:00:00Z,2.13,2.22,2.12,2.14,639102,5839,2.1626
2025-01-07T05:00:00Z,2.16,2.21,2.05,2.1,602247,5473,2.11191
2025-01-08T05:00:00Z,2.1,2.1,1.935,1.99,592770,4778,1.98843
2025-01-10T05:00:00Z,1.99,1.99,1.805,1.88,1020489,6411,1.86431
2025-01-13T05:00:00Z,1.85,1.99,1.81,1.97,483653,4049,1.93547
2025-01-14T05:00:00Z,1.91,2.065,1.91,1.96,743082,5359,1.9818
2025-01-15T05:00:00Z,1.99,2.16,1.99,2.12,747885,5410,2.09537
2025-01-16T05:00:00Z,2.14,2.23,2.1,2.21,781316,5219,2.18671
2025-01-17T05:00:00Z,2.25,2.35,2.195,2.33,840657,5963,2.29311
2025-01-21T05:00:00Z,2.35,2.475,2.31,2.35,623349,4108,2.36913
2025-01-22T05:00:00Z,2.35,2.455,2.33,2.33,793611,4948,2.38141
2025-01-23T05:00:00Z,2.31,2.42,2.285,2.41,661478,5181,2.375
2025-01-24T05:00:00Z,2.38,2.46,2.32,2.42,494318,3935,2.40907
2025-01-27T05:00:00Z,2.38,2.44,2.34,2.42,531460,5288,2.39382
2025-01-28T05:00:00Z,2.41,2.425,2.335,2.36,492964,4501,2.36872
2025-01-29T05:00:00Z,2.36,2.425,2.33,2.34,375401,3424,2.36406
2025-01-30T05:00:00Z,2.32,2.39,2.28,2.37,694583,3631,2.34369
2025-01-31T05:00:00Z,2.35,2.36,2.1811,2.22,430879,2989,2.25559
2025-02-03T05:00:00Z,2.16,2.255,2.12,2.21,406530,3618,2.20283
2025-02-04T05:00:00Z,2.19,2.35,2.19,2.35,697998,4819,2.29262
2025-02-05T05:00:00Z,2.37,2.39,2.29,2.38,531827,4471,2.35924
2025-02-06T05:00:00Z,2.4,2.41,2.23,2.24,335668,2400,2.28324
2025-02-07T05:00:00Z,2.27,2.28,2.19,2.2,386139,3072,2.21802
2025-02-10T05:00:00Z,2.22,2.29,2.18,2.23,410881,3896,2.23536
2025-02-11T05:00:00Z,2.2,2.235,2.16,2.18,601628,4456,2.19443
2025-02-12T05:00:00Z,2.15,2.23,2.115,2.18,432469,3883,2.18529
2025-02-13T05:00:00Z,2.18,2.25,2.1,2.24,597603,3657,2.17559
2025-02-14T05:00:00Z,2.25,2.315,2.16,2.22,723313,4115,2.23438
2025-02-18T05:00:00Z,2.21,2.35,2.21,2.26,391634,3491,2.25677
2025-02-19T05:00:00Z,2.24,2.325,2.23,2.27,298274,2655,2.28301
2025-02-20T05:00:00Z,2.27,2.3046,2.165,2.18,416330,3515,2.19787
2025-02-21T05:00:00Z,2.23,2.23,2.095,2.11,798831,4331,2.14337
2025-02-24T05:00:00Z,2.14,2.3,2.0701,2.26,699835,4700,2.19862
2025-02-25T05:00:00Z,2.27,2.29,2.145,2.2,618447,4654,2.19505
2025-02-26T05:00:00Z,2.19,2.345,2.19,2.27,512228,4042,2.26538
2025-02-27T05:00:00Z,2.26,2.315,2.09,2.09,828585,5551,2.14239
2025-02-28T05:00:00Z,1.98,2.02,1.555,1.77,2845604,15709,1.68813
2025-03-03T05:00:00Z,1.77,1.785,1.51,1.6,1598235,11629,1.61098
2025-03-04T05:00:00Z,1.59,1.64,1.49,1.57,1304784,6885,1.55122
2025-03-05T05:00:00Z,1.58,1.58,1.45,1.51,1297468,7684,1.50412
2025-03-06T05:00:00Z,1.66,1.95,1.63,1.86,4090995,16710,1.8697
2025-03-07T05:00:00Z,1.81,1.88,1.72,1.83,1182767,6343,1.79624
2025-03-10T04:00:00Z,1.94,1.945,1.63,1.645,863129,6240,1.72161
2025-03-11T04:00:00Z,1.64,1.67,1.57,1.64,892078,5220,1.62736
2025-03-12T04:00:00Z,1.66,1.67,1.48,1.55,848945,5282,1.55346
2025-03-13T04:00:00Z,1.56,1.615,1.5,1.55,919142,6910,1.55794
2025-03-14T04:00:00Z,1.57,1.63,1.535,1.61,671072,5002,1.59045
2025-03-17T04:00:00Z,1.6,1.66,1.54,1.6,499248,6257,1.59909
2025-03-18T04:00:00Z,1.56,1.6202,1.43,1.465,715495,5468,1.47026
2025-03-19T04:00:00Z,1.46,1.61,1.45,1.58,697611,4054,1.54346
2025-03-20T04:00:00Z,1.56,1.71,1.55,1.68,887345,6689,1.65501
2025-03-21T04:00:00Z,1.66,1.79,1.61,1.76,3924870,9006,1.7274
2025-03-24T04:00:00Z,1.75,1.79,1.705,1.72,643316,4406,1.73773
2025-03-25T04:00:00Z,1.72,1.895,1.72,1.83,844573,6305,1.83701
2025-03-26T04:00:00Z,1.84,1.9,1.795,1.81,898776,6677,1.82905
2025-03-27T04:00:00Z,1.79,1.84,1.695,1.76,432039,3772,1.7553
2025-03-28T04:00:00Z,1.76,1.76,1.58,1.64,516357,2848,1.62657
2025-03-31T04:00:00Z,1.58,1.67,1.58,1.65,397252,3586,1.63072
2025-04-01T04:00:00Z,1.61,1.62,1.5,1.52,575938,4064,1.53524
2025-04-02T04:00:00Z,1.5,1.55,1.48,1.53,524351,3572,1.51987
2025-04-03T04:00:00Z,1.45,1.45,1.32,1.33,712277,3579,1.36098
2025-04-04T04:00:00Z,1.28,1.33,1.13,1.2,874451,3924,1.19606
2025-04-07T04:00:00Z,1.2,1.33,1.1001,1.2,1062125,6095,1.22535
2025-04-08T04:00:00Z,1.37,1.37,1.08,1.15,868708,5364,1.17511
2025-04-09T04:00:00Z,1.11,1.28,1.08,1.22,855411,4361,1.19777
2025-04-10T04:00:00Z,1.22,1.23,1.09,1.16,776439,3544,1.13468
2025-04-11T04:00:00Z,1.15,1.1699,1.094,1.15,534333,3265,1.12594
2025-04-14T04:00:00Z,1.18,1.19,1.09,1.1,524257,3504,1.1288
2025-04-15T04:00:00Z,1.09,1.172,1.05,1.09,562888,2939,1.09171
2025-04-16T04:00:00Z,1.09,1.11,0.9701,1.02,1286272,5923,1.01274
2025-04-17T04:00:00Z,1.02,1.06,0.98,0.9833,672588,4891,1.00719
2025-04-21T04:00:00Z,0.9671,1.02,0.95,1,477982,2416,0.992183
2025-04-22T04:00:00Z,1.02,1.09,1,1.06,799810,4798,1.04942
2025-04-23T04:00:00Z,1.13,1.25,1.05,1.06,1039782,5935,1.13045
2025-04-24T04:00:00Z,1.05,1.08,1.01,1.02,573478,3778,1.0312
2025-04-25T04:00:00Z,1,1.05,0.9895,1.02,544675,3812,1.02659
2025-04-28T04:00:00Z,1.01,1.0699,1,1.03,519559,2695,1.03428
2025-04-29T04:00:00Z,1.05,1.0863,1.02,1.06,484799,3303,1.05887
2025-04-30T04:00:00Z,1.05,1.055,1,1.03,385054,2293,1.02438
2025-05-01T04:00:00Z,1.04,1.07,1,1.06,511423,2390,1.03916
2025-05-02T04:00:00Z,1.08,1.09,1.04,1.06,448019,2393,1.06075
2025-05-05T04:00:00Z,1.02,1.07,1.015,1.05,285951,2251,1.05207
2025-05-06T04:00:00Z,1.04,1.13,1.03,1.09,434171,2562,1.09218
2025-05-07T04:00:00Z,1.09,1.15,1.08,1.1,372994,3123,1.11253
2025-05-08T04:00:00Z,1.1,1.25,1.1,1.21,1074327,6246,1.21392
2025-05-09T04:00:00Z,1.19,1.32,1.17,1.26,1204035,7058,1.2512
2025-05-12T04:00:00Z,1.34,1.36,1.2446,1.29,1074701,6872,1.28705
2025-05-13T04:00:00Z,1.46,1.54,1.19,1.23,1602754,9453,1.28642
2025-05-14T04:00:00Z,1.22,1.248,1.13,1.16,942393,5485,1.16347
2025-05-15T04:00:00Z,1.14,1.29,1.11,1.26,1158155,5983,1.22091
2025-05-16T04:00:00Z,1.25,1.2899,1.2,1.24,523414,2935,1.23732
2025-05-19T04:00:00Z,1.33,1.36,1.24,1.28,614441,3615,1.2827
2025-05-20T04:00:00Z,1.26,1.41,1.2495,1.37,793328,5286,1.35428
2025-05-21T04:00:00Z,1.33,1.3672,1.24,1.25,568083,3466,1.27505
2025-05-22T04:00:00Z,1.25,1.29,1.22,1.24,337899,3366,1.25718
2025-05-23T04:00:00Z,1.21,1.24,1.17,1.23,493487,3170,1.21059
2025-05-27T04:00:00Z,1.23,1.31,1.2,1.31,409968,3416,1.27893
2025-05-28T04:00:00Z,1.29,1.33,1.265,1.3,216185,1771,1.3036
2025-05-29T04:00:00Z,1.31,1.45,1.31,1.35,506298,3493,1.37958
2025-05-30T04:00:00Z,1.34,1.36,1.28,1.31,474559,3666,1.31237
2025-06-02T04:00:00Z,1.32,1.37,1.26,1.35,544752,3787,1.32648
2025-06-03T04:00:00Z,1.36,1.4191,1.295,1.37,543776,3899,1.35894
2025-06-04T04:00:00Z,1.36,1.43,1.36,1.41,559229,4084,1.39778
2025-06-05T04:00:00Z,1.41,1.71,1.41,1.55,1678912,8757,1.58597
2025-06-06T04:00:00Z,1.61,1.61,1.49,1.5,689050,3771,1.52155
2025-06-09T04:00:00Z,1.51,1.67,1.51,1.65,872045,5341,1.6334
2025-06-10T04:00:00Z,1.66,1.81,1.65,1.8,1318656,6556,1.76073
2025-06-11T04:00:00Z,1.82,1.86,1.72,1.74,801233,4252,1.76957
2025-06-12T04:00:00Z,1.72,1.73,1.58,1.6,926442,5837,1.61668
2025-06-13T04:00:00Z,1.55,1.69,1.55,1.66,605849,4488,1.64202
2025-06-16T04:00:00Z,1.67,1.8,1.66,1.69,830151,7479,1.73898
2025-06-17T04:00:00Z,1.69,1.715,1.6396,1.69,733864,7499,1.67874
2025-06-18T04:00:00Z,1.69,1.83,1.58,1.77,796360,7365,1.75149
2025-06-20T04:00:00Z,1.82,1.87,1.775,1.83,3031354,5802,1.82636
2025-06-23T04:00:00Z,1.81,1.89,1.67,1.74,876740,4597,1.75866
2025-06-24T04:00:00Z,1.655,1.78,1.655,1.74,440194,4001,1.74018
2025-06-25T04:00:00Z,1.73,1.755,1.67,1.72,374728,3896,1.72065
2025-06-26T04:00:00Z,1.74,1.7697,1.64,1.68,393670,2997,1.69108
2025-06-27T04:00:00Z,1.67,1.745,1.66,1.72,1907770,2412,1.71836
2025-06-30T04:00:00Z,1.72,1.79,1.66,1.76,600043,3268,1.73953
2025-07-01T04:00:00Z,1.66,1.95,1.66,1.86,788489,5702,1.86354
2025-07-02T04:00:00Z,1.9,1.935,1.805,1.88,600592,3878,1.87108
2025-07-03T04:00:00Z,1.88,2.045,1.86,1.95,539763,3043,1.96878
2025-07-07T04:00:00Z,1.91,2.02,1.895,1.98,498839,3236,1.97326
2025-07-08T04:00:00Z,1.98,2.09,1.96,2.08,468124,3425,2.04519
2025-07-09T04:00:00Z,2.11,2.13,2.01,2.06,511598,5072,2.06074
2025-07-10T04:00:00Z,2.06,2.11,2.01,2.01,377853,3267,2.03225
2025-07-11T04:00:00Z,1.98,2.05,1.95,1.98,306687,2572,1.99985
2025-07-14T04:00:00Z,1.96,2.05,1.93,2.05,378078,4713,2.02409
2025-07-15T04:00:00Z,2.07,2.07,1.945,1.95,335698,3647,1.99139
2025-07-16T04:00:00Z,1.95,2,1.935,1.98,400199,4284,1.97577
2025-07-17T04:00:00Z,1.97,2.065,1.96,1.97,398534,3623,1.996
2025-07-18T04:00:00Z,2.01,2.03,1.9,1.9,329784,3180,1.94424
2025-07-21T04:00:00Z,1.91,1.9291,1.845,1.87,288070,2622,1.88078
2025-07-22T04:00:00Z,1.86,1.94,1.86,1.91,451280,4315,1.90535
2025-07-23T04:00:00Z,1.92,2,1.91,1.99,544609,3354,1.98094
2025-07-24T04:00:00Z,1.98,2.03,1.905,2.02,415275,3606,1.97537
2025-07-25T04:00:00Z,2.02,2.02,1.945,1.97,396803,3065,1.96401
2025-07-28T04:00:00Z,1.97,1.995,1.93,1.98,234388,2816,1.96976
2025-07-29T04:00:00Z,2,2,1.895,1.9,349930,3037,1.91329
2025-07-30T04:00:00Z,1.91,1.935,1.845,1.86,342793,4081,1.8856
2025-07-31T04:00:00Z,1.83,1.875,1.8,1.87,367753,3199,1.85132
2025-08-01T04:00:00Z,1.83,1.845,1.78,1.81,624913,5000,1.8087
2025-08-04T04:00:00Z,1.83,1.865,1.77,1.78,391576,3724,1.81161
2025-08-05T04:00:00Z,1.77,1.8,1.7,1.77,495021,3092,1.75192
2025-08-06T04:00:00Z,1.77,1.775,1.705,1.73,338539,2004,1.73005
2025-08-07T04:00:00Z,1.74,1.74,1.54,1.62,820710,4470,1.59095
2025-08-08T04:00:00Z,1.62,1.7,1.55,1.6,426510,2899,1.62949
2025-08-11T04:00:00Z,1.63,1.68,1.585,1.63,584603,3091,1.6212
2025-08-12T04:00:00Z,1.63,2.285,1.63,2.03,6409007,35231,2.08789
2025-08-13T04:00:00Z,2.05,2.29,2.05,2.2,2382312,12541,2.20241
2025-08-14T04:00:00Z,2.08,2.27,2.08,2.26,1093918,7713,2.19375
2025-08-15T04:00:00Z,2.28,2.425,2.235,2.25,1136881,8074,2.32416
2025-08-18T04:00:00Z,2.42,2.628,2.19,2.24,1674483,10486,2.33294
2025-08-19T04:00:00Z,2.17,2.2278,2.12,2.2,1073516,8866,2.17593
2025-08-20T04:00:00Z,2.22,2.29,2.16,2.24,739756,5828,2.23695
2025-08-21T04:00:00Z,2.23,2.26,2.19,2.23,504954,4062,2.23206
2025-08-22T04:00:00Z,2.22,2.42,2.22,2.37,1174568,8700,2.37078
2025-08-25T04:00:00Z,2.38,2.4,2.18,2.24,752455,5454,2.2414
2025-08-26T04:00:00Z,2.22,2.305,2.18,2.29,473567,4268,2.27187
2025-08-27T04:00:00Z,2.27,2.3,2.22,2.23,291213,3454,2.25158
2025-08-28T04:00:00Z,2.26,2.265,2.19,2.21,256678,2662,2.21344
2025-08-29T04:00:00Z,2.22,2.23,2.1,2.13,308072,3000,2.13626
2025-09-02T04:00:00Z,2.12,2.25,2.12,2.24,693288,4920,2.21357
2025-09-03T04:00:00Z,2.23,2.35,2.22,2.31,551970,4748,2.30442
2025-09-04T04:00:00Z,2.31,2.325,2.23,2.28,473457,4636,2.27716
2025-09-05T04:00:00Z,2.29,2.39,2.08,2.1,697257,4394,2.15965
2025-09-08T04:00:00Z,2.09,2.285,2.045,2.25,863918,5591,2.21694
2025-09-09T04:00:00Z,2.23,2.31,2.22,2.26,632216,3990,2.26138
2025-09-10T04:00:00Z,2.25,2.25,2.08,2.15,874404,5954,2.14471
2025-09-11T04:00:00Z,2.14,2.37,2.13,2.37,889320,5489,2.29085
2025-09-12T04:00:00Z,2.36,2.66,2.26,2.59,1343957,7613,2.54615
2025-09-15T04:00:00Z,2.59,3,2.57,2.86,1628307,13133,2.87955
2025-09-16T04:00:00Z,2.87,3.33,2.84,2.97,1842664,15122,3.02667
2025-09-17T04:00:00Z,2.97,3.045,2.845,2.87,1218117,10294,2.9114
2025-09-18T04:00:00Z,2.9,3.11,2.9,3.09,882589,8630,3.04733
2025-09-19T04:00:00Z,3.1,3.17,3,3.03,3037306,4935,3.03701
2025-09-22T04:00:00Z,2.99,3.13,2.8902,3.11,833898,6266,3.05614
2025-09-23T04:00:00Z,3.12,3.1859,2.97,2.97,456482,4506,3.07037
2025-09-24T04:00:00Z,3,3,2.645,2.7,827285,6875,2.74593
2025-09-25T04:00:00Z,2.63,2.8,2.63,2.8,468715,3712,2.72948
2025-09-26T04:00:00Z,2.8,2.84,2.6975,2.71,401485,4055,2.75701
2025-09-29T04:00:00Z,2.71,2.845,2.6901,2.78,650712,6044,2.77744
2025-09-30T04:00:00Z,2.8,2.875,2.785,2.87,456636,4302,2.85579
2025-10-01T04:00:00Z,2.86,2.87,2.74,2.86,713191,6081,2.81808
2025-10-02T04:00:00Z,2.87,2.8841,2.675,2.7,445282,4151,2.72644
2025-10-03T04:00:00Z,2.75,2.94,2.72,2.85,762353,6783,2.84445
2025-10-06T04:00:00Z,2.86,3.205,2.835,3.19,1210643,7974,3.08524
2025-10-07T04:00:00Z,3.2,3.245,3.01,3.01,1202121,8334,3.15575
2025-10-08T04:00:00Z,3.05,3.0864,2.98,3.04,565161,5877,3.03614
2025-10-09T04:00:00Z,3.05,3.11,2.895,2.95,341565,3674,2.95308
2025-10-10T04:00:00Z,2.95,2.98,2.565,2.59,560061,4606,2.67759
2025-10-13T04:00:00Z,2.63,2.63,2.5,2.61,817696,6125,2.5745
2025-10-14T04:00:00Z,2.61,2.815,2.5301,2.76,360847,4126,2.72301
2025-10-15T04:00:00Z,2.78,2.85,2.71,2.77,269623,3712,2.76353
2025-10-16T04:00:00Z,2.77,2.84,2.605,2.7,426522,4376,2.68881
2025-10-17T04:00:00Z,2.67,2.75,2.665,2.67,365453,5916,2.69241
2025-10-20T04:00:00Z,2.72,2.95,2.68,2.91,472261,5124,2.89304
2025-10-21T04:00:00Z,2.91,3.05,2.91,3.05,387355,3638,3.00668
2025-10-22T04:00:00Z,3.05,3.2999,3.0499,3.27,1103415,7921,3.20205
2025-10-23T04:00:00Z,3.28,3.51,3.265,3.33,846424,6984,3.38406
2025-10-24T04:00:00Z,3.38,3.47,3.365,3.39,345966,3872,3.39933
2025-10-27T04:00:00Z,3.39,3.4699,3.1736,3.25,453179,4628,3.26156
2025-10-28T04:00:00Z,3.25,3.25,3.1501,3.2,300739,3722,3.19611
2025-10-29T04:00:00Z,3.19,3.2399,2.88,3.02,655336,5561,3.02917
2025-10-30T04:00:00Z,2.99,3.2,2.9573,3.055,419954,4670,3.10214
2025-10-31T04:00:00Z,3.05,3.13,2.925,2.97,507673,4706,2.9867
2025-11-03T05:00:00Z,2.94,2.97,2.8,2.91,5689276,45185,2.882
2025-11-04T05:00:00Z,3.58,4.12,3.29,3.99,24800619,143085,3.77286
2025-11-05T05:00:00Z,3.84,4.58,3.664,4.51,5547249,31859,4.36394
2025-11-06T05:00:00Z,4.7,4.77,4.4075,4.7,2309716,17056,4.59487
2025-11-07T05:00:00Z,4.57,4.7304,4.5089,4.63,1067658,10346,4.64105
2025-11-10T05:00:00Z,4.595,4.73,4.03,4.57,4161291,29202,4.43973
2025-11-11T05:00:00Z,4.07,4.5,4.06,4.3,1760486,14786,4.30327
2025-11-12T05:00:00Z,4.32,4.52,4.195,4.25,1211632,11372,4.29055
2025-11-13T05:00:00Z,4.18,4.455,4.06,4.18,1924629,15696,4.24228
2025-11-14T05:00:00Z,4.17,4.195,3.9136,4.07,1102293,11068,4.05169
2025-11-17T05:00:00Z,4.1,4.12,3.935,4.01,1288495,12700,3.99226
2025-11-18T05:00:00Z,3.97,4.15,3.835,3.99,784006,8643,3.99557
2025-11-19T05:00:00Z,3.98,4.1,3.9,3.93,698062,6781,3.95512
2025-11-20T05:00:00Z,4.01,4.15,3.81,3.84,897933,10081,3.92374
2025-11-21T05:00:00Z,3.82,3.955,3.705,3.87,858303,9014,3.84726
2025-11-24T05:00:00Z,3.85,3.89,3.755,3.83,557223,7686,3.83096
2025-11-25T05:00:00Z,3.87,3.95,3.71,3.72,692269,8948,3.78832
2025-11-26T05:00:00Z,3.7,3.965,3.652,3.84,583500,8680,3.8558
2025-11-28T05:00:00Z,3.84,3.94,3.82,3.93,296769,4267,3.90346
2025-12-01T05:00:00Z,3.9,3.935,3.81,3.89,781162,7273,3.8775
2025-12-02T05:00:00Z,3.85,3.8619,3.67,3.72,914000,9292,3.73804
2025-12-03T05:00:00Z,3.75,3.885,3.7,3.76,821924,7154,3.8113
2025-12-04T05:00:00Z,3.76,3.7679,3.7,3.74,422720,5475,3.73762
2025-12-05T05:00:00Z,3.74,3.835,3.6605,3.71,666159,6513,3.7277
2025-12-08T05:00:00Z,3.71,3.775,3.61,3.71,972342,9194,3.69099
2025-12-09T05:00:00Z,3.72,4.515,3.72,4.2,2467064,18697,4.26469
2025-12-10T05:00:00Z,4.22,4.735,4.19,4.715,1789826,14012,4.50066
2025-12-11T05:00:00Z,4.71,5.44,4.705,5.1,3575814,25534,5.2035
2025-12-12T05:00:00Z,5.08,5.13,4.4901,4.74,1974672,19384,4.78001
2025-12-15T05:00:00Z,4.78,4.8,4.385,4.41,869843,10000,4.50954
2025-12-16T05:00:00Z,4.37,4.73,4.288,4.54,2499236,19281,4.56067
2025-12-17T05:00:00Z,4.54,4.62,4.26,4.28,673152,7552,4.38124
2025-12-18T05:00:00Z,4.35,4.4984,4.34,4.36,539433,7571,4.41162
2025-12-19T05:00:00Z,4.36,4.475,4.3116,4.4,1921734,7665,4.39133
2025-12-22T05:00:00Z,4.41,4.74,4.41,4.62,2475658,9034,4.63386
2025-12-23T05:00:00Z,4.61,4.7251,4.425,4.55,839679,7559,4.52867
2025-12-24T05:00:00Z,4.54,4.545,4.425,4.51,368455,4077,4.49203
2025-12-26T05:00:00Z,4.51,4.54,4.41,4.41,459298,5625,4.44628
2025-12-29T05:00:00Z,4.38,4.4,4.18,4.22,431785,4681,4.23559
2025-12-30T05:00:00Z,4.2,4.275,4.14,4.25,440942,5471,4.23257
2025-12-31T05:00:00Z,4.25,4.27,4.14,4.16,516403,4906,4.18325
