timestamp,open,high,low,close,volume,tradeCount,vwap
2016-01-04T05:00:00Z,97.44,97.44,97.44,97.44,537,22,97.44
2016-01-05T05:00:00Z,96.991,99.89,96.991,98.97,3228,34,98.6521
2016-01-06T05:00:00Z,94.05,94.05,89.52,92,1817,18,91.5194
2016-01-07T05:00:00Z,90.001,90.175,88,89.5,5318,54,89.2482
2016-01-08T05:00:00Z,90,92.98,88,89.15,9120,92,89.3598
2016-01-11T05:00:00Z,89.999,89.999,87.5,88,6513,84,88.4782
2016-01-12T05:00:00Z,88,89,88,89,2481,26,88.3686
2016-01-13T05:00:00Z,87.0101,88.96,86.75,87.11,7684,55,87.0532
2016-01-14T05:00:00Z,88.5,88.99,86,86.87,2463,23,87.3497
2016-01-15T05:00:00Z,85.9,85.96,81.21,83.48,2727,28,84.6038
2016-01-19T05:00:00Z,83.48,84.94,78.3478,84.94,2346,27,82.7357
2016-01-20T05:00:00Z,83.89,84.87,82.5042,84.45,2230,30,83.4988
2016-01-21T05:00:00Z,84.84,84.84,84.84,84.84,424,6,84.84
2016-01-22T05:00:00Z,85,86.75,84.85,86.09,7742,67,85.9292
2016-01-25T05:00:00Z,86.09,86.09,77.6,83,12483,56,82.8485
2016-01-26T05:00:00Z,83.002,84.77,76.35,78.54,20073,148,79.4897
2016-01-27T05:00:00Z,78.01,83.79,78.01,83.34,4765,44,80.546
2016-01-28T05:00:00Z,85.78,88.4,83.34,84.99,6132,59,84.9262
2016-01-29T05:00:00Z,85.55,88.99,81.65,86.5,11956,99,84.6876
2016-02-01T05:00:00Z,86.79,89.785,84,89.45,1168,18,87.1594
2016-02-02T05:00:00Z,87.15,90,86.5,88.54,3353,41,87.7704
2016-02-03T05:00:00Z,87.66,87.66,86.02,86.02,1066,16,87.25
2016-02-04T05:00:00Z,86.47,87.94,86.47,87.94,1027,19,86.96
2016-02-05T05:00:00Z,87.49,89.99,86.9,86.9,6953,68,87.1012
2016-02-08T05:00:00Z,87.22,89,86.8,88.8,3840,40,87.3306
2016-02-09T05:00:00Z,87,87,87,87,485,4,87
2016-02-10T05:00:00Z,87.66,89.69,87.66,89.69,1235,19,89.0532
2016-02-11T05:00:00Z,88,89.25,88,89.25,1573,29,88.2418
2016-02-12T05:00:00Z,89.25,89.25,89.25,89.25,0,0,0
2016-02-16T05:00:00Z,89.23,89.23,86,86,1377,45,88.3124
2016-02-17T05:00:00Z,86,89.39,82.5,89.39,3068,35,84.7591
2016-02-18T05:00:00Z,86.72,87.7292,86.72,87.7292,711,18,87.2246
2016-02-19T05:00:00Z,86.04,87.44,86,87.44,2098,18,86.3052
2016-02-22T05:00:00Z,86.16,89.4,86,87.71,3599,55,87.0429
2016-02-23T05:00:00Z,88.67,88.67,88.67,88.67,726,12,88.67
2016-02-24T05:00:00Z,88,89.88,88,89.88,2044,27,88.6465
2016-02-25T05:00:00Z,90,90,88,88,2954,33,88.0916
2016-02-26T05:00:00Z,88,88,88,88,0,0,0
2016-02-29T05:00:00Z,88,88,86.36,86.36,1959,27,87.4066
2016-03-01T05:00:00Z,89.11,89.11,89.11,89.11,701,16,89.11
2016-03-02T05:00:00Z,89.11,89.11,89.11,89.11,0,0,0
2016-03-03T05:00:00Z,89.11,89.11,89.11,89.11,0,0,0
2016-03-04T05:00:00Z,87.5,89,87,89,5142,125,88.0533
2016-03-07T05:00:00Z,89,89,89,89,0,0,0
2016-03-08T05:00:00Z,86,88.6,86,86.44,1819,34,87.0106
2016-03-09T05:00:00Z,87.45,87.51,87.45,87.51,622,16,87.49
2016-03-10T05:00:00Z,88.49,88.49,87.5,87.5,749,18,87.9225
2016-03-11T05:00:00Z,89,89,87.88,87.88,938,50,88.2533
2016-03-14T04:00:00Z,88.8,88.9,88.8,88.9,821,56,88.8695
2016-03-15T04:00:00Z,89.92,90,89.46,89.46,933,44,89.768
2016-03-16T04:00:00Z,90,92.28,89.01,89.01,2068,33,90.4398
2016-03-17T04:00:00Z,89.5,90.5,89.5,89.89,764,13,89.8265
2016-03-18T04:00:00Z,94,94,89.51,89.51,2472,14,89.7255
2016-03-21T04:00:00Z,91,93.0399,90.65,90.65,932,16,91.4004
2016-03-22T04:00:00Z,92.96,92.96,89,89,2162,25,89.9664
2016-03-23T04:00:00Z,89.95,93.1111,89.95,90.22,1238,93,90.7502
2016-03-24T04:00:00Z,90.22,90.22,90.22,90.22,0,0,0
2016-03-28T04:00:00Z,90.17,90.17,87.2197,87.2197,2104,24,88.0896
2016-03-29T04:00:00Z,91.52,93.17,91,91.485,1599,34,91.7442
2016-03-30T04:00:00Z,92,92.31,92,92.31,961,44,92.2067
2016-03-31T04:00:00Z,94.41,94.41,91.07,91.07,1870,44,92.0097
2016-04-01T04:00:00Z,92.07,92.07,92.07,92.07,549,18,92.07
2016-04-04T04:00:00Z,92,92,90.31,90.31,588,33,90.8552
2016-04-05T04:00:00Z,92,92,90.2609,90.32,778,62,91.0836
2016-04-06T04:00:00Z,90.5,95,90.5,95,2186,40,93.3739
2016-04-07T04:00:00Z,95,101.67,95,98,4314,46,98.2887
2016-04-08T04:00:00Z,97.59,98.49,97.59,98.05,783,22,97.9067
2016-04-11T04:00:00Z,98,98,97.96,97.96,1202,33,97.9733
2016-04-12T04:00:00Z,98.01,98.0499,94,95.875,6953,89,95.1783
2016-04-13T04:00:00Z,95.64,97.18,95,95,2334,54,95.4921
2016-04-14T04:00:00Z,94,96.05,94,96,1410,64,95.2562
2016-04-15T04:00:00Z,96,96,94.26,94.3,1055,25,94.8856
2016-04-18T04:00:00Z,96,96,94,94.04,1148,26,94.8563
2016-04-19T04:00:00Z,95.3,95.87,95.3,95.87,1232,29,95.5566
2016-04-20T04:00:00Z,96,96,95.93,95.93,601,21,95.9632
2016-04-21T04:00:00Z,95.7,95.87,94.92,95.87,1448,29,95.4065
2016-04-22T04:00:00Z,95,95.87,95,95.87,863,20,95.2175
2016-04-25T04:00:00Z,96,96,94.155,95.81,3583,20,95.5867
2016-04-26T04:00:00Z,96,96,94.94,94.94,1541,32,95.6211
2016-04-27T04:00:00Z,95.15,95.98,94.1,94.1,1634,23,95.0465
2016-04-28T04:00:00Z,86.66,94.69,86.66,91.73,971,14,91.9983
2016-04-29T04:00:00Z,95.23,95.23,95.11,95.11,576,17,95.19
2016-05-02T04:00:00Z,100.82,106.8,98.72,98.72,752,9,101.049
2016-05-03T04:00:00Z,98.47,98.47,88.62,96,5881,59,96.5938
2016-05-04T04:00:00Z,94.755,96,93.02,95.88,5563,71,94.9731
2016-05-05T04:00:00Z,95.5,96,95,95.5,2458,40,95.3925
2016-05-06T04:00:00Z,95.5,96,93,95.5,2618,23,95.4307
2016-05-09T04:00:00Z,94.99,97.005,90.69,95.5,8710,83,94.0786
2016-05-10T04:00:00Z,94,95.84,92.25,92.99,2389,39,93.4478
2016-05-11T04:00:00Z,93.0001,95.06,93.0001,95.06,831,17,94.6497
2016-05-12T04:00:00Z,94.99,96.65,94.99,96.65,2313,37,95.6027
2016-05-13T04:00:00Z,96.49,97.99,91.81,94.25,5507,81,94.8598
2016-05-16T04:00:00Z,96,96.05,96,96.05,636,12,96.012
2016-05-17T04:00:00Z,93.868,93.868,93.868,93.868,631,18,93.868
2016-05-18T04:00:00Z,96,96,95.49,95.65,702,12,95.6975
2016-05-19T04:00:00Z,95.16,95.21,87.68,91,6691,91,92.9038
2016-05-20T04:00:00Z,90.96,93.2,90.39,92.3,3000,27,91.4843
2016-05-23T04:00:00Z,92.49,98.2,92.49,94.75,2601,24,94.2292
2016-05-24T04:00:00Z,94.88,96.27,94,95.8,2323,33,94.8569
2016-05-25T04:00:00Z,96.5,96.5,94,95.35,2494,35,94.4988
2016-05-26T04:00:00Z,95.35,95.35,95.35,95.35,0,0,0
2016-05-27T04:00:00Z,94.25,94.25,92.68,94.09,2417,24,93.9259
2016-05-31T04:00:00Z,93.5,93.5,93.26,93.26,1184,20,93.4304
2016-06-01T04:00:00Z,93.66,93.66,92.01,92.01,1802,28,93.1295
2016-06-02T04:00:00Z,92.55,92.55,92.55,92.55,766,9,92.55
2016-06-03T04:00:00Z,92,92.1,92,92,910,22,92.0248
2016-06-06T04:00:00Z,92.15,94.39,91.61,91.82,2462,34,92.1994
2016-06-07T04:00:00Z,91.82,93.25,90.27,91.16,2572,57,91.6804
2016-06-08T04:00:00Z,91.01,92.55,91.01,92.51,1755,30,91.9833
2016-06-09T04:00:00Z,92.5,92.5,92.5,92.5,653,19,92.5
2016-06-10T04:00:00Z,92.45,94.32,92.45,92.81,1839,32,93.3644
2016-06-13T04:00:00Z,92.71,94.7,91.21,92.36,2802,66,92.7463
2016-06-14T04:00:00Z,90.24,94.75,90.24,92.43,1985,30,92.9421
2016-06-15T04:00:00Z,92.43,93.75,91.26,91.61,2243,50,92.7726
2016-06-16T04:00:00Z,93,93,85.18,85.18,4485,79,90.2161
2016-06-17T04:00:00Z,85.33,89.2,82.13,86.64,10339,100,85.7205
2016-06-20T04:00:00Z,86.73,88.68,85.12,86.6,6932,145,86.5279
2016-06-21T04:00:00Z,86.83,90,86.6,87.31,3164,56,88.2456
2016-06-22T04:00:00Z,87.31,92,87.31,90.6,6451,87,89.578
2016-06-23T04:00:00Z,90.6,94,90.6,92,11382,136,92.4353
2016-06-24T04:00:00Z,90.29,92.56,87.2,90.02,192543,253,90.0407
2016-06-27T04:00:00Z,86.1847,91.84,86.1847,91.11,5152,90,90.7403
2016-06-28T04:00:00Z,90.71,94,90.71,94,6139,98,93.4631
2016-06-29T04:00:00Z,95,95.75,91.17,93.28,9850,136,94.4029
2016-06-30T04:00:00Z,93.77,95.7,93.77,95.25,5560,83,94.8088
2016-07-01T04:00:00Z,92.7999,93.41,88.7,91.05,12011,209,92.446
2016-07-05T04:00:00Z,90.67,94.75,90.53,93.05,11557,293,92.6483
2016-07-06T04:00:00Z,93.9,95.49,90.53,95.49,8219,161,93.9064
2016-07-07T04:00:00Z,94.96,94.96,89.99,92.95,6517,63,93.8649
2016-07-08T04:00:00Z,94.01,96.2,94.01,96.16,4765,70,95.0634
2016-07-11T04:00:00Z,96.98,100.1,94.691,96.96,6112,71,97.413
2016-07-12T04:00:00Z,98.56,98.56,95.225,96.17,14556,200,96.8439
2016-07-13T04:00:00Z,96.08,98.65,93.0201,98.29,9331,94,96.9126
2016-07-14T04:00:00Z,98.16,99,95.295,96.19,7717,338,97.3251
2016-07-15T04:00:00Z,97.05,99.3,96.0999,99,15215,277,97.5241
2016-07-18T04:00:00Z,98.8,100.92,97.5,99.2,15340,209,98.755
2016-07-19T04:00:00Z,98,99.23,97.59,98,8739,87,98.1735
2016-07-20T04:00:00Z,98.5,98.9,97.71,97.95,10103,96,98.2457
2016-07-21T04:00:00Z,97.77,98.97,97.36,98.48,3262,51,98.2048
2016-07-22T04:00:00Z,99.52,100.22,96.01,99.34,6232,78,97.6978
2016-07-25T04:00:00Z,98.11,99.55,97.81,98.16,2362,66,98.1893
2016-07-26T04:00:00Z,98.1,102.5,98.1,100.15,5894,137,99.0816
2016-07-27T04:00:00Z,99.63,100.39,98.4501,100.15,5199,171,99.8377
2016-07-28T04:00:00Z,99.6999,99.93,99.2,99.93,3271,120,99.7054
2016-07-29T04:00:00Z,100.5,100.5,100.5,100.5,1497,31,100.5
2016-08-01T04:00:00Z,98.124,100.4,97.2,99.74,2315,45,99.2565
2016-08-02T04:00:00Z,97.7,100.5,97,98.51,6804,69,98.0722
2016-08-03T04:00:00Z,98.6999,99.5,98.6999,99.5,3567,51,99.046
2016-08-04T04:00:00Z,98.59,98.75,96.5,97.76,3319,27,97.9894
2016-08-05T04:00:00Z,99.1,100.17,94.18,96.68,14871,215,97.1518
2016-08-08T04:00:00Z,95.6499,98.48,95.6499,97.23,4473,60,96.406
2016-08-09T04:00:00Z,97.5,97.5,96,96.11,11916,173,97.0317
2016-08-10T04:00:00Z,96.36,97.5,95.7,97.15,3531,89,96.2551
2016-08-11T04:00:00Z,96.7,96.7,95.26,96.12,5450,136,96.4143
2016-08-12T04:00:00Z,95.76,97.35,95.76,96.9,3961,82,96.6151
2016-08-15T04:00:00Z,96.5999,97.8,96.5999,97.8,3539,42,97.225
2016-08-16T04:00:00Z,97.44,97.5,95,96.02,8404,151,96.9358
2016-08-17T04:00:00Z,96.23,97.875,96.23,96.37,2618,147,96.7906
2016-08-18T04:00:00Z,96.99,96.99,96.75,96.75,3222,139,96.8595
2016-08-19T04:00:00Z,96.99,101.23,96.99,99.37,12503,195,98.5069
2016-08-22T04:00:00Z,97.57,99.94,97,97.98,7629,71,97.5368
2016-08-23T04:00:00Z,100.05,100.05,98.07,99.3,2886,54,98.6336
2016-08-24T04:00:00Z,99.3,99.38,98.01,98.1,2970,80,98.9316
2016-08-25T04:00:00Z,98.17,99.66,98,99.05,9674,138,98.3129
2016-08-26T04:00:00Z,98.4999,101.95,98.4999,98.7,4891,119,98.831
2016-08-29T04:00:00Z,98.97,98.97,97.8,98.57,2460,33,98.4948
2016-08-30T04:00:00Z,100.5,100.5,100.5,100.5,530,23,100.5
2016-08-31T04:00:00Z,99.42,100.19,98.06,98.06,3721,64,99.1867
2016-09-01T04:00:00Z,101,102.7,100.1,102.59,2430,59,101.617
2016-09-02T04:00:00Z,102.02,102.2,98.12,99.8,10236,118,100.009
2016-09-06T04:00:00Z,99.7,100.39,96.84,98.39,2416,87,98.8798
2016-09-07T04:00:00Z,97.81,100.86,97.6294,100.86,6231,153,99.1272
2016-09-08T04:00:00Z,100.56,100.56,99.1,99.1,2446,114,99.8931
2016-09-09T04:00:00Z,99.1499,100.8,99.1499,99.29,6843,173,99.7279
2016-09-12T04:00:00Z,97.4,100.6,97.4,100.51,5598,73,99.7278
2016-09-13T04:00:00Z,100.43,100.43,98.72,98.72,2264,29,99.3107
2016-09-14T04:00:00Z,98.97,99.38,98.72,99.38,3337,129,99.123
2016-09-15T04:00:00Z,99.64,100.38,98.78,100.38,4420,132,99.8991
2016-09-16T04:00:00Z,100.34,100.34,99.98,99.99,10927,61,100.147
2016-09-19T04:00:00Z,101.73,101.73,100.99,100.99,1619,34,101.124
2016-09-20T04:00:00Z,99.67,100.58,99.67,100.58,1143,38,100.062
2016-09-21T04:00:00Z,101.33,101.33,100.05,100.05,1167,34,100.557
2016-09-22T04:00:00Z,100.05,100.05,100.05,100.05,781,16,100.05
2016-09-23T04:00:00Z,98.99,99.05,98.51,98.51,1037,32,98.6847
2016-09-26T04:00:00Z,98.21,99.2,98.21,99.2,1104,34,99.0846
2016-09-27T04:00:00Z,101,101.01,98.44,99.89,1956,47,99.9568
2016-09-28T04:00:00Z,99.45,99.48,98.51,98.68,3656,110,99.1063
2016-09-29T04:00:00Z,99.48,99.48,97.96,99.05,2673,68,98.5391
2016-09-30T04:00:00Z,99.0197,99.5,99.0197,99.5,1877,37,99.4191
2016-10-03T04:00:00Z,99.31,100.91,99.3,99.3,1877,34,99.4382
2016-10-04T04:00:00Z,99.55,99.55,98.04,98.37,3125,29,98.9553
2016-10-05T04:00:00Z,99.17,99.17,99.17,99.17,682,214,99.17
2016-10-06T04:00:00Z,97.79,99.1227,97.79,98.46,1044,29,98.4587
2016-10-07T04:00:00Z,98.71,98.71,98.71,98.71,819,19,98.71
2016-10-10T04:00:00Z,98.4,98.87,98.4,98.87,889,18,98.7771
2016-10-11T04:00:00Z,97.81,97.81,97.81,97.81,999,15,97.81
2016-10-12T04:00:00Z,98,98.9,98,98.9,692,21,98.6716
2016-10-13T04:00:00Z,98.7,100.56,98.62,98.62,1214,20,98.8723
2016-10-14T04:00:00Z,99.23,99.23,99.23,99.23,509,13,99.23
2016-10-17T04:00:00Z,99.06,99.06,99.06,99.06,498,12,99.06
2016-10-18T04:00:00Z,97.9,98,96.3,96.3,2050,57,97.3004
2016-10-19T04:00:00Z,96.46,96.46,93.86,93.86,2201,45,95.1918
2016-10-20T04:00:00Z,95.13,95.8,93.78,95.14,4796,73,94.8994
2016-10-21T04:00:00Z,94.25,96.75,93.953,96.03,3118,52,95.2786
2016-10-24T04:00:00Z,95.84,96.18,95.4,96.18,1121,28,95.8192
2016-10-25T04:00:00Z,95.82,97.265,95.5,95.84,2550,63,96.5397
2016-10-26T04:00:00Z,96.48,97.02,96.3005,97.02,3132,129,96.6716
2016-10-27T04:00:00Z,96.73,96.73,95.11,95.42,888,15,95.7982
2016-10-28T04:00:00Z,95.15,97.165,94.285,95.57,4618,91,95.6655
2016-10-31T04:00:00Z,95.0499,96.95,94.44,96,3729,44,95.742
2016-11-01T04:00:00Z,93.9,93.9,93.9,93.9,1040,20,93.9
2016-11-02T04:00:00Z,95.3,105,95.26,102.06,13656,155,97.8863
2016-11-03T04:00:00Z,103.5,103.5,100.81,103.5,2058,61,102.877
2016-11-04T04:00:00Z,104.4,107,101,101,2144,38,102.007
2016-11-07T05:00:00Z,102.253,103.5,102.24,103.5,1725,41,103.088
2016-11-08T05:00:00Z,102.855,104,102.855,103.59,3098,67,103.717
2016-11-09T05:00:00Z,102.73,104.81,101.17,103.99,5189,61,103.807
2016-11-10T05:00:00Z,100,107.5,100,106.95,6863,87,105.574
2016-11-11T05:00:00Z,106.61,113.225,106,110.46,7458,91,109.514
2016-11-14T05:00:00Z,111.89,121.597,111.8,119.89,5588,101,115.825
2016-11-15T05:00:00Z,118.96,122.01,118.96,121.79,3264,74,121.111
2016-11-16T05:00:00Z,125.78,125.78,118.349,121.06,3364,50,122.081
2016-11-17T05:00:00Z,122.12,130.37,118.001,130,2743,42,123.39
2016-11-18T05:00:00Z,129.51,129.51,125.189,128,2081,27,128.255
2016-11-21T05:00:00Z,128,131,128,131,1180,34,130.54
2016-11-22T05:00:00Z,131.66,131.66,131.66,131.66,370,13,131.66
2016-11-23T05:00:00Z,130.67,131,128.42,130.09,2768,47,130.242
2016-11-25T05:00:00Z,130.09,130.09,130.09,130.09,0,0,0
2016-11-28T05:00:00Z,129.96,130.06,128.015,129.81,4473,88,129.855
2016-11-29T05:00:00Z,124.73,125.2,124.73,125.2,747,17,125.091
2016-11-30T05:00:00Z,125.62,125.62,120.3,123.43,1516,184,123.647
2016-12-01T05:00:00Z,125.48,125.95,125.48,125.65,1703,63,125.669
2016-12-02T05:00:00Z,124.15,129.97,124.15,129.97,4150,221,127.686
2016-12-05T05:00:00Z,128.25,138.87,128.25,138.87,12077,163,133.872
2016-12-06T05:00:00Z,131.79,150,131.79,149.99,3637,76,143.831
2016-12-07T05:00:00Z,148.47,160,148.47,153.9,3159,53,153.229
2016-12-08T05:00:00Z,152,159,148,155.05,5034,76,154.698
2016-12-09T05:00:00Z,148.81,156.5,136.25,155.41,4823,93,152.876
2016-12-12T05:00:00Z,150.23,159.97,148.31,155.92,5946,111,156.464
2016-12-13T05:00:00Z,156.2,159.8,152.95,159,5901,98,156.936
2016-12-14T05:00:00Z,158.93,159,149.11,155.75,4074,82,155.973
2016-12-15T05:00:00Z,154.96,167.76,154.96,164.98,5109,73,161.883
2016-12-16T05:00:00Z,164.94,168.27,161.6,168.04,25075,106,166.586
2016-12-19T05:00:00Z,169.6,170.69,164.13,168.6,8359,142,167.653
2016-12-20T05:00:00Z,166.93,168.33,160.36,163.68,3978,82,164.491
2016-12-21T05:00:00Z,163.5,168.405,163.5,165.955,7749,333,165.818
2016-12-22T05:00:00Z,164.2,168,164.2,167.7,3008,239,167.069
2016-12-23T05:00:00Z,168.05,172,168.05,171.9,8228,172,170.511
2016-12-27T05:00:00Z,174.1,174.1,172,172.01,1545,45,172.377
2016-12-28T05:00:00Z,170.74,170.74,166.16,166.46,6662,97,167.65
2016-12-29T05:00:00Z,164.15,166.34,159,163.18,7259,107,161.581
2016-12-30T05:00:00Z,161.79,163.95,157.59,158.18,4456,84,159.951
2017-01-03T05:00:00Z,156.7,163.34,156.7,158.97,6553,144,158.718
2017-01-04T05:00:00Z,157,157,148.5,148.5,7542,186,151.271
2017-01-05T05:00:00Z,148,148,132.62,135.03,12773,222,138.486
2017-01-06T05:00:00Z,131,140.035,131,137.4,8236,144,137.588
2017-01-09T05:00:00Z,137.08,143.94,137.08,139.64,9341,265,140.082
2017-01-10T05:00:00Z,138.79,143.4,138.79,140.34,4256,93,140.559
2017-01-11T05:00:00Z,139.15,153.1,139.15,143.61,5744,144,142.515
2017-01-12T05:00:00Z,142.2,142.2,137.51,139.5,3187,82,139.998
2017-01-13T05:00:00Z,138.89,138.89,136.49,138.41,2660,47,137.865
2017-01-17T05:00:00Z,137.3,137.3,132.31,132.31,2666,39,133.652
2017-01-18T05:00:00Z,132.96,132.96,129.55,130.38,6363,204,131.056
2017-01-19T05:00:00Z,129.725,129.8,127.552,129.8,3405,62,128.953
2017-01-20T05:00:00Z,129.52,132,128.7,129.95,6220,99,129.898
2017-01-23T05:00:00Z,129.95,130.07,128.145,129.77,1776,29,129.501
2017-01-24T05:00:00Z,128.5,129.04,127.92,127.92,1441,36,128.442
2017-01-25T05:00:00Z,128.5,130,127.65,127.65,2843,61,128.743
2017-01-26T05:00:00Z,129.21,129.21,122.764,129.14,1975,238,127.328
2017-01-27T05:00:00Z,127,128.91,126.1,126.1,3641,266,127.824
2017-01-30T05:00:00Z,125.13,126.1,122,124.29,4038,342,124.755
2017-01-31T05:00:00Z,124.25,124.25,121.52,121.52,3670,55,121.828
2017-02-01T05:00:00Z,121,121.01,119.25,119.25,2374,51,120.099
2017-02-02T05:00:00Z,120.333,120.333,118.1,118.39,2099,60,118.857
2017-02-03T05:00:00Z,130.61,130.61,124.58,127.4,3720,373,126.794
2017-02-06T05:00:00Z,128.1,133.59,125.145,126.21,4506,99,128.278
2017-02-07T05:00:00Z,127.57,134.61,127.57,128.22,3704,312,128.902
2017-02-08T05:00:00Z,134.37,134.37,126.35,126.35,2610,291,128.662
2017-02-09T05:00:00Z,128.51,129.78,127.051,129.78,3268,74,128.363
2017-02-10T05:00:00Z,129.45,132.49,128.3,132.15,2359,32,130.723
2017-02-13T05:00:00Z,132.96,134.27,131.555,134.27,3180,211,133.07
2017-02-14T05:00:00Z,133.7,134.54,133,133.52,3512,302,133.485
2017-02-15T05:00:00Z,133.94,134.14,132.95,133.5,2525,370,133.536
2017-02-16T05:00:00Z,133.97,133.97,132.92,133.85,3601,226,133.562
2017-02-17T05:00:00Z,134.66,134.86,133.26,134.86,5193,232,134.557
2017-02-21T05:00:00Z,134.6,134.99,133.61,134.33,3215,393,134.433
2017-02-22T05:00:00Z,134.99,136.99,134.24,136.76,4750,401,135.119
2017-02-23T05:00:00Z,136,136.97,134.48,135.2,7848,326,135.424
2017-02-24T05:00:00Z,136,136.36,134.74,135.9,2953,80,135.605
2017-02-27T05:00:00Z,136,139.5,135.75,139.5,4949,341,136.65
2017-02-28T05:00:00Z,137.86,139.39,137.2,137.71,5851,232,138.197
2017-03-01T05:00:00Z,140.02,141.3,138.66,141.3,3316,66,140.204
2017-03-02T05:00:00Z,141.3,144.73,138.61,140.8,5179,198,140.415
2017-03-03T05:00:00Z,141.18,141.98,137.21,138.71,8061,204,139.58
2017-03-06T05:00:00Z,138.76,139.19,136.23,138.65,4581,285,138.121
2017-03-07T05:00:00Z,138.9,139.27,137.88,137.88,2111,46,138.624
2017-03-08T05:00:00Z,137.45,138.19,135.01,136.48,5851,298,136.819
2017-03-09T05:00:00Z,137.4,137.4,135.7,135.91,2948,59,136.629
2017-03-10T05:00:00Z,136.04,136.04,135.91,135.91,2427,182,135.92
2017-03-13T04:00:00Z,132.98,133.1,132.98,133,2540,143,133.025
2017-03-14T04:00:00Z,133.7,133.7,130.45,131,2696,282,131.935
2017-03-15T04:00:00Z,131.4,131.745,128.69,128.96,2664,166,129.952
2017-03-16T04:00:00Z,129.9,130.96,127.44,128.8,6854,176,128.624
2017-03-17T04:00:00Z,127.31,130.78,126.47,128.42,11346,203,127.823
2017-03-20T04:00:00Z,128.05,130.88,128.05,130.05,5676,366,129.492
2017-03-21T04:00:00Z,129.82,130.36,127.7,127.7,3520,64,128.658
2017-03-22T04:00:00Z,127.41,127.41,127.41,127.41,2381,270,127.41
2017-03-23T04:00:00Z,127.86,134.2,126,133.59,11632,464,130.671
2017-03-24T04:00:00Z,133.65,155.8,133.65,147.82,19579,465,147.192
2017-03-27T04:00:00Z,147.97,155.818,147.97,154,7503,274,153.16
2017-03-28T04:00:00Z,154.85,160,154.85,157.6,7528,191,157.645
2017-03-29T04:00:00Z,157.89,159.4,157.89,158.5,5892,242,158.605
2017-03-30T04:00:00Z,159.38,159.38,157.23,157.53,4535,193,158.118
2017-03-31T04:00:00Z,159,159,158.15,158.15,6621,140,158.175
2017-04-03T04:00:00Z,159.77,159.77,155.3,155.3,4623,390,158.049
2017-04-04T04:00:00Z,156.62,156.62,155.6,155.6,2959,73,155.701
2017-04-05T04:00:00Z,155.6,156.2,154.6,154.9,4248,117,155.106
2017-04-06T04:00:00Z,155.89,155.89,154.49,154.49,3900,95,155.117
2017-04-07T04:00:00Z,156.07,158,153.71,158,6230,136,156.695
2017-04-10T04:00:00Z,159.15,160,158,159.6,2844,115,159.093
2017-04-11T04:00:00Z,159.56,159.56,159.56,159.56,955,43,159.56
2017-04-12T04:00:00Z,159.08,159.08,159.08,159.08,1166,42,159.08
2017-04-13T04:00:00Z,158.8,159.05,158,158.15,2701,106,158.414
2017-04-17T04:00:00Z,158.7,159.99,158.7,159.99,1330,57,159.676
2017-04-18T04:00:00Z,160,160,159.1,159.93,2371,98,159.802
2017-04-19T04:00:00Z,160,160.04,159,159.24,3920,224,159.788
2017-04-20T04:00:00Z,160,161.1,159.9,161,4394,228,160.343
2017-04-21T04:00:00Z,161.8,167.32,161.8,162.42,5228,131,163.982
2017-04-24T04:00:00Z,166.67,168,166.24,168,2077,60,167.375
2017-04-25T04:00:00Z,168,172.6,168,172.6,1431,71,170.6
2017-04-26T04:00:00Z,171.15,177.58,171.15,177.48,3363,75,174.597
2017-04-27T04:00:00Z,178,178.01,173.99,173.99,3815,68,177.184
2017-04-28T04:00:00Z,177.1,179.97,177.1,178.22,3456,93,178.211
2017-05-01T04:00:00Z,178.61,178.61,177.05,178.06,2531,77,178.166
2017-05-02T04:00:00Z,184.78,184.78,179,179,2610,79,180.623
2017-05-03T04:00:00Z,179.05,181,176.47,176.69,3529,175,177.74
2017-05-04T04:00:00Z,177.52,178.42,175.53,175.53,2066,100,177.281
2017-05-05T04:00:00Z,177.38,179.801,176.75,178.02,3553,113,177.743
2017-05-08T04:00:00Z,179.8,180.04,177.08,177.7,1992,125,178.652
2017-05-09T04:00:00Z,179.96,195.5,179.865,192.48,11739,329,185.718
2017-05-10T04:00:00Z,189.5,194.702,189.5,193.07,5918,217,191.859
2017-05-11T04:00:00Z,192.55,193.23,189.99,189.99,2484,138,191.856
2017-05-12T04:00:00Z,189.23,189.23,185.17,189,1654,79,187.438
2017-05-15T04:00:00Z,189.9,192.14,189.9,191.38,2529,91,191.024
2017-05-16T04:00:00Z,191.38,192.71,189.8,192.71,1297,47,191.488
2017-05-17T04:00:00Z,190.77,190.77,190.77,190.77,1889,38,190.77
2017-05-18T04:00:00Z,199.745,199.745,189.95,189.95,3478,225,193.442
2017-05-19T04:00:00Z,188.75,191.87,187.1,188.83,5401,232,189.275
2017-05-22T04:00:00Z,188.88,190.01,188.45,189.87,5187,171,189.124
2017-05-23T04:00:00Z,189.815,189.815,186.97,186.97,2667,207,188.272
2017-05-24T04:00:00Z,187.01,187.32,186.79,186.89,2168,131,186.958
2017-05-25T04:00:00Z,186.74,187.25,186.74,187.25,1380,90,187.153
2017-05-26T04:00:00Z,187.35,188.35,185.32,185.32,1293,42,186.437
2017-05-30T04:00:00Z,187.1,187.1,185.81,185.81,900,70,186.216
2017-05-31T04:00:00Z,187.99,187.99,185.45,186.41,2685,96,186.896
2017-06-01T04:00:00Z,187.8,191.57,187,187.7,5225,299,187.742
2017-06-02T04:00:00Z,188.13,189.68,186.5,188.68,5237,209,188.643
2017-06-05T04:00:00Z,188.6,192.105,188.6,188.79,4335,134,189.67
2017-06-06T04:00:00Z,190.235,191.2,187.5,188.23,4640,154,188.885
2017-06-07T04:00:00Z,188.67,189.92,188.67,188.67,2332,122,188.87
2017-06-08T04:00:00Z,188.78,188.78,186.88,187.73,4748,136,187.761
2017-06-09T04:00:00Z,189.85,190.5,185.7,189.44,3877,108,188.487
2017-06-12T04:00:00Z,191.89,195,188.3,193.3,5022,170,192.704
2017-06-13T04:00:00Z,199.2,199.2,197.55,197.55,2310,191,198.367
2017-06-14T04:00:00Z,197.45,199.595,196.9,199.08,8662,373,198.102
2017-06-15T04:00:00Z,198.69,198.72,197.5,198.25,6327,306,198.041
2017-06-16T04:00:00Z,192.52,198.485,191.75,193.9,20342,123,193.57
2017-06-19T04:00:00Z,194.875,198,194.7,196.25,2466,68,195.714
2017-06-20T04:00:00Z,196.25,196.25,195,196.25,2226,100,196.023
2017-06-21T04:00:00Z,194.575,199.5,194.31,194.31,2289,70,195.588
2017-06-22T04:00:00Z,196.8,196.8,194.075,195.2,3986,167,195.207
2017-06-23T04:00:00Z,195,197.8,191.524,194.78,68424,118,194.712
2017-06-26T04:00:00Z,195.17,197.12,193.18,193.63,3573,175,194.305
2017-06-27T04:00:00Z,192.735,193,190.82,192.99,2555,83,192.58
2017-06-28T04:00:00Z,196,196,195.91,195.91,2279,70,195.917
2017-06-29T04:00:00Z,193.079,194.49,192.99,193.09,1999,136,193.296
2017-06-30T04:00:00Z,196.34,196.34,191.721,193.44,1720,90,193.714
2017-07-03T04:00:00Z,194.09,194.09,193.2,193.2,1853,82,193.43
2017-07-05T04:00:00Z,192.875,196.79,191.5,193.11,1858,74,193.022
2017-07-06T04:00:00Z,190.22,191.75,187.26,187.26,2674,98,188.807
2017-07-07T04:00:00Z,188.08,190,188.08,190,2356,128,189.725
2017-07-10T04:00:00Z,190.155,190.155,187.35,187.35,2465,65,188.006
2017-07-11T04:00:00Z,189.95,189.95,185.91,186.2,2843,118,187.02
2017-07-12T04:00:00Z,186.93,187.105,186.01,186.26,6715,182,186.651
2017-07-13T04:00:00Z,189.2,189.2,186.97,188.9,1285,57,188.357
2017-07-14T04:00:00Z,185.53,187.78,185.53,187.78,973,78,187.169
2017-07-17T04:00:00Z,187.8,188.75,185.11,185.11,4189,144,187.296
2017-07-18T04:00:00Z,184.65,184.65,180.222,180.25,4687,128,181.367
2017-07-19T04:00:00Z,180.97,180.97,172.451,177.15,3788,167,176.735
2017-07-20T04:00:00Z,169.25,174.47,169.25,173.94,3132,124,173.449
2017-07-21T04:00:00Z,175.77,175.77,171.84,173.07,4143,163,174.567
2017-07-24T04:00:00Z,175,175,170.4,170.4,6284,161,172.613
2017-07-25T04:00:00Z,170.67,175.5,170.67,172.93,9559,173,172.531
2017-07-26T04:00:00Z,174.01,178.69,174,177.205,4122,102,175.954
2017-07-27T04:00:00Z,176.08,177.21,174.25,177,2487,131,176.059
2017-07-28T04:00:00Z,179.05,179.05,175.51,176.24,3472,88,176.585
2017-07-31T04:00:00Z,179.53,179.53,176.52,176.52,5413,102,177.218
2017-08-01T04:00:00Z,177.01,178,171.2,175.8,3029,88,174.627
2017-08-02T04:00:00Z,179,179,173.8,173.8,2588,69,174.944
2017-08-03T04:00:00Z,176.59,176.59,173.1,174.95,3002,114,174.674
2017-08-04T04:00:00Z,173.7,176,173.32,176,2874,79,174.585
2017-08-07T04:00:00Z,180.1,180.1,175.92,177.8,3801,129,177.414
2017-08-08T04:00:00Z,178.18,180,178.18,178.5,2134,94,178.888
2017-08-09T04:00:00Z,179.63,179.88,176.343,178.86,2988,98,178.149
2017-08-10T04:00:00Z,177.477,178.37,177.477,178.37,1911,107,178.216
2017-08-11T04:00:00Z,178.36,180.19,178.36,180.19,3953,87,179.803
2017-08-14T04:00:00Z,180.15,183.9,180.15,183.9,4746,203,182.311
2017-08-15T04:00:00Z,184.28,186.98,183,183.99,4720,141,184.552
2017-08-16T04:00:00Z,184.95,186.69,183.05,183.1,6398,172,184.499
2017-08-17T04:00:00Z,183.3,183.3,179.72,181.04,1854,73,181.647
2017-08-18T04:00:00Z,180.58,180.58,176.03,177.35,3794,127,178.859
2017-08-21T04:00:00Z,177.56,179.1,177.56,178.01,2368,102,178.255
2017-08-22T04:00:00Z,178.65,179.99,178.65,179.99,1024,57,179.454
2017-08-23T04:00:00Z,179.76,183.85,176.29,179.3,2849,111,179.189
2017-08-24T04:00:00Z,179,179,173.6,173.6,2789,104,176.616
2017-08-25T04:00:00Z,174.94,174.94,172.91,172.91,1240,52,173.875
2017-08-28T04:00:00Z,174.08,174.18,170.639,173.44,1603,79,173.218
2017-08-29T04:00:00Z,174.13,174.13,174.13,174.13,688,82,174.13
2017-08-30T04:00:00Z,173.07,173.07,173.07,173.07,1068,113,173.07
2017-08-31T04:00:00Z,176.09,177.5,175,175.87,2581,148,175.725
2017-09-01T04:00:00Z,175.36,175.61,174.02,174.99,1956,82,174.935
2017-09-05T04:00:00Z,172.55,174.04,172.55,174.04,2843,147,173.366
2017-09-06T04:00:00Z,174.12,174.12,174.12,174.12,954,46,174.12
2017-09-07T04:00:00Z,172.3,174.3,172,172,1673,99,172.882
2017-09-08T04:00:00Z,176.61,176.61,170.09,172.85,1947,93,172.867
2017-09-11T04:00:00Z,173.07,177.66,173,177.66,2258,88,175.518
2017-09-12T04:00:00Z,176.26,176.26,176.26,176.26,693,76,176.26
2017-09-13T04:00:00Z,177.5,178,176,178,2969,165,176.918
2017-09-14T04:00:00Z,175.441,177.44,175.441,177.44,1126,47,176.884
2017-09-15T04:00:00Z,177.68,177.68,176,176.87,11573,58,177.2
2017-09-18T04:00:00Z,174.06,179.05,174.06,179.05,2365,131,177.798
2017-09-19T04:00:00Z,175.21,178.49,175.21,178.49,1513,87,177.457
2017-09-20T04:00:00Z,178,178.92,178,178.92,1580,56,178.628
2017-09-21T04:00:00Z,179.25,182.21,175.46,177,3383,113,178.744
2017-09-22T04:00:00Z,174.87,177.03,174.87,175.25,2135,98,175.267
2017-09-25T04:00:00Z,173.74,174.5,171.2,174.5,1596,122,173.675
2017-09-26T04:00:00Z,178.175,178.175,175.8,175.8,1681,108,176.988
2017-09-27T04:00:00Z,178.99,186.97,178.97,184.98,3306,149,183.407
2017-09-28T04:00:00Z,176.2,179,175.325,179,24454,154,176.845
2017-09-29T04:00:00Z,179.96,180.49,177.21,179.07,3711,108,179.442
2017-10-02T04:00:00Z,178.5,184.799,178.5,182.73,4791,114,180.919
2017-10-03T04:00:00Z,184.97,184.97,181.68,182.65,3838,170,183.079
2017-10-04T04:00:00Z,183.82,184.29,183.8,184.29,1396,62,184.061
2017-10-05T04:00:00Z,185,189,184,189,4177,99,185.311
2017-10-06T04:00:00Z,187.81,190.5,187.81,190.5,3568,85,189.513
2017-10-09T04:00:00Z,193.09,193.09,193,193,1474,177,193.019
2017-10-10T04:00:00Z,193.61,195.86,192.3,195.86,5624,224,194.009
2017-10-11T04:00:00Z,195.29,198.8,195.29,197.19,2595,125,196.878
2017-10-12T04:00:00Z,198,198,190.94,192.45,4266,141,195.641
2017-10-13T04:00:00Z,191.19,193.04,189,191.8,3326,98,191.454
2017-10-16T04:00:00Z,200.175,200.175,190.2,191.01,2070,67,192.706
2017-10-17T04:00:00Z,187.5,187.5,187.5,187.5,1280,80,187.5
2017-10-18T04:00:00Z,192.5,192.5,190,190.64,1407,81,190.858
2017-10-19T04:00:00Z,190.64,190.64,190.64,190.64,0,0,0
2017-10-20T04:00:00Z,190.75,190.75,187.74,187.78,1333,59,190.013
2017-10-23T04:00:00Z,187.78,187.78,187.78,187.78,0,0,0
2017-10-24T04:00:00Z,180.9,184.7,180.9,184.7,846,26,183.85
2017-10-25T04:00:00Z,181.88,183.9,181.88,183.85,1260,61,183.268
2017-10-26T04:00:00Z,186.1,186.1,183.01,185,2004,94,184.259
2017-10-27T04:00:00Z,188,194.15,188,190.4,2009,74,191.61
2017-10-30T04:00:00Z,186.03,188.06,186.03,188.06,1239,45,187.56
2017-10-31T04:00:00Z,186.475,191.5,186.475,189.7,3144,132,189.475
2017-11-01T04:00:00Z,189.27,189.27,189.27,189.27,662,32,189.27
2017-11-02T04:00:00Z,189.46,190,189.46,190,1144,38,189.874
2017-11-03T04:00:00Z,187.33,187.52,186.67,187.52,1875,43,187.261
2017-11-06T05:00:00Z,186.01,190.4,186,187.22,2178,76,186.724
2017-11-07T05:00:00Z,187.95,187.95,186.22,186.24,1766,75,186.806
2017-11-08T05:00:00Z,186.36,187.99,186.36,187.99,1798,97,187.618
2017-11-09T05:00:00Z,187.99,187.99,187.98,187.98,860,65,187.985
2017-11-10T05:00:00Z,186.33,186.95,186.33,186.95,871,59,186.839
2017-11-13T05:00:00Z,186.02,186.45,186,186.45,1004,51,186.247
2017-11-14T05:00:00Z,188.49,188.49,188.49,188.49,1290,71,188.49
2017-11-15T05:00:00Z,188.51,188.51,188.51,188.51,1426,68,188.51
2017-11-16T05:00:00Z,191,192.68,188.3,189.99,3739,92,189.995
2017-11-17T05:00:00Z,188.45,189.5,188,189.44,1205,35,188.944
2017-11-20T05:00:00Z,189.3,190,189.3,189.82,3915,132,189.775
2017-11-21T05:00:00Z,190.14,194.7,189.37,193.1,3227,97,192.217
2017-11-22T05:00:00Z,195.001,195.94,193.425,195.21,5684,86,194.734
2017-11-24T05:00:00Z,196.83,200.94,196.83,200.94,1339,23,198.846
2017-11-27T05:00:00Z,200,200.15,198.99,198.99,3540,107,199.891
2017-11-28T05:00:00Z,198.2,199.5,198.2,199,2984,76,198.958
2017-11-29T05:00:00Z,199.58,202.39,199.58,202.39,2077,61,200.631
2017-11-30T05:00:00Z,199.99,203.39,199.99,201,3351,100,201.432
2017-12-01T05:00:00Z,201.14,203.1,199.88,203.1,2570,92,201.413
2017-12-04T05:00:00Z,203.97,203.97,199.95,200.35,3186,124,201.615
2017-12-05T05:00:00Z,198.8,199.97,198.14,198.14,1805,50,198.635
2017-12-06T05:00:00Z,198.19,198.19,198.19,198.19,1179,50,198.19
2017-12-07T05:00:00Z,199.525,199.525,194.89,194.89,3267,82,196.132
2017-12-08T05:00:00Z,192.725,194.48,189.01,190.6,1916,63,191.594
2017-12-11T05:00:00Z,190.75,190.99,189,190.99,2047,95,190.282
2017-12-12T05:00:00Z,190,190,185.02,187.52,4376,113,188.844
2017-12-13T05:00:00Z,187.75,187.75,184.1,184.1,5484,84,185.745
2017-12-14T05:00:00Z,185,188.78,185,188.78,4962,76,187.463
2017-12-15T05:00:00Z,187.19,199.63,187.19,194.07,11134,76,190.733
2017-12-18T05:00:00Z,192.86,197.99,192.86,197.99,1506,141,196.039
2017-12-19T05:00:00Z,196.155,198.82,196.155,198.82,2884,49,198.556
2017-12-20T05:00:00Z,199.06,202.97,195.898,200.5,3362,76,199.23
2017-12-21T05:00:00Z,200.5,203.1,198.87,203.1,2824,77,201.414
2017-12-22T05:00:00Z,197.78,201.56,197.78,198.72,2894,55,199.82
2017-12-26T05:00:00Z,199.9,199.9,199.9,199.9,1642,46,199.9
2017-12-27T05:00:00Z,200.85,200.85,200.85,200.85,1640,60,200.85
2017-12-28T05:00:00Z,198.9,200,198.06,198.06,3173,70,198.907
2017-12-29T05:00:00Z,198.35,198.35,198.35,198.35,1054,31,198.35
2018-01-02T05:00:00Z,197.67,204.4,197.67,198.5,2493,120,199.01
2018-01-03T05:00:00Z,199.83,199.83,195.51,196.8,2116,67,196.958
2018-01-04T05:00:00Z,194.5,194.5,192.25,194.5,4081,99,193.772
2018-01-05T05:00:00Z,194.85,221.876,191.056,191.17,4481,126,199.502
2018-01-08T05:00:00Z,193.17,198.95,186.065,186.5,1868,65,191.205
2018-01-09T05:00:00Z,187.97,196.54,186,196.54,6500,119,190.734
2018-01-10T05:00:00Z,196.04,196.3,193.956,196.07,3637,58,195.296
2018-01-11T05:00:00Z,195.09,195.74,193.89,195.74,2144,38,195.021
2018-01-12T05:00:00Z,195.74,195.74,195.74,195.74,0,0,0
2018-01-16T05:00:00Z,197.04,199.52,197.04,199,2013,44,197.602
2018-01-17T05:00:00Z,197.14,197.64,181,196,3701,69,194.009
2018-01-18T05:00:00Z,196.22,196.22,196,196,1180,45,196.11
2018-01-19T05:00:00Z,193.5,194.07,162.67,192,3831,61,189.99
2018-01-22T05:00:00Z,190,194.8,190,193.8,3636,55,192.07
2018-01-23T05:00:00Z,193,195.5,191.72,193.3,3030,95,193.062
2018-01-24T05:00:00Z,193.3,194.966,193.3,194.966,1528,40,194.181
2018-01-25T05:00:00Z,194.48,195,194.48,195,1358,41,194.828
2018-01-26T05:00:00Z,195.75,195.75,195.75,195.75,709,34,195.75
2018-01-29T05:00:00Z,193.687,195.2,193.687,195.2,942,30,194.874
2018-01-30T05:00:00Z,195,195,195,195,694,34,195
2018-01-31T05:00:00Z,194.37,194.5,194.37,194.5,1330,37,194.481
2018-02-01T05:00:00Z,193.3,193.3,192,193.24,2826,99,192.617
2018-02-02T05:00:00Z,189.28,190,189.28,190,876,25,189.89
2018-02-05T05:00:00Z,190,190.22,189.9,189.9,2515,62,189.982
2018-02-06T05:00:00Z,186.35,188,186.35,188,2234,75,187.456
2018-02-07T05:00:00Z,193.019,193.019,191.811,191.891,3629,103,192.165
2018-02-08T05:00:00Z,193,193.29,188.3,189.01,1940,80,190.175
2018-02-09T05:00:00Z,190,191.97,186.4,190.12,2002,64,189.866
2018-02-12T05:00:00Z,192.89,193.38,192.89,193.38,1358,59,193.142
2018-02-13T05:00:00Z,190.951,191,190,191,3361,66,190.356
2018-02-14T05:00:00Z,190,192.94,190,192.94,5234,121,190.583
2018-02-15T05:00:00Z,192,192.75,192,192.75,1428,44,192.355
2018-02-16T05:00:00Z,188,192.7,188,192.7,2681,29,189.052
2018-02-20T05:00:00Z,192,193,191.5,192.02,3192,84,191.991
2018-02-21T05:00:00Z,191.54,193.99,191.54,192.06,1116,46,192.172
2018-02-22T05:00:00Z,192.06,192.06,192.06,192.06,0,0,0
2018-02-23T05:00:00Z,192.35,193.94,192,193.94,1506,36,192.561
2018-02-26T05:00:00Z,192.06,192.51,192.06,192.51,634,25,192.4
2018-02-27T05:00:00Z,193,193,192.5,192.5,636,24,192.833
2018-02-28T05:00:00Z,192.5,192.545,192.5,192.5,1545,38,192.504
2018-03-01T05:00:00Z,194,194,194,194,515,23,194
2018-03-02T05:00:00Z,191.35,191.35,191.35,191.35,705,22,191.35
2018-03-05T05:00:00Z,191.999,195.91,191.6,193.398,6513,94,193.21
2018-03-06T05:00:00Z,193.8,195.55,193.06,195.55,5334,89,194.298
2018-03-07T05:00:00Z,195,198.343,192.5,192.5,5622,133,194.393
2018-03-08T05:00:00Z,195.04,195.04,193.4,194.13,3338,70,193.996
2018-03-09T05:00:00Z,193.75,195,193.5,194.49,5074,120,194.028
2018-03-12T04:00:00Z,192.9,199.46,192.9,198.3,11669,158,195.095
2018-03-13T04:00:00Z,198.31,198.31,196.63,196.63,1093,41,197.27
2018-03-14T04:00:00Z,195,200.46,195,200.46,1152,45,197.663
2018-03-15T04:00:00Z,199.2,199.2,196.5,196.5,1487,55,196.974
2018-03-16T04:00:00Z,194.65,201.89,194.65,201,14736,122,198.497
2018-03-19T04:00:00Z,201.74,204,201.74,204,2720,168,203.215
2018-03-20T04:00:00Z,200,200,199.88,199.88,2049,89,199.908
2018-03-21T04:00:00Z,189.58,199.6,189.58,199.6,620,28,194.92
2018-03-22T04:00:00Z,202.63,202.89,198.42,198.42,1284,48,201.015
2018-03-23T04:00:00Z,201.31,201.31,200.2,200.2,2080,51,200.499
2018-03-26T04:00:00Z,200.26,209.949,199.7,201.68,4676,147,201.826
2018-03-27T04:00:00Z,199,201.34,199,200.65,2835,283,200.577
2018-03-28T04:00:00Z,200,200,199,199,1194,70,199.241
2018-03-29T04:00:00Z,201.035,201.035,199.9,199.9,1843,49,200.077
2018-04-02T04:00:00Z,200.5,200.5,195.44,200.36,3578,85,197.916
2018-04-03T04:00:00Z,198.59,198.59,190,197.9,1956,58,196.615
2018-04-04T04:00:00Z,195.24,198.01,195.24,198.01,1244,45,196.448
2018-04-05T04:00:00Z,195.776,197.92,195.776,197.92,982,27,197.093
2018-04-06T04:00:00Z,195.02,197.4,195.02,197.4,1395,38,195.931
2018-04-09T04:00:00Z,195.524,195.524,195.524,195.524,560,37,195.524
2018-04-10T04:00:00Z,199.62,199.62,199.62,199.62,1319,32,199.62
2018-04-11T04:00:00Z,197.4,197.4,197.4,197.4,725,36,197.4
2018-04-12T04:00:00Z,197.17,197.17,195.5,196.1,2648,53,196.214
2018-04-13T04:00:00Z,196.5,196.5,196.5,196.5,806,33,196.5
2018-04-16T04:00:00Z,195,195,195,195,745,30,195
2018-04-17T04:00:00Z,195.6,195.75,195.6,195.75,1306,40,195.66
2018-04-18T04:00:00Z,194.31,195.83,193.55,194.63,1550,46,194.791
2018-04-19T04:00:00Z,192.7,192.7,192.7,192.7,930,34,192.7
2018-04-20T04:00:00Z,191.64,195.73,191.64,195.73,2170,49,193.166
2018-04-23T04:00:00Z,195.73,195.73,195.73,195.73,0,0,0
2018-04-24T04:00:00Z,193.41,194,193.41,194,1535,35,193.624
2018-04-25T04:00:00Z,191.125,194.3,191.125,194.3,1022,35,193.793
2018-04-26T04:00:00Z,194.3,194.3,194.3,194.3,0,0,0
2018-04-27T04:00:00Z,190.04,193.82,190.04,192.48,1556,49,192.211
2018-04-30T04:00:00Z,193,194.7,193,194.7,1645,39,194.408
2018-05-01T04:00:00Z,194.7,194.7,194.7,194.7,0,0,0
2018-05-02T04:00:00Z,194.7,194.7,194.7,194.7,0,0,0
2018-05-03T04:00:00Z,193.19,193.19,193.19,193.19,212,2,193.19
2018-05-04T04:00:00Z,186,193.97,186,191.34,7219,101,192.262
2018-05-07T04:00:00Z,191.34,191.34,191.34,191.34,0,0,0
2018-05-08T04:00:00Z,191.27,191.27,191.27,191.27,930,26,191.27
2018-05-09T04:00:00Z,191.27,191.27,191.27,191.27,0,0,0
2018-05-10T04:00:00Z,191.27,191.27,191.27,191.27,0,0,0
2018-05-11T04:00:00Z,190.083,191.7,190.083,191.7,796,47,191.14
2018-05-14T04:00:00Z,192.95,193,190.11,190.11,1590,28,191.468
2018-05-15T04:00:00Z,190.05,190.05,188.71,188.71,1588,39,189.408
2018-05-16T04:00:00Z,190.65,190.65,189.98,189.98,1985,45,190.042
2018-05-17T04:00:00Z,191.7,192,190.47,190.47,850,37,191.009
2018-05-18T04:00:00Z,192.11,192.11,182.55,188.9,1687,35,189.545
2018-05-21T04:00:00Z,190.71,190.71,190.71,190.71,1139,55,190.71
2018-05-22T04:00:00Z,189.28,189.28,187.32,187.32,1063,29,187.856
2018-05-23T04:00:00Z,187.32,187.32,187.32,187.32,0,0,0
2018-05-24T04:00:00Z,186.703,186.9,186,186.47,1677,47,186.415
2018-05-25T04:00:00Z,186,186.99,186,186.99,713,28,186.758
2018-05-29T04:00:00Z,187.38,188.86,163.14,186.24,1831,50,184.093
2018-05-30T04:00:00Z,186.88,186.88,186.88,186.88,902,23,186.88
2018-05-31T04:00:00Z,184.93,185,184.93,185,1581,33,184.977
2018-06-01T04:00:00Z,185,186.7,185,186.7,880,35,186.334
2018-06-04T04:00:00Z,187,187.01,187,187.01,1604,45,187.009
2018-06-05T04:00:00Z,187,190.48,187,190.48,1560,41,188.637
2018-06-06T04:00:00Z,189.5,190.4,187,187.3,2349,41,188.078
2018-06-07T04:00:00Z,187,189.78,187,188.36,1167,57,188.374
2018-06-08T04:00:00Z,186.95,187.02,186.7,187,1972,54,186.964
2018-06-11T04:00:00Z,186.955,188.23,186.955,188.23,4577,46,187.183
2018-06-12T04:00:00Z,186.24,187,186.24,187,3787,59,186.939
2018-06-13T04:00:00Z,184.5,187.48,182.2,187.48,3211,45,185.867
2018-06-14T04:00:00Z,185.26,185.26,185.26,185.26,950,43,185.26
2018-06-15T04:00:00Z,185.51,191.25,182.841,187.78,8799,67,186.95
2018-06-18T04:00:00Z,191.24,191.24,187.1,187.1,848,44,188.544
2018-06-19T04:00:00Z,185.2,185.2,185.2,185.2,706,21,185.2
2018-06-20T04:00:00Z,182.725,182.725,182.725,182.725,2436,58,182.725
2018-06-21T04:00:00Z,184.64,187.64,183.372,186.85,2713,80,185.973
2018-06-22T04:00:00Z,185,189.47,185,189.47,37126,74,189.404
2018-06-25T04:00:00Z,186.74,186.74,186.74,186.74,993,44,186.74
2018-06-26T04:00:00Z,186.5,187.175,185.2,185.71,2619,91,186.277
2018-06-27T04:00:00Z,191.65,191.65,183.21,184.7,2112,62,186.018
2018-06-28T04:00:00Z,185.5,185.5,185.5,185.5,624,27,185.5
2018-06-29T04:00:00Z,184.22,184.68,183.5,184.66,2140,59,184.516
2018-07-02T04:00:00Z,184,184,184,184,657,35,184
2018-07-03T04:00:00Z,184,184,184,184,0,0,0
2018-07-05T04:00:00Z,187.353,187.353,184.01,184.01,2215,31,186.256
2018-07-06T04:00:00Z,184.19,186.5,184.19,186.5,1104,30,185.251
2018-07-09T04:00:00Z,183.82,183.82,183.82,183.82,852,43,183.82
2018-07-10T04:00:00Z,182.46,187.12,181.45,183.58,7086,114,184.109
2018-07-11T04:00:00Z,182,185.62,181.18,184,6170,81,183.416
2018-07-12T04:00:00Z,183.25,184.003,182.9,183.97,3560,66,183.376
2018-07-13T04:00:00Z,183.5,183.5,181.38,183,3942,82,182.451
2018-07-16T04:00:00Z,183.52,184.5,183.42,183.42,1691,46,183.622
2018-07-17T04:00:00Z,183.83,184,183.475,184,1204,70,183.704
2018-07-18T04:00:00Z,183.2,184.368,182,183.59,10391,135,182.859
2018-07-19T04:00:00Z,183.79,183.79,183.79,183.79,1166,38,183.79
2018-07-20T04:00:00Z,183.7,183.7,183.7,183.7,747,32,183.7
2018-07-23T04:00:00Z,182,184.4,179.33,179.33,5693,125,182.905
2018-07-24T04:00:00Z,184.1,184.7,181.645,183.02,11781,163,183.308
2018-07-25T04:00:00Z,184.15,186.88,182.5,185.87,15970,210,184.159
2018-07-26T04:00:00Z,188.5,188.5,188.24,188.24,1524,86,188.291
2018-07-27T04:00:00Z,188.4,188.72,186.54,186.54,2559,89,187.471
2018-07-30T04:00:00Z,187.5,191.68,187.5,188.43,8748,122,189.282
2018-07-31T04:00:00Z,189,191.4,188.3,191.4,12997,162,189.661
2018-08-01T04:00:00Z,191.4,191.4,191.4,191.4,1084,46,191.4
2018-08-02T04:00:00Z,190.7,190.7,188.03,188.22,2630,72,188.98
2018-08-03T04:00:00Z,190.504,196,186.752,195,16445,223,191.623
2018-08-06T04:00:00Z,195,195,195,195,0,0,0
2018-08-07T04:00:00Z,191.75,198.37,191.75,198.37,2796,80,194.153
2018-08-08T04:00:00Z,197.7,197.7,197.68,197.68,753,22,197.687
2018-08-09T04:00:00Z,197.68,197.68,197.68,197.68,0,0,0
2018-08-10T04:00:00Z,196.996,202.851,196.29,198.11,5383,122,199.204
2018-08-13T04:00:00Z,198.52,201.45,197,198.7,7901,123,199.617
2018-08-14T04:00:00Z,198.69,200.5,195.11,197.98,7687,137,199.283
2018-08-15T04:00:00Z,197.5,199.2,195.46,195.46,12832,159,197.754
2018-08-16T04:00:00Z,196.31,198.27,196.31,198.27,2652,60,197.593
2018-08-17T04:00:00Z,197.22,199.41,196.95,199.41,2970,43,198.909
2018-08-20T04:00:00Z,197.82,199.68,197.82,198.5,1989,51,198.602
2018-08-21T04:00:00Z,197.92,198.05,196.73,196.73,2406,63,197.257
2018-08-22T04:00:00Z,197,197.5,196.35,196.35,2124,66,196.522
2018-08-23T04:00:00Z,195.87,197,195.17,197,2830,55,196.177
2018-08-24T04:00:00Z,197.65,197.65,196.2,196.24,3414,73,196.833
2018-08-27T04:00:00Z,195.71,198.485,194.355,194.8,3206,107,195.402
2018-08-28T04:00:00Z,194.8,196,194.7,194.7,1438,45,194.955
2018-08-29T04:00:00Z,194.24,195.15,194.24,195.15,1194,44,194.814
2018-08-30T04:00:00Z,193.26,194.79,193.26,194.79,585,28,194.347
2018-08-31T04:00:00Z,198.5,198.5,194,194,1109,28,195.634
2018-09-04T04:00:00Z,198.5,198.5,197,197,1929,67,197.421
2018-09-05T04:00:00Z,197,197,197,197,0,0,0
2018-09-06T04:00:00Z,196.62,197,191.5,191.5,3104,57,194.872
2018-09-07T04:00:00Z,191.81,191.81,189.2,189.2,1122,47,190.736
2018-09-10T04:00:00Z,189.14,189.14,187.796,188.63,2078,55,188.571
2018-09-11T04:00:00Z,188.14,188.14,182.27,183.8,3039,65,185.915
2018-09-12T04:00:00Z,180.27,180.27,180.27,180.27,2017,34,180.27
2018-09-13T04:00:00Z,180.26,180.275,176,176.5,1853,57,178.425
2018-09-14T04:00:00Z,176.2,176.2,170.1,170.75,3999,83,172.428
2018-09-17T04:00:00Z,170,170,167,167,1894,42,168.452
2018-09-18T04:00:00Z,166.8,168.7,162.026,165.9,5699,121,165.732
2018-09-19T04:00:00Z,165.35,165.35,164.85,165.2,2025,59,165.188
2018-09-20T04:00:00Z,165.36,167.3,165.36,167.3,1291,45,166.93
2018-09-21T04:00:00Z,167.07,172.01,167.07,171.5,19015,132,170.324
2018-09-24T04:00:00Z,172.64,172.64,169.16,170,1008,51,170.411
2018-09-25T04:00:00Z,173,173,166.95,171.8,2784,78,170.399
2018-09-26T04:00:00Z,172.25,172.25,169.7,169.7,3459,94,170.867
2018-09-27T04:00:00Z,170.95,170.95,168.19,168.19,1657,50,169.128
2018-09-28T04:00:00Z,167.9,167.9,167.9,167.9,1064,27,167.9
2018-10-01T04:00:00Z,169,172,169,171.1,6886,152,170.642
2018-10-02T04:00:00Z,171,171.287,169.2,169.2,2701,71,170.019
2018-10-03T04:00:00Z,170.1,170.1,169.2,169.2,1244,48,169.538
2018-10-04T04:00:00Z,169.92,169.92,168.39,168.39,1079,51,168.683
2018-10-05T04:00:00Z,167.416,169.3,167.01,167.01,993,26,167.765
2018-10-08T04:00:00Z,168,172.96,168,172.96,6979,129,170.989
2018-10-09T04:00:00Z,173,181.2,173,176,9928,182,176.555
2018-10-10T04:00:00Z,176.7,176.7,170.54,170.54,6355,149,172.794
2018-10-11T04:00:00Z,170.54,171.371,168.879,170.59,1782,60,170.213
2018-10-12T04:00:00Z,171.55,176,171.55,171.7,2205,55,172.029
2018-10-15T04:00:00Z,167.648,169.02,167.648,168.2,2268,107,168.208
2018-10-16T04:00:00Z,168.58,170.3,165.465,168.47,6980,115,167.475
2018-10-17T04:00:00Z,168.05,168.05,165.4,165.4,3270,35,166.321
2018-10-18T04:00:00Z,164,164.171,156.92,159.56,9770,159,160.359
2018-10-19T04:00:00Z,159.67,169.949,158.2,158.2,2789,60,159.613
2018-10-22T04:00:00Z,157.85,163.9,156,158.15,3150,62,158.241
2018-10-23T04:00:00Z,157.12,163,157.12,160.68,8164,155,160.128
2018-10-24T04:00:00Z,160.5,166.25,160.41,160.41,7258,144,162.797
2018-10-25T04:00:00Z,163.14,163.5,159.75,160.9,4791,119,161.603
2018-10-26T04:00:00Z,159.3,164,159.3,163,10024,207,162.217
2018-10-29T04:00:00Z,163,170.4,163,169.17,5021,90,167.552
2018-10-30T04:00:00Z,171.34,176,168.85,174,25708,398,172.341
2018-10-31T04:00:00Z,177,182,177,182,12400,205,180.024
2018-11-01T04:00:00Z,181.88,183.56,178.2,178.2,5221,110,180.746
2018-11-02T04:00:00Z,181.98,191.8,181.9,185,13538,253,188.469
2018-11-05T05:00:00Z,187,189.465,184.8,186.34,7338,167,186.934
2018-11-06T05:00:00Z,182.01,189,182.01,187.25,4412,85,186.756
2018-11-07T05:00:00Z,189.88,191.65,187.1,187.82,4043,105,188.775
2018-11-08T05:00:00Z,188.4,188.4,187.5,187.5,1080,33,187.87
2018-11-09T05:00:00Z,185.12,187.96,183.595,185.3,4275,87,185.428
2018-11-12T05:00:00Z,185.61,188.995,179.78,183.4,14510,265,183.049
2018-11-13T05:00:00Z,186.3,187.79,183.08,184.94,8208,174,184.692
2018-11-14T05:00:00Z,187.2,198.45,186.285,191.3,8264,227,189.942
2018-11-15T05:00:00Z,191.52,193.63,184.86,186,12190,242,189.636
2018-11-16T05:00:00Z,185.3,191.675,183,190.83,8974,148,187.427
2018-11-19T05:00:00Z,190.71,198.5,190.71,194.53,5185,103,194.384
2018-11-20T05:00:00Z,193,196.991,189.5,194.21,3692,78,193.416
2018-11-21T05:00:00Z,195.04,196,190.5,194.2,4533,99,194.556
2018-11-23T05:00:00Z,194.25,194.98,194.015,194.94,1912,41,194.66
2018-11-26T05:00:00Z,195,196.13,193.975,196.13,5814,108,195.095
2018-11-27T05:00:00Z,194.826,195.95,192.56,194.673,4279,100,194.38
2018-11-28T05:00:00Z,194.48,195,189,193.6,9728,197,193.71
2018-11-29T05:00:00Z,193,195,193,194,10494,224,194.212
2018-11-30T05:00:00Z,183.19,187,181.794,186.08,13997,207,184.371
2018-12-03T05:00:00Z,187.021,190,185.5,187,5787,96,187.968
2018-12-04T05:00:00Z,184.93,186.94,182.01,184.9,8503,158,183.731
2018-12-06T05:00:00Z,184,184.988,178.82,182.58,10707,184,182.253
2018-12-07T05:00:00Z,182.35,184,180.99,181.16,9134,178,182.59
2018-12-10T05:00:00Z,181.16,183.02,179.16,181.63,4297,119,181.465
2018-12-11T05:00:00Z,183.65,184.65,180,183.22,17296,311,182.601
2018-12-12T05:00:00Z,183.7,184.86,182.33,183.16,12512,181,183.251
2018-12-13T05:00:00Z,183.99,185,181.51,181.51,5243,131,183.081
2018-12-14T05:00:00Z,182.11,183,178.383,180.55,3855,78,181.054
2018-12-17T05:00:00Z,180.77,181.655,177,177.5,11837,175,179.264
2018-12-18T05:00:00Z,177.88,178.87,174.17,174.17,1751,61,175.743
2018-12-19T05:00:00Z,176.03,177.69,171.53,171.53,4373,130,174.819
2018-12-20T05:00:00Z,171.5,171.5,164.549,167.31,8245,168,168.643
2018-12-21T05:00:00Z,167.26,173,167.26,171.3,12115,160,169.301
2018-12-24T05:00:00Z,170,175.67,169.6,172,19968,332,171.895
2018-12-26T05:00:00Z,174.89,185.14,174.89,182,15610,264,180.997
2018-12-27T05:00:00Z,185.56,185.56,175.658,178.52,6374,140,179.135
2018-12-28T05:00:00Z,178.51,182.675,177.34,178.99,14115,221,180.729
2018-12-31T05:00:00Z,179.97,180,172.872,176.68,19853,127,176.964
2019-01-02T05:00:00Z,178.2,178.2,170.36,175.75,6646,76,175.802
2019-01-03T05:00:00Z,174,174,172.55,172.98,1950,101,173.165
2019-01-04T05:00:00Z,175,184.49,172.82,174.5,7298,226,174.969
2019-01-07T05:00:00Z,172.644,174,172.477,173.98,5094,142,173.358
2019-01-08T05:00:00Z,174.86,175.06,172.31,172.31,1779,58,173.387
2019-01-09T05:00:00Z,175,175.9,175,175.68,1536,47,175.578
2019-01-10T05:00:00Z,175.62,182,170.62,174.74,6150,117,174.88
2019-01-11T05:00:00Z,173,173.9,170.675,173.9,2135,110,173.014
2019-01-14T05:00:00Z,172.32,173.1,169.093,173.1,3321,91,171.908
2019-01-15T05:00:00Z,173,173.1,170.648,172.9,2823,93,172.305
2019-01-16T05:00:00Z,173.99,175,171.42,172.62,4861,136,173.184
2019-01-17T05:00:00Z,173.99,174,172.67,172.67,3147,106,173.245
2019-01-18T05:00:00Z,173,175,172.72,172.72,6207,91,173.36
2019-01-22T05:00:00Z,173,174,172.99,172.99,2060,62,173.086
2019-01-23T05:00:00Z,174,174.01,168.725,172.78,4068,117,172.937
2019-01-24T05:00:00Z,171.49,172.78,171.49,172.42,1356,45,172.265
2019-01-25T05:00:00Z,176.9,176.9,174.067,174.3,3262,124,174.665
2019-01-28T05:00:00Z,173.721,174,170,172.35,3675,73,172.238
2019-01-29T05:00:00Z,172.42,173,169.51,169.51,3166,58,171.213
2019-01-30T05:00:00Z,170.31,173.65,170.31,172.93,4750,101,172.408
2019-01-31T05:00:00Z,171.598,173.51,171.4,172.73,6371,115,172.909
2019-02-01T05:00:00Z,173,173,171.76,171.76,1930,109,172.375
2019-02-04T05:00:00Z,171.7,171.7,171.6,171.6,1571,51,171.626
2019-02-05T05:00:00Z,170.86,173,170.86,172.29,1619,49,171.523
2019-02-06T05:00:00Z,170.85,171.2,170.85,171.2,1828,50,171.088
2019-02-07T05:00:00Z,171.22,172.49,171.22,172.49,1254,49,172.081
2019-02-08T05:00:00Z,171.88,173,169.12,169.12,2560,81,171.04
2019-02-11T05:00:00Z,165.542,168.657,160.53,164.2,3013,89,163.729
2019-02-12T05:00:00Z,163.7,163.77,160.38,163.5,4686,165,162.291
2019-02-13T05:00:00Z,163.48,164.5,163.48,164.5,1159,56,164.106
2019-02-14T05:00:00Z,166.87,166.87,164.3,164.3,1158,35,164.969
2019-02-15T05:00:00Z,164.42,172,164.42,170,3672,96,167.986
2019-02-19T05:00:00Z,170,175.5,170,173.4,12532,177,173.122
2019-02-20T05:00:00Z,172.5,173.2,171.459,172.2,4347,89,172.375
2019-02-21T05:00:00Z,171.65,173.8,168.84,173.8,2864,113,172.501
2019-02-22T05:00:00Z,174,174.51,172.755,173.1,6742,159,173.544
2019-02-25T05:00:00Z,174.15,174.88,172.11,172.11,2894,61,172.933
2019-02-26T05:00:00Z,172.97,173,172.97,173,3137,99,172.992
2019-02-27T05:00:00Z,170.52,172.18,170.153,171.13,2790,89,171.263
2019-02-28T05:00:00Z,172.92,172.92,170.41,170.41,2936,69,171.08
2019-03-01T05:00:00Z,171.3,171.78,169.37,171.76,6005,122,170.824
2019-03-04T05:00:00Z,172.813,172.813,170.22,170.22,1167,36,171.274
2019-03-05T05:00:00Z,170.62,171.9,169.6,171.9,2649,71,170.572
2019-03-06T05:00:00Z,172,172,167.54,167.54,2951,70,169.814
2019-03-07T05:00:00Z,167.49,167.49,164,164,14769,129,165.073
2019-03-08T05:00:00Z,165.73,169.75,162.5,167.68,19474,249,167.309
2019-03-11T04:00:00Z,167.64,168.85,164,168.85,3076,86,167.669
2019-03-12T04:00:00Z,169.51,169.51,168.76,168.76,1918,84,169.12
2019-03-13T04:00:00Z,168.69,172.149,168.44,170.5,4660,88,170.746
2019-03-14T04:00:00Z,171.98,171.98,168.999,169.42,4351,66,170.825
2019-03-15T04:00:00Z,169.37,169.37,166.8,166.8,9994,76,168.48
2019-03-18T04:00:00Z,167.64,173,167.64,168.7,3622,107,168.711
2019-03-19T04:00:00Z,169.39,169.39,168.12,168.12,1375,32,168.561
2019-03-20T04:00:00Z,167.88,168.288,167.88,168.288,842,43,168.125
2019-03-21T04:00:00Z,167.86,167.86,166.388,166.52,2628,60,166.944
2019-03-22T04:00:00Z,160.03,160.03,160.03,160.03,1443,33,160.03
2019-03-25T04:00:00Z,160.99,161,155.01,156.8,4956,122,157.691
2019-03-26T04:00:00Z,156,158,154.73,157.25,3056,113,156.383
2019-03-27T04:00:00Z,156.94,156.94,154.79,156,3777,72,156.113
2019-03-28T04:00:00Z,154.15,157.505,154.15,156.4,2435,113,155.786
2019-03-29T04:00:00Z,159.294,160.6,155.21,157.9,18782,119,157.889
2019-04-01T04:00:00Z,158.3,162.54,158.3,160.6,8317,205,160.663
2019-04-02T04:00:00Z,161.08,161.86,160.16,161.4,4694,90,161.012
2019-04-03T04:00:00Z,161.41,161.977,157.2,159.3,10691,188,160.065
2019-04-04T04:00:00Z,159.4,161.09,159.216,161,8330,178,160.087
2019-04-05T04:00:00Z,159.9,162.395,158.6,160.5,8428,405,160.013
2019-04-08T04:00:00Z,160.2,160.2,158.75,159.56,3420,82,159.357
2019-04-09T04:00:00Z,159.73,161.635,158.48,159.34,3936,65,159.195
2019-04-10T04:00:00Z,159.52,160.976,157.223,159.36,13469,237,159.132
2019-04-11T04:00:00Z,160.06,164.594,159,160.2,17693,298,161.215
2019-04-12T04:00:00Z,160.72,165.555,160.61,160.61,5238,147,161.645
2019-04-15T04:00:00Z,162.69,162.69,159.66,161.1,1706,46,160.664
2019-04-16T04:00:00Z,161.46,163.19,161.46,163,5018,149,162.533
2019-04-17T04:00:00Z,162.99,166.955,162.99,164.9,2565,88,164.325
2019-04-18T04:00:00Z,164.79,166.3,164.79,165.7,3904,108,165.362
2019-04-22T04:00:00Z,165.24,165.4,165,165,1981,59,165.169
2019-04-23T04:00:00Z,165,165.31,164,164.6,2854,73,164.637
2019-04-24T04:00:00Z,164.94,165.9,164,164,2875,80,164.877
2019-04-25T04:00:00Z,164.4,164.79,163.7,164,1684,70,164.237
2019-04-26T04:00:00Z,166.609,169.95,165.5,167.5,4670,63,167.284
2019-04-29T04:00:00Z,167.5,170.5,167.49,169.9,10093,174,169.096
2019-04-30T04:00:00Z,170,170.315,168.47,168.92,7680,110,169.617
2019-05-01T04:00:00Z,168.92,169.445,168,168.5,3434,73,168.593
2019-05-02T04:00:00Z,168.5,168.5,166.2,166.3,2116,85,167.14
2019-05-03T04:00:00Z,166.95,167.91,162.5,166.6,6594,168,166.031
2019-05-06T04:00:00Z,165.06,165.06,164.01,164.01,1929,63,164.433
2019-05-07T04:00:00Z,164.02,164.02,164.02,164.02,1387,81,164.02
2019-05-08T04:00:00Z,164.31,164.39,163.1,163.85,1871,82,163.985
2019-05-09T04:00:00Z,164.43,164.43,162.61,162.61,1473,145,163.178
2019-05-10T04:00:00Z,163,163.59,160.13,160.55,3887,104,161.821
2019-05-13T04:00:00Z,160.5,160.5,158,158,3467,93,158.631
2019-05-14T04:00:00Z,160.25,162.81,157.434,162.81,6181,122,159.543
2019-05-15T04:00:00Z,162.52,162.52,159.66,161.48,2047,44,160.568
2019-05-16T04:00:00Z,161.5,161.54,160.45,160.95,2817,90,161.038
2019-05-17T04:00:00Z,160.56,161.3,158.69,159.74,2226,70,160.424
2019-05-20T04:00:00Z,160.21,160.36,157,160,1656,60,159.602
2019-05-21T04:00:00Z,161.31,161.58,160,160.79,2178,76,161.032
2019-05-22T04:00:00Z,160.56,160.56,158.65,158.65,2155,71,159.817
2019-05-23T04:00:00Z,157.95,161.085,157.05,157.56,4642,111,158.705
2019-05-24T04:00:00Z,159.14,160,158,159.85,2766,66,159.613
2019-05-28T04:00:00Z,161.01,161.01,159.1,160.5,3644,93,160.499
2019-05-29T04:00:00Z,159.82,160.5,157.85,159,7363,83,159.284
2019-05-30T04:00:00Z,161.09,162.514,158.1,158.99,4716,83,160.008
2019-05-31T04:00:00Z,158.97,158.97,154.41,154.41,1396,45,155.632
2019-06-03T04:00:00Z,154.26,159.665,154.26,156.9,6746,81,157.224
2019-06-04T04:00:00Z,157.64,158,157,157,2539,71,157.581
2019-06-05T04:00:00Z,157.98,158.46,153.62,153.62,4021,67,155.303
2019-06-06T04:00:00Z,153.9,154.948,153.31,154.45,4757,91,154.02
2019-06-07T04:00:00Z,154.3,154.3,154.3,154.3,780,34,154.3
2019-06-10T04:00:00Z,155.815,156,153.01,156,5748,139,154.824
2019-06-11T04:00:00Z,154.35,155.57,153.96,155.57,5125,105,154.354
2019-06-12T04:00:00Z,155.53,155.688,154.59,154.59,2770,70,155.053
2019-06-13T04:00:00Z,156.8,157.8,156.8,157.8,1017,32,157.605
2019-06-14T04:00:00Z,156.7,161,156.7,161,1631,51,160.336
2019-06-17T04:00:00Z,162.35,162.45,161.675,162.33,2005,99,162.142
2019-06-18T04:00:00Z,163.6,163.68,163,163.68,1792,75,163.221
2019-06-19T04:00:00Z,163.976,165,163.976,165,1706,45,164.823
2019-06-20T04:00:00Z,165,165,165,165,0,0,0
2019-06-21T04:00:00Z,165.14,167,165.01,167,7931,100,166.302
2019-06-24T04:00:00Z,167,167,165.12,165.12,1187,41,165.632
2019-06-25T04:00:00Z,165.01,165.01,162.52,162.78,2879,55,162.737
2019-06-26T04:00:00Z,162.78,164.675,160.39,160.39,2119,87,162.045
2019-06-27T04:00:00Z,163.71,166.995,159.158,165.56,3962,73,164.76
2019-06-28T04:00:00Z,167,167,167,167,12889,60,167
2019-07-01T04:00:00Z,167,167,164.384,165.74,3432,78,166.291
2019-07-02T04:00:00Z,166.67,166.67,166.67,166.67,618,28,166.67
2019-07-03T04:00:00Z,166.79,166.79,165.02,165.02,670,33,165.706
2019-07-05T04:00:00Z,163.689,164.345,163.17,164.339,1064,42,163.936
2019-07-08T04:00:00Z,165.89,166.36,164.02,164.58,2318,61,165.478
2019-07-09T04:00:00Z,164.6,165.35,163,163,2458,74,164.681
2019-07-10T04:00:00Z,163.59,163.59,161.7,162.47,1443,43,162.689
2019-07-11T04:00:00Z,162.34,162.34,156.77,157.99,4870,95,158.887
2019-07-12T04:00:00Z,158.41,160.37,156.35,156.91,8068,185,158.133
2019-07-15T04:00:00Z,153.11,158.8,153.11,158.8,1671,92,154.674
2019-07-16T04:00:00Z,157.92,160.91,157.92,160.91,2087,110,159.304
2019-07-17T04:00:00Z,160.26,160.26,160.26,160.26,510,25,160.26
2019-07-18T04:00:00Z,160.45,161.8,160.45,161.8,2064,130,161.105
2019-07-19T04:00:00Z,161.95,162.725,160.45,160.45,1186,44,161.918
2019-07-22T04:00:00Z,164.82,164.82,162.63,162.63,1109,48,163.853
2019-07-23T04:00:00Z,162.766,164.7,162.766,164.7,1451,80,164.205
2019-07-24T04:00:00Z,166.2,166.2,166.2,166.2,975,47,166.2
2019-07-25T04:00:00Z,166.95,166.95,164.792,164.792,954,38,165.87
2019-07-26T04:00:00Z,165.25,165.25,165.25,165.25,744,16,165.25
2019-07-29T04:00:00Z,164.805,164.98,162.8,162.8,3136,69,164.17
2019-07-30T04:00:00Z,162.66,164.52,161.7,163.62,2319,50,163.32
2019-07-31T04:00:00Z,165.58,165.58,164.1,164.1,2416,61,164.325
2019-08-01T04:00:00Z,163.704,163.704,160.45,160.45,3293,86,161.885
2019-08-02T04:00:00Z,160.45,160.45,158.3,158.3,2811,47,159.809
2019-08-05T04:00:00Z,158.44,158.44,153.24,153.24,1514,66,154.424
2019-08-06T04:00:00Z,155.556,155.556,154.04,154.59,4083,54,154.841
2019-08-07T04:00:00Z,154.64,154.64,154.64,154.64,719,23,154.64
2019-08-08T04:00:00Z,159.25,159.25,155.63,155.63,2723,66,156.138
2019-08-09T04:00:00Z,157.1,157.1,153.75,154.52,2217,54,155.064
2019-08-12T04:00:00Z,151.21,151.21,147.82,149,3367,126,148.984
2019-08-13T04:00:00Z,149.72,151.4,147.36,148.53,5627,175,149.361
2019-08-14T04:00:00Z,147.2,147.6,145.2,145.2,2401,68,146.293
2019-08-15T04:00:00Z,145.5,146,141.315,141.54,1614,104,143.138
2019-08-16T04:00:00Z,143.9,143.9,139.2,140.09,6136,232,141.185
2019-08-19T04:00:00Z,141.9,142.15,141.04,142,4618,73,141.85
2019-08-20T04:00:00Z,142,142,140,140,1080,45,140.725
2019-08-21T04:00:00Z,140.18,142,138.02,138.2,9600,225,139.844
2019-08-22T04:00:00Z,139,141.7,135.45,136.06,10220,249,138.097
2019-08-23T04:00:00Z,137.99,137.99,134.04,134.04,3510,146,135.26
2019-08-26T04:00:00Z,136.43,140,135.8,140,5121,164,137.962
2019-08-27T04:00:00Z,142.5,142.5,138.55,141.36,6213,136,140.138
2019-08-28T04:00:00Z,139.67,142,139.5,140.5,4944,98,140.593
2019-08-29T04:00:00Z,141,145.2,141,145.02,5799,132,143.787
2019-08-30T04:00:00Z,146,150.5,146,147.2,6075,143,147.971
2019-09-03T04:00:00Z,146.12,150.5,146.12,149.02,7524,188,149.109
2019-09-04T04:00:00Z,149.85,153.65,149.85,152.4,3884,110,152.304
2019-09-05T04:00:00Z,152.74,155,152.51,154.9,4345,127,154.12
2019-09-06T04:00:00Z,153.83,154.52,148.3,148.3,12744,319,150.72
2019-09-09T04:00:00Z,148.83,149.69,148.09,148.2,6482,154,148.904
2019-09-10T04:00:00Z,150,150,148.35,150,2479,109,149.431
2019-09-11T04:00:00Z,150.41,157.85,149.89,157.2,8799,267,154.615
2019-09-12T04:00:00Z,156,162.52,155.99,160.5,7148,173,160.565
2019-09-13T04:00:00Z,161,164,161,161.99,5658,156,162.4
2019-09-16T04:00:00Z,163.48,165,158.31,162.2,7000,220,162.029
2019-09-17T04:00:00Z,160,162.2,160,161.52,2243,85,161.688
2019-09-18T04:00:00Z,161.8,161.9,153.351,157.98,21768,353,158.524
2019-09-19T04:00:00Z,157.8,157.8,156.71,156.71,677,43,157.055
2019-09-20T04:00:00Z,156.88,159.45,154.35,157.87,13047,223,156.987
2019-09-23T04:00:00Z,158.25,158.25,154.18,155.27,6665,198,156.256
2019-09-24T04:00:00Z,157.317,157.5,154.24,156.5,9866,233,156.078
2019-09-25T04:00:00Z,157,157.78,154.85,155.12,5057,105,155.664
2019-09-26T04:00:00Z,155.59,155.59,154.5,154.5,1380,28,154.698
2019-09-27T04:00:00Z,156.32,162.32,155.2,159.1,9493,255,158.258
2019-09-30T04:00:00Z,160.9,163.4,160.01,160.1,2922,138,161
2019-10-01T04:00:00Z,161.7,161.8,158.5,160.5,5090,142,160.158
2019-10-02T04:00:00Z,160.72,164.5,160.61,160.61,4193,171,161.384
2019-10-03T04:00:00Z,160.62,163,160.62,162.5,2575,85,162.247
2019-10-04T04:00:00Z,162.5,163.89,161.9,162.25,2824,124,162.583
2019-10-07T04:00:00Z,162.99,163,159.6,159.91,6919,168,161.495
2019-10-08T04:00:00Z,159.46,161.4,159.46,160.3,2843,120,160.476
2019-10-09T04:00:00Z,161,163.62,161,161.5,4195,180,161.968
2019-10-10T04:00:00Z,161.5,162.6,161.5,162,1458,57,161.937
2019-10-11T04:00:00Z,163.193,163.5,161.67,162.05,3303,102,162.464
2019-10-14T04:00:00Z,162.99,163.05,161.7,162.05,2196,62,162.517
2019-10-15T04:00:00Z,163.14,163.635,162.8,162.8,3203,47,163.329
2019-10-16T04:00:00Z,163,173.5,163,173.5,12379,284,168.847
2019-10-17T04:00:00Z,174.06,182.517,174.06,179.48,7730,227,179.13
2019-10-18T04:00:00Z,179.01,180.57,171.97,176,12465,384,177.308
2019-10-21T04:00:00Z,178.34,179.5,176.016,176.95,3622,104,177.012
2019-10-22T04:00:00Z,176.9,176.9,173.42,174.5,12561,298,175.352
2019-10-23T04:00:00Z,174,175,171.1,174.49,5103,157,174.238
2019-10-24T04:00:00Z,174.03,174.83,172.68,172.77,5398,118,173.363
2019-10-25T04:00:00Z,172.62,172.77,169,169.99,5160,174,170.571
2019-10-28T04:00:00Z,169.295,170.1,166.232,168.97,5018,78,169.253
2019-10-29T04:00:00Z,167.43,168.01,159,160.6,8637,226,162.684
2019-10-30T04:00:00Z,164.33,164.33,154.829,156.6,11456,251,158.451
2019-10-31T04:00:00Z,155.78,155.91,151,151.7,7458,169,152.753
2019-11-01T04:00:00Z,151.98,160.5,151.98,158.1,13835,333,157.166
2019-11-04T05:00:00Z,156.4,158.52,151.1,151.5,14710,376,154.333
2019-11-05T05:00:00Z,150.61,156,148.67,154.99,14466,251,154.26
2019-11-06T05:00:00Z,155.17,160.39,154.53,159.5,5367,112,156.383
2019-11-07T05:00:00Z,160.22,166.1,160.22,161,11661,277,162.6
2019-11-08T05:00:00Z,160.82,161.06,155,158.01,7364,199,156.938
2019-11-11T05:00:00Z,162.72,162.72,157,157.6,5037,107,157.788
2019-11-12T05:00:00Z,158.43,163.5,157.75,163.5,1861,82,160.481
2019-11-13T05:00:00Z,163.35,169.359,157.1,161.35,19405,370,161.314
2019-11-14T05:00:00Z,161.76,162.8,158.9,162.8,9426,178,161.781
2019-11-15T05:00:00Z,161.98,163.9,159.5,163.9,7212,140,162.859
2019-11-18T05:00:00Z,163.91,167.087,163.084,165.31,5323,113,164.776
2019-11-19T05:00:00Z,165.5,165.96,164.226,165.96,4404,116,165.161
2019-11-20T05:00:00Z,164.55,165.72,162.48,162.48,6053,134,163.567
2019-11-21T05:00:00Z,163.16,165.3,162.16,162.16,7076,384,162.753
2019-11-22T05:00:00Z,164.68,164.68,162.11,162.11,2770,107,162.62
2019-11-25T05:00:00Z,164,166,163.5,163.89,8650,216,164.579
2019-11-26T05:00:00Z,165.94,167.595,163.65,165,8908,219,166.246
2019-11-27T05:00:00Z,166.47,169.5,164.55,167.2,19048,308,166.776
2019-11-29T05:00:00Z,159.01,160.5,158.41,160.25,13011,242,159.681
2019-12-02T05:00:00Z,159.69,165.5,157.78,161.5,13751,309,160.932
2019-12-03T05:00:00Z,160.39,162.8,157.096,159.1,4589,116,159.831
2019-12-04T05:00:00Z,160.7,162.79,158.574,159.92,17776,607,160.546
2019-12-05T05:00:00Z,159.2,161,157.016,157.5,8405,268,158.696
2019-12-06T05:00:00Z,158.18,160.03,158.01,158.34,8092,158,159.121
2019-12-09T05:00:00Z,159.31,159.9,157.53,158.42,7569,319,158.76
2019-12-10T05:00:00Z,158.56,159,152.54,156.5,10643,333,156.223
2019-12-11T05:00:00Z,156.82,157.8,152.1,157,5856,194,156.058
2019-12-12T05:00:00Z,156.83,159,154.55,157.7,8682,240,156.846
2019-12-13T05:00:00Z,155.4,158.91,155,158.91,8166,280,157.444
2019-12-16T05:00:00Z,159.52,161.6,158,159.2,16036,457,160.278
2019-12-17T05:00:00Z,160.7,161,158.61,159.5,7977,303,159.751
2019-12-18T05:00:00Z,158.5,160.89,158.31,158.31,8180,269,159.312
2019-12-19T05:00:00Z,158.66,160,157,158.5,12096,276,158.56
2019-12-20T05:00:00Z,158.74,159.179,157.16,157.5,16265,323,158.112
2019-12-23T05:00:00Z,157.29,158.85,156.26,156.4,8504,427,157.216
2019-12-24T05:00:00Z,157.87,157.995,153.82,155.97,5991,458,156.167
2019-12-26T05:00:00Z,155.98,156.99,154.51,155.35,6479,413,155.619
2019-12-27T05:00:00Z,155.95,156.88,153.77,156.54,5139,257,156.117
2019-12-30T05:00:00Z,155.98,158.95,155.14,157.2,8190,212,156.702
2019-12-31T05:00:00Z,157.42,160.05,155.62,159.2,9323,216,158.493
2020-01-02T05:00:00Z,158,159.97,158,158.83,4176,145,158.774
2020-01-03T05:00:00Z,159,160.05,158.03,159.53,9324,179,159.146
2020-01-06T05:00:00Z,158.56,164.57,158.56,159.67,18037,360,161.953
2020-01-07T05:00:00Z,159.72,163.83,159,163.15,21713,412,161.906
2020-01-08T05:00:00Z,163.5,166.775,162,165.19,18860,340,163.969
2020-01-09T05:00:00Z,165,166.35,164.45,164.5,18087,341,165.44
2020-01-10T05:00:00Z,164.3,166.42,163.14,164.9,9406,367,164.165
2020-01-13T05:00:00Z,164,166.45,160.866,165.9,25767,662,164.452
2020-01-14T05:00:00Z,165.6,167.2,163.66,164.2,8091,318,165.239
2020-01-15T05:00:00Z,165.5,165.5,164,164.2,4367,119,164.642
2020-01-16T05:00:00Z,164.91,166.49,164,164.7,5419,94,164.755
2020-01-17T05:00:00Z,164.55,166.48,164.037,164.05,6033,126,164.588
2020-01-21T05:00:00Z,162.97,165.585,162.5,163.9,12450,230,163.858
2020-01-22T05:00:00Z,164.07,164.888,161.29,163.47,10206,240,162.49
2020-01-23T05:00:00Z,162.17,165.19,161.13,163.07,5657,134,162.969
2020-01-24T05:00:00Z,163.49,165.43,162,164.06,12554,166,163.424
2020-01-27T05:00:00Z,163.7,163.8,161.572,162.88,3747,118,162.957
2020-01-28T05:00:00Z,162.99,162.99,161.66,162.7,3267,148,162.389
2020-01-29T05:00:00Z,162,163.46,160.95,162.5,3776,124,162.101
2020-01-30T05:00:00Z,162.5,162.5,160.61,160.61,4474,117,161.107
2020-01-31T05:00:00Z,157.07,159.932,155.59,157.8,16026,281,157.579
2020-02-03T05:00:00Z,157.96,159.77,157,157.37,7994,292,157.824
2020-02-04T05:00:00Z,159.7,159.7,155.56,157.2,15397,290,157.187
2020-02-05T05:00:00Z,159.18,159.76,158,159.76,3916,98,158.983
2020-02-06T05:00:00Z,159.24,162.907,159.24,161.5,7833,143,161.231
2020-02-07T05:00:00Z,159.5,161.2,159.4,159.4,4259,191,160.148
2020-02-10T05:00:00Z,159,160.33,158.71,159.18,4365,153,159.28
2020-02-11T05:00:00Z,167.6,173.3,161.09,163,15892,315,167.96
2020-02-12T05:00:00Z,165.6,168.443,163.395,165.5,38092,392,166.091
2020-02-13T05:00:00Z,165.52,177.15,164.005,174,26437,696,170.592
2020-02-14T05:00:00Z,174.96,178.5,171.049,174.55,19561,572,173.793
2020-02-18T05:00:00Z,174.74,177.32,169.59,174.42,14555,448,174.198
2020-02-19T05:00:00Z,173.76,176.98,172.98,175.5,19241,412,173.963
2020-02-20T05:00:00Z,176.518,178,173.27,177.39,31060,365,176.413
2020-02-21T05:00:00Z,177.16,178.5,176.2,176.2,11641,179,177.024
2020-02-24T05:00:00Z,173.7,177.2,170.7,172,6170,165,172.98
2020-02-25T05:00:00Z,171.248,171.248,165.07,165.67,6477,121,168.539
2020-02-26T05:00:00Z,163.35,163.74,162.22,162.29,4786,147,162.571
2020-02-27T05:00:00Z,160.39,163,157.56,160.62,16864,347,160.972
2020-02-28T05:00:00Z,156.1,167,156.1,163.96,35211,560,163.561
2020-03-02T05:00:00Z,163.96,166.4,162.6,163.26,15318,424,164.292
2020-03-03T05:00:00Z,163,163,149.18,153.46,16938,384,155.127
2020-03-04T05:00:00Z,154.99,161.13,154.99,161.13,8731,232,158.622
2020-03-05T05:00:00Z,153.37,155.68,151.86,154.28,10019,219,153.785
2020-03-06T05:00:00Z,150.79,159.505,147.95,152.35,6177,167,152.274
2020-03-09T04:00:00Z,148.07,149.5,136.525,138.57,6165,146,141.786
2020-03-10T04:00:00Z,139.32,142.6,135,141.55,13288,307,140.725
2020-03-11T04:00:00Z,138.71,143.16,138.71,143.16,3275,105,142.572
2020-03-12T04:00:00Z,139.02,151.92,132.685,136.73,4823,116,137.62
2020-03-13T04:00:00Z,141,141,134,137.9,5804,201,138.128
2020-03-16T04:00:00Z,129.81,135.066,115.01,120.17,10142,289,125.053
2020-03-17T04:00:00Z,122.05,132.35,115.53,132.35,12543,359,124.775
2020-03-18T04:00:00Z,125.46,125.46,111,115.19,10437,379,117.682
2020-03-19T04:00:00Z,114.45,116.7,107,112,8075,263,111.502
2020-03-20T04:00:00Z,108.53,114.735,102.6,110.9,14621,228,110.062
2020-03-23T04:00:00Z,111.15,113,97,102.02,6745,211,104.216
2020-03-24T04:00:00Z,106.25,122,103.025,122,11246,259,114.874
2020-03-25T04:00:00Z,127.9,130.87,127.9,130.87,2572,137,130.609
2020-03-26T04:00:00Z,132,143.7,132,143.7,4694,146,141.675
2020-03-27T04:00:00Z,139.31,139.31,129.01,129.01,10234,214,132.554
2020-03-30T04:00:00Z,130.51,136.97,125.51,129.8,7477,162,130.197
2020-03-31T04:00:00Z,126,134.99,125,128,20018,466,129.063
2020-04-01T04:00:00Z,121.45,121.45,111,111,11891,241,113.776
2020-04-02T04:00:00Z,111.09,115.5,104.43,113.5,8734,274,112.374
2020-04-03T04:00:00Z,113.5,113.5,105.6,108,12181,269,109.277
2020-04-06T04:00:00Z,112.5,124.917,112.5,118.5,16823,344,119.457
2020-04-07T04:00:00Z,121.01,126,114.715,123.12,25336,408,121.084
2020-04-08T04:00:00Z,125.39,130,122,128.5,6399,133,126.301
2020-04-09T04:00:00Z,133,133.5,128.5,130,12405,263,130.975
2020-04-13T04:00:00Z,129.11,129.11,118.5,118.5,8894,159,122.38
2020-04-14T04:00:00Z,123,126.35,122,123.3,13300,284,123.744
2020-04-15T04:00:00Z,115.79,117,111,111.61,9442,271,112.81
2020-04-16T04:00:00Z,102.5,108.3,96.45,106.69,8023,473,105.427
2020-04-17T04:00:00Z,109.35,117.79,109.35,117.79,5755,146,114.584
2020-04-20T04:00:00Z,112.14,112.14,106.04,107.83,3813,161,108.027
2020-04-21T04:00:00Z,107,109.2,102.05,107.07,14178,264,104.779
2020-04-22T04:00:00Z,109.73,113,107.24,113,7393,177,111.214
2020-04-23T04:00:00Z,118,118.9,114.01,114.97,6608,246,116.798
2020-04-24T04:00:00Z,112.65,117.976,112.65,117.59,3871,124,115.498
2020-04-27T04:00:00Z,124,130.75,121.7,123.01,18239,337,124.33
2020-04-28T04:00:00Z,126,126.505,123.61,125.89,10254,262,125.328
2020-04-29T04:00:00Z,131.07,142.94,131,140.01,13055,432,136.247
2020-04-30T04:00:00Z,137.01,139.02,126.83,133.9,12685,422,134.866
2020-05-01T04:00:00Z,128.05,129.3,122,129.3,19649,451,126.941
2020-05-04T04:00:00Z,127,129.15,126.11,129.15,2555,116,128.617
2020-05-05T04:00:00Z,135,142.105,135,137.2,10379,250,137.325
2020-05-06T04:00:00Z,135.5,136.4,133.84,135.01,5068,256,135.123
2020-05-07T04:00:00Z,136.71,142.25,134.08,137.88,11259,382,138.525
2020-05-08T04:00:00Z,137.18,141.12,132.5,132.5,21407,393,137.053
2020-05-11T04:00:00Z,128.63,128.747,122,122,6991,210,124.327
2020-05-12T04:00:00Z,120.75,121.99,116.44,116.44,5902,212,118.694
2020-05-13T04:00:00Z,116.216,116.216,107.456,109.4,10941,245,109.642
2020-05-14T04:00:00Z,108,114.64,105,114.64,6773,294,108.963
2020-05-15T04:00:00Z,112.9,121.77,112.442,119.9,3839,168,117.871
2020-05-18T04:00:00Z,123.8,132.5,123.8,131.73,9712,415,130.646
2020-05-19T04:00:00Z,127.8,130.68,122.8,122.8,12436,212,128.553
2020-05-20T04:00:00Z,127.02,132.13,123.63,128.12,4749,170,127.889
2020-05-21T04:00:00Z,125.02,128.07,125.02,126.21,5327,116,126.627
2020-05-22T04:00:00Z,123.54,127.73,121.5,126.25,5338,119,124.393
2020-05-26T04:00:00Z,133,136,131.5,131.8,5050,178,133.595
2020-05-27T04:00:00Z,133.457,143.65,133.12,140.29,4249,149,139.749
2020-05-28T04:00:00Z,146,146,134.78,134.78,6956,243,140.348
2020-05-29T04:00:00Z,129.3,132,126.1,126.1,6116,186,127.892
2020-06-01T04:00:00Z,126.427,134.51,123.7,131.66,17980,234,128.345
2020-06-02T04:00:00Z,133,133,131.01,131.01,1574,62,131.472
2020-06-03T04:00:00Z,138.69,143.83,138,142.75,10404,305,141.075
2020-06-04T04:00:00Z,143.7,143.7,136.54,138.91,3837,131,139.483
2020-06-05T04:00:00Z,142.83,150,142.83,148.4,6109,206,147.562
2020-06-08T04:00:00Z,148.4,149,145.92,146.42,4676,146,147.587
2020-06-09T04:00:00Z,140.34,142.01,138.14,140,6021,263,140.212
2020-06-10T04:00:00Z,140.22,140.22,138.65,139,2845,85,138.931
2020-06-11T04:00:00Z,133.36,133.36,121.39,123.92,5198,229,125.766
2020-06-12T04:00:00Z,126,126,123.07,123.47,3360,172,124.112
2020-06-15T04:00:00Z,124.79,128.5,122.065,124.32,6486,161,125.912
2020-06-16T04:00:00Z,126.11,129.37,123.22,124.11,4499,121,126.019
2020-06-17T04:00:00Z,127,128,121,121,14453,216,123.314
2020-06-18T04:00:00Z,122.05,126.17,121.01,121.15,23415,297,122.353
2020-06-19T04:00:00Z,124.47,124.47,119.19,119.19,23908,235,121.464
2020-06-22T04:00:00Z,119.56,121.1,115.61,118.94,18357,188,119.003
2020-06-23T04:00:00Z,121,126.44,118.67,123.4,14219,220,122.386
2020-06-24T04:00:00Z,124.22,124.22,116.42,117.81,7666,249,118.917
2020-06-25T04:00:00Z,115.16,121.79,115.16,119,7922,238,119.808
2020-06-26T04:00:00Z,116.5,117.13,111.43,113.93,33070,382,114.116
2020-06-29T04:00:00Z,116.8,120.44,116,117.85,8164,261,117.739
2020-06-30T04:00:00Z,117,121.5,117,121.32,8289,188,120.115
2020-07-01T04:00:00Z,122.34,123.123,116.43,116.43,8112,214,119.634
2020-07-02T04:00:00Z,118,120.94,117.27,117.27,3581,149,118.674
2020-07-06T04:00:00Z,121.065,121.8,118.444,121.8,5977,251,120.46
2020-07-07T04:00:00Z,119,119,116.15,116.15,3837,191,117.054
2020-07-08T04:00:00Z,116.43,116.5,116,116,2171,76,116.142
2020-07-09T04:00:00Z,116.01,116.14,109.69,110.5,6526,293,111.869
2020-07-10T04:00:00Z,113.02,114.93,112.01,114.86,5589,166,113.44
2020-07-13T04:00:00Z,115.42,117.679,114,115,5999,563,115.814
2020-07-14T04:00:00Z,115,120.13,115,119.4,14476,200,117.947
2020-07-15T04:00:00Z,122.5,123.73,118.19,120.45,12653,413,121.217
2020-07-16T04:00:00Z,120.46,122.02,119.45,119.45,5766,129,120.652
2020-07-17T04:00:00Z,118.85,124.75,118.85,122.01,3546,288,121.362
2020-07-20T04:00:00Z,121.6,123.2,121.6,123.2,2381,113,122.598
2020-07-21T04:00:00Z,127.34,128.871,126.64,128.4,4261,150,127.55
2020-07-22T04:00:00Z,128.13,128.13,124.219,124.64,2332,59,125.319
2020-07-23T04:00:00Z,123.51,127,123.51,124.5,2452,83,125.327
2020-07-24T04:00:00Z,125.31,125.31,121.5,121.66,4241,99,121.987
2020-07-27T04:00:00Z,123.57,125.685,121.45,123.9,1881,78,123.484
2020-07-28T04:00:00Z,123.87,123.87,119.89,119.89,2905,149,121.322
2020-07-29T04:00:00Z,122.34,122.34,118.276,121.08,3622,147,120.542
2020-07-30T04:00:00Z,121,121,116.15,119.06,10176,275,118.996
2020-07-31T04:00:00Z,119.35,121.625,115.08,115.08,7483,212,116.763
2020-08-03T04:00:00Z,119,121.63,116,119.79,12526,308,119.188
2020-08-04T04:00:00Z,122.63,125.504,120.899,121.85,3498,134,122.073
2020-08-05T04:00:00Z,122.58,124,122.22,124,2481,104,123.33
2020-08-06T04:00:00Z,124.36,124.36,124.36,124.36,747,37,124.36
2020-08-07T04:00:00Z,125.1,128.84,125.1,127.95,5598,197,126.905
2020-08-10T04:00:00Z,129.01,131.96,129.01,129.86,2898,96,130.798
2020-08-11T04:00:00Z,129.6,135.04,129.6,133.32,7669,208,133.238
2020-08-12T04:00:00Z,134.69,134.69,133.75,133.9,2564,73,134.188
2020-08-13T04:00:00Z,135.64,135.64,131.035,132.21,4392,147,133.044
2020-08-14T04:00:00Z,128.01,131.7,128.01,131.62,1401,59,130.784
2020-08-17T04:00:00Z,131.18,134.52,131.18,132.51,1970,61,132.385
2020-08-18T04:00:00Z,132.51,132.51,132.51,132.51,0,0,0
2020-08-19T04:00:00Z,133.332,133.78,132.13,132.75,2636,182,133.114
2020-08-20T04:00:00Z,132.63,133.99,131.24,133.99,4431,89,132.735
2020-08-21T04:00:00Z,132.32,138.049,131.61,135.35,6988,198,134.321
2020-08-24T04:00:00Z,135.35,139.99,134.8,136.75,6789,170,137.076
2020-08-25T04:00:00Z,138.2,138.645,136.5,137.72,7832,266,137.253
2020-08-26T04:00:00Z,134.07,137,131.64,136.06,8300,207,135.234
2020-08-27T04:00:00Z,136.06,137.866,136.06,136.65,4939,128,136.76
2020-08-28T04:00:00Z,138.254,139.52,137.755,138.3,2340,117,138.411
2020-08-31T04:00:00Z,138,139.153,136.06,136.06,2731,83,136.874
2020-09-01T04:00:00Z,138.04,138.04,138.04,138.04,1082,47,138.04
2020-09-02T04:00:00Z,137.36,138.27,137.36,138.27,2651,176,138.029
2020-09-03T04:00:00Z,136.09,139,136.09,136.41,3414,128,137.004
2020-09-04T04:00:00Z,136.11,136.94,132.09,135.8,11538,301,134.969
2020-09-08T04:00:00Z,134.42,134.42,131.02,132.6,1624,88,133.206
2020-09-09T04:00:00Z,132.05,135.1,131.94,134.1,6278,189,133.79
2020-09-10T04:00:00Z,133.74,135.01,133.25,134.7,3604,112,134.192
2020-09-11T04:00:00Z,132.87,136.26,132.87,134,5580,144,134.653
2020-09-14T04:00:00Z,133.06,138,133.06,138,14540,358,136.543
2020-09-15T04:00:00Z,138,138.2,135.22,136.04,11593,304,136.613
2020-09-16T04:00:00Z,136,141.427,135.61,137.43,10654,381,138.2
2020-09-17T04:00:00Z,137.5,139.4,136.676,138.9,11939,369,138.764
2020-09-18T04:00:00Z,139.71,139.71,136.67,137,12896,214,137.977
2020-09-21T04:00:00Z,134.25,134.25,131.12,132.21,4913,155,132.288
2020-09-22T04:00:00Z,132.18,137,132.06,137,26738,660,134.016
2020-09-23T04:00:00Z,136.9,138.5,130.33,133.13,31511,559,135.666
2020-09-24T04:00:00Z,133.93,137.85,133.93,136.41,18140,341,136.519
2020-09-25T04:00:00Z,135.2,138,135.04,135.35,15828,344,136.135
2020-09-28T04:00:00Z,136.06,138.3,135.15,135.15,6271,192,136.37
2020-09-29T04:00:00Z,135.79,135.81,134.92,134.92,1821,90,135.507
2020-09-30T04:00:00Z,135.14,135.14,129.79,130.06,8418,233,131.826
2020-10-01T04:00:00Z,131.2,134.01,129.85,134.01,11679,314,131.217
2020-10-02T04:00:00Z,133.46,138.13,133.46,137.85,8997,350,136.615
2020-10-05T04:00:00Z,139.5,141.93,135,138,12069,277,138.02
2020-10-06T04:00:00Z,136.44,138.5,135.91,136.35,5680,142,137.018
2020-10-07T04:00:00Z,140.12,140.12,137.04,139.85,8136,227,138.854
2020-10-08T04:00:00Z,139.8,143.99,139.8,142.83,5256,228,141.898
2020-10-09T04:00:00Z,143.93,150.32,143.93,149.5,16769,464,147.866
2020-10-12T04:00:00Z,151.5,154.58,150.68,153.1,3173,96,152.294
2020-10-13T04:00:00Z,152,154.29,150.46,154.08,3426,119,152.146
2020-10-14T04:00:00Z,153.05,154.1,147.12,154.1,1954,111,150.725
2020-10-15T04:00:00Z,151.43,155.8,151.43,154.7,2411,144,153.527
2020-10-16T04:00:00Z,153.3,154.15,151.11,151.11,5132,178,152.714
2020-10-19T04:00:00Z,152.48,153.586,150.01,150.32,1698,89,150.982
2020-10-20T04:00:00Z,151.75,152,147.89,147.89,2713,118,149.467
2020-10-21T04:00:00Z,146.743,146.743,146.05,146.05,863,54,146.238
2020-10-22T04:00:00Z,146.23,146.23,143.407,144.01,3234,88,144.588
2020-10-23T04:00:00Z,145.3,145.87,143.6,144.32,3804,122,144.671
2020-10-26T04:00:00Z,141.96,142.84,139.17,141.7,3528,117,141.155
2020-10-27T04:00:00Z,143.23,143.23,137.64,139.28,9804,243,140.321
2020-10-28T04:00:00Z,137.3,139.53,135.23,136.43,2603,125,136.925
2020-10-29T04:00:00Z,133.1,139,133.1,138.5,6719,232,135.871
2020-10-30T04:00:00Z,139,139.95,133.52,133.52,7222,207,135.237
2020-11-02T05:00:00Z,134.53,135,131.55,133.39,7332,175,133.452
2020-11-03T05:00:00Z,134.59,143.06,134.59,138.41,11952,269,138.32
2020-11-04T05:00:00Z,143,146.05,141.8,145.5,8665,118,144.007
2020-11-05T05:00:00Z,149.5,155.109,149.5,151.5,15474,260,152.583
2020-11-06T05:00:00Z,150.36,152.09,145.98,146,14892,361,148.962
2020-11-09T05:00:00Z,154.19,157.83,148.75,148.75,14237,499,151.711
2020-11-10T05:00:00Z,152.51,159.87,152.51,158.64,16881,592,157.473
2020-11-11T05:00:00Z,161.94,163.53,160.1,163.53,8822,175,161.723
2020-11-12T05:00:00Z,164.2,168.432,157.5,158.25,22116,430,161.09
2020-11-13T05:00:00Z,161.99,164.78,161.99,163.42,4896,216,163.271
2020-11-16T05:00:00Z,165.62,173.8,165.2,171.82,8662,249,170.706
2020-11-17T05:00:00Z,171,174.433,168.725,172.45,6463,186,171.732
2020-11-18T05:00:00Z,173.97,174.01,170.12,171.96,6591,199,172.546
2020-11-19T05:00:00Z,171.8,177.475,170.95,175.01,10900,148,172.524
2020-11-20T05:00:00Z,174.31,179.5,173.25,175.88,7042,209,175.198
2020-11-23T05:00:00Z,176.717,186.1,176.717,183.65,11729,310,181.834
2020-11-24T05:00:00Z,187.7,194.259,184.04,188.9,14105,468,189.053
2020-11-25T05:00:00Z,193.292,193.292,186.45,188.03,11438,414,188.621
2020-11-27T05:00:00Z,190.69,191.975,189.403,189.9,19795,489,190.067
2020-11-30T05:00:00Z,178.78,178.78,170,170,16462,357,174.523
2020-12-01T05:00:00Z,172.95,174,158.84,160,14206,368,164.622
2020-12-02T05:00:00Z,157.79,161.02,153.899,158.3,5901,156,157.777
2020-12-03T05:00:00Z,160,160.823,157.721,159.95,4654,147,159.927
2020-12-04T05:00:00Z,158.65,158.65,155.72,157.9,4252,116,157.719
2020-12-07T05:00:00Z,155.597,156.797,151.92,152.15,5006,221,153.27
2020-12-08T05:00:00Z,153.95,154.66,151.85,154.38,8812,216,153.872
2020-12-09T05:00:00Z,154.04,154.51,153.3,153.3,4361,119,153.77
2020-12-10T05:00:00Z,153.46,156.65,153,153.61,2462,109,155.147
2020-12-11T05:00:00Z,155.8,155.8,153.21,154.9,1982,95,154.634
2020-12-14T05:00:00Z,156.355,156.355,152.6,152.6,4292,175,154.375
2020-12-15T05:00:00Z,156.24,161.4,154.92,161.05,6371,192,157.543
2020-12-16T05:00:00Z,163.8,165.136,159.34,162.51,8353,227,162.765
2020-12-17T05:00:00Z,164,165,161.07,163.4,3486,112,162.823
2020-12-18T05:00:00Z,164.4,164.4,155.21,155.21,16404,160,159.466
2020-12-21T05:00:00Z,154,158.55,154,157.5,4746,170,156.031
2020-12-22T05:00:00Z,157.01,157.146,155.13,156.21,5621,155,156.201
2020-12-23T05:00:00Z,159.917,159.917,156.09,156.09,2314,73,157.343
2020-12-24T05:00:00Z,155.54,156.082,154.59,154.59,1496,50,155.097
2020-12-28T05:00:00Z,156.6,157.05,154.41,154.41,6522,139,155.884
2020-12-29T05:00:00Z,154.5,156,152.6,155.79,2857,100,155.277
2020-12-30T05:00:00Z,156.897,157.166,150.03,155.03,10016,171,153.26
2020-12-31T05:00:00Z,153.986,155.64,153,153,3663,96,153.899
2021-01-04T05:00:00Z,155.43,155.43,145.59,148.995,10013,196,149.663
2021-01-05T05:00:00Z,151.925,152,150.01,150.01,4221,140,150.95
2021-01-06T05:00:00Z,150.12,156,150.12,153,5866,205,154.107
2021-01-07T05:00:00Z,154,155.01,152,152.01,3220,88,152.925
2021-01-08T05:00:00Z,150.25,150.38,147.51,147.51,2749,108,148.921
2021-01-11T05:00:00Z,150.113,151.01,150.113,150.8,2251,123,150.655
2021-01-12T05:00:00Z,151.61,152.17,148.01,150.75,3691,102,150.737
2021-01-13T05:00:00Z,151.747,152,149.49,149.49,4561,117,150.183
2021-01-14T05:00:00Z,149.22,152.18,148.06,151.1,5002,125,150.547
2021-01-15T05:00:00Z,148.39,148.39,145.964,148.36,5149,119,147.669
2021-01-19T05:00:00Z,149,149,146.19,146.24,3032,92,146.545
2021-01-20T05:00:00Z,148.565,152.958,146.69,147.6,3938,161,149.163
2021-01-21T05:00:00Z,148.03,150.37,146.66,146.66,3266,116,147.769
2021-01-22T05:00:00Z,148,150.49,146.045,150.49,2959,85,150.046
2021-01-25T05:00:00Z,149.16,150.95,144.01,145.3,5490,178,147.067
2021-01-26T05:00:00Z,146.01,147.5,145,146.53,4296,145,145.96
2021-01-27T05:00:00Z,145.86,147.55,140.25,141.57,11546,291,143.154
2021-01-28T05:00:00Z,144.675,147.15,141.21,142.78,9778,215,144.527
2021-01-29T05:00:00Z,142.78,144.79,142,143,4424,116,143.366
2021-02-01T05:00:00Z,145.5,145.5,142,143.86,2568,95,143.77
2021-02-02T05:00:00Z,146.975,149.49,144.4,145.1,3053,105,146.54
2021-02-03T05:00:00Z,146.545,147.4,144.89,147,3733,138,146.395
2021-02-04T05:00:00Z,147.99,157,147.99,157,3500,126,153.588
2021-02-05T05:00:00Z,160.1,160.82,159.825,160.82,1882,98,160.591
2021-02-08T05:00:00Z,158.57,161,156.01,160.9,3803,133,159.845
2021-02-09T05:00:00Z,159.747,163,159.747,163,2809,83,161.052
2021-02-10T05:00:00Z,163,163,159.89,159.89,2196,56,161.61
2021-02-11T05:00:00Z,161.85,162.695,158.5,158.5,4536,153,160.618
2021-02-12T05:00:00Z,162.01,163.26,162,162.25,2117,87,162.449
2021-02-16T05:00:00Z,164.58,166.93,162,162,6155,135,163.874
2021-02-17T05:00:00Z,165.65,166.5,163.03,163.56,4372,195,164.238
2021-02-18T05:00:00Z,161,162.25,158.29,160,4679,85,160.122
2021-02-19T05:00:00Z,161.55,164.317,161.32,163.77,8664,188,162.948
2021-02-22T05:00:00Z,164,164,159.57,160.7,5266,109,161.596
2021-02-23T05:00:00Z,161,161,160,161,5484,168,160.798
2021-02-24T05:00:00Z,161.02,162.5,161,161,3441,160,161.744
2021-02-25T05:00:00Z,159.52,163.35,158.1,158.1,2255,91,159.796
2021-02-26T05:00:00Z,156.571,157.54,151.77,151.77,3822,103,153.523
2021-03-01T05:00:00Z,159.91,159.92,156,156,2828,113,157.073
2021-03-02T05:00:00Z,158.23,159.865,156.537,157.58,5027,136,157.464
2021-03-03T05:00:00Z,157.775,163.31,157.775,162.03,3843,134,160.264
2021-03-04T05:00:00Z,162.12,162.12,158.5,159.385,5183,172,159.959
2021-03-05T05:00:00Z,162.75,162.75,159,159.8,6776,223,160.139
2021-03-08T05:00:00Z,161,162,159.17,159.17,5661,145,160.135
2021-03-09T05:00:00Z,158.5,161.11,158.5,161.11,1393,64,160.722
2021-03-10T05:00:00Z,159.875,166.16,158.6,165.94,3878,152,164.416
2021-03-11T05:00:00Z,165.53,169.8,165.53,169.8,7867,184,168.382
2021-03-12T05:00:00Z,170,171.6,168.4,171.6,7337,154,170.422
2021-03-15T04:00:00Z,171.71,172.45,166.075,172.45,2558,128,171.904
2021-03-16T04:00:00Z,170.13,170.13,169.95,169.95,1901,87,169.975
2021-03-17T04:00:00Z,171.4,171.63,166.67,168.18,3352,170,169.24
2021-03-18T04:00:00Z,173.5,173.5,169.73,170,3977,97,170.133
2021-03-19T04:00:00Z,172.58,172.58,166.875,168.15,16477,198,170.46
2021-03-22T04:00:00Z,168.03,168.09,165.13,165.13,6508,165,165.993
2021-03-23T04:00:00Z,169,169,163.37,163.37,2627,133,164.689
2021-03-24T04:00:00Z,166,166.3,166,166.3,1986,107,166.258
2021-03-25T04:00:00Z,166.1,166.1,164.1,165.83,2225,115,165.517
2021-03-26T04:00:00Z,166,170.99,166,168.97,2181,117,168.235
2021-03-29T04:00:00Z,168.73,170,166.04,167.1,4191,110,167.432
2021-03-30T04:00:00Z,166.95,166.95,166,166,1854,121,166.379
2021-03-31T04:00:00Z,166,167.47,165.15,166,8956,470,166.103
2021-04-01T04:00:00Z,166.87,166.87,166.87,166.87,1266,147,166.87
2021-04-05T04:00:00Z,168.75,168.75,166.13,167.93,3635,205,166.459
2021-04-06T04:00:00Z,166.01,169,166.01,168.6,1779,207,168.162
2021-04-07T04:00:00Z,168.5,168.8,167,167,2555,89,167.555
2021-04-08T04:00:00Z,166.875,166.875,166.875,166.875,721,50,166.875
2021-04-09T04:00:00Z,164.54,168.091,164.54,166.29,2791,130,166.496
2021-04-12T04:00:00Z,163.85,168.385,163.85,165,4883,179,164.221
2021-04-13T04:00:00Z,163.345,165.005,162.34,164.1,3958,253,164.14
2021-04-14T04:00:00Z,169.2,169.2,164.21,164.21,1384,141,165.895
2021-04-15T04:00:00Z,165,169,165,167.4,1801,71,167.031
2021-04-16T04:00:00Z,169.22,170,164.11,169.55,4145,149,168.713
2021-04-19T04:00:00Z,169.047,169.047,166.02,166.55,2042,96,167.259
2021-04-20T04:00:00Z,164.55,164.67,164.33,164.33,2792,204,164.467
2021-04-21T04:00:00Z,161.55,167.59,161.55,164.31,1669,116,165.194
2021-04-22T04:00:00Z,164.84,168.29,164.31,164.5,2299,104,165.276
2021-04-23T04:00:00Z,164.78,166.1,164.78,166.1,1266,166,165.882
2021-04-26T04:00:00Z,167,171.42,167,171.42,2401,96,169.123
2021-04-27T04:00:00Z,171.4,171.4,167.619,171.2,2742,129,169.789
2021-04-28T04:00:00Z,171.96,176.22,171.96,173.13,4834,324,173.567
2021-04-29T04:00:00Z,170.63,176.5,170.63,176.5,4453,256,175.711
2021-04-30T04:00:00Z,176.24,177,173.14,176.43,5429,489,176.151
2021-05-03T04:00:00Z,177.56,182,177.56,179.76,4825,300,180.008
2021-05-04T04:00:00Z,177.96,177.97,176.03,176.03,1963,280,177.006
2021-05-05T04:00:00Z,176,182.949,176,182.71,6984,403,180.483
2021-05-06T04:00:00Z,185,185,178.84,184.26,5002,255,184.125
2021-05-07T04:00:00Z,182.37,187.99,182.37,187.99,4292,317,185.21
2021-05-10T04:00:00Z,189,189,185.51,185.51,2914,252,186.959
2021-05-11T04:00:00Z,184.5,184.5,178.13,178.19,3991,254,180.816
2021-05-12T04:00:00Z,180.36,185,180.36,181.13,4399,294,182.041
2021-05-13T04:00:00Z,182,182,179.61,181.32,2385,172,181.529
2021-05-14T04:00:00Z,179.96,187.61,179.96,180.98,2208,327,182.143
2021-05-17T04:00:00Z,181.317,183.68,181.317,183.04,1795,97,182.393
2021-05-18T04:00:00Z,182.921,184.995,182.523,184.26,5194,347,183.621
2021-05-19T04:00:00Z,182,184.09,181.281,181.76,2745,109,182.718
2021-05-20T04:00:00Z,182.018,183.21,182.018,183.21,1522,195,182.915
2021-05-21T04:00:00Z,184.88,186,183.5,184.39,6667,327,184.281
2021-05-24T04:00:00Z,184.47,184.47,178.48,179,4574,359,180.11
2021-05-25T04:00:00Z,177.9,178.21,174,174,2852,126,175.319
2021-05-26T04:00:00Z,174.05,178.2,174.05,178.2,1963,113,177.193
2021-05-27T04:00:00Z,176,179.78,176,179.78,1038,71,179.056
2021-05-28T04:00:00Z,180.17,180.2,176.02,177.84,5403,174,178.131
2021-06-01T04:00:00Z,178,178,174.22,175.35,4661,141,175.787
2021-06-02T04:00:00Z,175,176.7,174.505,174.79,7617,193,175.199
2021-06-03T04:00:00Z,177.36,177.36,175,175.43,2748,141,176.152
2021-06-04T04:00:00Z,177,179,176.975,177.5,4037,120,177.669
2021-06-07T04:00:00Z,179.19,179.19,175.68,177.88,1897,156,177.943
2021-06-08T04:00:00Z,177,177,176.51,176.51,1505,91,176.662
2021-06-09T04:00:00Z,176.22,176.22,176.22,176.22,1166,57,176.22
2021-06-10T04:00:00Z,176.2,176.2,174.57,175.06,2965,127,175.322
2021-06-11T04:00:00Z,174.767,174.767,173.1,174.32,3113,138,173.83
2021-06-14T04:00:00Z,173.89,175.6,172.876,173.9,2714,105,174.444
2021-06-15T04:00:00Z,172.25,174.6,170,173.95,3694,120,173.06
2021-06-16T04:00:00Z,171.425,172,168.95,168.95,6070,94,169.508
2021-06-17T04:00:00Z,168.9,170.14,167.52,170.14,1998,103,169.61
2021-06-18T04:00:00Z,166.9,170.34,166.9,170.34,9553,176,168.457
2021-06-21T04:00:00Z,171,171,169,169,6267,184,169.964
2021-06-22T04:00:00Z,170.37,170.78,168.445,170.56,3397,205,169.961
2021-06-23T04:00:00Z,171.5,173,171.5,172.26,4154,166,172.325
2021-06-24T04:00:00Z,173.65,174.2,170.68,174.2,2021,89,173.71
2021-06-25T04:00:00Z,170.02,174.38,170.02,170.6,26381,166,170.67
2021-06-28T04:00:00Z,175,175,171.02,172,3572,165,172.51
2021-06-29T04:00:00Z,172.055,172.055,172.055,172.055,1071,55,172.055
2021-06-30T04:00:00Z,170.49,176.42,170.49,174.63,4650,222,174.487
2021-07-01T04:00:00Z,176.32,176.32,173.98,175.815,5498,154,175.824
2021-07-02T04:00:00Z,177.76,177.76,173.17,173.17,1323,61,173.685
2021-07-06T04:00:00Z,173.515,173.515,173.315,173.315,2416,95,173.371
2021-07-07T04:00:00Z,172.05,177.02,170.04,173.055,2055,107,173.085
2021-07-08T04:00:00Z,173.03,173.03,168.58,168.58,3253,125,169.606
2021-07-09T04:00:00Z,170.84,173.04,170.501,171.1,2287,59,171.29
2021-07-12T04:00:00Z,171,171.81,170.57,171.81,2335,80,171.351
2021-07-13T04:00:00Z,171.81,172.62,170.5,170.5,3306,90,170.947
2021-07-14T04:00:00Z,170.6,170.68,169.39,169.39,5916,111,169.824
2021-07-15T04:00:00Z,170.469,170.469,168.18,168.66,3124,117,169.123
2021-07-16T04:00:00Z,170,171.255,168.66,168.66,2768,84,169.455
2021-07-19T04:00:00Z,170.48,170.48,166.75,169.71,2693,121,169.313
2021-07-20T04:00:00Z,169.73,172.18,166.01,166.01,6982,306,166.981
2021-07-21T04:00:00Z,166.97,169.94,166.97,167.13,1814,88,167.399
2021-07-22T04:00:00Z,169.399,169.399,168.06,168.06,2549,92,168.291
2021-07-23T04:00:00Z,166.51,169.951,166.51,168.2,1790,58,168.316
2021-07-26T04:00:00Z,167.915,167.915,166.17,167.36,2931,114,167.151
2021-07-27T04:00:00Z,166.86,166.86,166.86,166.86,1742,63,166.86
2021-07-28T04:00:00Z,166.2,167.74,166.2,167.59,1952,90,167.232
2021-07-29T04:00:00Z,168.705,168.705,167.6,167.65,1590,85,167.779
2021-07-30T04:00:00Z,166.53,166.53,166.53,166.53,1414,92,166.53
2021-08-02T04:00:00Z,168.25,168.5,165.12,165.12,1349,114,166.496
2021-08-03T04:00:00Z,168.49,170.16,165.82,166.1,3318,118,167.38
2021-08-04T04:00:00Z,170.99,179.81,170.99,179.81,7778,242,174.666
2021-08-05T04:00:00Z,180.01,184.451,175.55,181.16,5830,226,179.691
2021-08-06T04:00:00Z,179.3,181.19,178.34,179.39,3283,169,179.751
2021-08-09T04:00:00Z,177.59,185.519,177.59,185.519,2417,168,181.258
2021-08-10T04:00:00Z,187.25,187.46,184.1,184.1,1701,98,185.77
2021-08-11T04:00:00Z,186.48,192.38,186.48,191.45,10757,326,190.838
2021-08-12T04:00:00Z,191.05,191.138,189.301,190.98,4002,120,190.666
2021-08-13T04:00:00Z,191,192.445,187.13,187.13,4869,245,189.958
2021-08-16T04:00:00Z,189,190.72,185.39,189.55,7089,193,188.257
2021-08-17T04:00:00Z,188.2,192,188.2,189.99,3489,138,190.586
2021-08-18T04:00:00Z,194.38,194.39,187.04,187.04,5602,201,190.088
2021-08-19T04:00:00Z,187.18,188.6,185.7,188,4665,149,186.852
2021-08-20T04:00:00Z,186.42,188.3,179.89,179.89,12614,250,181.531
2021-08-23T04:00:00Z,182.6,188.5,182.5,186.99,9597,310,184.996
2021-08-24T04:00:00Z,185.41,185.41,185.41,185.41,1102,71,185.41
2021-08-25T04:00:00Z,185.567,186.36,185.567,186.36,1609,117,186.252
2021-08-26T04:00:00Z,187.37,188,183.01,187.43,2298,132,187.164
2021-08-27T04:00:00Z,187.43,190.5,184.11,190.5,8247,187,188.745
2021-08-30T04:00:00Z,188.5,192.4,188.5,190,7261,175,190.678
2021-08-31T04:00:00Z,190.63,191.86,189.76,191.86,7393,199,191.197
2021-09-01T04:00:00Z,189.67,189.67,189.67,189.67,535,51,189.67
2021-09-02T04:00:00Z,189,193.23,186.71,190.48,6258,216,190.961
2021-09-03T04:00:00Z,190.12,192.105,187.011,191.64,2212,147,190.523
2021-09-07T04:00:00Z,191.9,192,190,192,3396,228,190.991
2021-09-08T04:00:00Z,191.4,191.4,187.321,187.4,4910,172,189.319
2021-09-09T04:00:00Z,186.27,191.493,186.27,187.52,5329,177,188.651
2021-09-10T04:00:00Z,186.06,186.719,184,185.05,5553,191,185.613
2021-09-13T04:00:00Z,186.78,186.9,186.75,186.75,1012,85,186.803
2021-09-14T04:00:00Z,185.05,185.835,180.7,180.86,6726,203,182.297
2021-09-15T04:00:00Z,181.02,183.58,179.6,183,6794,206,181.242
2021-09-16T04:00:00Z,181.5,183.68,181.5,183.68,2384,100,183.304
2021-09-17T04:00:00Z,184,186.91,182.18,183,15579,158,183.211
2021-09-20T04:00:00Z,187.77,187.77,181.185,182.98,8774,300,182.857
2021-09-21T04:00:00Z,184.39,185.22,183.1,184.33,1785,99,184.199
2021-09-22T04:00:00Z,183.84,185,183.84,184.33,1658,127,184.415
2021-09-23T04:00:00Z,185.78,185.78,185.78,185.78,1098,86,185.78
2021-09-24T04:00:00Z,187.3,188.57,187.3,188.57,2069,142,188.36
2021-09-27T04:00:00Z,191,191,187.96,187.96,2153,102,188.911
2021-09-28T04:00:00Z,186,187.3,181.5,185.56,5578,199,184.639
2021-09-29T04:00:00Z,184.79,187,184.79,187,1146,49,186.641
2021-09-30T04:00:00Z,187,187,182.521,182.6,1357,63,183.17
2021-10-01T04:00:00Z,184.3,184.413,182.82,183.79,3285,120,183.895
2021-10-04T04:00:00Z,183.52,183.52,183.52,183.52,1919,129,183.52
2021-10-05T04:00:00Z,186.159,186.16,185.94,185.94,1987,221,185.992
2021-10-06T04:00:00Z,187.06,187.66,186,186,1213,50,186.757
2021-10-07T04:00:00Z,190.55,190.55,188.155,189.38,3100,101,189.221
2021-10-08T04:00:00Z,189.64,189.64,189.64,189.64,605,32,189.64
2021-10-11T04:00:00Z,189.64,191,188,190.14,3111,152,189.979
2021-10-12T04:00:00Z,185.25,189.45,185.25,187.6,1515,52,186.908
2021-10-13T04:00:00Z,188.02,190,184.395,186.1,12028,181,186.923
2021-10-14T04:00:00Z,190.9,190.9,187.6,187.6,2449,102,188.435
2021-10-15T04:00:00Z,189.85,190.875,189.3,189.3,3374,130,189.674
2021-10-18T04:00:00Z,189.3,189.3,189.3,189.3,0,0,0
2021-10-19T04:00:00Z,190.88,191.98,190.88,191.98,1291,62,191.694
2021-10-20T04:00:00Z,192,193,191.99,193,3475,129,192.396
2021-10-21T04:00:00Z,194.88,198,183.13,185.02,10457,283,191.013
2021-10-22T04:00:00Z,184.39,190.52,184.39,186.4,2560,204,186.327
2021-10-25T04:00:00Z,186.8,189.48,186.4,189.48,5660,113,187.257
2021-10-26T04:00:00Z,191.68,191.68,191.68,191.68,1506,70,191.68
2021-10-27T04:00:00Z,194.01,194.01,191.01,191.01,1355,211,191.695
2021-10-28T04:00:00Z,197.178,197.178,190.8,190.8,956,175,193.851
2021-10-29T04:00:00Z,197.99,197.99,193.8,193.8,1643,89,194.257
2021-11-01T04:00:00Z,195,196.41,193,196.41,6389,196,195.065
2021-11-02T04:00:00Z,197.96,204.99,197.96,202.7,5209,189,201.57
2021-11-03T04:00:00Z,203,208.05,203,208.05,2439,211,205.69
2021-11-04T04:00:00Z,209,219.75,209,218.46,4700,277,215.55
2021-11-05T04:00:00Z,219.99,229,219.99,229,4772,274,227.124
2021-11-08T05:00:00Z,229.071,229.81,228,229.81,3537,207,229.086
2021-11-09T05:00:00Z,232.06,235.99,232.06,233,5623,361,233.293
2021-11-10T05:00:00Z,234,237.95,232.41,234.4,9383,286,235.31
2021-11-11T05:00:00Z,234.5,239.28,234.5,239.28,3969,181,235.249
2021-11-12T05:00:00Z,237.1,237.1,235.28,236.18,2814,173,236.195
2021-11-15T05:00:00Z,235.13,237.8,235.13,237.8,6417,242,236.199
2021-11-16T05:00:00Z,238.2,248,238.2,243.71,9246,342,243.132
2021-11-17T05:00:00Z,246.725,246.725,244.65,244.65,3795,240,245.789
2021-11-18T05:00:00Z,247.36,247.36,237.989,243.8,5342,295,242.768
2021-11-19T05:00:00Z,243.5,244,241.24,241.24,4212,262,242.373
2021-11-22T05:00:00Z,243.12,245,243.01,243.01,3131,188,243.622
2021-11-23T05:00:00Z,241.95,244.5,241.95,244.47,5280,246,243.813
2021-11-24T05:00:00Z,243.16,245,243,245,4705,199,244.282
2021-11-26T05:00:00Z,243.34,243.34,241.49,242.86,4800,233,242.316
2021-11-29T05:00:00Z,243,243,232,233.42,14155,594,237.015
2021-11-30T05:00:00Z,216.7,218.09,209.69,216,7305,344,216.045
2021-12-01T05:00:00Z,214.98,218.115,213.64,215.07,5219,245,214.5
2021-12-02T05:00:00Z,208.328,210,207.5,208.1,2447,120,208.313
2021-12-03T05:00:00Z,208,208,192.695,199.1,5377,232,198.264
2021-12-06T05:00:00Z,197.94,204.4,197.94,204.4,3778,129,202.538
2021-12-07T05:00:00Z,209.89,210.25,209.24,210.25,3135,113,210.054
2021-12-08T05:00:00Z,209.98,212.98,208,212.98,5828,166,210.527
2021-12-09T05:00:00Z,211.06,211.06,211.06,211.06,2919,139,211.06
2021-12-10T05:00:00Z,213.021,214.65,213.021,214.65,1973,105,214.414
2021-12-13T05:00:00Z,214.75,215.01,211.9,211.9,4502,168,212.37
2021-12-14T05:00:00Z,211.98,216.4,211,214.95,6823,167,214.141
2021-12-15T05:00:00Z,217.79,217.79,204,204,15659,383,206.684
2021-12-16T05:00:00Z,206.47,210,201,201,16471,462,202.948
2021-12-17T05:00:00Z,203.43,203.43,192.2,192.2,23043,388,194.219
2021-12-20T05:00:00Z,194.31,194.62,187.12,188.42,14762,447,189.315
2021-12-21T05:00:00Z,192.43,196.51,190.5,190.5,14400,388,191.505
2021-12-22T05:00:00Z,194,194,190,190.38,4645,215,191.21
2021-12-23T05:00:00Z,189.99,197,189.99,194.22,7034,376,193.035
2021-12-27T05:00:00Z,194.54,197.26,193.45,194.87,3172,117,194.96
2021-12-28T05:00:00Z,194.23,197.79,193.5,194.8,4797,196,195.472
2021-12-29T05:00:00Z,195.97,195.97,192.1,194.4,4981,129,193.589
2021-12-30T05:00:00Z,194.44,197.97,191.47,197.09,5788,184,194.737
2021-12-31T05:00:00Z,195.93,197.15,193.811,197.15,2582,153,196.494
2022-01-03T05:00:00Z,202,204.5,200.58,202.3,4637,238,202.119
2022-01-04T05:00:00Z,202.52,206,202.52,202.73,2269,162,203.457
2022-01-05T05:00:00Z,204,213.445,204,209.12,5816,248,208.641
2022-01-06T05:00:00Z,210.99,212.84,207.25,208.9,5453,227,210.625
2022-01-07T05:00:00Z,209,210.25,208.078,209.82,2899,184,209.349
2022-01-10T05:00:00Z,210.88,210.88,206.815,209.8,1560,162,209.687
2022-01-11T05:00:00Z,209.75,210.57,206.293,210.57,5684,233,208.983
2022-01-12T05:00:00Z,209.4,211.99,207.05,207.05,3953,112,207.723
2022-01-13T05:00:00Z,207.051,207.051,207.051,207.051,900,69,207.051
2022-01-14T05:00:00Z,208.601,208.99,208.601,208.99,910,67,208.93
2022-01-18T05:00:00Z,208.85,211.65,208.07,208.07,2733,164,209.089
2022-01-19T05:00:00Z,208,208.24,199.03,200.99,4788,218,203.02
2022-01-20T05:00:00Z,198.74,203.755,198.74,200.1,1542,83,200.049
2022-01-21T05:00:00Z,200,200.17,193.12,193.12,4026,188,196.824
2022-01-24T05:00:00Z,193,193.5,191.5,192.98,4006,278,192.928
2022-01-25T05:00:00Z,190.25,195.053,189,190.55,4494,205,191.867
2022-01-26T05:00:00Z,193.92,195.99,192.6,193.85,4297,191,193.964
2022-01-27T05:00:00Z,194.53,194.53,194.53,194.53,973,45,194.53
2022-01-28T05:00:00Z,196.42,196.42,196.42,196.42,711,50,196.42
2022-01-31T05:00:00Z,197.66,199.99,197.42,199.99,2624,137,198.991
2022-02-01T05:00:00Z,198.01,202.02,197.31,197.31,4175,165,199.257
2022-02-02T05:00:00Z,200.02,202.79,196.42,199,3207,145,198.72
2022-02-03T05:00:00Z,198.5,198.5,196,196,4135,186,196.94
2022-02-04T05:00:00Z,196.93,196.93,195.5,196.25,1842,91,196.408
2022-02-07T05:00:00Z,193.85,193.85,193.85,193.85,1065,87,193.85
2022-02-08T05:00:00Z,196.85,196.85,195.23,196.85,4859,83,196.637
2022-02-09T05:00:00Z,200.34,200.34,197.5,197.57,2232,234,198.021
2022-02-10T05:00:00Z,194.05,194.05,191.99,193.4,4880,218,193.315
2022-02-11T05:00:00Z,193,196.619,192,192.52,2112,115,193.013
2022-02-14T05:00:00Z,194.919,198,194.919,197.26,2513,133,196.657
2022-02-15T05:00:00Z,197.5,202.02,197.5,202.02,1983,101,200.556
2022-02-16T05:00:00Z,198.75,198.75,198,198.3,1308,99,198.303
2022-02-17T05:00:00Z,194.52,194.52,194.52,194.52,1223,78,194.52
2022-02-18T05:00:00Z,193.82,197.749,193.82,194.84,1331,104,194.746
2022-02-22T05:00:00Z,198,198,195,195,1623,131,196.002
2022-02-23T05:00:00Z,189.5,192.51,189.5,192.51,1926,153,191.628
2022-02-24T05:00:00Z,190.22,190.22,190.22,190.22,1893,198,190.22
2022-02-25T05:00:00Z,197,197,197,197,1132,84,197
2022-02-28T05:00:00Z,194.05,194.05,190,191.55,4405,214,191.99
2022-03-01T05:00:00Z,189,189,187,187,2618,168,187.344
2022-03-02T05:00:00Z,189.2,194.05,189.2,193.95,3315,150,192.429
2022-03-03T05:00:00Z,194.35,194.35,194.35,194.35,962,52,194.35
2022-03-04T05:00:00Z,194.6,194.6,194.6,194.6,672,53,194.6
2022-03-07T05:00:00Z,193.62,193.62,192.48,192.9,1953,233,192.912
2022-03-08T05:00:00Z,192.847,200.946,192.3,196.37,4284,189,195.629
2022-03-09T05:00:00Z,200.87,200.87,195.463,197,2127,100,197.743
2022-03-10T05:00:00Z,198.51,198.51,198.51,198.51,3886,70,198.51
2022-03-11T05:00:00Z,200,200,194.64,194.64,1053,119,196.007
2022-03-14T04:00:00Z,203.48,203.48,198.5,198.5,1338,151,199.373
2022-03-15T04:00:00Z,198.55,198.55,196.5,196.95,1726,129,197.264
2022-03-16T04:00:00Z,202.11,202.11,202.11,202.11,1429,112,202.11
2022-03-17T04:00:00Z,202.44,203.48,199,203.48,2451,142,202.249
2022-03-18T04:00:00Z,198.73,203,198.73,203,8189,131,200.697
2022-03-21T04:00:00Z,203.56,203.95,203.56,203.95,1755,135,203.861
2022-03-22T04:00:00Z,204.98,208.49,204.98,206.2,4016,214,206.905
2022-03-23T04:00:00Z,206.01,206.01,200.42,201.65,4623,231,202.024
2022-03-24T04:00:00Z,204.9,205.02,201.25,202.4,3512,233,203.361
2022-03-25T04:00:00Z,206.989,206.989,206.88,206.88,1389,93,206.896
2022-03-28T04:00:00Z,201.54,201.54,201.54,201.54,1182,112,201.54
2022-03-29T04:00:00Z,204.6,210.04,204.49,208.61,5670,335,206.428
2022-03-30T04:00:00Z,208,210.4,205.541,205.55,2856,143,206.919
2022-03-31T04:00:00Z,203.21,203.21,200.07,203.21,2755,94,202.872
2022-04-01T04:00:00Z,201.81,204.25,201.81,204.25,2075,145,203.912
2022-04-04T04:00:00Z,207,207.89,205.201,205.75,2711,127,206.147
2022-04-05T04:00:00Z,203.13,203.13,203.13,203.13,1264,99,203.13
2022-04-06T04:00:00Z,196.17,197.999,193,196,4571,240,195.862
2022-04-07T04:00:00Z,196.91,197,195,197,1196,95,196.515
2022-04-08T04:00:00Z,195,195,192.001,194.48,1579,93,194.084
2022-04-11T04:00:00Z,190,195,190,194.17,2194,119,192.928
2022-04-12T04:00:00Z,196,196,191.29,192.7,3647,90,193.514
2022-04-13T04:00:00Z,195,196.9,195,196.9,1535,102,196.393
2022-04-14T04:00:00Z,196.86,197.97,194.1,194.1,1464,83,195.748
2022-04-18T04:00:00Z,193,193,190.2,190.2,5116,239,190.619
2022-04-19T04:00:00Z,190.994,193.605,190,192.1,1821,141,191.994
2022-04-20T04:00:00Z,192.21,194.039,190.457,192.48,2105,96,192.262
2022-04-21T04:00:00Z,193.03,193.03,186.55,188.54,4508,153,189.345
2022-04-22T04:00:00Z,188.61,188.62,187.53,187.53,1530,129,187.877
2022-04-25T04:00:00Z,186.512,189.96,186.512,189.96,1619,115,188.922
2022-04-26T04:00:00Z,187.64,187.64,187.64,187.64,1734,126,187.64
2022-04-27T04:00:00Z,188,188.49,185.01,187.8,2041,94,186.966
2022-04-28T04:00:00Z,189.225,190.22,187,189.95,2668,112,189.353
2022-04-29T04:00:00Z,188.31,189.7,187,187.65,3531,91,187.934
2022-05-02T04:00:00Z,191.455,191.455,185.57,185.57,3926,219,186.687
2022-05-03T04:00:00Z,185,186.6,184.18,185,2711,152,185.202
2022-05-04T04:00:00Z,190,190.75,190,190.75,2182,133,190.633
2022-05-05T04:00:00Z,186.74,186.74,181.29,181.48,3275,143,182.823
2022-05-06T04:00:00Z,179.6,179.735,178.53,179.48,1849,125,179.36
2022-05-09T04:00:00Z,175,175,169.365,170.605,2792,195,171.663
2022-05-10T04:00:00Z,170.19,171,162.87,162.87,4773,273,166.412
2022-05-11T04:00:00Z,160.96,163.99,157,157.39,4397,194,159.98
2022-05-12T04:00:00Z,156.96,159,156.96,157.3,4899,227,157.411
2022-05-13T04:00:00Z,160,163.36,159.955,163.36,2529,143,161.847
2022-05-16T04:00:00Z,163.35,163.49,161.23,162.64,2439,172,162.674
2022-05-17T04:00:00Z,166.5,166.9,162,166.9,3366,161,165.726
2022-05-18T04:00:00Z,164.24,164.24,162.05,162.1,2344,201,162.481
2022-05-19T04:00:00Z,162.02,162.02,155.4,155.4,5035,279,158.873
2022-05-20T04:00:00Z,158.5,159.953,152.71,156.24,4511,235,156.319
2022-05-23T04:00:00Z,160.17,160.17,155.42,157.45,1807,214,157.938
2022-05-24T04:00:00Z,157.89,157.89,155.89,157.73,2654,161,157.648
2022-05-25T04:00:00Z,158.75,158.75,158.75,158.75,1442,127,158.75
2022-05-26T04:00:00Z,163,163,161.1,161.1,2713,205,162.124
2022-05-27T04:00:00Z,165.9,165.9,163.01,163.01,1341,122,163.558
2022-05-31T04:00:00Z,163.01,165.93,163.01,165.93,1358,117,165.533
2022-06-01T04:00:00Z,166,166,164.6,164.6,1118,106,165.134
2022-06-02T04:00:00Z,167,167,165.97,166.97,2733,157,166.916
2022-06-03T04:00:00Z,165.86,165.86,165.86,165.86,2129,85,165.86
2022-06-06T04:00:00Z,163.4,163.4,161.88,161.88,1996,154,162.651
2022-06-07T04:00:00Z,162,162,162,162,1735,130,162
2022-06-08T04:00:00Z,159.251,161.93,158.99,158.99,2456,141,160.095
2022-06-09T04:00:00Z,160.02,160.02,158.49,158.49,1976,128,158.793
2022-06-10T04:00:00Z,154.75,154.75,154.75,154.75,1390,127,154.75
2022-06-13T04:00:00Z,151.25,151.25,144.3,146,4839,264,148.705
2022-06-14T04:00:00Z,146,150.05,146,150.05,2178,117,148.168
2022-06-15T04:00:00Z,149.58,155,149,154.5,2543,97,152.863
2022-06-16T04:00:00Z,153.89,153.89,149.394,149.67,2599,148,150.291
2022-06-17T04:00:00Z,151.83,157.35,149,155.41,4350,182,152.904
2022-06-21T04:00:00Z,153.71,157,149.43,152.61,2859,128,152.977
2022-06-22T04:00:00Z,152.69,152.69,152.69,152.69,2962,194,152.69
2022-06-23T04:00:00Z,152.01,153.885,152,153.43,2499,137,152.699
2022-06-24T04:00:00Z,152,157.66,152,157.66,10132,263,157.032
2022-06-27T04:00:00Z,153.78,153.78,153.78,153.78,1926,187,153.78
2022-06-28T04:00:00Z,152.41,152.41,152.41,152.41,1135,116,152.41
2022-06-29T04:00:00Z,152.1,152.1,152.1,152.1,1254,104,152.1
2022-06-30T04:00:00Z,153.915,156.89,153.915,156.89,2053,130,156.596
2022-07-01T04:00:00Z,156.35,156.35,153.81,153.81,1772,185,154.824
2022-07-05T04:00:00Z,152.51,152.51,149.4,149.4,1514,155,150.056
2022-07-06T04:00:00Z,149.49,149.49,149.49,149.49,795,76,149.49
2022-07-07T04:00:00Z,151,151,150.4,150.4,2481,126,150.558
2022-07-08T04:00:00Z,152,152,150.44,150.44,1701,113,150.795
2022-07-11T04:00:00Z,148.71,150,148.5,148.5,2045,175,148.72
2022-07-12T04:00:00Z,148,149.5,144.45,145.55,5291,277,146.691
2022-07-13T04:00:00Z,143.175,145.38,143.075,144.08,2539,94,144
2022-07-14T04:00:00Z,141.45,143.67,141.45,142.25,2207,113,142.274
2022-07-15T04:00:00Z,143,144.52,142.25,142.5,6113,266,142.707
2022-07-18T04:00:00Z,142.5,142.5,137.07,138.3,6051,404,140.466
2022-07-19T04:00:00Z,142.33,142.9,141,141.25,3960,202,141.652
2022-07-20T04:00:00Z,142.55,148.22,142.55,145.9,5355,168,145.481
2022-07-21T04:00:00Z,146.52,147.92,145.27,146.75,2048,81,146.441
2022-07-22T04:00:00Z,143.34,145.58,141.83,142.3,2636,95,143.326
2022-07-25T04:00:00Z,141.493,143.88,140.55,140.55,4800,152,141.619
2022-07-26T04:00:00Z,140,142.08,138.62,138.79,2105,76,140.288
2022-07-27T04:00:00Z,139.25,140,136.71,139.98,3477,120,139.337
2022-07-28T04:00:00Z,141.359,143.605,140.8,143.56,3661,156,142.828
2022-07-29T04:00:00Z,145.95,149,145.95,149,1932,67,147.976
2022-08-01T04:00:00Z,152.88,152.88,149.92,149.92,1782,119,150.811
2022-08-02T04:00:00Z,151.5,152.21,151.5,152.21,3085,354,152.085
2022-08-03T04:00:00Z,152,155.005,152,153.4,5197,558,153.623
2022-08-04T04:00:00Z,157.24,157.24,156.9,156.9,2318,112,157.07
2022-08-05T04:00:00Z,155.02,155.02,140.91,145.99,10604,290,147.378
2022-08-08T04:00:00Z,151.91,159.3,151.325,159.3,2672,133,155.965
2022-08-09T04:00:00Z,161.97,161.97,154.6,156.11,3029,202,157.593
2022-08-10T04:00:00Z,156.47,162,155.95,158.35,6041,164,158.704
2022-08-11T04:00:00Z,163.95,164.39,162.9,162.9,1369,73,163.209
2022-08-12T04:00:00Z,163,168.605,163,167.5,4115,183,166.05
2022-08-15T04:00:00Z,167.178,168.98,167,168.5,3181,117,168.177
2022-08-16T04:00:00Z,167.23,167.7,165.98,166.8,3493,108,166.734
2022-08-17T04:00:00Z,168.31,168.31,162.11,163.53,2147,123,164.176
2022-08-18T04:00:00Z,167.91,167.91,165.3,165.3,887,56,165.851
2022-08-19T04:00:00Z,163.02,165,163.02,165,1566,87,164.052
2022-08-22T04:00:00Z,160.06,160.06,160.06,160.06,2414,111,160.06
2022-08-23T04:00:00Z,157.29,157.46,155.63,155.63,2695,68,156.852
2022-08-24T04:00:00Z,160,160,158.3,158.3,858,85,158.736
2022-08-25T04:00:00Z,160,163.7,160,163.7,1471,75,163.343
2022-08-26T04:00:00Z,162.75,162.75,158.98,162,4104,118,160.759
2022-08-29T04:00:00Z,158,158,156.5,156.62,1909,81,156.877
2022-08-30T04:00:00Z,156.36,156.36,151.135,151.3,2564,105,154.069
2022-08-31T04:00:00Z,151,151,146.745,147.35,1338,86,148.007
2022-09-01T04:00:00Z,145.02,145.02,135.004,137.5,9711,394,138.641
2022-09-02T04:00:00Z,138,140.608,138,138.24,2160,145,138.504
2022-09-06T04:00:00Z,137.65,137.95,133.52,137.11,6421,295,136.257
2022-09-07T04:00:00Z,135.52,140.02,135,140,9306,201,137.18
2022-09-08T04:00:00Z,137.05,147.5,137.05,141,8619,236,142.456
2022-09-09T04:00:00Z,142,147.66,142,144.6,5374,156,144.635
2022-09-12T04:00:00Z,147.45,148,144.63,147.83,3341,124,147.053
2022-09-13T04:00:00Z,145,146.1,142.63,142.63,4474,195,143.904
2022-09-14T04:00:00Z,141.21,147.25,141.21,144.05,6673,145,144.828
2022-09-15T04:00:00Z,145,146,143.58,143.58,5828,180,144.935
2022-09-16T04:00:00Z,142.62,146.64,140.41,146.64,14457,328,145.455
2022-09-19T04:00:00Z,149.49,149.49,143.92,148,2103,191,147.17
2022-09-20T04:00:00Z,145.98,148.34,145.98,148.34,1942,128,147.142
2022-09-21T04:00:00Z,148,148,148,148,1184,79,148
2022-09-22T04:00:00Z,147.99,147.99,143.5,143.5,4495,145,144.992
2022-09-23T04:00:00Z,141.67,143.755,139.02,143.2,6857,207,142.309
2022-09-26T04:00:00Z,144.14,145.285,144.14,144.48,1720,81,144.362
2022-09-27T04:00:00Z,145.3,151.82,142.19,142.19,2421,95,144.299
2022-09-28T04:00:00Z,143.07,145.34,143,144.45,4820,170,144.288
2022-09-29T04:00:00Z,140.02,150.5,140.02,142.65,2615,121,142.948
2022-09-30T04:00:00Z,141,141,141,141,1483,84,141
2022-10-03T04:00:00Z,141.56,145,140.62,144.79,5754,278,144.016
2022-10-04T04:00:00Z,144,144,139.25,141.86,13920,344,141.157
2022-10-05T04:00:00Z,135.791,140.805,135.791,139.9,6268,182,139.209
2022-10-06T04:00:00Z,140.01,140.01,137.11,138.06,3812,106,138.876
2022-10-07T04:00:00Z,135.96,136.5,134.02,136,2980,148,135.604
2022-10-10T04:00:00Z,134.53,137.53,133.55,133.55,2466,159,134.357
2022-10-11T04:00:00Z,134,135.945,132.05,132.05,3802,210,132.789
2022-10-12T04:00:00Z,132,132.96,132,132.96,1488,96,132.759
2022-10-13T04:00:00Z,130.1,133.61,130.1,132.85,4527,169,132.581
2022-10-14T04:00:00Z,133,133,131.1,131.1,2005,141,131.552
2022-10-17T04:00:00Z,133.55,136.3,130.45,134.85,9142,321,133.674
2022-10-18T04:00:00Z,137.3,138.88,134.88,135.99,10399,293,135.748
2022-10-19T04:00:00Z,132.685,133,132.41,132.41,3461,177,132.727
2022-10-20T04:00:00Z,134,134,130.03,130.73,5605,237,131.665
2022-10-21T04:00:00Z,129.75,135,126,126,9501,315,128.508
2022-10-24T04:00:00Z,126.23,128.655,125.8,125.8,5418,121,127.255
2022-10-25T04:00:00Z,127.855,131.98,127.85,131.98,3641,124,130.997
2022-10-26T04:00:00Z,131.395,133.5,131.395,133.17,3579,157,133.005
2022-10-27T04:00:00Z,136,137,136,137,1415,76,136.861
2022-10-28T04:00:00Z,140.56,146.71,140.56,145.86,3800,165,144.999
2022-10-31T04:00:00Z,145.85,146.95,145.85,146.95,1848,94,146.772
2022-11-01T04:00:00Z,147,149.8,147,148.43,2883,92,148.496
2022-11-02T04:00:00Z,148.666,151.29,145.62,145.62,4359,114,148.066
2022-11-03T04:00:00Z,145,147,145,145.495,1541,133,145.76
2022-11-04T04:00:00Z,146.96,152.05,146.96,149.48,5973,209,149.341
2022-11-07T05:00:00Z,148.98,152.48,148.98,152.48,1907,137,150.902
2022-11-08T05:00:00Z,155,155,150.44,150.44,2450,74,152.175
2022-11-09T05:00:00Z,149,153.53,149,149.52,1340,66,149.93
2022-11-10T05:00:00Z,155.42,162.78,155.42,162.78,7061,267,159.698
2022-11-11T05:00:00Z,156,165,156,160,5295,236,161.792
2022-11-14T05:00:00Z,160.25,160.98,158,158,2585,180,159.092
2022-11-15T05:00:00Z,158.99,158.99,156.421,157.31,1690,102,157.334
2022-11-16T05:00:00Z,156,156.01,150,152.64,5553,207,153.791
2022-11-17T05:00:00Z,150.04,150.04,143.79,146.9,8055,317,147.1
2022-11-18T05:00:00Z,148.59,149,144.453,147.31,4916,177,148.03
2022-11-21T05:00:00Z,149.21,149.21,146.4,146.4,1355,111,147.155
2022-11-22T05:00:00Z,146.53,156.78,146.53,153.89,21660,546,151.903
2022-11-23T05:00:00Z,153.27,157.345,152.28,154.4,11498,230,154.835
2022-11-25T05:00:00Z,154.49,156.285,154.49,156.285,2087,61,154.978
2022-11-28T05:00:00Z,156.44,156.44,152.2,152.2,4888,244,154.196
2022-11-29T05:00:00Z,153.91,156.11,152.83,153.7,3085,105,153.844
2022-11-30T05:00:00Z,151.94,159,140.22,153.54,6690,252,151.863
2022-12-01T05:00:00Z,154.62,154.62,151.03,151.03,1905,111,152.021
2022-12-02T05:00:00Z,151.72,153.86,150.5,153.86,4105,150,152.884
2022-12-05T05:00:00Z,152.52,152.975,145.14,146.11,3146,182,148.434
2022-12-06T05:00:00Z,150,150,150,150,7215,161,150
2022-12-07T05:00:00Z,150.7,150.7,150.7,150.7,803,68,150.7
2022-12-08T05:00:00Z,151.9,153.98,151.9,153.98,1440,110,153.328
2022-12-09T05:00:00Z,151.75,151.75,151.75,151.75,819,85,151.75
2022-12-12T05:00:00Z,153.97,153.97,150.383,152.25,1887,88,152.322
2022-12-13T05:00:00Z,155.74,156.95,147.22,147.22,8948,251,148.32
2022-12-14T05:00:00Z,151,152.955,144.06,144.06,7838,229,147.511
2022-12-15T05:00:00Z,143.58,145,138,139.84,6546,200,142.089
2022-12-16T05:00:00Z,136.2,142.3,135,142.3,14723,280,138.368
2022-12-19T05:00:00Z,139.75,146,139.75,144,5198,206,142.84
2022-12-20T05:00:00Z,144.82,148.98,144.82,148,3838,167,146.652
2022-12-21T05:00:00Z,151.2,151.95,150,150.9,3304,87,150.941
2022-12-22T05:00:00Z,149.05,149.05,147.84,147.84,1451,67,147.961
2022-12-23T05:00:00Z,150.47,152.17,148,148,1551,64,149.407
2022-12-27T05:00:00Z,150.1,150.775,145.5,147.55,5245,108,148.863
2022-12-28T05:00:00Z,149.5,151.2,145,145,9827,253,148.191
2022-12-29T05:00:00Z,147.04,148,147.02,148,2159,148,147.794
2022-12-30T05:00:00Z,147.9,148.98,147.5,147.55,2305,76,147.676
2023-01-03T05:00:00Z,146.98,146.98,146.98,146.98,1224,118,146.98
2023-01-04T05:00:00Z,150,150,150,150,1459,79,150
2023-01-05T05:00:00Z,148.27,148.27,148.27,148.27,757,68,148.27
2023-01-06T05:00:00Z,149.103,155.7,149.102,155.7,2405,85,153.461
2023-01-09T05:00:00Z,154.21,154.21,148.7,148.7,3744,190,150.644
2023-01-10T05:00:00Z,151.2,156.5,151.2,156,3609,178,154.814
2023-01-11T05:00:00Z,159.48,159.48,159.48,159.48,856,89,159.48
2023-01-12T05:00:00Z,160,160,158.8,159.44,2515,136,159.491
2023-01-13T05:00:00Z,156.5,160.45,156.001,159.76,5431,263,158.608
2023-01-17T05:00:00Z,161.36,161.36,157.76,157.76,1099,102,158.621
2023-01-18T05:00:00Z,153,153,153,153,1376,83,153
2023-01-19T05:00:00Z,151.17,151.17,144,144.49,3404,212,146.085
2023-01-20T05:00:00Z,146.49,153.48,146.49,153.48,2736,92,149.434
2023-01-23T05:00:00Z,153.5,154.5,153.315,154.5,2000,96,154.108
2023-01-24T05:00:00Z,153.205,153.205,153.03,153.03,1541,56,153.154
2023-01-25T05:00:00Z,154.5,155.99,154.5,155.99,1113,52,155.347
2023-01-26T05:00:00Z,156,157.25,155,156.58,1813,68,156.374
2023-01-27T05:00:00Z,153.8,156.75,153.8,156.75,1265,89,155.52
2023-01-30T05:00:00Z,155.565,158,154,154,1734,126,154.695
2023-01-31T05:00:00Z,157.99,162,157.96,162,2673,165,161.359
2023-02-01T05:00:00Z,163.87,167.84,163.84,164.78,2324,171,164.81
2023-02-02T05:00:00Z,167.55,167.55,164.78,164.78,4010,183,164.951
2023-02-03T05:00:00Z,166,166,158.5,158.5,2395,95,160.272
2023-02-06T05:00:00Z,155,158.45,155,156.54,2102,107,156.219
2023-02-07T05:00:00Z,158,161.6,158,161.6,1977,67,160
2023-02-08T05:00:00Z,155.13,155.13,155.13,155.13,770,56,155.13
2023-02-09T05:00:00Z,155,161.83,154.8,160.02,3663,122,158.407
2023-02-10T05:00:00Z,156.56,156.56,156.56,156.56,3272,103,156.56
2023-02-13T05:00:00Z,159,160.53,159,159.4,1646,96,159.372
2023-02-14T05:00:00Z,161,163.5,154,157.75,3155,161,159.164
2023-02-15T05:00:00Z,161,161,157.75,157.75,1388,106,158.224
2023-02-16T05:00:00Z,160.02,160.48,157.8,160.48,2095,117,159.488
2023-02-17T05:00:00Z,160.57,166,160.57,161.6,2141,78,161.303
2023-02-21T05:00:00Z,162,162.05,155.6,155.6,3645,138,158.859
2023-02-22T05:00:00Z,157.44,157.44,157.44,157.44,1645,99,157.44
2023-02-23T05:00:00Z,159,160.38,159,160.38,2150,102,160.039
2023-02-24T05:00:00Z,159.97,160.6,159.97,160.6,2609,206,160.237
2023-02-27T05:00:00Z,160.6,160.6,160.6,160.6,0,0,0
2023-02-28T05:00:00Z,161.5,163.35,161.5,163.35,2194,89,163.224
2023-03-01T05:00:00Z,163.5,163.5,157.5,157.5,2827,188,159.133
2023-03-02T05:00:00Z,158.25,159.58,158.25,159.58,1522,161,158.768
2023-03-03T05:00:00Z,157.68,159.95,156.66,156.66,3719,112,157.645
2023-03-06T05:00:00Z,158.56,158.56,150.2,150.2,17300,520,150.692
2023-03-07T05:00:00Z,150.99,155,147,147,4238,289,149.232
2023-03-08T05:00:00Z,149.17,149.17,147.93,147.93,2020,180,148.398
2023-03-09T05:00:00Z,145.03,145.1,145.03,145.1,1810,226,145.091
2023-03-10T05:00:00Z,145,145,138.25,143.99,2484,171,143.892
2023-03-13T04:00:00Z,145,145,144.43,144.43,2622,236,144.547
2023-03-14T04:00:00Z,147.12,147.12,147.12,147.12,2176,205,147.12
2023-03-15T04:00:00Z,146.44,147.31,146.44,147.31,2303,191,147.042
2023-03-16T04:00:00Z,144.575,153.81,141.57,147.99,8093,569,147.161
2023-03-17T04:00:00Z,146.58,146.58,140,140,11867,237,142.395
2023-03-20T04:00:00Z,142.42,145.8,142.42,143.3,5632,220,144.071
2023-03-21T04:00:00Z,149.56,150.79,148.6,150.79,2813,204,149.952
2023-03-22T04:00:00Z,149.99,150,146.98,146.98,1726,145,148.153
2023-03-23T04:00:00Z,149.12,149.12,146.351,147.47,2384,169,147.746
2023-03-24T04:00:00Z,144.11,146.74,144.1,146.74,4860,272,145.107
2023-03-27T04:00:00Z,147.96,148.17,147.69,148.17,2779,86,148.053
2023-03-28T04:00:00Z,149.27,149.27,147.89,147.89,1941,134,148.529
2023-03-29T04:00:00Z,145.47,151.03,145.47,151,6725,172,147.223
2023-03-30T04:00:00Z,152.28,152.28,151.64,151.64,797,91,151.795
2023-03-31T04:00:00Z,151,151,151,151,1726,93,151
2023-04-03T04:00:00Z,154.9,154.9,154.9,154.9,1096,135,154.9
2023-04-04T04:00:00Z,151,151,151,151,1211,95,151
2023-04-05T04:00:00Z,150.79,150.79,150.79,150.79,1465,113,150.79
2023-04-06T04:00:00Z,148.85,148.85,148.85,148.85,935,100,148.85
2023-04-10T04:00:00Z,147.25,147.25,147.25,147.25,2382,148,147.25
2023-04-11T04:00:00Z,147,147.2,147,147.2,2114,154,147.157
2023-04-12T04:00:00Z,147.8,147.8,147.8,147.8,957,124,147.8
2023-04-13T04:00:00Z,148.78,148.78,148.78,148.78,1221,88,148.78
2023-04-14T04:00:00Z,149,149.3,149,149.3,1219,69,149.253
2023-04-17T04:00:00Z,150,150,148.2,148.2,1243,104,148.954
2023-04-18T04:00:00Z,149,149,147.15,147.15,1589,154,147.98
2023-04-19T04:00:00Z,147,147.21,147,147.21,1207,112,147.133
2023-04-20T04:00:00Z,147,147.37,145,147.37,5427,194,145.929
2023-04-21T04:00:00Z,145.75,148,145.75,146.64,1885,95,146.458
2023-04-24T04:00:00Z,146.961,146.961,146.74,146.74,1873,86,146.817
2023-04-25T04:00:00Z,147,147.17,147,147.17,758,57,147.117
2023-04-26T04:00:00Z,147,147,147,147,1021,73,147
2023-04-27T04:00:00Z,146.5,148.96,145.03,148.96,3515,129,146.765
2023-04-28T04:00:00Z,148.78,148.78,148.78,148.78,1144,86,148.78
2023-05-01T04:00:00Z,146.25,146.25,146.25,146.25,876,93,146.25
2023-05-02T04:00:00Z,147,147,146.01,146.01,1055,122,146.444
2023-05-03T04:00:00Z,147,150,144.4,144.4,3029,136,146.375
2023-05-04T04:00:00Z,144.64,146.11,143.5,144.7,5340,117,144.531
2023-05-05T04:00:00Z,141.99,146,141.99,146,3716,107,143.446
2023-05-08T04:00:00Z,143.354,144.2,140.842,143.75,2809,121,142.835
2023-05-09T04:00:00Z,143.85,143.85,141.32,141.32,1559,88,143.29
2023-05-10T04:00:00Z,143.84,143.84,143.84,143.84,1365,114,143.84
2023-05-11T04:00:00Z,142.774,142.774,141.63,142.2,1373,130,142.201
2023-05-12T04:00:00Z,143.39,143.39,143.39,143.39,980,97,143.39
2023-05-15T04:00:00Z,144.16,144.16,142.65,142.65,893,86,143.464
2023-05-16T04:00:00Z,140.1,140.1,140.1,140.1,957,93,140.1
2023-05-17T04:00:00Z,141.65,141.65,141.65,141.65,947,67,141.65
2023-05-18T04:00:00Z,141.99,141.99,139.35,139.35,2956,194,140.095
2023-05-19T04:00:00Z,141.24,144.9,141.24,141.5,6062,260,142.893
2023-05-22T04:00:00Z,140.64,142.74,139.6,139.6,7467,429,140.913
2023-05-23T04:00:00Z,139.6,140,137.35,137.7,5876,289,138.346
2023-05-24T04:00:00Z,136.3,139.99,136.02,136.02,2898,322,136.42
2023-05-25T04:00:00Z,136.85,137.01,135.505,137.01,2490,265,136.798
2023-05-26T04:00:00Z,137,137.8,135.7,137.8,1105,68,137.118
2023-05-30T04:00:00Z,138.67,138.67,135.54,135.54,3746,131,137.51
2023-05-31T04:00:00Z,132.55,132.55,132.55,132.55,1167,130,132.55
2023-06-01T04:00:00Z,133.82,134,133.77,133.77,2860,210,133.794
2023-06-02T04:00:00Z,133.8,138.32,133.77,135.1,7934,427,135.146
2023-06-05T04:00:00Z,135.55,136.175,135.55,135.69,1784,146,135.955
2023-06-06T04:00:00Z,136,139.99,136,136.98,5055,355,137.333
2023-06-07T04:00:00Z,137.5,139.95,136.339,137.98,7127,550,137.929
2023-06-08T04:00:00Z,139.875,139.875,138.8,138.8,1814,112,138.976
2023-06-09T04:00:00Z,137.37,137.37,136.37,136.37,1417,130,137.021
2023-06-12T04:00:00Z,137,137,136.1,136.1,2357,281,136.539
2023-06-13T04:00:00Z,137.045,137.99,136.09,136.09,7807,357,136.867
2023-06-14T04:00:00Z,135.66,135.66,135.66,135.66,1643,174,135.66
2023-06-15T04:00:00Z,139.393,139.5,135.5,138.94,3487,288,137.887
2023-06-16T04:00:00Z,139.72,139.97,137,137,3253,289,139.1
2023-06-20T04:00:00Z,138.12,138.6,136.55,136.55,3780,279,137.456
2023-06-21T04:00:00Z,136.5,137.49,136.01,136.05,1865,237,136.535
2023-06-22T04:00:00Z,135.01,135.01,130.97,131.15,3157,269,132.547
2023-06-23T04:00:00Z,132.81,132.85,131.3,131.985,15726,394,132.055
2023-06-26T04:00:00Z,131.67,131.67,131.67,131.67,1289,245,131.67
2023-06-27T04:00:00Z,132.31,133.09,132.31,132.65,2825,175,132.681
2023-06-28T04:00:00Z,134.38,134.38,131,131.9,4247,440,132.095
2023-06-29T04:00:00Z,133.942,138.2,133.942,138.2,5715,461,136.015
2023-06-30T04:00:00Z,139.2,147.73,139.2,146,14493,640,142.492
2023-07-03T04:00:00Z,146.52,147,146.2,147,2529,385,146.522
2023-07-05T04:00:00Z,147,148.81,146.52,147.5,4687,529,147.167
2023-07-06T04:00:00Z,147,150.32,146.7,150.01,7278,719,148.861
2023-07-07T04:00:00Z,149.98,153.245,148.77,150.98,9278,615,150.567
2023-07-10T04:00:00Z,151,151,149.98,150,5213,382,150.313
2023-07-11T04:00:00Z,150,150.96,149.7,150.96,8950,584,150.097
2023-07-12T04:00:00Z,150,150,150,150,2365,427,150
2023-07-13T04:00:00Z,149.43,149.43,149.43,149.43,1425,210,149.43
2023-07-14T04:00:00Z,149.53,151.435,148.33,150,2171,145,149.652
2023-07-17T04:00:00Z,152.11,152.99,150.73,151.1,1978,202,151.705
2023-07-18T04:00:00Z,152.5,152.5,149.01,149.85,3670,198,150.626
2023-07-19T04:00:00Z,151.4,151.4,149.93,150.17,2265,226,150.228
2023-07-20T04:00:00Z,151.005,151.005,150.53,150.53,1700,311,150.695
2023-07-21T04:00:00Z,150.32,150.32,150.24,150.24,1043,194,150.289
2023-07-24T04:00:00Z,151.8,151.8,151.8,151.8,1341,356,151.8
2023-07-25T04:00:00Z,151.58,151.58,151.58,151.58,652,170,151.58
2023-07-26T04:00:00Z,153.48,153.48,153.48,153.48,1379,177,153.48
2023-07-27T04:00:00Z,151,153,150.7,153,5809,299,151.584
2023-07-28T04:00:00Z,152.596,154.02,152.596,154.02,751,70,153.611
2023-07-31T04:00:00Z,156.55,156.55,156.55,156.55,1775,155,156.55
2023-08-01T04:00:00Z,158.65,158.65,158.65,158.65,945,178,158.65
2023-08-02T04:00:00Z,157.61,157.61,157.61,157.61,1011,256,157.61
2023-08-03T04:00:00Z,156.61,156.61,154.02,154.02,1095,267,154.84
2023-08-04T04:00:00Z,156.81,156.81,152.72,152.72,1329,166,154.888
2023-08-07T04:00:00Z,155.4,155.4,153.5,155,1696,250,154.5
2023-08-08T04:00:00Z,156,156,155.15,155.15,1420,232,155.665
2023-08-09T04:00:00Z,156.8,156.8,156,156.34,2249,284,156.336
2023-08-10T04:00:00Z,156.51,157.39,154.245,154.43,2128,252,155.692
2023-08-11T04:00:00Z,151.9,151.9,151.9,151.9,1139,130,151.9
2023-08-14T04:00:00Z,154.03,154.05,152.64,152.64,1075,148,153.328
2023-08-15T04:00:00Z,149.07,149.07,149.07,149.07,832,179,149.07
2023-08-16T04:00:00Z,150.99,150.99,150.99,150.99,1317,157,150.99
2023-08-17T04:00:00Z,151,151.2,149.06,149.06,1766,101,150.078
2023-08-18T04:00:00Z,150.99,152.2,150.99,152.2,3209,126,151.612
2023-08-21T04:00:00Z,152,152,146.75,146.75,4230,212,150.51
2023-08-22T04:00:00Z,149.75,150.99,149.14,149.14,2896,399,149.906
2023-08-23T04:00:00Z,148.485,151.97,146.03,151.65,7492,124,148.318
2023-08-24T04:00:00Z,150.5,150.5,147.9,147.9,10090,351,149.496
2023-08-25T04:00:00Z,149.79,149.79,149.79,149.79,1153,150,149.79
2023-08-28T04:00:00Z,148.5,148.5,148.5,148.5,1424,121,148.5
2023-08-29T04:00:00Z,151.73,151.73,151.73,151.73,711,75,151.73
2023-08-30T04:00:00Z,151.49,152,150.62,151.43,1451,90,151.309
2023-08-31T04:00:00Z,151,151,143.89,143.89,3190,220,147.701
2023-09-01T04:00:00Z,146.06,146.06,146.06,146.06,977,181,146.06
2023-09-05T04:00:00Z,146.23,146.23,146.23,146.23,1760,144,146.23
2023-09-06T04:00:00Z,148.71,148.71,146.8,146.8,2648,299,147.428
2023-09-07T04:00:00Z,147,148.212,147,147,6707,252,147.051
2023-09-08T04:00:00Z,148.08,148.08,148.08,148.08,591,207,148.08
2023-09-11T04:00:00Z,148.24,148.24,148.24,148.24,1153,125,148.24
2023-09-12T04:00:00Z,149.28,150.24,149.28,150.24,2142,192,149.899
2023-09-13T04:00:00Z,150.55,150.55,149.23,149.23,1853,219,149.476
2023-09-14T04:00:00Z,149.5,149.89,149.5,149.89,1365,117,149.794
2023-09-15T04:00:00Z,149.98,152.25,149.98,152.25,6735,138,151.732
2023-09-18T04:00:00Z,152.4,152.45,149.6,149.6,1617,204,151.042
2023-09-19T04:00:00Z,149,149,149,149,1108,129,149
2023-09-20T04:00:00Z,149.1,149.1,149,149,1307,115,149.028
2023-09-21T04:00:00Z,149.05,150.56,149,149.2,7350,300,149.319
2023-09-22T04:00:00Z,145.033,149.8,145.033,146.45,936,68,147.669
2023-09-25T04:00:00Z,148.8,148.8,147.6,148.68,1514,145,148.405
2023-09-26T04:00:00Z,148.8,148.8,144.72,144.72,8671,226,146.288
2023-09-27T04:00:00Z,144.72,144.72,144.5,144.5,1990,164,144.575
2023-09-28T04:00:00Z,145.5,147.76,144.8,147.76,1699,97,146.232
2023-09-29T04:00:00Z,148.09,148.09,148.09,148.09,562,76,148.09
2023-10-02T04:00:00Z,147.35,147.35,146.5,146.5,900,148,146.699
2023-10-03T04:00:00Z,148.5,149.76,144.88,145,6676,263,146.362
2023-10-04T04:00:00Z,145,145,140.95,144.4,6540,296,143.24
2023-10-05T04:00:00Z,142,145.78,140.69,144.2,4792,173,143.184
2023-10-06T04:00:00Z,143,148.69,142.35,145.51,6568,170,144.375
2023-10-09T04:00:00Z,143.2,145.7,143.2,145.4,3833,113,144.838
2023-10-10T04:00:00Z,145,148.85,145,147.8,5426,192,147.206
2023-10-11T04:00:00Z,147,149.76,145,147.14,5932,219,146.929
2023-10-12T04:00:00Z,146.46,147.2,144.24,145.75,6916,147,145.875
2023-10-13T04:00:00Z,145.75,146,142.13,144.4,7731,285,144.31
2023-10-16T04:00:00Z,145.25,145.8,143.5,144.06,6546,235,144.226
2023-10-17T04:00:00Z,142.73,143.88,142.515,143.3,6705,184,143.194
2023-10-18T04:00:00Z,142.33,144.76,140.34,140.34,3171,188,141.569
2023-10-19T04:00:00Z,140.49,141.6,139.66,140.4,9296,254,140.698
2023-10-20T04:00:00Z,141.5,142.76,140.69,140.69,3684,169,141.111
2023-10-23T04:00:00Z,140.5,140.5,137.02,138.37,2718,169,138.657
2023-10-24T04:00:00Z,139.4,139.4,133.45,136,6337,167,135.053
2023-10-25T04:00:00Z,135.23,136.63,128.53,131.3,5750,253,132.9
2023-10-26T04:00:00Z,132.12,132.12,127.71,130.88,11993,354,130.43
2023-10-27T04:00:00Z,130.903,132.74,130.903,131.54,3671,291,131.652
2023-10-30T04:00:00Z,132.97,140.78,128.99,140.78,12209,643,134.511
2023-10-31T04:00:00Z,136.56,143.81,136.56,143.81,4042,289,141.347
2023-11-01T04:00:00Z,145.54,145.54,145.54,145.54,1653,141,145.54
2023-11-02T04:00:00Z,145.735,146.84,145.735,146.84,2489,155,146.638
2023-11-03T04:00:00Z,149.385,149.95,149.38,149.95,2408,130,149.686
2023-11-06T05:00:00Z,145.22,145.22,143.57,143.57,2679,233,144.426
2023-11-07T05:00:00Z,145.54,147.33,144.1,146.46,4662,355,145.869
2023-11-08T05:00:00Z,148.1,149.9,147.7,149.9,3456,315,149.361
2023-11-09T05:00:00Z,148.2,148.2,148.2,148.2,1670,159,148.2
2023-11-10T05:00:00Z,149.89,149.89,148.01,149.82,2148,173,149.471
2023-11-13T05:00:00Z,149,149.01,148.84,149.01,2993,198,148.985
2023-11-14T05:00:00Z,149.8,152.25,147.02,152.24,6091,253,150.697
2023-11-15T05:00:00Z,148.8,148.8,148.8,148.8,1301,189,148.8
2023-11-16T05:00:00Z,150.17,150.17,150.17,150.17,1426,243,150.17
2023-11-17T05:00:00Z,152.61,152.61,152.49,152.49,2037,177,152.553
2023-11-20T05:00:00Z,151.47,151.5,147.76,147.76,2171,221,149.018
2023-11-21T05:00:00Z,147,147.14,147,147.14,1771,163,147.058
2023-11-22T05:00:00Z,150,150.05,150,150.03,1323,132,150.024
2023-11-24T05:00:00Z,150.03,150.03,150.03,150.03,0,0,0
2023-11-27T05:00:00Z,155,156.98,151.8,153.31,5715,283,154.907
2023-11-28T05:00:00Z,152,157.5,150,150.26,2156,140,152.569
2023-11-29T05:00:00Z,154.01,154.01,154.01,154.01,1488,169,154.01
2023-11-30T05:00:00Z,151.07,152.5,151.07,151.21,3694,207,151.716
2023-12-01T05:00:00Z,154.1,154.1,154.1,154.1,1262,127,154.1
2023-12-04T05:00:00Z,151.43,153.955,151.43,153,1302,187,153.149
2023-12-05T05:00:00Z,154.14,154.14,151.09,151.09,1503,174,151.864
2023-12-06T05:00:00Z,152,152.579,145,145,4877,286,147.135
2023-12-07T05:00:00Z,145,146.099,141.41,143.65,3134,191,144.387
2023-12-08T05:00:00Z,146.98,146.98,146.98,146.98,818,110,146.98
2023-12-11T05:00:00Z,147.5,147.5,147.5,147.5,930,110,147.5
2023-12-12T05:00:00Z,145.5,145.5,144.54,144.54,2162,204,144.925
2023-12-13T05:00:00Z,145,153.33,143,153.33,14164,343,151.538
2023-12-14T05:00:00Z,155.38,159.91,155.38,156,4502,316,156.404
2023-12-15T05:00:00Z,155.23,155.23,150.99,153.41,5995,173,154.133
2023-12-18T05:00:00Z,155.1,155.655,153.34,153.34,2119,135,154.012
2023-12-19T05:00:00Z,156.4,166.88,156.4,161.04,8503,311,162.163
2023-12-20T05:00:00Z,165.29,165.29,164.36,164.49,5315,420,164.63
2023-12-21T05:00:00Z,164.87,164.87,160.01,164.43,4467,181,163.202
2023-12-22T05:00:00Z,166.58,166.58,161.86,162.39,2826,292,163.454
2023-12-26T05:00:00Z,162.5,162.5,162.5,162.5,2156,221,162.5
2023-12-27T05:00:00Z,162.5,164.95,162.5,164.95,1257,147,164.203
2023-12-28T05:00:00Z,162.8,162.8,162.8,162.8,1299,78,162.8
2023-12-29T05:00:00Z,162.55,162.55,162.14,162.14,2663,191,162.182
2024-01-02T05:00:00Z,163.69,163.69,163.69,163.69,1379,194,163.69
2024-01-03T05:00:00Z,161.53,161.53,158.09,158.09,2712,289,158.715
2024-01-04T05:00:00Z,158.24,158.24,158.24,158.24,1426,186,158.24
2024-01-05T05:00:00Z,158.48,161.56,157.21,157.21,4030,151,158.452
2024-01-08T05:00:00Z,159.48,159.48,159.48,159.48,844,123,159.48
2024-01-09T05:00:00Z,157.13,157.13,157.13,157.13,745,94,157.13
2024-01-10T05:00:00Z,158.86,160.99,158,160.99,3348,195,160.61
2024-01-11T05:00:00Z,160.998,165.03,160.998,165.03,4335,318,164.23
2024-01-12T05:00:00Z,165,165.28,165,165.28,4176,116,165.1
2024-01-16T05:00:00Z,164,164,157.49,158.13,2781,238,159.959
2024-01-17T05:00:00Z,155,155.25,155,155.25,1790,201,155.202
2024-01-18T05:00:00Z,152,152,152,152,2168,201,152
2024-01-19T05:00:00Z,156.8,156.8,156.8,156.8,1002,131,156.8
2024-01-22T05:00:00Z,161,168.43,161,168.43,6018,239,163.514
2024-01-23T05:00:00Z,167.165,168,165,168,2847,192,167.171
2024-01-24T05:00:00Z,168.5,170.05,168.5,169.6,2162,146,169.513
2024-01-25T05:00:00Z,170.51,170.51,170.51,170.51,1543,173,170.51
2024-01-26T05:00:00Z,170.415,170.68,170.415,170.68,1191,78,170.623
2024-01-29T05:00:00Z,168.99,168.99,167.25,167.25,3567,155,168.112
2024-01-30T05:00:00Z,167.55,168.22,167.55,168.22,3266,191,167.741
2024-01-31T05:00:00Z,169.895,169.895,167.25,167.25,1147,99,167.773
2024-02-01T05:00:00Z,169.37,171.6,167.2,168.97,4199,219,169.215
2024-02-02T05:00:00Z,167.8,167.8,167.8,167.8,1481,120,167.8
2024-02-05T05:00:00Z,167.21,169.78,167.21,168.48,4605,219,168.581
2024-02-06T05:00:00Z,169,170.697,167.8,169.6,5994,133,168.826
2024-02-07T05:00:00Z,169.965,169.965,167.15,167.15,2506,109,167.674
2024-02-08T05:00:00Z,168,169.03,165.39,165.39,2618,133,166.723
2024-02-09T05:00:00Z,165.55,165.55,165.55,165.55,2022,241,165.55
2024-02-12T05:00:00Z,165.22,165.22,165.22,165.22,2342,165,165.22
2024-02-13T05:00:00Z,151.09,151.09,151.09,151.09,3031,193,151.09
2024-02-14T05:00:00Z,157.935,162.636,157.935,161.39,3732,200,160.674
2024-02-15T05:00:00Z,162.5,164.2,161.79,162.8,5475,211,162.933
2024-02-16T05:00:00Z,159.83,159.83,156.17,156.17,1161,123,158.155
2024-02-20T05:00:00Z,156.2,156.2,156.2,156.2,5687,129,156.2
2024-02-21T05:00:00Z,156.25,156.25,156.25,156.25,1148,79,156.25
2024-02-22T05:00:00Z,157.42,157.42,157.42,157.42,1249,142,157.42
2024-02-23T05:00:00Z,158.77,158.77,158.77,158.77,434,108,158.77
2024-02-26T05:00:00Z,157.5,161.2,157.5,159.25,2610,137,159.865
2024-02-27T05:00:00Z,159.9,159.9,158.3,158.63,745,104,158.899
2024-02-28T05:00:00Z,158.8,158.8,154.1,154.1,2292,142,156.797
2024-02-29T05:00:00Z,155.42,155.42,155.42,155.42,1088,150,155.42
2024-03-01T05:00:00Z,155.98,155.98,155.98,155.98,497,118,155.98
2024-03-04T05:00:00Z,154.38,154.38,154.38,154.38,469,94,154.38
2024-03-05T05:00:00Z,154.48,154.48,153.81,153.81,1392,102,154.011
2024-03-06T05:00:00Z,154.28,154.28,154.28,154.28,397,66,154.28
2024-03-07T05:00:00Z,158,158,158,158,3061,69,158
2024-03-08T05:00:00Z,158.25,158.25,157.25,157.25,781,90,157.542
2024-03-11T04:00:00Z,155.55,155.55,155.55,155.55,334,59,155.55
2024-03-12T04:00:00Z,155.63,155.63,155.63,155.63,472,77,155.63
2024-03-13T04:00:00Z,157.5,157.5,157.5,157.5,1044,129,157.5
2024-03-14T04:00:00Z,155.32,155.32,155.32,155.32,1252,145,155.32
2024-03-15T04:00:00Z,152.74,157,152.74,156.99,5282,118,155.113
2024-03-18T04:00:00Z,155.5,158,155.2,155.2,3431,288,155.936
2024-03-19T04:00:00Z,159.37,159.37,159.37,159.37,2731,141,159.37
2024-03-20T04:00:00Z,157.5,162.06,157.5,162.06,1854,166,160.96
2024-03-21T04:00:00Z,159.01,159.01,159.01,159.01,1297,85,159.01
2024-03-22T04:00:00Z,157.89,157.89,157.89,157.89,1658,118,157.89
2024-03-25T04:00:00Z,159,159,155.04,156.04,1459,161,156.337
2024-03-26T04:00:00Z,162,162,157,157.6,4086,189,158.049
2024-03-27T04:00:00Z,159,163,159,163,1860,83,162.454
2024-03-28T04:00:00Z,163.19,163.19,163.19,163.19,1395,74,163.19
2024-04-01T04:00:00Z,162,162,159.01,159.01,1759,139,159.754
2024-04-02T04:00:00Z,159,159,156.7,156.7,1497,116,157.103
2024-04-03T04:00:00Z,156.12,156.12,156.12,156.12,798,89,156.12
2024-04-04T04:00:00Z,159,159.82,159,159.82,1500,102,159.576
2024-04-05T04:00:00Z,159.9,159.9,159.9,159.9,333,50,159.9
2024-04-08T04:00:00Z,162,162.11,160.48,160.48,1228,70,160.94
2024-04-09T04:00:00Z,159.99,159.99,159.99,159.99,495,79,159.99
2024-04-10T04:00:00Z,159.31,159.31,159.28,159.28,1374,109,159.285
2024-04-11T04:00:00Z,159.87,161,157.865,159.4,3610,209,159.657
2024-04-12T04:00:00Z,156.54,156.54,156.54,156.54,641,107,156.54
2024-04-15T04:00:00Z,157.01,157.42,157.01,157.42,696,77,157.316
2024-04-16T04:00:00Z,157.79,157.79,157.63,157.63,922,116,157.683
2024-04-17T04:00:00Z,159.64,159.64,156.72,156.72,979,89,157.375
2024-04-18T04:00:00Z,156.12,156.12,156.12,156.12,2259,175,156.12
2024-04-19T04:00:00Z,156.12,161.69,156.12,161.69,4249,158,160.536
2024-04-22T04:00:00Z,159,161.2,159,161.2,1490,103,160.304
2024-04-23T04:00:00Z,160.4,164.46,160.04,164.46,4180,187,162.977
2024-04-24T04:00:00Z,163.63,163.63,163.63,163.63,1176,96,163.63
2024-04-25T04:00:00Z,162,163.245,160.95,162.88,3871,153,162.619
2024-04-26T04:00:00Z,163.12,163.12,159.36,159.36,4225,115,160.473
2024-04-29T04:00:00Z,158.12,161.95,158.12,161.95,5702,132,160.116
2024-04-30T04:00:00Z,158.36,160.43,158.36,160.43,2657,194,160.046
2024-05-01T04:00:00Z,160,162.08,159.9,162.08,3413,140,161.291
2024-05-02T04:00:00Z,162.08,162.18,161.5,162.18,3407,152,162.122
2024-05-03T04:00:00Z,163.9,163.9,159.34,159.34,3629,212,162.055
2024-05-06T04:00:00Z,161.66,161.66,161.66,161.66,1941,238,161.66
2024-05-07T04:00:00Z,160.33,160.33,155,160.02,2451,130,159.349
2024-05-08T04:00:00Z,160.16,160.16,158.045,159.61,2191,170,159.412
2024-05-09T04:00:00Z,162,162,161.38,161.38,1278,72,161.467
2024-05-10T04:00:00Z,162.19,162.19,162.19,162.19,742,66,162.19
2024-05-13T04:00:00Z,160.5,160.5,159.5,159.95,4289,203,159.956
2024-05-14T04:00:00Z,160.4,161,159.67,160.94,5834,130,160.693
2024-05-15T04:00:00Z,160.1,162.62,160.1,162.62,3783,189,162.07
2024-05-16T04:00:00Z,163,163,161,162.58,3622,251,162.031
2024-05-17T04:00:00Z,163.88,163.89,163.3,163.3,1108,144,163.668
2024-05-20T04:00:00Z,165,165.18,164.2,165.18,3310,178,165.032
2024-05-21T04:00:00Z,164.571,166,164.571,165.95,2686,101,165.729
2024-05-22T04:00:00Z,165.29,165.29,156.2,157.85,7516,348,159.897
2024-05-23T04:00:00Z,156.22,158,147.54,150.88,13287,342,153.83
2024-05-24T04:00:00Z,152,154.19,146.41,154.19,6056,266,152.575
2024-05-28T04:00:00Z,162.54,164.415,162.54,163.95,6609,746,163.865
2024-05-29T04:00:00Z,163.95,171.89,163.9,171.89,5304,736,169.641
2024-05-30T04:00:00Z,168,184.4,168,184.4,9845,580,180.318
2024-05-31T04:00:00Z,184.77,192.84,183,184.1,6914,542,186.844
2024-06-03T04:00:00Z,184.2,187.05,167.22,167.22,11132,619,178.682
2024-06-04T04:00:00Z,168.83,173.79,167.8,173.47,12739,478,170.552
2024-06-05T04:00:00Z,174.5,178.052,171.99,174.38,6203,337,174.377
2024-06-06T04:00:00Z,173,174.56,170,170.23,6471,269,171.179
2024-06-07T04:00:00Z,169.5,174.88,169.45,174.88,10751,323,172.778
2024-06-10T04:00:00Z,174.88,174.93,169.57,169.57,6053,261,171.642
2024-06-11T04:00:00Z,168.74,174.63,168.74,171.8,17000,585,171.24
2024-06-12T04:00:00Z,174.56,175.79,169.55,169.55,5993,358,170.404
2024-06-13T04:00:00Z,170.4,173.03,170.4,172.63,7834,289,172.345
2024-06-14T04:00:00Z,171,171.3,170,170.39,8657,342,170.622
2024-06-17T04:00:00Z,171.75,177.22,169.45,176.28,28185,724,172.049
2024-06-18T04:00:00Z,177,178.01,174.13,175.19,28380,794,176.132
2024-06-20T04:00:00Z,174.52,178.59,174.52,176.96,20969,533,176.558
2024-06-21T04:00:00Z,175.69,177.34,173.31,173.31,13281,400,175.714
2024-06-24T04:00:00Z,175.29,179.47,175.29,178.18,9818,582,177.748
2024-06-25T04:00:00Z,177.75,179.01,174.33,174.74,13671,411,175.69
2024-06-26T04:00:00Z,174.74,177.14,173.29,177.14,9406,544,176.455
2024-06-27T04:00:00Z,175.12,177.4,174,177.24,11328,655,176.6
2024-06-28T04:00:00Z,179.5,181.64,175.3,180.13,37979,576,180.012
2024-07-01T04:00:00Z,176.555,178.14,174.475,176.15,23273,1219,176.199
2024-07-02T04:00:00Z,175,177.15,174.85,176.52,29525,1026,176.146
2024-07-03T04:00:00Z,176.52,180,176.52,178.83,13194,530,177.812
2024-07-05T04:00:00Z,178.5,181.58,178.15,180.58,15219,639,179.795
2024-07-08T04:00:00Z,181,181.01,178.37,178.72,14501,1130,179.046
2024-07-09T04:00:00Z,178,181.42,177.9,181.12,14962,893,180.578
2024-07-10T04:00:00Z,181.97,182,179.15,179.45,21173,1369,180.132
2024-07-11T04:00:00Z,179.47,181.35,179.25,180.43,13833,875,180.497
2024-07-12T04:00:00Z,181.82,185.44,181.82,182.86,6675,555,183.091
2024-07-15T04:00:00Z,185.08,187.44,185,186.05,49021,2267,186.21
2024-07-16T04:00:00Z,187.64,192.34,187.34,192.1,50646,2128,189.627
2024-07-17T04:00:00Z,189.7,199.59,189.7,198.52,31630,1876,196.654
2024-07-18T04:00:00Z,199.02,207.49,198,199.76,54046,2303,201.973
2024-07-19T04:00:00Z,199.84,201,192.5,192.97,25793,1484,196.29
2024-07-22T04:00:00Z,194.32,195.98,190.48,193.31,32807,1800,193.68
2024-07-23T04:00:00Z,193.08,201.63,193.06,200.2,19331,1127,198.048
2024-07-24T04:00:00Z,198.1,200.5,194.28,194.6,43860,1796,198.735
2024-07-25T04:00:00Z,194.9,204.88,194.9,204.12,32607,1765,200.51
2024-07-26T04:00:00Z,206.15,210.84,205.49,206.29,48310,2642,207.332
2024-07-29T04:00:00Z,206.73,207.57,201.1,204.12,48347,2517,204.334
2024-07-30T04:00:00Z,206,207.9,203.8,207.9,17378,740,206.022
2024-07-31T04:00:00Z,207.78,213,206.5,212.84,13514,895,210.735
2024-08-01T04:00:00Z,211.41,212.56,202.85,204.08,31945,1240,205.951
2024-08-02T04:00:00Z,201.11,203.5,198.75,201.15,24665,1410,200.738
2024-08-05T04:00:00Z,192.005,195.01,189.45,194.7,43378,1693,192.321
2024-08-06T04:00:00Z,197.06,207.9,195.5,203.12,45192,2195,203.065
2024-08-07T04:00:00Z,206.34,206.34,201,201.28,50116,2294,203.05
2024-08-08T04:00:00Z,203,207.295,202.11,206.02,25995,1547,205.662
2024-08-09T04:00:00Z,205.39,206.55,204.13,204.48,20722,1199,205.229
2024-08-12T04:00:00Z,204.71,204.8,202.44,202.55,8824,669,203.216
2024-08-13T04:00:00Z,203.61,210.21,203.61,210.21,16856,1108,207.229
2024-08-14T04:00:00Z,210.63,212.08,210.63,212,12299,878,211.292
2024-08-15T04:00:00Z,215.65,220.87,215.5,217.65,13646,967,217.634
2024-08-16T04:00:00Z,217.88,220.36,217.83,218.42,11294,606,218.665
2024-08-19T04:00:00Z,217.55,218.755,216.22,218.45,24996,750,217.69
2024-08-20T04:00:00Z,217.25,218.16,216.41,217.18,28440,951,217.474
2024-08-21T04:00:00Z,220,223,218.9,220.92,24791,1349,220.708
2024-08-22T04:00:00Z,220.88,221.31,216.135,216.91,14113,956,218.493
2024-08-23T04:00:00Z,218.84,225.95,218.4,221.2,20598,1345,221.556
2024-08-26T04:00:00Z,223.12,223.97,220.52,223.8,21230,1316,222.472
2024-08-27T04:00:00Z,221.61,224.36,221.23,224.05,25424,1510,222.965
2024-08-28T04:00:00Z,223.71,223.71,221.61,223.525,8428,866,223.048
2024-08-29T04:00:00Z,223.04,226.68,223.04,225.41,13895,1094,225.224
2024-08-30T04:00:00Z,226.78,226.78,222.98,225.29,7993,701,224.839
2024-09-03T04:00:00Z,218.4,224.99,218.4,222.11,30184,1641,220.416
2024-09-04T04:00:00Z,223.18,225.97,222.73,224.25,14595,1100,224.279
2024-09-05T04:00:00Z,225.64,225.99,222.16,223.55,10537,1227,223.613
2024-09-06T04:00:00Z,223.11,224.58,217.66,219.06,10538,1167,222.422
2024-09-09T04:00:00Z,221.33,225.3,221.05,224.79,22154,1436,223.594
2024-09-10T04:00:00Z,224,225.3,222.6,224.6,36007,2323,223.941
2024-09-11T04:00:00Z,220,220.66,218.5,219.35,5793,673,219.677
2024-09-12T04:00:00Z,221.74,225.57,220.69,225.57,7725,698,223.193
2024-09-13T04:00:00Z,231,231,228.7,229.63,4351,497,230.137
2024-09-16T04:00:00Z,228.14,230.5,225.5,226.6,18730,1417,227.117
2024-09-17T04:00:00Z,227.39,231.93,227.39,231.44,15261,1051,229.728
2024-09-18T04:00:00Z,231.49,235,231.13,234,10810,851,233.536
2024-09-19T04:00:00Z,234.01,236.01,233.62,234.63,12215,1137,234.575
2024-09-20T04:00:00Z,233.8,235.47,228.26,228.29,28176,1175,230.913
2024-09-23T04:00:00Z,229.36,229.36,225.8,227.1,11173,826,226.903
2024-09-24T04:00:00Z,226.835,231.52,226.78,230.62,7432,815,229.192
2024-09-25T04:00:00Z,231.12,231.12,228.7,228.7,5611,567,229.029
2024-09-26T04:00:00Z,229.92,230.25,227.29,228,11118,862,229.143
2024-09-27T04:00:00Z,230.69,231,226.315,229.77,9571,981,229.336
2024-09-30T04:00:00Z,229.07,229.8,228.175,229.8,3107,377,229.567
2024-10-01T04:00:00Z,228.77,228.77,224.3,225.65,4934,562,226.261
2024-10-02T04:00:00Z,227.7,228.5,227.69,228.4,6007,855,228.311
2024-10-03T04:00:00Z,227,227,225,225,5706,858,225.428
2024-10-04T04:00:00Z,226.28,226.79,222.87,225,11504,837,224.927
2024-10-07T04:00:00Z,224.03,224.1,220.88,221,11632,839,222.847
2024-10-08T04:00:00Z,222,224.29,221.73,224.29,5629,644,223.242
2024-10-09T04:00:00Z,225,225.9,225,225.57,3498,390,225.545
2024-10-10T04:00:00Z,221.19,221.19,219.3,220.8,4269,417,220.72
2024-10-11T04:00:00Z,226,228.33,223.12,228.33,4361,442,226.774
2024-10-14T04:00:00Z,228.21,230.98,228.21,230.98,5742,678,229.822
2024-10-15T04:00:00Z,231,233.79,230.01,230.01,6036,528,230.818
2024-10-16T04:00:00Z,231,239.4,231,239.4,11615,963,236.782
2024-10-17T04:00:00Z,239.62,242.7,238,242.7,13230,930,240.017
2024-10-18T04:00:00Z,243.74,243.74,236.54,236.54,4447,486,238.168
2024-10-21T04:00:00Z,237.4,238.96,234.41,234.41,20581,1510,236.556
2024-10-22T04:00:00Z,234,239.95,232.5,235.49,25556,2041,235.303
2024-10-23T04:00:00Z,233.33,234.96,228.03,232.39,22318,1549,230.332
2024-10-24T04:00:00Z,233.11,235.2,230.85,235.2,33582,2690,233.242
2024-10-25T04:00:00Z,234.22,236.6,231.1,232.3,32237,1984,233.659
2024-10-28T04:00:00Z,235.88,238.36,234.82,235.66,16055,1355,236.769
2024-10-29T04:00:00Z,232.12,233.25,232.12,232.97,7868,890,232.726
2024-10-30T04:00:00Z,233.87,236.96,233.87,236.26,7574,830,236.116
2024-10-31T04:00:00Z,237.09,237.85,231.28,231.28,11517,1061,235.167
2024-11-01T04:00:00Z,230.74,230.74,230.74,230.74,4170,592,230.74
2024-11-04T05:00:00Z,232.59,232.59,227.065,228.79,15432,1120,230.279
2024-11-05T05:00:00Z,225.73,237.69,225.73,237.69,16182,1181,234.3
2024-11-06T05:00:00Z,244,259,241,257.28,37700,2508,252.956
2024-11-07T05:00:00Z,256.53,256.53,246.58,246.58,19304,1641,251.338
2024-11-08T05:00:00Z,248.33,251.47,248.33,251.47,5055,620,251.066
2024-11-11T05:00:00Z,253.3,261.98,253.3,259.38,17019,1462,258.499
2024-11-12T05:00:00Z,262,272.915,262,270.7,18438,1353,268.034
2024-11-13T05:00:00Z,272,275.48,272,272.89,8671,794,273.27
2024-11-14T05:00:00Z,271.29,283.265,271.29,274.78,14006,1243,277.451
2024-11-15T05:00:00Z,275.92,275.92,271.02,271.6,10867,1073,273.704
2024-11-18T05:00:00Z,274.5,279.295,273.84,274.05,16439,1105,276.135
2024-11-19T05:00:00Z,270.93,278.245,270.93,276.1,8927,832,275.955
2024-11-20T05:00:00Z,275.5,279.3,273,277.64,7224,720,276.902
2024-11-21T05:00:00Z,277.26,284.38,277.26,281.6,16170,1103,281.63
2024-11-22T05:00:00Z,281.51,288.19,280.01,282.9,16519,1091,283.156
2024-11-25T05:00:00Z,284.75,290.4,281.94,286.31,15490,1273,286.415
2024-11-26T05:00:00Z,287.103,287.103,284.145,285.67,5456,698,285.991
2024-11-27T05:00:00Z,287.65,289.87,285.03,285.26,10399,1020,286.549
2024-11-29T05:00:00Z,288.5,288.5,285.21,286.51,8823,731,286.739
2024-12-02T05:00:00Z,276.65,276.65,268.07,270.42,13642,956,271.498
2024-12-03T05:00:00Z,269.29,271.88,267,271.88,21037,1491,269.587
2024-12-04T05:00:00Z,271.045,271.045,267.44,270.48,3688,447,270.106
2024-12-05T05:00:00Z,270.85,271.975,270.2,271.71,12096,966,271.276
2024-12-06T05:00:00Z,267.38,269.51,266.3,266.3,5291,739,267.546
2024-12-09T05:00:00Z,268.75,268.75,263.78,263.78,3956,632,264.313
2024-12-10T05:00:00Z,263.78,264.77,260.01,263.1,7044,757,262.452
2024-12-11T05:00:00Z,263.61,268,263.61,266.53,7255,729,266.548
2024-12-12T05:00:00Z,269.545,271.18,265.52,265.52,10028,826,267.963
2024-12-13T05:00:00Z,266.34,271.22,266.31,269.97,11922,1117,268.623
2024-12-16T05:00:00Z,272,272,265.54,267.18,7288,1252,268.51
2024-12-17T05:00:00Z,264.77,264.77,260.94,263.48,6958,853,262.892
2024-12-18T05:00:00Z,263.395,263.395,244.69,245.63,9662,946,249.92
2024-12-19T05:00:00Z,250.8,250.8,240.221,242,8739,881,244.069
2024-12-20T05:00:00Z,239.31,245.15,239.31,243.24,6528,453,241.42
2024-12-23T05:00:00Z,236.09,237.5,235.82,237.5,4118,1107,236.946
2024-12-24T05:00:00Z,240.78,240.91,235.154,240.91,2363,301,239.028
2024-12-26T05:00:00Z,242,243.95,241.21,243.95,7248,663,242.949
2024-12-27T05:00:00Z,235,238.25,234.46,238,4770,587,237.105
2024-12-30T05:00:00Z,238.27,239.91,238,239.91,5013,616,238.613
2024-12-31T05:00:00Z,239,239,235.585,236.76,4533,687,236.934
2025-01-02T05:00:00Z,238,242,230.53,233.48,7345,870,234.452
2025-01-03T05:00:00Z,234,235.76,232.07,232.07,5412,826,233.099
2025-01-06T05:00:00Z,234.42,235.689,228.77,228.77,11498,862,231.686
2025-01-07T05:00:00Z,227.46,230.88,227.01,228.99,34653,2151,228.818
2025-01-08T05:00:00Z,228.48,231.285,226.5,229.39,36900,2198,228.235
2025-01-10T05:00:00Z,228.35,228.35,212.829,214.82,8673,955,217.197
2025-01-13T05:00:00Z,212.23,217.54,208.78,217.54,17525,1362,213.603
2025-01-14T05:00:00Z,219.61,224.14,216.12,223.99,32217,2282,220.138
2025-01-15T05:00:00Z,228.71,229.36,226.11,228.01,14268,1401,228.047
2025-01-16T05:00:00Z,228,229.585,225.24,227.99,15372,1428,226.867
2025-01-17T05:00:00Z,230.47,232,225.96,228.05,17538,1347,227.677
2025-01-21T05:00:00Z,230.88,233.46,229.62,230.54,15711,1543,231.096
2025-01-22T05:00:00Z,230.61,231.01,224.57,225.28,15659,1392,226.294
2025-01-23T05:00:00Z,224.48,224.48,224.48,224.48,5433,843,224.48
2025-01-24T05:00:00Z,225.51,227.5,223.88,227.5,8807,962,226.23
2025-01-27T05:00:00Z,224.71,231.01,224.24,228.29,26440,1885,228.267
2025-01-28T05:00:00Z,225.82,229.26,224.73,229.26,7545,673,226.621
2025-01-29T05:00:00Z,225.48,229.2,225.24,227.6,10771,1076,227.385
2025-01-30T05:00:00Z,231.57,231.57,227,229.7,11155,1363,229.601
2025-01-31T05:00:00Z,228.46,229.9,223.03,225.35,4496,559,225.913
2025-02-03T05:00:00Z,219.04,224.16,218.72,221.71,12786,941,221.111
2025-02-04T05:00:00Z,224.664,225.54,224.04,225.54,6342,550,225.023
2025-02-05T05:00:00Z,226,228.19,224.4,228.19,3963,473,227.047
2025-02-06T05:00:00Z,227.07,230.03,226,230.03,12340,896,228.377
2025-02-07T05:00:00Z,229,229,222.71,224.01,14829,1269,225.718
2025-02-10T05:00:00Z,224.57,225.15,222,224.52,12938,1135,223.882
2025-02-11T05:00:00Z,223.375,228.63,221.13,228.58,5284,583,226.25
2025-02-12T05:00:00Z,227.15,227.9,220.01,222.36,21613,1520,222.703
2025-02-13T05:00:00Z,221.52,231.78,220.61,231.78,7173,633,227.621
2025-02-14T05:00:00Z,230.09,230.09,226.47,227.53,5697,613,228.116
2025-02-18T05:00:00Z,229.1,231.78,227.985,231.37,9771,675,230.499
2025-02-19T05:00:00Z,231.51,232.9,230.66,232.9,8741,590,232.071
2025-02-20T05:00:00Z,233.74,233.74,228.895,231.79,6819,672,231.386
2025-02-21T05:00:00Z,233.58,233.7,223.97,224.28,7660,702,227.468
2025-02-24T05:00:00Z,224.9,229.61,224.9,228.14,10984,679,228.03
2025-02-25T05:00:00Z,230.5,237.05,230.5,233.39,10235,960,233.74
2025-02-26T05:00:00Z,236.524,236.6,236.52,236.6,3330,471,236.572
2025-02-27T05:00:00Z,234.87,234.87,234.36,234.36,3006,266,234.417
2025-02-28T05:00:00Z,235.08,237.3,234.99,237.3,3783,331,237.075
2025-03-03T05:00:00Z,237.08,240.01,234.55,235.63,4627,531,235.889
2025-03-04T05:00:00Z,230,234.64,230,231.99,6139,601,232.685
2025-03-05T05:00:00Z,229.62,234.09,229.62,234.09,6975,581,233.507
2025-03-06T05:00:00Z,231.4,232.16,230.3,230.72,5318,538,230.914
2025-03-07T05:00:00Z,231.82,231.82,231.82,231.82,3986,740,231.82
2025-03-10T04:00:00Z,228,228.39,227.71,227.71,4291,460,227.772
2025-03-11T04:00:00Z,228.21,231.67,226.91,231.38,13870,946,230.414
2025-03-12T04:00:00Z,230.55,235.74,229.03,235.74,13416,991,233.687
2025-03-13T04:00:00Z,236.5,236.82,234.4,236.82,7106,589,236.22
2025-03-14T04:00:00Z,237,244.36,236.98,241.325,7882,606,241.462
2025-03-17T04:00:00Z,241.62,245.71,240.05,245.71,6700,551,243.517
2025-03-18T04:00:00Z,243,243.71,240.63,241.64,13779,785,242.013
2025-03-19T04:00:00Z,244.02,244.7,238.8,244.58,17744,983,241.793
2025-03-20T04:00:00Z,245,249.99,241.06,242.54,10303,996,243.598
2025-03-21T04:00:00Z,239.09,240.55,237.43,237.43,9683,415,238.066
2025-03-24T04:00:00Z,241.58,242.73,238.57,242.73,4952,682,241.737
2025-03-25T04:00:00Z,237.57,240.51,236.86,239.69,5054,785,239.319
2025-03-26T04:00:00Z,241.9,246.26,239.45,241.42,11791,1488,242.186
2025-03-27T04:00:00Z,242.11,247.85,241.1,243.13,10723,1665,243.587
2025-03-28T04:00:00Z,242.62,242.62,242.62,242.62,3183,459,242.62
2025-03-31T04:00:00Z,244.53,244.53,241.08,241.08,5413,503,241.428
2025-04-01T04:00:00Z,241.15,242.485,239.38,241.13,5910,795,241.001
2025-04-02T04:00:00Z,238.6,238.6,238.6,238.6,4438,596,238.6
2025-04-03T04:00:00Z,226.66,228.73,221.82,228.73,6162,562,226.397
2025-04-04T04:00:00Z,228.02,228.53,225.36,227.74,6749,600,227.339
2025-04-07T04:00:00Z,226.94,226.94,211.05,223.58,7313,615,222.043
2025-04-08T04:00:00Z,219.15,220.03,213.68,213.89,4811,575,214.592
2025-04-09T04:00:00Z,218.324,240.03,218.324,236,6546,688,234.118
2025-04-10T04:00:00Z,231.99,231.99,221.915,227.19,6445,581,226.486
2025-04-11T04:00:00Z,224.5,225.37,224.42,224.42,4560,466,224.568
2025-04-14T04:00:00Z,225.56,229.88,223.05,229.88,6989,687,228.138
2025-04-15T04:00:00Z,225.51,229,225.51,229,2969,360,228.67
2025-04-16T04:00:00Z,228.16,229.61,227.5,227.5,10490,699,228.544
2025-04-17T04:00:00Z,227.5,230.5,225.01,230.5,7584,587,229.388
2025-04-21T04:00:00Z,223.27,223.27,223.27,223.27,3085,402,223.27
2025-04-22T04:00:00Z,223.56,236.16,223.56,232.11,20466,981,231.674
2025-04-23T04:00:00Z,227.59,231.683,225.68,231.23,5718,422,229.393
2025-04-24T04:00:00Z,226.43,230.82,226.43,230.82,2889,600,229.85
2025-04-25T04:00:00Z,225.89,228.5,225.89,228.34,7040,1219,227.536
2025-04-28T04:00:00Z,230.4,231,228.04,229.42,10360,1270,229.889
2025-04-29T04:00:00Z,226.82,233.85,226.39,232.95,30711,2449,229.498
2025-04-30T04:00:00Z,229.35,231.3,226.31,231.19,13429,1463,230.212
2025-05-01T04:00:00Z,230.25,233.08,229.4,233.08,18069,1939,231.509
2025-05-02T04:00:00Z,233.054,241.38,233.054,240.68,8370,1103,238.808
2025-05-05T04:00:00Z,238.33,241.15,237.17,237.17,12055,1214,239.181
2025-05-06T04:00:00Z,238.3,240.48,237,240.23,16899,1387,239.152
2025-05-07T04:00:00Z,240.75,244,239,239,14578,1579,241.257
2025-05-08T04:00:00Z,240.34,245.445,238.3,239.58,13470,1492,240.787
2025-05-09T04:00:00Z,236.775,240.01,234.99,234.99,46602,3914,237.774
2025-05-12T04:00:00Z,240.49,245,240.49,241.28,23382,1955,242.397
2025-05-13T04:00:00Z,243.5,245.65,241.5,242.36,43549,3190,243.065
2025-05-14T04:00:00Z,240.98,240.98,238.275,238.98,40491,3384,239.796
2025-05-15T04:00:00Z,239.525,244.51,239.525,243.15,65521,5419,243.276
2025-05-16T04:00:00Z,242.79,250,242.61,248.85,85746,7483,247.4
2025-05-19T04:00:00Z,247.08,252.2,243.65,252.2,66166,7396,247.631
2025-05-20T04:00:00Z,251,252.46,246.4,246.75,78398,7847,249.751
2025-05-21T04:00:00Z,244.96,245.4,232.62,233.33,59066,5702,239.984
2025-05-22T04:00:00Z,234.08,235.83,229.51,229.8,85898,10829,231.055
2025-05-23T04:00:00Z,227.9,231.7,226.8,229.73,123279,15148,229.151
2025-05-27T04:00:00Z,233.11,238.09,229.23,236.59,98465,10996,234.106
2025-05-28T04:00:00Z,238.16,238.16,230.53,230.53,127792,12746,233.483
2025-05-29T04:00:00Z,229.74,232.03,228.21,232.02,168999,15054,230.07
2025-05-30T04:00:00Z,231.25,235.99,229.495,234.02,226555,20544,233.339
2025-06-02T04:00:00Z,232.18,234.44,220.91,221.75,172566,15786,228.147
2025-06-03T04:00:00Z,220.36,222.79,199.73,200.03,81291,6913,210.071
2025-06-04T04:00:00Z,200.9,202,191.56,193.09,111966,9632,194.501
2025-06-05T04:00:00Z,192.42,196.17,190.2,194.21,60760,4820,193.559
2025-06-06T04:00:00Z,197.15,198.16,192.87,195.87,57440,4307,195.488
2025-06-09T04:00:00Z,198.93,199.9,193.03,196.36,72398,6383,195.187
2025-06-10T04:00:00Z,196.11,200.65,196.11,200.24,28980,3231,198.401
2025-06-11T04:00:00Z,202.23,203.02,200.27,202,21299,1671,201.972
2025-06-12T04:00:00Z,200,204.67,198.43,204.67,31084,2913,202.21
2025-06-13T04:00:00Z,199.565,205.34,199.11,201.34,39739,3685,202.641
2025-06-16T04:00:00Z,200.29,207.14,200.29,202.81,51125,4827,203.991
2025-06-17T04:00:00Z,201.785,207.32,201.2,205.12,48188,4431,204.77
2025-06-18T04:00:00Z,204.51,207.29,201.85,201.98,71392,6528,204.206
2025-06-20T04:00:00Z,204.67,205.43,201.01,203.03,64995,5731,203.648
2025-06-23T04:00:00Z,204.01,209.5,203.64,209.25,52067,4197,205.958
2025-06-24T04:00:00Z,209.545,211.04,207.5,210.03,44068,4482,209.395
2025-06-25T04:00:00Z,208,208.243,204.58,207.25,73265,8527,206.409
2025-06-26T04:00:00Z,206.37,213.16,205.25,212.02,96901,9522,208.063
2025-06-27T04:00:00Z,211.5,216.3,209.15,215.49,132604,10248,213.159
2025-06-30T04:00:00Z,215.65,216.25,211.3,211.3,73750,7123,213.654
2025-07-01T04:00:00Z,210.27,218.925,210.27,215.49,60504,5385,215.047
2025-07-02T04:00:00Z,215.52,217.4,213,215.93,78058,7117,215.391
2025-07-03T04:00:00Z,217.2,221.385,217.2,221.13,89208,5109,219.638
2025-07-07T04:00:00Z,219.07,219.07,210.91,211.27,83616,6631,214.731
2025-07-08T04:00:00Z,210.57,215.15,208.645,211.47,124769,7897,213.328
2025-07-09T04:00:00Z,214.33,215.27,206.48,208.13,60213,4835,208.917
2025-07-10T04:00:00Z,209.02,210.2,201,201.25,102783,8374,205.459
2025-07-11T04:00:00Z,200.78,205.4,200.78,204.13,64422,5302,203.09
2025-07-14T04:00:00Z,205.1,207.955,203.395,204.9,120898,11603,205.817
2025-07-15T04:00:00Z,208.28,208.28,199.82,200.24,109609,8802,202.408
2025-07-16T04:00:00Z,202.31,204.6,199.155,203.3,59182,5130,202.372
2025-07-17T04:00:00Z,203.79,204.7,202.3,202.3,29454,3091,203.043
2025-07-18T04:00:00Z,204.08,205.687,201.09,202.9,33315,2981,203.237
2025-07-21T04:00:00Z,204.7,205.01,201.35,201.85,27845,2529,203.363
2025-07-22T04:00:00Z,200.95,207.14,200.95,206.2,26312,3482,205.369
2025-07-23T04:00:00Z,207.7,208.64,203.52,207.97,34495,3466,206.596
2025-07-24T04:00:00Z,206.21,210.87,205.85,209.57,33072,4042,209.292
2025-07-25T04:00:00Z,210.8,215,207.5,211.3,38335,4628,210.443
2025-07-28T04:00:00Z,211.3,214.64,209.25,214.11,46748,5876,210.867
2025-07-29T04:00:00Z,213.82,216.1,212.1,214.7,42123,4182,214.078
2025-07-30T04:00:00Z,214.52,215.1,210.68,213.365,33252,4279,213.468
2025-07-31T04:00:00Z,213.93,221.16,208.66,211.22,28702,3820,211.585
2025-08-01T04:00:00Z,210.4,211.455,207.725,210.28,21764,3302,210.146
2025-08-04T04:00:00Z,211.9,215.58,209.762,215.58,25155,3207,213.259
2025-08-05T04:00:00Z,216.51,219.745,214.56,218.3,20658,3170,217.71
2025-08-06T04:00:00Z,220.95,229.897,217.3,224.09,53102,5588,221.627
2025-08-07T04:00:00Z,220.22,223.49,217.22,221.39,33326,3978,221.76
2025-08-08T04:00:00Z,221.05,222.8,217,221.12,47754,5989,220.693
2025-08-11T04:00:00Z,222.4,230,222.3,229.99,55089,5130,226.215
2025-08-12T04:00:00Z,230.46,239.57,230.46,239,21978,3933,236.897
2025-08-13T04:00:00Z,241.14,246.51,240.11,244.61,28776,4417,243.318
2025-08-14T04:00:00Z,240.98,247.67,240.98,247.54,22712,3356,245.59
2025-08-15T04:00:00Z,248.63,248.63,236.111,237.66,35175,3457,239.795
2025-08-18T04:00:00Z,235.5,237.56,232.37,237.41,43142,4596,234.291
2025-08-19T04:00:00Z,237.42,241.7,236,239.9,25270,3357,239.935
2025-08-20T04:00:00Z,238.57,240.83,234.14,234.14,58927,6945,238.734
2025-08-21T04:00:00Z,231.84,238.24,230.57,237.71,56525,7188,236.173
2025-08-22T04:00:00Z,239.66,248.5,236.57,246.67,31418,3694,245.198
2025-08-25T04:00:00Z,244.95,246.12,243.75,245.11,23954,2908,245.065
2025-08-26T04:00:00Z,242.77,245.01,242.77,244.72,12434,1974,244.642
2025-08-27T04:00:00Z,244.61,248.41,244.61,247.21,19241,2214,246.75
2025-08-28T04:00:00Z,248.4,248.4,243.82,246.14,18072,1923,246.024
2025-08-29T04:00:00Z,247.45,249.2,246.7,248.26,17923,1576,247.727
2025-09-02T04:00:00Z,243.02,245.015,242.1,243.73,13110,1482,243.769
2025-09-03T04:00:00Z,243.34,247.41,241.04,247.215,32388,4014,244.275
2025-09-04T04:00:00Z,248.4,254.99,247.41,254.99,21829,2888,252.041
2025-09-05T04:00:00Z,256.26,256.26,250.54,251.73,19550,2816,252.236
2025-09-08T04:00:00Z,249.97,251.11,248.6,249.65,16024,2077,249.833
2025-09-09T04:00:00Z,250.1,251.06,247.7,248.32,27964,3646,248.927
2025-09-10T04:00:00Z,247.33,249.89,245.11,247.66,25660,3280,247.277
2025-09-11T04:00:00Z,249.89,257.82,249.275,256.99,35785,4742,255.053
2025-09-12T04:00:00Z,256.735,257.015,253.35,254.78,23498,3049,255.03
2025-09-15T04:00:00Z,255.33,257.39,252.86,254.84,43371,5488,255.989
2025-09-16T04:00:00Z,253.57,253.57,248.67,248.97,17311,2760,249.911
2025-09-17T04:00:00Z,250,254.5,249.62,250.81,26689,3453,252.177
2025-09-18T04:00:00Z,251.91,257.98,251.91,257.98,17056,2514,256.277
2025-09-19T04:00:00Z,258.7,259.02,254.06,254.15,36222,2845,255.193
2025-09-22T04:00:00Z,253.97,256.74,251.98,255.28,14301,1960,254.944
2025-09-23T04:00:00Z,257.91,260.15,257.91,258.36,20143,2533,258.793
2025-09-24T04:00:00Z,257.16,261.075,256.76,259.73,10930,1433,259.203
2025-09-25T04:00:00Z,257.54,260.11,257.15,258.19,10295,1301,258.602
2025-09-26T04:00:00Z,259.29,262.87,259.29,262.6,15636,1910,261.628
2025-09-29T04:00:00Z,263.9,263.9,260.69,262.69,25395,4657,261.994
2025-09-30T04:00:00Z,261.98,268.35,261.98,267.83,22022,4636,266.82
2025-10-01T04:00:00Z,263.67,270.93,263.67,268.88,25466,3410,267.325
2025-10-02T04:00:00Z,267.75,272.11,265.13,271.75,28682,4834,269.738
2025-10-03T04:00:00Z,276.525,279.52,273.66,273.96,55974,7725,277.586
2025-10-06T04:00:00Z,272.445,278.22,272.44,276.31,48710,4917,275.253
2025-10-07T04:00:00Z,275.23,275.79,265.69,268.26,42281,5448,269.134
2025-10-08T04:00:00Z,271.81,271.81,260.25,261.07,35003,4242,266.461
2025-10-09T04:00:00Z,258.58,259.2,254.3,256.15,32232,3966,256.065
2025-10-10T04:00:00Z,257.62,258.69,251.65,253.72,67188,9697,254.976
2025-10-13T04:00:00Z,255.85,260.26,248.36,255.09,37172,4385,253.599
2025-10-14T04:00:00Z,255.29,264.2,254.84,262.85,35733,4980,259.645
2025-10-15T04:00:00Z,261.02,262.53,256.51,261.12,37873,5099,258.082
2025-10-16T04:00:00Z,259.65,259.65,253.01,255.26,24204,2321,255.114
2025-10-17T04:00:00Z,254.99,260.36,250.65,258.31,40275,3901,256.68
2025-10-20T04:00:00Z,249.885,266.24,249.885,266.24,25995,2475,263.09
2025-10-21T04:00:00Z,267.35,267.35,264.21,265.07,17599,3532,265.219
2025-10-22T04:00:00Z,261.81,264.605,259.05,264.3,16609,2403,263.149
2025-10-23T04:00:00Z,264.73,265.445,260.605,264.52,14103,1872,262.929
2025-10-24T04:00:00Z,267.35,269.18,266.38,266.77,20253,2720,267.311
2025-10-27T04:00:00Z,268.82,269.77,265.1,265.1,38772,3869,267.441
2025-10-28T04:00:00Z,265.26,265.26,259.76,261.42,32076,3090,261.903
2025-10-29T04:00:00Z,261.3,263.5,255.05,255.05,25250,2745,259.895
2025-10-30T04:00:00Z,255.67,260.7,255.67,256.78,37166,4196,258.462
2025-10-31T04:00:00Z,256.2,260.26,256.2,258.59,30491,3075,258.118
2025-11-03T05:00:00Z,258.07,261.85,251.56,261.66,29365,3350,257.198
2025-11-04T05:00:00Z,260.32,265.13,257.5,265.13,21566,2645,261.169
2025-11-05T05:00:00Z,276.91,285.105,270,282.9,23483,2364,277.924
2025-11-06T05:00:00Z,281.8,286.5,274.13,274.54,31130,3711,279.651
2025-11-07T05:00:00Z,274.33,280.43,269.505,277.57,28736,3215,277.502
2025-11-10T05:00:00Z,280.89,280.89,275.3,277.26,20001,2227,278.192
2025-11-11T05:00:00Z,278,287.31,278,287.31,20174,2426,281.592
2025-11-12T05:00:00Z,287,288.98,280.93,282.05,33944,3659,284.994
2025-11-13T05:00:00Z,279.92,283,277.94,279.8,11905,1723,280.274
2025-11-14T05:00:00Z,279.2,279.345,274.2,277.6,26477,2402,277.205
2025-11-17T05:00:00Z,278.22,278.54,270,271.1,22026,1764,276.174
2025-11-18T05:00:00Z,271.8,276.585,271,273.88,20778,2024,273.404
2025-11-19T05:00:00Z,273.88,274.06,266.01,267.28,19657,1615,269.097
2025-11-20T05:00:00Z,269.83,272,262.35,263.49,27943,2597,266.615
2025-11-21T05:00:00Z,265.5,274.02,262.46,271.435,20443,2052,269.769
2025-11-24T05:00:00Z,269.68,273.67,269.5,273.09,11534,1198,272.409
2025-11-25T05:00:00Z,273.3,278.8,273.3,274.74,22818,2319,276.074
2025-11-26T05:00:00Z,276,285.735,275.4,282.02,29282,2209,281.3
2025-11-28T05:00:00Z,284.86,284.86,274.89,278.91,16287,1597,279.189
2025-12-01T05:00:00Z,268.44,269.07,261.666,264.39,32871,3161,265.709
2025-12-02T05:00:00Z,264,264.55,260.36,261.4,14576,1958,262.397
2025-12-03T05:00:00Z,262.06,264.05,260.59,262.68,23522,2224,263.154
2025-12-04T05:00:00Z,261.54,263.39,258.375,259.61,9427,1148,260.315
2025-12-05T05:00:00Z,259.99,265.25,249.51,250.45,30995,3877,253.387
2025-12-08T05:00:00Z,249.5,253.49,245.1,245.1,12233,1244,248.085
2025-12-09T05:00:00Z,243.65,248.93,241.89,242.02,9719,1170,245.478
2025-12-10T05:00:00Z,239.02,249.776,238.5,244.05,31919,2341,243.407
2025-12-11T05:00:00Z,237.9,249.19,237.9,248.09,16381,1919,247.306
2025-12-12T05:00:00Z,252.29,252.29,248.08,250.56,6606,973,250.215
2025-12-15T05:00:00Z,252.03,253.84,250.545,251.86,8783,1253,252.471
2025-12-16T05:00:00Z,253.8,256,248.74,249.43,12405,1365,251.56
2025-12-17T05:00:00Z,249.43,254.2,249.43,253.09,11550,1368,252.87
2025-12-18T05:00:00Z,255.15,260.662,253.02,257.94,29706,3258,257.251
2025-12-19T05:00:00Z,256.15,258.86,251.6,254.24,32484,2928,254.01
2025-12-22T05:00:00Z,255.92,255.92,250.26,250.43,11022,1388,252.398
2025-12-23T05:00:00Z,251.94,255.7,250.43,251.37,24125,2428,253.539
2025-12-24T05:00:00Z,252.07,252.07,248.732,251.96,5245,637,251.031
2025-12-26T05:00:00Z,252.04,254.14,248.99,250.3,13994,1859,251.153
2025-12-29T05:00:00Z,249.63,253.39,248.45,251.69,14830,1537,251.049
2025-12-30T05:00:00Z,250.42,251.74,249.96,250.66,10824,1452,250.668
2025-12-31T05:00:00Z,251.51,253,249.185,249.64,13275,1387,250.415
