timestamp,open,high,low,close,volume,tradeCount,vwap
2016-01-04T05:00:00Z,86.4,87.69,85.96,87.65,1432426,11739,87.0657
2016-01-05T05:00:00Z,87.88,89.25,87.21,88.17,1269864,11537,88.2707
2016-01-06T05:00:00Z,87.25,88.58,86.98,87.37,2149936,15686,87.5853
2016-01-07T05:00:00Z,85.82,87.62,85.52,86.24,2190305,19007,86.5801
2016-01-08T05:00:00Z,86.51,87.72,85.8,85.84,2326736,16517,86.4949
2016-01-11T05:00:00Z,86.6,87.46,85.39,86.94,1348699,12784,86.6975
2016-01-12T05:00:00Z,87.5,89.17,86.46,88.91,2055450,19484,87.84
2016-01-13T05:00:00Z,88.88,89.35,85.25,85.4,1503564,14761,86.1631
2016-01-14T05:00:00Z,85.5,85.54,84.25,84.49,1691679,14896,84.7669
2016-01-15T05:00:00Z,82.72,84.34,82.25,84.25,1738111,17459,83.3375
2016-01-19T05:00:00Z,84.99,85.46,83.2,84.34,1241774,14542,84.4505
2016-01-20T05:00:00Z,83.27,84.14,81.57,83.58,1412433,14471,83.0458
2016-01-21T05:00:00Z,83.69,84.56,82.43,82.85,1132641,10691,83.3135
2016-01-22T05:00:00Z,84,84.12,82.7,84.06,2183137,14190,83.6643
2016-01-25T05:00:00Z,83.9,84.76,83.41,84.13,1738202,12574,84.12
2016-01-26T05:00:00Z,84.29,85.72,84.17,85.62,1068766,8660,85.2638
2016-01-27T05:00:00Z,85.23,87.02,84.5566,84.84,1237279,10734,85.5271
2016-01-28T05:00:00Z,85.04,85.49,83.95,84.79,1009991,9431,84.6895
2016-01-29T05:00:00Z,85.28,87.11,84.965,86.97,1566170,11506,86.5347
2016-02-01T05:00:00Z,86.08,87.14,85.78,86.72,1453548,13187,86.5841
2016-02-02T05:00:00Z,84,84.09,77.03,78.24,6275597,47674,79.1118
2016-02-03T05:00:00Z,77.53,78.858,77.2507,77.89,3285295,24102,77.9813
2016-02-04T05:00:00Z,77.72,79.82,77.578,78.84,1526809,15303,78.9719
2016-02-05T05:00:00Z,78.84,78.84,74.92,75.68,1861802,17313,75.8951
2016-02-08T05:00:00Z,74.78,75.27,71.76,73.02,2108213,16805,73.5895
2016-02-09T05:00:00Z,72.2,73.72,72.085,72.73,1377221,11249,72.9984
2016-02-10T05:00:00Z,73.26,73.67,72.4,72.72,1352305,11443,73.0437
2016-02-11T05:00:00Z,71.72,72.4,70.97,71.71,1150808,10379,71.7301
2016-02-12T05:00:00Z,72.52,72.52,71.22,72.06,1037737,9114,71.9555
2016-02-16T05:00:00Z,73.04,73.55,72.53,73.46,1188397,10253,73.2086
2016-02-17T05:00:00Z,73.8,74.63,73.66,74.26,844904,8773,74.2894
2016-02-18T05:00:00Z,74.61,76.1,74.22,74.35,769640,8399,74.7241
2016-02-19T05:00:00Z,74.51,75.39,73.74,75.18,1242316,10448,74.9149
2016-02-22T05:00:00Z,75.81,76.83,75.81,76.44,1216597,10078,76.4037
2016-02-23T05:00:00Z,76,76.36,75.32,75.4,850244,8350,75.5988
2016-02-24T05:00:00Z,74.94,75.66,74.48,75.46,822533,8315,75.2602
2016-02-25T05:00:00Z,75.93,76.36,75.21,76.14,796852,8060,75.9396
2016-02-26T05:00:00Z,76.53,76.975,76.18,76.54,903091,7419,76.5883
2016-02-29T05:00:00Z,77.46,79.745,77.43,78.02,1848786,14225,78.2996
2016-03-01T05:00:00Z,78.77,80.23,77.73,79.4,1582929,15027,79.2596
2016-03-02T05:00:00Z,79.5,81.22,79,80.15,961037,10434,80.3834
2016-03-03T05:00:00Z,79.91,80.68,79.57,80.47,892817,8529,80.1618
2016-03-04T05:00:00Z,80.56,81.89,80.535,81.15,1000099,8917,81.3016
2016-03-07T05:00:00Z,80.55,80.65,78.89,79.33,1339199,10949,79.4022
2016-03-08T05:00:00Z,78.68,79.43,77.18,78.17,1609240,14040,78.078
2016-03-09T05:00:00Z,78.77,80.19,78.31,79.76,1142620,12132,79.6727
2016-03-10T05:00:00Z,79.9,81.13,78.79,79.64,882945,10917,79.6406
2016-03-11T05:00:00Z,80.13,80.63,78.95,80.42,998082,8190,80.0095
2016-03-14T04:00:00Z,80,80.54,79.53,79.59,909678,9119,79.9035
2016-03-15T04:00:00Z,78.63,79.53,76.73,77.66,1537249,14662,77.4106
2016-03-16T04:00:00Z,77.6,78.53,77.27,78.36,964888,10216,77.8395
2016-03-17T04:00:00Z,78.3,79.19,77.93,78.52,1056986,9616,78.6373
2016-03-18T04:00:00Z,78.89,79.57,78.52,78.9,1581713,9598,78.9153
2016-03-21T04:00:00Z,78.53,78.93,77.93,78.56,1035461,7280,78.5423
2016-03-22T04:00:00Z,78.24,80.32,78.1799,79.62,1218770,11348,79.434
2016-03-23T04:00:00Z,79.48,79.5,78.5,79.04,981636,8325,78.9485
2016-03-24T04:00:00Z,78.6,79.35,77.8,78.16,853704,7605,78.2274
2016-03-28T04:00:00Z,78.41,78.54,77.6,77.84,786119,7007,77.9008
2016-03-29T04:00:00Z,77.86,78.66,77.11,78.48,686099,7069,78.292
2016-03-30T04:00:00Z,78.84,79.1,77.8,78.71,976156,8870,78.4463
2016-03-31T04:00:00Z,78.62,79.1,77.34,77.86,1495835,9871,77.9623
2016-04-01T04:00:00Z,77.39,78,75.57,77.8,1998761,15132,77.6316
2016-04-04T04:00:00Z,77.82,77.93,76.94,76.99,981495,9166,77.3278
2016-04-05T04:00:00Z,76.34,76.39,75.01,75.06,1568571,13346,75.4337
2016-04-06T04:00:00Z,75.15,76.57,74.65,76.49,1506351,12875,75.8673
2016-04-07T04:00:00Z,76.21,76.81,75.72,76.33,1710340,11548,76.3251
2016-04-08T04:00:00Z,76.71,77.71,76.55,76.71,1091460,9831,76.9198
2016-04-11T04:00:00Z,77.04,77.54,76.43,76.45,889779,8682,77.0561
2016-04-12T04:00:00Z,76.42,76.93,75.8,76.72,1217639,9121,76.6639
2016-04-13T04:00:00Z,77.16,78.415,77.16,78.34,795376,8000,78.1452
2016-04-14T04:00:00Z,78.18,78.46,77.52,77.65,1062401,7892,77.8041
2016-04-15T04:00:00Z,77.28,77.67,76.73,77.39,909810,7604,77.2307
2016-04-18T04:00:00Z,77.33,77.8,77.05,77.69,1147581,7872,77.6089
2016-04-19T04:00:00Z,77.7,78.81,77.505,78.79,1063322,9356,78.5086
2016-04-20T04:00:00Z,78.66,79.51,78.05,79.3,981791,9157,79.184
2016-04-21T04:00:00Z,79.45,79.88,78.69,78.95,774032,6857,79.2391
2016-04-22T04:00:00Z,78.84,80.35,78.84,79.83,919310,7235,79.8663
2016-04-25T04:00:00Z,79.5,79.53,78.3,78.77,618838,6093,78.6549
2016-04-26T04:00:00Z,79.01,79.65,78.84,79.47,738446,6988,79.3892
2016-04-27T04:00:00Z,79.24,80.87,79.24,80.76,706357,6894,80.3874
2016-04-28T04:00:00Z,80.35,80.72,79.81,80.05,737930,7566,80.2438
2016-04-29T04:00:00Z,79.83,80.25,79.1,80.01,1115165,12106,79.7298
2016-05-02T04:00:00Z,80.13,80.95,79.51,80.86,1688370,9841,80.5892
2016-05-03T04:00:00Z,77.11,78.36,76.15,76.43,2325119,20983,76.8304
2016-05-04T04:00:00Z,75.7,76.1,73.32,74.4,2232101,20151,74.5333
2016-05-05T04:00:00Z,74.49,74.86,73.89,74.78,1081949,11081,74.5581
2016-05-06T04:00:00Z,74.59,74.815,73.7207,74.59,1025395,9086,74.3746
2016-05-09T04:00:00Z,74.66,76.19,74.66,75.67,1425787,12832,75.7361
2016-05-10T04:00:00Z,75.83,76.6,75.33,76.6,868529,8759,76.4104
2016-05-11T04:00:00Z,76.5,76.545,75.67,76.05,1070934,6825,75.9877
2016-05-12T04:00:00Z,76.28,76.56,75.61,76.11,723854,5976,76.0981
2016-05-13T04:00:00Z,75.9,76.42,75.42,75.92,776987,7319,75.9581
2016-05-16T04:00:00Z,75.9,77.41,75.71,77.07,852490,6730,77.0454
2016-05-17T04:00:00Z,76.93,77.865,76.75,77.49,1147043,10820,77.3448
2016-05-18T04:00:00Z,77.32,78.13,76.91,77.48,1076047,9398,77.5611
2016-05-19T04:00:00Z,76.86,77.57,76.55,77.51,889869,8981,77.1925
2016-05-20T04:00:00Z,78.06,78.84,77.62,78.74,735490,6221,78.4885
2016-05-23T04:00:00Z,78.74,78.8,78.15,78.33,540127,5281,78.4129
2016-05-24T04:00:00Z,78.54,79.15,78.265,78.98,583834,5901,78.9305
2016-05-25T04:00:00Z,79.02,79.79,78.69,79.36,632241,6218,79.387
2016-05-26T04:00:00Z,79.5,80.22,79.5,79.76,775865,6484,79.8491
2016-05-27T04:00:00Z,79.17,79.69,79.1,79.43,812274,7517,79.3386
2016-05-31T04:00:00Z,79.31,79.31,77.56,78.77,1325759,9255,78.4642
2016-06-01T04:00:00Z,78.35,79.72,78.255,79.56,539113,5467,79.3148
2016-06-02T04:00:00Z,79.56,79.853,79.17,79.77,526203,5198,79.6035
2016-06-03T04:00:00Z,79.7,80.2,79.07,79.99,610425,6084,79.8572
2016-06-06T04:00:00Z,80,81.463,79.44,80.93,980118,8903,80.8701
2016-06-07T04:00:00Z,81.07,81.88,81.07,81.35,832995,6960,81.3652
2016-06-08T04:00:00Z,81.4,82.16,81.25,81.87,946438,8001,81.8352
2016-06-09T04:00:00Z,81.49,81.93,81.04,81.22,578974,5996,81.3001
2016-06-10T04:00:00Z,81.26,82,80.76,81,981354,8965,81.2997
2016-06-13T04:00:00Z,80.7,81.62,80.5219,80.61,1126450,10386,81.0236
2016-06-14T04:00:00Z,80.48,81.24,80.31,80.98,1376362,10372,80.8653
2016-06-15T04:00:00Z,81.19,81.61,80.84,81.21,1235103,10813,81.2222
2016-06-16T04:00:00Z,80.65,82.08,80.25,81.99,1311607,10015,81.3362
2016-06-17T04:00:00Z,82.04,83,81.41,81.91,1854691,12374,82.0146
2016-06-20T04:00:00Z,83,83.54,82.76,83.17,1447245,11211,83.272
2016-06-21T04:00:00Z,83.1,83.97,83.05,83.5,1273969,10153,83.502
2016-06-22T04:00:00Z,83.73,84.28,83.23,83.39,963348,8280,83.6107
2016-06-23T04:00:00Z,84.38,84.75,83.65,84.14,865502,6881,84.0419
2016-06-24T04:00:00Z,82.04,82.62,80.93,80.98,1657427,11588,81.5027
2016-06-27T04:00:00Z,80.02,80.195,78.42,78.49,1475123,12202,79.3039
2016-06-28T04:00:00Z,79.56,80.34,78.67,80.3,1352654,10881,79.517
2016-06-29T04:00:00Z,80.93,82.21,80.79,82.09,792004,7576,81.8383
2016-06-30T04:00:00Z,82.47,83.4499,81.62,83.44,1153136,9277,82.9252
2016-07-01T04:00:00Z,83.5,83.92,82.29,82.59,760637,8137,82.6689
2016-07-05T04:00:00Z,82.01,82.07,81.24,81.54,885700,8260,81.603
2016-07-06T04:00:00Z,81.38,82.59,80.78,82.44,910512,8299,82.0934
2016-07-07T04:00:00Z,82.75,83.13,82.1,82.27,571116,5580,82.4028
2016-07-08T04:00:00Z,83.22,84.47,82.735,84.2,971137,7213,84.1098
2016-07-11T04:00:00Z,84.32,84.7,83.57,84.41,470914,4834,84.2808
2016-07-12T04:00:00Z,84.92,85.44,84.7,84.96,504901,5062,85.0568
2016-07-13T04:00:00Z,85.15,85.47,84.92,85.33,435962,4817,85.2865
2016-07-14T04:00:00Z,86,86.22,85.495,85.56,583937,5448,85.8077
2016-07-15T04:00:00Z,85.83,85.93,85.125,85.27,661251,5918,85.4454
2016-07-18T04:00:00Z,85.16,85.48,84.99,85.05,545962,5479,85.2134
2016-07-19T04:00:00Z,84.82,85.4084,84.7,85.32,477573,4951,85.1283
2016-07-20T04:00:00Z,85.64,86.23,85.38,86.03,673054,6319,85.9906
2016-07-21T04:00:00Z,86.02,86.36,85.64,85.93,531498,4258,85.9349
2016-07-22T04:00:00Z,85.94,86.66,85.84,86.56,460585,3781,86.4814
2016-07-25T04:00:00Z,86.27,86.5,85.29,85.5,750231,6829,85.5438
2016-07-26T04:00:00Z,85.42,86.47,85.32,86.32,709535,6756,86.0199
2016-07-27T04:00:00Z,86.45,86.5,85.77,86.03,688144,7007,86.0628
2016-07-28T04:00:00Z,85.79,86.66,85.59,86.53,448158,4803,86.3213
2016-07-29T04:00:00Z,86.42,86.77,86.06,86.62,528329,4220,86.5932
2016-08-01T04:00:00Z,86.48,86.58,85.41,85.65,1344935,11867,85.8224
2016-08-02T04:00:00Z,85.65,88.02,85.55,87.97,1754696,13390,86.8874
2016-08-03T04:00:00Z,87.91,88.1899,86.87,88.07,1712105,9436,87.7733
2016-08-04T04:00:00Z,88.06,88.49,87.75,88.25,991715,7287,88.205
2016-08-05T04:00:00Z,88.23,89.31,88.23,88.74,743380,6462,88.7982
2016-08-08T04:00:00Z,88.87,89.4099,88.27,88.97,998508,8776,88.9936
2016-08-09T04:00:00Z,89.04,90.42,88.815,89.79,753779,7286,89.8184
2016-08-10T04:00:00Z,89.71,90.55,89.65,89.98,792954,7542,89.9486
2016-08-11T04:00:00Z,89.98,90,89.24,89.88,637421,5605,89.7937
2016-08-12T04:00:00Z,89.86,89.975,89.55,89.83,447320,4368,89.7731
2016-08-15T04:00:00Z,90,91.4,90,90.75,816433,7003,90.8598
2016-08-16T04:00:00Z,90.59,90.76,89.97,90,805932,6952,90.241
2016-08-17T04:00:00Z,90.2,90.57,89.45,89.92,590176,6595,89.9111
2016-08-18T04:00:00Z,89.98,90.75,89.89,90.64,406040,3813,90.5231
2016-08-19T04:00:00Z,90.35,91.115,90.18,90.94,401381,4032,90.7535
2016-08-22T04:00:00Z,90.68,91.52,90.52,91.24,687437,6139,91.2385
2016-08-23T04:00:00Z,91.5,91.89,91.325,91.34,599809,5307,91.4708
2016-08-24T04:00:00Z,91.61,91.99,90.905,91.02,779400,5801,91.1399
2016-08-25T04:00:00Z,91.15,91.53,90.81,91.27,738238,6740,91.2907
2016-08-26T04:00:00Z,91.35,91.62,90.44,90.84,654155,7427,90.9086
2016-08-29T04:00:00Z,90.94,92.69,90.84,92.62,850175,6982,92.2749
2016-08-30T04:00:00Z,92.91,92.91,92.03,92.73,718753,5918,92.5702
2016-08-31T04:00:00Z,92.63,93.06,91.95,92.98,679245,5621,92.7766
2016-09-01T04:00:00Z,93.22,93.61,92.34,92.85,894380,8609,92.776
2016-09-02T04:00:00Z,93.36,93.715,93.02,93.69,464520,4792,93.4633
2016-09-06T04:00:00Z,93.75,94.09,93.025,93.8,869529,6523,93.7354
2016-09-07T04:00:00Z,93.31,93.925,92.97,93.3,865544,6763,93.327
2016-09-08T04:00:00Z,93.18,93.29,92.53,92.8,547636,5196,92.8097
2016-09-09T04:00:00Z,91.97,92.125,90.86,90.86,606417,5703,91.3598
2016-09-12T04:00:00Z,90.11,92.03,89.9504,91.92,717124,7163,91.3878
2016-09-13T04:00:00Z,91.18,91.84,89.5,89.85,2952060,10672,89.7172
2016-09-14T04:00:00Z,89.8,90.95,89.26,89.55,789148,8512,89.9075
2016-09-15T04:00:00Z,89.25,90.45,89.12,90.33,791568,8403,90.1001
2016-09-16T04:00:00Z,89.92,90.3,89.23,89.36,895438,5520,89.5284
2016-09-19T04:00:00Z,89.95,90.46,89.36,89.52,505158,5609,89.7975
2016-09-20T04:00:00Z,89.86,90.13,88.907,89.31,640056,5896,89.4101
2016-09-21T04:00:00Z,89.41,90.08,89.08,89.9,630343,6290,89.7406
2016-09-22T04:00:00Z,90.61,91,90.2,90.81,448598,5164,90.6741
2016-09-23T04:00:00Z,90.81,91.225,90.5,90.88,557512,5845,90.889
2016-09-26T04:00:00Z,90.15,91,90,90.13,600895,5086,90.2656
2016-09-27T04:00:00Z,90.02,91.63,89.75,91.58,633039,6567,91.3592
2016-09-28T04:00:00Z,91.59,92.12,91.28,91.95,718347,5525,91.8295
2016-09-29T04:00:00Z,91.92,92.41,90.24,90.61,598692,6504,90.9217
2016-09-30T04:00:00Z,91.02,91.93,90.38,91.61,841998,6487,91.5036
2016-10-03T04:00:00Z,91.31,91.75,91.04,91.5,1060760,4488,91.4973
2016-10-04T04:00:00Z,91.58,92.02,90.53,91.26,739021,8139,91.2931
2016-10-05T04:00:00Z,91.75,92.15,91.28,91.79,589412,4995,91.6911
2016-10-06T04:00:00Z,91.47,92.35,91.15,92.28,445581,5328,92.0106
2016-10-07T04:00:00Z,92.48,92.9,91.9,92.62,600075,5978,92.5631
2016-10-10T04:00:00Z,92.94,93.39,92.39,92.45,434034,4317,92.7642
2016-10-11T04:00:00Z,92.19,92.24,90.74,91.17,426748,4967,91.3062
2016-10-12T04:00:00Z,91.03,91.81,90.84,91.06,571686,5888,91.3447
2016-10-13T04:00:00Z,90.3,90.83,89.38,89.78,677372,7429,89.8424
2016-10-14T04:00:00Z,90.42,90.81,89.67,89.67,570038,5942,89.966
2016-10-17T04:00:00Z,89.66,89.905,89.4,89.58,660559,5552,89.5819
2016-10-18T04:00:00Z,90.4,90.49,89.51,90.39,864545,5537,90.2164
2016-10-19T04:00:00Z,89.82,91.82,89.82,91.64,585218,5154,91.458
2016-10-20T04:00:00Z,91.65,91.7,90.8801,91.05,328065,3180,91.1836
2016-10-21T04:00:00Z,90.3,90.82,89.88,90.54,332213,3067,90.4633
2016-10-24T04:00:00Z,91.24,91.5447,90.98,91.28,386656,3548,91.247
2016-10-25T04:00:00Z,91.16,91.5,90.31,90.71,573590,5617,90.6508
2016-10-26T04:00:00Z,90.4,91.57,90.21,91.38,806671,6607,91.111
2016-10-27T04:00:00Z,91.61,91.66,88.89,88.98,748268,7604,89.4304
2016-10-28T04:00:00Z,89.59,90.19,89.02,89.39,585848,6504,89.5346
2016-10-31T04:00:00Z,89.89,90,89.01,89.21,906690,8240,89.3205
2016-11-01T04:00:00Z,92.28,93.4,90.95,92.73,1554246,13122,92.4953
2016-11-02T04:00:00Z,93.03,93.89,92.51,93.16,1491395,12126,93.1925
2016-11-03T04:00:00Z,92.99,93.42,92.4,92.8,599862,6357,92.7511
2016-11-04T04:00:00Z,92.78,94.66,92.35,94.25,1193682,12078,94.2237
2016-11-07T05:00:00Z,96,97.22,95.52,96.98,1351678,8813,96.8859
2016-11-08T05:00:00Z,96.97,97.9499,96.6701,97.46,813282,9205,97.5645
2016-11-09T05:00:00Z,97.17,101.47,96.82,101.2,1610264,14381,99.9925
2016-11-10T05:00:00Z,101.82,103.02,100.89,102.81,1278710,13983,102.255
2016-11-11T05:00:00Z,102.18,103.99,102.07,103.42,903870,9803,103.37
2016-11-14T05:00:00Z,103.97,105.9,103.61,105.07,1298817,13427,105.198
2016-11-15T05:00:00Z,105.26,105.93,104.33,104.87,861261,10202,104.768
2016-11-16T05:00:00Z,104.28,104.54,103.7,104,857103,8742,104.025
2016-11-17T05:00:00Z,103.87,104.2,103.08,103.79,1188090,11269,103.737
2016-11-18T05:00:00Z,103.88,104,102.73,103.57,911843,7486,103.454
2016-11-21T05:00:00Z,103.92,104.65,102.98,103.9,638777,6122,103.631
2016-11-22T05:00:00Z,104.11,104.41,103.34,104.05,1146896,9617,103.885
2016-11-23T05:00:00Z,104.07,104.534,103.37,104.17,883543,5553,104.038
2016-11-25T05:00:00Z,104.52,105.07,104.15,104.79,198198,1981,104.811
2016-11-28T05:00:00Z,104.39,104.72,103.67,104.01,1059669,8534,104.065
2016-11-29T05:00:00Z,104.26,105.52,104.035,104.68,835444,7683,104.807
2016-11-30T05:00:00Z,105.17,105.78,103.54,103.56,957788,7224,103.803
2016-12-01T05:00:00Z,104.06,104.82,103.54,104.34,883203,9449,104.22
2016-12-02T05:00:00Z,104.3,105.71,104.067,104.96,773739,7613,104.845
2016-12-05T05:00:00Z,105.66,106.17,105.39,105.94,846913,8896,105.811
2016-12-06T05:00:00Z,105.78,106.52,105.06,106.48,763932,7642,106.02
2016-12-07T05:00:00Z,106.65,107.54,106.425,107.13,902245,8447,106.971
2016-12-08T05:00:00Z,107.04,107.44,105.38,105.91,1047361,11516,105.953
2016-12-09T05:00:00Z,106.32,106.32,104.506,105.51,712414,7965,105.244
2016-12-12T05:00:00Z,105,105.2,104.14,105.02,905122,9810,104.827
2016-12-13T05:00:00Z,105.55,106.02,104.64,105.45,859340,8268,105.435
2016-12-14T05:00:00Z,105.38,105.95,104.82,105.15,723137,8719,105.334
2016-12-15T05:00:00Z,105.34,105.92,104.81,105,584614,7127,105.198
2016-12-16T05:00:00Z,105.08,105.44,103.87,104,1655810,7624,104.179
2016-12-19T05:00:00Z,104.28,105,103.59,104.35,671075,5952,104.395
2016-12-20T05:00:00Z,104.55,104.625,103.89,104.21,555263,6350,104.174
2016-12-21T05:00:00Z,104.32,104.44,103.74,103.79,517360,6608,103.928
2016-12-22T05:00:00Z,104.13,104.4,102.96,103.7,402273,4538,103.576
2016-12-23T05:00:00Z,103.7,103.81,103.25,103.72,257766,2792,103.645
2016-12-27T05:00:00Z,103.72,104.16,103.12,103.43,353035,3937,103.514
2016-12-28T05:00:00Z,103.5,103.94,103.24,103.34,506480,6276,103.435
2016-12-29T05:00:00Z,103.19,103.5,102.63,103.11,596270,3693,103.097
2016-12-30T05:00:00Z,103.56,103.56,102.09,102.47,640745,5875,102.494
2017-01-03T05:00:00Z,103.38,103.85,102.45,102.72,771218,7586,102.759
2017-01-04T05:00:00Z,103,103.59,102.49,103.28,703953,7276,103.212
2017-01-05T05:00:00Z,103.11,103.93,102.69,103.41,698752,8149,103.157
2017-01-06T05:00:00Z,103.51,104.71,103.47,104.55,732160,7862,104.181
2017-01-09T05:00:00Z,104.19,104.38,102.12,102.14,646891,6982,102.539
2017-01-10T05:00:00Z,102.24,102.26,101.16,101.71,541482,6102,101.673
2017-01-11T05:00:00Z,101.42,101.95,101.05,101.79,457991,5107,101.567
2017-01-12T05:00:00Z,101.77,102.065,101.01,101.79,422749,4901,101.634
2017-01-13T05:00:00Z,101.9,102,101.19,101.76,412779,4485,101.685
2017-01-17T05:00:00Z,101.2,101.375,99.8865,100.18,588834,5874,100.245
2017-01-18T05:00:00Z,100.29,101.4,100.09,100.85,743462,7362,100.896
2017-01-19T05:00:00Z,101.06,101.71,99.795,99.99,677019,5525,100.154
2017-01-20T05:00:00Z,100.45,100.7,99.89,100.19,550397,4671,100.235
2017-01-23T05:00:00Z,100.1,100.94,99.13,100.71,603114,6055,100.576
2017-01-24T05:00:00Z,100.72,102.41,100.58,102.07,476844,4795,101.831
2017-01-25T05:00:00Z,102.37,102.37,100.83,101.12,508536,5022,101.299
2017-01-26T05:00:00Z,101.01,101.65,100.99,101.23,407673,4932,101.239
2017-01-27T05:00:00Z,101.46,103.61,101.03,102.53,768430,7370,102.672
2017-01-30T05:00:00Z,104.29,104.29,101.88,102.38,591405,6256,102.254
2017-01-31T05:00:00Z,102.17,102.73,100.61,102.71,718598,7350,101.977
2017-02-01T05:00:00Z,102.82,103.34,101.5,101.83,790998,8656,101.997
2017-02-02T05:00:00Z,100.81,105.32,100.791,104.98,1449548,10789,104.375
2017-02-03T05:00:00Z,105.47,105.47,104.24,104.3,1069395,11087,104.631
2017-02-06T05:00:00Z,104.15,105.9,104.015,105.13,1455451,12547,105.249
2017-02-07T05:00:00Z,104.93,105.47,104.04,105.34,900854,8361,105.069
2017-02-08T05:00:00Z,104.98,105.61,104.58,104.91,2256982,11632,105.156
2017-02-09T05:00:00Z,105.33,105.81,104.47,104.49,918626,8464,104.935
2017-02-10T05:00:00Z,105.01,105.93,104.16,105.74,742946,7760,105.47
2017-02-13T05:00:00Z,106.01,107.03,105.8,107.01,707193,7998,106.677
2017-02-14T05:00:00Z,106.36,107.97,106,107.94,763306,7432,107.645
2017-02-15T05:00:00Z,107.3,108.09,107.11,107.32,1047527,8687,107.45
2017-02-16T05:00:00Z,107.57,108.82,107.515,108.65,1153571,10269,108.375
2017-02-17T05:00:00Z,108.57,109.47,108,109.46,659312,6489,108.922
2017-02-21T05:00:00Z,109.54,111.2,109.54,111.02,788848,7660,110.714
2017-02-22T05:00:00Z,110.51,110.7,109.63,110.44,757015,8062,110.268
2017-02-23T05:00:00Z,110.45,110.74,109.59,109.84,1415618,8417,109.938
2017-02-24T05:00:00Z,109.62,111.1,109.5,111.1,788768,7200,110.661
2017-02-27T05:00:00Z,111.1,111.67,110.94,111.37,2157481,6938,111.374
2017-02-28T05:00:00Z,110.96,111.62,109.51,109.9,1011948,7857,110.157
2017-03-01T05:00:00Z,110.8,111.26,110.38,110.91,966687,8626,110.91
2017-03-02T05:00:00Z,110.81,111.265,110.05,110.3,1008353,6595,110.37
2017-03-03T05:00:00Z,110.5,110.59,109.98,110.46,1047279,5478,110.43
2017-03-06T05:00:00Z,109.68,110.19,109.32,109.9,894902,6768,109.88
2017-03-07T05:00:00Z,109.63,110.515,109.515,109.73,620765,6383,109.826
2017-03-08T05:00:00Z,109.73,110.15,109.3,110.03,923600,6905,109.95
2017-03-09T05:00:00Z,109.91,110.81,109.62,109.99,1095172,10184,110.099
2017-03-10T05:00:00Z,109.44,110.64,109.2,110.62,823246,7504,110.224
2017-03-13T04:00:00Z,110.34,111.22,109.77,110.79,807422,7543,110.761
2017-03-14T04:00:00Z,110,110.7,109.88,110.56,593544,5339,110.385
2017-03-15T04:00:00Z,110.85,111.92,110.57,111.75,858343,6523,111.448
2017-03-16T04:00:00Z,111.92,112.34,111.45,111.65,601673,5984,111.7
2017-03-17T04:00:00Z,111.98,112.69,111.57,112.31,2211823,8500,112.262
2017-03-20T04:00:00Z,112.41,112.819,112.14,112.55,482662,5445,112.492
2017-03-21T04:00:00Z,112.59,112.995,110.76,110.9,1172121,10688,111.781
2017-03-22T04:00:00Z,110.91,111.23,110.26,110.99,501192,6010,110.93
2017-03-23T04:00:00Z,110.84,111.96,110.73,111.42,623235,6550,111.398
2017-03-24T04:00:00Z,111.21,112.16,110.45,110.89,557245,6606,111.122
2017-03-27T04:00:00Z,110.05,110.97,109.426,110.79,1517820,5675,110.668
2017-03-28T04:00:00Z,110.64,111.99,110.5,111.69,488154,5951,111.558
2017-03-29T04:00:00Z,111.54,111.76,110.4,111.13,573519,6483,111.044
2017-03-30T04:00:00Z,111.2,112.05,110.88,111.79,703493,8060,111.633
2017-03-31T04:00:00Z,111.6,111.6,110.74,111.27,934044,7603,111.224
2017-04-03T04:00:00Z,111.38,111.69,109.79,110.27,1909304,7620,110.312
2017-04-04T04:00:00Z,110.23,110.951,109.69,110.11,634752,7448,110.21
2017-04-05T04:00:00Z,110.55,110.65,109.01,109.05,844272,8703,109.71
2017-04-06T04:00:00Z,109.29,110.07,109.02,109.49,839531,6312,109.57
2017-04-07T04:00:00Z,109.89,110.763,109.57,110.17,937597,6656,110.234
2017-04-10T04:00:00Z,110.4,110.83,109.77,110.06,758074,6075,110.15
2017-04-11T04:00:00Z,109.71,109.94,109.25,109.94,459406,6782,109.668
2017-04-12T04:00:00Z,110.55,111.36,109.927,110.29,478086,5987,110.369
2017-04-13T04:00:00Z,110.14,110.765,109.97,110.02,703286,6359,110.296
2017-04-17T04:00:00Z,110.54,110.58,109.79,110.21,1109339,9484,110.087
2017-04-18T04:00:00Z,109.72,110.33,109.32,109.56,943724,9373,109.763
2017-04-19T04:00:00Z,110.07,110.25,109.37,109.42,907946,8609,109.72
2017-04-20T04:00:00Z,109.9,110.51,109.49,109.95,1426835,13509,109.867
2017-04-21T04:00:00Z,110.17,111.31,110.01,110.27,876190,8175,110.459
2017-04-24T04:00:00Z,111.53,112.08,111.27,111.69,733254,6764,111.623
2017-04-25T04:00:00Z,112.02,112.19,111.21,111.21,951308,8602,111.467
2017-04-26T04:00:00Z,111.33,111.82,110.87,111.13,1034350,9591,111.258
2017-04-27T04:00:00Z,111.56,113.33,111.435,113.29,763213,8977,112.856
2017-04-28T04:00:00Z,112.99,113.58,111.72,111.89,1589124,8810,112.112
2017-05-01T04:00:00Z,111.56,111.56,109.2,109.71,1139780,11318,109.779
2017-05-02T04:00:00Z,109.57,109.94,109.12,109.54,1108163,10374,109.527
2017-05-03T04:00:00Z,109.29,110.42,108.35,109.25,1004277,10893,109.051
2017-05-04T04:00:00Z,109.73,110.49,109.5,110,887855,10309,109.957
2017-05-05T04:00:00Z,110.28,111.8,110.23,110.72,1046142,9816,110.717
2017-05-08T04:00:00Z,110.82,111.1,107.854,108,1503079,13204,108.549
2017-05-09T04:00:00Z,107.77,108.53,107.22,108.5,1330681,12735,108.104
2017-05-10T04:00:00Z,108.44,108.96,108.17,108.96,781262,6961,108.784
2017-05-11T04:00:00Z,108.51,109.05,108.04,108.97,602315,6449,108.72
2017-05-12T04:00:00Z,109.15,109.15,107.603,107.76,585791,6065,107.902
2017-05-15T04:00:00Z,107.89,108.82,107.73,108.63,661441,6767,108.529
2017-05-16T04:00:00Z,108.79,108.99,108.38,108.64,674943,7128,108.595
2017-05-17T04:00:00Z,107.59,107.94,107.06,107.18,1267730,11499,107.416
2017-05-18T04:00:00Z,107.09,107.64,106.18,107.44,943616,8961,107.213
2017-05-19T04:00:00Z,107.95,108.46,107.46,107.81,3225754,10036,107.831
2017-05-22T04:00:00Z,108.33,109.29,108.07,108.55,838519,6506,108.475
2017-05-23T04:00:00Z,108.53,109.21,107.91,108.94,560391,5341,108.695
2017-05-24T04:00:00Z,108.7,110,108.64,109.88,867663,6761,109.681
2017-05-25T04:00:00Z,110,111.35,109.62,111.05,643937,7014,110.916
2017-05-26T04:00:00Z,110.93,111.16,110.15,110.56,841500,7527,110.596
2017-05-30T04:00:00Z,110.56,111.28,109.86,110.53,978076,6717,110.551
2017-05-31T04:00:00Z,110.4,112.23,109.96,112.16,1527622,9526,111.798
2017-06-01T04:00:00Z,112.26,113.36,112.01,113.36,705879,7461,113.034
2017-06-02T04:00:00Z,113.56,114.32,113.44,113.82,721487,8121,113.841
2017-06-05T04:00:00Z,113.44,113.68,112.685,112.74,862234,7756,113.11
2017-06-06T04:00:00Z,112.32,112.52,110.68,110.89,1461692,10142,111.14
2017-06-07T04:00:00Z,110.72,111.8,110.22,110.45,1564056,9447,110.546
2017-06-08T04:00:00Z,110.28,111.293,110,111.21,692725,6835,110.95
2017-06-09T04:00:00Z,111.29,111.54,108.76,109.06,2234495,11130,109.531
2017-06-12T04:00:00Z,109.18,109.28,107.78,108.53,1148328,10190,108.383
2017-06-13T04:00:00Z,109.02,109.54,108.74,109.31,909523,7678,109.27
2017-06-14T04:00:00Z,109.9,109.97,108.79,109.37,827126,7315,109.315
2017-06-15T04:00:00Z,108.85,109.89,108.26,109.5,1041059,7278,109.355
2017-06-16T04:00:00Z,109.77,110.6,109.13,110.54,3306408,9114,110.449
2017-06-19T04:00:00Z,110.73,112.3,110.39,112.28,780580,7143,111.835
2017-06-20T04:00:00Z,112.01,112.69,111.84,111.87,607419,5977,112.13
2017-06-21T04:00:00Z,111.81,112.33,111.49,111.71,500760,5239,111.8
2017-06-22T04:00:00Z,111.62,112.25,110.99,110.99,458955,4390,111.246
2017-06-23T04:00:00Z,111.02,111.6,110.66,111.39,1836386,6139,111.363
2017-06-26T04:00:00Z,111.52,112.425,110.71,110.91,620346,6262,111.115
2017-06-27T04:00:00Z,110.8,111.095,109.31,109.35,518801,5460,109.662
2017-06-28T04:00:00Z,110.02,110.83,109.53,110.42,565271,5200,110.425
2017-06-29T04:00:00Z,110.3,110.3,108.29,108.99,1022277,6218,108.969
2017-06-30T04:00:00Z,109.21,110.21,108.7,109.08,550374,4807,109.184
2017-07-03T04:00:00Z,109.8,110.21,109.08,109.67,512765,4506,109.867
2017-07-05T04:00:00Z,109.66,110.95,109.56,110.83,771891,7872,110.666
2017-07-06T04:00:00Z,110.38,111.015,110.2,110.28,737721,6955,110.386
2017-07-07T04:00:00Z,111.16,113.03,110.66,112.81,1260798,6537,112.689
2017-07-10T04:00:00Z,112.82,114.22,112.4,113.9,2085468,7181,113.85
2017-07-11T04:00:00Z,113.9,114.97,113.64,114.72,844865,7804,114.498
2017-07-12T04:00:00Z,115.44,116.09,115,115.59,606990,6258,115.613
2017-07-13T04:00:00Z,115.66,115.79,114.79,115.14,724821,6672,115.194
2017-07-14T04:00:00Z,115.22,115.43,114.07,115.18,1259714,8558,115.083
2017-07-17T04:00:00Z,115,115.15,113.39,113.49,1206330,10069,113.842
2017-07-18T04:00:00Z,113.09,113.8,112.925,113.78,651379,6359,113.497
2017-07-19T04:00:00Z,114.14,114.651,114.14,114.43,603548,5101,114.408
2017-07-20T04:00:00Z,114.59,114.76,113.95,114.23,561793,5424,114.287
2017-07-21T04:00:00Z,113.92,114.52,113.645,113.94,1222959,8215,114
2017-07-24T04:00:00Z,114.08,114.41,113.67,113.94,764817,6943,113.984
2017-07-25T04:00:00Z,114.42,115.1,114.05,114.97,381811,4558,114.857
2017-07-26T04:00:00Z,115.27,115.529,114.57,115.23,489020,4593,115.166
2017-07-27T04:00:00Z,115.64,115.64,113.28,113.88,752525,7199,114.047
2017-07-28T04:00:00Z,113.88,114.47,113.7,114.41,420913,4365,114.25
2017-07-31T04:00:00Z,114.8,114.97,113.97,114.47,857554,8857,114.532
2017-08-01T04:00:00Z,113.62,116.49,111.72,115.85,1127805,11373,114.697
2017-08-02T04:00:00Z,116.05,116.925,115.97,116.25,1063114,10544,116.287
2017-08-03T04:00:00Z,116.04,116.95,115.951,116.91,637152,6140,116.628
2017-08-04T04:00:00Z,117.71,117.71,116.38,116.69,417432,4210,116.767
2017-08-07T04:00:00Z,116.69,117.42,116.62,117.38,614428,5407,117.127
2017-08-08T04:00:00Z,117.26,117.81,116.73,116.89,673495,5070,117.224
2017-08-09T04:00:00Z,116.75,118.59,116.73,118.55,633717,6999,118.097
2017-08-10T04:00:00Z,117.86,118.99,117.86,118.23,1014382,9224,118.432
2017-08-11T04:00:00Z,118.27,119.07,118.18,118.37,582862,5866,118.613
2017-08-14T04:00:00Z,119,120.29,118.985,119.84,950185,7089,119.884
2017-08-15T04:00:00Z,120.03,120.54,119.69,119.79,638903,6574,119.932
2017-08-16T04:00:00Z,119.99,121.27,119.98,120.25,551230,6099,120.468
2017-08-17T04:00:00Z,119.35,120.65,119.11,119.11,620167,6189,119.671
2017-08-18T04:00:00Z,118.97,119.34,118.655,118.71,636690,5142,118.873
2017-08-21T04:00:00Z,118.7,119.07,117.46,118.56,543647,5127,118.457
2017-08-22T04:00:00Z,118.86,120.34,118.615,119.99,515726,5808,119.867
2017-08-23T04:00:00Z,119.985,119.985,118.94,119.08,567967,5368,119.262
2017-08-24T04:00:00Z,119.32,119.53,118.74,118.84,372491,4461,118.944
2017-08-25T04:00:00Z,119.3,120.07,119.06,119.66,366719,4208,119.695
2017-08-28T04:00:00Z,120.28,122.37,120.28,121.33,1573877,8853,121.526
2017-08-29T04:00:00Z,120.76,121.7,120.57,121.51,821242,7645,121.281
2017-08-30T04:00:00Z,121.56,122.39,121.16,122.34,983906,8707,121.855
2017-08-31T04:00:00Z,122.45,123.26,122.34,122.9,1026981,9022,122.905
2017-09-01T04:00:00Z,123.52,123.57,122.55,123.15,493255,5804,123.083
2017-09-05T04:00:00Z,123,123.31,122.03,122.89,733585,7328,122.696
2017-09-06T04:00:00Z,123.38,123.38,122.1,122.72,863882,8224,122.664
2017-09-07T04:00:00Z,122.64,122.76,121.61,122.45,640082,7078,122.422
2017-09-08T04:00:00Z,122.14,123.03,121.38,122.51,581904,5617,122.495
2017-09-11T04:00:00Z,123.08,123.47,122.9,123.27,789513,5257,123.244
2017-09-12T04:00:00Z,123.5,123.75,123.01,123.67,468074,4958,123.546
2017-09-13T04:00:00Z,123.38,123.76,122.81,123.29,737874,5552,123.263
2017-09-14T04:00:00Z,123,124.35,122.61,124.25,1124742,7371,124.017
2017-09-15T04:00:00Z,124.75,126.98,124.75,126.87,1952853,9719,126.391
2017-09-18T04:00:00Z,127.33,128.98,126.97,128.98,1174619,7734,128.63
2017-09-19T04:00:00Z,129.18,130.97,128.62,130.91,1202771,9382,130.352
2017-09-20T04:00:00Z,131.13,131.63,130.64,131.6,839133,6793,131.336
2017-09-21T04:00:00Z,131.43,131.9,130.72,131.06,762143,5768,131.059
2017-09-22T04:00:00Z,131.41,131.89,131.06,131.8,697646,4482,131.705
2017-09-25T04:00:00Z,131.52,131.71,129.86,130.75,871298,7160,130.553
2017-09-26T04:00:00Z,131,131.7,130.75,131.52,390294,4360,131.383
2017-09-27T04:00:00Z,131.61,132,130.79,131.36,656498,6536,131.257
2017-09-28T04:00:00Z,131.13,131.51,130.17,130.95,574224,5577,130.767
2017-09-29T04:00:00Z,130.87,131.74,130.38,131.68,527710,5539,131.419
2017-10-02T04:00:00Z,131.8,132.83,131.52,132.81,576952,5280,132.511
2017-10-03T04:00:00Z,133,133.8,132.245,133.31,583317,4895,133.088
2017-10-04T04:00:00Z,133.01,134.01,132.59,134,499513,4321,133.75
2017-10-05T04:00:00Z,134.14,135,134,134.79,446971,4054,134.677
2017-10-06T04:00:00Z,134.46,135.748,134.19,135.66,541441,5027,135.436
2017-10-09T04:00:00Z,136,136.21,135.55,135.88,513418,4506,135.855
2017-10-10T04:00:00Z,136.41,136.63,135.54,136.07,595733,4152,135.995
2017-10-11T04:00:00Z,136.12,136.45,135.64,136,569859,3592,136
2017-10-12T04:00:00Z,135.81,136.83,135.81,136.62,484051,4379,136.538
2017-10-13T04:00:00Z,136.935,137.16,136.44,136.56,469498,4126,136.664
2017-10-16T04:00:00Z,136.76,136.85,135.83,135.9,461971,4529,136.04
2017-10-17T04:00:00Z,135.95,136.97,135.95,136.09,509811,5055,136.327
2017-10-18T04:00:00Z,136.3,136.45,134.34,134.84,573684,5773,134.878
2017-10-19T04:00:00Z,134.69,135.74,133.66,135.61,499908,5814,135.218
2017-10-20T04:00:00Z,136.2,137.17,135.49,136.73,531266,4102,136.471
2017-10-23T04:00:00Z,137.48,137.64,136.6,136.82,706090,4169,136.919
2017-10-24T04:00:00Z,137.17,137.39,136.48,136.96,465006,4185,137.029
2017-10-25T04:00:00Z,137,137.44,136.08,136.56,538264,4266,136.662
2017-10-26T04:00:00Z,136.88,137.39,135.53,135.86,460012,4746,135.964
2017-10-27T04:00:00Z,136.46,137.06,136.11,136.53,335582,3606,136.585
2017-10-30T04:00:00Z,136.7,136.84,135.16,135.64,812113,6262,135.613
2017-10-31T04:00:00Z,135.65,139.53,135.21,139.32,894206,9201,138.483
2017-11-01T04:00:00Z,140.86,141.97,136.79,137.15,1087160,8633,137.83
2017-11-02T04:00:00Z,137.16,137.27,135.95,137.1,689018,5854,136.92
2017-11-03T04:00:00Z,137.87,139.75,137.26,139.41,1065772,6322,138.931
2017-11-06T05:00:00Z,139.56,139.56,138.35,138.99,899224,7422,138.928
2017-11-07T05:00:00Z,139.03,139.72,138.34,139.37,577678,5113,139.174
2017-11-08T05:00:00Z,139.29,141.54,139,141.29,666202,6794,140.928
2017-11-09T05:00:00Z,140.46,140.81,136.77,137.56,720365,7742,138.174
2017-11-10T05:00:00Z,136.93,138.88,136.93,138.76,648299,6630,138.442
2017-11-13T05:00:00Z,138.22,139.48,137.86,138.97,437130,4139,138.911
2017-11-14T05:00:00Z,138.55,139.37,137.25,139.34,499490,5598,138.922
2017-11-15T05:00:00Z,139.13,139.2,137.82,138.97,471223,4146,138.847
2017-11-16T05:00:00Z,139.27,140.48,139.26,140.35,570963,4698,140.141
2017-11-17T05:00:00Z,140.09,141.12,139.73,139.84,757149,5134,140.024
2017-11-20T05:00:00Z,140.37,142.04,140.25,141.92,622555,6128,141.7
2017-11-21T05:00:00Z,142.98,144.75,142.51,144,1119937,8901,143.913
2017-11-22T05:00:00Z,144,144,142.52,142.52,737353,5338,142.721
2017-11-24T05:00:00Z,142.77,144.24,142.35,143.94,338141,3283,143.847
2017-11-27T05:00:00Z,143.45,144.24,143.1,143.5,604382,4817,143.546
2017-11-28T05:00:00Z,143.89,144.47,143.52,144.2,660863,6107,144.167
2017-11-29T05:00:00Z,144.2,144.63,142,143.22,710614,8646,143.166
2017-11-30T05:00:00Z,143.98,144.94,142.591,144.5,3736481,9503,144.478
2017-12-01T05:00:00Z,144.24,144.41,140.975,142.86,930159,7715,142.889
2017-12-04T05:00:00Z,144.04,144.04,141.11,141.69,816990,7282,142.011
2017-12-05T05:00:00Z,142.06,143.79,141.18,142.58,833944,7550,142.65
2017-12-06T05:00:00Z,142.41,143.22,141.79,142.52,468376,5063,142.535
2017-12-07T05:00:00Z,142.23,143.59,142.23,143.2,356673,4342,143.167
2017-12-08T05:00:00Z,143.96,144.1,142.85,143.25,529741,4777,143.271
2017-12-11T05:00:00Z,142.64,143.91,138.08,142.64,576536,5938,142.632
2017-12-12T05:00:00Z,142.36,142.79,140.89,141.42,755571,6758,141.615
2017-12-13T05:00:00Z,141.33,143.56,141.18,141.94,812231,5856,142.18
2017-12-14T05:00:00Z,142.57,142.57,141.24,141.27,666619,6163,141.53
2017-12-15T05:00:00Z,142.26,144.6,141.71,144.09,3294232,7219,143.979
2017-12-18T05:00:00Z,144.7,144.7,142.55,142.67,823673,5939,142.879
2017-12-19T05:00:00Z,142.68,143.84,142.06,142.57,559374,5070,142.792
2017-12-20T05:00:00Z,142.89,143.19,141.91,142.34,574172,5753,142.577
2017-12-21T05:00:00Z,142.86,143.109,141.73,142.79,441314,5141,142.671
2017-12-22T05:00:00Z,143.04,143.1,141.97,142.78,443027,4181,142.695
2017-12-26T05:00:00Z,142.68,143.19,141.84,142.2,414531,3357,142.254
2017-12-27T05:00:00Z,142.3,143.35,142.052,143.22,331422,3840,143.113
2017-12-28T05:00:00Z,143.86,143.86,141.9,143.22,584093,5553,142.73
2017-12-29T05:00:00Z,142.91,143.29,141.62,141.65,833976,4711,141.924
2018-01-02T05:00:00Z,142.04,142.78,141.31,142.07,1187991,7953,142.018
2018-01-03T05:00:00Z,142.47,143.26,140.84,142.82,873273,7562,142.435
2018-01-04T05:00:00Z,142.93,143.56,142.01,142.43,788536,6592,142.608
2018-01-05T05:00:00Z,142.69,143.85,142.01,143.74,809868,7068,143.369
2018-01-08T05:00:00Z,143.81,146.63,143.62,146.4,648134,6466,145.992
2018-01-09T05:00:00Z,146.75,146.96,145.245,145.62,906826,6813,145.745
2018-01-10T05:00:00Z,145.33,145.39,143.93,145.15,481853,5200,145.016
2018-01-11T05:00:00Z,145.16,145.91,144.87,145.3,509390,5109,145.214
2018-01-12T05:00:00Z,145.25,147.33,145.11,147.21,653024,5994,146.99
2018-01-16T05:00:00Z,148.56,148.73,145.66,145.77,647305,6570,146.553
2018-01-17T05:00:00Z,146.13,147.77,145.645,147.61,697010,7480,146.895
2018-01-18T05:00:00Z,147.7,148.49,145.71,145.74,659792,6645,146.419
2018-01-19T05:00:00Z,146.42,146.435,145.53,145.89,605518,4535,145.931
2018-01-22T05:00:00Z,145.76,145.76,142.64,143.19,1087831,8230,143.261
2018-01-23T05:00:00Z,143.44,143.44,142.2,142.41,712184,6535,142.661
2018-01-24T05:00:00Z,142.62,144.11,142.56,143.1,696264,5421,143.167
2018-01-25T05:00:00Z,143.6,144.7,143.1,144.47,483026,5788,144.041
2018-01-26T05:00:00Z,145,146.17,143.27,146.15,860440,6994,145.254
2018-01-29T05:00:00Z,146.37,147.86,146.32,147.19,881819,9038,147.164
2018-01-30T05:00:00Z,148.95,157.7,148.33,156.31,1750927,17069,154.553
2018-01-31T05:00:00Z,157.36,160.23,157.02,159.38,1407630,12743,159.129
2018-02-01T05:00:00Z,158.87,160.67,157.07,157.68,1090544,12229,158.662
2018-02-02T05:00:00Z,157.18,158.74,155.77,155.9,867876,9779,156.616
2018-02-05T05:00:00Z,154.34,156.15,146.24,148.2,1431627,13787,150.292
2018-02-06T05:00:00Z,144.68,149.3,143.03,148.64,1362088,13946,147.02
2018-02-07T05:00:00Z,148.44,153.88,147.37,152.79,1293326,11504,152.516
2018-02-08T05:00:00Z,154.44,155.3,149.8,149.84,1530968,16925,151.696
2018-02-09T05:00:00Z,151.01,154.72,148.82,153.02,1381194,16243,152.165
2018-02-12T05:00:00Z,153.78,154.5,150.61,152.79,892337,10613,152.714
2018-02-13T05:00:00Z,151.88,153.28,151.07,153.02,982411,8733,152.52
2018-02-14T05:00:00Z,152.26,155.28,151.73,154.97,726901,8437,154.143
2018-02-15T05:00:00Z,156,156.93,153.9,156.23,769217,7650,155.73
2018-02-16T05:00:00Z,155.68,157.23,154.51,156.66,788676,5396,156.568
2018-02-20T05:00:00Z,156.31,158.5,155.75,157.01,623923,6612,157.181
2018-02-21T05:00:00Z,157.21,161.04,156.61,158.17,1016958,9050,158.802
2018-02-22T05:00:00Z,158.39,159.92,157.64,157.99,594235,6179,158.486
2018-02-23T05:00:00Z,158.36,158.81,157.17,158.8,473856,5101,158.31
2018-02-26T05:00:00Z,159.55,160.83,158.62,159.54,542362,5422,159.757
2018-02-27T05:00:00Z,159.27,161,159,159.02,651880,6589,159.51
2018-02-28T05:00:00Z,159.88,159.91,156.11,156.15,902308,9211,157.392
2018-03-01T05:00:00Z,156.4,156.4,150.74,152.87,1236642,14485,153.339
2018-03-02T05:00:00Z,151.59,154.36,150.05,153.86,718694,7360,153.178
2018-03-05T05:00:00Z,153,154.34,151.2,154.26,899321,6944,153.852
2018-03-06T05:00:00Z,154.64,154.96,153.78,154.67,621842,6226,154.55
2018-03-07T05:00:00Z,152.97,156.26,152.51,155.76,870830,7273,154.946
2018-03-08T05:00:00Z,156.21,156.29,153.74,155.74,637847,5672,155.169
2018-03-09T05:00:00Z,156.5,157.78,155.565,157.72,540327,5078,157.328
2018-03-12T04:00:00Z,157.99,159.58,157.55,158.02,927844,10153,158.473
2018-03-13T04:00:00Z,158.52,159.5,157.6,158.1,843383,7539,158.355
2018-03-14T04:00:00Z,159.06,159.68,156.62,157.58,712326,6992,157.73
2018-03-15T04:00:00Z,157.75,158.46,156.79,158.18,672883,6161,157.86
2018-03-16T04:00:00Z,158.13,158.41,155.24,156.51,3730120,7537,156.565
2018-03-19T04:00:00Z,156.05,156.66,154.757,156.43,1171877,7956,156.085
2018-03-20T04:00:00Z,156.95,158.9,156.38,158.82,957064,5727,158.595
2018-03-21T04:00:00Z,159.14,161.035,158.725,159.81,661624,7330,160.004
2018-03-22T04:00:00Z,158.43,160.89,154.26,154.57,818654,8562,156.124
2018-03-23T04:00:00Z,154.63,159.71,154.63,157.19,977968,10053,157.515
2018-03-26T04:00:00Z,158.83,162.37,158.83,162.07,1175111,10495,161.37
2018-03-27T04:00:00Z,162.88,164.58,159.44,160.35,1281704,12607,162.054
2018-03-28T04:00:00Z,160.42,161.303,158.751,159.78,1370325,14584,160.031
2018-03-29T04:00:00Z,159.96,162.42,158.71,161.28,1486411,12229,161.082
2018-04-02T04:00:00Z,160.87,161.87,157.68,159.63,1198826,10571,159.647
2018-04-03T04:00:00Z,160.3,161,157.48,159.7,1057563,9784,159.316
2018-04-04T04:00:00Z,157.71,162.31,157.46,162.29,745317,7203,160.72
2018-04-05T04:00:00Z,162.86,164.69,161.89,164.33,985380,7468,163.866
2018-04-06T04:00:00Z,163.29,164.4,159.82,161.04,672115,6915,161.583
2018-04-09T04:00:00Z,162.23,164.64,161.965,162.83,822231,7601,163.358
2018-04-10T04:00:00Z,164.32,164.62,161.2,162.39,953271,9497,162.433
2018-04-11T04:00:00Z,161.53,163.18,160.83,161.86,707646,7769,162.086
2018-04-12T04:00:00Z,162.14,163.93,161.98,162.76,616733,5835,162.936
2018-04-13T04:00:00Z,163.51,163.51,161.14,161.69,467345,5074,162.089
2018-04-16T04:00:00Z,163.3,165.43,162.335,165.18,638610,7940,164.749
2018-04-17T04:00:00Z,165.93,167.6,165.35,166.96,524945,5539,166.889
2018-04-18T04:00:00Z,167.52,168.56,166.69,168.28,545346,5608,167.99
2018-04-19T04:00:00Z,168.25,169.28,167.09,168.86,515295,5166,168.693
2018-04-20T04:00:00Z,168.75,169.53,167.61,168,527231,5152,168.278
2018-04-23T04:00:00Z,168.65,169.14,168,169,399399,3873,168.791
2018-04-24T04:00:00Z,169.65,170.54,162.39,164.82,811139,8979,166.038
2018-04-25T04:00:00Z,164.48,164.96,158.65,161.16,1142224,13334,160.953
2018-04-26T04:00:00Z,161.75,161.75,159.31,159.75,1346245,12950,160.206
2018-04-27T04:00:00Z,159.75,161.13,157.6,158.15,727601,6965,158.372
2018-04-30T04:00:00Z,158,158.83,156.08,156.42,880309,8177,156.877
2018-05-01T04:00:00Z,157.16,157.535,151.02,151.78,1291325,14083,152.595
2018-05-02T04:00:00Z,153.3,157.34,146.32,146.76,1412732,13630,149.355
2018-05-03T04:00:00Z,145.51,148.23,143.26,147.3,1189559,12616,146.333
2018-05-04T04:00:00Z,146.65,149.92,146.09,149.84,862421,9053,148.715
2018-05-07T04:00:00Z,149.85,150.72,148.49,149.88,1078885,7238,149.671
2018-05-08T04:00:00Z,151.25,154.38,151.01,153.94,1768355,13625,152.937
2018-05-09T04:00:00Z,154.31,155.74,153.282,155.39,786386,8211,155.025
2018-05-10T04:00:00Z,156.03,156.8,155.21,156.71,560003,5837,156.393
2018-05-11T04:00:00Z,156.24,157.37,155.86,156.65,506713,5239,156.635
2018-05-14T04:00:00Z,156.78,156.78,154.41,155.17,570011,5798,155.145
2018-05-15T04:00:00Z,154.28,155.01,153.81,154.88,637564,6061,154.639
2018-05-16T04:00:00Z,155.1,155.8,153.62,153.7,688983,6754,154.286
2018-05-17T04:00:00Z,153.09,153.45,151.97,152.84,1012832,8748,152.66
2018-05-18T04:00:00Z,152.39,154.13,152.275,153.9,724999,5971,153.596
2018-05-21T04:00:00Z,154.64,155.27,153.17,154.47,630353,6237,154.225
2018-05-22T04:00:00Z,154.34,154.52,150.675,150.73,667231,7258,151.315
2018-05-23T04:00:00Z,150.14,154.11,149.84,153.93,670994,6838,153.178
2018-05-24T04:00:00Z,153.41,154.38,152.17,153.91,737109,5850,153.588
2018-05-25T04:00:00Z,153.16,154.26,152.47,152.9,435415,3705,152.972
2018-05-29T04:00:00Z,152.25,152.4,150.35,150.86,790295,6283,151.102
2018-05-30T04:00:00Z,151.57,154.21,150.595,152.75,699070,7130,152.671
2018-05-31T04:00:00Z,151.88,151.99,150.145,150.47,1002649,7118,150.64
2018-06-01T04:00:00Z,151.29,153.256,150.93,152.69,548044,5599,152.633
2018-06-04T04:00:00Z,153.42,154.12,152.285,152.9,472517,4794,152.852
2018-06-05T04:00:00Z,152.44,153.19,151.294,152.95,1146211,5993,152.653
2018-06-06T04:00:00Z,153.14,153.895,152.79,153.48,990360,5915,153.369
2018-06-07T04:00:00Z,153.42,154.39,152.335,152.98,507510,5136,153.037
2018-06-08T04:00:00Z,153,154.75,152.65,154.65,545724,5504,154.175
2018-06-11T04:00:00Z,154.42,156.2,153.87,154.23,1122492,5040,154.465
2018-06-12T04:00:00Z,154.96,154.96,151.86,152.36,506314,5581,152.457
2018-06-13T04:00:00Z,152.04,153.15,151.994,152.24,756937,5295,152.395
2018-06-14T04:00:00Z,152.6,153.5,149.79,149.95,654787,5772,150.437
2018-06-15T04:00:00Z,149.2,149.34,147.24,149.23,1950843,8170,148.94
2018-06-18T04:00:00Z,148.57,149.7,147.98,149.27,926450,6482,149.024
2018-06-19T04:00:00Z,147.93,148.16,145,145.45,989617,7248,145.925
2018-06-20T04:00:00Z,145.39,146.19,144.84,145.23,640520,6599,145.434
2018-06-21T04:00:00Z,144.43,145.27,142.6,143.15,839559,8411,143.342
2018-06-22T04:00:00Z,143.67,144.14,142.5,143.7,2561661,6452,143.654
2018-06-25T04:00:00Z,143.39,145.045,142.7,144.12,604551,6870,143.942
2018-06-26T04:00:00Z,144.34,145.3,143.66,144.29,691620,6955,144.508
2018-06-27T04:00:00Z,144.58,146.95,143.73,143.82,773126,8398,144.701
2018-06-28T04:00:00Z,143.51,145.25,143,144.76,473837,6177,144.234
2018-06-29T04:00:00Z,145.26,146.185,144.38,144.54,849628,6315,145.027
2018-07-02T04:00:00Z,143.7,146.09,142.96,145.97,559053,6312,145.404
2018-07-03T04:00:00Z,146.33,147.03,145.36,145.76,430509,4443,145.817
2018-07-05T04:00:00Z,145.65,146.18,143.39,143.97,1197958,9807,144.043
2018-07-06T04:00:00Z,143.85,145.02,142.95,144.3,626245,5406,144.315
2018-07-09T04:00:00Z,145,146.61,144.732,145.95,1078981,8346,145.909
2018-07-10T04:00:00Z,146.37,146.95,145.52,146.44,689084,6878,146.228
2018-07-11T04:00:00Z,145.15,145.88,144.36,144.77,505375,5745,144.924
2018-07-12T04:00:00Z,144.77,147.68,144.65,147.54,664485,12132,146.867
2018-07-13T04:00:00Z,147.48,149.15,147.44,148.89,745018,7828,148.663
2018-07-16T04:00:00Z,149.46,151.08,149.46,149.57,636495,6645,149.991
2018-07-17T04:00:00Z,149.19,151.98,149.19,151.64,799728,7123,151.109
2018-07-18T04:00:00Z,151.64,152.78,151.17,152.15,659099,7146,152.15
2018-07-19T04:00:00Z,151.63,152.18,150.45,150.53,674335,5432,150.754
2018-07-20T04:00:00Z,150.11,151.53,150,150.9,524789,4611,150.924
2018-07-23T04:00:00Z,150.87,151.235,149.8,150.18,487284,5189,150.215
2018-07-24T04:00:00Z,150.96,152.055,149.125,150.98,726246,6803,150.601
2018-07-25T04:00:00Z,150.48,151.58,148.75,151.36,555170,6539,150.56
2018-07-26T04:00:00Z,151.41,153.73,150.22,153.25,860248,9106,152.15
2018-07-27T04:00:00Z,153.25,154.91,152.98,153.88,574781,6326,153.959
2018-07-30T04:00:00Z,153.75,154.6,149.78,150.39,855681,9754,150.905
2018-07-31T04:00:00Z,151.2,165.84,151.2,164.95,1527881,14233,163.092
2018-08-01T04:00:00Z,164.01,168.91,163.68,163.93,1614563,16753,165.416
2018-08-02T04:00:00Z,163.19,164.41,161.17,163.44,996902,11391,163.208
2018-08-03T04:00:00Z,163.04,163.64,160.64,162.38,733347,7718,161.887
2018-08-06T04:00:00Z,162,162.85,160.4,162.64,588140,7370,161.935
2018-08-07T04:00:00Z,162.94,164.759,162.1,164.13,493012,5644,164.103
2018-08-08T04:00:00Z,164.42,165.13,162.57,164.48,805871,7419,164.255
2018-08-09T04:00:00Z,164,165.64,163.895,164.57,474769,5863,164.751
2018-08-10T04:00:00Z,164.04,164.64,163,163.26,592666,6454,163.549
2018-08-13T04:00:00Z,162.8,163.55,161.91,162.55,1221428,7473,162.599
2018-08-14T04:00:00Z,162.74,165.46,162.74,164.9,540832,6299,164.809
2018-08-15T04:00:00Z,164.16,164.565,162.25,162.8,768779,7373,163.068
2018-08-16T04:00:00Z,163.4,164.29,163.03,163.86,596779,6686,163.865
2018-08-17T04:00:00Z,163.73,165.62,163.32,164.66,1863239,8398,164.724
2018-08-20T04:00:00Z,165.66,166.216,164.38,165.21,554017,5882,165.35
2018-08-21T04:00:00Z,165.54,166.84,164.7,166.15,761137,8155,166.235
2018-08-22T04:00:00Z,165.38,165.84,163.39,163.7,922113,8646,164.315
2018-08-23T04:00:00Z,163.52,163.59,161.71,162.08,725810,7828,162.371
2018-08-24T04:00:00Z,162.65,163.37,161.68,163.23,324360,4161,162.949
2018-08-27T04:00:00Z,164.19,164.69,163.6,164.48,550358,6608,164.337
2018-08-28T04:00:00Z,165.31,165.99,163.92,164.66,487915,5515,164.673
2018-08-29T04:00:00Z,164.77,165.28,164.29,164.66,385389,5001,164.765
2018-08-30T04:00:00Z,164.59,165.105,162.09,162.47,692232,6938,162.842
2018-08-31T04:00:00Z,161.72,162.84,161.49,162.51,736345,5729,162.399
2018-09-04T04:00:00Z,162.51,162.67,161.05,162.37,619494,6992,162.09
2018-09-05T04:00:00Z,162.35,163.86,161.98,162.68,720995,9175,162.737
2018-09-06T04:00:00Z,162.45,163.73,161.46,161.52,1108956,9139,161.925
2018-09-07T04:00:00Z,161.8,161.8,159.7,160.18,1220651,8450,160.331
2018-09-10T04:00:00Z,160.57,161.92,160,161.18,769558,7185,161.29
2018-09-11T04:00:00Z,160.83,162.1,160.17,161.32,421432,4382,161.399
2018-09-12T04:00:00Z,160.46,161.825,160.25,161.68,554216,5794,161.466
2018-09-13T04:00:00Z,162.01,163.6,161.46,163.47,489548,4612,163.148
2018-09-14T04:00:00Z,163.78,165.08,163.24,164.72,483411,5848,164.529
2018-09-17T04:00:00Z,165.05,166.83,164.02,166.45,666121,7816,166.343
2018-09-18T04:00:00Z,166.84,168.52,165.94,168.03,515557,6279,167.785
2018-09-19T04:00:00Z,167.75,168.7,164.93,165.52,503124,5989,166.055
2018-09-20T04:00:00Z,165.95,166.27,160.96,162.66,1166360,11472,162.766
2018-09-21T04:00:00Z,163.15,165.53,163.08,164.28,1257467,6981,164.132
2018-09-24T04:00:00Z,163.38,163.64,161.35,162.26,600665,5173,162.279
2018-09-25T04:00:00Z,162.65,165.79,162.004,164.81,599926,6512,164.877
2018-09-26T04:00:00Z,165.17,166.79,164.68,165.25,537619,5156,165.627
2018-09-27T04:00:00Z,165.47,167.85,165.2,167.2,788034,8073,167.067
2018-09-28T04:00:00Z,167.34,169.98,167.11,169.21,786011,7924,169.209
2018-10-01T04:00:00Z,170,170.32,167.89,168.57,364511,4954,168.594
2018-10-02T04:00:00Z,168.99,169.615,168.26,168.5,596728,5094,168.607
2018-10-03T04:00:00Z,168.99,170.72,168.3,169.09,750582,6883,169.491
2018-10-04T04:00:00Z,168.87,169.05,167.61,168.62,512654,4970,168.484
2018-10-05T04:00:00Z,168.91,170.11,167.31,167.56,442254,4137,167.83
2018-10-08T04:00:00Z,167.56,167.88,166,167.34,569508,4355,167.125
2018-10-09T04:00:00Z,166.53,167.22,165.61,166.29,517709,5446,166.354
2018-10-10T04:00:00Z,165.99,165.99,160.33,160.65,830038,6894,161.422
2018-10-11T04:00:00Z,159.91,160.945,154.15,154.22,902647,11063,156.437
2018-10-12T04:00:00Z,156.43,157.22,151.88,154.87,938465,11123,154.071
2018-10-15T04:00:00Z,164.17,174.29,163.42,173.25,4829791,50220,170.09
2018-10-16T04:00:00Z,174.27,175.5,170.57,173.53,2550130,25469,172.868
2018-10-17T04:00:00Z,172.99,173.28,169.56,171.57,1986127,16286,171.384
2018-10-18T04:00:00Z,171.11,172.75,169.32,170.7,1307156,11682,170.792
2018-10-19T04:00:00Z,170.8,170.8,168.27,168.93,1226266,11900,169.347
2018-10-22T04:00:00Z,169.77,172.07,168.09,171.69,1433142,12318,170.913
2018-10-23T04:00:00Z,168.73,172.87,168.35,169.11,1532868,15181,169.732
2018-10-24T04:00:00Z,169.13,169.68,161.71,162.2,1288470,14767,164.928
2018-10-25T04:00:00Z,162.78,163.86,159.4,161.03,1220888,13943,161.777
2018-10-26T04:00:00Z,158.61,161.93,156.11,160.84,1436911,14907,159.847
2018-10-29T04:00:00Z,162.42,163.03,145.2,146.69,2018653,21894,150.745
2018-10-30T04:00:00Z,146.01,151.11,143.16,150.85,1969947,18628,147.296
2018-10-31T04:00:00Z,152.33,155.01,148.61,148.71,1680365,16961,150.282
2018-11-01T04:00:00Z,149.75,151.57,148.61,150.01,1408018,12666,150.32
2018-11-02T04:00:00Z,150.94,151.33,146.81,147.03,1700939,17323,148.388
2018-11-05T05:00:00Z,147.83,150.3,145.84,149.55,2363671,17722,148.625
2018-11-06T05:00:00Z,149.48,152.98,149.23,150.56,1321904,11015,150.729
2018-11-07T05:00:00Z,151.19,153.12,148.39,153.09,1539721,11408,152.465
2018-11-08T05:00:00Z,152.49,153.1,150.12,151.51,734532,7941,151.267
2018-11-09T05:00:00Z,151.2,153.77,150.46,153.14,715910,8344,152.857
2018-11-12T05:00:00Z,153.28,153.28,148.51,148.7,805520,9363,149.414
2018-11-13T05:00:00Z,150.27,152.48,149.07,150.43,1343017,13344,150.449
2018-11-14T05:00:00Z,151.53,152.5,148.61,149.41,1089484,11173,149.957
2018-11-15T05:00:00Z,148.1,151.57,147.47,151.03,1191870,13234,150.055
2018-11-16T05:00:00Z,150.19,152.46,149.81,150.91,874234,9620,151.052
2018-11-19T05:00:00Z,150.78,151.1,147.15,148.1,1806519,12779,148.123
2018-11-20T05:00:00Z,145.73,146.91,143.96,146.49,1042877,11818,145.953
2018-11-21T05:00:00Z,146.45,147.24,144.28,144.79,975039,11182,145.281
2018-11-23T05:00:00Z,144.09,146.67,144.05,145.17,364670,3956,145.24
2018-11-26T05:00:00Z,146.26,147.46,144.48,145.76,1024836,10791,145.557
2018-11-27T05:00:00Z,145.1,145.71,139.15,140.78,1669607,17173,140.964
2018-11-28T05:00:00Z,141.34,143.75,140.42,143.6,1208581,13974,142.834
2018-11-29T05:00:00Z,143.93,145.14,142.29,143.13,955251,10536,143.355
2018-11-30T05:00:00Z,143.3,143.7,140.735,142.95,2882827,11716,142.632
2018-12-03T05:00:00Z,145.38,146.01,141.63,142.8,1550436,11375,142.979
2018-12-04T05:00:00Z,142.13,143.31,137.94,139.04,1583961,13983,139.584
2018-12-06T05:00:00Z,136.92,139.85,134.3,139.75,1439387,18822,137.789
2018-12-07T05:00:00Z,138.96,140.4,138.8,139.4,1285199,13078,139.469
2018-12-10T05:00:00Z,140,144.475,138.93,143.45,1746361,18854,142.114
2018-12-11T05:00:00Z,145.16,146.27,143.64,144.98,1960627,19983,145.011
2018-12-12T05:00:00Z,146.81,148.29,145.582,147.02,1563241,14331,147.263
2018-12-13T05:00:00Z,148.15,148.93,146.6,148.44,1350691,14743,148.145
2018-12-14T05:00:00Z,147.02,148.5,146.65,148.47,1404445,13492,147.855
2018-12-17T05:00:00Z,147.94,148.53,145.23,145.91,2626208,23397,146.864
2018-12-18T05:00:00Z,146.66,146.9,141.78,142.95,1397720,14106,143.67
2018-12-19T05:00:00Z,142.6,144.28,136.83,138.46,1137796,12366,140.298
2018-12-20T05:00:00Z,137.92,138.52,132.32,134.54,1444958,14761,134.961
2018-12-21T05:00:00Z,133.36,133.36,127.98,128.61,2462516,21165,129.576
2018-12-24T05:00:00Z,128.12,129.22,125.71,127.26,1099830,10063,127.703
2018-12-26T05:00:00Z,127.54,128.47,123.24,128.23,967406,10872,126.04
2018-12-27T05:00:00Z,126.89,131.64,125.46,131.64,1115723,12701,129.227
2018-12-28T05:00:00Z,132.47,133.11,130.31,131.18,907920,8751,131.478
2018-12-31T05:00:00Z,132.07,134.65,131.814,134.65,782390,7738,133.686
2019-01-02T05:00:00Z,133.03,134.395,129.965,133.14,1276390,8972,133.056
2019-01-03T05:00:00Z,131.81,132.7,129.46,130.05,857162,7636,130.568
2019-01-04T05:00:00Z,131.26,133.195,130.14,132.92,1308277,9527,132.574
2019-01-07T05:00:00Z,132.73,133.94,130.572,133.79,1518371,14745,133.102
2019-01-08T05:00:00Z,135.26,135.8,132.09,133.74,1456461,9698,133.622
2019-01-09T05:00:00Z,133.62,134.75,132.87,133.36,613267,6722,133.666
2019-01-10T05:00:00Z,133.13,135,133.13,134.89,861077,9200,134.422
2019-01-11T05:00:00Z,134.23,137.19,133.25,136.91,1288359,9395,135.989
2019-01-14T05:00:00Z,136,139.52,135.82,138.04,1072353,10785,138.115
2019-01-15T05:00:00Z,137.77,139.1,136.87,138.79,1490297,12547,138.388
2019-01-16T05:00:00Z,138.81,138.81,135.78,136.57,911700,9328,136.817
2019-01-17T05:00:00Z,136.26,139.335,136.26,138.65,855699,10382,137.97
2019-01-18T05:00:00Z,139.56,143.31,139.27,142.78,1554090,16036,142.356
2019-01-22T05:00:00Z,141.99,141.99,138.11,139.25,911269,9740,139.468
2019-01-23T05:00:00Z,140,142.46,139.76,142.12,1446048,16243,141.441
2019-01-24T05:00:00Z,142.16,142.16,139.42,141.93,1072698,9713,141.534
2019-01-25T05:00:00Z,143.54,144.43,143.02,143.48,1037476,11021,143.743
2019-01-28T05:00:00Z,141.54,143.46,140.88,142.69,1188155,11921,142.456
2019-01-29T05:00:00Z,151.19,156.08,148.63,155.22,4263247,40563,153.592
2019-01-30T05:00:00Z,155.82,156.27,148.3,154.9,2630649,27059,154.099
2019-01-31T05:00:00Z,153.89,154.98,151.77,153.18,1808126,13563,153.311
2019-02-01T05:00:00Z,153.35,154.73,152.6,153.77,952226,11897,153.558
2019-02-04T05:00:00Z,153.81,157.33,153.19,157.23,963871,11149,155.99
2019-02-05T05:00:00Z,157.4,157.88,154.99,157.8,1275160,12257,157.322
2019-02-06T05:00:00Z,157.68,158.45,156.92,157.64,989295,11451,157.642
2019-02-07T05:00:00Z,156.08,158.13,155.92,157.43,799912,11057,157.264
2019-02-08T05:00:00Z,157.02,160.16,156.91,160.16,1682138,14908,159.282
2019-02-11T05:00:00Z,160.19,161.58,159.56,160.66,1278591,15255,160.827
2019-02-12T05:00:00Z,162,162.69,160.23,162.08,779982,10065,161.903
2019-02-13T05:00:00Z,162.37,164.53,161.36,161.96,1110959,9323,162.399
2019-02-14T05:00:00Z,160.88,162.65,160.51,162.24,769482,10651,162.094
2019-02-15T05:00:00Z,163.66,165.03,163.37,164.8,1028629,11812,164.517
2019-02-19T05:00:00Z,164.5,165.13,162.26,164.59,1343893,9792,164.457
2019-02-20T05:00:00Z,164.59,165.5,163.45,165.2,646627,9512,164.691
2019-02-21T05:00:00Z,165.16,165.22,163.43,164.57,584951,8769,164.285
2019-02-22T05:00:00Z,165.37,166.07,163.98,165.88,520124,9085,165.435
2019-02-25T05:00:00Z,166.97,167.09,163.62,163.88,1149443,12447,164.648
2019-02-26T05:00:00Z,163.84,164.74,162.29,162.34,776399,12586,163.201
2019-02-27T05:00:00Z,161.65,162.409,161.02,162.05,751669,10942,161.792
2019-02-28T05:00:00Z,162.2,165.05,161.7,164.93,1102842,10875,164.385
2019-03-01T05:00:00Z,165.47,165.55,163.63,164.79,1036735,12754,164.8
2019-03-04T05:00:00Z,165.05,166.62,162.57,163.33,873460,11501,164.215
2019-03-05T05:00:00Z,163.62,164.77,162.33,162.42,969247,9992,162.721
2019-03-06T05:00:00Z,162.74,163.41,160.53,160.62,720491,8552,161.358
2019-03-07T05:00:00Z,160.03,161.34,156.9,161.23,950345,11871,160.173
2019-03-08T05:00:00Z,160.33,161.91,159.77,161.78,999403,11186,161.158
2019-03-11T04:00:00Z,160.74,164.03,160.61,163.23,1202465,14884,162.91
2019-03-12T04:00:00Z,163.82,163.82,161.03,161.34,1076202,12721,162.125
2019-03-13T04:00:00Z,161.77,162.95,160.7,161.77,913565,11261,161.973
2019-03-14T04:00:00Z,161.42,162.88,160.14,160.44,1106456,14527,160.64
2019-03-15T04:00:00Z,160.26,161.535,159.37,160.68,1752700,12785,160.573
2019-03-18T04:00:00Z,160.02,163.71,160.02,163.3,755978,10420,162.826
2019-03-19T04:00:00Z,164,165.37,162.24,162.96,980247,10856,163.345
2019-03-20T04:00:00Z,162.88,163.14,160.85,160.99,785883,8885,161.483
2019-03-21T04:00:00Z,160.67,162.57,160.5,162.17,719523,9105,161.875
2019-03-22T04:00:00Z,161.17,161.57,158.73,159.28,711942,10305,159.772
2019-03-25T04:00:00Z,159.54,160.39,158.94,159.74,487487,6708,159.751
2019-03-26T04:00:00Z,160.24,161.17,158.36,159.73,528827,7693,159.817
2019-03-27T04:00:00Z,160.08,161.43,158.46,158.91,590140,8062,159.332
2019-03-28T04:00:00Z,159.48,160.26,158,159.93,740811,8803,159.546
2019-03-29T04:00:00Z,161.01,161.21,158.98,159.71,1109432,12620,159.782
2019-04-01T04:00:00Z,161.59,163.52,161.005,163.3,771263,11485,162.724
2019-04-02T04:00:00Z,163.76,163.94,161.79,161.9,532582,8514,162.377
2019-04-03T04:00:00Z,162.59,163.01,159.29,160,845571,9822,160.281
2019-04-04T04:00:00Z,160.36,163.48,160.36,162.31,831272,10324,162.547
2019-04-05T04:00:00Z,162.73,164.57,162.6,164.5,877123,10624,163.993
2019-04-08T04:00:00Z,164.76,164.76,162.99,164.01,661451,8108,163.618
2019-04-09T04:00:00Z,163.14,163.68,162.37,163.18,779153,9417,162.932
2019-04-10T04:00:00Z,162.99,163.17,161.87,162.69,874839,13527,162.626
2019-04-11T04:00:00Z,162.41,165.63,162.41,165.22,687016,7917,164.768
2019-04-12T04:00:00Z,165.75,167.985,165.66,167.84,522702,7963,167.344
2019-04-15T04:00:00Z,168.13,168.29,165.04,165.71,690095,8459,165.84
2019-04-16T04:00:00Z,165.97,167.27,165.97,166.12,523858,8245,166.526
2019-04-17T04:00:00Z,166.35,167.15,165.79,166.16,606622,8327,166.393
2019-04-18T04:00:00Z,166.09,167.35,165.54,165.65,529788,6270,165.879
2019-04-22T04:00:00Z,165.07,165.5,163.62,164.86,689174,7289,164.877
2019-04-23T04:00:00Z,166.59,168.28,165.995,167.52,926240,10828,167.472
2019-04-24T04:00:00Z,168.14,168.4,165.83,166.41,730627,8118,166.661
2019-04-25T04:00:00Z,165.84,166.02,163.16,164.75,515881,7340,164.913
2019-04-26T04:00:00Z,165.37,166.82,165.02,166.45,550842,6348,166.212
2019-04-29T04:00:00Z,166.2,167.57,165.08,165.17,756324,9142,165.807
2019-04-30T04:00:00Z,165.92,169.03,165.5,168.5,1363712,13695,167.661
2019-05-01T04:00:00Z,173.8,181.48,172.25,179.67,2635097,27963,179.86
2019-05-02T04:00:00Z,178.35,180.49,176.58,177.78,1560309,19965,178.026
2019-05-03T04:00:00Z,178.48,180.12,176.87,177.89,1494942,18205,178.712
2019-05-06T04:00:00Z,175.6,178.735,175.18,178.5,961395,13385,177.908
2019-05-07T04:00:00Z,177.45,177.57,175.49,176.69,1373282,14361,176.679
2019-05-08T04:00:00Z,177,179.99,176.515,179.38,1163534,13035,178.997
2019-05-09T04:00:00Z,177.74,181.45,177.3,181.18,1299703,16688,180.076
2019-05-10T04:00:00Z,180.44,183.12,179.66,181.7,1203036,15410,181.044
2019-05-13T04:00:00Z,179.01,181.68,178.82,181.47,1298621,16550,180.546
2019-05-14T04:00:00Z,181.36,183,181,182.12,970967,12333,182.109
2019-05-15T04:00:00Z,180.42,185.18,179.684,183.53,1531733,18741,183.639
2019-05-16T04:00:00Z,183.52,185.24,183.12,184.38,902246,11543,184.367
2019-05-17T04:00:00Z,182.84,185.73,182.67,183.65,970812,11874,184.177
2019-05-20T04:00:00Z,183.35,185.58,182.35,183.02,1101648,12753,183.751
2019-05-21T04:00:00Z,184.45,188.01,184.24,187.77,1256411,14422,186.697
2019-05-22T04:00:00Z,187.61,189.41,187.1,188.34,891964,12412,188.263
2019-05-23T04:00:00Z,187.07,188.9,185.91,188.54,1435217,18603,187.717
2019-05-24T04:00:00Z,189.32,189.49,186.94,187.08,987716,12161,188.009
2019-05-28T04:00:00Z,187,187.93,186.04,186.48,1163397,12039,186.726
2019-05-29T04:00:00Z,186.48,187.565,184.515,186.08,1414388,17730,186.013
2019-05-30T04:00:00Z,186.23,188.46,186.2,186.73,824947,10721,186.992
2019-05-31T04:00:00Z,185.86,187.76,184.78,187.19,1077997,11609,186.839
2019-06-03T04:00:00Z,187.22,190.17,186.5,189.86,1097976,15266,189.112
2019-06-04T04:00:00Z,191.16,194.59,190.57,192.1,1297743,17542,192.761
2019-06-05T04:00:00Z,192.86,197.99,192.86,197.7,1249395,16272,196.375
2019-06-06T04:00:00Z,197.66,198.44,195.96,197.69,1404209,15108,197.465
2019-06-07T04:00:00Z,198.01,198.78,196.839,198.21,958231,11686,198.034
2019-06-10T04:00:00Z,199.42,200.77,196.12,196.58,1456008,20683,198.21
2019-06-11T04:00:00Z,196.58,197.5,187.42,188.17,1569782,18886,189.57
2019-06-12T04:00:00Z,188.77,189.75,185.84,188.73,1265077,18294,187.816
2019-06-13T04:00:00Z,189.02,190.57,187.16,189.83,750158,12167,189.199
2019-06-14T04:00:00Z,189.84,191.65,189.56,190.6,955711,12994,190.749
2019-06-17T04:00:00Z,191.34,192.86,189.03,192.07,884283,10599,191.649
2019-06-18T04:00:00Z,192.16,196.46,192.15,196.37,1095560,13674,195.589
2019-06-19T04:00:00Z,196.43,198.93,195.27,198.38,886855,11921,197.862
2019-06-20T04:00:00Z,200.05,200.42,197.36,199.4,1144584,13202,198.993
2019-06-21T04:00:00Z,199.76,200.73,197.15,197.22,2360375,15395,198.035
2019-06-24T04:00:00Z,197.9,199.54,197.06,197.29,947844,12603,197.82
2019-06-25T04:00:00Z,197.37,198.08,195.49,195.67,1010395,13114,196.474
2019-06-26T04:00:00Z,195.73,195.73,191.05,191.22,1453171,17611,192.361
2019-06-27T04:00:00Z,191,191.84,189.21,189.46,1144512,14034,190.058
2019-06-28T04:00:00Z,190.43,191.44,187.71,189.13,7197492,27607,189.313
2019-07-01T04:00:00Z,189.76,191,176.16,178.15,10051703,29163,179.373
2019-07-02T04:00:00Z,182.39,186.65,181.53,185.77,4328778,39898,184.994
2019-07-03T04:00:00Z,185,185.38,180.5,184.3,2333483,14599,184.21
2019-07-05T04:00:00Z,184.3,185.455,181.7,184.96,1188768,14196,184.368
2019-07-08T04:00:00Z,184.42,185.28,183.06,184.68,1522440,14093,184.631
2019-07-09T04:00:00Z,185.5,191.34,185.02,191.26,2670991,22902,189.904
2019-07-10T04:00:00Z,191.53,192.92,190.71,192.61,1893003,19316,192.4
2019-07-11T04:00:00Z,192,195.7,191.2,194.45,1871789,18118,194.485
2019-07-12T04:00:00Z,195.23,197.385,194.76,195.72,1262950,16888,195.911
2019-07-15T04:00:00Z,195.65,195.65,191.04,191.55,1892964,13214,191.787
2019-07-16T04:00:00Z,191.5,193.19,190.56,192.57,1182561,12962,192.264
2019-07-17T04:00:00Z,192.83,194.48,192.71,193.97,1468146,15130,193.76
2019-07-18T04:00:00Z,194.24,194.95,191.63,194.14,1358115,13395,193.751
2019-07-19T04:00:00Z,194.89,195.15,190.84,193.48,1254136,13381,193.033
2019-07-22T04:00:00Z,193.83,196.45,193.33,194.91,1199947,9817,195.056
2019-07-23T04:00:00Z,196.25,196.25,190.94,194.54,1739930,14196,193.799
2019-07-24T04:00:00Z,194,198.14,192.993,197.95,892968,12823,197.072
2019-07-25T04:00:00Z,200.12,202.96,198.54,200.67,1639104,17699,200.215
2019-07-26T04:00:00Z,201.51,201.75,198.16,199.83,1241747,13100,199.44
2019-07-29T04:00:00Z,200,201.93,199.83,201.39,1762237,11913,201.188
2019-07-30T04:00:00Z,201.01,201.32,199.46,200,1344564,13024,200.082
2019-07-31T04:00:00Z,200.75,211.815,199.46,207.6,2710941,27926,208.23
2019-08-01T04:00:00Z,203.93,209.16,199.46,204.85,1917079,21542,205.491
2019-08-02T04:00:00Z,205,205.11,200.74,204.42,1299050,16366,203.475
2019-08-05T04:00:00Z,203.36,204.3,199.165,201.39,2379387,19212,201.903
2019-08-06T04:00:00Z,205.66,206.7,201.86,205.12,1769676,17925,204.319
2019-08-07T04:00:00Z,204,209.31,203.195,207.46,2411069,24286,207.319
2019-08-08T04:00:00Z,209.45,214.99,208.86,214.45,2383873,23366,213.145
2019-08-09T04:00:00Z,214.6,214.99,210.28,211.61,1384173,16093,212.028
2019-08-12T04:00:00Z,210.42,211.958,209.13,209.91,852240,11712,210.513
2019-08-13T04:00:00Z,208.45,212.34,207.44,209.83,1338507,13333,209.713
2019-08-14T04:00:00Z,208.17,209.715,205.505,207.72,1366645,20226,207.985
2019-08-15T04:00:00Z,207.59,211.65,207.16,209.6,1846158,19074,209.501
2019-08-16T04:00:00Z,211.35,211.905,209.1,210.87,1585660,15767,210.589
2019-08-19T04:00:00Z,212.23,213.75,211.58,213.05,958586,10950,213.112
2019-08-20T04:00:00Z,213.92,214.75,211.78,212.59,987427,12052,213.117
2019-08-21T04:00:00Z,213.49,215.2,212,214.18,1482205,12783,213.931
2019-08-22T04:00:00Z,214.72,215.36,210.84,213.31,1009149,12958,212.769
2019-08-23T04:00:00Z,213.17,214.51,208.06,208.89,1478580,17581,210.376
2019-08-26T04:00:00Z,209.54,212.33,207.26,211.62,1304551,15956,210.417
2019-08-27T04:00:00Z,212.25,213.05,210.17,210.48,1384083,16430,211.07
2019-08-28T04:00:00Z,209.98,212.9,207.3,212.12,1034301,12895,211.97
2019-08-29T04:00:00Z,214.3,214.39,211.95,213.3,1095605,14578,213.446
2019-08-30T04:00:00Z,214.36,214.659,211.13,211.41,1389384,15477,212.119
2019-09-03T04:00:00Z,209.51,211.12,207.94,210.53,1544732,20587,209.563
2019-09-04T04:00:00Z,210.39,214.11,210.39,213.65,2152198,17586,213.35
2019-09-05T04:00:00Z,215,215,211.83,212.13,1537384,17657,213.099
2019-09-06T04:00:00Z,213.6,216.65,213.16,214.7,1512960,17659,215.36
2019-09-09T04:00:00Z,214.64,215.06,208.275,208.82,1360415,15895,209.92
2019-09-10T04:00:00Z,207.59,208.64,197.51,208.62,2179738,26057,205.017
2019-09-11T04:00:00Z,208.92,209.655,206.24,207.82,1413971,16942,207.519
2019-09-12T04:00:00Z,210,210.34,207.27,209.43,1427690,15338,209.114
2019-09-13T04:00:00Z,209.71,210.08,207.195,207.45,1379243,16715,207.791
2019-09-16T04:00:00Z,212.41,215.06,209.51,214,2114341,25659,212.367
2019-09-17T04:00:00Z,214.23,215.3,211.52,214.26,1463857,18923,213.916
2019-09-18T04:00:00Z,213.47,215.92,211.1,214.7,2513472,16629,214.328
2019-09-19T04:00:00Z,214.11,215.865,213.32,214.06,2507099,16090,214.283
2019-09-20T04:00:00Z,214.12,215.13,210.491,211.98,5106403,16873,212.132
2019-09-23T04:00:00Z,212.44,213.92,210.93,213.3,2474482,15913,212.908
2019-09-24T04:00:00Z,213.82,217.31,211.58,211.91,3327219,19985,212.546
2019-09-25T04:00:00Z,211.47,213.06,210.63,212.6,1289897,15893,212.049
2019-09-26T04:00:00Z,213.57,214.62,212.7,213.22,1456213,12834,213.367
2019-09-27T04:00:00Z,213.45,213.545,207.86,208.92,1507662,13493,209.529
2019-09-30T04:00:00Z,209.74,211.62,208.31,208.64,1070283,11440,209.147
2019-10-01T04:00:00Z,209.63,210.65,203.28,203.69,1165615,14144,205.258
2019-10-02T04:00:00Z,203,203.75,200.67,203.27,1476672,17324,202.609
2019-10-03T04:00:00Z,203.61,206.37,202.97,206.21,1444782,15697,205.317
2019-10-04T04:00:00Z,205.93,208.04,204.36,207.77,974953,12251,206.933
2019-10-07T04:00:00Z,207.61,208.07,205.27,205.77,819526,12119,206.216
2019-10-08T04:00:00Z,205.18,209.48,204.18,209.25,2173394,17452,208.633
2019-10-09T04:00:00Z,210.12,210.3,206.44,208.94,1121207,14388,208.846
2019-10-10T04:00:00Z,208.02,211.55,208.02,209.93,1534779,11996,210.064
2019-10-11T04:00:00Z,212.43,212.43,207.62,208.94,1384099,17124,209.268
2019-10-14T04:00:00Z,208.64,209.61,206.38,206.64,740006,10785,207.306
2019-10-15T04:00:00Z,207.29,208.4,205.38,205.52,954866,13011,206.451
2019-10-16T04:00:00Z,205.73,208.2,204.51,206.78,1313894,14362,206.988
2019-10-17T04:00:00Z,208.22,208.565,200.76,200.94,1392027,16230,203.052
2019-10-18T04:00:00Z,201.01,201.667,195.13,198.08,2357208,22779,198.009
2019-10-21T04:00:00Z,199.25,202.19,198.73,199.66,1246764,13803,200.359
2019-10-22T04:00:00Z,199.15,202.505,197.08,200.67,1500523,16389,200.693
2019-10-23T04:00:00Z,201.24,201.88,198.74,200.38,1604688,11928,200.226
2019-10-24T04:00:00Z,199.87,206.27,199.39,204.1,1471166,15716,203.157
2019-10-25T04:00:00Z,204.49,204.49,199.175,200.96,1203691,12926,200.553
2019-10-28T04:00:00Z,200.97,202.65,199.93,200.59,1272600,13073,201.052
2019-10-29T04:00:00Z,201.24,204.01,200.27,202.99,1921214,22130,202.771
2019-10-30T04:00:00Z,207,209.12,203.01,207.82,1763305,20476,206.931
2019-10-31T04:00:00Z,207.38,209.35,204.59,206.31,2197062,23278,206.68
2019-11-01T04:00:00Z,206.35,208,200.15,201.41,2576671,28239,203.044
2019-11-04T05:00:00Z,201.35,201.615,193.77,194.93,2568087,30570,196.762
2019-11-05T05:00:00Z,194.37,194.87,190.55,193.04,2791995,31264,192.83
2019-11-06T05:00:00Z,192.06,196.3,192.06,195.95,1902686,21196,194.957
2019-11-07T05:00:00Z,197,197.39,194.56,194.88,1727615,17732,195.598
2019-11-08T05:00:00Z,194.5,197.75,194.31,196.02,1541149,16267,196.061
2019-11-11T05:00:00Z,194.65,195.74,191.95,195.16,1545274,20493,194.19
2019-11-12T05:00:00Z,194.73,198.65,194.03,198.19,2099437,20368,196.995
2019-11-13T05:00:00Z,197,200.285,196.34,199.23,1486924,15210,199.188
2019-11-14T05:00:00Z,199.28,201.49,198.63,199.76,924537,14340,199.757
2019-11-15T05:00:00Z,201.63,202.98,200.95,202.52,1339500,14018,202.117
2019-11-18T05:00:00Z,202.38,204.22,202.01,202.74,1352599,16104,203.269
2019-11-19T05:00:00Z,203.94,204.99,202.28,203.15,1398872,14460,203.227
2019-11-20T05:00:00Z,203.42,206.2,203.33,204.81,1350292,17073,204.662
2019-11-21T05:00:00Z,204,205.09,198.625,199.06,1891602,22530,200.375
2019-11-22T05:00:00Z,200.68,201.21,197.651,198.64,976023,14202,198.791
2019-11-25T05:00:00Z,198.67,200.55,195.9,196.49,1857352,19130,197.271
2019-11-26T05:00:00Z,197.58,200.28,196.54,199.71,2558174,14581,199.514
2019-11-27T05:00:00Z,199.51,200.905,198.525,200.5,904765,10364,200.066
2019-11-29T05:00:00Z,201.11,201.66,199.36,201.09,593228,6053,200.972
2019-12-02T05:00:00Z,200.22,200.67,193.86,194.27,1513487,19137,195.233
2019-12-03T05:00:00Z,194.27,195.56,193.32,194.94,1532838,15881,194.648
2019-12-04T05:00:00Z,195.78,196.45,193.59,193.68,1229856,14214,194.469
2019-12-05T05:00:00Z,193.68,194.68,193.15,193.39,1042698,12415,193.585
2019-12-06T05:00:00Z,193.55,195.39,192.24,192.49,1631288,14851,193.108
2019-12-09T05:00:00Z,192.5,193.76,191.93,193.62,1365002,16180,192.999
2019-12-10T05:00:00Z,197.43,199.48,196.55,196.96,1820844,20461,197.595
2019-12-11T05:00:00Z,196.16,198.64,196.16,198.48,1223616,14032,197.868
2019-12-12T05:00:00Z,198.44,199.99,195.23,196.28,1209122,16634,197.158
2019-12-13T05:00:00Z,195.78,200.35,195.78,200.18,1684907,14905,198.885
2019-12-16T05:00:00Z,200.59,202.45,199.1,201.34,1469092,17170,201.026
2019-12-17T05:00:00Z,200.97,201.98,196.28,199.08,1368701,17261,198.412
2019-12-18T05:00:00Z,199.21,199.94,196.55,197.72,1543111,14144,197.815
2019-12-19T05:00:00Z,198.26,198.97,196.15,197.41,1538056,13015,197.708
2019-12-20T05:00:00Z,199.6,200.77,197.11,199.99,2976597,13593,199.775
2019-12-23T05:00:00Z,200.77,203.19,199.06,201.73,1244436,13426,201.817
2019-12-24T05:00:00Z,202.89,203.02,200.6,201.22,360395,5401,201.435
2019-12-26T05:00:00Z,201.23,202,200.62,201.61,732258,9255,201.42
2019-12-27T05:00:00Z,202.08,203.23,201.25,201.71,993231,13142,201.802
2019-12-30T05:00:00Z,201.78,201.78,199,200.08,945077,11910,199.786
2019-12-31T05:00:00Z,199.92,200.56,197.04,197.87,1149309,12778,198.002
2020-01-02T05:00:00Z,198.43,203.37,198.055,203.31,1354702,14583,201.769
2020-01-03T05:00:00Z,206.17,210.83,206.17,210.47,2338219,25264,209.55
2020-01-06T05:00:00Z,212.31,214,209.14,211.72,2352100,20406,211.114
2020-01-07T05:00:00Z,212.02,214.24,211,212.73,1683130,20977,212.772
2020-01-08T05:00:00Z,212.75,214.89,210.41,211.29,1896995,19042,211.92
2020-01-09T05:00:00Z,210.6,212.94,210.263,212.29,1054661,11887,212.072
2020-01-10T05:00:00Z,212.07,212.34,209.705,210.37,1347935,12824,210.653
2020-01-13T05:00:00Z,211.44,212.75,208.718,212.6,1485245,16619,211.679
2020-01-14T05:00:00Z,212.57,213.09,211.62,212.78,1421145,14457,212.547
2020-01-15T05:00:00Z,212.4,215.67,211.85,213.16,1011108,12715,213.594
2020-01-16T05:00:00Z,214.02,214.99,213.2,214.35,1062990,10629,214.371
2020-01-17T05:00:00Z,215.14,219.465,214.01,219.38,2122617,20834,217.976
2020-01-21T05:00:00Z,219.4,221.34,217.81,220.46,1693463,26138,220.002
2020-01-22T05:00:00Z,221,223,219.32,219.91,1518269,22446,220.838
2020-01-23T05:00:00Z,220.13,223.815,219.61,222.81,1330074,14645,222.746
2020-01-24T05:00:00Z,223.23,224.5,222.04,222.98,1281534,14871,223.198
2020-01-27T05:00:00Z,220.99,223.57,219.76,222.32,1376606,16507,222.192
2020-01-28T05:00:00Z,223.12,224.25,220.63,223.14,1440046,15544,222.994
2020-01-29T05:00:00Z,224,225.85,222.79,223.57,1004259,14143,224.244
2020-01-30T05:00:00Z,222.23,225.055,221.81,224.74,1131774,15064,223.575
2020-01-31T05:00:00Z,223.74,224.69,219.41,221.33,1556738,17394,221.356
2020-02-03T05:00:00Z,221.75,223.265,220.34,220.89,1319759,17284,221.466
2020-02-04T05:00:00Z,225.36,228.5,222.29,223.74,1955721,21123,224.252
2020-02-05T05:00:00Z,224.61,225.89,221.91,223.47,1424287,19795,223.358
2020-02-06T05:00:00Z,223.65,227.575,222.975,225.98,1534881,17686,225.83
2020-02-07T05:00:00Z,226.95,230.58,226,229.86,1331501,17715,229.515
2020-02-10T05:00:00Z,229.87,230.99,227.23,229.6,1132002,17346,229.037
2020-02-11T05:00:00Z,229.27,229.444,226.829,228,1342531,17951,227.93
2020-02-12T05:00:00Z,228.49,230.23,224.76,230.04,1523021,19855,228.294
2020-02-13T05:00:00Z,229.24,230.98,226.96,227.01,1279452,14953,228.06
2020-02-14T05:00:00Z,227.16,229.47,226.48,228.55,1328267,15279,228.236
2020-02-18T05:00:00Z,228,229.86,226.56,228.73,1047664,12337,228.62
2020-02-19T05:00:00Z,228.66,229.71,225.51,225.98,1513806,23149,226.829
2020-02-20T05:00:00Z,226.43,227.22,221.49,223.8,1014307,16022,224.076
2020-02-21T05:00:00Z,222.99,224.23,221.56,222.8,1321179,15874,222.589
2020-02-24T05:00:00Z,218,220.75,216.83,219.06,1299735,19765,218.958
2020-02-25T05:00:00Z,219.6,220.78,208.9,209.76,2072988,28812,213.282
2020-02-26T05:00:00Z,209.82,215.74,209.78,210.32,2439581,28376,211.615
2020-02-27T05:00:00Z,208.57,210.02,201.41,201.94,2574388,31674,204.551
2020-02-28T05:00:00Z,195.52,198.114,190.61,197.73,3442215,37160,195.594
2020-03-02T05:00:00Z,197.9,202.99,194.71,202.05,2427594,34982,199.759
2020-03-03T05:00:00Z,203.4,209.5,197.88,198.68,2006467,24837,201.542
2020-03-04T05:00:00Z,202.35,212,200.29,211.64,1861284,22483,208.329
2020-03-05T05:00:00Z,208.65,208.87,199,200.57,1965792,25662,202.283
2020-03-06T05:00:00Z,195,201.59,192.4,199.93,1780578,26049,197.247
2020-03-09T04:00:00Z,186.77,192.99,182,186.58,2111567,29530,187.767
2020-03-10T04:00:00Z,193.5,196.3,186.31,196.12,1979361,26091,191.984
2020-03-11T04:00:00Z,190.8,193.56,184.36,188.36,2506988,28603,189.002
2020-03-12T04:00:00Z,174.66,181.55,164.122,176.53,3292925,45817,172.248
2020-03-13T04:00:00Z,174.63,178.64,164.475,177.63,2480992,28528,172.278
2020-03-16T04:00:00Z,157,166.47,149.21,152.23,2142967,30364,156.788
2020-03-17T04:00:00Z,155.32,170.68,151.4,168.95,2342403,30937,164.503
2020-03-18T04:00:00Z,154.94,175.1,152.17,166.26,3104412,36053,165.787
2020-03-19T04:00:00Z,166.34,167.37,153.45,160.14,2705988,26167,160.689
2020-03-20T04:00:00Z,160.48,160.48,150.8,154.04,3202447,29000,154.311
2020-03-23T04:00:00Z,153.03,154.54,142.01,150.22,2466193,32015,149.68
2020-03-24T04:00:00Z,153.55,162.56,152.95,162.07,1960105,21703,160.204
2020-03-25T04:00:00Z,160.74,179.77,160,173.46,2076828,20663,172.39
2020-03-26T04:00:00Z,175.67,191.19,174.83,190.5,2468137,28786,184.805
2020-03-27T04:00:00Z,183.64,190.535,178.46,185,2621077,26372,184.258
2020-03-30T04:00:00Z,186.91,187.49,179.24,181.96,2073938,23335,181.872
2020-03-31T04:00:00Z,180.83,183.56,177.01,180.12,3546287,28629,180.247
2020-04-01T04:00:00Z,172.1,177.91,170.23,177.17,1654581,21168,175.743
2020-04-02T04:00:00Z,176.13,183.96,175.22,183.52,2049244,23498,180.971
2020-04-03T04:00:00Z,183.43,184.76,177.35,178.5,1634511,16192,179.731
2020-04-06T04:00:00Z,186.39,187.21,181.6,184,2153075,24127,184.22
2020-04-07T04:00:00Z,190.63,190.64,178.67,179.9,2669020,28319,181.798
2020-04-08T04:00:00Z,181,188.675,179.545,185.2,1385062,17621,185.111
2020-04-09T04:00:00Z,186.37,194.245,186.03,190.79,2072168,23605,190.43
2020-04-13T04:00:00Z,190.44,190.76,185.03,188.32,882642,12497,187.822
2020-04-14T04:00:00Z,193.56,197.86,191.48,197,1388614,16402,196.518
2020-04-15T04:00:00Z,198.04,198.46,190.76,195,1403182,19065,194.479
2020-04-16T04:00:00Z,195.21,198.63,194.18,198.22,1741247,18893,197.184
2020-04-17T04:00:00Z,202.14,204.125,200.82,203.5,1862214,18385,202.858
2020-04-20T04:00:00Z,200.31,202.58,194.65,194.84,1217410,14524,197.598
2020-04-21T04:00:00Z,192.27,194.62,186.07,187.78,1361698,17532,188.683
2020-04-22T04:00:00Z,192.23,194.59,190.89,191.76,1076211,11785,192.505
2020-04-23T04:00:00Z,193.44,194.24,188.7,189.43,1459226,16604,190.302
2020-04-24T04:00:00Z,190,190.47,186.42,189.85,1195024,15116,188.894
2020-04-27T04:00:00Z,190.64,193.99,190.54,192.7,858995,12383,192.733
2020-04-28T04:00:00Z,195,198.1,194.17,195.79,1019649,13687,196.07
2020-04-29T04:00:00Z,195.66,198.25,193.62,195.3,1174376,15290,195.865
2020-04-30T04:00:00Z,193.24,194.49,191.76,193.7,1215101,13973,193.53
2020-05-01T04:00:00Z,190.78,190.96,186.77,189.46,955809,14800,188.843
2020-05-04T04:00:00Z,187.54,188.09,183.79,186.82,1213891,17576,185.74
2020-05-05T04:00:00Z,185.58,192.95,184.05,189,1520359,19542,189.646
2020-05-06T04:00:00Z,189.94,190,182.239,182.51,1096439,16464,185.43
2020-05-07T04:00:00Z,185,185.75,182.01,182.49,1547542,19318,183.567
2020-05-08T04:00:00Z,184.35,184.62,180.24,180.95,1942919,25311,181.423
2020-05-11T04:00:00Z,180,181.34,178.03,179.4,1873441,23071,179.768
2020-05-12T04:00:00Z,180,184.05,179.45,180.61,1846285,20563,182.014
2020-05-13T04:00:00Z,180.13,180.88,175.56,177.54,1555305,20959,177.479
2020-05-14T04:00:00Z,175.28,177.99,171.82,177.84,1865591,24109,175.843
2020-05-15T04:00:00Z,175.81,177.47,174.68,176.78,2114518,19544,176.31
2020-05-18T04:00:00Z,182.68,182.68,179.33,180.92,1641419,19767,181.204
2020-05-19T04:00:00Z,181.33,183.298,179.76,179.89,1284563,16169,181.436
2020-05-20T04:00:00Z,182.09,182.87,178.82,179.18,1632711,17860,179.628
2020-05-21T04:00:00Z,180,185.12,179.33,184.12,1683791,18386,182.657
2020-05-22T04:00:00Z,184.9,184.9,179.85,180.45,1186357,17330,180.864
2020-05-26T04:00:00Z,184.75,186.075,182.72,184.77,2981392,21573,184.595
2020-05-27T04:00:00Z,188,193.04,186.03,192.95,2403229,25966,190.896
2020-05-28T04:00:00Z,196.84,197.925,193,196.73,1732218,19065,196.31
2020-05-29T04:00:00Z,195,199.9,193.43,199.45,2081983,20795,198.012
2020-06-01T04:00:00Z,197.16,198.523,195.58,196.12,1568797,17907,196.582
2020-06-02T04:00:00Z,196.25,196.615,192.95,194.57,2133171,19719,194.442
2020-06-03T04:00:00Z,196.78,201.76,196.08,200.61,2024011,21929,200.144
2020-06-04T04:00:00Z,200,202.39,198.59,199.48,1637685,23003,199.864
2020-06-05T04:00:00Z,205.69,208.215,203.59,204.87,1899121,23418,205.482
2020-06-08T04:00:00Z,206.74,209.77,205.16,209.66,1608228,24497,207.969
2020-06-09T04:00:00Z,207.16,209.42,206.62,208.28,1619759,24154,208.289
2020-06-10T04:00:00Z,208.57,209.21,204.722,206.7,1306093,20950,206.903
2020-06-11T04:00:00Z,200.36,202.251,196.3,196.51,1935062,30152,198.772
2020-06-12T04:00:00Z,201.11,201.65,190.01,193.15,1426312,24021,193.823
2020-06-15T04:00:00Z,189.04,191.52,186.01,188.1,2353376,28909,188.22
2020-06-16T04:00:00Z,192.37,196.87,190.02,191.01,1870801,25911,192.384
2020-06-17T04:00:00Z,191.2,193.1,188.76,191.43,1205826,15789,191.523
2020-06-18T04:00:00Z,190.09,191.68,187.13,188.25,1251439,16939,189.026
2020-06-19T04:00:00Z,191.49,191.49,182.01,182.24,4509180,30294,183.475
2020-06-22T04:00:00Z,182,185.37,179.52,184.2,1765875,24976,182.799
2020-06-23T04:00:00Z,185.69,186.1,177,177.25,2659425,32953,179.227
2020-06-24T04:00:00Z,175.88,175.99,167.97,168.24,3091129,43555,169.961
2020-06-25T04:00:00Z,167.17,171.75,163.69,170.79,2916580,36141,168.196
2020-06-26T04:00:00Z,171,174.168,168.64,169.61,9633855,32809,169.885
2020-06-29T04:00:00Z,171.8,175.592,170.5,174.8,1548410,21480,174.178
2020-06-30T04:00:00Z,173.74,175.15,168.96,169.67,2782083,30348,170.381
2020-07-01T04:00:00Z,171.44,172.9,170.29,170.49,1801718,26299,171.077
2020-07-02T04:00:00Z,172.01,173.78,169.15,172,2024006,22224,171.827
2020-07-06T04:00:00Z,174.68,174.88,171.81,174,1355837,18458,173.497
2020-07-07T04:00:00Z,172.34,173.93,167.59,167.68,1451189,24018,169.88
2020-07-08T04:00:00Z,167.8,167.8,163.65,164.65,1831230,24904,164.984
2020-07-09T04:00:00Z,164.1,164.99,159.55,159.8,2236678,30915,160.915
2020-07-10T04:00:00Z,160,163,159.93,162.51,1748648,20668,161.733
2020-07-13T04:00:00Z,163.68,165.3,161.41,162.43,1519073,21901,163.274
2020-07-14T04:00:00Z,162.1,162.71,158.77,162.36,1423096,21731,161.277
2020-07-15T04:00:00Z,165.35,168.83,165.11,166.83,1412744,19693,167.231
2020-07-16T04:00:00Z,165.21,168.2,164.01,167.03,1334613,18373,166.578
2020-07-17T04:00:00Z,167.95,171.42,167.3,169.96,1667470,22832,169.687
2020-07-20T04:00:00Z,169.43,169.95,165.84,167.1,1179833,15722,167.069
2020-07-21T04:00:00Z,169.25,170.67,168.38,168.89,1198129,15749,169.323
2020-07-22T04:00:00Z,168.32,174.09,167.65,173.34,1069916,14380,172.381
2020-07-23T04:00:00Z,173.41,174.92,171.76,172.67,893849,14051,173.125
2020-07-24T04:00:00Z,172.41,175,169.21,171.24,1383574,18098,171.009
2020-07-27T04:00:00Z,170.61,171.6,166.92,167.55,1084393,16025,168.004
2020-07-28T04:00:00Z,166.88,173.03,166.88,171.4,1180538,16211,171.551
2020-07-29T04:00:00Z,172.15,173.645,170.9,173,1746220,17732,172.755
2020-07-30T04:00:00Z,171.76,174.17,171.05,173.23,1342989,19434,173.027
2020-07-31T04:00:00Z,172.8,174.65,166.84,168.33,2560915,29372,168.583
2020-08-03T04:00:00Z,170,170.615,167.8,167.88,2125181,27056,168.934
2020-08-04T04:00:00Z,168.78,169.63,166.43,167.29,1608242,22697,167.549
2020-08-05T04:00:00Z,168.33,173.05,168.255,172.14,2007635,27444,171.559
2020-08-06T04:00:00Z,171.11,173.67,171.11,173.67,1580901,18824,172.837
2020-08-07T04:00:00Z,173.84,176.99,173.4,175.64,1574495,26102,175.355
2020-08-10T04:00:00Z,175.53,180,175.4,179.18,1565084,24576,178.758
2020-08-11T04:00:00Z,182.43,185.75,180.58,180.64,1985985,31309,182.806
2020-08-12T04:00:00Z,183.34,185.45,181.305,183.07,2155609,30082,183.69
2020-08-13T04:00:00Z,181.13,184.575,180.158,180.97,1591932,25405,181.924
2020-08-14T04:00:00Z,178.46,183.24,178.16,182.58,1245626,19265,181.944
2020-08-17T04:00:00Z,182.88,185.16,180.95,181.55,1543381,22095,182.168
2020-08-18T04:00:00Z,181.55,182.64,179.72,180.98,1069165,17991,181.002
2020-08-19T04:00:00Z,180.1,182.197,179.99,181.18,1230833,17146,181.263
2020-08-20T04:00:00Z,180.12,181.66,178.69,178.96,1044130,17213,179.661
2020-08-21T04:00:00Z,178.21,180.3,178,178.59,1921672,20928,178.825
2020-08-24T04:00:00Z,179.33,182.96,178.12,182.53,992473,19261,181.9
2020-08-25T04:00:00Z,183.6,185.18,181,181.02,1239356,18485,181.918
2020-08-26T04:00:00Z,180.14,180.3,178.5,179.3,1845151,24086,179.431
2020-08-27T04:00:00Z,180.05,182.715,179.68,181.17,1369553,21702,181.621
2020-08-28T04:00:00Z,181.72,181.75,179.25,179.89,1179677,16513,180.089
2020-08-31T04:00:00Z,179.96,181.635,179.38,180.74,1807879,20585,180.778
2020-09-01T04:00:00Z,179.25,180.25,177.15,177.72,1471358,22462,178.297
2020-09-02T04:00:00Z,177.85,183.73,177.18,182.94,1598845,25573,181.04
2020-09-03T04:00:00Z,184,186.869,180.93,182.11,1568232,23407,182.772
2020-09-04T04:00:00Z,184.48,185.81,181.43,181.73,1489037,25681,183.056
2020-09-08T04:00:00Z,180.39,182.9,178.61,179.61,1635340,24678,180.705
2020-09-09T04:00:00Z,180.53,182.95,178.38,180.84,1208209,18304,180.865
2020-09-10T04:00:00Z,181.4,182.68,175.62,176.4,1607406,23399,177.65
2020-09-11T04:00:00Z,176.95,181.593,176.87,181.03,1283774,20612,180.507
2020-09-14T04:00:00Z,181.72,182.55,180.53,181.63,797124,13685,181.729
2020-09-15T04:00:00Z,182.45,182.5,178.118,178.78,919923,15005,179.529
2020-09-16T04:00:00Z,179.01,184.87,178.14,182.18,1450324,18589,182.086
2020-09-17T04:00:00Z,180.5,185.98,179.762,185.44,1266117,19658,184.916
2020-09-18T04:00:00Z,184.33,187.7,184.31,185.21,2189341,18842,185.304
2020-09-21T04:00:00Z,181.5,183.15,176.8,177.58,1755673,24032,178.454
2020-09-22T04:00:00Z,177.01,181.69,177.01,180.75,1145517,17558,180.168
2020-09-23T04:00:00Z,181.52,183.87,177.5,178.13,1372525,16077,179.25
2020-09-24T04:00:00Z,177.62,177.845,172.63,175.74,1268508,18922,175.155
2020-09-25T04:00:00Z,174.84,178.58,174.825,178.02,736035,13641,177.304
2020-09-28T04:00:00Z,179.81,181.18,178.35,178.63,733929,12617,179.481
2020-09-29T04:00:00Z,178.33,178.33,175.43,175.75,994939,16387,176.319
2020-09-30T04:00:00Z,174.48,175.62,168.395,169.84,3074460,35295,171.864
2020-10-01T04:00:00Z,172,174.89,171.47,172.69,1793554,27497,173.075
2020-10-02T04:00:00Z,170.7,174.15,169.98,173.07,1000611,19094,172.297
2020-10-05T04:00:00Z,174.41,175.87,172.46,174.4,813844,15050,174.222
2020-10-06T04:00:00Z,175.99,177.33,173.65,173.96,1019430,17061,174.882
2020-10-07T04:00:00Z,174.88,177.382,174.8,175.4,988444,13817,175.657
2020-10-08T04:00:00Z,175.4,178.14,175,178.14,901131,14577,176.87
2020-10-09T04:00:00Z,179.08,179.49,174.48,175.45,1139407,16517,175.944
2020-10-12T04:00:00Z,175.52,175.84,174.27,175.04,1239514,15445,175.036
2020-10-13T04:00:00Z,174.13,175.49,173.56,174.41,981872,15059,174.586
2020-10-14T04:00:00Z,174.62,177.38,174.3,176.35,790613,14227,176.37
2020-10-15T04:00:00Z,175.11,176.015,172.92,173.47,1121091,17750,173.833
2020-10-16T04:00:00Z,174.46,175.41,174.16,174.37,1027141,13570,174.618
2020-10-19T04:00:00Z,174.83,176.47,170.9,171.43,938431,16141,172.786
2020-10-20T04:00:00Z,173,173.32,170.13,171.21,1157564,19225,171.538
2020-10-21T04:00:00Z,170.69,172.25,169.81,169.81,972258,14452,170.586
2020-10-22T04:00:00Z,170.1,172,169.51,169.6,1057264,17581,170.041
2020-10-23T04:00:00Z,171.19,172.88,169.81,171.8,1185848,18358,171.469
2020-10-26T04:00:00Z,170.37,170.51,167.15,169.83,1406699,18966,168.963
2020-10-27T04:00:00Z,169.19,170.03,166.19,166.26,1327684,17414,167.674
2020-10-28T04:00:00Z,164.56,166.19,161.13,161.32,1341955,20619,162.751
2020-10-29T04:00:00Z,160.65,163.54,160.18,162.95,1298492,21376,162.167
2020-10-30T04:00:00Z,163,164.4,158.09,161.11,2174111,25036,160.258
2020-11-02T05:00:00Z,164.24,171.95,163.82,170.4,1991233,27202,169.777
2020-11-03T05:00:00Z,172.2,178.99,171.45,178.81,2017876,27529,177.201
2020-11-04T05:00:00Z,180.45,188.2,180.43,183.3,3109531,35767,184.855
2020-11-05T05:00:00Z,184.47,185.31,180.26,181.04,2635481,26190,182.61
2020-11-06T05:00:00Z,180.56,181.01,176.936,178.94,1363639,16259,179.084
2020-11-09T05:00:00Z,187.99,190.51,182.18,185.85,2173062,28109,185.945
2020-11-10T05:00:00Z,187.89,192.54,185.53,189.53,1995770,25664,189.6
2020-11-11T05:00:00Z,189.28,190.1,186.36,187.71,2176059,22796,188.096
2020-11-12T05:00:00Z,186.7,190.55,185.47,189.3,1313181,17699,188.786
2020-11-13T05:00:00Z,190,195.27,189.65,194.3,1379263,18788,193.627
2020-11-16T05:00:00Z,197.2,200.18,195.72,200,1607848,24841,198.998
2020-11-17T05:00:00Z,197.89,200.582,195.66,198.43,1505355,22465,198.501
2020-11-18T05:00:00Z,199.29,199.78,196.23,196.35,1251378,19654,197.531
2020-11-19T05:00:00Z,194.5,196.685,193.1,195.76,1370280,21200,195.419
2020-11-20T05:00:00Z,195.43,196.88,191.49,191.5,1305955,18342,192.671
2020-11-23T05:00:00Z,193.7,195.95,193.485,194.1,1178063,17728,194.513
2020-11-24T05:00:00Z,196.8,197.36,195.255,195.83,1107058,17218,196.234
2020-11-25T05:00:00Z,195.5,195.873,193.683,194.98,951442,15221,194.753
2020-11-27T05:00:00Z,194.72,195.413,192.08,194.47,443038,8472,193.815
2020-11-30T05:00:00Z,193.51,194.53,189.85,191.99,1914317,19537,191.838
2020-12-01T05:00:00Z,193.42,195.45,191.7,191.84,1194776,18012,193.109
2020-12-02T05:00:00Z,191.53,192.15,189.23,191.54,1208793,16589,191.118
2020-12-03T05:00:00Z,191.98,194.55,191.53,192.7,1447665,19239,192.854
2020-12-04T05:00:00Z,193.46,197.24,193.46,195.04,1411268,14976,195.154
2020-12-07T05:00:00Z,194.64,194.79,190.765,191.63,1155943,17441,191.922
2020-12-08T05:00:00Z,190.13,192.23,189.119,189.25,1188424,16979,189.82
2020-12-09T05:00:00Z,189.68,189.99,187.24,188.3,1349463,17115,188.333
2020-12-10T05:00:00Z,188.02,190.43,186.16,187.5,1323470,15058,187.42
2020-12-11T05:00:00Z,186.75,189.97,185.41,189.18,1175470,18659,188.265
2020-12-14T05:00:00Z,190.67,193.3,189.1,189.95,1534217,22925,190.609
2020-12-15T05:00:00Z,186.1,189.465,184.67,188.32,1663610,22135,187.797
2020-12-16T05:00:00Z,187.81,188.64,185.43,186.13,1233839,15578,186.361
2020-12-17T05:00:00Z,186.14,186.681,184.51,185.71,1279366,18854,185.562
2020-12-18T05:00:00Z,185.35,187.76,185.33,187.21,5381028,21313,187.059
2020-12-21T05:00:00Z,184.33,186.5,183.32,185.04,1910360,22640,184.933
2020-12-22T05:00:00Z,185,185.43,183.684,184.11,1547635,17607,184.344
2020-12-23T05:00:00Z,185.13,187.31,184.41,185.85,986685,14303,186.162
2020-12-24T05:00:00Z,186,186.61,184.46,185.16,314792,5352,185.104
2020-12-28T05:00:00Z,185.98,188.179,185.43,187.32,655334,11055,187.181
2020-12-29T05:00:00Z,188.6,189.24,184.815,186.29,690632,12274,186.609
2020-12-30T05:00:00Z,186.93,188.37,186.9,187.65,630070,10297,187.667
2020-12-31T05:00:00Z,188.13,189.35,187.34,189.02,862270,11063,188.597
2021-01-04T05:00:00Z,187.96,187.96,180.21,180.44,1763769,24346,181.619
2021-01-05T05:00:00Z,181.19,183.26,179.57,182.35,1701797,17972,182.008
2021-01-06T05:00:00Z,181.11,183.55,179.42,182.77,1719792,21730,182.033
2021-01-07T05:00:00Z,179.15,182.31,179.15,181.25,1693989,20839,181.075
2021-01-08T05:00:00Z,181.62,181.62,177.42,180.7,1606290,20816,180.224
2021-01-11T05:00:00Z,180,184.2,179.23,183.49,1684421,14227,182.905
2021-01-12T05:00:00Z,183.06,185.62,182.185,184.98,1408100,16907,184.515
2021-01-13T05:00:00Z,184.76,187.15,184.64,186.73,1515952,15822,186.493
2021-01-14T05:00:00Z,188.5,192.29,188.5,190.77,1963379,23056,190.507
2021-01-15T05:00:00Z,190.75,192.62,188.35,188.58,1655471,21371,189.885
2021-01-19T05:00:00Z,189.83,191.87,189.1,190.1,1198181,16131,190.072
2021-01-20T05:00:00Z,190.79,191.19,188.13,188.38,1186233,16057,189.126
2021-01-21T05:00:00Z,187.66,188.09,182.75,183.13,1588495,19696,183.705
2021-01-22T05:00:00Z,182.62,185.25,182.2,183.8,1176665,16410,184.044
2021-01-25T05:00:00Z,183.37,186.13,181.78,185.23,1155318,16217,184.828
2021-01-26T05:00:00Z,186,186.491,179.85,179.92,1051297,17057,181.533
2021-01-27T05:00:00Z,178.13,180.84,175.73,179.14,1472624,23032,179.012
2021-01-28T05:00:00Z,180.87,180.87,176.56,176.66,1840346,23454,178.07
2021-01-29T05:00:00Z,175,175.98,168.7,171.51,3257292,40329,171.763
2021-02-01T05:00:00Z,173.55,175.13,172.15,173.56,2267025,23627,173.411
2021-02-02T05:00:00Z,175.59,182.28,175.035,180.54,1940621,21623,180.871
2021-02-03T05:00:00Z,179.65,181.05,178.3,179.51,1796283,19726,179.423
2021-02-04T05:00:00Z,179.78,185.26,179.36,184.9,1713034,19694,184.103
2021-02-05T05:00:00Z,186.08,187.1,182.59,182.83,2068669,22997,183.564
2021-02-08T05:00:00Z,183.68,186.69,182.06,186.27,1365705,18625,185.08
2021-02-09T05:00:00Z,186.03,188.23,184.67,186.17,1644074,19006,186.66
2021-02-10T05:00:00Z,186.49,188.591,186.17,187.52,1595794,17346,187.54
2021-02-11T05:00:00Z,187.6,188.41,185.494,187.5,1096561,16102,187.056
2021-02-12T05:00:00Z,186.39,187.76,185.19,185.92,918427,13762,186.185
2021-02-16T05:00:00Z,186.85,187.19,184.07,184.49,1003021,17009,184.999
2021-02-17T05:00:00Z,184.24,189.64,183.21,188.46,1579412,18539,187.815
2021-02-18T05:00:00Z,186.6,189.96,186.6,189.21,1130887,16987,188.985
2021-02-19T05:00:00Z,190,190.152,187.74,189.09,1184093,15602,189.137
2021-02-22T05:00:00Z,188.08,189.75,186.3,188.32,1156086,16718,188.357
2021-02-23T05:00:00Z,190,190.99,185.7,187.83,1521250,21859,187.825
2021-02-24T05:00:00Z,188.44,192.49,187.98,191.38,1234816,17538,191.117
2021-02-25T05:00:00Z,191.38,192.37,186.63,187,1545940,21783,188.818
2021-02-26T05:00:00Z,187,187,181.6,181.91,2104427,22609,183.222
2021-03-01T05:00:00Z,185.46,186.65,183.59,184.62,1337760,17472,185.158
2021-03-02T05:00:00Z,184,187.479,184,186,1181795,15539,186.242
2021-03-03T05:00:00Z,185.63,188.425,185.45,186.07,1507153,20938,186.544
2021-03-04T05:00:00Z,185.8,187.8,182.24,183.73,1078846,17383,184.634
2021-03-05T05:00:00Z,184.7,187.72,182.8,187.09,1253043,22070,185.447
2021-03-08T05:00:00Z,188.53,193.87,187.25,191.04,1552552,21425,190.786
2021-03-09T05:00:00Z,191.11,192.11,187.58,187.97,1154889,15760,189.079
2021-03-10T05:00:00Z,188.72,192.22,186.7,190.99,1552149,17524,190.299
2021-03-11T05:00:00Z,188.51,190.06,186.2,188.25,1515121,18677,188.663
2021-03-12T05:00:00Z,189.24,192.8,189.24,192.02,1031869,15104,191.654
2021-03-15T04:00:00Z,192.14,193.92,190.6,192,873878,15116,191.768
2021-03-16T04:00:00Z,191.77,192.43,189.06,190.52,1177209,15348,190.416
2021-03-17T04:00:00Z,191.59,194.815,190.85,192.04,1262736,15366,192.331
2021-03-18T04:00:00Z,191.77,196.5,191.61,196.47,1398788,20660,195.14
2021-03-19T04:00:00Z,196.87,198.08,191.78,197.5,4442797,26583,197.054
2021-03-22T04:00:00Z,195.4,199.87,194.69,198.04,1871593,25276,197.953
2021-03-23T04:00:00Z,197.18,198.95,195.585,196.15,1023073,16714,196.767
2021-03-24T04:00:00Z,197,199.42,195.71,195.96,1053410,17941,197.299
2021-03-25T04:00:00Z,196.69,199.07,193.1,198.61,1431199,21003,196.951
2021-03-26T04:00:00Z,199.56,200.97,196.31,198.94,989293,17802,198.362
2021-03-29T04:00:00Z,198.94,204,198.605,202.84,1144037,20989,202.512
2021-03-30T04:00:00Z,202.81,204.28,201.77,203.08,1035722,17953,203.136
2021-03-31T04:00:00Z,202.15,203.16,201.07,202.68,1094915,16820,202.491
2021-04-01T04:00:00Z,202.83,205.03,201.06,203.62,1085740,18684,203.71
2021-04-05T04:00:00Z,205.54,208.47,204.88,207.85,1057296,20007,207.459
2021-04-06T04:00:00Z,206.28,210.14,206.28,209.32,1229526,19412,208.99
2021-04-07T04:00:00Z,208.94,208.94,206.78,208.65,881180,14010,208.333
2021-04-08T04:00:00Z,206.59,208.74,206.22,207.49,1165921,16873,207.583
2021-04-09T04:00:00Z,208.5,208.8,206.84,208.12,1136421,15661,207.923
2021-04-12T04:00:00Z,208.34,209.62,207.14,209.59,755199,13149,208.92
2021-04-13T04:00:00Z,208.55,209.57,207.25,208.97,548692,11508,208.699
2021-04-14T04:00:00Z,209.05,209.94,207.89,208.99,735413,12081,209.094
2021-04-15T04:00:00Z,209.04,211.925,208.49,210.76,912209,16299,210.824
2021-04-16T04:00:00Z,211.73,212,208.9,210.72,1479061,19210,210.475
2021-04-19T04:00:00Z,211.06,211.06,209.73,209.73,10135,1,211.06
2021-04-20T04:00:00Z,209.39,210.4,207.51,210.2,818006,14564,209.204
2021-04-21T04:00:00Z,210.12,212.21,209.49,212.05,982179,15618,211.656
2021-04-22T04:00:00Z,210.96,212.2,209.965,210.71,1105591,15404,211.153
2021-04-23T04:00:00Z,211.07,211.25,208.65,211.02,1094733,13953,210.455
2021-04-26T04:00:00Z,211.02,211.13,207.05,207.65,1045425,15671,208.181
2021-04-27T04:00:00Z,204.86,208.12,203.92,207.73,1356609,16772,207.352
2021-04-28T04:00:00Z,208.08,208.08,204.8,205.01,1163357,16920,205.453
2021-04-29T04:00:00Z,206.06,210.095,205.64,209.22,1162577,20211,209.167
2021-04-30T04:00:00Z,208.56,213,206.44,209.23,1281009,18199,209.143
2021-05-03T04:00:00Z,208.56,212.08,207.8,211.74,1032775,17991,210.937
2021-05-04T04:00:00Z,212.37,216.85,211.915,216.4,1880029,26771,215.021
2021-05-05T04:00:00Z,216.13,217.99,214.58,217.68,1330175,19676,216.879
2021-05-06T04:00:00Z,218.33,219.62,215.75,216.99,1367197,19001,217.355
2021-05-07T04:00:00Z,215.99,219.78,215.76,219.25,1157836,16961,218.783
2021-05-10T04:00:00Z,220,221.488,217,217.02,1165181,20410,219.176
2021-05-11T04:00:00Z,216.96,216.96,212.04,213.33,1106635,20896,214.075
2021-05-12T04:00:00Z,213.73,215.11,211.01,211.06,1060395,16425,212.092
2021-05-13T04:00:00Z,210.47,215.97,209.89,214.63,1021999,17022,214.392
2021-05-14T04:00:00Z,215.74,217.65,214.17,217.04,668510,13518,216.437
2021-05-17T04:00:00Z,216.64,218.65,215.52,218.1,1520100,19752,217.829
2021-05-18T04:00:00Z,216.86,217.85,214.82,214.92,1496195,20746,216.263
2021-05-19T04:00:00Z,213.745,214.66,209.94,214.34,1401740,21721,213.283
2021-05-20T04:00:00Z,214.64,216.83,214.64,216.09,1542185,17873,215.996
2021-05-21T04:00:00Z,217.15,219.44,215.48,216.04,1333449,19563,216.832
2021-05-24T04:00:00Z,217.13,217.84,215.445,216.29,1126251,15182,216.337
2021-05-25T04:00:00Z,216.72,217.84,216.12,216.55,1098246,18278,216.706
2021-05-26T04:00:00Z,215.92,216.98,213.94,214.83,1364695,18935,214.687
2021-05-27T04:00:00Z,217,219.36,215.96,218.91,4746639,25415,218.513
2021-05-28T04:00:00Z,218.49,219.3,217.08,218.06,1272397,16296,218.045
2021-06-01T04:00:00Z,219.48,220.75,216.59,217.19,1725731,19549,217.816
2021-06-02T04:00:00Z,218.37,219.64,216.58,218.72,1469655,20256,218.277
2021-06-03T04:00:00Z,218.04,220.51,217.18,219.94,1339517,16553,219.047
2021-06-04T04:00:00Z,220.7,223.87,219.52,222.75,1250756,19315,222.88
2021-06-07T04:00:00Z,223.14,223.24,217.68,218.55,1773040,30645,219.095
2021-06-08T04:00:00Z,219.54,219.54,217.36,219.06,1610583,25373,218.509
2021-06-09T04:00:00Z,218.71,218.96,216.84,217.51,1569798,20909,217.77
2021-06-10T04:00:00Z,219.58,221.87,218.55,219.58,2376315,28605,220.176
2021-06-11T04:00:00Z,220.22,223.49,219.93,223.3,1864504,26973,222.484
2021-06-14T04:00:00Z,222.07,223.14,220.835,222.18,1411203,22137,221.68
2021-06-15T04:00:00Z,223.37,224.604,222.99,223.72,945577,19179,223.856
2021-06-16T04:00:00Z,224.4,224.4,221.38,221.98,1504124,22010,222.27
2021-06-17T04:00:00Z,222.31,222.91,220.08,220.38,2134575,28700,220.794
2021-06-18T04:00:00Z,218.4,220.04,218.19,218.86,2512168,22323,218.892
2021-06-21T04:00:00Z,220.4,223.49,220.29,222.68,1137548,16638,222.609
2021-06-22T04:00:00Z,222.12,222.6,220.82,221.69,1494301,19131,221.707
2021-06-23T04:00:00Z,222.16,222.78,221.15,221.45,1231248,21207,221.762
2021-06-24T04:00:00Z,222.55,222.55,219.03,219.65,1431237,20041,220.097
2021-06-25T04:00:00Z,220.11,221.44,219.43,221.03,1716904,16897,220.876
2021-06-28T04:00:00Z,221.76,221.76,218.32,219.51,730867,15341,219.298
2021-06-29T04:00:00Z,219.51,221.17,215.11,215.4,1397534,21998,216.887
2021-06-30T04:00:00Z,216.14,217.77,215.66,216.15,1492406,22324,216.472
2021-07-01T04:00:00Z,216.08,218.898,215.56,218.66,1116905,17665,218.037
2021-07-02T04:00:00Z,219.66,221.32,217.96,219.44,772966,12931,219.879
2021-07-06T04:00:00Z,218.21,219.99,215.65,219.5,1463309,18689,218.876
2021-07-07T04:00:00Z,219.17,224.17,218.63,224,1363706,24114,222.943
2021-07-08T04:00:00Z,221.74,223.35,220.82,222.3,1895271,26838,222.13
2021-07-09T04:00:00Z,223.77,224.3,221.78,223.99,1212347,16914,223.683
2021-07-12T04:00:00Z,223.11,224.76,222.1,224.25,789290,12945,223.906
2021-07-13T04:00:00Z,224.31,225.95,223.7,224.58,1599090,20951,224.919
2021-07-14T04:00:00Z,223.48,225.19,223.145,223.97,1060393,13917,223.978
2021-07-15T04:00:00Z,222.84,224.53,222.24,223.86,1312745,18673,223.613
2021-07-16T04:00:00Z,225,225.7,222.71,223.76,918085,15445,223.949
2021-07-19T04:00:00Z,221.54,222.53,216.58,218.23,1776034,27786,218.593
2021-07-20T04:00:00Z,218.94,225.64,218.94,225.51,1000075,17716,224.614
2021-07-21T04:00:00Z,226.12,228.19,225.51,227.1,733594,14488,226.834
2021-07-22T04:00:00Z,226.82,227.52,225.74,226.12,675716,11277,226.389
2021-07-23T04:00:00Z,227,227.62,225.92,227.25,592774,11082,227.015
2021-07-26T04:00:00Z,226.22,226.8,224.407,226,559261,10481,225.789
2021-07-27T04:00:00Z,225.78,229.155,224.68,228.08,556591,12803,227.839
2021-07-28T04:00:00Z,228.66,229.72,226.73,227.68,649649,11110,227.823
2021-07-29T04:00:00Z,229.1,230,228.24,228.55,672381,11841,229.025
2021-07-30T04:00:00Z,227.79,228.27,226.04,226.74,837639,14894,226.857
2021-08-02T04:00:00Z,228,229.26,225.84,225.95,1481949,17794,226.876
2021-08-03T04:00:00Z,228.03,231.78,225.5,231.37,875367,15862,230.268
2021-08-04T04:00:00Z,229.33,230.78,227.95,229.41,1022102,15525,229.317
2021-08-05T04:00:00Z,230.62,232.44,230.044,231.24,956374,15118,231.486
2021-08-06T04:00:00Z,231.28,232.99,231.2,231.29,783797,11815,231.815
2021-08-09T04:00:00Z,230.15,231.225,228.5,229,789996,13705,229.609
2021-08-10T04:00:00Z,228.57,232.91,228.35,232.62,1026652,15274,231.68
2021-08-11T04:00:00Z,230.52,233.155,229.53,232.89,1015351,13776,232.465
2021-08-12T04:00:00Z,232.8,233.19,229.82,230.77,811455,13672,231.162
2021-08-13T04:00:00Z,230.89,231.85,229.66,229.83,630091,13543,230.354
2021-08-16T04:00:00Z,230,234.24,227.832,234.15,1062369,17742,233.183
2021-08-17T04:00:00Z,233.23,234.9,232.18,233.88,914962,16497,233.8
2021-08-18T04:00:00Z,233.27,234.83,231.06,231.23,810221,18535,232.753
2021-08-19T04:00:00Z,230.02,233.3,229.81,230.12,1283642,19459,231.381
2021-08-20T04:00:00Z,230.01,232.52,229.26,231.14,919369,17120,231.164
2021-08-23T04:00:00Z,231.22,233.78,231.22,232.49,750090,13534,232.825
2021-08-24T04:00:00Z,232.66,234.16,231.77,232.44,597109,13170,233.079
2021-08-25T04:00:00Z,232.68,233.63,231.02,233.26,1274113,17572,232.683
2021-08-26T04:00:00Z,233.59,235.05,232.34,234.5,715040,15234,234.105
2021-08-27T04:00:00Z,235.1,235.1,231.59,232.2,1116666,18688,232.728
2021-08-30T04:00:00Z,232.2,234.13,231.55,232.62,744461,15108,233.146
2021-08-31T04:00:00Z,232.34,234.26,232.34,233.01,1393180,17023,233.082
2021-09-01T04:00:00Z,233.44,233.44,231.24,232.7,1116189,17379,232.315
2021-09-02T04:00:00Z,232.35,234.25,231.84,234.18,1467571,18456,233.097
2021-09-03T04:00:00Z,233.78,233.78,231.435,231.74,1214370,19055,231.99
2021-09-07T04:00:00Z,230.77,231.26,228.58,229.73,1238906,22495,229.869
2021-09-08T04:00:00Z,229.68,231.89,229.26,230.85,1071189,18145,230.426
2021-09-09T04:00:00Z,230.77,232.65,230.29,232.05,1156813,19725,231.705
2021-09-10T04:00:00Z,232.89,233.47,230.59,231.63,1398210,21997,231.715
2021-09-13T04:00:00Z,233.34,233.76,225.535,228.52,1244032,21999,228.912
2021-09-14T04:00:00Z,229.83,229.83,225.6,226.98,1399089,21264,226.86
2021-09-15T04:00:00Z,227.29,230.72,227.26,228.7,2072805,20128,228.91
2021-09-16T04:00:00Z,229.22,229.22,219.95,221.03,1678156,26466,221.802
2021-09-17T04:00:00Z,221,223.619,220.67,222.46,3378919,23197,222.348
2021-09-20T04:00:00Z,220.13,223.44,219.37,222.04,1475771,21005,221.754
2021-09-21T04:00:00Z,223.18,223.99,219.615,219.99,1153883,14590,220.561
2021-09-22T04:00:00Z,221.28,223.35,220.465,222.73,907169,16171,222.377
2021-09-23T04:00:00Z,217.25,223.07,217.02,221.24,1248748,20751,221.532
2021-09-24T04:00:00Z,221.61,224.1,220.905,223.49,911011,14531,223.389
2021-09-27T04:00:00Z,224.68,226,222.46,223.18,892447,15684,223.461
2021-09-28T04:00:00Z,222.69,224.35,219.65,221.88,1061209,18884,221.303
2021-09-29T04:00:00Z,222.8,224.84,221.16,223.03,700546,15625,223.305
2021-09-30T04:00:00Z,222.74,224.19,220.15,220.24,978583,16473,221.581
2021-10-01T04:00:00Z,221.35,221.94,217.13,219.48,995655,19470,219.492
2021-10-04T04:00:00Z,219.05,220.67,216.38,218.44,1426159,20725,218.199
2021-10-05T04:00:00Z,221.12,223.99,219.3,222.33,1333250,20155,222.538
2021-10-06T04:00:00Z,221.21,227.05,220.38,226.87,1214036,20778,224.627
2021-10-07T04:00:00Z,227.64,231.23,227.64,230.64,931730,17019,230.466
2021-10-08T04:00:00Z,230.95,234.36,230.308,233.17,1100989,18571,233.017
2021-10-11T04:00:00Z,233.6,236.74,232.93,235.37,1007361,19188,235.283
2021-10-12T04:00:00Z,235.36,238.4,234.78,237.12,1384015,21631,236.967
2021-10-13T04:00:00Z,236.37,236.47,232.465,234.58,1655068,20746,234.784
2021-10-14T04:00:00Z,235.89,237.875,234.798,236.67,1005261,17098,236.611
2021-10-15T04:00:00Z,238.09,240.94,237.68,239.07,1174327,16005,239.364
2021-10-18T04:00:00Z,237.7,239.36,236.65,238.78,962654,15507,238.482
2021-10-19T04:00:00Z,239.78,242.33,239.08,241.93,952449,15778,241.112
2021-10-20T04:00:00Z,241.82,245.07,241.487,243.17,1155196,17514,243.679
2021-10-21T04:00:00Z,242.69,243.84,240.24,241.75,810699,15433,241.4
2021-10-22T04:00:00Z,242.77,246.08,241.24,244.73,846326,14286,244.501
2021-10-25T04:00:00Z,244.64,244.64,244.27,244.27,140862,3,244.295
2021-10-26T04:00:00Z,237.01,240.41,232.38,233.39,1823674,30812,234.808
2021-10-27T04:00:00Z,233.33,233.7,228.27,228.49,1475036,21498,230.084
2021-10-28T04:00:00Z,228.3,228.71,221.451,224.03,2286014,31041,223.345
2021-10-29T04:00:00Z,225.18,231.36,223.93,230.54,2171194,27719,229.072
2021-11-01T04:00:00Z,229.92,230.53,221.05,221.35,1565809,26499,222.702
2021-11-02T04:00:00Z,222.42,222.67,216.44,218.42,2864480,38198,218.691
2021-11-03T04:00:00Z,217.73,221.62,217.16,221.1,1755494,26750,220.133
2021-11-04T04:00:00Z,220.24,222.49,219.405,222.14,1340738,19144,221.336
2021-11-05T04:00:00Z,224.47,225.54,222.79,223.97,1234049,16769,224.319
2021-11-08T05:00:00Z,222.61,224.33,220.62,223.84,1060328,20226,222.856
2021-11-09T05:00:00Z,223.94,225.4,222.675,224.72,567595,14163,224.399
2021-11-10T05:00:00Z,224.13,225.82,223.29,223.46,774445,13097,224.096
2021-11-11T05:00:00Z,223.03,223.18,218.84,218.98,931824,17791,219.848
2021-11-12T05:00:00Z,218.71,220.855,218.21,220.3,1922265,22833,219.796
2021-11-15T05:00:00Z,221.02,221.645,219.85,221.23,1117138,18617,220.88
2021-11-16T05:00:00Z,222.1,223.275,219.56,220,1356291,20824,220.365
2021-11-17T05:00:00Z,219.67,222.41,219.17,221.19,934933,16582,221.326
2021-11-18T05:00:00Z,220.01,220.83,218,220,1460234,20322,219.983
2021-11-19T05:00:00Z,220.5,220.85,218.7,220,1173568,17392,220.03
2021-11-22T05:00:00Z,220.05,224.33,220.05,222.13,1199067,17528,222.522
2021-11-23T05:00:00Z,222.38,224.41,221.05,221.51,712100,13592,222.058
2021-11-24T05:00:00Z,221.15,221.82,218.01,218.74,840114,14935,218.781
2021-11-26T05:00:00Z,215,217.27,213,215.12,840606,17813,214.915
2021-11-29T05:00:00Z,216.76,217.28,213.82,214.68,1147791,19694,215.386
2021-11-30T05:00:00Z,213.39,214.03,208.76,209.08,2380093,24989,210.051
2021-12-01T05:00:00Z,211.13,212.31,207.32,207.32,1075361,22450,209.466
2021-12-02T05:00:00Z,208.59,212.36,208.05,211.15,1124240,18254,210.861
2021-12-03T05:00:00Z,211.04,213.79,210.29,212,1237280,21197,211.807
2021-12-06T05:00:00Z,213.72,216.86,213.12,215.3,831035,17238,215.464
2021-12-07T05:00:00Z,215.3,217,213.34,214.68,1111517,19528,215.267
2021-12-08T05:00:00Z,214.94,216.97,213.98,216.63,1077059,19410,215.884
2021-12-09T05:00:00Z,216.55,216.8,214.765,216.52,837555,15704,215.995
2021-12-10T05:00:00Z,217.93,217.93,215.3,216.8,1122685,15672,216.447
2021-12-13T05:00:00Z,216.3,219.52,215.74,217.94,1074059,18055,217.782
2021-12-14T05:00:00Z,212.49,215.6,212.255,213,1893790,23703,213.651
2021-12-15T05:00:00Z,214.35,214.35,210.73,213,1282690,21930,212.555
2021-12-16T05:00:00Z,213.69,214.655,209.04,210.76,2359992,30233,211.456
2021-12-17T05:00:00Z,210.75,211.73,207.57,207.93,4564601,32657,208.453
2021-12-20T05:00:00Z,206.55,206.55,200.705,202.02,2170170,28023,202.16
2021-12-21T05:00:00Z,203.62,208.56,203.02,207.13,2041559,28650,206.751
2021-12-22T05:00:00Z,206.65,207.94,205.561,206.75,1291948,19464,206.665
2021-12-23T05:00:00Z,207.48,209.62,206.85,208.26,1120191,17217,208.321
2021-12-27T05:00:00Z,209.14,210.745,208.28,210.33,685521,13497,210.16
2021-12-28T05:00:00Z,209.95,212.89,208.63,212.16,592334,13289,211.899
2021-12-29T05:00:00Z,211.04,212.56,211.04,212.37,1217525,11321,212.231
2021-12-30T05:00:00Z,211.86,213.93,211.755,212.94,688713,11689,213.042
2021-12-31T05:00:00Z,213.04,214.04,212.18,213.24,740079,11080,213.159
2022-01-03T05:00:00Z,213.47,213.97,210,211.57,1131845,20900,211.729
2022-01-04T05:00:00Z,212.93,217.93,212.6,214.01,1603643,22995,214.936
2022-01-05T05:00:00Z,214.41,215.79,209.3,209.38,2477689,33178,211.335
2022-01-06T05:00:00Z,210.06,217.63,209.29,217.55,1895519,23545,215.166
2022-01-07T05:00:00Z,218.37,220.58,217.95,219.77,2090390,25291,219.617
2022-01-10T05:00:00Z,221,224.39,221,223.44,2314385,30619,222.943
2022-01-11T05:00:00Z,225,225.5,221.67,222.02,1604554,23470,222.69
2022-01-12T05:00:00Z,221.94,223.14,219.313,220.09,998735,15882,220.441
2022-01-13T05:00:00Z,220.45,223.249,219.88,222.6,1377668,19249,222.283
2022-01-14T05:00:00Z,221.88,227.94,221.82,227.86,1866928,30841,225.999
2022-01-18T05:00:00Z,227.9,229.07,224.34,228.95,2104931,31366,227.695
2022-01-19T05:00:00Z,227.65,232.14,227.018,227.67,1789072,28451,229.393
2022-01-20T05:00:00Z,227.22,229.04,224.26,224.46,1110724,20530,226.259
2022-01-21T05:00:00Z,225.07,225.36,220.08,220.75,1735057,21474,221.788
2022-01-24T05:00:00Z,218.23,225.05,213.33,225.05,697548,8401,219.818
2022-01-25T05:00:00Z,223.22,226.42,219.74,224.45,2106354,33400,223.246
2022-01-26T05:00:00Z,225.55,227.53,221.67,222.63,2154654,35925,224.34
2022-01-27T05:00:00Z,222.62,224.125,213.82,216.27,2444119,40045,217.664
2022-01-28T05:00:00Z,216.95,218.68,214.22,218.67,2233393,35086,217.439
2022-01-31T05:00:00Z,210.53,211.82,207.8,209.29,5755429,45700,209.504
2022-02-01T05:00:00Z,207.4,210.619,206.04,209.92,3028808,36125,208.849
2022-02-02T05:00:00Z,209.19,212.44,207.755,211.74,2353528,33492,210.937
2022-02-03T05:00:00Z,210.78,214.605,210.211,213.57,1328635,24184,212.801
2022-02-04T05:00:00Z,212.89,214.99,211.61,213.24,1218691,18833,213.437
2022-02-07T05:00:00Z,214.53,218.01,213.2,217.46,1545180,21305,216.798
2022-02-08T05:00:00Z,218.3,219.66,216.03,218.94,988020,17230,218.714
2022-02-09T05:00:00Z,219.73,221.75,219.395,220.56,897992,15637,220.727
2022-02-10T05:00:00Z,219.02,220.95,214.41,215.22,1276453,22171,216.52
2022-02-11T05:00:00Z,215.22,223.36,214.53,222.97,1731605,26365,221.074
2022-02-14T05:00:00Z,222.14,223.55,217.68,219.82,1367978,23308,219.887
2022-02-15T05:00:00Z,219.99,221.12,216.32,217.04,1607272,24183,217.696
2022-02-16T05:00:00Z,216.15,222.268,216.15,221.62,1023511,18088,220.363
2022-02-17T05:00:00Z,220.25,223.33,219.75,221,840656,17181,221.583
2022-02-18T05:00:00Z,220.33,222.145,217.1,217.62,2816653,19108,218.043
2022-02-22T05:00:00Z,219.81,220.88,217,218.96,1412250,22034,219.115
2022-02-23T05:00:00Z,220.6,221.5,215.955,216.29,1287292,21287,217.777
2022-02-24T05:00:00Z,220,228.69,217.2,228.47,2779385,39936,224.45
2022-02-25T05:00:00Z,228,233.88,226.675,233.51,1380626,24037,232.291
2022-02-28T05:00:00Z,236.99,252.35,236,252.31,4039681,54323,249.03
2022-03-01T05:00:00Z,252.61,261.98,252.61,255.08,3306125,49385,257.285
2022-03-02T05:00:00Z,251.55,254.5,244.01,253.57,2436886,42066,251.746
2022-03-03T05:00:00Z,254,256.03,251.23,255.48,1564599,27491,254.563
2022-03-04T05:00:00Z,257.84,269.6,256.31,266.88,1821571,32687,264.685
2022-03-07T05:00:00Z,269.95,279.71,268.74,270.74,2401303,44645,273.972
2022-03-08T05:00:00Z,267.86,267.86,261.86,261.86,213096,41,262.61
2022-03-09T05:00:00Z,258.54,261.7,252.19,255.53,2287811,38978,255.832
2022-03-10T05:00:00Z,254.47,260.2,252.21,254,1676487,29325,254.478
2022-03-11T05:00:00Z,254.99,256.996,249.8,250,2269694,33615,252.051
2022-03-14T04:00:00Z,251.76,253.44,246.34,250.11,2059848,29903,249.748
2022-03-15T04:00:00Z,251.1,258.61,247.89,258.11,1891916,30447,256.043
2022-03-16T04:00:00Z,254.65,257.77,241.8,243.43,2500577,39658,246.342
2022-03-17T04:00:00Z,246.14,250.31,243.86,248.79,1304380,26516,247.969
2022-03-18T04:00:00Z,249.72,251.095,243.18,246.45,2478438,27631,246.248
2022-03-21T04:00:00Z,249.61,255.74,248.225,253.86,1133083,22252,253.498
2022-03-22T04:00:00Z,252.82,253.28,246.94,251.99,1819943,28105,251.025
2022-03-23T04:00:00Z,254.42,256.03,251.79,255.26,1191068,22487,254.528
2022-03-24T04:00:00Z,255.47,258.995,253.55,256.88,1421297,19437,255.978
2022-03-25T04:00:00Z,256.87,258.97,256.034,257.85,820332,16472,257.623
2022-03-28T04:00:00Z,256.18,256.38,248.52,249.45,1578074,22811,250.64
2022-03-29T04:00:00Z,245.81,247.59,240.08,246.6,2313402,39228,244.573
2022-03-30T04:00:00Z,248.42,253.56,248.42,251.81,1597948,24048,251.519
2022-03-31T04:00:00Z,250.41,253.98,248.47,248.47,1048576,17309,249.673
2022-04-01T04:00:00Z,249.17,253.29,248.73,253.17,1005341,17655,252.097
2022-04-04T04:00:00Z,253.8,253.8,251.18,252.64,1126136,22188,252.687
2022-04-05T04:00:00Z,252.78,258.52,252.78,256.44,1519960,24409,256.449
2022-04-06T04:00:00Z,255.42,261.08,254.88,257.9,1277143,25048,258.175
2022-04-07T04:00:00Z,256.4,261.1,254.16,260.8,1131291,23529,259.461
2022-04-08T04:00:00Z,261.24,264.05,256.82,258.03,897143,17750,259.319
2022-04-11T04:00:00Z,259.5,262.43,255.37,256.57,874833,18257,257.664
2022-04-12T04:00:00Z,256.82,259.445,255.885,257.2,954469,21305,257.398
2022-04-13T04:00:00Z,258.42,260.58,253.55,254.25,990117,20079,255.336
2022-04-14T04:00:00Z,256,258.42,255.733,257.41,1201270,19680,257.248
2022-04-18T04:00:00Z,257.49,261.49,255.601,259.73,1044513,16822,258.899
2022-04-19T04:00:00Z,258.91,264.71,256.387,257.73,1189109,18337,258.398
2022-04-20T04:00:00Z,257.64,260.63,255.23,257.82,702793,15827,258.186
2022-04-21T04:00:00Z,258.15,258.15,245.135,246.09,1408535,26582,247.837
2022-04-22T04:00:00Z,246.78,250.93,245.78,247.88,957444,22564,248.28
2022-04-25T04:00:00Z,246.8,247.45,237.06,242.92,1375405,32464,241.462
2022-04-26T04:00:00Z,244.3,246.23,240.31,240.35,1127061,26992,242.167
2022-04-27T04:00:00Z,240.37,244.4,238.67,241.06,850526,22181,242.107
2022-04-28T04:00:00Z,240.93,240.93,235.74,239.09,1358203,30622,238.506
2022-04-29T04:00:00Z,250.9,253.86,231.415,232.26,2038208,32442,234.056
2022-05-02T04:00:00Z,230.43,238.87,230.39,235.21,1452128,30243,234.886
2022-05-03T04:00:00Z,236.76,239.96,236.17,237.53,1104059,21725,238.116
2022-05-04T04:00:00Z,239.3,243.675,238.705,241.8,1398383,24804,241.085
2022-05-05T04:00:00Z,242.31,242.97,238.2,241.48,1762559,31242,241.088
2022-05-06T04:00:00Z,240.39,244.365,240.02,243.83,1406085,28659,242.633
2022-05-09T04:00:00Z,242.61,244.25,238.61,239.25,1560318,35061,240.714
2022-05-10T04:00:00Z,239.53,241.74,236.561,237.68,1220161,26483,238.635
2022-05-11T04:00:00Z,236.31,242.54,235.72,238.48,899613,21136,239.565
2022-05-12T04:00:00Z,238.48,240.03,233.475,235.56,1540909,26582,235.63
2022-05-13T04:00:00Z,235.82,236.92,232.75,236.18,1185962,23829,235.389
2022-05-16T04:00:00Z,236.32,240.47,235.22,238.96,916509,19706,238.638
2022-05-17T04:00:00Z,239.9,242.985,237.91,241.61,921322,18902,241.282
2022-05-18T04:00:00Z,241,242.01,236.63,237.85,1101477,22133,238.431
2022-05-19T04:00:00Z,237.85,238.94,229.72,232.74,1378687,27733,233.116
2022-05-20T04:00:00Z,233.02,233.56,227.39,229.4,2714239,26387,229.529
2022-05-23T04:00:00Z,231.5,234.4,230,233.83,898263,21188,232.712
2022-05-24T04:00:00Z,233.63,238.2,232.985,237.66,766192,19136,236.211
2022-05-25T04:00:00Z,238.63,238.99,235.84,236.65,851856,17283,236.921
2022-05-26T04:00:00Z,238.21,239.66,236.16,236.79,717425,15303,237.335
2022-05-27T04:00:00Z,237.83,240.94,235.79,240.92,749327,18795,239.505
2022-05-31T04:00:00Z,238.71,241.73,237.02,240.9,1770962,23342,240.445
2022-06-01T04:00:00Z,242.27,242.34,239.535,241.49,985351,21508,241.025
2022-06-02T04:00:00Z,240.64,241.73,236.17,240.69,1128066,22183,238.915
2022-06-03T04:00:00Z,239.77,243.96,238.79,243.14,591237,18520,242.694
2022-06-06T04:00:00Z,243.63,244.927,240.75,241.1,655905,17363,242.015
2022-06-07T04:00:00Z,239.82,247.34,238.9,246.39,715934,15903,244.786
2022-06-08T04:00:00Z,245.46,246.815,243.96,244.46,947653,22339,244.898
2022-06-09T04:00:00Z,244,245.62,240.48,240.59,854981,19768,242.496
2022-06-10T04:00:00Z,239.65,241.71,237.2,240.43,1036898,25445,240.008
2022-06-13T04:00:00Z,237.08,237.177,232,233.25,1147926,27338,234.141
2022-06-14T04:00:00Z,232.48,233.12,225.15,226.92,1046542,21416,227.872
2022-06-15T04:00:00Z,227.87,229.015,222.5,226.7,867464,21656,226.34
2022-06-16T04:00:00Z,224.98,226.27,221.295,222.08,989490,22372,222.742
2022-06-17T04:00:00Z,222.27,223.77,217.78,221.57,2844740,26928,221.536
2022-06-21T04:00:00Z,224.14,230.278,223.36,229.6,971607,18576,228.557
2022-06-22T04:00:00Z,226.32,232.31,226.03,229.64,1042440,16301,229.802
2022-06-23T04:00:00Z,229.96,231.9,226.125,228.39,533154,12996,228.466
2022-06-24T04:00:00Z,230.16,233.965,228.496,233.55,1123168,16392,233.131
2022-06-27T04:00:00Z,233.99,238.49,233.02,236.81,716119,13463,236.625
2022-06-28T04:00:00Z,237.19,240.68,235.27,235.82,886700,17334,237.21
2022-06-29T04:00:00Z,237.5,238,234.74,237.81,564037,14233,237.137
2022-06-30T04:00:00Z,236.78,241.9,235.455,241.7,1295815,19644,240.696
2022-07-01T04:00:00Z,242.14,244.64,238.547,243.24,652999,14997,242.335
2022-07-05T04:00:00Z,239.85,240.9,227.265,230.96,1098136,20746,230.933
2022-07-06T04:00:00Z,232.1,240,232.1,239.6,1287345,22036,237.903
2022-07-07T04:00:00Z,239.42,244.29,237.35,238.57,755621,17008,239.342
2022-07-08T04:00:00Z,239.11,240.51,237.591,238.17,586693,12622,238.589
2022-07-11T04:00:00Z,236.87,239.44,235.37,238.56,669744,14487,238.02
2022-07-12T04:00:00Z,236.45,236.995,231.536,232.19,1112708,21225,233.526
2022-07-13T04:00:00Z,229.21,233.22,226.97,227.02,1095901,17034,228.589
2022-07-14T04:00:00Z,223.43,224.33,219.11,221.91,1255982,25387,221.844
2022-07-15T04:00:00Z,225.23,225.85,221.68,223.84,1254360,21456,223.945
2022-07-18T04:00:00Z,224.94,225.83,219.93,220.12,1455813,23303,221.451
2022-07-19T04:00:00Z,219.11,226.64,218.58,225.64,1984137,29884,223.982
2022-07-20T04:00:00Z,226.16,227.06,223.71,224.37,1654961,24247,225.134
2022-07-21T04:00:00Z,223.64,225.19,221.24,224.09,1176619,21157,223.443
2022-07-22T04:00:00Z,225.48,229.02,224.3,225.13,801513,16551,226.146
2022-07-25T04:00:00Z,225.22,228.25,224.885,226.3,629417,12544,226.367
2022-07-26T04:00:00Z,226.3,227.6,223.15,223.75,813961,15031,224.437
2022-07-27T04:00:00Z,223.68,225.38,220.865,223.9,1168646,19248,223.305
2022-07-28T04:00:00Z,225.05,232.08,223.07,231.79,1375567,23788,229.471
2022-07-29T04:00:00Z,229.17,241.11,228.09,239.97,2004935,32833,238.39
2022-08-01T04:00:00Z,240.51,243.925,238.395,241,1242540,23980,241.235
2022-08-02T04:00:00Z,242.67,248.53,239.965,243.97,1177448,23960,245.3
2022-08-03T04:00:00Z,243.29,243.6,235,241.36,1086396,22667,240.379
2022-08-04T04:00:00Z,241.97,242.99,237.68,237.85,1055483,18319,239.508
2022-08-05T04:00:00Z,236.51,237.91,232.92,234.58,1511714,25085,234.739
2022-08-08T04:00:00Z,235.32,236.4,228.815,231.75,1136980,22861,231.664
2022-08-09T04:00:00Z,232.8,234.48,231.04,233.5,1288844,21199,233.211
2022-08-10T04:00:00Z,234.78,235.17,232.6,234.68,817052,15333,234.495
2022-08-11T04:00:00Z,234.75,235.959,230.35,231.29,1176947,19155,232.237
2022-08-12T04:00:00Z,231.87,236.75,230.69,236.74,1094091,17749,234.156
2022-08-15T04:00:00Z,235.97,241.605,235.465,240.03,733006,16527,239.621
2022-08-16T04:00:00Z,239.88,240.93,238.06,239.33,517612,11852,239.667
2022-08-17T04:00:00Z,237.57,242.36,237,239.88,667435,12559,240.193
2022-08-18T04:00:00Z,241.62,242.928,238.11,238.38,677673,10713,238.869
2022-08-19T04:00:00Z,237.95,239.555,237.45,238.43,742304,12963,238.437
2022-08-22T04:00:00Z,237.35,238.42,230.48,231.2,1197862,23075,232.84
2022-08-23T04:00:00Z,232.25,234.86,230.69,232.14,1635170,24442,232.699
2022-08-24T04:00:00Z,232.75,234.68,231.9,233.08,986574,16277,233.153
2022-08-25T04:00:00Z,233.8,238.57,233.45,238.44,915860,17674,236.482
2022-08-26T04:00:00Z,239.4,240.585,233.91,234.06,819438,19219,235.764
2022-08-29T04:00:00Z,232.02,235.51,230.81,233.28,759986,14915,233.546
2022-08-30T04:00:00Z,234.6,234.84,230.43,231.24,729656,15398,231.714
2022-08-31T04:00:00Z,231.3,233.5,227.68,228.19,1662661,23229,229.382
2022-09-01T04:00:00Z,226.23,228.81,226.05,227.49,915626,19930,227.345
2022-09-02T04:00:00Z,228.62,231.05,225.69,227.2,1232119,24727,227.905
2022-09-06T04:00:00Z,227.19,231.51,226.74,229.77,1500158,24485,229.663
2022-09-07T04:00:00Z,228.67,233.77,228.16,233.15,1025695,22053,232.211
2022-09-08T04:00:00Z,233.09,234.509,231.01,233.72,848428,17596,233.198
2022-09-09T04:00:00Z,234.09,237.315,233.74,236.14,946243,21134,236.17
2022-09-12T04:00:00Z,236.15,236.235,234.15,234.75,826143,18316,235.1
2022-09-13T04:00:00Z,232.39,235.76,225.38,226.33,1616099,26572,230.355
2022-09-14T04:00:00Z,227.24,234.08,226.87,233.96,1108495,24479,232.006
2022-09-15T04:00:00Z,233,233.48,226.74,228.43,1031146,22174,229.054
2022-09-16T04:00:00Z,226.37,230.34,225.51,230.01,2201077,27967,228.644
2022-09-19T04:00:00Z,229.15,232.2,225.77,230.07,1009069,17847,229.905
2022-09-20T04:00:00Z,229.65,229.65,225.17,228.47,775038,15466,228.009
2022-09-21T04:00:00Z,233.59,237.12,228.68,228.72,1049175,23562,232.812
2022-09-22T04:00:00Z,228.13,228.155,223.99,226.01,977939,20126,226.385
2022-09-23T04:00:00Z,224.05,224.53,217.52,220.39,949055,21319,220.502
2022-09-26T04:00:00Z,219.45,220.77,215.261,215.67,926846,19511,216.515
2022-09-27T04:00:00Z,216.95,218.4,212.3,212.56,744941,16661,213.859
2022-09-28T04:00:00Z,210.6,216.095,207.36,214.57,1086208,22890,213.42
2022-09-29T04:00:00Z,214.05,215.19,207.92,209.35,807605,17003,210.53
2022-09-30T04:00:00Z,207.11,210.675,206.89,207.83,1270287,19585,208.291
2022-10-03T04:00:00Z,210.43,219.53,210,217.4,1187275,22029,215.967
2022-10-04T04:00:00Z,219.69,224.385,218.705,224.12,1168498,20000,223.267
2022-10-05T04:00:00Z,222.14,223.52,220.5,220.84,823928,16663,221.603
2022-10-06T04:00:00Z,220,222.49,219.92,220.5,1192630,18026,220.677
2022-10-07T04:00:00Z,219.79,224.51,219.39,224.32,1434565,26195,223.187
2022-10-10T04:00:00Z,226.54,231.69,225.61,230.44,1823527,32654,229.176
2022-10-11T04:00:00Z,229.07,235.1,229.07,231.5,1685037,32062,232.35
2022-10-12T04:00:00Z,230.49,231.97,223.76,224.17,1154311,24214,226.75
2022-10-13T04:00:00Z,222.8,228.32,222.151,227.53,1224828,27609,226.086
2022-10-14T04:00:00Z,227.11,228.17,218.06,218.51,1520366,30505,220.503
2022-10-17T04:00:00Z,220,226.2,219.91,223.56,918227,19739,223.605
2022-10-18T04:00:00Z,227.58,237.23,226.46,236.58,1535040,31188,234.237
2022-10-19T04:00:00Z,236.94,240.86,235.24,237.61,1025561,20283,237.605
2022-10-20T04:00:00Z,237.72,239.36,236.24,239,1559440,30300,238.166
2022-10-21T04:00:00Z,240,248.74,239.7,247.2,1911847,33281,245.247
2022-10-24T04:00:00Z,249.26,250.32,246.52,248.11,1374471,28510,248.093
2022-10-25T04:00:00Z,246.89,249.11,244.7,248.23,1143097,25126,247.646
2022-10-26T04:00:00Z,249.98,252.7,248,249.99,1333038,24367,250.115
2022-10-27T04:00:00Z,250.75,255.095,250.12,252.8,1287823,21435,253.245
2022-10-28T04:00:00Z,242,250.87,233.24,248.74,2658548,53670,245.76
2022-10-31T04:00:00Z,245.22,250.04,242.411,246.47,1460637,25723,246.943
2022-11-01T04:00:00Z,247.13,249.09,240.825,241.15,1291583,24136,242.276
2022-11-02T04:00:00Z,240.54,243.42,238.73,238.81,1372568,27177,240.491
2022-11-03T04:00:00Z,235.5,237.66,234.4,234.98,1433671,27386,235.891
2022-11-04T04:00:00Z,234.99,234.99,225.27,229.33,1673573,32366,228.954
2022-11-07T05:00:00Z,229.58,231.9,228.53,230.58,1277221,26014,230.529
2022-11-08T05:00:00Z,229.38,236.36,228.74,236.09,1420628,30793,233.137
2022-11-09T05:00:00Z,236.13,239.145,233.515,237.67,1594068,29497,237.498
2022-11-10T05:00:00Z,240.71,242.6,234.27,239.34,1425140,29255,237.898
2022-11-11T05:00:00Z,229.51,232.38,220.775,224.75,3025142,71204,224.501
2022-11-14T05:00:00Z,226.05,227.61,217.34,217.8,2220977,47863,220.388
2022-11-15T05:00:00Z,219.1,225,215,221.24,2251737,44875,220.93
2022-11-16T05:00:00Z,221.64,223.41,219.246,221.5,1034365,24837,221.641
2022-11-17T05:00:00Z,219,223.23,218.435,221.5,1243589,25666,221.286
2022-11-18T05:00:00Z,222.77,225.16,220.7,224,797513,16930,223.863
2022-11-21T05:00:00Z,223.57,226.815,223.25,225.35,865899,16102,225.287
2022-11-22T05:00:00Z,226.49,227.969,224.69,225.32,660043,13512,225.615
2022-11-23T05:00:00Z,225.21,228.26,224.17,226.43,796118,13949,226.335
2022-11-25T05:00:00Z,227.98,228.96,226.855,228.68,232329,6638,228.278
2022-11-28T05:00:00Z,227.91,229.1,224.74,225.86,621169,14145,226.457
2022-11-29T05:00:00Z,226.09,227.68,225.155,225.61,531629,14214,226.274
2022-11-30T05:00:00Z,225.19,227.12,221.72,227.08,2026125,27436,225.912
2022-12-01T05:00:00Z,228.35,229.14,223.24,225.39,1181687,29076,225.009
2022-12-02T05:00:00Z,224.33,230.73,223.97,230,999928,23864,228.363
2022-12-05T05:00:00Z,227.25,227.91,224.4,224.71,597737,16160,225.322
2022-12-06T05:00:00Z,226,226,218.62,218.76,697711,18606,219.821
2022-12-07T05:00:00Z,218.6,221.12,216.19,217.91,1075200,20902,218.129
2022-12-08T05:00:00Z,219.79,220.09,217.14,217.81,1111775,23077,218.088
2022-12-09T05:00:00Z,216.58,219.21,215.12,215.53,786660,16001,216.288
2022-12-12T05:00:00Z,216.5,218.15,215.51,217.59,884365,17989,217.289
2022-12-13T05:00:00Z,220.22,220.423,215.04,216.15,1441987,26919,216.62
2022-12-14T05:00:00Z,216.88,220.1,216.01,218.04,775599,15825,218.144
2022-12-15T05:00:00Z,220.3,221.03,213.61,216.48,1034237,22025,216.214
2022-12-16T05:00:00Z,214.22,215.78,210.51,213.27,2182688,30942,213.049
2022-12-19T05:00:00Z,207.2,208.64,203.83,205.55,3033047,51450,205.662
2022-12-20T05:00:00Z,202.97,207.25,202.97,205.6,1741732,36249,205.814
2022-12-21T05:00:00Z,206.51,207.58,204.36,206.98,1797854,35397,206.24
2022-12-22T05:00:00Z,206.28,207.2,202.31,204.81,1112210,22117,204.792
2022-12-23T05:00:00Z,204.83,206.55,204,206.24,731018,16982,205.67
2022-12-27T05:00:00Z,207,209.295,206.4,206.45,637892,15777,207.39
2022-12-28T05:00:00Z,207.15,207.99,204.23,204.56,764599,20513,205.091
2022-12-29T05:00:00Z,204.67,208.1,204.66,206.66,898156,19061,206.583
2022-12-30T05:00:00Z,206.82,208.75,205.4,208.21,716621,21328,207.457
2023-01-03T05:00:00Z,207.59,209.03,205.62,206.93,949242,22877,206.895
2023-01-04T05:00:00Z,206.2,209.38,204.5,206.93,925246,21197,207.25
2023-01-05T05:00:00Z,206.36,206.87,203.65,206.13,886304,19426,205.689
2023-01-06T05:00:00Z,207.83,210.93,203.42,206.18,1031167,26211,206.209
2023-01-09T05:00:00Z,206.23,206.23,199.51,201.07,1604692,34302,201.732
2023-01-10T05:00:00Z,201.82,203.02,199.87,201.95,1084762,23642,201.875
2023-01-11T05:00:00Z,201.95,202.51,199.17,199.91,1854334,32255,200.251
2023-01-12T05:00:00Z,199.57,201.962,197.02,199.75,2112460,36284,199.874
2023-01-13T05:00:00Z,196.83,199.51,193.87,197.16,1778770,30833,196.904
2023-01-17T05:00:00Z,198.3,198.49,194.13,194.65,2297871,38681,195.017
2023-01-18T05:00:00Z,194.48,195.41,191.34,192.97,2283580,36689,193.099
2023-01-19T05:00:00Z,193.34,195.18,191.24,191.45,2182412,33729,192.814
2023-01-20T05:00:00Z,192.36,193.079,189.73,192.51,1546881,28031,191.95
2023-01-23T05:00:00Z,193.19,195.35,191.78,194.25,1612773,30336,194.082
2023-01-24T05:00:00Z,194.45,195.94,192.15,194.72,1481890,24988,194.765
2023-01-25T05:00:00Z,193.95,197.95,192.8,197.68,1296686,26018,196.866
2023-01-26T05:00:00Z,198.21,200.18,196.19,196.54,1789960,33190,197.605
2023-01-27T05:00:00Z,205,214.55,204.43,212.1,3105994,51974,211.69
2023-01-30T05:00:00Z,212.31,214.41,210.5,211.91,1913819,37289,212.129
2023-01-31T05:00:00Z,212.97,214.82,211.55,214.82,1922985,25193,214.133
2023-02-01T05:00:00Z,213.5,217.305,212.81,215.85,1193461,22105,215.232
2023-02-02T05:00:00Z,215.13,215.9,210.53,212.04,2008066,38548,212.221
2023-02-03T05:00:00Z,211.93,213.115,210.36,210.95,921485,18746,211.16
2023-02-06T05:00:00Z,210.99,213.675,209.68,212.33,1599571,28675,211.299
2023-02-07T05:00:00Z,211.58,212.95,208.1,212.43,865921,19191,211.149
2023-02-08T05:00:00Z,210.98,212.5,210.24,211.94,1108097,23186,211.686
2023-02-09T05:00:00Z,211.25,212.79,209.14,210.36,1197349,21805,210.592
2023-02-10T05:00:00Z,211.51,216.05,210.46,215.66,976130,21636,214.301
2023-02-13T05:00:00Z,217.35,219.31,213,214.48,1050360,21022,214.951
2023-02-14T05:00:00Z,214.51,214.51,212.24,212.87,886964,17131,213.205
2023-02-15T05:00:00Z,212.63,213.52,210.481,213.27,1155915,21840,212.631
2023-02-16T05:00:00Z,211.85,213.63,210.25,211.45,927188,19440,211.791
2023-02-17T05:00:00Z,211.45,214.455,210.6,214.02,754377,14999,213.177
2023-02-21T05:00:00Z,215.63,216,212.35,212.43,1258967,22897,213.451
2023-02-22T05:00:00Z,212.09,214.12,211.4,212.06,832355,18627,212.757
2023-02-23T05:00:00Z,212.13,213.64,208.68,209.55,904271,20414,210.227
2023-02-24T05:00:00Z,209.88,210.78,208.4,210.15,1034767,19307,209.917
2023-02-27T05:00:00Z,210.97,211.19,209.75,210.7,877778,19817,210.354
2023-02-28T05:00:00Z,210.21,211.64,209.75,211.19,1432629,25951,210.871
2023-03-01T05:00:00Z,209.36,210.67,208.895,210.08,1216544,22513,209.956
2023-03-02T05:00:00Z,209.5,212.388,209.5,212.18,953836,19903,211.623
2023-03-03T05:00:00Z,212.6,214.54,212.245,214.16,1399517,27271,213.795
2023-03-06T05:00:00Z,213.9,216.49,213.015,213.91,847508,20126,214.202
2023-03-07T05:00:00Z,213.33,215.53,211.64,211.84,1000359,19348,212.775
2023-03-08T05:00:00Z,212.16,212.74,206.37,207.93,1009908,20605,208.158
2023-03-09T05:00:00Z,207.68,208.89,204.17,204.39,1073643,23873,205.918
2023-03-10T05:00:00Z,203.86,205.79,202.94,203.37,869323,19954,204.16
2023-03-13T04:00:00Z,200.97,203.21,200.16,201.35,1293574,22283,201.579
2023-03-14T04:00:00Z,203.23,204.91,201.45,202.59,1204761,24986,202.812
2023-03-15T04:00:00Z,200.48,200.91,197.091,200.78,1152486,26189,199.557
2023-03-16T04:00:00Z,200.4,204.03,199.43,202.27,930047,19607,202.082
2023-03-17T04:00:00Z,201.39,201.39,194.24,195.25,1946726,27804,196.416
2023-03-20T04:00:00Z,196.55,198.46,195.415,197.04,1000196,22339,196.961
2023-03-21T04:00:00Z,198.93,199.085,196.558,197.8,1129778,21901,197.635
2023-03-22T04:00:00Z,197.66,197.66,192.06,192.19,1294609,23462,194.218
2023-03-23T04:00:00Z,192.32,193.38,190.32,190.78,1484309,28838,191.605
2023-03-24T04:00:00Z,190.79,193.19,189.86,193.13,1513142,26817,191.982
2023-03-27T04:00:00Z,195.1,195.89,192.465,194.54,1178211,21753,194.006
2023-03-28T04:00:00Z,194.17,195.01,191.41,191.95,1358006,23667,192.67
2023-03-29T04:00:00Z,193,194.7,192.36,194.64,1014980,19576,194.025
2023-03-30T04:00:00Z,195.05,196.04,193.78,194.72,832246,17363,194.488
2023-03-31T04:00:00Z,196.09,196.46,194.55,196.24,976979,16287,195.893
2023-04-03T04:00:00Z,196.88,200.137,196.12,198.95,827695,19937,199.154
2023-04-04T04:00:00Z,198.55,199.25,195.91,197.1,984118,20137,196.998
2023-04-05T04:00:00Z,196.85,198.46,196.69,197.4,813488,18591,197.618
2023-04-06T04:00:00Z,198.22,199.65,195.77,197.01,954534,17774,197.3
2023-04-10T04:00:00Z,196.66,199.75,196.48,199.22,569080,13262,198.942
2023-04-11T04:00:00Z,199.45,200.75,197.7,198.91,837394,15588,199.326
2023-04-12T04:00:00Z,198.93,200.48,198.23,199.62,485813,13034,199.411
2023-04-13T04:00:00Z,198.87,201.94,198.87,201.49,681756,15594,200.888
2023-04-14T04:00:00Z,201,201.34,198.85,200.51,744546,18123,200.06
2023-04-17T04:00:00Z,201.21,202.53,200.75,202.5,832263,16700,201.894
2023-04-18T04:00:00Z,203.25,206.38,203.08,204.43,1134382,23405,204.671
2023-04-19T04:00:00Z,204.4,204.701,203.12,203.54,564479,13712,203.582
2023-04-20T04:00:00Z,203.49,203.49,200.85,202.87,674130,17407,202.395
2023-04-21T04:00:00Z,203.84,203.84,201.04,202.03,715888,16787,202.126
2023-04-24T04:00:00Z,202.13,202.77,200.51,202.14,593853,15351,201.805
2023-04-25T04:00:00Z,201.01,201.48,198.92,199.32,786460,15864,199.621
2023-04-26T04:00:00Z,197.55,198.24,194.03,194.54,1211108,20332,194.808
2023-04-27T04:00:00Z,194.25,198.02,193.94,198,1645571,34118,196.538
2023-04-28T04:00:00Z,201.12,202.2,194.67,195.15,1923119,35296,195.877
2023-05-01T04:00:00Z,195.15,197.43,194.31,194.71,1120179,24036,195.361
2023-05-02T04:00:00Z,194.01,194.53,189.079,189.57,1433984,29341,190.306
2023-05-03T04:00:00Z,190.15,191.09,186.56,186.7,1062389,23837,188.355
2023-05-04T04:00:00Z,186.14,187.19,183.21,185.73,1525912,25925,185.244
2023-05-05T04:00:00Z,186.29,188.305,185.03,187.73,1280256,24953,186.881
2023-05-08T04:00:00Z,188.58,189.57,186.99,187.26,880348,19066,187.61
2023-05-09T04:00:00Z,188.17,188.99,186.53,188.87,838480,17243,188.381
2023-05-10T04:00:00Z,189.94,189.94,187.19,189.02,875664,18012,188.584
2023-05-11T04:00:00Z,187.71,188.9,185.84,186.87,850085,19124,186.949
2023-05-12T04:00:00Z,187.95,188.64,185.89,186.75,722675,15359,186.85
2023-05-15T04:00:00Z,187.02,187.95,186.56,186.87,629985,15268,187.061
2023-05-16T04:00:00Z,186.69,186.87,183.83,183.97,936314,17923,184.588
2023-05-17T04:00:00Z,185.33,187.27,184,185.83,1505554,24852,185.928
2023-05-18T04:00:00Z,185.51,186.08,183.66,185.84,1895178,28800,185.034
2023-05-19T04:00:00Z,187.24,187.75,184.067,184.4,1049607,19741,185.054
2023-05-22T04:00:00Z,184.45,186.22,183.5,186.2,1202638,21025,185.316
2023-05-23T04:00:00Z,185.78,185.929,183.965,184.69,1044576,18016,184.908
2023-05-24T04:00:00Z,185.27,185.27,182.69,182.7,1347831,20772,183.294
2023-05-25T04:00:00Z,181.44,181.715,175.51,176.39,1630358,27174,177.035
2023-05-26T04:00:00Z,175.77,179.1,175.52,178.76,989973,21049,178.027
2023-05-30T04:00:00Z,177.72,178.73,176.29,176.34,817192,18749,176.856
2023-05-31T04:00:00Z,175.72,177.2,174.55,175.92,1983052,25489,176.008
2023-06-01T04:00:00Z,175.05,177.92,174.75,176.91,1844956,26792,176.885
2023-06-02T04:00:00Z,178.23,182.9,177.94,182.22,1001686,21104,181.534
2023-06-05T04:00:00Z,183.17,184.22,181.98,182.52,861516,19648,182.633
2023-06-06T04:00:00Z,183.11,185,182.32,184.52,640184,15824,183.96
2023-06-07T04:00:00Z,184.85,187.41,183.305,187.14,872205,16978,186.463
2023-06-08T04:00:00Z,187.06,190.46,187.031,189.25,1108074,22745,189.279
2023-06-09T04:00:00Z,189.63,190.125,187.321,188.59,651674,16247,188.495
2023-06-12T04:00:00Z,188.59,190.04,188.033,189.12,912544,17480,189.119
2023-06-13T04:00:00Z,189.11,189.73,186.57,189.11,734101,17109,188.819
2023-06-14T04:00:00Z,188.88,191.59,188.48,190.93,1040042,24128,190.681
2023-06-15T04:00:00Z,191.44,194.81,191.078,193.38,1275232,25692,193.327
2023-06-16T04:00:00Z,193.83,196.68,193.83,195.57,1773132,23551,195.283
2023-06-20T04:00:00Z,195.2,196.51,193.768,195.3,1089980,24172,195.447
2023-06-21T04:00:00Z,195.31,197.93,194.51,196.38,673866,15549,196.397
2023-06-22T04:00:00Z,195.69,195.69,192.86,194.1,689536,14184,193.994
2023-06-23T04:00:00Z,193.8,193.92,190.57,191.9,1011033,19271,192.069
2023-06-26T04:00:00Z,189.83,191.94,186.045,191.72,880994,20464,190.595
2023-06-27T04:00:00Z,191.71,194.13,191.01,193.65,742967,16506,193.558
2023-06-28T04:00:00Z,194.22,194.22,189.68,191.74,735128,17266,191.437
2023-06-29T04:00:00Z,191.83,196.47,191.445,195.49,843378,19271,195.267
2023-06-30T04:00:00Z,195.62,196.65,193.6,195.77,962881,17826,195.188
2023-07-03T04:00:00Z,195.48,198,194.64,197.74,338864,8946,197.283
2023-07-05T04:00:00Z,196.81,198.07,195.35,197.18,682525,17435,197.284
2023-07-06T04:00:00Z,196.75,197.525,194.71,194.75,712662,18028,195.516
2023-07-07T04:00:00Z,194.08,196.725,193.17,194.66,834430,16599,195.051
2023-07-10T04:00:00Z,194.35,195.99,194.17,194.65,688548,14902,194.842
2023-07-11T04:00:00Z,194.79,197.615,193.95,197.38,1022218,20256,196.14
2023-07-12T04:00:00Z,198.53,198.79,195.91,195.94,1067938,22240,196.661
2023-07-13T04:00:00Z,195.28,198.7,194.771,198.46,972906,20158,197.777
2023-07-14T04:00:00Z,198.11,198.99,195.2,195.69,850391,19730,195.955
2023-07-17T04:00:00Z,196.05,198.955,195.27,197.97,784868,18021,198.169
2023-07-18T04:00:00Z,198.69,201.455,195,196.31,1115263,21604,197.568
2023-07-19T04:00:00Z,196.99,198.88,196.155,198.83,1064095,22059,198.075
2023-07-20T04:00:00Z,200.68,202.05,199.03,199.92,1101476,23798,200.051
2023-07-21T04:00:00Z,200.08,201.42,198.08,199.97,698150,17686,200.162
2023-07-24T04:00:00Z,200,201.32,199.68,200.67,654527,15697,200.623
2023-07-25T04:00:00Z,198.18,202.06,195.7,201.55,1055803,23327,200.463
2023-07-26T04:00:00Z,201.77,204.21,201.02,202.56,1049295,25808,202.919
2023-07-27T04:00:00Z,194.92,199.42,185.52,189.76,3877951,66743,189.967
2023-07-28T04:00:00Z,191.29,193.25,190.13,192.26,1434355,31328,191.996
2023-07-31T04:00:00Z,192.87,193.385,188.65,189.49,2059237,27915,189.85
2023-08-01T04:00:00Z,189.67,190.06,186.97,187.72,1400672,30026,188.003
2023-08-02T04:00:00Z,187.09,188.62,185.87,185.92,1320059,24840,186.926
2023-08-03T04:00:00Z,185.54,185.902,182.35,185.18,1512619,29235,184.473
2023-08-04T04:00:00Z,185.99,187.495,185.33,186.45,1121513,21665,186.45
2023-08-07T04:00:00Z,187.07,189.845,187.07,187.92,1311409,21931,188.192
2023-08-08T04:00:00Z,187.33,187.425,185,185.58,786735,17531,185.771
2023-08-09T04:00:00Z,185.61,188.12,185.61,187.16,729773,16721,186.901
2023-08-10T04:00:00Z,186.97,188.5,185.73,186.41,669164,15569,186.84
2023-08-11T04:00:00Z,187.18,188.11,186.087,187.95,528965,15190,187.474
2023-08-14T04:00:00Z,187.97,189.27,186.02,186.46,718946,16409,186.876
2023-08-15T04:00:00Z,185.37,185.83,182.36,182.37,570620,14987,183.174
2023-08-16T04:00:00Z,182.15,183.945,182.11,182.56,702582,14666,182.992
2023-08-17T04:00:00Z,182.88,183.734,181.63,181.75,642998,16841,182.431
2023-08-18T04:00:00Z,180.87,184.09,180.87,181.48,631226,14205,181.948
2023-08-21T04:00:00Z,181.01,181.455,180.12,180.92,916947,22837,180.757
2023-08-22T04:00:00Z,181.13,181.78,179.74,180.21,741764,14475,180.274
2023-08-23T04:00:00Z,180.68,180.745,177.82,178.27,1175012,21924,178.775
2023-08-24T04:00:00Z,178.1,179.09,176.84,177.85,1128554,22148,177.811
2023-08-25T04:00:00Z,178.58,178.93,176.75,178.46,837110,16756,178.085
2023-08-28T04:00:00Z,177.34,178.22,176.13,178.09,1122139,25121,177.462
2023-08-29T04:00:00Z,178.18,178.38,176.302,177.25,1342421,24834,177.347
2023-08-30T04:00:00Z,177.75,179.64,176.91,177.8,1745201,30587,177.678
2023-08-31T04:00:00Z,178.43,179.956,178.01,178.09,1206267,21780,178.604
2023-09-01T04:00:00Z,178.1,178.43,176.15,177.26,919177,18215,177.239
2023-09-05T04:00:00Z,176.96,177,172.25,172.45,1473533,31786,173.42
2023-09-06T04:00:00Z,172.47,172.53,170.03,170.19,1384218,27302,170.687
2023-09-07T04:00:00Z,170.41,171.07,168.01,168.59,1388549,26754,169.01
2023-09-08T04:00:00Z,168.49,169.43,167.14,167.94,1135100,22181,168.003
2023-09-11T04:00:00Z,168.9,169.54,167.905,168.88,1083438,24187,168.771
2023-09-12T04:00:00Z,168.5,169.76,168.04,169.1,930265,18181,169.168
2023-09-13T04:00:00Z,169.91,171.07,168.705,169.15,1180928,18573,169.653
2023-09-14T04:00:00Z,169.59,171.64,169.374,171.56,1157119,20482,170.682
2023-09-15T04:00:00Z,171.35,173.48,171.35,172.72,1685930,22849,172.498
2023-09-18T04:00:00Z,174.99,176.66,173.52,175.13,980068,20729,175.287
2023-09-19T04:00:00Z,175.22,176.8,174.58,176.14,1227953,22919,176.049
2023-09-20T04:00:00Z,176.97,177.22,174.175,174.65,959341,18749,175.673
2023-09-21T04:00:00Z,174.3,175.47,173.2,173.94,1438613,25581,174.131
2023-09-22T04:00:00Z,173.94,175.49,173.29,173.57,1355415,23840,173.919
2023-09-25T04:00:00Z,172.93,174.63,172.06,174.16,810183,16569,173.886
2023-09-26T04:00:00Z,173.54,174.275,172.38,173.48,1166098,19150,173.448
2023-09-27T04:00:00Z,174.06,175.3,173.32,175.2,1065235,19861,174.663
2023-09-28T04:00:00Z,174.27,175.43,171.75,172.34,1952806,21795,173.209
2023-09-29T04:00:00Z,173.39,174.62,172.105,174.12,1084945,22759,173.83
2023-10-02T04:00:00Z,173.68,174.67,170.22,171.56,1102717,21598,171.738
2023-10-03T04:00:00Z,170.41,170.86,168.49,169.28,1330758,26023,169.312
2023-10-04T04:00:00Z,168.1,168.525,162.852,163.78,2109638,35209,164.417
2023-10-05T04:00:00Z,163.52,164.12,160.948,161.28,1506272,28214,161.976
2023-10-06T04:00:00Z,160.35,164.92,160.25,163.89,1104134,19570,163.247
2023-10-09T04:00:00Z,173.97,180.57,173.07,180.21,2745989,43538,178.33
2023-10-10T04:00:00Z,181,181.58,176.77,177.57,1280063,30024,177.808
2023-10-11T04:00:00Z,177.74,178.57,176.13,176.82,918608,20974,176.941
2023-10-12T04:00:00Z,177.35,177.35,172.17,173.8,1249867,25629,173.943
2023-10-13T04:00:00Z,175.89,178.01,174.857,177.24,1555169,25071,176.982
2023-10-16T04:00:00Z,178,179.735,176.22,179,1335248,23924,178.662
2023-10-17T04:00:00Z,177.6,181.28,176.58,178.3,1161007,23427,178.511
2023-10-18T04:00:00Z,178.45,180.54,177.5,179.55,1303554,27237,179.5
2023-10-19T04:00:00Z,179.67,180.496,177.46,177.9,1022563,21330,178.466
2023-10-20T04:00:00Z,178.59,179.49,176.06,176.1,1515653,26505,177.524
2023-10-23T04:00:00Z,176.09,179.37,175.275,176.87,1392530,29316,177.706
2023-10-24T04:00:00Z,178.3,179.14,172.96,173.02,1259010,29251,174.42
2023-10-25T04:00:00Z,174.94,176.69,173.24,175.74,1150443,23582,175.336
2023-10-26T04:00:00Z,175.64,177.35,174.75,175.21,1858964,35338,175.751
2023-10-27T04:00:00Z,176.16,176.925,169.55,170.93,2383643,45115,171.515
2023-10-30T04:00:00Z,173.26,176.29,172.305,174.36,2121786,38365,174.865
2023-10-31T04:00:00Z,176.64,180.129,176.15,179.41,2436375,37040,179.113
2023-11-01T04:00:00Z,180.34,180.56,177.595,178.72,1457847,29469,178.878
2023-11-02T04:00:00Z,179.05,183.92,179,183.06,1954059,32556,182.619
2023-11-03T04:00:00Z,183.56,186.8,183.11,185.67,2183838,36346,185.692
2023-11-06T05:00:00Z,185.5,185.678,181.36,181.76,1963613,31269,182.504
2023-11-07T05:00:00Z,181.38,183.62,181.085,182.89,1102353,23069,182.92
2023-11-08T05:00:00Z,182.33,183.088,179.96,181.49,966161,20269,181.167
2023-11-09T05:00:00Z,182.59,182.63,179.56,180.76,1022122,22396,181.036
2023-11-10T05:00:00Z,181.42,182.58,180.125,182.17,799224,19496,181.978
2023-11-13T05:00:00Z,183.34,185.19,182.01,183.85,887940,18722,184.187
2023-11-14T05:00:00Z,184.26,187.75,183.23,187.61,1276980,29095,186.883
2023-11-15T05:00:00Z,187.57,188.76,186.657,187.44,1246537,26493,187.616
2023-11-16T05:00:00Z,186.92,188.13,185.77,186.26,1431786,24497,186.484
2023-11-17T05:00:00Z,188,188,184.88,185.69,889653,19278,186.045
2023-11-20T05:00:00Z,186.18,187.45,184.34,186.48,733160,19199,186.607
2023-11-21T05:00:00Z,186.68,188.84,186.28,188.56,794710,19627,188.247
2023-11-22T05:00:00Z,187.09,188.2,185.98,187.83,796998,19099,187.359
2023-11-24T05:00:00Z,188.41,191.01,188.05,191.01,482323,11222,190.296
2023-11-27T05:00:00Z,190.86,190.86,187.371,187.92,676154,20282,188.43
2023-11-28T05:00:00Z,189.01,189.74,187.678,189.1,726570,16624,188.978
2023-11-29T05:00:00Z,189.08,189.775,188.06,188.66,661849,16992,188.688
2023-11-30T05:00:00Z,189.6,190.91,188.95,190.81,1363422,19333,190.463
2023-12-01T05:00:00Z,190.87,194.93,190.17,194.69,1110042,23051,193.836
2023-12-04T05:00:00Z,193.91,199.44,192.95,199.28,1863724,35103,198.124
2023-12-05T05:00:00Z,199,199.62,197.81,198.01,1354635,28910,198.506
2023-12-06T05:00:00Z,198.5,200.095,197.88,198.95,990473,24091,198.795
2023-12-07T05:00:00Z,199.92,200.29,196.38,196.68,909682,22961,197.622
2023-12-08T05:00:00Z,197.01,197.19,193.34,195.81,1273620,26776,195.346
2023-12-11T05:00:00Z,196.42,203,196.42,201.07,2206467,37385,200.992
2023-12-12T05:00:00Z,200.72,200.72,198.22,200.31,1734493,32406,200.037
2023-12-13T05:00:00Z,201,208.44,200.49,208.08,2985717,43701,207.045
2023-12-14T05:00:00Z,207.44,209,205.44,206.6,2482644,36936,206.84
2023-12-15T05:00:00Z,206.5,208.58,206.5,208.37,3294498,33566,208.001
2023-12-18T05:00:00Z,208.27,210.625,208.18,209.8,1963886,30859,209.774
2023-12-19T05:00:00Z,209.8,211.14,209.34,210.12,1757979,20805,210.189
2023-12-20T05:00:00Z,209.97,211.99,206.53,206.58,920490,20292,208.699
2023-12-21T05:00:00Z,207.78,209.31,206.4,207.54,811460,19030,207.686
2023-12-22T05:00:00Z,208.56,209.68,207.85,208.49,741871,14409,208.691
2023-12-26T05:00:00Z,207.89,209.9,207.56,209.72,561931,14086,209.386
2023-12-27T05:00:00Z,209.32,210.155,209.12,209.89,499756,14212,209.727
2023-12-28T05:00:00Z,209.36,211.515,209.36,210.92,789811,16786,210.711
2023-12-29T05:00:00Z,210.68,211.38,210.02,210.62,628825,17445,210.726
2024-01-02T05:00:00Z,210.495,213.13,209.3,209.78,1275540,26098,210.729
2024-01-03T05:00:00Z,209.88,212.13,208.4,209.82,1379184,27380,210.42
2024-01-04T05:00:00Z,211.3,211.7,207.48,207.53,1131198,23019,208.475
2024-01-05T05:00:00Z,207.47,207.47,204.12,205.21,949742,22306,205.36
2024-01-08T05:00:00Z,204.7,206.719,203.62,206.4,1113062,20937,206.113
2024-01-09T05:00:00Z,205.55,205.71,203.445,203.5,995020,21201,203.83
2024-01-10T05:00:00Z,203.14,203.89,202.14,203.47,1087622,22968,203.038
2024-01-11T05:00:00Z,206.05,206.06,201.04,202.92,1414547,28918,202.573
2024-01-12T05:00:00Z,204.99,208.04,204.41,207.8,1049640,23795,206.809
2024-01-16T05:00:00Z,207.75,207.97,204.14,205.09,826087,20841,205.44
2024-01-17T05:00:00Z,204.16,208.617,203.94,204.54,761907,20733,205.414
2024-01-18T05:00:00Z,204.45,206.05,203,205.73,676083,19308,205.222
2024-01-19T05:00:00Z,206.2,206.2,203.77,204.82,959238,18399,204.961
2024-01-22T05:00:00Z,205,207.506,203.53,206.82,1184160,27654,206.449
2024-01-23T05:00:00Z,207,208.93,204.875,206.09,1306153,30371,206.175
2024-01-24T05:00:00Z,206.2,207.37,204.04,204.25,875792,20408,205.181
2024-01-25T05:00:00Z,205.1,206.015,202.965,204.64,2304669,47209,204.647
2024-01-26T05:00:00Z,209.5,211.41,205.785,209.21,2267721,43678,209.152
2024-01-29T05:00:00Z,210.3,211.72,209,210.25,1480235,30358,210.158
2024-01-30T05:00:00Z,210.34,211.715,209.66,210.72,1302602,24255,210.612
2024-01-31T05:00:00Z,210.79,211.4,208.1,208.42,2297891,25549,209.178
2024-02-01T05:00:00Z,209,210.18,207.12,209.48,1333952,26426,209.249
2024-02-02T05:00:00Z,208.27,208.71,206.2,207,1098686,23289,207.554
2024-02-05T05:00:00Z,206,207.685,203.515,207.14,933802,22637,206.425
2024-02-06T05:00:00Z,206.99,207.76,205.22,207.71,1068621,19532,206.972
2024-02-07T05:00:00Z,208.46,209.89,207.2,209.56,749231,18243,208.977
2024-02-08T05:00:00Z,209.27,209.82,206.49,209.3,905421,19643,208.418
2024-02-09T05:00:00Z,209.84,210.11,207.87,209.84,543696,14604,209.49
2024-02-12T05:00:00Z,209.84,212.27,209.663,211.26,857899,21482,211.422
2024-02-13T05:00:00Z,211.26,212.61,205.73,207.98,799149,23043,207.85
2024-02-14T05:00:00Z,208.99,210.22,208.09,210.18,758711,19586,209.592
2024-02-15T05:00:00Z,210.62,212.52,210.01,211.28,591930,18653,211.247
2024-02-16T05:00:00Z,211.05,212,209.96,211.98,759992,18852,211.536
2024-02-20T05:00:00Z,212.65,215.34,211.285,211.83,1128196,29002,213.145
2024-02-21T05:00:00Z,212,213.85,211.355,213.8,758429,17890,212.866
2024-02-22T05:00:00Z,213.22,213.655,211.199,213.42,817734,22579,212.817
2024-02-23T05:00:00Z,214,216.167,213.25,214.45,1120034,22040,214.992
2024-02-26T05:00:00Z,214.45,214.72,211.35,211.74,854615,23520,212.492
2024-02-27T05:00:00Z,211.47,212.28,209.59,211.74,849415,23526,211.236
2024-02-28T05:00:00Z,211.57,214.13,210.6,213.19,836897,21745,213.283
2024-02-29T05:00:00Z,213.41,213.41,210.5,211.66,3256155,24012,211.672
2024-03-01T05:00:00Z,211.22,211.35,209.01,209.81,1008336,23594,209.968
2024-03-04T05:00:00Z,210.45,217.13,210.13,215.96,1357251,28829,215.629
2024-03-05T05:00:00Z,216.59,218.34,213.6,213.83,857955,19724,214.886
2024-03-06T05:00:00Z,213.65,216.403,213.05,215.6,683278,15742,215.415
2024-03-07T05:00:00Z,215.6,216.59,212.98,213.02,956552,18552,213.792
2024-03-08T05:00:00Z,213.01,215.015,211.92,214.6,870783,20637,214.185
2024-03-11T04:00:00Z,214.08,216.24,213.805,214.61,672212,16567,214.736
2024-03-12T04:00:00Z,213.35,214.7,212.17,213.6,926015,17699,213.597
2024-03-13T04:00:00Z,213.89,216.1,213.89,215.72,1406903,19735,215.526
2024-03-14T04:00:00Z,215.81,216.17,210.82,213.36,1618943,22087,213.223
2024-03-15T04:00:00Z,211.14,214.52,211.14,212.86,1872550,21733,212.87
2024-03-18T04:00:00Z,212.86,213.219,210.5,210.93,1441216,20915,211.098
2024-03-19T04:00:00Z,211.3,212.279,210.81,211.42,1755992,20986,211.466
2024-03-20T04:00:00Z,211.12,213.87,211,212.25,967039,18592,212.678
2024-03-21T04:00:00Z,212.82,214.21,212.44,213.15,1242944,25956,213.288
2024-03-22T04:00:00Z,213.82,213.82,211.88,211.94,837505,20790,212.653
2024-03-25T04:00:00Z,213.31,213.31,211.61,211.69,744768,16427,212.147
2024-03-26T04:00:00Z,211.91,212.415,211.05,211.13,583276,15570,211.505
2024-03-27T04:00:00Z,212.3,213.28,211.93,212.5,1215850,24343,212.571
2024-03-28T04:00:00Z,213,214.28,212.38,213.1,1193922,24913,213.384
2024-04-01T04:00:00Z,212.99,213.18,207.84,208.56,1228709,30244,209.053
2024-04-02T04:00:00Z,208,208.61,205.05,205.2,1336130,30454,205.94
2024-04-03T04:00:00Z,205,205.6,203.03,204.27,1375548,27528,204.096
2024-04-04T04:00:00Z,205.86,210.025,204.58,209.59,2023117,38695,207.803
2024-04-05T04:00:00Z,208.87,209.65,206.32,208.96,1167636,26525,208.444
2024-04-08T04:00:00Z,209.54,210,208.13,208.5,706167,17529,208.805
2024-04-09T04:00:00Z,207.39,208.415,205.16,206.15,977051,24166,206.168
2024-04-10T04:00:00Z,204.54,206.25,201.01,205.49,1118423,26028,204.147
2024-04-11T04:00:00Z,205.28,205.785,201.96,202.39,979455,25596,202.988
2024-04-12T04:00:00Z,203.45,205.48,201.52,202.62,931149,22262,203.06
2024-04-15T04:00:00Z,204.98,205.6,202.475,203.22,1009365,23115,203.833
2024-04-16T04:00:00Z,202.82,203.299,200.18,200.34,915221,23037,200.945
2024-04-17T04:00:00Z,202.5,202.5,200.54,201.4,895784,22246,201.368
2024-04-18T04:00:00Z,201.39,203.96,201.39,202.08,683573,18701,202.563
2024-04-19T04:00:00Z,203.34,205.59,202.63,205.45,898618,21389,204.558
2024-04-22T04:00:00Z,206.59,209.81,205.85,208.14,934298,22260,207.787
2024-04-23T04:00:00Z,209.96,210.73,207.51,207.68,850728,22826,208.497
2024-04-24T04:00:00Z,206.33,208.31,204.98,207.71,1002264,28058,207.086
2024-04-25T04:00:00Z,207.5,208.095,205.285,207.36,1173525,28484,207.016
2024-04-26T04:00:00Z,212.05,216.99,211.24,214.54,2133539,40200,214.295
2024-04-29T04:00:00Z,215.12,217.6,214.08,217.06,1367804,27820,216.518
2024-04-30T04:00:00Z,215.99,216.689,213.8,214.05,1262040,26759,214.681
2024-05-01T04:00:00Z,214.39,215.31,211.4,211.75,910010,21023,212.754
2024-05-02T04:00:00Z,212.03,213.68,209.9,211.34,946194,25187,211.102
2024-05-03T04:00:00Z,212.5,213.32,210.162,212.24,790904,19382,211.847
2024-05-06T04:00:00Z,213.15,215.03,212.74,214.75,801161,21952,214.226
2024-05-07T04:00:00Z,215.27,216.73,214.99,215.91,922850,20796,216.006
2024-05-08T04:00:00Z,216,216.365,215.3,215.81,994027,20569,215.895
2024-05-09T04:00:00Z,215.81,219.88,215.81,219.49,825404,21261,218.839
2024-05-10T04:00:00Z,219.41,219.909,218.55,219.6,623826,17450,219.513
2024-05-13T04:00:00Z,220,221.91,219.735,220.58,670036,21234,220.683
2024-05-14T04:00:00Z,221.8,222.568,220.34,221.13,581239,18515,221.185
2024-05-15T04:00:00Z,221.41,223.33,221.41,222.09,773437,19427,222.222
2024-05-16T04:00:00Z,222.15,223.58,221.52,222.09,735433,18494,222.401
2024-05-17T04:00:00Z,222.73,223.78,221.35,223.57,489556,13933,223.175
2024-05-20T04:00:00Z,224.19,224.34,223.16,223.62,539051,14956,223.612
2024-05-21T04:00:00Z,223.85,225.9,223.85,225.25,657504,16194,225.231
2024-05-22T04:00:00Z,224.005,225.77,224.005,225.32,691509,17279,225.064
2024-05-23T04:00:00Z,225.01,225.01,222.46,223.11,1098299,20163,223.784
2024-05-24T04:00:00Z,223.83,224.165,222.27,223.25,426847,13817,223.102
2024-05-28T04:00:00Z,222.55,222.74,218.57,218.87,646267,19496,219.447
2024-05-29T04:00:00Z,217.4,217.776,215.16,215.24,875797,18104,216.008
2024-05-30T04:00:00Z,216.24,219.36,216.115,219.17,906180,20892,217.936
2024-05-31T04:00:00Z,218.93,225.41,218.05,224.83,1461173,22316,223.914
2024-06-03T04:00:00Z,225.33,226.76,223.32,226.65,877273,22244,225.629
2024-06-04T04:00:00Z,225.48,226.99,224.003,226.69,790911,20990,226.031
2024-06-05T04:00:00Z,226.75,226.75,223.125,224.15,709357,16678,224.143
2024-06-06T04:00:00Z,223.56,225.089,221.9,222.04,865313,15658,222.87
2024-06-07T04:00:00Z,221.51,223.94,221.27,221.9,567880,16025,222.494
2024-06-10T04:00:00Z,221.8,222.01,220.671,221.42,572916,18100,221.383
2024-06-11T04:00:00Z,220.26,221.17,218.8,220.22,595815,17401,220.381
2024-06-12T04:00:00Z,220.62,220.895,218.523,218.97,537863,17823,219.487
2024-06-13T04:00:00Z,218.58,219.48,216.96,219.2,512421,14605,218.591
2024-06-14T04:00:00Z,217.33,218.54,215.37,217.47,434586,14676,217.239
2024-06-17T04:00:00Z,216.73,221.17,216.685,220.69,557457,15873,219.871
2024-06-18T04:00:00Z,220.71,222.74,219.94,222.45,585836,15176,222.067
2024-06-20T04:00:00Z,221.99,224.52,221.99,224.1,553925,16417,223.663
2024-06-21T04:00:00Z,224.78,225.77,222.42,225.51,796464,13495,225.14
2024-06-24T04:00:00Z,225.97,228.13,224.96,225.49,572540,15874,226.049
2024-06-25T04:00:00Z,225.11,225.95,222.66,224.51,609181,16049,224.388
2024-06-26T04:00:00Z,223.78,223.93,221.515,223.48,597978,14328,223.221
2024-06-27T04:00:00Z,224.51,224.51,222.41,223.18,825319,18772,223.238
2024-06-28T04:00:00Z,224.45,226.25,223.51,224.58,3463169,21467,224.613
2024-07-01T04:00:00Z,225.59,226.495,221.88,221.96,613170,16497,222.868
2024-07-02T04:00:00Z,221.98,223.704,221.77,223.6,496317,14207,223.201
2024-07-03T04:00:00Z,223.54,225.4,222.61,224.58,422248,11219,224.582
2024-07-05T04:00:00Z,224.09,224.14,221.76,224.07,483225,12655,223.282
2024-07-08T04:00:00Z,225.22,226.55,224.945,226,645411,13357,225.951
2024-07-09T04:00:00Z,226.06,226.84,224.795,225.96,579352,15078,226.04
2024-07-10T04:00:00Z,225.96,227.7,225.96,227.27,612504,16204,227.028
2024-07-11T04:00:00Z,227.89,231.585,227.38,230.34,835242,21482,229.975
2024-07-12T04:00:00Z,231.84,233.85,230.4,231.04,793407,18490,231.953
2024-07-15T04:00:00Z,232.2,235.34,231.64,234.54,800191,19496,234.372
2024-07-16T04:00:00Z,235.28,240.6,234.515,240.42,924689,24471,239.266
2024-07-17T04:00:00Z,240.42,242.86,238.23,238.25,1138574,23152,239.35
2024-07-18T04:00:00Z,237.05,239.87,236.69,237.76,806382,21205,238.311
2024-07-19T04:00:00Z,239.14,239.14,234.16,234.77,643164,16689,235.439
2024-07-22T04:00:00Z,234.93,238.26,234.51,238.14,683399,16839,236.892
2024-07-23T04:00:00Z,239.16,241.18,237.71,240.02,719894,19000,240.063
2024-07-24T04:00:00Z,240.02,241.205,236.9,237.15,1029989,22992,238.376
2024-07-25T04:00:00Z,239.02,245.595,239.02,243.27,1632125,31324,243.185
2024-07-26T04:00:00Z,239.41,240.27,227.11,229.41,2302156,44744,231.117
2024-07-29T04:00:00Z,229.6,229.82,224.3,224.78,1452293,33539,225.403
2024-07-30T04:00:00Z,225.88,229.25,223.38,227.74,1558596,31995,226.139
2024-07-31T04:00:00Z,227.9,228.936,224.57,226.89,1437087,24006,227.123
2024-08-01T04:00:00Z,227.53,230,225.26,229.22,1014741,24094,227.828
2024-08-02T04:00:00Z,229.22,233.16,226.35,230.19,1080734,25339,229.157
2024-08-05T04:00:00Z,229.39,231.5,224.35,227.1,1126474,28695,227.058
2024-08-06T04:00:00Z,227.5,229.84,225.76,225.96,829156,14594,227.117
2024-08-07T04:00:00Z,226.75,230.24,226.33,226.83,730197,14283,227.744
2024-08-08T04:00:00Z,226.66,230.78,226.59,230.62,765465,17789,229.772
2024-08-09T04:00:00Z,230.51,230.95,226.93,228.33,505853,15690,228.232
2024-08-12T04:00:00Z,228.68,230.3,227.3,228.83,532173,15810,229.086
2024-08-13T04:00:00Z,229.12,229.693,226.3,227.88,837746,21047,227.383
2024-08-14T04:00:00Z,226.46,228.3,225.54,226.06,860367,20339,226.348
2024-08-15T04:00:00Z,226.51,227.01,225.06,226.49,693537,17222,226.26
2024-08-16T04:00:00Z,227.07,228.73,225.92,228.5,642098,13581,227.962
2024-08-19T04:00:00Z,228.06,230.58,228.06,230.48,413419,12736,229.949
2024-08-20T04:00:00Z,230.37,230.37,228.72,229.64,396582,12440,229.44
2024-08-21T04:00:00Z,230.27,230.51,228.08,230.05,372937,11210,229.747
2024-08-22T04:00:00Z,230.35,231.587,228.94,231.21,564522,13569,230.673
2024-08-23T04:00:00Z,231.52,233.48,229.4,230.68,662526,14525,230.853
2024-08-26T04:00:00Z,231.26,231.9,228.35,228.95,607171,13615,229.16
2024-08-27T04:00:00Z,228.76,230.44,226.22,230.06,597639,13496,228.945
2024-08-28T04:00:00Z,230.55,233.31,230.367,231.95,551342,15623,231.789
2024-08-29T04:00:00Z,233.04,235.35,230,233.68,602905,14549,233.879
2024-08-30T04:00:00Z,233.75,236.94,233.21,236.67,698437,14230,235.894
2024-09-03T04:00:00Z,236.68,237.82,233.86,235.28,754123,20104,235.341
2024-09-04T04:00:00Z,235.81,238.235,235.81,236.5,718913,15595,236.682
2024-09-05T04:00:00Z,237.32,237.32,230.35,232.52,684401,18035,232.729
2024-09-06T04:00:00Z,231.11,232.96,226.3,227.23,640257,16546,228.209
2024-09-09T04:00:00Z,228.15,229.785,227.64,229.27,818736,20788,229.056
2024-09-10T04:00:00Z,230,230.5,226.51,227.89,570303,15793,227.81
2024-09-11T04:00:00Z,226.55,227.31,222.02,227.01,727745,18035,225.707
2024-09-12T04:00:00Z,226.33,228.7,225.62,228.17,780343,13372,227.726
2024-09-13T04:00:00Z,228.44,231.02,227.79,229.77,652617,14320,229.452
2024-09-16T04:00:00Z,231.99,234.28,229.61,231.71,503210,15536,231.502
2024-09-17T04:00:00Z,229.94,230.81,227.43,229.71,544492,17284,229.509
2024-09-18T04:00:00Z,230.47,232.03,228.453,229.71,563052,16119,230.121
2024-09-19T04:00:00Z,231.28,231.74,228.88,230.46,689704,16138,230.483
2024-09-20T04:00:00Z,229.75,233.57,229.23,233.21,1265889,19207,232.306
2024-09-23T04:00:00Z,233.42,238.07,233.17,237.73,687589,18349,236.826
2024-09-24T04:00:00Z,237.36,237.633,233.75,234.74,752365,17711,234.905
2024-09-25T04:00:00Z,235.52,235.64,232.5,233.32,754569,15207,233.456
2024-09-26T04:00:00Z,232.35,234.93,231.38,231.56,565775,13982,232.162
2024-09-27T04:00:00Z,232.04,235.36,231.495,234.99,777480,17026,234.42
2024-09-30T04:00:00Z,236,238.49,234.126,237.87,879534,18611,237.203
2024-10-01T04:00:00Z,237.47,247.33,235.74,245.29,1250263,28733,244.115
2024-10-02T04:00:00Z,245.29,246.76,244.101,244.66,686407,18416,245.06
2024-10-03T04:00:00Z,244.68,245.94,242.62,243.11,691935,19171,243.516
2024-10-04T04:00:00Z,242.74,243.78,241.34,243.66,372741,12864,243.173
2024-10-07T04:00:00Z,244.08,244.14,241.12,241.76,412167,11649,242.173
2024-10-08T04:00:00Z,243,243.65,239.58,241.28,462062,13340,241.219
2024-10-09T04:00:00Z,240.89,243.387,240.89,242.22,378778,12629,242.161
2024-10-10T04:00:00Z,245.88,245.88,241.01,242.35,651927,17276,242.483
2024-10-11T04:00:00Z,243.12,246.34,242.66,246.04,692261,16261,245.278
2024-10-14T04:00:00Z,246.8,248.45,245.25,248.23,461638,14407,247.778
2024-10-15T04:00:00Z,249,249,244.25,245.3,573715,17098,245.979
2024-10-16T04:00:00Z,244.82,248.36,244.82,248.14,491486,13241,247.593
2024-10-17T04:00:00Z,248.61,248.98,246.745,248.28,699347,15782,247.956
2024-10-18T04:00:00Z,249,249.16,246.965,248.78,481946,13446,248.62
2024-10-21T04:00:00Z,250,250.88,247.46,248.15,703395,14310,248.353
2024-10-22T04:00:00Z,247.85,247.85,242.74,244.93,534722,15202,244.849
2024-10-23T04:00:00Z,246.77,247.8,244.71,245.82,460005,14505,245.839
2024-10-24T04:00:00Z,246,246.49,243.4,244.17,845319,22177,244.498
2024-10-25T04:00:00Z,257.805,258.89,252,252.81,1622126,36061,253.982
2024-10-28T04:00:00Z,253.16,253.45,247.96,248.03,1033481,27419,249.595
2024-10-29T04:00:00Z,249.45,249.95,245.07,245.07,689491,21084,245.945
2024-10-30T04:00:00Z,245.02,247.06,244.73,245.41,714282,20758,245.714
2024-10-31T04:00:00Z,246.21,249.27,244.95,247.47,1254021,25916,247.223
2024-11-01T04:00:00Z,248.57,251.72,247.28,247.48,852189,23074,248.803
2024-11-04T05:00:00Z,247.93,248.61,244.865,247.07,791503,19630,246.965
2024-11-05T05:00:00Z,247.41,251.21,247.07,250.95,593342,16855,250.067
2024-11-06T05:00:00Z,260,260,253.513,256.45,893518,25448,256.26
2024-11-07T05:00:00Z,257.02,257.34,254.119,254.81,649272,17980,255.504
2024-11-08T05:00:00Z,256,261.75,255.564,260.6,868479,21854,260.537
2024-11-11T05:00:00Z,262.84,265.74,262.31,264.22,694968,20431,264.649
2024-11-12T05:00:00Z,265,265.65,261,261.72,949456,21921,262.255
2024-11-13T05:00:00Z,262.57,265.61,261.18,261.65,610312,19482,262.784
2024-11-14T05:00:00Z,261.2,261.775,247.27,248.16,1299771,34724,249.941
2024-11-15T05:00:00Z,247.52,250.29,245.5,247,1910720,28782,246.866
2024-11-18T05:00:00Z,246.47,247.55,243.835,244.27,741615,20172,244.878
2024-11-19T05:00:00Z,246.1,246.59,242.58,243.58,784167,18469,244.287
2024-11-20T05:00:00Z,242.54,244.442,241.1,244.36,806623,16815,243.379
2024-11-21T05:00:00Z,244.41,248.47,243.51,246.6,858941,22769,246.91
2024-11-22T05:00:00Z,247.16,248.56,246.445,248.16,655762,16634,247.791
2024-11-25T05:00:00Z,247.8,248.43,239.415,240.6,1268436,31334,241.15
2024-11-26T05:00:00Z,243.27,246.08,241.52,245.58,765882,21220,244.953
2024-11-27T05:00:00Z,246.28,247.48,244.92,245.33,551533,14214,245.638
2024-11-29T05:00:00Z,247.29,247.812,244.93,246.25,441995,9320,246.153
2024-12-02T05:00:00Z,246.25,246.25,241.5,242.82,970783,19997,242.597
2024-12-03T05:00:00Z,243.34,243.34,239.69,239.86,731046,18587,240.394
2024-12-04T05:00:00Z,239.08,242.235,238.45,240.48,928611,18989,240.469
2024-12-05T05:00:00Z,239.51,239.7,236.28,238.14,901120,20186,238.133
2024-12-06T05:00:00Z,238.29,239.1,234.1,234.64,1470153,27979,235.41
2024-12-09T05:00:00Z,233.75,234.05,228.85,229.76,1260769,30891,230.308
2024-12-10T05:00:00Z,229.58,232.58,227.36,230.68,912234,22028,230.75
2024-12-11T05:00:00Z,231.09,231.837,228.15,228.87,666899,18434,228.965
2024-12-12T05:00:00Z,227.61,228.77,223.321,224.35,1421295,30482,224.971
2024-12-13T05:00:00Z,223.85,224.84,222.01,223.16,967686,21243,223.081
2024-12-16T05:00:00Z,223.62,225.31,221.41,222.04,1420726,29002,222.448
2024-12-17T05:00:00Z,220.97,221.9,217.81,218.45,2287047,32215,218.582
2024-12-18T05:00:00Z,218.71,219.695,213.22,213.42,1146650,26074,215.189
2024-12-19T05:00:00Z,212.31,216.09,210.25,210.64,1016878,26776,211.683
2024-12-20T05:00:00Z,210.64,215.22,209.84,213.55,1664806,24426,213.045
2024-12-23T05:00:00Z,213.65,214.019,211.54,213.03,861248,19475,212.72
2024-12-24T05:00:00Z,212.2,213.42,211.65,213.32,324838,9328,212.859
2024-12-26T05:00:00Z,213.08,214.25,212.25,213.59,720326,16790,213.612
2024-12-27T05:00:00Z,212,214.205,210.69,212.37,655533,17799,212.147
2024-12-30T05:00:00Z,210.06,211.22,208.352,208.94,811710,18767,209.497
2024-12-31T05:00:00Z,209.62,210.78,208.37,210.28,840314,18027,209.729
2025-01-02T05:00:00Z,210.25,210.78,207.18,207.36,969711,23789,208.404
2025-01-03T05:00:00Z,207,210.15,207,209.75,902210,21426,209.27
2025-01-06T05:00:00Z,208.71,209.31,203.395,204.29,1369693,30811,205.424
2025-01-07T05:00:00Z,204.82,206.6,202.76,203,1414110,27182,204.235
2025-01-08T05:00:00Z,205.12,207.435,203.85,207.15,1413830,27230,206.172
2025-01-10T05:00:00Z,207.58,208.8,205.2,208.28,1745252,35252,207.441
2025-01-13T05:00:00Z,207.72,214.39,207.72,213.92,1150657,23189,213.387
2025-01-14T05:00:00Z,215.03,215.99,213.25,214.89,953467,24177,214.766
2025-01-15T05:00:00Z,215.99,216.14,213.105,214.14,981433,22175,214.041
2025-01-16T05:00:00Z,213.6,218.52,213.575,218.48,1057995,24672,217.458
2025-01-17T05:00:00Z,218.72,219.37,217.03,218.16,778308,18283,218.334
2025-01-21T05:00:00Z,219.55,224.3,219.55,222.86,1280404,29100,222.537
2025-01-22T05:00:00Z,221.58,221.58,218.2,220.06,1178005,25614,220.017
2025-01-23T05:00:00Z,221.83,222.821,217.36,219.79,1278515,25943,219.468
2025-01-24T05:00:00Z,219.12,220.18,218.07,218.65,847761,19142,218.818
2025-01-27T05:00:00Z,220.99,224,219.821,222.29,1227630,30499,221.997
2025-01-28T05:00:00Z,221.95,223.8,212.81,213.3,1543505,37893,214.758
2025-01-29T05:00:00Z,213.91,215.92,211.42,211.95,1540598,33599,212.489
2025-01-30T05:00:00Z,207.4,213.26,206.026,212.06,2189744,38481,210.592
2025-01-31T05:00:00Z,210.55,213.5,209.13,212.01,1266448,28243,211.885
2025-02-03T05:00:00Z,211.12,214.1,208.905,212.78,1431134,34360,212.79
2025-02-04T05:00:00Z,212.91,213.75,210.63,210.71,1073163,26374,211.676
2025-02-05T05:00:00Z,212.5,212.5,208.82,208.97,911172,24840,209.664
2025-02-06T05:00:00Z,208.47,209.335,203.85,206.66,2077556,31711,206.318
2025-02-07T05:00:00Z,207.39,208.9,205.27,206.13,1077146,28911,206.744
2025-02-10T05:00:00Z,206,209.88,205.267,208.43,1200560,23939,208.535
2025-02-11T05:00:00Z,209.26,209.26,206.17,206.75,1480520,25962,207.2
2025-02-12T05:00:00Z,204.98,204.98,199.56,200.61,1694645,34540,201.187
2025-02-13T05:00:00Z,202.01,204.52,198.425,200,2142431,42109,200.934
2025-02-14T05:00:00Z,200,201.17,196.67,197.61,1565405,33502,197.92
2025-02-18T05:00:00Z,200,200,194.77,195.7,1696171,30598,196.372
2025-02-19T05:00:00Z,196.56,200.04,194.25,194.65,1510042,30218,195.811
2025-02-20T05:00:00Z,193.22,197.75,193.09,197.23,1529087,29038,195.833
2025-02-21T05:00:00Z,196.91,200.18,196.71,199.02,1656650,35156,198.842
2025-02-24T05:00:00Z,200.32,201.82,199.57,199.85,1412814,27226,200.193
2025-02-25T05:00:00Z,199.94,204.475,199.66,203.97,1436239,30048,203.476
2025-02-26T05:00:00Z,202.19,203.717,201.47,202.33,1185143,22817,202.499
2025-02-27T05:00:00Z,202.58,205.54,202.351,204.9,1276465,25840,204.724
2025-02-28T05:00:00Z,205.91,207.2,203.51,206.11,1245212,23490,205.599
2025-03-03T05:00:00Z,207.6,209.45,205.28,207.7,1377959,30259,207.641
2025-03-04T05:00:00Z,207.34,212.5,206.46,207.08,2093613,41316,208.826
2025-03-05T05:00:00Z,206.11,211.49,205.75,210.53,1248257,28577,209.566
2025-03-06T05:00:00Z,211.48,213.98,208.58,213.79,1506710,30505,211.979
2025-03-07T05:00:00Z,211.79,221.22,211.79,220.1,1868528,35867,219.486
2025-03-10T04:00:00Z,218.96,227.37,217.459,217.85,1844837,40619,220.402
2025-03-11T04:00:00Z,216.42,218.66,211.78,212.33,1317050,31214,213.235
2025-03-12T04:00:00Z,211.16,211.16,204.8,208.95,1031210,27534,208.736
2025-03-13T04:00:00Z,208.51,212.55,207.71,211.18,1339956,27070,211.281
2025-03-14T04:00:00Z,210.83,213.64,209.1,211.06,960652,22613,211.521
2025-03-17T04:00:00Z,210.71,214.41,210.385,212.98,1042194,23863,213.198
2025-03-18T04:00:00Z,212.8,213.905,210.4,212.43,973952,26465,212.135
2025-03-19T04:00:00Z,212.74,215.725,210.97,213.04,840905,22385,212.827
2025-03-20T04:00:00Z,211.9,212.61,209.59,209.89,1188822,22848,210.315
2025-03-21T04:00:00Z,210.09,210.77,207.12,207.98,1932054,24933,208.315
2025-03-24T04:00:00Z,209.14,211.07,208.031,210.71,863171,21051,210.028
2025-03-25T04:00:00Z,211.55,213.12,209.345,212.56,1102712,24903,211.792
2025-03-26T04:00:00Z,213.01,214.005,210.755,211.93,1026211,19075,211.958
2025-03-27T04:00:00Z,212.76,215.35,211.99,212.7,762267,19106,213.273
2025-03-28T04:00:00Z,211.69,212.65,207.32,207.75,1179045,25134,208.518
2025-03-31T04:00:00Z,208.13,211.345,207.58,209.31,1112294,25399,209.27
2025-04-01T04:00:00Z,209.49,212.67,208.08,209.75,963992,24417,210.106
2025-04-02T04:00:00Z,208.06,213.405,208.06,211.9,986396,24008,211.471
2025-04-03T04:00:00Z,210.73,215.75,209.33,209.94,1321791,31471,210.466
2025-04-04T04:00:00Z,207.72,212.245,201.95,202.06,3081699,55383,206.155
2025-04-07T04:00:00Z,198.5,204.69,195.72,200.21,1932151,43165,199.359
2025-04-08T04:00:00Z,206.36,207.42,198.525,200.75,1932913,40903,202.998
2025-04-09T04:00:00Z,197.67,217.73,195.989,214.35,3827051,68680,210.773
2025-04-10T04:00:00Z,212.51,218.21,208.402,213.51,2745695,53592,213.445
2025-04-11T04:00:00Z,220,223.215,215.07,222.03,2245393,45355,220.315
2025-04-14T04:00:00Z,221.64,224.11,219.031,222.69,1266825,27507,222.536
2025-04-15T04:00:00Z,223.11,224.19,220.63,220.95,1262044,28872,221.813
2025-04-16T04:00:00Z,222.27,222.89,218.48,218.88,1165305,29634,220.431
2025-04-17T04:00:00Z,215.92,220.04,214.64,218.22,1411631,30982,217.762
2025-04-21T04:00:00Z,217.15,217.87,211.38,214.12,1583465,29997,213.9
2025-04-22T04:00:00Z,214.2,217.22,211.41,215.08,1751012,37132,214.464
2025-04-23T04:00:00Z,215.82,218.8,214.64,216.31,1813718,39158,216.321
2025-04-24T04:00:00Z,216.06,219.46,208.11,216.27,1946762,43044,216.208
2025-04-25T04:00:00Z,217.72,218.145,214.35,216.08,1637127,34515,216.5
2025-04-28T04:00:00Z,218.13,220,216.65,218.76,1256027,32147,218.2
2025-04-29T04:00:00Z,218.11,222.29,217.49,221.23,1273465,30383,221.072
2025-04-30T04:00:00Z,221.5,221.75,217.9,220.02,1060556,26142,219.733
2025-05-01T04:00:00Z,219.72,221.03,217.5,219.91,882557,23033,219.862
2025-05-02T04:00:00Z,223.32,226.79,214.41,219.75,2282329,50937,219.679
2025-05-05T04:00:00Z,220,220.75,218.08,218.62,827780,20042,219.045
2025-05-06T04:00:00Z,216.69,217.95,214.345,216.19,1227725,26755,216.158
2025-05-07T04:00:00Z,215.39,219.91,214.52,218,1527122,31810,218.016
2025-05-08T04:00:00Z,220.05,220.96,216.665,218.39,1059777,26354,218.83
2025-05-09T04:00:00Z,219.3,220.12,216.58,219.39,983161,24531,218.76
2025-05-12T04:00:00Z,221.71,221.96,215.17,218.96,1209987,31675,218.316
2025-05-13T04:00:00Z,218.8,219.73,217.423,218.37,1075741,28080,218.605
2025-05-14T04:00:00Z,218.6,220.105,214.1,219.65,1674282,36404,218.479
2025-05-15T04:00:00Z,221.88,227.14,220.865,226.86,1626525,33276,225.166
2025-05-16T04:00:00Z,228.11,230.47,226.47,230.2,1577113,32217,229.564
2025-05-19T04:00:00Z,230.15,231.795,229.53,230.97,1286611,28372,231.002
2025-05-20T04:00:00Z,230.02,232,229.1,230.82,1046748,24812,230.783
2025-05-21T04:00:00Z,241.7,241.7,231.35,232.59,2701831,53016,234.162
2025-05-22T04:00:00Z,233,240.87,232.73,239.19,3696602,70549,237.436
2025-05-23T04:00:00Z,237,238.46,235.719,237.49,2359801,44611,237.397
2025-05-27T04:00:00Z,240.1,248.47,238.17,247.9,2773709,56146,245.372
2025-05-28T04:00:00Z,248.73,249.125,242.55,244.37,2804939,55010,245.186
2025-05-29T04:00:00Z,242.19,243.92,241.11,243.42,2080409,39446,242.913
2025-05-30T04:00:00Z,244.72,245.1,241.77,244.34,2784778,34878,244.137
2025-06-02T04:00:00Z,244.83,244.83,240.85,243.16,1339497,30403,242.522
2025-06-03T04:00:00Z,242,243.6,240.51,243.19,1212469,28984,242.705
2025-06-04T04:00:00Z,244,244.55,241.98,242.31,804084,22553,242.817
2025-06-05T04:00:00Z,243.28,243.49,240.63,242.06,1136599,23779,241.932
2025-06-06T04:00:00Z,243,244.38,241.81,244.27,796055,22031,243.439
2025-06-09T04:00:00Z,244.62,246,242.33,245.41,1067479,25895,244.907
2025-06-10T04:00:00Z,246.13,246.233,243.54,244.79,927201,22766,244.886
2025-06-11T04:00:00Z,243.57,247.06,237.56,246.67,1560353,35132,244.567
2025-06-12T04:00:00Z,246.24,250.42,245.04,250.39,1336183,29858,248.857
2025-06-13T04:00:00Z,252.9,257.79,252.06,256.99,3051105,56515,255.887
2025-06-16T04:00:00Z,256,256.358,246.79,247.77,1832391,46869,249.659
2025-06-17T04:00:00Z,249.27,251.5,247.04,250.86,1371322,34711,250.138
2025-06-18T04:00:00Z,251,253.897,248.385,248.83,1280420,28377,249.699
2025-06-20T04:00:00Z,250.31,251.88,246.19,249.67,1636538,28657,249.805
2025-06-23T04:00:00Z,251.51,254.887,249.67,251.11,1193705,32621,251.605
2025-06-24T04:00:00Z,249,249.75,243.84,246.65,1188698,32686,246.336
2025-06-25T04:00:00Z,247.75,248.6,245.515,247.87,963925,22015,247.794
2025-06-26T04:00:00Z,248,249.6,246.1,246.8,1956701,41430,247.383
2025-06-27T04:00:00Z,245.52,248.104,245.12,246.98,2158902,29853,247.006
2025-06-30T04:00:00Z,247.63,251.28,247,250.84,1110945,29029,250.335
2025-07-01T04:00:00Z,250.75,252.92,249.01,252.18,958475,26043,252.044
2025-07-02T04:00:00Z,250.72,253.71,249.11,253.56,883987,24283,252.593
2025-07-03T04:00:00Z,253.84,256.57,253.77,255.73,575399,16284,255.555
2025-07-07T04:00:00Z,256.35,258.01,250.017,256.43,1263350,29916,256.151
2025-07-08T04:00:00Z,254.7,257.61,254.12,257.09,1233480,26057,256.773
2025-07-09T04:00:00Z,258.14,259.45,256.013,259.05,936127,25358,258.511
2025-07-10T04:00:00Z,258.03,260.87,256.51,260.1,1158741,29107,259.493
2025-07-11T04:00:00Z,261.14,261.14,258.076,259.55,954637,26351,259.364
2025-07-14T04:00:00Z,259.24,262.84,257.35,262.31,963121,24847,261.427
2025-07-15T04:00:00Z,262.04,262.63,260.06,261.17,1013036,26946,261.202
2025-07-16T04:00:00Z,261.55,264.11,260.77,263.66,1109891,30339,263.045
2025-07-17T04:00:00Z,263.97,266.82,263.51,265.51,1469900,35984,265.326
2025-07-18T04:00:00Z,265.99,267.57,263.16,264.77,1442088,32219,264.975
2025-07-21T04:00:00Z,265.06,266.08,262.476,263.09,943002,26697,263.889
2025-07-22T04:00:00Z,261.39,264.96,260.224,264.42,1599891,33877,263.505
2025-07-23T04:00:00Z,264.17,270.15,263.68,269.6,2155848,47371,268.932
2025-07-24T04:00:00Z,275.5,280.03,272.72,273.22,3422939,67807,276.195
2025-07-25T04:00:00Z,270,271.693,262.98,269.28,1965702,47565,269.161
2025-07-28T04:00:00Z,270.6,270.89,267.752,269.47,1216454,32497,269.164
2025-07-29T04:00:00Z,271.225,272.35,269.84,272.31,931117,26715,271.526
2025-07-30T04:00:00Z,273.96,275.72,271.61,274.12,954793,28003,274.044
2025-07-31T04:00:00Z,274.35,275.72,273.345,274.82,1308251,25945,274.755
2025-08-01T04:00:00Z,275,278.95,271,278.26,1413814,35604,276.681
2025-08-04T04:00:00Z,278.23,280.48,276.74,278.06,1097332,29933,278.208
2025-08-05T04:00:00Z,277.15,280.52,276.61,278.22,791693,24506,278.036
2025-08-06T04:00:00Z,278.46,280.47,276.67,276.88,1294870,29569,277.987
2025-08-07T04:00:00Z,274.32,275.92,270.85,273.81,2101046,42156,273.33
2025-08-08T04:00:00Z,273.73,275.39,269.14,269.72,1639202,36071,271.272
2025-08-11T04:00:00Z,269.77,270.62,267.25,270.32,996610,29462,269.728
2025-08-12T04:00:00Z,268.04,271,268.04,270.21,1023177,26085,269.486
2025-08-13T04:00:00Z,271.13,272.68,268.54,270.22,1502464,35460,269.903
2025-08-14T04:00:00Z,270.93,273.095,269.92,271.05,984723,27271,271.43
2025-08-15T04:00:00Z,270.69,271.725,269.21,270.55,1178125,22491,270.71
2025-08-18T04:00:00Z,271.36,273.21,270.85,271.92,1118646,26124,272.231
2025-08-19T04:00:00Z,271.37,273.67,270.805,272.23,990580,24166,272.112
2025-08-20T04:00:00Z,273.3,276.891,272.1,276.15,851359,27520,275.06
2025-08-21T04:00:00Z,275.84,276.75,274.84,276.11,908576,23967,275.909
2025-08-22T04:00:00Z,277.55,279.155,274.945,275.77,755000,21154,276.103
2025-08-25T04:00:00Z,276.23,277.905,275.37,276.17,704769,22862,276.255
2025-08-26T04:00:00Z,277.12,278.25,275,277.66,1543054,26300,277.493
2025-08-27T04:00:00Z,277.98,279.02,275.48,276.76,741404,22506,276.793
2025-08-28T04:00:00Z,276.25,277.28,275.04,277.04,759351,21130,276.595
2025-08-29T04:00:00Z,277.69,278.39,275.536,277.62,1266080,29567,277.158
2025-09-02T04:00:00Z,277.57,277.95,274.805,275.12,1529629,32267,275.567
2025-09-03T04:00:00Z,275.25,275.699,271.639,273.11,1119661,28601,273.042
2025-09-04T04:00:00Z,273.36,274.25,272.31,272.99,1084556,26794,273.223
2025-09-05T04:00:00Z,272.3,273.105,269.02,272.39,1071946,26008,271.678
2025-09-08T04:00:00Z,271.71,274.699,269.26,273.89,1194509,31990,273.573
2025-09-09T04:00:00Z,272.96,273.315,268.6,270.71,1092211,30892,270.386
2025-09-10T04:00:00Z,270.64,275.67,269.855,275.64,951792,25813,274.257
2025-09-11T04:00:00Z,275.82,280.69,274.34,280.63,947815,28580,279.463
2025-09-12T04:00:00Z,280.71,281.675,278.35,279.2,800785,22475,279.743
2025-09-15T04:00:00Z,278.81,282.22,278.465,281.89,783672,24530,281.466
2025-09-16T04:00:00Z,283.63,286.81,282.26,284.27,1332859,33592,284.63
2025-09-17T04:00:00Z,284.16,286.01,281.31,281.86,732610,24648,282.508
2025-09-18T04:00:00Z,279.8,283.28,278.48,282.73,664813,23833,282.053
2025-09-19T04:00:00Z,283.73,284.46,281.753,283.94,1316080,19196,283.77
2025-09-22T04:00:00Z,284,285.03,281.49,284.32,785566,24996,283.787
2025-09-23T04:00:00Z,285.34,288.02,284.17,286.19,760419,23020,285.879
2025-09-24T04:00:00Z,287.78,288.23,283.835,284,965348,21768,284.938
2025-09-25T04:00:00Z,286.59,290.9,286,289.24,1198931,32039,289.174
2025-09-26T04:00:00Z,290.84,293.94,289.68,293.56,1147047,30382,292.912
2025-09-29T04:00:00Z,297.83,298.4,294.77,296.95,1230456,30066,296.686
2025-09-30T04:00:00Z,297.56,305.94,297.56,305.41,1332757,33312,303.709
2025-10-01T04:00:00Z,303.85,304.305,298.18,300.47,1423988,37490,301.253
2025-10-02T04:00:00Z,299.95,301.295,295.62,296.1,1099369,38053,296.8
2025-10-03T04:00:00Z,297.09,299.781,295.45,297.39,643307,21886,297.507
2025-10-06T04:00:00Z,297.29,303.125,296.6,303.01,819155,25107,301.747
2025-10-07T04:00:00Z,303.32,304.05,298.75,301.43,866926,26319,301.599
2025-10-08T04:00:00Z,303,306.83,301.95,306.76,1097220,30169,305.629
2025-10-09T04:00:00Z,307,308.12,296.93,298.2,1607807,40414,301.756
2025-10-10T04:00:00Z,298.76,299.485,292.14,292.34,1341187,32392,294.24
2025-10-13T04:00:00Z,291.38,294.45,290.71,293.42,801699,24644,293.179
2025-10-14T04:00:00Z,292.82,300.615,292.49,299.99,842080,26452,298.498
2025-10-15T04:00:00Z,300.165,301.99,283.64,289.72,1464600,37625,291.804
2025-10-16T04:00:00Z,290.29,290.98,284.09,284.29,1220557,35686,285.53
2025-10-17T04:00:00Z,284.2,285.1,282.27,283.87,887316,24168,283.776
2025-10-20T04:00:00Z,286.26,291.645,285.97,290.56,723744,25147,289.764
2025-10-21T04:00:00Z,290.4,293.82,288.55,292.3,982382,26289,292.035
2025-10-22T04:00:00Z,292.3,293.5,288.72,288.97,1099354,28203,290.413
2025-10-23T04:00:00Z,290.15,294.2,290.15,293.28,643874,24008,293.107
2025-10-24T04:00:00Z,295.68,296.3,292.57,293.2,803890,26507,293.62
2025-10-27T04:00:00Z,293.56,294.94,290.31,291.14,1057254,29499,291.574
2025-10-28T04:00:00Z,290.69,291.94,287.07,287.38,970979,28408,288.34
2025-10-29T04:00:00Z,287.3,289.565,285.44,286.87,1027044,29439,287.347
2025-10-30T04:00:00Z,284.08,305.158,282.39,295.9,2546971,59624,298.518
2025-10-31T04:00:00Z,293.99,294.74,287.93,289.1,2165601,43850,289.643
2025-11-03T05:00:00Z,289.6,289.9,285.95,288.59,1007830,32104,288.082
2025-11-04T05:00:00Z,287.83,291.88,285.783,291.12,1098929,31241,290.667
2025-11-05T05:00:00Z,288.77,291.9,287.02,287.1,898602,30338,288.094
2025-11-06T05:00:00Z,287.17,288.29,284.8,285.02,631929,26141,285.754
2025-11-07T05:00:00Z,286.27,292.51,284.235,290.66,928629,34836,289.67
2025-11-10T05:00:00Z,290.35,297.859,290.3,297,1462188,45018,295.903
2025-11-11T05:00:00Z,296.9,302.56,296,301.68,1512041,46452,300.609
2025-11-12T05:00:00Z,301.155,302.94,298.21,300.24,1604410,40877,300.853
2025-11-13T05:00:00Z,301.05,301.724,287.51,288.37,1513064,44154,290.903
2025-11-14T05:00:00Z,284.77,289.842,283.22,289.39,1238994,38231,288.159
2025-11-17T05:00:00Z,290.01,291.5,287.23,287.69,829661,38297,288.803
2025-11-18T05:00:00Z,287.99,288.64,284.47,285.44,908067,32803,286.217
2025-11-19T05:00:00Z,284.17,286.755,282.5,285.25,965771,33655,284.877
2025-11-20T05:00:00Z,288.69,291.05,282.57,284.22,1026498,37773,285.753
2025-11-21T05:00:00Z,284.55,284.55,277.09,277.78,1694869,51210,278.895
2025-11-24T05:00:00Z,276,276.78,273.04,275.4,2080927,52130,275.174
2025-11-25T05:00:00Z,275.67,277.21,273.93,276.33,1602068,37860,276.28
2025-11-26T05:00:00Z,276.96,277.93,275.56,276.14,856978,29559,276.741
2025-11-28T05:00:00Z,276.26,279.02,275.85,278.69,477083,15075,278.151
2025-12-01T05:00:00Z,276.14,277.36,272.14,272.32,1137741,34581,273.214
2025-12-02T05:00:00Z,273.58,276.29,272.94,273.97,1062542,30567,274.341
2025-12-03T05:00:00Z,274.17,277.8,272.23,277.74,916294,27529,275.971
2025-12-04T05:00:00Z,278.15,283.65,277.605,280.51,1222914,34029,281.47
2025-12-05T05:00:00Z,279.31,280.22,275.28,278.5,710973,25738,278.049
2025-12-08T05:00:00Z,279.13,281.75,277.1,281.65,1196336,36334,280.361
2025-12-09T05:00:00Z,282.12,285.2,277.19,277.37,1009622,33800,279.497
2025-12-10T05:00:00Z,277.12,289.44,276.11,285.94,1368609,42514,285.225
2025-12-11T05:00:00Z,286.94,292.455,286.35,289.86,1106751,36645,290.115
2025-12-12T05:00:00Z,292.61,292.89,286.59,286.95,1317645,39826,288.21
2025-12-15T05:00:00Z,287.45,289.37,286.86,288.53,902450,30595,288.298
2025-12-16T05:00:00Z,290.51,290.635,281.56,282.85,1149600,37146,283.629
2025-12-17T05:00:00Z,279.045,282.8,277.57,278.72,1262805,37402,279.511
2025-12-18T05:00:00Z,280.19,284.4,280.18,282.72,1124851,31414,282.809
2025-12-19T05:00:00Z,283.8,289.71,283.552,287.45,1487935,32261,287.231
2025-12-22T05:00:00Z,288.15,295.21,287.45,295.1,919303,33795,293.68
2025-12-23T05:00:00Z,295.48,298.78,294.44,297.83,1051622,37144,297.515
2025-12-24T05:00:00Z,297.82,299.83,297.82,298.14,363261,14818,298.633
2025-12-26T05:00:00Z,297.81,298.97,295.32,296.77,466375,22520,296.607
2025-12-29T05:00:00Z,296.77,298.04,295.37,295.93,417265,20061,296.088
2025-12-30T05:00:00Z,296.3,296.57,295,295.47,416567,19399,295.669
2025-12-31T05:00:00Z,295.43,296.425,293.51,293.57,522878,20692,294.029
