timestamp,open,high,low,close,volume,tradeCount,vwap
2016-01-04T05:00:00Z,37.01,37.99,36.41,37.51,2331337,21068,37.0968
2016-01-05T05:00:00Z,37.56,39,37.37,38.47,3264194,22841,38.3981
2016-01-06T05:00:00Z,37.51,38.7,36.75,37.06,2160360,20964,37.5064
2016-01-07T05:00:00Z,36.37,36.7,34.16,34.97,3583189,30884,35.3054
2016-01-08T05:00:00Z,35.41,35.83,34.5,35.01,1982717,16451,35.0907
2016-01-11T05:00:00Z,36,36,33.3,33.79,4890055,36520,34.0738
2016-01-12T05:00:00Z,34.06,34.35,32.83,33.47,5028246,30172,33.3865
2016-01-13T05:00:00Z,34.6,35.48,31.555,32.59,6138119,42884,32.5099
2016-01-14T05:00:00Z,32.26,33.3622,31.45,32.81,3736641,31966,32.5084
2016-01-15T05:00:00Z,30.62,32.69,30.62,32,4086329,24378,32.133
2016-01-19T05:00:00Z,32,32.28,29.44,30.01,5580816,31688,30.4167
2016-01-20T05:00:00Z,28.16,29.14,26.77,28.52,5538746,33769,27.9932
2016-01-21T05:00:00Z,28.53,29.67,27.62,29.13,4533738,32959,28.9196
2016-01-22T05:00:00Z,30.45,32.93,30.03,31.62,4315562,35525,31.2507
2016-01-25T05:00:00Z,30.8,31.42,28.93,29.39,3798755,24303,29.7461
2016-01-26T05:00:00Z,30.12,30.12,28,29.07,3703480,28307,28.6966
2016-01-27T05:00:00Z,29,29.6,28.14,29.17,3330847,19993,29.0739
2016-01-28T05:00:00Z,30,30.61,29.06,29.63,4491541,20199,29.7162
2016-01-29T05:00:00Z,29.76,30.61,29.42,30.05,3978601,19122,30.0606
2016-02-01T05:00:00Z,29.33,29.94,29.05,29.28,2654292,23109,29.3587
2016-02-02T05:00:00Z,29,29,26.95,27.15,4197422,23293,27.4328
2016-02-03T05:00:00Z,27.68,28.6,26.27,28.46,5187236,33358,27.8366
2016-02-04T05:00:00Z,28.43,28.71,26.21,27.56,7098497,50100,27.3964
2016-02-05T05:00:00Z,27.33,27.36,23.98,25.03,9227582,46301,25.5657
2016-02-08T05:00:00Z,24.04,24.13,22.8,23.65,6315262,41011,23.4077
2016-02-09T05:00:00Z,23.35,24.89,23.14,24.46,8306952,37706,24.2795
2016-02-10T05:00:00Z,24.11,25.75,23.7401,24.97,3758064,22156,25.0663
2016-02-11T05:00:00Z,24.32,25.3,23.82,24.75,5877681,35346,24.5289
2016-02-12T05:00:00Z,25.54,26.3,24.49,26.05,3309749,18658,25.7516
2016-02-16T05:00:00Z,26.97,27.0898,25.91,26.58,3830685,24542,26.4703
2016-02-17T05:00:00Z,27,29.36,26.76,28.37,7389333,45475,28.4743
2016-02-18T05:00:00Z,29.3,29.53,27.8,29.26,4232044,28416,28.7539
2016-02-19T05:00:00Z,28.35,30.47,28.18,29.37,4235489,23182,29.3011
2016-02-22T05:00:00Z,30.15,31.405,29.98,30.32,3589735,30904,30.478
2016-02-23T05:00:00Z,31.59,32.29,29.93,30.5,4819237,33562,31.0704
2016-02-24T05:00:00Z,30,34.48,29.58,33.62,10523833,54486,32.9776
2016-02-25T05:00:00Z,34.4,35.37,32.765,34.61,4852377,33122,34.1257
2016-02-26T05:00:00Z,35.75,37.57,35.43,35.67,6270675,37345,36.3339
2016-02-29T05:00:00Z,36.3,36.58,34.67,35.75,5523423,25320,35.5816
2016-03-01T05:00:00Z,36.01,36.59,34.62,35.03,7122694,32570,35.0745
2016-03-02T05:00:00Z,34.34,36.52,33.87,36.5,5884357,30494,35.397
2016-03-03T05:00:00Z,36.5,37.666,36.16,37.05,4795890,25775,37.0687
2016-03-04T05:00:00Z,38,38.73,37.05,38.04,5325427,32385,37.946
2016-03-07T05:00:00Z,38,38.84,37.1,38.47,4619212,27898,38.1926
2016-03-08T05:00:00Z,38.13,38.48,34.86,35.41,5699857,34004,35.8781
2016-03-09T05:00:00Z,36,36.75,34.511,36.05,5165364,34786,35.7051
2016-03-10T05:00:00Z,36.2,36.32,34.91,35.7,3649998,19147,35.5476
2016-03-11T05:00:00Z,36.51,37.38,36.13,36.98,3274664,16167,36.8636
2016-03-14T04:00:00Z,36.3,37.96,36.25,37.6,2224811,16878,37.4073
2016-03-15T04:00:00Z,37.07,37.405,35.1,35.85,4129150,23109,35.8844
2016-03-16T04:00:00Z,36.08,37.54,35.414,37.53,3021785,20530,36.7794
2016-03-17T04:00:00Z,38.02,38.12,37.02,37.25,2541812,18108,37.6552
2016-03-18T04:00:00Z,37.84,37.97,35.43,35.65,4808545,25990,35.9207
2016-03-21T04:00:00Z,35.43,36.51,35.21,35.89,1966375,18622,35.9609
2016-03-22T04:00:00Z,35.24,36.05,35.1,35.88,2334285,13400,35.7183
2016-03-23T04:00:00Z,35.45,36.0999,34.75,34.82,2461980,17957,35.1109
2016-03-24T04:00:00Z,34.27,35.02,33.52,34.12,4077777,27941,34.1455
2016-03-28T04:00:00Z,34.12,34.12,32.717,33.2,2210325,19195,33.1401
2016-03-29T04:00:00Z,33.1,33.61,31.76,33.19,2559713,18084,32.6176
2016-03-30T04:00:00Z,34.14,34.84,33.05,33.71,2084629,14231,33.7207
2016-03-31T04:00:00Z,33.71,34.22,33.46,33.83,2502162,12132,33.9016
2016-04-01T04:00:00Z,33.08,34,32.91,33.77,1850751,13750,33.6164
2016-04-04T04:00:00Z,33.72,34.44,33.25,33.31,2064439,18226,33.8348
2016-04-05T04:00:00Z,32.88,34.31,32.77,33.28,1665374,11844,33.5515
2016-04-06T04:00:00Z,33.79,34.5,33.2,33.97,2682066,17460,33.7911
2016-04-07T04:00:00Z,33.72,34.455,33.38,34.2,1341519,11078,33.9209
2016-04-08T04:00:00Z,35.01,35.44,34.43,34.87,1565639,12616,34.9239
2016-04-11T04:00:00Z,34.91,36.28,34.91,35.44,2378940,16639,35.7458
2016-04-12T04:00:00Z,35.61,37.85,35.53,37.17,3020105,22036,37.2423
2016-04-13T04:00:00Z,36.72,37.96,36.61,37.92,2567207,18121,37.5079
2016-04-14T04:00:00Z,37.9,39.31,37.8,39.03,2880565,24140,38.7411
2016-04-15T04:00:00Z,38.41,38.65,36.61,37.13,5964923,17663,37.2129
2016-04-18T04:00:00Z,35.66,37.35,35.1,36.9,3550139,20634,36.5009
2016-04-19T04:00:00Z,36.96,37.42,35.74,37.12,3783572,18870,36.6693
2016-04-20T04:00:00Z,37.04,38.28,36.71,37.77,2504541,15667,37.8058
2016-04-21T04:00:00Z,37.91,38.14,37.18,37.21,2078011,14904,37.5814
2016-04-22T04:00:00Z,37,37.53,37,37.4,3197081,15371,37.3415
2016-04-25T04:00:00Z,37.6,37.68,36.35,36.75,1885255,10904,36.9398
2016-04-26T04:00:00Z,36.94,37.54,36.32,37.25,2452894,13029,36.923
2016-04-27T04:00:00Z,37.85,39.35,37.6,39.11,2611086,19042,38.6396
2016-04-28T04:00:00Z,39.1,39.68,38.18,38.62,2278241,16624,38.8627
2016-04-29T04:00:00Z,38.43,39.75,38.08,38.88,2419189,16167,38.6994
2016-05-02T04:00:00Z,39.26,39.4,38.435,38.99,2132527,15908,38.8529
2016-05-03T04:00:00Z,38.43,38.89,36.79,37.37,1635411,13973,37.4029
2016-05-04T04:00:00Z,37.5,37.74,35.06,35.85,2947741,18020,35.7804
2016-05-05T04:00:00Z,36.56,37.47,35.97,36.11,1768033,13559,36.553
2016-05-06T04:00:00Z,35.16,36.23,33.23,33.82,3475059,25794,34.3125
2016-05-09T04:00:00Z,33.43,33.61,31.705,32.15,3723701,20695,32.2908
2016-05-10T04:00:00Z,32.17,33.59,32.17,33.49,2190233,15742,33.1519
2016-05-11T04:00:00Z,33.39,33.83,32.55,32.72,2053718,10405,33.0334
2016-05-12T04:00:00Z,34.05,35.58,34.05,34.75,5123909,31310,34.8997
2016-05-13T04:00:00Z,34.55,34.93,33.82,33.99,2227790,16707,34.1101
2016-05-16T04:00:00Z,34.36,35.39,34.205,35.04,1735183,12265,34.9473
2016-05-17T04:00:00Z,35.36,35.95,34.56,35.48,3221954,14883,35.4099
2016-05-18T04:00:00Z,35.47,35.48,33.6202,33.83,3568372,18728,34.1627
2016-05-19T04:00:00Z,33.01,33.44,32.03,32.88,2986034,21287,32.837
2016-05-20T04:00:00Z,33,34.15,32.6,33.85,1940654,13187,33.6206
2016-05-23T04:00:00Z,33.35,33.7799,32.89,33.21,1232665,9938,33.2119
2016-05-24T04:00:00Z,33.51,33.6757,32.3,32.89,1651901,11591,32.8235
2016-05-25T04:00:00Z,33.19,33.98,32.96,33.65,1177910,9668,33.5942
2016-05-26T04:00:00Z,34,34.485,33.24,33.27,1002507,8567,33.6474
2016-05-27T04:00:00Z,32.67,33.46,32.6,32.77,2091078,11621,32.855
2016-05-31T04:00:00Z,33.13,33.25,32.13,32.13,3321125,15474,32.3761
2016-06-01T04:00:00Z,31.87,32.37,31.0201,32.24,2048038,15352,31.836
2016-06-02T04:00:00Z,31.85,34.038,31.85,34.01,1924299,14288,33.4256
2016-06-03T04:00:00Z,34.31,34.4999,33.29,33.36,1838206,14272,33.5407
2016-06-06T04:00:00Z,33.67,33.845,33.125,33.64,1845136,13512,33.5807
2016-06-07T04:00:00Z,34,35.76,33.72,35.59,2712101,18211,34.9516
2016-06-08T04:00:00Z,36,37.68,35.646,37.25,3597361,25220,37.1039
2016-06-09T04:00:00Z,37,38.15,36.55,36.55,2965568,16850,37.0552
2016-06-10T04:00:00Z,36.05,36.1641,34.22,34.22,1883294,14123,34.812
2016-06-13T04:00:00Z,33.95,34.61,33.19,33.24,2053150,14379,33.7538
2016-06-14T04:00:00Z,33.21,33.85,31.87,32.5,3125619,19629,32.5807
2016-06-15T04:00:00Z,32.28,33.48,32.01,33.1,2645732,14614,33.021
2016-06-16T04:00:00Z,32.5,33.17,31.85,33.09,1531520,12202,32.6188
2016-06-17T04:00:00Z,33.37,34.51,33.37,34.51,3594797,17781,34.3219
2016-06-20T04:00:00Z,34.86,36.04,34.825,35.2,4689270,18093,35.3956
2016-06-21T04:00:00Z,35.4,35.57,34.44,35.43,5608689,15112,35.3131
2016-06-22T04:00:00Z,35.6,36.5,35.45,35.45,5476373,17956,35.6383
2016-06-23T04:00:00Z,35.95,37.73,35.63,37.67,4757436,20846,37.3826
2016-06-24T04:00:00Z,35.09,36.67,34.37,34.8,6224946,28675,35.1638
2016-06-27T04:00:00Z,34.01,34.95,33.38,33.75,3319603,25799,34.015
2016-06-28T04:00:00Z,34.3,35.34,34.3,35.01,2898238,17763,34.8757
2016-06-29T04:00:00Z,35.72,37.74,35.38,37.03,4411674,24359,36.9517
2016-06-30T04:00:00Z,36.99,37.6,36.27,37.55,2555578,15925,37.298
2016-07-01T04:00:00Z,37.34,39,37.26,38.65,3157446,17409,38.3716
2016-07-05T04:00:00Z,37.76,38.19,35.861,37.14,3567904,23468,36.771
2016-07-06T04:00:00Z,36.82,37.5,36.5,37.02,4142427,24608,36.8973
2016-07-07T04:00:00Z,37.58,37.87,36.67,37.1,3181286,20926,37.1238
2016-07-08T04:00:00Z,37.48,38.08,37.06,37.66,2141986,16280,37.5875
2016-07-11T04:00:00Z,38.34,38.39,37.3316,37.75,2007185,13187,37.8674
2016-07-12T04:00:00Z,38.63,39.57,38.32,39.04,3101492,21808,39.0875
2016-07-13T04:00:00Z,39.05,39.5,38.05,38.99,1887542,15164,38.8593
2016-07-14T04:00:00Z,39.46,39.55,38.75,39.45,1554663,12242,39.2241
2016-07-15T04:00:00Z,39.45,40,39.28,39.86,2609748,18710,39.7276
2016-07-18T04:00:00Z,39.75,40.32,39.3901,40.15,2707163,14530,39.9998
2016-07-19T04:00:00Z,39.76,39.85,38.8,39.46,2483659,13101,39.3543
2016-07-20T04:00:00Z,39.18,40.39,39.18,40,2085094,15523,39.9953
2016-07-21T04:00:00Z,40.11,41.81,40,40.12,3034259,20955,40.8175
2016-07-22T04:00:00Z,40.35,41.23,39,41.08,3198816,17641,40.6815
2016-07-25T04:00:00Z,41,41,40.45,40.57,2814336,17334,40.6177
2016-07-26T04:00:00Z,40.6,41.64,40.42,41.33,2345907,14005,41.1868
2016-07-27T04:00:00Z,41.63,41.87,40.23,41.1,2738536,17577,41.0854
2016-07-28T04:00:00Z,41.2,41.56,40.68,41.5,1479214,10153,41.3017
2016-07-29T04:00:00Z,41.25,42.065,40.66,41.83,2059686,15481,41.516
2016-08-01T04:00:00Z,41.69,41.69,39.37,39.37,3475071,22042,40.0165
2016-08-02T04:00:00Z,39.64,39.805,38.75,39.35,2886114,21373,39.2755
2016-08-03T04:00:00Z,39.58,40.89,39.37,40.78,1834093,14497,40.4735
2016-08-04T04:00:00Z,40.52,41.58,40.52,41.24,2247103,15971,41.195
2016-08-05T04:00:00Z,41.51,42.65,41.29,42.13,1903482,14528,42.0753
2016-08-08T04:00:00Z,42.79,43.76,42.42,42.96,3510269,25220,43.0895
2016-08-09T04:00:00Z,42.31,44.15,41.91,42.2,3091086,21903,42.6907
2016-08-10T04:00:00Z,42.73,42.89,41.879,42.02,1974883,15953,42.3252
2016-08-11T04:00:00Z,42.21,43.07,41.63,42.44,1509089,12673,42.5892
2016-08-12T04:00:00Z,42.75,43.22,42.18,42.99,1912210,12857,42.8448
2016-08-15T04:00:00Z,43.27,43.96,43.27,43.84,2354158,17156,43.7248
2016-08-16T04:00:00Z,43.2,44.55,43,44.21,2332929,18361,44.1408
2016-08-17T04:00:00Z,44.5,45.15,44.275,44.86,3030124,21365,44.7776
2016-08-18T04:00:00Z,45,45.94,44.86,45.61,2360732,18695,45.5728
2016-08-19T04:00:00Z,45.25,45.57,44.77,45,1837377,12913,45.081
2016-08-22T04:00:00Z,44.13,44.4,43.571,44.17,1302912,11378,44.0809
2016-08-23T04:00:00Z,44.5,45.01,44.205,44.5,935641,8274,44.6978
2016-08-24T04:00:00Z,44.35,44.66,42.85,43.2,1945690,13358,43.4639
2016-08-25T04:00:00Z,43.1,43.87,43.04,43.32,1032437,9354,43.4212
2016-08-26T04:00:00Z,43.43,44.413,43.35,43.99,2086379,12222,44.0101
2016-08-29T04:00:00Z,43.96,44.5,43.65,44.06,842093,7204,44.0558
2016-08-30T04:00:00Z,44.1,44.41,43.41,43.49,1452461,10940,43.7155
2016-08-31T04:00:00Z,43.36,43.49,42.2501,42.9,2064542,13505,42.7375
2016-09-01T04:00:00Z,42.64,43.39,42.37,42.67,1525358,12713,42.8202
2016-09-02T04:00:00Z,43.07,43.85,42.87,43.65,1367145,10541,43.4086
2016-09-06T04:00:00Z,43.62,44.95,43.51,44.9,1575373,12388,44.4551
2016-09-07T04:00:00Z,45,45.5,44.74,44.86,2017610,14316,44.9621
2016-09-08T04:00:00Z,44.99,45.96,44.7587,45.89,1857659,11903,45.5339
2016-09-09T04:00:00Z,45.05,46,44.83,45,2325335,16701,45.3814
2016-09-12T04:00:00Z,44.11,45.82,43.198,45.01,2981018,19593,45.1079
2016-09-13T04:00:00Z,44.1,44.84,42.8,43.53,2376281,15601,43.4963
2016-09-14T04:00:00Z,43.37,44.05,42.65,42.85,1718650,13358,43.0445
2016-09-15T04:00:00Z,44,44,42.89,43.44,1199729,9911,43.4844
2016-09-16T04:00:00Z,42.7,43.44,42.5,42.93,1597898,8681,43.0207
2016-09-19T04:00:00Z,42.76,43.39,42.43,43.07,3087001,17848,43.035
2016-09-20T04:00:00Z,42.64,43.377,42.64,42.96,1128190,9727,43.0703
2016-09-21T04:00:00Z,43.63,44.39,43.26,44.3,1622400,11447,44.039
2016-09-22T04:00:00Z,44.97,46,44.36,44.49,2297914,15944,44.919
2016-09-23T04:00:00Z,44.05,45.43,43.44,43.72,2370601,11620,44.4346
2016-09-26T04:00:00Z,43.72,44.04,42.56,42.9,1577604,12894,43.1286
2016-09-27T04:00:00Z,42.55,42.89,41.72,42.22,1546679,12060,42.1658
2016-09-28T04:00:00Z,42.72,44.3,41.741,44.2,2821111,19222,43.4829
2016-09-29T04:00:00Z,44.2,44.8,43.17,43.37,1789300,12814,43.9277
2016-09-30T04:00:00Z,43.1,43.99,42.25,43.6,6701522,28517,43.1694
2016-10-03T04:00:00Z,42.45,44.45,41.92,42.11,3227104,23920,42.2172
2016-10-04T04:00:00Z,42.54,42.77,41.7552,42.1,2766684,20120,42.1196
2016-10-05T04:00:00Z,42.35,42.86,41.9,42.08,2022686,14034,42.3478
2016-10-06T04:00:00Z,42.25,42.429,41.68,41.8,1892774,12464,41.9342
2016-10-07T04:00:00Z,41.72,42.26,41.64,42.01,2042554,12538,41.9857
2016-10-10T04:00:00Z,42.21,42.949,41.9,42.14,1464292,12621,42.0885
2016-10-11T04:00:00Z,42.15,42.19,41.43,42,2008069,13381,41.873
2016-10-12T04:00:00Z,42.04,42.1,41.12,41.71,1483789,13046,41.8139
2016-10-13T04:00:00Z,41.4,41.81,41.04,41.48,2500679,21691,41.4381
2016-10-14T04:00:00Z,41.47,41.71,40.42,40.69,2421654,17006,40.9558
2016-10-17T04:00:00Z,40.61,41.18,40.17,41.07,1734571,14761,40.7778
2016-10-18T04:00:00Z,40.63,42.1,40.63,41.61,1801871,11357,41.5683
2016-10-19T04:00:00Z,42,42.24,41.6,41.62,1792774,12773,41.8847
2016-10-20T04:00:00Z,41.06,41.86,41.03,41.59,1406483,9982,41.5266
2016-10-21T04:00:00Z,41.49,41.825,41.27,41.39,948944,8451,41.42
2016-10-24T04:00:00Z,41.2,41.92,40.8,41.03,1240666,9406,41.1657
2016-10-25T04:00:00Z,41.025,41.67,39.84,40.09,2400972,15831,40.5176
2016-10-26T04:00:00Z,39.53,40.04,38.9,39.32,3230012,20164,39.3046
2016-10-27T04:00:00Z,39.5,39.94,38.93,39.47,2380604,14682,39.502
2016-10-28T04:00:00Z,39.32,39.72,38.52,38.75,1878485,14807,38.8786
2016-10-31T04:00:00Z,38.23,38.4005,37.16,37.7,3171542,20501,37.5921
2016-11-01T04:00:00Z,38,38,36.745,37.42,3025334,20524,37.1853
2016-11-02T04:00:00Z,36.95,37.37,36.12,36.2,2841175,20884,36.4057
2016-11-03T04:00:00Z,37.22,38.73,36.495,36.62,2944052,21919,37.3888
2016-11-04T04:00:00Z,36.3,37.38,36.13,36.84,3722788,22690,36.8418
2016-11-07T05:00:00Z,36.84,37.95,36.84,37.48,3319513,22239,37.5174
2016-11-08T05:00:00Z,38.93,38.93,37.1524,37.67,2721601,15068,37.5821
2016-11-09T05:00:00Z,37.01,38,37,37.5,3348401,23745,37.5162
2016-11-10T05:00:00Z,37.48,37.88,36.84,37.4,2448706,19389,37.387
2016-11-11T05:00:00Z,36.99,37.33,35.5,35.79,3541715,23142,36.0041
2016-11-14T05:00:00Z,35.69,36.31,35.073,36.13,2364995,17838,35.7767
2016-11-15T05:00:00Z,36.77,37.82,36.41,37.8,3329104,23699,37.4454
2016-11-16T05:00:00Z,37.71,37.91,36.825,37.09,1957592,14794,37.2776
2016-11-17T05:00:00Z,37.8,38.22,37.321,37.87,2200280,12703,37.7012
2016-11-18T05:00:00Z,38.4,39.2,37.85,38.45,4522526,14981,38.2984
2016-11-21T05:00:00Z,39.16,39.88,38.7,39.83,2935709,15500,39.4228
2016-11-22T05:00:00Z,39.96,40.45,39.4346,39.83,3167751,15503,39.9217
2016-11-23T05:00:00Z,39.42,40.7,39.42,40.61,1825301,13221,40.2982
2016-11-25T05:00:00Z,40.11,40.41,39.41,40.12,809301,5993,39.9695
2016-11-28T05:00:00Z,40.16,40.66,39.81,39.88,1842302,14560,40.2061
2016-11-29T05:00:00Z,39.08,39.56,38.75,38.97,2415161,18341,38.9908
2016-11-30T05:00:00Z,40.95,42.17,40.55,40.86,4077544,25960,41.1137
2016-12-01T05:00:00Z,41.75,42.19,40.92,41.29,3991815,23995,41.5768
2016-12-02T05:00:00Z,41.25,41.57,40.925,41.27,1586820,11109,41.2162
2016-12-05T05:00:00Z,41.63,42.04,41.3,41.8,2503433,14118,41.761
2016-12-06T05:00:00Z,41.78,42.53,41.65,42.17,3001516,22732,42.18
2016-12-07T05:00:00Z,42.23,42.32,41.55,41.95,2197782,13920,41.8882
2016-12-08T05:00:00Z,42.2,42.65,41.87,42.65,2255347,15815,42.3427
2016-12-09T05:00:00Z,42.9,43.64,42.84,43.01,3547039,26336,43.1445
2016-12-12T05:00:00Z,44.03,44.03,42.89,43,3759874,22503,43.2748
2016-12-13T05:00:00Z,43.14,43.62,42.9,43.1,2679824,15129,43.2231
2016-12-14T05:00:00Z,42.98,43.1,41.6,41.62,3644966,24206,42.2037
2016-12-15T05:00:00Z,41.28,42.69,40.83,42.58,2517435,17306,42.375
2016-12-16T05:00:00Z,42.69,43.34,41.97,42.8,2594263,16437,42.7515
2016-12-19T05:00:00Z,42.56,42.885,41.56,41.62,2288141,13397,41.84
2016-12-20T05:00:00Z,41.79,41.79,40.64,40.85,2837264,19157,40.9663
2016-12-21T05:00:00Z,41,41.69,40.8,41.37,3950850,16639,41.3691
2016-12-22T05:00:00Z,41.55,41.75,41.15,41.26,2186530,11981,41.3313
2016-12-23T05:00:00Z,41.06,41.59,40.85,41.55,739230,6686,41.4278
2016-12-27T05:00:00Z,41.64,42.16,41.28,41.98,1070869,7950,41.8722
2016-12-28T05:00:00Z,42.02,42.37,41.51,42.27,1434142,12108,42.0818
2016-12-29T05:00:00Z,42.41,42.5,41.57,41.99,1240866,8681,41.9729
2016-12-30T05:00:00Z,41.5,42.12,41.4,41.43,2672747,10145,41.5269
2017-01-03T05:00:00Z,41.46,42.83,41.46,42.35,2058674,15696,42.254
2017-01-04T05:00:00Z,42.54,43.6,42.17,43,2335697,18247,43.0946
2017-01-05T05:00:00Z,43.26,44.6,43.01,44.45,3061263,21765,43.7216
2017-01-06T05:00:00Z,44.67,45.375,44.23,44.9,3159073,22112,44.8966
2017-01-09T05:00:00Z,44.36,44.73,43.76,43.84,2245855,14625,44.0985
2017-01-10T05:00:00Z,43.83,43.83,43.05,43.35,1928954,11952,43.3023
2017-01-11T05:00:00Z,43.7,43.82,43.2,43.35,1258325,9069,43.4852
2017-01-12T05:00:00Z,43.69,43.795,43.12,43.48,1406646,9006,43.4261
2017-01-13T05:00:00Z,43.28,43.6,43.15,43.45,828949,6767,43.3751
2017-01-17T05:00:00Z,43.53,44.04,43.47,43.68,1916843,12746,43.7069
2017-01-18T05:00:00Z,43.25,43.6,42.71,42.82,2524185,16977,43.0453
2017-01-19T05:00:00Z,42.66,43,42.44,42.64,2647135,12821,42.6977
2017-01-20T05:00:00Z,42.84,43.645,42.82,43.26,2442782,17836,43.273
2017-01-23T05:00:00Z,42.99,43.21,42.47,43.06,1766736,11510,42.9495
2017-01-24T05:00:00Z,43.46,45.68,43.45,45.65,3801306,21052,44.916
2017-01-25T05:00:00Z,45.83,48.97,45.65,48.23,6670203,40035,47.9901
2017-01-26T05:00:00Z,48.5,50.53,47.71,50.42,7198714,43422,49.7397
2017-01-27T05:00:00Z,50.02,50.45,48.93,49.07,2895471,18712,49.3622
2017-01-30T05:00:00Z,49.01,49.01,47.135,47.45,2640915,20141,47.6475
2017-01-31T05:00:00Z,47.5,48,46.45,47.65,2386533,15952,47.46
2017-02-01T05:00:00Z,47.81,48.13,46.43,47.1,2102283,14978,46.9785
2017-02-02T05:00:00Z,47.02,49.45,46.8,49.33,3987736,14798,48.8158
2017-02-03T05:00:00Z,49.59,50,48.75,49.43,5127129,16887,49.3958
2017-02-06T05:00:00Z,49.64,49.64,48.24,48.5,2215795,14170,48.5604
2017-02-07T05:00:00Z,48.13,48.21,47.14,47.81,2622736,18422,47.593
2017-02-08T05:00:00Z,47.72,48.24,47.4,48.01,1573189,12065,47.898
2017-02-09T05:00:00Z,48.58,49.32,47.91,49.19,1791275,12506,48.6915
2017-02-10T05:00:00Z,49.41,49.889,48.665,48.93,1808000,13933,49.1084
2017-02-13T05:00:00Z,48.62,48.97,47.73,48.14,2668159,13637,48.1871
2017-02-14T05:00:00Z,48.55,48.55,47.53,47.88,1598950,12683,47.8936
2017-02-15T05:00:00Z,47.71,48.3,47.6,47.69,1288410,11346,47.8936
2017-02-16T05:00:00Z,48.44,48.5,46.7,46.84,1638085,14011,47.0997
2017-02-17T05:00:00Z,46.48,47.18,46.42,46.71,1137826,9811,46.7009
2017-02-21T05:00:00Z,47,47.55,46.83,47.36,2072488,13349,47.3367
2017-02-22T05:00:00Z,47.2,47.665,46,47.22,2094247,14981,47.2895
2017-02-23T05:00:00Z,47.65,47.84,46.97,47.35,1579302,11683,47.305
2017-02-24T05:00:00Z,46.83,47.5,46.42,47.46,2367735,15583,46.8465
2017-02-27T05:00:00Z,48.65,49.5,47.66,48.91,3156487,23874,48.7371
2017-02-28T05:00:00Z,48.26,49.13,47.74,48.05,2659367,21142,48.1904
2017-03-01T05:00:00Z,48.32,48.7599,47.84,48,2339111,15783,48.0508
2017-03-02T05:00:00Z,47.62,47.89,46.55,46.67,2207774,15008,46.8868
2017-03-03T05:00:00Z,46.64,47.89,46.64,47.5,1285728,11649,47.5094
2017-03-06T05:00:00Z,47.07,47.66,46.81,47.55,718039,6439,47.3088
2017-03-07T05:00:00Z,47.42,47.57,47.05,47.06,1244234,8912,47.2548
2017-03-08T05:00:00Z,46.8,47.02,45.02,45.09,2425759,15390,45.6524
2017-03-09T05:00:00Z,44.83,45.43,43.75,44.92,1976182,15552,44.4885
2017-03-10T05:00:00Z,45.29,45.7,44.5,45.55,1495106,14070,45.2708
2017-03-13T04:00:00Z,45.62,46.34,45.62,45.96,1278555,8984,46.0415
2017-03-14T04:00:00Z,45.11,45.36,43.96,44.4,1615152,12202,44.3812
2017-03-15T04:00:00Z,45.18,45.18,44.4,44.88,1599037,10066,44.7748
2017-03-16T04:00:00Z,44.92,45.52,44.42,45.33,1217055,9183,45.1561
2017-03-17T04:00:00Z,45.61,45.92,45.36,45.63,1824043,10120,45.6328
2017-03-20T04:00:00Z,45.4,45.58,44.38,44.57,2537781,11181,44.7039
2017-03-21T04:00:00Z,44.76,45.36,43.62,43.74,1237721,10753,44.1267
2017-03-22T04:00:00Z,43.22,44.22,43.2,43.96,1165783,10017,43.8798
2017-03-23T04:00:00Z,44,45.1,44,44.52,2313637,8795,44.6523
2017-03-24T04:00:00Z,44.96,45.75,44.58,45,1514492,13292,45.1768
2017-03-27T04:00:00Z,44.94,45.4,44.01,45.2,1777056,11276,44.9222
2017-03-28T04:00:00Z,45.5,46.14,45.18,45.58,1491054,13482,45.8172
2017-03-29T04:00:00Z,45.75,46.98,45.35,46.6,2853514,14033,46.523
2017-03-30T04:00:00Z,46.62,46.98,45.84,46.03,1110757,10159,46.2486
2017-03-31T04:00:00Z,46.29,47.45,45.6,47.27,3670924,18644,46.9595
2017-04-03T04:00:00Z,47.11,48.12,46.67,47.05,2319937,13080,47.1447
2017-04-04T04:00:00Z,46.94,47.89,46.83,47.45,2149535,12913,47.4302
2017-04-05T04:00:00Z,47.89,48.48,46.42,46.77,1778345,12573,47.4868
2017-04-06T04:00:00Z,47.3,47.65,47.03,47.49,1171000,8268,47.4077
2017-04-07T04:00:00Z,47.22,47.75,47.07,47.43,952514,5098,47.4659
2017-04-10T04:00:00Z,47.93,48.6,47.5,48.45,1223864,10114,48.2955
2017-04-11T04:00:00Z,48.1,48.4,47.5388,48.4,988987,9152,48.0863
2017-04-12T04:00:00Z,48.74,49.2,47.544,48.01,2338252,14259,48.2134
2017-04-13T04:00:00Z,48.24,48.25,46.68,46.84,1981068,14237,47.109
2017-04-17T04:00:00Z,46.84,46.95,46.18,46.73,1695105,11064,46.5687
2017-04-18T04:00:00Z,46.67,46.98,46.2,46.92,2230946,14830,46.6107
2017-04-19T04:00:00Z,46.94,46.94,45.35,45.76,3877445,23629,45.9962
2017-04-20T04:00:00Z,45.56,46.77,45.45,46,1560057,12908,46.1416
2017-04-21T04:00:00Z,46.14,46.36,45.28,45.67,1685202,11119,45.6393
2017-04-24T04:00:00Z,45.97,46.03,45.27,45.96,2054804,11562,45.7844
2017-04-25T04:00:00Z,46.24,46.54,45.77,46.34,1247628,9079,46.2204
2017-04-26T04:00:00Z,45.92,46.63,45.8,46.06,962857,8881,46.1898
2017-04-27T04:00:00Z,45.65,46.14,45.15,45.4,1428987,10031,45.4545
2017-04-28T04:00:00Z,45.535,45.75,45.16,45.35,1407169,10200,45.4006
2017-05-01T04:00:00Z,45.15,45.74,45,45.62,1614694,11382,45.3783
2017-05-02T04:00:00Z,45.88,46.395,45.64,46.16,1777827,14011,46.0501
2017-05-03T04:00:00Z,45.76,46.1,45.27,45.66,2432000,19897,45.6416
2017-05-04T04:00:00Z,46.76,46.85,43.79,44.88,2832040,21141,44.7957
2017-05-05T04:00:00Z,44.89,46.99,44.76,46.82,1947817,13071,46.389
2017-05-08T04:00:00Z,46.84,47.33,46.37,46.92,2204511,13429,46.8678
2017-05-09T04:00:00Z,47,47.2,45.47,45.96,1366312,10391,45.9096
2017-05-10T04:00:00Z,46.1,47.23,45.8,46.99,1565057,11718,46.9598
2017-05-11T04:00:00Z,47.25,47.25,46.36,47.14,2451797,16746,46.8612
2017-05-12T04:00:00Z,47.73,49.465,47.53,48.68,4124922,25962,48.735
2017-05-15T04:00:00Z,49.5,49.88,48.9,49.35,2881691,18243,49.432
2017-05-16T04:00:00Z,49.62,49.84,49.05,49.41,1832826,13239,49.403
2017-05-17T04:00:00Z,49.3,49.59,48.3,48.8,1401798,10967,48.8798
2017-05-18T04:00:00Z,48.8,48.98,48.02,48.71,1426085,11108,48.6594
2017-05-19T04:00:00Z,48.79,50.71,48.79,49.75,3858180,20621,49.8975
2017-05-22T04:00:00Z,50,50,48.69,49.32,2140667,16239,49.2135
2017-05-23T04:00:00Z,49.62,49.85,48.72,48.82,2041927,13730,49.1777
2017-05-24T04:00:00Z,48.78,50.665,48.75,50.64,4917043,28895,50.0434
2017-05-25T04:00:00Z,50.41,51.41,49.26,50.23,2587768,17200,50.1953
2017-05-26T04:00:00Z,50.07,51.0099,49.91,50.38,1585232,12126,50.4389
2017-05-30T04:00:00Z,50.13,50.175,49.14,49.23,1611873,12231,49.5648
2017-05-31T04:00:00Z,48.8,49.38,47.31,48.72,3199326,21837,48.2954
2017-06-01T04:00:00Z,49,50.15,48.7,49.26,1547399,12749,49.4107
2017-06-02T04:00:00Z,49,49.09,48.22,48.7,1557269,11431,48.6177
2017-06-05T04:00:00Z,48.5001,49.54,48.5001,49.26,1358287,10009,49.2692
2017-06-06T04:00:00Z,48.8,50.12,48.68,49.86,2027311,8921,49.6866
2017-06-07T04:00:00Z,49.81,50.09,48.26,48.45,1721269,13435,48.7973
2017-06-08T04:00:00Z,49.02,49.02,47.88,48.25,1271023,10581,48.2463
2017-06-09T04:00:00Z,48.48,49.5,48.35,49.25,1296162,9766,49.1188
2017-06-12T04:00:00Z,49.65,49.83,49.07,49.43,1155664,9271,49.4577
2017-06-13T04:00:00Z,48.66,49.26,48.28,48.31,1865791,14479,48.5932
2017-06-14T04:00:00Z,48.54,48.77,46.36,46.95,2726929,21056,47.0567
2017-06-15T04:00:00Z,46.8,47,45.69,46.59,1801729,15110,46.4802
2017-06-16T04:00:00Z,46.97,47.38,46.59,47.28,2315836,13091,47.1043
2017-06-19T04:00:00Z,47.18,47.77,46.9,47.67,1326710,10170,47.469
2017-06-20T04:00:00Z,46.96,47.1521,46.12,46.36,1361488,11224,46.4275
2017-06-21T04:00:00Z,46.21,47.11,45.9,46.65,1560241,13850,46.5213
2017-06-22T04:00:00Z,46.7,47.84,46.465,47.28,1196911,10318,47.2994
2017-06-23T04:00:00Z,47.11,47.92,47.04,47.62,4060433,8853,47.593
2017-06-26T04:00:00Z,47.66,48.44,47.51,48.26,1480000,8904,48.1969
2017-06-27T04:00:00Z,48.54,49.26,47.85,47.85,1481077,11320,48.4199
2017-06-28T04:00:00Z,48.18,49,48.01,48.39,1025318,8796,48.4625
2017-06-29T04:00:00Z,48.4,48.875,48.28,48.57,1263206,9846,48.5721
2017-06-30T04:00:00Z,48.63,49.5,48.53,48.71,1855497,11873,48.9666
2017-07-03T04:00:00Z,48.8,49.59,48.65,49.35,948329,7266,49.3416
2017-07-05T04:00:00Z,49.02,49.28,47.3,47.52,1771373,13323,47.7677
2017-07-06T04:00:00Z,47.88,48.57,46.885,46.91,1875873,14025,47.3542
2017-07-07T04:00:00Z,47,47.264,46.1,47.24,1806331,13663,46.7292
2017-07-10T04:00:00Z,47.42,47.55,47.005,47.48,1400109,9647,47.3517
2017-07-11T04:00:00Z,47.42,47.97,47.18,47.51,1324006,11703,47.6054
2017-07-12T04:00:00Z,47.9,48.64,47.74,48.05,2078940,15294,48.1026
2017-07-13T04:00:00Z,48.25,48.47,47.4,47.41,1280502,10911,47.7378
2017-07-14T04:00:00Z,47.37,48.28,47.35,48.1,863211,7295,48.0839
2017-07-17T04:00:00Z,48.1,48.25,47.27,47.35,1447189,10050,47.55
2017-07-18T04:00:00Z,47.43,47.5,46.31,46.58,1792835,13318,46.6756
2017-07-19T04:00:00Z,46.28,47.17,46.19,46.75,2043980,14889,46.7625
2017-07-20T04:00:00Z,47,47.48,45.41,45.55,2038171,15377,46.0164
2017-07-21T04:00:00Z,45.8,45.93,44.95,45.15,2810193,15119,45.21
2017-07-24T04:00:00Z,45.15,46.09,44.97,45.99,1792724,12156,45.7721
2017-07-25T04:00:00Z,45.7,46.76,45.7,46.05,1718919,12555,46.3888
2017-07-26T04:00:00Z,46.25,46.62,45.5,46.27,1419696,10405,46.1338
2017-07-27T04:00:00Z,46.06,46.25,45.35,45.54,1410477,12882,45.6875
2017-07-28T04:00:00Z,45.3,45.73,45.15,45.3,1802795,13244,45.3415
2017-07-31T04:00:00Z,45.25,45.5667,44.6501,45.07,1766491,11003,45.0164
2017-08-01T04:00:00Z,45.38,46.52,45.1701,45.29,2173156,13240,45.5256
2017-08-02T04:00:00Z,45.23,45.37,44.55,45.05,1033161,9098,45.0302
2017-08-03T04:00:00Z,44.96,45.33,44.64,44.89,1636124,9274,44.8979
2017-08-04T04:00:00Z,44.75,45.35,44.36,44.68,1875059,13433,44.7098
2017-08-07T04:00:00Z,44.54,44.73,42.88,43.49,4463632,28160,43.4007
2017-08-08T04:00:00Z,43.13,43.68,42.1,42.71,3104588,21190,42.9425
2017-08-09T04:00:00Z,42.43,43.1,42.17,43.06,2365114,17749,42.67
2017-08-10T04:00:00Z,42.99,43.28,40.93,41.23,3648924,22150,41.7503
2017-08-11T04:00:00Z,40.75,43.02,40.75,42.51,3250229,20029,42.3094
2017-08-14T04:00:00Z,41.9,43.1,41.9,42.62,1608451,12487,42.735
2017-08-15T04:00:00Z,42.5,42.61,41.84,42.16,2095929,13294,42.1018
2017-08-16T04:00:00Z,42,42.2,41.78,42.08,1408073,11285,41.9686
2017-08-17T04:00:00Z,41.83,42.05,41,41.07,1279342,10685,41.353
2017-08-18T04:00:00Z,41.21,42.02,40.8301,41.78,2293406,13512,41.5994
2017-08-21T04:00:00Z,41.45,41.77,40.36,40.83,2865614,14270,40.8851
2017-08-22T04:00:00Z,41.09,41.44,40.91,41.11,1522470,9742,41.2222
2017-08-23T04:00:00Z,41.12,41.62,40.8723,41.45,1265761,9342,41.4321
2017-08-24T04:00:00Z,41.74,42.48,41.44,42.35,1918828,14306,42.0564
2017-08-25T04:00:00Z,42.44,42.44,41.06,41.5,2263783,13986,41.7215
2017-08-28T04:00:00Z,41.64,42.21,41.46,42.1,2113162,14405,41.9498
2017-08-29T04:00:00Z,41.81,41.91,40.69,41.39,1944941,13790,41.1979
2017-08-30T04:00:00Z,41.01,41.39,40.75,41.37,1292862,11189,41.1771
2017-08-31T04:00:00Z,41.35,42.9,41.3,42.47,1953395,13842,42.4941
2017-09-01T04:00:00Z,43.15,43.925,42.69,43.63,1898133,15288,43.5217
2017-09-05T04:00:00Z,43.87,44.46,43.2,43.65,2012615,16496,43.7685
2017-09-06T04:00:00Z,43.8,44.12,43.3,43.42,2577717,19143,43.6148
2017-09-07T04:00:00Z,43.45,43.45,42.61,43,1420289,12950,42.9013
2017-09-08T04:00:00Z,42.95,43.34,42.18,43.21,1659057,15760,42.9401
2017-09-11T04:00:00Z,42.94,43.03,41.77,42.52,2339220,19823,42.2038
2017-09-12T04:00:00Z,42.9,42.93,42.005,42.22,1884127,15097,42.3746
2017-09-13T04:00:00Z,42.5,42.72,42.03,42.4,1345691,10110,42.4316
2017-09-14T04:00:00Z,42.51,44.31,42.51,43.7,3546524,21295,43.6915
2017-09-15T04:00:00Z,43.57,43.7,42.97,43.61,4186788,12687,43.5414
2017-09-18T04:00:00Z,43.34,44.38,43.21,43.89,1845297,10051,43.972
2017-09-19T04:00:00Z,43.85,44.47,43.65,44.3,1573517,8670,44.1476
2017-09-20T04:00:00Z,44.73,44.91,43.91,44.02,2986656,13936,44.2389
2017-09-21T04:00:00Z,43.75,44,43.3,43.88,2000668,12837,43.6122
2017-09-22T04:00:00Z,43.72,43.81,43.31,43.47,2820215,13202,43.5157
2017-09-25T04:00:00Z,43.84,44.53,43.51,44.08,3718021,22156,43.9626
2017-09-26T04:00:00Z,44.58,44.63,43.84,43.92,2601932,15693,44.2041
2017-09-27T04:00:00Z,43.92,44.5,43.46,43.91,2897507,16386,43.746
2017-09-28T04:00:00Z,44.1,44.83,43.95,44.61,1834593,13611,44.546
2017-09-29T04:00:00Z,44.41,45.705,44.38,45.1,3928651,21559,45.1648
2017-10-02T04:00:00Z,44.55,46.26,44.55,45.75,2225434,19626,45.854
2017-10-03T04:00:00Z,46.16,46.89,45.94,46.81,2319678,17886,46.4299
2017-10-04T04:00:00Z,47,47.36,45.29,45.89,3316890,21548,45.964
2017-10-05T04:00:00Z,45.81,46.74,45.47,46.58,4009672,14986,46.4236
2017-10-06T04:00:00Z,46.42,46.74,46.25,46.35,1375081,9701,46.4119
2017-10-09T04:00:00Z,46.66,46.75,46.1,46.23,1023326,7296,46.3571
2017-10-10T04:00:00Z,46.83,47.1,46.07,46.32,1892134,13092,46.5484
2017-10-11T04:00:00Z,46.72,46.72,45.87,46.42,3847519,7114,46.341
2017-10-12T04:00:00Z,46.26,46.99,45.83,46.73,2208489,10778,46.7013
2017-10-13T04:00:00Z,46.93,47.29,46.6,46.86,1879871,11978,47.0383
2017-10-16T04:00:00Z,46.8,48.04,46.5,47.7,3936047,20284,47.7877
2017-10-17T04:00:00Z,47.51,48.49,47.51,47.83,2114171,13958,47.9857
2017-10-18T04:00:00Z,47.94,48.38,47.25,47.53,1699405,10897,47.498
2017-10-19T04:00:00Z,46.95,47.31,46.34,46.75,1718639,12118,46.7893
2017-10-20T04:00:00Z,46.66,46.9,46.07,46.15,1299573,11999,46.4036
2017-10-23T04:00:00Z,45.77,46.11,45.32,45.55,2409261,12457,45.6152
2017-10-24T04:00:00Z,45.53,46.08,44.9591,45.28,2312750,16911,45.2927
2017-10-25T04:00:00Z,45.06,45.2,43.91,44.31,2072609,14756,44.3175
2017-10-26T04:00:00Z,44.26,45.33,43.83,45.01,1617088,10966,44.7654
2017-10-27T04:00:00Z,45.1,46.46,44.53,45.74,2221381,13536,45.7053
2017-10-30T04:00:00Z,45.6,47.01,45.6,46.37,1413939,10359,46.6274
2017-10-31T04:00:00Z,46.6,47,46.1,46.74,1019873,8513,46.6957
2017-11-01T04:00:00Z,47.16,48.271,47.01,47.58,2098705,16632,47.6739
2017-11-02T04:00:00Z,47.52,47.91,46.74,47.32,949874,7699,47.3327
2017-11-03T04:00:00Z,47.44,49.12,47.425,48.94,2782405,16983,48.7166
2017-11-06T05:00:00Z,49.23,50.65,48.98,50.29,3285469,19316,50.032
2017-11-07T05:00:00Z,50.5,50.56,49.9,50.19,2293264,16906,50.1085
2017-11-08T05:00:00Z,50.16,50.68,49.81,50.61,2128066,13112,50.3998
2017-11-09T05:00:00Z,50.91,51.51,49.47,49.6,3597274,20323,50.116
2017-11-10T05:00:00Z,49.5,50.25,49.02,49.87,1649686,9733,49.8164
2017-11-13T05:00:00Z,49.6,49.81,49.15,49.17,1845288,11192,49.3404
2017-11-14T05:00:00Z,48,49.5,47.86,48.44,4009896,24463,48.5255
2017-11-15T05:00:00Z,47.94,49.32,47.31,49.26,2621962,16316,48.8058
2017-11-16T05:00:00Z,49.2,49.99,49.1,49.25,2950273,16215,49.373
2017-11-17T05:00:00Z,49.61,49.65,48.44,48.62,2173479,14951,48.771
2017-11-20T05:00:00Z,48.17,48.51,47.76,48.04,1849100,10591,48.0243
2017-11-21T05:00:00Z,47.92,48.36,47.3405,47.84,1194331,9797,47.7975
2017-11-22T05:00:00Z,48.02,48.16,47.56,47.89,1678312,6335,47.9179
2017-11-24T05:00:00Z,47.52,48.41,47.52,47.85,747455,5991,47.9065
2017-11-27T05:00:00Z,48,48.21,46.955,47.18,1098446,10373,47.2203
2017-11-28T05:00:00Z,47.52,47.64,46.96,47.63,1426334,8452,47.4747
2017-11-29T05:00:00Z,47.75,48.13,46.89,47.95,1501973,9561,47.6528
2017-11-30T05:00:00Z,48,48.89,48,48.4,2123716,11253,48.4922
2017-12-01T05:00:00Z,48.77,49.05,48.3,48.48,1834379,12654,48.6693
2017-12-04T05:00:00Z,48.78,48.7999,47.98,48.33,2735230,10247,48.2937
2017-12-05T05:00:00Z,48.11,48.26,47.43,47.43,1060878,7456,47.6319
2017-12-06T05:00:00Z,47.25,47.42,46.46,46.49,1953779,12228,46.6471
2017-12-07T05:00:00Z,46.71,47.65,46.249,46.83,2026586,11473,47.066
2017-12-08T05:00:00Z,47.44,47.8,47.05,47.4,1266850,8928,47.4163
2017-12-11T05:00:00Z,47.51,47.949,47.34,47.6,2278421,11692,47.6818
2017-12-12T05:00:00Z,47.75,48.32,46,47.85,2090164,11971,47.8682
2017-12-13T05:00:00Z,47.73,48.98,47.54,48.54,2750631,16899,48.4992
2017-12-14T05:00:00Z,48.4,50.34,48.32,49.82,4276523,23447,49.7902
2017-12-15T05:00:00Z,50,50.17,49.6,49.6,3270956,15650,49.8322
2017-12-18T05:00:00Z,49.81,50,48.71,49.73,2077983,13928,49.5368
2017-12-19T05:00:00Z,49.54,50.3,49.28,49.37,1739170,12278,49.6889
2017-12-20T05:00:00Z,49.5,49.87,48.86,49.29,1516854,9696,49.2516
2017-12-21T05:00:00Z,49.08,51.825,49.08,51.64,3020731,21677,50.8859
2017-12-22T05:00:00Z,51.64,53.56,51.6,53,3792670,22402,52.9865
2017-12-26T05:00:00Z,53,54.22,52.56,54.08,1981323,13609,53.7122
2017-12-27T05:00:00Z,54.27,54.7,53.7,53.96,2095976,16382,54.0109
2017-12-28T05:00:00Z,53.94,54.34,53.42,54.17,1777406,10723,54.0278
2017-12-29T05:00:00Z,54.35,54.83,53.33,53.84,2882623,13341,53.7402
2018-01-02T05:00:00Z,53.96,54.77,53.88,54.66,3145625,17614,54.4887
2018-01-03T05:00:00Z,54.94,56.1437,54.62,55.27,2452511,17817,55.5474
2018-01-04T05:00:00Z,55.43,55.63,54.63,54.99,2755720,15312,55.01
2018-01-05T05:00:00Z,55.15,55.28,54.4,54.92,1775676,14883,54.9271
2018-01-08T05:00:00Z,55.35,55.36,54.23,54.4,3336123,15487,54.59
2018-01-09T05:00:00Z,54.46,54.49,53.25,53.96,1856938,13991,53.8187
2018-01-10T05:00:00Z,53.94,54.18,53.4901,53.84,2751600,12785,53.8755
2018-01-11T05:00:00Z,54.08,55.07,53.87,54.46,2657700,14010,54.6374
2018-01-12T05:00:00Z,54.71,55.11,54.3883,54.68,1420144,11059,54.7593
2018-01-16T05:00:00Z,54.96,56.8,54.89,55.62,4008014,20211,55.7988
2018-01-17T05:00:00Z,56.45,56.71,55.21,55.73,2291204,9638,55.7059
2018-01-18T05:00:00Z,55.33,55.84,55.0901,55.28,1465197,7424,55.4197
2018-01-19T05:00:00Z,55.55,55.6,55.08,55.42,988035,6406,55.4306
2018-01-22T05:00:00Z,55.17,55.73,54.75,55.39,1289012,10101,55.2976
2018-01-23T05:00:00Z,55.72,58.21,55.55,57.16,2602915,17736,57.0599
2018-01-24T05:00:00Z,57.02,58.24,57.02,57.9,4035491,18133,57.8916
2018-01-25T05:00:00Z,58.5,59.49,58.26,58.92,2591951,18983,58.9268
2018-01-26T05:00:00Z,59.3,60.22,58.87,60,2175481,15730,59.8942
2018-01-29T05:00:00Z,60,60.2,58.94,59.16,1485289,9958,59.4663
2018-01-30T05:00:00Z,58.31,58.4,56.821,56.89,2172100,18415,57.2977
2018-01-31T05:00:00Z,56.59,57.24,56.21,56.54,1878043,13356,56.6846
2018-02-01T05:00:00Z,56,57.98,56,57.91,1833701,12573,57.3518
2018-02-02T05:00:00Z,57.64,57.95,55.8506,55.94,2162095,14868,56.5998
2018-02-05T05:00:00Z,54.86,56.96,54.36,54.97,3510689,14250,55.2721
2018-02-06T05:00:00Z,53.56,55.82,53.23,55.66,2470748,22435,54.9434
2018-02-07T05:00:00Z,55.63,57.06,55.3,55.53,2384694,14168,55.9896
2018-02-08T05:00:00Z,55.85,56.28,52.97,53.19,1668244,13201,54.096
2018-02-09T05:00:00Z,56,57,53.37,55.27,3972477,29735,55.0356
2018-02-12T05:00:00Z,56.07,57.87,55.9241,56.61,3146344,18609,56.4984
2018-02-13T05:00:00Z,56.6,57.86,56.07,57.4,2516354,14615,57.3424
2018-02-14T05:00:00Z,55.88,58.43,55.85,58.08,1655423,12762,57.7405
2018-02-15T05:00:00Z,58.43,58.5,57.37,57.87,1299044,10329,57.9001
2018-02-16T05:00:00Z,57.72,58.025,56.95,57.38,1761691,13485,57.5523
2018-02-20T05:00:00Z,57.48,58.23,57.28,58.13,2485400,20284,57.8728
2018-02-21T05:00:00Z,57.75,58.89,56.4,56.81,2845324,19823,57.4662
2018-02-22T05:00:00Z,56.57,57.6,56.09,56.17,2344108,10620,56.492
2018-02-23T05:00:00Z,56.67,56.67,55.305,55.71,1783863,14857,55.7305
2018-02-26T05:00:00Z,56.2,56.4,55.0791,56.36,1833266,12423,56.0642
2018-02-27T05:00:00Z,56.27,56.48,54.31,54.44,3540083,17015,54.8061
2018-02-28T05:00:00Z,54.41,54.96,52.52,52.57,2724266,21026,53.4596
2018-03-01T05:00:00Z,52.77,52.92,51.16,51.92,3388395,28107,52.0709
2018-03-02T05:00:00Z,51.23,52.195,50.08,52.18,2604398,20831,51.2104
2018-03-05T05:00:00Z,51.95,53.47,51.84,53.29,3887075,18914,53.0855
2018-03-06T05:00:00Z,54,55.05,53.76,54.69,1986978,18025,54.5095
2018-03-07T05:00:00Z,54.09,54.66,53.52,54.17,2097520,16414,54.0969
2018-03-08T05:00:00Z,54.56,54.56,52.821,53.9,1350613,12634,53.682
2018-03-09T05:00:00Z,54.04,54.9,53.74,54.04,1494361,13054,54.2445
2018-03-12T04:00:00Z,54.39,54.39,53.29,53.71,2319647,12532,53.6919
2018-03-13T04:00:00Z,53.67,53.95,53.11,53.83,3994542,12136,53.7569
2018-03-14T04:00:00Z,54.23,54.23,53.32,53.64,1305387,8255,53.7276
2018-03-15T04:00:00Z,54.03,54.276,51.7,53.65,3330208,24679,52.9993
2018-03-16T04:00:00Z,54.23,54.58,53.39,54.01,3113839,13873,54.0734
2018-03-19T04:00:00Z,53.66,53.8,52.3847,52.58,1336822,9815,52.6582
2018-03-20T04:00:00Z,52.64,53.71,52.49,53,1357624,10591,53.173
2018-03-21T04:00:00Z,53.01,54.605,52.88,54.23,2350048,14281,53.9786
2018-03-22T04:00:00Z,53.57,53.94,51.55,52.1,2301489,13695,52.2813
2018-03-23T04:00:00Z,52.48,53.04,51.8,51.95,1517830,13023,52.287
2018-03-26T04:00:00Z,52.5,52.75,51.54,52.5,2522162,10193,52.291
2018-03-27T04:00:00Z,53.42,54.63,52.81,53.11,2046522,15384,53.6119
2018-03-28T04:00:00Z,52.79,53.64,52.25,52.35,1302715,13191,52.7872
2018-03-29T04:00:00Z,52.75,53.65,51.89,53.42,3064589,17743,52.9446
2018-04-02T04:00:00Z,53.69,54.79,52.41,52.94,2343744,17160,53.2749
2018-04-03T04:00:00Z,53.7,54.1444,52.44,54.08,2356886,17742,53.5873
2018-04-04T04:00:00Z,52.77,54.5287,52.37,54.3,2157164,10224,53.9821
2018-04-05T04:00:00Z,54.54,56.62,54.5274,56.18,2605458,19780,55.9603
2018-04-06T04:00:00Z,56.12,56.43,53.98,54.49,1897217,14837,54.7393
2018-04-09T04:00:00Z,54.56,54.97,53.98,54.07,1250515,10053,54.4655
2018-04-10T04:00:00Z,55.01,56.02,54.9512,55.66,3906698,22441,55.5429
2018-04-11T04:00:00Z,55.68,57.58,55.51,56.23,2927914,18875,56.7677
2018-04-12T04:00:00Z,56.11,56.31,55.72,56.17,1589430,9424,56.0798
2018-04-13T04:00:00Z,56.75,56.75,55.61,56,1459159,11985,55.9687
2018-04-16T04:00:00Z,56.17,57.0785,55.61,56.86,2093374,11096,56.8231
2018-04-17T04:00:00Z,57.37,57.87,56.91,57.55,2840875,17382,57.4361
2018-04-18T04:00:00Z,57.61,59.05,57.59,58.6,3966643,17224,58.5291
2018-04-19T04:00:00Z,58.16,58.91,57.73,58.67,1922291,15012,58.3714
2018-04-20T04:00:00Z,58.48,58.67,57.7,57.87,1423172,10474,58.1531
2018-04-23T04:00:00Z,57.83,58.48,57.47,58.35,1861689,11050,58.1995
2018-04-24T04:00:00Z,58.47,58.75,56.31,56.55,1969246,16310,57.1611
2018-04-25T04:00:00Z,56.65,57.85,55.92,57.8,1403259,12468,57.2018
2018-04-26T04:00:00Z,58.29,58.88,57.69,58.77,1610920,11869,58.4635
2018-04-27T04:00:00Z,58.52,59.12,58.02,58.2,1109530,10020,58.2587
2018-04-30T04:00:00Z,58.39,58.56,58.02,58.24,2918755,7955,58.2095
2018-05-01T04:00:00Z,58.13,58.86,57.44,58.86,1691966,12482,58.3712
2018-05-02T04:00:00Z,59,60.14,58.77,59.81,3236384,22950,59.7172
2018-05-03T04:00:00Z,59.41,59.94,58.42,58.9,2484739,18966,58.8982
2018-05-04T04:00:00Z,61,62.62,59.87,62.43,4886266,34660,61.4692
2018-05-07T04:00:00Z,63.3,63.97,62.181,62.46,3724454,26533,62.9068
2018-05-08T04:00:00Z,62.31,63.4,61.7327,62.61,3234260,23114,62.5735
2018-05-09T04:00:00Z,63.36,63.83,62.18,62.32,2909310,23557,62.838
2018-05-10T04:00:00Z,62.73,63.11,61.85,62.09,2729476,23862,62.282
2018-05-11T04:00:00Z,61.88,62.6099,61.42,62.33,1997609,16458,62.2209
2018-05-14T04:00:00Z,62.22,63.22,62.22,62.84,2154341,14464,62.8011
2018-05-15T04:00:00Z,62.85,62.85,62.22,62.35,2528667,11191,62.4123
2018-05-16T04:00:00Z,62.45,62.77,62.15,62.77,1480542,13267,62.5311
2018-05-17T04:00:00Z,62.6,62.99,61.73,62.06,2072054,17885,62.2116
2018-05-18T04:00:00Z,62.14,62.81,60.24,62.76,2731309,17354,62.5152
2018-05-21T04:00:00Z,65.6,66.66,62.9,62.96,3606687,23587,63.7636
2018-05-22T04:00:00Z,63.43,63.95,62.22,62.37,2650126,15309,62.8254
2018-05-23T04:00:00Z,62.12,62.96,61.75,62.79,2066736,13191,62.5518
2018-05-24T04:00:00Z,62.39,62.65,61.6,61.9,1758081,12388,62.0526
2018-05-25T04:00:00Z,61,62.71,60.75,62.14,2034109,14427,61.9672
2018-05-29T04:00:00Z,61.54,64.04,61.54,63.42,3979044,25622,63.4496
2018-05-30T04:00:00Z,63.87,67.16,63.3,66.93,5398746,30856,66.0666
2018-05-31T04:00:00Z,66.45,68.04,66.11,66.64,3580508,23404,66.9992
2018-06-01T04:00:00Z,67.04,67.41,65.74,65.95,3312183,21762,66.2725
2018-06-04T04:00:00Z,66.46,66.69,65.45,65.8,1475047,11677,65.9106
2018-06-05T04:00:00Z,65.94,66.675,64.96,66.07,2766673,14144,66.0486
2018-06-06T04:00:00Z,66,66.4,65.32,65.34,1903917,11509,65.5786
2018-06-07T04:00:00Z,65.98,66.195,65.19,65.28,2745105,18541,65.5314
2018-06-08T04:00:00Z,65.68,66.01,65.02,65.33,1106524,10807,65.4268
2018-06-11T04:00:00Z,66.12,66.17,64.78,65.77,1435443,12266,65.6168
2018-06-12T04:00:00Z,65.87,66.42,64.695,64.7,1347161,10860,65.1566
2018-06-13T04:00:00Z,64.95,65.2,63.79,64.02,1780297,14617,64.2179
2018-06-14T04:00:00Z,64.03,65.2,63.8575,64.99,3685851,14881,64.932
2018-06-15T04:00:00Z,64.9,64.99,63.931,64.22,3704871,16028,64.3499
2018-06-18T04:00:00Z,63.8,65.615,63.12,65.22,2536103,15956,65.0136
2018-06-19T04:00:00Z,63.4,65.34,63.04,64.95,3758878,20247,64.5988
2018-06-20T04:00:00Z,65.31,66.475,64.84,66.28,2624878,14881,65.9863
2018-06-21T04:00:00Z,66.24,67.23,65.86,66.09,3534302,16263,66.3405
2018-06-22T04:00:00Z,67.12,69.5,66.69,68.5,4746878,31585,68.553
2018-06-25T04:00:00Z,68.06,68.18,65.66,65.68,2672702,21624,66.372
2018-06-26T04:00:00Z,66.23,67.65,65.61,67.4,3609436,22419,67.0862
2018-06-27T04:00:00Z,67.9,68.185,67.13,67.57,2214957,19789,67.6258
2018-06-28T04:00:00Z,65.5,66.42,64.22,64.78,3651451,27437,64.9313
2018-06-29T04:00:00Z,64.97,65.57,64.21,65.24,2598241,15858,65.0368
2018-07-02T04:00:00Z,64.36,64.89,63.65,64.28,1814988,12114,64.2043
2018-07-03T04:00:00Z,64.85,65.72,64.59,64.94,1221988,6761,65.0264
2018-07-05T04:00:00Z,65.83,66.21,64.45,64.78,3805923,13108,64.9766
2018-07-06T04:00:00Z,64.53,66.28,64.53,66.2,2003950,14911,65.9312
2018-07-09T04:00:00Z,66.17,66.6805,64.9,65.14,3949824,15652,65.2106
2018-07-10T04:00:00Z,65.07,65.54,64.115,64.21,2072111,14980,64.4769
2018-07-11T04:00:00Z,63.72,63.8053,61.7161,62.17,4486427,31156,62.5267
2018-07-12T04:00:00Z,62.7,62.83,61.52,62.49,2933511,22343,62.2186
2018-07-13T04:00:00Z,62.9,62.95,61.93,62.09,2486909,13981,62.1043
2018-07-16T04:00:00Z,61.82,61.9,60.62,61.05,2013424,15209,61.0682
2018-07-17T04:00:00Z,60.62,62.17,60.44,61.23,2526194,15039,61.4671
2018-07-18T04:00:00Z,60.86,62.56,60.86,62.21,1758476,10958,62.032
2018-07-19T04:00:00Z,62.35,63.47,62.29,62.9,2363398,15359,62.9159
2018-07-20T04:00:00Z,62.77,63.42,62.07,62.51,2432569,15990,62.5027
2018-07-23T04:00:00Z,62.77,63.1,61.72,62.04,1854724,9339,62.1367
2018-07-24T04:00:00Z,62.05,62.74,62.05,62.54,1209060,8923,62.527
2018-07-25T04:00:00Z,62.43,64.47,62.42,64.47,2184377,16490,63.9415
2018-07-26T04:00:00Z,65.32,65.68,64.5,65.27,4280231,22854,65.1015
2018-07-27T04:00:00Z,65.46,65.5,63.53,63.6,1430695,15185,64.3459
2018-07-30T04:00:00Z,64.05,64.43,63.61,64.05,1058469,10162,63.9323
2018-07-31T04:00:00Z,63.9,64.45,63.3,63.56,1697426,11223,63.5914
2018-08-01T04:00:00Z,62.82,63.246,61.79,62.71,1552206,13239,62.6024
2018-08-02T04:00:00Z,62.32,63.38,62.03,63.31,1097195,9475,63.0552
2018-08-03T04:00:00Z,63.07,63.173,58.45,62.02,6093655,38659,61.2692
2018-08-06T04:00:00Z,61.21,63.22,61,62.48,1978755,13326,62.6093
2018-08-07T04:00:00Z,63,63.31,61.71,61.93,1483885,12045,62.0409
2018-08-08T04:00:00Z,61.74,62.08,60.4,60.59,1857037,16172,61.0544
2018-08-09T04:00:00Z,60.14,63.78,59.8911,62.68,3178956,30580,62.3061
2018-08-10T04:00:00Z,62.81,63.12,61.41,62.88,2300323,21935,62.6141
2018-08-13T04:00:00Z,62.67,64.15,62.67,63.55,2535029,16892,63.5432
2018-08-14T04:00:00Z,63.77,64.56,63.3717,63.57,1797504,17228,63.8063
2018-08-15T04:00:00Z,62.77,63,60.28,60.74,2734673,22394,61.0505
2018-08-16T04:00:00Z,60.69,61.7894,60.69,61.23,1481926,12815,61.3477
2018-08-17T04:00:00Z,61.32,61.765,60.87,61.54,1964257,13346,61.3633
2018-08-20T04:00:00Z,61.43,62.16,61.21,61.74,1848417,14755,61.7612
2018-08-21T04:00:00Z,62.08,63.12,62.01,62.59,998678,9692,62.6
2018-08-22T04:00:00Z,62.66,64.33,62.52,63.88,1791196,13495,63.6171
2018-08-23T04:00:00Z,63.98,64.017,62.35,62.74,1347132,11012,62.8418
2018-08-24T04:00:00Z,63.23,65.16,63.23,65.09,2629221,20029,64.7192
2018-08-27T04:00:00Z,65.1,67.11,65.1,66.59,3081354,21446,66.5408
2018-08-28T04:00:00Z,66.75,68.16,65.72,66.08,2152122,17092,66.5
2018-08-29T04:00:00Z,66.06,67.45,65.625,67.13,1452372,12598,66.8982
2018-08-30T04:00:00Z,67.27,67.6,66.58,66.8,1259978,13324,67.0245
2018-08-31T04:00:00Z,66.5,66.94,65.92,66.93,1825441,12051,66.7114
2018-09-04T04:00:00Z,66.72,68,66.72,67.25,2261064,20963,67.3227
2018-09-05T04:00:00Z,66.75,67.05,64.26,66.6,2118511,17506,65.9644
2018-09-06T04:00:00Z,66.98,67.3,64.9,65.5,2046738,14076,65.6869
2018-09-07T04:00:00Z,64.81,65.89,63.11,65.81,1696433,12593,65.4967
2018-09-10T04:00:00Z,65.76,66.53,64.46,64.76,2097361,15796,64.9637
2018-09-11T04:00:00Z,64.52,65.53,64.045,65.26,2037141,16454,65.142
2018-09-12T04:00:00Z,65.5,66.64,64.47,65.84,2206361,17888,65.7383
2018-09-13T04:00:00Z,65.64,66.64,65.48,65.9,1073999,10151,65.9203
2018-09-14T04:00:00Z,65.78,66.22,64.94,65.45,1872318,13822,65.5252
2018-09-17T04:00:00Z,65.61,66.56,64.7,64.89,1717319,11830,65.3107
2018-09-18T04:00:00Z,65.62,66.845,64.91,66.73,2272337,19841,66.4151
2018-09-19T04:00:00Z,66.66,68.03,66.54,67.52,4489472,22431,67.3442
2018-09-20T04:00:00Z,67.98,68.695,67.05,68,2811332,20740,68.0711
2018-09-21T04:00:00Z,68.96,69.23,66.56,67.2,5785479,27935,67.2108
2018-09-24T04:00:00Z,67.6,68.18,66.82,67.98,2026769,15302,67.628
2018-09-25T04:00:00Z,67.91,69.38,67.91,68.54,2503204,18107,68.602
2018-09-26T04:00:00Z,70,70.21,68.93,69,2627702,21442,69.526
2018-09-27T04:00:00Z,69.54,69.93,68.55,69.54,1742163,16513,69.248
2018-09-28T04:00:00Z,69.07,70.03,68.53,69.49,2296738,14618,69.5685
2018-10-01T04:00:00Z,70.01,70.53,69.21,70.24,2615444,17449,69.9905
2018-10-02T04:00:00Z,70.29,71.03,68.85,68.85,2100752,16013,69.3499
2018-10-03T04:00:00Z,69.16,69.41,68.59,68.85,2186741,15238,68.9535
2018-10-04T04:00:00Z,68.54,68.83,66.055,67.45,3635087,26883,67.3093
2018-10-05T04:00:00Z,67.26,67.68,65.31,66.58,3040658,18670,66.23
2018-10-08T04:00:00Z,66.35,66.88,65.21,66.52,2333615,15288,66.1736
2018-10-09T04:00:00Z,66.79,67.04,65.63,66.04,1708522,12585,66.0253
2018-10-10T04:00:00Z,65.88,66.2,63.67,63.8,3070613,21579,64.2942
2018-10-11T04:00:00Z,62.97,65.49,62.73,64.08,2263841,22921,64.3533
2018-10-12T04:00:00Z,64.9,65.42,63.72,64.8,2911592,18322,64.6482
2018-10-15T04:00:00Z,64.75,65.14,63.03,64.93,1747110,13302,64.6096
2018-10-16T04:00:00Z,64.88,65.73,64.88,65.06,1757442,12695,65.2216
2018-10-17T04:00:00Z,64.69,64.98,63.08,63.59,1908035,16539,63.6322
2018-10-18T04:00:00Z,62.67,64.61,62.25,64.2,1841072,14711,64.0984
2018-10-19T04:00:00Z,64.74,65.21,63.57,64.28,1408210,12674,64.2463
2018-10-22T04:00:00Z,64.58,64.58,63.3824,63.58,1670676,12342,63.6543
2018-10-23T04:00:00Z,62,62.74,59.91,61.3,4362577,27871,61.0962
2018-10-24T04:00:00Z,61.01,61.55,58.21,58.31,3059494,24755,59.6354
2018-10-25T04:00:00Z,58.75,60.93,58.75,60.06,3675647,20898,60.1564
2018-10-26T04:00:00Z,58.8,60.08,57.4588,59.25,2252644,17681,58.9182
2018-10-29T04:00:00Z,59.71,60.4299,56.48,56.92,4526234,24556,57.6788
2018-10-30T04:00:00Z,56.74,58.56,56.06,58.47,2638597,19729,57.6785
2018-10-31T04:00:00Z,59.62,60.96,59,60.41,3238299,24256,60.4398
2018-11-01T04:00:00Z,60.8,62.685,60.59,62.44,4658706,25455,62.2143
2018-11-02T04:00:00Z,62.96,63.11,59.74,60.44,2100343,19175,60.7552
2018-11-05T05:00:00Z,61,61.13,60,60.91,1804207,13864,60.7547
2018-11-06T05:00:00Z,61.14,61.5,59.92,60.2,1537079,14516,60.4687
2018-11-07T05:00:00Z,61.41,62.3,60.94,62.17,2299406,19681,61.7422
2018-11-08T05:00:00Z,62.55,66.04,62.51,63.03,4912585,31945,64.4943
2018-11-09T05:00:00Z,62.41,63.35,61.25,62.07,2738736,23339,62.2683
2018-11-12T05:00:00Z,62.07,62.94,61.45,61.74,1725468,16465,61.8327
2018-11-13T05:00:00Z,61.96,61.96,59.595,59.65,2290159,21049,60.382
2018-11-14T05:00:00Z,60.46,61.4825,58,58.59,3347547,21902,59.0236
2018-11-15T05:00:00Z,59,60.86,57.86,60.86,3067556,25882,59.7996
2018-11-16T05:00:00Z,61,62.35,60.54,62.12,2720088,23185,61.5792
2018-11-19T05:00:00Z,61.24,62.41,59.52,59.91,2281388,18052,60.2678
2018-11-20T05:00:00Z,58.5,59.3,57.04,58.14,3068696,25154,58.1218
2018-11-21T05:00:00Z,58.75,60.78,58.6509,59.91,2262553,18291,60.0195
2018-11-23T05:00:00Z,58.45,59.12,57.82,58.77,912580,8522,58.6648
2018-11-26T05:00:00Z,59.39,61.04,59.39,61,3850182,22066,60.6565
2018-11-27T05:00:00Z,60.67,62.15,60.115,60.91,2053642,17422,61.0474
2018-11-28T05:00:00Z,61.26,62.255,60.7042,61.49,1535713,13496,61.5729
2018-11-29T05:00:00Z,61.25,62.31,61.25,61.67,2369514,18584,61.7612
2018-11-30T05:00:00Z,61,61.75,60.73,61.28,2395037,17709,61.1137
2018-12-03T05:00:00Z,64.67,66.23,62.89,63.06,3263087,21745,63.5375
2018-12-04T05:00:00Z,63.23,63.8899,60.45,60.45,2590077,18018,61.9128
2018-12-06T05:00:00Z,59.27,60.21,57.32,59.99,3229777,26320,59.2003
2018-12-07T05:00:00Z,61.45,62,60.1,60.46,2215087,16678,60.7073
2018-12-10T05:00:00Z,59.53,60.95,57.83,60.71,1501962,13451,60.1294
2018-12-11T05:00:00Z,60.87,62.02,60.52,61.5,1801780,16625,61.3917
2018-12-12T05:00:00Z,62.25,63.73,61.77,61.97,2282875,18294,62.7788
2018-12-13T05:00:00Z,62.34,62.6,61.56,62.05,1582293,12750,62.0317
2018-12-14T05:00:00Z,61.64,62.55,60.54,60.54,2126273,14692,61.0539
2018-12-17T05:00:00Z,59.8,60.72,58.13,58.13,2764201,19321,59.1443
2018-12-18T05:00:00Z,59.23,60.23,57.94,58.43,2466602,16974,58.8968
2018-12-19T05:00:00Z,59.72,61.35,58.5,59.35,3014105,22703,60.0214
2018-12-20T05:00:00Z,58.75,59.86,57.83,58.76,3317713,26575,58.8905
2018-12-21T05:00:00Z,59.01,59.1,56.59,57.05,4261526,28985,57.4516
2018-12-24T05:00:00Z,56.45,57.2,55.09,55.5,1460792,13956,55.6733
2018-12-26T05:00:00Z,55.47,59.065,55.18,59,2341863,19892,57.6654
2018-12-27T05:00:00Z,58.22,58.84,56.03,58.84,2630603,21483,57.658
2018-12-28T05:00:00Z,58.67,58.9,56.43,57.73,2391784,20708,57.6464
2018-12-31T05:00:00Z,58.73,59.535,58.21,59.24,2450680,19017,59.0277
2019-01-02T05:00:00Z,57.7,61.05,57.36,60.04,1947684,13090,60.0083
2019-01-03T05:00:00Z,60.98,61.2,58.41,60.07,1682615,17144,60.3294
2019-01-04T05:00:00Z,61.17,62.2105,60.52,61.69,2245961,19045,61.6803
2019-01-07T05:00:00Z,61.99,63.75,61.2,62.44,2015879,19188,62.765
2019-01-08T05:00:00Z,62.88,65.51,62.88,64.37,3085542,23556,64.5064
2019-01-09T05:00:00Z,65,66.59,64.75,65.14,2403255,21387,65.474
2019-01-10T05:00:00Z,64.85,65.71,63.62,65.65,1631813,12671,65.0292
2019-01-11T05:00:00Z,64.9,65.41,64.2,64.33,1523001,14553,64.596
2019-01-14T05:00:00Z,63.71,64.7599,63.05,64.37,1876218,16574,64.2109
2019-01-15T05:00:00Z,64.68,66,64.15,64.91,1333126,13878,65.0992
2019-01-16T05:00:00Z,64.54,65.15,63.68,63.69,1551420,14386,64.1939
2019-01-17T05:00:00Z,63.64,65.12,63.36,64,1165424,11156,63.9378
2019-01-18T05:00:00Z,65.01,65.17,63.82,64.78,2042665,18481,64.7147
2019-01-22T05:00:00Z,64.09,64.59,62.38,62.94,1947615,16992,63.2006
2019-01-23T05:00:00Z,63.33,63.33,61.65,62.69,1712598,11638,62.5252
2019-01-24T05:00:00Z,62.92,63.95,62.39,63.22,1161394,11029,63.3584
2019-01-25T05:00:00Z,63.71,64.36,63.33,63.54,1451297,12280,63.7249
2019-01-28T05:00:00Z,62.94,65.35,62.16,65.24,2935652,19450,64.4812
2019-01-29T05:00:00Z,65.39,66.82,64.94,65.35,1903003,18333,65.737
2019-01-30T05:00:00Z,65.61,67,65.23,66.15,2142042,17774,66.2774
2019-01-31T05:00:00Z,66.16,66.71,64.96,65.57,1933530,16328,65.6099
2019-02-01T05:00:00Z,65.38,67.38,64.99,66.81,2886062,19295,66.7589
2019-02-04T05:00:00Z,66.8,67.45,65.82,67.39,1682198,13594,66.8899
2019-02-05T05:00:00Z,67.37,67.645,66.81,67.24,1567626,14582,67.239
2019-02-06T05:00:00Z,66.7,66.86,65.77,65.85,1325200,13115,66.1494
2019-02-07T05:00:00Z,65.21,65.84,64.5,65.79,1114651,11842,65.2866
2019-02-08T05:00:00Z,64.94,65.59,64.27,65.49,1170709,10789,65.0955
2019-02-11T05:00:00Z,65.34,65.579,64.92,65.39,1034588,10229,65.1894
2019-02-12T05:00:00Z,65.66,66.29,65.55,65.83,1183014,9508,65.8874
2019-02-13T05:00:00Z,66.32,67,65.79,65.82,1367621,10976,66.2121
2019-02-14T05:00:00Z,65.33,66.33,65.33,66,1208279,10511,65.9475
2019-02-15T05:00:00Z,66.36,66.745,66.01,66.13,1611791,12081,66.3799
2019-02-19T05:00:00Z,65.76,67.45,65.35,66.84,1072673,11409,66.9641
2019-02-20T05:00:00Z,66.62,67.0288,65.91,65.97,1163897,11561,66.3954
2019-02-21T05:00:00Z,65.55,66.21,65,65.27,1440296,12566,65.2603
2019-02-22T05:00:00Z,66.12,66.12,64.93,65.2,1365007,13291,65.2825
2019-02-25T05:00:00Z,65.2,66.03,64.02,64.65,3271374,23788,64.5236
2019-02-26T05:00:00Z,64.34,66.75,63.3,63.3,2858498,24121,64.8626
2019-02-27T05:00:00Z,63.65,65.69,63.05,65.42,2323694,20174,64.9578
2019-02-28T05:00:00Z,65.5,65.8726,64.05,64.37,3271008,24301,64.6391
2019-03-01T05:00:00Z,64.42,64.99,62.651,64.02,2678545,20897,63.5309
2019-03-04T05:00:00Z,67,67.1,64.35,64.99,5997293,29745,65.1392
2019-03-05T05:00:00Z,65.44,66.64,65.21,66.5,2292152,18582,66.1227
2019-03-06T05:00:00Z,66.7,66.83,65.31,65.51,1685968,14504,65.6929
2019-03-07T05:00:00Z,65.66,67.11,65.1,66.72,1866910,15247,66.422
2019-03-08T05:00:00Z,64.89,66.51,64.7905,66.29,1636699,14863,66.0013
2019-03-11T04:00:00Z,66.43,68.09,66,68.01,2416228,18198,67.4585
2019-03-12T04:00:00Z,68.9,69.74,68.27,69.51,2415224,17009,69.3384
2019-03-13T04:00:00Z,70,70.6,69.05,69.33,1843136,15350,69.7766
2019-03-14T04:00:00Z,69.92,69.92,68.93,69.19,1331245,11228,69.2206
2019-03-15T04:00:00Z,69.15,69.25,68.09,68.88,1644947,11240,68.7639
2019-03-18T04:00:00Z,68.75,69.98,68.75,69.87,1706412,13215,69.4722
2019-03-19T04:00:00Z,70.25,70.25,68.52,68.66,1375372,12318,69.2734
2019-03-20T04:00:00Z,68.54,69.23,67.92,68.4,1379979,13912,68.5365
2019-03-21T04:00:00Z,67.93,69.37,67.93,69.21,1316464,11280,68.8649
2019-03-22T04:00:00Z,69,69.65,67.2001,67.55,1904455,15350,67.9597
2019-03-25T04:00:00Z,67.23,67.52,66.32,67.01,1036328,11594,66.9179
2019-03-26T04:00:00Z,67.9,68.44,66.7,67.26,1093411,9632,67.3312
2019-03-27T04:00:00Z,67.14,67.43,66.05,66.38,1204122,13691,66.5874
2019-03-28T04:00:00Z,67.19,67.33,65.41,66.27,1903812,17135,66.0982
2019-03-29T04:00:00Z,67.3,68.86,66.63,68.35,3755491,25787,68.0447
2019-04-01T04:00:00Z,68.99,69.48,67.9,68.06,2038102,16038,68.2092
2019-04-02T04:00:00Z,67.65,68.23,66.97,67.51,1356200,14096,67.3874
2019-04-03T04:00:00Z,67.53,67.94,66.4,66.93,1410520,11598,66.9201
2019-04-04T04:00:00Z,67,67.71,66.58,67.49,1408416,11037,67.2555
2019-04-05T04:00:00Z,67.6,68.19,67.43,67.58,1324391,11138,67.7111
2019-04-08T04:00:00Z,67.81,68.04,67.13,68,1327296,10208,67.6442
2019-04-09T04:00:00Z,67.98,67.98,67,67.13,1568392,13145,67.2389
2019-04-10T04:00:00Z,67.02,67.38,66.53,66.99,1527550,15835,67.0034
2019-04-11T04:00:00Z,67.35,67.47,66.69,67.14,1185182,9180,67.0287
2019-04-12T04:00:00Z,68.25,68.52,67.26,67.54,1673760,14206,67.8067
2019-04-15T04:00:00Z,67.01,67.34,65.83,66.33,1542948,13506,66.3555
2019-04-16T04:00:00Z,66.28,66.74,65.31,65.67,1433987,14594,65.8058
2019-04-17T04:00:00Z,65.95,66.01,64.82,65.73,2520647,15280,65.3826
2019-04-18T04:00:00Z,65.68,66.08,64.82,64.95,1324288,11530,65.0642
2019-04-22T04:00:00Z,65.15,66.64,65,66.55,2194775,10364,66.1805
2019-04-23T04:00:00Z,66.84,67.48,66.65,67.05,1457431,14870,67.1038
2019-04-24T04:00:00Z,66.83,67.37,65.57,65.57,982087,9378,65.9927
2019-04-25T04:00:00Z,65.75,65.78,64.81,64.93,1125282,11798,65.1829
2019-04-26T04:00:00Z,64.59,65.44,63.9184,65.44,1502208,10571,65.0755
2019-04-29T04:00:00Z,65.16,65.36,64.69,65.08,1543136,10138,65.0336
2019-04-30T04:00:00Z,65.01,65.14,64.2,64.61,1450859,11091,64.5734
2019-05-01T04:00:00Z,64.43,65.2,64.24,64.43,1478448,13700,64.6352
2019-05-02T04:00:00Z,64.03,64.85,63.34,64.3,1711665,16824,64.161
2019-05-03T04:00:00Z,64.4,64.76,64.01,64.49,1524377,9235,64.488
2019-05-06T04:00:00Z,63,64.64,62.8446,64.35,1313012,12412,64.2191
2019-05-07T04:00:00Z,64.1,65.5,63.58,65.21,2896052,28813,64.7989
2019-05-08T04:00:00Z,65,65.13,63.81,63.91,2338286,24490,64.241
2019-05-09T04:00:00Z,62.9,65.17,60.01,64.98,3775205,28238,63.6096
2019-05-10T04:00:00Z,64.63,68.2,64.5098,67.87,4341431,38611,66.9975
2019-05-13T04:00:00Z,65.03,66.37,64.84,65.64,2832087,29014,65.6086
2019-05-14T04:00:00Z,65.9,67.585,65.77,67.05,2438288,24577,67.0469
2019-05-15T04:00:00Z,66.98,68.05,66.29,67,1546871,18348,67.3173
2019-05-16T04:00:00Z,67.07,68.23,66.89,67.81,1739634,16873,67.6713
2019-05-17T04:00:00Z,67.6,68.33,67.11,67.18,1836767,18129,67.5977
2019-05-20T04:00:00Z,66.61,67.33,66.11,66.4,1523876,16236,66.5285
2019-05-21T04:00:00Z,66.95,67.79,66.62,67.14,1948547,16699,67.2614
2019-05-22T04:00:00Z,66.4,66.9,65.345,66.56,1485652,15827,66.1014
2019-05-23T04:00:00Z,65.85,66,63.65,64.89,2327871,21600,64.4224
2019-05-24T04:00:00Z,65.47,65.93,64.4,64.56,1771267,18281,64.8514
2019-05-28T04:00:00Z,64.54,64.89,62.1,62.58,8619113,21049,62.692
2019-05-29T04:00:00Z,62.37,64,62,63.95,2415866,23157,63.4168
2019-05-30T04:00:00Z,63.92,64.49,62.95,63.01,1391589,13831,63.3063
2019-05-31T04:00:00Z,61.3,63.84,61.08,63.18,2013032,19956,63.0654
2019-06-03T04:00:00Z,63.3,65.73,63.3,64.74,3072999,24437,64.8104
2019-06-04T04:00:00Z,65.85,66.32,65.045,66.14,1724907,16983,65.7175
2019-06-05T04:00:00Z,66.54,66.54,65.36,65.75,1732288,18235,65.7339
2019-06-06T04:00:00Z,65.54,67.51,65.29,67.24,2179784,19672,67.0991
2019-06-07T04:00:00Z,67.69,68,67.17,67.6,1651945,15169,67.6424
2019-06-10T04:00:00Z,68.13,68.13,66.36,66.4,1544887,17415,66.8697
2019-06-11T04:00:00Z,66.7,66.9603,65.455,66.15,1155335,13086,66.1176
2019-06-12T04:00:00Z,65.95,66.01,64.65,64.97,2197720,22378,65.0038
2019-06-13T04:00:00Z,65.7,65.96,65.27,65.73,1322500,13680,65.6792
2019-06-14T04:00:00Z,65.73,65.96,64.96,65.41,1642137,11363,65.3637
2019-06-17T04:00:00Z,65.14,66.28,64.82,65.71,1105241,11663,65.7434
2019-06-18T04:00:00Z,66.4,67.25,65.21,66.41,1554569,13677,66.6289
2019-06-19T04:00:00Z,66.25,67.17,65.98,66.92,1236842,11377,66.8099
2019-06-20T04:00:00Z,67.77,68.7,67.52,68.21,1918472,19058,68.1989
2019-06-21T04:00:00Z,68.3,68.91,67.905,68.91,3107713,17030,68.7026
2019-06-24T04:00:00Z,68.96,68.96,67.78,68.3,1497748,11336,68.205
2019-06-25T04:00:00Z,68,68.67,67.57,67.7,2618907,19266,68.1184
2019-06-26T04:00:00Z,68.37,68.85,68.11,68.64,2467504,21047,68.5936
2019-06-27T04:00:00Z,68.68,69.085,67.99,68.22,2022511,17375,68.4685
2019-06-28T04:00:00Z,68.22,68.62,67.33,68.45,3156286,19141,68.3932
2019-07-01T04:00:00Z,69.5,70.49,69.33,70.12,4178469,29003,70.1381
2019-07-02T04:00:00Z,70.11,70.45,68.99,69.48,2146278,18160,69.4594
2019-07-03T04:00:00Z,69.03,69.655,68.94,69.08,1172815,9795,69.1792
2019-07-05T04:00:00Z,68.8,69,68.09,68.675,1319770,13211,68.5763
2019-07-08T04:00:00Z,68.36,69.155,68.34,68.78,1552672,11547,68.742
2019-07-09T04:00:00Z,68.77,68.875,67.89,68.52,1831342,16336,68.2784
2019-07-10T04:00:00Z,69,69.65,68.29,68.67,1514201,13171,68.6749
2019-07-11T04:00:00Z,68.89,69.37,68.4,69.06,1288821,13185,68.9499
2019-07-12T04:00:00Z,69.06,69.71,69.06,69.5,1079418,11613,69.459
2019-07-15T04:00:00Z,69.36,69.36,68.03,68.48,1298920,13987,68.4302
2019-07-16T04:00:00Z,68.32,68.52,67.73,67.74,1060903,12372,68.0534
2019-07-17T04:00:00Z,67.5,67.84,66.1,66.14,1742051,16217,66.5479
2019-07-18T04:00:00Z,66.05,67.23,65.68,67.22,1589802,15738,66.7862
2019-07-19T04:00:00Z,67.54,67.66,66.48,67.01,1319969,13014,67.0027
2019-07-22T04:00:00Z,67.1,68.02,66.1,67.29,1552861,15581,67.3542
2019-07-23T04:00:00Z,67.54,67.54,65.54,66.28,2245686,19086,66.2422
2019-07-24T04:00:00Z,66.2,67.68,66.06,67.51,1462230,14467,67.3158
2019-07-25T04:00:00Z,68.16,68.16,66.53,66.69,1759031,11432,66.7763
2019-07-26T04:00:00Z,67.26,67.57,66.42,66.5,913960,9261,66.6362
2019-07-29T04:00:00Z,65.6,66.37,64.69,65.28,1958669,20387,65.2124
2019-07-30T04:00:00Z,64.62,65.47,64.62,65.22,2196959,20485,65.1838
2019-07-31T04:00:00Z,65.54,65.63,64.48,65.15,2238892,24014,65.1637
2019-08-01T04:00:00Z,64.66,65.44,63.41,63.75,3210438,30626,64.3194
2019-08-02T04:00:00Z,63.75,64.3,62.31,63.49,1558766,15173,63.1502
2019-08-05T04:00:00Z,61.57,62.6,59.82,60.33,4051952,32924,60.4808
2019-08-06T04:00:00Z,60.75,61.47,60.07,61.46,2484065,20951,60.9535
2019-08-07T04:00:00Z,60.59,61.39,59.88,61.1,2677784,21450,60.5991
2019-08-08T04:00:00Z,61.13,63.39,61.13,62.72,3445306,27292,62.52
2019-08-09T04:00:00Z,63,63.25,61.45,62.34,2306552,21163,62.1286
2019-08-12T04:00:00Z,61.75,61.92,59.1024,60.86,1525858,16224,61.4105
2019-08-13T04:00:00Z,61.08,62.1,60.3,60.78,2463658,19759,60.9858
2019-08-14T04:00:00Z,60,60.21,58.76,59.53,2079807,16215,59.4647
2019-08-15T04:00:00Z,59.78,59.85,58.6675,59.04,2134186,16917,58.9531
2019-08-16T04:00:00Z,59.64,60.25,59.16,59.98,2034580,16617,59.9008
2019-08-19T04:00:00Z,60.6,61.4,60.37,61.25,1614429,14803,61.0951
2019-08-20T04:00:00Z,61.12,61.12,60.37,60.47,1387451,12548,60.5839
2019-08-21T04:00:00Z,61.02,61.84,61.02,61.32,1187957,13508,61.4519
2019-08-22T04:00:00Z,61.2,61.41,60.17,60.48,1477887,12380,60.8676
2019-08-23T04:00:00Z,59.89,60.2104,58.57,58.69,2237408,20589,59.1017
2019-08-26T04:00:00Z,59,59.48,58.24,58.62,1680384,13418,58.765
2019-08-27T04:00:00Z,58.71,59.5,58.07,58.23,1272400,12390,58.5017
2019-08-28T04:00:00Z,58.2,59.01,57.9,58.91,1072459,10169,58.6642
2019-08-29T04:00:00Z,59.1,60.67,58.51,59.98,1734234,16840,60.0466
2019-08-30T04:00:00Z,59.9,60.47,59.55,59.71,1583890,13072,59.8124
2019-09-03T04:00:00Z,59.81,59.9,58.16,59.18,2076882,20120,58.9199
2019-09-04T04:00:00Z,59.93,61.41,59.08,60.4,2510334,21847,60.791
2019-09-05T04:00:00Z,61.13,63.1,61,62.15,2098927,20904,62.3029
2019-09-06T04:00:00Z,61.64,62.08,60.81,61.99,1400976,13115,61.7639
2019-09-09T04:00:00Z,61.47,62.58,61.47,62.45,1231523,14221,62.1771
2019-09-10T04:00:00Z,62.45,64.66,62.35,63.92,2108679,18187,63.8638
2019-09-11T04:00:00Z,63.81,64.75,63.2,63.71,1376130,12404,63.8327
2019-09-12T04:00:00Z,63.51,64.29,62.795,64.1,1352614,11697,63.8218
2019-09-13T04:00:00Z,64.6,65.73,63.975,65.45,2131976,19359,65.3554
2019-09-16T04:00:00Z,66.99,67.49,65.34,65.83,2952618,28399,65.9636
2019-09-17T04:00:00Z,65.55,66.24,64.445,65.88,2916052,24013,65.8065
2019-09-18T04:00:00Z,65.79,66.71,65.32,66.31,3369635,22613,66.1775
2019-09-19T04:00:00Z,66.8,67.2,65.33,65.96,2534796,16573,65.8986
2019-09-20T04:00:00Z,66.18,67.365,65.77,66.82,3981091,22665,66.7361
2019-09-23T04:00:00Z,66.46,66.89,65.72,65.84,1230291,14402,66.0369
2019-09-24T04:00:00Z,66.11,66.14,64.35,64.97,1513362,16630,64.9393
2019-09-25T04:00:00Z,64.79,65.05,63.64,64.27,2099683,16127,64.2687
2019-09-26T04:00:00Z,63.96,64.13,62.7,63.01,2252254,23186,63.1332
2019-09-27T04:00:00Z,63.09,63.47,62.56,63.14,1070205,11595,63.0496
2019-09-30T04:00:00Z,63,63.23,62.73,63.06,1670501,13125,63.0261
2019-10-01T04:00:00Z,63.77,64.11,62.33,63,1544011,15033,63.0927
2019-10-02T04:00:00Z,63,63.54,61.38,61.61,2227404,19008,61.7799
2019-10-03T04:00:00Z,61.54,62.54,60.46,62.32,1183946,12786,61.896
2019-10-04T04:00:00Z,62.42,62.96,61.81,62.65,1087938,12006,62.4039
2019-10-07T04:00:00Z,62.86,62.86,61.5,61.5,1018433,13297,61.9543
2019-10-08T04:00:00Z,60.77,61.26,59.44,59.58,1912983,18935,59.952
2019-10-09T04:00:00Z,59.88,61.27,59.71,61,1301827,16002,60.8071
2019-10-10T04:00:00Z,61.06,61.975,60.95,61.34,2146019,14367,61.4474
2019-10-11T04:00:00Z,61.83,63.31,61.75,62.66,1781271,20411,62.849
2019-10-14T04:00:00Z,61.87,63.115,61.83,62.89,1750785,17391,62.6175
2019-10-15T04:00:00Z,62.76,64.5419,62.65,63,1197574,15609,63.5222
2019-10-16T04:00:00Z,63.03,63.03,61.935,62.46,1398137,13420,62.3664
2019-10-17T04:00:00Z,62.8,63.24,62.2053,62.42,733526,9356,62.6716
2019-10-18T04:00:00Z,62.37,62.89,61.73,62.55,1069557,11105,62.5281
2019-10-21T04:00:00Z,62.82,63.76,62.6611,63.67,1908285,15040,63.4745
2019-10-22T04:00:00Z,63.94,64.34,63.32,63.86,1230744,14335,63.9634
2019-10-23T04:00:00Z,64.25,64.27,63.5,63.93,1581962,12956,63.9658
2019-10-24T04:00:00Z,64.23,64.9,63.88,64.34,1186745,13135,64.3666
2019-10-25T04:00:00Z,64.32,64.77,63.81,64.3,947540,10441,64.3454
2019-10-28T04:00:00Z,64.6,64.99,62.54,62.6,2095800,18849,63.2401
2019-10-29T04:00:00Z,62.53,63.17,62.15,62.44,1612964,18501,62.6644
2019-10-30T04:00:00Z,62.4,62.85,61.88,62.22,1687234,18518,62.2719
2019-10-31T04:00:00Z,62.2,62.56,60.83,61.55,1800223,16548,61.3111
2019-11-01T04:00:00Z,61.28,63.91,61.17,62.5,2286277,23449,62.8787
2019-11-04T05:00:00Z,62.72,62.8,61.83,62.41,1841222,18667,62.4201
2019-11-05T05:00:00Z,62.56,63,60.96,62.04,2219672,22832,61.7399
2019-11-06T05:00:00Z,61.91,61.98,60.2,60.99,1842709,18551,60.9165
2019-11-07T05:00:00Z,61.8,61.96,60.9,61.79,3187799,19960,61.5696
2019-11-08T05:00:00Z,61.5,61.82,60.51,61.74,1356763,12012,61.5534
2019-11-11T05:00:00Z,61.11,61.5,60.62,61.4,1008687,11957,61.2647
2019-11-12T05:00:00Z,61.52,61.85,61.2,61.75,1838683,17579,61.5442
2019-11-13T05:00:00Z,61.27,62.33,60.82,61.27,1349535,12488,61.3134
2019-11-14T05:00:00Z,61.55,61.83,60.98,61.16,1125507,11730,61.2603
2019-11-15T05:00:00Z,61.45,61.72,61.04,61.43,1193833,12419,61.3949
2019-11-18T05:00:00Z,61.07,61.12,60.41,60.5,1366989,12765,60.5927
2019-11-19T05:00:00Z,60.37,60.5,59.45,59.8,1809402,15872,59.831
2019-11-20T05:00:00Z,60.4,60.9,59.87,60.18,2714719,17453,60.3525
2019-11-21T05:00:00Z,60.16,61.28,59.58,61.17,1980672,19007,60.5558
2019-11-22T05:00:00Z,61.37,61.89,60.84,60.84,1654610,15758,61.3705
2019-11-25T05:00:00Z,61.03,61.79,60.68,61.35,1301073,15621,61.3972
2019-11-26T05:00:00Z,61.16,61.5,60.76,61.05,5890862,19608,61.0708
2019-11-27T05:00:00Z,61.35,61.94,60.72,61.27,1358283,15268,61.2348
2019-11-29T05:00:00Z,60.84,61.17,60.18,60.54,791404,6957,60.582
2019-12-02T05:00:00Z,60.35,61.04,60.35,60.67,1383389,14068,60.7279
2019-12-03T05:00:00Z,60.06,60.54,59.61,59.64,1627207,17190,59.9183
2019-12-04T05:00:00Z,59.8,60.645,59.36,59.42,1914125,19064,59.7351
2019-12-05T05:00:00Z,59.36,60.11,58.825,59.34,1343906,13720,59.3931
2019-12-06T05:00:00Z,59.49,60.59,59.16,60.43,1856226,16850,60.2419
2019-12-09T05:00:00Z,60.06,60.18,59.36,60.02,1679112,14194,59.8477
2019-12-10T05:00:00Z,60,60.62,59.56,60.23,1309508,16037,60.3101
2019-12-11T05:00:00Z,60,60.25,58.65,59.57,2451082,20582,59.2958
2019-12-12T05:00:00Z,59.27,60.57,59.03,59.46,2030655,18898,59.8089
2019-12-13T05:00:00Z,59.71,61.45,59.505,60.99,2992975,27787,60.9024
2019-12-16T05:00:00Z,61.08,61.65,60.845,61.22,1541713,15943,61.2229
2019-12-17T05:00:00Z,61.52,62.41,61.3,61.52,1925607,18574,61.694
2019-12-18T05:00:00Z,61.44,62.11,61.05,61.55,1396330,11087,61.6398
2019-12-19T05:00:00Z,61.62,61.95,61.21,61.48,1589074,12611,61.5408
2019-12-20T05:00:00Z,61.88,61.975,61.203,61.21,3316216,16464,61.3308
2019-12-23T05:00:00Z,61.21,62.67,61.01,62.6,2049214,17892,62.1904
2019-12-24T05:00:00Z,62.38,62.53,61.55,61.92,1027006,7909,61.8746
2019-12-26T05:00:00Z,62.17,62.34,61.69,61.84,724032,8071,61.9117
2019-12-27T05:00:00Z,61.75,62.115,61.25,61.28,1417300,14161,61.4889
2019-12-30T05:00:00Z,60.89,61.64,60.59,61,2153999,14183,60.964
2019-12-31T05:00:00Z,60.51,61.1,60.5,61.07,1916448,13535,60.9407
2020-01-02T05:00:00Z,61.12,62.35,61.08,62.32,1856344,16775,61.8863
2020-01-03T05:00:00Z,62.32,62.94,62.22,62.63,1701659,16648,62.6224
2020-01-06T05:00:00Z,62.75,63.11,62.14,62.96,1706420,15911,62.7324
2020-01-07T05:00:00Z,63,63.61,62.68,63.6,1897481,15866,63.2789
2020-01-08T05:00:00Z,63.94,63.98,61.925,61.99,2204694,18787,62.3651
2020-01-09T05:00:00Z,62.23,63.45,62,63.25,2725852,20684,63.1282
2020-01-10T05:00:00Z,63.4,63.96,63.195,63.8,1969793,14361,63.683
2020-01-13T05:00:00Z,63.62,64.36,63.27,63.95,1837425,13540,63.9124
2020-01-14T05:00:00Z,64.18,64.87,63.865,63.97,1731766,18283,64.2333
2020-01-15T05:00:00Z,64.25,65.814,63.28,65.39,2836644,22068,65.1614
2020-01-16T05:00:00Z,65.94,67.11,65.56,65.81,2338553,19320,66.1331
2020-01-17T05:00:00Z,65.13,66.07,64.51,66,1988474,18228,65.5286
2020-01-21T05:00:00Z,65.56,65.77,63.74,64.42,2656004,20751,64.4368
2020-01-22T05:00:00Z,64.54,64.6,63.25,63.34,1166704,13766,63.5225
2020-01-23T05:00:00Z,62.62,63.05,61.8,62.85,2412318,19298,62.5646
2020-01-24T05:00:00Z,62.97,63.1,61.13,61.15,1630566,16389,61.6772
2020-01-27T05:00:00Z,59.23,60.43,58.71,59.55,2729551,22565,59.5946
2020-01-28T05:00:00Z,60.04,60.4,59.64,59.75,1768334,15019,59.8742
2020-01-29T05:00:00Z,59.78,60.41,58.81,58.88,1642785,16048,59.4578
2020-01-30T05:00:00Z,58.4,59.98,58.25,59.84,2536243,17715,59.4182
2020-01-31T05:00:00Z,59.38,59.71,59.17,59.24,1440319,16084,59.3717
2020-02-03T05:00:00Z,59.08,59.72,58.555,58.74,1344043,15250,58.8539
2020-02-04T05:00:00Z,59.43,60.31,58.84,59.22,1886824,15675,59.5089
2020-02-05T05:00:00Z,59.79,60.37,59.27,59.68,1692889,16649,59.7426
2020-02-06T05:00:00Z,59.49,59.55,55.93,57.65,4376765,33653,57.3888
2020-02-07T05:00:00Z,57.07,57.61,56.54,56.79,2401477,21313,56.8895
2020-02-10T05:00:00Z,56.5,56.5,54.46,54.54,3515891,29002,54.8607
2020-02-11T05:00:00Z,54.71,55.67,54.65,54.97,2533518,22212,54.9159
2020-02-12T05:00:00Z,55.59,55.93,55.03,55.18,1654447,13120,55.4071
2020-02-13T05:00:00Z,54.83,55.655,54.47,54.76,2200786,11227,54.8365
2020-02-14T05:00:00Z,55.08,55.49,54.615,54.98,1418394,16495,55.0402
2020-02-18T05:00:00Z,54.95,55.81,54.55,55.23,2309947,16933,55.2212
2020-02-19T05:00:00Z,55.74,55.74,54.96,55.35,1616123,13398,55.3146
2020-02-20T05:00:00Z,55.38,55.93,54.81,54.87,2268156,23159,55.1569
2020-02-21T05:00:00Z,54.68,54.77,53.19,53.69,2795927,22527,53.734
2020-02-24T05:00:00Z,51.8,52.32,50.86,51.91,2893810,28789,51.6957
2020-02-25T05:00:00Z,54,54.1,48.73,49.74,4631227,39783,50.553
2020-02-26T05:00:00Z,49.73,50.73,47.63,48.27,4877256,34514,48.7023
2020-02-27T05:00:00Z,46.58,49.99,45.18,47.85,6327960,50219,47.8651
2020-02-28T05:00:00Z,46.4,51.32,46.29,51.29,8057511,60633,49.5284
2020-03-02T05:00:00Z,51.72,52.76,50.75,52.08,4963265,42825,51.7898
2020-03-03T05:00:00Z,51.84,52.81,49.75,50.54,3355127,31532,50.72
2020-03-04T05:00:00Z,50.93,51.18,48.79,49.45,3578771,36935,49.6436
2020-03-05T05:00:00Z,48.15,48.35,45.44,45.98,3773423,35892,46.3246
2020-03-06T05:00:00Z,45.91,45.91,43.025,45.52,7099777,65083,44.6328
2020-03-09T04:00:00Z,38.11,39.9,36.36,37.28,8495828,64362,38.2145
2020-03-10T04:00:00Z,39.47,40.99,36.75,39.62,5254188,42718,38.7712
2020-03-11T04:00:00Z,38.98,39.37,37.21,39.34,5275913,51174,38.4862
2020-03-12T04:00:00Z,35.27,37.31,33.92,35.36,7020873,46884,35.1108
2020-03-13T04:00:00Z,37.95,38.445,33.36,35.4,4444131,39685,35.1553
2020-03-16T04:00:00Z,29.06,36.2,28.45,30.51,5053220,49330,33.9862
2020-03-17T04:00:00Z,35.65,37.73,33.7,34.57,3497507,35205,35.0432
2020-03-18T04:00:00Z,32.2,32.86,27.06,30.39,6111795,48696,30.551
2020-03-19T04:00:00Z,29.54,33.43,28.59,31.8,3547833,29991,31.5025
2020-03-20T04:00:00Z,32.5,36.05,31.93,34.5,9376682,38922,34.5277
2020-03-23T04:00:00Z,34.64,34.85,29.25,29.9,4537787,43241,30.8385
2020-03-24T04:00:00Z,32.98,33.59,30.565,33.58,3121289,29063,32.1318
2020-03-25T04:00:00Z,34.43,34.8,31.62,33.31,3536555,28755,33.4612
2020-03-26T04:00:00Z,33.04,37.33,33,34.72,6893373,45168,35.211
2020-03-27T04:00:00Z,34.31,34.37,32.11,32.76,2638620,26883,33.249
2020-03-30T04:00:00Z,32.71,33.03,30.58,32.54,3032860,28136,32.0032
2020-03-31T04:00:00Z,33.98,34.82,32.013,33.5,4442190,41202,33.0643
2020-04-01T04:00:00Z,31.95,33.38,30.8,32,2852581,22403,32.1046
2020-04-02T04:00:00Z,33.19,37.22,32.59,33.92,5633465,30865,33.8876
2020-04-03T04:00:00Z,35.28,35.54,31.96,32.2,2469304,25000,32.6853
2020-04-06T04:00:00Z,33.08,34.675,32.48,34.17,2841959,28089,34.0425
2020-04-07T04:00:00Z,35.63,36.44,33.565,33.71,3364816,24046,34.4559
2020-04-08T04:00:00Z,34.58,36.54,33.9,36.51,1979199,17297,35.445
2020-04-09T04:00:00Z,37.67,39.66,36.94,38.58,3153851,30269,38.4642
2020-04-13T04:00:00Z,39.06,39.376,37.01,38.26,1830408,16917,37.9239
2020-04-14T04:00:00Z,38.49,39.97,38.18,39.64,2664941,25966,39.4027
2020-04-15T04:00:00Z,37.93,39.89,37.93,39.7,3756423,30297,39.3428
2020-04-16T04:00:00Z,39.68,39.74,37.1,38.39,2889255,26241,38.1593
2020-04-17T04:00:00Z,38.38,41.74,38.38,41.33,3195669,24456,40.5299
2020-04-20T04:00:00Z,40.07,42.3,39.74,42.06,3737269,21345,41.4037
2020-04-21T04:00:00Z,40.65,41.57,39.9555,41.3,3818269,23671,41.005
2020-04-22T04:00:00Z,41.86,42.4,39.98,40.76,1763577,15613,41.0346
2020-04-23T04:00:00Z,42.28,42.28,40.7,41.2,1956697,17252,41.3724
2020-04-24T04:00:00Z,40.95,42.01,40.45,41.87,3613149,21330,41.682
2020-04-27T04:00:00Z,41.5,43.16,40.68,42.8,3611900,22717,42.5432
2020-04-28T04:00:00Z,43.8,44.31,42.5,43.08,3559992,23760,43.1432
2020-04-29T04:00:00Z,44.36,45.94,43.655,45.69,4635842,22381,45.2327
2020-04-30T04:00:00Z,46.62,48.67,45.47,46.63,5848176,32546,46.8994
2020-05-01T04:00:00Z,44.94,45.79,43.16,43.25,3780302,28018,43.9388
2020-05-04T04:00:00Z,42.63,44.23,42.105,43.28,4790171,20910,43.1421
2020-05-05T04:00:00Z,44.57,44.811,41.845,42.13,2474560,17382,42.5092
2020-05-06T04:00:00Z,42.43,42.78,41.85,42.5,2771049,16051,42.3525
2020-05-07T04:00:00Z,43.56,44.1,42.85,43.21,3215143,26169,43.3845
2020-05-08T04:00:00Z,44.09,45.05,44.04,44.5,2544211,14695,44.5129
2020-05-11T04:00:00Z,44.2,44.74,43.47,44.45,2032823,15802,44.2594
2020-05-12T04:00:00Z,44.56,44.795,43.53,43.71,2299746,21417,44.0958
2020-05-13T04:00:00Z,43.63,44.14,39.51,40.41,2501847,24897,40.504
2020-05-14T04:00:00Z,39.85,42.3,39.53,41.78,1908149,20329,41.248
2020-05-15T04:00:00Z,40.91,42.22,40.23,41.27,2245502,12177,41.5786
2020-05-18T04:00:00Z,42.8,43.88,42.51,43.52,1838681,17758,43.3078
2020-05-19T04:00:00Z,43.49,44.04,42.83,43.13,1486081,11554,43.4216
2020-05-20T04:00:00Z,45.25,46.19,44.14,45.76,3191344,26529,45.6414
2020-05-21T04:00:00Z,45.39,45.66,43.9605,44.69,2067271,18884,44.5798
2020-05-22T04:00:00Z,44.36,45.86,44.01,45.86,1510555,15599,45.0514
2020-05-26T04:00:00Z,47,47.1,45.29,45.99,2373637,16918,45.9883
2020-05-27T04:00:00Z,46.63,46.63,43.54,45.03,2281235,18861,44.6286
2020-05-28T04:00:00Z,44.67,45.55,43.96,44.28,1994868,14401,44.4836
2020-05-29T04:00:00Z,44.65,44.65,42.83,44.35,3333745,22521,43.9925
2020-06-01T04:00:00Z,44.29,45.265,42.81,44.72,2323227,17752,44.4743
2020-06-02T04:00:00Z,45,47.49,44.82,47.29,2096766,18771,46.8613
2020-06-03T04:00:00Z,47.62,49.78,47.62,49.53,2418829,25203,49.1306
2020-06-04T04:00:00Z,49.44,49.49,47.85,48.45,1407052,14982,48.5069
2020-06-05T04:00:00Z,50.86,52.79,50.32,50.7,3523541,31277,51.1696
2020-06-08T04:00:00Z,51.44,51.81,50.5422,51.32,2521323,22463,51.1757
2020-06-09T04:00:00Z,50.5,51.13,49.62,51.01,1530534,16241,50.7817
2020-06-10T04:00:00Z,50.43,50.854,48.62,48.66,1836095,15737,49.3472
2020-06-11T04:00:00Z,46.53,47.71,45.51,46.15,3134882,26543,46.5899
2020-06-12T04:00:00Z,47.39,47.71,45.21,46.1,2615854,24581,46.0531
2020-06-15T04:00:00Z,44.66,47.5,43.51,47.05,2454054,22123,46.0839
2020-06-16T04:00:00Z,48.3,49.01,46.57,48.69,2736897,27021,48.0323
2020-06-17T04:00:00Z,48.84,49.41,47.893,48.07,1990071,16506,48.5754
2020-06-18T04:00:00Z,47.96,48.72,47.59,48.41,1628133,14782,48.2408
2020-06-19T04:00:00Z,48.96,49.46,48.129,48.9,3518734,20915,48.8307
2020-06-22T04:00:00Z,48.5,49.17,48.03,48.91,1730007,16869,48.8392
2020-06-23T04:00:00Z,49.46,49.99,47.6,47.71,2249402,18453,48.306
2020-06-24T04:00:00Z,47.5,47.535,45.73,46.62,3278495,25328,46.5477
2020-06-25T04:00:00Z,46.12,47.48,45.87,47.47,1591817,15857,47.0317
2020-06-26T04:00:00Z,47.14,47.4,44.98,44.98,6922608,22026,45.2782
2020-06-29T04:00:00Z,45.42,47.11,45.24,46.43,1356154,15012,46.4081
2020-06-30T04:00:00Z,46.06,48.45,45.83,48.32,2729889,18250,47.6889
2020-07-01T04:00:00Z,47.86,48.6675,47.36,48.07,1929392,17908,48.0702
2020-07-02T04:00:00Z,48.77,49.59,48.6,48.8,1595336,18999,49.0435
2020-07-06T04:00:00Z,49.9,51.36,49.84,50.65,2660118,19900,50.5505
2020-07-07T04:00:00Z,50.12,51.05,49.64,50.55,3373461,25136,50.4996
2020-07-08T04:00:00Z,50.79,51.89,50.25,50.51,3251187,15254,50.6223
2020-07-09T04:00:00Z,50.51,50.51,49.34,49.81,1386324,15083,49.7306
2020-07-10T04:00:00Z,49.28,49.5,48.27,48.59,1823137,15244,48.6424
2020-07-13T04:00:00Z,48.55,49.565,48.415,48.9,1235226,15529,48.9971
2020-07-14T04:00:00Z,48.65,49.78,48.4,49.39,1835639,16759,49.1275
2020-07-15T04:00:00Z,50,50.77,49.68,50.61,1211177,15201,50.3898
2020-07-16T04:00:00Z,50.64,51,49.745,50.54,826015,10709,50.5584
2020-07-17T04:00:00Z,50.68,50.84,49.62,49.84,1165985,14136,49.9218
2020-07-20T04:00:00Z,49.64,50,48.01,48.05,2013868,21499,48.5942
2020-07-21T04:00:00Z,48.44,50.73,48.44,50.55,2350347,18378,50.3843
2020-07-22T04:00:00Z,50.47,50.47,48.75,49.45,1166444,12646,49.4386
2020-07-23T04:00:00Z,49.43,50.04,49.24,50.01,966978,11995,49.7048
2020-07-24T04:00:00Z,49.56,50.1,48.955,48.99,1449756,11726,49.1707
2020-07-27T04:00:00Z,48.78,49.175,48.25,48.67,1312864,10373,48.7005
2020-07-28T04:00:00Z,48.73,49.47,48.53,48.53,1008331,12558,48.8968
2020-07-29T04:00:00Z,48.62,49.09,47.79,49.09,1504097,10537,48.7255
2020-07-30T04:00:00Z,48.26,49.27,47.7,49.11,1089436,12821,48.7718
2020-07-31T04:00:00Z,48.46,49.595,48.33,49.405,1322160,16928,49.1315
2020-08-03T04:00:00Z,49.15,50.6976,49.025,50,1830549,17433,50.003
2020-08-04T04:00:00Z,50.19,52.47,50.13,52.11,1101805,14272,51.8926
2020-08-05T04:00:00Z,52.65,53.335,51.81,52.3,1666485,16198,52.3573
2020-08-06T04:00:00Z,53.17,53.55,52.4,53.23,1643197,17158,53.0181
2020-08-07T04:00:00Z,53.25,53.46,51.91,53.34,1109282,14053,52.8814
2020-08-10T04:00:00Z,53.4,54.985,53.21,54.73,1056693,11315,54.4536
2020-08-11T04:00:00Z,55,57.15,53.48,53.62,2049561,17435,54.6076
2020-08-12T04:00:00Z,54.3,54.97,53.19,53.38,1282797,13245,53.705
2020-08-13T04:00:00Z,52.91,53.905,52.83,53.61,714818,9542,53.517
2020-08-14T04:00:00Z,53.39,54.62,53.01,54.21,1145600,12513,54.0717
2020-08-17T04:00:00Z,54.24,54.47,53.16,53.97,1315810,11667,53.7644
2020-08-18T04:00:00Z,53.99,54.23,52.82,52.88,1220575,11189,53.0921
2020-08-19T04:00:00Z,52.62,52.92,51.53,51.68,1114615,14498,51.984
2020-08-20T04:00:00Z,51.48,51.93,51.08,51.08,1046450,12220,51.4213
2020-08-21T04:00:00Z,51.09,51.765,50.41,51.65,1943354,20478,51.2824
2020-08-24T04:00:00Z,51.71,53.7,51.71,53.3,1695339,17035,53.071
2020-08-25T04:00:00Z,53.74,53.74,52,52.64,1258428,15905,52.49
2020-08-26T04:00:00Z,52.6,52.87,50.25,51.03,2110752,19594,51.1254
2020-08-27T04:00:00Z,50.95,52.51,50.95,51.96,1349992,13525,52.0655
2020-08-28T04:00:00Z,52.4,52.49,51.61,52.38,887699,9656,52.1985
2020-08-31T04:00:00Z,52.31,52.87,51.76,52.05,1633732,17518,52.2993
2020-09-01T04:00:00Z,52.75,54.65,52.4,53.74,1323109,15439,53.7607
2020-09-02T04:00:00Z,53.6,54.58,52.95,54.28,1420000,13801,54.1119
2020-09-03T04:00:00Z,54.43,54.63,52.21,53.01,1459193,17293,53.0056
2020-09-04T04:00:00Z,52.55,52.9,50.93,52.05,897914,11139,51.7711
2020-09-08T04:00:00Z,51.04,51.41,49.62,49.77,1840779,19676,50.0406
2020-09-09T04:00:00Z,50.03,51.255,49.29,49.33,2270822,22517,49.787
2020-09-10T04:00:00Z,49.49,49.75,49.0211,49.125,1871018,22538,49.305
2020-09-11T04:00:00Z,48.93,49.23,48.15,49.03,1881993,19777,48.6799
2020-09-14T04:00:00Z,49.48,50.39,48.99,49.545,1799752,22731,49.696
2020-09-15T04:00:00Z,49.72,50.2,48.18,48.27,1927848,17187,48.7035
2020-09-16T04:00:00Z,48.76,51.26,48.55,50.5,1694012,16542,50.2617
2020-09-17T04:00:00Z,50.25,51.06,49.52,50.83,1386889,14662,50.6853
2020-09-18T04:00:00Z,50.92,51.77,50.14,50.52,4352405,19032,50.6469
2020-09-21T04:00:00Z,49.59,50.22,47.9895,49.7,1440603,11315,49.4962
2020-09-22T04:00:00Z,49.45,50.43,49.45,50.4,988390,9638,50.1695
2020-09-23T04:00:00Z,50.31,50.84,48.5,48.5,1961060,12690,49.0458
2020-09-24T04:00:00Z,48.44,49.65,48.12,49.06,1821945,17692,48.9329
2020-09-25T04:00:00Z,48.6,49.667,48.59,49.65,1299533,13245,49.4042
2020-09-28T04:00:00Z,50,50.15,49.33,49.33,919359,9218,49.6394
2020-09-29T04:00:00Z,49.34,50.14,48.34,48.54,1199225,13775,48.8567
2020-09-30T04:00:00Z,48.63,49.14,45.89,46.27,2783988,27378,46.6325
2020-10-01T04:00:00Z,46,48.3,46,46.34,2294199,21912,46.6963
2020-10-02T04:00:00Z,45.33,47.36,44.65,47.01,1458645,16020,46.4662
2020-10-05T04:00:00Z,47.18,48.05,47.06,47.53,790874,9393,47.4869
2020-10-06T04:00:00Z,47.68,48.5,46.43,46.6,1139245,11168,47.1626
2020-10-07T04:00:00Z,46.56,47.09,46.29,46.36,1089535,10042,46.5015
2020-10-08T04:00:00Z,46.69,48.6677,46.65,48.34,882480,11443,48.0499
2020-10-09T04:00:00Z,48.51,48.83,47.08,48.29,1253182,12447,48.2806
2020-10-12T04:00:00Z,48.19,49.18,47.8,49.03,1038077,12202,48.7046
2020-10-13T04:00:00Z,49,50.34,48.8325,49.86,1735651,16452,49.8624
2020-10-14T04:00:00Z,50.18,51.44,49.37,49.6,1582820,15570,50.2435
2020-10-15T04:00:00Z,48.97,51.52,48.79,50.89,1412537,14649,50.7056
2020-10-16T04:00:00Z,50.91,51.08,49.82,50.04,1890493,13849,50.1766
2020-10-19T04:00:00Z,50.16,50.87,48.93,49,1153340,12581,49.6661
2020-10-20T04:00:00Z,49.58,50.43,49.515,49.83,1189480,12132,49.9648
2020-10-21T04:00:00Z,49.62,49.93,48.84,49.56,4772757,9050,49.5295
2020-10-22T04:00:00Z,49.45,51.02,49.09,49.88,1303668,13906,50.0935
2020-10-23T04:00:00Z,50.21,50.56,48.31,48.7,956401,11979,48.824
2020-10-26T04:00:00Z,48.25,48.4,46.54,47.63,1298496,13823,47.3681
2020-10-27T04:00:00Z,47.64,49.34,47.625,47.89,2187206,21095,48.2772
2020-10-28T04:00:00Z,46.93,47.72,45.95,47.43,1456612,15669,47.1371
2020-10-29T04:00:00Z,46.87,48.2,45.51,48.1,1566860,12983,47.4793
2020-10-30T04:00:00Z,47.54,48.1431,46.815,47.87,1235161,11666,47.558
2020-11-02T05:00:00Z,48.15,49.09,46.86,47.06,1123631,13736,47.4166
2020-11-03T05:00:00Z,47.7,48.98,47.545,48.02,877395,11757,48.0612
2020-11-04T05:00:00Z,48.25,49.99,47.8401,48.15,1444581,15381,48.9036
2020-11-05T05:00:00Z,48.53,50.025,48.36,49.5,1182381,10973,49.4602
2020-11-06T05:00:00Z,48.62,50.5,48.26,49.98,2176949,20155,49.6658
2020-11-09T05:00:00Z,51.51,54.77,51.3,51.8,2505112,28115,52.4195
2020-11-10T05:00:00Z,52.5,52.555,50.77,51.42,2194369,23722,51.6435
2020-11-11T05:00:00Z,53.04,54.02,51.35,53.84,2839731,24692,52.938
2020-11-12T05:00:00Z,53.28,53.71,51.1,51.5,1123889,13128,51.9592
2020-11-13T05:00:00Z,51.8,52.51,51.5,52.07,1158129,16929,52.0447
2020-11-16T05:00:00Z,52.76,53.78,51.85,52.9,2558163,20511,52.889
2020-11-17T05:00:00Z,52.78,54.19,52.25,54.13,1743654,18119,53.8284
2020-11-18T05:00:00Z,54.18,54.43,53.14,53.36,1655316,18728,53.6732
2020-11-19T05:00:00Z,53.16,55.39,52.99,55.09,2151473,20725,54.7817
2020-11-20T05:00:00Z,55,55.45,53.81,54.44,2091151,22858,54.5958
2020-11-23T05:00:00Z,54.87,56.5,54.75,56.31,1640641,19378,55.8192
2020-11-24T05:00:00Z,57.97,59.11,57.15,58.97,2460420,25981,58.7565
2020-11-25T05:00:00Z,59.23,59.72,58.33,59.51,1438603,16383,59.2782
2020-11-27T05:00:00Z,58.1,59.93,58.1,58.78,980472,8505,59.1838
2020-11-30T05:00:00Z,58.78,59.75,56.69,56.69,5817123,23687,57.0341
2020-12-01T05:00:00Z,57.5,58.12,56.09,56.83,1340542,15797,56.8249
2020-12-02T05:00:00Z,56.33,57.82,56.09,57.38,2004726,12299,57.3459
2020-12-03T05:00:00Z,57.84,59.5,57.49,58.34,1301858,12229,58.4146
2020-12-04T05:00:00Z,58.73,60.92,58.73,59.8,3454435,22479,60.1782
2020-12-07T05:00:00Z,59.65,60.36,59.06,59.86,2566515,13430,59.8334
2020-12-08T05:00:00Z,59.9,61.23,59.61,61.18,1494426,17056,60.7716
2020-12-09T05:00:00Z,61.12,61.92,59.59,60.45,1524838,14371,60.4624
2020-12-10T05:00:00Z,60.07,61.42,60.07,61.42,1552345,16127,61.0356
2020-12-11T05:00:00Z,61,61.6808,60.36,60.53,1061781,12642,60.8707
2020-12-14T05:00:00Z,61.47,61.47,58.4101,59.18,2340849,17621,59.2325
2020-12-15T05:00:00Z,59.5,60.81,59.08,60.59,1775740,15128,60.1556
2020-12-16T05:00:00Z,61.15,61.15,58.76,59.22,1748920,16880,59.4415
2020-12-17T05:00:00Z,59.86,59.88,58.48,59,1505915,15007,58.9465
2020-12-18T05:00:00Z,59.19,59.26,57.79,58.33,3226980,14959,58.2009
2020-12-21T05:00:00Z,57.27,58.08,56.37,57.855,1880272,12731,57.6342
2020-12-22T05:00:00Z,58,58.75,57.54,57.57,1810955,10246,57.7867
2020-12-23T05:00:00Z,57.66,58.71,57.66,58.22,1904228,11574,58.1984
2020-12-24T05:00:00Z,58.09,58.62,57.28,57.9,534039,5399,57.7575
2020-12-28T05:00:00Z,58.35,59.22,57.87,59.01,2195187,21503,58.7772
2020-12-29T05:00:00Z,59.18,60.03,58.995,59.9,1845221,15100,59.6174
2020-12-30T05:00:00Z,60.11,61.1,60,60.82,2793639,14158,60.7218
2020-12-31T05:00:00Z,60.8,61.49,59.96,60.2,1705306,14445,60.5771
2021-01-04T05:00:00Z,60.99,62.16,58.76,58.99,2053614,19368,59.7589
2021-01-05T05:00:00Z,59.36,62.69,59.19,61.6,2062825,19123,61.4971
2021-01-06T05:00:00Z,61.65,63.16,60.53,62.64,1927798,19674,62.4267
2021-01-07T05:00:00Z,62.9,65.1,62.8106,65.01,2069835,18700,64.3052
2021-01-08T05:00:00Z,65.43,66.26,63.42,64.34,2746002,22525,64.3264
2021-01-11T05:00:00Z,64.83,67.84,64.19,67.07,2300169,19839,66.7688
2021-01-12T05:00:00Z,66.01,69.35,66.01,67,2657784,19529,67.4423
2021-01-13T05:00:00Z,67.42,67.48,65.08,65.67,2262998,24284,65.7087
2021-01-14T05:00:00Z,65.68,66.1,65.33,66,1363595,15488,65.73
2021-01-15T05:00:00Z,65.5,66.62,65.13,66.31,1563716,15765,66.0367
2021-01-19T05:00:00Z,66.48,67.65,66.4,67.61,1647897,14230,67.3191
2021-01-20T05:00:00Z,67.85,68.35,67.02,67.19,968640,11653,67.6074
2021-01-21T05:00:00Z,67.06,67.32,65.62,66.58,886887,10591,66.3
2021-01-22T05:00:00Z,66.11,66.62,65.33,65.81,1675916,12429,66.0411
2021-01-25T05:00:00Z,66.01,66.17,63.52,64.72,1343255,16123,64.5067
2021-01-26T05:00:00Z,65,65.26,60.62,60.66,2789025,26504,61.9222
2021-01-27T05:00:00Z,59.64,60.4,58.26,59.46,3402493,32796,59.165
2021-01-28T05:00:00Z,59.78,63.39,59.5,62.89,2139996,22009,62.4223
2021-01-29T05:00:00Z,62.88,65.53,62.73,63.37,2092063,22198,63.8448
2021-02-01T05:00:00Z,63.68,64.2,61.56,63.01,1932249,19060,63.3194
2021-02-02T05:00:00Z,63.27,65.05,63.27,64.43,1063205,12701,64.5445
2021-02-03T05:00:00Z,64.5,66.08,64.44,65.32,902868,13118,65.408
2021-02-04T05:00:00Z,65.65,66.14,64.33,64.91,961982,12301,65.0168
2021-02-05T05:00:00Z,65.45,66.44,65.25,66.4,1199224,9985,66.1058
2021-02-08T05:00:00Z,66.81,67.49,65.98,67.26,1225670,13327,66.835
2021-02-09T05:00:00Z,67.72,67.72,66.5,66.79,928794,10690,66.9022
2021-02-10T05:00:00Z,66.85,67.55,65.48,67.54,827487,12301,66.7534
2021-02-11T05:00:00Z,67.29,68.58,66.675,68.06,1077578,10815,67.7942
2021-02-12T05:00:00Z,68.09,68.57,67.03,67.63,637520,9288,67.6818
2021-02-16T05:00:00Z,68.8,69.708,67.2,68.74,1504668,12800,68.592
2021-02-17T05:00:00Z,68.76,69.46,67.79,69.28,991696,10875,68.9569
2021-02-18T05:00:00Z,69.25,69.25,67.31,67.49,1337071,16395,67.9983
2021-02-19T05:00:00Z,68.1,69.29,67.5,69.08,1017461,11376,68.5976
2021-02-22T05:00:00Z,68.62,69.91,68.07,68.74,1568292,18164,68.7014
2021-02-23T05:00:00Z,68.75,69.72,65.23,69.49,1406729,17095,68.2566
2021-02-24T05:00:00Z,70.05,71.4999,68.52,70.31,2788852,23789,70.0637
2021-02-25T05:00:00Z,70.58,71,67.6,68.38,1217451,15810,68.8577
2021-02-26T05:00:00Z,68.04,68.69,65.78,66.94,3403397,21105,67.2437
2021-03-01T05:00:00Z,67.15,69.05,67.15,68.27,1506580,15160,68.3746
2021-03-02T05:00:00Z,68.09,69.72,67.46,69.21,1550422,15105,68.9201
2021-03-03T05:00:00Z,68.73,70.44,68.57,69.08,1394297,15184,69.445
2021-03-04T05:00:00Z,69.83,73.93,69.16,73.24,5528237,33932,72.3787
2021-03-05T05:00:00Z,74.23,75.21,71.8251,72.65,2728080,28119,73.2225
2021-03-08T05:00:00Z,72.97,74.61,71.84,73.2,1532197,17250,72.887
2021-03-09T05:00:00Z,73.47,74.42,71.29,71.39,1206424,15006,72.1644
2021-03-10T05:00:00Z,72.12,74,72.01,73.92,1550968,17106,73.2917
2021-03-11T05:00:00Z,74,75.1504,73.28,73.86,1685786,17117,74.0684
2021-03-12T05:00:00Z,73.74,75.29,73.14,75.15,1170890,13607,74.6558
2021-03-15T04:00:00Z,74.46,76.31,74.3506,76.31,1052832,13714,75.6785
2021-03-16T04:00:00Z,75.57,77.11,74.75,74.95,1621423,15755,75.7385
2021-03-17T04:00:00Z,75.34,75.52,73.75,74.12,1351877,14385,74.2579
2021-03-18T04:00:00Z,73.7,73.98,71.16,71.48,1818849,18864,72.4674
2021-03-19T04:00:00Z,71.48,72.74,70.71,71.26,4428131,20689,71.5579
2021-03-22T04:00:00Z,71.07,72.88,70.8,72.65,1654292,13777,72.4317
2021-03-23T04:00:00Z,71.3,72.68,69.92,70.89,1835477,18237,71.0066
2021-03-24T04:00:00Z,71.73,72.2,70.59,71.95,1440260,14982,71.6257
2021-03-25T04:00:00Z,71.04,72.5494,69.56,72.47,1387710,15528,71.6887
2021-03-26T04:00:00Z,72.65,74.08,72.01,73.71,1017703,12645,73.3147
2021-03-29T04:00:00Z,74.1,74.34,72.22,73.3,1132087,13986,73.0984
2021-03-30T04:00:00Z,72.93,72.93,71.71,72.2,1020393,11727,72.1431
2021-03-31T04:00:00Z,71.55,72.27,71.19,72.01,1858530,14822,71.9291
2021-04-01T04:00:00Z,71.57,72.2,70.59,71.8,1423188,17697,71.4288
2021-04-05T04:00:00Z,72.04,72.05,71.05,71.26,700679,11309,71.378
2021-04-06T04:00:00Z,71.26,72.545,70.51,70.73,1045846,15487,70.977
2021-04-07T04:00:00Z,70.87,74.27,70.51,73.66,1369929,18653,73.432
2021-04-08T04:00:00Z,73.16,73.33,71.905,72.95,1423092,14011,72.675
2021-04-09T04:00:00Z,73.2,73.74,71.74,73.12,2242932,14100,73.0279
2021-04-12T04:00:00Z,73.96,73.96,72.02,72.2,861962,12560,72.5053
2021-04-13T04:00:00Z,72.26,73.66,71.94,72.5,865902,13731,72.8091
2021-04-14T04:00:00Z,73.21,74.74,72.91,73.75,904380,12453,73.8961
2021-04-15T04:00:00Z,74.89,74.89,73.28,74.58,672279,10787,74.4856
2021-04-16T04:00:00Z,74.88,75.025,73.97,73.97,634299,11624,74.3017
2021-04-19T04:00:00Z,74.34,75.38,74,74.65,691145,11090,74.5981
2021-04-20T04:00:00Z,74.43,74.73,72.88,73.22,902062,12544,73.4023
2021-04-21T04:00:00Z,73.15,74,72.985,73.54,559353,8695,73.5611
2021-04-22T04:00:00Z,73.42,73.82,72.7,72.72,1411282,9728,72.9374
2021-04-23T04:00:00Z,72.57,74.25,71.9,74.19,1372467,14713,73.2874
2021-04-26T04:00:00Z,74.33,75.156,74.01,74.6,531881,8894,74.6609
2021-04-27T04:00:00Z,75,75.885,74.21,74.51,720248,10037,74.6813
2021-04-28T04:00:00Z,74.51,77.11,74.51,76.32,1032108,13051,76.3182
2021-04-29T04:00:00Z,77.17,77.73,76.61,77,804059,11598,77.1763
2021-04-30T04:00:00Z,76.26,78.19,76.26,77.52,1136327,12557,77.4231
2021-05-03T04:00:00Z,78.2,79.05,78.03,78.8,1027962,13224,78.6538
2021-05-04T04:00:00Z,79.44,80.76,78.2,79.55,2381395,22705,79.6949
2021-05-05T04:00:00Z,80,81.21,78.77,81,1845704,24303,80.5822
2021-05-06T04:00:00Z,81.33,81.38,79.52,80.42,1079399,14665,80.4182
2021-05-07T04:00:00Z,80.54,82.66,80.06,82.65,1234063,16383,82.0445
2021-05-10T04:00:00Z,83,83.35,81.4,81.68,1516770,17883,81.9628
2021-05-11T04:00:00Z,81.4,82.225,80.05,82.13,1175151,17794,81.5786
2021-05-12T04:00:00Z,81.84,82.84,81.205,81.9,1734114,18930,81.9933
2021-05-13T04:00:00Z,81.8,83.59,81.305,82.35,1192365,12952,82.2704
2021-05-14T04:00:00Z,82.42,84,82.42,83.83,1818634,13842,83.7223
2021-05-17T04:00:00Z,83.8,84.79,83.15,83.9,1115873,14785,84.0974
2021-05-18T04:00:00Z,84.71,84.98,83.48,83.7,1040005,15911,83.9442
2021-05-19T04:00:00Z,82.3,83.6,82,83.59,1129684,18027,83.2206
2021-05-20T04:00:00Z,83.59,84.07,83.05,83.98,1269390,14946,83.8177
2021-05-21T04:00:00Z,84.68,84.71,83.38,83.48,871834,14030,83.9689
2021-05-24T04:00:00Z,84.1,84.95,83.41,84.69,1264976,17528,84.3227
2021-05-25T04:00:00Z,84.46,85.34,84,84.61,1701342,17176,84.6316
2021-05-26T04:00:00Z,84.97,85.28,84.09,84.5,1442960,15810,84.4957
2021-05-27T04:00:00Z,85.17,85.505,83.5,84.18,4644640,19001,84.1948
2021-05-28T04:00:00Z,85.04,85.26,84.38,84.9,965162,10959,84.9357
2021-06-01T04:00:00Z,85.24,86,84.81,85.32,1456521,18373,85.356
2021-06-02T04:00:00Z,85.5,87.08,85,86.83,1006355,14433,86.5254
2021-06-03T04:00:00Z,86.79,87.51,85.83,87.22,1022180,12389,87.0424
2021-06-04T04:00:00Z,87.95,88.15,86.87,87.35,706389,10088,87.4044
2021-06-07T04:00:00Z,87.35,88.9,87.185,88.82,1180927,16589,88.193
2021-06-08T04:00:00Z,88.45,90,87.7714,89.48,1904945,16799,89.4761
2021-06-09T04:00:00Z,88.25,89.975,88.14,88.22,1918000,15079,88.7009
2021-06-10T04:00:00Z,88.47,88.76,87.65,88,1717017,20245,88.1012
2021-06-11T04:00:00Z,88.05,89.01,88,88.64,1207679,15126,88.5054
2021-06-14T04:00:00Z,89,89.86,88.65,88.82,1455155,17301,89.0608
2021-06-15T04:00:00Z,88.86,89.18,87.81,88.47,1655384,17828,88.3961
2021-06-16T04:00:00Z,87.77,88.65,86.92,88.61,1418568,18361,88.1504
2021-06-17T04:00:00Z,88.39,88.6,84.86,86.4,1940595,23059,86.0911
2021-06-18T04:00:00Z,85.95,86.1,82.79,83.25,3023281,21621,83.7737
2021-06-21T04:00:00Z,83.51,85.99,83.3,85.24,1557619,19890,85.1803
2021-06-22T04:00:00Z,85.62,86.84,84.97,86.83,2287424,20569,86.2517
2021-06-23T04:00:00Z,87.4,88.25,87.09,87.52,1317925,14266,87.6391
2021-06-24T04:00:00Z,88.08,88.1999,87.02,87.5,886197,12920,87.5496
2021-06-25T04:00:00Z,87.93,87.94,87,87.44,2240902,13582,87.4477
2021-06-28T04:00:00Z,87.29,87.29,85.21,86.46,958295,13017,86.4026
2021-06-29T04:00:00Z,86.83,87.41,86.1306,86.23,921579,12921,86.5466
2021-06-30T04:00:00Z,86.74,87.365,86.1,86.74,1371727,12612,86.857
2021-07-01T04:00:00Z,87.48,87.6336,86.39,87.01,1048661,14086,86.9411
2021-07-02T04:00:00Z,86.85,87.96,86.39,87.67,883021,10560,87.2522
2021-07-06T04:00:00Z,88.45,88.45,86.99,87.95,1115699,13672,87.7902
2021-07-07T04:00:00Z,88.02,88.82,86.5,87.58,1312408,17780,87.6454
2021-07-08T04:00:00Z,86.33,88.48,85.66,87.38,916828,15298,87.5378
2021-07-09T04:00:00Z,88.18,88.19,87.09,88.01,929152,13271,87.9016
2021-07-12T04:00:00Z,87.33,87.75,86.12,86.7,1710641,13636,86.7085
2021-07-13T04:00:00Z,86.53,86.78,83.74,83.88,1465898,15508,84.3173
2021-07-14T04:00:00Z,84.55,85.6,83.09,83.43,1852907,16943,83.8476
2021-07-15T04:00:00Z,83,83.965,82.63,83.07,935692,11712,83.2163
2021-07-16T04:00:00Z,83.22,83.64,82.75,83.56,895464,12414,83.4275
2021-07-19T04:00:00Z,81.95,82.5,80.06,80.83,1158511,20874,80.7833
2021-07-20T04:00:00Z,81.26,83.9,80.775,83.6,1810715,19672,83.161
2021-07-21T04:00:00Z,84.42,85.1598,83.81,84.36,984030,14033,84.5161
2021-07-22T04:00:00Z,85.46,85.49,83.85,84.38,938608,12924,84.3847
2021-07-23T04:00:00Z,83.97,84.44,82.93,83.89,806535,13931,83.7317
2021-07-26T04:00:00Z,84.14,85.46,83.89,85.34,909002,11968,85.0482
2021-07-27T04:00:00Z,85.32,85.44,83.99,84.63,793052,11438,84.5756
2021-07-28T04:00:00Z,84.65,85.58,83.115,85.17,1310074,12605,84.8946
2021-07-29T04:00:00Z,85.75,87.16,85.22,86.85,1021316,14319,86.5725
2021-07-30T04:00:00Z,86.3,87.12,84.91,84.93,1242748,15174,85.8111
2021-08-02T04:00:00Z,84.85,85.725,84.09,84.9,1225652,15647,84.97
2021-08-03T04:00:00Z,84.52,86.47,83.84,86.16,756694,10343,85.7013
2021-08-04T04:00:00Z,85,86.455,84.69,85.45,1110829,15946,85.649
2021-08-05T04:00:00Z,85.05,86.67,83.52,85.91,1116253,15409,85.7244
2021-08-06T04:00:00Z,85.92,86.45,84.06,84.64,1184588,15074,84.8771
2021-08-09T04:00:00Z,83.5,84.82,83.07,83.88,1349269,15940,83.8339
2021-08-10T04:00:00Z,84.53,87.67,84.2,87.67,1857231,19759,86.9514
2021-08-11T04:00:00Z,87.81,88.31,86.355,86.51,1587803,18970,86.8271
2021-08-12T04:00:00Z,86.45,88.22,86.05,88.13,1198347,13314,87.7357
2021-08-13T04:00:00Z,88.58,88.86,87,87.13,593219,10726,87.6353
2021-08-16T04:00:00Z,86.32,86.98,84.54,85,1691766,20302,85.1155
2021-08-17T04:00:00Z,84.35,86.11,84.25,86.07,1231545,16711,85.3761
2021-08-18T04:00:00Z,85.97,86.95,85.54,85.88,1417219,16811,86.1376
2021-08-19T04:00:00Z,84.2,84.92,82.15,83.04,1584359,24488,83.1107
2021-08-20T04:00:00Z,82.87,83.75,82.68,83.49,958615,14975,83.323
2021-08-23T04:00:00Z,85.34,86.01,85.02,85.8,1119074,15342,85.6603
2021-08-24T04:00:00Z,86.41,87.4,86.03,86.91,1213359,18347,86.9139
2021-08-25T04:00:00Z,86.91,88.86,86.5,88.53,877037,11581,88.3178
2021-08-26T04:00:00Z,88.33,88.905,87.82,87.92,1425138,17617,88.2537
2021-08-27T04:00:00Z,88.5,89.8,88.15,89.7,1075568,12864,89.5309
2021-08-30T04:00:00Z,90,90.11,88.91,88.95,861711,12361,89.4638
2021-08-31T04:00:00Z,88.36,89.14,87.23,87.46,1531482,16117,87.6161
2021-09-01T04:00:00Z,87.51,88.48,86.03,88.29,1066661,16351,87.5625
2021-09-02T04:00:00Z,88.99,91.25,88.845,89.75,1037101,15224,89.8046
2021-09-03T04:00:00Z,89.75,90.485,89.385,89.92,800323,12211,89.9864
2021-09-07T04:00:00Z,87,90.47,87,89.84,1737425,19048,89.5459
2021-09-08T04:00:00Z,91.1,92.115,89.16,89.98,2293315,21050,90.1243
2021-09-09T04:00:00Z,90,90.16,87.185,87.56,1800450,22770,88.1638
2021-09-10T04:00:00Z,88.69,88.71,87.5,88.05,1376964,19423,88.0581
2021-09-13T04:00:00Z,89.16,91.4,89.005,90.83,1457435,18819,90.7438
2021-09-14T04:00:00Z,91.88,92,88.28,88.54,1085227,15986,89.5303
2021-09-15T04:00:00Z,89.51,92.26,89.51,92.09,2228884,27256,91.8258
2021-09-16T04:00:00Z,91.17,92,90.61,90.7,2008699,20132,90.9491
2021-09-17T04:00:00Z,90.61,90.85,86.72,86.93,4242108,23092,87.3642
2021-09-20T04:00:00Z,84.53,86.9,84.1901,85.27,1780881,19186,85.2594
2021-09-21T04:00:00Z,86,88.07,85.61,87.74,1922582,21908,87.3535
2021-09-22T04:00:00Z,89.09,90.29,89,89.92,1673672,23061,89.8092
2021-09-23T04:00:00Z,90.85,94.23,90.06,93.79,2276702,27940,93.1038
2021-09-24T04:00:00Z,93.71,95,92.86,94.67,1997986,24423,94.3762
2021-09-27T04:00:00Z,97.16,98.18,95.9,96.01,2991996,29927,96.856
2021-09-28T04:00:00Z,96.97,98.22,96.17,96.93,2419397,28016,97.0657
2021-09-29T04:00:00Z,97.75,98.55,96.35,97.59,2042363,24858,97.5769
2021-09-30T04:00:00Z,97.9,100.01,97.33,97.67,3340880,35020,98.5502
2021-10-01T04:00:00Z,98.5,98.91,96.27,98.83,1900632,22665,97.8646
2021-10-04T04:00:00Z,101.01,104.534,99.81,102.3,3387897,37695,102.836
2021-10-05T04:00:00Z,103.91,104.02,99.24,100.44,2396925,29220,100.796
2021-10-06T04:00:00Z,99.25,99.66,97,98.8,1698987,24859,98.5583
2021-10-07T04:00:00Z,98.58,100.88,98.53,100.06,1847074,24012,99.7736
2021-10-08T04:00:00Z,100.78,101.7,99.64,99.67,1501355,18675,100.316
2021-10-11T04:00:00Z,100.77,102.56,100.399,101.63,1198268,17719,101.744
2021-10-12T04:00:00Z,102,103.95,101.71,102.52,1360559,16507,102.918
2021-10-13T04:00:00Z,102.52,105.26,101.5,105.01,1454482,17363,104.049
2021-10-14T04:00:00Z,106.4,106.69,105.3,105.97,2501410,17168,105.98
2021-10-15T04:00:00Z,107,111.13,106.78,110.49,2653214,31002,109.583
2021-10-18T04:00:00Z,112.08,113.4,110.77,111.51,2194034,32046,112.11
2021-10-19T04:00:00Z,111.47,111.75,108.02,108.29,2612319,29987,109.468
2021-10-20T04:00:00Z,107.5,108.04,103.96,104.15,3777192,43801,105.234
2021-10-21T04:00:00Z,104.49,106.24,103.63,105.9,2012404,26721,105.327
2021-10-22T04:00:00Z,106,107.459,104.27,105.27,1205044,16011,105.298
2021-10-25T04:00:00Z,108.32,109.185,106.37,108,2099100,22947,107.525
2021-10-26T04:00:00Z,108,108.87,106.67,107.18,1210962,16247,107.573
2021-10-27T04:00:00Z,106.8,107.702,105.15,105.86,2054502,21323,106.289
2021-10-28T04:00:00Z,105.54,106.52,103.83,104.57,1161805,18804,104.884
2021-10-29T04:00:00Z,104.32,104.695,102.8,103.4,1350796,18257,103.56
2021-11-01T04:00:00Z,104,105.81,103.71,105.34,1367450,17708,105.093
2021-11-02T04:00:00Z,104.96,105.7,103.86,105.57,938515,13840,105.049
2021-11-03T04:00:00Z,105.1,106,104.01,105.64,1464391,20111,105.454
2021-11-04T04:00:00Z,107,107.9,104.78,105.57,2213564,28810,105.908
2021-11-05T04:00:00Z,106.73,108.248,106,107.82,2244607,27129,107.65
2021-11-08T05:00:00Z,110.33,110.33,107.31,108.03,1810332,27219,108.502
2021-11-09T05:00:00Z,108.57,109.08,106.64,106.92,1807608,20572,107.505
2021-11-10T05:00:00Z,107,107.03,102.583,104.59,1878703,26714,104.501
2021-11-11T05:00:00Z,105.54,105.73,104.22,104.22,1490084,16220,104.603
2021-11-12T05:00:00Z,104.14,104.685,102.73,104.31,1884019,19939,103.845
2021-11-15T05:00:00Z,104.03,105.32,102.82,103.4,1367944,21133,103.938
2021-11-16T05:00:00Z,104.53,107.3,103.6,106.24,1671196,23548,105.781
2021-11-17T05:00:00Z,106,106.94,104.07,104.89,1211307,18045,105.37
2021-11-18T05:00:00Z,104.48,107.36,104.2,107.21,1538791,21136,106.44
2021-11-19T05:00:00Z,104.05,104.83,101.45,104.23,2089545,28165,103.608
2021-11-22T05:00:00Z,103.26,104.89,102.5,102.85,1428095,18549,103.488
2021-11-23T05:00:00Z,103.36,105.675,103.36,104.85,1774112,19014,104.762
2021-11-24T05:00:00Z,104.92,109.28,103.82,108.85,1739005,22067,108.021
2021-11-26T05:00:00Z,103.65,108.98,103.65,106.89,1548724,17620,106.624
2021-11-29T05:00:00Z,109.15,109.95,106.12,106.6,1753163,21912,107.368
2021-11-30T05:00:00Z,104.29,105.48,103.13,104.81,3591009,23795,104.604
2021-12-01T05:00:00Z,106.02,106.6,101.78,101.78,1687122,22188,103.319
2021-12-02T05:00:00Z,101.36,105.58,100.02,105.02,2287676,24610,104.14
2021-12-03T05:00:00Z,105.46,106.39,101.745,103.51,1661511,23071,103.401
2021-12-06T05:00:00Z,104.04,106.25,102.33,105.37,1947033,25156,104.895
2021-12-07T05:00:00Z,106.95,109,105.61,106.56,2451879,32094,106.864
2021-12-08T05:00:00Z,105.8,106.47,104.64,105.48,2621201,31762,105.46
2021-12-09T05:00:00Z,105.36,105.425,102.09,102.17,1508706,17556,102.616
2021-12-10T05:00:00Z,102.7,103.23,101.19,103.04,1925543,20891,102.702
2021-12-13T05:00:00Z,102.52,102.95,101.26,102.09,1552353,18371,102.246
2021-12-14T05:00:00Z,102.31,103,101.47,102.08,1700008,20537,102.116
2021-12-15T05:00:00Z,101.74,102.6,98.1,101.45,2350131,26709,100.868
2021-12-16T05:00:00Z,103.87,104.705,100.39,100.86,2257300,23961,102.041
2021-12-17T05:00:00Z,100.48,102.125,99.16,100.41,3915140,23897,100.613
2021-12-20T05:00:00Z,98.75,101.36,97.85,101.12,1607232,17552,100.267
2021-12-21T05:00:00Z,102.12,106.6,102.12,105.57,2959111,22911,105.398
2021-12-22T05:00:00Z,106.03,106.08,103.07,103.68,2061564,24511,103.984
2021-12-23T05:00:00Z,104.26,104.957,103.86,103.95,1035719,13592,104.305
2021-12-27T05:00:00Z,104.73,104.8,102.02,103.43,1171217,15064,103.573
2021-12-28T05:00:00Z,103.87,104.62,103.17,103.8,771749,13191,103.832
2021-12-29T05:00:00Z,103.64,104,101.73,103.45,902825,14246,102.969
2021-12-30T05:00:00Z,103.25,103.68,101.15,101.32,1022474,15600,101.881
2021-12-31T05:00:00Z,101.45,102.08,100.77,101.42,742986,11971,101.276
2022-01-03T05:00:00Z,101.93,103.02,100.39,102.49,1942987,22338,101.942
2022-01-04T05:00:00Z,103.6,105.565,103.47,104.74,1862907,27170,104.712
2022-01-05T05:00:00Z,105.5,108.61,105,105.25,2124701,27033,106.916
2022-01-06T05:00:00Z,106.03,109.81,105.62,109.56,1986495,26414,108.646
2022-01-07T05:00:00Z,109.9,110.23,107.85,108.52,1395484,22957,108.831
2022-01-10T05:00:00Z,109.45,109.72,106.573,107.95,1673028,22759,107.722
2022-01-11T05:00:00Z,108.2,111.3,107.75,111.17,1663497,21176,110.413
2022-01-12T05:00:00Z,111.53,114.74,111.17,114.3,2085867,28392,113.573
2022-01-13T05:00:00Z,115.63,115.73,112.51,112.71,1663183,24667,113.992
2022-01-14T05:00:00Z,111.76,115.52,111.418,113,1959953,26035,113.248
2022-01-18T05:00:00Z,114.74,115.53,111.621,112.32,1697706,21662,113.111
2022-01-19T05:00:00Z,112.87,113.045,108,108.33,1968945,28621,109.271
2022-01-20T05:00:00Z,108.05,109.23,106.05,106.29,1545261,25986,107.435
2022-01-21T05:00:00Z,104.88,106.555,103.03,104.55,1784750,27678,104.545
2022-01-24T05:00:00Z,103,105.47,100.13,105.13,2014390,30874,102.982
2022-01-25T05:00:00Z,104.94,110.51,104.81,109.88,2368391,29308,108.659
2022-01-26T05:00:00Z,113.86,113.86,108.56,110.26,2041570,30469,111.246
2022-01-27T05:00:00Z,111.61,113.69,109.01,110.16,2439849,32840,110.976
2022-01-28T05:00:00Z,110.7,113.07,110.09,112.86,2073733,28337,111.698
2022-01-31T05:00:00Z,114.38,114.38,110.72,111.9,1687923,24171,112.228
2022-02-01T05:00:00Z,112,115.74,110.65,115.05,1902619,28584,114.033
2022-02-02T05:00:00Z,114.88,117.91,113.75,117.14,2128624,24114,116.175
2022-02-03T05:00:00Z,115.88,116.75,113.55,114.89,1261088,19697,115.214
2022-02-04T05:00:00Z,115.31,116.96,113.2,114.05,1486652,20123,114.526
2022-02-07T05:00:00Z,113.56,118.27,113.5,116.5,1752461,22642,116.573
2022-02-08T05:00:00Z,116.52,118.24,113.9,114.78,1084132,18621,114.906
2022-02-09T05:00:00Z,114.44,117.95,114.44,115.95,917605,13962,115.767
2022-02-10T05:00:00Z,116.08,118.64,115.16,115.84,1174772,18282,116.598
2022-02-11T05:00:00Z,116.13,121.31,116.13,120.24,2482598,31633,119.755
2022-02-14T05:00:00Z,119.47,120.38,115.29,116.89,1859409,27734,117.092
2022-02-15T05:00:00Z,114.01,116.62,112.09,113.99,2150562,30498,114.368
2022-02-16T05:00:00Z,114.73,117.16,114.45,114.89,1363639,22556,115.495
2022-02-17T05:00:00Z,116.41,117.75,114.259,115.88,2147289,28564,115.946
2022-02-18T05:00:00Z,115.65,116.37,114.13,116.02,1641999,22961,115.423
2022-02-22T05:00:00Z,121.31,121.35,114.21,115.72,2488128,38131,116.263
2022-02-23T05:00:00Z,116.05,120.04,115.89,119,2920284,38384,118.861
2022-02-24T05:00:00Z,136.06,139.5,121.83,127.995,8653601,90570,128.919
2022-02-25T05:00:00Z,129,129.69,126.07,129.25,3699017,40029,128.218
2022-02-28T05:00:00Z,134.57,135.358,132.02,132.9,6521798,56927,133.288
2022-03-01T05:00:00Z,135.45,135.65,129.055,129.22,3824308,50071,131.266
2022-03-02T05:00:00Z,131.1,133.56,130.27,133.46,3062606,44203,132.225
2022-03-03T05:00:00Z,133,135.58,132.63,133.61,3199710,28707,134.036
2022-03-04T05:00:00Z,134.93,139.925,134.6,139.63,3492964,41348,137.174
2022-03-07T05:00:00Z,142,143.4,134.82,139.01,4279934,54335,138.799
2022-03-08T05:00:00Z,140.5,140.74,132.02,134.22,3994222,55151,136.615
2022-03-09T05:00:00Z,130,137.44,128.254,134.02,2683030,42336,133.28
2022-03-10T05:00:00Z,133,134.79,132.03,132.58,1841810,27606,133.251
2022-03-11T05:00:00Z,131.68,133.88,129.425,129.46,1785516,30018,130.987
2022-03-14T04:00:00Z,126.06,130.94,124.78,128.49,2961896,38403,127.461
2022-03-15T04:00:00Z,125,127.02,122.905,126.56,2119580,30957,125.339
2022-03-16T04:00:00Z,125.84,127.38,124,125.88,1623925,26209,125.538
2022-03-17T04:00:00Z,129.57,131.615,127.7,128.29,1736607,27564,128.961
2022-03-18T04:00:00Z,127.86,132.49,126.8,131.86,6688833,33504,131.272
2022-03-21T04:00:00Z,135.18,136.05,131.66,135.8,2206740,30682,134.259
2022-03-22T04:00:00Z,135.45,136.21,132.18,134.29,1793873,26276,134.32
2022-03-23T04:00:00Z,136.5,140.7,135.877,139.97,2948292,36851,138.886
2022-03-24T04:00:00Z,142.84,144.77,140.21,141.57,2746387,38424,142.445
2022-03-25T04:00:00Z,145,149.42,143.28,149.3,4392729,51171,146.729
2022-03-28T04:00:00Z,145.6,145.7,139.59,140.15,3072455,42886,142.087
2022-03-29T04:00:00Z,134.61,138.62,132.16,138.59,3171427,43687,136.208
2022-03-30T04:00:00Z,139.86,141.77,139.56,141.77,2290454,29816,140.709
2022-03-31T04:00:00Z,142.24,142.31,138.19,138.65,2642577,29006,139.813
2022-04-01T04:00:00Z,139.34,143.85,138.7,142.09,2249401,33753,141.713
2022-04-04T04:00:00Z,143.83,144.72,141.13,141.44,1759302,23857,142.052
2022-04-05T04:00:00Z,143.77,143.99,139.72,140.76,2235848,29391,141.268
2022-04-06T04:00:00Z,141.99,143.421,140.62,141.06,1518781,25437,141.595
2022-04-07T04:00:00Z,143.3,144.63,140.56,143.54,2140880,33663,142.479
2022-04-08T04:00:00Z,143.63,144.96,141.5,144.18,1962984,31537,143.835
2022-04-11T04:00:00Z,141.94,142.74,138.75,139.22,1537585,21271,140.439
2022-04-12T04:00:00Z,138.52,141,137.39,137.96,2094842,30897,138.61
2022-04-13T04:00:00Z,138.55,139.04,134.13,136.45,2311219,37799,136.026
2022-04-14T04:00:00Z,136.34,141.75,135.67,139.53,4282584,33465,139.686
2022-04-18T04:00:00Z,139.97,140.55,136.3,139.25,2480751,39265,138.553
2022-04-19T04:00:00Z,140.32,142.63,138.06,139.13,2557290,35402,139.757
2022-04-20T04:00:00Z,140.75,141.04,137.85,137.99,1898589,27186,138.902
2022-04-21T04:00:00Z,138.12,142.325,136.23,136.58,1694526,29954,138.928
2022-04-22T04:00:00Z,136.26,141.44,134.33,135.7,2561039,31937,137.129
2022-04-25T04:00:00Z,131.54,132.82,127.5,131.13,2423012,38447,130.521
2022-04-26T04:00:00Z,131.36,137.7,130.3,135.49,2670466,36807,135.183
2022-04-27T04:00:00Z,137.12,140.5,135.01,140.28,2417671,35781,138.639
2022-04-28T04:00:00Z,140.5,142.53,135.602,141.43,1912699,31568,140.078
2022-04-29T04:00:00Z,142,143.35,135.33,135.81,1953418,28838,137.991
2022-05-02T04:00:00Z,134.89,137.58,131.92,136.05,1600614,25185,134.869
2022-05-03T04:00:00Z,136.29,141.43,136.1,140.46,2780796,33525,140.096
2022-05-04T04:00:00Z,149.41,150,139.69,146.3,3790353,47521,143.944
2022-05-05T04:00:00Z,148.5,149.42,140.75,142.8,3340528,46184,144.643
2022-05-06T04:00:00Z,144.88,148.06,139.76,147.27,3025639,41793,145.739
2022-05-09T04:00:00Z,145.46,145.93,133.575,134.34,3037009,47500,136.623
2022-05-10T04:00:00Z,136.57,138.09,129.23,131.1,2490931,38102,132.76
2022-05-11T04:00:00Z,131.76,138.26,131.25,132.61,1975234,27771,133.874
2022-05-12T04:00:00Z,131.69,133.072,127.76,132.01,1957612,33025,131.035
2022-05-13T04:00:00Z,134.09,137.66,133.65,135.53,1117438,24613,135.678
2022-05-16T04:00:00Z,135.99,139.78,135.925,136.77,1219529,22300,137.497
2022-05-17T04:00:00Z,138.79,139.12,135,137.05,3473551,25518,136.9
2022-05-18T04:00:00Z,138,138.74,130.76,132.97,1711685,27589,133.695
2022-05-19T04:00:00Z,131.11,133.325,130.09,130.43,1828737,31309,131.429
2022-05-20T04:00:00Z,130.94,132.45,127.5,130.4,1995854,29915,129.724
2022-05-23T04:00:00Z,130.76,131.14,127.75,131.11,2717134,37872,129.98
2022-05-24T04:00:00Z,130.29,131.65,128.5,130.49,1350891,22711,130.172
2022-05-25T04:00:00Z,131.77,136.75,131.5,136.44,1920544,27784,134.678
2022-05-26T04:00:00Z,138,138.42,134.67,136.09,1515495,27998,136.24
2022-05-27T04:00:00Z,136.49,139.15,134.52,138.33,1743546,26820,137.475
2022-05-31T04:00:00Z,140,141,134.11,136.77,5072778,44322,137.022
2022-06-01T04:00:00Z,136.65,141.12,135.45,139.98,2483166,38835,138.83
2022-06-02T04:00:00Z,139.74,143.39,139.3,143.09,1651720,23811,142.117
2022-06-03T04:00:00Z,143.37,144.09,141.68,141.96,2287698,22944,142.454
2022-06-06T04:00:00Z,142.62,143.065,138.061,140.01,2436774,27090,140.007
2022-06-07T04:00:00Z,138.88,146.35,138.54,146.25,1938421,27141,144.325
2022-06-08T04:00:00Z,145,145.84,140.43,142.19,2542865,37887,142.685
2022-06-09T04:00:00Z,141.1,143.415,137.2,137.35,2288713,29407,139.406
2022-06-10T04:00:00Z,136.2,137.02,133.62,135.44,1184092,23632,135.239
2022-06-13T04:00:00Z,131.22,131.88,125.89,127.84,2592356,38534,128.617
2022-06-14T04:00:00Z,129.2,135.63,128.7,130.52,2802903,44316,131.946
2022-06-15T04:00:00Z,132.25,133.73,128.85,130.47,2635602,36772,131.329
2022-06-16T04:00:00Z,128.05,129.25,123.85,124.15,2825875,41697,126.016
2022-06-17T04:00:00Z,124.43,127.06,120.09,125.98,7618047,52139,125.073
2022-06-21T04:00:00Z,126.51,134.82,126.51,132.73,3443522,43338,132.702
2022-06-22T04:00:00Z,128.97,130.81,126.54,126.84,2832783,41022,128.211
2022-06-23T04:00:00Z,126.57,128.75,124.03,125.15,2632642,34648,125.935
2022-06-24T04:00:00Z,126.47,127.7,124.16,126.58,5308632,44826,126.415
2022-06-27T04:00:00Z,128.5,131.925,127.71,131.02,2251549,32381,130.286
2022-06-28T04:00:00Z,133.99,135.28,131.03,134.86,2228736,34215,133.543
2022-06-29T04:00:00Z,136.58,137.49,133,134.5,2116314,33582,134.756
2022-06-30T04:00:00Z,132.09,134.25,130.67,133.03,2163576,26809,132.76
2022-07-01T04:00:00Z,131.91,133.45,127.41,131.95,1928255,27291,130.497
2022-07-05T04:00:00Z,129.91,132.62,127.67,131.98,2203196,32407,130.572
2022-07-06T04:00:00Z,129.84,130.74,122.09,124.42,4130488,48437,124.656
2022-07-07T04:00:00Z,125.32,132.85,125.32,131.95,2605021,38228,130.544
2022-07-08T04:00:00Z,132.58,132.87,127.76,127.86,3231994,40527,128.946
2022-07-11T04:00:00Z,126.5,126.85,123,123.95,2485093,34955,124.134
2022-07-12T04:00:00Z,122.23,125.13,120.5,124.29,1913399,29141,123.376
2022-07-13T04:00:00Z,121.64,125.42,121.34,122.39,1564951,26623,123.4
2022-07-14T04:00:00Z,122.11,124.01,120.29,123.88,2111116,27937,122.456
2022-07-15T04:00:00Z,125,125.33,122.18,124.17,1603724,24099,123.512
2022-07-18T04:00:00Z,124.83,129,124.83,126.49,1862840,25446,127.081
2022-07-19T04:00:00Z,126.77,132.12,126.4,132.11,1575672,27414,130.807
2022-07-20T04:00:00Z,133.99,137.44,131.9,135.76,2280579,29312,134.904
2022-07-21T04:00:00Z,132.86,137.41,130.61,137.22,2149504,33874,135.452
2022-07-22T04:00:00Z,137.83,138.5,133.04,134.1,1493157,23968,135.029
2022-07-25T04:00:00Z,135.93,140.96,135.257,140,1987050,27164,139.73
2022-07-26T04:00:00Z,142.57,144.67,140.01,144.16,4400296,58309,143.514
2022-07-27T04:00:00Z,147,147.5,142.71,146.44,2876152,41688,145.542
2022-07-28T04:00:00Z,147,147.825,143.29,146.08,2107884,30164,145.863
2022-07-29T04:00:00Z,147.68,150.61,146,149.58,3020669,35077,149.001
2022-08-01T04:00:00Z,147.84,148.49,145.52,146.97,1836707,24929,147.013
2022-08-02T04:00:00Z,146.97,148.3,145.16,145.97,1510287,24906,146.272
2022-08-03T04:00:00Z,146.45,147.1,144.76,145.39,1470235,24031,145.928
2022-08-04T04:00:00Z,145.18,147.97,142.778,144.13,2403627,35168,145.571
2022-08-05T04:00:00Z,142.28,148.26,141.995,146.77,1553836,25473,146.909
2022-08-08T04:00:00Z,147.11,150.96,147.11,147.71,1985906,29776,148.787
2022-08-09T04:00:00Z,149.13,149.62,147.25,148.97,2603116,37409,148.502
2022-08-10T04:00:00Z,148.84,152.68,147.75,150.77,2803889,35926,150.43
2022-08-11T04:00:00Z,152.93,156.26,151.84,154.77,3726944,49430,154.404
2022-08-12T04:00:00Z,156,158.7,153.56,158.69,2574847,38823,156.672
2022-08-15T04:00:00Z,155.03,159.44,152.53,157.57,2382275,37885,157.169
2022-08-16T04:00:00Z,158.57,162.75,158.57,161.28,2226458,31374,161.089
2022-08-17T04:00:00Z,162.93,163.155,159.36,161.48,1787821,29013,161.548
2022-08-18T04:00:00Z,161.83,167.905,161.67,167.56,3630768,50445,165.341
2022-08-19T04:00:00Z,165.88,167.02,164.37,165.85,1665094,29332,165.637
2022-08-22T04:00:00Z,167.37,170.33,165.17,165.24,3249449,48325,167.384
2022-08-23T04:00:00Z,167.5,171.45,165.854,171.02,2749025,43747,169.324
2022-08-24T04:00:00Z,171.9,172.25,168.75,171.68,3039656,41479,170.859
2022-08-25T04:00:00Z,171.21,172.1,168.59,169.96,2407711,35893,170.006
2022-08-26T04:00:00Z,170.49,170.62,166.5,167.76,1987754,30552,168.249
2022-08-29T04:00:00Z,165.53,168.11,163.9,165.28,2259200,34791,165.88
2022-08-30T04:00:00Z,162.43,163,157.31,161.34,4051516,57893,159.959
2022-08-31T04:00:00Z,159.12,161.93,157,160.18,3412678,38642,159.825
2022-09-01T04:00:00Z,158.17,158.3,154.1,156.75,2673945,44594,156.021
2022-09-02T04:00:00Z,159.1,162.55,156.32,162.36,3135194,50092,160.258
2022-09-06T04:00:00Z,165.85,167.76,157.16,158.58,4880195,70401,161.165
2022-09-07T04:00:00Z,154.81,157.38,153.69,155.67,3246715,53023,155.611
2022-09-08T04:00:00Z,155.67,160.07,155.3,159.18,2349095,36469,158.659
2022-09-09T04:00:00Z,160,162.885,158.04,161.25,2244084,32501,161.294
2022-09-12T04:00:00Z,161.63,162.5,159.75,160.73,1821161,29037,161.09
2022-09-13T04:00:00Z,165.31,169.23,162.3,165.67,5201300,61841,166.564
2022-09-14T04:00:00Z,169.36,178.62,168.57,174.17,6600713,80743,174.616
2022-09-15T04:00:00Z,170.75,176.37,170.369,172.1,4062598,52566,172.961
2022-09-16T04:00:00Z,168.56,169.7,164.05,167.25,8009791,56224,166.792
2022-09-19T04:00:00Z,163.16,170.125,162.756,168.5,2744064,33955,168.358
2022-09-20T04:00:00Z,167.55,169.235,163.76,168.05,2963305,32962,167.379
2022-09-21T04:00:00Z,170,170.5,165.35,165.49,2014181,31064,166.908
2022-09-22T04:00:00Z,167,168.65,163.72,166.22,2520922,34024,165.989
2022-09-23T04:00:00Z,161.77,161.77,152.65,155.18,3746528,54816,155.721
2022-09-26T04:00:00Z,154.51,155.36,147.7,148.95,3440908,50082,150.682
2022-09-27T04:00:00Z,151.74,153.81,150.33,152.57,3158145,43394,152.027
2022-09-28T04:00:00Z,154.18,163.645,153.82,163.17,3913691,55530,159.756
2022-09-29T04:00:00Z,162.2,165.06,158.5,164.31,3385432,49247,163.099
2022-09-30T04:00:00Z,164.98,170.13,164.83,165.91,4782664,53042,167.203
2022-10-03T04:00:00Z,170.85,172.33,165.62,167.33,4205912,53140,168.545
2022-10-04T04:00:00Z,170.09,171.805,168.31,170.42,3051702,36523,170.178
2022-10-05T04:00:00Z,171.22,172.1,165.91,171.44,2688948,37862,170.424
2022-10-06T04:00:00Z,172.38,174.8,170.65,172.51,2066003,29976,172.754
2022-10-07T04:00:00Z,172.7,177.1,171.53,174,2320657,38730,174.766
2022-10-10T04:00:00Z,174.07,175.76,167.1,167.89,2397023,33247,169.84
2022-10-11T04:00:00Z,165.46,173.01,165.04,168.14,2936060,41355,168.874
2022-10-12T04:00:00Z,167.72,172.74,165.86,171.61,2337032,35653,170.506
2022-10-13T04:00:00Z,169.61,178.59,168.92,178.17,3877295,49630,175.152
2022-10-14T04:00:00Z,177.5,177.57,169.5,170.55,3916656,54254,172.316
2022-10-17T04:00:00Z,172.63,174.5,171.145,171.6,1926930,29349,172.455
2022-10-18T04:00:00Z,172.11,172.678,166,167.97,2848304,47936,168.862
2022-10-19T04:00:00Z,167.5,171.71,167.25,170.75,1903226,31316,170.718
2022-10-20T04:00:00Z,171.5,174.942,170.7,173.9,2500582,32639,173.322
2022-10-21T04:00:00Z,173.66,176.46,171.09,175.79,1647344,31567,174.469
2022-10-24T04:00:00Z,175.43,175.435,167.6,168.89,2737838,42236,170.682
2022-10-25T04:00:00Z,170,171.15,167.53,169.28,3099256,39625,169.031
2022-10-26T04:00:00Z,169.75,172,169.08,169.35,2164918,33184,169.956
2022-10-27T04:00:00Z,170.61,174.78,169.75,174.13,2478067,34393,173.442
2022-10-28T04:00:00Z,175,176.75,172.01,174.48,1217551,23922,174.336
2022-10-31T04:00:00Z,174.2,178.957,174.2,176.41,2427543,35911,177.174
2022-11-01T04:00:00Z,177.72,179.97,175.6,179.86,2195155,33018,178.493
2022-11-02T04:00:00Z,179.86,182.348,177.15,178.62,2438058,38936,179.774
2022-11-03T04:00:00Z,172.51,180.72,171.18,177.05,3777259,52569,176.696
2022-11-04T04:00:00Z,177.5,179.79,165.42,171.78,3743698,60070,171.08
2022-11-07T05:00:00Z,172.5,172.914,168.45,170.46,1889376,34343,170.148
2022-11-08T05:00:00Z,169.82,175.56,169,173.37,1838150,34166,173.021
2022-11-09T05:00:00Z,172.86,172.99,161.73,162.87,3572146,54388,165.625
2022-11-10T05:00:00Z,165.93,168.87,164.44,167.32,2468578,39355,166.202
2022-11-11T05:00:00Z,167.8,168.705,158.63,161.76,4437626,64278,162.38
2022-11-14T05:00:00Z,161,166.64,160.83,164.5,2598760,37278,164.05
2022-11-15T05:00:00Z,164.39,165.7,160.88,165.37,2522522,39706,164.133
2022-11-16T05:00:00Z,164.84,168,164.004,167.61,2089824,29511,166.634
2022-11-17T05:00:00Z,166.21,168,163.75,165.48,1401231,26862,164.917
2022-11-18T05:00:00Z,162.86,167.76,162.62,167.75,2129821,33766,166.23
2022-11-21T05:00:00Z,164.77,165.962,162.32,164.53,2055039,36112,164.069
2022-11-22T05:00:00Z,165.25,172.76,165.245,172.47,2029891,36549,170.521
2022-11-23T05:00:00Z,171.47,173.405,170.304,172.8,1125606,23119,171.929
2022-11-25T05:00:00Z,173.3,176.32,172.53,173.08,701278,12881,174.191
2022-11-28T05:00:00Z,170.2,173,169.007,170.43,1249667,21364,170.97
2022-11-29T05:00:00Z,171.79,173.08,170.75,172.65,1439707,20179,172.019
2022-11-30T05:00:00Z,173.25,176.478,172.75,175.36,3008815,31311,174.777
2022-12-01T05:00:00Z,176.72,178.12,175.097,175.53,1303279,23366,176.217
2022-12-02T05:00:00Z,171.16,176.56,170.537,174.72,1435293,24096,174.405
2022-12-05T05:00:00Z,174.67,176.2,171.081,172.34,1417350,26855,173.739
2022-12-06T05:00:00Z,171.53,172.87,163.56,163.73,2487816,46533,165.98
2022-12-07T05:00:00Z,163.68,169.6,163.652,168.38,1662678,31576,167.608
2022-12-08T05:00:00Z,168.7,170.08,162.75,163.1,2283255,39358,164.859
2022-12-09T05:00:00Z,162.5,163.69,157.71,158.53,2187213,44238,160.133
2022-12-12T05:00:00Z,159.33,162.69,158.265,162.49,1242095,26638,161.328
2022-12-13T05:00:00Z,164.82,166.64,163.75,165.2,1511410,29177,165.289
2022-12-14T05:00:00Z,166.42,166.91,160.66,163.2,1596158,26379,163.606
2022-12-15T05:00:00Z,162.28,162.28,158.97,160.6,1695402,25849,160.609
2022-12-16T05:00:00Z,158.85,159.3,155.13,157.61,2162681,32148,157.504
2022-12-19T05:00:00Z,157.5,157.583,152.01,152.27,1759766,29944,153.641
2022-12-20T05:00:00Z,151.84,154.31,150.9,153.7,1486376,26129,152.846
2022-12-21T05:00:00Z,154.63,157.44,153.12,157.32,1714182,32901,155.611
2022-12-22T05:00:00Z,155.91,156.37,147.63,152.45,2268275,36292,150.808
2022-12-23T05:00:00Z,151.66,156.22,151.135,155.92,1172695,23631,154.161
2022-12-27T05:00:00Z,156.93,159.13,154.013,155.51,1318328,24788,155.878
2022-12-28T05:00:00Z,154,154.68,149.245,149.46,1576295,27542,151.619
2022-12-29T05:00:00Z,147.95,150.77,147.602,149.86,1642161,29134,149.229
2022-12-30T05:00:00Z,148.8,150.75,147.1,149.96,1816792,29315,149.335
2023-01-03T05:00:00Z,148.75,149.4,140,140.53,4363736,65534,142.436
2023-01-04T05:00:00Z,137.38,145,135,144.69,3734881,57395,141.297
2023-01-05T05:00:00Z,143.16,145.14,142.61,144.79,2698963,41519,144.112
2023-01-06T05:00:00Z,144.08,145.7,142.305,142.88,2227056,35991,143.481
2023-01-09T05:00:00Z,144.03,145.27,142.005,143.49,2304296,37472,144.118
2023-01-10T05:00:00Z,143.25,146.68,142.9,146.51,1706956,29700,145.033
2023-01-11T05:00:00Z,147.13,151.24,147.13,149.46,2469789,39396,149.084
2023-01-12T05:00:00Z,149.56,154.75,149.19,153.47,2065707,32164,153.284
2023-01-13T05:00:00Z,153.15,156.71,149.55,156.51,1908693,30889,154.543
2023-01-17T05:00:00Z,155.5,156.38,148.43,149.87,2770696,45086,150.917
2023-01-18T05:00:00Z,150.55,154.45,150.11,151.37,2442035,31982,151.79
2023-01-19T05:00:00Z,150.09,150.96,146.77,150.59,2552245,33626,149.721
2023-01-20T05:00:00Z,151.44,152.67,149.5,151.73,1584744,29102,151.74
2023-01-23T05:00:00Z,151.63,155.82,150.26,154.91,1875680,26058,154.171
2023-01-24T05:00:00Z,154.48,154.48,150.56,151.02,1429268,25617,151.61
2023-01-25T05:00:00Z,149.19,149.675,147.25,148.84,1790386,27160,148.259
2023-01-26T05:00:00Z,149.19,151.93,148.7,151.76,1993479,30558,150.689
2023-01-27T05:00:00Z,150.96,152,149.335,150.26,981663,20557,150.83
2023-01-30T05:00:00Z,149.14,151.21,148.52,148.71,1271464,22561,149.585
2023-01-31T05:00:00Z,148.77,152.88,147.5,152.79,1959249,23685,150.832
2023-02-01T05:00:00Z,151.55,154.35,151,153.96,1831243,29177,152.701
2023-02-02T05:00:00Z,154.13,154.182,148,149.28,1951612,36156,150.633
2023-02-03T05:00:00Z,149.78,151.83,147.59,147.83,1373881,28216,149.137
2023-02-06T05:00:00Z,147.62,148.82,147.5,148.35,1629889,25093,148.131
2023-02-07T05:00:00Z,148.3,150.36,147,149.93,1044035,21126,148.568
2023-02-08T05:00:00Z,150.63,150.63,148,148.74,1158840,19560,149.067
2023-02-09T05:00:00Z,149.46,149.65,147.48,147.48,1588547,21214,147.978
2023-02-10T05:00:00Z,147.42,151.98,147.21,151.97,1128765,24763,150.184
2023-02-13T05:00:00Z,151.46,151.69,147.67,147.8,1218528,20949,148.976
2023-02-14T05:00:00Z,147.59,150.99,146.27,148.79,1259300,22055,149.131
2023-02-15T05:00:00Z,146.93,151.13,145.02,151.03,1262671,26267,149.481
2023-02-16T05:00:00Z,149.63,151.08,148.41,148.8,1103485,18227,149.646
2023-02-17T05:00:00Z,147.94,147.96,143.96,144.87,2153516,38088,145.338
2023-02-21T05:00:00Z,143.21,145.89,142.26,143.88,1889469,30338,144.282
2023-02-22T05:00:00Z,143.72,147.97,142.69,147.86,2094416,36241,146.78
2023-02-23T05:00:00Z,153.31,163.49,152.5,161.82,5727708,83065,160.508
2023-02-24T05:00:00Z,159.82,160.96,155.665,157.77,3040387,50692,157.964
2023-02-27T05:00:00Z,156.47,161.235,156.47,158.5,1828445,32007,158.377
2023-02-28T05:00:00Z,157.91,161.04,157.06,157.34,2180601,32504,158.51
2023-03-01T05:00:00Z,157.74,161.34,157.27,160.79,1448620,26771,159.518
2023-03-02T05:00:00Z,159.12,164.795,158.75,163.32,1780020,27789,162.592
2023-03-03T05:00:00Z,162.82,167.28,162.31,164.38,2063200,37317,165.332
2023-03-06T05:00:00Z,159.06,161,155.69,156.55,3084469,46043,157.235
2023-03-07T05:00:00Z,156.52,156.52,153.6,155.71,1666270,33878,155.122
2023-03-08T05:00:00Z,154.5,156.99,152.8,155.18,1411301,30862,154.268
2023-03-09T05:00:00Z,154.52,155.82,152.06,153.15,1743741,31665,153.528
2023-03-10T05:00:00Z,153.15,156.18,151,154.23,2818068,49854,154.064
2023-03-13T04:00:00Z,150.23,158.74,149,153.95,2775227,42199,154.371
2023-03-14T04:00:00Z,154.9,155.75,148.43,150.31,2622468,45084,151.423
2023-03-15T04:00:00Z,144.63,146.86,141.43,144.09,3592557,54244,143.361
2023-03-16T04:00:00Z,140.62,147.56,139.5,146.88,2566803,42305,145.392
2023-03-17T04:00:00Z,145.18,146.76,141.95,143.87,2680077,36629,143.584
2023-03-20T04:00:00Z,143,147.245,141.89,146,1986500,30709,145.564
2023-03-21T04:00:00Z,147.41,150.25,147.35,148.96,2100929,26262,148.78
2023-03-22T04:00:00Z,149.02,151.42,147.43,147.43,1881108,29238,149.412
2023-03-23T04:00:00Z,148.98,151.5,146.26,146.65,1983408,33627,148.786
2023-03-24T04:00:00Z,144.23,147.75,143.01,147.33,1210943,22645,146.486
2023-03-27T04:00:00Z,147.34,149.75,147.24,148.7,1047985,17466,148.579
2023-03-28T04:00:00Z,148.87,153.91,148.87,153.52,1293063,24617,152.371
2023-03-29T04:00:00Z,155.34,155.91,154.25,155.49,1250727,21738,155.305
2023-03-30T04:00:00Z,157.05,157.05,154.71,156.89,975730,18325,156.127
2023-03-31T04:00:00Z,157.76,158,155.69,157.6,1370302,22940,157.02
2023-04-03T04:00:00Z,159.91,159.915,156.375,158.15,1567969,28560,157.778
2023-04-04T04:00:00Z,158.17,158.99,151.94,153.5,1660483,29651,153.986
2023-04-05T04:00:00Z,154.51,156.74,152.13,156.44,1128382,22268,155.057
2023-04-06T04:00:00Z,156.7,156.7,152.65,153.15,1396096,24906,153.754
2023-04-10T04:00:00Z,152.91,154.98,152.91,153.49,1104367,19501,153.917
2023-04-11T04:00:00Z,153.78,153.89,152,152.3,1148111,19677,152.781
2023-04-12T04:00:00Z,153.52,154.58,152.48,153.01,1275589,24888,153.292
2023-04-13T04:00:00Z,153.79,154.535,152.16,152.48,1305744,21270,152.966
2023-04-14T04:00:00Z,153.55,153.86,152.28,152.8,899603,17557,152.946
2023-04-17T04:00:00Z,150.61,152.37,149.66,150.16,1116862,20548,150.923
2023-04-18T04:00:00Z,150.47,151.28,149.74,150.5,1344301,23870,150.364
2023-04-19T04:00:00Z,149.93,150.87,149.18,150.83,965091,17277,150.236
2023-04-20T04:00:00Z,149.73,151.265,149.67,151.08,1189182,22029,150.609
2023-04-21T04:00:00Z,151,151.49,149.4,150.41,907738,15689,150.179
2023-04-24T04:00:00Z,149.88,153.63,149.88,152.8,1765654,19977,152.477
2023-04-25T04:00:00Z,152.27,152.53,148.51,149.52,1118587,21901,149.931
2023-04-26T04:00:00Z,149.25,151.34,148.95,150.4,1057067,20781,150.28
2023-04-27T04:00:00Z,149.92,152.215,149.92,151.61,1285814,21104,151.332
2023-04-28T04:00:00Z,151.76,154.25,151.31,153,1513179,24879,153.134
2023-05-01T04:00:00Z,153,154.62,152.745,153,1946500,25282,153.25
2023-05-02T04:00:00Z,153.21,154,145.52,149.29,2766548,40183,148.17
2023-05-03T04:00:00Z,147.96,149.935,143.34,143.53,1746497,29882,146.173
2023-05-04T04:00:00Z,144.8,147.92,143.93,145.26,1631969,30456,145.333
2023-05-05T04:00:00Z,147.24,149.33,147.01,148.19,1365800,23408,148.45
2023-05-08T04:00:00Z,149.07,150.33,148.4,149.59,1194282,22329,149.335
2023-05-09T04:00:00Z,147.78,150.5,147.65,149.58,1134399,20307,149.587
2023-05-10T04:00:00Z,149.99,150.27,148,148.27,913639,16943,148.826
2023-05-11T04:00:00Z,147.65,148.595,146.61,147,853720,18877,147.423
2023-05-12T04:00:00Z,147.87,149.06,146.73,147.91,1022136,23579,147.703
2023-05-15T04:00:00Z,148.37,150.26,147.91,149.8,1076780,20675,149.55
2023-05-16T04:00:00Z,148.87,149.735,142.69,142.87,1818097,33723,144.622
2023-05-17T04:00:00Z,143.49,145.5,142.285,142.38,1511476,33044,143.6
2023-05-18T04:00:00Z,141.9,142.71,140.71,141.93,1365020,25964,141.869
2023-05-19T04:00:00Z,142.28,143.53,140.43,141.18,1241043,23602,141.814
2023-05-22T04:00:00Z,141.74,144.95,141.74,143.93,1647921,23161,143.943
2023-05-23T04:00:00Z,143.43,145.965,142.75,145.6,1458426,27681,144.95
2023-05-24T04:00:00Z,145.01,145.71,142.91,143.49,1230792,23727,143.895
2023-05-25T04:00:00Z,143.19,143.245,139.65,141.34,1468714,27479,141.25
2023-05-26T04:00:00Z,141.16,141.258,137.8,138.9,1904071,30691,138.888
2023-05-30T04:00:00Z,138,139.6,137.08,137.75,3058597,35354,138.119
2023-05-31T04:00:00Z,135.6,140.43,135.3,139.77,4954570,49961,138.967
2023-06-01T04:00:00Z,137.99,143.93,137.85,142.23,1961475,34176,142.316
2023-06-02T04:00:00Z,143.43,147.865,143.33,145.77,2696495,43747,146.185
2023-06-05T04:00:00Z,146.74,146.975,141.87,143.39,1904368,33730,143.596
2023-06-06T04:00:00Z,141.7,143.55,141.05,141.8,1222376,22276,141.985
2023-06-07T04:00:00Z,141.75,146.66,141.75,145.24,1841131,30584,145.147
2023-06-08T04:00:00Z,145.29,147.65,145.17,147.33,1433508,31888,146.765
2023-06-09T04:00:00Z,147.73,148.32,146.35,147.14,1752051,30923,147.335
2023-06-12T04:00:00Z,145.92,146.56,143.4,144.55,1440719,28368,144.401
2023-06-13T04:00:00Z,145.28,148.09,144.95,145.36,1484905,28538,146.374
2023-06-14T04:00:00Z,145.98,147.73,145.55,147,1568141,26324,146.939
2023-06-15T04:00:00Z,147.5,149.85,147.03,147.18,1797737,25623,147.746
2023-06-16T04:00:00Z,148,149.47,147.25,148.68,1987584,24905,148.705
2023-06-20T04:00:00Z,147.49,149.1,146.41,148.93,1139534,19527,148.384
2023-06-21T04:00:00Z,149.45,152.48,148.9,150.14,1917271,25446,150.681
2023-06-22T04:00:00Z,149.17,149.89,147.195,149.5,1823837,25570,149.142
2023-06-23T04:00:00Z,149.07,150.92,148.12,148.56,3953514,26674,149.027
2023-06-26T04:00:00Z,148.46,150.47,147.25,147.43,1397526,21723,148.531
2023-06-27T04:00:00Z,147.5,149.56,146.58,149.41,1211980,21341,148.589
2023-06-28T04:00:00Z,148.81,150.65,148.45,150,1167159,19582,149.81
2023-06-29T04:00:00Z,150.2,151.837,149.45,151.21,1217629,19468,151.013
2023-06-30T04:00:00Z,152.31,153.337,150.755,152.36,1719150,22999,152.626
2023-07-03T04:00:00Z,153.03,155.53,152.02,153.72,715536,13000,153.927
2023-07-05T04:00:00Z,153.83,154.05,151.62,151.84,966473,18598,152.337
2023-07-06T04:00:00Z,150.6,152.13,149.665,150.52,1303691,20041,150.581
2023-07-07T04:00:00Z,149.32,152.635,148.57,152.19,1197041,20789,151.869
2023-07-10T04:00:00Z,151.95,153.475,151.25,152.83,1323982,23632,152.779
2023-07-11T04:00:00Z,152.93,158.46,152.65,158.38,1852705,30255,156.68
2023-07-12T04:00:00Z,159.91,159.91,156.75,156.98,1999747,31712,158.167
2023-07-13T04:00:00Z,158.27,159.58,156.42,157.35,1063054,20436,157.715
2023-07-14T04:00:00Z,157.86,157.86,153.73,153.9,1035265,19159,154.927
2023-07-17T04:00:00Z,153.85,156.71,153.82,154.99,1637311,28179,155.598
2023-07-18T04:00:00Z,155.55,158.59,155.37,158.5,1198063,21355,157.635
2023-07-19T04:00:00Z,158.73,159.115,155.14,157.38,1316458,24818,157.208
2023-07-20T04:00:00Z,157.48,158.58,156.01,156.77,1184843,18593,156.915
2023-07-21T04:00:00Z,157.56,159.5,156.91,158.18,792211,17754,158.324
2023-07-24T04:00:00Z,158.99,161.49,158.14,159.55,1057631,20134,160.072
2023-07-25T04:00:00Z,159.94,161.16,159.57,161.07,1051839,20869,160.723
2023-07-26T04:00:00Z,160.32,162.572,159.46,159.93,1188829,22170,160.752
2023-07-27T04:00:00Z,160.48,161.37,158.33,158.79,977972,18925,159.986
2023-07-28T04:00:00Z,158.79,159.56,156.83,159.51,1203202,21679,158.413
2023-07-31T04:00:00Z,160.15,162.442,160.01,161.86,1315929,20235,161.567
2023-08-01T04:00:00Z,161.21,161.59,159.74,160.25,997027,18869,160.389
2023-08-02T04:00:00Z,158.46,159.97,156.895,159.14,1216643,21674,158.792
2023-08-03T04:00:00Z,156.3,165.19,155.32,164.83,2310405,37639,163.162
2023-08-04T04:00:00Z,164.48,166.59,163.035,163.26,1218571,25988,164.71
2023-08-07T04:00:00Z,164,164.31,161.6,162.08,1059988,21816,162.85
2023-08-08T04:00:00Z,160.74,163.73,159.5,163.18,1262521,23854,162.407
2023-08-09T04:00:00Z,165.01,170.575,165.01,167.43,2474826,41049,168.554
2023-08-10T04:00:00Z,167.75,168.4,165.37,166.9,1615531,31839,166.712
2023-08-11T04:00:00Z,165.75,167.29,165.59,167.01,986696,21524,166.586
2023-08-14T04:00:00Z,166.99,167.08,163.134,164.59,1314662,20129,164.449
2023-08-15T04:00:00Z,163.99,164.25,161.34,162.36,1079955,18245,162.516
2023-08-16T04:00:00Z,162.2,164.38,160,160.19,1070985,19039,161.876
2023-08-17T04:00:00Z,161.54,164.115,161.34,163.39,1277383,26359,163.349
2023-08-18T04:00:00Z,162.36,164.11,162.36,163.9,1001293,22849,163.412
2023-08-21T04:00:00Z,164.65,165,162.68,164.13,1026797,23184,163.943
2023-08-22T04:00:00Z,163.74,168.225,163.74,166.88,1716169,29666,166.956
2023-08-23T04:00:00Z,166,166.55,163.52,166.41,1220462,23699,165.716
2023-08-24T04:00:00Z,165.47,165.92,160.93,160.97,1835844,28453,162.359
2023-08-25T04:00:00Z,161.06,163.34,160.85,161.2,1093554,20624,161.874
2023-08-28T04:00:00Z,161.7,163.56,160.8,162.55,1023209,20323,162.473
2023-08-29T04:00:00Z,162.46,164.455,162.19,163.7,991724,18423,163.656
2023-08-30T04:00:00Z,164.95,165.86,164.41,164.98,885724,19466,165.238
2023-08-31T04:00:00Z,166,166,163.2,163.2,1870569,23692,163.962
2023-09-01T04:00:00Z,165.26,167.742,165.01,167.34,1447115,28750,167.034
2023-09-05T04:00:00Z,165.07,167.8,165,166.18,1374282,25599,166.376
2023-09-06T04:00:00Z,166.94,166.94,161.21,161.76,1772457,28497,163.246
2023-09-07T04:00:00Z,161.25,162.585,159.12,159.87,1875722,31985,160.445
2023-09-08T04:00:00Z,161.11,164.339,160.52,162.68,1310494,24089,162.96
2023-09-11T04:00:00Z,164.18,164.18,160.952,161.55,935147,20789,161.758
2023-09-12T04:00:00Z,162.05,164.4,161.51,164.09,936087,21011,163.47
2023-09-13T04:00:00Z,164.68,164.98,161.3,162.72,967020,20648,162.664
2023-09-14T04:00:00Z,164.94,167.07,164.32,165.56,1479802,24702,165.714
2023-09-15T04:00:00Z,165,166.25,162.56,163.46,2359652,28125,163.906
2023-09-18T04:00:00Z,163.66,164.531,162.16,163.35,1003864,22074,163.482
2023-09-19T04:00:00Z,164.47,164.93,160.693,161.61,1016946,20103,162.152
2023-09-20T04:00:00Z,160.87,163.36,160.87,161.47,1031953,19605,162.242
2023-09-21T04:00:00Z,162.42,162.67,158.72,158.85,1083501,22461,159.938
2023-09-22T04:00:00Z,159.4,161.15,158.83,159.92,1190812,19501,160.197
2023-09-25T04:00:00Z,159.68,164.26,159.68,164.14,1377185,24694,163.081
2023-09-26T04:00:00Z,162.99,163.312,161.12,162.01,945258,22480,162.169
2023-09-27T04:00:00Z,163.95,167.49,163.57,165.46,1810868,29072,166.092
2023-09-28T04:00:00Z,165.46,169.44,165.46,168.94,1613616,28032,168.547
2023-09-29T04:00:00Z,169.08,169.205,164.55,165.96,2060815,31370,166.016
2023-10-02T04:00:00Z,166.02,166.78,162.11,162.53,1405010,24052,163.45
2023-10-03T04:00:00Z,162,163.5,160.75,162.61,1222647,26943,162.073
2023-10-04T04:00:00Z,162.79,162.97,156.1,158.95,1732420,31455,158.173
2023-10-05T04:00:00Z,157.03,161.48,157.03,160.6,1336894,26002,160.655
2023-10-06T04:00:00Z,161.49,165.42,159.8,163.35,1498918,27173,163.313
2023-10-09T04:00:00Z,167.27,169.18,166.945,168.76,1803943,34958,168.314
2023-10-10T04:00:00Z,168.95,173.205,168.76,171,2059200,36609,171.629
2023-10-11T04:00:00Z,170.79,172.52,169.2,172.39,1481865,29941,171.411
2023-10-12T04:00:00Z,173.46,174.45,171.25,174.22,1647348,27720,173.288
2023-10-13T04:00:00Z,175.5,177.55,174.3,176.71,2080426,37539,176.574
2023-10-16T04:00:00Z,174.51,175.6,171.79,173.97,2292740,39653,173.523
2023-10-17T04:00:00Z,173.15,176.092,173,173.25,1927828,27886,173.946
2023-10-18T04:00:00Z,174.24,175.79,172.53,175.64,1543606,28338,174.399
2023-10-19T04:00:00Z,176.15,176.69,173.66,175.54,1503761,26871,175.017
2023-10-20T04:00:00Z,174.72,175.86,171.46,171.83,1686854,26972,172.478
2023-10-23T04:00:00Z,171,171,167.805,169.28,1122715,23425,169.156
2023-10-24T04:00:00Z,169.47,170.44,167.4,168,1165479,24882,168.457
2023-10-25T04:00:00Z,168.03,169.47,167.1,167.95,867414,18536,167.739
2023-10-26T04:00:00Z,166.57,168.74,164.555,167.85,1029790,19532,167.197
2023-10-27T04:00:00Z,167.14,167.14,164.68,166.86,1078968,24184,166.305
2023-10-30T04:00:00Z,167.99,169.27,165.18,166.85,900591,22591,166.484
2023-10-31T04:00:00Z,167.17,167.97,165.865,166.42,902852,18992,166.59
2023-11-01T04:00:00Z,167.37,170.67,166.5,168.63,1399788,27716,169.188
2023-11-02T04:00:00Z,168.79,177.5,165.36,176.92,2233116,37573,175.115
2023-11-03T04:00:00Z,177.89,179.045,173.195,173.59,1749780,32286,174.794
2023-11-06T05:00:00Z,173.81,174.065,170.86,171.06,1536802,33662,171.956
2023-11-07T05:00:00Z,168.01,171.255,167.52,168.94,1645422,27827,169.683
2023-11-08T05:00:00Z,168.86,171.49,168.23,170.22,1282591,24118,169.842
2023-11-09T05:00:00Z,171.15,173.445,170.28,170.67,1313761,23547,171.533
2023-11-10T05:00:00Z,170.04,171.69,169.405,171.62,1104781,21799,170.967
2023-11-13T05:00:00Z,171.19,172.37,170.115,170.92,1005344,19512,170.988
2023-11-14T05:00:00Z,172,173.73,171.2,172.22,887782,17519,172.655
2023-11-15T05:00:00Z,171.58,173.81,171.51,171.79,1409108,24039,172.519
2023-11-16T05:00:00Z,171.39,173.83,170.21,173.83,1242130,24834,172.34
2023-11-17T05:00:00Z,175,175.5,173.35,173.5,1162715,24509,174.07
2023-11-20T05:00:00Z,174.33,176.135,173.13,173.72,1253610,26358,174.526
2023-11-21T05:00:00Z,173.38,176.48,173.38,176.04,1060677,26615,175.531
2023-11-22T05:00:00Z,175,178.28,173.52,177.78,913053,22188,177.107
2023-11-24T05:00:00Z,177,180.47,176.905,179.21,730571,15039,179.573
2023-11-27T05:00:00Z,177.52,179.359,176.143,178.64,1243474,23716,178.246
2023-11-28T05:00:00Z,179.07,180.77,178.14,179.41,1693901,31354,179.355
2023-11-29T05:00:00Z,179.81,181.61,178.825,180.44,1835701,37743,180.387
2023-11-30T05:00:00Z,180.13,183.235,179,182.15,2903511,36949,181.797
2023-12-01T05:00:00Z,181,183.46,180.58,181.61,1604270,31932,181.679
2023-12-04T05:00:00Z,178.85,179.75,173.21,174.17,2760967,53327,175.825
2023-12-05T05:00:00Z,173.16,174.18,169.52,170.07,2066712,37938,170.457
2023-12-06T05:00:00Z,169.58,173.03,168.39,172.75,1853206,36013,171.442
2023-12-07T05:00:00Z,172.9,174.924,171.44,171.83,1490413,27830,172.59
2023-12-08T05:00:00Z,172.78,176.33,172.78,176.21,1360135,24532,175.703
2023-12-11T05:00:00Z,176.21,176.365,171.701,172.93,1204740,24321,173.328
2023-12-12T05:00:00Z,171.13,172.93,170.069,170.82,1102114,24095,171.288
2023-12-13T05:00:00Z,170.81,171.89,169.16,170.1,1732643,28161,170.442
2023-12-14T05:00:00Z,170.24,172.42,169.27,171.54,1706459,30793,171.017
2023-12-15T05:00:00Z,171.07,172.11,169.56,170.2,1925426,25567,170.384
2023-12-18T05:00:00Z,172.46,176.85,171.82,173.72,1371181,26899,174.157
2023-12-19T05:00:00Z,174.28,174.485,172.51,173.38,1213817,21892,173.42
2023-12-20T05:00:00Z,173.07,175.49,170.91,171.08,1238618,22873,172.678
2023-12-21T05:00:00Z,171.39,171.805,169.31,171.72,1319352,28437,170.65
2023-12-22T05:00:00Z,172.48,174.36,171.93,172.58,731368,17559,173.247
2023-12-26T05:00:00Z,173,173.79,171.24,171.33,903770,16936,172.242
2023-12-27T05:00:00Z,170.94,172.92,170.34,171.36,1138127,17838,171.511
2023-12-28T05:00:00Z,171.49,172.42,170.6,171.02,714877,16410,171.125
2023-12-29T05:00:00Z,171.08,172.15,170.31,170.71,864666,16033,170.774
2024-01-02T05:00:00Z,170.7,171.45,168.89,169.41,1311696,25757,169.989
2024-01-03T05:00:00Z,168.1,171.18,167.06,169.36,1555868,27801,169.337
2024-01-04T05:00:00Z,169.69,173.23,168.58,168.86,1323001,24636,170.529
2024-01-05T05:00:00Z,169.43,169.85,165.83,167.57,1778169,32025,167.435
2024-01-08T05:00:00Z,166.14,167.06,164.82,166.95,1353382,25923,166.127
2024-01-09T05:00:00Z,167.61,167.61,164.46,167.34,2059922,30970,166.528
2024-01-10T05:00:00Z,167.84,168.685,165.084,167.14,1599881,29790,166.663
2024-01-11T05:00:00Z,168,169.46,164.56,164.66,1271589,23254,165.477
2024-01-12T05:00:00Z,166.4,167.07,164.43,165.06,1126492,22978,165.197
2024-01-16T05:00:00Z,164.74,165.63,163.612,163.83,1121104,25215,164.311
2024-01-17T05:00:00Z,163.5,164.335,161.76,162.53,1258895,26982,162.837
2024-01-18T05:00:00Z,162.92,163.66,161.695,162.4,1413247,25213,162.561
2024-01-19T05:00:00Z,163.14,163.59,160.5,161.05,1615187,28092,161.621
2024-01-22T05:00:00Z,160.99,163.86,160.11,162.3,1718128,30395,162.346
2024-01-23T05:00:00Z,162.35,164.845,162.26,162.47,1461349,28022,163.21
2024-01-24T05:00:00Z,163.89,165.98,163.41,165.33,2113934,28732,164.998
2024-01-25T05:00:00Z,165.7,166.689,163.76,164.24,1651628,24293,164.661
2024-01-26T05:00:00Z,165.32,168.46,164.61,167.72,2102328,29941,167.203
2024-01-29T05:00:00Z,165.92,167.18,165.38,166.61,1416554,21873,166.266
2024-01-30T05:00:00Z,165.71,167.15,165.28,166.55,1339989,16872,166.4
2024-01-31T05:00:00Z,166.71,166.84,163.56,163.99,1475988,25367,165.025
2024-02-01T05:00:00Z,163.04,166.4,162.36,163,2070299,29677,163.934
2024-02-02T05:00:00Z,161.38,162.84,160.09,161.81,1834106,31173,161.547
2024-02-05T05:00:00Z,160.51,161.25,158.685,159.85,1571495,30454,159.886
2024-02-06T05:00:00Z,160.42,161.245,159.47,160.26,1371397,21796,160.391
2024-02-07T05:00:00Z,160.22,161.06,159.02,160.08,1699027,29681,159.799
2024-02-08T05:00:00Z,159.35,160.12,158.63,159.02,1940299,30801,159.332
2024-02-09T05:00:00Z,158,159.99,157.815,157.99,2239848,36267,158.522
2024-02-12T05:00:00Z,158.075,159.72,157.98,158.89,2506714,39358,158.591
2024-02-13T05:00:00Z,158.89,159.08,156.67,157.48,1969315,30919,157.714
2024-02-14T05:00:00Z,157.58,157.935,155.065,155.59,2061837,35906,155.863
2024-02-15T05:00:00Z,155.59,159.49,155.58,158.96,1862870,33718,158.285
2024-02-16T05:00:00Z,158.92,161.66,158.258,160.37,1731801,29605,160.638
2024-02-20T05:00:00Z,160.48,161.31,159.37,161.1,2509913,36914,160.627
2024-02-21T05:00:00Z,161.65,164.94,161.12,164.54,2464085,43570,164.241
2024-02-22T05:00:00Z,161.24,163,157.34,157.68,4450988,65295,158.767
2024-02-23T05:00:00Z,158.38,160.33,157.49,157.73,4181694,50419,158.902
2024-02-26T05:00:00Z,157.73,158.25,154.65,154.99,2695555,45804,155.805
2024-02-27T05:00:00Z,155.99,156.76,152.94,153.18,2962341,49833,154.273
2024-02-28T05:00:00Z,153.7,155.04,152.66,152.89,2409666,38050,153.833
2024-02-29T05:00:00Z,153.53,156.84,153.34,155.2,3705539,44016,155.35
2024-03-01T05:00:00Z,155.23,157.55,154.515,156.18,2705231,42998,156.343
2024-03-04T05:00:00Z,156.41,156.5,152.82,153.27,3221027,44500,153.962
2024-03-05T05:00:00Z,152.4,155.12,152.31,153.51,2331732,35125,153.662
2024-03-06T05:00:00Z,155.65,156.19,153.6,153.7,2535917,35552,154.617
2024-03-07T05:00:00Z,153.75,155.09,153.58,154.21,1447407,28020,154.4
2024-03-08T05:00:00Z,154.62,156.65,154.21,154.95,1665363,29200,155.079
2024-03-11T04:00:00Z,155.03,156.66,154.505,156.43,1663711,27237,155.848
2024-03-12T04:00:00Z,156.46,158.52,155.85,156.41,1923063,33542,156.8
2024-03-13T04:00:00Z,157.01,158.14,156.41,156.83,1460315,27497,157.111
2024-03-14T04:00:00Z,157.16,158.14,156.3,157.99,1896446,30889,157.367
2024-03-15T04:00:00Z,157.77,161.74,157.77,161.29,3822062,44045,160.611
2024-03-18T04:00:00Z,160.96,162.069,160.175,160.67,1887289,27651,160.958
2024-03-19T04:00:00Z,161.13,162.25,159.99,161.58,1838048,25063,161.129
2024-03-20T04:00:00Z,160.86,163.53,160.11,162.75,1649496,25382,162.321
2024-03-21T04:00:00Z,162.56,162.75,159.61,159.68,1692512,27926,160.351
2024-03-22T04:00:00Z,159.75,160.37,159.4,159.72,1481141,26648,159.909
2024-03-25T04:00:00Z,160.23,160.96,159.67,160.07,1321342,21422,160.095
2024-03-26T04:00:00Z,160.4,160.615,159.321,159.74,1608228,26809,159.907
2024-03-27T04:00:00Z,159.73,161.25,159.25,161.14,1156067,22747,160.53
2024-03-28T04:00:00Z,161.75,162.15,159.84,161.28,1902967,25818,160.914
2024-04-01T04:00:00Z,161.28,161.72,159.16,159.33,1765768,31500,160.066
2024-04-02T04:00:00Z,159.65,160,157.75,158.6,1977014,32572,158.656
2024-04-03T04:00:00Z,159.54,160.82,157.94,158.29,1291742,21531,159.083
2024-04-04T04:00:00Z,158.9,159.88,154.46,155.03,2198744,33180,157.049
2024-04-05T04:00:00Z,155.26,156.98,154.68,156.76,1506533,23725,156.291
2024-04-08T04:00:00Z,156.64,157.49,155.915,156.48,1353949,20976,156.736
2024-04-09T04:00:00Z,156.61,157.44,155.59,157.04,1149809,19853,156.668
2024-04-10T04:00:00Z,155.83,158.63,155.51,158.06,1374254,25660,157.614
2024-04-11T04:00:00Z,158.69,159.29,156.98,158.85,1111790,22348,158.309
2024-04-12T04:00:00Z,159.51,161.15,156.06,156.79,1875408,31858,157.839
2024-04-15T04:00:00Z,158,158.06,153.79,154.43,1593274,27190,155.563
2024-04-16T04:00:00Z,153.33,154.7,152.88,154.27,1803759,26607,153.879
2024-04-17T04:00:00Z,155.04,157.665,154.32,156.81,1692496,25637,156.621
2024-04-18T04:00:00Z,156.94,160.94,156.94,160.43,2172464,34262,159.937
2024-04-19T04:00:00Z,160.44,163,160.07,161.97,1994574,35267,161.84
2024-04-22T04:00:00Z,161.42,162,159.1,160.46,1624381,29414,160.54
2024-04-23T04:00:00Z,160.3,161.22,158.62,158.9,1796396,30753,159.406
2024-04-24T04:00:00Z,158,158.365,155.78,157.42,2128724,35503,156.881
2024-04-25T04:00:00Z,157.14,160.01,157.14,159.36,1466114,26052,159.153
2024-04-26T04:00:00Z,158.75,159.88,157.975,159.14,1286921,21915,159.105
2024-04-29T04:00:00Z,159.49,162,159.27,161.7,1886176,28153,160.918
2024-04-30T04:00:00Z,161.67,161.8,157.71,157.82,2885769,31404,158.986
2024-05-01T04:00:00Z,157.82,159.29,156.34,157.03,2388565,37206,157.426
2024-05-02T04:00:00Z,158.38,161.29,157.63,160.63,3159488,47927,160.448
2024-05-03T04:00:00Z,162,163.626,155.31,157.54,3959078,56956,157.482
2024-05-06T04:00:00Z,158.65,159.44,156.06,156.82,2686912,40701,157.517
2024-05-07T04:00:00Z,157.12,159,155.65,156.31,1866022,32856,156.946
2024-05-08T04:00:00Z,155.55,157.845,155.54,157.13,1240394,25416,156.964
2024-05-09T04:00:00Z,157.13,158.78,157,157.78,1420719,23880,157.835
2024-05-10T04:00:00Z,158,158.5,155.485,157.07,1812601,34549,156.48
2024-05-13T04:00:00Z,157.07,157.86,154.62,154.74,1852733,27823,155.464
2024-05-14T04:00:00Z,155.5,157.42,155.5,157.42,1701062,21184,156.734
2024-05-15T04:00:00Z,157.27,157.62,155.92,156.12,1646050,31814,156.505
2024-05-16T04:00:00Z,156.69,159.17,156.485,157.94,1264494,21948,158.024
2024-05-17T04:00:00Z,158.5,160.615,158.06,160.16,1509779,26727,159.741
2024-05-20T04:00:00Z,160.16,161.08,158.81,159.8,966096,20331,159.72
2024-05-21T04:00:00Z,159.39,160.86,158.5,159.85,1336451,23194,159.959
2024-05-22T04:00:00Z,159.01,161.37,158.03,158.89,1389265,25820,159.426
2024-05-23T04:00:00Z,158.85,160.69,157.02,157.11,1393500,25489,158.104
2024-05-24T04:00:00Z,157.26,157.765,155.87,156.98,1037956,22809,156.798
2024-05-28T04:00:00Z,157.4,158.885,155.41,156.18,1777544,26854,156.663
2024-05-29T04:00:00Z,155.68,156.99,153.03,153.87,1565699,26351,154.176
2024-05-30T04:00:00Z,153.85,155.65,153.58,155.47,1290838,20973,155.175
2024-05-31T04:00:00Z,155.64,157.87,154.84,157.79,3980812,32758,157.377
2024-06-03T04:00:00Z,157.13,160.72,156.78,160.61,1894906,31291,159.547
2024-06-04T04:00:00Z,160.08,161.575,159.17,160.87,1693162,24502,160.693
2024-06-05T04:00:00Z,160.65,162.375,159.43,160,1623977,26552,160.582
2024-06-06T04:00:00Z,159.58,160.71,158.8,160.59,1251967,21261,160.083
2024-06-07T04:00:00Z,160.23,162.6,159.27,159.59,1351727,25022,160.477
2024-06-10T04:00:00Z,159.58,159.8,157.59,157.97,1874039,30673,158.229
2024-06-11T04:00:00Z,157.53,158.66,156.71,157.37,1231074,24046,157.509
2024-06-12T04:00:00Z,158,159.98,157.76,158.46,1277660,22263,158.611
2024-06-13T04:00:00Z,158.46,159.98,157.5,159.22,1914685,22299,159.094
2024-06-14T04:00:00Z,159.22,159.69,155.25,155.88,1378733,24553,156.172
2024-06-17T04:00:00Z,155.05,155.85,154.82,155.09,1233355,20614,155.193
2024-06-18T04:00:00Z,157.49,163.46,157.25,161.11,2933318,40847,161.487
2024-06-20T04:00:00Z,160.81,165.745,160.75,163.93,2397145,35717,164.217
2024-06-21T04:00:00Z,163.89,165.86,163,164.92,4392580,39410,164.822
2024-06-24T04:00:00Z,165.75,168.43,165.685,165.96,2160530,33732,166.55
2024-06-25T04:00:00Z,165.96,170.3,165.25,169.78,3169183,39419,169.064
2024-06-26T04:00:00Z,170.83,171.45,168.505,171.07,2759216,42472,170.579
2024-06-27T04:00:00Z,171.75,173.178,171.19,172.2,2293075,32586,171.787
2024-06-28T04:00:00Z,174.72,175.56,172.75,174.83,7044958,42443,174.562
2024-07-01T04:00:00Z,175.36,175.43,172.07,173.08,2103589,30462,173.323
2024-07-02T04:00:00Z,174.98,175.48,172.95,174.45,1675161,25917,174.198
2024-07-03T04:00:00Z,174.42,175.14,173.3,174.07,983444,16868,174.075
2024-07-05T04:00:00Z,173.39,174.66,172.89,174.18,1388675,20335,173.83
2024-07-08T04:00:00Z,174.04,175.94,173.89,175.4,1347518,19977,175.332
2024-07-09T04:00:00Z,176,178.09,175.17,175.98,1622922,25617,176.593
2024-07-10T04:00:00Z,175.58,175.725,174.03,174.92,2097929,23415,174.8
2024-07-11T04:00:00Z,174.8,177.12,174.63,176.41,1389774,22348,176.221
2024-07-12T04:00:00Z,177,178.45,176.65,177.56,1411089,21832,177.537
2024-07-15T04:00:00Z,178.73,179.329,176.93,177.66,1529866,20925,178.09
2024-07-16T04:00:00Z,178,179.78,176.8,178.68,1420911,21517,178.491
2024-07-17T04:00:00Z,179.5,182.35,178.98,181.57,1731195,25646,180.923
2024-07-18T04:00:00Z,180,184.62,180,182.03,2372005,33865,182.782
2024-07-19T04:00:00Z,181.65,182.4,180.86,181.93,1277364,20934,181.796
2024-07-22T04:00:00Z,181.6,182.09,179.79,180.9,1364816,25288,180.997
2024-07-23T04:00:00Z,180.99,181.38,176.29,176.88,1456991,28615,177.748
2024-07-24T04:00:00Z,176.65,177.275,174.85,174.91,1427747,23835,175.545
2024-07-25T04:00:00Z,175.07,177.11,174.67,176.35,1232929,21833,176.271
2024-07-26T04:00:00Z,176.75,177.885,175.5,176.72,1231889,21263,176.925
2024-07-29T04:00:00Z,177.02,178.72,176.68,177.68,1658220,22694,177.612
2024-07-30T04:00:00Z,177.82,183.11,177.82,181.88,2223966,32382,181.298
2024-07-31T04:00:00Z,183.06,184.09,181.44,182.64,1529522,20524,182.882
2024-08-01T04:00:00Z,182.64,183.105,179.18,179.76,1150931,22331,180.535
2024-08-02T04:00:00Z,177.93,179.11,175.29,176.55,1926616,30836,176.619
2024-08-05T04:00:00Z,170.69,175.15,167.663,172.24,2000702,30279,172.597
2024-08-06T04:00:00Z,174.62,177.72,174.46,176.47,1395555,25093,176.593
2024-08-07T04:00:00Z,178.11,180.85,177.43,177.66,2036409,32877,179.006
2024-08-08T04:00:00Z,179.21,180.75,175.8,180.3,2305626,35911,179.254
2024-08-09T04:00:00Z,181.48,184.34,180,183.17,1645285,28634,182.781
2024-08-12T04:00:00Z,184,184.64,182.75,183.25,1358181,22947,183.456
2024-08-13T04:00:00Z,182.9,183.67,181.26,181.91,1083942,18987,182.094
2024-08-14T04:00:00Z,181.93,184.37,181.31,184.12,1451797,21759,183.512
2024-08-15T04:00:00Z,185,185.81,184.43,184.64,1050729,23773,184.92
2024-08-16T04:00:00Z,183.86,185.75,183.75,184.98,1397557,24002,185.008
2024-08-19T04:00:00Z,185.29,187.35,185.29,186.09,1015814,20664,186.365
2024-08-20T04:00:00Z,185.49,186.45,182.9,183.07,1079756,18375,183.908
2024-08-21T04:00:00Z,183.83,183.98,180.68,181.85,1359497,22654,181.716
2024-08-22T04:00:00Z,181.65,183.465,181.48,181.91,917173,19094,182.402
2024-08-23T04:00:00Z,182.76,184.42,182.47,183.96,914285,18899,183.806
2024-08-26T04:00:00Z,185.19,187.44,184,184.32,1052218,20035,184.939
2024-08-27T04:00:00Z,184.79,185.65,183.35,184.19,1005734,17372,184.249
2024-08-28T04:00:00Z,183.62,184.02,181.6,182.52,933533,16601,182.513
2024-08-29T04:00:00Z,182.76,184.37,182.42,183.89,936771,17561,183.609
2024-08-30T04:00:00Z,182.92,185.48,182.46,185.26,1785891,19165,184.811
2024-09-03T04:00:00Z,184.29,184.89,181.21,182.88,1288971,23413,182.588
2024-09-04T04:00:00Z,182.88,185.36,180.365,181.08,1485757,21901,181.778
2024-09-05T04:00:00Z,181.97,182.265,180.71,181.28,1077344,21575,181.57
2024-09-06T04:00:00Z,181.76,183.41,179.69,180.64,1509885,28363,181.027
2024-09-09T04:00:00Z,180.5,180.94,175.56,178.49,2199562,35264,178.094
2024-09-10T04:00:00Z,179,179.64,176.515,177.77,1081741,22471,177.831
2024-09-11T04:00:00Z,177,178.2,175.14,176.61,964529,20978,176.456
2024-09-12T04:00:00Z,177.5,178.64,176.56,177.21,924188,18322,177.462
2024-09-13T04:00:00Z,178.05,179.47,177.55,179.05,1083065,16657,178.645
2024-09-16T04:00:00Z,180.25,183.3,180.11,182.55,1705503,29399,182.252
2024-09-17T04:00:00Z,182.78,182.785,179.93,180.79,1135749,22153,180.787
2024-09-18T04:00:00Z,181.49,182.57,179.151,180.1,1331477,22929,180.193
2024-09-19T04:00:00Z,182.72,183.52,180.69,182.07,1934961,27379,181.769
2024-09-20T04:00:00Z,180.25,180.86,178.94,180.66,5874807,39875,180.467
2024-09-23T04:00:00Z,180.66,182.41,180.25,182.33,1758911,25537,181.907
2024-09-24T04:00:00Z,183.7,183.7,179.37,180.67,1809447,22139,180.79
2024-09-25T04:00:00Z,181,182.5,179.06,179.73,1140670,21278,179.983
2024-09-26T04:00:00Z,178.74,179.46,177.611,178.27,1007958,23004,178.414
2024-09-27T04:00:00Z,178.38,180.16,177.558,179.63,685715,14039,179.46
2024-09-30T04:00:00Z,179.5,179.96,177.85,179.84,1155803,19064,179.456
2024-10-01T04:00:00Z,178.05,181.65,177.79,181.3,1280006,23561,180.933
2024-10-02T04:00:00Z,182.65,184.91,182.25,184.51,1187977,22524,183.843
2024-10-03T04:00:00Z,184.56,187.63,183.69,187.18,1254934,22256,186.6
2024-10-04T04:00:00Z,188.32,188.73,186.83,188.44,1227385,25624,187.992
2024-10-07T04:00:00Z,188.73,191.055,188.27,190.04,1193632,24211,189.91
2024-10-08T04:00:00Z,188.9,189.13,186.25,187.94,1240673,21767,187.865
2024-10-09T04:00:00Z,188.21,191.36,187.69,190.98,1148904,16973,190.254
2024-10-10T04:00:00Z,191.5,193.16,190.95,191.79,1167358,20154,191.891
2024-10-11T04:00:00Z,191.63,191.945,190.14,190.83,1163972,21664,190.925
2024-10-14T04:00:00Z,191,191.3,188.355,188.77,991084,19666,189.225
2024-10-15T04:00:00Z,186,186.49,183.4,183.79,1636948,26102,184.331
2024-10-16T04:00:00Z,183.61,184.6,182.05,182.58,1344899,24991,182.915
2024-10-17T04:00:00Z,183.73,185.48,182.18,182.44,1530377,26094,183.258
2024-10-18T04:00:00Z,182.44,183.67,181.04,182.19,1278889,23473,181.858
2024-10-21T04:00:00Z,183.01,184.2,180.62,181.07,1086908,20232,181.542
2024-10-22T04:00:00Z,180.89,182.46,180.815,182.39,1217660,18182,182.066
2024-10-23T04:00:00Z,181.25,182.93,180.77,182.86,1510102,24201,182.091
2024-10-24T04:00:00Z,182.86,187.4,182.86,186.37,1838235,29865,186.087
2024-10-25T04:00:00Z,186.01,187.04,184.53,184.93,1849890,20494,185.277
2024-10-28T04:00:00Z,182.5,184.37,181.925,183.58,2242828,24821,183.397
2024-10-29T04:00:00Z,183.58,183.78,182,182.53,1378449,20002,182.776
2024-10-30T04:00:00Z,182.55,184.14,181.59,181.92,1792454,28637,182.498
2024-10-31T04:00:00Z,182.28,192.84,182.28,191.38,3706084,51699,190.588
2024-11-01T04:00:00Z,190.66,192.51,187,187.55,2041109,34198,188.773
2024-11-04T05:00:00Z,188.96,189.45,185.43,188.77,1675186,31048,187.735
2024-11-05T05:00:00Z,189.34,193.61,188.87,192.58,1669474,27029,192.108
2024-11-06T05:00:00Z,195.45,200.32,195.45,197.92,3282893,51803,198.125
2024-11-07T05:00:00Z,199.53,202.775,198.65,201.99,2225910,36761,201.319
2024-11-08T05:00:00Z,202.25,206.18,202.24,205.67,2087452,36531,205.046
2024-11-11T05:00:00Z,208.5,215.84,207.56,214.88,2646874,44856,213.327
2024-11-12T05:00:00Z,215.63,217.95,213.587,214.08,2320019,37427,214.947
2024-11-13T05:00:00Z,215.35,215.76,209.79,210,2147993,36315,210.986
2024-11-14T05:00:00Z,210.16,211.48,207.42,210.78,1911788,28327,209.754
2024-11-15T05:00:00Z,210.15,212.53,209.75,212.3,1599104,25000,211.471
2024-11-18T05:00:00Z,213.76,215.17,211.63,214.75,1483057,28488,214.051
2024-11-19T05:00:00Z,214.25,220.3,213.25,220.04,2163306,36605,217.803
2024-11-20T05:00:00Z,220.1,220.79,218.05,220.64,1525599,28670,219.632
2024-11-21T05:00:00Z,221.5,225.27,218.56,224.99,1982077,34842,223.395
2024-11-22T05:00:00Z,223.5,225.44,221.06,222.6,1503969,29978,222.589
2024-11-25T05:00:00Z,224.12,224.2,216.87,218.22,2542805,37003,218.463
2024-11-26T05:00:00Z,219.87,222.25,218.52,221.9,1314100,28454,220.956
2024-11-27T05:00:00Z,222.45,224.79,220.04,221.77,1174624,23876,222.309
2024-11-29T05:00:00Z,222.7,225.08,222.5,224.01,860344,14313,224.132
2024-12-02T05:00:00Z,224.1,224.55,220.245,222.57,1172845,25161,222.094
2024-12-03T05:00:00Z,223.45,224.72,221.56,223.11,928288,20630,223.05
2024-12-04T05:00:00Z,223.76,224.495,221.59,223.72,1175765,21337,222.948
2024-12-05T05:00:00Z,224.69,228.095,224.143,225.92,1633960,24743,226.286
2024-12-06T05:00:00Z,226.06,227.817,221.53,221.93,1286273,27006,222.305
2024-12-09T05:00:00Z,220.65,221.65,213.88,214.29,2080252,41407,215.84
2024-12-10T05:00:00Z,215.08,216.03,212.46,212.83,1432699,30868,213.716
2024-12-11T05:00:00Z,213,216.3,212.81,215.2,1942590,31733,214.751
2024-12-12T05:00:00Z,214.79,216.42,213.655,214.63,1235225,23873,214.791
2024-12-13T05:00:00Z,215.29,215.45,212.42,213.06,1202902,21382,213.41
2024-12-16T05:00:00Z,212.49,213.73,209.89,210.54,1619156,28508,211.015
2024-12-17T05:00:00Z,209,210.83,207.31,210.68,1571804,29812,209.988
2024-12-18T05:00:00Z,210.5,211.9,205.48,206.65,1853002,30208,208.459
2024-12-19T05:00:00Z,208.66,209.301,203.4,205.94,2335503,39022,205.372
2024-12-20T05:00:00Z,205.66,210.23,204.77,208.89,2600537,28549,208.715
2024-12-23T05:00:00Z,208.65,209.48,206.36,209.38,1377556,25274,208.724
2024-12-24T05:00:00Z,210.19,210.95,208.2,210.49,557477,11888,210.171
2024-12-26T05:00:00Z,210.56,210.879,209,210.27,1039870,18123,210.078
2024-12-27T05:00:00Z,209.81,211.46,209.01,210.48,686534,17260,210.27
2024-12-30T05:00:00Z,212.79,215,210.36,213.07,1186899,24594,213.188
2024-12-31T05:00:00Z,213.16,215.85,213.16,214.87,1166964,21585,214.878
2025-01-02T05:00:00Z,217.5,222.201,216.45,220.6,2127891,40262,220.077
2025-01-03T05:00:00Z,222,224.76,221.455,222.48,1417883,31832,222.846
2025-01-06T05:00:00Z,223.75,225.52,222.749,223.91,1458868,32170,224.045
2025-01-07T05:00:00Z,224.33,225.96,221.633,223.51,1074339,26377,224.06
2025-01-08T05:00:00Z,222.16,225.525,220.73,225.19,1373710,28218,223.604
2025-01-10T05:00:00Z,227.98,229.63,223.67,225.22,1635067,38223,226.15
2025-01-13T05:00:00Z,225.68,230.11,224.108,229.44,1788764,40389,228.705
2025-01-14T05:00:00Z,229.78,243.42,229.78,243.09,3167973,55852,240.392
2025-01-15T05:00:00Z,244.32,248.61,243.24,245.88,2478703,50413,246.382
2025-01-16T05:00:00Z,245.5,254.2,244.5,253.66,2807797,50011,251.869
2025-01-17T05:00:00Z,254.98,257.65,251.39,252.76,2503768,45577,254.176
2025-01-21T05:00:00Z,252.48,254.535,248.34,249.63,3401473,63121,250.047
2025-01-22T05:00:00Z,244,245,232.8,233.36,4850468,83899,236.644
2025-01-23T05:00:00Z,235.97,236.75,232.76,234.29,3085638,52435,234.382
2025-01-24T05:00:00Z,235.65,238.9,230.95,231.86,2584270,49126,232.57
2025-01-27T05:00:00Z,230.58,230.75,221.88,224.46,3318690,73320,224.71
2025-01-28T05:00:00Z,226.38,227.82,223,226.47,2410910,44551,225.637
2025-01-29T05:00:00Z,226.01,230.14,225.2,228.04,1440092,30075,228.089
2025-01-30T05:00:00Z,229.79,231.29,228.25,230.2,1503869,32030,230.099
2025-01-31T05:00:00Z,231.34,231.84,223.39,223.65,2095130,35602,225.115
2025-02-03T05:00:00Z,222.9,230.217,221.66,229.56,1762198,36400,228.468
2025-02-04T05:00:00Z,228.58,229.951,225.54,228.01,1566742,28333,227.891
2025-02-05T05:00:00Z,229.57,232.055,228.56,230.59,1466086,31795,230.471
2025-02-06T05:00:00Z,231,233.29,214.22,218.62,3594734,64318,220.064
2025-02-07T05:00:00Z,218.53,219.43,213.44,217.47,2702124,55080,216.855
2025-02-10T05:00:00Z,218.65,223.549,215.75,221.51,2321263,39586,221.071
2025-02-11T05:00:00Z,223.99,223.99,216.76,219.2,1680284,38611,219.793
2025-02-12T05:00:00Z,218.28,219.2,206.6,209.32,4443469,78771,210.824
2025-02-13T05:00:00Z,209,211.6,207.87,209.99,2578445,45198,209.937
2025-02-14T05:00:00Z,210.34,216.65,209.96,213.52,2744276,47382,214.121
2025-02-18T05:00:00Z,214,216.505,213.06,215.65,2025308,35667,214.859
2025-02-19T05:00:00Z,215.66,221.39,215.66,218.81,2883410,51174,218.765
2025-02-20T05:00:00Z,218.13,228.3,213.53,226.92,3634316,71806,223.02
2025-02-21T05:00:00Z,225.64,226,220.044,221.16,2487968,50201,222.115
2025-02-24T05:00:00Z,221.15,224.04,218.63,219.78,1542618,31238,220.421
2025-02-25T05:00:00Z,219.11,219.94,211.82,216.04,2706938,44703,215.481
2025-02-26T05:00:00Z,216.27,219.251,215.78,218.99,1800861,34134,217.682
2025-02-27T05:00:00Z,219.37,223.079,217.53,219.93,2027769,34919,220.554
2025-02-28T05:00:00Z,219.4,229.75,218.935,228.56,4031821,55020,226.951
2025-03-03T05:00:00Z,228.87,230,219.41,220.85,2261031,41535,222.88
2025-03-04T05:00:00Z,216.69,223.61,214.786,219.98,2486702,43308,219.107
2025-03-05T05:00:00Z,217.78,219.87,215.01,217.56,2075758,35532,217.592
2025-03-06T05:00:00Z,215.25,219.11,212.75,215.41,1831084,37168,215.731
2025-03-07T05:00:00Z,216.45,222.17,213.65,220.2,2749273,47184,218.859
2025-03-10T04:00:00Z,220,220.43,210.73,214.4,2409778,46030,213.844
2025-03-11T04:00:00Z,214.435,217.32,210.72,211.37,2394831,41647,212.346
2025-03-12T04:00:00Z,213.075,217.45,211.74,215.16,1579117,32301,215.413
2025-03-13T04:00:00Z,215.29,218.29,209.71,211.55,2600130,44037,212.29
2025-03-14T04:00:00Z,214.14,219.79,213.636,218.53,1586031,33142,217.802
2025-03-17T04:00:00Z,218.59,223.36,218.13,222.52,1313444,27330,221.801
2025-03-18T04:00:00Z,224.62,228.17,222.48,224.03,2189820,42748,224.846
2025-03-19T04:00:00Z,224.03,228.07,224.03,227.27,1365544,30474,226.62
2025-03-20T04:00:00Z,226.52,231.06,224.652,230.23,1439785,30039,229.461
2025-03-21T04:00:00Z,230,230.1,226.83,226.83,2395031,27545,227.403
2025-03-24T04:00:00Z,229.77,234.4,228.5,233.59,1551209,33371,233.192
2025-03-25T04:00:00Z,232.85,236.343,229.63,232,1770003,36752,231.712
2025-03-26T04:00:00Z,234.75,235.57,230.29,232.45,1191650,26170,232.272
2025-03-27T04:00:00Z,230.4,233,224.37,226.79,2259590,37732,227.524
2025-03-28T04:00:00Z,226.03,226.63,223.38,226.23,1330961,28126,225.488
2025-03-31T04:00:00Z,223.83,232.26,222.444,231.4,2180933,37781,230.295
2025-04-01T04:00:00Z,230.29,231.62,225.51,230.95,1451020,30319,229.751
2025-04-02T04:00:00Z,228.77,235.62,228.65,234.62,1403912,28996,233.843
2025-04-03T04:00:00Z,225,231.95,219.69,220.07,2911439,55189,223.179
2025-04-04T04:00:00Z,209,211.75,194.43,197.25,4977847,88972,198.996
2025-04-07T04:00:00Z,190.51,209.64,188.703,202.2,4590670,69559,200.383
2025-04-08T04:00:00Z,214.25,218.35,203.08,205.16,4298244,70419,209.684
2025-04-09T04:00:00Z,202.8,221.7,199.11,217.83,4324619,72528,212.078
2025-04-10T04:00:00Z,213.33,218.475,206.65,212.84,2874842,49021,212.972
2025-04-11T04:00:00Z,213,221.338,212.405,220.31,2731862,49195,218.327
2025-04-14T04:00:00Z,225.11,225.13,218.15,221.65,1643476,33848,221.478
2025-04-15T04:00:00Z,223.27,228.69,222.53,226.95,1749591,35095,226.677
2025-04-16T04:00:00Z,227.06,231.035,225.59,227.45,1395145,25917,228.156
2025-04-17T04:00:00Z,228.99,234.47,228.415,231.45,2011301,40223,232.438
2025-04-21T04:00:00Z,229.63,230,221.81,223.34,2097812,34341,224.26
2025-04-22T04:00:00Z,226.96,233.71,225.49,229.8,2303463,41335,229.958
2025-04-23T04:00:00Z,232.86,234.7,223.79,228.09,2182101,45596,228.395
2025-04-24T04:00:00Z,230.65,234.27,229.63,232.27,1365386,27420,232.408
2025-04-25T04:00:00Z,231.18,233.39,230.662,233.18,1169742,22732,232.481
2025-04-28T04:00:00Z,232.64,238.73,232.079,237.6,1416857,30964,236.629
2025-04-29T04:00:00Z,234.9,238.784,233.69,237.83,1170530,22564,237.68
2025-04-30T04:00:00Z,230.76,233.85,225.66,231.11,2663633,41610,229.547
2025-05-01T04:00:00Z,228.5,234.381,228.5,230.49,1288881,31451,231.497
2025-05-02T04:00:00Z,233.08,236.05,231.28,235.79,1707550,30194,234.409
2025-05-05T04:00:00Z,234,236.47,231.97,235.51,1305602,26266,234.929
2025-05-06T04:00:00Z,236.51,238,232.33,234.46,1718500,32411,235.065
2025-05-07T04:00:00Z,234.51,239.47,234.51,238.76,1956385,40221,237.918
2025-05-08T04:00:00Z,236.25,244.05,235.59,237.31,2495627,50805,239.441
2025-05-09T04:00:00Z,239,239.225,232.13,233.8,2580052,46090,233.792
2025-05-12T04:00:00Z,238.5,238.645,227.7,230.48,2022255,42740,231.353
2025-05-13T04:00:00Z,231.89,235.78,231.16,232.72,1770375,35935,233.725
2025-05-14T04:00:00Z,233.4,234.68,230.86,233.25,1729644,35820,232.68
2025-05-15T04:00:00Z,231.8,236.035,231.72,235.72,1323770,28714,234.686
2025-05-16T04:00:00Z,235.39,236.6,233.68,235.07,1460698,29712,234.855
2025-05-19T04:00:00Z,233.2,234.34,231.22,233.21,1275464,26700,232.812
2025-05-20T04:00:00Z,232.59,234.29,232.29,232.95,1404751,28263,233.037
2025-05-21T04:00:00Z,231.9,232.36,228.55,229.31,1556954,30777,229.627
2025-05-22T04:00:00Z,227.99,229.32,225.03,228.51,1506352,27064,227.915
2025-05-23T04:00:00Z,228,229.48,225.203,229.12,1351643,27426,228.147
2025-05-27T04:00:00Z,230,233.205,228.84,231.66,1648267,34537,231.596
2025-05-28T04:00:00Z,232,234.615,232,233.62,1452177,30179,233.42
2025-05-29T04:00:00Z,232.3,233.66,229.37,231.81,2069421,44852,231.661
2025-05-30T04:00:00Z,231.42,237.23,231,236.99,3961087,36305,236.526
2025-06-02T04:00:00Z,239.8,243.45,235.11,243.23,3010006,52958,241.45
2025-06-03T04:00:00Z,244.56,245.67,240.84,244.33,2038097,42614,243.768
2025-06-04T04:00:00Z,243.79,246.23,239.79,240.89,1875975,38578,242.18
2025-06-05T04:00:00Z,243.12,246.42,240.8,243.89,1991528,39526,244.446
2025-06-06T04:00:00Z,244.3,245.95,241.5,243.09,2183537,42175,243.24
2025-06-09T04:00:00Z,236.48,238.5,228.69,228.78,4602101,80111,230.582
2025-06-10T04:00:00Z,229.56,233.825,227.765,230.15,2219275,52576,230.563
2025-06-11T04:00:00Z,230.37,235.7,230.37,235,1738820,39586,233.729
2025-06-12T04:00:00Z,234.35,235.44,231.879,235.04,1331698,27675,234.141
2025-06-13T04:00:00Z,237.92,239,233.065,238.34,1482710,31549,237.612
2025-06-16T04:00:00Z,238.745,242.41,232.33,233.61,1582249,37087,234.669
2025-06-17T04:00:00Z,235.5,238.81,234.159,235.99,1523734,33014,236.61
2025-06-18T04:00:00Z,236.41,237.5,232.1,235.06,1569257,32244,234.635
2025-06-20T04:00:00Z,235.88,237.31,234.41,234.95,2349233,29831,235.163
2025-06-23T04:00:00Z,236.14,238.381,231.89,232.53,1413319,28759,234.069
2025-06-24T04:00:00Z,232.53,240.97,229.35,239.95,1639315,36372,238.144
2025-06-25T04:00:00Z,240.1,240.11,235.7,236.32,1604595,31274,237.148
2025-06-26T04:00:00Z,236,243.19,235.71,242.09,2031017,37868,241.123
2025-06-27T04:00:00Z,242.05,242.505,238.5,240,2473350,31248,240.07
2025-06-30T04:00:00Z,239.9,243.84,238.5,243.52,1664977,30429,242.824
2025-07-01T04:00:00Z,245.4,246,235.61,236.04,1755792,34619,237.921
2025-07-02T04:00:00Z,236.84,241.21,235.67,240.27,1864129,39841,239.118
2025-07-03T04:00:00Z,239.42,240.57,236.11,239.62,1048861,21454,238.671
2025-07-07T04:00:00Z,239.47,241.48,236.79,238.56,1098443,27197,238.837
2025-07-08T04:00:00Z,236.92,239.25,233.78,236.78,1510177,28181,236.628
2025-07-09T04:00:00Z,237.56,237.74,233.074,235.96,1579463,28576,235.752
2025-07-10T04:00:00Z,235,236.58,232.14,234.23,1324694,25161,234.177
2025-07-11T04:00:00Z,235.06,236.37,231.6,235.23,1706153,30782,234.649
2025-07-14T04:00:00Z,235.5,242.14,235.455,241.53,1446509,34230,240.652
2025-07-15T04:00:00Z,240.05,241.53,235.15,235.33,1337009,27744,236.747
2025-07-16T04:00:00Z,234.5,235.505,230.34,231.51,1539768,31719,232.361
2025-07-17T04:00:00Z,230.09,234.28,230,231.67,1710458,30653,232.332
2025-07-18T04:00:00Z,240.5,245.57,239,244.28,5499151,72300,243.636
2025-07-21T04:00:00Z,234.63,239.1,225.91,226.44,4584485,81502,229.3
2025-07-22T04:00:00Z,225.65,228.73,222.59,222.68,2676818,42032,224.622
2025-07-23T04:00:00Z,221.51,225.73,221,223.29,1849179,33167,223.769
2025-07-24T04:00:00Z,223.3,228.125,223.15,225.8,1979648,36607,226.409
2025-07-25T04:00:00Z,226.41,227,224.92,225.37,1360240,26371,225.809
2025-07-28T04:00:00Z,233.28,235.97,227.21,228.48,2798336,53773,230.234
2025-07-29T04:00:00Z,229.76,235.88,229.76,235,2490409,44494,234.294
2025-07-30T04:00:00Z,235.5,237.15,231.27,233.29,1475935,31883,233.705
2025-07-31T04:00:00Z,234.54,237.4,233.29,235.88,1771780,33823,236.022
2025-08-01T04:00:00Z,234.31,240.43,232,238.31,2022615,44015,237.498
2025-08-04T04:00:00Z,238.71,243.32,238.51,242.01,1766579,36011,241.628
2025-08-05T04:00:00Z,241.76,242.23,235.24,239.63,1921516,43876,238.252
2025-08-06T04:00:00Z,239.6,240.519,234.35,235.91,2078192,41386,236.854
2025-08-07T04:00:00Z,232.68,238.955,231.63,235.27,2148964,45586,235.71
2025-08-08T04:00:00Z,235.3,240.33,228.98,230.83,2357013,48399,232.536
2025-08-11T04:00:00Z,231.67,233.932,229.48,230.05,2114469,40207,231.072
2025-08-12T04:00:00Z,229.66,231.47,226.93,229.77,1829054,34324,229.368
2025-08-13T04:00:00Z,229.67,232,227.83,231.29,1498475,28716,230.371
2025-08-14T04:00:00Z,232.07,233.85,231.35,232.63,1067507,23101,232.755
2025-08-15T04:00:00Z,233.09,234.406,230.05,230.14,1268864,26052,231.519
2025-08-18T04:00:00Z,229.69,231.77,228.05,229.94,1355755,26977,230.259
2025-08-19T04:00:00Z,229.02,231.015,228.46,230.4,1326239,29394,230.022
2025-08-20T04:00:00Z,231.44,238.11,230.99,236.01,2089259,37789,235.513
2025-08-21T04:00:00Z,237.52,242.4,237.145,240.61,2126784,44742,240.679
2025-08-22T04:00:00Z,240.7,241.57,236.9,237.56,1434123,32131,238.205
2025-08-25T04:00:00Z,237.33,241.25,237.2,239.35,1441431,30209,239.456
2025-08-26T04:00:00Z,239.75,242.542,238.504,241.58,1817504,31311,241.134
2025-08-27T04:00:00Z,240.45,244.917,240.45,241.6,1658002,33351,242.316
2025-08-28T04:00:00Z,242.6,242.6,239.29,242.14,1649416,36631,241.751
2025-08-29T04:00:00Z,242.01,243.75,240.87,241.82,1654548,31576,242.074
2025-09-02T04:00:00Z,240.64,242.43,239.12,240.86,1719444,37510,240.714
2025-09-03T04:00:00Z,241.6,243.5,238.8,239.39,1350139,32935,239.959
2025-09-04T04:00:00Z,239.64,242.31,235.48,236.97,1799140,34286,237.689
2025-09-05T04:00:00Z,236.43,237.98,231.675,235.78,1822816,34204,234.997
2025-09-08T04:00:00Z,235.81,237.855,231.865,233.39,1796903,36058,233.677
2025-09-09T04:00:00Z,234.52,237.33,233.96,234.41,1265033,28336,235.629
2025-09-10T04:00:00Z,234.66,238.4,234.41,237.04,1133214,29561,236.826
2025-09-11T04:00:00Z,235.88,238.34,235,237.07,1571181,36275,236.984
2025-09-12T04:00:00Z,237.76,240.15,235.635,236.09,1096011,24702,237.097
2025-09-15T04:00:00Z,236.41,238.45,232.7,232.82,1461622,33798,234.861
2025-09-16T04:00:00Z,234.98,235.41,232.89,234.9,1218060,30342,234.324
2025-09-17T04:00:00Z,235.29,236.85,234.55,235.32,1081274,26678,235.487
2025-09-18T04:00:00Z,234.35,237.57,232.93,234.34,2083327,44195,234.618
2025-09-19T04:00:00Z,235.68,236.18,228.5,231.5,3066875,41673,231.514
2025-09-22T04:00:00Z,231.2,232.633,230.097,230.8,1725433,33558,231.227
2025-09-23T04:00:00Z,231.11,237.285,231,234.91,1564309,32913,235.049
2025-09-24T04:00:00Z,235.18,239.635,235.18,236.61,2084892,32641,236.833
2025-09-25T04:00:00Z,236.24,239.885,234.5,237.62,1390866,27740,237.5
2025-09-26T04:00:00Z,238.1,240.39,237.22,238.43,1171509,25771,238.388
2025-09-29T04:00:00Z,238.48,238.48,233.77,235.46,1173112,27722,235.228
2025-09-30T04:00:00Z,234.26,235.78,232.76,234.98,1588116,29655,234.495
2025-10-01T04:00:00Z,234.8,236,231.96,232.11,1279659,32778,233.212
2025-10-02T04:00:00Z,232.11,235.589,231.08,231.79,1286935,30632,232.546
2025-10-03T04:00:00Z,232.56,234,231.11,232.28,1090020,28664,232.461
2025-10-06T04:00:00Z,232.83,235.32,230.82,233.26,1178379,26784,233.049
2025-10-07T04:00:00Z,234.21,236.625,233.47,235.34,1889909,33781,235.124
2025-10-08T04:00:00Z,235,237.46,233.95,235.74,1974453,39676,235.609
2025-10-09T04:00:00Z,236.49,238.31,229.96,231.38,1246483,29591,232.999
2025-10-10T04:00:00Z,230.56,233.64,227.24,227.37,1383997,31646,230.058
2025-10-13T04:00:00Z,228,229.7,226.75,227,1323651,27744,227.695
2025-10-14T04:00:00Z,225.09,227.32,223.35,226.22,2036837,39465,225.375
2025-10-15T04:00:00Z,228,230.49,225.15,225.23,2110534,32664,226.926
2025-10-16T04:00:00Z,225.01,226.24,217.9,220.07,2389104,50220,221.163
2025-10-17T04:00:00Z,219.49,220.865,217.2,218.96,1473931,29633,218.826
2025-10-20T04:00:00Z,220.42,221.99,218.5,221.32,1621727,32089,220.608
2025-10-21T04:00:00Z,222.14,224.23,221.54,222.22,1293282,27426,222.629
2025-10-22T04:00:00Z,223.43,225.36,221.51,224.46,1318793,30005,223.69
2025-10-23T04:00:00Z,227.72,227.72,221.03,221.54,1904276,41779,222.618
2025-10-24T04:00:00Z,222,223.5,219.11,219.59,1116652,29839,220.749
2025-10-27T04:00:00Z,220.52,221,218.88,219.8,1494894,27635,219.858
2025-10-28T04:00:00Z,218.73,220,215.64,216,1965116,39722,216.614
2025-10-29T04:00:00Z,216,216.625,210.15,211.13,3246072,57482,212.521
2025-10-30T04:00:00Z,209.54,216.1,207.905,211.52,3057254,61018,211.355
2025-10-31T04:00:00Z,212.5,213,209,212,3048789,43140,211.44
2025-11-03T05:00:00Z,211.53,214.23,208.134,209.61,1927018,36313,209.755
2025-11-04T05:00:00Z,207.7,209.61,206,206.75,2080173,37453,207.512
2025-11-05T05:00:00Z,208.33,208.77,205.55,205.63,1642325,34806,206.598
2025-11-06T05:00:00Z,207.42,210.254,207.14,208.03,1575721,33646,208.407
2025-11-07T05:00:00Z,207.19,208.67,205.07,207.9,2492478,38902,207.459
2025-11-10T05:00:00Z,207.5,211.79,206.88,211.55,1607551,33644,210.062
2025-11-11T05:00:00Z,211.55,214.25,211.16,212,1455313,27792,212.473
2025-11-12T05:00:00Z,212,215.55,211.27,213.55,2367584,37914,213.741
2025-11-13T05:00:00Z,213.99,216.531,211.95,213.3,1467796,32709,213.611
2025-11-14T05:00:00Z,213.22,216.94,212.305,215.19,1820282,35344,215.127
2025-11-17T05:00:00Z,215.23,217.81,214.11,215.21,2144977,40552,215.76
2025-11-18T05:00:00Z,215.61,216.79,212.31,212.46,1538200,31671,213.581
2025-11-19T05:00:00Z,208.46,210.37,205.5,209.62,1909577,38807,208.826
2025-11-20T05:00:00Z,210.16,215.63,207.84,208.17,1663843,38176,210.828
2025-11-21T05:00:00Z,208.81,209.44,204.54,205.5,1778322,38454,205.786
2025-11-24T05:00:00Z,203.79,205,200.64,204.58,3986895,49889,203.476
2025-11-25T05:00:00Z,203.64,205.04,200.51,204.91,2404194,42571,203.441
2025-11-26T05:00:00Z,205.68,207.335,203.42,205.79,1486816,31356,205.789
2025-11-28T05:00:00Z,205.87,210.1,205,208.46,838983,19576,208.649
2025-12-01T05:00:00Z,207.96,211.21,207,210.69,1506175,30517,210.36
2025-12-02T05:00:00Z,210.91,211.4,208.49,209.28,1257494,27911,209.857
2025-12-03T05:00:00Z,209.45,209.868,206.34,208.46,1485603,30665,208.059
2025-12-04T05:00:00Z,208.46,209.34,206.58,207.9,2261301,37157,208.002
2025-12-05T05:00:00Z,208.27,209.49,203.08,205.69,2280430,47619,205.14
2025-12-08T05:00:00Z,203.21,204.655,200.29,200.8,3188757,47919,201.484
2025-12-09T05:00:00Z,200.35,202.3,198.18,198.72,2187907,42021,199.751
2025-12-10T05:00:00Z,199,199.9,191.35,192.91,2967133,49559,193.915
2025-12-11T05:00:00Z,192.59,194.44,191.01,191.6,1780780,36308,192.187
2025-12-12T05:00:00Z,192.29,193.71,189.09,189.36,2959943,41577,190.3
2025-12-15T05:00:00Z,189.01,189.09,186.7,188.83,2716391,49132,188.203
2025-12-16T05:00:00Z,188.08,190.11,186.2,189.28,3029228,49249,188.818
2025-12-17T05:00:00Z,189,191.89,188.22,190.35,4220608,57135,190.162
2025-12-18T05:00:00Z,189.24,193.07,188.75,189.85,1982992,36991,190.616
2025-12-19T05:00:00Z,190.5,191.35,188.943,189.76,2402225,31195,189.895
2025-12-22T05:00:00Z,190,190.81,188.8,189.37,1428416,28403,189.493
2025-12-23T05:00:00Z,189.58,192.1,188.54,191.7,1254658,27077,190.947
2025-12-24T05:00:00Z,191.71,192.21,189.77,190.33,520669,14336,190.624
2025-12-26T05:00:00Z,190.42,190.56,188.13,189.31,728711,19855,189.171
2025-12-29T05:00:00Z,189.94,192.695,189.31,192.6,1944504,34146,192.039
2025-12-30T05:00:00Z,193,194.57,192.545,193.44,1079272,23199,193.433
2025-12-31T05:00:00Z,193.44,194.74,192.865,194.39,1256781,25302,194.009
