timestamp,open,high,low,close,volume,tradeCount,vwap
2016-01-04T05:00:00Z,31.14,31.59,31.05,31.25,550170,4285,31.323
2016-01-05T05:00:00Z,31.25,31.42,30.47,30.51,445505,3767,30.7281
2016-01-06T05:00:00Z,30,30.295,29.98,30.1,366277,2963,30.1237
2016-01-07T05:00:00Z,29.62,29.855,28.6,28.62,389476,3722,29.1341
2016-01-08T05:00:00Z,29,29.435,27.63,27.68,523087,4084,28.354
2016-01-11T05:00:00Z,27.8,27.84,26.78,27.26,634844,4709,27.2383
2016-01-12T05:00:00Z,27.67,27.9,26.4,27.16,527048,2772,27.0242
2016-01-13T05:00:00Z,27.16,27.37,25.84,25.93,288815,2197,26.293
2016-01-14T05:00:00Z,25.96,26.5,25.1,25.88,402935,2961,25.9349
2016-01-15T05:00:00Z,25.05,25.22,24.12,25.04,419947,2753,24.8276
2016-01-19T05:00:00Z,25.28,25.53,24.26,24.8,412886,2887,24.9287
2016-01-20T05:00:00Z,24.36,25.58,23.83,25.24,395000,3439,24.7832
2016-01-21T05:00:00Z,25.36,25.68,24.91,25.07,309109,2411,25.2362
2016-01-22T05:00:00Z,25.44,25.85,25.18,25.63,250502,1777,25.5526
2016-01-25T05:00:00Z,25.58,25.59,25.01,25.09,193156,1558,25.1911
2016-01-26T05:00:00Z,25.24,25.85,25.1,25.67,277700,2204,25.5705
2016-01-27T05:00:00Z,25.45,25.89,25.13,25.29,282279,2302,25.3752
2016-01-28T05:00:00Z,25.57,25.69,25.005,25.13,256144,2473,25.1634
2016-01-29T05:00:00Z,25.22,26.07,25.22,26.06,405977,2459,25.8657
2016-02-01T05:00:00Z,25.88,26.4,25.14,26.22,233677,2209,25.9495
2016-02-02T05:00:00Z,25.87,25.87,24.995,25.03,192127,1737,25.1693
2016-02-03T05:00:00Z,25.3,25.33,24.5,25.06,148447,1505,24.9577
2016-02-04T05:00:00Z,25.06,25.79,25.04,25.47,130827,1187,25.4122
2016-02-05T05:00:00Z,25.33,25.41,24.8,25,321951,2390,25.0537
2016-02-08T05:00:00Z,24.64,25.25,24.38,25.15,211682,2004,24.92
2016-02-09T05:00:00Z,24.74,25.5258,24.74,25.14,197172,1782,25.1442
2016-02-10T05:00:00Z,25.39,26.06,25.39,25.74,229742,2086,25.7589
2016-02-11T05:00:00Z,25.26,25.77,24.74,25.62,264549,2237,25.3656
2016-02-12T05:00:00Z,25.85,26.35,25.7315,26.18,214049,1904,26.1069
2016-02-16T05:00:00Z,26.5,26.84,26.26,26.78,183116,1470,26.6849
2016-02-17T05:00:00Z,26.94,27.36,26.7,27.16,244679,1582,27.0643
2016-02-18T05:00:00Z,27.27,27.71,26.85,27.08,251168,1917,27.2125
2016-02-19T05:00:00Z,27,27.3,26.6,27.07,250975,2248,26.9559
2016-02-22T05:00:00Z,27.33,28.46,27.33,27.95,283902,2286,27.8113
2016-02-23T05:00:00Z,27.86,27.94,27.29,27.31,191161,1495,27.4841
2016-02-24T05:00:00Z,27.07,27.87,26.77,27.81,128785,1204,27.4481
2016-02-25T05:00:00Z,27.81,27.93,27.22,27.91,106471,891,27.75
2016-02-26T05:00:00Z,28.02,28.43,27.77,28.4,182959,1380,28.2564
2016-02-29T05:00:00Z,28.51,28.91,28.32,28.57,238865,1786,28.6177
2016-03-01T05:00:00Z,28.79,29.62,28.79,29.34,472944,3957,29.3134
2016-03-02T05:00:00Z,29.16,29.56,27.91,28.52,548669,4883,28.4956
2016-03-03T05:00:00Z,27.5,28.53,26.91,27.98,570023,4499,27.8397
2016-03-04T05:00:00Z,28.03,29.18,27.805,28.16,487922,3992,28.3465
2016-03-07T05:00:00Z,28.06,28.62,27.94,28.52,348746,2332,28.4693
2016-03-08T05:00:00Z,28.28,28.54,27.68,27.91,462397,2692,28.0657
2016-03-09T05:00:00Z,28.03,28.15,27.589,27.87,181836,1682,27.8797
2016-03-10T05:00:00Z,28.06,28.375,27.22,27.37,139733,1282,27.4943
2016-03-11T05:00:00Z,27.7,28.33,27.53,28.3,139974,1265,28.1579
2016-03-14T04:00:00Z,28.12,28.32,27.77,27.95,129745,1422,27.9635
2016-03-15T04:00:00Z,27.85,27.89,27.33,27.6,211809,1733,27.6488
2016-03-16T04:00:00Z,27.51,27.83,27.33,27.66,194091,1553,27.6123
2016-03-17T04:00:00Z,27.63,28.55,27.42,28.43,305283,2435,28.1438
2016-03-18T04:00:00Z,28.55,28.99,28.34,28.54,741294,2887,28.5913
2016-03-21T04:00:00Z,28.76,29.63,28.73,29.28,385098,3127,29.2915
2016-03-22T04:00:00Z,29.18,29.18,28.46,28.53,186779,1548,28.7307
2016-03-23T04:00:00Z,28.56,28.6,27.63,27.68,222641,1845,27.7936
2016-03-24T04:00:00Z,27.5,27.72,27.09,27.6,167443,1436,27.5278
2016-03-28T04:00:00Z,27.68,27.7,27.12,27.23,199715,1795,27.3233
2016-03-29T04:00:00Z,27.09,28.03,27.04,27.91,529904,3665,27.6837
2016-03-30T04:00:00Z,28.1,29.4,28.1,29.25,259977,2205,29.0783
2016-03-31T04:00:00Z,29.24,29.44,28.72,29.24,331838,2393,29.1941
2016-04-01T04:00:00Z,28.99,28.99,27.88,27.93,193406,1724,28.072
2016-04-04T04:00:00Z,27.96,28.07,27.37,27.55,238094,2556,27.6524
2016-04-05T04:00:00Z,27.41,27.75,27.2,27.34,240028,1496,27.3941
2016-04-06T04:00:00Z,27.36,27.96,27.1,27.91,181420,1713,27.7156
2016-04-07T04:00:00Z,27.75,27.9,27.17,27.33,268522,1710,27.489
2016-04-08T04:00:00Z,27.55,28.11,27.46,28.1,377565,1911,27.8747
2016-04-11T04:00:00Z,28.25,28.7099,28.02,28.02,230827,1688,28.3282
2016-04-12T04:00:00Z,28.11,28.54,28.06,28.43,243406,2194,28.3841
2016-04-13T04:00:00Z,28.52,29.09,28.38,29.09,437965,2685,28.6987
2016-04-14T04:00:00Z,28.97,29.07,28.04,28.2,238940,1843,28.3991
2016-04-15T04:00:00Z,28.19,28.77,27.62,28.72,338778,2366,28.4056
2016-04-18T04:00:00Z,28.64,29.02,28.38,29.02,215655,1895,28.8605
2016-04-19T04:00:00Z,29.13,29.54,29.06,29.51,286094,2587,29.4075
2016-04-20T04:00:00Z,29.55,30.22,29.51,30.05,357643,2851,29.9541
2016-04-21T04:00:00Z,30.09,30.31,29.33,29.34,356047,2921,29.77
2016-04-22T04:00:00Z,29.25,31.24,29.1,31.2,463443,3032,30.7147
2016-04-25T04:00:00Z,31.03,31.07,30.44,30.69,432933,2957,30.6439
2016-04-26T04:00:00Z,30.93,31.57,30.75,31.48,261122,2306,31.3105
2016-04-27T04:00:00Z,31.41,31.57,31.2801,31.41,227883,2157,31.3993
2016-04-28T04:00:00Z,31.26,31.26,30.34,30.4,205562,1710,30.6345
2016-04-29T04:00:00Z,30.36,30.36,29.53,29.73,231009,1813,29.7806
2016-05-02T04:00:00Z,29.76,30.11,29.5301,30.05,229250,1684,29.9023
2016-05-03T04:00:00Z,29.82,30.06,29.38,29.91,179532,1606,29.8155
2016-05-04T04:00:00Z,29.75,30.52,29.68,29.74,338101,3422,29.9232
2016-05-05T04:00:00Z,29.88,30.1199,28.8801,28.96,179057,1603,29.234
2016-05-06T04:00:00Z,28.9,29.32,28.6701,29.31,178630,1198,29.1777
2016-05-09T04:00:00Z,29.31,29.55,29.06,29.28,213825,1404,29.3007
2016-05-10T04:00:00Z,29.44,29.74,29.27,29.54,169525,1565,29.534
2016-05-11T04:00:00Z,29.41,29.86,29.24,29.25,148526,962,29.4286
2016-05-12T04:00:00Z,29.43,29.64,28.1305,28.62,278643,2180,28.6569
2016-05-13T04:00:00Z,28.54,28.82,28.09,28.09,138110,1106,28.3016
2016-05-16T04:00:00Z,28.19,28.73,28.19,28.35,146443,1273,28.4365
2016-05-17T04:00:00Z,28.3,28.62,28.03,28.17,277102,2249,28.2495
2016-05-18T04:00:00Z,28.06,28.315,27.71,28.02,207032,1730,28.0899
2016-05-19T04:00:00Z,27.85,28.0999,27.13,27.38,203142,1757,27.5052
2016-05-20T04:00:00Z,27.55,28.09,27.35,28.06,190820,1297,27.9684
2016-05-23T04:00:00Z,28.1,28.39,28,28.21,211927,1352,28.1879
2016-05-24T04:00:00Z,28.4,29.44,28.4,29.32,300420,1913,29.158
2016-05-25T04:00:00Z,29.38,29.88,29.36,29.83,194901,1480,29.7201
2016-05-26T04:00:00Z,29.85,30.04,29.71,29.77,183814,1611,29.8449
2016-05-27T04:00:00Z,29.8,30.04,29.56,29.89,136684,1225,29.8682
2016-05-31T04:00:00Z,29.89,29.89,29.29,29.51,253076,1686,29.5377
2016-06-01T04:00:00Z,29.32,29.63,29.15,29.53,210473,1702,29.5088
2016-06-02T04:00:00Z,29.42,29.54,29.2,29.48,212068,1726,29.3792
2016-06-03T04:00:00Z,29.45,29.45,28.97,29.15,120129,1081,29.1371
2016-06-06T04:00:00Z,29.2,29.54,29.02,29.36,223465,1447,29.3593
2016-06-07T04:00:00Z,29.39,29.47,29.07,29.2,241752,1889,29.2319
2016-06-08T04:00:00Z,29.22,30.04,29.07,29.91,420217,2698,29.682
2016-06-09T04:00:00Z,29.69,30.19,28.86,29.19,466975,2940,29.3885
2016-06-10T04:00:00Z,28.82,28.91,28.3,28.41,245363,2333,28.5747
2016-06-13T04:00:00Z,28.35,28.49,27.93,28.02,186850,1735,28.1089
2016-06-14T04:00:00Z,27.94,28.36,27.88,28.27,215838,1957,28.1106
2016-06-15T04:00:00Z,28.48,28.8,28.235,28.44,185190,1699,28.5709
2016-06-16T04:00:00Z,28.19,28.7,28.04,28.64,231840,1967,28.4075
2016-06-17T04:00:00Z,28.75,29.05,28.39,28.78,519062,2592,28.7777
2016-06-20T04:00:00Z,29.25,29.43,28.95,29.05,242104,2030,29.1408
2016-06-21T04:00:00Z,29.08,29.25,28.16,28.45,389264,2937,28.4187
2016-06-22T04:00:00Z,29.33,30.62,29,30.14,721041,5452,30.0722
2016-06-23T04:00:00Z,29.16,32.43,28.48,31.98,1300683,9410,31.5294
2016-06-24T04:00:00Z,32.04,33.68,31.16,31.94,1004741,5040,32.2063
2016-06-27T04:00:00Z,31.59,31.68,30.46,30.64,403084,3607,30.7691
2016-06-28T04:00:00Z,30.99,32.24,30.75,32.14,471547,3412,31.8754
2016-06-29T04:00:00Z,32.75,33.06,32.29,32.97,614681,3740,32.795
2016-06-30T04:00:00Z,33,34.24,32.82,34.23,481056,3680,33.8727
2016-07-01T04:00:00Z,34.51,34.64,33.98,34.52,403768,3250,34.4328
2016-07-05T04:00:00Z,34.3,34.4,33.35,33.58,213852,1660,33.5697
2016-07-06T04:00:00Z,33.42,33.7,33.07,33.31,298128,2653,33.3018
2016-07-07T04:00:00Z,33.52,33.69,32.81,33.33,494454,3069,33.266
2016-07-08T04:00:00Z,33.74,34.19,33.69,34.05,461021,3062,33.9806
2016-07-11T04:00:00Z,34.15,34.43,33.96,34.1,390676,3839,34.1464
2016-07-12T04:00:00Z,34.55,34.77,34.24,34.29,424015,3260,34.3995
2016-07-13T04:00:00Z,34.31,34.47,33.95,34.19,355412,2002,34.1737
2016-07-14T04:00:00Z,34.69,34.81,33.96,34,215830,1963,34.2487
2016-07-15T04:00:00Z,34.28,34.55,34,34.19,190029,1637,34.2019
2016-07-18T04:00:00Z,33.51,34.58,33.51,34.19,152564,1502,34.2388
2016-07-19T04:00:00Z,34.05,34.39,33.7,33.88,215827,1765,33.9886
2016-07-20T04:00:00Z,33.91,34.59,33.83,34.57,242910,1567,34.4579
2016-07-21T04:00:00Z,33.8,35.09,33.8,34.65,342544,2770,34.7218
2016-07-22T04:00:00Z,34.57,34.91,34.46,34.73,153714,1455,34.7011
2016-07-25T04:00:00Z,34.79,35.04,34.63,34.9,169399,1732,34.8718
2016-07-26T04:00:00Z,34.85,35.1,34.52,34.74,197196,2133,34.7752
2016-07-27T04:00:00Z,34.93,35.91,34.93,35.62,298082,2862,35.5344
2016-07-28T04:00:00Z,35.51,35.69,34.73,34.9,258517,2200,34.9583
2016-07-29T04:00:00Z,34.84,35.16,34.527,35.03,410258,2790,35.0004
2016-08-01T04:00:00Z,35.03,35.4,34.81,35.35,269566,2117,35.1997
2016-08-02T04:00:00Z,35.35,35.54,34.54,34.76,655493,4574,34.8114
2016-08-03T04:00:00Z,34.7,35.24,34.69,34.96,217259,1920,34.9647
2016-08-04T04:00:00Z,34.93,35.39,34.79,34.95,206961,1886,34.9822
2016-08-05T04:00:00Z,35.25,35.73,34.93,35.52,232233,1958,35.4185
2016-08-08T04:00:00Z,35.76,36.31,35.55,35.91,197131,1728,35.9861
2016-08-09T04:00:00Z,35.8,36.37,35.76,36.29,326607,2130,36.1908
2016-08-10T04:00:00Z,36.28,36.28,35.5,35.8,159965,1593,35.8047
2016-08-11T04:00:00Z,35.91,36.07,35.79,35.92,148691,1021,35.9375
2016-08-12T04:00:00Z,35.93,35.98,35.63,35.9,128909,1138,35.8717
2016-08-15T04:00:00Z,35.93,36.33,35.93,36.21,139542,1182,36.2091
2016-08-16T04:00:00Z,36.08,36.2,35.95,36.06,147404,1226,36.0701
2016-08-17T04:00:00Z,35.99,36.38,35.71,36.16,142578,1597,36.1234
2016-08-18T04:00:00Z,36.27,36.41,36.04,36.27,167874,1300,36.2218
2016-08-19T04:00:00Z,36.24,36.84,36.1,36.74,163542,1510,36.5959
2016-08-22T04:00:00Z,36.73,36.88,36.04,36.49,171831,1546,36.4647
2016-08-23T04:00:00Z,36.61,36.95,36.49,36.69,222449,1858,36.7106
2016-08-24T04:00:00Z,36.8,37,36.56,37,148347,1226,36.8929
2016-08-25T04:00:00Z,36.95,37.11,36.76,36.94,196436,1646,36.9551
2016-08-26T04:00:00Z,37.07,37.11,36.62,36.88,275349,2454,36.8641
2016-08-29T04:00:00Z,37.08,37.1,36.75,36.78,217163,1978,36.8516
2016-08-30T04:00:00Z,36.83,36.97,36.34,36.71,303120,2623,36.645
2016-08-31T04:00:00Z,36.58,36.8399,36.23,36.65,352423,2464,36.5127
2016-09-01T04:00:00Z,36.85,36.85,33.7,34.03,643182,5252,34.4475
2016-09-02T04:00:00Z,33.57,35.3,33.19,35.3,463283,4109,34.7306
2016-09-06T04:00:00Z,35.3,35.72,35.11,35.61,477762,3696,35.5044
2016-09-07T04:00:00Z,35.69,36.2,35.525,35.71,388322,2682,35.7455
2016-09-08T04:00:00Z,35.55,35.9,35.48,35.63,148271,1455,35.6229
2016-09-09T04:00:00Z,35.26,35.41,34.33,34.33,266295,1655,34.5415
2016-09-12T04:00:00Z,34.07,34.84,33.731,34.8,175099,1526,34.6693
2016-09-13T04:00:00Z,34.44,34.92,33.98,34.26,183208,2411,34.3283
2016-09-14T04:00:00Z,34.27,34.44,34,34.09,145031,1391,34.1752
2016-09-15T04:00:00Z,34.16,34.84,34.12,34.7,142610,1178,34.6312
2016-09-16T04:00:00Z,34.44,34.67,34.31,34.39,270791,1071,34.5145
2016-09-19T04:00:00Z,34.71,35.24,34.37,34.45,225290,1772,34.6148
2016-09-20T04:00:00Z,34.68,34.75,34.2599,34.29,141896,1502,34.3625
2016-09-21T04:00:00Z,34.68,35.14,34.59,35.07,234878,2105,34.9257
2016-09-22T04:00:00Z,35.33,35.46,34.94,35.18,226936,1673,35.1913
2016-09-23T04:00:00Z,35.11,35.24,34.88,34.93,298535,2590,34.9869
2016-09-26T04:00:00Z,34.73,35.2,34.67,34.96,210277,2003,34.9776
2016-09-27T04:00:00Z,34.89,35.43,34.78,35.21,188668,2028,35.1303
2016-09-28T04:00:00Z,35.4,35.76,34.98,35.41,246684,2247,35.2331
2016-09-29T04:00:00Z,35.24,35.31,34.29,34.35,234376,2666,34.6669
2016-09-30T04:00:00Z,34.57,35.17,34.405,34.97,272195,2225,34.94
2016-10-03T04:00:00Z,34.9,35.28,34.68,35.28,255825,2211,35.1265
2016-10-04T04:00:00Z,35.4,35.83,35.11,35.33,182503,1651,35.4046
2016-10-05T04:00:00Z,35.6,35.94,35.37,35.74,93129,1193,35.7165
2016-10-06T04:00:00Z,35.52,36,35.42,35.85,144540,1820,35.7692
2016-10-07T04:00:00Z,35.85,35.85,35.19,35.31,142363,1245,35.3572
2016-10-10T04:00:00Z,35.6,36,35.6,35.69,123471,1022,35.7605
2016-10-11T04:00:00Z,35.4,35.8,34.85,34.95,148603,1223,35.1571
2016-10-12T04:00:00Z,34.8,35.3,34.7,34.95,93757,870,35.0107
2016-10-13T04:00:00Z,34.95,34.95,34.25,34.5,222433,1813,34.5861
2016-10-14T04:00:00Z,34.75,35.35,34.75,35.1,145453,1286,35.1081
2016-10-17T04:00:00Z,35.1,35.25,34.8,34.85,147948,1371,34.9662
2016-10-18T04:00:00Z,35.25,35.25,31.925,32.1,471354,3649,32.7368
2016-10-19T04:00:00Z,32.1,32.5,31.8,32.1,234726,1834,32.1183
2016-10-20T04:00:00Z,31.95,32,31.3,31.6,191603,1636,31.6557
2016-10-21T04:00:00Z,31.3,32.2,31.3,31.8,188665,1340,31.7897
2016-10-24T04:00:00Z,32.1,33.15,32.1,32.85,250191,1695,32.7348
2016-10-25T04:00:00Z,32.7,32.7,31.65,31.85,177689,1268,31.9121
2016-10-26T04:00:00Z,31.75,32.1,31.3,31.65,154542,1336,31.6435
2016-10-27T04:00:00Z,31.85,31.85,30.55,30.7,240382,1872,30.8587
2016-10-28T04:00:00Z,30.4,31.15,29.85,30.4,349729,2578,30.4153
2016-10-31T04:00:00Z,30.55,31.25,30.25,31.2,205353,1556,30.9793
2016-11-01T04:00:00Z,31.3,31.425,30.75,31.2,225149,1957,31.1907
2016-11-02T04:00:00Z,31.25,32.1,31,31.25,291653,2033,31.3942
2016-11-03T04:00:00Z,31.3,32.4,31.3,32.1,188022,1449,32.0329
2016-11-04T04:00:00Z,32.05,33.15,32.05,32.35,245166,1830,32.5314
2016-11-07T05:00:00Z,33,33.35,32.45,32.9,317353,2028,32.8306
2016-11-08T05:00:00Z,32.55,33.35,32.35,32.95,183811,1830,32.8912
2016-11-09T05:00:00Z,32.6,33.75,32.35,33.4,400224,2982,33.1003
2016-11-10T05:00:00Z,33.8,35.3,33.3,34.15,408095,3174,34.3449
2016-11-11T05:00:00Z,34.25,34.85,34,34.85,460484,3451,34.5497
2016-11-14T05:00:00Z,35.25,36,35,36,236532,2253,35.6403
2016-11-15T05:00:00Z,35.8,36.25,35.5,36.15,283614,1663,36.0382
2016-11-16T05:00:00Z,36.15,36.25,35.75,35.95,168512,1443,36.0494
2016-11-17T05:00:00Z,36.15,36.55,35.95,36.35,161717,1377,36.3361
2016-11-18T05:00:00Z,36.35,36.8,35.95,36.75,163116,1026,36.6442
2016-11-21T05:00:00Z,36.9,37.05,35.75,37,184724,1578,36.5602
2016-11-22T05:00:00Z,37,37.15,35.8,36.9,237718,2082,36.6252
2016-11-23T05:00:00Z,36.8,38,36.75,38,243333,1581,37.7943
2016-11-25T05:00:00Z,37.95,38.4,37.85,38.15,82886,748,38.1162
2016-11-28T05:00:00Z,38.2,38.45,38,38.2,159058,1501,38.198
2016-11-29T05:00:00Z,38.15,38.3,37.15,37.3,269488,2299,37.5632
2016-11-30T05:00:00Z,37.6,37.8,36.75,36.95,280734,2085,37.2575
2016-12-01T05:00:00Z,37.05,38.2,36.75,37.3,284017,2360,37.3191
2016-12-02T05:00:00Z,37.15,37.4,36.25,36.95,260229,1920,36.8118
2016-12-05T05:00:00Z,37.35,38.15,37.3,37.9,251596,2000,37.8127
2016-12-06T05:00:00Z,37.95,38.675,37.8,38.55,209561,1800,38.4117
2016-12-07T05:00:00Z,38.6,39.1,37.9,39,344771,3010,38.59
2016-12-08T05:00:00Z,42,44.05,39.35,42.55,1051416,7380,41.6622
2016-12-09T05:00:00Z,42.8,42.8,41.7,42.6,470377,3425,42.332
2016-12-12T05:00:00Z,42.55,42.55,41.7,42.45,456125,3918,42.1242
2016-12-13T05:00:00Z,42.55,42.9,42.2,42.65,259498,2336,42.5529
2016-12-14T05:00:00Z,42.55,42.9,42.25,42.6,289361,2630,42.5874
2016-12-15T05:00:00Z,42.55,42.9,41.35,42.75,369748,2199,42.5319
2016-12-16T05:00:00Z,42.65,42.75,41.75,42.05,1106599,3035,42.3038
2016-12-19T05:00:00Z,42.25,43,41.85,42.65,424437,3299,42.6877
2016-12-20T05:00:00Z,42.75,43,42.4,42.7,205596,1613,42.6883
2016-12-21T05:00:00Z,42.75,43,42.4,42.55,279538,2134,42.6535
2016-12-22T05:00:00Z,42.75,42.75,42,42.35,219214,1822,42.3023
2016-12-23T05:00:00Z,42.4,42.45,42.05,42.35,123318,1187,42.2778
2016-12-27T05:00:00Z,42.45,42.85,42.45,42.65,155179,1493,42.6508
2016-12-28T05:00:00Z,42.75,42.75,41.5,41.7,227065,2234,41.8564
2016-12-29T05:00:00Z,41.8,42,41.25,41.95,160774,1612,41.7147
2016-12-30T05:00:00Z,42.2,42.2,41.05,41.35,160210,1393,41.3829
2017-01-03T05:00:00Z,41.8,41.8,41,41.3,192318,1651,41.3469
2017-01-04T05:00:00Z,41.5,42.55,41.3,42.29,396325,2440,42.2551
2017-01-05T05:00:00Z,42.35,42.5,41.2,41.35,233728,2189,41.7048
2017-01-06T05:00:00Z,41.5,41.9,40.9,41.05,273277,3310,41.2073
2017-01-09T05:00:00Z,40.85,40.85,40.1,40.2,270501,2081,40.3424
2017-01-10T05:00:00Z,40.45,41.35,40.35,40.85,269749,2224,40.9366
2017-01-11T05:00:00Z,40.95,40.95,40.4,40.85,238126,1871,40.7385
2017-01-12T05:00:00Z,40.75,41.25,40.25,41.25,336947,2148,40.8704
2017-01-13T05:00:00Z,41.35,41.9,41.15,41.2,160403,1158,41.3851
2017-01-17T05:00:00Z,41.05,41.05,40,40.05,162480,1258,40.3805
2017-01-18T05:00:00Z,40.3,40.95,40.05,40.75,255516,1808,40.7079
2017-01-19T05:00:00Z,40.95,41.65,40.6001,40.75,147566,1147,40.9955
2017-01-20T05:00:00Z,40.95,41.35,40.7,40.95,136759,984,40.9892
2017-01-23T05:00:00Z,40.8,41.1,40.5,40.95,114670,1083,40.8496
2017-01-24T05:00:00Z,41.2,42.2,41.2,41.85,217778,1788,41.8089
2017-01-25T05:00:00Z,41.9,42.35,41.7,42.1,161720,1237,42.0279
2017-01-26T05:00:00Z,42.15,42.55,41.45,42.2,206766,1724,42.0471
2017-01-27T05:00:00Z,42.2,42.55,41.75,42.2,168858,1460,42.1788
2017-01-30T05:00:00Z,41.9,42.075,40.75,41.6,200714,2120,41.5929
2017-01-31T05:00:00Z,41.5,42.2,41.2,42.05,228266,1269,41.8788
2017-02-01T05:00:00Z,42.15,42.7,41.7,42.25,217026,1513,42.1416
2017-02-02T05:00:00Z,42,42.05,41,41.3,144586,1353,41.3999
2017-02-03T05:00:00Z,41.55,42.1,41.15,42.05,122477,1126,41.8951
2017-02-06T05:00:00Z,42,42,41.15,41.4,110922,905,41.4246
2017-02-07T05:00:00Z,41.55,42.15,41.5,41.65,146390,1382,41.7208
2017-02-08T05:00:00Z,41.6,41.65,40.85,41.05,103713,880,41.1223
2017-02-09T05:00:00Z,41.1,42.0903,41.05,41.9,128267,1468,41.8313
2017-02-10T05:00:00Z,42.1,42.1,41.45,41.8,107831,1046,41.7075
2017-02-13T05:00:00Z,42.15,42.5,41.85,42.3,132972,1262,42.1991
2017-02-14T05:00:00Z,42.1,42.211,41.8,42.2,101038,1249,42.0928
2017-02-15T05:00:00Z,42.05,42.5,42,42.45,79714,739,42.2951
2017-02-16T05:00:00Z,42.3,42.5,41.75,42.25,165599,1390,42.072
2017-02-17T05:00:00Z,42.2,42.35,41.85,42.2,155373,810,42.1819
2017-02-21T05:00:00Z,42.75,43,42,42.7,171722,1630,42.5011
2017-02-22T05:00:00Z,42.55,42.65,41.85,42.3,81776,855,42.1767
2017-02-23T05:00:00Z,42.4,42.45,41.4,41.95,121259,1190,41.9094
2017-02-24T05:00:00Z,41.6,42.2,41.6,42.2,112989,1162,42.0422
2017-02-27T05:00:00Z,42,42.55,41.75,42.3,408761,1568,42.172
2017-02-28T05:00:00Z,41.95,42.05,41.35,41.5,233735,1900,41.5843
2017-03-01T05:00:00Z,42.25,43.75,42.25,43.35,398631,2780,43.357
2017-03-02T05:00:00Z,43.45,45.95,43.05,44.3,451616,3704,44.6808
2017-03-03T05:00:00Z,44.65,44.9,44.2,44.5,269043,2233,44.5173
2017-03-06T05:00:00Z,44.35,44.8,43.95,44.05,232445,1872,44.183
2017-03-07T05:00:00Z,43.95,44.4,43.7,43.7,190983,1647,43.8905
2017-03-08T05:00:00Z,44.05,44.1,43.5,43.55,139684,1358,43.7471
2017-03-09T05:00:00Z,43.5,43.75,42.55,42.8,222098,1863,42.8913
2017-03-10T05:00:00Z,43,43.2,42.7,42.85,153119,1512,42.8767
2017-03-13T04:00:00Z,42.9,43.84,42.9,43.45,227120,2151,43.486
2017-03-14T04:00:00Z,43.15,44.175,42.9,44.1,169421,1301,43.7465
2017-03-15T04:00:00Z,44.35,45.3,44.25,45.05,325129,3083,44.8873
2017-03-16T04:00:00Z,45.4,45.6,45.05,45.5,275318,2098,45.407
2017-03-17T04:00:00Z,45.5,46.35,45.45,46.3,509092,1709,46.0845
2017-03-20T04:00:00Z,46.35,46.4,45.3,45.45,202138,1569,45.719
2017-03-21T04:00:00Z,45.8,45.8,43.45,43.5,220927,1938,44.0981
2017-03-22T04:00:00Z,43.5,43.8,42.9,43.55,207254,1680,43.2906
2017-03-23T04:00:00Z,43.4,44.061,43.15,43.85,273480,1604,43.7962
2017-03-24T04:00:00Z,44,44.8,43.75,44.5,211530,1589,44.5417
2017-03-27T04:00:00Z,43.95,44.35,43.1,44.25,211267,2051,43.9086
2017-03-28T04:00:00Z,44.15,44.6,44,44.55,164326,1272,44.3966
2017-03-29T04:00:00Z,44.65,45.25,44.45,45.2,241671,1930,45.0077
2017-03-30T04:00:00Z,45.35,45.95,45.35,45.65,223618,1883,45.6187
2017-03-31T04:00:00Z,45.65,46.15,45.25,45.6,318284,1984,45.7111
2017-04-03T04:00:00Z,45.7,45.95,43.6,43.65,303448,2730,44.1197
2017-04-04T04:00:00Z,43.7,44.4,43.7,44.35,296688,2532,44.2226
2017-04-05T04:00:00Z,44.95,44.95,43.15,43.25,237408,1862,43.8095
2017-04-06T04:00:00Z,43.4,43.9,42.901,43.8,190461,1827,43.6243
2017-04-07T04:00:00Z,43.7,44.1,43.5,43.85,226082,1677,43.9089
2017-04-10T04:00:00Z,43.85,43.95,43.15,43.2,177628,1776,43.433
2017-04-11T04:00:00Z,43,43.75,43,43.55,196341,1601,43.4063
2017-04-12T04:00:00Z,43.55,43.65,42.2,42.45,219261,2048,42.5144
2017-04-13T04:00:00Z,42.15,42.85,42,42.3,278818,2487,42.2867
2017-04-17T04:00:00Z,42.35,42.9,42.2,42.9,275762,2372,42.5874
2017-04-18T04:00:00Z,42.7,42.775,42.2,42.6,215207,1929,42.4854
2017-04-19T04:00:00Z,42.8,43.1,42.55,43,236029,2488,42.8622
2017-04-20T04:00:00Z,43.35,44.05,43.1501,44,215210,1822,43.8037
2017-04-21T04:00:00Z,43.85,44.1,43.5,43.75,258594,2260,43.8942
2017-04-24T04:00:00Z,44.55,45.05,44.225,44.8,220081,2058,44.6875
2017-04-25T04:00:00Z,45.3,45.5,44.85,44.9,198179,1551,45.1482
2017-04-26T04:00:00Z,44.8,44.9501,43.9,44.65,244291,2125,44.75
2017-04-27T04:00:00Z,44.65,44.95,44.325,44.45,219251,1802,44.5361
2017-04-28T04:00:00Z,44.65,44.85,44.2,44.55,202066,1835,44.5599
2017-05-01T04:00:00Z,44.85,44.85,44.35,44.65,181821,1667,44.6265
2017-05-02T04:00:00Z,44.6,44.95,43.8,44.25,338289,2591,44.2987
2017-05-03T04:00:00Z,43.75,43.75,39.2,39.25,859901,6599,40.5755
2017-05-04T04:00:00Z,39.2,40.65,38.7,40.6,497987,3265,39.9566
2017-05-05T04:00:00Z,40.8,40.8,40.025,40.5,208174,1797,40.3721
2017-05-08T04:00:00Z,40.5,41.1,40.25,41.1,282819,2511,40.8812
2017-05-09T04:00:00Z,41.1,41.7,41.05,41.35,194610,1733,41.3863
2017-05-10T04:00:00Z,41.4,42.15,41.4,41.9,167914,1486,41.8235
2017-05-11T04:00:00Z,41.75,42.4,41.5,42.1,162055,1782,42.0691
2017-05-12T04:00:00Z,42,42,41.45,41.5,136597,1209,41.6177
2017-05-15T04:00:00Z,41.79,42.05,41.325,41.4,296337,2648,41.5379
2017-05-16T04:00:00Z,41.35,41.6,40.35,40.75,405778,3022,40.7227
2017-05-17T04:00:00Z,39.8,40.2,38.15,38.25,367539,2959,38.6799
2017-05-18T04:00:00Z,38.05,38.8,37.85,38.55,201857,2483,38.5455
2017-05-19T04:00:00Z,38.6,39.05,38.4,38.6,189387,1656,38.6998
2017-05-22T04:00:00Z,38.7,39.9,38.7,39.85,186585,2024,39.4585
2017-05-23T04:00:00Z,39.95,40.2,39.5,39.75,247262,2252,39.8308
2017-05-24T04:00:00Z,39.8,40.55,39.8,40.2,241348,2216,40.231
2017-05-25T04:00:00Z,40.4,40.7,40.1,40.55,224041,2396,40.5173
2017-05-26T04:00:00Z,40.55,40.65,40.15,40.25,159007,1622,40.359
2017-05-30T04:00:00Z,40,40.45,39.925,40.15,157644,1520,40.2088
2017-05-31T04:00:00Z,40.2,40.45,39.35,40.15,253363,1572,40.1147
2017-06-01T04:00:00Z,40.4,40.9,40.1,40.85,198608,1740,40.5548
2017-06-02T04:00:00Z,41,42.4,41,41.8,236742,1869,41.8351
2017-06-05T04:00:00Z,41.8,42.45,41.65,41.65,408001,2136,41.8368
2017-06-06T04:00:00Z,41.45,41.5,41.05,41.15,269947,2379,41.2545
2017-06-07T04:00:00Z,41.35,41.75,41.15,41.5,143014,1370,41.4109
2017-06-08T04:00:00Z,41.25,43,41,42.9,252818,2023,42.4909
2017-06-09T04:00:00Z,42.95,43.15,41.55,42.2,310162,2765,42.2964
2017-06-12T04:00:00Z,41.95,42.85,41.4,42.65,198931,1748,42.4497
2017-06-13T04:00:00Z,42.85,42.95,42,42.4,137500,1565,42.3344
2017-06-14T04:00:00Z,42.7,42.7,41.55,41.8,139423,1432,41.8912
2017-06-15T04:00:00Z,41.1,41.7,40.85,41.55,208624,1918,41.2753
2017-06-16T04:00:00Z,41.4,41.4,40.55,40.75,423056,1649,40.9162
2017-06-19T04:00:00Z,40.85,40.85,39.4375,39.55,443395,3458,39.8242
2017-06-20T04:00:00Z,39.55,39.6,38.8,38.9,292410,2223,39.0484
2017-06-21T04:00:00Z,38.9,39.45,38.4,38.65,664898,5055,38.7257
2017-06-22T04:00:00Z,36.9,40.3,36.05,40.1,1128611,7497,38.7207
2017-06-23T04:00:00Z,40.15,41.5,40,40.5,1127052,6282,40.5791
2017-06-26T04:00:00Z,40.6,41.25,40.5,40.9,244613,1971,40.9693
2017-06-27T04:00:00Z,40.8,41.1,40.45,40.7,261711,2522,40.6875
2017-06-28T04:00:00Z,41.05,41.4,40.75,40.95,262603,2318,40.9784
2017-06-29T04:00:00Z,41.25,41.25,40.55,40.9,295862,2730,40.987
2017-06-30T04:00:00Z,41.2,41.35,40.8,41.2,212974,1811,41.1174
2017-07-03T04:00:00Z,41.35,42.1,41.1,41.8,149457,1352,41.7229
2017-07-05T04:00:00Z,41.6,41.65,40.45,40.7,374966,2683,40.7916
2017-07-06T04:00:00Z,40.45,40.55,39.45,39.7,394509,2866,39.7511
2017-07-07T04:00:00Z,39.85,40.6,39.7,40.55,142146,1360,40.3818
2017-07-10T04:00:00Z,40.45,40.6,39.6,40.1,268439,2267,40.0693
2017-07-11T04:00:00Z,40,40.95,39.95,40.3,294661,2200,40.3911
2017-07-12T04:00:00Z,40.55,40.75,40.35,40.6,200793,1582,40.5733
2017-07-13T04:00:00Z,40.45,40.75,40.15,40.45,211279,1981,40.4914
2017-07-14T04:00:00Z,40.35,40.95,40.35,40.5,234226,2169,40.6405
2017-07-17T04:00:00Z,40.4,40.55,40.15,40.4,386487,3011,40.3938
2017-07-18T04:00:00Z,40.3,40.95,40.25,40.9,278618,2070,40.6713
2017-07-19T04:00:00Z,41.05,41.3,40.8,41.25,179675,1832,41.1517
2017-07-20T04:00:00Z,41.15,41.55,41,41.55,180009,1455,41.3949
2017-07-21T04:00:00Z,41.7,41.7,40.475,40.5,206500,1508,40.8921
2017-07-24T04:00:00Z,40,40.85,40,40.5,170962,1508,40.5947
2017-07-25T04:00:00Z,40.7,40.85,40.5,40.65,141946,1200,40.6889
2017-07-26T04:00:00Z,40.8,40.85,40.05,40.2,132457,1270,40.2749
2017-07-27T04:00:00Z,40.35,40.55,39.75,40.25,146474,1460,40.1277
2017-07-28T04:00:00Z,40.2,40.2,39.45,39.65,173723,1344,39.7259
2017-07-31T04:00:00Z,39.7,40,39.525,39.75,167943,1069,39.7507
2017-08-01T04:00:00Z,39.9,39.9,38.95,39.4,171799,1604,39.3209
2017-08-02T04:00:00Z,39.35,39.5,38.8,39.2,251508,1950,39.1991
2017-08-03T04:00:00Z,39.25,39.4,38.6,38.75,151023,1470,38.7933
2017-08-04T04:00:00Z,38.8,39.25,38.8,38.95,174212,1435,39.0167
2017-08-07T04:00:00Z,38.99,39.5,38.85,39,196707,1776,39.1207
2017-08-08T04:00:00Z,39,39.6,38.55,38.85,153290,1463,38.9887
2017-08-09T04:00:00Z,38.5,39.05,38.2,38.65,141557,1051,38.6531
2017-08-10T04:00:00Z,38.3,38.7,38,38,124256,1118,38.1439
2017-08-11T04:00:00Z,37.8,37.8,36.8,37.65,313730,2541,37.3329
2017-08-14T04:00:00Z,37.95,38.95,37.95,38.8,299451,2368,38.6903
2017-08-15T04:00:00Z,38.85,38.9,38.55,38.8,159469,1459,38.7522
2017-08-16T04:00:00Z,38.9,39.1,38.65,38.95,184560,1844,38.8573
2017-08-17T04:00:00Z,38.7,38.95,38.475,38.6,267566,2036,38.6259
2017-08-18T04:00:00Z,38.15,38.925,38.15,38.35,220382,2084,38.393
2017-08-21T04:00:00Z,38.3,38.35,37.65,37.75,138632,1354,37.8267
2017-08-22T04:00:00Z,37.8,38.2,37.7,37.9,218822,1592,37.9446
2017-08-23T04:00:00Z,37.75,38.5,37.6501,38.35,215422,1381,38.2944
2017-08-24T04:00:00Z,38.6,39.3,38.45,38.8,211919,1872,38.8302
2017-08-25T04:00:00Z,38.9,39.4,38.65,38.95,213998,1567,38.8886
2017-08-28T04:00:00Z,39.05,39.2,38.85,39.05,183933,1200,39.0354
2017-08-29T04:00:00Z,38.85,39.35,38.55,39,257388,1866,38.9731
2017-08-30T04:00:00Z,39.15,39.6,38.9,39.55,227847,1833,39.3786
2017-08-31T04:00:00Z,41.3,41.85,40.1,40.9,476153,3507,40.8003
2017-09-01T04:00:00Z,40.85,40.9,39.3,39.9,408703,3526,39.8106
2017-09-05T04:00:00Z,39.8,39.95,37.8,38.7,358413,2621,38.6446
2017-09-06T04:00:00Z,38.95,39.05,37.7,37.9,314199,2772,38.0359
2017-09-07T04:00:00Z,37.9,37.9,36.85,37.1,211999,2040,37.1967
2017-09-08T04:00:00Z,36.9,37.75,36.75,37.5,197195,1493,37.4248
2017-09-11T04:00:00Z,38.05,38.2,37.45,38.09,200380,1839,37.9618
2017-09-12T04:00:00Z,38.21,38.75,38.1,38.6,163213,1476,38.5184
2017-09-13T04:00:00Z,38.5,38.95,38.15,38.85,211883,1705,38.6922
2017-09-14T04:00:00Z,38.75,39.05,38.6,39.05,157523,1109,38.9477
2017-09-15T04:00:00Z,39.15,39.575,38.95,39.5,418751,1390,39.4011
2017-09-18T04:00:00Z,39.7,40.5,39.6,40.2,231460,1916,40.1833
2017-09-19T04:00:00Z,40.05,40.25,39.8,40.25,168132,1087,40.1704
2017-09-20T04:00:00Z,40.2,40.2,39.85,40,218592,1405,40.0144
2017-09-21T04:00:00Z,40,40.3,39.9,40,164574,1397,40.095
2017-09-22T04:00:00Z,39.95,41.15,39.95,41.1,248188,1621,40.9396
2017-09-25T04:00:00Z,41,41.3,40.85,41.25,298732,2290,41.1662
2017-09-26T04:00:00Z,41.5,42,41.35,41.8,254413,2018,41.7414
2017-09-27T04:00:00Z,42,42.6,41.8,42.3,306912,2188,42.2426
2017-09-28T04:00:00Z,42.35,42.65,41.975,42.5,154011,3007,42.4236
2017-09-29T04:00:00Z,42.55,42.95,42.25,42.35,233422,1922,42.4846
2017-10-02T04:00:00Z,42.4,43,42.05,43,137537,1259,42.7434
2017-10-03T04:00:00Z,43.3,43.5,42.85,43.45,264059,2313,43.3019
2017-10-04T04:00:00Z,43.55,44.2,43.45,44.15,212746,1729,44.0287
2017-10-05T04:00:00Z,44.5,44.85,44.1,44.65,223420,2125,44.584
2017-10-06T04:00:00Z,44.55,44.95,44.25,44.85,324638,2282,44.8239
2017-10-09T04:00:00Z,44.85,44.95,44.2,44.4,194052,1575,44.4266
2017-10-10T04:00:00Z,44.65,44.7,44.1,44.4,222805,1975,44.3461
2017-10-11T04:00:00Z,44.2,44.75,44.2,44.55,233898,1756,44.5289
2017-10-12T04:00:00Z,44.35,44.725,44.2,44.6,170746,1220,44.5297
2017-10-13T04:00:00Z,44.75,45.15,44.55,44.8,251786,1248,44.8277
2017-10-16T04:00:00Z,44.9,45.25,44.8,45,399382,2185,45.0091
2017-10-17T04:00:00Z,45.1,45.1,44.75,44.91,145954,1627,44.9344
2017-10-18T04:00:00Z,45.05,45.5,44.8,45.25,155415,1311,45.1612
2017-10-19T04:00:00Z,45.15,45.5,44.85,45.3,239549,1703,45.2252
2017-10-20T04:00:00Z,45.7,46.05,45.5,46.05,366790,1803,45.9327
2017-10-23T04:00:00Z,46,46.25,45.5,46.05,244165,2291,45.9877
2017-10-24T04:00:00Z,46.05,46.6,45.85,45.95,170516,1464,46.1323
2017-10-25T04:00:00Z,45.9,46.15,45.3,45.9,151744,1588,45.8838
2017-10-26T04:00:00Z,46.25,46.35,45.65,46.3,160714,1565,46.0916
2017-10-27T04:00:00Z,46.4,46.75,46.05,46.75,211324,2532,46.6316
2017-10-30T04:00:00Z,46.65,46.75,46.35,46.55,195081,2143,46.5709
2017-10-31T04:00:00Z,46.7,47.2,46.45,46.9,219191,1813,46.891
2017-11-01T04:00:00Z,47.4,47.4,46.2,46.65,336055,2072,46.7087
2017-11-02T04:00:00Z,46.4,46.95,46.1,46.85,214542,2008,46.7632
2017-11-03T04:00:00Z,46.95,47.1,46.5,46.6,192074,1960,46.6303
2017-11-06T05:00:00Z,46.65,46.8,46.45,46.7,314621,1428,46.673
2017-11-07T05:00:00Z,46.65,46.8,45.2,45.45,287625,1801,45.725
2017-11-08T05:00:00Z,45.45,46.1,44.7,45.6,269626,2017,45.4429
2017-11-09T05:00:00Z,45.25,46,45.2,45.9,213390,1832,45.7844
2017-11-10T05:00:00Z,45.75,46.7,45.6,46.5,220908,1746,46.306
2017-11-13T05:00:00Z,46.15,46.8,46,46.76,133855,1262,46.6418
2017-11-14T05:00:00Z,46.4,47,46.4,46.85,172193,2424,46.7641
2017-11-15T05:00:00Z,46.55,46.95,45.95,46.05,199526,2263,46.2285
2017-11-16T05:00:00Z,46.45,46.85,46.2,46.3,240771,2249,46.4053
2017-11-17T05:00:00Z,46.15,47.35,46.05,47.25,147818,1948,47.0633
2017-11-20T05:00:00Z,47.35,47.5253,46.45,47.4,265798,2179,47.1409
2017-11-21T05:00:00Z,47.85,48.435,47.6,47.75,240402,1778,47.8502
2017-11-22T05:00:00Z,47.9,47.95,46.75,46.85,110618,1155,47.0483
2017-11-24T05:00:00Z,47.25,47.6,46.85,47.2,72476,634,47.1744
2017-11-27T05:00:00Z,47.05,47.4,46.75,46.9,173052,1192,46.9397
2017-11-28T05:00:00Z,47.15,47.8,46.65,47.75,150851,1195,47.4923
2017-11-29T05:00:00Z,47.8,48,46.375,46.6,183811,1968,46.7409
2017-11-30T05:00:00Z,46.9,47.3,46.7,47.1,208651,1405,47.0327
2017-12-01T05:00:00Z,47.15,47.35,45.1,46.7,261302,1510,46.5528
2017-12-04T05:00:00Z,47.45,47.45,45.55,45.7,186472,1810,45.9871
2017-12-05T05:00:00Z,45.7,46.25,45.35,45.5,242735,1271,45.5503
2017-12-06T05:00:00Z,45.55,46.05,45.2,45.5,266291,1898,45.5751
2017-12-07T05:00:00Z,45,45.5,40.2,41.4,763225,5873,41.5357
2017-12-08T05:00:00Z,41.8,42.4,40.55,42.2,693014,5992,41.8154
2017-12-11T05:00:00Z,42.1,42.4,40.65,40.85,566387,4789,41.2611
2017-12-12T05:00:00Z,41,41.3,39.9,40,359113,3045,40.5297
2017-12-13T05:00:00Z,39.95,40.75,39.45,40.15,344287,2507,40.0989
2017-12-14T05:00:00Z,40.2,40.5,39,39.15,357353,2484,39.6795
2017-12-15T05:00:00Z,39.3,40.7,39,40.45,663037,3206,40.2165
2017-12-18T05:00:00Z,41,41.9,40.25,40.5,331127,2198,40.714
2017-12-19T05:00:00Z,40.65,41.114,39.65,40.1,349048,2274,40.2134
2017-12-20T05:00:00Z,40.55,40.75,40.15,40.55,275760,2074,40.4557
2017-12-21T05:00:00Z,40.3,41.2,40.15,40.7,308510,1903,40.731
2017-12-22T05:00:00Z,41.05,41.05,40.35,40.5,181953,1457,40.561
2017-12-26T05:00:00Z,40.45,40.55,39.95,40.2,202571,1540,40.2023
2017-12-27T05:00:00Z,40.1,40.8,40,40.3,305673,1598,40.2825
2017-12-28T05:00:00Z,40.3,40.5,40.1,40.45,196710,1834,40.334
2017-12-29T05:00:00Z,40.6,40.6,39.85,40.1,255999,2003,40.1946
2018-01-02T05:00:00Z,40.45,40.95,40,40.5,208892,1563,40.3866
2018-01-03T05:00:00Z,40.4,40.8,40,40.3,241990,1601,40.3891
2018-01-04T05:00:00Z,40.54,40.7,40.25,40.5,270748,2225,40.5013
2018-01-05T05:00:00Z,40.7,41.45,40.65,41.25,302087,1734,41.1726
2018-01-08T05:00:00Z,41.3,41.55,40.9,41.4,177309,1713,41.2748
2018-01-09T05:00:00Z,41.45,41.75,41.1,41.25,139377,1136,41.2812
2018-01-10T05:00:00Z,41,41.25,40.85,40.95,141905,1285,40.9931
2018-01-11T05:00:00Z,40.9,41.5,40.85,41.3,165828,1343,41.2772
2018-01-12T05:00:00Z,41.4,42.2,41.4,41.9,209963,1616,41.9173
2018-01-16T05:00:00Z,42.4,42.75,41.8,42,263973,1997,42.2182
2018-01-17T05:00:00Z,42.4,42.9,41.9,42.65,211071,1851,42.4682
2018-01-18T05:00:00Z,42.65,42.9,42.1,42.3,236200,1933,42.4463
2018-01-19T05:00:00Z,42.3,42.7,42,42.55,196489,1575,42.4886
2018-01-22T05:00:00Z,42.35,42.35,41.65,42.1,204025,1434,42.0753
2018-01-23T05:00:00Z,42.15,42.3,41.65,42,244470,2114,42.0176
2018-01-24T05:00:00Z,42.15,42.4,41.65,42.05,323770,2089,42.0572
2018-01-25T05:00:00Z,42.4,42.6,41.6,41.85,253370,1685,41.9108
2018-01-26T05:00:00Z,42.15,42.15,41.5,41.85,171106,1638,41.8345
2018-01-29T05:00:00Z,41.7,41.85,41.1,41.35,177269,1581,41.4858
2018-01-30T05:00:00Z,41.05,41.6506,40.85,41,197800,1448,41.1566
2018-01-31T05:00:00Z,41.25,41.85,40.65,40.85,244674,1478,40.9092
2018-02-01T05:00:00Z,40.85,41.55,40.75,41.2,567524,1985,41.0603
2018-02-02T05:00:00Z,40.95,41,40.4,40.45,253871,1712,40.6818
2018-02-05T05:00:00Z,40.1,40.3,39.15,39.25,326822,2675,39.6108
2018-02-06T05:00:00Z,38.55,40.05,37.95,39.65,508034,2431,39.5758
2018-02-07T05:00:00Z,39.6,39.95,39.25,39.5,155656,1163,39.5568
2018-02-08T05:00:00Z,39.65,39.65,37.9,37.9,256682,1889,38.4102
2018-02-09T05:00:00Z,38.35,38.7,37,38.25,473018,3442,38.0844
2018-02-12T05:00:00Z,38.45,38.6,37.65,38.45,327560,2410,38.35
2018-02-13T05:00:00Z,38.25,38.8,38.15,38.7,143438,1277,38.5531
2018-02-14T05:00:00Z,38.55,39.3,38.55,38.85,343611,2416,38.9163
2018-02-15T05:00:00Z,39.2,40.9,39.2,40.55,309052,1983,40.2457
2018-02-16T05:00:00Z,40.55,40.85,40.4,40.6,159354,1371,40.6545
2018-02-20T05:00:00Z,40.4,40.75,40.2,40.35,245448,1731,40.4344
2018-02-21T05:00:00Z,40.6,40.85,40.15,40.25,150749,1166,40.4921
2018-02-22T05:00:00Z,40.45,40.55,40,40.1,293464,1379,40.1407
2018-02-23T05:00:00Z,40.4,40.75,40.15,40.6,120050,1065,40.4744
2018-02-26T05:00:00Z,40.65,41.25,40.4,41,252774,2101,40.9456
2018-02-27T05:00:00Z,41.1,41.5,40.35,40.35,180316,1353,40.6795
2018-02-28T05:00:00Z,40.45,40.6,39.4,39.45,206886,1834,39.7599
2018-03-01T05:00:00Z,39.75,40.05,36.95,37.5,612505,4954,37.7474
2018-03-02T05:00:00Z,37.35,39.9,36.95,39.85,418956,3038,39.2526
2018-03-05T05:00:00Z,39.55,40.3,39.45,39.9,413337,2382,39.9209
2018-03-06T05:00:00Z,40,40.25,39.2,39.9,261351,1946,39.8363
2018-03-07T05:00:00Z,39.65,40.7,39.65,40.55,241515,1698,40.3813
2018-03-08T05:00:00Z,40.65,40.8,40.45,40.7,192063,1617,40.6102
2018-03-09T05:00:00Z,40.95,41.6,40.8,41.25,186905,1286,41.266
2018-03-12T04:00:00Z,41.4,41.7,41.1,41.5,177851,1930,41.4679
2018-03-13T04:00:00Z,41.75,42.1,41.55,41.7,359946,2020,41.7479
2018-03-14T04:00:00Z,41.8,41.85,40.95,41.2,187416,1402,41.2229
2018-03-15T04:00:00Z,41.15,41.6,40.7,41,144588,1376,41.0409
2018-03-16T04:00:00Z,41,41.5,40.75,41.5,541245,1321,41.4055
2018-03-19T04:00:00Z,41.35,41.425,40.205,40.9,142246,983,40.7808
2018-03-20T04:00:00Z,40.9,41.25,40.7,41.15,175666,1117,41.0655
2018-03-21T04:00:00Z,41.15,41.6,41,41,115445,1096,41.1626
2018-03-22T04:00:00Z,40.6,41.3,40.05,40.3,263402,2345,40.6137
2018-03-23T04:00:00Z,40.45,40.45,38.7,38.7,160959,1253,39.0412
2018-03-26T04:00:00Z,39.45,40,38.85,40,186166,1749,39.5866
2018-03-27T04:00:00Z,40,40.1,38.25,38.6,369564,2111,38.838
2018-03-28T04:00:00Z,38.65,39,38.2,38.75,227179,1699,38.707
2018-03-29T04:00:00Z,39.1,39.75,38.9,39.1,247971,1384,39.2444
2018-04-02T04:00:00Z,38.9,39.1748,38.4,38.65,307244,1764,38.6834
2018-04-03T04:00:00Z,39,39,38.4,39,233004,1803,38.7962
2018-04-04T04:00:00Z,38.25,39.05,38.25,38.95,190463,1964,38.9126
2018-04-05T04:00:00Z,39.05,39.4,38.9,39.05,269055,1601,39.0507
2018-04-06T04:00:00Z,38.65,39.15,38,38.45,338798,1849,38.5647
2018-04-09T04:00:00Z,38.75,38.9,37.9,37.95,148325,1438,38.302
2018-04-10T04:00:00Z,38.55,38.55,37.95,38.05,357212,3051,38.1824
2018-04-11T04:00:00Z,37.9,39,37.85,38.9,210848,2029,38.6922
2018-04-12T04:00:00Z,39.05,39.15,38.7,38.85,119115,870,38.8923
2018-04-13T04:00:00Z,39.1,39.25,38.7,38.95,161934,924,38.9656
2018-04-16T04:00:00Z,39.3,39.75,39.05,39.7,103798,905,39.5498
2018-04-17T04:00:00Z,39.9,40.15,39.7,40,119212,1206,39.9617
2018-04-18T04:00:00Z,40.15,40.55,40,40.35,132324,1130,40.3591
2018-04-19T04:00:00Z,40.1,40.2,39.5,39.75,141232,949,39.8509
2018-04-20T04:00:00Z,39.75,40.1,39.25,40,195038,1582,39.8108
2018-04-23T04:00:00Z,40,40.25,39.8,40,218691,1795,40.0032
2018-04-24T04:00:00Z,40.3,40.7,40,40.4,225219,2053,40.2885
2018-04-25T04:00:00Z,40.4,40.65,39.85,40.5,215378,1853,40.41
2018-04-26T04:00:00Z,40.5,40.5,40,40.3,187473,1444,40.2837
2018-04-27T04:00:00Z,40.3,40.65,40,40.55,140689,1484,40.4581
2018-04-30T04:00:00Z,40.55,40.55,39.85,39.9,341256,1167,39.9678
2018-05-01T04:00:00Z,39.8,40.35,39.5303,40.35,155218,1141,40.0351
2018-05-02T04:00:00Z,40.25,40.55,39.925,40,445050,2348,40.3291
2018-05-03T04:00:00Z,39.9,39.9,39.3,39.55,235311,2262,39.5356
2018-05-04T04:00:00Z,39.55,40.5,39.3,40.25,123012,1168,40.2043
2018-05-07T04:00:00Z,40.5,40.85,40.2,40.45,86765,856,40.5213
2018-05-08T04:00:00Z,40.4,40.95,40.4,40.8,231585,1303,40.71
2018-05-09T04:00:00Z,41,41.5,40.8,41.45,170739,2039,41.2585
2018-05-10T04:00:00Z,41.5,42.35,41.4,42.3,194960,1541,42.1102
2018-05-11T04:00:00Z,42.25,42.6,42.1,42.4,134431,1282,42.3929
2018-05-14T04:00:00Z,42.4,42.6,41.65,41.75,140678,1430,41.9245
2018-05-15T04:00:00Z,41.65,41.85,41.45,41.55,107863,1049,41.5763
2018-05-16T04:00:00Z,41.65,42.35,41.35,41.95,253703,1497,41.846
2018-05-17T04:00:00Z,42.05,42.7,41.85,42.5,198910,1033,42.484
2018-05-18T04:00:00Z,42.65,42.75,42.35,42.45,179183,1095,42.5334
2018-05-21T04:00:00Z,42.7,43.2,42.45,43.1,124345,1034,42.8826
2018-05-22T04:00:00Z,43.2,43.6,43.2,43.25,108686,1156,43.3677
2018-05-23T04:00:00Z,43.05,43.45,42.8253,43.2,106353,1216,43.1756
2018-05-24T04:00:00Z,43.1,43.1,40.95,41.3,464643,3854,41.4402
2018-05-25T04:00:00Z,41.3,41.55,40.15,40.4,432210,4198,40.7292
2018-05-29T04:00:00Z,40.1,41.1,39.8,40,463171,2777,40.138
2018-05-30T04:00:00Z,40.2,41.25,40.15,41.15,219272,1806,40.9644
2018-05-31T04:00:00Z,41.35,41.35,40.1,40.15,370775,2091,40.4688
2018-06-01T04:00:00Z,40.55,41.2,40.25,41.15,240629,1723,40.9443
2018-06-04T04:00:00Z,41.5,41.65,40.9,41.45,199360,1677,41.4086
2018-06-05T04:00:00Z,41.55,41.85,41,41.75,160687,1543,41.509
2018-06-06T04:00:00Z,41.7,42.3,41.65,42.2,182197,1454,42.0523
2018-06-07T04:00:00Z,42.15,42.25,41.8,42,116418,1130,42.0278
2018-06-08T04:00:00Z,41.95,42.1,41.6,41.75,137572,1163,41.8026
2018-06-11T04:00:00Z,41.9,42.2,41.8,42.15,188866,1638,42.0113
2018-06-12T04:00:00Z,42,42.55,41.65,41.75,171540,1594,41.9611
2018-06-13T04:00:00Z,41.8,41.9,41.4,41.7,211507,1450,41.6725
2018-06-14T04:00:00Z,41.9,42.125,41.5,42.05,186729,1259,41.9753
2018-06-15T04:00:00Z,41.8,42.45,41.75,41.85,427665,1926,41.9015
2018-06-18T04:00:00Z,41.7,44.5,41.55,44.15,641420,4602,43.4037
2018-06-19T04:00:00Z,43.7,44.2,42.75,43.45,494733,3716,43.483
2018-06-20T04:00:00Z,43.7,45.45,43.6,45.25,455794,3527,44.7869
2018-06-21T04:00:00Z,41.95,43.7,40.801,41.8,1096021,8804,41.9535
2018-06-22T04:00:00Z,42.1,42.1,40.001,40.2,1150214,5008,40.4139
2018-06-25T04:00:00Z,39.85,39.95,38.375,38.75,456248,2973,38.901
2018-06-26T04:00:00Z,38.7,41.55,38.7,41.45,635149,5252,40.7778
2018-06-27T04:00:00Z,41.2,42.1,40.6,40.65,323577,3005,41.2031
2018-06-28T04:00:00Z,40.7,40.7,39.65,40.2,259260,2337,40.143
2018-06-29T04:00:00Z,40.1,40.65,40.1,40.3,258190,2063,40.3313
2018-07-02T04:00:00Z,39.95,40.55,39.7,40.5,162634,1453,40.2601
2018-07-03T04:00:00Z,40.7,40.7,39.7,39.75,93488,1120,40.0824
2018-07-05T04:00:00Z,40.15,40.6,39.75,40.5,413151,3216,40.1363
2018-07-06T04:00:00Z,40.3,41,40.3,40.8,136413,1244,40.7331
2018-07-09T04:00:00Z,40.8,41.05,40.3,40.95,252994,2154,40.7395
2018-07-10T04:00:00Z,40.95,41.3,40.45,40.7,157962,1210,40.7462
2018-07-11T04:00:00Z,38.95,40.55,38.95,40.35,264403,2241,40.3202
2018-07-12T04:00:00Z,40.5,40.5,39.85,39.95,249436,1702,39.9799
2018-07-13T04:00:00Z,39.7,40.05,39.3,39.4,189414,1615,39.5442
2018-07-16T04:00:00Z,39.4,39.5,39.084,39.2,208745,1837,39.2828
2018-07-17T04:00:00Z,38.9,39.75,38.85,39.3,196050,1981,39.4365
2018-07-18T04:00:00Z,39.4,39.4,38.975,39.1,184283,1482,39.1104
2018-07-19T04:00:00Z,39.1,39.7,39.1,39.45,216083,1299,39.4699
2018-07-20T04:00:00Z,39.4,39.5,38.9,39.15,197246,1560,39.1834
2018-07-23T04:00:00Z,38.85,39.25,38.45,39.1,194757,1526,38.969
2018-07-24T04:00:00Z,39.3,39.75,38.5,38.7,177839,1632,38.8443
2018-07-25T04:00:00Z,38.7,38.9,37.7,38.3,242575,1931,38.19
2018-07-26T04:00:00Z,38.3,39.1,38.3,39.05,144136,1361,38.9525
2018-07-27T04:00:00Z,38.95,39.1,38.65,38.65,168571,1732,38.7611
2018-07-30T04:00:00Z,38.65,39.25,38.6,38.95,240814,2045,38.9498
2018-07-31T04:00:00Z,39.05,39.85,39.05,39.25,419414,1973,39.4048
2018-08-01T04:00:00Z,39.2,39.7,38.3,38.55,215568,3031,38.6488
2018-08-02T04:00:00Z,38.3,39.4,38.3,39.2,115255,1205,39.0799
2018-08-03T04:00:00Z,39.25,39.4,38.5,39.05,120765,1093,38.952
2018-08-06T04:00:00Z,39,39.7,38.9,39.55,115965,1137,39.4978
2018-08-07T04:00:00Z,39.8,40.2,39.675,39.8,126428,1359,39.832
2018-08-08T04:00:00Z,39.85,40.1,39.05,39.65,144771,1350,39.6436
2018-08-09T04:00:00Z,39.6,39.85,39.4,39.85,96666,951,39.7247
2018-08-10T04:00:00Z,39.6,39.85,38.9,39.2,227133,1753,39.2395
2018-08-13T04:00:00Z,39.25,39.65,38.9,39.15,96131,957,39.2037
2018-08-14T04:00:00Z,39.2,39.85,39.1,39.35,135063,1236,39.439
2018-08-15T04:00:00Z,39.15,39.3,38.45,38.85,115426,1142,38.8329
2018-08-16T04:00:00Z,39.2,39.6,39.1,39.35,95290,1198,39.3479
2018-08-17T04:00:00Z,39.35,40,39.1,39.95,114695,981,39.7493
2018-08-20T04:00:00Z,40,40.25,39.55,39.75,135442,901,39.7837
2018-08-21T04:00:00Z,40,41.3,39.85,41.1,238595,1567,40.9475
2018-08-22T04:00:00Z,40.85,40.85,40,40.5,184809,1690,40.4202
2018-08-23T04:00:00Z,40.5,40.55,40.05,40.05,142546,1402,40.2421
2018-08-24T04:00:00Z,40.15,40.3338,39.65,39.85,128495,1351,39.8675
2018-08-27T04:00:00Z,40.05,40.8736,39.95,40.65,90301,903,40.6177
2018-08-28T04:00:00Z,40.65,41.05,40.55,40.95,139670,1226,40.8807
2018-08-29T04:00:00Z,40.95,40.95,40.3,40.6,328090,2879,40.557
2018-08-30T04:00:00Z,40.65,40.65,37.25,39.55,452631,4052,39.0433
2018-08-31T04:00:00Z,39.15,39.9,38.6,39.65,294791,2428,39.5109
2018-09-04T04:00:00Z,39.7,40.15,39.15,40,198539,1831,39.9148
2018-09-05T04:00:00Z,39.85,40,39.55,39.7,169173,1508,39.7104
2018-09-06T04:00:00Z,39.85,39.9,39.05,39.15,199195,2560,39.2974
2018-09-07T04:00:00Z,38.95,39.35,38.6,39,213364,2183,38.9516
2018-09-10T04:00:00Z,39.25,39.5,39,39.1,161750,1849,39.1735
2018-09-11T04:00:00Z,39.1,39.35,38.75,38.9,121464,1433,38.9502
2018-09-12T04:00:00Z,38.65,38.65,37.9,38.3,177351,1812,38.2217
2018-09-13T04:00:00Z,38.65,38.95,38.2,38.3,107919,1182,38.4659
2018-09-14T04:00:00Z,38.4,38.6,38.2,38.4,162978,1096,38.4072
2018-09-17T04:00:00Z,38.3,38.3,37.75,37.85,145550,1119,37.9018
2018-09-18T04:00:00Z,37.6,37.75,36.75,36.85,171996,1597,37.0634
2018-09-19T04:00:00Z,36.8,37,36.4,36.6,296988,1728,36.6608
2018-09-20T04:00:00Z,36.8,37.85,36.8,37.3,210325,1546,37.3907
2018-09-21T04:00:00Z,37.4,37.65,36.75,36.85,463043,2028,36.9955
2018-09-24T04:00:00Z,36.85,37.05,36.55,37,146329,1650,36.8633
2018-09-25T04:00:00Z,36.8,36.9,36.6,36.7,154090,1335,36.7296
2018-09-26T04:00:00Z,36.65,36.8,36.35,36.35,165454,1532,36.5252
2018-09-27T04:00:00Z,36.35,36.45,36.05,36.25,173995,1421,36.2539
2018-09-28T04:00:00Z,36.05,36.45,36.05,36.2,214263,1208,36.2242
2018-10-01T04:00:00Z,34.52,35.35,34.16,34.38,382954,3352,34.5632
2018-10-02T04:00:00Z,34.27,34.685,34.1,34.32,198545,2070,34.3708
2018-10-03T04:00:00Z,34.41,34.5502,33.83,34.02,199671,1761,34.0864
2018-10-04T04:00:00Z,33.75,33.91,33.1005,33.2,160554,1650,33.3058
2018-10-05T04:00:00Z,33.18,33.18,32.1,32.21,338678,2239,32.3356
2018-10-08T04:00:00Z,32.12,32.165,31.58,31.88,161495,1863,31.9155
2018-10-09T04:00:00Z,31.8,31.92,31.06,31.25,179344,1743,31.3009
2018-10-10T04:00:00Z,31.08,31.08,30.07,30.17,186159,1813,30.4344
2018-10-11T04:00:00Z,29.77,30.37,29.27,29.28,207854,1925,29.5532
2018-10-12T04:00:00Z,29.89,29.93,28.62,28.87,252802,2675,28.9825
2018-10-15T04:00:00Z,28.71,29.61,28.4,29.21,297110,2663,29.1502
2018-10-16T04:00:00Z,29.44,30.12,29.06,30.08,205237,2069,29.9016
2018-10-17T04:00:00Z,29.98,30.43,29.63,30.25,290288,2206,30.1607
2018-10-18T04:00:00Z,29.9,30.26,29.13,29.37,220894,2111,29.483
2018-10-19T04:00:00Z,29.36,29.51,28.71,28.76,191596,1853,28.93
2018-10-22T04:00:00Z,28.78,29.07,28.38,28.39,270561,2369,28.627
2018-10-23T04:00:00Z,27.84,29.14,27.65,28.83,402505,3514,28.4413
2018-10-24T04:00:00Z,28.72,28.89,27.69,27.7,209848,2046,27.9292
2018-10-25T04:00:00Z,27.89,28.77,27.84,28.54,272588,1726,28.4692
2018-10-26T04:00:00Z,28.05,29.31,27.94,28.35,330164,2665,28.5548
2018-10-29T04:00:00Z,28.99,29.88,28.26,28.6,273553,2476,29.0396
2018-10-30T04:00:00Z,28.65,29.6,28.44,29.43,251662,2391,29.3573
2018-10-31T04:00:00Z,29.83,30.19,29.27,29.6,279485,2598,29.6715
2018-11-01T04:00:00Z,29.71,30.37,29.71,30.23,313122,2563,30.1597
2018-11-02T04:00:00Z,30.37,30.53,29.805,30.28,220051,2084,30.1974
2018-11-05T05:00:00Z,30.32,30.55,29.77,30.28,222885,1790,30.2533
2018-11-06T05:00:00Z,30.19,30.53,29.885,30.23,148681,1887,30.2198
2018-11-07T05:00:00Z,30.42,30.5,29.5701,30.3,260683,2147,30.199
2018-11-08T05:00:00Z,30.09,30.49,30.07,30.26,127880,1431,30.2724
2018-11-09T05:00:00Z,29.97,30.06,29.43,29.53,147148,1116,29.6004
2018-11-12T05:00:00Z,29.53,29.53,28.6,28.63,268921,1932,28.761
2018-11-13T05:00:00Z,28.7,29.23,28.62,28.68,254727,2300,28.8152
2018-11-14T05:00:00Z,28.89,29.18,28.71,28.88,175052,1958,28.9336
2018-11-15T05:00:00Z,28.67,29.73,28.48,29.71,274469,2550,29.3645
2018-11-16T05:00:00Z,29.51,30.02,29.41,29.67,333502,2075,29.6835
2018-11-19T05:00:00Z,29.54,29.85,29.01,29.05,249074,1934,29.2681
2018-11-20T05:00:00Z,28.62,29.49,28.62,28.94,243636,1823,29.0007
2018-11-21T05:00:00Z,29.03,29.87,29.03,29.42,137833,1164,29.4931
2018-11-23T05:00:00Z,29.06,29.9,29.01,29.54,119276,1002,29.6527
2018-11-26T05:00:00Z,29.54,30.2,29.35,30.1,247629,1986,29.852
2018-11-27T05:00:00Z,29.76,30.46,29.55,30.09,209286,2337,30.087
2018-11-28T05:00:00Z,30.2,30.27,29.31,30.25,234770,1742,30.0056
2018-11-29T05:00:00Z,30.11,30.32,29.55,29.84,284018,2422,29.8262
2018-11-30T05:00:00Z,29.76,30.33,29.5,30.3,416055,2414,30.0653
2018-12-03T05:00:00Z,30.65,31.86,30.585,31.59,339014,2294,31.2911
2018-12-04T05:00:00Z,33.5,33.98,31.08,31.19,663348,5405,32.3988
2018-12-06T05:00:00Z,30.21,30.21,24.075,25.01,1651335,11087,25.4206
2018-12-07T05:00:00Z,25,25.34,23.4,24.01,1050073,8429,24.1828
2018-12-10T05:00:00Z,24.1,24.8,23.59,23.79,945183,6114,23.9359
2018-12-11T05:00:00Z,23.8,24.21,22.75,23.47,722310,6459,23.2809
2018-12-12T05:00:00Z,24.18,25.12,23.96,24.59,921759,7198,24.4784
2018-12-13T05:00:00Z,24.59,24.75,23.2,23.37,620640,6383,23.6648
2018-12-14T05:00:00Z,23,23.31,22.24,22.38,529303,4533,22.6512
2018-12-17T05:00:00Z,22.41,23.38,22.09,22.46,548760,4139,22.6268
2018-12-18T05:00:00Z,22.7,23.32,22.7,23.06,420689,3954,23.0396
2018-12-19T05:00:00Z,23.03,23.49,22.61,22.91,598776,4594,23.0032
2018-12-20T05:00:00Z,22.78,23.41,22.05,22.23,385161,3200,22.3769
2018-12-21T05:00:00Z,22.17,22.38,21.45,21.98,1386091,3720,21.9816
2018-12-24T05:00:00Z,21.91,22.145,21.25,21.38,219784,1788,21.6543
2018-12-26T05:00:00Z,21.51,22.58,20.991,22.48,316310,2536,22.121
2018-12-27T05:00:00Z,22.43,23.13,22.2546,23.1,378040,3374,22.7137
2018-12-28T05:00:00Z,23.21,23.67,22.83,23.34,482441,3480,23.2248
2018-12-31T05:00:00Z,23.48,23.57,22.89,23.29,370242,2841,23.2382
2019-01-02T05:00:00Z,22.82,24,22.64,23.91,502250,3426,23.7885
2019-01-03T05:00:00Z,23.92,23.92,22.95,22.96,445366,3656,23.1951
2019-01-04T05:00:00Z,22.82,24.12,22.82,24.08,517160,4071,23.8258
2019-01-07T05:00:00Z,24.19,24.56,23.84,24.39,356538,3044,24.3752
2019-01-08T05:00:00Z,24.71,24.71,24.09,24.56,611050,3940,24.4527
2019-01-09T05:00:00Z,24.6,25.41,24.59,25.04,673013,4684,25.0311
2019-01-10T05:00:00Z,24.72,25.31,24.61,25.15,241021,2269,25.0971
2019-01-11T05:00:00Z,25,25.75,24.96,25.49,454360,3666,25.4845
2019-01-14T05:00:00Z,25.17,25.51,24.92,25.18,239930,1928,25.2365
2019-01-15T05:00:00Z,25.17,25.25,24.52,24.83,228543,1758,24.8108
2019-01-16T05:00:00Z,24.85,25.64,24.83,25.2,227437,1861,25.3272
2019-01-17T05:00:00Z,25.04,25.58,24.9,25.57,323442,2073,25.4396
2019-01-18T05:00:00Z,25.72,26.24,25.47,26.01,228222,1656,25.9958
2019-01-22T05:00:00Z,25.81,25.85,25.27,25.45,218732,1892,25.5193
2019-01-23T05:00:00Z,25.54,25.705,24.94,25.12,234588,2039,25.1704
2019-01-24T05:00:00Z,25.2,25.88,25.2,25.47,160786,1456,25.58
2019-01-25T05:00:00Z,25.73,26.2,25.72,25.93,192663,1547,25.9274
2019-01-28T05:00:00Z,25.51,25.94,25.44,25.72,203591,1658,25.6598
2019-01-29T05:00:00Z,25.81,25.83,25.42,25.51,144175,1425,25.5411
2019-01-30T05:00:00Z,25.61,25.82,25.11,25.66,233266,1877,25.5396
2019-01-31T05:00:00Z,25.63,26.23,25.6,25.75,347426,2584,25.8632
2019-02-01T05:00:00Z,25.82,26.4,25.67,26.31,361573,1884,26.2561
2019-02-04T05:00:00Z,26.31,26.59,26.12,26.52,203359,1740,26.4269
2019-02-05T05:00:00Z,26.61,26.72,26.27,26.52,139650,1208,26.4862
2019-02-06T05:00:00Z,26.5,26.84,26.43,26.68,205709,1854,26.6459
2019-02-07T05:00:00Z,26.45,26.5,25.88,26.22,171939,1472,26.1723
2019-02-08T05:00:00Z,25.91,26.31,25.58,26.09,240511,1814,25.9908
2019-02-11T05:00:00Z,26.2,26.8,25.875,26.53,202045,1642,26.5335
2019-02-12T05:00:00Z,26.69,27.42,26.6,27.24,210192,2075,27.1927
2019-02-13T05:00:00Z,27.26,27.68,27.24,27.52,221724,2003,27.5287
2019-02-14T05:00:00Z,27.31,27.81,27.31,27.57,236692,1802,27.5974
2019-02-15T05:00:00Z,27.8,28.25,27.79,28.24,203369,1658,28.105
2019-02-19T05:00:00Z,28.13,28.44,27.98,28.32,118556,1240,28.2909
2019-02-20T05:00:00Z,28.2,28.88,28.2,28.58,281341,2253,28.6688
2019-02-21T05:00:00Z,28.58,28.76,28.36,28.48,136457,1245,28.5132
2019-02-22T05:00:00Z,28.64,28.88,28.435,28.6,181515,1454,28.5783
2019-02-25T05:00:00Z,28.87,29.25,28.69,29.18,211964,1669,29.1274
2019-02-26T05:00:00Z,29.03,29.18,28.58,28.63,131406,1189,28.7406
2019-02-27T05:00:00Z,28.5,28.7,28.21,28.39,141081,1095,28.4187
2019-02-28T05:00:00Z,28.3,28.3,27.9268,28.06,220818,1884,28.0678
2019-03-01T05:00:00Z,28.35,28.77,28.04,28.58,511856,2274,28.5255
2019-03-04T05:00:00Z,28.61,29.09,28.3,28.64,200873,1636,28.6244
2019-03-05T05:00:00Z,28.55,28.73,28.2883,28.58,221308,1765,28.5855
2019-03-06T05:00:00Z,28.61,28.62,27.95,27.97,251871,2092,28.1907
2019-03-07T05:00:00Z,31.05,32.07,29.205,29.72,803976,6195,29.8903
2019-03-08T05:00:00Z,30.31,31.1,29.51,29.64,505506,4016,29.9825
2019-03-11T04:00:00Z,29.83,30.83,29.65,30.55,321333,3228,30.3854
2019-03-12T04:00:00Z,30.67,31.02,30.33,30.66,322815,3130,30.6624
2019-03-13T04:00:00Z,30.78,32.22,30.66,31.48,803605,4881,31.4706
2019-03-14T04:00:00Z,31.63,31.999,30.165,30.36,389449,3186,30.576
2019-03-15T04:00:00Z,30.47,30.93,29.97,30.18,565196,2995,30.2999
2019-03-18T04:00:00Z,30.31,30.45,29.99,30.18,346053,2938,30.1996
2019-03-19T04:00:00Z,30.36,30.4,29.72,29.82,267103,2123,29.9653
2019-03-20T04:00:00Z,29.8,29.99,29.09,29.36,305787,2875,29.4076
2019-03-21T04:00:00Z,29.26,30.53,29.26,30.02,305555,2885,30.0979
2019-03-22T04:00:00Z,29.72,29.7483,27.93,28.1,364438,3067,28.3039
2019-03-25T04:00:00Z,27.94,28.195,27.27,27.63,310175,3012,27.6326
2019-03-26T04:00:00Z,27.86,28.095,27.44,27.86,391715,3273,27.7688
2019-03-27T04:00:00Z,27.75,28.06,27.0604,27.68,319998,2476,27.6116
2019-03-28T04:00:00Z,27.81,28.29,27.55,28.06,328153,2884,27.9504
2019-03-29T04:00:00Z,28.49,29.02,28.3,28.78,474969,2128,28.7599
2019-04-01T04:00:00Z,29.15,29.7838,28.93,29.22,223836,2264,29.1957
2019-04-02T04:00:00Z,29.28,29.2978,28.65,29.15,240646,1779,29.0663
2019-04-03T04:00:00Z,29.3,29.8,29.2713,29.72,203608,1548,29.6601
2019-04-04T04:00:00Z,29.64,30.51,29.64,29.92,376154,2765,29.9383
2019-04-05T04:00:00Z,30.06,30.54,30.06,30.08,418227,2323,30.169
2019-04-08T04:00:00Z,29.89,30.52,29.89,30.5,169480,1814,30.3168
2019-04-09T04:00:00Z,30.5,30.5,29.52,29.54,246065,2162,29.8143
2019-04-10T04:00:00Z,29.54,30.41,29.54,30.18,345929,2673,30.134
2019-04-11T04:00:00Z,30.19,30.19,29.62,29.8,201881,2046,29.8069
2019-04-12T04:00:00Z,29.98,30.16,29.64,29.86,190952,1621,29.8472
2019-04-15T04:00:00Z,29.85,30.05,29.43,29.54,103569,1481,29.5704
2019-04-16T04:00:00Z,29.64,30.1229,29.59,29.99,233407,1442,29.9908
2019-04-17T04:00:00Z,30.19,30.35,29.71,29.75,204043,1934,29.8493
2019-04-18T04:00:00Z,29.72,30.07,29.51,29.9,202041,1700,29.8589
2019-04-22T04:00:00Z,29.92,30.05,29.31,29.44,170817,2195,29.5761
2019-04-23T04:00:00Z,29.67,30.01,29.53,29.71,171645,1440,29.7942
2019-04-24T04:00:00Z,29.68,30.06,29.61,29.82,211175,1536,29.8385
2019-04-25T04:00:00Z,29.82,29.82,28.65,28.74,178273,1331,29.0838
2019-04-26T04:00:00Z,28.85,29.4,28.5426,29.33,182187,1676,29.078
2019-04-29T04:00:00Z,29.31,29.68,29.23,29.44,106616,1336,29.4819
2019-04-30T04:00:00Z,29.34,29.76,29.22,29.51,190921,1192,29.5232
2019-05-01T04:00:00Z,29.63,30.07,29.33,29.41,402460,1700,29.4628
2019-05-02T04:00:00Z,29.36,29.66,29.04,29.16,91625,1345,29.2271
2019-05-03T04:00:00Z,29.32,30.34,29.27,30.28,160396,1776,30.0649
2019-05-06T04:00:00Z,29.44,29.95,29.34,29.89,175674,1328,29.7864
2019-05-07T04:00:00Z,29.55,29.59,28.76,29.07,159721,1378,29.0953
2019-05-08T04:00:00Z,29.05,29.27,28.9,28.97,258961,1099,29.0135
2019-05-09T04:00:00Z,28.54,28.63,27.83,28.46,128037,1229,28.3377
2019-05-10T04:00:00Z,28.27,28.9,27.98,28.81,278775,2032,28.5344
2019-05-13T04:00:00Z,28.33,28.33,27.47,27.54,174097,1583,27.6338
2019-05-14T04:00:00Z,27.54,28.05,27.5,27.95,320081,1211,27.8607
2019-05-15T04:00:00Z,27.64,28.34,27.46,28.33,135319,1393,28.1744
2019-05-16T04:00:00Z,28.42,28.54,27.975,28.11,143097,1399,28.1976
2019-05-17T04:00:00Z,27.74,27.96,27.41,27.46,268768,1489,27.5759
2019-05-20T04:00:00Z,27.04,27.24,26.67,26.76,169867,1654,26.8849
2019-05-21T04:00:00Z,27.02,27.51,26.8,27.32,196222,1621,27.2595
2019-05-22T04:00:00Z,27.05,27.05,26.29,26.61,215516,2243,26.5897
2019-05-23T04:00:00Z,26.16,26.4423,25.53,25.96,198183,1657,25.8319
2019-05-24T04:00:00Z,26.15,26.41,25.7907,26.34,150499,1522,26.2559
2019-05-28T04:00:00Z,26.5,26.52,26.09,26.39,133314,1422,26.3838
2019-05-29T04:00:00Z,26.2,26.4,26.02,26.22,151699,1868,26.2118
2019-05-30T04:00:00Z,26.41,26.73,26.27,26.47,119930,1869,26.4584
2019-05-31T04:00:00Z,25.6,26.01,24.55,24.63,455964,2853,24.9304
2019-06-03T04:00:00Z,24.73,24.95,24.56,24.85,342323,2849,24.8134
2019-06-04T04:00:00Z,25.3,25.9,25.27,25.87,247498,2612,25.6845
2019-06-05T04:00:00Z,26.13,26.13,25.26,25.94,208508,2711,25.7487
2019-06-06T04:00:00Z,25.88,25.97,25.09,25.36,137469,1608,25.3641
2019-06-07T04:00:00Z,25.52,25.89,25.36,25.57,255449,2587,25.6072
2019-06-10T04:00:00Z,25.86,26.68,25.62,26.29,271861,2877,26.2557
2019-06-11T04:00:00Z,26.61,26.91,26.09,26.56,337153,2437,26.4846
2019-06-12T04:00:00Z,26.43,26.64,26.19,26.33,216459,2404,26.3604
2019-06-13T04:00:00Z,26.48,27.065,26.34,27,185118,2140,26.8818
2019-06-14T04:00:00Z,26.91,27.57,25.81,26.08,181371,2235,26.0838
2019-06-17T04:00:00Z,26.02,26.44,25.92,26.07,191556,2263,26.1605
2019-06-18T04:00:00Z,26.26,27.085,26.26,26.68,408075,2549,26.7474
2019-06-19T04:00:00Z,26.75,26.75,26.2,26.72,388188,3271,26.6113
2019-06-20T04:00:00Z,24.46,27.4,24.33,26.99,676070,6182,26.4114
2019-06-21T04:00:00Z,26.77,27.25,26.34,26.4,608517,4072,26.6216
2019-06-24T04:00:00Z,26.5,27.67,26.5,27.31,324436,3581,27.3328
2019-06-25T04:00:00Z,27.39,27.57,26.76,26.88,261112,2576,27.0137
2019-06-26T04:00:00Z,27.14,27.57,26.99,27.29,277021,1794,27.3538
2019-06-27T04:00:00Z,27.36,27.98,27.36,27.9,308409,3229,27.7282
2019-06-28T04:00:00Z,28.01,28.77,27.9,28.57,1030117,2920,28.5562
2019-07-01T04:00:00Z,29.26,29.43,28.65,28.89,574682,2833,28.912
2019-07-02T04:00:00Z,28.88,28.94,27.945,28.15,287685,2047,28.2046
2019-07-03T04:00:00Z,28.2,28.91,28.12,28.39,120806,1327,28.4488
2019-07-05T04:00:00Z,28.13,28.39,27.81,28.38,83945,1157,28.2645
2019-07-08T04:00:00Z,28.26,28.26,27.42,27.64,127894,1273,27.6746
2019-07-09T04:00:00Z,27.41,27.55,27.22,27.47,126204,1362,27.4356
2019-07-10T04:00:00Z,27.6,27.775,27.23,27.43,172053,2278,27.4474
2019-07-11T04:00:00Z,27.37,27.58,27.025,27.3,192727,2056,27.3656
2019-07-12T04:00:00Z,27.44,28.34,27.24,28.07,182891,1618,28.0945
2019-07-15T04:00:00Z,28.1,28.34,27.46,28.25,266040,2162,27.9978
2019-07-16T04:00:00Z,28.07,29.51,27.79,29.13,446177,4068,29.0797
2019-07-17T04:00:00Z,29.05,29.095,28.19,28.46,183176,1830,28.4971
2019-07-18T04:00:00Z,28.41,28.5,28.02,28.18,493188,1545,28.2027
2019-07-19T04:00:00Z,28.25,28.96,28.24,28.8,185507,1814,28.7558
2019-07-22T04:00:00Z,28.91,29.34,28.8,28.8,140230,2096,28.8617
2019-07-23T04:00:00Z,29.02,29.42,28.99,29.2,175672,2158,29.1549
2019-07-24T04:00:00Z,29.08,30.2,29.08,30.17,203015,2341,30.0007
2019-07-25T04:00:00Z,29.98,30.11,29.5,30.01,217420,1981,29.8598
2019-07-26T04:00:00Z,30.16,30.55,29.96,30.48,172340,1719,30.4329
2019-07-29T04:00:00Z,30.47,30.61,30.21,30.49,286421,1865,30.4112
2019-07-30T04:00:00Z,30.19,30.67,30.07,30.66,168560,1477,30.5668
2019-07-31T04:00:00Z,30.75,30.81,29.8149,29.95,376491,3610,30.176
2019-08-01T04:00:00Z,29.9,30.54,29.07,29.24,185566,1991,29.658
2019-08-02T04:00:00Z,28.91,28.91,28.08,28.35,295994,2203,28.3865
2019-08-05T04:00:00Z,27.53,27.81,26.97,27.29,191802,2787,27.2864
2019-08-06T04:00:00Z,27.58,28,26.93,27.4,257133,1592,27.2977
2019-08-07T04:00:00Z,26.93,27.27,26.87,26.98,164952,1416,27.0004
2019-08-08T04:00:00Z,27.25,27.8326,27.09,27.75,302497,1474,27.7081
2019-08-09T04:00:00Z,27.62,27.62,26.83,26.92,194273,1717,26.9627
2019-08-12T04:00:00Z,26.72,26.99,26.55,26.66,66097,966,26.7128
2019-08-13T04:00:00Z,26.6,27.57,26.56,27,146921,1610,27.0237
2019-08-14T04:00:00Z,26.33,26.39,26.03,26.07,218417,2568,26.1704
2019-08-15T04:00:00Z,26.08,26.14,25.37,25.62,150537,1168,25.6665
2019-08-16T04:00:00Z,25.88,26.74,25.88,26.63,149682,1787,26.5115
2019-08-19T04:00:00Z,27,27.71,26.99,27.27,146629,1292,27.3351
2019-08-20T04:00:00Z,27.22,27.4,27.075,27.3,155621,1361,27.2886
2019-08-21T04:00:00Z,27.69,28.14,27.31,28.11,206464,2075,27.9354
2019-08-22T04:00:00Z,28.11,28.44,27.78,28.04,246889,1819,28.0971
2019-08-23T04:00:00Z,27.8,28.46,27.06,27.34,258229,2713,27.4483
2019-08-26T04:00:00Z,27.68,28.3,27.55,28.27,237156,2433,28.0835
2019-08-27T04:00:00Z,28.55,29.03,28.19,28.22,278451,2462,28.4034
2019-08-28T04:00:00Z,28.11,28.65,27.975,28.41,230714,1915,28.4375
2019-08-29T04:00:00Z,29.92,32.96,29.92,32.2,544219,4899,32.0204
2019-08-30T04:00:00Z,32.58,32.72,31.54,31.74,281635,2811,31.8989
2019-09-03T04:00:00Z,31.45,31.9223,30.66,31.58,365258,3592,31.5435
2019-09-04T04:00:00Z,31.6,32.19,31.2,31.59,225640,2296,31.5191
2019-09-05T04:00:00Z,32.32,33.56,32.1529,33.3,462554,4054,33.1748
2019-09-06T04:00:00Z,33.34,34.3,33.18,34.14,295454,3047,34.0045
2019-09-09T04:00:00Z,34.38,35.945,34.2825,35.82,312831,3260,35.46
2019-09-10T04:00:00Z,35.74,36.14,35.2,35.96,229265,2536,35.8334
2019-09-11T04:00:00Z,36.16,36.95,35.5501,36.85,201688,2981,36.4808
2019-09-12T04:00:00Z,36.8,37.37,36.17,36.99,279424,3294,37.0187
2019-09-13T04:00:00Z,37.35,37.42,36.66,36.75,292549,3877,36.8844
2019-09-16T04:00:00Z,36.5,36.86,35.66,35.77,443777,5193,36.0191
2019-09-17T04:00:00Z,35.58,35.58,34.22,35.12,299192,3036,34.9895
2019-09-18T04:00:00Z,35.1,35.66,34.47,34.96,311116,2105,34.9076
2019-09-19T04:00:00Z,35.17,35.97,34.89,35.06,363609,2928,35.333
2019-09-20T04:00:00Z,35.09,35.61,34.29,34.54,852537,4307,34.8579
2019-09-23T04:00:00Z,34.22,34.64,34.19,34.2,169247,1842,34.3211
2019-09-24T04:00:00Z,34.59,34.85,33.1,33.15,416201,5215,33.352
2019-09-25T04:00:00Z,33.19,34.26,33.11,34.02,383130,3422,33.8631
2019-09-26T04:00:00Z,34.11,34.57,33.72,34.46,208814,2084,34.3711
2019-09-27T04:00:00Z,34.61,34.96,33.55,33.99,204629,2006,34.0057
2019-09-30T04:00:00Z,34.17,34.43,33.58,33.64,237529,2037,33.7187
2019-10-01T04:00:00Z,33.82,34.485,32.51,32.63,174432,3268,32.9392
2019-10-02T04:00:00Z,32.38,32.47,31.69,32.25,343590,2289,32.1254
2019-10-03T04:00:00Z,32.06,32.28,31.48,32.27,142366,1476,32.0777
2019-10-04T04:00:00Z,32.31,32.485,31.75,32.23,166861,1854,32.1045
2019-10-07T04:00:00Z,32,32.38,31.8,31.82,195072,1978,31.9306
2019-10-08T04:00:00Z,31.34,31.97,31.21,31.6,171844,2730,31.6699
2019-10-09T04:00:00Z,31.93,32.43,31.88,32.25,150338,1897,32.2286
2019-10-10T04:00:00Z,32.31,33.04,32.13,32.66,229824,2331,32.7316
2019-10-11T04:00:00Z,33.34,33.45,32.9,33.15,241667,3162,33.228
2019-10-14T04:00:00Z,32.95,33.11,32.76,32.81,70438,1226,32.8594
2019-10-15T04:00:00Z,32.99,33.96,32.82,33.6,203915,2320,33.5849
2019-10-16T04:00:00Z,33.63,34.38,33.63,34.04,178422,2392,34.0812
2019-10-17T04:00:00Z,34.22,34.54,34.04,34.29,162352,1772,34.2701
2019-10-18T04:00:00Z,34.11,34.145,33.38,33.45,159284,2015,33.626
2019-10-21T04:00:00Z,33.9,34.47,33.87,34.02,155974,2042,34.1065
2019-10-22T04:00:00Z,34.1,34.2,33.71,33.85,164272,2280,33.9197
2019-10-23T04:00:00Z,33.83,33.83,33.31,33.53,187625,1894,33.5023
2019-10-24T04:00:00Z,33.89,33.89,33.18,33.26,288434,1748,33.3287
2019-10-25T04:00:00Z,33.14,34.01,33.14,34,168772,1664,33.8737
2019-10-28T04:00:00Z,34.02,34.54,34.02,34.04,144869,1610,34.1491
2019-10-29T04:00:00Z,34,34.52,33.96,34.38,218467,2090,34.3483
2019-10-30T04:00:00Z,34.53,34.565,33.74,34.4,175240,2100,34.3089
2019-10-31T04:00:00Z,34.4,34.53,34.04,34.4,296608,2658,34.3521
2019-11-01T04:00:00Z,34.67,35.53,34.56,35.42,222003,2034,35.2029
2019-11-04T05:00:00Z,35.75,36.21,35.46,36.07,193091,1863,35.9746
2019-11-05T05:00:00Z,36.31,37.2,36.2454,37.14,291366,2420,37.0043
2019-11-06T05:00:00Z,37.01,37.01,36.32,36.32,188081,1751,36.4486
2019-11-07T05:00:00Z,36.62,37.03,36.46,36.84,179416,1473,36.8033
2019-11-08T05:00:00Z,36.74,37.12,36.51,37.03,207854,2902,36.8891
2019-11-11T05:00:00Z,36.8,37.13,36.57,36.97,106935,2708,36.9229
2019-11-12T05:00:00Z,37.12,37.36,36.75,36.77,183522,2034,36.9623
2019-11-13T05:00:00Z,36.46,36.85,36.16,36.58,168740,1322,36.4756
2019-11-14T05:00:00Z,36.6,36.95,36.325,36.46,120449,1327,36.536
2019-11-15T05:00:00Z,36.7,36.78,36.225,36.37,150523,1489,36.4392
2019-11-18T05:00:00Z,36.21,36.68,36.07,36.66,151739,2334,36.5545
2019-11-19T05:00:00Z,36.74,36.78,36.11,36.36,170158,2087,36.4376
2019-11-20T05:00:00Z,36.06,36.47,35.77,35.94,179787,1449,35.9892
2019-11-21T05:00:00Z,36.08,36.26,35.47,35.87,142626,1714,35.8271
2019-11-22T05:00:00Z,35.99,36.19,35.54,35.87,152301,2260,35.8335
2019-11-25T05:00:00Z,36.2,37.25,35.87,37.17,178088,2508,37.02
2019-11-26T05:00:00Z,37.1,37.36,36.97,37.07,148899,1998,37.1441
2019-11-27T05:00:00Z,37.34,37.6,36.96,37.59,116212,1507,37.3944
2019-11-29T05:00:00Z,37.56,37.6547,37.02,37.21,68520,729,37.2491
2019-12-02T05:00:00Z,37.13,37.245,36.25,36.41,243246,2234,36.5203
2019-12-03T05:00:00Z,35.54,36.21,34.75,36.15,226187,3230,35.7567
2019-12-04T05:00:00Z,36.14,36.68,35.73,35.85,402209,3532,36.1512
2019-12-05T05:00:00Z,35.11,38.26,34.85,38.07,633632,5525,37.3685
2019-12-06T05:00:00Z,39.08,41.31,38.975,40.96,551074,5421,40.7258
2019-12-09T05:00:00Z,41,41.3,40.52,40.52,346266,3781,40.707
2019-12-10T05:00:00Z,40.72,41.18,40.22,40.7,196452,2595,40.7927
2019-12-11T05:00:00Z,40.96,41.015,40.58,40.74,163100,1836,40.7712
2019-12-12T05:00:00Z,40.8,41.7,40.58,40.85,271736,3649,40.8637
2019-12-13T05:00:00Z,40.76,40.85,39.83,40.02,285700,3510,40.0109
2019-12-16T05:00:00Z,40.23,40.81,39.77,39.95,435411,5076,40.0323
2019-12-17T05:00:00Z,40.37,40.38,39.02,39.68,347318,4483,39.482
2019-12-18T05:00:00Z,40.02,40.6,39.49,40.53,294769,2804,40.4078
2019-12-19T05:00:00Z,40.63,40.63,40.08,40.14,208961,2578,40.2402
2019-12-20T05:00:00Z,40.27,40.4075,39.18,39.45,1160818,2480,39.5121
2019-12-23T05:00:00Z,39.66,39.86,39.23,39.5,147894,1898,39.4829
2019-12-24T05:00:00Z,39.72,39.72,39.12,39.48,59242,872,39.4132
2019-12-26T05:00:00Z,39.55,39.83,39.44,39.49,129728,1676,39.5753
2019-12-27T05:00:00Z,39.73,39.75,39.175,39.18,189545,1563,39.3666
2019-12-30T05:00:00Z,39.14,39.8,39,39.51,185978,2495,39.5085
2019-12-31T05:00:00Z,39.33,39.95,39.33,39.35,175711,1438,39.4258
2020-01-02T05:00:00Z,39.5,39.53,38.99,39.41,186132,2156,39.3286
2020-01-03T05:00:00Z,38.48,39.1,38.48,38.93,228313,2299,38.9092
2020-01-06T05:00:00Z,38.56,39.58,38.42,39.38,302723,3517,39.3108
2020-01-07T05:00:00Z,39.25,39.38,38.83,39.05,150676,1950,39.1167
2020-01-08T05:00:00Z,39.06,39.25,38.82,39.19,211828,2434,39.1441
2020-01-09T05:00:00Z,39.36,39.496,38.86,38.87,200867,2271,39.0538
2020-01-10T05:00:00Z,38.98,39.14,38.53,38.66,143407,2025,38.7076
2020-01-13T05:00:00Z,38.7,39.19,38.525,39.11,157530,1968,38.9701
2020-01-14T05:00:00Z,39.13,39.24,38.71,38.84,133609,2525,38.9098
2020-01-15T05:00:00Z,38.79,39.14,38.14,38.46,205088,2585,38.5052
2020-01-16T05:00:00Z,38.66,39.3,38.66,38.88,148959,1880,38.9294
2020-01-17T05:00:00Z,39.17,39.35,38.84,39.05,217259,2126,39.1284
2020-01-21T05:00:00Z,39,39.1,38.19,38.26,195258,1775,38.3788
2020-01-22T05:00:00Z,38.49,38.69,38.04,38.08,149650,1902,38.2852
2020-01-23T05:00:00Z,38.05,38.25,37.67,38.1,275588,2072,38.0587
2020-01-24T05:00:00Z,38.35,38.35,37.25,37.31,219324,1935,37.6042
2020-01-27T05:00:00Z,36.35,36.64,35.9,35.91,148289,1840,36.1614
2020-01-28T05:00:00Z,36.21,36.52,35.84,35.96,120307,1373,36.009
2020-01-29T05:00:00Z,36.03,36.2,35.26,35.56,199425,2034,35.6283
2020-01-30T05:00:00Z,35.11,35.4,34.46,35.02,160291,1980,34.9187
2020-01-31T05:00:00Z,34.81,34.81,32.61,32.75,426532,3547,33.2489
2020-02-03T05:00:00Z,33.13,33.905,33.11,33.75,290603,2697,33.6991
2020-02-04T05:00:00Z,34.48,34.59,33.53,33.91,178075,2846,33.97
2020-02-05T05:00:00Z,34.4,34.5778,33.74,34.03,146831,1430,34.0263
2020-02-06T05:00:00Z,34.13,34.26,33.59,33.92,157137,1698,33.9239
2020-02-07T05:00:00Z,33.84,33.84,33,33.3,160928,1888,33.2506
2020-02-10T05:00:00Z,33.13,33.29,32.93,33.19,174643,1431,33.1668
2020-02-11T05:00:00Z,33.44,34.44,33.4393,33.86,127568,2124,33.9848
2020-02-12T05:00:00Z,34.34,34.42,33.77,34.36,187097,1747,34.2681
2020-02-13T05:00:00Z,33.96,34.48,33.57,34.42,110273,1383,34.3027
2020-02-14T05:00:00Z,34.42,34.54,34.01,34.18,163772,2320,34.1995
2020-02-18T05:00:00Z,34.1,34.46,33.97,34.23,258880,1378,34.226
2020-02-19T05:00:00Z,34.52,34.64,34.11,34.45,109723,1237,34.4192
2020-02-20T05:00:00Z,34.22,34.62,34.18,34.33,193773,2152,34.3813
2020-02-21T05:00:00Z,34.2,34.2,33.7,34.07,158981,1737,34.0215
2020-02-24T05:00:00Z,32.85,33.58,32.45,33.15,225454,2389,33.2088
2020-02-25T05:00:00Z,33.34,33.34,32.245,32.27,330814,3231,32.5215
2020-02-26T05:00:00Z,32.57,32.93,31.83,31.96,165827,1884,32.0871
2020-02-27T05:00:00Z,30.98,32.13,30.585,31.1,305404,2379,31.2949
2020-02-28T05:00:00Z,30.19,31.09,29.84,30.66,369914,3581,30.5834
2020-03-02T05:00:00Z,30.82,30.82,29.42,30.12,259229,3049,29.8778
2020-03-03T05:00:00Z,30.15,30.82,28.72,29.08,223639,2473,29.5419
2020-03-04T05:00:00Z,29.44,29.7,28.87,29.66,282710,2444,29.4751
2020-03-05T05:00:00Z,30.86,31.72,30.08,30.28,550738,4698,30.6556
2020-03-06T05:00:00Z,29.54,31.11,29.07,30.24,342194,3320,30.0987
2020-03-09T04:00:00Z,28.67,28.67,26.1,26.13,440776,4825,27.2286
2020-03-10T04:00:00Z,27.07,28.82,26.39,28.38,254683,3183,27.8417
2020-03-11T04:00:00Z,27.32,28.05,26.85,27.75,348940,3731,27.5249
2020-03-12T04:00:00Z,25.82,27.69,25.51,25.54,530656,5615,25.9578
2020-03-13T04:00:00Z,27.24,28.21,25.94,27.88,383646,4213,27.4228
2020-03-16T04:00:00Z,23.9,27.19,23.9,24.23,301779,7208,25.0215
2020-03-17T04:00:00Z,24.75,27.29,23.21,27.03,405620,4629,25.9697
2020-03-18T04:00:00Z,25.18,25.99,24.21,25.9,311345,3608,25.1668
2020-03-19T04:00:00Z,25.02,26.66,23.84,24.34,409696,4532,24.8436
2020-03-20T04:00:00Z,24.78,26.94,23.22,23.37,520182,3533,24.2117
2020-03-23T04:00:00Z,23.29,23.67,21.76,23.12,295238,4147,22.8371
2020-03-24T04:00:00Z,24.34,25.5,23.68,25.27,289944,3307,24.9077
2020-03-25T04:00:00Z,25.12,26.35,24.36,25.75,372675,3669,25.5318
2020-03-26T04:00:00Z,25.96,28.08,25.93,27.84,278322,3609,27.5283
2020-03-27T04:00:00Z,26.9,27.09,25.52,25.79,199861,2546,25.9183
2020-03-30T04:00:00Z,25.9,26.42,25,26.29,219148,2702,26.038
2020-03-31T04:00:00Z,26.3,26.8775,26.05,26.43,356010,3758,26.4538
2020-04-01T04:00:00Z,25.37,27.24,25,25.46,394618,4400,25.5277
2020-04-02T04:00:00Z,25.37,26.66,25.22,26.37,222227,2286,26.1207
2020-04-03T04:00:00Z,26.18,26.51,24.52,24.98,273055,2430,24.9584
2020-04-06T04:00:00Z,26.25,27.1,25.58,27.07,291130,3837,26.8006
2020-04-07T04:00:00Z,27.8,28.49,26.24,26.54,284139,3954,27.2463
2020-04-08T04:00:00Z,27.05,27.435,26.155,26.96,312073,3711,26.7794
2020-04-09T04:00:00Z,27.67,29.18,27.6573,28.75,322300,3688,28.6338
2020-04-13T04:00:00Z,28.63,28.6413,27.28,27.83,153355,1664,27.797
2020-04-14T04:00:00Z,28.5,29.245,28.34,28.73,243070,2441,28.7258
2020-04-15T04:00:00Z,27.75,28.38,27.29,27.98,325002,4560,28.0133
2020-04-16T04:00:00Z,27.84,28.2,26.4,26.8,296956,3832,26.9402
2020-04-17T04:00:00Z,27.86,28.3334,27.47,27.93,291024,3494,27.8483
2020-04-20T04:00:00Z,27.27,27.635,26.941,27.3,184713,2490,27.3131
2020-04-21T04:00:00Z,26.5,26.85,25.47,26.29,222084,2759,26.2433
2020-04-22T04:00:00Z,26.77,26.9342,26.35,26.67,168366,2661,26.6395
2020-04-23T04:00:00Z,26.68,27.41,26.53,27.29,212607,2410,27.1727
2020-04-24T04:00:00Z,27.36,28.09,27.23,28.03,165988,1882,27.8931
2020-04-27T04:00:00Z,28.15,29.89,28.15,29.52,220654,2851,29.4128
2020-04-28T04:00:00Z,30.19,30.75,29.7,29.84,237635,2644,30.0077
2020-04-29T04:00:00Z,30.48,30.8684,30.31,30.59,434026,4528,30.5705
2020-04-30T04:00:00Z,30.2,30.48,29.34,30.02,262720,2887,30.0556
2020-05-01T04:00:00Z,29.31,29.64,28.15,28.53,186641,2342,28.5415
2020-05-04T04:00:00Z,28.25,28.66,27.9,28.24,264791,2706,28.2282
2020-05-05T04:00:00Z,28.86,29.335,28.34,28.43,194518,2765,28.78
2020-05-06T04:00:00Z,28.59,28.8,27.68,28.1,224032,3132,28.1433
2020-05-07T04:00:00Z,28.58,28.58,27.83,28.15,181325,2621,28.1716
2020-05-08T04:00:00Z,28.68,29.83,28.67,29.72,206646,2287,29.5761
2020-05-11T04:00:00Z,29.45,29.45,28.52,28.98,249401,3178,28.9831
2020-05-12T04:00:00Z,28.96,29.02,28.11,28.31,270122,3204,28.4957
2020-05-13T04:00:00Z,28.01,28.15,26.825,27.03,254264,2928,27.2329
2020-05-14T04:00:00Z,26.45,27.07,25.66,27.05,434224,3824,26.4764
2020-05-15T04:00:00Z,27,27.95,26.76,27.39,1073502,4089,27.4006
2020-05-18T04:00:00Z,28.38,29.99,28.38,29.57,399476,4700,29.5385
2020-05-19T04:00:00Z,29.38,29.48,28.67,28.69,229606,2955,29.0737
2020-05-20T04:00:00Z,29.18,29.88,29.04,29.59,196432,3172,29.5592
2020-05-21T04:00:00Z,29.47,29.67,29.18,29.49,151752,1707,29.4707
2020-05-22T04:00:00Z,29.46,29.57,28.81,29.54,118044,1362,29.4046
2020-05-26T04:00:00Z,30.24,30.95,30.1,30.83,336620,3378,30.7674
2020-05-27T04:00:00Z,31.71,31.98,31.25,31.91,278591,3093,31.7855
2020-05-28T04:00:00Z,32.15,32.15,30.68,30.91,189740,2173,31.231
2020-05-29T04:00:00Z,30.83,31.68,30.705,31.35,347135,2829,31.3334
2020-06-01T04:00:00Z,31.47,31.93,31.32,31.63,251583,2955,31.6527
2020-06-02T04:00:00Z,31.91,32.71,31.63,32.43,201818,2217,32.4017
2020-06-03T04:00:00Z,32.93,34.6,32.93,34.15,205215,2673,34.1246
2020-06-04T04:00:00Z,34.01,35.32,34.01,35.28,223676,2931,34.9636
2020-06-05T04:00:00Z,36.4,37.8,36.4,37.04,273241,3380,37.2001
2020-06-08T04:00:00Z,37.25,37.3963,36.52,37.22,217933,3404,37.1029
2020-06-09T04:00:00Z,36.48,36.72,35.15,35.99,248818,3183,35.8554
2020-06-10T04:00:00Z,35.8,36.06,35.12,35.36,176243,2399,35.4443
2020-06-11T04:00:00Z,33.8,33.9828,32.47,32.53,213397,2851,32.8742
2020-06-12T04:00:00Z,33.65,34.05,31.93,32.72,211815,3174,32.7593
2020-06-15T04:00:00Z,31.79,33.23,31.47,32.94,251644,3621,32.5993
2020-06-16T04:00:00Z,34.16,34.53,33.135,33.39,262187,3405,33.5679
2020-06-17T04:00:00Z,33.37,33.7892,32.68,33.33,156808,2322,33.357
2020-06-18T04:00:00Z,33.01,33.01,32.01,32.58,209964,2367,32.5369
2020-06-19T04:00:00Z,32.5,32.82,31.055,31.52,548877,3400,31.7742
2020-06-22T04:00:00Z,31.32,31.94,31.01,31.8,228674,3358,31.7049
2020-06-23T04:00:00Z,32.47,32.47,31.51,31.75,134684,2081,31.782
2020-06-24T04:00:00Z,31.54,31.547,30.725,30.79,306616,4080,30.9284
2020-06-25T04:00:00Z,30.43,31.04,29.83,31,259040,3100,30.5892
2020-06-26T04:00:00Z,30.72,30.72,29.61,30.02,615234,3264,30.0224
2020-06-29T04:00:00Z,30.57,31.73,30.21,31.28,279688,3528,31.2696
2020-06-30T04:00:00Z,30.83,31.6021,28.5,31.26,600312,6668,30.9449
2020-07-01T04:00:00Z,31.09,31.45,28.88,28.92,473232,6612,29.4819
2020-07-02T04:00:00Z,29.74,30.02,29.0683,29.41,366448,4760,29.3838
2020-07-06T04:00:00Z,30.04,30.22,29.5,29.84,328368,4594,29.8312
2020-07-07T04:00:00Z,29.76,29.78,28.67,28.76,420683,4284,28.955
2020-07-08T04:00:00Z,28.98,28.98,27.69,28.35,405300,3804,28.2433
2020-07-09T04:00:00Z,28.13,28.34,27.59,27.8,244505,3152,27.9096
2020-07-10T04:00:00Z,27.71,28.15,27.29,28.05,192728,2341,27.9773
2020-07-13T04:00:00Z,28.46,28.88,27.72,28.24,284058,3174,28.3937
2020-07-14T04:00:00Z,28.18,28.82,27.91,28.79,195242,2433,28.5865
2020-07-15T04:00:00Z,29.2,29.61,28.9,29.34,207437,2493,29.2948
2020-07-16T04:00:00Z,28.91,29.23,28.85,29.08,181060,2244,29.0457
2020-07-17T04:00:00Z,29.22,29.5,29.03,29.13,200135,2397,29.177
2020-07-20T04:00:00Z,29.2,29.31,28.51,28.81,170630,2049,28.849
2020-07-21T04:00:00Z,29,29.63,28.94,29.4,408839,3224,29.377
2020-07-22T04:00:00Z,29.29,29.72,29.17,29.27,290453,2820,29.3221
2020-07-23T04:00:00Z,29.16,29.79,29.16,29.47,206812,2261,29.463
2020-07-24T04:00:00Z,29.31,29.7,28.88,28.92,221587,2562,29.1387
2020-07-27T04:00:00Z,28.85,29.68,28.85,29.55,255619,2888,29.4681
2020-07-28T04:00:00Z,29.32,29.62,29,29.02,236533,2798,29.182
2020-07-29T04:00:00Z,28.93,29.69,28.88,29.54,218037,3160,29.3953
2020-07-30T04:00:00Z,29.2,29.25,28.66,29.14,213753,2878,29.0697
2020-07-31T04:00:00Z,29.2,29.2,27.71,28.2,319718,3167,28.1094
2020-08-03T04:00:00Z,28.28,29.14,28.2214,29.02,226297,3741,28.9122
2020-08-04T04:00:00Z,28.91,29.19,28.715,29.18,276653,3231,29.05
2020-08-05T04:00:00Z,29.4,29.91,29.09,29.61,298611,3940,29.6417
2020-08-06T04:00:00Z,29.56,29.83,29.32,29.54,184778,2348,29.5403
2020-08-07T04:00:00Z,29.25,30.13,29.17,30.12,291812,3028,29.7096
2020-08-10T04:00:00Z,30.27,31.42,30.27,30.97,278522,3522,31.0608
2020-08-11T04:00:00Z,31.47,32.265,31.17,31.82,256203,4205,31.8437
2020-08-12T04:00:00Z,32.31,32.48,31.83,32.12,152915,2497,32.1031
2020-08-13T04:00:00Z,31.91,32.08,31.72,31.76,188797,2495,31.835
2020-08-14T04:00:00Z,31.53,31.95,31.38,31.63,155509,2078,31.6493
2020-08-17T04:00:00Z,31.64,32.07,31.415,31.45,292099,1960,31.7075
2020-08-18T04:00:00Z,31.31,31.47,30.31,30.39,220404,2850,30.555
2020-08-19T04:00:00Z,30.35,30.655,30.03,30.16,195019,2120,30.251
2020-08-20T04:00:00Z,29.69,29.825,28.93,29.04,188247,2472,29.1411
2020-08-21T04:00:00Z,28.8,28.9,28.41,28.62,230955,2323,28.6271
2020-08-24T04:00:00Z,28.96,29.19,28.65,29.19,209543,2737,29.0801
2020-08-25T04:00:00Z,29.51,29.64,28.83,29.08,115493,1641,29.0766
2020-08-26T04:00:00Z,28.95,29.11,28.325,28.55,157850,2265,28.5301
2020-08-27T04:00:00Z,28.78,28.78,27.93,28.1,166694,2279,28.1395
2020-08-28T04:00:00Z,28.33,28.63,27.67,28.52,241186,3379,28.302
2020-08-31T04:00:00Z,28.34,28.52,28.2,28.31,257357,2178,28.349
2020-09-01T04:00:00Z,28.14,29.13,28,29.09,236008,2585,28.8702
2020-09-02T04:00:00Z,29.3,30.43,29.06,30.35,318513,3670,30.0691
2020-09-03T04:00:00Z,31.92,31.97,28.8,29.15,396729,4661,29.356
2020-09-04T04:00:00Z,29.71,29.96,28.88,29.62,342466,4999,29.5382
2020-09-08T04:00:00Z,28.83,29.6,28.78,28.9,313867,4010,29.062
2020-09-09T04:00:00Z,29.22,29.28,28.4,28.45,205319,3659,28.5625
2020-09-10T04:00:00Z,28.49,28.625,27.4,27.4,177076,2385,27.6678
2020-09-11T04:00:00Z,27.36,28.28,27.36,28.25,272807,3866,28.0214
2020-09-14T04:00:00Z,28.48,28.7,28.25,28.36,132573,2329,28.3839
2020-09-15T04:00:00Z,28.52,28.81,28.04,28.17,263518,2976,28.3472
2020-09-16T04:00:00Z,28.44,28.44,27.745,27.79,266299,4265,27.9242
2020-09-17T04:00:00Z,27.68,27.77,27.16,27.66,240080,2649,27.625
2020-09-18T04:00:00Z,27.66,27.96,26.72,26.85,665534,3620,26.962
2020-09-21T04:00:00Z,26.26,26.29,24.56,24.9,285187,3293,24.9657
2020-09-22T04:00:00Z,24.9,24.99,24.26,24.93,258976,3042,24.7689
2020-09-23T04:00:00Z,24.77,25.16,23.97,23.99,239163,2524,24.1841
2020-09-24T04:00:00Z,26.22,27.77,25.62,27.52,813462,9301,27.0685
2020-09-25T04:00:00Z,27.23,27.68,27.03,27.36,330057,4437,27.3115
2020-09-28T04:00:00Z,27.79,28.55,27.79,28.28,254821,3183,28.3034
2020-09-29T04:00:00Z,28.47,28.79,28.21,28.61,200407,2522,28.5663
2020-09-30T04:00:00Z,28.8,29.31,28.22,28.5,301477,3039,28.5785
2020-10-01T04:00:00Z,28.65,28.92,28.13,28.42,247564,3154,28.4165
2020-10-02T04:00:00Z,26.84,29.1,26.84,28.9,242346,2531,28.4801
2020-10-05T04:00:00Z,29.09,29.55,29.07,29.16,197344,2471,29.1785
2020-10-06T04:00:00Z,29.49,30.19,29.19,29.59,369405,3405,29.6694
2020-10-07T04:00:00Z,29.85,30.14,29.49,29.49,317957,3364,29.6277
2020-10-08T04:00:00Z,29.7,29.86,29.46,29.66,163208,1906,29.6743
2020-10-09T04:00:00Z,29.93,30.22,29.7,29.84,175209,1852,29.8589
2020-10-12T04:00:00Z,29.72,30.35,29.72,30.21,138218,1947,30.1678
2020-10-13T04:00:00Z,30.01,30.295,29.76,29.87,175650,1747,29.8972
2020-10-14T04:00:00Z,29.91,30.25,29.77,29.89,138825,2127,29.9561
2020-10-15T04:00:00Z,29.37,30.49,29.23,30.32,171994,1932,30.0964
2020-10-16T04:00:00Z,30.31,30.7591,30.25,30.34,128528,1504,30.4043
2020-10-19T04:00:00Z,30.4,30.67,30.18,30.24,165046,2193,30.3521
2020-10-20T04:00:00Z,30.24,30.7084,30.19,30.34,210838,2271,30.4121
2020-10-21T04:00:00Z,30.55,30.764,30.225,30.59,365317,2692,30.5596
2020-10-22T04:00:00Z,30.56,31.86,30.52,31.62,345548,3273,31.3548
2020-10-23T04:00:00Z,31.67,32.41,31.67,32.36,342016,2878,32.243
2020-10-26T04:00:00Z,31.91,31.91,31.135,31.55,228101,2842,31.4979
2020-10-27T04:00:00Z,31.42,31.42,30.485,30.75,282551,2200,30.7589
2020-10-28T04:00:00Z,30,30.23,29.725,29.96,347579,3354,29.9396
2020-10-29T04:00:00Z,29.77,30.5162,29.6,30.23,288655,3746,30.2071
2020-10-30T04:00:00Z,30.16,30.82,29.7,30.77,215196,2303,30.6251
2020-11-02T05:00:00Z,31.17,31.62,31.09,31.54,173419,2372,31.402
2020-11-03T05:00:00Z,32.1,32.63,32.09,32.35,227850,2214,32.328
2020-11-04T05:00:00Z,31.72,31.94,31.17,31.5,209286,2333,31.5346
2020-11-05T05:00:00Z,31.68,32.99,31.68,32.83,130282,2310,32.6569
2020-11-06T05:00:00Z,33,33.15,32.35,32.65,161259,1376,32.6339
2020-11-09T05:00:00Z,35.24,36.02,33.875,34.73,374821,3637,34.7362
2020-11-10T05:00:00Z,35.15,36.55,34.865,36.3,265069,2427,36.207
2020-11-11T05:00:00Z,36.48,36.55,35.42,36.11,183131,1955,35.9366
2020-11-12T05:00:00Z,35.67,36.05,34.83,35.11,274587,2694,35.375
2020-11-13T05:00:00Z,35.37,36.3,35.37,36.08,144575,2010,35.9659
2020-11-16T05:00:00Z,36.9,37.2827,36.58,37.23,199735,2371,37.0895
2020-11-17T05:00:00Z,36.77,37.195,36.24,37.03,200714,2372,36.9064
2020-11-18T05:00:00Z,37.23,37.33,35.96,35.96,212662,2697,36.2672
2020-11-19T05:00:00Z,35.84,35.92,34.71,35.56,200149,3518,35.3178
2020-11-20T05:00:00Z,35.18,35.535,34.87,35.32,333665,3822,35.2356
2020-11-23T05:00:00Z,35.79,35.93,35.22,35.65,211965,2607,35.5964
2020-11-24T05:00:00Z,36.3,36.53,35.39,36.46,273785,2834,36.2905
2020-11-25T05:00:00Z,36.11,36.46,35.14,35.74,201476,2435,35.6772
2020-11-27T05:00:00Z,35.53,35.9582,35.19,35.73,89271,1200,35.6709
2020-11-30T05:00:00Z,35.64,35.64,34.83,35.02,269893,2785,35.0676
2020-12-01T05:00:00Z,35.48,35.69,35.085,35.46,281194,3649,35.4322
2020-12-02T05:00:00Z,35.53,36.02,35.13,35.73,229698,3150,35.6881
2020-12-03T05:00:00Z,36.96,37.41,35.1,36.04,369972,3668,36.0638
2020-12-04T05:00:00Z,36.71,37.6,36.13,37.52,287894,3570,37.2371
2020-12-07T05:00:00Z,37.29,37.65,37.2,37.56,304086,3614,37.4222
2020-12-08T05:00:00Z,37.15,38.26,37.15,38.03,235745,2877,37.9338
2020-12-09T05:00:00Z,38.2,38.78,37.6,37.79,227982,2595,37.9646
2020-12-10T05:00:00Z,37.44,37.86,37.2301,37.73,200110,2567,37.6399
2020-12-11T05:00:00Z,37.3,37.86,37.28,37.47,122962,2152,37.4727
2020-12-14T05:00:00Z,37.77,37.89,36.91,36.92,223826,2651,37.1631
2020-12-15T05:00:00Z,37.33,38.25,37.12,38.12,234258,2854,37.9759
2020-12-16T05:00:00Z,38.21,38.21,37.4574,37.74,191953,2478,37.7405
2020-12-17T05:00:00Z,37.98,38.37,37.65,38.35,188500,2694,38.1641
2020-12-18T05:00:00Z,38.35,38.68,37.69,37.97,1227080,3218,38.0167
2020-12-21T05:00:00Z,37.18,37.59,36.79,37.14,250090,2762,37.0593
2020-12-22T05:00:00Z,36.97,37.56,36.75,37.15,194447,2688,37.0616
2020-12-23T05:00:00Z,37.45,38.17,37.39,38.07,154526,2102,37.9593
2020-12-24T05:00:00Z,38.08,38.1999,37.4,37.72,70833,825,37.6546
2020-12-28T05:00:00Z,38.2,38.53,37.985,38.21,149528,1534,38.2462
2020-12-29T05:00:00Z,38.5,38.5,37.45,37.93,169068,2454,37.8427
2020-12-30T05:00:00Z,38.04,38.5,38,38.27,146909,2019,38.2752
2020-12-31T05:00:00Z,38.23,38.5,37.9,38.28,189697,1861,38.2556
2021-01-04T05:00:00Z,38.68,39.01,37.25,37.59,223016,2637,37.7225
2021-01-05T05:00:00Z,37.59,38.32,37.59,38.06,164753,2203,38.0831
2021-01-06T05:00:00Z,38.91,40.99,38.67,40.57,362788,3341,40.2889
2021-01-07T05:00:00Z,40.93,42.45,40.86,42.41,278218,2950,42.1552
2021-01-08T05:00:00Z,42.55,42.79,40.76,41.22,205497,2171,41.3131
2021-01-11T05:00:00Z,40.85,41.48,40.74,41.42,162158,1708,41.1784
2021-01-12T05:00:00Z,41.69,42.4,41.5334,41.99,150416,2105,42.0526
2021-01-13T05:00:00Z,41.97,42.175,41.105,41.32,146254,1935,41.461
2021-01-14T05:00:00Z,41.32,41.95,41.32,41.52,180158,2045,41.5987
2021-01-15T05:00:00Z,40.73,40.9865,40.06,40.15,217742,2417,40.33
2021-01-19T05:00:00Z,40.46,40.595,39.75,40.21,201827,2269,40.1266
2021-01-20T05:00:00Z,40.69,41.15,40.065,41.11,187374,2374,40.9798
2021-01-21T05:00:00Z,41.34,42.08,41.2,41.78,218634,2242,41.7068
2021-01-22T05:00:00Z,41.37,42.775,41.16,42.76,206280,1975,42.4399
2021-01-25T05:00:00Z,42.42,43.11,41,41.21,213126,2958,41.621
2021-01-26T05:00:00Z,41.45,42.295,39.88,39.96,153037,2080,40.3896
2021-01-27T05:00:00Z,39.01,39.62,37.94,38.29,190981,3206,38.4412
2021-01-28T05:00:00Z,38.63,38.76,37.81,38.22,197383,2186,38.2119
2021-01-29T05:00:00Z,38.2,38.84,37.51,37.75,226977,2722,37.8396
2021-02-01T05:00:00Z,38.25,38.7,37.6,38.5,118552,1686,38.3411
2021-02-02T05:00:00Z,39.16,39.32,38.19,39.15,111646,1379,38.9629
2021-02-03T05:00:00Z,38.95,39.4927,38.51,39.23,153313,2048,39.0984
2021-02-04T05:00:00Z,39.4,40.01,39.2,39.37,229711,2352,39.4687
2021-02-05T05:00:00Z,40,40.25,38.995,39.45,199898,2651,39.3438
2021-02-08T05:00:00Z,39.59,40.3,39.3501,40.23,214273,1646,40.1787
2021-02-09T05:00:00Z,40.09,40.85,39.71,40.46,195057,2139,40.4657
2021-02-10T05:00:00Z,40.74,40.74,39.58,39.86,157422,1769,39.9122
2021-02-11T05:00:00Z,40.05,40.26,39.18,39.85,183779,1813,39.8018
2021-02-12T05:00:00Z,39.55,39.75,39.3604,39.64,113394,1626,39.6053
2021-02-16T05:00:00Z,39.89,40.49,39.52,39.57,192175,1955,39.7732
2021-02-17T05:00:00Z,39.32,39.6,38.4,39.01,187776,2602,38.9272
2021-02-18T05:00:00Z,38.64,38.91,38.09,38.14,274777,2079,38.2997
2021-02-19T05:00:00Z,38.5,39.015,38.3,38.38,427829,3298,38.5582
2021-02-22T05:00:00Z,38.21,39.42,38.07,39.42,314964,2867,39.0265
2021-02-23T05:00:00Z,39.39,39.5299,38.43,39.02,204391,2825,38.9506
2021-02-24T05:00:00Z,39.03,40.42,39.03,40.1,219510,2613,40.0419
2021-02-25T05:00:00Z,40.11,40.11,38.86,39.19,157879,1976,39.3291
2021-02-26T05:00:00Z,39.41,39.66,38.56,38.93,220865,1946,39.0124
2021-03-01T05:00:00Z,39.76,40.46,39.08,40.39,229543,2331,40.2027
2021-03-02T05:00:00Z,40.38,40.55,39.9364,39.97,164155,3220,40.1818
2021-03-03T05:00:00Z,40.22,40.7762,40.14,40.3,184060,2464,40.4278
2021-03-04T05:00:00Z,40.35,41.45,39.631,40.59,355608,4062,40.554
2021-03-05T05:00:00Z,41.24,42.79,40.44,42.56,312742,4195,42.0849
2021-03-08T05:00:00Z,42.8,44.39,42.38,44.27,317912,4301,43.9132
2021-03-09T05:00:00Z,44.44,45.58,43.815,44.59,368163,4115,44.8336
2021-03-10T05:00:00Z,44.75,45.85,43.45,45.49,304969,4055,45.2741
2021-03-11T05:00:00Z,45.88,45.89,44.585,45.11,264829,2852,45.1057
2021-03-12T05:00:00Z,45.06,46.25,45.06,46.17,181431,3573,45.8548
2021-03-15T04:00:00Z,46.25,46.96,45.4,46.82,178806,3225,46.6003
2021-03-16T04:00:00Z,47.01,47.01,46.125,46.51,191704,2622,46.5567
2021-03-17T04:00:00Z,46.19,46.68,45.62,45.78,266922,3053,45.8654
2021-03-18T04:00:00Z,45.68,46.58,44.56,44.95,252325,4250,45.4494
2021-03-19T04:00:00Z,44.76,45.67,43.84,43.96,737244,3608,44.3207
2021-03-22T04:00:00Z,44.07,44.07,42.46,42.58,251386,3571,42.754
2021-03-23T04:00:00Z,42.11,42.67,40.07,40.2,296292,2776,40.7289
2021-03-24T04:00:00Z,40.76,41.232,40.1,40.1,254713,3152,40.4954
2021-03-25T04:00:00Z,39.76,40.94,39.03,40.65,269822,3959,40.1205
2021-03-26T04:00:00Z,41.34,41.7,41.08,41.59,175489,2524,41.5171
2021-03-29T04:00:00Z,41.37,42.5,40.79,41.29,293790,3172,41.4011
2021-03-30T04:00:00Z,41.62,42.44,41.29,42.04,166836,3024,42.0315
2021-03-31T04:00:00Z,42.09,42.52,41.5,41.98,214182,2039,41.9893
2021-04-01T04:00:00Z,43.24,43.55,42.04,42.97,250286,3699,42.6822
2021-04-05T04:00:00Z,43.31,44.69,43.31,44.69,228960,2635,44.3384
2021-04-06T04:00:00Z,44.71,44.82,44.2,44.55,247540,2756,44.5674
2021-04-07T04:00:00Z,44.47,44.81,43.56,43.97,271726,3787,44.2969
2021-04-08T04:00:00Z,44.09,44.59,43.03,44.52,267085,3798,44.3341
2021-04-09T04:00:00Z,44.6,45.37,44.32,45.37,212944,3096,45.1509
2021-04-12T04:00:00Z,45.49,45.76,45.08,45.72,173172,2301,45.4986
2021-04-13T04:00:00Z,45.55,45.95,44.4,44.99,256928,2857,44.7935
2021-04-14T04:00:00Z,44.82,45.51,44.82,44.95,157032,2635,45.1353
2021-04-15T04:00:00Z,45.21,45.21,44.35,44.65,309715,3190,44.8019
2021-04-16T04:00:00Z,45.13,45.42,44.56,44.75,329110,4437,44.8561
2021-04-19T04:00:00Z,44.75,44.81,44.75,44.81,1977,1,44.75
2021-04-20T04:00:00Z,44.74,45.03,43.1,43.45,226398,3343,43.6355
2021-04-21T04:00:00Z,43.53,44.18,43.27,43.75,343053,4187,43.7198
2021-04-22T04:00:00Z,43.77,44.23,43.25,44.01,237203,3165,43.8955
2021-04-23T04:00:00Z,44.27,45,44.13,44.58,171069,2706,44.6191
2021-04-26T04:00:00Z,45.1,46.09,44.97,45.78,347879,2999,45.7857
2021-04-27T04:00:00Z,45.82,46.12,45.23,45.6,168834,2293,45.606
2021-04-28T04:00:00Z,45.58,45.71,45.31,45.55,132782,2289,45.4946
2021-04-29T04:00:00Z,46.04,46.04,45.01,45.5,251737,3687,45.4158
2021-04-30T04:00:00Z,45.08,45.79,44.69,44.93,407114,4287,45.0528
2021-05-03T04:00:00Z,45.45,45.83,44.71,45.24,284674,2753,45.3118
2021-05-04T04:00:00Z,44.9,45.23,44.61,45.11,259053,3911,45.0512
2021-05-05T04:00:00Z,45.31,45.6,44.69,45.41,176681,3015,45.3556
2021-05-06T04:00:00Z,45.44,46.9,45.36,46.89,167367,2635,46.2986
2021-05-07T04:00:00Z,46.77,47.42,46.5,47.33,181318,3232,47.1836
2021-05-10T04:00:00Z,47.36,47.48,46,46,223999,2677,46.4076
2021-05-11T04:00:00Z,45.09,45.99,44.7601,45.98,218545,3027,45.7933
2021-05-12T04:00:00Z,45.53,45.55,43.93,44.02,171055,2884,44.3919
2021-05-13T04:00:00Z,44.32,46.28,44.12,46.1,224497,3512,45.7992
2021-05-14T04:00:00Z,46.48,46.74,46.12,46.73,225729,3003,46.4738
2021-05-17T04:00:00Z,46.35,47.26,46.19,47.09,164340,2066,47.0027
2021-05-18T04:00:00Z,47.11,47.17,46.33,46.35,180512,2169,46.6524
2021-05-19T04:00:00Z,45.5,46.46,45.105,46.43,362800,2616,46.1715
2021-05-20T04:00:00Z,46.24,46.44,45.46,46.21,287522,3479,45.941
2021-05-21T04:00:00Z,46.48,47.0219,46.41,46.79,727784,2982,46.7657
2021-05-24T04:00:00Z,47.17,47.51,46.76,47.39,189057,2116,47.2744
2021-05-25T04:00:00Z,47.35,47.69,46.71,46.76,256885,3328,46.9543
2021-05-26T04:00:00Z,46.84,47.49,46.43,47.46,213295,2454,47.229
2021-05-27T04:00:00Z,47.8,49.24,47.77,48.76,413231,3547,48.8305
2021-05-28T04:00:00Z,48.8,48.8,47.68,48.38,169790,2172,48.246
2021-06-01T04:00:00Z,48.6,49.15,48.42,48.87,218863,2344,48.8844
2021-06-02T04:00:00Z,48.95,48.96,47.99,48.27,301270,2848,48.4047
2021-06-03T04:00:00Z,48.1,48.85,47.55,48.64,225311,2343,48.4647
2021-06-04T04:00:00Z,48.57,49.28,48.31,49.25,202201,2449,49.0817
2021-06-07T04:00:00Z,49.41,49.64,49.03,49.27,191209,2776,49.235
2021-06-08T04:00:00Z,49.11,49.665,48.9,49.61,240827,2082,49.5291
2021-06-09T04:00:00Z,49.47,49.47,48.86,48.92,224251,2169,48.9591
2021-06-10T04:00:00Z,49.1,49.22,48.37,48.58,199178,2330,48.6192
2021-06-11T04:00:00Z,48.8,49.4,48.8,49.35,176552,2596,49.2288
2021-06-14T04:00:00Z,49.46,49.46,48.62,48.76,194807,2499,48.8783
2021-06-15T04:00:00Z,48.81,49.11,48.43,48.92,151765,2001,48.8939
2021-06-16T04:00:00Z,48.8,48.95,48.25,48.41,162080,2284,48.4954
2021-06-17T04:00:00Z,48.29,48.325,46.67,47.3,301597,3964,47.2598
2021-06-18T04:00:00Z,46.85,47.1,46.265,46.5,569457,3784,46.5874
2021-06-21T04:00:00Z,46.85,47.79,46.85,47.43,135772,1958,47.4122
2021-06-22T04:00:00Z,47.1,47.76,46.87,47.58,161493,2361,47.4586
2021-06-23T04:00:00Z,47.46,47.97,47.18,47.57,207327,2564,47.5991
2021-06-24T04:00:00Z,47.75,49.28,47.5506,49.07,262369,3296,48.7118
2021-06-25T04:00:00Z,49.55,49.71,48.49,48.49,685522,3558,48.5965
2021-06-28T04:00:00Z,48.42,48.65,47.39,48.5,252863,2857,48.3891
2021-06-29T04:00:00Z,48.5,48.89,47.77,48.67,152928,2149,48.5536
2021-06-30T04:00:00Z,48.2,49.45,48.06,49.21,203991,2379,49.0153
2021-07-01T04:00:00Z,49.44,50.07,49.3,49.97,129631,2042,49.9102
2021-07-02T04:00:00Z,49.91,50.195,49.5,49.52,161825,2424,49.7457
2021-07-06T04:00:00Z,49.35,49.35,47.11,47.4,196689,2151,47.5286
2021-07-07T04:00:00Z,47.33,47.86,46.7,47.39,210225,2612,47.3602
2021-07-08T04:00:00Z,46.39,47.3,45.79,46.68,206357,3086,46.6953
2021-07-09T04:00:00Z,47.44,48.505,46.975,48.4,167132,2452,48.1932
2021-07-12T04:00:00Z,48.02,48.89,48.02,48.74,145493,2304,48.6401
2021-07-13T04:00:00Z,48.27,48.57,47.9,47.97,183010,3012,48.0539
2021-07-14T04:00:00Z,48.31,48.6,46.75,47.42,174350,2329,47.3769
2021-07-15T04:00:00Z,46.74,46.98,46.06,46.46,216589,3517,46.4342
2021-07-16T04:00:00Z,46.87,46.945,44.93,44.99,198655,2720,45.4362
2021-07-19T04:00:00Z,43.78,45.3,43.78,44.99,306577,4042,44.834
2021-07-20T04:00:00Z,45.15,46.46,45.13,45.87,236848,2923,45.9222
2021-07-21T04:00:00Z,46.25,46.99,46.25,46.55,132393,2609,46.5295
2021-07-22T04:00:00Z,46.09,46.91,45.02,45.11,95221,1986,45.2836
2021-07-23T04:00:00Z,45.54,45.665,45.04,45.53,77396,1488,45.4632
2021-07-26T04:00:00Z,45.85,46.4699,45.5,46.23,102439,2086,46.099
2021-07-27T04:00:00Z,45.76,45.76,45.1,45.28,173149,2717,45.3559
2021-07-28T04:00:00Z,45.67,47.11,45.26,46.46,141358,2266,46.3802
2021-07-29T04:00:00Z,46.79,47.53,46.44,47.32,114004,2101,47.3203
2021-07-30T04:00:00Z,47.06,47.96,46.645,47.83,209024,1833,47.7645
2021-08-02T04:00:00Z,47.95,49,47.06,47.24,119886,1885,47.3834
2021-08-03T04:00:00Z,47.52,47.83,46.71,47.64,184239,2021,47.5817
2021-08-04T04:00:00Z,46.97,47.6,46.915,47.07,98479,1726,47.0907
2021-08-05T04:00:00Z,47.39,47.67,46.925,47.03,143195,2587,47.1742
2021-08-06T04:00:00Z,47.77,48.26,47.06,48.11,106552,1728,47.8913
2021-08-09T04:00:00Z,47.92,48.34,47.57,47.93,67769,1334,48.0095
2021-08-10T04:00:00Z,47.82,48.62,47.07,48.4,94660,1701,48.3099
2021-08-11T04:00:00Z,48.4,49.12,47.975,49.1,85861,2150,48.9012
2021-08-12T04:00:00Z,49.19,49.36,48.76,49.05,123629,1887,49.021
2021-08-13T04:00:00Z,49.02,49.31,48.72,48.88,82470,1852,48.9137
2021-08-16T04:00:00Z,48.915,48.915,47.86,48.86,114242,1839,48.6876
2021-08-17T04:00:00Z,48.63,48.675,46.9,47.52,136179,2659,47.472
2021-08-18T04:00:00Z,47.36,47.85,46.87,46.9,140744,2692,47.2447
2021-08-19T04:00:00Z,46.36,46.665,45.35,45.84,264010,2936,45.8674
2021-08-20T04:00:00Z,45.72,47.16,45.72,47,248762,2782,46.785
2021-08-23T04:00:00Z,47.32,47.585,46.44,46.86,173910,2202,46.8461
2021-08-24T04:00:00Z,47.13,47.65,46.79,47.15,163984,2856,47.1149
2021-08-25T04:00:00Z,47.15,47.59,47.15,47.25,141128,1696,47.3209
2021-08-26T04:00:00Z,47.09,47.74,46.91,46.92,120495,1933,47.08
2021-08-27T04:00:00Z,47.01,48.35,47.01,48,336538,3722,47.8959
2021-08-30T04:00:00Z,48.4,48.4,46.965,47.02,165835,2497,47.1437
2021-08-31T04:00:00Z,47.25,47.4775,46.52,46.57,315014,3790,46.7656
2021-09-01T04:00:00Z,46.79,46.96,45.8,46.43,214396,3525,46.3706
2021-09-02T04:00:00Z,45.8,46.245,42.66,42.89,354944,4928,43.4199
2021-09-03T04:00:00Z,42.6,42.6,40.93,41.66,505561,4667,41.6154
2021-09-07T04:00:00Z,42,43.56,41.35,42.64,456655,5150,42.7515
2021-09-08T04:00:00Z,42.3,43.47,41.68,43.26,304085,5352,43.0456
2021-09-09T04:00:00Z,43.19,43.96,42.91,43.1,237340,3267,43.3462
2021-09-10T04:00:00Z,43.3,43.95,43.02,43.06,233594,4020,43.3473
2021-09-13T04:00:00Z,43.26,43.56,42.73,43.07,208144,3193,43.028
2021-09-14T04:00:00Z,43.22,43.45,42.31,42.69,375097,4163,42.7131
2021-09-15T04:00:00Z,42.62,42.93,41.9272,42.79,277784,3870,42.5055
2021-09-16T04:00:00Z,42.94,43.37,42.29,43.08,277098,3433,42.9832
2021-09-17T04:00:00Z,43.14,43.49,42.36,43.09,915812,4338,43.0631
2021-09-20T04:00:00Z,42.23,42.74,41.69,42.66,299089,3740,42.421
2021-09-21T04:00:00Z,43.23,43.23,41.86,42.01,309590,4161,42.1199
2021-09-22T04:00:00Z,42.48,43.22,42.26,42.87,200652,2485,42.8152
2021-09-23T04:00:00Z,43.16,43.93,43.16,43.25,147225,1731,43.373
2021-09-24T04:00:00Z,43.08,43.23,42.68,42.73,191430,2237,42.8353
2021-09-27T04:00:00Z,42.78,43.81,42.76,43.27,201372,3160,43.3317
2021-09-28T04:00:00Z,43.45,43.55,42.9,43.2,200872,2610,43.2129
2021-09-29T04:00:00Z,43.19,43.62,42.62,43.13,179254,1598,42.9953
2021-09-30T04:00:00Z,43.45,43.61,42.05,42.05,172219,2448,42.3996
2021-10-01T04:00:00Z,42.25,42.87,41.61,42.41,229960,2013,42.3418
2021-10-04T04:00:00Z,42.45,43.34,42.45,43.15,258664,2379,43.0914
2021-10-05T04:00:00Z,43.39,43.82,42.9584,43.36,189376,2853,43.3871
2021-10-06T04:00:00Z,42.94,43.13,41.825,42.4,262551,4118,42.3855
2021-10-07T04:00:00Z,42.97,43.46,42.8275,43.01,241443,3050,43.0695
2021-10-08T04:00:00Z,42.84,43.33,42.7,43.05,112844,1783,43.0884
2021-10-11T04:00:00Z,43.17,43.345,42.53,42.62,132770,1769,42.7868
2021-10-12T04:00:00Z,42.58,42.76,41.99,42.09,112546,1951,42.183
2021-10-13T04:00:00Z,42.06,42.19,41.525,42.1,154224,2310,41.9674
2021-10-14T04:00:00Z,42.27,42.58,41.94,42.38,166983,2561,42.3338
2021-10-15T04:00:00Z,43.15,43.15,42.17,42.33,238647,3006,42.4207
2021-10-18T04:00:00Z,42.07,42.1,41.13,41.17,261032,2691,41.6043
2021-10-19T04:00:00Z,41.33,41.67,40.83,41.4,116579,1941,41.2694
2021-10-20T04:00:00Z,41.52,42.31,41.5,42.1,140153,2024,42.0659
2021-10-21T04:00:00Z,42.19,43.17,42.17,43.16,213006,2311,42.9732
2021-10-22T04:00:00Z,42.98,43.65,42.385,42.39,124740,2019,42.6942
2021-10-25T04:00:00Z,42.35,42.71,42.35,42.71,15074,2,42.7007
2021-10-26T04:00:00Z,42.71,42.71,41.65,42.03,240982,2773,42.2733
2021-10-27T04:00:00Z,41.68,42.32,41.02,41.06,217278,3303,41.3878
2021-10-28T04:00:00Z,41.27,42.36,41.27,42.31,149567,2622,42.0279
2021-10-29T04:00:00Z,42.43,42.75,41.8,42.07,162930,1975,42.1442
2021-11-01T04:00:00Z,42.15,43.819,41.92,43.73,219749,2994,43.4041
2021-11-02T04:00:00Z,43.9,44.34,43.57,44.23,165922,3009,44.1202
2021-11-03T04:00:00Z,44.36,45.91,44.03,45.78,212918,3573,45.562
2021-11-04T04:00:00Z,45.92,46.44,45.16,45.81,233942,3628,45.7503
2021-11-05T04:00:00Z,46.39,47.43,46.21,47.12,175547,3378,47.012
2021-11-08T05:00:00Z,47.46,48.17,47.07,47.35,146967,2958,47.5119
2021-11-09T05:00:00Z,47.26,47.76,46.96,47.2,132815,2212,47.2958
2021-11-10T05:00:00Z,46.825,47.755,46.825,47.03,150426,2108,47.1892
2021-11-11T05:00:00Z,47.09,48.08,46.94,47.96,135148,2134,47.8355
2021-11-12T05:00:00Z,48.34,48.49,47.47,47.71,254755,2734,47.7308
2021-11-15T05:00:00Z,48.22,48.39,47.1,47.56,208471,2781,47.5093
2021-11-16T05:00:00Z,47.68,48.03,47.2,47.42,246879,3550,47.5682
2021-11-17T05:00:00Z,47.42,47.84,46.91,47.77,197785,3205,47.5754
2021-11-18T05:00:00Z,47.97,47.97,47.05,47.16,212687,2376,47.2392
2021-11-19T05:00:00Z,47,48.1,46.98,47.39,673017,3279,47.4282
2021-11-22T05:00:00Z,47.5,49.04,47.4577,48.47,159431,3010,48.551
2021-11-23T05:00:00Z,48.26,48.67,47.88,48.35,194948,2537,48.3756
2021-11-24T05:00:00Z,48.07,48.63,47.93,48.28,120203,2645,48.3469
2021-11-26T05:00:00Z,46.83,47.29,45.69,45.99,119847,2291,46.1093
2021-11-29T05:00:00Z,46.63,46.63,45.28,45.51,163972,3304,45.6398
2021-11-30T05:00:00Z,45.12,45.49,44,44.47,328929,3219,44.468
2021-12-01T05:00:00Z,45.14,46.08,44.74,44.82,196435,3895,45.126
2021-12-02T05:00:00Z,41.99,44.83,41.2127,44.12,258719,3522,44.1488
2021-12-03T05:00:00Z,44.05,46,44.05,45.23,202883,3829,45.1981
2021-12-06T05:00:00Z,45.62,46.26,45.18,45.52,184365,3315,45.6528
2021-12-07T05:00:00Z,45.65,46.31,45.26,45.42,213484,2471,45.5553
2021-12-08T05:00:00Z,45.58,45.58,45.03,45.11,133225,2290,45.1982
2021-12-09T05:00:00Z,44.42,44.42,43.45,43.51,141132,2977,43.7167
2021-12-10T05:00:00Z,43.89,44.215,43.47,43.59,189437,2586,43.6964
2021-12-13T05:00:00Z,43.7,43.7,42.71,42.94,231350,2435,43.0089
2021-12-14T05:00:00Z,42.77,44.1,42.521,43.56,392514,4313,43.6232
2021-12-15T05:00:00Z,43.58,44.7,43.06,44.65,274915,4625,44.2895
2021-12-16T05:00:00Z,45.03,45.43,44.54,44.93,301545,3961,45.0088
2021-12-17T05:00:00Z,44.69,45.46,44.3,44.78,951299,3519,44.777
2021-12-20T05:00:00Z,44.31,44.62,43.36,44.56,237310,3595,44.1675
2021-12-21T05:00:00Z,45.03,45.83,44.62,45.79,192870,2841,45.5246
2021-12-22T05:00:00Z,45.66,46.8,45.47,46.76,165826,3064,46.5535
2021-12-23T05:00:00Z,47.09,47.75,46.37,47.43,163982,2950,47.4222
2021-12-27T05:00:00Z,47.39,48.74,47.07,48.6,210744,2955,48.4384
2021-12-28T05:00:00Z,48.35,49.085,48.35,48.9,145100,2458,48.85
2021-12-29T05:00:00Z,48.94,49.73,48.71,49.67,133774,2409,49.5029
2021-12-30T05:00:00Z,49.76,49.92,48.31,48.37,221609,3304,48.5991
2021-12-31T05:00:00Z,48.31,49.365,48.29,49.17,152351,2467,49.1002
2022-01-03T05:00:00Z,49.41,49.94,48.42,48.7,176051,3062,48.8194
2022-01-04T05:00:00Z,49.03,49.5,48.71,48.99,199296,3218,49.0626
2022-01-05T05:00:00Z,49.11,49.26,47.82,47.92,153889,3152,48.3402
2022-01-06T05:00:00Z,47.96,48.87,47.36,48.39,165074,3051,48.3984
2022-01-07T05:00:00Z,48.17,48.49,47.16,47.25,266031,2973,47.3633
2022-01-10T05:00:00Z,47.11,47.78,46.58,47.76,199703,3370,47.4848
2022-01-11T05:00:00Z,47.44,48,46.81,47.8,291028,3248,47.6815
2022-01-12T05:00:00Z,47.9,48.255,47.14,47.5,206902,3460,47.5128
2022-01-13T05:00:00Z,47.5,48.79,46.98,48.3,133696,2186,48.3366
2022-01-14T05:00:00Z,48.25,49.27,47.63,49.01,213317,3592,48.8721
2022-01-18T05:00:00Z,48.73,48.8,47.605,48.53,412819,4447,48.5242
2022-01-19T05:00:00Z,48.54,48.82,45.81,45.88,193915,3528,46.5401
2022-01-20T05:00:00Z,45.99,46.23,44.795,45.25,322179,3441,45.4081
2022-01-21T05:00:00Z,45.07,46.635,44.94,44.94,277063,3288,45.3185
2022-01-24T05:00:00Z,44.43,45.81,44.09,45.81,50805,379,45.4512
2022-01-25T05:00:00Z,45.18,45.18,43.6,44.11,248128,5041,44.202
2022-01-26T05:00:00Z,44.88,45.75,43.53,43.91,270659,5500,44.7196
2022-01-27T05:00:00Z,44.1,44.745,42.16,42.48,261796,4335,42.7794
2022-01-28T05:00:00Z,42.68,42.98,41.52,42.74,235366,3596,42.4328
2022-01-31T05:00:00Z,42.45,44.06,42.09,44.03,309402,4013,43.4357
2022-02-01T05:00:00Z,44.15,44.22,43.1,44.1,175729,3232,43.9644
2022-02-02T05:00:00Z,44.01,44.55,43.71,44.53,191015,2949,44.397
2022-02-03T05:00:00Z,44.13,45.02,43.78,44.13,164692,2881,44.2595
2022-02-04T05:00:00Z,43.71,44.24,43.22,44.09,165119,2556,43.9217
2022-02-07T05:00:00Z,43.91,44.48,43.5087,43.8,106919,2865,43.9208
2022-02-08T05:00:00Z,44.02,44.755,43.94,44.52,111914,2000,44.4695
2022-02-09T05:00:00Z,44.92,45.2,44.42,44.9,156840,3237,44.815
2022-02-10T05:00:00Z,44.32,45.85,44.32,45.28,268705,5154,45.3519
2022-02-11T05:00:00Z,45.11,45.51,44.41,44.79,136130,2997,44.828
2022-02-14T05:00:00Z,45.02,45.34,44.61,45.02,214181,3561,44.9834
2022-02-15T05:00:00Z,45.49,46.895,45.23,46.68,263837,3338,46.5678
2022-02-16T05:00:00Z,46.54,47.65,46.47,47.59,185167,3317,47.3723
2022-02-17T05:00:00Z,47.14,47.7,46.62,47.58,181073,2843,47.4665
2022-02-18T05:00:00Z,47.29,47.87,46.25,47.24,759264,4630,47.2031
2022-02-22T05:00:00Z,46.91,46.99,45.79,46.12,193860,4416,46.2451
2022-02-23T05:00:00Z,46.45,46.61,45.41,45.49,161176,2792,45.7126
2022-02-24T05:00:00Z,44.63,45.21,43.99,45.07,182044,3508,44.7901
2022-02-25T05:00:00Z,45.25,46.24,45.21,46.08,138068,3432,45.9231
2022-02-28T05:00:00Z,45.56,46.11,45.34,45.64,236038,3447,45.6507
2022-03-01T05:00:00Z,45.49,45.6,43.595,44.05,240648,3729,44.0527
2022-03-02T05:00:00Z,44.48,45.56,44.03,45.24,187116,4006,45.1808
2022-03-03T05:00:00Z,46.27,46.27,42.87,43.68,268871,4634,43.7776
2022-03-04T05:00:00Z,43.34,43.34,42.265,42.82,186425,3842,42.6907
2022-03-07T05:00:00Z,42.85,43.6,42.13,42.32,256374,5919,42.6833
2022-03-08T05:00:00Z,42.54,42.54,41.72,41.72,19876,2,41.7567
2022-03-09T05:00:00Z,42.49,42.91,42.34,42.59,189692,4270,42.5798
2022-03-10T05:00:00Z,41.79,42.82,41.54,42.73,152799,4074,42.4371
2022-03-11T05:00:00Z,42.88,43.7,42.63,43.44,210694,4676,43.355
2022-03-14T04:00:00Z,43.49,43.59,42.05,42.21,289522,5986,42.3334
2022-03-15T04:00:00Z,42.56,42.7,41.4,41.9,249730,4385,41.8703
2022-03-16T04:00:00Z,42.12,42.88,41.78,42.79,262712,5492,42.6067
2022-03-17T04:00:00Z,42.58,42.75,42.22,42.56,170749,4503,42.5314
2022-03-18T04:00:00Z,42.07,43.5,40.92,43.1,1673251,7544,42.9223
2022-03-21T04:00:00Z,43.25,43.7,42.46,42.82,178586,4581,42.8081
2022-03-22T04:00:00Z,43,43.54,42.34,42.61,152090,3290,42.6656
2022-03-23T04:00:00Z,42.29,42.295,41.64,41.8,146489,3866,41.903
2022-03-24T04:00:00Z,41.99,42.56,41.52,42.55,185622,3169,42.4332
2022-03-25T04:00:00Z,42.7,43.08,42.14,42.42,122378,3047,42.4488
2022-03-28T04:00:00Z,42.2,42.48,41.81,42.41,177624,2989,42.2946
2022-03-29T04:00:00Z,43.03,43.75,42.82,43.5,237914,3777,43.4157
2022-03-30T04:00:00Z,43.29,43.49,42.865,43.07,239226,3273,43.0466
2022-03-31T04:00:00Z,42.79,43.29,42.79,43.25,297757,3897,43.2125
2022-04-01T04:00:00Z,43.3,43.77,42.38,43,346059,3113,42.895
2022-04-04T04:00:00Z,43.01,43.45,42.66,43.18,262828,3748,43.0922
2022-04-05T04:00:00Z,43.01,43.37,42.32,42.75,381709,6182,42.8096
2022-04-06T04:00:00Z,42.25,42.89,42.11,42.8,324975,4002,42.7064
2022-04-07T04:00:00Z,42.49,43.41,42.35,43.17,753675,10735,42.7802
2022-04-08T04:00:00Z,42.98,44.13,42.95,43.5,284569,3676,43.5002
2022-04-11T04:00:00Z,43.27,43.825,43.16,43.5,336673,4822,43.5115
2022-04-12T04:00:00Z,44.06,44.77,43.94,44,219877,3046,44.0538
2022-04-13T04:00:00Z,43.93,44.37,43.87,44,146205,2181,44.0304
2022-04-14T04:00:00Z,43.88,44.77,43.88,44.72,229328,3652,44.5939
2022-04-18T04:00:00Z,44.69,45.59,44.475,45.19,141471,2800,45.151
2022-04-19T04:00:00Z,45.38,46.06,45.36,45.78,151182,2374,45.7853
2022-04-20T04:00:00Z,46.24,47,46.05,46.1,172492,3560,46.2568
2022-04-21T04:00:00Z,46.58,46.94,46.25,46.5,283160,4117,46.5525
2022-04-22T04:00:00Z,46.25,46.72,45.41,45.55,237699,3599,45.75
2022-04-25T04:00:00Z,45.32,45.61,44.44,45.47,318898,5105,45.0939
2022-04-26T04:00:00Z,44.99,45.4,44.06,44.23,361474,4357,44.4997
2022-04-27T04:00:00Z,44.01,44.3,42.305,42.7,245542,4345,42.8156
2022-04-28T04:00:00Z,43.13,45.28,42.98,45.08,196953,2836,44.5641
2022-04-29T04:00:00Z,44.57,45.635,44.48,44.61,203601,2809,44.8124
2022-05-02T04:00:00Z,44.41,45,43.23,44.22,190427,3917,44.2254
2022-05-03T04:00:00Z,44.26,44.96,43.98,44.71,133452,2274,44.6456
2022-05-04T04:00:00Z,44.86,45.85,44.15,45.71,143794,2784,45.2453
2022-05-05T04:00:00Z,45.17,45.39,43.68,44.27,192394,4380,44.2539
2022-05-06T04:00:00Z,44.18,44.52,43.65,44.3,155201,3792,44.2069
2022-05-09T04:00:00Z,43.91,44.79,43.445,43.87,171769,3575,43.975
2022-05-10T04:00:00Z,44.29,44.49,42.97,43.89,107097,2779,43.8825
2022-05-11T04:00:00Z,44.08,45.21,43.13,43.22,169705,4052,43.6589
2022-05-12T04:00:00Z,43.32,43.73,42.68,43.63,141290,2921,43.4352
2022-05-13T04:00:00Z,44.01,44.74,43.55,44.52,155763,2858,44.4145
2022-05-16T04:00:00Z,44.14,44.97,43.89,44.62,115997,2561,44.5725
2022-05-17T04:00:00Z,45.11,46.37,45.11,46.36,146389,2614,46.0981
2022-05-18T04:00:00Z,45.88,46.21,44.57,44.81,252317,3980,44.9288
2022-05-19T04:00:00Z,44.69,44.82,42.83,43.71,232275,4142,43.7771
2022-05-20T04:00:00Z,44.05,44.05,41.97,42.62,225950,4172,42.6337
2022-05-23T04:00:00Z,42.85,43.635,42.26,42.95,299817,4193,43.026
2022-05-24T04:00:00Z,42.49,42.59,41.33,42.27,189631,3533,42.1012
2022-05-25T04:00:00Z,41.94,43.065,41.71,42.84,236078,4530,42.8374
2022-05-26T04:00:00Z,43,44.275,42.98,44.17,205324,4556,43.7148
2022-05-27T04:00:00Z,44.53,45.8,44.53,45.34,164286,3128,45.3502
2022-05-31T04:00:00Z,45.12,45.17,44.31,45.05,333639,3810,44.978
2022-06-01T04:00:00Z,45.29,45.29,43.46,44.45,200372,4080,44.3889
2022-06-02T04:00:00Z,44.7,45.25,44.17,45.17,139142,4573,45.0269
2022-06-03T04:00:00Z,44.89,45.2,43.995,44.34,122513,2842,44.4254
2022-06-06T04:00:00Z,44.81,45.64,44.67,45.54,154298,3306,45.3345
2022-06-07T04:00:00Z,45.19,46.16,45.12,46.15,149866,2918,45.9977
2022-06-08T04:00:00Z,45.95,45.95,45.25,45.59,76817,2185,45.5797
2022-06-09T04:00:00Z,45.28,45.875,45.07,45.13,94680,2347,45.2449
2022-06-10T04:00:00Z,44.72,45.13,44.01,44.32,90865,2805,44.3395
2022-06-13T04:00:00Z,43.31,43.63,42.145,42.31,189133,4317,42.4852
2022-06-14T04:00:00Z,42.46,42.765,41.86,42.41,142851,3185,42.3479
2022-06-15T04:00:00Z,38.01,40.38,38.01,39.57,712671,10354,39.6131
2022-06-16T04:00:00Z,38.74,38.99,36.26,36.77,418062,8855,37.2483
2022-06-17T04:00:00Z,37.44,38.25,36.9,37.69,729528,7671,37.6273
2022-06-21T04:00:00Z,38.43,38.64,37.4,38.25,228487,4452,38.3243
2022-06-22T04:00:00Z,38.09,38.39,37.65,38.08,210029,3478,38.0949
2022-06-23T04:00:00Z,38.23,38.53,36.4,37.03,182892,3620,37.1279
2022-06-24T04:00:00Z,37.27,38.34,37.27,38.03,559645,5589,38.0184
2022-06-27T04:00:00Z,38.27,38.89,37.88,38.51,302834,5268,38.5386
2022-06-28T04:00:00Z,38.55,38.88,37.7,37.77,307525,6045,38.1074
2022-06-29T04:00:00Z,37.77,37.972,36.47,36.92,328225,5225,36.925
2022-06-30T04:00:00Z,36.43,37.39,36.27,37.04,286972,4202,36.9895
2022-07-01T04:00:00Z,36.59,37.45,36.17,36.71,316109,5432,36.7006
2022-07-05T04:00:00Z,36.11,36.4,34.96,36.21,363095,4840,36.033
2022-07-06T04:00:00Z,35.99,36.035,35.5,35.85,335823,5786,35.8171
2022-07-07T04:00:00Z,36.29,36.525,35.8,36.04,231046,4048,36.0699
2022-07-08T04:00:00Z,36.19,36.19,35.42,35.93,202711,3783,35.8621
2022-07-11T04:00:00Z,35.6,35.66,34.77,34.91,132658,2917,35.0078
2022-07-12T04:00:00Z,34.78,35.58,34.67,34.77,161375,2959,34.9618
2022-07-13T04:00:00Z,34.41,34.96,34.11,34.84,184954,2997,34.7646
2022-07-14T04:00:00Z,34.31,34.84,33.91,34.49,140076,2711,34.3861
2022-07-15T04:00:00Z,35.05,35.43,34.51,35.31,225605,3913,35.1653
2022-07-18T04:00:00Z,35.69,36.07,35.08,35.23,143088,2705,35.3912
2022-07-19T04:00:00Z,35.68,37.38,35.68,37.23,223090,4314,37.1434
2022-07-20T04:00:00Z,37.11,38.04,36.91,37.94,259212,3281,37.8334
2022-07-21T04:00:00Z,37.67,38.57,37.25,38.55,200998,3149,38.3657
2022-07-22T04:00:00Z,38.43,39.1,38.03,38.32,193530,4288,38.3883
2022-07-25T04:00:00Z,38.54,38.61,38.22,38.57,147601,2549,38.5121
2022-07-26T04:00:00Z,38.29,38.9,38.27,38.74,176527,3330,38.7207
2022-07-27T04:00:00Z,38.89,39.48,38.43,39.21,133201,2604,39.1337
2022-07-28T04:00:00Z,39.33,40.4,39.27,40.29,113042,2888,40.1656
2022-07-29T04:00:00Z,40.25,41.3,40.25,41.24,192417,2059,41.1336
2022-08-01T04:00:00Z,40.71,41.67,40.71,41.48,151316,3528,41.3985
2022-08-02T04:00:00Z,41.5,41.88,41.07,41.15,81376,2259,41.295
2022-08-03T04:00:00Z,41.34,41.53,40.88,41.28,268943,3135,41.1186
2022-08-04T04:00:00Z,41.43,42.0049,41.0315,41.53,102345,2688,41.5557
2022-08-05T04:00:00Z,41.18,41.46,41.04,41.15,103005,2529,41.1968
2022-08-08T04:00:00Z,41.48,41.86,41.34,41.49,143130,3172,41.5226
2022-08-09T04:00:00Z,41.1,41.27,40.61,40.89,180927,3373,40.8989
2022-08-10T04:00:00Z,41.46,42.05,41.46,41.64,147887,2561,41.6889
2022-08-11T04:00:00Z,42.08,42.5,41.82,42.16,178306,3878,42.1327
2022-08-12T04:00:00Z,42.54,42.93,42.41,42.91,164288,3143,42.775
2022-08-15T04:00:00Z,42.56,43.41,42.56,43.14,115846,2380,43.1383
2022-08-16T04:00:00Z,43.21,43.69,43.21,43.61,130545,2430,43.5452
2022-08-17T04:00:00Z,43.15,43.15,42.37,42.78,122261,2943,42.7433
2022-08-18T04:00:00Z,42.78,43.205,42.78,43.16,190325,3623,43.0809
2022-08-19T04:00:00Z,42.95,42.99,42.28,42.69,122557,2312,42.6969
2022-08-22T04:00:00Z,42.23,42.23,41.26,41.35,83729,1934,41.4889
2022-08-23T04:00:00Z,41.26,41.86,41.26,41.44,142315,1770,41.4858
2022-08-24T04:00:00Z,41.42,41.7,41.13,41.31,78883,1679,41.3376
2022-08-25T04:00:00Z,41.41,42.4,41.41,42.4,185259,3487,42.0748
2022-08-26T04:00:00Z,42.39,42.52,40.23,40.25,163334,3051,40.7582
2022-08-29T04:00:00Z,40.18,41.035,39.59,40.62,140894,3766,40.5887
2022-08-30T04:00:00Z,40.58,40.88,40.295,40.75,146322,3962,40.6707
2022-08-31T04:00:00Z,40.84,40.97,40.31,40.46,325909,3816,40.5379
2022-09-01T04:00:00Z,41.14,41.14,38.87,39.36,165697,4154,39.4027
2022-09-02T04:00:00Z,40,40.67,39.15,39.33,134892,3342,39.5821
2022-09-06T04:00:00Z,39.1,39.1,38.09,38.48,158207,3711,38.4407
2022-09-07T04:00:00Z,38.54,39.53,38.24,39.37,191782,3505,39.041
2022-09-08T04:00:00Z,38.89,38.99,38.55,38.97,124911,2652,38.8765
2022-09-09T04:00:00Z,39.4,39.96,39.23,39.88,101824,2276,39.7849
2022-09-12T04:00:00Z,40.23,40.51,39.95,40.44,95354,2137,40.3801
2022-09-13T04:00:00Z,39.5,39.835,38.59,38.78,143861,3376,38.9118
2022-09-14T04:00:00Z,38.8,38.97,37.9891,38.41,123440,2502,38.3956
2022-09-15T04:00:00Z,38.08,38.83,37.86,37.98,151788,3669,38.1414
2022-09-16T04:00:00Z,37.62,37.62,36.98,37.5,483723,3088,37.4902
2022-09-19T04:00:00Z,37.55,38.94,37.55,38.84,166492,3323,38.6091
2022-09-20T04:00:00Z,38.4,38.51,37.95,38.41,166583,3136,38.3349
2022-09-21T04:00:00Z,38.87,39.26,38.19,38.19,144168,2587,38.6103
2022-09-22T04:00:00Z,37.79,38.09,37.23,37.35,167054,3076,37.4606
2022-09-23T04:00:00Z,36.94,36.94,35.705,36.75,330179,4476,36.4644
2022-09-26T04:00:00Z,36.87,37.7,36.75,37.05,268608,4495,37.214
2022-09-27T04:00:00Z,37.42,37.84,36.85,37.17,183313,3649,37.1996
2022-09-28T04:00:00Z,37.25,38.75,36.89,38.38,209509,4239,38.2304
2022-09-29T04:00:00Z,37.84,37.84,36.88,37.64,154344,3293,37.4784
2022-09-30T04:00:00Z,37.42,38.39,37.14,37.15,281643,3880,37.3516
2022-10-03T04:00:00Z,37.62,38.24,37.18,37.23,148685,3282,37.373
2022-10-04T04:00:00Z,37.82,38.565,37.82,38.09,219415,4120,38.0883
2022-10-05T04:00:00Z,37.7,37.89,37.01,37.44,187022,4194,37.3988
2022-10-06T04:00:00Z,37.46,37.46,37,37.18,147944,2801,37.2009
2022-10-07T04:00:00Z,36.64,36.66,35.627,36.02,179132,3463,35.9925
2022-10-10T04:00:00Z,36.35,36.71,35.98,36.29,133277,3092,36.304
2022-10-11T04:00:00Z,36.2,36.55,35.78,36.01,164422,2685,36.0876
2022-10-12T04:00:00Z,36.11,36.31,35.68,35.84,127351,2364,35.9354
2022-10-13T04:00:00Z,34.98,36.53,34.77,36.36,277120,4654,36.1405
2022-10-14T04:00:00Z,36.79,36.79,35.535,35.78,137870,2630,35.8177
2022-10-17T04:00:00Z,36.57,37.58,36.535,37.44,211246,2851,37.2914
2022-10-18T04:00:00Z,38.27,38.62,37.81,38.23,199214,2957,38.1988
2022-10-19T04:00:00Z,37.74,38.075,36.94,37.43,142538,4409,37.3631
2022-10-20T04:00:00Z,37.34,37.94,37.015,37.12,118420,2013,37.2285
2022-10-21T04:00:00Z,37.45,38.765,37.2,38.56,129553,2183,38.3209
2022-10-24T04:00:00Z,38.83,39.47,38.55,39.23,101695,2040,39.1606
2022-10-25T04:00:00Z,39.18,40.29,38.5275,40.07,117538,2939,39.9731
2022-10-26T04:00:00Z,40.31,40.65,39.53,39.93,93405,2371,40.0528
2022-10-27T04:00:00Z,40.3,40.97,39.89,40.21,124675,3220,40.2958
2022-10-28T04:00:00Z,40.4,41.35,40.12,40.94,163534,2889,41.0321
2022-10-31T04:00:00Z,40.92,41.48,40.45,41.23,201597,2842,41.2266
2022-11-01T04:00:00Z,41.56,42.06,41.28,42.05,117303,2322,41.9368
2022-11-02T04:00:00Z,42.14,42.75,41.33,41.34,170906,3837,41.7629
2022-11-03T04:00:00Z,40.85,41.31,40.2,41.18,92219,2091,41.0838
2022-11-04T04:00:00Z,41.62,42.8,41.62,42.7,98873,3009,42.567
2022-11-07T05:00:00Z,43,43.76,42.39,43.39,99261,3097,43.3674
2022-11-08T05:00:00Z,43.75,44.38,43.525,43.9,93623,2371,44.0212
2022-11-09T05:00:00Z,43.68,44.02,43.14,43.2,61819,1945,43.4151
2022-11-10T05:00:00Z,45,45.49,44.8,45.26,108623,2624,45.2666
2022-11-11T05:00:00Z,45.67,46.27,45.345,45.94,83741,2385,45.9205
2022-11-14T05:00:00Z,45.48,46.14,45.03,45.51,91043,3061,45.6481
2022-11-15T05:00:00Z,46.18,46.71,45.43,45.87,101120,3074,45.997
2022-11-16T05:00:00Z,45.59,45.59,44.66,44.74,131166,3128,44.9331
2022-11-17T05:00:00Z,44.03,44.63,43.74,44.33,203732,4567,44.2125
2022-11-18T05:00:00Z,45.14,45.45,43.95,44.13,307594,3665,44.2503
2022-11-21T05:00:00Z,44.03,44.21,43.6,43.72,169156,4047,43.8085
2022-11-22T05:00:00Z,44.57,45.585,44.06,45.5,245526,5119,44.9352
2022-11-23T05:00:00Z,45.34,45.6506,44.91,45.34,106321,2623,45.3141
2022-11-25T05:00:00Z,45.21,45.95,45.1706,45.62,73103,1837,45.7034
2022-11-28T05:00:00Z,45.26,45.26,44.2,44.4,109771,3100,44.5761
2022-11-29T05:00:00Z,44.12,44.93,43.89,44,260484,4242,44.1822
2022-11-30T05:00:00Z,44.31,45.68,43.42,45.68,327264,6461,44.7534
2022-12-01T05:00:00Z,46.5,49.42,46.195,48.97,147032,4443,48.6984
2022-12-02T05:00:00Z,48.73,50.39,48.51,50.23,132009,3025,50.033
2022-12-05T05:00:00Z,50.12,50.12,48.715,48.84,142569,4011,49.0255
2022-12-06T05:00:00Z,48.88,48.89,47.68,48.17,149489,4020,48.136
2022-12-07T05:00:00Z,48.04,48.24,46.8,46.91,225600,5213,47.2236
2022-12-08T05:00:00Z,47.02,47.105,46.47,46.71,157215,4864,46.8279
2022-12-09T05:00:00Z,46.43,47,46.28,46.85,125248,3803,46.7372
2022-12-12T05:00:00Z,46.57,47.43,46.48,47.2,93846,2053,47.1216
2022-12-13T05:00:00Z,48.43,48.71,47.21,47.25,125858,3259,47.4541
2022-12-14T05:00:00Z,47.5,47.71,46.16,46.38,122524,2556,46.5719
2022-12-15T05:00:00Z,45.96,45.96,44.48,44.62,133229,2908,44.743
2022-12-16T05:00:00Z,43.92,44.5497,43.76,44.11,449223,5235,44.0737
2022-12-19T05:00:00Z,44.16,44.34,43.68,44.03,354871,3831,43.7724
2022-12-20T05:00:00Z,44.27,45.325,43.98,44.41,114569,3452,44.4583
2022-12-21T05:00:00Z,44.65,45.22,44.65,44.93,97581,2857,44.9593
2022-12-22T05:00:00Z,44.48,44.48,43.26,43.99,99286,2137,43.8786
2022-12-23T05:00:00Z,43.95,44.59,43.78,44.27,83019,2542,44.2573
2022-12-27T05:00:00Z,44.51,45.39,43.81,44.87,201174,3349,45.0184
2022-12-28T05:00:00Z,45.13,45.44,43.59,43.62,73723,2245,44.2306
2022-12-29T05:00:00Z,44.2,44.99,44.045,44.82,99198,3210,44.713
2022-12-30T05:00:00Z,44.58,44.78,44.105,44.37,125438,2704,44.3537
2023-01-03T05:00:00Z,44.88,45.255,44.55,44.92,149574,4001,44.9135
2023-01-04T05:00:00Z,45.43,45.55,44.26,44.67,126243,2425,44.7661
2023-01-05T05:00:00Z,44.47,45.165,44.4,45,79511,2084,44.9391
2023-01-06T05:00:00Z,45.59,46.51,45.45,46.26,112990,2770,46.1332
2023-01-09T05:00:00Z,46.52,47.59,46.47,46.73,116357,2705,46.9248
2023-01-10T05:00:00Z,46.56,47.22,46.36,46.99,86568,2160,46.9707
2023-01-11T05:00:00Z,46.94,47.73,46.72,46.77,85776,2681,46.9199
2023-01-12T05:00:00Z,46.79,46.89,46.36,46.74,94186,2419,46.6916
2023-01-13T05:00:00Z,46.16,47.24,46.16,46.97,76790,1966,46.8334
2023-01-17T05:00:00Z,46.89,47.01,46.41,46.63,73687,2390,46.6731
2023-01-18T05:00:00Z,47.03,47.27,46.09,46.28,81543,2159,46.4629
2023-01-19T05:00:00Z,45.94,45.94,44.96,45.51,109093,2379,45.4576
2023-01-20T05:00:00Z,45.86,45.86,44.98,45.82,123031,2639,45.6323
2023-01-23T05:00:00Z,45.79,46.15,45.38,45.87,82515,2468,45.8857
2023-01-24T05:00:00Z,45.55,46.41,45.38,46.33,76903,1739,46.1979
2023-01-25T05:00:00Z,45.93,46.94,45.5901,46.94,95703,2694,46.6094
2023-01-26T05:00:00Z,47.16,47.16,46.075,46.77,100512,2117,46.5789
2023-01-27T05:00:00Z,46.71,47.53,46.54,46.97,102012,2922,47.0782
2023-01-30T05:00:00Z,46.71,47.15,46.62,46.78,74739,1861,46.7979
2023-01-31T05:00:00Z,46.8,48.14,46.8,47.74,244053,2776,47.7313
2023-02-01T05:00:00Z,47.79,49.79,47.79,49.38,222161,4058,48.7136
2023-02-02T05:00:00Z,49.47,50.52,49.47,50.45,128288,3256,50.2933
2023-02-03T05:00:00Z,50.2,51.38,50.2,50.43,185122,2934,50.6205
2023-02-06T05:00:00Z,50.2,50.38,49.46,49.98,94193,1931,49.981
2023-02-07T05:00:00Z,49.59,50.31,49.29,49.92,89359,1988,49.8815
2023-02-08T05:00:00Z,49.52,49.78,48.635,49.26,84093,2572,49.0971
2023-02-09T05:00:00Z,49.52,49.73,48.89,48.93,62534,2004,49.0898
2023-02-10T05:00:00Z,48.67,48.96,48.3722,48.55,80772,2301,48.637
2023-02-13T05:00:00Z,48.38,49.54,48.38,49.39,88480,2224,49.2583
2023-02-14T05:00:00Z,49.21,49.965,48.94,49.42,97349,2154,49.4236
2023-02-15T05:00:00Z,49.16,49.97,49.07,49.76,62905,2001,49.7346
2023-02-16T05:00:00Z,49.05,49.925,49.05,49.71,82627,2343,49.6817
2023-02-17T05:00:00Z,49.78,50.03,49.53,49.67,89068,2129,49.7382
2023-02-21T05:00:00Z,49.21,49.315,48.59,48.78,96549,2483,48.8133
2023-02-22T05:00:00Z,48.78,49.17,48.54,48.81,137052,2945,48.8038
2023-02-23T05:00:00Z,49.03,49.24,48.33,49.02,75024,2164,48.8339
2023-02-24T05:00:00Z,48.3,48.6,47.99,48.6,90448,2610,48.4139
2023-02-27T05:00:00Z,49.02,49.23,48.14,48.23,89173,3078,48.4755
2023-02-28T05:00:00Z,48.31,49.275,48.31,48.73,181735,3588,48.7924
2023-03-01T05:00:00Z,48.66,49.45,48.66,49.41,79899,2575,49.2668
2023-03-02T05:00:00Z,49.04,50.25,48.99,50.24,91576,3173,49.8945
2023-03-03T05:00:00Z,50.5,50.74,49.9645,50.15,110189,3814,50.2581
2023-03-06T05:00:00Z,50.08,50.08,47.31,47.74,239947,7057,48.0889
2023-03-07T05:00:00Z,47.77,48.295,46.94,47.71,171979,4811,47.5455
2023-03-08T05:00:00Z,48.01,48.1,47.04,47.61,151083,4199,47.553
2023-03-09T05:00:00Z,43.03,45.845,42.74,43.69,592637,10528,43.6712
2023-03-10T05:00:00Z,43.29,43.8525,42.205,42.93,389454,8230,43.1688
2023-03-13T04:00:00Z,42.01,42.09,41.035,41.36,227414,4903,41.5131
2023-03-14T04:00:00Z,42.31,42.5,41.57,42.05,295389,6592,42.0353
2023-03-15T04:00:00Z,40.98,41.42,40.51,41.37,238041,5357,41.056
2023-03-16T04:00:00Z,40.78,42.11,40.77,41.83,174568,4449,41.8498
2023-03-17T04:00:00Z,41.64,42.14,40.5,40.92,806315,7179,40.991
2023-03-20T04:00:00Z,41.42,41.91,41.18,41.4,169554,4348,41.4387
2023-03-21T04:00:00Z,42.16,42.8,41.9,42.07,207554,4043,42.2432
2023-03-22T04:00:00Z,42.2,42.54,41.2,41.25,116023,3079,41.7512
2023-03-23T04:00:00Z,41.49,41.96,40.96,41.38,159310,2940,41.4479
2023-03-24T04:00:00Z,41.01,41.5,41.01,41.4,128792,2616,41.36
2023-03-27T04:00:00Z,42.01,42.19,41.65,42.15,313639,3925,41.9445
2023-03-28T04:00:00Z,41.96,42.49,41.75,42.3,171877,2677,42.2202
2023-03-29T04:00:00Z,42.8,43.31,42.358,43.2,406643,3967,43.0276
2023-03-30T04:00:00Z,43.4,43.64,43,43.05,147212,3604,43.1495
2023-03-31T04:00:00Z,43.29,43.93,43.25,43.88,202406,3373,43.677
2023-04-03T04:00:00Z,43.78,43.935,42.97,43.6,324477,3803,43.4849
2023-04-04T04:00:00Z,43.68,43.68,41.47,41.8,262644,4609,41.8498
2023-04-05T04:00:00Z,41.68,41.68,41.19,41.59,229201,3148,41.5268
2023-04-06T04:00:00Z,41.74,41.74,41.29,41.7,168082,2833,41.5991
2023-04-10T04:00:00Z,41.44,42.28,41.35,42.15,156739,3172,42.0737
2023-04-11T04:00:00Z,42.35,42.87,42.05,42.48,128456,3157,42.5199
2023-04-12T04:00:00Z,42.98,42.98,42.42,42.7,98625,2297,42.6792
2023-04-13T04:00:00Z,42.72,43,41.98,42.88,204091,3204,42.7593
2023-04-14T04:00:00Z,42.68,43.25,42.58,42.86,114926,2425,42.8141
2023-04-17T04:00:00Z,42.79,43.3,42.79,43.15,80851,2270,43.138
2023-04-18T04:00:00Z,43.32,43.43,42.71,43.05,185785,2619,43.0054
2023-04-19T04:00:00Z,42.58,42.99,42.58,42.7,188561,2577,42.7471
2023-04-20T04:00:00Z,42.6,42.72,42.335,42.67,99290,2248,42.621
2023-04-21T04:00:00Z,42.66,42.66,41.6,41.78,127113,2764,41.916
2023-04-24T04:00:00Z,41.49,41.98,41.34,41.53,106870,2230,41.5624
2023-04-25T04:00:00Z,41.07,41.26,40.46,40.53,97244,2497,40.6522
2023-04-26T04:00:00Z,40.23,40.62,40.13,40.28,90384,2295,40.2807
2023-04-27T04:00:00Z,40.31,40.76,40.05,40.75,109432,3299,40.4444
2023-04-28T04:00:00Z,40.69,41.245,40.685,40.99,112403,2881,41.0118
2023-05-01T04:00:00Z,40.92,41.76,40.92,41.22,79400,2359,41.2696
2023-05-02T04:00:00Z,40.87,41.12,40.3,41.1,84215,2094,40.9151
2023-05-03T04:00:00Z,41.16,41.78,40.89,40.96,116563,2675,41.1657
2023-05-04T04:00:00Z,40.45,40.45,39.57,39.76,133347,2747,39.7771
2023-05-05T04:00:00Z,40.47,41.12,40.41,40.96,101148,2252,40.9181
2023-05-08T04:00:00Z,41.06,41.115,40.56,40.79,61186,1690,40.8256
2023-05-09T04:00:00Z,40.58,41.1,40.52,40.71,83186,1594,40.7798
2023-05-10T04:00:00Z,41.37,41.37,40.25,40.93,123584,2698,40.8252
2023-05-11T04:00:00Z,40.42,40.83,40.04,40.7,85564,1921,40.5188
2023-05-12T04:00:00Z,40.8,41.14,40.58,40.87,63719,1671,40.8532
2023-05-15T04:00:00Z,41.03,41.28,40.81,40.84,91919,2346,40.9415
2023-05-16T04:00:00Z,40.66,40.945,40.459,40.87,75885,1725,40.8309
2023-05-17T04:00:00Z,41.2,41.79,40.91,41.64,155361,2974,41.5515
2023-05-18T04:00:00Z,41.55,42.37,41.55,42.14,76059,2203,42.1166
2023-05-19T04:00:00Z,42.59,42.59,41.41,41.92,78360,2340,42.0314
2023-05-22T04:00:00Z,42.06,42.6319,41.8685,42.26,100651,2623,42.3258
2023-05-23T04:00:00Z,42.1,43.13,42.1,42.47,108158,2340,42.5928
2023-05-24T04:00:00Z,42.32,42.36,41.825,42.09,114924,2067,42.102
2023-05-25T04:00:00Z,42.24,42.82,42.09,42.7,245748,3357,42.4786
2023-05-26T04:00:00Z,42.71,44.03,42.71,43.85,185914,3021,43.4135
2023-05-30T04:00:00Z,43.91,43.99,43.43,43.45,92150,2753,43.592
2023-05-31T04:00:00Z,43.17,43.505,42.54,43.05,499761,3072,43.036
2023-06-01T04:00:00Z,42.9,43.1,42.09,42.86,107859,3316,42.829
2023-06-02T04:00:00Z,43.56,44.54,43.07,44.44,142332,2989,44.2909
2023-06-05T04:00:00Z,43.81,43.81,42.82,43.04,151124,4459,43.1882
2023-06-06T04:00:00Z,43.02,45.27,42.67,44.79,121836,3753,44.7608
2023-06-07T04:00:00Z,45.23,46.58,45.09,46.29,202839,6107,46.1866
2023-06-08T04:00:00Z,46.31,46.31,45.08,45.51,201996,4625,45.5008
2023-06-09T04:00:00Z,45.47,45.82,44.97,45.1,83664,3509,45.2697
2023-06-12T04:00:00Z,45.2,45.39,44.9,45.07,248539,5237,45.0789
2023-06-13T04:00:00Z,38.68,38.68,36.17,36.9,1832668,27547,36.9913
2023-06-14T04:00:00Z,37,37.865,36.77,37.2,754162,14059,37.2052
2023-06-15T04:00:00Z,37.08,38.2,37.0625,38.2,468044,9555,37.8567
2023-06-16T04:00:00Z,38.84,38.84,37.59,38.16,622152,6240,38.1722
2023-06-20T04:00:00Z,38.05,38.05,37.3833,37.52,236920,6052,37.6336
2023-06-21T04:00:00Z,37.26,37.7,36.87,37.52,267044,6688,37.4287
2023-06-22T04:00:00Z,36.6,36.6,33.62,34.04,608176,10043,34.2735
2023-06-23T04:00:00Z,33.7,34.31,32.25,32.77,799225,13463,32.9077
2023-06-26T04:00:00Z,33.01,33.5,32.37,32.51,356448,6999,32.6709
2023-06-27T04:00:00Z,32.56,33.01,32.25,32.69,457979,6314,32.6287
2023-06-28T04:00:00Z,32.8,33.33,32.54,32.54,292793,6776,32.801
2023-06-29T04:00:00Z,32.66,33.56,32.593,33.28,328925,6343,33.1733
2023-06-30T04:00:00Z,33.66,34.02,33.39,33.52,383704,4997,33.5983
2023-07-03T04:00:00Z,33.35,33.69,33.31,33.48,105565,3154,33.4856
2023-07-05T04:00:00Z,33.27,33.65,32.92,33.33,213625,5950,33.3909
2023-07-06T04:00:00Z,32.84,33.125,32.6,32.85,238745,5211,32.7998
2023-07-07T04:00:00Z,33,33.1675,32.71,32.76,260202,6524,32.9118
2023-07-10T04:00:00Z,32.65,33.24,32.65,32.79,676879,10757,32.852
2023-07-11T04:00:00Z,32.98,33.165,32.4,32.94,538808,8564,32.827
2023-07-12T04:00:00Z,33.59,33.83,33.07,33.72,644491,9146,33.5203
2023-07-13T04:00:00Z,33.82,34.04,33.4,33.8,329413,6467,33.7998
2023-07-14T04:00:00Z,33.58,33.5923,33.02,33.27,167101,5125,33.2849
2023-07-17T04:00:00Z,33.2,33.48,33.06,33.31,368021,4378,33.2864
2023-07-18T04:00:00Z,33.45,33.84,32.85,33.09,152611,3811,33.1398
2023-07-19T04:00:00Z,33.06,33.25,32.72,33.07,211265,4951,32.9958
2023-07-20T04:00:00Z,33.11,33.11,32.18,32.3,177739,4885,32.3962
2023-07-21T04:00:00Z,32.49,32.65,31.99,32.42,462520,6495,32.3408
2023-07-24T04:00:00Z,32.46,33.055,32.36,32.93,202251,5819,32.7803
2023-07-25T04:00:00Z,32.83,33.1,32.7,32.82,134097,3690,32.8656
2023-07-26T04:00:00Z,32.63,33.27,32.63,33.02,136695,3904,33.0309
2023-07-27T04:00:00Z,33.15,33.57,32.54,32.66,131507,3305,32.8828
2023-07-28T04:00:00Z,32.84,33.05,32.69,32.71,92134,3403,32.7972
2023-07-31T04:00:00Z,32.72,33.75,32.71,33.64,400263,5690,33.5583
2023-08-01T04:00:00Z,33.37,33.85,33.31,33.82,158184,4152,33.6858
2023-08-02T04:00:00Z,33.42,33.86,33.2568,33.54,144488,3852,33.6671
2023-08-03T04:00:00Z,33.27,33.38,32.8078,33.15,109265,4107,33.1611
2023-08-04T04:00:00Z,33.13,33.76,33.11,33.28,100559,3172,33.3473
2023-08-07T04:00:00Z,33.49,33.585,33.205,33.5,97752,3100,33.4376
2023-08-08T04:00:00Z,33.11,33.33,32.29,32.66,126476,3246,32.6208
2023-08-09T04:00:00Z,32.72,32.72,32.26,32.6,156142,4058,32.5723
2023-08-10T04:00:00Z,32.72,33.04,32.166,32.27,175983,3114,32.4159
2023-08-11T04:00:00Z,32.15,32.33,31.95,31.98,85747,3017,32.047
2023-08-14T04:00:00Z,31.85,31.92,31.36,31.9,119246,4352,31.7679
2023-08-15T04:00:00Z,31.77,31.77,31.33,31.52,102063,3970,31.5423
2023-08-16T04:00:00Z,31.59,31.8,31.28,31.44,109870,3368,31.4528
2023-08-17T04:00:00Z,31.58,31.83,31.37,31.44,179184,4150,31.5124
2023-08-18T04:00:00Z,31.25,31.64,31.18,31.25,323531,5407,31.2779
2023-08-21T04:00:00Z,31.16,31.25,30.88,30.94,297235,5664,30.9834
2023-08-22T04:00:00Z,31.11,31.49,30.81,31.44,297251,5678,31.2573
2023-08-23T04:00:00Z,31.65,32.2,31.34,32.17,150858,3509,31.9954
2023-08-24T04:00:00Z,32,32.255,31.65,31.88,195560,4167,31.8986
2023-08-25T04:00:00Z,31.96,32.18,31.53,31.87,205906,4792,31.8969
2023-08-28T04:00:00Z,32.03,32.51,32.03,32.14,117824,2885,32.1969
2023-08-29T04:00:00Z,32.04,32.53,32.04,32.52,157892,3580,32.4086
2023-08-30T04:00:00Z,32.35,32.795,32.35,32.58,206824,4071,32.5886
2023-08-31T04:00:00Z,32.56,32.865,32.14,32.25,332838,3758,32.2781
2023-09-01T04:00:00Z,32.4,32.4775,30.965,31.11,372450,7904,31.4599
2023-09-05T04:00:00Z,30.71,30.82,29.85,30.11,323195,6382,30.094
2023-09-06T04:00:00Z,30.34,30.64,29.73,30,312397,6247,29.9859
2023-09-07T04:00:00Z,27.11,27.11,23.05,23.33,831105,14428,23.8411
2023-09-08T04:00:00Z,23.17,24.3185,23.1,23.34,491969,9692,23.4897
2023-09-11T04:00:00Z,23.53,23.96,22.59,22.61,505164,10044,22.8794
2023-09-12T04:00:00Z,22.51,22.83,22.22,22.77,387237,8110,22.7031
2023-09-13T04:00:00Z,22.79,23.05,22.74,22.83,356829,8466,22.8648
2023-09-14T04:00:00Z,23.04,23.4,22.7,22.84,390187,6099,22.9668
2023-09-15T04:00:00Z,22.77,22.8274,21.93,22.5,842215,8130,22.4468
2023-09-18T04:00:00Z,22.59,22.75,22.19,22.28,311191,5508,22.335
2023-09-19T04:00:00Z,22.15,22.515,22.06,22.24,396003,6472,22.2758
2023-09-20T04:00:00Z,22.4,22.82,22.215,22.23,299258,5628,22.4219
2023-09-21T04:00:00Z,22.03,22.03,21.38,21.6,263168,5418,21.7131
2023-09-22T04:00:00Z,21.73,21.77,21.39,21.49,364771,6435,21.5335
2023-09-25T04:00:00Z,21.66,22.28,21.66,22,423963,7072,21.9644
2023-09-26T04:00:00Z,22.8,23.55,22.04,22.21,775851,8543,22.3851
2023-09-27T04:00:00Z,22.38,22.445,22.13,22.22,370302,8184,22.277
2023-09-28T04:00:00Z,22.23,22.64,22.21,22.38,523394,7005,22.4322
2023-09-29T04:00:00Z,22.53,23.06,22.38,22.85,530921,7600,22.8092
2023-10-02T04:00:00Z,22.7,23.54,22.265,23.49,519449,8702,23.2447
2023-10-03T04:00:00Z,23.39,23.485,22.96,22.99,520227,6459,23.147
2023-10-04T04:00:00Z,23.01,23.32,22.84,23.28,233509,4546,23.21
2023-10-05T04:00:00Z,23.18,23.45,22.86,23.25,684222,6869,23.1588
2023-10-06T04:00:00Z,23.16,23.75,22.98,23.47,451992,5159,23.4807
2023-10-09T04:00:00Z,23.29,24.5,23.03,24.27,460964,6562,23.9901
2023-10-10T04:00:00Z,24.43,25.26,24.42,24.95,505641,6916,24.9173
2023-10-11T04:00:00Z,25.06,25.25,24.73,25.1,269449,5736,25.0284
2023-10-12T04:00:00Z,25.06,25.14,24.6,24.78,310980,4979,24.8171
2023-10-13T04:00:00Z,24.94,24.94,24.45,24.87,461214,6398,24.7531
2023-10-16T04:00:00Z,25.11,26.025,25.005,25.51,585623,9472,25.6081
2023-10-17T04:00:00Z,25.28,25.78,25.18,25.19,363658,5680,25.3324
2023-10-18T04:00:00Z,24.92,25.0199,24.48,24.5,244922,4609,24.6145
2023-10-19T04:00:00Z,24.43,24.49,23.61,23.76,476752,5403,23.9742
2023-10-20T04:00:00Z,23.89,23.89,23.54,23.56,329005,4476,23.6331
2023-10-23T04:00:00Z,23.39,23.63,23.245,23.28,616389,6878,23.3622
2023-10-24T04:00:00Z,23.42,23.57,23.21,23.24,307063,3530,23.348
2023-10-25T04:00:00Z,22.96,23.08,22.59,22.78,226491,4889,22.7662
2023-10-26T04:00:00Z,22.82,23.26,22.82,23.07,168073,4262,23.0531
2023-10-27T04:00:00Z,23.09,23.09,22.58,22.71,291946,4930,22.7143
2023-10-30T04:00:00Z,23.01,23.01,22.475,22.75,233028,4909,22.7003
2023-10-31T04:00:00Z,22.76,22.9799,22.74,22.87,284905,3621,22.8438
2023-11-01T04:00:00Z,22.94,23.3,22.66,23.19,247267,4918,23.0969
2023-11-02T04:00:00Z,23.51,23.73,23.18,23.5,171703,3606,23.4442
2023-11-03T04:00:00Z,24.08,24.39,23.985,24.1,323841,4819,24.1506
2023-11-06T05:00:00Z,24.02,24.23,23.85,24.09,192364,3387,24.0599
2023-11-07T05:00:00Z,23.98,24.08,23.6108,23.83,216055,3080,23.8037
2023-11-08T05:00:00Z,23.92,24.125,23.45,23.47,218467,3249,23.5939
2023-11-09T05:00:00Z,23.7,23.7,22.44,22.58,249072,4448,22.7827
2023-11-10T05:00:00Z,22.84,23.22,22.58,23.08,192267,2862,23.0154
2023-11-13T05:00:00Z,22.92,23.13,22.71,22.74,156913,3137,22.8699
2023-11-14T05:00:00Z,23.48,24.2,23.48,24.11,243855,3928,24.053
2023-11-15T05:00:00Z,24.16,24.72,23.96,24.04,256398,4801,24.1146
2023-11-16T05:00:00Z,24,24.0647,23.57,23.83,129533,3141,23.8052
2023-11-17T05:00:00Z,24.08,24.23,23.79,23.89,156323,2977,23.9486
2023-11-20T05:00:00Z,23.87,24.15,23.64,24.07,144139,3552,24.0149
2023-11-21T05:00:00Z,23.96,23.96,23.45,23.46,97537,2933,23.5559
2023-11-22T05:00:00Z,23.63,23.84,23.49,23.62,138464,3063,23.6186
2023-11-24T05:00:00Z,23.59,24,23.54,23.89,49225,1353,23.8813
2023-11-27T05:00:00Z,23.77,24.07,23.475,23.87,158111,3139,23.8731
2023-11-28T05:00:00Z,23.72,24.15,23.62,23.73,142232,3257,23.8421
2023-11-29T05:00:00Z,23.98,24.37,23.7,23.82,180720,4460,23.8555
2023-11-30T05:00:00Z,23.94,24,23.51,23.73,254602,3956,23.7137
2023-12-01T05:00:00Z,23.62,24.45,23.38,24.38,297942,5806,24.0797
2023-12-04T05:00:00Z,24.26,25.34,24.26,25.25,286336,6412,25.1255
2023-12-05T05:00:00Z,25.05,25.2,24.305,24.37,416786,8225,24.6886
2023-12-06T05:00:00Z,24.66,25.147,24.36,24.39,309692,6994,24.5771
2023-12-07T05:00:00Z,21.89,22.345,20.46,22.13,981295,16149,21.7304
2023-12-08T05:00:00Z,21.57,22.04,21.3,21.52,805828,11211,21.4751
2023-12-11T05:00:00Z,21.6,22.11,21.015,21.23,603125,9570,21.3456
2023-12-12T05:00:00Z,21.11,21.61,21.02,21.31,395721,7111,21.3531
2023-12-13T05:00:00Z,21.17,21.86,21.015,21.86,637687,8621,21.5956
2023-12-14T05:00:00Z,22.32,22.97,22.06,22.6,431420,6778,22.6092
2023-12-15T05:00:00Z,22.7,22.705,22.05,22.28,1258787,7161,22.32
2023-12-18T05:00:00Z,22.4,22.4,21.81,22.04,289386,5672,22.0703
2023-12-19T05:00:00Z,22.15,22.54,22.09,22.4,274609,5204,22.3756
2023-12-20T05:00:00Z,22.22,22.72,21.925,21.96,264023,5523,22.257
2023-12-21T05:00:00Z,22.1,22.45,21.95,22.35,347174,4711,22.2009
2023-12-22T05:00:00Z,22.55,22.84,22.49,22.52,265957,4742,22.6291
2023-12-26T05:00:00Z,22.68,23.22,22.61,23.13,264513,4368,23.0155
2023-12-27T05:00:00Z,23.21,23.41,22.98,23.1,237215,5267,23.1452
2023-12-28T05:00:00Z,22.97,23.09,22.89,22.99,305669,5041,23.011
2023-12-29T05:00:00Z,22.9,23.065,22.73,22.73,264903,4027,22.785
2024-01-02T05:00:00Z,22.5,22.74,22.18,22.3,291743,6485,22.4111
2024-01-03T05:00:00Z,22.03,22.03,20.77,21.04,323718,5777,21.1196
2024-01-04T05:00:00Z,21.1,21.17,20.67,20.85,298217,5530,20.8965
2024-01-05T05:00:00Z,20.66,21.22,20.605,20.98,255945,5013,20.9982
2024-01-08T05:00:00Z,20.96,21.59,20.94,21.36,270815,3608,21.3613
2024-01-09T05:00:00Z,21.04,21.13,20.83,21.01,220154,4056,21.013
2024-01-10T05:00:00Z,21.03,21.21,20.72,20.76,298068,5861,20.7769
2024-01-11T05:00:00Z,20.62,20.62,20.31,20.5,276964,5063,20.4914
2024-01-12T05:00:00Z,20.83,20.94,20.35,20.49,188585,3582,20.4992
2024-01-16T05:00:00Z,20.28,20.465,20.11,20.36,431000,4778,20.339
2024-01-17T05:00:00Z,20.15,20.32,20.09,20.3,355396,5305,20.208
2024-01-18T05:00:00Z,20.5,20.71,20.21,20.69,255484,4375,20.63
2024-01-19T05:00:00Z,20.81,20.87,20.49,20.86,167347,3639,20.7527
2024-01-22T05:00:00Z,21.11,21.485,21.11,21.38,312283,3874,21.3587
2024-01-23T05:00:00Z,21.67,21.86,21.47,21.58,237588,3891,21.6203
2024-01-24T05:00:00Z,21.94,21.94,20.97,21.04,177018,4528,21.2142
2024-01-25T05:00:00Z,21.37,21.47,21.06,21.2,134256,3166,21.2057
2024-01-26T05:00:00Z,21.3,21.43,21.16,21.28,189511,3441,21.288
2024-01-29T05:00:00Z,21.23,21.65,20.94,21.57,154718,3180,21.4709
2024-01-30T05:00:00Z,21.54,21.75,21.49,21.56,253563,3431,21.5916
2024-01-31T05:00:00Z,21.57,21.74,20.75,20.76,473035,6204,21.1178
2024-02-01T05:00:00Z,20.86,21.46,20.845,21.46,276283,4799,21.2398
2024-02-02T05:00:00Z,21.13,21.34,21.02,21.03,186086,3189,21.1304
2024-02-05T05:00:00Z,20.71,20.94,20.33,20.78,219275,3768,20.7533
2024-02-06T05:00:00Z,20.68,21.29,20.68,21.04,173855,3706,21.0516
2024-02-07T05:00:00Z,21.06,21.06,20.59,20.68,216577,3283,20.7194
2024-02-08T05:00:00Z,20.7,21.11,20.62,20.94,144948,2969,20.9255
2024-02-09T05:00:00Z,20.95,21.28,20.89,21.04,435846,5179,21.0491
2024-02-12T05:00:00Z,21.05,21.87,21.05,21.82,342655,4997,21.6764
2024-02-13T05:00:00Z,21.06,21.28,19.91,20.43,393008,6090,20.4167
2024-02-14T05:00:00Z,20.82,21.24,20.68,21.2,217365,3968,21.1
2024-02-15T05:00:00Z,21.37,21.99,21.24,21.98,275058,4683,21.8157
2024-02-16T05:00:00Z,21.82,22.06,21.77,21.93,234502,3726,21.921
2024-02-20T05:00:00Z,21.63,22.2,21.63,22.19,202012,3607,22.0195
2024-02-21T05:00:00Z,22.08,22.2,21.88,21.96,184274,3069,21.9839
2024-02-22T05:00:00Z,21.99,22,21.17,21.22,547144,3385,21.3915
2024-02-23T05:00:00Z,21.18,21.37,20.91,21.21,156225,3277,21.1852
2024-02-26T05:00:00Z,21.14,21.47,21.11,21.2,196014,4200,21.2563
2024-02-27T05:00:00Z,21.34,21.51,21.21,21.42,142825,3266,21.4117
2024-02-28T05:00:00Z,21.22,21.51,21.19,21.19,123431,2744,21.2643
2024-02-29T05:00:00Z,21.54,21.86,21.21,21.3,293475,3897,21.3262
2024-03-01T05:00:00Z,21.35,21.77,21.02,21.6,183692,4067,21.561
2024-03-04T05:00:00Z,21.58,21.65,20.79,20.81,217090,3761,21.0158
2024-03-05T05:00:00Z,20.6,20.8525,20.43,20.51,154687,4248,20.5761
2024-03-06T05:00:00Z,20.79,21.05,20.67,21.04,269662,5238,20.952
2024-03-07T05:00:00Z,17.45,17.45,13.09,14.49,2492988,28368,14.3784
2024-03-08T05:00:00Z,14.51,14.69,13.95,14.12,993210,13077,14.1827
2024-03-11T04:00:00Z,14.07,14.67,13.56,13.69,697171,9839,13.806
2024-03-12T04:00:00Z,13.59,13.67,13.12,13.26,718709,9779,13.2792
2024-03-13T04:00:00Z,13.22,13.48,12.87,13.16,560642,8052,13.078
2024-03-14T04:00:00Z,13.02,13.26,12.45,12.52,738263,10385,12.641
2024-03-15T04:00:00Z,12.44,12.65,12.23,12.52,1256540,8360,12.457
2024-03-18T04:00:00Z,12.51,12.73,11.26,11.63,2588266,19160,11.8393
2024-03-19T04:00:00Z,11.56,12.49,11.3983,12,2850395,17738,12.0898
2024-03-20T04:00:00Z,12.21,12.28,11.66,12.23,2075137,12390,11.9414
2024-03-21T04:00:00Z,12.31,12.65,11.93,12.07,1124522,10442,12.1997
2024-03-22T04:00:00Z,12.06,12.3,11.88,12.04,633630,7315,12.0847
2024-03-25T04:00:00Z,12.09,12.12,11.32,11.45,836121,9248,11.5523
2024-03-26T04:00:00Z,11.54,11.64,11.21,11.21,775553,9001,11.34
2024-03-27T04:00:00Z,11.31,11.81,11.31,11.78,600081,7233,11.6964
2024-03-28T04:00:00Z,11.78,12.19,11.77,12.18,574430,6437,12.0781
2024-04-01T04:00:00Z,12.15,12.32,12.04,12.11,754162,6695,12.142
2024-04-02T04:00:00Z,11.91,12.1008,11.5,11.66,676767,6817,11.7655
2024-04-03T04:00:00Z,11.56,11.87,11.56,11.84,388758,6284,11.7844
2024-04-04T04:00:00Z,11.96,12.18,11.78,11.83,697947,5398,11.9299
2024-04-05T04:00:00Z,11.81,12.16,11.81,12.04,588620,6474,12.0205
2024-04-08T04:00:00Z,12.13,12.75,12.0644,12.58,517814,7558,12.5439
2024-04-09T04:00:00Z,12.38,12.71,12.17,12.61,578429,8169,12.5141
2024-04-10T04:00:00Z,12.22,12.43,11.9,12.23,838916,7802,12.2293
2024-04-11T04:00:00Z,12.28,12.73,12.2,12.57,443330,5580,12.5542
2024-04-12T04:00:00Z,12.46,12.64,12.29,12.52,517063,6467,12.5214
2024-04-15T04:00:00Z,12.48,12.7,12.34,12.57,488668,8425,12.5254
2024-04-16T04:00:00Z,12.45,12.57,12.2,12.24,396354,5211,12.3044
2024-04-17T04:00:00Z,12.33,12.6,12.21,12.22,510611,6279,12.3244
2024-04-18T04:00:00Z,12.26,12.46,12.23,12.3,303963,5342,12.3279
2024-04-19T04:00:00Z,12.21,12.47,11.57,11.63,578613,7386,11.8384
2024-04-22T04:00:00Z,11.66,11.77,11.09,11.31,460626,7010,11.2821
2024-04-23T04:00:00Z,11.25,12.09,11.25,12.06,577547,8761,11.9013
2024-04-24T04:00:00Z,12.11,12.395,11.92,12.29,487609,7676,12.2077
2024-04-25T04:00:00Z,12.15,12.24,11.835,12.13,429191,6063,12.0861
2024-04-26T04:00:00Z,12.15,12.34,12.08,12.22,310120,6410,12.1995
2024-04-29T04:00:00Z,12.34,12.62,12.26,12.6,353470,4679,12.5307
2024-04-30T04:00:00Z,12.52,12.66,12.18,12.19,278685,4396,12.2757
2024-05-01T04:00:00Z,12.2,12.33,11.835,11.86,275689,5170,11.9805
2024-05-02T04:00:00Z,12.04,12.34,11.94,12.27,238990,5313,12.1929
2024-05-03T04:00:00Z,12.48,12.66,12.17,12.34,253334,3947,12.3116
2024-05-06T04:00:00Z,12.5,12.58,12.28,12.56,307172,4697,12.4837
2024-05-07T04:00:00Z,12.11,12.22,11.18,11.36,691839,9335,11.4878
2024-05-08T04:00:00Z,11.26,11.75,11.18,11.42,587087,7489,11.4657
2024-05-09T04:00:00Z,11.43,11.62,11.28,11.52,416224,5934,11.459
2024-05-10T04:00:00Z,11.61,11.62,10.83,10.87,354436,5208,11.0071
2024-05-13T04:00:00Z,11.03,11.273,11,11.07,330497,4254,11.0834
2024-05-14T04:00:00Z,11.28,12.06,11.1,12.04,512526,8267,11.7861
2024-05-15T04:00:00Z,12.24,12.44,11.83,12.33,405449,7670,12.2889
2024-05-16T04:00:00Z,12.34,12.45,12.18,12.27,316524,5258,12.3023
2024-05-17T04:00:00Z,12.31,12.53,12.23,12.35,204217,3436,12.3727
2024-05-20T04:00:00Z,12.34,12.45,12.25,12.27,257967,4582,12.3093
2024-05-21T04:00:00Z,12.2,12.2844,11.87,12,279947,4665,12.0106
2024-05-22T04:00:00Z,12.08,12.24,11.94,12.1,239939,4936,12.1191
2024-05-23T04:00:00Z,12.17,12.17,11.55,11.72,315045,5527,11.7177
2024-05-24T04:00:00Z,11.93,11.93,11.69,11.75,475903,4805,11.781
2024-05-28T04:00:00Z,11.93,12.37,11.8814,12.2,503195,5325,12.193
2024-05-29T04:00:00Z,12,12.01,11.69,11.73,206713,4513,11.7895
2024-05-30T04:00:00Z,11.79,11.99,11.79,11.84,199409,4121,11.8777
2024-05-31T04:00:00Z,11.85,12.18,11.72,11.78,558196,5952,11.8782
2024-06-03T04:00:00Z,11.91,11.925,10.95,11,434469,5596,11.1349
2024-06-04T04:00:00Z,10.94,11.028,10.54,10.66,369170,6393,10.6992
2024-06-05T04:00:00Z,10.69,11.12,10.52,11.1,284684,6016,10.9802
2024-06-06T04:00:00Z,11.08,11.1,10.74,10.82,266535,4905,10.8302
2024-06-07T04:00:00Z,10.68,11.33,10.57,11.32,419581,7329,11.1307
2024-06-10T04:00:00Z,10.83,10.925,8.54,10.39,2660008,28671,9.92441
2024-06-11T04:00:00Z,10.29,10.43,10.015,10.41,793194,11648,10.2958
2024-06-12T04:00:00Z,10.68,10.8899,10.51,10.6,660122,10773,10.6689
2024-06-13T04:00:00Z,10.66,10.66,9.78,9.88,658043,9204,9.98007
2024-06-14T04:00:00Z,9.91,9.91,9.38,9.5,607646,10703,9.52266
2024-06-17T04:00:00Z,9.39,9.79,9.26,9.77,676931,9346,9.57115
2024-06-18T04:00:00Z,9.77,10.07,9.6,9.97,933721,10156,9.86565
2024-06-20T04:00:00Z,9.69,10.12,9.68,10.03,909405,12744,9.97065
2024-06-21T04:00:00Z,10.05,10.79,10.05,10.22,7801374,16100,10.2399
2024-06-24T04:00:00Z,10.42,10.44,10.045,10.08,1167335,8685,10.1629
2024-06-25T04:00:00Z,10.01,10.0113,9.5,9.52,1125325,8054,9.59048
2024-06-26T04:00:00Z,9.45,9.77,9.2425,9.75,855069,8553,9.64153
2024-06-27T04:00:00Z,9.92,10.005,9.7,9.79,436347,5504,9.83436
2024-06-28T04:00:00Z,9.86,10.4,9.86,10.35,977000,8405,10.3041
2024-07-01T04:00:00Z,10.41,10.51,10.03,10.03,424466,6974,10.1924
2024-07-02T04:00:00Z,9.99,10.17,9.76,10,318260,4369,9.95959
2024-07-03T04:00:00Z,10.05,10.09,9.95,9.96,209212,2506,9.98687
2024-07-05T04:00:00Z,9.78,9.85,9.5,9.57,504135,5820,9.59711
2024-07-08T04:00:00Z,9.76,9.865,9.62,9.83,559523,7154,9.78328
2024-07-09T04:00:00Z,9.85,9.85,9.05,9.14,654520,7608,9.27795
2024-07-10T04:00:00Z,9.22,9.45,8.97,9.44,846617,7146,9.27887
2024-07-11T04:00:00Z,11,13.95,10.93,13.76,3883804,39719,13.2952
2024-07-12T04:00:00Z,13.8,14.57,13.5,13.8,1800330,17207,14.011
2024-07-15T04:00:00Z,13.58,14.15,13.58,13.65,1257457,10537,13.7641
2024-07-16T04:00:00Z,13.9,14.15,13.585,13.89,1209648,11349,13.8862
2024-07-17T04:00:00Z,13.66,14.33,13.52,13.93,918980,9693,13.905
2024-07-18T04:00:00Z,13.8,13.9887,13.5,13.64,703788,8897,13.6575
2024-07-19T04:00:00Z,13.72,13.72,13.3,13.43,453957,5281,13.4608
2024-07-22T04:00:00Z,13.475,13.57,12.9,13.45,487062,7345,13.3545
2024-07-23T04:00:00Z,13.29,13.6,13.25,13.55,347468,5947,13.5004
2024-07-24T04:00:00Z,13.44,13.775,12.92,12.98,355195,6995,13.157
2024-07-25T04:00:00Z,13.03,13.27,12.92,12.98,360884,6939,13.0546
2024-07-26T04:00:00Z,13.23,13.23,12.74,12.87,292071,5153,12.8759
2024-07-29T04:00:00Z,12.91,12.91,12.21,12.34,372699,6254,12.4063
2024-07-30T04:00:00Z,12.43,12.84,12.42,12.74,577664,6544,12.6946
2024-07-31T04:00:00Z,12.73,13.09,12.64,12.66,576834,6051,12.7425
2024-08-01T04:00:00Z,12.67,12.8399,11.78,11.89,627469,5659,11.9695
2024-08-02T04:00:00Z,11.37,11.39,11.07,11.36,502564,4832,11.2804
2024-08-05T04:00:00Z,10.54,10.725,10.23,10.66,380498,6620,10.5813
2024-08-06T04:00:00Z,10.63,10.79,10.31,10.62,354161,5514,10.5671
2024-08-07T04:00:00Z,10.9,10.9321,10.18,10.21,286798,4296,10.3639
2024-08-08T04:00:00Z,10.26,10.37,10.14,10.31,266693,4295,10.2765
2024-08-09T04:00:00Z,10.25,10.5,9.97,10.12,262476,4690,10.0948
2024-08-12T04:00:00Z,10.25,10.25,9.74,9.96,335537,5800,9.91816
2024-08-13T04:00:00Z,9.92,10.455,9.87,10.41,310586,4152,10.2862
2024-08-14T04:00:00Z,10.49,10.525,10.17,10.37,277622,5961,10.3382
2024-08-15T04:00:00Z,10.66,10.815,10.44,10.76,269201,4591,10.7175
2024-08-16T04:00:00Z,10.61,10.87,10.53,10.73,270915,4386,10.6873
2024-08-19T04:00:00Z,10.72,10.88,10.665,10.86,191048,3242,10.8175
2024-08-20T04:00:00Z,10.8,10.98,10.3,10.3,214792,4624,10.4185
2024-08-21T04:00:00Z,10.41,10.8806,10.35,10.84,264505,5239,10.7339
2024-08-22T04:00:00Z,10.87,10.87,9.84,9.88,374533,6236,10.0122
2024-08-23T04:00:00Z,10.02,10.64,9.995,10.63,365258,4964,10.5337
2024-08-26T04:00:00Z,10.82,10.82,10.5,10.6,369454,3947,10.6082
2024-08-27T04:00:00Z,10.46,10.48,10.14,10.24,195930,4414,10.2368
2024-08-28T04:00:00Z,10.14,10.16,9.81,9.97,286956,5580,9.96044
2024-08-29T04:00:00Z,9.98,10.5837,9.9,10.43,277685,6438,10.3746
2024-08-30T04:00:00Z,10.46,10.55,10.24,10.42,292373,5560,10.3876
2024-09-03T04:00:00Z,10.26,10.4,9.88,9.94,376676,7209,9.98132
2024-09-04T04:00:00Z,9.8,10.125,9.76,10.06,425920,6788,9.97853
2024-09-05T04:00:00Z,10.26,10.93,9.79,10.34,525395,8610,10.2231
2024-09-06T04:00:00Z,10.33,10.33,9.66,9.74,364574,6962,9.80814
2024-09-09T04:00:00Z,9.74,9.74,9.3,9.66,469361,7910,9.60894
2024-09-10T04:00:00Z,9.52,9.82,9.35,9.76,431318,6957,9.61774
2024-09-11T04:00:00Z,9.74,9.98,9.63,9.91,343818,6363,9.83452
2024-09-12T04:00:00Z,9.8,10.12,9.7517,10.02,359140,6442,9.94849
2024-09-13T04:00:00Z,10.25,10.6,10.19,10.57,395462,5362,10.4545
2024-09-16T04:00:00Z,10.65,10.65,10.4375,10.54,368081,6123,10.5231
2024-09-17T04:00:00Z,10.73,10.95,10.48,10.71,411122,6357,10.7201
2024-09-18T04:00:00Z,10.7,11.28,10.58,10.96,436413,5711,10.9329
2024-09-19T04:00:00Z,11.4,11.455,11.1,11.42,477807,6027,11.3823
2024-09-20T04:00:00Z,11.59,12.01,11.55,11.67,1221803,7540,11.7048
2024-09-23T04:00:00Z,11.72,11.88,11.275,11.36,497415,7706,11.3821
2024-09-24T04:00:00Z,11.44,11.54,11.32,11.45,369432,4310,11.4384
2024-09-25T04:00:00Z,11.43,11.43,11.15,11.15,604894,5628,11.2263
2024-09-26T04:00:00Z,11.65,12.28,11.575,12.25,402096,6678,12.0438
2024-09-27T04:00:00Z,12.44,12.47,11.94,11.97,330707,6745,12.1017
2024-09-30T04:00:00Z,11.61,12.05,11.41,11.96,561867,7559,11.7913
2024-10-01T04:00:00Z,11.92,11.92,11.36,11.41,270566,4577,11.472
2024-10-02T04:00:00Z,11.38,11.56,11.25,11.4,245312,4582,11.4372
2024-10-03T04:00:00Z,11.2,11.34,10.81,10.88,357623,5769,10.9624
2024-10-04T04:00:00Z,11.22,11.22,10.98,11.08,231048,4457,11.0788
2024-10-07T04:00:00Z,11.04,11.04,10.41,10.49,407353,7291,10.5869
2024-10-08T04:00:00Z,10.39,10.555,10.15,10.54,827904,8342,10.4711
2024-10-09T04:00:00Z,10.54,10.66,10.43,10.47,401626,7141,10.5202
2024-10-10T04:00:00Z,10.29,10.54,10.15,10.4,375258,6266,10.3757
2024-10-11T04:00:00Z,10.49,11.105,10.41,10.97,591898,7586,10.8682
2024-10-14T04:00:00Z,10.91,11.14,10.71,11.12,340828,5838,10.9731
2024-10-15T04:00:00Z,11.13,11.3399,10.98,10.99,341984,4910,11.0789
2024-10-16T04:00:00Z,11.11,11.24,10.965,11.24,368791,4517,11.1752
2024-10-17T04:00:00Z,11.24,11.25,10.7818,11.15,317003,5790,11.0619
2024-10-18T04:00:00Z,10.94,11.17,10.87,10.98,252005,4288,11.0198
2024-10-21T04:00:00Z,10.91,10.91,10.295,10.45,571468,4794,10.4477
2024-10-22T04:00:00Z,10.45,10.62,10.26,10.34,301887,6326,10.4045
2024-10-23T04:00:00Z,10.17,10.3,10.02,10.07,206055,3813,10.0966
2024-10-24T04:00:00Z,10.22,10.22,9.19,9.2,556449,7661,9.55539
2024-10-25T04:00:00Z,9.24,9.58,9.17,9.19,271161,5821,9.27334
2024-10-28T04:00:00Z,9.31,9.63,9.255,9.53,325818,5270,9.51886
2024-10-29T04:00:00Z,9.45,9.555,9.28,9.43,236345,4556,9.40982
2024-10-30T04:00:00Z,9.34,9.575,9.205,9.23,328427,4040,9.32701
2024-10-31T04:00:00Z,9.23,9.265,8.7,8.72,791074,7922,8.80677
2024-11-01T04:00:00Z,8.8,9.345,8.8,9.03,472131,6724,9.00508
2024-11-04T05:00:00Z,9.05,9.3,8.92,9.16,309881,6028,9.18211
2024-11-05T05:00:00Z,9.16,9.28,9.085,9.26,254324,4222,9.22612
2024-11-06T05:00:00Z,10.13,10.3,9.75,10.22,429821,7940,10.1612
2024-11-07T05:00:00Z,10.26,10.3,9.86,10.27,338763,6287,10.1731
2024-11-08T05:00:00Z,10.23,10.34,9.95,10.01,292244,5283,10.0675
2024-11-11T05:00:00Z,10.1,10.34,10.1,10.2,243469,5214,10.2184
2024-11-12T05:00:00Z,10.01,10.12,9.71,9.72,267518,6000,9.77912
2024-11-13T05:00:00Z,9.81,9.94,9.59,9.65,314451,5554,9.72831
2024-11-14T05:00:00Z,9.6,9.72,9.47,9.72,315808,6236,9.64368
2024-11-15T05:00:00Z,9.76,9.76,9.17,9.3,257316,5404,9.34626
2024-11-18T05:00:00Z,9.35,9.5098,9.11,9.2,295024,5884,9.23195
2024-11-19T05:00:00Z,9.06,9.29,8.98,9.26,270337,4960,9.18171
2024-11-20T05:00:00Z,9.29,9.29,8.795,9.03,301477,5233,8.95542
2024-11-21T05:00:00Z,9.03,9.76,8.97,9.72,325909,5766,9.52723
2024-11-22T05:00:00Z,9.91,10.48,9.795,10.47,340794,6836,10.3269
2024-11-25T05:00:00Z,10.69,11.17,10.66,10.69,1548429,9654,10.7235
2024-11-26T05:00:00Z,10.56,10.815,10.38,10.73,364212,9548,10.5984
2024-11-27T05:00:00Z,10.93,11.09,10.75,10.92,191511,5407,10.9024
2024-11-29T05:00:00Z,10.99,11.085,10.82,10.92,190303,3392,10.936
2024-12-02T05:00:00Z,10.96,11.46,10.8,11.44,492217,8883,11.161
2024-12-03T05:00:00Z,11.39,11.39,10.745,11.09,496074,7649,11.0256
2024-12-04T05:00:00Z,11.17,11.7,11.06,11.61,431584,6824,11.5147
2024-12-05T05:00:00Z,15.2,17.45,13.62,14.02,1876921,25209,14.8618
2024-12-06T05:00:00Z,14.23,14.79,12.63,12.73,884097,13053,13.1692
2024-12-09T05:00:00Z,12.88,13.58,12.75,13.03,619970,9878,13.1638
2024-12-10T05:00:00Z,12.97,13.43,12.38,13.07,900309,9009,13.0978
2024-12-11T05:00:00Z,13.23,13.23,12.695,12.74,444249,7006,12.7955
2024-12-12T05:00:00Z,12.63,13.2217,12.55,13.12,411760,6798,13.0335
2024-12-13T05:00:00Z,13.12,13.33,12.89,13.07,388999,7574,13.1046
2024-12-16T05:00:00Z,13,13.51,12.83,12.86,299210,5972,13.042
2024-12-17T05:00:00Z,12.76,13.08,12.56,12.65,359047,6753,12.7004
2024-12-18T05:00:00Z,12.8,12.96,11.79,12.09,392753,6251,12.204
2024-12-19T05:00:00Z,12.5,12.66,11.8475,12.25,351639,6526,12.2537
2024-12-20T05:00:00Z,11.97,12.53,11.96,12.15,635444,5071,12.1754
2024-12-23T05:00:00Z,12.08,12.21,11.6,11.94,316987,5917,11.8804
2024-12-24T05:00:00Z,11.94,11.94,11.68,11.91,66410,1428,11.868
2024-12-26T05:00:00Z,11.86,11.9951,11.63,11.98,312075,5581,11.8817
2024-12-27T05:00:00Z,11.83,12.44,11.665,12.23,479279,7428,12.1747
2024-12-30T05:00:00Z,12.07,12.07,11.5,11.83,199058,3489,11.8001
2024-12-31T05:00:00Z,11.88,11.945,11.46,11.79,344751,4856,11.7142
2025-01-02T05:00:00Z,11.95,12.2999,11.625,11.83,279603,4965,11.8515
2025-01-03T05:00:00Z,11.86,12.5,11.475,12.3,322066,5352,12.2202
2025-01-06T05:00:00Z,12.48,12.69,12.23,12.41,414085,7036,12.4544
2025-01-07T05:00:00Z,12.57,12.61,11.3,11.34,998125,7080,11.5515
2025-01-08T05:00:00Z,11.13,11.25,10.85,11.2,549423,8542,11.098
2025-01-10T05:00:00Z,11.02,11.025,10.51,10.97,683689,6286,10.8517
2025-01-13T05:00:00Z,10.69,11.53,10.5101,11.49,402709,6410,11.2538
2025-01-14T05:00:00Z,11.6,11.75,11.17,11.73,308280,7887,11.6043
2025-01-15T05:00:00Z,12.27,12.3098,11.81,12.18,506650,5404,12.0911
2025-01-16T05:00:00Z,12.13,12.3,11.98,12.26,277115,5656,12.1956
2025-01-17T05:00:00Z,12.38,12.38,11.71,11.86,461631,5050,11.9134
2025-01-21T05:00:00Z,11.9,13.14,11.715,13.05,440761,6630,12.8718
2025-01-22T05:00:00Z,13.09,13.31,12.6417,13.02,297859,4975,12.9631
2025-01-23T05:00:00Z,12.94,13.29,12.89,13.01,270495,4931,13.0531
2025-01-24T05:00:00Z,13.02,13.2,12.73,13.17,267208,4866,13.0631
2025-01-27T05:00:00Z,12.97,13.04,12.21,12.29,258311,4798,12.4645
2025-01-28T05:00:00Z,12.24,12.24,11.47,11.73,202008,4844,11.7227
2025-01-29T05:00:00Z,11.68,11.76,11.4,11.64,300000,6748,11.5972
2025-01-30T05:00:00Z,11.93,12.357,11.742,12,188217,4631,12.1204
2025-01-31T05:00:00Z,11.78,11.98,11.14,11.32,362999,6924,11.3969
2025-02-03T05:00:00Z,10.86,11.19,10.52,10.8,310610,5864,10.868
2025-02-04T05:00:00Z,10.66,11.06,10.66,10.92,283299,5620,10.906
2025-02-05T05:00:00Z,11,11.15,10.65,11.04,233867,4489,10.9917
2025-02-06T05:00:00Z,11.15,11.21,10.84,10.98,272464,4500,11.0124
2025-02-07T05:00:00Z,10.99,10.99,10.5,10.5,163092,3609,10.5903
2025-02-10T05:00:00Z,10.54,10.6,10.035,10.11,406616,7038,10.2282
2025-02-11T05:00:00Z,10.18,10.45,10.18,10.27,300322,5034,10.3055
2025-02-12T05:00:00Z,10,10.33,9.69,10.18,299867,4516,10.141
2025-02-13T05:00:00Z,10.43,10.69,10.23,10.56,176244,3537,10.5169
2025-02-14T05:00:00Z,10.66,10.74,10.25,10.37,168905,3728,10.402
2025-02-18T05:00:00Z,10.31,10.83,10.31,10.83,230401,3274,10.6979
2025-02-19T05:00:00Z,10.71,10.84,10.62,10.77,157506,3426,10.7719
2025-02-20T05:00:00Z,10.66,10.763,10.34,10.58,188980,4182,10.5261
2025-02-21T05:00:00Z,10.74,10.84,10.28,10.52,212573,4403,10.5071
2025-02-24T05:00:00Z,10.57,10.83,10.32,10.5,214878,3859,10.5618
2025-02-25T05:00:00Z,11.09,11.74,10.935,11.35,401965,6576,11.3152
2025-02-26T05:00:00Z,11.32,11.378,11.075,11.17,235371,3885,11.2069
2025-02-27T05:00:00Z,11.31,11.31,10.73,10.77,271231,6057,10.8986
2025-02-28T05:00:00Z,10.69,10.99,10.4925,10.9,361388,5733,10.8465
2025-03-03T05:00:00Z,10.97,10.97,9.96,10.01,252721,5542,10.1997
2025-03-04T05:00:00Z,9.72,9.835,9.45,9.59,326243,5923,9.63538
2025-03-05T05:00:00Z,9.43,10,9.43,9.82,477515,7242,9.79509
2025-03-06T05:00:00Z,7.37,8.16,6.8,6.98,1570312,15792,7.12652
2025-03-07T05:00:00Z,6.85,7.01,6.2601,6.55,1466677,14630,6.51297
2025-03-10T04:00:00Z,6.29,6.38,5.84,6.11,1176470,11394,6.07727
2025-03-11T04:00:00Z,6.1,6.535,6.1,6.41,631818,8690,6.38753
2025-03-12T04:00:00Z,6.948,7.13,6.285,6.33,1071130,12109,6.52293
2025-03-13T04:00:00Z,6.34,6.545,5.955,6.14,800448,8659,6.11588
2025-03-14T04:00:00Z,6.27,6.76,6.27,6.47,721460,8315,6.50762
2025-03-17T04:00:00Z,6.56,6.815,6.49,6.56,649164,8069,6.55991
2025-03-18T04:00:00Z,6.5,6.6,6.34,6.4,576755,6716,6.44391
2025-03-19T04:00:00Z,6.6,6.98,6.52,6.81,496772,6203,6.79308
2025-03-20T04:00:00Z,6.63,6.86,6.63,6.77,349297,5511,6.77208
2025-03-21T04:00:00Z,6.6,6.75,6.56,6.68,684752,4770,6.66591
2025-03-24T04:00:00Z,6.86,6.98,6.795,6.87,246819,5342,6.86333
2025-03-25T04:00:00Z,6.85,7.02,6.74,6.85,360794,4589,6.87951
2025-03-26T04:00:00Z,6.86,6.95,6.69,6.88,346381,4635,6.83929
2025-03-27T04:00:00Z,6.83,6.84,6.61,6.75,286692,3989,6.73383
2025-03-28T04:00:00Z,6.7,6.8,6.34,6.51,356778,4824,6.47401
2025-03-31T04:00:00Z,6.4,6.52,6.25,6.38,325161,4686,6.40556
2025-04-01T04:00:00Z,6.36,6.51,6.21,6.39,282339,5388,6.39717
2025-04-02T04:00:00Z,6.22,6.59,6.22,6.56,310631,4191,6.49642
2025-04-03T04:00:00Z,6.04,6.15,5.845,5.86,505031,6361,5.93808
2025-04-04T04:00:00Z,5.55,5.9,5.0835,5.78,749708,9143,5.58049
2025-04-07T04:00:00Z,5.27,6.32,5.27,5.68,490588,6540,5.66313
2025-04-08T04:00:00Z,5.96,5.96,5.2498,5.35,326123,5125,5.50427
2025-04-09T04:00:00Z,5.28,6.27,5.2301,5.96,546255,6081,5.86927
2025-04-10T04:00:00Z,5.75,5.87,5.5,5.73,687848,7187,5.67451
2025-04-11T04:00:00Z,5.68,5.775,5.41,5.72,321110,6587,5.6483
2025-04-14T04:00:00Z,5.94,5.94,5.49,5.7,301755,4149,5.67383
2025-04-15T04:00:00Z,5.61,5.74,5.53,5.69,448482,5617,5.64342
2025-04-16T04:00:00Z,5.65,5.79,5.56,5.64,289877,3837,5.65316
2025-04-17T04:00:00Z,5.49,5.73,5.44,5.69,322580,3660,5.63385
2025-04-21T04:00:00Z,5.58,5.765,5.47,5.71,259909,3887,5.66356
2025-04-22T04:00:00Z,5.82,5.89,5.66,5.84,338267,5046,5.79595
2025-04-23T04:00:00Z,6.11,6.25,5.95,5.97,291989,3764,6.01899
2025-04-24T04:00:00Z,6.02,6.29,5.97,6.27,418725,4290,6.21751
2025-04-25T04:00:00Z,6.19,6.4,6.125,6.4,363945,4394,6.30589
2025-04-28T04:00:00Z,6.39,6.5,6.26,6.41,525337,6134,6.36507
2025-04-29T04:00:00Z,6.38,6.43,6.185,6.39,559814,7468,6.32341
2025-04-30T04:00:00Z,6.2,6.33,6.1023,6.27,269478,4075,6.27301
2025-05-01T04:00:00Z,6.32,6.45,6.275,6.38,275883,3669,6.37342
2025-05-02T04:00:00Z,6.5,6.78,6.475,6.68,255938,4098,6.67053
2025-05-05T04:00:00Z,6.61,6.68,6.46,6.6,168897,3173,6.60844
2025-05-06T04:00:00Z,6.47,6.5224,6.35,6.37,174953,2993,6.40611
2025-05-07T04:00:00Z,6.49,6.695,6.41,6.59,278989,4039,6.58801
2025-05-08T04:00:00Z,6.72,7.16,6.63,7.07,295096,3891,7.00417
2025-05-09T04:00:00Z,7.06,7.15,6.985,7.1,208884,3062,7.08276
2025-05-12T04:00:00Z,7.64,7.93,7.57,7.72,332693,4853,7.73759
2025-05-13T04:00:00Z,7.76,7.96,7.65,7.85,215446,4835,7.8511
2025-05-14T04:00:00Z,7.83,7.83,7.51,7.54,213156,3546,7.59321
2025-05-15T04:00:00Z,7.45,7.6,7.4,7.53,226420,4364,7.5143
2025-05-16T04:00:00Z,7.54,7.65,7.465,7.58,177095,2610,7.57139
2025-05-19T04:00:00Z,7.35,7.45,7.28,7.43,189547,2720,7.39527
2025-05-20T04:00:00Z,7.38,7.615,7.365,7.52,220938,3640,7.53158
2025-05-21T04:00:00Z,7.36,7.51,7.325,7.36,198767,2637,7.38149
2025-05-22T04:00:00Z,7.29,7.445,7.25,7.37,224419,4251,7.37184
2025-05-23T04:00:00Z,7.11,7.49,7.11,7.48,247202,3486,7.3771
2025-05-27T04:00:00Z,7.57,7.91,7.46,7.89,188988,3687,7.80611
2025-05-28T04:00:00Z,7.89,7.91,7.785,7.8,229332,4171,7.84028
2025-05-29T04:00:00Z,7.9,8.05,7.72,8.04,191390,3926,7.9535
2025-05-30T04:00:00Z,7.91,8.04,7.8599,7.95,228301,3735,7.97035
2025-06-02T04:00:00Z,7.88,8.0197,7.79,7.87,210546,4334,7.85956
2025-06-03T04:00:00Z,7.92,8.325,7.9,8.31,274185,4288,8.24072
2025-06-04T04:00:00Z,8.32,8.38,8.02,8.02,249520,4837,8.15222
2025-06-05T04:00:00Z,8.04,8.13,7.91,8,230372,3637,8.01655
2025-06-06T04:00:00Z,8.23,8.37,8.12,8.19,146870,2848,8.20557
2025-06-09T04:00:00Z,8.35,8.65,8.32,8.57,258494,4814,8.5646
2025-06-10T04:00:00Z,8.67,8.83,8.56,8.68,400502,6101,8.72972
2025-06-11T04:00:00Z,8.73,9.1,8.674,9.04,421721,5488,9.0174
2025-06-12T04:00:00Z,8.92,9.19,8.791,9,322723,5550,9.03825
2025-06-13T04:00:00Z,8.78,8.96,8.75,8.81,337518,5356,8.84666
2025-06-16T04:00:00Z,8.96,9.56,8.96,9.39,442157,6755,9.36722
2025-06-17T04:00:00Z,9.21,9.41,9.065,9.09,298605,4734,9.16543
2025-06-18T04:00:00Z,9.1,9.33,9.04,9.1,270997,4626,9.18128
2025-06-20T04:00:00Z,9.15,9.26,8.97,8.98,551085,3589,9.01556
2025-06-23T04:00:00Z,8.87,8.92,8.575,8.89,259380,3454,8.8294
2025-06-24T04:00:00Z,9.06,9.18,9,9.12,185492,3644,9.09833
2025-06-25T04:00:00Z,9.19,9.31,9.015,9.23,189553,3344,9.21883
2025-06-26T04:00:00Z,9.3,9.42,9.23,9.36,153062,3334,9.32781
2025-06-27T04:00:00Z,9.32,9.5,9.27,9.47,488059,4062,9.4451
2025-06-30T04:00:00Z,9.5,9.61,9.35,9.51,184501,2774,9.51062
2025-07-01T04:00:00Z,9.4,9.9993,9.35,9.88,227089,4172,9.83691
2025-07-02T04:00:00Z,9.82,10.145,9.815,9.94,248770,3845,9.96737
2025-07-03T04:00:00Z,10.12,10.24,9.86,10.04,166342,3080,10.0391
2025-07-07T04:00:00Z,9.99,10.24,9.8823,10.07,310287,6763,10.0706
2025-07-08T04:00:00Z,10.15,10.775,10.15,10.39,479150,7048,10.4542
2025-07-09T04:00:00Z,10.39,10.5738,10.015,10.29,690091,7378,10.2269
2025-07-10T04:00:00Z,8.1,8.58,7.67,7.7,1621619,17482,7.93801
2025-07-11T04:00:00Z,7.54,7.565,6.92,6.93,1350410,13748,7.09171
2025-07-14T04:00:00Z,6.93,7.04,6.57,6.72,872718,10782,6.71051
2025-07-15T04:00:00Z,6.73,6.73,6.42,6.48,889708,8082,6.52095
2025-07-16T04:00:00Z,6.54,6.67,6.32,6.63,664304,7597,6.5334
2025-07-17T04:00:00Z,6.66,6.78,6.615,6.75,456558,5993,6.71681
2025-07-18T04:00:00Z,6.75,6.8,6.605,6.62,441729,5841,6.67101
2025-07-21T04:00:00Z,6.63,6.72,6.535,6.7,551888,6345,6.64274
2025-07-22T04:00:00Z,6.71,6.88,6.62,6.65,584428,5713,6.74034
2025-07-23T04:00:00Z,6.78,6.865,6.6,6.84,754971,6188,6.76841
2025-07-24T04:00:00Z,6.78,6.78,6.5,6.51,358349,5620,6.56706
2025-07-25T04:00:00Z,6.58,6.75,6.51,6.61,423368,4919,6.60896
2025-07-28T04:00:00Z,6.63,6.82,6.55,6.74,304522,4949,6.72721
2025-07-29T04:00:00Z,6.78,6.78,6.57,6.6,333122,3637,6.6634
2025-07-30T04:00:00Z,6.64,6.74,6.51,6.58,431193,5290,6.60872
2025-07-31T04:00:00Z,6.51,6.675,6.5,6.56,362032,4720,6.58806
2025-08-01T04:00:00Z,6.37,6.41,6.22,6.33,358431,6084,6.32358
2025-08-04T04:00:00Z,6.38,6.44,6.24,6.24,228916,3989,6.30085
2025-08-05T04:00:00Z,6.31,6.37,6.1016,6.16,311732,3635,6.18518
2025-08-06T04:00:00Z,6.21,6.35,6.16,6.33,350789,4345,6.30391
2025-08-07T04:00:00Z,6.47,6.5,6.285,6.36,273125,4351,6.34274
2025-08-08T04:00:00Z,6.49,6.52,6.2101,6.48,522515,6953,6.44175
2025-08-11T04:00:00Z,6.51,6.58,6.41,6.56,410480,4197,6.5262
2025-08-12T04:00:00Z,6.67,6.99,6.59,6.97,1131635,10052,6.88495
2025-08-13T04:00:00Z,7.05,7.17,6.88,6.95,468275,5546,6.98142
2025-08-14T04:00:00Z,6.84,6.9199,6.62,6.81,444844,4293,6.78524
2025-08-15T04:00:00Z,6.85,6.9301,6.6237,6.69,265911,3909,6.69196
2025-08-18T04:00:00Z,6.7,6.775,6.64,6.73,233113,3736,6.71013
2025-08-19T04:00:00Z,6.75,6.81,6.6605,6.78,340310,4766,6.75037
2025-08-20T04:00:00Z,6.8,6.88,6.65,6.68,347716,5038,6.70831
2025-08-21T04:00:00Z,6.64,6.695,6.52,6.66,332075,4791,6.61711
2025-08-22T04:00:00Z,6.72,7.62,6.68,7.5,605742,7023,7.36599
2025-08-25T04:00:00Z,7.45,7.64,7.42,7.51,388807,5977,7.52323
2025-08-26T04:00:00Z,7.56,7.725,7.56,7.64,457954,6511,7.65798
2025-08-27T04:00:00Z,7.58,7.83,7.58,7.76,342287,5059,7.73583
2025-08-28T04:00:00Z,7.82,7.8791,7.67,7.8,393762,5042,7.80236
2025-08-29T04:00:00Z,7.84,7.9,7.64,7.73,248480,4698,7.73816
2025-09-02T04:00:00Z,7.55,7.79,7.44,7.78,370527,5384,7.67215
2025-09-03T04:00:00Z,7.67,7.8,7.64,7.65,385179,6417,7.68986
2025-09-04T04:00:00Z,7.46,7.46,6.55,7.02,682541,8326,6.86451
2025-09-05T04:00:00Z,7.02,7.26,7,7.11,352545,7060,7.11111
2025-09-08T04:00:00Z,7.16,7.285,7.0466,7.25,310499,6501,7.1844
2025-09-09T04:00:00Z,7.22,7.5,7.18,7.4,608194,7706,7.37044
2025-09-10T04:00:00Z,8.505,8.73,7.88,8.3,1234557,14553,8.29253
2025-09-11T04:00:00Z,8.36,8.56,8.21,8.22,780908,10155,8.32944
2025-09-12T04:00:00Z,8.17,8.315,8.05,8.14,569773,10924,8.18656
2025-09-15T04:00:00Z,8.22,8.225,7.91,8.07,401042,7365,8.08827
2025-09-16T04:00:00Z,8.02,8.11,7.87,8,259792,5107,7.97152
2025-09-17T04:00:00Z,7.99,8.375,7.96,8.09,714511,7552,8.12231
2025-09-18T04:00:00Z,8.21,8.52,8.19,8.33,441223,7053,8.33897
2025-09-19T04:00:00Z,8.33,8.33,7.925,8.03,1125738,5443,8.06046
2025-09-22T04:00:00Z,7.91,8.175,7.83,8.07,341277,6216,8.01581
2025-09-23T04:00:00Z,8.17,8.25,7.86,7.98,331985,5439,7.99066
2025-09-24T04:00:00Z,8.03,8.0317,7.74,7.75,338921,5435,7.81446
2025-09-25T04:00:00Z,7.65,7.71,7.45,7.51,317013,5883,7.54514
2025-09-26T04:00:00Z,7.51,7.62,7.37,7.6,325926,5658,7.5142
2025-09-29T04:00:00Z,7.67,7.67,7.385,7.5,288813,4642,7.48551
2025-09-30T04:00:00Z,7.48,7.565,7.405,7.55,263548,4342,7.49082
2025-10-01T04:00:00Z,7.48,7.68,7.48,7.6,376311,6114,7.60098
2025-10-02T04:00:00Z,7.64,7.79,7.5,7.78,306269,5352,7.65634
2025-10-03T04:00:00Z,7.87,8.24,7.85,8.15,296173,5723,8.12473
2025-10-06T04:00:00Z,8.32,8.37,7.99,8.03,343638,6732,8.14701
2025-10-07T04:00:00Z,8.04,8.1049,7.43,7.44,243010,5853,7.53184
2025-10-08T04:00:00Z,7.46,7.465,7.32,7.45,205628,5453,7.41335
2025-10-09T04:00:00Z,7.5,7.5,7.2058,7.27,286997,6049,7.29671
2025-10-10T04:00:00Z,7.31,7.401,6.8,6.82,309293,5568,6.97175
2025-10-13T04:00:00Z,7,7.17,6.895,7.14,297541,5411,7.08877
2025-10-14T04:00:00Z,6.95,7.42,6.95,7.28,364835,5517,7.29537
2025-10-15T04:00:00Z,7.41,7.46,7.22,7.36,263423,5362,7.34222
2025-10-16T04:00:00Z,7.41,7.535,7.3,7.35,214240,4965,7.39822
2025-10-17T04:00:00Z,7.26,7.3,6.95,7.05,347451,6705,7.06309
2025-10-20T04:00:00Z,7.15,7.24,6.94,7.04,237616,5431,7.03512
2025-10-21T04:00:00Z,7.01,7.12,6.97,7.12,178519,3253,7.08237
2025-10-22T04:00:00Z,7.09,7.2,6.93,7.03,229060,4666,7.02538
2025-10-23T04:00:00Z,7.06,7.42,7.05,7.21,342954,5472,7.20242
2025-10-24T04:00:00Z,7.37,7.37,7.19,7.24,190281,3572,7.23477
2025-10-27T04:00:00Z,7.35,7.4,7.22,7.26,248063,4401,7.29104
2025-10-28T04:00:00Z,7.2,7.28,7.085,7.13,221212,4525,7.15393
2025-10-29T04:00:00Z,7.1,7.18,6.81,6.85,221353,4865,6.95406
2025-10-30T04:00:00Z,6.77,6.84,6.6,6.64,204289,3833,6.68675
2025-10-31T04:00:00Z,6.6,6.745,6.59,6.73,241190,4338,6.68788
2025-11-03T05:00:00Z,6.72,6.9375,6.62,6.77,271327,4786,6.79227
2025-11-04T05:00:00Z,6.59,6.68,6.54,6.61,179099,3854,6.604
2025-11-05T05:00:00Z,6.66,6.83,6.64,6.79,158013,3206,6.75456
2025-11-06T05:00:00Z,6.78,6.86,6.48,6.5,273321,4069,6.5431
2025-11-07T05:00:00Z,6.42,6.64,6.345,6.63,292395,6169,6.53802
2025-11-10T05:00:00Z,6.73,6.8,6.57,6.75,179644,4019,6.71994
2025-11-11T05:00:00Z,6.75,6.75,6.53,6.58,282396,4753,6.61097
2025-11-12T05:00:00Z,6.62,6.92,6.62,6.9,254359,4689,6.84005
2025-11-13T05:00:00Z,6.84,6.9734,6.82,6.95,540339,6578,6.90489
2025-11-14T05:00:00Z,6.84,7.07,6.63,7.01,310720,6196,6.9299
2025-11-17T05:00:00Z,7,7.33,6.9573,7.18,316173,6917,7.20923
2025-11-18T05:00:00Z,7.11,7.11,6.88,6.97,196043,5194,6.95953
2025-11-19T05:00:00Z,6.98,7.1,6.71,6.75,225224,3786,6.80445
2025-11-20T05:00:00Z,6.8,7.07,6.505,6.58,288399,4008,6.61039
2025-11-21T05:00:00Z,6.6,6.985,6.535,6.94,243151,5018,6.85286
2025-11-24T05:00:00Z,6.93,7.09,6.8816,6.99,174407,4759,7.00089
2025-11-25T05:00:00Z,7.01,7.34,7.01,7.32,206922,4124,7.25414
2025-11-26T05:00:00Z,7.32,7.53,7.28,7.43,213591,4503,7.4257
2025-11-28T05:00:00Z,7.48,7.62,7.39,7.58,88322,1887,7.55872
2025-12-01T05:00:00Z,7.5,7.78,7.48,7.74,400144,7284,7.67654
2025-12-02T05:00:00Z,7.82,8.3775,7.765,8.3,422030,7344,8.15719
2025-12-03T05:00:00Z,8.24,8.72,7.9,8.69,468815,7828,8.50997
2025-12-04T05:00:00Z,7.89,8.063,7.11,7.74,563264,9628,7.67659
2025-12-05T05:00:00Z,7.76,7.76,6.93,6.99,591132,9520,7.1657
2025-12-08T05:00:00Z,7.07,7.15,6.92,6.95,311846,4918,7.01139
2025-12-09T05:00:00Z,6.94,7.1,6.81,6.82,334048,5311,6.89077
2025-12-10T05:00:00Z,6.8,7.13,6.785,7.12,399624,6465,7.03413
2025-12-11T05:00:00Z,7.13,7.34,7.0578,7.27,240500,5099,7.23144
2025-12-12T05:00:00Z,7.28,7.3,6.96,6.97,284158,4967,7.07051
2025-12-15T05:00:00Z,7.02,7.03,6.71,6.75,249674,5095,6.78076
2025-12-16T05:00:00Z,6.76,6.8697,6.65,6.72,246588,5820,6.73105
2025-12-17T05:00:00Z,6.72,6.85,6.64,6.66,215158,6114,6.70461
2025-12-18T05:00:00Z,6.79,6.89,6.72,6.74,177364,5214,6.76155
2025-12-19T05:00:00Z,6.71,6.83,6.65,6.81,750784,5049,6.79393
2025-12-22T05:00:00Z,6.84,7.04,6.84,6.94,256977,4609,6.94717
2025-12-23T05:00:00Z,6.91,6.91,6.77,6.79,259671,4205,6.82728
2025-12-24T05:00:00Z,6.79,6.97,6.79,6.91,123199,2249,6.89255
2025-12-26T05:00:00Z,6.89,6.91,6.68,6.76,222574,3615,6.76675
2025-12-29T05:00:00Z,6.69,6.84,6.6,6.78,175269,3945,6.75382
2025-12-30T05:00:00Z,6.77,6.81,6.64,6.68,179174,3772,6.70813
2025-12-31T05:00:00Z,6.7,6.726,6.59,6.64,168199,4034,6.63621
