timestamp,open,high,low,close,volume,tradeCount,vwap
2016-01-04T05:00:00Z,14.32,14.38,14.27,14.38,306723,678,14.3097
2016-01-05T05:00:00Z,14.4,14.49,14.38,14.43,296814,729,14.4451
2016-01-06T05:00:00Z,14.43,14.58,14.43,14.57,269831,722,14.5283
2016-01-07T05:00:00Z,14.54,14.62,14.5,14.51,261416,715,14.5624
2016-01-08T05:00:00Z,14.5,14.575,14.49,14.54,388337,1016,14.5254
2016-01-11T05:00:00Z,14.54,14.586,14.45,14.48,414906,1089,14.5096
2016-01-12T05:00:00Z,14.48,14.55,14.46,14.54,354566,938,14.5058
2016-01-13T05:00:00Z,14.47,14.47,14.33,14.34,462382,1279,14.3974
2016-01-14T05:00:00Z,14.34,14.43,14.33,14.4,273408,731,14.4023
2016-01-15T05:00:00Z,14.4,14.48,14.4,14.43,384575,896,14.4285
2016-01-19T05:00:00Z,14.43,14.5,14.4,14.4,348813,663,14.4547
2016-01-20T05:00:00Z,14.46,14.4698,14.19,14.29,408523,969,14.2969
2016-01-21T05:00:00Z,14.34,14.41,14.26,14.33,285360,887,14.341
2016-01-22T05:00:00Z,14.35,14.45,14.348,14.45,132368,421,14.4206
2016-01-25T05:00:00Z,14.47,14.48,14.4,14.42,196097,642,14.4423
2016-01-26T05:00:00Z,14.44,14.44,14.38,14.44,169932,413,14.4176
2016-01-27T05:00:00Z,14.44,14.47,14.41,14.41,194635,598,14.4431
2016-01-28T05:00:00Z,14.4,14.52,14.4,14.48,476991,1321,14.4771
2016-01-29T05:00:00Z,14.52,14.62,14.4975,14.62,279650,576,14.5789
2016-02-01T05:00:00Z,14.59,14.69,14.54,14.67,235872,761,14.6328
2016-02-02T05:00:00Z,14.65,14.74,14.58,14.63,360849,941,14.659
2016-02-03T05:00:00Z,14.61,14.75,14.61,14.7,279508,694,14.6854
2016-02-04T05:00:00Z,14.73,14.77,14.7,14.76,191979,456,14.7318
2016-02-05T05:00:00Z,14.78,14.78,14.7,14.74,202205,688,14.7561
2016-02-08T05:00:00Z,14.77,14.7702,14.68,14.74,209098,638,14.7109
2016-02-09T05:00:00Z,14.69,14.8,14.634,14.66,384810,1486,14.7039
2016-02-10T05:00:00Z,14.59,14.7,14.59,14.65,140119,416,14.6509
2016-02-11T05:00:00Z,14.7,14.77,14.67,14.77,225401,684,14.7113
2016-02-12T05:00:00Z,14.79,14.83,14.62,14.62,243613,522,14.7046
2016-02-16T05:00:00Z,14.62,14.65,14.48,14.48,276863,714,14.5289
2016-02-17T05:00:00Z,14.4,14.59,14.4,14.57,220711,560,14.5032
2016-02-18T05:00:00Z,14.55,14.58,14.45,14.46,430580,973,14.5057
2016-02-19T05:00:00Z,14.46,14.63,14.46,14.59,216261,825,14.5766
2016-02-22T05:00:00Z,14.63,14.6399,14.53,14.56,168355,515,14.5652
2016-02-23T05:00:00Z,14.56,14.62,14.55,14.56,162999,514,14.5829
2016-02-24T05:00:00Z,14.62,14.67,14.6,14.61,257148,815,14.6455
2016-02-25T05:00:00Z,14.6,14.66,14.6,14.66,166633,496,14.6251
2016-02-26T05:00:00Z,14.64,14.67,14.56,14.63,302548,636,14.61
2016-02-29T05:00:00Z,14.68,14.68,14.61,14.61,162245,465,14.6361
2016-03-01T05:00:00Z,14.59,14.6599,14.57,14.57,250309,685,14.6011
2016-03-02T05:00:00Z,14.58,14.6,14.54,14.54,241077,733,14.5646
2016-03-03T05:00:00Z,14.48,14.54,14.42,14.44,745453,1782,14.4741
2016-03-04T05:00:00Z,14.47,14.525,14.43,14.5,225406,601,14.4804
2016-03-07T05:00:00Z,14.52,14.58,14.4883,14.58,217160,695,14.5278
2016-03-08T05:00:00Z,14.61,14.62,14.58,14.6,182034,560,14.6003
2016-03-09T05:00:00Z,14.56,14.64,14.56,14.59,247919,662,14.6155
2016-03-10T05:00:00Z,14.58,14.64,14.56,14.6,292736,579,14.6078
2016-03-11T05:00:00Z,14.58,14.59,14.53,14.56,260758,763,14.5658
2016-03-14T04:00:00Z,14.58,14.6,14.525,14.56,184585,430,14.5522
2016-03-15T04:00:00Z,14.57,14.57,14.49,14.49,198936,552,14.5265
2016-03-16T04:00:00Z,14.48,14.58,14.48,14.57,176062,915,14.5374
2016-03-17T04:00:00Z,14.62,14.64,14.5901,14.63,147925,370,14.6227
2016-03-18T04:00:00Z,14.63,14.67,14.63,14.67,218202,394,14.6487
2016-03-21T04:00:00Z,14.69,14.7,14.6,14.7,227994,517,14.6648
2016-03-22T04:00:00Z,14.69,14.81,14.68,14.76,208914,536,14.7547
2016-03-23T04:00:00Z,14.79,14.79,14.69,14.69,167217,434,14.7215
2016-03-24T04:00:00Z,14.73,14.74,14.67,14.67,155885,408,14.6942
2016-03-28T04:00:00Z,14.68,14.7,14.65,14.67,124968,370,14.6652
2016-03-29T04:00:00Z,14.7,14.73,14.68,14.72,200584,802,14.7064
2016-03-30T04:00:00Z,14.71,14.71,14.6,14.69,503250,1533,14.6501
2016-03-31T04:00:00Z,14.69,14.75,14.64,14.72,289011,706,14.7087
2016-04-01T04:00:00Z,14.75,14.79,14.7401,14.76,237127,558,14.7653
2016-04-04T04:00:00Z,14.75,14.81,14.75,14.78,254919,732,14.7857
2016-04-05T04:00:00Z,14.81,14.86,14.795,14.84,224379,531,14.8311
2016-04-06T04:00:00Z,14.75,14.85,14.7,14.73,228775,615,14.7737
2016-04-07T04:00:00Z,14.73,14.75,14.68,14.71,355983,1411,14.7076
2016-04-08T04:00:00Z,14.74,14.765,14.67,14.67,202832,445,14.7154
2016-04-11T04:00:00Z,14.67,14.67,14.67,14.67,0,0,0
2016-04-12T04:00:00Z,14.67,14.67,14.67,14.67,0,0,0
2016-04-13T04:00:00Z,14.67,14.67,14.67,14.67,0,0,0
2016-04-14T04:00:00Z,14.67,14.67,14.67,14.67,0,0,0
2016-04-15T04:00:00Z,14.67,14.67,14.67,14.67,0,0,0
2016-04-18T04:00:00Z,14.67,14.67,14.67,14.67,0,0,0
2016-04-19T04:00:00Z,14.67,14.67,14.67,14.67,0,0,0
2016-04-20T04:00:00Z,14.67,14.67,14.67,14.67,0,0,0
2016-04-21T04:00:00Z,14.67,14.67,14.67,14.67,0,0,0
2016-04-22T04:00:00Z,14.67,14.67,14.67,14.67,0,0,0
2016-04-25T04:00:00Z,14.67,14.67,14.67,14.67,0,0,0
2016-04-26T04:00:00Z,14.67,14.67,14.67,14.67,0,0,0
2016-04-27T04:00:00Z,14.67,14.67,14.67,14.67,0,0,0
2016-04-28T04:00:00Z,14.67,14.67,14.67,14.67,0,0,0
2016-04-29T04:00:00Z,14.67,14.67,14.67,14.67,0,0,0
2016-05-02T04:00:00Z,14.67,14.67,14.67,14.67,0,0,0
2016-05-03T04:00:00Z,14.67,14.67,14.67,14.67,0,0,0
2016-05-04T04:00:00Z,14.67,14.67,14.67,14.67,0,0,0
2016-05-05T04:00:00Z,14.67,14.67,14.67,14.67,0,0,0
2016-05-06T04:00:00Z,14.67,14.67,14.67,14.67,0,0,0
2016-05-09T04:00:00Z,14.67,14.67,14.67,14.67,0,0,0
2016-05-10T04:00:00Z,14.67,14.67,14.67,14.67,0,0,0
2016-05-11T04:00:00Z,14.67,14.67,14.67,14.67,0,0,0
2016-05-12T04:00:00Z,14.67,14.67,14.67,14.67,0,0,0
2016-05-13T04:00:00Z,14.67,14.67,14.67,14.67,0,0,0
2016-05-16T04:00:00Z,14.67,14.67,14.67,14.67,0,0,0
2016-05-17T04:00:00Z,14.67,14.67,14.67,14.67,0,0,0
2016-05-18T04:00:00Z,14.67,14.67,14.67,14.67,0,0,0
2016-05-19T04:00:00Z,14.67,14.67,14.67,14.67,0,0,0
2016-05-20T04:00:00Z,14.67,14.67,14.67,14.67,0,0,0
2016-05-23T04:00:00Z,14.67,14.67,14.67,14.67,0,0,0
2016-05-24T04:00:00Z,14.67,14.67,14.67,14.67,0,0,0
2016-05-25T04:00:00Z,14.67,14.67,14.67,14.67,0,0,0
2016-05-26T04:00:00Z,14.67,14.67,14.67,14.67,0,0,0
2016-05-27T04:00:00Z,14.67,14.67,14.67,14.67,0,0,0
2016-05-31T04:00:00Z,14.67,14.67,14.67,14.67,0,0,0
2016-06-01T04:00:00Z,14.67,14.67,14.67,14.67,0,0,0
2016-06-02T04:00:00Z,14.67,14.67,14.67,14.67,0,0,0
2016-06-03T04:00:00Z,14.67,14.67,14.67,14.67,0,0,0
2016-06-06T04:00:00Z,14.67,14.67,14.67,14.67,0,0,0
2016-06-07T04:00:00Z,14.67,14.67,14.67,14.67,0,0,0
2016-06-08T04:00:00Z,14.67,14.67,14.67,14.67,0,0,0
2016-06-09T04:00:00Z,14.67,14.67,14.67,14.67,0,0,0
2016-06-10T04:00:00Z,14.67,14.67,14.67,14.67,0,0,0
2016-06-13T04:00:00Z,14.67,14.67,14.67,14.67,0,0,0
2016-06-14T04:00:00Z,14.67,14.67,14.67,14.67,0,0,0
2016-06-15T04:00:00Z,14.67,14.67,14.67,14.67,0,0,0
2016-06-16T04:00:00Z,14.67,14.67,14.67,14.67,0,0,0
2016-06-17T04:00:00Z,14.67,14.67,14.67,14.67,0,0,0
2016-06-20T04:00:00Z,14.67,14.67,14.67,14.67,0,0,0
2016-06-21T04:00:00Z,14.67,14.67,14.67,14.67,0,0,0
2016-06-22T04:00:00Z,14.67,14.67,14.67,14.67,0,0,0
2016-06-23T04:00:00Z,14.67,14.67,14.67,14.67,0,0,0
2016-06-24T04:00:00Z,14.67,14.67,14.67,14.67,0,0,0
2016-06-27T04:00:00Z,14.67,14.67,14.67,14.67,0,0,0
2016-06-28T04:00:00Z,14.67,14.67,14.67,14.67,0,0,0
2016-06-29T04:00:00Z,14.67,14.67,14.67,14.67,0,0,0
2016-06-30T04:00:00Z,14.67,14.67,14.67,14.67,0,0,0
2016-07-01T04:00:00Z,14.67,14.67,14.67,14.67,0,0,0
2016-07-05T04:00:00Z,14.67,14.67,14.67,14.67,0,0,0
2016-07-06T04:00:00Z,14.67,14.67,14.67,14.67,0,0,0
2016-07-07T04:00:00Z,14.67,14.67,14.67,14.67,0,0,0
2016-07-08T04:00:00Z,14.67,14.67,14.67,14.67,0,0,0
2016-07-11T04:00:00Z,14.67,14.67,14.67,14.67,0,0,0
2016-07-12T04:00:00Z,14.67,14.67,14.67,14.67,0,0,0
2016-07-13T04:00:00Z,14.67,14.67,14.67,14.67,0,0,0
2016-07-14T04:00:00Z,14.67,14.67,14.67,14.67,0,0,0
2016-07-15T04:00:00Z,14.67,14.67,14.67,14.67,0,0,0
2016-07-18T04:00:00Z,14.67,14.67,14.67,14.67,0,0,0
2016-07-19T04:00:00Z,14.67,14.67,14.67,14.67,0,0,0
2016-07-20T04:00:00Z,14.67,14.67,14.67,14.67,0,0,0
2016-07-21T04:00:00Z,14.67,14.67,14.67,14.67,0,0,0
2016-07-22T04:00:00Z,14.67,14.67,14.67,14.67,0,0,0
2016-07-25T04:00:00Z,14.67,14.67,14.67,14.67,0,0,0
2016-07-26T04:00:00Z,14.67,14.67,14.67,14.67,0,0,0
2016-07-27T04:00:00Z,14.67,14.67,14.67,14.67,0,0,0
2016-07-28T04:00:00Z,14.67,14.67,14.67,14.67,0,0,0
2016-07-29T04:00:00Z,14.67,14.67,14.67,14.67,0,0,0
2016-08-01T04:00:00Z,14.67,14.67,14.67,14.67,0,0,0
2016-08-02T04:00:00Z,14.67,14.67,14.67,14.67,0,0,0
2016-08-03T04:00:00Z,14.67,14.67,14.67,14.67,0,0,0
2016-08-04T04:00:00Z,14.67,14.67,14.67,14.67,0,0,0
2016-08-05T04:00:00Z,14.67,14.67,14.67,14.67,0,0,0
2016-08-08T04:00:00Z,14.67,14.67,14.67,14.67,0,0,0
2016-08-09T04:00:00Z,14.67,14.67,14.67,14.67,0,0,0
2016-08-10T04:00:00Z,14.67,14.67,14.67,14.67,0,0,0
2016-08-11T04:00:00Z,14.67,14.67,14.67,14.67,0,0,0
2016-08-12T04:00:00Z,14.67,14.67,14.67,14.67,0,0,0
2016-08-15T04:00:00Z,14.67,14.67,14.67,14.67,0,0,0
2016-08-16T04:00:00Z,14.67,14.67,14.67,14.67,0,0,0
2016-08-17T04:00:00Z,14.67,14.67,14.67,14.67,0,0,0
2016-08-18T04:00:00Z,14.67,14.67,14.67,14.67,0,0,0
2016-08-19T04:00:00Z,14.67,14.67,14.67,14.67,0,0,0
2016-08-22T04:00:00Z,14.67,14.67,14.67,14.67,0,0,0
2016-08-23T04:00:00Z,14.67,14.67,14.67,14.67,0,0,0
2016-08-24T04:00:00Z,14.67,14.67,14.67,14.67,0,0,0
2016-08-25T04:00:00Z,14.67,14.67,14.67,14.67,0,0,0
2016-08-26T04:00:00Z,14.67,14.67,14.67,14.67,0,0,0
2016-08-29T04:00:00Z,14.67,14.67,14.67,14.67,0,0,0
2016-08-30T04:00:00Z,14.67,14.67,14.67,14.67,0,0,0
2016-08-31T04:00:00Z,14.67,14.67,14.67,14.67,0,0,0
2016-09-01T04:00:00Z,14.67,14.67,14.67,14.67,0,0,0
2016-09-02T04:00:00Z,14.67,14.67,14.67,14.67,0,0,0
2016-09-06T04:00:00Z,14.67,14.67,14.67,14.67,0,0,0
2016-09-07T04:00:00Z,14.67,14.67,14.67,14.67,0,0,0
2016-09-08T04:00:00Z,14.67,14.67,14.67,14.67,0,0,0
2016-09-09T04:00:00Z,14.67,14.67,14.67,14.67,0,0,0
2016-09-12T04:00:00Z,14.67,14.67,14.67,14.67,0,0,0
2016-09-13T04:00:00Z,14.67,14.67,14.67,14.67,0,0,0
2016-09-14T04:00:00Z,14.67,14.67,14.67,14.67,0,0,0
2016-09-15T04:00:00Z,14.67,14.67,14.67,14.67,0,0,0
2016-09-16T04:00:00Z,14.67,14.67,14.67,14.67,0,0,0
2016-09-19T04:00:00Z,14.67,14.67,14.67,14.67,0,0,0
2016-09-20T04:00:00Z,14.67,14.67,14.67,14.67,0,0,0
2016-09-21T04:00:00Z,14.67,14.67,14.67,14.67,0,0,0
2016-09-22T04:00:00Z,14.67,14.67,14.67,14.67,0,0,0
2016-09-23T04:00:00Z,14.67,14.67,14.67,14.67,0,0,0
2016-09-26T04:00:00Z,14.67,14.67,14.67,14.67,0,0,0
2016-09-27T04:00:00Z,14.67,14.67,14.67,14.67,0,0,0
2016-09-28T04:00:00Z,14.67,14.67,14.67,14.67,0,0,0
2016-09-29T04:00:00Z,14.67,14.67,14.67,14.67,0,0,0
2016-09-30T04:00:00Z,14.67,14.67,14.67,14.67,0,0,0
2016-10-03T04:00:00Z,14.67,14.67,14.67,14.67,0,0,0
2016-10-04T04:00:00Z,14.67,14.67,14.67,14.67,0,0,0
2016-10-05T04:00:00Z,14.67,14.67,14.67,14.67,0,0,0
2016-10-06T04:00:00Z,14.67,14.67,14.67,14.67,0,0,0
2016-10-07T04:00:00Z,14.67,14.67,14.67,14.67,0,0,0
2016-10-10T04:00:00Z,14.67,14.67,14.67,14.67,0,0,0
2016-10-11T04:00:00Z,14.67,14.67,14.67,14.67,0,0,0
2016-10-12T04:00:00Z,14.67,14.67,14.67,14.67,0,0,0
2016-10-13T04:00:00Z,14.67,14.67,14.67,14.67,0,0,0
2016-10-14T04:00:00Z,14.67,14.67,14.67,14.67,0,0,0
2016-10-17T04:00:00Z,14.67,14.67,14.67,14.67,0,0,0
2016-10-18T04:00:00Z,14.67,14.67,14.67,14.67,0,0,0
2016-10-19T04:00:00Z,14.67,14.67,14.67,14.67,0,0,0
2016-10-20T04:00:00Z,14.67,14.67,14.67,14.67,0,0,0
2016-10-21T04:00:00Z,14.67,14.67,14.67,14.67,0,0,0
2016-10-24T04:00:00Z,14.67,14.67,14.67,14.67,0,0,0
2016-10-25T04:00:00Z,14.67,14.67,14.67,14.67,0,0,0
2016-10-26T04:00:00Z,14.67,14.67,14.67,14.67,0,0,0
2016-10-27T04:00:00Z,14.67,14.67,14.67,14.67,0,0,0
2016-10-28T04:00:00Z,14.67,14.67,14.67,14.67,0,0,0
2016-10-31T04:00:00Z,14.67,14.67,14.67,14.67,0,0,0
2016-11-01T04:00:00Z,14.67,14.67,14.67,14.67,0,0,0
2016-11-02T04:00:00Z,14.67,14.67,14.67,14.67,0,0,0
2016-11-03T04:00:00Z,14.67,14.67,14.67,14.67,0,0,0
2016-11-04T04:00:00Z,14.67,14.67,14.67,14.67,0,0,0
2016-11-07T05:00:00Z,14.67,14.67,14.67,14.67,0,0,0
2016-11-08T05:00:00Z,14.67,14.67,14.67,14.67,0,0,0
2016-11-09T05:00:00Z,14.67,14.67,14.67,14.67,0,0,0
2016-11-10T05:00:00Z,14.67,14.67,14.67,14.67,0,0,0
2016-11-11T05:00:00Z,14.67,14.67,14.67,14.67,0,0,0
2016-11-14T05:00:00Z,14.67,14.67,14.67,14.67,0,0,0
2016-11-15T05:00:00Z,14.67,14.67,14.67,14.67,0,0,0
2016-11-16T05:00:00Z,14.67,14.67,14.67,14.67,0,0,0
2016-11-17T05:00:00Z,14.67,14.67,14.67,14.67,0,0,0
2016-11-18T05:00:00Z,14.67,14.67,14.67,14.67,0,0,0
2016-11-21T05:00:00Z,14.67,14.67,14.67,14.67,0,0,0
2016-11-22T05:00:00Z,14.67,14.67,14.67,14.67,0,0,0
2016-11-23T05:00:00Z,14.67,14.67,14.67,14.67,0,0,0
2016-11-25T05:00:00Z,14.67,14.67,14.67,14.67,0,0,0
2016-11-28T05:00:00Z,14.67,14.67,14.67,14.67,0,0,0
2016-11-29T05:00:00Z,14.67,14.67,14.67,14.67,0,0,0
2016-11-30T05:00:00Z,14.67,14.67,14.67,14.67,0,0,0
2016-12-01T05:00:00Z,14.67,14.67,14.67,14.67,0,0,0
2016-12-02T05:00:00Z,14.67,14.67,14.67,14.67,0,0,0
2016-12-05T05:00:00Z,14.67,14.67,14.67,14.67,0,0,0
2016-12-06T05:00:00Z,14.67,14.67,14.67,14.67,0,0,0
2016-12-07T05:00:00Z,14.67,14.67,14.67,14.67,0,0,0
2016-12-08T05:00:00Z,14.67,14.67,14.67,14.67,0,0,0
2016-12-09T05:00:00Z,14.67,14.67,14.67,14.67,0,0,0
2016-12-12T05:00:00Z,14.67,14.67,14.67,14.67,0,0,0
2016-12-13T05:00:00Z,14.67,14.67,14.67,14.67,0,0,0
2016-12-14T05:00:00Z,14.67,14.67,14.67,14.67,0,0,0
2016-12-15T05:00:00Z,14.67,14.67,14.67,14.67,0,0,0
2016-12-16T05:00:00Z,14.67,14.67,14.67,14.67,0,0,0
2016-12-19T05:00:00Z,14.67,14.67,14.67,14.67,0,0,0
2016-12-20T05:00:00Z,14.67,14.67,14.67,14.67,0,0,0
2016-12-21T05:00:00Z,14.67,14.67,14.67,14.67,0,0,0
2016-12-22T05:00:00Z,14.67,14.67,14.67,14.67,0,0,0
2016-12-23T05:00:00Z,14.67,14.67,14.67,14.67,0,0,0
2016-12-27T05:00:00Z,14.67,14.67,14.67,14.67,0,0,0
2016-12-28T05:00:00Z,14.67,14.67,14.67,14.67,0,0,0
2016-12-29T05:00:00Z,14.67,14.67,14.67,14.67,0,0,0
2016-12-30T05:00:00Z,14.67,14.67,14.67,14.67,0,0,0
2017-01-03T05:00:00Z,14.67,14.67,14.67,14.67,0,0,0
2017-01-04T05:00:00Z,14.67,14.67,14.67,14.67,0,0,0
2017-01-05T05:00:00Z,14.67,14.67,14.67,14.67,0,0,0
2017-01-06T05:00:00Z,14.67,14.67,14.67,14.67,0,0,0
2017-01-09T05:00:00Z,14.67,14.67,14.67,14.67,0,0,0
2017-01-10T05:00:00Z,14.67,14.67,14.67,14.67,0,0,0
2017-01-11T05:00:00Z,14.67,14.67,14.67,14.67,0,0,0
2017-01-12T05:00:00Z,14.67,14.67,14.67,14.67,0,0,0
2017-01-13T05:00:00Z,14.67,14.67,14.67,14.67,0,0,0
2017-01-17T05:00:00Z,14.67,14.67,14.67,14.67,0,0,0
2017-01-18T05:00:00Z,14.67,14.67,14.67,14.67,0,0,0
2017-01-19T05:00:00Z,14.67,14.67,14.67,14.67,0,0,0
2017-01-20T05:00:00Z,14.67,14.67,14.67,14.67,0,0,0
2017-01-23T05:00:00Z,14.67,14.67,14.67,14.67,0,0,0
2017-01-24T05:00:00Z,14.67,14.67,14.67,14.67,0,0,0
2017-01-25T05:00:00Z,14.67,14.67,14.67,14.67,0,0,0
2017-01-26T05:00:00Z,14.67,14.67,14.67,14.67,0,0,0
2017-01-27T05:00:00Z,14.67,14.67,14.67,14.67,0,0,0
2017-01-30T05:00:00Z,14.67,14.67,14.67,14.67,0,0,0
2017-01-31T05:00:00Z,14.67,14.67,14.67,14.67,0,0,0
2017-02-01T05:00:00Z,14.67,14.67,14.67,14.67,0,0,0
2017-02-02T05:00:00Z,14.67,14.67,14.67,14.67,0,0,0
2017-02-03T05:00:00Z,14.67,14.67,14.67,14.67,0,0,0
2017-02-06T05:00:00Z,14.67,14.67,14.67,14.67,0,0,0
2017-02-07T05:00:00Z,14.67,14.67,14.67,14.67,0,0,0
2017-02-08T05:00:00Z,14.67,14.67,14.67,14.67,0,0,0
2017-02-09T05:00:00Z,14.67,14.67,14.67,14.67,0,0,0
2017-02-10T05:00:00Z,14.67,14.67,14.67,14.67,0,0,0
2017-02-13T05:00:00Z,14.67,14.67,14.67,14.67,0,0,0
2017-02-14T05:00:00Z,14.67,14.67,14.67,14.67,0,0,0
2017-02-15T05:00:00Z,14.67,14.67,14.67,14.67,0,0,0
2017-02-16T05:00:00Z,14.67,14.67,14.67,14.67,0,0,0
2017-02-17T05:00:00Z,14.67,14.67,14.67,14.67,0,0,0
2017-02-21T05:00:00Z,14.67,14.67,14.67,14.67,0,0,0
2017-02-22T05:00:00Z,14.67,14.67,14.67,14.67,0,0,0
2017-02-23T05:00:00Z,14.67,14.67,14.67,14.67,0,0,0
2017-02-24T05:00:00Z,14.67,14.67,14.67,14.67,0,0,0
2017-02-27T05:00:00Z,14.67,14.67,14.67,14.67,0,0,0
2017-02-28T05:00:00Z,14.67,14.67,14.67,14.67,0,0,0
2017-03-01T05:00:00Z,14.67,14.67,14.67,14.67,0,0,0
2017-03-02T05:00:00Z,14.67,14.67,14.67,14.67,0,0,0
2017-03-03T05:00:00Z,14.67,14.67,14.67,14.67,0,0,0
2017-03-06T05:00:00Z,14.67,14.67,14.67,14.67,0,0,0
2017-03-07T05:00:00Z,14.67,14.67,14.67,14.67,0,0,0
2017-03-08T05:00:00Z,14.67,14.67,14.67,14.67,0,0,0
2017-03-09T05:00:00Z,14.67,14.67,14.67,14.67,0,0,0
2017-03-10T05:00:00Z,14.67,14.67,14.67,14.67,0,0,0
2017-03-13T04:00:00Z,14.67,14.67,14.67,14.67,0,0,0
2017-03-14T04:00:00Z,14.67,14.67,14.67,14.67,0,0,0
2017-03-15T04:00:00Z,14.67,14.67,14.67,14.67,0,0,0
2017-03-16T04:00:00Z,14.67,14.67,14.67,14.67,0,0,0
2017-03-17T04:00:00Z,14.67,14.67,14.67,14.67,0,0,0
2017-03-20T04:00:00Z,14.67,14.67,14.67,14.67,0,0,0
2017-03-21T04:00:00Z,14.67,14.67,14.67,14.67,0,0,0
2017-03-22T04:00:00Z,14.67,14.67,14.67,14.67,0,0,0
2017-03-23T04:00:00Z,14.67,14.67,14.67,14.67,0,0,0
2017-03-24T04:00:00Z,14.67,14.67,14.67,14.67,0,0,0
2017-03-27T04:00:00Z,14.67,14.67,14.67,14.67,0,0,0
2017-03-28T04:00:00Z,14.67,14.67,14.67,14.67,0,0,0
2017-03-29T04:00:00Z,14.67,14.67,14.67,14.67,0,0,0
2017-03-30T04:00:00Z,14.67,14.67,14.67,14.67,0,0,0
2017-03-31T04:00:00Z,14.67,14.67,14.67,14.67,0,0,0
2017-04-03T04:00:00Z,14.67,14.67,14.67,14.67,0,0,0
2017-04-04T04:00:00Z,14.67,14.67,14.67,14.67,0,0,0
2017-04-05T04:00:00Z,14.67,14.67,14.67,14.67,0,0,0
2017-04-06T04:00:00Z,14.67,14.67,14.67,14.67,0,0,0
2017-04-07T04:00:00Z,14.67,14.67,14.67,14.67,0,0,0
2017-04-10T04:00:00Z,14.67,14.67,14.67,14.67,0,0,0
2017-04-11T04:00:00Z,14.67,14.67,14.67,14.67,0,0,0
2017-04-12T04:00:00Z,14.67,14.67,14.67,14.67,0,0,0
2017-04-13T04:00:00Z,14.67,14.67,14.67,14.67,0,0,0
2017-04-17T04:00:00Z,14.67,14.67,14.67,14.67,0,0,0
2017-04-18T04:00:00Z,14.67,14.67,14.67,14.67,0,0,0
2017-04-19T04:00:00Z,14.67,14.67,14.67,14.67,0,0,0
2017-04-20T04:00:00Z,14.67,14.67,14.67,14.67,0,0,0
2017-04-21T04:00:00Z,14.67,14.67,14.67,14.67,0,0,0
2017-04-24T04:00:00Z,14.67,14.67,14.67,14.67,0,0,0
2017-04-25T04:00:00Z,14.67,14.67,14.67,14.67,0,0,0
2017-04-26T04:00:00Z,14.67,14.67,14.67,14.67,0,0,0
2017-04-27T04:00:00Z,14.67,14.67,14.67,14.67,0,0,0
2017-04-28T04:00:00Z,14.67,14.67,14.67,14.67,0,0,0
2017-05-01T04:00:00Z,14.67,14.67,14.67,14.67,0,0,0
2017-05-02T04:00:00Z,14.67,14.67,14.67,14.67,0,0,0
2017-05-03T04:00:00Z,14.67,14.67,14.67,14.67,0,0,0
2017-05-04T04:00:00Z,14.67,14.67,14.67,14.67,0,0,0
2017-05-05T04:00:00Z,14.67,14.67,14.67,14.67,0,0,0
2017-05-08T04:00:00Z,14.67,14.67,14.67,14.67,0,0,0
2017-05-09T04:00:00Z,14.67,14.67,14.67,14.67,0,0,0
2017-05-10T04:00:00Z,14.67,14.67,14.67,14.67,0,0,0
2017-05-11T04:00:00Z,14.67,14.67,14.67,14.67,0,0,0
2017-05-12T04:00:00Z,14.67,14.67,14.67,14.67,0,0,0
2017-05-15T04:00:00Z,14.67,14.67,14.67,14.67,0,0,0
2017-05-16T04:00:00Z,14.67,14.67,14.67,14.67,0,0,0
2017-05-17T04:00:00Z,14.67,14.67,14.67,14.67,0,0,0
2017-05-18T04:00:00Z,14.67,14.67,14.67,14.67,0,0,0
2017-05-19T04:00:00Z,14.67,14.67,14.67,14.67,0,0,0
2017-05-22T04:00:00Z,14.67,14.67,14.67,14.67,0,0,0
2017-05-23T04:00:00Z,14.67,14.67,14.67,14.67,0,0,0
2017-05-24T04:00:00Z,14.67,14.67,14.67,14.67,0,0,0
2017-05-25T04:00:00Z,14.67,14.67,14.67,14.67,0,0,0
2017-05-26T04:00:00Z,14.67,14.67,14.67,14.67,0,0,0
2017-05-30T04:00:00Z,14.67,14.67,14.67,14.67,0,0,0
2017-05-31T04:00:00Z,14.67,14.67,14.67,14.67,0,0,0
2017-06-01T04:00:00Z,14.67,14.67,14.67,14.67,0,0,0
2017-06-02T04:00:00Z,14.67,14.67,14.67,14.67,0,0,0
2017-06-05T04:00:00Z,14.67,14.67,14.67,14.67,0,0,0
2017-06-06T04:00:00Z,14.67,14.67,14.67,14.67,0,0,0
2017-06-07T04:00:00Z,14.67,14.67,14.67,14.67,0,0,0
2017-06-08T04:00:00Z,14.67,14.67,14.67,14.67,0,0,0
2017-06-09T04:00:00Z,14.67,14.67,14.67,14.67,0,0,0
2017-06-12T04:00:00Z,14.67,14.67,14.67,14.67,0,0,0
2017-06-13T04:00:00Z,14.67,14.67,14.67,14.67,0,0,0
2017-06-14T04:00:00Z,14.67,14.67,14.67,14.67,0,0,0
2017-06-15T04:00:00Z,14.67,14.67,14.67,14.67,0,0,0
2017-06-16T04:00:00Z,14.67,14.67,14.67,14.67,0,0,0
2017-06-19T04:00:00Z,14.67,14.67,14.67,14.67,0,0,0
2017-06-20T04:00:00Z,14.67,14.67,14.67,14.67,0,0,0
2017-06-21T04:00:00Z,14.67,14.67,14.67,14.67,0,0,0
2017-06-22T04:00:00Z,14.67,14.67,14.67,14.67,0,0,0
2017-06-23T04:00:00Z,14.67,14.67,14.67,14.67,0,0,0
2017-06-26T04:00:00Z,14.67,14.67,14.67,14.67,0,0,0
2017-06-27T04:00:00Z,14.67,14.67,14.67,14.67,0,0,0
2017-06-28T04:00:00Z,14.67,14.67,14.67,14.67,0,0,0
2017-06-29T04:00:00Z,14.67,14.67,14.67,14.67,0,0,0
2017-06-30T04:00:00Z,14.67,14.67,14.67,14.67,0,0,0
2017-07-03T04:00:00Z,14.67,14.67,14.67,14.67,0,0,0
2017-07-05T04:00:00Z,14.67,14.67,14.67,14.67,0,0,0
2017-07-06T04:00:00Z,14.67,14.67,14.67,14.67,0,0,0
2017-07-07T04:00:00Z,14.67,14.67,14.67,14.67,0,0,0
2017-07-10T04:00:00Z,14.67,14.67,14.67,14.67,0,0,0
2017-07-11T04:00:00Z,14.67,14.67,14.67,14.67,0,0,0
2017-07-12T04:00:00Z,14.67,14.67,14.67,14.67,0,0,0
2017-07-13T04:00:00Z,14.67,14.67,14.67,14.67,0,0,0
2017-07-14T04:00:00Z,14.67,14.67,14.67,14.67,0,0,0
2017-07-17T04:00:00Z,14.67,14.67,14.67,14.67,0,0,0
2017-07-18T04:00:00Z,14.67,14.67,14.67,14.67,0,0,0
2017-07-19T04:00:00Z,14.67,14.67,14.67,14.67,0,0,0
2017-07-20T04:00:00Z,14.67,14.67,14.67,14.67,0,0,0
2017-07-21T04:00:00Z,14.67,14.67,14.67,14.67,0,0,0
2017-07-24T04:00:00Z,14.67,14.67,14.67,14.67,0,0,0
2017-07-25T04:00:00Z,14.67,14.67,14.67,14.67,0,0,0
2017-07-26T04:00:00Z,14.67,14.67,14.67,14.67,0,0,0
2017-07-27T04:00:00Z,14.67,14.67,14.67,14.67,0,0,0
2017-07-28T04:00:00Z,14.67,14.67,14.67,14.67,0,0,0
2017-07-31T04:00:00Z,14.67,14.67,14.67,14.67,0,0,0
2017-08-01T04:00:00Z,14.67,14.67,14.67,14.67,0,0,0
2017-08-02T04:00:00Z,14.67,14.67,14.67,14.67,0,0,0
2017-08-03T04:00:00Z,14.67,14.67,14.67,14.67,0,0,0
2017-08-04T04:00:00Z,14.67,14.67,14.67,14.67,0,0,0
2017-08-07T04:00:00Z,14.67,14.67,14.67,14.67,0,0,0
2017-08-08T04:00:00Z,14.67,14.67,14.67,14.67,0,0,0
2017-08-09T04:00:00Z,14.67,14.67,14.67,14.67,0,0,0
2017-08-10T04:00:00Z,14.67,14.67,14.67,14.67,0,0,0
2017-08-11T04:00:00Z,14.67,14.67,14.67,14.67,0,0,0
2017-08-14T04:00:00Z,14.67,14.67,14.67,14.67,0,0,0
2017-08-15T04:00:00Z,14.67,14.67,14.67,14.67,0,0,0
2017-08-16T04:00:00Z,14.67,14.67,14.67,14.67,0,0,0
2017-08-17T04:00:00Z,14.67,14.67,14.67,14.67,0,0,0
2017-08-18T04:00:00Z,14.67,14.67,14.67,14.67,0,0,0
2017-08-21T04:00:00Z,14.67,14.67,14.67,14.67,0,0,0
2017-08-22T04:00:00Z,14.67,14.67,14.67,14.67,0,0,0
2017-08-23T04:00:00Z,14.67,14.67,14.67,14.67,0,0,0
2017-08-24T04:00:00Z,14.67,14.67,14.67,14.67,0,0,0
2017-08-25T04:00:00Z,14.67,14.67,14.67,14.67,0,0,0
2017-08-28T04:00:00Z,14.67,14.67,14.67,14.67,0,0,0
2017-08-29T04:00:00Z,14.67,14.67,14.67,14.67,0,0,0
2017-08-30T04:00:00Z,14.67,14.67,14.67,14.67,0,0,0
2017-08-31T04:00:00Z,14.67,14.67,14.67,14.67,0,0,0
2017-09-01T04:00:00Z,14.67,14.67,14.67,14.67,0,0,0
2017-09-05T04:00:00Z,14.67,14.67,14.67,14.67,0,0,0
2017-09-06T04:00:00Z,14.67,14.67,14.67,14.67,0,0,0
2017-09-07T04:00:00Z,14.67,14.67,14.67,14.67,0,0,0
2017-09-08T04:00:00Z,14.67,14.67,14.67,14.67,0,0,0
2017-09-11T04:00:00Z,14.67,14.67,14.67,14.67,0,0,0
2017-09-12T04:00:00Z,14.67,14.67,14.67,14.67,0,0,0
2017-09-13T04:00:00Z,14.67,14.67,14.67,14.67,0,0,0
2017-09-14T04:00:00Z,14.67,14.67,14.67,14.67,0,0,0
2017-09-15T04:00:00Z,14.67,14.67,14.67,14.67,0,0,0
2017-09-18T04:00:00Z,14.67,14.67,14.67,14.67,0,0,0
2017-09-19T04:00:00Z,14.67,14.67,14.67,14.67,0,0,0
2017-09-20T04:00:00Z,14.67,14.67,14.67,14.67,0,0,0
2017-09-21T04:00:00Z,14.67,14.67,14.67,14.67,0,0,0
2017-09-22T04:00:00Z,14.67,14.67,14.67,14.67,0,0,0
2017-09-25T04:00:00Z,14.67,14.67,14.67,14.67,0,0,0
2017-09-26T04:00:00Z,14.67,14.67,14.67,14.67,0,0,0
2017-09-27T04:00:00Z,14.67,14.67,14.67,14.67,0,0,0
2017-09-28T04:00:00Z,14.67,14.67,14.67,14.67,0,0,0
2017-09-29T04:00:00Z,14.67,14.67,14.67,14.67,0,0,0
2017-10-02T04:00:00Z,14.67,14.67,14.67,14.67,0,0,0
2017-10-03T04:00:00Z,14.67,14.67,14.67,14.67,0,0,0
2017-10-04T04:00:00Z,14.67,14.67,14.67,14.67,0,0,0
2017-10-05T04:00:00Z,14.67,14.67,14.67,14.67,0,0,0
2017-10-06T04:00:00Z,14.67,14.67,14.67,14.67,0,0,0
2017-10-09T04:00:00Z,14.67,14.67,14.67,14.67,0,0,0
2017-10-10T04:00:00Z,14.67,14.67,14.67,14.67,0,0,0
2017-10-11T04:00:00Z,14.67,14.67,14.67,14.67,0,0,0
2017-10-12T04:00:00Z,14.67,14.67,14.67,14.67,0,0,0
2017-10-13T04:00:00Z,14.67,14.67,14.67,14.67,0,0,0
2017-10-16T04:00:00Z,14.67,14.67,14.67,14.67,0,0,0
2017-10-17T04:00:00Z,14.67,14.67,14.67,14.67,0,0,0
2017-10-18T04:00:00Z,14.67,14.67,14.67,14.67,0,0,0
2017-10-19T04:00:00Z,14.67,14.67,14.67,14.67,0,0,0
2017-10-20T04:00:00Z,14.67,14.67,14.67,14.67,0,0,0
2017-10-23T04:00:00Z,14.67,14.67,14.67,14.67,0,0,0
2017-10-24T04:00:00Z,14.67,14.67,14.67,14.67,0,0,0
2017-10-25T04:00:00Z,14.67,14.67,14.67,14.67,0,0,0
2017-10-26T04:00:00Z,14.67,14.67,14.67,14.67,0,0,0
2017-10-27T04:00:00Z,14.67,14.67,14.67,14.67,0,0,0
2017-10-30T04:00:00Z,14.67,14.67,14.67,14.67,0,0,0
2017-10-31T04:00:00Z,14.67,14.67,14.67,14.67,0,0,0
2017-11-01T04:00:00Z,14.67,14.67,14.67,14.67,0,0,0
2017-11-02T04:00:00Z,14.67,14.67,14.67,14.67,0,0,0
2017-11-03T04:00:00Z,14.67,14.67,14.67,14.67,0,0,0
2017-11-06T05:00:00Z,14.67,14.67,14.67,14.67,0,0,0
2017-11-07T05:00:00Z,14.67,14.67,14.67,14.67,0,0,0
2017-11-08T05:00:00Z,14.67,14.67,14.67,14.67,0,0,0
2017-11-09T05:00:00Z,14.67,14.67,14.67,14.67,0,0,0
2017-11-10T05:00:00Z,14.67,14.67,14.67,14.67,0,0,0
2017-11-13T05:00:00Z,14.67,14.67,14.67,14.67,0,0,0
2017-11-14T05:00:00Z,14.67,14.67,14.67,14.67,0,0,0
2017-11-15T05:00:00Z,14.67,14.67,14.67,14.67,0,0,0
2017-11-16T05:00:00Z,14.67,14.67,14.67,14.67,0,0,0
2017-11-17T05:00:00Z,14.67,14.67,14.67,14.67,0,0,0
2017-11-20T05:00:00Z,14.67,14.67,14.67,14.67,0,0,0
2017-11-21T05:00:00Z,14.67,14.67,14.67,14.67,0,0,0
2017-11-22T05:00:00Z,14.67,14.67,14.67,14.67,0,0,0
2017-11-24T05:00:00Z,14.67,14.67,14.67,14.67,0,0,0
2017-11-27T05:00:00Z,14.67,14.67,14.67,14.67,0,0,0
2017-11-28T05:00:00Z,14.67,14.67,14.67,14.67,0,0,0
2017-11-29T05:00:00Z,14.67,14.67,14.67,14.67,0,0,0
2017-11-30T05:00:00Z,14.67,14.67,14.67,14.67,0,0,0
2017-12-01T05:00:00Z,14.67,14.67,14.67,14.67,0,0,0
2017-12-04T05:00:00Z,14.67,14.67,14.67,14.67,0,0,0
2017-12-05T05:00:00Z,14.67,14.67,14.67,14.67,0,0,0
2017-12-06T05:00:00Z,14.67,14.67,14.67,14.67,0,0,0
2017-12-07T05:00:00Z,14.67,14.67,14.67,14.67,0,0,0
2017-12-08T05:00:00Z,14.67,14.67,14.67,14.67,0,0,0
2017-12-11T05:00:00Z,14.67,14.67,14.67,14.67,0,0,0
2017-12-12T05:00:00Z,14.67,14.67,14.67,14.67,0,0,0
2017-12-13T05:00:00Z,14.67,14.67,14.67,14.67,0,0,0
2017-12-14T05:00:00Z,14.67,14.67,14.67,14.67,0,0,0
2017-12-15T05:00:00Z,14.67,14.67,14.67,14.67,0,0,0
2017-12-18T05:00:00Z,14.67,14.67,14.67,14.67,0,0,0
2017-12-19T05:00:00Z,14.67,14.67,14.67,14.67,0,0,0
2017-12-20T05:00:00Z,14.67,14.67,14.67,14.67,0,0,0
2017-12-21T05:00:00Z,14.67,14.67,14.67,14.67,0,0,0
2017-12-22T05:00:00Z,14.67,14.67,14.67,14.67,0,0,0
2017-12-26T05:00:00Z,14.67,14.67,14.67,14.67,0,0,0
2017-12-27T05:00:00Z,14.67,14.67,14.67,14.67,0,0,0
2017-12-28T05:00:00Z,14.67,14.67,14.67,14.67,0,0,0
2017-12-29T05:00:00Z,14.67,14.67,14.67,14.67,0,0,0
2018-01-02T05:00:00Z,14.67,14.67,14.67,14.67,0,0,0
2018-01-03T05:00:00Z,14.67,14.67,14.67,14.67,0,0,0
2018-01-04T05:00:00Z,14.67,14.67,14.67,14.67,0,0,0
2018-01-05T05:00:00Z,14.67,14.67,14.67,14.67,0,0,0
2018-01-08T05:00:00Z,14.67,14.67,14.67,14.67,0,0,0
2018-01-09T05:00:00Z,14.67,14.67,14.67,14.67,0,0,0
2018-01-10T05:00:00Z,14.67,14.67,14.67,14.67,0,0,0
2018-01-11T05:00:00Z,14.67,14.67,14.67,14.67,0,0,0
2018-01-12T05:00:00Z,14.67,14.67,14.67,14.67,0,0,0
2018-01-16T05:00:00Z,14.67,14.67,14.67,14.67,0,0,0
2018-01-17T05:00:00Z,14.67,14.67,14.67,14.67,0,0,0
2018-01-18T05:00:00Z,14.67,14.67,14.67,14.67,0,0,0
2018-01-19T05:00:00Z,14.67,14.67,14.67,14.67,0,0,0
2018-01-22T05:00:00Z,14.67,14.67,14.67,14.67,0,0,0
2018-01-23T05:00:00Z,14.67,14.67,14.67,14.67,0,0,0
2018-01-24T05:00:00Z,14.67,14.67,14.67,14.67,0,0,0
2018-01-25T05:00:00Z,14.67,14.67,14.67,14.67,0,0,0
2018-01-26T05:00:00Z,14.67,14.67,14.67,14.67,0,0,0
2018-01-29T05:00:00Z,14.67,14.67,14.67,14.67,0,0,0
2018-01-30T05:00:00Z,14.67,14.67,14.67,14.67,0,0,0
2018-01-31T05:00:00Z,14.67,14.67,14.67,14.67,0,0,0
2018-02-01T05:00:00Z,14.67,14.67,14.67,14.67,0,0,0
2018-02-02T05:00:00Z,14.67,14.67,14.67,14.67,0,0,0
2018-02-05T05:00:00Z,14.67,14.67,14.67,14.67,0,0,0
2018-02-06T05:00:00Z,14.67,14.67,14.67,14.67,0,0,0
2018-02-07T05:00:00Z,14.67,14.67,14.67,14.67,0,0,0
2018-02-08T05:00:00Z,14.67,14.67,14.67,14.67,0,0,0
2018-02-09T05:00:00Z,14.67,14.67,14.67,14.67,0,0,0
2018-02-12T05:00:00Z,14.67,14.67,14.67,14.67,0,0,0
2018-02-13T05:00:00Z,14.67,14.67,14.67,14.67,0,0,0
2018-02-14T05:00:00Z,14.67,14.67,14.67,14.67,0,0,0
2018-02-15T05:00:00Z,14.67,14.67,14.67,14.67,0,0,0
2018-02-16T05:00:00Z,14.67,14.67,14.67,14.67,0,0,0
2018-02-20T05:00:00Z,14.67,14.67,14.67,14.67,0,0,0
2018-02-21T05:00:00Z,14.67,14.67,14.67,14.67,0,0,0
2018-02-22T05:00:00Z,14.67,14.67,14.67,14.67,0,0,0
2018-02-23T05:00:00Z,14.67,14.67,14.67,14.67,0,0,0
2018-02-26T05:00:00Z,14.67,14.67,14.67,14.67,0,0,0
2018-02-27T05:00:00Z,14.67,14.67,14.67,14.67,0,0,0
2018-02-28T05:00:00Z,14.67,14.67,14.67,14.67,0,0,0
2018-03-01T05:00:00Z,14.67,14.67,14.67,14.67,0,0,0
2018-03-02T05:00:00Z,14.67,14.67,14.67,14.67,0,0,0
2018-03-05T05:00:00Z,14.67,14.67,14.67,14.67,0,0,0
2018-03-06T05:00:00Z,14.67,14.67,14.67,14.67,0,0,0
2018-03-07T05:00:00Z,14.67,14.67,14.67,14.67,0,0,0
2018-03-08T05:00:00Z,14.67,14.67,14.67,14.67,0,0,0
2018-03-09T05:00:00Z,14.67,14.67,14.67,14.67,0,0,0
2018-03-12T04:00:00Z,14.67,14.67,14.67,14.67,0,0,0
2018-03-13T04:00:00Z,14.67,14.67,14.67,14.67,0,0,0
2018-03-14T04:00:00Z,14.67,14.67,14.67,14.67,0,0,0
2018-03-15T04:00:00Z,14.67,14.67,14.67,14.67,0,0,0
2018-03-16T04:00:00Z,14.67,14.67,14.67,14.67,0,0,0
2018-03-19T04:00:00Z,14.67,14.67,14.67,14.67,0,0,0
2018-03-20T04:00:00Z,14.67,14.67,14.67,14.67,0,0,0
2018-03-21T04:00:00Z,14.67,14.67,14.67,14.67,0,0,0
2018-03-22T04:00:00Z,14.67,14.67,14.67,14.67,0,0,0
2018-03-23T04:00:00Z,14.67,14.67,14.67,14.67,0,0,0
2018-03-26T04:00:00Z,14.67,14.67,14.67,14.67,0,0,0
2018-03-27T04:00:00Z,14.67,14.67,14.67,14.67,0,0,0
2018-03-28T04:00:00Z,14.67,14.67,14.67,14.67,0,0,0
2018-03-29T04:00:00Z,14.67,14.67,14.67,14.67,0,0,0
2018-04-02T04:00:00Z,14.67,14.67,14.67,14.67,0,0,0
2018-04-03T04:00:00Z,14.67,14.67,14.67,14.67,0,0,0
2018-04-04T04:00:00Z,14.67,14.67,14.67,14.67,0,0,0
2018-04-05T04:00:00Z,14.67,14.67,14.67,14.67,0,0,0
2018-04-06T04:00:00Z,14.67,14.67,14.67,14.67,0,0,0
2018-04-09T04:00:00Z,14.67,14.67,14.67,14.67,0,0,0
2018-04-10T04:00:00Z,14.67,14.67,14.67,14.67,0,0,0
2018-04-11T04:00:00Z,14.67,14.67,14.67,14.67,0,0,0
2018-04-12T04:00:00Z,14.67,14.67,14.67,14.67,0,0,0
2018-04-13T04:00:00Z,14.67,14.67,14.67,14.67,0,0,0
2018-04-16T04:00:00Z,14.67,14.67,14.67,14.67,0,0,0
2018-04-17T04:00:00Z,14.67,14.67,14.67,14.67,0,0,0
2018-04-18T04:00:00Z,14.67,14.67,14.67,14.67,0,0,0
2018-04-19T04:00:00Z,14.67,14.67,14.67,14.67,0,0,0
2018-04-20T04:00:00Z,14.67,14.67,14.67,14.67,0,0,0
2018-04-23T04:00:00Z,14.67,14.67,14.67,14.67,0,0,0
2018-04-24T04:00:00Z,14.67,14.67,14.67,14.67,0,0,0
2018-04-25T04:00:00Z,14.67,14.67,14.67,14.67,0,0,0
2018-04-26T04:00:00Z,14.67,14.67,14.67,14.67,0,0,0
2018-04-27T04:00:00Z,14.67,14.67,14.67,14.67,0,0,0
2018-04-30T04:00:00Z,14.67,14.67,14.67,14.67,0,0,0
2018-05-01T04:00:00Z,14.67,14.67,14.67,14.67,0,0,0
2018-05-02T04:00:00Z,14.67,14.67,14.67,14.67,0,0,0
2018-05-03T04:00:00Z,14.67,14.67,14.67,14.67,0,0,0
2018-05-04T04:00:00Z,14.67,14.67,14.67,14.67,0,0,0
2018-05-07T04:00:00Z,14.67,14.67,14.67,14.67,0,0,0
2018-05-08T04:00:00Z,14.67,14.67,14.67,14.67,0,0,0
2018-05-09T04:00:00Z,14.67,14.67,14.67,14.67,0,0,0
2018-05-10T04:00:00Z,14.67,14.67,14.67,14.67,0,0,0
2018-05-11T04:00:00Z,14.67,14.67,14.67,14.67,0,0,0
2018-05-14T04:00:00Z,14.67,14.67,14.67,14.67,0,0,0
2018-05-15T04:00:00Z,14.67,14.67,14.67,14.67,0,0,0
2018-05-16T04:00:00Z,14.67,14.67,14.67,14.67,0,0,0
2018-05-17T04:00:00Z,14.67,14.67,14.67,14.67,0,0,0
2018-05-18T04:00:00Z,14.67,14.67,14.67,14.67,0,0,0
2018-05-21T04:00:00Z,14.67,14.67,14.67,14.67,0,0,0
2018-05-22T04:00:00Z,14.67,14.67,14.67,14.67,0,0,0
2018-05-23T04:00:00Z,14.67,14.67,14.67,14.67,0,0,0
2018-05-24T04:00:00Z,14.67,14.67,14.67,14.67,0,0,0
2018-05-25T04:00:00Z,14.67,14.67,14.67,14.67,0,0,0
2018-05-29T04:00:00Z,14.67,14.67,14.67,14.67,0,0,0
2018-05-30T04:00:00Z,14.67,14.67,14.67,14.67,0,0,0
2018-05-31T04:00:00Z,14.67,14.67,14.67,14.67,0,0,0
2018-06-01T04:00:00Z,14.67,14.67,14.67,14.67,0,0,0
2018-06-04T04:00:00Z,14.67,14.67,14.67,14.67,0,0,0
2018-06-05T04:00:00Z,14.67,14.67,14.67,14.67,0,0,0
2018-06-06T04:00:00Z,14.67,14.67,14.67,14.67,0,0,0
2018-06-07T04:00:00Z,14.67,14.67,14.67,14.67,0,0,0
2018-06-08T04:00:00Z,14.67,14.67,14.67,14.67,0,0,0
2018-06-11T04:00:00Z,14.67,14.67,14.67,14.67,0,0,0
2018-06-12T04:00:00Z,14.67,14.67,14.67,14.67,0,0,0
2018-06-13T04:00:00Z,14.67,14.67,14.67,14.67,0,0,0
2018-06-14T04:00:00Z,14.67,14.67,14.67,14.67,0,0,0
2018-06-15T04:00:00Z,14.67,14.67,14.67,14.67,0,0,0
2018-06-18T04:00:00Z,14.67,14.67,14.67,14.67,0,0,0
2018-06-19T04:00:00Z,14.67,14.67,14.67,14.67,0,0,0
2018-06-20T04:00:00Z,14.67,14.67,14.67,14.67,0,0,0
2018-06-21T04:00:00Z,14.67,14.67,14.67,14.67,0,0,0
2018-06-22T04:00:00Z,14.67,14.67,14.67,14.67,0,0,0
2018-06-25T04:00:00Z,14.67,14.67,14.67,14.67,0,0,0
2018-06-26T04:00:00Z,14.67,14.67,14.67,14.67,0,0,0
2018-06-27T04:00:00Z,14.67,14.67,14.67,14.67,0,0,0
2018-06-28T04:00:00Z,14.67,14.67,14.67,14.67,0,0,0
2018-06-29T04:00:00Z,14.67,14.67,14.67,14.67,0,0,0
2018-07-02T04:00:00Z,14.67,14.67,14.67,14.67,0,0,0
2018-07-03T04:00:00Z,14.67,14.67,14.67,14.67,0,0,0
2018-07-05T04:00:00Z,14.67,14.67,14.67,14.67,0,0,0
2018-07-06T04:00:00Z,14.67,14.67,14.67,14.67,0,0,0
2018-07-09T04:00:00Z,14.67,14.67,14.67,14.67,0,0,0
2018-07-10T04:00:00Z,14.67,14.67,14.67,14.67,0,0,0
2018-07-11T04:00:00Z,14.67,14.67,14.67,14.67,0,0,0
2018-07-12T04:00:00Z,14.67,14.67,14.67,14.67,0,0,0
2018-07-13T04:00:00Z,14.67,14.67,14.67,14.67,0,0,0
2018-07-16T04:00:00Z,14.67,14.67,14.67,14.67,0,0,0
2018-07-17T04:00:00Z,14.67,14.67,14.67,14.67,0,0,0
2018-07-18T04:00:00Z,14.67,14.67,14.67,14.67,0,0,0
2018-07-19T04:00:00Z,14.67,14.67,14.67,14.67,0,0,0
2018-07-20T04:00:00Z,14.67,14.67,14.67,14.67,0,0,0
2018-07-23T04:00:00Z,14.67,14.67,14.67,14.67,0,0,0
2018-07-24T04:00:00Z,14.67,14.67,14.67,14.67,0,0,0
2018-07-25T04:00:00Z,14.67,14.67,14.67,14.67,0,0,0
2018-07-26T04:00:00Z,14.67,14.67,14.67,14.67,0,0,0
2018-07-27T04:00:00Z,14.67,14.67,14.67,14.67,0,0,0
2018-07-30T04:00:00Z,14.67,14.67,14.67,14.67,0,0,0
2018-07-31T04:00:00Z,14.67,14.67,14.67,14.67,0,0,0
2018-08-01T04:00:00Z,14.67,14.67,14.67,14.67,0,0,0
2018-08-02T04:00:00Z,14.67,14.67,14.67,14.67,0,0,0
2018-08-03T04:00:00Z,14.67,14.67,14.67,14.67,0,0,0
2018-08-06T04:00:00Z,14.67,14.67,14.67,14.67,0,0,0
2018-08-07T04:00:00Z,14.67,14.67,14.67,14.67,0,0,0
2018-08-08T04:00:00Z,14.67,14.67,14.67,14.67,0,0,0
2018-08-09T04:00:00Z,14.67,14.67,14.67,14.67,0,0,0
2018-08-10T04:00:00Z,14.67,14.67,14.67,14.67,0,0,0
2018-08-13T04:00:00Z,14.67,14.67,14.67,14.67,0,0,0
2018-08-14T04:00:00Z,14.67,14.67,14.67,14.67,0,0,0
2018-08-15T04:00:00Z,14.67,14.67,14.67,14.67,0,0,0
2018-08-16T04:00:00Z,14.67,14.67,14.67,14.67,0,0,0
2018-08-17T04:00:00Z,14.67,14.67,14.67,14.67,0,0,0
2018-08-20T04:00:00Z,14.67,14.67,14.67,14.67,0,0,0
2018-08-21T04:00:00Z,14.67,14.67,14.67,14.67,0,0,0
2018-08-22T04:00:00Z,14.67,14.67,14.67,14.67,0,0,0
2018-08-23T04:00:00Z,14.67,14.67,14.67,14.67,0,0,0
2018-08-24T04:00:00Z,14.67,14.67,14.67,14.67,0,0,0
2018-08-27T04:00:00Z,14.67,14.67,14.67,14.67,0,0,0
2018-08-28T04:00:00Z,14.67,14.67,14.67,14.67,0,0,0
2018-08-29T04:00:00Z,14.67,14.67,14.67,14.67,0,0,0
2018-08-30T04:00:00Z,14.67,14.67,14.67,14.67,0,0,0
2018-08-31T04:00:00Z,14.67,14.67,14.67,14.67,0,0,0
2018-09-04T04:00:00Z,14.67,14.67,14.67,14.67,0,0,0
2018-09-05T04:00:00Z,14.67,14.67,14.67,14.67,0,0,0
2018-09-06T04:00:00Z,14.67,14.67,14.67,14.67,0,0,0
2018-09-07T04:00:00Z,14.67,14.67,14.67,14.67,0,0,0
2018-09-10T04:00:00Z,14.67,14.67,14.67,14.67,0,0,0
2018-09-11T04:00:00Z,14.67,14.67,14.67,14.67,0,0,0
2018-09-12T04:00:00Z,6.05,6.93,5.35,6.6,67038245,187148,6.23401
2018-09-13T04:00:00Z,6.62,12.69,6.52,11.6,158722906,499981,9.3972
2018-09-14T04:00:00Z,12.66,13.8,9.22,9.9,172377045,519565,11.1801
2018-09-17T04:00:00Z,9.61,9.75,8.5,8.5,56387046,154359,8.84141
2018-09-18T04:00:00Z,8.73,9.1,7.67,7.68,41847669,96993,8.23919
2018-09-19T04:00:00Z,7.88,9.15,7.54,8.5,48341321,105664,8.50582
2018-09-20T04:00:00Z,9.07,9.47,8.4151,8.78,40290793,91726,8.94813
2018-09-21T04:00:00Z,9.05,9.07,8.5,8.59,15118172,35767,8.67108
2018-09-24T04:00:00Z,8.32,8.39,7.85,7.87,16323346,40155,8.02898
2018-09-25T04:00:00Z,8.06,8.19,7.5,7.58,18957124,44055,7.75042
2018-09-26T04:00:00Z,7.61,7.76,7.5,7.5,11127342,29073,7.57606
2018-09-27T04:00:00Z,7.55,7.55,7.01,7.01,17021569,39743,7.10838
2018-09-28T04:00:00Z,6.97,7.28,6.68,6.98,22052696,48499,6.98916
2018-10-01T04:00:00Z,7.06,7.08,6.6,6.6,16476805,46077,6.73556
2018-10-02T04:00:00Z,6.6,6.6,5.87,5.93,19456850,46728,6.1973
2018-10-03T04:00:00Z,6.12,6.55,6.12,6.3,13354947,30921,6.36902
2018-10-04T04:00:00Z,6.19,6.25,6,6.25,11992834,31109,6.11757
2018-10-05T04:00:00Z,6.2,6.29,6.03,6.26,8613180,19861,6.16405
2018-10-08T04:00:00Z,6.07,6.18,5.95,6.04,11587660,26378,6.04795
2018-10-09T04:00:00Z,6.19,7.4,6.1,7.39,38561075,90308,6.63993
2018-10-10T04:00:00Z,8.1,8.35,7.39,7.75,75047392,189177,7.82713
2018-10-11T04:00:00Z,7.44,7.55,6.92,7.18,22784897,52011,7.14135
2018-10-12T04:00:00Z,7.46,7.75,7.28,7.46,15012652,27653,7.48347
2018-10-15T04:00:00Z,7.86,8.3,7.7,7.82,26965662,68065,7.9818
2018-10-16T04:00:00Z,8.06,8.2,7.83,8.04,18631820,32934,8.00927
2018-10-17T04:00:00Z,8.12,8.16,7.73,7.77,12906253,20934,7.83634
2018-10-18T04:00:00Z,7.59,7.67,7.26,7.5,12111061,25404,7.40237
2018-10-19T04:00:00Z,7.59,7.745,7.22,7.32,7336348,14617,7.44089
2018-10-22T04:00:00Z,7.68,7.685,7,7.03,12824836,25665,7.20712
2018-10-23T04:00:00Z,6.74,6.89,6.45,6.81,15011452,32093,6.70039
2018-10-24T04:00:00Z,6.85,6.85,6.13,6.17,14890592,36829,6.41437
2018-10-25T04:00:00Z,6.27,6.57,6.25,6.45,9330523,24005,6.42596
2018-10-26T04:00:00Z,6.21,6.51,6.18,6.35,9544810,25833,6.35609
2018-10-29T04:00:00Z,6.53,6.79,6.05,6.19,16088458,37586,6.3193
2018-10-30T04:00:00Z,6.2,6.22,5.615,5.95,21974307,49687,5.90508
2018-10-31T04:00:00Z,6.1,6.25,5.9,5.9,16353729,34904,6.04385
2018-11-01T04:00:00Z,6,6.78,5.96,6.62,24569750,49425,6.5058
2018-11-02T04:00:00Z,6.84,6.84,6.27,6.49,18063076,39285,6.50846
2018-11-05T05:00:00Z,6.52,6.72,6.25,6.68,13295407,27421,6.56718
2018-11-06T05:00:00Z,7.22,7.32,6.4,6.4,50421331,104684,6.74538
2018-11-07T05:00:00Z,6.43,6.88,6.15,6.74,24198207,44451,6.56199
2018-11-08T05:00:00Z,6.49,7.1,6.47,6.69,20674030,40933,6.83471
2018-11-09T05:00:00Z,6.58,6.93,6.52,6.77,12846875,27677,6.74927
2018-11-12T05:00:00Z,6.72,6.93,6.56,6.65,12821910,28731,6.6866
2018-11-13T05:00:00Z,6.71,6.9,6.58,6.78,16102347,25927,6.77711
2018-11-14T05:00:00Z,6.82,7.45,6.8,7.1,29751178,49728,7.15256
2018-11-15T05:00:00Z,7.15,7.49,7.11,7.34,18183505,35340,7.3447
2018-11-16T05:00:00Z,7.4,7.65,7.16,7.19,15058769,25122,7.38773
2018-11-19T05:00:00Z,7.38,8.21,7.28,7.84,49289269,91138,7.84767
2018-11-20T05:00:00Z,7.65,7.91,7.15,7.67,27041183,47780,7.55262
2018-11-21T05:00:00Z,7.9,8.05,7.63,7.71,14184361,29348,7.77968
2018-11-23T05:00:00Z,7.61,7.695,7.41,7.46,8188896,17167,7.5327
2018-11-26T05:00:00Z,7.61,7.626,7.16,7.37,12427722,20823,7.34504
2018-11-27T05:00:00Z,7.3,7.7,7.23,7.48,9235563,14667,7.49255
2018-11-28T05:00:00Z,7.6,8.15,7.6,8.12,22221342,38009,7.93828
2018-11-29T05:00:00Z,8.06,8.12,7.76,7.79,13377721,23052,7.89249
2018-11-30T05:00:00Z,7.8,8,7.68,7.71,11143956,21052,7.79359
2018-12-03T05:00:00Z,8.1,8.13,7.5,7.58,22500657,37408,7.68602
2018-12-04T05:00:00Z,7.6,7.64,7.05,7.08,19674048,37871,7.26236
2018-12-06T05:00:00Z,6.86,7.37,6.72,7.37,16784914,32897,7.1163
2018-12-07T05:00:00Z,7.35,7.38,6.96,6.99,11805668,23511,7.07456
2018-12-10T05:00:00Z,7.03,7.12,6.74,7.03,10060909,18140,6.92811
2018-12-11T05:00:00Z,7.1,7.2,6.92,7.08,8193161,14291,7.08703
2018-12-12T05:00:00Z,7.19,7.55,7.12,7.54,16322039,26154,7.41929
2018-12-13T05:00:00Z,7.55,7.9,7.26,7.75,15051334,28925,7.60156
2018-12-14T05:00:00Z,7.53,7.89,7.4,7.7,10790288,23593,7.67414
2018-12-17T05:00:00Z,7.63,7.64,6.96,7.03,18569732,32966,7.16903
2018-12-18T05:00:00Z,7.0325,7.19,6.835,7.07,10756274,20199,7.03552
2018-12-19T05:00:00Z,7.03,7.15,6.8,6.83,9336528,19146,6.95686
2018-12-20T05:00:00Z,6.82,6.92,6.33,6.52,12141401,25276,6.57731
2018-12-21T05:00:00Z,6.59,6.65,6.06,6.07,13698367,24329,6.22372
2018-12-24T05:00:00Z,6,6.12,5.84,5.92,8878017,15873,5.99866
2018-12-26T05:00:00Z,6.11,6.37,5.96,6.36,9988231,20060,6.16176
2018-12-27T05:00:00Z,6.17,6.45,6.03,6.43,8564824,15379,6.23693
2018-12-28T05:00:00Z,6.5,6.56,6.3,6.47,8545942,14431,6.4468
2018-12-31T05:00:00Z,6.56,6.57,6.21,6.37,9280358,18367,6.32137
2019-01-02T05:00:00Z,6.13,6.24,6,6.2,8923383,19335,6.12911
2019-01-03T05:00:00Z,6.1,6.1454,6.02,6.05,8032640,14022,6.06121
2019-01-04T05:00:00Z,6.19,6.4,6.13,6.36,9453563,21686,6.3079
2019-01-07T05:00:00Z,6.41,6.585,6.31,6.5,9827556,22835,6.45074
2019-01-08T05:00:00Z,6.57,6.58,6.165,6.4,9693136,21098,6.34061
2019-01-09T05:00:00Z,6.41,6.69,6.35,6.63,11534970,22023,6.56596
2019-01-10T05:00:00Z,6.68,6.73,6.41,6.66,12022698,22024,6.59557
2019-01-11T05:00:00Z,6.55,6.615,6.48,6.59,6965977,17388,6.55138
2019-01-14T05:00:00Z,6.51,7.15,6.37,6.8,19522797,38962,6.90533
2019-01-15T05:00:00Z,6.85,7.07,6.75,6.82,13093162,25809,6.89347
2019-01-16T05:00:00Z,6.85,6.9,6.68,6.71,7150367,18570,6.75078
2019-01-17T05:00:00Z,6.7,6.875,6.53,6.81,8858952,18407,6.712
2019-01-18T05:00:00Z,6.89,6.91,6.68,6.71,9298377,17503,6.76126
2019-01-22T05:00:00Z,6.66,6.67,6.51,6.57,6402534,12604,6.58802
2019-01-23T05:00:00Z,6.63,6.785,6.47,6.55,5742671,12551,6.58622
2019-01-24T05:00:00Z,6.52,6.75,6.47,6.58,5995193,13511,6.59191
2019-01-25T05:00:00Z,6.65,6.78,6.6,6.65,6823860,15673,6.67705
2019-01-28T05:00:00Z,6.56,6.68,6.48,6.67,5147234,14250,6.60121
2019-01-29T05:00:00Z,6.67,6.97,6.64,6.94,14262268,26452,6.87028
2019-01-30T05:00:00Z,6.94,7.55,6.92,7.46,28853762,60107,7.34391
2019-01-31T05:00:00Z,7.4,7.89,7.4,7.88,21782628,49290,7.81025
2019-02-01T05:00:00Z,7.85,8.11,7.68,7.9,20963455,43868,7.88767
2019-02-04T05:00:00Z,7.98,7.98,7.74,7.85,8664585,20304,7.8136
2019-02-05T05:00:00Z,7.78,7.96,7.61,7.88,9111766,22085,7.80867
2019-02-06T05:00:00Z,7.95,8.59,7.8301,8.4,33606225,71734,8.28772
2019-02-07T05:00:00Z,8.28,8.37,7.8,8.04,23969333,52755,8.00276
2019-02-08T05:00:00Z,7.95,8,7.28,7.67,22031653,48088,7.59353
2019-02-11T05:00:00Z,7.71,7.77,7.38,7.46,10126997,24569,7.47138
2019-02-12T05:00:00Z,7.42,7.57,7.14,7.44,13448903,32773,7.38669
2019-02-13T05:00:00Z,7.52,7.68,7.39,7.49,11022297,26784,7.51452
2019-02-14T05:00:00Z,7.7,7.78,7.42,7.48,15557227,36203,7.54169
2019-02-15T05:00:00Z,7.54,7.64,7.255,7.41,16781394,35459,7.39834
2019-02-19T05:00:00Z,7.4,7.43,7.21,7.26,10503987,23868,7.27896
2019-02-20T05:00:00Z,7.27,7.77,7.26,7.62,21606158,51960,7.5911
2019-02-21T05:00:00Z,7.7,7.73,7.43,7.64,8150062,19762,7.58367
2019-02-22T05:00:00Z,7.92,8.22,7.75,8.17,26659161,53826,7.98692
2019-02-25T05:00:00Z,9.03,9.09,8.6,9,52538075,108256,8.87373
2019-02-26T05:00:00Z,9.16,10.64,8.82,9.79,106182080,222589,9.96861
2019-02-27T05:00:00Z,10.15,10.25,9.33,9.85,53409988,108998,9.83142
2019-02-28T05:00:00Z,9.85,9.93,9.46,9.57,26663067,58676,9.63235
2019-03-01T05:00:00Z,9.82,10.2,9.73,10.06,32657812,65224,9.99663
2019-03-04T05:00:00Z,10.32,10.37,9.15,9.78,43916550,102250,9.8113
2019-03-05T05:00:00Z,9.8,10.63,9.7,10.16,53795413,122579,10.2745
2019-03-06T05:00:00Z,8.26,8.72,8,8.01,73597628,157866,8.26281
2019-03-07T05:00:00Z,7.81,7.95,7,7.09,52703375,115029,7.24103
2019-03-08T05:00:00Z,7.02,7.2,6.85,7.06,32155407,65880,7.0474
2019-03-11T04:00:00Z,6.95,6.98,6.55,6.59,63028181,109297,6.70787
2019-03-12T04:00:00Z,6.6223,6.64,6.37,6.39,44433356,71566,6.47385
2019-03-13T04:00:00Z,6.32,6.77,6.24,6.53,42038329,77685,6.58522
2019-03-14T04:00:00Z,6.63,6.64,6,6.03,59499754,101284,6.17478
2019-03-15T04:00:00Z,6.12,6.13,5.71,5.71,91215615,133845,5.81992
2019-03-18T04:00:00Z,5.69,5.95,5.44,5.75,77981355,119142,5.71659
2019-03-19T04:00:00Z,5.75,6.03,5.73,5.96,55078120,84922,5.94055
2019-03-20T04:00:00Z,6.02,6.03,5.71,5.85,39412564,56658,5.8547
2019-03-21T04:00:00Z,5.74,5.945,5.74,5.84,21757962,38444,5.868
2019-03-22T04:00:00Z,5.8,5.87,5.6,5.62,25261910,43003,5.66703
2019-03-25T04:00:00Z,5.62,5.66,5.27,5.35,39275862,62214,5.39716
2019-03-26T04:00:00Z,5.2,5.22,4.9,4.96,68086026,110846,5.03738
2019-03-27T04:00:00Z,5.01,5.19,4.96,4.98,41112848,56296,5.04848
2019-03-28T04:00:00Z,5.04,5.17,4.93,5.01,30490779,47212,5.02708
2019-03-29T04:00:00Z,5.06,5.13,5.03,5.1,24263204,32855,5.08148
2019-04-01T04:00:00Z,5.29,5.4,5.14,5.21,33262059,54350,5.2292
2019-04-02T04:00:00Z,5.43,5.61,5.345,5.39,57053344,88055,5.46633
2019-04-03T04:00:00Z,5.55,5.58,5.23,5.31,36494334,55737,5.38015
2019-04-04T04:00:00Z,5.39,5.5,5.27,5.35,32908417,51481,5.36146
2019-04-05T04:00:00Z,5.37,5.4,5.31,5.36,19400063,26353,5.34945
2019-04-08T04:00:00Z,5.33,5.38,5.25,5.3,18713896,27449,5.2976
2019-04-09T04:00:00Z,5.28,5.28,5.06,5.08,34285745,53761,5.10763
2019-04-10T04:00:00Z,5.08,5.11,4.96,5.05,28010662,50496,5.01412
2019-04-11T04:00:00Z,5,5.085,4.97,5.01,18791683,27990,5.00553
2019-04-12T04:00:00Z,5.03,5.06,4.95,4.99,16418521,28206,4.98442
2019-04-15T04:00:00Z,4.99,5,4.72,4.75,28087826,48082,4.81599
2019-04-16T04:00:00Z,4.8,4.81,4.43,4.45,46836832,65649,4.52438
2019-04-17T04:00:00Z,4.6101,4.72,4.51,4.59,31100186,50084,4.60042
2019-04-18T04:00:00Z,4.53,4.92,4.44,4.79,31687513,46895,4.75645
2019-04-22T04:00:00Z,4.74,4.81,4.62,4.78,13375560,21930,4.70741
2019-04-23T04:00:00Z,4.82,4.92,4.73,4.83,15651293,25469,4.8546
2019-04-24T04:00:00Z,4.79,5.01,4.75,5,20939981,40237,4.92707
2019-04-25T04:00:00Z,5.01,5.15,4.85,4.9,21982959,41211,4.96268
2019-04-26T04:00:00Z,4.87,4.93,4.77,4.92,12542317,23113,4.87045
2019-04-29T04:00:00Z,4.89,5.05,4.87,4.98,16220882,24100,4.98288
2019-04-30T04:00:00Z,5,5.08,4.8,4.85,14573775,36256,4.86542
2019-05-01T04:00:00Z,4.84,4.85,4.68,4.68,13538289,22693,4.75203
2019-05-02T04:00:00Z,4.75,4.75,4.5733,4.72,14418709,25194,4.66775
2019-05-03T04:00:00Z,4.73,5.11,4.73,5.02,25298401,37965,4.9691
2019-05-06T04:00:00Z,4.72,4.88,4.69,4.88,16506258,28112,4.8324
2019-05-07T04:00:00Z,4.81,4.92,4.76,4.84,11847839,23975,4.82864
2019-05-08T04:00:00Z,4.8,4.81,4.56,4.57,22002611,29097,4.66552
2019-05-09T04:00:00Z,4.55,4.7,4.51,4.6,16147948,29803,4.61588
2019-05-10T04:00:00Z,4.6,4.66,4.51,4.56,17503388,34366,4.57263
2019-05-13T04:00:00Z,4.5,4.5,4.3,4.33,22613832,40215,4.35676
2019-05-14T04:00:00Z,4.47,4.67,4.41,4.67,28826250,45545,4.5382
2019-05-15T04:00:00Z,4.59,4.75,4.53,4.71,16038922,27058,4.6857
2019-05-16T04:00:00Z,4.63,4.85,4.61,4.66,17454478,31446,4.71165
2019-05-17T04:00:00Z,4.59,4.7,4.42,4.42,20758661,29802,4.52595
2019-05-20T04:00:00Z,4.38,4.4,4.11,4.25,25128104,52173,4.22736
2019-05-21T04:00:00Z,4.34,4.45,4.25,4.29,24763374,40804,4.33614
2019-05-22T04:00:00Z,4.26,4.3,4,4.05,36815471,56579,4.08204
2019-05-23T04:00:00Z,3.96,4.03,3.83,3.93,29018771,45764,3.92537
2019-05-24T04:00:00Z,3.98,4.045,3.81,3.86,26953145,52710,3.86142
2019-05-28T04:00:00Z,4.12,4.14,3.88,4,164059274,117764,4.00963
2019-05-29T04:00:00Z,3.89,3.9,3.6,3.61,42421044,57011,3.71404
2019-05-30T04:00:00Z,3.55,3.5507,3.11,3.24,58010429,73268,3.24367
2019-05-31T04:00:00Z,3.07,3.15,3,3.05,40252562,51739,3.0536
2019-06-03T04:00:00Z,2.98,3.06,2.74,2.96,54132675,73506,2.87432
2019-06-04T04:00:00Z,3.04,3.11,2.97,3.04,32812669,42548,3.03774
2019-06-05T04:00:00Z,3.08,3.09,2.76,2.83,40353877,60363,2.85837
2019-06-06T04:00:00Z,2.9,2.9,2.54,2.65,56693736,64730,2.64837
2019-06-07T04:00:00Z,2.64,2.81,2.55,2.76,32794768,45064,2.74086
2019-06-10T04:00:00Z,2.76,2.82,2.59,2.63,37990708,47319,2.68275
2019-06-11T04:00:00Z,2.67,2.67,2.55,2.61,34686385,36878,2.5979
2019-06-12T04:00:00Z,2.62,2.62,2.5,2.55,31463735,44555,2.5405
2019-06-13T04:00:00Z,2.55,2.62,2.5,2.52,22352640,31056,2.54167
2019-06-14T04:00:00Z,2.44,2.45,2.35,2.42,28261462,37171,2.40379
2019-06-17T04:00:00Z,2.39,2.53,2.35,2.46,21520404,29772,2.46143
2019-06-18T04:00:00Z,2.52,2.71,2.45,2.53,51168373,56261,2.58526
2019-06-19T04:00:00Z,2.67,2.84,2.56,2.74,44603534,52927,2.71169
2019-06-20T04:00:00Z,2.87,3.05,2.8,2.83,56526530,71930,2.9088
2019-06-21T04:00:00Z,2.88,2.9,2.57,2.64,51945862,67454,2.64487
2019-06-24T04:00:00Z,2.6,2.685,2.51,2.64,23504875,29805,2.6095
2019-06-25T04:00:00Z,2.64,2.66,2.55,2.6,16855994,22918,2.60207
2019-06-26T04:00:00Z,2.64,2.73,2.54,2.55,20890716,24583,2.61893
2019-06-27T04:00:00Z,2.51,2.62,2.44,2.6,28454769,30416,2.52506
2019-06-28T04:00:00Z,2.6,2.63,2.51,2.55,19331468,20917,2.54504
2019-07-01T04:00:00Z,2.67,2.68,2.58,2.6,20626389,28147,2.61489
2019-07-02T04:00:00Z,2.61,2.845,2.57,2.82,37519334,44248,2.75363
2019-07-03T04:00:00Z,2.93,3.29,2.9,3.13,76945071,104458,3.17178
2019-07-05T04:00:00Z,3.31,3.34,3.15,3.26,36675104,48125,3.26598
2019-07-08T04:00:00Z,3.2,3.5,3.13,3.49,41438710,45428,3.36033
2019-07-09T04:00:00Z,3.575,3.9,3.42,3.69,88669886,123536,3.71864
2019-07-10T04:00:00Z,3.95,4,3.6,3.68,85495718,112790,3.8137
2019-07-11T04:00:00Z,3.64,3.68,3.32,3.42,58031471,76285,3.43855
2019-07-12T04:00:00Z,3.35,3.639,3.32,3.45,39985455,45446,3.49827
2019-07-15T04:00:00Z,3.49,3.5202,3.34,3.39,19998241,27734,3.41092
2019-07-16T04:00:00Z,3.4,3.45,3.26,3.3,26105252,36106,3.34219
2019-07-17T04:00:00Z,3.28,3.52,3.25,3.44,27061336,33322,3.412
2019-07-18T04:00:00Z,3.47,3.495,3.31,3.43,17946462,22883,3.3856
2019-07-19T04:00:00Z,3.44,3.48,3.36,3.37,14063507,16804,3.4228
2019-07-22T04:00:00Z,3.38,3.45,3.31,3.38,12648205,17458,3.37507
2019-07-23T04:00:00Z,3.43,3.49,3.37,3.46,12592453,19432,3.44263
2019-07-24T04:00:00Z,3.45,3.75,3.44,3.67,39585910,45191,3.65472
2019-07-25T04:00:00Z,3.68,3.72,3.5,3.5,26875416,30180,3.55842
2019-07-26T04:00:00Z,3.56,3.62,3.5,3.51,15917150,24854,3.54273
2019-07-29T04:00:00Z,3.55,3.58,3.32,3.46,26280396,38576,3.42593
2019-07-30T04:00:00Z,3.4292,3.44,3.35,3.38,14725295,23024,3.38004
2019-07-31T04:00:00Z,3.4,3.53,3.36,3.47,20419777,36420,3.45618
2019-08-01T04:00:00Z,3.46,3.51,3.2,3.28,29959365,46668,3.33416
2019-08-02T04:00:00Z,3.21,3.33,3.16,3.27,17434909,30025,3.25036
2019-08-05T04:00:00Z,3.14,3.14,2.85,2.95,40238704,55247,2.96589
2019-08-06T04:00:00Z,3.09,3.14,3,3.08,24784512,37202,3.06386
2019-08-07T04:00:00Z,3.04,3.09,2.93,3.09,18413744,25568,3.02238
2019-08-08T04:00:00Z,3.12,3.26,3.11,3.17,21882070,29345,3.18577
2019-08-09T04:00:00Z,3.13,3.18,3.1,3.13,10872237,20771,3.14278
2019-08-12T04:00:00Z,3.05,3.11,2.96,3.025,12569397,17248,3.03496
2019-08-13T04:00:00Z,3,3.2,3,3.15,19102423,27837,3.14297
2019-08-14T04:00:00Z,3.075,3.08,2.88,2.9,28830215,41477,2.92828
2019-08-15T04:00:00Z,2.99,2.99,2.77,2.82,16661628,23993,2.85512
2019-08-16T04:00:00Z,2.89,3.01,2.86,2.95,16684487,21622,2.95219
2019-08-19T04:00:00Z,3.01,3.1,3,3,14062789,16533,3.04424
2019-08-20T04:00:00Z,3.06,3.21,3,3.16,17231195,19754,3.11918
2019-08-21T04:00:00Z,3.23,3.27,3.02,3.05,21706367,24630,3.10772
2019-08-22T04:00:00Z,3.06,3.09,3.01,3.02,12697799,18299,3.0349
2019-08-23T04:00:00Z,2.97,3.04,2.885,2.92,14089820,21162,2.93161
2019-08-26T04:00:00Z,2.95,2.95,2.83,2.9,15124653,19207,2.88844
2019-08-27T04:00:00Z,2.92,3,2.83,2.91,23521904,26896,2.91163
2019-08-28T04:00:00Z,2.9,2.92,2.83,2.84,11592857,15006,2.86735
2019-08-29T04:00:00Z,2.91,2.93,2.85,2.85,12879359,17310,2.88305
2019-08-30T04:00:00Z,2.9,2.91,2.84,2.86,9094893,13946,2.87042
2019-09-03T04:00:00Z,2.83,2.83,2.58,2.6,28053530,35356,2.66424
2019-09-04T04:00:00Z,2.7,2.75,2.64,2.75,15803996,23098,2.69291
2019-09-05T04:00:00Z,2.81,3,2.8,2.95,24171188,28730,2.93534
2019-09-06T04:00:00Z,2.99,3,2.87,2.98,14732323,16650,2.94551
2019-09-09T04:00:00Z,3,3.14,2.93,3.14,17707304,22972,3.07217
2019-09-10T04:00:00Z,3.13,3.33,3.07,3.32,21508666,35420,3.23892
2019-09-11T04:00:00Z,3.28,3.33,3.16,3.27,13857181,18908,3.23841
2019-09-12T04:00:00Z,3.25,3.265,3.1,3.19,11998012,17064,3.1928
2019-09-13T04:00:00Z,3.22,3.27,3.15,3.21,9020556,13940,3.22417
2019-09-16T04:00:00Z,3.17,3.21,3.09,3.12,13114342,23687,3.1192
2019-09-17T04:00:00Z,3.11,3.18,3,3.18,13966756,19323,3.08691
2019-09-18T04:00:00Z,3.2,3.21,3.03,3.08,12900784,23969,3.08674
2019-09-19T04:00:00Z,3.12,3.16,3.08,3.1,9464638,17752,3.11869
2019-09-20T04:00:00Z,3.14,3.16,3.02,3.04,13381436,21030,3.06848
2019-09-23T04:00:00Z,2.98,2.98,2.71,2.72,42484772,58121,2.77725
2019-09-24T04:00:00Z,2.22,2.24,1.97,2.17,124756148,186139,2.10117
2019-09-25T04:00:00Z,2.15,2.15,2.02,2.05,40281461,56600,2.06494
2019-09-26T04:00:00Z,2.05,2.06,1.9,1.96,54326234,60740,1.95531
2019-09-27T04:00:00Z,1.97,2,1.71,1.75,61930655,76817,1.78814
2019-09-30T04:00:00Z,1.72,1.73,1.53,1.56,60418178,75047,1.56502
2019-10-01T04:00:00Z,1.51,1.51,1.22,1.32,90275349,83033,1.30712
2019-10-02T04:00:00Z,1.19,1.65,1.19,1.59,101332864,85513,1.48514
2019-10-03T04:00:00Z,1.59,1.7,1.43,1.64,59326810,54965,1.59169
2019-10-04T04:00:00Z,1.58,1.69,1.56,1.62,25496743,29217,1.61438
2019-10-07T04:00:00Z,1.58,1.59,1.45,1.55,27631863,25718,1.52646
2019-10-08T04:00:00Z,1.73,1.8,1.66,1.7,48501252,44968,1.71857
2019-10-09T04:00:00Z,1.75,1.76,1.59,1.64,28297028,31685,1.66103
2019-10-10T04:00:00Z,1.64,1.64,1.5,1.53,35248346,34128,1.54589
2019-10-11T04:00:00Z,1.55,1.59,1.5,1.56,26256907,27419,1.55287
2019-10-14T04:00:00Z,1.56,1.57,1.52,1.53,13005556,16980,1.52903
2019-10-15T04:00:00Z,1.63,1.64,1.54,1.55,28835218,26300,1.5787
2019-10-16T04:00:00Z,1.46,1.52,1.4,1.46,43519913,38507,1.44746
2019-10-17T04:00:00Z,1.46,1.5,1.42,1.46,19128882,22401,1.46329
2019-10-18T04:00:00Z,1.45,1.55,1.44,1.52,22186819,23974,1.51079
2019-10-21T04:00:00Z,1.5,1.77,1.49,1.69,42429138,36191,1.627
2019-10-22T04:00:00Z,1.7,1.77,1.52,1.58,40698121,37906,1.59402
2019-10-23T04:00:00Z,1.58,1.595,1.52,1.53,13284895,15197,1.55488
2019-10-24T04:00:00Z,1.57,1.6,1.53,1.54,22118129,26171,1.55099
2019-10-25T04:00:00Z,1.54,1.555,1.5,1.51,20669212,22846,1.51999
2019-10-28T04:00:00Z,1.4289,1.5,1.38,1.48,33641664,31468,1.45095
2019-10-29T04:00:00Z,1.45,1.45,1.39,1.39,23443632,21954,1.40241
2019-10-30T04:00:00Z,1.42,1.45,1.36,1.43,21371665,32174,1.42404
2019-10-31T04:00:00Z,1.45,1.54,1.44,1.45,24057844,25339,1.48909
2019-11-01T04:00:00Z,1.49,1.55,1.49,1.52,19152244,19917,1.51823
2019-11-04T05:00:00Z,1.65,1.9,1.58,1.71,62936692,56699,1.73238
2019-11-05T05:00:00Z,1.88,2.38,1.8,2.34,186381179,194226,2.14041
2019-11-06T05:00:00Z,2.46,2.46,1.96,2.03,115354087,120741,2.14274
2019-11-07T05:00:00Z,2.11,2.2,2.05,2.07,39990048,45838,2.11454
2019-11-08T05:00:00Z,2.13,2.13,1.94,1.98,38914970,40759,2.00526
2019-11-11T05:00:00Z,1.9,1.96,1.78,1.86,34881221,35727,1.85333
2019-11-12T05:00:00Z,1.9,2.05,1.83,1.94,28579499,33413,1.97315
2019-11-13T05:00:00Z,1.9,1.99,1.85,1.9,25314539,27645,1.90512
2019-11-14T05:00:00Z,1.86,1.89,1.66,1.75,48367007,48802,1.7663
2019-11-15T05:00:00Z,1.75,1.84,1.66,1.8,33217051,30010,1.76408
2019-11-18T05:00:00Z,1.88,1.9,1.73,1.8,26908163,30517,1.79862
2019-11-19T05:00:00Z,1.79,1.89,1.78,1.83,27797913,27164,1.84294
2019-11-20T05:00:00Z,1.84,1.87,1.77,1.84,21578392,19893,1.82779
2019-11-21T05:00:00Z,1.87,2.04,1.82,1.98,43311917,34812,1.98105
2019-11-22T05:00:00Z,2.04,2.05,1.88,1.94,25463887,28213,1.94473
2019-11-25T05:00:00Z,1.99,2.12,1.96,2.05,37951476,36893,2.06331
2019-11-26T05:00:00Z,2.12,2.29,2.12,2.28,58655954,53990,2.21728
2019-11-27T05:00:00Z,2.32,2.5,2.28,2.46,78546200,72407,2.42105
2019-11-29T05:00:00Z,2.36,2.36,2.2,2.27,33716926,32598,2.26611
2019-12-02T05:00:00Z,2.35,2.44,2.3,2.44,33486085,39514,2.37236
2019-12-03T05:00:00Z,2.31,2.48,2.25,2.4,38206215,41555,2.39796
2019-12-04T05:00:00Z,2.43,2.58,2.41,2.42,47186689,46808,2.49423
2019-12-05T05:00:00Z,2.53,2.57,2.25,2.27,53508850,51917,2.33913
2019-12-06T05:00:00Z,2.32,2.34,2.2,2.26,32259282,30575,2.26031
2019-12-09T05:00:00Z,2.21,2.25,2.11,2.22,32316841,33352,2.18945
2019-12-10T05:00:00Z,2.19,2.28,2.14,2.27,25493858,28556,2.19945
2019-12-11T05:00:00Z,2.26,2.32,2.23,2.26,20730491,25866,2.27861
2019-12-12T05:00:00Z,2.3,2.33,2.26,2.27,22720672,27085,2.29314
2019-12-13T05:00:00Z,2.31,2.43,2.2885,2.39,37867228,53661,2.37889
2019-12-16T05:00:00Z,2.44,2.55,2.39,2.48,37422717,47027,2.48768
2019-12-17T05:00:00Z,2.54,2.63,2.5,2.59,46872076,55600,2.58676
2019-12-18T05:00:00Z,2.55,2.67,2.54,2.63,32263818,37161,2.60588
2019-12-19T05:00:00Z,2.67,2.73,2.61,2.62,36806571,42739,2.67226
2019-12-20T05:00:00Z,2.64,2.72,2.63,2.69,68160578,36666,2.6857
2019-12-23T05:00:00Z,2.7399,2.76,2.65,2.67,28891460,30521,2.70603
2019-12-24T05:00:00Z,2.62,2.63,2.45,2.53,32260481,34186,2.50208
2019-12-26T05:00:00Z,2.4511,2.52,2.35,2.51,44579378,37005,2.41599
2019-12-27T05:00:00Z,2.54,2.55,2.41,2.42,38467787,31773,2.44844
2019-12-30T05:00:00Z,2.92,4.87,2.88,3.72,435611765,647268,3.82176
2019-12-31T05:00:00Z,4.15,4.42,3.82,4.02,215837180,292793,4.13617
2020-01-02T05:00:00Z,4.1,4.1,3.61,3.72,104448782,150822,3.76902
2020-01-03T05:00:00Z,3.5,3.9,3.48,3.83,83365018,105703,3.77543
2020-01-06T05:00:00Z,4.19,4.24,3.66,3.68,107247340,134398,3.87269
2020-01-07T05:00:00Z,3.71,3.73,3.21,3.24,110026554,135618,3.42419
2020-01-08T05:00:00Z,3.14,3.49,3.13,3.39,65602651,69549,3.34634
2020-01-09T05:00:00Z,3.44,3.58,3.33,3.46,54941292,83811,3.44568
2020-01-10T05:00:00Z,3.49,3.575,3.4,3.51,36893634,42982,3.49004
2020-01-13T05:00:00Z,3.705,3.73,3.52,3.7,60640675,69180,3.64156
2020-01-14T05:00:00Z,3.7,3.82,3.61,3.76,55817556,68897,3.7443
2020-01-15T05:00:00Z,4.19,4.48,4,4.29,237384223,289393,4.29682
2020-01-16T05:00:00Z,3.99,4.4,3.91,4.37,100886095,123252,4.27528
2020-01-17T05:00:00Z,4.51,4.705,4.46,4.67,110746229,139205,4.61618
2020-01-21T05:00:00Z,4.6,5.29,4.52,5.17,182227466,267332,5.01306
2020-01-22T05:00:00Z,5.44,5.65,4.69,4.79,209126801,300736,5.10332
2020-01-23T05:00:00Z,4.57,4.95,4.31,4.92,103274479,145635,4.62759
2020-01-24T05:00:00Z,5,5.06,4.51,4.66,65961550,85401,4.73039
2020-01-27T05:00:00Z,3.985,4.35,3.84,4.01,102751657,122624,4.08595
2020-01-28T05:00:00Z,4.25,4.27,4.03,4.21,50449797,59207,4.16054
2020-01-29T05:00:00Z,4.23,4.33,4.02,4.27,55068295,68047,4.19402
2020-01-30T05:00:00Z,4.24,4.38,4.01,4.08,75604778,88746,4.12202
2020-01-31T05:00:00Z,4.02,4.04,3.67,3.78,78364692,97562,3.80474
2020-02-03T05:00:00Z,3.535,4.11,3.52,4.06,74485997,86420,3.96695
2020-02-04T05:00:00Z,4.2899,4.7,4.16,4.51,129103184,171807,4.5089
2020-02-05T05:00:00Z,4.37,4.48,4.13,4.39,74341187,103304,4.32906
2020-02-06T05:00:00Z,4.2,4.33,4.05,4.08,76495837,104940,4.15381
2020-02-07T05:00:00Z,4.02,4.02,3.74,3.81,81754199,143010,3.83887
2020-02-10T05:00:00Z,3.67,3.91,3.6187,3.87,67955558,94286,3.76884
2020-02-11T05:00:00Z,3.83,4.05,3.8,3.96,54755288,69576,3.9732
2020-02-12T05:00:00Z,4,4.2,3.98,4.07,51905965,67495,4.10568
2020-02-13T05:00:00Z,3.95,4.05,3.86,4.03,43257221,46944,3.9657
2020-02-14T05:00:00Z,4.02,4.035,3.75,3.77,70100088,89528,3.80913
2020-02-18T05:00:00Z,3.9,3.98,3.76,3.8,48499648,72181,3.85055
2020-02-19T05:00:00Z,3.93,4.1,3.86,4.08,74052580,101022,4.02714
2020-02-20T05:00:00Z,4.1,4.4,4.01,4.26,87711672,109258,4.24366
2020-02-21T05:00:00Z,4.2,4.2,4.02,4.08,41767721,66672,4.10875
2020-02-24T05:00:00Z,3.79,3.935,3.76,3.88,56913218,74185,3.84083
2020-02-25T05:00:00Z,5.18,5.19,4.24,4.4,207991614,269864,4.5881
2020-02-26T05:00:00Z,4.5,4.71,4.3,4.34,70631314,102374,4.49777
2020-02-27T05:00:00Z,4.09,4.3,3.92,4.14,78868056,87534,4.12882
2020-02-28T05:00:00Z,3.96,4.14,3.87,4.13,66829839,77310,4.01534
2020-03-02T05:00:00Z,4.15,4.19,3.9,4.11,56654723,69692,4.0255
2020-03-03T05:00:00Z,4.08,4.21,3.95,4.06,49129948,68678,4.07051
2020-03-04T05:00:00Z,4.03,4.07,3.77,3.87,50127484,64737,3.8872
2020-03-05T05:00:00Z,3.78,3.89,3.68,3.72,73095531,73705,3.75801
2020-03-06T05:00:00Z,3.62,3.66,3.42,3.55,62278574,68143,3.52675
2020-03-09T04:00:00Z,3.01,3.54,2.99,3.29,55842642,72344,3.29929
2020-03-10T04:00:00Z,3.49,3.54,3.29,3.5,35355396,51557,3.42112
2020-03-11T04:00:00Z,3.4,3.53,3.26,3.32,32083249,49154,3.37085
2020-03-12T04:00:00Z,3.06,3.23,2.98,3.13,53309979,72895,3.09083
2020-03-13T04:00:00Z,3.28,3.33,2.99,3.11,42162316,56732,3.1037
2020-03-16T04:00:00Z,2.87,3.11,2.75,2.94,41841534,59182,2.9478
2020-03-17T04:00:00Z,3,3.12,2.79,2.9,35320526,56465,2.93907
2020-03-18T04:00:00Z,2.4,2.58,2.11,2.43,96567102,114767,2.32318
2020-03-19T04:00:00Z,2.3,2.55,2.23,2.38,36335006,50170,2.38998
2020-03-20T04:00:00Z,2.49,2.64,2.35,2.4,51934263,69141,2.45715
2020-03-23T04:00:00Z,2.34,2.37,2.15,2.37,49357651,56125,2.26428
2020-03-24T04:00:00Z,2.54,2.75,2.4,2.6,66676864,72876,2.59209
2020-03-25T04:00:00Z,2.71,2.99,2.6,2.76,57559358,76610,2.83065
2020-03-26T04:00:00Z,2.81,3.07,2.78,2.93,44490968,57651,2.95008
2020-03-27T04:00:00Z,2.85,2.89,2.76,2.84,25490672,39957,2.82464
2020-03-30T04:00:00Z,2.81,2.83,2.7,2.71,21520919,30387,2.74778
2020-03-31T04:00:00Z,2.82,2.88,2.68,2.78,31192804,42726,2.76886
2020-04-01T04:00:00Z,2.63,2.76,2.6,2.65,17334391,26978,2.66719
2020-04-02T04:00:00Z,2.5,2.59,2.22,2.39,59612997,70287,2.40662
2020-04-03T04:00:00Z,2.45,2.4896,2.33,2.4,20011801,27139,2.40254
2020-04-06T04:00:00Z,2.5,2.55,2.4,2.47,37407735,36165,2.47073
2020-04-07T04:00:00Z,2.81,2.81,2.65,2.7,46539346,55750,2.73714
2020-04-08T04:00:00Z,2.76,2.8,2.71,2.74,18658292,26233,2.75454
2020-04-09T04:00:00Z,2.82,2.82,2.63,2.67,33318468,41449,2.70437
2020-04-13T04:00:00Z,2.68,2.97,2.63,2.97,38798296,43225,2.85409
2020-04-14T04:00:00Z,3.15,3.16,2.92,3.01,36992298,48049,3.05208
2020-04-15T04:00:00Z,2.95,3.2,2.88,3.2,28400082,33060,3.07182
2020-04-16T04:00:00Z,3.29,3.41,3.2,3.25,39063392,46776,3.27186
2020-04-17T04:00:00Z,3.36,3.36,3.15,3.21,22297479,32447,3.23418
2020-04-20T04:00:00Z,3.18,3.35,3.05,3.19,19074955,30895,3.2245
2020-04-21T04:00:00Z,3.12,3.22,3.01,3.02,20236964,31747,3.07366
2020-04-22T04:00:00Z,3.09,3.15,3.05,3.09,14944784,24318,3.09658
2020-04-23T04:00:00Z,3.2,3.2,3.05,3.06,17920997,29433,3.09383
2020-04-24T04:00:00Z,3.08,3.1,2.91,2.94,22575342,29914,2.97639
2020-04-27T04:00:00Z,2.99,3.26,2.95,3.24,35937057,51519,3.14706
2020-04-28T04:00:00Z,3.39,3.445,3.2,3.34,37258715,43491,3.35697
2020-04-29T04:00:00Z,3.83,3.98,3.59,3.61,90242178,120591,3.77844
2020-04-30T04:00:00Z,3.63,3.72,3.37,3.41,45115217,61434,3.5086
2020-05-01T04:00:00Z,3.31,3.33,3.12,3.18,31373934,47017,3.20405
2020-05-04T04:00:00Z,3.11,3.36,3.08,3.34,23791720,36297,3.25761
2020-05-05T04:00:00Z,3.43,3.48,3.28,3.28,22749275,35695,3.36687
2020-05-06T04:00:00Z,3.59,3.65,3.45,3.62,54886113,70874,3.55082
2020-05-07T04:00:00Z,3.64,3.67,3.52,3.63,26963882,38402,3.61278
2020-05-08T04:00:00Z,3.68,3.8,3.6,3.77,27947433,43881,3.73168
2020-05-11T04:00:00Z,3.72,3.77,3.66,3.74,16737975,32747,3.71265
2020-05-12T04:00:00Z,3.74,3.78,3.61,3.62,22162407,34001,3.69355
2020-05-13T04:00:00Z,3.64,3.68,3.32,3.44,34413097,49290,3.47517
2020-05-14T04:00:00Z,3.33,3.52,3.27,3.45,21322708,32887,3.39284
2020-05-15T04:00:00Z,3.37,3.45,3.36,3.37,14007926,26199,3.39824
2020-05-18T04:00:00Z,3.5,3.69,3.5,3.61,28028292,45311,3.60595
2020-05-19T04:00:00Z,3.6,3.75,3.59,3.69,22014267,38588,3.69564
2020-05-20T04:00:00Z,3.76,3.82,3.4,3.48,52349379,71871,3.59211
2020-05-21T04:00:00Z,3.43,3.44,3.2325,3.33,41856264,60986,3.32679
2020-05-22T04:00:00Z,3.33,3.34,3.18,3.27,22913423,36732,3.25759
2020-05-26T04:00:00Z,3.42,3.83,3.4,3.82,60201459,74486,3.67119
2020-05-27T04:00:00Z,4.01,4.2,3.9,4.17,71125367,110424,4.07273
2020-05-28T04:00:00Z,3.98,4.12,3.75,3.83,65859639,95855,3.90471
2020-05-29T04:00:00Z,3.82,4,3.73,3.98,60661433,64828,3.9195
2020-06-01T04:00:00Z,3.99,4.33,3.96,4.26,70818553,106015,4.21017
2020-06-02T04:00:00Z,4.35,4.73,4.35,4.7,83937963,124667,4.61506
2020-06-03T04:00:00Z,5.01,5.7,4.98,5.6,201533165,283945,5.39094
2020-06-04T04:00:00Z,6.01,6.2,5.61,5.97,173997931,281660,5.94324
2020-06-05T04:00:00Z,6.03,6.075,5.52,5.59,91072959,146044,5.71259
2020-06-08T04:00:00Z,5.81,6.08,5.68,5.97,86403286,122561,5.93174
2020-06-09T04:00:00Z,5.84,6.83,5.76,6.68,137649787,205804,6.42349
2020-06-10T04:00:00Z,6.72,6.95,6.16,6.3,100819959,163288,6.40145
2020-06-11T04:00:00Z,5.79,6.09,5.66,5.91,127020746,193765,5.93753
2020-06-12T04:00:00Z,6.2,6.32,5.92,6.1,60068697,109535,6.10454
2020-06-15T04:00:00Z,5.97,6.99,5.92,6.83,114408925,195905,6.67088
2020-06-16T04:00:00Z,7.43,7.44,6.53,6.99,138027472,197403,6.95326
2020-06-17T04:00:00Z,6.93,6.98,6.58,6.84,59436995,108356,6.82865
2020-06-18T04:00:00Z,6.8,7.36,6.78,7.18,79817518,120757,7.14773
2020-06-19T04:00:00Z,7.36,7.63,7.23,7.34,88435180,133952,7.40261
2020-06-22T04:00:00Z,7.86,7.9,7.38,7.43,113573800,196465,7.61759
2020-06-23T04:00:00Z,7.55,7.685,7.19,7.23,80213946,149773,7.37652
2020-06-24T04:00:00Z,6.93,7.08,6.5,6.86,104320565,176753,6.81554
2020-06-25T04:00:00Z,6.66,7.145,6.6,7.08,47619853,83493,6.96931
2020-06-26T04:00:00Z,7.03,7.18,6.8,6.9,33750145,64452,6.92689
2020-06-29T04:00:00Z,6.98,7.25,6.71,7.23,47420512,81682,7.06113
2020-06-30T04:00:00Z,7.21,7.75,7.12,7.72,85257231,137637,7.59676
2020-07-01T04:00:00Z,7.79,7.99,7.67,7.91,65172588,120983,7.85199
2020-07-02T04:00:00Z,9.05,9.4,8.7,9.38,222627765,430310,9.11301
2020-07-06T04:00:00Z,11.05,12.3,10.93,11.51,330107886,918180,11.6086
2020-07-07T04:00:00Z,11.26,13.77,10.7,13.22,445284614,1024193,12.4979
2020-07-08T04:00:00Z,14.1,15.28,12,12.88,571946840,1495689,14.0246
2020-07-09T04:00:00Z,13.5,14.63,13.07,14.57,317833904,705294,13.842
2020-07-10T04:00:00Z,15.61,15.73,14.2,14.98,318818283,744366,14.8714
2020-07-13T04:00:00Z,15.26,16.44,13.61,13.84,313066307,795510,15.3669
2020-07-14T04:00:00Z,13.25,14.13,12.42,14.09,196661718,453555,13.3935
2020-07-15T04:00:00Z,13.815,13.95,12.85,13.52,115182118,300695,13.3711
2020-07-16T04:00:00Z,12.46,13.16,12.45,12.94,135360769,312585,12.8632
2020-07-17T04:00:00Z,11.8603,12.07,10.46,11.09,290043850,642981,11.143
2020-07-20T04:00:00Z,11.42,12.84,11.38,12.82,155750346,352222,12.2968
2020-07-21T04:00:00Z,13.45,13.58,12.62,12.88,128821736,320494,12.9742
2020-07-22T04:00:00Z,12.38,12.83,11.81,12.38,112731952,267650,12.2501
2020-07-23T04:00:00Z,12.59,12.63,11.85,12.15,95700262,227121,12.2939
2020-07-24T04:00:00Z,11.38,11.9,10.91,11.82,93455385,212829,11.5066
2020-07-27T04:00:00Z,12.03,12.09,11.27,11.69,64389791,157410,11.6279
2020-07-28T04:00:00Z,11.48,12.64,11.38,12.27,90489442,208319,12.2722
2020-07-29T04:00:00Z,12.65,13,12.431,12.7,70053668,178569,12.7192
2020-07-30T04:00:00Z,12.62,12.95,12.07,12.2,65267214,176439,12.3662
2020-07-31T04:00:00Z,12.41,12.59,11.73,11.94,63068611,178342,12.0785
2020-08-03T04:00:00Z,12.53,13.67,12.46,13.6,123742111,314540,13.2112
2020-08-04T04:00:00Z,14.46,14.53,13.22,13.64,126380969,330072,13.7735
2020-08-05T04:00:00Z,13.42,14.075,13.3739,13.92,61002900,155409,13.7923
2020-08-06T04:00:00Z,14.1,14.31,13.52,13.84,50386672,137095,13.7948
2020-08-07T04:00:00Z,13.54,13.73,13.2,13.42,58014210,153844,13.418
2020-08-10T04:00:00Z,13.94,14.42,13.68,14.21,84679441,245900,14.047
2020-08-11T04:00:00Z,15.3,15.45,12.94,12.99,181830571,528150,13.7582
2020-08-12T04:00:00Z,13.37,13.45,12.67,13.36,77868127,207182,13.1068
2020-08-13T04:00:00Z,13.45,13.64,13.17,13.36,50410432,144842,13.3672
2020-08-14T04:00:00Z,13.18,13.18,12.54,13.1,63323224,180957,12.9086
2020-08-17T04:00:00Z,13.07,14.05,13.06,14.05,78779989,205879,13.7055
2020-08-18T04:00:00Z,14.23,14.69,13.871,14.3,70572661,199667,14.2881
2020-08-19T04:00:00Z,14.29,14.41,13.85,14.06,42414530,117977,14.1214
2020-08-20T04:00:00Z,13.85,14.05,13.53,13.78,50420227,155872,13.7449
2020-08-21T04:00:00Z,13.64,14.58,13.62,14.12,70254418,189678,14.1762
2020-08-24T04:00:00Z,14.63,14.98,14.31,14.97,99180039,266223,14.6923
2020-08-25T04:00:00Z,15.08,17.87,15.06,17.84,300139069,807145,16.7414
2020-08-26T04:00:00Z,19.01,20.97,18.56,20.44,364925094,1236574,19.8548
2020-08-27T04:00:00Z,19.99,20.47,18.76,19.88,200239117,604188,19.6375
2020-08-28T04:00:00Z,18.87,19.44,18.11,18.5,155119514,468655,18.9001
2020-08-31T04:00:00Z,17.19,19.83,16.82,19.03,230682267,754458,18.4446
2020-09-01T04:00:00Z,19.45,20.38,18.75,20.12,138600599,422394,19.8142
2020-09-02T04:00:00Z,20.92,21.05,18.5,19.9,165689481,443016,19.6304
2020-09-03T04:00:00Z,19.09,19.84,18.3526,18.7,129280933,409197,18.9534
2020-09-04T04:00:00Z,18.54,19.18,15.61,17.98,166089936,479703,17.5519
2020-09-08T04:00:00Z,17.17,17.86,16.51,17.03,89898684,313477,17.283
2020-09-09T04:00:00Z,17.9,18.63,17.7,18.09,92064694,285094,18.1114
2020-09-10T04:00:00Z,18.49,18.72,17.49,17.74,80444747,270384,18.0696
2020-09-11T04:00:00Z,18,18.1,17.45,17.97,55680765,180251,17.8061
2020-09-14T04:00:00Z,18.18,18.78,17.9,18.73,68679437,189642,18.3787
2020-09-15T04:00:00Z,19.1,20.25,18.88,19.19,112007516,357155,19.6547
2020-09-16T04:00:00Z,19.27,19.54,18.52,19.01,58147048,208330,19.0806
2020-09-17T04:00:00Z,18.26,19.33,18.08,19.3,55983366,182957,18.9658
2020-09-18T04:00:00Z,19.72,19.88,18.94,19.41,57906030,173414,19.3626
2020-09-21T04:00:00Z,19.05,19.265,17.66,18.81,76309989,262078,18.4059
2020-09-22T04:00:00Z,18.48,19.45,18.37,19.23,61368809,216183,19.0273
2020-09-23T04:00:00Z,19.22,19.36,17.8,17.96,71674903,249565,18.3749
2020-09-24T04:00:00Z,17.32,18.39,16.75,17.85,71356238,238904,17.706
2020-09-25T04:00:00Z,18.02,18.62,17.95,18.32,44363784,154265,18.2361
2020-09-28T04:00:00Z,18.88,19.16,18.43,18.81,43217001,148371,18.7493
2020-09-29T04:00:00Z,18.76,21.12,18.71,20.85,165702051,505627,20.2048
2020-09-30T04:00:00Z,21.72,22.59,20.76,21.22,184335237,561584,21.7743
2020-10-01T04:00:00Z,21.68,21.96,20.83,21.76,79495552,250621,21.4638
2020-10-02T04:00:00Z,20.83,22.2,20.8,21.18,92605986,300378,21.5625
2020-10-05T04:00:00Z,21.66,21.92,21.07,21.59,61775443,200885,21.4701
2020-10-06T04:00:00Z,21.71,21.94,20.6,20.67,74350504,240791,21.2875
2020-10-07T04:00:00Z,21.06,21.77,20.79,21.56,59857950,199044,21.4497
2020-10-08T04:00:00Z,22.05,22.45,21.29,21.44,78384123,247148,21.8798
2020-10-09T04:00:00Z,21.62,21.74,21.32,21.47,37360512,130263,21.5458
2020-10-12T04:00:00Z,21.88,22.18,21.55,21.85,45920929,154108,21.7918
2020-10-13T04:00:00Z,21.86,21.97,21.17,21.62,42985630,153552,21.457
2020-10-14T04:00:00Z,23.98,26.96,23.73,26.5,388672869,1344649,25.7195
2020-10-15T04:00:00Z,27.2,29.23,25.78,28.07,385765046,1456325,27.916
2020-10-16T04:00:00Z,29.18,29.4,27.94,28.48,187271346,628216,28.5314
2020-10-19T04:00:00Z,28.21,28.56,27.22,27.63,116136576,408217,27.8612
2020-10-20T04:00:00Z,27.42,28.3,27.05,27.96,105588661,333098,27.7056
2020-10-21T04:00:00Z,27.9,28.43,27.385,27.86,65763596,224491,27.8784
2020-10-22T04:00:00Z,28.15,28.28,26.81,27.38,72918664,268747,27.3549
2020-10-23T04:00:00Z,27.37,27.42,26.48,27.16,52318660,194670,26.8912
2020-10-26T04:00:00Z,26.61,27.35,25.46,26.01,72828266,306169,26.2814
2020-10-27T04:00:00Z,26.21,28.46,26.03,28.44,104759697,343057,27.5049
2020-10-28T04:00:00Z,27.92,28.1,26.51,27.51,89857284,332382,27.301
2020-10-29T04:00:00Z,28.52,32.2,28.32,31.99,215222451,794171,30.5412
2020-10-30T04:00:00Z,31.39,31.59,30.03,30.58,137319269,526225,30.6951
2020-11-02T05:00:00Z,33.95,34.94,31.68,33.32,266383729,1033035,33.2348
2020-11-03T05:00:00Z,33.57,35.87,32.78,35.5,219418983,785392,34.7046
2020-11-04T05:00:00Z,37.44,39.75,35.82,37.71,343723018,1282862,37.7526
2020-11-05T05:00:00Z,38.78,42.49,38.25,42.35,304021826,1115184,39.9124
2020-11-06T05:00:00Z,41.09,43.3,40.05,41.63,289066042,1275115,41.6205
2020-11-09T05:00:00Z,41.65,45.29,40.38,44.02,219728579,997998,43.9041
2020-11-10T05:00:00Z,44.5,45.2,38.11,41.55,237862405,1044470,41.5198
2020-11-11T05:00:00Z,39.71,43.23,38.64,43.08,180007779,745116,41.3423
2020-11-12T05:00:00Z,44.475,49.35,43.95,48.3,349497011,1419873,47.1762
2020-11-13T05:00:00Z,51.29,54.2,40.55,44.56,577764150,2773480,47.1971
2020-11-16T05:00:00Z,41.115,45.85,41.1,45.58,307043624,1209318,44.4739
2020-11-17T05:00:00Z,47.57,49.37,44.96,46.59,346211993,1453956,47.0081
2020-11-18T05:00:00Z,45.8,46.7213,42.5,45.06,272402715,1223003,44.9251
2020-11-19T05:00:00Z,45.36,48.92,44.68,48.45,234455541,955323,47.5874
2020-11-20T05:00:00Z,48.27,50.59,47.88,49.25,209419646,870414,49.4553
2020-11-23T05:00:00Z,50.86,55.7,50.48,55.38,271333429,1169929,53.1397
2020-11-24T05:00:00Z,56.99,57.2,51.5,53.51,244366609,1258556,53.6813
2020-11-25T05:00:00Z,49.98,53.99,49.25,53.69,205499928,903585,52.1957
2020-11-27T05:00:00Z,54.86,55.55,52.6,54,106441462,491250,54.0268
2020-11-30T05:00:00Z,54.21,54.39,48.18,50.53,183508317,887154,51.2632
2020-12-01T05:00:00Z,52.02,52.1,44.05,45.36,248854283,1247344,47.2602
2020-12-02T05:00:00Z,40.16,48,38.43,47.98,313613713,1367689,44.567
2020-12-03T05:00:00Z,47.9,48.65,45.21,45.35,173866862,746907,46.3712
2020-12-04T05:00:00Z,44.66,45.16,41.65,43.04,193156230,870298,43.1111
2020-12-07T05:00:00Z,42.5,46.32,42.41,45.11,166019112,709025,45.1104
2020-12-08T05:00:00Z,47.21,48.3,45.67,46.56,119317720,503388,46.6713
2020-12-09T05:00:00Z,47.08,47.2,42.96,44.01,126343877,584787,44.9177
2020-12-10T05:00:00Z,42.44,45.67,41.89,45.22,111319391,482097,44.7093
2020-12-11T05:00:00Z,42.48,43.63,41.26,41.98,147042350,782396,42.2314
2020-12-14T05:00:00Z,39.94,41.48,39.51,40.98,172424372,870527,40.5686
2020-12-15T05:00:00Z,42.47,43.84,41.27,43.5,133109544,575679,42.8312
2020-12-16T05:00:00Z,44.25,45.26,43.33,44.67,120970940,528592,44.5098
2020-12-17T05:00:00Z,45.17,46.05,43.895,46,146647908,502557,45.113
2020-12-18T05:00:00Z,45.89,48,45.52,46.72,131287263,550477,46.7026
2020-12-21T05:00:00Z,45.63,49.49,45.02,48.95,135766397,598650,47.8579
2020-12-22T05:00:00Z,49.61,49.84,46.53,47.58,117911348,576970,48.0229
2020-12-23T05:00:00Z,47.48,48.36,45.81,47.01,83032383,356683,47.2131
2020-12-24T05:00:00Z,46.88,47.1299,45.35,45.77,61253268,270979,46.1724
2020-12-28T05:00:00Z,46.67,46.85,43.67,44.06,105363114,526966,44.7249
2020-12-29T05:00:00Z,43.7,46.275,42.2262,46.14,122736269,518721,44.6339
2020-12-30T05:00:00Z,46.5,48.38,45.72,48.38,119486101,483637,47.1747
2020-12-31T05:00:00Z,48.46,50.5,47.77,48.74,130117977,578854,49.3284
2021-01-04T05:00:00Z,51.2,54.4469,50.6701,53.49,213837594,1031248,52.9931
2021-01-05T05:00:00Z,51.97,53.75,50.4,53.2,149060276,698768,52.3629
2021-01-06T05:00:00Z,54.02,55.2764,49.08,50.5,177059622,868010,52.7008
2021-01-07T05:00:00Z,53.05,54.61,52.35,54.28,120019925,575351,53.7528
2021-01-08T05:00:00Z,57.76,59.31,55.88,58.92,221756275,1097664,57.9357
2021-01-11T05:00:00Z,64.95,66.99,62.19,62.7,284668262,1634262,63.9663
2021-01-12T05:00:00Z,61.42,64.13,60.42,62.04,190036569,914584,62.626
2021-01-13T05:00:00Z,62.94,64.4069,61.41,62.15,116431871,594767,62.8874
2021-01-14T05:00:00Z,62.63,63.23,60.04,60.87,99899595,575945,61.2073
2021-01-15T05:00:00Z,59.84,60.22,55.67,56.27,133281699,864709,57.4038
2021-01-19T05:00:00Z,58.21,59.005,56.41,58.44,100628032,546400,57.7702
2021-01-20T05:00:00Z,59.85,60.09,56.19,57.71,96134271,496285,57.87
2021-01-21T05:00:00Z,57.02,58.58,55.88,58.34,73613495,384681,57.4934
2021-01-22T05:00:00Z,58.95,62.17,58.32,61.95,134907866,641821,60.8557
2021-01-25T05:00:00Z,64.05,64.52,58.35,59.99,112612634,754914,61.4557
2021-01-26T05:00:00Z,60.04,60.67,58.64,60.31,71561696,440246,59.664
2021-01-27T05:00:00Z,58.05,59.79,56.6,57.15,73607877,669994,58.0156
2021-01-28T05:00:00Z,56.65,59.46,55.15,58.37,75899006,588070,57.7969
2021-01-29T05:00:00Z,59.03,60.71,56.44,57,79919812,566481,58.4857
2021-02-01T05:00:00Z,59.07,59.12,54.37,56.99,80299361,666394,56.3053
2021-02-02T05:00:00Z,57.06,57.54,54.51,55.77,66788508,502490,55.8158
2021-02-03T05:00:00Z,55.96,58.72,54.84,57.98,80734991,463187,57.4009
2021-02-04T05:00:00Z,58.79,59.1994,57.11,57.6,51632435,309190,57.8423
2021-02-05T05:00:00Z,57.6905,57.98,56.01,56.67,43386762,325152,56.6477
2021-02-08T05:00:00Z,57.08,59.52,56.18,59.07,64733969,415090,58.3687
2021-02-09T05:00:00Z,58.95,63.1,58.24,62.84,97931916,566224,61.2381
2021-02-10T05:00:00Z,62.55,64.6,60.33,61.26,91148452,520173,62.4281
2021-02-11T05:00:00Z,61.69,63.06,59.81,60.27,56302919,341312,61.3232
2021-02-12T05:00:00Z,60.26,61.05,59.1,59.85,40631204,259400,59.9828
2021-02-16T05:00:00Z,60.4,62.14,58.65,59.23,55463030,355081,60.4501
2021-02-17T05:00:00Z,57.92,58.03,55.9,57.32,64681997,458107,56.9265
2021-02-18T05:00:00Z,55.45,56.38,52.6,54.43,63162961,490872,54.6555
2021-02-19T05:00:00Z,55.72,56.04,54.1,55.04,43060854,317220,55.1197
2021-02-22T05:00:00Z,54.18,54.37,50.4,50.68,69448503,555444,52.129
2021-02-23T05:00:00Z,45.62,49.67,41.66,49.11,143078218,957822,46.2668
2021-02-24T05:00:00Z,49.31,52.07,47.7501,51.86,82908153,467911,50.3258
2021-02-25T05:00:00Z,51.6,51.85,46.01,46.81,97845172,620366,48.484
2021-02-26T05:00:00Z,47,47.95,44.62,45.78,104209011,559953,46.4156
2021-03-01T05:00:00Z,48.55,50.42,47.63,49.76,94781990,596727,49.4299
2021-03-02T05:00:00Z,46.11,47.13,42.66,43.29,161742614,1064600,44.7672
2021-03-03T05:00:00Z,44.58,45.08,41.1101,41.53,108212008,658808,42.9251
2021-03-04T05:00:00Z,40.49,42.43,37.59,39.28,206451425,1123144,39.7212
2021-03-05T05:00:00Z,39.24,39.87,31.91,38.11,270679006,1323499,35.8222
2021-03-08T05:00:00Z,36.97,39.48,34.9,35.21,143454314,790533,37.0097
2021-03-09T05:00:00Z,37.48,42.08,36.52,41.35,177210805,868734,40.1011
2021-03-10T05:00:00Z,43.5,45.26,40.25,41.32,191570868,952407,42.509
2021-03-11T05:00:00Z,44.4365,46.1615,42.8,46.03,135299192,705716,44.2929
2021-03-12T05:00:00Z,43.51,45.8,42.76,45.5,113609401,550623,44.7386
2021-03-15T04:00:00Z,45.55,46.29,44.38,44.93,74879084,418736,45.1558
2021-03-16T04:00:00Z,45.04,45.66,43.17,43.68,84834665,416830,44.5433
2021-03-17T04:00:00Z,41.9,45.0237,41.33,44.76,96704104,493733,43.165
2021-03-18T04:00:00Z,43.3,44.26,41.45,41.63,71684433,458528,43.1228
2021-03-19T04:00:00Z,41.38,43.4,40.44,43.35,103430794,545295,42.3184
2021-03-22T04:00:00Z,44.07,44.56,42.58,42.94,73908434,418292,43.4776
2021-03-23T04:00:00Z,42.58,43.11,40.98,41.18,60245530,380221,41.8545
2021-03-24T04:00:00Z,41.2,41.29,36.58,36.96,131655337,922640,38.3231
2021-03-25T04:00:00Z,35.24,39.19,35.12,37.94,120282115,655741,37.5883
2021-03-26T04:00:00Z,35.65,36.65,34,36.13,164802911,984069,35.3638
2021-03-29T04:00:00Z,35.26,36.84,34.5,35.51,83666135,420450,35.3047
2021-03-30T04:00:00Z,35.23,37.96,34.61,37.55,107154433,484067,36.8621
2021-03-31T04:00:00Z,38.96,39.25,37.45,38.98,99134095,471934,38.2775
2021-04-01T04:00:00Z,41.56,42.06,39.25,39.66,116909440,542779,40.3112
2021-04-05T04:00:00Z,40.54,40.65,38.72,39.31,71751881,378821,39.6169
2021-04-06T04:00:00Z,38.83,40.39,38.42,40,68600335,304533,39.7924
2021-04-07T04:00:00Z,39.7,39.85,36.95,37.27,80573831,420353,38.0941
2021-04-08T04:00:00Z,37.62,39.1809,37.47,38.7,64352223,294921,38.6343
2021-04-09T04:00:00Z,38.355,38.36,37.01,38.12,69608954,331426,37.6247
2021-04-12T04:00:00Z,37.96,38,36.76,37.14,53428087,296350,37.132
2021-04-13T04:00:00Z,37.48,38.66,37.33,38.48,62308440,299450,38.0836
2021-04-14T04:00:00Z,39.23,39.33,36.79,37.02,78849835,409363,37.725
2021-04-15T04:00:00Z,37.02,37.059,34.56,35.66,100437437,591204,35.4697
2021-04-16T04:00:00Z,34.69,36.54,34.06,36.09,85105798,403135,35.8203
2021-04-19T04:00:00Z,36.78,36.78,36.66,36.78,578462,2,36.66
2021-04-20T04:00:00Z,37.17,37.8195,35.94,36.93,71208691,322039,36.7844
2021-04-21T04:00:00Z,36.53,38.96,36.16,38.9,78036448,336684,37.7182
2021-04-22T04:00:00Z,38.99,40.45,38.49,39.57,116427943,514072,39.4586
2021-04-23T04:00:00Z,40.2,41.2,39.54,41.08,71040790,359593,40.6115
2021-04-26T04:00:00Z,41.96,43.22,40.86,42.62,89109526,442244,42.2437
2021-04-27T04:00:00Z,43.02,43.13,41.02,41.21,70646563,366940,41.8285
2021-04-28T04:00:00Z,40.74,41.95,40.44,41.19,61122448,274683,41.4016
2021-04-29T04:00:00Z,41.38,41.49,38.73,38.99,83345191,434646,39.5876
2021-04-30T04:00:00Z,37.73,41.22,37.35,39.84,117701347,519466,40.1818
2021-05-03T04:00:00Z,40.34,41.45,39.31,39.54,80501819,390449,40.2698
2021-05-04T04:00:00Z,38.99,39.32,36.92,37.93,79137380,477605,37.6288
2021-05-05T04:00:00Z,38.34,38.7,37.34,37.71,56717249,313894,37.9556
2021-05-06T04:00:00Z,37.49,38.04,35.77,36.68,71656000,421825,36.6524
2021-05-07T04:00:00Z,37.17,38.04,36.62,36.94,55779998,304333,37.247
2021-05-10T04:00:00Z,36.78,36.79,34.3,34.33,92753585,516319,35.2959
2021-05-11T04:00:00Z,32.45,35.46,32.2,34.87,113908973,581477,34.3251
2021-05-12T04:00:00Z,34.38,35.125,33.48,33.68,76442901,405909,34.2202
2021-05-13T04:00:00Z,33.85,34.27,30.71,31.22,114463362,586517,32.1785
2021-05-14T04:00:00Z,31.94,33.6894,31.5609,33.42,81107265,396246,33.014
2021-05-17T04:00:00Z,33.33,34.16,32.82,33.81,117273170,503349,33.497
2021-05-18T04:00:00Z,34.01,34.78,33.2604,34.19,117555337,490071,34.1529
2021-05-19T04:00:00Z,32.98,33.46,32.5914,33.46,124654268,566223,32.9911
2021-05-20T04:00:00Z,33.98,34.51,33.64,34.33,88553203,357421,34.2108
2021-05-21T04:00:00Z,34.66,34.78,33.87,34.06,90287857,381753,34.3344
2021-05-24T04:00:00Z,34.26,36.49,33.56,35.89,123931077,490581,35.3819
2021-05-25T04:00:00Z,36.32,37.64,35.69,36.07,140808121,521501,36.5063
2021-05-26T04:00:00Z,36.25,38.08,36.0734,37.76,101097122,429242,37.2919
2021-05-27T04:00:00Z,37.95,38.98,37.182,38.91,95917842,426413,38.1314
2021-05-28T04:00:00Z,38.745,39.76,38.1737,38.62,104033676,451319,38.8439
2021-06-01T04:00:00Z,39.99,42.44,39.94,42.34,182886485,787886,41.5215
2021-06-02T04:00:00Z,42.15,42.88,40.95,41.16,119415344,580711,41.6588
2021-06-03T04:00:00Z,40.68,42.37,40.31,40.9,110142238,558202,41.4103
2021-06-04T04:00:00Z,41.43,42.325,41.15,41.94,74640656,379621,41.9143
2021-06-07T04:00:00Z,41.67,43.9,41.44,43.68,96541742,464032,43.0919
2021-06-08T04:00:00Z,44.46,44.89,42.82,43.56,90907847,450853,43.821
2021-06-09T04:00:00Z,43.53,44.44,42.73,42.74,65852501,335831,43.4921
2021-06-10T04:00:00Z,42.67,43.43,42.16,42.76,62792167,323849,42.7992
2021-06-11T04:00:00Z,42.93,46.26,42.76,45.68,156965951,691367,45.1209
2021-06-14T04:00:00Z,45.95,47.25,45.58,46.55,66086270,367533,46.5853
2021-06-15T04:00:00Z,46.21,46.38,45.04,45.15,45418846,270907,45.5453
2021-06-16T04:00:00Z,44.23,45.125,43.77,45.02,48378222,266738,44.3538
2021-06-17T04:00:00Z,45.05,47.755,44.86,47.36,65627076,380939,46.9223
2021-06-18T04:00:00Z,47.68,48.365,46.59,46.91,94060514,288617,47.3118
2021-06-21T04:00:00Z,46.55,46.99,45.07,46.51,45309034,265176,46.0727
2021-06-22T04:00:00Z,45.86,46.5474,43.81,44.1,63743607,326402,44.6746
2021-06-23T04:00:00Z,44.97,45.98,44.61,45.41,40104651,229584,45.4941
2021-06-24T04:00:00Z,45.91,46.59,45.24,45.46,38501339,214816,45.8443
2021-06-25T04:00:00Z,45.78,45.94,44.88,45.07,33441568,197859,45.3055
2021-06-28T04:00:00Z,45.72,49.65,45.5501,49.4,91078402,510183,48.5444
2021-06-29T04:00:00Z,49.15,50.61,48.55,50.34,66096372,363059,49.6904
2021-06-30T04:00:00Z,50.58,53.8399,50.55,53.2,93498993,518178,52.7938
2021-07-01T04:00:00Z,54.77,55.13,50.27,50.9,126426820,672296,52.3483
2021-07-02T04:00:00Z,51.26,51.4746,48.5291,50.4,81230054,431478,49.9004
2021-07-06T04:00:00Z,49.4,51.7399,49.18,50.29,68685965,363830,50.363
2021-07-07T04:00:00Z,50.2,50.55,45.75,46.04,86702521,465403,47.3836
2021-07-08T04:00:00Z,43.86,46.26,42.73,45.6,95495422,492425,44.8649
2021-07-09T04:00:00Z,46.71,47.01,44.58,45.53,65741793,335613,45.4761
2021-07-12T04:00:00Z,45.97,46.8198,44.6,46.34,55428720,298574,45.7844
2021-07-13T04:00:00Z,46.2,46.91,44.93,44.96,45261102,249106,45.6944
2021-07-14T04:00:00Z,44.84,45.169,42.68,43.05,58563120,323539,43.5412
2021-07-15T04:00:00Z,43.26,44.77,42.68,43.68,56795727,267299,43.8806
2021-07-16T04:00:00Z,43.85,44.395,42.4,42.8,50621047,252537,43.0177
2021-07-19T04:00:00Z,41.49,43.67,40.48,43.35,65606060,366284,42.3369
2021-07-20T04:00:00Z,43.5997,44.41,42.4301,44.17,38217487,224769,43.2976
2021-07-21T04:00:00Z,44.1,47.38,44,46.77,60238927,319674,46.3611
2021-07-22T04:00:00Z,46.96,47.38,45.47,46.07,40422140,205847,46.1647
2021-07-23T04:00:00Z,43.67,44.5,42.495,43.99,49848101,289537,43.6063
2021-07-26T04:00:00Z,42.67,44.88,41.93,43.17,55214594,305811,43.6675
2021-07-27T04:00:00Z,42.44,43.3,38.66,39.36,103267733,594171,39.8557
2021-07-28T04:00:00Z,40.91,42,39.79,41.84,59597219,317053,41.1081
2021-07-29T04:00:00Z,42.25,43.3,41.64,42.62,47307584,263167,42.6377
2021-07-30T04:00:00Z,42.23,45.2,41.53,44.68,67197247,340825,44.3385
2021-08-02T04:00:00Z,44.65,46.78,44.3,45.85,68945747,368302,45.9263
2021-08-03T04:00:00Z,45.23,45.8,43.76,44.57,46814786,245328,44.4803
2021-08-04T04:00:00Z,45.47,45.8,44.56,45.09,36248681,208806,45.1885
2021-08-05T04:00:00Z,44.75,46.3,44.015,45.6,33962482,224645,45.6519
2021-08-06T04:00:00Z,45.55,45.8,43.45,43.84,38591905,239455,44.1733
2021-08-09T04:00:00Z,43.7,45.48,43.7,45.21,31323000,183640,44.8524
2021-08-10T04:00:00Z,45.47,46.38,44.1,44.22,30112336,176345,44.7769
2021-08-11T04:00:00Z,44.71,45.12,43.15,43.97,34439239,204235,43.9463
2021-08-12T04:00:00Z,44.35,44.4,41.55,42.47,51478474,285917,42.5008
2021-08-13T04:00:00Z,41.9,42.28,40.61,41.03,39696819,230400,41.1659
2021-08-16T04:00:00Z,39.46,39.6,38.07,38.62,67036502,430422,38.6778
2021-08-17T04:00:00Z,37.46,39.02,36.83,38.1,61504106,364134,37.9835
2021-08-18T04:00:00Z,38.49,39.63,37.945,38.86,48812925,269707,38.8572
2021-08-19T04:00:00Z,37.89,38.15,36.24,36.29,57403960,335540,37.0729
2021-08-20T04:00:00Z,36.63,39.7906,36.6,36.92,43808835,246880,37.2583
2021-08-23T04:00:00Z,37.44,38.38,37.04,38.17,40016719,219265,37.8358
2021-08-24T04:00:00Z,39.24,39.61,38.63,38.94,38339947,210894,39.0294
2021-08-25T04:00:00Z,38.66,39.14,38.182,38.95,26011607,147247,38.7702
2021-08-26T04:00:00Z,38.63,39.7375,37.815,38.26,35142395,185471,38.6697
2021-08-27T04:00:00Z,38.23,38.47,37.83,38.05,23782257,144645,38.1341
2021-08-30T04:00:00Z,38.17,38.28,36.64,37.8,39427183,237469,37.3623
2021-08-31T04:00:00Z,38.24,39.39,37.9,39.31,50391408,211407,38.8583
2021-09-01T04:00:00Z,37.49,39.93,37.2,39.08,57648598,304984,38.9692
2021-09-02T04:00:00Z,39.065,41.02,38.9,40.35,44271336,228456,40.3943
2021-09-03T04:00:00Z,40.11,40.965,39.831,40.37,31255469,162036,40.2838
2021-09-07T04:00:00Z,40.85,41.86,40.59,40.59,35713539,199687,41.2138
2021-09-08T04:00:00Z,39.17,39.426,37.81,38.14,52661936,331889,38.3522
2021-09-09T04:00:00Z,37.98,38.85,37.55,38.45,34122812,181130,38.3639
2021-09-10T04:00:00Z,38.62,39.52,37.895,37.98,29607507,159551,38.7632
2021-09-13T04:00:00Z,38.01,38.39,36.5629,38.39,38960634,217024,37.6424
2021-09-14T04:00:00Z,38.49,39.4,37.69,37.89,31181612,171271,38.4599
2021-09-15T04:00:00Z,38,38.15,36.95,38.03,27368128,148549,37.5667
2021-09-16T04:00:00Z,37.54,37.67,36.74,37.09,33743130,187707,37.045
2021-09-17T04:00:00Z,37.3,37.57,36.97,37.51,31309811,154395,37.3108
2021-09-20T04:00:00Z,36.11,36.315,34.54,35.17,58031077,352085,35.3997
2021-09-21T04:00:00Z,35.52,35.8199,34.88,34.9,32046127,186555,35.1759
2021-09-22T04:00:00Z,35.21,35.825,35.12,35.7,26849806,166511,35.5589
2021-09-23T04:00:00Z,36.2,36.5,35.57,36.01,27619356,150471,35.9029
2021-09-24T04:00:00Z,35.59,36.07,35.2,35.38,24215922,144340,35.4583
2021-09-27T04:00:00Z,35.43,36.86,34.425,36.77,36678122,197838,35.9457
2021-09-28T04:00:00Z,36.28,37.03,34.9301,35.05,38222733,219890,35.541
2021-09-29T04:00:00Z,35.44,36.36,35.02,35.13,33922626,189151,35.6067
2021-09-30T04:00:00Z,35.63,35.98,35.29,35.63,26519079,151726,35.644
2021-10-01T04:00:00Z,36.63,36.6698,35.26,35.38,35109702,204963,35.7429
2021-10-04T04:00:00Z,35.02,35.02,33.275,33.4,41476330,276849,33.6972
2021-10-05T04:00:00Z,33.3,34.31,33.27,33.87,26828126,157041,33.9057
2021-10-06T04:00:00Z,33.41,34.1598,33.17,33.66,23187170,142173,33.7281
2021-10-07T04:00:00Z,35.44,36.64,34.91,35.99,69076176,339328,35.8452
2021-10-08T04:00:00Z,36.44,36.55,35.83,35.83,32245083,177465,36.1636
2021-10-11T04:00:00Z,36.09,36.52,35.53,35.64,25573424,141613,36.1187
2021-10-12T04:00:00Z,35.7,36.045,35.18,35.51,27435578,134641,35.5562
2021-10-13T04:00:00Z,35.78,36.68,35.47,36.24,34002244,178284,36.28
2021-10-14T04:00:00Z,36.21,36.45,35.605,36.28,30292752,166438,35.9987
2021-10-15T04:00:00Z,36.99,38.29,36.935,37.71,48603871,256614,37.6622
2021-10-18T04:00:00Z,37.49,39.84,37.27,39.61,43971508,238230,39.0387
2021-10-19T04:00:00Z,40.27,40.8999,39.56,40.03,38943811,220845,40.1017
2021-10-20T04:00:00Z,39.97,40.34,39.16,39.78,25979917,142600,39.7522
2021-10-21T04:00:00Z,39.51,40.605,39.37,39.97,25974257,148876,40.1527
2021-10-22T04:00:00Z,39.96,40.39,38.54,38.88,28600007,168576,39.3171
2021-10-25T04:00:00Z,39.36,41.27,39.36,41.27,1022844,1022,40.7968
2021-10-26T04:00:00Z,41.29,42.61,40.47,40.47,56833689,312210,41.4298
2021-10-27T04:00:00Z,40.9,41.28,39.255,39.31,29401042,192438,40.1316
2021-10-28T04:00:00Z,39.53,40.8,39.19,40.79,33993759,192089,40.0477
2021-10-29T04:00:00Z,40.25,40.55,39.21,39.41,34459511,201889,39.6451
2021-11-01T04:00:00Z,38.11,40.84,38.11,40.84,54349092,299804,39.9841
2021-11-02T04:00:00Z,40.47,42.4934,40.2,41.3,47000864,265062,41.4763
2021-11-03T04:00:00Z,41.98,42.4099,40.63,41.5,35245762,213742,41.2092
2021-11-04T04:00:00Z,42.76,44,42.5,43.12,54672528,321042,43.2163
2021-11-05T04:00:00Z,43.52,43.52,41.8204,42.29,33881865,214832,42.4866
2021-11-08T05:00:00Z,42.65,44.27,42.28,43.2,40104199,234067,43.5303
2021-11-09T05:00:00Z,43.49,43.8,40.6,40.64,50117492,346924,41.5094
2021-11-10T05:00:00Z,40.89,42.09,38.83,39.55,49316029,289467,40.5831
2021-11-11T05:00:00Z,40.89,42.22,40.3535,42.2,41027405,244670,41.6157
2021-11-12T05:00:00Z,42.69,43.55,41.91,42.67,35422043,225961,42.6082
2021-11-15T05:00:00Z,42.6,42.69,40.02,40.57,48450659,311487,40.8984
2021-11-16T05:00:00Z,40.89,41.3,40.02,40.67,38032040,214382,40.5202
2021-11-17T05:00:00Z,40.57,40.92,39.07,39.67,36516303,230835,39.9367
2021-11-18T05:00:00Z,39,39.44,37.45,38.41,43382977,291009,38.2332
2021-11-19T05:00:00Z,38.59,39.0999,38,38.66,30348100,169916,38.6804
2021-11-22T05:00:00Z,40.42,42.84,40.25,41.49,72621920,403951,41.7104
2021-11-23T05:00:00Z,41.5,43.12,40.47,42.04,55865381,313839,41.724
2021-11-24T05:00:00Z,41.7,42.51,40.89,41.42,34394377,189394,41.7517
2021-11-26T05:00:00Z,39.4,40.3431,39.1,39.99,31509700,201381,39.7576
2021-11-29T05:00:00Z,40.85,41.2,39.4935,40.46,35968832,213035,40.2113
2021-11-30T05:00:00Z,40.37,41.42,38.355,39.13,52347975,256541,39.5986
2021-12-01T05:00:00Z,40.41,40.83,38.2,38.31,49242471,283728,39.7114
2021-12-02T05:00:00Z,38.832,39.68,34.02,36.2,86888975,515734,36.4625
2021-12-03T05:00:00Z,34.58,35.22,31.5,32.15,107312201,629209,32.7661
2021-12-06T05:00:00Z,32.35,33.32,29.66,32.34,72082675,396068,31.8241
2021-12-07T05:00:00Z,34.44,34.52,32.68,33.12,52987281,286563,33.3372
2021-12-08T05:00:00Z,33.82,35.3,33.05,35.05,50124331,240361,34.3775
2021-12-09T05:00:00Z,34.875,35.55,33.9,34.05,37207721,207321,34.58
2021-12-10T05:00:00Z,33.9,34.55,33.25,34.26,32750983,188790,33.8769
2021-12-13T05:00:00Z,33.68,34.6697,32.9,33.66,32649486,200216,33.8304
2021-12-14T05:00:00Z,32.23,32.38,31.2,32.3,47251381,288594,31.8415
2021-12-15T05:00:00Z,31.5,31.84,29.06,30.79,81959949,451940,30.0745
2021-12-16T05:00:00Z,31.05,31.64,29.75,30.07,44147698,250511,30.3477
2021-12-17T05:00:00Z,29.53,30.51,28.02,30,57511419,323458,29.6033
2021-12-20T05:00:00Z,29.45,29.46,27.79,28.16,58045337,346756,28.3724
2021-12-21T05:00:00Z,28.73,30.25,28.6658,30.16,75327219,243351,29.6366
2021-12-22T05:00:00Z,29.56,30.38,29.33,29.85,40819815,194836,29.8867
2021-12-23T05:00:00Z,29.61,30.8,28.97,30.52,39040938,200011,30.0716
2021-12-27T05:00:00Z,30.39,31.3209,29.81,29.96,36877937,197535,30.3247
2021-12-28T05:00:00Z,29.88,30.19,29.47,29.63,29433238,152378,29.7731
2021-12-29T05:00:00Z,29.555,29.62,27.52,28.25,52141609,280536,28.1645
2021-12-30T05:00:00Z,27.89,33.04,27.8,32.42,138764016,583189,31.6331
2021-12-31T05:00:00Z,32.04,32.98,31.6627,31.68,68653919,295455,32.2276
2022-01-03T05:00:00Z,33.52,33.8,31.88,33.47,65719889,349626,32.9735
2022-01-04T05:00:00Z,33.35,33.39,31.11,31.58,49021058,287454,31.8507
2022-01-05T05:00:00Z,30.97,31.94,29.78,29.88,43801700,249998,30.7865
2022-01-06T05:00:00Z,30.01,30.54,28.28,29.31,49435745,275195,29.4388
2022-01-07T05:00:00Z,29.45,30.42,28.78,29.3,41578653,212994,29.4472
2022-01-10T05:00:00Z,29,29.155,27.78,28.91,45612931,274021,28.378
2022-01-11T05:00:00Z,28.85,30.4383,28.47,30.02,42329484,221855,29.9686
2022-01-12T05:00:00Z,31.2,31.86,30.34,31.68,55367856,268680,31.1783
2022-01-13T05:00:00Z,31.68,31.85,30.48,30.48,36355868,197133,31.0771
2022-01-14T05:00:00Z,30.28,31.32,30.08,30.95,35604012,180741,30.6941
2022-01-18T05:00:00Z,30.0301,30.9099,29.595,29.61,34428586,197343,30.1183
2022-01-19T05:00:00Z,29.72,30.1471,28.605,28.63,34867547,213619,29.127
2022-01-20T05:00:00Z,29.46,30.88,29.05,29.13,46065006,240971,30.0576
2022-01-21T05:00:00Z,28.98,28.9902,27.22,27.35,59784189,350654,27.8134
2022-01-24T05:00:00Z,25.73,25.98,23.609,24.87,38934031,215110,24.6813
2022-01-25T05:00:00Z,24.16,25.01,23.38,23.79,54500602,289988,23.9802
2022-01-26T05:00:00Z,24.6,24.78,22.53,22.66,71720369,344588,23.5888
2022-01-27T05:00:00Z,22.8,22.8092,20.96,21.11,80028136,425616,21.6372
2022-01-28T05:00:00Z,20.66,21.32,19.31,20.9,97825992,471828,20.3587
2022-01-31T05:00:00Z,21.73,24.64,21.6,24.51,97854419,424581,23.7956
2022-02-01T05:00:00Z,24.89,25.23,23.56,24.84,85593534,344558,24.4886
2022-02-02T05:00:00Z,24.89,24.89,23.01,23.76,61424279,283675,23.7757
2022-02-03T05:00:00Z,22.96,24.62,22.95,23.13,56524862,259274,23.7262
2022-02-04T05:00:00Z,23.46,24.32,22.73,23.96,46626764,223825,23.8158
2022-02-07T05:00:00Z,23.78,24.78,23.53,23.99,40782345,197478,24.12
2022-02-08T05:00:00Z,23.99,24.86,23.54,24.69,43531734,195372,24.4316
2022-02-09T05:00:00Z,25.4465,26.24,25.045,26.1,58156630,265285,25.7727
2022-02-10T05:00:00Z,25.05,26.405,25.02,25.35,55515089,268890,25.7422
2022-02-11T05:00:00Z,24.99,25.68,23.7,24.1,49030259,248693,24.6389
2022-02-14T05:00:00Z,23.76,24.54,23.34,23.79,42426852,214362,23.9248
2022-02-15T05:00:00Z,24.31,25.8401,24.2,25.79,48534897,220797,25.1704
2022-02-16T05:00:00Z,25.4,25.84,25.05,25.61,33499423,159561,25.5091
2022-02-17T05:00:00Z,25.24,26.27,24.65,24.72,35373494,167896,25.3962
2022-02-18T05:00:00Z,24.78,24.7898,22.74,23.21,52880035,262518,23.3778
2022-02-22T05:00:00Z,22.36,22.96,21.32,21.77,57825907,287446,22.0031
2022-02-23T05:00:00Z,22.02,22.5,20.45,20.46,50700993,253659,21.1399
2022-02-24T05:00:00Z,18.5,21.3093,18.47,21.22,81590592,378704,20.2006
2022-02-25T05:00:00Z,21.33,21.57,20.19,20.94,58261214,255831,20.6679
2022-02-28T05:00:00Z,21.43,23.145,20.935,22.84,90418564,368154,22.4206
2022-03-01T05:00:00Z,22.56,23.345,21.73,21.87,51462873,244195,22.2632
2022-03-02T05:00:00Z,21.9,22.21,20.63,21.77,48016054,242260,21.2905
2022-03-03T05:00:00Z,21.73,21.81,19.7203,19.88,70810076,347939,20.1702
2022-03-04T05:00:00Z,20.09,20.29,18.55,18.63,70246574,336918,19.0278
2022-03-07T05:00:00Z,18.85,20.03,18.04,18.12,81519883,366354,18.8809
2022-03-08T05:00:00Z,18.22,18.22,17.88,17.98,1878242,2091,17.9235
2022-03-09T05:00:00Z,18.56,20.55,18.51,20.17,86537800,397751,19.8622
2022-03-10T05:00:00Z,19,19.1,17.22,17.77,107957883,496618,17.8423
2022-03-11T05:00:00Z,18.11,18.13,16.07,16.07,94143430,389714,16.6142
2022-03-14T04:00:00Z,15.09,15.74,13.821,14.1,118226138,506603,14.6415
2022-03-15T04:00:00Z,13.48,15.35,13.01,14.93,142207949,549169,14.349
2022-03-16T04:00:00Z,17.64,18.77,16.783,18.75,170735966,684753,17.8493
2022-03-17T04:00:00Z,17.93,18.825,17.44,18.82,94781793,392511,18.1747
2022-03-18T04:00:00Z,18.83,21.2399,18.55,20.86,134268924,499939,20.4334
2022-03-21T04:00:00Z,20.75,21.2,19.33,20.26,92040419,408936,20.2011
2022-03-22T04:00:00Z,20.83,22.09,20.59,21.77,81708872,344226,21.5728
2022-03-23T04:00:00Z,21.6,22.6,20.89,21.87,90503408,359234,21.7218
2022-03-24T04:00:00Z,22,22.12,20.66,21.98,99063339,405005,21.5581
2022-03-25T04:00:00Z,20.31,20.75,19.35,19.91,108449727,444047,19.8737
2022-03-28T04:00:00Z,20.415,21.23,20.3201,21.21,77921245,299312,20.7765
2022-03-29T04:00:00Z,21.58,21.96,21.02,21.88,67591886,283231,21.5552
2022-03-30T04:00:00Z,21.83,23.86,21.63,22.17,116793665,446665,22.9598
2022-03-31T04:00:00Z,22.28,22.28,20.76,21.05,79711046,312188,21.3022
2022-04-01T04:00:00Z,22.41,23.22,21.56,21.93,111076335,451057,22.3354
2022-04-04T04:00:00Z,23.31,23.94,22.78,23.85,104280545,402476,23.5792
2022-04-05T04:00:00Z,23.97,23.98,22.44,22.47,71295371,330160,22.9706
2022-04-06T04:00:00Z,22.04,22.08,20.93,21.68,74946419,301416,21.4319
2022-04-07T04:00:00Z,21.49,21.68,19.725,20.36,84023687,330416,20.4484
2022-04-08T04:00:00Z,20.11,20.71,19.83,20,60515536,224879,20.1889
2022-04-11T04:00:00Z,18.05,20.07,17.77,19.7,95709744,373757,19.1705
2022-04-12T04:00:00Z,20.03,20.27,19.22,19.46,52390639,231113,19.6894
2022-04-13T04:00:00Z,19.55,20.56,19.03,20.42,58311384,241626,20.111
2022-04-14T04:00:00Z,20.09,20.4,19.53,19.65,44876962,184240,19.7841
2022-04-18T04:00:00Z,19.51,19.64,18.51,19.17,41270047,175811,19.0087
2022-04-19T04:00:00Z,19.05,19.89,18.36,19.87,44217047,185213,19.3607
2022-04-20T04:00:00Z,19.38,19.45,18.065,18.15,54812842,249817,18.4932
2022-04-21T04:00:00Z,18.34,18.7,16.98,17.15,62868081,277031,17.6012
2022-04-22T04:00:00Z,17.35,18.29,17.12,17.18,61388449,219256,17.5504
2022-04-25T04:00:00Z,16.81,17.4186,16.18,17.31,56616526,238299,17.0403
2022-04-26T04:00:00Z,17.235,17.41,16.16,16.36,53828753,221451,16.6197
2022-04-27T04:00:00Z,16.52,17.6863,16.52,16.76,57784114,219378,17.0114
2022-04-28T04:00:00Z,16.9,17.24,15.91,16.93,54215034,203837,16.4908
2022-04-29T04:00:00Z,17.78,18.19,16.658,16.7,64474109,242945,17.4367
2022-05-02T04:00:00Z,16.53,17.5,16.4,17.5,57008467,219978,17.0261
2022-05-03T04:00:00Z,17.29,17.84,16.95,17.53,44584611,174871,17.4715
2022-05-04T04:00:00Z,17.18,18.215,16.72,18.13,54558505,209267,17.2755
2022-05-05T04:00:00Z,17.41,17.52,14.87,15.38,96854252,358662,15.785
2022-05-06T04:00:00Z,15.61,15.8135,14.46,14.92,58510564,220736,15.0643
2022-05-09T04:00:00Z,14.33,14.525,13.48,13.55,64229684,263901,13.8831
2022-05-10T04:00:00Z,14.26,14.68,12.86,13.44,78774296,322049,13.5324
2022-05-11T04:00:00Z,13.79,14.355,12.64,12.71,87204986,297140,13.4853
2022-05-12T04:00:00Z,12.48,13.7499,11.67,13.1,84804859,325749,12.8736
2022-05-13T04:00:00Z,13.7,14.41,13.54,14.31,66357414,219510,14.1244
2022-05-16T04:00:00Z,14.81,15.43,14.28,14.55,83676422,297573,14.7536
2022-05-17T04:00:00Z,15.31,16.69,15.26,16.63,94961731,328151,16.145
2022-05-18T04:00:00Z,16.29,16.93,15.66,15.83,74065782,265602,16.2026
2022-05-19T04:00:00Z,16.11,16.8899,15.785,16.66,62472771,236696,16.5241
2022-05-20T04:00:00Z,17.5,17.6,15.68,16.44,88000103,333527,16.5164
2022-05-23T04:00:00Z,15.8,16.01,15.24,16,66855604,256882,15.6669
2022-05-24T04:00:00Z,15.53,15.53,14.4,14.63,49429561,207792,14.7534
2022-05-25T04:00:00Z,14.79,15,14.09,14.64,46030902,177793,14.5558
2022-05-26T04:00:00Z,14.52,16.13,14.33,16.03,65591005,219852,15.6852
2022-05-27T04:00:00Z,16.16,16.69,15.67,16.57,52767168,187243,16.2886
2022-05-31T04:00:00Z,17.77,17.92,16.76,17.39,109703289,292612,17.3799
2022-06-01T04:00:00Z,17.59,18.93,17.48,17.57,93666650,341205,18.0848
2022-06-02T04:00:00Z,17.54,18.85,16.99,18.85,80355428,264565,18.2883
2022-06-03T04:00:00Z,18.42,18.74,17.81,18.08,59290520,202506,18.1635
2022-06-06T04:00:00Z,18.99,19.8,18.8,19.18,70287699,270750,19.2364
2022-06-07T04:00:00Z,18.98,19.68,18.6,19.65,50542136,188460,19.3074
2022-06-08T04:00:00Z,20.32,20.45,19.86,20.38,66965440,255499,20.2025
2022-06-09T04:00:00Z,18.715,19.68,18.45,18.82,75804185,285129,19.0618
2022-06-10T04:00:00Z,18.86,19.1799,17.81,18.14,62985932,251635,18.3331
2022-06-13T04:00:00Z,17.32,17.49,15.84,15.99,62233244,256533,16.4133
2022-06-14T04:00:00Z,16.53,19.09,16.49,18.66,106873815,385442,18.1814
2022-06-15T04:00:00Z,18.96,20.26,18.18,20.11,124194647,426642,19.4408
2022-06-16T04:00:00Z,19.18,19.93,18.47,19.18,78924345,299056,19.0482
2022-06-17T04:00:00Z,19.77,20.89,19.73,20.77,85852331,327825,20.3515
2022-06-21T04:00:00Z,21.84,23.1,21.58,22.66,92266524,361263,22.6426
2022-06-22T04:00:00Z,22.34,23.13,21.93,22.55,87419901,279482,22.605
2022-06-23T04:00:00Z,23.11,23.21,22.23,23.05,79114886,314893,22.6432
2022-06-24T04:00:00Z,23.22,24.17,23.16,24.08,68521893,247204,23.7169
2022-06-27T04:00:00Z,24.13,24.43,22.85,22.95,63542180,251414,23.3665
2022-06-28T04:00:00Z,22.36,23.45,22.02,22.36,78032881,330143,22.5435
2022-06-29T04:00:00Z,20.76,22.28,20.6,21.86,73939835,297623,21.6167
2022-06-30T04:00:00Z,21.86,22.115,20.9,21.72,54774714,207011,21.5826
2022-07-01T04:00:00Z,22.32,22.495,20.95,21.36,57864134,242937,21.5143
2022-07-05T04:00:00Z,21.04,22.2,20.35,22.18,51766766,212617,21.3897
2022-07-06T04:00:00Z,21.81,21.84,20.2634,20.83,60311210,252387,20.8047
2022-07-07T04:00:00Z,21.4,23.1,21.36,22.5,73338089,288490,22.5273
2022-07-08T04:00:00Z,22.16,23.28,21.66,22.6,49747241,194042,22.6011
2022-07-11T04:00:00Z,21.6,21.74,20.5,20.57,55833802,258184,20.8265
2022-07-12T04:00:00Z,20.41,21.19,20.04,20.87,50799554,200429,20.7051
2022-07-13T04:00:00Z,20.23,21.8,20.23,21.09,52492418,201219,21.2121
2022-07-14T04:00:00Z,21.06,21.45,20.66,21.05,40677094,165313,20.9571
2022-07-15T04:00:00Z,20.84,20.9,19.93,20.72,42115882,171923,20.427
2022-07-18T04:00:00Z,20.96,21.82,20.6,20.84,41274180,157337,21.3448
2022-07-19T04:00:00Z,21.1,21.1,19.525,20.2,64251157,247432,20.0845
2022-07-20T04:00:00Z,20.01,20.9489,20.01,20.37,41187910,169251,20.4011
2022-07-21T04:00:00Z,20.16,21.1699,20.155,20.68,41245480,160149,20.6691
2022-07-22T04:00:00Z,20.72,20.78,19,19.24,56503147,225944,19.5343
2022-07-25T04:00:00Z,18.98,19.5,18.77,19.33,31249525,122378,19.1331
2022-07-26T04:00:00Z,19.35,19.74,18.91,19.04,28459384,110000,19.1948
2022-07-27T04:00:00Z,19.14,19.5,18.75,19.38,33528860,125064,19.1821
2022-07-28T04:00:00Z,19.18,19.55,18.59,19.49,31978996,129753,19.0839
2022-07-29T04:00:00Z,18.81,19.835,18.66,19.73,38088852,144755,19.3452
2022-08-01T04:00:00Z,20.19,20.76,19.868,20.18,55745432,216089,20.347
2022-08-02T04:00:00Z,19.68,20.95,19.61,20.18,52153809,189721,20.26
2022-08-03T04:00:00Z,20.31,20.37,19.43,20.3,45143672,183923,19.9889
2022-08-04T04:00:00Z,20.39,21.47,20.325,20.9,38305199,174170,21.0351
2022-08-05T04:00:00Z,20.53,20.68,19.88,20.22,34794602,139107,20.1468
2022-08-08T04:00:00Z,20.25,20.788,20.15,20.17,30434547,119383,20.4516
2022-08-09T04:00:00Z,20.23,20.24,19.01,19.17,38895973,162958,19.4085
2022-08-10T04:00:00Z,19.58,20.07,19.07,20.05,36387664,146050,19.7357
2022-08-11T04:00:00Z,20.4,21.9699,20.08,20.82,57029949,223933,21.2793
2022-08-12T04:00:00Z,20.26,21.17,19.79,21.11,35477814,137758,20.6777
2022-08-15T04:00:00Z,20.51,21.545,20.47,21.3,38033107,146373,21.0661
2022-08-16T04:00:00Z,21.15,21.15,20.405,20.91,33004841,128494,20.8343
2022-08-17T04:00:00Z,20.68,21.02,20.06,20.08,27064348,109025,20.3625
2022-08-18T04:00:00Z,20.02,20.18,19.51,19.91,22321292,95888,19.8839
2022-08-19T04:00:00Z,19.62,19.71,18.92,19.05,24813803,113281,19.1486
2022-08-22T04:00:00Z,18.88,19.26,18.66,18.95,28257623,119501,18.9993
2022-08-23T04:00:00Z,18.69,18.8,17.73,18.29,35087454,150804,18.334
2022-08-24T04:00:00Z,18.01,19.23,18,18.87,30364249,117227,18.8173
2022-08-25T04:00:00Z,19.43,20.37,18.76,20.08,43385474,174322,19.8039
2022-08-26T04:00:00Z,20.77,21.26,19.81,19.92,65403730,209371,20.3052
2022-08-29T04:00:00Z,19.66,20.67,19.64,19.81,34228198,141526,20.0244
2022-08-30T04:00:00Z,19.85,20.22,19.3,19.83,30520456,129336,19.6429
2022-08-31T04:00:00Z,20.11,20.38,19.28,19.91,44811779,135114,19.7625
2022-09-01T04:00:00Z,19.28,19.35,18.09,18.79,48881451,203189,18.6067
2022-09-02T04:00:00Z,18.43,18.65,17.71,17.73,44933552,176822,18.0069
2022-09-06T04:00:00Z,17.6,17.81,17.09,17.11,33455214,157565,17.2958
2022-09-07T04:00:00Z,16.54,18.3694,16.54,17.48,60046410,236681,17.577
2022-09-08T04:00:00Z,17.37,17.7,16.985,17.68,31545320,126109,17.4586
2022-09-09T04:00:00Z,18.4,19.59,18.29,19.16,56356287,218459,19.1496
2022-09-12T04:00:00Z,20.1,21.875,20.01,21.75,88918737,350701,21.1954
2022-09-13T04:00:00Z,20.95,22.3,20.845,21.97,80128206,326585,21.8343
2022-09-14T04:00:00Z,21.47,22.09,21.03,21.94,48356187,186865,21.6472
2022-09-15T04:00:00Z,21.51,22.74,21.25,21.51,44870784,164007,21.9127
2022-09-16T04:00:00Z,21.1,21.35,19.96,20.15,78504209,203961,20.3586
2022-09-19T04:00:00Z,19.75,20.96,19.75,20.9,37404074,144829,20.567
2022-09-20T04:00:00Z,20.7,20.95,20.21,20.41,30045270,111262,20.5014
2022-09-21T04:00:00Z,20.12,20.16,18.25,18.3,65854205,257814,18.9491
2022-09-22T04:00:00Z,18.51,19.18,18.09,18.35,37629079,143866,18.5209
2022-09-23T04:00:00Z,18,18.21,17.42,17.64,40254055,158553,17.7435
2022-09-26T04:00:00Z,17.77,18.4,17.53,17.62,44481835,153865,17.8854
2022-09-27T04:00:00Z,18.18,18.23,16.975,17.19,42633497,151655,17.4221
2022-09-28T04:00:00Z,16.8,17.46,16.66,17.33,38400895,141062,17.1059
2022-09-29T04:00:00Z,16.83,16.94,15.37,15.58,52897879,198778,15.8764
2022-09-30T04:00:00Z,15.21,16.15,15.2,15.77,40703858,138785,15.8138
2022-10-03T04:00:00Z,15.85,15.94,15.275,15.49,40627606,143748,15.5803
2022-10-04T04:00:00Z,16.17,16.879,15.95,16.73,46089833,174471,16.5219
2022-10-05T04:00:00Z,16.48,16.679,15.64,16.04,40560006,148809,15.9988
2022-10-06T04:00:00Z,16,16.24,14.76,14.77,69010867,248796,15.1253
2022-10-07T04:00:00Z,14.29,14.53,13.54,13.76,54387092,212045,13.8776
2022-10-10T04:00:00Z,13.66,13.73,13.02,13.28,49909049,190897,13.3575
2022-10-11T04:00:00Z,13.13,13.42,12.58,12.83,52688314,174509,12.9574
2022-10-12T04:00:00Z,12.93,13.455,12.48,12.88,50974284,171775,12.8468
2022-10-13T04:00:00Z,12.35,12.85,11.95,12.78,54488116,185178,12.5224
2022-10-14T04:00:00Z,12.99,13.18,11.73,11.75,60966328,214979,12.2275
2022-10-17T04:00:00Z,12.19,12.64,12.121,12.21,52258247,169142,12.3495
2022-10-18T04:00:00Z,13.08,13.22,12.09,12.21,59535083,186342,12.4144
2022-10-19T04:00:00Z,11.8,11.9,10.71,10.92,100416045,341666,11.1487
2022-10-20T04:00:00Z,11.03,11.43,10.88,10.97,49240549,152253,11.123
2022-10-21T04:00:00Z,10.67,11.21,10.4101,11.21,43288216,134572,10.9186
2022-10-24T04:00:00Z,10.01,10.03,8.375,9.45,168875615,529720,9.15073
2022-10-25T04:00:00Z,9.81,10.63,9.53,10.63,101747932,282407,10.2243
2022-10-26T04:00:00Z,10.44,11.085,10.23,10.81,80870896,234806,10.8259
2022-10-27T04:00:00Z,10.53,10.73,9.965,9.98,65343232,223080,10.2199
2022-10-28T04:00:00Z,9.5,9.98,9.28,9.69,75595009,223755,9.53137
2022-10-31T04:00:00Z,9.51,10.05,9.38,9.67,48968722,146301,9.7766
2022-11-01T04:00:00Z,10.33,10.45,9.685,9.71,57441888,171961,9.96382
2022-11-02T04:00:00Z,9.6,10.13,9.48,9.49,77425623,210323,9.7702
2022-11-03T04:00:00Z,9.19,10.17,9.03,9.94,65678024,182228,9.81046
2022-11-04T04:00:00Z,11,11.69,10.6,11.68,127345226,343852,11.3237
2022-11-07T05:00:00Z,12.23,12.38,10.7,10.98,84143588,256820,11.2261
2022-11-08T05:00:00Z,10.68,10.8697,10.08,10.56,61734919,185156,10.4838
2022-11-09T05:00:00Z,10,10.175,9.14,9.25,81211776,233034,9.49818
2022-11-10T05:00:00Z,10.3,10.83,10.05,10.34,84026754,239096,10.3869
2022-11-11T05:00:00Z,10.79,11.69,10.54,11.56,100338560,299391,11.3338
2022-11-14T05:00:00Z,11.86,12.12,11.17,11.17,62011983,185047,11.4687
2022-11-15T05:00:00Z,11.905,11.95,11.36,11.51,63244226,168405,11.6292
2022-11-16T05:00:00Z,11.17,11.29,10.45,10.53,49624855,156274,10.6723
2022-11-17T05:00:00Z,10.25,10.715,9.93,10.67,62563462,196340,10.3703
2022-11-18T05:00:00Z,10.65,10.81,10.26,10.47,49185575,147178,10.4674
2022-11-21T05:00:00Z,10.22,10.25,9.67,10.02,53072146,174615,9.92791
2022-11-22T05:00:00Z,9.87,10.1,9.75,10.01,36096337,114117,9.91079
2022-11-23T05:00:00Z,10.31,10.735,10.24,10.56,49399120,150857,10.5509
2022-11-25T05:00:00Z,10.26,10.3,9.96,10.17,23487640,79828,10.1357
2022-11-28T05:00:00Z,10.05,10.63,9.99,10.12,39198805,129285,10.3375
2022-11-29T05:00:00Z,10.65,10.9,10.39,10.5,48292293,145357,10.6528
2022-11-30T05:00:00Z,11.34,13.27,11.34,12.78,173184958,496572,12.4802
2022-12-01T05:00:00Z,12.35,12.55,11.95,12.09,59583374,196948,12.206
2022-12-02T05:00:00Z,12.06,13.32,11.97,13.13,106001418,302479,12.9306
2022-12-05T05:00:00Z,13.99,14.03,12.59,12.8,94815793,300895,13.0154
2022-12-06T05:00:00Z,13,13.28,12.43,13.24,62747576,178099,12.946
2022-12-07T05:00:00Z,12.42,12.715,12.145,12.58,52840541,168569,12.4633
2022-12-08T05:00:00Z,13,13.55,12.88,13.41,52377739,157396,13.2918
2022-12-09T05:00:00Z,13.17,13.32,12.6201,12.63,43899333,136457,12.9379
2022-12-12T05:00:00Z,12.3,12.58,12.16,12.49,35211112,120627,12.3587
2022-12-13T05:00:00Z,13.11,13.24,12.03,12.31,52084305,167381,12.589
2022-12-14T05:00:00Z,12.45,12.53,11.9701,12.1,33251867,112633,12.2115
2022-12-15T05:00:00Z,12.33,12.6299,11.68,11.88,41620865,136681,11.9897
2022-12-16T05:00:00Z,12.13,12.38,11.595,11.6,46257812,129318,11.8603
2022-12-19T05:00:00Z,11.655,11.655,10.83,11.06,40564575,140035,11.0841
2022-12-20T05:00:00Z,10.67,11.59,10.58,11.09,44765263,134821,11.1675
2022-12-21T05:00:00Z,11.07,11.705,10.86,11.61,34243991,102272,11.4107
2022-12-22T05:00:00Z,11.45,11.58,10.76,11.29,32468886,104130,11.1359
2022-12-23T05:00:00Z,11.22,11.22,10.69,10.97,33610331,99667,10.9217
2022-12-27T05:00:00Z,10.53,10.61,9.97,10.06,54165749,173947,10.162
2022-12-28T05:00:00Z,10.01,10.25,9.61,9.8,42225321,144938,9.84649
2022-12-29T05:00:00Z,9.92,10.27,9.77,9.99,49380227,139121,10.0254
2022-12-30T05:00:00Z,9.83,9.98,9.52,9.75,40725836,104599,9.73218
2023-01-03T05:00:00Z,10.21,10.505,9.5,9.63,54095603,180236,9.91344
2023-01-04T05:00:00Z,9.97,10.9,9.85,10.63,63723786,184305,10.4796
2023-01-05T05:00:00Z,10.39,10.97,10.24,10.86,37262747,117533,10.7088
2023-01-06T05:00:00Z,10.06,10.385,9.5,10.37,70805523,216033,9.91302
2023-01-09T05:00:00Z,10.63,11.12,10.63,10.76,42870126,130026,10.8993
2023-01-10T05:00:00Z,11.1,11.38,10.68,11.24,44315541,140026,11.0448
2023-01-11T05:00:00Z,11.35,11.72,10.99,11.51,42554540,131017,11.4667
2023-01-12T05:00:00Z,11.49,11.81,11.125,11.81,40125272,118708,11.4788
2023-01-13T05:00:00Z,11.44,11.81,11.23,11.8,41529217,124799,11.5396
2023-01-17T05:00:00Z,11.32,11.51,11.09,11.41,48895649,148209,11.3067
2023-01-18T05:00:00Z,11.485,11.69,10.98,11.01,43306240,126580,11.2337
2023-01-19T05:00:00Z,10.88,11.175,10.62,10.77,33638133,99588,10.8406
2023-01-20T05:00:00Z,10.95,11.34,10.83,11.07,38855891,100919,11.0965
2023-01-23T05:00:00Z,11.28,12.35,11.15,12.06,64034111,181438,11.9827
2023-01-24T05:00:00Z,14.36,14.36,11.06,11.68,37478554,116690,11.8572
2023-01-25T05:00:00Z,11.46,11.77,11.28,11.63,26347244,86266,11.5353
2023-01-26T05:00:00Z,12.43,12.47,11.8,12.17,51635145,149315,12.0935
2023-01-27T05:00:00Z,12.145,13.22,11.98,12.71,69483976,192176,12.6232
2023-01-30T05:00:00Z,12.43,12.44,11.85,12.02,54969955,180336,12.0901
2023-01-31T05:00:00Z,11.91,12.355,11.76,12.07,45863141,130513,12.1134
2023-02-01T05:00:00Z,12.24,12.32,11.585,12.1,65907216,182853,11.9387
2023-02-02T05:00:00Z,12.12,12.37,11.81,11.96,68872821,169442,12.0853
2023-02-03T05:00:00Z,11.65,11.9,11.16,11.19,55594824,166219,11.5227
2023-02-06T05:00:00Z,10.95,11.03,10.67,10.93,45482552,144520,10.8409
2023-02-07T05:00:00Z,11,11.02,10.56,10.92,35350748,109249,10.7685
2023-02-08T05:00:00Z,10.75,10.91,10.58,10.65,28370236,88616,10.7001
2023-02-09T05:00:00Z,10.97,11.02,10.37,10.47,40466261,115680,10.6918
2023-02-10T05:00:00Z,10.25,10.39,10.02,10.31,38274432,112103,10.2383
2023-02-13T05:00:00Z,10.47,10.54,10.28,10.31,30815835,95892,10.4002
2023-02-14T05:00:00Z,10.19,10.35,9.91,10.31,38028610,115453,10.1389
2023-02-15T05:00:00Z,10.09,10.5,10.09,10.5,35925516,110623,10.3325
2023-02-16T05:00:00Z,10.46,10.6,10.185,10.19,38647013,120675,10.3865
2023-02-17T05:00:00Z,10.1,10.2377,9.9301,10.19,37357806,104467,10.0819
2023-02-21T05:00:00Z,10.05,10.31,9.9599,10.03,35046665,104572,10.098
2023-02-22T05:00:00Z,10.01,10.2059,9.9,10.18,34099396,103528,10.0767
2023-02-23T05:00:00Z,10.39,10.4,9.58,9.79,50261645,144606,9.84749
2023-02-24T05:00:00Z,9.51,9.515,9.13,9.3,56659010,156209,9.26295
2023-02-27T05:00:00Z,9.53,9.585,9.24,9.33,42356413,119331,9.34474
2023-02-28T05:00:00Z,9.2,9.44,9.12,9.39,53310754,134860,9.29145
2023-03-01T05:00:00Z,9.335,9.45,8.77,8.83,82172521,249535,8.93248
2023-03-02T05:00:00Z,8.5,9.12,8.31,9.09,73358795,187122,8.80321
2023-03-03T05:00:00Z,8.97,9.7,8.92,9.57,60641121,153590,9.50023
2023-03-06T05:00:00Z,9.5,9.64,9.3,9.31,35308771,99879,9.45571
2023-03-07T05:00:00Z,9.19,9.255,8.87,8.97,45081476,134357,9.01281
2023-03-08T05:00:00Z,8.865,9.18,8.67,9.18,39709092,113666,8.98134
2023-03-09T05:00:00Z,9.01,9.1693,8.715,8.79,48894342,116508,8.88339
2023-03-10T05:00:00Z,8.78,8.81,8.33,8.51,46539642,143453,8.53821
2023-03-13T04:00:00Z,8.35,8.69,8.03,8.55,43861475,131266,8.44611
2023-03-14T04:00:00Z,8.51,8.555,8.345,8.42,36783141,93057,8.44534
2023-03-15T04:00:00Z,8.21,8.32,8.07,8.25,40281681,106485,8.19418
2023-03-16T04:00:00Z,8.13,8.54,8.1,8.5,27761077,78910,8.35068
2023-03-17T04:00:00Z,8.54,8.74,8.18,8.26,38226425,100180,8.35634
2023-03-20T04:00:00Z,8.1,9.06,8.065,8.75,56190647,156549,8.67864
2023-03-21T04:00:00Z,8.96,9.37,8.9101,9.27,52342775,132601,9.24272
2023-03-22T04:00:00Z,9.5,9.53,9.06,9.09,36811681,115910,9.27338
2023-03-23T04:00:00Z,9.35,9.455,9.13,9.27,30132788,86755,9.31637
2023-03-24T04:00:00Z,9.22,9.23,8.83,9.07,28659635,83510,9.00265
2023-03-27T04:00:00Z,9.03,9.13,8.835,8.93,20452452,63144,8.96073
2023-03-28T04:00:00Z,9.15,9.27,9.03,9.2,31341451,91668,9.16711
2023-03-29T04:00:00Z,9.3,9.95,9.26,9.83,56384485,141164,9.71678
2023-03-30T04:00:00Z,10,10.75,9.94,10.46,66081898,159456,10.4066
2023-03-31T04:00:00Z,10.31,10.6,10.2,10.51,35781849,98659,10.4876
2023-04-03T04:00:00Z,10.41,10.51,9.67,9.8,56526152,148272,9.89392
2023-04-04T04:00:00Z,9.615,9.79,9.12,9.21,53384386,139688,9.3043
2023-04-05T04:00:00Z,9.19,9.19,8.75,8.96,33805937,96399,8.9198
2023-04-06T04:00:00Z,8.94,9.07,8.83,9.01,23019759,68219,8.98879
2023-04-10T04:00:00Z,8.86,9.08,8.78,9.05,26228694,76738,8.96349
2023-04-11T04:00:00Z,9.19,9.785,9.18,9.52,44751330,111633,9.52213
2023-04-12T04:00:00Z,9.56,9.56,8.96,9.01,48106844,116442,9.12296
2023-04-13T04:00:00Z,9.21,9.28,9.02,9.1,25070000,74545,9.13777
2023-04-14T04:00:00Z,9.07,9.45,9.0025,9.27,30887753,79077,9.25272
2023-04-17T04:00:00Z,9.54,10.025,9.51,9.83,48548298,119770,9.81923
2023-04-18T04:00:00Z,9.78,9.81,9.445,9.47,26811964,74478,9.57832
2023-04-19T04:00:00Z,9.16,9.2,8.77,8.79,60655930,152592,8.85735
2023-04-20T04:00:00Z,8.54,8.58,8.16,8.28,59580503,153873,8.33252
2023-04-21T04:00:00Z,8.3,8.38,8.05,8.33,34011316,96153,8.25591
2023-04-24T04:00:00Z,8.38,8.4,8.16,8.29,29843616,78280,8.27342
2023-04-25T04:00:00Z,8.16,8.16,7.6,7.9,88508387,197899,7.84662
2023-04-26T04:00:00Z,8.09,8.2,7.65,7.68,56070145,133972,7.79101
2023-04-27T04:00:00Z,7.7,7.97,7.612,7.97,36937548,89173,7.80951
2023-04-28T04:00:00Z,7.88,8.01,7.66,7.87,38973891,94759,7.87332
2023-05-01T04:00:00Z,7.83,7.86,7.545,7.81,39623717,100300,7.71221
2023-05-02T04:00:00Z,7.65,7.75,7.33,7.45,53990062,123586,7.45714
2023-05-03T04:00:00Z,7.43,7.77,7.4,7.64,39778468,85501,7.57511
2023-05-04T04:00:00Z,7.75,8.12,7.75,8.06,50555823,110851,7.97893
2023-05-05T04:00:00Z,8.14,8.37,8.1,8.15,34595038,82581,8.242
2023-05-08T04:00:00Z,8.27,8.54,8.03,8.27,30996542,80956,8.22322
2023-05-09T04:00:00Z,7.93,8.22,7.85,8.16,24846300,63671,8.0712
2023-05-10T04:00:00Z,8.2,8.52,8.04,8.13,47366606,115161,8.23278
2023-05-11T04:00:00Z,8.145,8.45,8.09,8.45,48355750,97594,8.29616
2023-05-12T04:00:00Z,8.265,8.34,7.94,7.95,42060606,97412,8.04071
2023-05-15T04:00:00Z,8.06,8.28,7.9,8.25,35602374,79858,8.12926
2023-05-16T04:00:00Z,8.1,8.105,7.815,7.91,33815256,84663,7.94377
2023-05-17T04:00:00Z,7.82,8.05,7.79,8.03,33411502,72673,7.95457
2023-05-18T04:00:00Z,7.94,8.03,7.73,7.82,46481475,110351,7.84724
2023-05-19T04:00:00Z,7.9,8.14,7.845,8.07,41479548,90284,8.01482
2023-05-22T04:00:00Z,8.25,8.85,8.24,8.79,73546862,171637,8.68932
2023-05-23T04:00:00Z,8.64,8.85,8.59,8.75,38539966,94866,8.75185
2023-05-24T04:00:00Z,8.14,8.21,7.72,7.92,84695751,190038,7.87636
2023-05-25T04:00:00Z,7.855,7.86,7.51,7.54,48702805,122455,7.59165
2023-05-26T04:00:00Z,7.74,7.84,7.54,7.7,42967915,100277,7.69273
2023-05-30T04:00:00Z,7.8,7.92,7.35,7.41,63374757,146914,7.53776
2023-05-31T04:00:00Z,7.44,7.54,7.15,7.53,89228250,144974,7.37717
2023-06-01T04:00:00Z,7.24,7.64,7,7.54,74201553,162758,7.40315
2023-06-02T04:00:00Z,7.84,7.99,7.56,7.56,62511457,145486,7.7546
2023-06-05T04:00:00Z,7.66,7.9,7.5998,7.67,43185575,95579,7.73281
2023-06-06T04:00:00Z,7.66,7.88,7.3,7.88,79001901,148056,7.6165
2023-06-07T04:00:00Z,7.8,7.97,7.58,7.76,47289106,103232,7.78151
2023-06-08T04:00:00Z,7.8,7.89,7.6,7.79,64405844,141389,7.71134
2023-06-09T04:00:00Z,7.84,8.75,7.69,7.73,140273488,325872,8.11976
2023-06-12T04:00:00Z,8.09,8.6,8.07,8.4,100941443,236242,8.38536
2023-06-13T04:00:00Z,8.73,9.07,8.6,8.89,81692773,181802,8.8431
2023-06-14T04:00:00Z,9.07,9.19,8.8,9.05,60867175,155752,8.98513
2023-06-15T04:00:00Z,9.1,9.895,9.05,9.79,97116491,241898,9.6147
2023-06-16T04:00:00Z,10.15,10.21,9.35,9.4,81400059,201137,9.63537
2023-06-20T04:00:00Z,9.17,9.41,9.06,9.35,52865998,143409,9.26
2023-06-21T04:00:00Z,9.54,9.84,8.96,9.07,66266585,155501,9.30719
2023-06-22T04:00:00Z,9.03,9.03,8.74,8.92,28909852,79636,8.90655
2023-06-23T04:00:00Z,8.62,8.75,8.28,8.43,41944309,115831,8.43923
2023-06-26T04:00:00Z,8.53,8.69,8.395,8.4,33684129,89701,8.50578
2023-06-27T04:00:00Z,8.72,9.34,8.66,9.34,73607612,148645,9.10076
2023-06-28T04:00:00Z,9.4,9.56,9.18,9.52,44832940,99331,9.41609
2023-06-29T04:00:00Z,9.4,9.51,9.25,9.39,38589920,94082,9.34451
2023-06-30T04:00:00Z,9.63,10.09,9.59,9.69,63060332,146184,9.78923
2023-07-03T04:00:00Z,10.15,10.49,9.79,10.03,68970052,156329,10.0858
2023-07-05T04:00:00Z,10.01,10.39,9.81,10.22,62900546,145553,10.2158
2023-07-06T04:00:00Z,9.97,10.01,9.49,9.56,53278441,136439,9.66274
2023-07-07T04:00:00Z,9.75,10.09,9.66,9.99,51005238,122399,9.91394
2023-07-10T04:00:00Z,9.97,10.825,9.79,10.78,84529574,206316,10.538
2023-07-11T04:00:00Z,10.96,11.05,10.44,10.81,69547490,179519,10.7666
2023-07-12T04:00:00Z,11.02,11.22,10.71,11.16,61266099,147375,11.0226
2023-07-13T04:00:00Z,11.24,11.32,10.72,10.76,60022472,153869,10.9117
2023-07-14T04:00:00Z,10.67,10.84,10.46,10.54,40233548,104620,10.576
2023-07-17T04:00:00Z,10.3,10.63,10.21,10.56,28845712,87584,10.4942
2023-07-18T04:00:00Z,10.73,10.83,10.27,10.42,35151563,95563,10.5195
2023-07-19T04:00:00Z,10.58,11.1,10.58,10.64,51786921,130940,10.833
2023-07-20T04:00:00Z,10.47,10.5,10.22,10.32,34681100,93791,10.3573
2023-07-21T04:00:00Z,10.5,10.77,10.38,10.58,33088980,88135,10.574
2023-07-24T04:00:00Z,10.905,12.05,10.84,11.73,108759293,288452,11.6187
2023-07-25T04:00:00Z,12.34,12.83,11.88,11.91,102994581,280631,12.2339
2023-07-26T04:00:00Z,12.4,13.375,12.21,13.17,137044606,402535,13.032
2023-07-27T04:00:00Z,13.86,13.87,13.16,13.24,103657385,278330,13.5014
2023-07-28T04:00:00Z,13.8,14.78,13.5607,14.74,115315759,302606,14.3111
2023-07-31T04:00:00Z,15.12,15.46,14.73,15.3,117335972,361284,15.1486
2023-08-01T04:00:00Z,14.86,15.255,14.41,14.63,90101889,268208,14.8169
2023-08-02T04:00:00Z,13.8,14.7598,13.67,14.57,79548601,250177,14.3725
2023-08-03T04:00:00Z,14.68,15.86,14.66,15.46,86718646,260950,15.4663
2023-08-04T04:00:00Z,15.86,16.18,14.7,14.72,85225321,250946,15.1564
2023-08-07T04:00:00Z,15.02,15.2,14.38,14.82,53768446,156846,14.6963
2023-08-08T04:00:00Z,13.95,14.17,13.73,14.07,63081147,185491,13.9644
2023-08-09T04:00:00Z,13.945,14.12,13.2141,13.46,57706699,160211,13.5301
2023-08-10T04:00:00Z,13.61,13.97,13.19,13.25,55642979,158543,13.4724
2023-08-11T04:00:00Z,12.77,13.01,12.551,12.9,54695740,175216,12.8298
2023-08-14T04:00:00Z,12.4,12.555,11.94,12.52,67398246,207029,12.3116
2023-08-15T04:00:00Z,12.26,12.34,11.55,11.83,71428643,203190,11.8202
2023-08-16T04:00:00Z,11.18,11.76,11.15,11.4,59478353,179087,11.4971
2023-08-17T04:00:00Z,11.91,12.405,11.47,11.5,73315610,205443,11.7393
2023-08-18T04:00:00Z,10.95,11.15,10.62,10.67,68527020,196871,10.7982
2023-08-21T04:00:00Z,10.73,11.17,10.535,10.95,54080133,156161,10.9579
2023-08-22T04:00:00Z,11.29,11.33,10.5304,10.79,43691859,132735,10.7518
2023-08-23T04:00:00Z,10.56,11,10.5,10.84,30404955,84531,10.8463
2023-08-24T04:00:00Z,10.96,11.11,10.615,10.64,27131735,91956,10.7349
2023-08-25T04:00:00Z,10.58,10.8691,10.48,10.83,31666242,89523,10.7142
2023-08-28T04:00:00Z,11.05,11.13,10.7,11.02,41943223,125741,10.9079
2023-08-29T04:00:00Z,10.3,10.94,9.46,10.89,124332166,331251,10.2896
2023-08-30T04:00:00Z,10.43,10.79,10.39,10.67,46265633,118450,10.5851
2023-08-31T04:00:00Z,10.73,10.8,10.26,10.27,51094253,125601,10.4667
2023-09-01T04:00:00Z,10.53,11.35,10.5,11,77064189,206036,11.0115
2023-09-05T04:00:00Z,10.73,11.18,10.72,10.81,37911836,112512,10.8519
2023-09-06T04:00:00Z,10.71,10.91,10.47,10.58,31426073,86928,10.6091
2023-09-07T04:00:00Z,10.17,10.27,9.93,10.08,44603828,122802,10.0579
2023-09-08T04:00:00Z,10.06,10.15,9.92,10.04,26236138,73564,10.0159
2023-09-11T04:00:00Z,10.39,10.43,10.02,10.33,31145664,89961,10.2406
2023-09-12T04:00:00Z,10.23,10.88,10.21,10.57,38296977,103992,10.6376
2023-09-13T04:00:00Z,10.2,10.47,10.06,10.07,36890018,109485,10.1891
2023-09-14T04:00:00Z,10.15,10.38,10.135,10.38,26475948,80306,10.2824
2023-09-15T04:00:00Z,10.53,10.72,10.29,10.43,40105904,103085,10.4321
2023-09-18T04:00:00Z,10.37,10.47,10.215,10.31,22615008,69623,10.3702
2023-09-19T04:00:00Z,9.54,9.6,8.41,8.55,215935823,445550,8.88779
2023-09-20T04:00:00Z,8.76,9.06,8.67,8.82,122782117,189272,8.85306
2023-09-21T04:00:00Z,8.45,8.62,8.35,8.45,49441391,113908,8.50348
2023-09-22T04:00:00Z,8.74,8.795,8.45,8.53,36245149,90853,8.56552
2023-09-25T04:00:00Z,8.07,8.45,7.93,8.35,56326955,162661,8.23989
2023-09-26T04:00:00Z,8.15,8.58,7.925,8.41,42481589,106693,8.3844
2023-09-27T04:00:00Z,8.38,8.51,8.3,8.46,24089856,66073,8.39553
2023-09-28T04:00:00Z,8.37,8.99,8.36,8.91,55093424,133579,8.81707
2023-09-29T04:00:00Z,9.11,9.22,8.8648,9.04,40994082,100953,9.0175
2023-10-02T04:00:00Z,8.9,9,8.7,8.79,38390578,96160,8.79633
2023-10-03T04:00:00Z,8.55,8.76,8.54,8.61,27185726,72501,8.6498
2023-10-04T04:00:00Z,8.51,8.85,8.48,8.83,28056873,71530,8.7098
2023-10-05T04:00:00Z,8.67,8.71,8.51,8.66,21933488,62246,8.62011
2023-10-06T04:00:00Z,8.49,8.75,8.46,8.72,23335960,61411,8.66022
2023-10-09T04:00:00Z,8.51,8.535,8.11,8.34,39704416,100871,8.27102
2023-10-10T04:00:00Z,8.35,8.88,8.35,8.83,42385734,97889,8.7356
2023-10-11T04:00:00Z,8.95,9.19,8.9,8.97,34029928,87614,9.02361
2023-10-12T04:00:00Z,8.88,8.97,8.38,8.44,37144128,91342,8.58162
2023-10-13T04:00:00Z,8.4,8.55,8.27,8.47,28408518,71448,8.37328
2023-10-16T04:00:00Z,8.37,8.53,8.245,8.52,24550097,67105,8.42504
2023-10-17T04:00:00Z,8.33,8.65,8.29,8.53,18390153,51389,8.52277
2023-10-18T04:00:00Z,8.53,8.54,7.865,7.91,51395167,122187,8.04566
2023-10-19T04:00:00Z,7.76,7.88,7.585,7.69,39606103,112171,7.72559
2023-10-20T04:00:00Z,7.52,7.85,7.47,7.58,31787780,85408,7.68531
2023-10-23T04:00:00Z,7.49,7.7,7.31,7.59,33550405,93161,7.56332
2023-10-24T04:00:00Z,7.56,8.12,7.56,8.09,42841661,104856,7.93149
2023-10-25T04:00:00Z,7.82,7.85,7.6,7.6,28413837,87026,7.6677
2023-10-26T04:00:00Z,7.62,7.8,7.52,7.63,27283563,66865,7.63658
2023-10-27T04:00:00Z,7.78,7.81,7.385,7.44,33773480,95678,7.47567
2023-10-30T04:00:00Z,7.56,7.64,7.395,7.52,25727706,76824,7.52099
2023-10-31T04:00:00Z,7.34,7.4,7.18,7.3,29679173,83769,7.28193
2023-11-01T04:00:00Z,7.31,7.45,7.19,7.45,33335132,81644,7.32119
2023-11-02T04:00:00Z,7.72,7.93,7.6905,7.79,43628446,105745,7.83209
2023-11-03T04:00:00Z,8.01,8.3,7.87,8.23,56108848,135104,8.13802
2023-11-06T05:00:00Z,8.45,8.505,7.86,7.97,43859700,108448,8.04731
2023-11-07T05:00:00Z,7.88,7.9,7.7,7.89,25233503,74352,7.80442
2023-11-08T05:00:00Z,7.81,8,7.675,7.92,37957625,103923,7.86199
2023-11-09T05:00:00Z,7.82,7.96,7.46,7.47,36134834,96992,7.64244
2023-11-10T05:00:00Z,7.61,7.64,7.16,7.24,39953744,110161,7.27715
2023-11-13T05:00:00Z,7.27,7.43,7.11,7.22,34211248,83794,7.2762
2023-11-14T05:00:00Z,7.36,7.635,7.33,7.58,43383083,93195,7.49636
2023-11-15T05:00:00Z,7.64,8.2,7.63,7.94,55973995,128526,7.96051
2023-11-16T05:00:00Z,7.58,7.5913,7.14,7.4,68818765,168251,7.2926
2023-11-17T05:00:00Z,7.4,7.499,7.25,7.39,26852182,73633,7.3409
2023-11-20T05:00:00Z,7.68,8.0277,7.6469,7.8,62067268,130971,7.87361
2023-11-21T05:00:00Z,7.62,7.71,7.42,7.51,35697216,88033,7.51399
2023-11-22T05:00:00Z,7.58,7.635,7.3641,7.47,22087947,67100,7.45248
2023-11-24T05:00:00Z,7.4,7.48,7.28,7.4,22881083,55778,7.38522
2023-11-27T05:00:00Z,7.31,7.38,7.18,7.19,33857639,94013,7.27189
2023-11-28T05:00:00Z,7.2,7.26,7.02,7.21,47842465,113798,7.16569
2023-11-29T05:00:00Z,7.29,7.515,7.13,7.18,47706964,107342,7.27758
2023-11-30T05:00:00Z,7.25,7.34,7.13,7.27,45953446,85386,7.23055
2023-12-01T05:00:00Z,7.14,7.26,7.01,7.15,46777985,106860,7.13205
2023-12-04T05:00:00Z,7.14,7.38,7.03,7.32,53717890,113495,7.26768
2023-12-05T05:00:00Z,7.59,7.96,7.38,7.43,89837096,202033,7.6271
2023-12-06T05:00:00Z,7.65,8.28,7.59,7.75,118989350,216489,7.9594
2023-12-07T05:00:00Z,7.85,7.96,7.43,7.49,63206593,134985,7.58142
2023-12-08T05:00:00Z,7.365,7.57,7.3,7.38,42786187,97361,7.43175
2023-12-11T05:00:00Z,7.49,7.7,7.405,7.68,39418171,85083,7.55896
2023-12-12T05:00:00Z,7.59,7.6,7.17,7.27,59007242,132223,7.26927
2023-12-13T05:00:00Z,7.17,7.45,7.05,7.43,57470154,121645,7.22001
2023-12-14T05:00:00Z,7.47,8.015,7.46,7.86,94106081,181220,7.8189
2023-12-15T05:00:00Z,8.02,8.14,7.74,7.98,71384369,143179,7.94376
2023-12-18T05:00:00Z,8.59,8.64,8.23,8.35,131952971,256496,8.3905
2023-12-19T05:00:00Z,8.515,8.9,8.51,8.82,88664037,176167,8.77727
2023-12-20T05:00:00Z,8.63,8.7,7.92,7.92,105322270,211247,8.29365
2023-12-21T05:00:00Z,8.15,8.3091,7.99,8.29,48972682,99005,8.12838
2023-12-22T05:00:00Z,8.1,8.59,8.08,8.42,56076019,114991,8.45443
2023-12-26T05:00:00Z,8.77,9.43,8.63,9.33,130928314,269068,9.17715
2023-12-27T05:00:00Z,9.26,9.33,8.89,9.1,99997199,207689,9.07617
2023-12-28T05:00:00Z,9.16,9.57,9.12,9.43,91988342,179905,9.41066
2023-12-29T05:00:00Z,9.43,9.53,8.95,9.07,74905085,166204,9.13513
2024-01-02T05:00:00Z,8.93,8.94,8.38,8.42,81640311,201448,8.53812
2024-01-03T05:00:00Z,8.12,8.56,8.1,8.5,58659343,133055,8.36642
2024-01-04T05:00:00Z,8.33,8.465,8.25,8.27,38412269,85063,8.34309
2024-01-05T05:00:00Z,8.16,8.25,8.03,8.06,40831670,93440,8.13195
2024-01-08T05:00:00Z,7.86,8.05,7.73,7.93,49933553,116262,7.91401
2024-01-09T05:00:00Z,7.8,7.84,7.52,7.56,70100947,140164,7.65227
2024-01-10T05:00:00Z,7.53,7.55,7.31,7.41,54569578,122440,7.41088
2024-01-11T05:00:00Z,7.57,7.665,7.325,7.4,52385008,113247,7.44183
2024-01-12T05:00:00Z,7.26,7.53,7.16,7.17,49034582,106045,7.2791
2024-01-16T05:00:00Z,7.04,7.05,6.45,6.55,121078877,279560,6.67514
2024-01-17T05:00:00Z,6.21,6.42,6.12,6.3,63011767,141989,6.30349
2024-01-18T05:00:00Z,6.5,6.54,6.1,6.28,71543532,138112,6.28813
2024-01-19T05:00:00Z,6.16,6.16,5.86,6.06,82433119,166251,6.00019
2024-01-22T05:00:00Z,5.83,6.17,5.8,5.98,74314672,149821,5.98186
2024-01-23T05:00:00Z,6.4,6.876,6.17,6.21,119010793,213394,6.45509
2024-01-24T05:00:00Z,6.5,6.59,6.01,6.07,76000956,136621,6.1906
2024-01-25T05:00:00Z,5.91,6.08,5.83,6.04,59221386,116267,5.96337
2024-01-26T05:00:00Z,6,6.15,5.965,6.14,39437580,82618,6.08478
2024-01-29T05:00:00Z,6.08,6.16,5.95,6.14,40118388,81967,6.07835
2024-01-30T05:00:00Z,6.01,6.04,5.79,5.79,66444755,144166,5.88711
2024-01-31T05:00:00Z,5.69,5.86,5.43,5.62,75799329,149771,5.69811
2024-02-01T05:00:00Z,5.73,5.915,5.54,5.71,51425374,101950,5.68311
2024-02-02T05:00:00Z,5.56,5.59,5.43,5.54,56919298,114697,5.51134
2024-02-05T05:00:00Z,5.48,5.48,5.3,5.38,45420763,93851,5.38389
2024-02-06T05:00:00Z,5.68,6.05,5.6,6.03,88353582,135436,5.85092
2024-02-07T05:00:00Z,5.81,6,5.73,5.86,42818439,93876,5.87998
2024-02-08T05:00:00Z,5.82,5.88,5.72,5.82,32055296,64565,5.81301
2024-02-09T05:00:00Z,5.84,5.93,5.75,5.93,25563476,59547,5.8479
2024-02-12T05:00:00Z,5.91,6.28,5.9,6.08,43673000,81170,6.14008
2024-02-13T05:00:00Z,5.86,5.88,5.65,5.7,52054380,113855,5.75759
2024-02-14T05:00:00Z,5.88,6.015,5.84,6,41176843,89583,5.93401
2024-02-15T05:00:00Z,6.05,6.29,6.04,6.09,54076743,102884,6.1317
2024-02-16T05:00:00Z,6.24,6.34,6.09,6.14,41550945,87625,6.17242
2024-02-20T05:00:00Z,5.93,6.03,5.79,5.96,39772240,100164,5.89739
2024-02-21T05:00:00Z,6.02,6.17,5.9501,5.97,33907151,84342,6.04225
2024-02-22T05:00:00Z,5.97,5.97,5.71,5.85,49536286,102075,5.79762
2024-02-23T05:00:00Z,5.67,5.68,5.37,5.4,75135240,145026,5.46653
2024-02-26T05:00:00Z,5.54,5.77,5.5,5.65,60295263,125022,5.64788
2024-02-27T05:00:00Z,5.81,5.93,5.72,5.78,53722073,93216,5.79545
2024-02-28T05:00:00Z,5.6,5.61,5.39,5.43,58390485,132003,5.45875
2024-02-29T05:00:00Z,5.56,5.79,5.54,5.75,63187133,103866,5.68579
2024-03-01T05:00:00Z,5.73,5.84,5.675,5.78,39578617,86126,5.78542
2024-03-04T05:00:00Z,5.58,5.61,5.25,5.33,94275776,182819,5.38108
2024-03-05T05:00:00Z,5.17,5.62,4.78,5.48,94784649,182367,5.35878
2024-03-06T05:00:00Z,5.39,5.88,5.38,5.77,77698767,160538,5.75533
2024-03-07T05:00:00Z,5.665,5.79,5.47,5.77,46370273,106310,5.64107
2024-03-08T05:00:00Z,5.78,5.915,5.66,5.8,39080174,82577,5.78224
2024-03-11T04:00:00Z,5.92,6.23,5.88,6.1,64025253,146152,6.13473
2024-03-12T04:00:00Z,6.19,6.3,6.09,6.19,38392937,91109,6.21625
2024-03-13T04:00:00Z,6.08,6.2699,5.91,5.92,42657898,80705,6.05501
2024-03-14T04:00:00Z,5.82,5.82,5.54,5.58,42679883,93359,5.65562
2024-03-15T04:00:00Z,5.71,5.76,5.57,5.58,33811132,69108,5.61968
2024-03-18T04:00:00Z,5.83,5.86,5.48,5.54,48581873,96371,5.6142
2024-03-19T04:00:00Z,5.485,5.49,5.13,5.19,77042860,137323,5.21504
2024-03-20T04:00:00Z,5.11,5.14,5.04,5.1,59385474,107418,5.09281
2024-03-21T04:00:00Z,5.06,5.1,4.96,5,46800086,95215,5.03276
2024-03-22T04:00:00Z,4.93,4.96,4.8,4.89,43658296,95427,4.89274
2024-03-25T04:00:00Z,4.92,5.09,4.89,4.91,56419441,106280,4.97147
2024-03-26T04:00:00Z,4.9,4.92,4.77,4.78,83744681,103115,4.81009
2024-03-27T04:00:00Z,4.63,4.73,4.45,4.67,85346537,153590,4.58099
2024-03-28T04:00:00Z,4.68,4.74,4.48,4.5,55938542,114668,4.58026
2024-04-01T04:00:00Z,4.63,4.75,4.565,4.64,42632696,72616,4.6469
2024-04-02T04:00:00Z,4.47,4.58,4.38,4.54,38932682,71344,4.51245
2024-04-03T04:00:00Z,4.46,4.51,4.36,4.49,33078467,69633,4.45474
2024-04-04T04:00:00Z,4.55,4.75,4.49,4.5,53856513,76202,4.62626
2024-04-05T04:00:00Z,4.5,4.58,4.38,4.39,43081002,76239,4.46049
2024-04-08T04:00:00Z,4.41,4.53,4.37,4.37,47453507,77003,4.43063
2024-04-09T04:00:00Z,4.43,4.79,4.42,4.71,76665950,122193,4.66799
2024-04-10T04:00:00Z,4.58,4.69,4.54,4.59,32567955,67474,4.5946
2024-04-11T04:00:00Z,4.6,4.61,4.43,4.46,39040165,70092,4.46655
2024-04-12T04:00:00Z,4.35,4.35,4.085,4.11,74774221,135746,4.15926
2024-04-15T04:00:00Z,4.19,4.19,3.8201,3.89,70661317,132792,3.92895
2024-04-16T04:00:00Z,3.75,3.91,3.71,3.81,42222200,90744,3.80416
2024-04-17T04:00:00Z,3.865,3.96,3.84,3.91,38766961,77945,3.90942
2024-04-18T04:00:00Z,3.9,4.09,3.85,4,38392131,65300,4.00351
2024-04-19T04:00:00Z,3.86,3.92,3.78,3.8,35883783,73783,3.83316
2024-04-22T04:00:00Z,3.68,4.05,3.61,4,60179617,103547,3.88582
2024-04-23T04:00:00Z,3.99,4.13,3.98,4.01,41987837,71139,4.05282
2024-04-24T04:00:00Z,4.15,4.22,4.05,4.15,35022025,66480,4.12995
2024-04-25T04:00:00Z,4.05,4.17,4.03,4.13,25888388,49022,4.10891
2024-04-26T04:00:00Z,4.43,4.54,4.39,4.49,59264479,103274,4.47078
2024-04-29T04:00:00Z,4.67,4.68,4.47,4.6,56379782,99309,4.56234
2024-04-30T04:00:00Z,4.7,4.75,4.51,4.72,52936247,91530,4.66094
2024-05-01T04:00:00Z,4.76,5.44,4.74,5.27,148038876,213175,5.20255
2024-05-02T04:00:00Z,5.61,5.67,5.17,5.59,99532818,158689,5.45769
2024-05-03T04:00:00Z,5.525,5.58,5.33,5.57,54697737,103482,5.48549
2024-05-06T04:00:00Z,5.75,6.04,5.57,5.69,75633393,121895,5.79324
2024-05-07T04:00:00Z,5.54,5.83,5.46,5.51,43754080,79851,5.59851
2024-05-08T04:00:00Z,5.25,5.28,5.11,5.22,54908672,100288,5.20836
2024-05-09T04:00:00Z,5.37,5.41,5.23,5.33,34679735,61480,5.31903
2024-05-10T04:00:00Z,5.28,5.35,5.0317,5.07,49019552,86860,5.1219
2024-05-13T04:00:00Z,5.2,5.66,5.16,5.41,76621098,138541,5.44287
2024-05-14T04:00:00Z,5.51,5.85,5.455,5.79,80661006,134299,5.68767
2024-05-15T04:00:00Z,6,6.05,5.21,5.33,112034621,183846,5.38627
2024-05-16T04:00:00Z,5.37,5.46,5.22,5.26,41788865,79241,5.27617
2024-05-17T04:00:00Z,5.28,5.39,5.04,5.28,58708428,93526,5.2456
2024-05-20T04:00:00Z,5.25,5.32,5.1,5.22,47706058,85461,5.19405
2024-05-21T04:00:00Z,5.19,5.5399,5.14,5.25,75042175,118830,5.29533
2024-05-22T04:00:00Z,5.26,5.31,5.14,5.24,36743181,70017,5.23544
2024-05-23T04:00:00Z,5.12,5.13,4.71,4.8,79112841,141766,4.81529
2024-05-24T04:00:00Z,4.81,4.92,4.77,4.83,32325257,64724,4.82221
2024-05-28T04:00:00Z,4.97,5.01,4.83,4.9,46519662,78913,4.92504
2024-05-29T04:00:00Z,4.82,5,4.81,4.93,37706247,57433,4.92504
2024-05-30T04:00:00Z,4.95,5.44,4.93,5.4,69440020,115971,5.22681
2024-05-31T04:00:00Z,5.27,5.52,5.26,5.39,63176619,87154,5.39703
2024-06-03T04:00:00Z,5.54,5.63,5.19,5.34,53566741,90742,5.32574
2024-06-04T04:00:00Z,5.31,5.37,5.2,5.21,29404534,61250,5.25527
2024-06-05T04:00:00Z,5.33,5.35,5.15,5.27,49656079,77974,5.22397
2024-06-06T04:00:00Z,4.95,5,4.74,4.91,84453807,152026,4.88691
2024-06-07T04:00:00Z,4.82,4.96,4.8,4.83,34658602,78654,4.86361
2024-06-10T04:00:00Z,4.82,4.85,4.67,4.72,38316347,69016,4.74366
2024-06-11T04:00:00Z,4.79,4.8,4.35,4.46,66199175,124908,4.48288
2024-06-12T04:00:00Z,4.47,4.625,4.31,4.45,62311432,107552,4.47161
2024-06-13T04:00:00Z,4.47,4.61,4.4,4.41,27306325,56140,4.47454
2024-06-14T04:00:00Z,4.36,4.38,4.29,4.33,23556994,54982,4.32677
2024-06-17T04:00:00Z,4.32,4.48,4.235,4.43,31751380,54576,4.37542
2024-06-18T04:00:00Z,4.355,4.47,4.32,4.43,28884896,49516,4.4122
2024-06-20T04:00:00Z,4.37,4.45,4.25,4.33,28737152,51450,4.3186
2024-06-21T04:00:00Z,4.31,4.3498,4.2402,4.3,22036714,42456,4.297
2024-06-24T04:00:00Z,4.3,4.53,4.29,4.44,28749721,56811,4.4428
2024-06-25T04:00:00Z,4.4,4.43,4.32,4.37,23318423,48344,4.36227
2024-06-26T04:00:00Z,4.38,4.68,4.335,4.64,53248083,82516,4.56977
2024-06-27T04:00:00Z,4.57,4.58,4.37,4.39,37306080,72125,4.43043
2024-06-28T04:00:00Z,4.35,4.36,4.14,4.16,47178649,75834,4.2128
2024-07-01T04:00:00Z,4.35,4.51,4.25,4.44,55633161,100743,4.38722
2024-07-02T04:00:00Z,4.45,4.54,4.38,4.53,35412308,70144,4.4676
2024-07-03T04:00:00Z,4.59,5.04,4.59,4.87,72459848,103567,4.88888
2024-07-05T04:00:00Z,4.725,4.75,4.405,4.62,61604007,112237,4.52846
2024-07-08T04:00:00Z,4.54,4.61,4.44,4.46,39272450,66582,4.50346
2024-07-09T04:00:00Z,4.47,4.54,4.42,4.5,27018324,48630,4.48591
2024-07-10T04:00:00Z,4.51,4.77,4.5,4.62,43456568,69179,4.66008
2024-07-11T04:00:00Z,4.79,4.8,4.6,4.68,56422755,80918,4.67869
2024-07-12T04:00:00Z,4.71,4.92,4.7,4.87,51797736,87675,4.82694
2024-07-15T04:00:00Z,4.81,4.81,4.53,4.63,58503295,95647,4.60608
2024-07-16T04:00:00Z,4.62,4.92,4.62,4.9,50004834,73764,4.79507
2024-07-17T04:00:00Z,4.83,4.865,4.55,4.59,54980517,80510,4.66346
2024-07-18T04:00:00Z,4.63,4.71,4.51,4.54,36332685,61380,4.60961
2024-07-19T04:00:00Z,4.51,4.515,4.41,4.46,22403649,40912,4.46495
2024-07-22T04:00:00Z,4.63,4.7,4.58,4.69,34131522,51236,4.64136
2024-07-23T04:00:00Z,4.58,4.5983,4.47,4.48,37498742,57975,4.50097
2024-07-24T04:00:00Z,4.39,4.42,4.26,4.3,43266712,68972,4.32987
2024-07-25T04:00:00Z,4.39,4.44,4.27,4.27,40111284,55591,4.36379
2024-07-26T04:00:00Z,4.31,4.43,4.24,4.43,32103355,49493,4.34252
2024-07-29T04:00:00Z,4.44,4.47,4.3,4.39,33918318,49917,4.37353
2024-07-30T04:00:00Z,4.34,4.44,4.31,4.42,41983821,51133,4.37436
2024-07-31T04:00:00Z,4.5,4.615,4.43,4.44,33546763,46836,4.50495
2024-08-01T04:00:00Z,4.45,4.45,3.99,4.06,88261528,120414,4.14009
2024-08-02T04:00:00Z,3.95,4.25,3.93,4.05,39936769,64754,4.07049
2024-08-05T04:00:00Z,3.74,3.97,3.66,3.89,53237042,88139,3.857
2024-08-06T04:00:00Z,3.9,3.92,3.76,3.77,37777500,72255,3.814
2024-08-07T04:00:00Z,3.81,3.91,3.67,3.67,33486287,59152,3.78888
2024-08-08T04:00:00Z,3.73,3.89,3.63,3.82,35671049,55060,3.78327
2024-08-09T04:00:00Z,3.8,3.885,3.75,3.78,25866108,42774,3.8089
2024-08-12T04:00:00Z,3.8,3.83,3.74,3.76,20645494,38343,3.78221
2024-08-13T04:00:00Z,3.77,3.91,3.7607,3.89,29584604,49282,3.87078
2024-08-14T04:00:00Z,3.915,3.925,3.71,3.72,37694790,54631,3.77766
2024-08-15T04:00:00Z,3.79,3.87,3.78,3.83,28523146,50634,3.82183
2024-08-16T04:00:00Z,3.84,3.98,3.83,3.95,28728693,51900,3.93274
2024-08-19T04:00:00Z,4.03,4.105,4.03,4.07,23455073,50177,4.06309
2024-08-20T04:00:00Z,4.12,4.17,3.83,3.85,43921558,71113,3.92208
2024-08-21T04:00:00Z,3.93,4,3.83,3.99,25739184,43608,3.948
2024-08-22T04:00:00Z,4.01,4.05,3.92,3.99,25826801,37415,4.00085
2024-08-23T04:00:00Z,4.03,4.13,3.99,4.08,25913392,42737,4.08977
2024-08-26T04:00:00Z,4.06,4.1,3.98,4.03,25776183,43172,4.02597
2024-08-27T04:00:00Z,4.075,4.1,3.96,4,24654729,43968,4.00778
2024-08-28T04:00:00Z,3.96,4,3.68,3.7,62882024,90484,3.75439
2024-08-29T04:00:00Z,3.83,3.97,3.76,3.94,45246776,57894,3.89835
2024-08-30T04:00:00Z,4.19,4.205,4,4.04,65991105,71628,4.07039
2024-09-03T04:00:00Z,3.98,4.18,3.96,4.15,52928230,82540,4.12915
2024-09-04T04:00:00Z,4.23,4.29,4.18,4.24,49161859,82148,4.24765
2024-09-05T04:00:00Z,4.41,4.85,4.27,4.85,110271882,160039,4.63167
2024-09-06T04:00:00Z,4.94,5.18,4.9,5.02,105245025,169043,5.02522
2024-09-09T04:00:00Z,4.88,5.61,4.76,5.57,125459108,174530,5.35902
2024-09-10T04:00:00Z,5.43,5.5,5.32,5.48,58595025,102170,5.41902
2024-09-11T04:00:00Z,5.51,5.66,5.43,5.6,51390475,81494,5.55002
2024-09-12T04:00:00Z,5.54,5.54,5.1,5.28,71034926,109181,5.23789
2024-09-13T04:00:00Z,5.22,5.57,5.19,5.55,64294419,86719,5.42211
2024-09-16T04:00:00Z,5.54,5.55,5.38,5.4,37580120,57883,5.44881
2024-09-17T04:00:00Z,5.45,5.7,5.4,5.41,41732921,73317,5.54319
2024-09-18T04:00:00Z,5.45,5.48,5.01,5.02,65049704,108083,5.12968
2024-09-19T04:00:00Z,5.25,5.4,4.97,5.4,93014331,129023,5.22968
2024-09-20T04:00:00Z,5.34,5.54,5.21,5.28,53489081,84876,5.31152
2024-09-23T04:00:00Z,5.2,5.555,5.05,5.32,66291849,99912,5.34149
2024-09-24T04:00:00Z,5.76,5.96,5.61,5.94,116346140,176720,5.80896
2024-09-25T04:00:00Z,5.7,5.84,5.565,5.65,72687376,121687,5.67991
2024-09-26T04:00:00Z,6,6.2,5.695,5.78,139473626,174412,5.89259
2024-09-27T04:00:00Z,6.01,6.66,5.99,6.52,180982054,246744,6.44244
2024-09-30T04:00:00Z,7.7,7.71,6.66,6.68,214406996,361993,7.13192
2024-10-01T04:00:00Z,6.9,7.08,6.44,7.03,146968869,223438,6.83637
2024-10-02T04:00:00Z,7.24,7.38,6.8202,7.21,135598126,217185,7.07632
2024-10-03T04:00:00Z,6.86,6.99,6.67,6.7,99136027,168365,6.79434
2024-10-04T04:00:00Z,6.72,6.8,6.4,6.77,92195003,145877,6.61152
2024-10-07T04:00:00Z,6.81,6.93,6.56,6.79,78405035,120692,6.7247
2024-10-08T04:00:00Z,6.26,6.4,6.11,6.24,82359219,144288,6.26372
2024-10-09T04:00:00Z,6.08,6.45,5.9775,6.29,70071069,126039,6.19843
2024-10-10T04:00:00Z,6.23,6.35,6.1301,6.22,47902284,85060,6.23749
2024-10-11T04:00:00Z,6.06,6.3,6.03,6.24,42897918,71579,6.20526
2024-10-14T04:00:00Z,6.06,6.1799,5.76,5.79,80930082,141416,5.90288
2024-10-15T04:00:00Z,5.61,5.81,5.55,5.62,67585753,109273,5.6632
2024-10-16T04:00:00Z,5.66,5.69,5.475,5.51,46932629,80815,5.57264
2024-10-17T04:00:00Z,5.36,5.36,5.05,5.15,74651603,121806,5.17541
2024-10-18T04:00:00Z,5.46,5.49,5.18,5.22,66972487,97869,5.26576
2024-10-21T04:00:00Z,5.09,5.27,5.0518,5.14,35255310,57874,5.16056
2024-10-22T04:00:00Z,5.16,5.35,5.15,5.23,38285846,64348,5.2477
2024-10-23T04:00:00Z,5.22,5.29,5.15,5.19,36170884,50359,5.20924
2024-10-24T04:00:00Z,5.15,5.16,4.96,4.98,49328665,83142,5.02746
2024-10-25T04:00:00Z,5.06,5.35,5.01,5.26,67917085,95556,5.22738
2024-10-28T04:00:00Z,5.38,6.03,5.37,5.81,109992439,162741,5.80456
2024-10-29T04:00:00Z,5.9,5.905,5.59,5.6,64407147,105322,5.69066
2024-10-30T04:00:00Z,5.44,5.44,5.3,5.35,57415089,87059,5.3631
2024-10-31T04:00:00Z,5.3,5.31,5.05,5.1,50277419,85149,5.121
2024-11-01T04:00:00Z,5.14,5.19,5,5.1,43951803,67028,5.1127
2024-11-04T05:00:00Z,5.13,5.3,5.12,5.14,36745788,56143,5.19291
2024-11-05T05:00:00Z,5.28,5.38,5.22,5.28,32012097,58249,5.2857
2024-11-06T05:00:00Z,5,5.18,4.86,5,81290901,144480,4.9971
2024-11-07T05:00:00Z,5.23,5.35,5.1301,5.31,56496051,91792,5.25717
2024-11-08T05:00:00Z,5.16,5.2,5.015,5.09,57885297,92781,5.06959
2024-11-11T05:00:00Z,5.18,5.23,5,5.06,51270555,80031,5.07545
2024-11-12T05:00:00Z,4.88,4.88,4.58,4.58,86695677,141546,4.65669
2024-11-13T05:00:00Z,4.66,4.69,4.56,4.61,45111275,73331,4.62411
2024-11-14T05:00:00Z,4.57,4.65,4.43,4.43,39880863,77927,4.49524
2024-11-15T05:00:00Z,4.44,4.51,4.36,4.49,46287426,72536,4.43508
2024-11-18T05:00:00Z,4.605,4.75,4.55,4.67,47955673,73260,4.68309
2024-11-19T05:00:00Z,4.745,4.75,4.48,4.63,81563506,115088,4.57296
2024-11-20T05:00:00Z,4.41,4.84,4.31,4.65,92103769,115632,4.64503
2024-11-21T05:00:00Z,4.58,4.805,4.5,4.7,54962295,65943,4.68136
2024-11-22T05:00:00Z,4.6,4.92,4.59,4.84,66538413,89414,4.81274
2024-11-25T05:00:00Z,4.79,4.86,4.64,4.67,54234921,79272,4.70404
2024-11-26T05:00:00Z,4.6,4.605,4.31,4.31,71245235,108742,4.38233
2024-11-27T05:00:00Z,4.44,4.45,4.28,4.38,45474476,76868,4.36395
2024-11-29T05:00:00Z,4.38,4.53,4.36,4.48,29218231,43019,4.47415
2024-12-02T05:00:00Z,4.49,4.61,4.36,4.4,40711242,68799,4.44819
2024-12-03T05:00:00Z,4.41,4.8299,4.4,4.64,79059846,135626,4.6563
2024-12-04T05:00:00Z,4.67,4.74,4.52,4.6,47932741,63596,4.59394
2024-12-05T05:00:00Z,4.65,4.77,4.6,4.61,86599497,59714,4.67856
2024-12-06T05:00:00Z,4.7,4.71,4.56,4.61,44028266,53829,4.62294
2024-12-09T05:00:00Z,4.94,5.36,4.93,5.18,123185728,191300,5.21599
2024-12-10T05:00:00Z,4.95,5.02,4.75,4.77,64769707,133644,4.83127
2024-12-11T05:00:00Z,4.78,4.8,4.57,4.67,55104360,86086,4.66833
2024-12-12T05:00:00Z,4.6,4.6481,4.49,4.59,47028890,67328,4.58865
2024-12-13T05:00:00Z,4.53,4.55,4.45,4.51,31903261,59867,4.49137
2024-12-16T05:00:00Z,4.47,4.57,4.4,4.42,36537694,84444,4.48195
2024-12-17T05:00:00Z,4.4,4.62,4.39,4.54,39286618,60729,4.52929
2024-12-18T05:00:00Z,4.55,4.565,4.28,4.32,45533851,71955,4.43242
2024-12-19T05:00:00Z,4.4,4.51,4.37,4.4,27936436,45453,4.42211
2024-12-20T05:00:00Z,4.48,4.61,4.42,4.54,36765627,56541,4.54484
2024-12-23T05:00:00Z,4.5,4.5487,4.47,4.48,32756004,67224,4.49847
2024-12-24T05:00:00Z,4.51,4.68,4.51,4.62,24244377,42486,4.61859
2024-12-26T05:00:00Z,4.63,4.83,4.605,4.69,33923427,52936,4.72732
2024-12-27T05:00:00Z,4.64,4.65,4.48,4.48,41203574,60795,4.52294
2024-12-30T05:00:00Z,4.43,4.47,4.3301,4.38,36562585,58775,4.41523
2024-12-31T05:00:00Z,4.43,4.56,4.35,4.36,39899681,72861,4.4302
2025-01-02T05:00:00Z,4.42,4.73,4.36,4.55,63007712,93666,4.56889
2025-01-03T05:00:00Z,4.52,4.66,4.46,4.63,35597937,70027,4.58174
2025-01-06T05:00:00Z,4.765,4.91,4.67,4.71,53340651,90762,4.78188
2025-01-07T05:00:00Z,4.63,4.68,4.45,4.51,61962000,75100,4.54352
2025-01-08T05:00:00Z,4.4,4.405,4.26,4.32,49570100,79544,4.3246
2025-01-10T05:00:00Z,4.25,4.27,4.16,4.17,41829017,72409,4.20268
2025-01-13T05:00:00Z,4.12,4.12,4.01,4.06,36105351,63799,4.06139
2025-01-14T05:00:00Z,4.14,4.195,4.02,4.08,32476614,58144,4.08957
2025-01-15T05:00:00Z,4.11,4.14,4.02,4.1,32660968,53524,4.07046
2025-01-16T05:00:00Z,4.1,4.2,4.075,4.16,28870087,45497,4.1563
2025-01-17T05:00:00Z,4.21,4.42,4.19,4.36,50447581,66665,4.34462
2025-01-21T05:00:00Z,4.35,4.38,4.17,4.18,38457548,68004,4.21347
2025-01-22T05:00:00Z,4.17,4.36,4.13,4.28,39858962,51322,4.23975
2025-01-23T05:00:00Z,4.22,4.22,4.09,4.13,33087975,53869,4.13548
2025-01-24T05:00:00Z,4.19,4.35,4.14,4.29,40544463,53843,4.26461
2025-01-27T05:00:00Z,4.32,4.42,4.25,4.27,51189523,64455,4.3337
2025-01-28T05:00:00Z,4.27,4.33,4.17,4.32,37121668,44667,4.25065
2025-01-29T05:00:00Z,4.32,4.35,4.22,4.22,24440741,39881,4.27008
2025-01-30T05:00:00Z,4.27,4.47,4.27,4.44,49084863,65452,4.39077
2025-01-31T05:00:00Z,4.43,4.5,4.3,4.32,37501723,55408,4.38121
2025-02-03T05:00:00Z,4.17,4.385,4.1106,4.28,63006139,72363,4.24673
2025-02-04T05:00:00Z,4.37,4.5,4.355,4.39,43866658,63099,4.43192
2025-02-05T05:00:00Z,4.26,4.288,4.18,4.2,35838058,51879,4.2252
2025-02-06T05:00:00Z,4.24,4.3,4.16,4.2,31997703,47910,4.22773
2025-02-07T05:00:00Z,4.28,4.33,4.19,4.24,36892502,56562,4.24965
2025-02-10T05:00:00Z,4.32,4.35,4.24,4.33,28704437,47057,4.3036
2025-02-11T05:00:00Z,4.21,4.21,4.03,4.04,69228743,100080,4.10984
2025-02-12T05:00:00Z,4.08,4.22,4.045,4.21,73192471,55847,4.15759
2025-02-13T05:00:00Z,4.165,4.29,4.16,4.26,51756293,63675,4.24769
2025-02-14T05:00:00Z,4.35,4.55,4.3201,4.44,54298979,72596,4.42614
2025-02-18T05:00:00Z,4.49,4.5,4.35,4.36,43222810,65063,4.40519
2025-02-19T05:00:00Z,4.4,4.52,4.37,4.39,74634095,55459,4.43115
2025-02-20T05:00:00Z,4.45,4.52,4.3,4.37,39236353,48698,4.39
2025-02-21T05:00:00Z,4.47,4.69,4.42,4.44,101148579,97095,4.53938
2025-02-24T05:00:00Z,4.44,4.46,4.35,4.36,37454211,64536,4.3895
2025-02-25T05:00:00Z,4.46,4.5,4.25,4.27,49948682,75143,4.32774
2025-02-26T05:00:00Z,4.375,4.76,4.37,4.72,121742174,139468,4.6416
2025-02-27T05:00:00Z,4.67,5.13,4.64,4.79,134805385,168718,4.94658
2025-02-28T05:00:00Z,4.55,4.67,4.43,4.63,60898649,79039,4.5747
2025-03-03T05:00:00Z,4.49,4.56,4.2,4.23,80304048,103645,4.3516
2025-03-04T05:00:00Z,4.18,4.3,4.1,4.22,41666786,61950,4.20379
2025-03-05T05:00:00Z,4.32,4.42,4.27,4.35,48201121,55574,4.3603
2025-03-06T05:00:00Z,4.33,4.38,4.21,4.24,44428717,54938,4.26287
2025-03-07T05:00:00Z,4.27,4.49,4.25,4.47,45986522,61428,4.41989
2025-03-10T04:00:00Z,4.39,4.68,4.385,4.46,66742341,101780,4.56097
2025-03-11T04:00:00Z,4.745,5.325,4.72,5.22,162169075,201305,5.02995
2025-03-12T04:00:00Z,5.055,5.49,5.035,5.1,87317682,124989,5.20202
2025-03-13T04:00:00Z,5,5.01,4.65,4.73,64246951,93680,4.77835
2025-03-14T04:00:00Z,4.86,5.06,4.83,4.9,53619984,74761,4.90983
2025-03-17T04:00:00Z,4.9,5.06,4.86,5.03,38063504,58322,4.99288
2025-03-18T04:00:00Z,5.275,5.33,5.06,5.19,79321141,129910,5.20789
2025-03-19T04:00:00Z,5.2,5.25,5.1,5.17,38703280,63579,5.17647
2025-03-20T04:00:00Z,4.98,4.98,4.7,4.71,79242712,123846,4.78546
2025-03-21T04:00:00Z,4.48,4.62,4.36,4.5,82883030,143270,4.48739
2025-03-24T04:00:00Z,4.4,4.48,4.34,4.38,59177993,107067,4.3924
2025-03-25T04:00:00Z,4.33,4.48,4.3,4.39,38082057,65538,4.40792
2025-03-26T04:00:00Z,4.37,4.42,4.18,4.22,62927003,82004,4.26617
2025-03-27T04:00:00Z,3.9,4.03,3.88,3.98,156708255,222273,3.97613
2025-03-28T04:00:00Z,3.895,3.925,3.73,3.75,78965070,106765,3.80475
2025-03-31T04:00:00Z,3.67,3.85,3.57,3.81,64817620,89101,3.76264
2025-04-01T04:00:00Z,3.87,4,3.82,3.87,43177391,61176,3.91087
2025-04-02T04:00:00Z,3.81,3.84,3.75,3.8,46021062,80123,3.78779
2025-04-03T04:00:00Z,3.64,3.78,3.63,3.74,36666547,53284,3.72305
2025-04-04T04:00:00Z,3.5,3.57,3.2,3.46,77685612,111891,3.38772
2025-04-07T04:00:00Z,3.195,3.545,3.18,3.36,73974832,108094,3.32763
2025-04-08T04:00:00Z,3.39,3.41,3.02,3.14,78180619,108428,3.17758
2025-04-09T04:00:00Z,3.09,3.36,3.04,3.31,78717703,95358,3.22988
2025-04-10T04:00:00Z,3.38,3.49,3.24,3.28,73432207,98045,3.33654
2025-04-11T04:00:00Z,3.33,3.52,3.3,3.52,56524318,81767,3.42488
2025-04-14T04:00:00Z,3.6,3.71,3.57,3.61,44128895,58979,3.63761
2025-04-15T04:00:00Z,3.56,3.65,3.55,3.62,28866307,38151,3.5974
2025-04-16T04:00:00Z,3.45,3.57,3.42,3.52,33469546,43760,3.51084
2025-04-17T04:00:00Z,3.51,3.58,3.49,3.52,23168719,35895,3.52763
2025-04-21T04:00:00Z,3.54,3.61,3.48,3.6,28418971,42154,3.55895
2025-04-22T04:00:00Z,3.63,3.785,3.6111,3.75,38578028,58710,3.71101
2025-04-23T04:00:00Z,3.83,3.99,3.82,3.93,46950459,63542,3.93441
2025-04-24T04:00:00Z,3.94,4.2399,3.94,4.18,55103433,83127,4.13929
2025-04-25T04:00:00Z,4.11,4.11,3.97,4.03,39696804,58295,4.01922
2025-04-28T04:00:00Z,4.09,4.39,4.09,4.31,60350196,83279,4.27669
2025-04-29T04:00:00Z,4.35,4.44,4.18,4.24,45965535,75915,4.26802
2025-04-30T04:00:00Z,4.02,4.08,4.01,4.05,31596257,51782,4.044
2025-05-01T04:00:00Z,4.1,4.11,3.9,3.93,41506783,59857,3.96429
2025-05-02T04:00:00Z,4.08,4.15,4,4.03,28201488,45738,4.04737
2025-05-05T04:00:00Z,4.01,4.02,3.94,3.98,24160581,37798,3.97576
2025-05-06T04:00:00Z,3.91,3.95,3.85,3.92,33405896,56050,3.8971
2025-05-07T04:00:00Z,3.85,3.91,3.82,3.84,28666196,44935,3.85097
2025-05-08T04:00:00Z,3.91,3.9962,3.88,3.96,27945346,40326,3.94869
2025-05-09T04:00:00Z,3.97,4.1,3.96,3.97,24093587,38301,4.00885
2025-05-12T04:00:00Z,4.23,4.27,4.09,4.2,44327878,66519,4.18731
2025-05-13T04:00:00Z,4.1,4.18,4.06,4.12,28022232,48073,4.12675
2025-05-14T04:00:00Z,4.16,4.22,4.11,4.13,25987914,41998,4.14782
2025-05-15T04:00:00Z,4.06,4.08,3.96,3.99,29326621,53124,4.00391
2025-05-16T04:00:00Z,4.08,4.12,4.03,4.1,25768193,43744,4.08149
2025-05-19T04:00:00Z,3.97,4.04,3.91,4.04,21902013,45284,4.00455
2025-05-20T04:00:00Z,3.99,4.03,3.96,3.96,22933879,43928,3.98698
2025-05-21T04:00:00Z,3.99,4.06,3.92,3.94,38257046,44830,3.98869
2025-05-22T04:00:00Z,3.9,3.92,3.86,3.88,31969193,41638,3.88785
2025-05-23T04:00:00Z,3.81,3.83,3.74,3.82,29176425,43058,3.79443
2025-05-27T04:00:00Z,3.72,3.74,3.63,3.69,47263989,77412,3.67419
2025-05-28T04:00:00Z,3.675,3.75,3.65,3.67,27254135,49520,3.69441
2025-05-29T04:00:00Z,3.75,3.77,3.66,3.68,23229198,39430,3.69141
2025-05-30T04:00:00Z,3.61,3.615,3.52,3.54,37431508,57921,3.55733
2025-06-02T04:00:00Z,3.57,3.58,3.48,3.52,39573318,68034,3.5107
2025-06-03T04:00:00Z,3.4,3.6,3.35,3.53,51344829,73258,3.50334
2025-06-04T04:00:00Z,3.61,3.915,3.56,3.75,72688767,98080,3.75373
2025-06-05T04:00:00Z,3.665,3.68,3.55,3.62,37493167,56867,3.61806
2025-06-06T04:00:00Z,3.585,3.7,3.565,3.63,31176770,54563,3.62386
2025-06-09T04:00:00Z,3.63,3.702,3.6,3.6,23999804,48837,3.62303
2025-06-10T04:00:00Z,3.65,3.81,3.63,3.81,40706658,58446,3.7438
2025-06-11T04:00:00Z,3.85,3.895,3.74,3.74,31465405,57666,3.80322
2025-06-12T04:00:00Z,3.67,3.69,3.61,3.62,22556019,44317,3.6392
2025-06-13T04:00:00Z,3.54,3.59,3.49,3.51,39274686,56457,3.51943
2025-06-16T04:00:00Z,3.52,3.59,3.5133,3.52,21245988,37359,3.54267
2025-06-17T04:00:00Z,3.505,3.52,3.44,3.44,23446450,43084,3.47814
2025-06-18T04:00:00Z,3.46,3.48,3.42,3.42,25543085,39122,3.44173
2025-06-20T04:00:00Z,3.455,3.47,3.4,3.41,23893541,36572,3.42037
2025-06-23T04:00:00Z,3.4,3.45,3.34,3.43,28943182,45355,3.39683
2025-06-24T04:00:00Z,3.46,3.57,3.41,3.5,33481311,46320,3.51106
2025-06-25T04:00:00Z,3.565,3.565,3.44,3.47,21509484,37603,3.47011
2025-06-26T04:00:00Z,3.46,3.48,3.4,3.42,31146367,49236,3.42013
2025-06-27T04:00:00Z,3.42,3.55,3.395,3.46,63720234,55046,3.47475
2025-06-30T04:00:00Z,3.485,3.49,3.41,3.43,24598896,34898,3.44402
2025-07-01T04:00:00Z,3.47,3.57,3.45,3.51,46064797,56036,3.5182
2025-07-02T04:00:00Z,3.495,3.54,3.47,3.48,22912567,39801,3.49012
2025-07-03T04:00:00Z,3.5,3.55,3.47,3.51,15645460,24713,3.49308
2025-07-07T04:00:00Z,3.44,3.47,3.39,3.41,31339239,46600,3.4214
2025-07-08T04:00:00Z,3.43,3.52,3.38,3.5,43515609,50767,3.46024
2025-07-09T04:00:00Z,3.52,3.59,3.46,3.48,26907306,43356,3.50432
2025-07-10T04:00:00Z,3.55,3.7,3.49,3.69,74015172,80891,3.62156
2025-07-11T04:00:00Z,3.75,4.05,3.695,3.9,141527792,134302,3.90176
2025-07-14T04:00:00Z,4.1097,4.22,4.02,4.17,122870667,139937,4.11857
2025-07-15T04:00:00Z,4.25,4.28,4.13,4.25,66259185,98644,4.20822
2025-07-16T04:00:00Z,4.19,4.19,3.96,4.11,70104249,84485,4.04986
2025-07-17T04:00:00Z,4.125,4.49,4.11,4.4,116140113,139460,4.38736
2025-07-18T04:00:00Z,4.38,4.57,4.28,4.39,78373599,99145,4.41396
2025-07-21T04:00:00Z,4.475,4.67,4.46,4.52,58883963,91785,4.57491
2025-07-22T04:00:00Z,4.645,5.09,4.635,5.01,133091936,167057,4.93438
2025-07-23T04:00:00Z,5.19,5.21,4.87,4.92,108246456,134342,5.02954
2025-07-24T04:00:00Z,4.92,4.945,4.7,4.83,63260351,77784,4.80736
2025-07-25T04:00:00Z,4.84,5.09,4.79,4.92,60712298,71703,4.97561
2025-07-28T04:00:00Z,4.99,5.01,4.82,4.83,42322377,55745,4.89252
2025-07-29T04:00:00Z,4.82,4.84,4.68,4.71,38397363,56095,4.73965
2025-07-30T04:00:00Z,4.6,4.61,4.51,4.51,40824104,57322,4.55452
2025-07-31T04:00:00Z,4.68,4.98,4.46,4.87,131207095,139899,4.77505
2025-08-01T04:00:00Z,4.74,5.06,4.73,5.01,81680862,99588,4.93305
2025-08-04T04:00:00Z,4.89,4.9,4.58,4.6,92178877,130797,4.6755
2025-08-05T04:00:00Z,4.66,4.67,4.455,4.5,55676412,77571,4.52213
2025-08-06T04:00:00Z,4.59,4.67,4.52,4.61,55025093,60912,4.59981
2025-08-07T04:00:00Z,4.62,4.72,4.59,4.68,27399013,46948,4.67168
2025-08-08T04:00:00Z,4.73,4.87,4.71,4.84,36036349,56141,4.80948
2025-08-11T04:00:00Z,4.955,5.01,4.85,4.91,36250506,57517,4.91839
2025-08-12T04:00:00Z,4.74,4.74,4.45,4.47,106501840,130810,4.52839
2025-08-13T04:00:00Z,4.61,4.62,4.54,4.62,35804215,53523,4.58213
2025-08-14T04:00:00Z,4.5,4.51,4.37,4.45,43446321,61275,4.43834
2025-08-15T04:00:00Z,4.56,4.82,4.5505,4.81,69020962,94068,4.74913
2025-08-18T04:00:00Z,4.91,4.965,4.81,4.87,47355282,64533,4.8755
2025-08-19T04:00:00Z,4.94,5.23,4.93,5.07,90447723,107991,5.08083
2025-08-20T04:00:00Z,5.01,5.14,4.97,5.07,46063529,63610,5.05441
2025-08-21T04:00:00Z,5.24,5.68,5.24,5.54,147125680,182576,5.4993
2025-08-22T04:00:00Z,5.87,6.58,5.775,6.34,234464695,291258,6.289
2025-08-25T04:00:00Z,6.7,6.73,6.07,6.09,156581468,219096,6.31653
2025-08-26T04:00:00Z,6.39,6.83,6.38,6.7,146133121,223284,6.67917
2025-08-27T04:00:00Z,6.5,6.62,6.31,6.34,89801657,115478,6.44703
2025-08-28T04:00:00Z,6.525,6.54,6.26,6.51,74896753,97420,6.3801
2025-08-29T04:00:00Z,6.435,6.51,6.26,6.38,57628199,90263,6.34734
2025-09-02T04:00:00Z,6.24,6.64,6.06,6.58,123577108,221405,6.37191
2025-09-03T04:00:00Z,6.38,6.4,6.04,6.32,89712385,132257,6.20183
2025-09-04T04:00:00Z,6.07,6.19,5.97,6.13,72831229,98538,6.0756
2025-09-05T04:00:00Z,6.18,6.23,5.92,5.95,59287314,91478,5.9923
2025-09-08T04:00:00Z,6.045,6.225,5.95,6.17,81801431,93058,6.10122
2025-09-09T04:00:00Z,6.06,6.32,6.05,6.28,54499211,91229,6.19479
2025-09-10T04:00:00Z,5.74,5.78,5.6,5.72,237836477,296226,5.6786
2025-09-11T04:00:00Z,5.83,6.13,5.77,6.07,95256502,134815,6.03139
2025-09-12T04:00:00Z,6.03,6.29,5.94,6.22,75071320,107518,6.1184
2025-09-15T04:00:00Z,6.455,6.83,6.42,6.49,68234855,122748,6.52871
2025-09-16T04:00:00Z,6.55,7.09,6.48,7.02,130662504,201741,6.84935
2025-09-17T04:00:00Z,7.23,7.45,7.055,7.45,122761822,162182,7.2608
2025-09-18T04:00:00Z,7.23,7.5,7.2,7.37,76975022,125758,7.39623
2025-09-19T04:00:00Z,7.59,7.6,7.28,7.37,79099442,118558,7.39933
2025-09-22T04:00:00Z,7.37,7.41,6.8,6.91,128795324,159428,6.99376
2025-09-23T04:00:00Z,6.9,7.17,6.77,6.93,80663337,122480,7.00742
2025-09-24T04:00:00Z,7.08,7.34,6.98,7.12,76711847,89005,7.17202
2025-09-25T04:00:00Z,7.045,7.68,7,7.47,92782903,132288,7.45227
2025-09-26T04:00:00Z,7.31,7.37,6.96,7.04,92524012,109968,7.07868
2025-09-29T04:00:00Z,7.13,7.265,6.92,7.21,65361338,103722,7.07756
2025-09-30T04:00:00Z,7.3,7.78,7.3,7.62,107657595,143828,7.56207
2025-10-01T04:00:00Z,7.79,7.9,7.54,7.65,57383655,91212,7.64919
2025-10-02T04:00:00Z,7.85,8.02,7.64,7.89,86946447,118251,7.8165
2025-10-03T04:00:00Z,7.8,7.8,7.5,7.7,68069220,93164,7.62021
2025-10-06T04:00:00Z,7.63,7.85,7.58,7.59,61137192,84965,7.71551
2025-10-07T04:00:00Z,7.57,7.5997,7.29,7.5,75295387,92688,7.42271
2025-10-08T04:00:00Z,7.6,7.86,7.57,7.85,75642237,88965,7.75124
2025-10-09T04:00:00Z,7.76,7.7969,7.4,7.46,64912961,95685,7.51821
2025-10-10T04:00:00Z,7.44,7.44,6.66,6.71,126261787,176961,6.9406
2025-10-13T04:00:00Z,7.01,7.22,6.96,7.18,65388220,95735,7.12122
2025-10-14T04:00:00Z,6.9,7,6.77,6.8,56830390,93378,6.90035
2025-10-15T04:00:00Z,6.985,7.04,6.74,6.82,40112333,75342,6.87364
2025-10-16T04:00:00Z,6.29,6.87,6.28,6.83,125559000,194221,6.72093
2025-10-17T04:00:00Z,6.53,6.77,6.52,6.75,76615127,96686,6.69096
2025-10-20T04:00:00Z,6.75,7.08,6.72,7.06,52665384,75333,6.98808
2025-10-21T04:00:00Z,6.8799,6.915,6.8,6.8,35677505,64978,6.8447
2025-10-22T04:00:00Z,6.89,7.06,6.6801,6.84,52458165,77488,6.83081
2025-10-23T04:00:00Z,6.915,6.97,6.865,6.89,30262038,49077,6.91104
2025-10-24T04:00:00Z,6.84,7.03,6.77,6.9,38381236,57070,6.92834
2025-10-27T04:00:00Z,7.075,7.22,7,7.04,45443764,74565,7.08885
2025-10-28T04:00:00Z,7.01,7.11,6.89,7.09,30947014,59047,7.02469
2025-10-29T04:00:00Z,7.13,7.325,7.0627,7.14,42260884,75817,7.17333
2025-10-30T04:00:00Z,7.05,7.26,6.995,7.01,36452079,66972,7.10852
2025-10-31T04:00:00Z,7.05,7.27,6.85,7.25,50919437,77814,7.10511
2025-11-03T05:00:00Z,7.34,7.51,7.23,7.42,54540364,94508,7.38677
2025-11-04T05:00:00Z,7.19,7.36,7.065,7.16,42717086,68758,7.24477
2025-11-05T05:00:00Z,7.29,7.4,7.18,7.29,34733389,62495,7.29251
2025-11-06T05:00:00Z,7.41,7.54,7.11,7.16,69341620,92119,7.30297
2025-11-07T05:00:00Z,7.025,7.025,6.675,6.86,65995447,112934,6.83908
2025-11-10T05:00:00Z,6.97,7.06,6.65,6.71,58131392,88999,6.8376
2025-11-11T05:00:00Z,6.95,7,6.59,6.63,53443448,87176,6.70818
2025-11-12T05:00:00Z,6.52,6.53,6.34,6.45,45784692,76021,6.44685
2025-11-13T05:00:00Z,6.44,6.49,6.14,6.24,62534773,96666,6.27679
2025-11-14T05:00:00Z,5.99,6.3,5.95,6.16,54490445,93709,6.17875
2025-11-17T05:00:00Z,6.13,6.285,6.02,6.08,53189625,88024,6.1296
2025-11-18T05:00:00Z,5.98,6.03,5.83,5.98,59008118,91385,5.93439
2025-11-19T05:00:00Z,5.94,5.985,5.73,5.75,44693137,81261,5.81088
2025-11-20T05:00:00Z,5.82,5.87,5.383,5.4,70236796,113461,5.53868
2025-11-21T05:00:00Z,5.49,5.695,5.39,5.58,56288327,93679,5.55288
2025-11-24T05:00:00Z,5.78,5.86,5.71,5.75,52450724,89762,5.79543
2025-11-25T05:00:00Z,5.59,5.7,5.38,5.5,88421196,178572,5.53786
2025-11-26T05:00:00Z,5.54,5.729,5.3,5.46,85900521,108271,5.43756
2025-11-28T05:00:00Z,5.5,5.625,5.43,5.5,30218889,42671,5.51085
2025-12-01T05:00:00Z,5.33,5.425,5.14,5.18,58805763,85722,5.20928
2025-12-02T05:00:00Z,5.155,5.18,5.03,5.03,43612860,73432,5.07581
2025-12-03T05:00:00Z,4.975,4.99,4.73,4.79,94553705,127600,4.82251
2025-12-04T05:00:00Z,4.94,5.03,4.91,5.01,57001884,83618,4.97268
2025-12-05T05:00:00Z,5.17,5.18,5.03,5.04,36110785,56654,5.06848
2025-12-08T05:00:00Z,5.06,5.23,5.02,5.1,32866709,57018,5.12868
2025-12-09T05:00:00Z,5.01,5.08,4.97,5.03,29799632,57273,5.02324
2025-12-10T05:00:00Z,5.02,5.11,4.97,5.03,24576961,43794,5.04457
2025-12-11T05:00:00Z,4.99,5.19,4.9,5.13,39079248,61371,5.07747
2025-12-12T05:00:00Z,5.13,5.26,5.015,5.03,33069441,61934,5.1312
2025-12-15T05:00:00Z,5.05,5.08,4.9701,4.99,31213230,53204,5.02376
2025-12-16T05:00:00Z,4.96,5.03,4.945,5.03,32067578,49795,4.98468
2025-12-17T05:00:00Z,5.01,5.06,4.85,4.86,29067740,51997,4.93895
2025-12-18T05:00:00Z,4.95,5.01,4.92,4.93,20020908,42205,4.95592
2025-12-19T05:00:00Z,4.99,5.03,4.98,4.99,29189975,49387,5.00637
2025-12-22T05:00:00Z,5.02,5.05,4.98,5,23199323,46308,5.00623
2025-12-23T05:00:00Z,4.97,4.975,4.86,4.89,24743857,47943,4.89734
2025-12-24T05:00:00Z,4.89,4.93,4.88,4.91,13280269,25518,4.89619
2025-12-26T05:00:00Z,4.9,5.15,4.9,5.1,49094719,68933,5.08743
2025-12-29T05:00:00Z,5.08,5.38,5.08,5.34,68744773,116272,5.27072
2025-12-30T05:00:00Z,5.54,5.79,5.495,5.5,80148010,123374,5.6185
2025-12-31T05:00:00Z,5.31,5.32,4.95,5.1,83294736,107973,5.07293
