timestamp,open,high,low,close,volume,tradeCount,vwap
2019-05-09T04:00:00Z,15.55,22.75,15.08,19.9,1857734,10296,18.2083
2019-05-10T04:00:00Z,19.48,19.75,16.79,19.5,368487,2126,18.5383
2019-05-13T04:00:00Z,19.5,19.7,17.72,19.4,173381,1187,19.4263
2019-05-14T04:00:00Z,19.3,20.4875,18.5,19.48,176253,1318,19.7312
2019-05-15T04:00:00Z,19.45,20.5,19.45,20.01,104886,754,20.0251
2019-05-16T04:00:00Z,19.96,20.4349,19.801,20.18,64297,498,20.1535
2019-05-17T04:00:00Z,19.91,20,18.7167,19.8,65151,564,19.4819
2019-05-20T04:00:00Z,19.84,21.32,19.48,20.64,110119,884,20.4945
2019-05-21T04:00:00Z,20.75,21,19.89,20.01,76126,629,20.3993
2019-05-22T04:00:00Z,20,20.15,18.9845,19.88,30974,279,19.816
2019-05-23T04:00:00Z,19.47,20.84,19.04,19.57,27414,285,19.874
2019-05-24T04:00:00Z,19.4542,20.8,19.445,19.9,35669,342,19.8964
2019-05-28T04:00:00Z,19.73,20.62,19.45,19.72,56461,419,19.8602
2019-05-29T04:00:00Z,19.47,20.22,18.17,18.34,73979,637,19.2348
2019-05-30T04:00:00Z,18.25,20.455,18.25,19.18,52354,534,19.1501
2019-05-31T04:00:00Z,18.99,20.14,18.54,18.62,40393,482,18.9024
2019-06-03T04:00:00Z,18.89,19,17.16,17.35,47196,785,18.0291
2019-06-04T04:00:00Z,17.19,18.8,17.03,17.71,47075,342,17.5165
2019-06-05T04:00:00Z,18.05,18.86,16.01,16.25,49982,966,17.2006
2019-06-06T04:00:00Z,16.25,17.93,15.5,16.65,52139,743,16.3138
2019-06-07T04:00:00Z,16.96,17.3845,15.61,16.57,40976,767,16.6797
2019-06-10T04:00:00Z,16.5,17.175,15.5,15.63,105036,1035,15.7992
2019-06-11T04:00:00Z,14.9,16.15,14.9,15.45,142441,894,15.4338
2019-06-12T04:00:00Z,15.49,16.16,13.925,14.49,71466,486,15.3419
2019-06-13T04:00:00Z,14.43,16.23,14.05,15.57,159120,1175,15.2772
2019-06-14T04:00:00Z,15.61,15.99,15.035,15.53,64367,548,15.3666
2019-06-17T04:00:00Z,15.41,15.89,15.04,15.12,88154,749,15.323
2019-06-18T04:00:00Z,15.01,16.2,15.01,15.52,47721,429,15.6234
2019-06-19T04:00:00Z,15.92,16.1209,15.38,15.42,94480,743,15.6993
2019-06-20T04:00:00Z,15.44,16.25,15.17,15.17,115774,725,15.3462
2019-06-21T04:00:00Z,15.39,15.65,14.55,14.62,340000,604,14.7195
2019-06-24T04:00:00Z,14.53,15.255,13.86,14.56,46288,499,14.5293
2019-06-25T04:00:00Z,14.47,14.76,14.13,14.34,70821,538,14.4735
2019-06-26T04:00:00Z,14.46,14.7,14.2,14.4,34876,305,14.4594
2019-06-27T04:00:00Z,14.41,14.845,14.01,14.16,56302,555,14.5788
2019-06-28T04:00:00Z,14.22,15.91,14.12,14.98,640435,1150,14.9823
2019-07-01T04:00:00Z,15.16,18.3694,15.16,17.65,86975,895,17.0778
2019-07-02T04:00:00Z,17.81,18.47,16.42,17.1,53190,621,17.0795
2019-07-03T04:00:00Z,17,17.11,15.52,16.89,22957,137,16.7729
2019-07-05T04:00:00Z,16.98,17.175,16.12,16.63,29671,361,16.7573
2019-07-08T04:00:00Z,16.6289,16.97,15.69,15.73,29142,302,16.0489
2019-07-09T04:00:00Z,15.99,17.17,15.99,16.95,42852,399,16.653
2019-07-10T04:00:00Z,17.36,18.09,16.21,16.65,63397,531,17.1388
2019-07-11T04:00:00Z,16.75,17.34,16.35,17.01,48754,471,16.9494
2019-07-12T04:00:00Z,17.13,17.245,16.5,16.78,38894,469,16.9506
2019-07-15T04:00:00Z,16.68,16.955,16.53,16.57,25575,299,16.7211
2019-07-16T04:00:00Z,16.51,18,16.15,16.28,26988,436,16.7736
2019-07-17T04:00:00Z,16.17,16.98,16.04,16.5,68899,572,16.4534
2019-07-18T04:00:00Z,16.36,17.7022,16.36,17.55,38181,501,17.1169
2019-07-19T04:00:00Z,17.51,19.25,16.925,19.09,36746,467,18.6016
2019-07-22T04:00:00Z,19.09,19.49,18.585,19.34,49743,551,19.1932
2019-07-23T04:00:00Z,19.3,19.3,18.08,18.64,27838,280,18.5983
2019-07-24T04:00:00Z,18.61,19.25,18.46,19.22,40756,473,18.8762
2019-07-25T04:00:00Z,19.13,19.78,18.7,19.75,107766,874,19.2675
2019-07-26T04:00:00Z,19.83,20.25,19.45,19.77,37398,315,19.8637
2019-07-29T04:00:00Z,19.73,20.62,19.73,20.55,70562,699,20.2314
2019-07-30T04:00:00Z,20.42,21.25,20.42,20.91,36070,336,20.9412
2019-07-31T04:00:00Z,21,22.29,21,21.97,145555,893,21.8057
2019-08-01T04:00:00Z,22.325,24.915,21.84,22.25,118051,1152,22.735
2019-08-02T04:00:00Z,22.1,22.49,21.02,22.05,82101,629,21.6968
2019-08-05T04:00:00Z,21.83,21.94,20.88,21.55,110091,867,21.284
2019-08-06T04:00:00Z,21.85,23.48,21.85,23.12,48456,597,22.7058
2019-08-07T04:00:00Z,23.12,25.69,23,24.4,76076,986,24.6535
2019-08-08T04:00:00Z,24.67,25.236,22.14,22.77,121517,685,23.6304
2019-08-09T04:00:00Z,22.44,24,22.0454,23.91,107326,418,23.3175
2019-08-12T04:00:00Z,23.93,25.4552,23.435,24.24,62787,1064,24.2242
2019-08-13T04:00:00Z,24.92,27.89,24,26.71,148668,1113,25.0649
2019-08-14T04:00:00Z,26.24,26.24,23.97,24.9,53034,532,25.1678
2019-08-15T04:00:00Z,24.72,26.16,24.72,25.75,34366,347,25.6674
2019-08-16T04:00:00Z,25.89,28,25.75,26.56,43088,451,26.8755
2019-08-19T04:00:00Z,26.93,28.88,26.5,26.82,70195,865,27.8412
2019-08-20T04:00:00Z,27,27.3589,25.525,25.92,20718,389,26.2578
2019-08-21T04:00:00Z,25.9,29.87,25.2,29.52,111551,966,28.4379
2019-08-22T04:00:00Z,29.65,30.75,29.3901,29.83,42177,568,30.0412
2019-08-23T04:00:00Z,30,30.97,28.49,30.13,75186,518,29.9737
2019-08-26T04:00:00Z,30.77,31.44,29.885,30.5,30366,596,30.5975
2019-08-27T04:00:00Z,30.68,31.5,30.61,31.17,23509,433,31.0417
2019-08-28T04:00:00Z,31.13,31.5,30.1156,31.29,22902,288,31.1894
2019-08-29T04:00:00Z,31.64,35.9,31.0825,34.01,63678,671,34.0353
2019-08-30T04:00:00Z,34.56,36,34.12,34.73,59345,767,34.8955
2019-09-03T04:00:00Z,34.7,37.3,34.3264,36.82,58908,1103,36.1925
2019-09-04T04:00:00Z,37.49,39.52,37.0645,39.43,64861,1132,38.8554
2019-09-05T04:00:00Z,40.49,44.69,40.21,41.6,149697,1678,42.2305
2019-09-06T04:00:00Z,43.39,43.39,33.12,34.34,250452,2265,38.7071
2019-09-09T04:00:00Z,34.6,38.342,34.5001,35.32,99527,1278,36.3471
2019-09-10T04:00:00Z,36.28,37.4994,35.62,36.76,51504,671,36.6151
2019-09-11T04:00:00Z,36.81,37.53,35.55,36.8,52095,550,36.5757
2019-09-12T04:00:00Z,37,38.25,36.933,37.68,30803,442,37.715
2019-09-13T04:00:00Z,37.68,37.69,36.54,37.05,44658,498,37.2154
2019-09-16T04:00:00Z,36.71,38.08,36.525,37.13,30702,418,37.1182
2019-09-17T04:00:00Z,37.05,41.68,36.4885,40.04,109491,902,39.6874
2019-09-18T04:00:00Z,40.03,41.7343,38.77,39.53,140495,490,39.5132
2019-09-19T04:00:00Z,39.3746,40.48,39.01,39.61,62570,602,39.8559
2019-09-20T04:00:00Z,39.74,40,37,38.68,155843,1201,38.5514
2019-09-23T04:00:00Z,39.08,39.08,37.155,37.78,138376,1482,38.0275
2019-09-24T04:00:00Z,37.07,38.55,36.15,38.22,93071,1239,37.2243
2019-09-25T04:00:00Z,38.23,40.2,37.45,38.83,103189,1346,38.9675
2019-09-26T04:00:00Z,38.83,39.78,35.02,35.69,100430,1589,37.6018
2019-09-27T04:00:00Z,35.47,35.47,30.7932,32.75,167626,1619,32.0879
2019-09-30T04:00:00Z,32.7,32.7,29.66,30.85,231044,2114,30.8393
2019-10-01T04:00:00Z,30.7,32.19,30.6,31.2,149358,1429,31.2131
2019-10-02T04:00:00Z,30.84,31.58,29.72,30.17,210528,1780,30.6749
2019-10-03T04:00:00Z,29.99,33.74,29.99,31.01,154026,1687,31.7133
2019-10-04T04:00:00Z,31.1,32.22,30.54,31,55139,668,31.2687
2019-10-07T04:00:00Z,31,31.4,29.46,29.82,86534,990,30.087
2019-10-08T04:00:00Z,29.56,29.7184,28.15,28.5,58397,640,28.6467
2019-10-09T04:00:00Z,28.9,29.8,25.4,25.54,220680,1337,27.1112
2019-10-10T04:00:00Z,25.5,27.11,25.5,25.98,124508,838,26.2867
2019-10-11T04:00:00Z,26.3,28.55,26.12,27.2,168023,1176,27.5813
2019-10-14T04:00:00Z,27.15,28.76,26.09,26.18,34073,445,27.1545
2019-10-15T04:00:00Z,26.35,27.795,26,27.14,55458,610,27.081
2019-10-16T04:00:00Z,26.99,27.65,25.5,26.7,59459,725,26.7444
2019-10-17T04:00:00Z,26.69,27.55,25.795,26.85,171414,1231,26.7793
2019-10-18T04:00:00Z,26.67,27.87,26.67,27.12,87725,872,27.366
2019-10-21T04:00:00Z,27.3,27.8,26.19,27.31,41392,518,27.2034
2019-10-22T04:00:00Z,27.29,27.5,26.55,27.23,56852,477,27.0945
2019-10-23T04:00:00Z,27.22,28.05,25.64,25.98,108512,1045,26.7897
2019-10-24T04:00:00Z,26.13,26.4837,25.34,25.79,74693,1609,25.8154
2019-10-25T04:00:00Z,25.49,27.3848,25.49,26.78,81559,942,26.2749
2019-10-28T04:00:00Z,27.34,27.8,25.63,26.11,110924,1527,26.8203
2019-10-29T04:00:00Z,26,28.07,25,26.98,83644,1179,26.1769
2019-10-30T04:00:00Z,26.73,28.2227,25.61,25.87,92705,1145,27.21
2019-10-31T04:00:00Z,26.2,26.366,24.9,25,152823,1206,25.2049
2019-11-01T04:00:00Z,25.22,27.66,25.22,27.35,238257,1236,26.6548
2019-11-04T05:00:00Z,27.3,28.5,26.03,26.43,115700,1176,27.332
2019-11-05T05:00:00Z,25.5,109,25.5,92.22,8003452,89332,74.2667
2019-11-06T05:00:00Z,87.5,89,61.5201,67.01,2602867,27912,71.6177
2019-11-07T05:00:00Z,65.42,81.795,65.205,79.41,628952,8821,75.1377
2019-11-08T05:00:00Z,77.12,86,75.47,82.89,637454,7354,80.4551
2019-11-11T05:00:00Z,37.53,43.99,37.05,39.02,3125273,28799,39.8748
2019-11-12T05:00:00Z,38.99,40.48,36.23,37.41,711860,6922,37.4716
2019-11-13T05:00:00Z,35.51,38.428,34.69,37.75,589652,4545,37.2198
2019-11-14T05:00:00Z,37.65,38.6,36.31,38.55,493930,3913,37.5594
2019-11-15T05:00:00Z,37.86,38.64,34.41,36.05,2299433,14400,36.5626
2019-11-18T05:00:00Z,36.14,37.3,35.95,36.35,370445,3707,36.5953
2019-11-19T05:00:00Z,36.69,36.93,35.22,36,484407,4978,35.9849
2019-11-20T05:00:00Z,36.6,36.7,35.64,36.5,405877,4067,36.1312
2019-11-21T05:00:00Z,36.2,37.26,35.94,36.34,540927,4796,36.3593
2019-11-22T05:00:00Z,36.59,37.51,36.2492,36.81,466029,3905,36.8768
2019-11-25T05:00:00Z,36.75,41.73,36.75,39.84,1115972,9418,39.9715
2019-11-26T05:00:00Z,40.8,41,39,39.94,571504,5014,40.0078
2019-11-27T05:00:00Z,40.2,42.2495,39.8024,40.94,501119,5197,40.8041
2019-11-29T05:00:00Z,40.97,49.17,40.97,47.81,881650,5473,47.1302
2019-12-02T05:00:00Z,48.3,48.8599,42.7,43.59,644838,7019,44.3251
2019-12-03T05:00:00Z,42.17,48.12,42.0501,47.2,485743,4222,46.0377
2019-12-04T05:00:00Z,47.31,51.74,45.75,51.01,586110,6377,49.3242
2019-12-05T05:00:00Z,52.43,52.72,49.51,49.92,466030,5859,50.4674
2019-12-06T05:00:00Z,49.65,51.695,49.65,50.27,309638,3579,50.6494
2019-12-09T05:00:00Z,52.78,55.34,50,52.23,374309,3931,52.8776
2019-12-10T05:00:00Z,52,55.85,52,53.12,216038,2891,53.6477
2019-12-11T05:00:00Z,53.7,54.7277,49.62,51.55,402144,3470,52.1366
2019-12-12T05:00:00Z,51.34,52.38,49.65,51.24,195461,1872,51.0651
2019-12-13T05:00:00Z,51.07,52.38,48.7,51.92,274826,2865,50.8404
2019-12-16T05:00:00Z,51.89,52.2,50.015,51.69,239364,2391,51.4312
2019-12-17T05:00:00Z,51.83,52.96,50.69,52.49,444530,3715,52.0699
2019-12-18T05:00:00Z,52.19,52.6,50,50.12,144871,1758,50.9561
2019-12-19T05:00:00Z,50.39,55.5548,49.3,55.02,207705,3027,52.7686
2019-12-20T05:00:00Z,55.06,60,54.348,58.55,3166044,7063,58.4529
2019-12-23T05:00:00Z,59.64,67.8336,57.06,66,541963,5150,63.9079
2019-12-24T05:00:00Z,66.32,70.98,60.8,62.7,249275,2925,64.7547
2019-12-26T05:00:00Z,63.01,65.65,61.03,62.62,182969,2612,63.1835
2019-12-27T05:00:00Z,62.97,64.0969,55.93,58.71,297705,3483,58.7573
2019-12-30T05:00:00Z,58.56,59.0694,52.63,53.2,321010,4107,54.836
2019-12-31T05:00:00Z,53.29,57.4,52.35,56.33,434979,3879,55.2648
2020-01-02T05:00:00Z,56.25,56.3,53.41,55.68,223467,2795,54.8102
2020-01-03T05:00:00Z,54.75,55.64,53,54.65,403715,3160,54.5899
2020-01-06T05:00:00Z,54.33,57.11,52.38,56.57,277639,2899,55.16
2020-01-07T05:00:00Z,55.7,57.21,54.02,56.76,308822,2276,56.2959
2020-01-08T05:00:00Z,56.41,58.36,55.525,57.86,261334,2863,57.1781
2020-01-09T05:00:00Z,57.89,61,57.57,58.37,190496,2484,59.3145
2020-01-10T05:00:00Z,58.55,58.77,56.3,56.7,278523,2629,57.1965
2020-01-13T05:00:00Z,57.3,57.3,51.24,52,481316,5281,52.6851
2020-01-14T05:00:00Z,51.32,54.95,48.52,53.23,284638,3215,52.0824
2020-01-15T05:00:00Z,52.87,54.8,52.51,53.28,248688,2377,53.4873
2020-01-16T05:00:00Z,51.62,54.95,50.98,52.9,217676,2248,53.484
2020-01-17T05:00:00Z,53.32,53.7,49.9,50.12,245522,2473,51.1896
2020-01-21T05:00:00Z,49.97,51.33,49,49.88,253371,2480,49.9822
2020-01-22T05:00:00Z,49.96,50.32,47.25,47.66,256084,2347,48.1972
2020-01-23T05:00:00Z,47.41,47.61,44.77,47.1,416093,3916,46.3659
2020-01-24T05:00:00Z,47.15,47.8,42.56,44.51,298085,3489,44.3165
2020-01-27T05:00:00Z,43.33,45.32,42.5,44.6,146634,1985,44.7195
2020-01-28T05:00:00Z,44.94,45.63,42.19,43.28,549806,1887,43.6801
2020-01-29T05:00:00Z,43.24,44,42.5,43.25,191390,1294,43.3931
2020-01-30T05:00:00Z,42.77,43.695,42,43.5,286898,2351,42.8265
2020-01-31T05:00:00Z,43.18,44,42.3,42.75,152308,1861,42.8716
2020-02-03T05:00:00Z,42.93,44,42.1,43.54,223322,2546,43.2492
2020-02-04T05:00:00Z,44.07,46.09,42.8282,45.78,398870,2491,45.2388
2020-02-05T05:00:00Z,46.17,47.21,44.7551,45.2,308038,3654,45.4242
2020-02-06T05:00:00Z,45.44,46.01,43.49,44.72,343085,3184,44.4566
2020-02-07T05:00:00Z,44.72,45.65,44.39,45.23,343540,1961,45.2077
2020-02-10T05:00:00Z,45.08,46.275,43.54,44.47,295435,2922,44.7299
2020-02-11T05:00:00Z,44.67,46.92,43.87,46.46,203133,2124,45.4401
2020-02-12T05:00:00Z,46.69,46.81,44.7,45.15,160628,1782,45.5404
2020-02-13T05:00:00Z,44.81,48.18,44.81,47.92,177456,2116,46.8199
2020-02-14T05:00:00Z,47.96,48.04,46.2665,46.75,195444,2189,46.9451
2020-02-18T05:00:00Z,46.31,48.48,46.237,48.27,76579,1072,47.413
2020-02-19T05:00:00Z,48.33,50.76,48.2,48.76,145773,2226,49.5398
2020-02-20T05:00:00Z,48.58,49,45.27,48.6,125324,2096,47.359
2020-02-21T05:00:00Z,49.15,49.39,47.0275,49.22,171352,2422,48.2906
2020-02-24T05:00:00Z,47.28,49.16,47.06,48.5,147114,2594,48.4677
2020-02-25T05:00:00Z,48,48.1765,44.43,45,355214,3869,45.463
2020-02-26T05:00:00Z,45.23,46.78,43.4,44.52,211416,3298,44.8129
2020-02-27T05:00:00Z,43.49,44.23,41,41.02,168649,2225,42.2661
2020-02-28T05:00:00Z,40.2,42.4,40,41.76,307980,3088,41.2698
2020-03-02T05:00:00Z,42.53,42.98,40.41,42.86,212666,2428,41.8417
2020-03-03T05:00:00Z,42.84,45.15,38.86,41.09,293196,3129,41.1705
2020-03-04T05:00:00Z,42.02,43.72,41.6,43.43,216035,3180,42.9524
2020-03-05T05:00:00Z,42.25,44.71,42.25,43.36,193294,2663,43.3758
2020-03-06T05:00:00Z,42.5,43.6233,41.53,42.49,255969,3330,42.6062
2020-03-09T04:00:00Z,40.03,41.68,38.61,39.47,376429,3150,39.6767
2020-03-10T04:00:00Z,40.86,41.79,37.51,41.18,242023,3218,39.7319
2020-03-11T04:00:00Z,39.87,40.99,37.05,38.22,224867,2618,38.5432
2020-03-12T04:00:00Z,35.38,35.9484,31.58,32.74,399049,3474,33.1723
2020-03-13T04:00:00Z,34.24,36.78,29,33.64,275286,3285,32.1493
2020-03-16T04:00:00Z,29.76,36.94,28.29,35.47,283337,3543,33.7132
2020-03-17T04:00:00Z,36.59,41.87,33.99,39.75,326653,3939,38.7799
2020-03-18T04:00:00Z,37.35,40,34.9155,35.77,193987,2716,36.8161
2020-03-19T04:00:00Z,35.64,37,33.91,34.41,235474,2941,35.1191
2020-03-20T04:00:00Z,34.37,35.02,31.48,32.51,248356,1916,33.2225
2020-03-23T04:00:00Z,32.59,33.35,30.02,32.32,195851,2939,32.1789
2020-03-24T04:00:00Z,34.49,35.95,31.01,33.27,216527,2240,33.0464
2020-03-25T04:00:00Z,33.09,36.4999,32.34,33.94,230137,3274,34.4665
2020-03-26T04:00:00Z,34.02,39.75,34.02,37.42,250425,2356,37.7027
2020-03-27T04:00:00Z,36.23,38.6965,34,36.61,212595,2433,36.6544
2020-03-30T04:00:00Z,36.54,38,35.4469,36.94,133055,1532,37.0562
2020-03-31T04:00:00Z,36.73,38.67,35.44,37.07,174374,1746,36.7906
2020-04-01T04:00:00Z,35.41,36.3587,33.17,34.99,252846,2885,34.5387
2020-04-02T04:00:00Z,34.41,38.19,34.295,35.88,268271,2630,35.6936
2020-04-03T04:00:00Z,35.82,36.53,34.73,35,142702,1598,35.3245
2020-04-06T04:00:00Z,36.68,39.08,35.53,37.5,240507,2037,37.5462
2020-04-07T04:00:00Z,38.4,38.4,33.58,33.75,270079,3228,35.3393
2020-04-08T04:00:00Z,34.14,36.65,33.76,36.18,205808,2160,35.6997
2020-04-09T04:00:00Z,35.68,40.9402,35.68,40.2,427743,4050,39.0333
2020-04-13T04:00:00Z,37.36,38.25,34.75,36.01,338195,3066,36.0251
2020-04-14T04:00:00Z,36.65,38.9993,35.63,38.18,320980,3072,37.4443
2020-04-15T04:00:00Z,38.14,38.14,34.88,34.88,190727,2494,36.1863
2020-04-16T04:00:00Z,35.48,36.34,33.945,34.7,188038,3497,34.6357
2020-04-17T04:00:00Z,35.79,37.4,35.05,37.15,315706,3406,35.86
2020-04-20T04:00:00Z,36.62,38.74,36.2,36.81,247420,3139,37.1929
2020-04-21T04:00:00Z,35.87,38.27,35.2865,36.16,272896,3172,36.7544
2020-04-22T04:00:00Z,36.61,37.64,35.5283,36.35,378761,4216,36.1988
2020-04-23T04:00:00Z,36.65,38.095,35.71,36.1,209489,2452,36.641
2020-04-24T04:00:00Z,36.16,36.8816,35.51,36.51,108989,1104,36.1788
2020-04-27T04:00:00Z,37.25,37.25,34.6,34.78,283087,2510,35.7103
2020-04-28T04:00:00Z,36.38,36.49,34.56,35.34,178112,1880,35.388
2020-04-29T04:00:00Z,35.98,37.04,35.03,36.7,156543,2474,36.3642
2020-04-30T04:00:00Z,36.09,36.18,32.3,32.42,317122,3457,34.2837
2020-05-01T04:00:00Z,34.23,34.86,32.43,33.61,229483,2807,33.5493
2020-05-04T04:00:00Z,33.6,35.22,32.73,35.02,359929,1475,34.852
2020-05-05T04:00:00Z,35.97,36.07,33.95,34.49,195437,2433,34.9571
2020-05-06T04:00:00Z,34.49,35.1,33.64,33.84,140050,1765,34.3426
2020-05-07T04:00:00Z,34.54,37.8999,34.08,35.89,296511,3168,36.2036
2020-05-08T04:00:00Z,37.02,39.77,35.77,37.98,384155,4782,38.1194
2020-05-11T04:00:00Z,38.03,39.66,37.3,37.78,269595,3476,38.3679
2020-05-12T04:00:00Z,37.91,37.91,35.02,35.2,236865,2835,36.2275
2020-05-13T04:00:00Z,35.3,35.95,32.73,33.39,222484,2735,33.8865
2020-05-14T04:00:00Z,33.01,35.01,32.97,34.76,165863,2368,34.1247
2020-05-15T04:00:00Z,34.83,36,34.42,35.48,137505,1541,35.4393
2020-05-18T04:00:00Z,36.2,37.47,35.53,36.21,147510,2411,36.4692
2020-05-19T04:00:00Z,35.97,36.3975,32.55,32.76,302743,3983,33.8686
2020-05-20T04:00:00Z,33.27,35.1641,32.9,34.26,267213,3033,33.8482
2020-05-21T04:00:00Z,34.98,35.49,33.01,33.86,206749,2603,33.9088
2020-05-22T04:00:00Z,33.91,34.0652,32.02,33.1,166245,3229,32.7088
2020-05-26T04:00:00Z,34.52,35.96,33.6768,34.88,259770,3584,34.6421
2020-05-27T04:00:00Z,35.16,35.29,31.3,34.54,235494,2897,33.5392
2020-05-28T04:00:00Z,34.74,34.955,32.72,33.2,193701,2321,33.7742
2020-05-29T04:00:00Z,32,33.09,30.56,31.21,692363,5755,31.4132
2020-06-01T04:00:00Z,30.36,31.07,28.5,29.88,638382,6313,30.1054
2020-06-02T04:00:00Z,30.38,30.38,26.69,28.69,666930,6632,28.1801
2020-06-03T04:00:00Z,28.92,29.24,26.8,26.88,514309,5636,27.5583
2020-06-04T04:00:00Z,27.03,28.32,25.89,26.17,878581,7595,26.7154
2020-06-05T04:00:00Z,26.02,27.79,24.72,25.46,752749,7504,25.7715
2020-06-08T04:00:00Z,26.43,31.83,26,30.38,527943,6369,29.6835
2020-06-09T04:00:00Z,29.84,30.5274,26.11,26.18,596612,5051,27.383
2020-06-10T04:00:00Z,26.42,27.18,25.34,25.395,337096,3879,25.8921
2020-06-11T04:00:00Z,25,25.47,24.02,24.13,355848,4313,24.6551
2020-06-12T04:00:00Z,24.97,25.3299,22.85,23.74,400862,4878,23.6774
2020-06-15T04:00:00Z,23.06,25.59,22.82,24.42,448782,5469,24.5576
2020-06-16T04:00:00Z,24.92,25.715,23.75,24.11,424602,3481,24.435
2020-06-17T04:00:00Z,24.2,25.15,23.8,24.17,320679,3168,24.5382
2020-06-18T04:00:00Z,24.05,24.69,24.02,24.33,205057,2848,24.3065
2020-06-19T04:00:00Z,24.46,24.76,23.1,24.58,1405600,5930,24.3857
2020-06-22T04:00:00Z,24.39,25.09,23.84,25.04,348370,3106,24.7901
2020-06-23T04:00:00Z,25.15,26.93,24.6,25.87,386074,3821,25.8103
2020-06-24T04:00:00Z,25.26,26.4,23.05,24.17,321765,3231,24.3333
2020-06-25T04:00:00Z,24.18,24.4772,23.105,23.46,384997,3578,23.6116
2020-06-26T04:00:00Z,23.42,23.915,21.09,21.19,813490,4432,21.5363
2020-06-29T04:00:00Z,21.53,22.49,21.11,22.19,348047,3942,22.0767
2020-06-30T04:00:00Z,22.27,22.352,21.21,21.44,348237,2416,21.7199
2020-07-01T04:00:00Z,21.64,22.58,20.23,20.76,727546,7276,21.1138
2020-07-02T04:00:00Z,21.07,22.01,20.28,21.17,706339,5018,21.2058
2020-07-06T04:00:00Z,21.55,21.96,20.41,20.48,261269,2497,20.7435
2020-07-07T04:00:00Z,20.48,20.52,17.6975,18.6,786478,5353,19.0664
2020-07-08T04:00:00Z,19.01,19.68,18.4,18.62,459011,4864,18.7829
2020-07-09T04:00:00Z,19.09,19.22,17.62,18.18,649413,5095,18.3144
2020-07-10T04:00:00Z,17.98,18.45,17.55,17.88,723762,6012,17.8386
2020-07-13T04:00:00Z,12.75,12.97,8,8.15,6820998,38491,9.96239
2020-07-14T04:00:00Z,8.4,9.92,8.35,9.08,3672241,21658,9.29764
2020-07-15T04:00:00Z,9.49,9.8722,8.75,9.01,2225937,12377,9.28849
2020-07-16T04:00:00Z,9.53,9.65,9.01,9.31,1594954,11109,9.33638
2020-07-17T04:00:00Z,9.36,9.36,8.85,9.24,2261668,10408,9.12474
2020-07-20T04:00:00Z,9.44,9.59,8.9604,9.29,1129438,9169,9.24471
2020-07-21T04:00:00Z,9.29,9.45,9.03,9.29,1548730,10180,9.18399
2020-07-22T04:00:00Z,9.29,10.04,9.1,9.67,1572657,10340,9.5766
2020-07-23T04:00:00Z,9.88,10.586,9.57,9.9,1570516,10943,10.0501
2020-07-24T04:00:00Z,9.74,9.8227,9.2361,9.38,1181136,7830,9.40442
2020-07-27T04:00:00Z,9.31,9.62,9.06,9.25,628741,5196,9.30434
2020-07-28T04:00:00Z,9.17,9.467,9.06,9.18,526764,4086,9.20168
2020-07-29T04:00:00Z,9.11,9.27,8.57,8.91,2674356,11335,8.90464
2020-07-30T04:00:00Z,8.75,9.1,8.7,8.89,1314384,7956,8.88545
2020-07-31T04:00:00Z,8.91,9.08,8.52,8.92,1048363,8162,8.75435
2020-08-03T04:00:00Z,8.91,9.4,8.69,9.24,1139485,8191,9.21359
2020-08-04T04:00:00Z,9.32,9.61,9,9.5,802444,6306,9.35253
2020-08-05T04:00:00Z,9.55,9.98,9.4,9.7,846570,5716,9.72161
2020-08-06T04:00:00Z,9.7,9.91,9.37,9.59,610362,4414,9.61891
2020-08-07T04:00:00Z,9.49,9.68,9.28,9.565,941391,8146,9.50467
2020-08-10T04:00:00Z,9.65,10.31,9.5621,10.04,797104,6855,9.99818
2020-08-11T04:00:00Z,10.02,10.35,9.26,9.4,1003347,6900,9.68279
2020-08-12T04:00:00Z,9.48,9.78,9.16,9.48,979576,6293,9.3954
2020-08-13T04:00:00Z,9.47,9.62,9.215,9.31,614492,4582,9.42128
2020-08-14T04:00:00Z,9.34,9.34,8.94,9.12,743180,4751,9.08327
2020-08-17T04:00:00Z,9.1,9.6509,9.05,9.56,445163,3907,9.39949
2020-08-18T04:00:00Z,9.55,9.55,9.05,9.27,451793,3575,9.21752
2020-08-19T04:00:00Z,9.2,9.38,9.1,9.25,354195,2608,9.26615
2020-08-20T04:00:00Z,9.15,9.48,9.12,9.44,379636,3015,9.32481
2020-08-21T04:00:00Z,9.4,9.89,9.19,9.28,666631,5082,9.56035
2020-08-24T04:00:00Z,9.26,9.445,8.86,8.91,669810,6380,8.97463
2020-08-25T04:00:00Z,8.97,9.33,8.88,9.27,423319,3453,9.19646
2020-08-26T04:00:00Z,9.2,9.3,9.02,9.27,266862,2591,9.19418
2020-08-27T04:00:00Z,9.26,9.26,8.86,8.96,292342,2683,8.99487
2020-08-28T04:00:00Z,9.01,9.1,8.62,8.88,371741,2760,8.84257
2020-08-31T04:00:00Z,8.95,9.08,8.76,9.005,465125,3489,8.97014
2020-09-01T04:00:00Z,8.9,9.07,8.72,8.98,401984,2704,8.85524
2020-09-02T04:00:00Z,8.91,9.15,8.69,9.07,428406,3813,8.90026
2020-09-03T04:00:00Z,9.01,9.33,8.77,8.82,487639,3244,8.95163
2020-09-04T04:00:00Z,8.88,8.9,8.15,8.32,792066,4809,8.4096
2020-09-08T04:00:00Z,8.3,8.97,8.05,8.61,590480,4668,8.63561
2020-09-09T04:00:00Z,8.71,9.76,8.66,9.33,752123,5608,9.40865
2020-09-10T04:00:00Z,9.4,9.42,9.05,9.14,335342,3557,9.21241
2020-09-11T04:00:00Z,9.14,9.33,8.81,9.05,213397,2160,9.10609
2020-09-14T04:00:00Z,9.12,9.53,9.08,9.24,409123,4046,9.31326
2020-09-15T04:00:00Z,9.28,9.705,9.12,9.16,556501,3566,9.42396
2020-09-16T04:00:00Z,9.27,9.45,9.14,9.17,200684,2326,9.25395
2020-09-17T04:00:00Z,9.14,9.47,9,9.43,214540,1774,9.34724
2020-09-18T04:00:00Z,9.45,9.57,9.1301,9.57,727447,3105,9.49923
2020-09-21T04:00:00Z,9.38,9.43,9.02,9.4,376799,3870,9.24522
2020-09-22T04:00:00Z,9.35,9.35,8.73,8.88,474465,3528,8.92002
2020-09-23T04:00:00Z,8.94,8.95,8.17,8.22,502155,3573,8.39393
2020-09-24T04:00:00Z,8.22,8.4499,7.91,8.21,276987,2435,8.20659
2020-09-25T04:00:00Z,8.2,8.4,8.15,8.38,246105,1998,8.28626
2020-09-28T04:00:00Z,8.5,8.5,8.06,8.29,313706,2231,8.26361
2020-09-29T04:00:00Z,8.26,8.57,8.12,8.53,265409,2024,8.41154
2020-09-30T04:00:00Z,8.47,8.82,8.38,8.8,246512,1875,8.6867
2020-10-01T04:00:00Z,8.78,9.6,8.73,9.475,814652,5834,9.2567
2020-10-02T04:00:00Z,9.18,9.87,9.15,9.52,538059,3697,9.53772
2020-10-05T04:00:00Z,9.72,10.7,9.72,10.58,877834,5594,10.2217
2020-10-06T04:00:00Z,10.8,11.32,10.0975,10.41,963794,6601,10.6464
2020-10-07T04:00:00Z,10.61,11.43,10.515,11.39,579713,4939,11.1393
2020-10-08T04:00:00Z,11.43,11.78,10.95,11.235,615056,4073,11.3077
2020-10-09T04:00:00Z,11,11.47,10.81,11.22,262583,2803,11.1629
2020-10-12T04:00:00Z,11.26,11.72,11.22,11.57,302761,2435,11.4738
2020-10-13T04:00:00Z,11.53,11.57,11.01,11.53,227858,2682,11.3929
2020-10-14T04:00:00Z,11.54,11.83,11.3,11.65,228490,2339,11.5482
2020-10-15T04:00:00Z,11.51,11.695,10.82,11.33,408864,4318,11.2306
2020-10-16T04:00:00Z,11.48,11.58,11.18,11.39,306974,2825,11.4252
2020-10-19T04:00:00Z,11.51,11.6,11.16,11.46,219326,1989,11.3853
2020-10-20T04:00:00Z,11.54,11.65,11.24,11.51,194289,1706,11.4965
2020-10-21T04:00:00Z,11.57,11.57,11.11,11.38,515457,2719,11.3532
2020-10-22T04:00:00Z,11.34,11.57,11.0202,11.5,333083,2176,11.2708
2020-10-23T04:00:00Z,11.6,12.49,11.3,12.43,462206,3827,11.9578
2020-10-26T04:00:00Z,12.21,12.36,10.9,10.93,421616,4062,11.2938
2020-10-27T04:00:00Z,11.02,11.02,10.23,10.31,375147,2794,10.5229
2020-10-28T04:00:00Z,10.14,10.31,9.73,10.07,369243,2756,10.0337
2020-10-29T04:00:00Z,10.09,10.58,9.87,10.41,188482,2877,10.3585
2020-10-30T04:00:00Z,10.31,10.34,9.53,9.66,294466,3223,9.73344
2020-11-02T05:00:00Z,9.73,9.97,9.49,9.9,959314,2047,9.79316
2020-11-03T05:00:00Z,10.06,10.39,9.86,10.175,155164,1867,10.1058
2020-11-04T05:00:00Z,10.12,10.55,10.08,10.31,154735,2014,10.2944
2020-11-05T05:00:00Z,10.33,10.94,10.17,10.67,199000,2331,10.6585
2020-11-06T05:00:00Z,10.64,10.705,9.8,9.87,285581,3049,10.0014
2020-11-09T05:00:00Z,10.19,11.13,9.87,10.85,320533,3668,10.6669
2020-11-10T05:00:00Z,10.97,11,10.29,10.44,287085,2906,10.5446
2020-11-11T05:00:00Z,10.57,11.0675,10.51,10.85,318152,2784,10.8496
2020-11-12T05:00:00Z,10.73,11.4208,10.47,10.53,606177,2843,10.8262
2020-11-13T05:00:00Z,10.69,10.76,10.21,10.55,185028,2016,10.501
2020-11-16T05:00:00Z,10.64,10.91,10.06,10.11,368609,2809,10.2567
2020-11-17T05:00:00Z,10,10.4,9.7,10.04,345020,3326,10.0452
2020-11-18T05:00:00Z,10.14,10.24,9.86,9.86,650647,1709,9.97421
2020-11-19T05:00:00Z,9.93,10.48,9.8,9.98,630171,3579,10.1035
2020-11-20T05:00:00Z,9.88,10.28,9.7,10.19,232002,2135,10.0841
2020-11-23T05:00:00Z,10.21,10.3,9.84,9.87,199679,2032,10.0325
2020-11-24T05:00:00Z,10.01,10.22,9.81,10.15,271953,2165,10.0317
2020-11-25T05:00:00Z,10.15,10.74,10.0554,10.21,206557,1980,10.3352
2020-11-27T05:00:00Z,10.23,10.7,10.13,10.38,140693,1282,10.3916
2020-11-30T05:00:00Z,10.47,10.53,9.9,10.12,186824,2139,10.1648
2020-12-01T05:00:00Z,10.28,12.1,10.15,10.75,929152,6992,11.2698
2020-12-02T05:00:00Z,11.2802,11.2802,10.05,10.28,453170,4496,10.3114
2020-12-03T05:00:00Z,10.35,11.39,10.12,10.95,464097,4843,10.8977
2020-12-04T05:00:00Z,10.98,11.76,10.86,11.44,378247,3088,11.4238
2020-12-07T05:00:00Z,11.5,11.92,10.83,10.92,129635,1902,11.1518
2020-12-08T05:00:00Z,10.85,11.13,10.63,11.06,625361,1484,10.9575
2020-12-09T05:00:00Z,11.16,11.35,10.42,10.61,192145,1896,10.7537
2020-12-10T05:00:00Z,10.52,11.11,10.4,10.83,559391,1883,10.8167
2020-12-11T05:00:00Z,10.8,11.83,10.6899,11.65,882600,2931,11.3707
2020-12-14T05:00:00Z,11.8,13.74,11.75,12.3,1817457,13337,12.8841
2020-12-15T05:00:00Z,12.63,12.705,11.34,12.18,609724,4358,11.8658
2020-12-16T05:00:00Z,12.41,12.45,11.67,12.33,251085,2470,12.1842
2020-12-17T05:00:00Z,11.04,11.45,10.6,11.08,580844,5092,10.9887
2020-12-18T05:00:00Z,11.4,11.694,10.51,10.56,1071706,5809,10.7956
2020-12-21T05:00:00Z,10.43,10.69,9.99,10.4,814205,2932,10.3627
2020-12-22T05:00:00Z,10.42,11.2,10.38,10.92,1053122,3358,10.8668
2020-12-23T05:00:00Z,10.93,11.47,10.73,11.22,954365,1562,11.1566
2020-12-24T05:00:00Z,11.2,11.44,10.59,10.74,133089,905,10.8714
2020-12-28T05:00:00Z,10.83,10.86,10.26,10.36,178100,1864,10.4608
2020-12-29T05:00:00Z,10.36,10.63,9.8802,10.49,260930,2553,10.3317
2020-12-30T05:00:00Z,10.51,11.225,10.51,11.1,235353,1901,11.012
2020-12-31T05:00:00Z,11.09,11.43,10.09,10.9,325716,1850,10.7015
2021-01-04T05:00:00Z,10.98,11.11,10.59,10.88,409818,2089,10.9246
2021-01-05T05:00:00Z,10.93,11.3,10.78,10.97,411125,2550,10.9987
2021-01-06T05:00:00Z,11.21,11.79,11.03,11.42,380056,3966,11.4271
2021-01-07T05:00:00Z,11.6,11.76,11.16,11.42,182597,1981,11.3964
2021-01-08T05:00:00Z,11.6,11.64,11.08,11.32,99198,1305,11.3477
2021-01-11T05:00:00Z,11.15,11.91,10.9,11.91,192356,1942,11.6311
2021-01-12T05:00:00Z,11.95,12.46,11.69,12.21,237945,2422,12.2237
2021-01-13T05:00:00Z,12.29,12.6,12.04,12.09,153569,1755,12.2467
2021-01-14T05:00:00Z,12.27,13.4,12.27,13.07,504928,2743,13.022
2021-01-15T05:00:00Z,12.22,12.69,12.04,12.31,315690,2522,12.2781
2021-01-19T05:00:00Z,12.65,12.65,11.91,12.2,896419,2249,12.1563
2021-01-20T05:00:00Z,12.33,13.05,12.2982,12.97,205014,2014,12.7974
2021-01-21T05:00:00Z,13.05,13.0759,12.235,12.6,422626,2070,12.5886
2021-01-22T05:00:00Z,12.6,14.04,12.5,13.6,435917,3988,13.4821
2021-01-25T05:00:00Z,13.65,13.83,13.07,13.62,671643,1948,13.5603
2021-01-26T05:00:00Z,13.72,13.95,12.91,13.12,225271,2397,13.2686
2021-01-27T05:00:00Z,12.65,13.1,11.9,12.205,271210,2889,12.3776
2021-01-28T05:00:00Z,12.35,12.76,12.03,12.18,206727,2467,12.3444
2021-01-29T05:00:00Z,12.16,12.68,11.5,11.59,239383,2661,11.9195
2021-02-01T05:00:00Z,11.74,12.04,11.6,11.99,320279,1742,11.9475
2021-02-02T05:00:00Z,12.25,12.37,11.72,12.22,166250,1874,12.1573
2021-02-03T05:00:00Z,12.18,12.81,11.9701,12.57,159028,1711,12.5159
2021-02-04T05:00:00Z,12.71,13.135,12.33,12.395,322182,2462,12.7001
2021-02-05T05:00:00Z,12.63,12.92,12.08,12.615,216275,1961,12.6126
2021-02-08T05:00:00Z,12.65,12.85,12.18,12.7,285965,2207,12.6212
2021-02-09T05:00:00Z,12.63,13.73,12.41,13.64,362413,2644,13.0377
2021-02-10T05:00:00Z,13.7,13.89,13.12,13.87,252341,2238,13.6677
2021-02-11T05:00:00Z,13.96,14.3999,13.37,13.88,263820,2491,13.9155
2021-02-12T05:00:00Z,13.8,14.0773,13.1612,13.38,370661,1464,13.4932
2021-02-16T05:00:00Z,13.44,14.025,13.24,13.81,204367,1714,13.736
2021-02-17T05:00:00Z,13.79,13.8642,13.0808,13.39,159382,1198,13.3185
2021-02-18T05:00:00Z,13.25,13.37,12.81,13.05,306586,2543,13.1433
2021-02-19T05:00:00Z,13.09,13.64,13,13.34,113174,1244,13.3785
2021-02-22T05:00:00Z,13.23,13.5,12.31,12.36,270071,2231,12.658
2021-02-23T05:00:00Z,12.2,12.2,11.29,11.33,232005,2333,11.5518
2021-02-24T05:00:00Z,11.54,12.18,11.41,11.79,114981,1535,11.8626
2021-02-25T05:00:00Z,11.82,11.91,11.28,11.56,168131,2056,11.5791
2021-02-26T05:00:00Z,11.72,11.745,10.96,11.36,199368,2077,11.387
2021-03-01T05:00:00Z,11.62,11.76,11.11,11.48,229798,2854,11.3786
2021-03-02T05:00:00Z,11.48,11.72,11.2,11.56,114154,1581,11.5155
2021-03-03T05:00:00Z,11.44,11.6931,11.13,11.54,140029,1855,11.5068
2021-03-04T05:00:00Z,11.51,11.62,10.33,11.39,358363,3506,10.965
2021-03-05T05:00:00Z,12.1032,12.38,10.7,11.31,370804,4004,11.4182
2021-03-08T05:00:00Z,11.53,12.34,10.97,10.97,285227,3300,11.5027
2021-03-09T05:00:00Z,11.29,11.9,11.11,11.78,232079,2832,11.6183
2021-03-10T05:00:00Z,11.84,12.16,11.53,11.9,217817,2428,11.9152
2021-03-11T05:00:00Z,12.08,12.1,11.81,12.03,221526,2499,11.9693
2021-03-12T05:00:00Z,11.88,12.72,11.7889,12.67,154513,1677,12.4108
2021-03-15T04:00:00Z,12.64,12.9819,12.41,12.59,119303,1746,12.6385
2021-03-16T04:00:00Z,12.6,12.6,11.965,12.4,114566,1607,12.2999
2021-03-17T04:00:00Z,12.4,12.84,12.02,12.4,196336,1749,12.4134
2021-03-18T04:00:00Z,12.44,12.46,11.75,11.75,133328,1390,12.0956
2021-03-19T04:00:00Z,11.68,12.07,11.68,11.93,345980,1961,11.8189
2021-03-22T04:00:00Z,12,12.17,11.68,12.05,106330,1769,11.9809
2021-03-23T04:00:00Z,11.93,11.985,11.375,11.46,110608,1597,11.6012
2021-03-24T04:00:00Z,12.045,12.045,10.7,10.7,220760,2240,10.9854
2021-03-25T04:00:00Z,10.51,11.07,10.37,11,116354,2014,10.8518
2021-03-26T04:00:00Z,11.22,11.22,10.255,10.46,106275,1436,10.5652
2021-03-29T04:00:00Z,10.36,10.47,9.95,9.97,204601,2771,10.1266
2021-03-30T04:00:00Z,10.01,10.15,9.66,9.81,134295,1891,9.89276
2021-03-31T04:00:00Z,9.92,10.22,9.58,10.01,303215,2226,9.91721
2021-04-01T04:00:00Z,10.03,10.15,9.81,10.08,184255,2124,10.0305
2021-04-05T04:00:00Z,10.2,10.48,10.19,10.28,124982,1766,10.2984
2021-04-06T04:00:00Z,10.23,10.34,10,10.14,190309,2214,10.12
2021-04-07T04:00:00Z,10.04,10.17,9.63,9.74,148658,2488,9.84791
2021-04-08T04:00:00Z,9.83,9.93,9.53,9.83,143063,2002,9.76422
2021-04-09T04:00:00Z,9.8,9.8,9.52,9.62,133940,2295,9.63961
2021-04-12T04:00:00Z,9.57,9.82,9.3,9.42,152372,1751,9.46393
2021-04-13T04:00:00Z,9.41,9.46,9.07,9.28,408104,1642,9.21958
2021-04-14T04:00:00Z,9.33,9.595,9.33,9.44,193706,2308,9.46844
2021-04-15T04:00:00Z,9.57,9.57,9.37,9.47,230207,2447,9.4754
2021-04-16T04:00:00Z,9.5,9.61,8.95,9.42,211608,2844,9.28177
2021-04-19T04:00:00Z,9.44,9.5,8.83,8.96,484943,2804,9.02432
2021-04-20T04:00:00Z,8.86,9.105,8.73,9.04,261297,3026,8.97293
2021-04-21T04:00:00Z,8.98,9.22,8.95,9.14,326067,4272,9.0969
2021-04-22T04:00:00Z,9.19,10.02,9.1,9.74,226376,3705,9.73809
2021-04-23T04:00:00Z,9.8,9.8016,9.22,9.5,189324,1907,9.46216
2021-04-26T04:00:00Z,9.62,10.23,9.53,9.96,286665,2655,9.9026
2021-04-27T04:00:00Z,10,10.15,9.16,9.25,277392,3871,9.53392
2021-04-28T04:00:00Z,9.22,9.25,8.92,9.06,243922,2683,9.07814
2021-04-29T04:00:00Z,9.06,9.2,9,9.09,257899,2238,9.05719
2021-04-30T04:00:00Z,9.24,9.29,8.7,8.77,303404,3826,8.9827
2021-05-03T04:00:00Z,8.8,8.92,8.46,8.54,268663,2684,8.56934
2021-05-04T04:00:00Z,8.5,8.5,7.99,8,545346,3462,8.16084
2021-05-05T04:00:00Z,8.02,8.15,7.63,7.69,494423,4366,7.81668
2021-05-06T04:00:00Z,7.83,7.99,7.63,7.86,485028,5355,7.86112
2021-05-07T04:00:00Z,7.95,8.14,7.85,7.95,272282,3041,7.96471
2021-05-10T04:00:00Z,8.06,8.065,7.725,7.74,464765,5326,7.87287
2021-05-11T04:00:00Z,7.63,8.08,7.42,8.06,349817,3589,7.78465
2021-05-12T04:00:00Z,8.05,8.31,7.95,8,244145,3658,8.08
2021-05-13T04:00:00Z,8.06,8.12,7.8,8.01,170626,2446,7.95963
2021-05-14T04:00:00Z,8,8.26,7.88,8.14,151196,2045,8.13108
2021-05-17T04:00:00Z,8.04,8.13,7.91,8.01,143483,1785,8.00254
2021-05-18T04:00:00Z,8,8.61,7.915,8.32,278963,3513,8.3846
2021-05-19T04:00:00Z,8.25,8.25,8.0038,8.13,157463,2295,8.12877
2021-05-20T04:00:00Z,8.25,8.42,8.09,8.31,100272,2744,8.27868
2021-05-21T04:00:00Z,8.36,8.37,8.16,8.28,131471,1989,8.28162
2021-05-24T04:00:00Z,8.31,8.525,8.2,8.35,222741,2672,8.37545
2021-05-25T04:00:00Z,8.34,8.44,7.88,7.88,248687,3125,8.00425
2021-05-26T04:00:00Z,7.9,8.1,7.88,8,215062,2741,8.00124
2021-05-27T04:00:00Z,8.05,8.09,7.96,7.96,484529,3007,7.99179
2021-05-28T04:00:00Z,7.97,8.34,7.8,7.85,279864,3008,8.00209
2021-06-01T04:00:00Z,7.89,8.01,7.72,7.77,196699,2136,7.84109
2021-06-02T04:00:00Z,7.74,7.99,7.65,7.69,417088,3725,7.76965
2021-06-03T04:00:00Z,7.66,7.96,7.53,7.79,224539,3459,7.77631
2021-06-04T04:00:00Z,7.88,7.88,7.55,7.6,250079,2878,7.66686
2021-06-07T04:00:00Z,7.59,8.04,7.57,7.92,278680,3616,7.88699
2021-06-08T04:00:00Z,7.94,8.28,7.84,8.18,217690,2947,8.10447
2021-06-09T04:00:00Z,8.18,8.54,8.12,8.23,329490,2045,8.2988
2021-06-10T04:00:00Z,8.3,8.39,8.08,8.36,159481,2396,8.26848
2021-06-11T04:00:00Z,8.37,8.4,8.03,8.04,171289,2011,8.14754
2021-06-14T04:00:00Z,8.08,8.26,8,8.18,216951,2178,8.11139
2021-06-15T04:00:00Z,8.22,8.22,7.94,8.14,194884,2489,8.12265
2021-06-16T04:00:00Z,8.09,8.36,7.97,8.23,347365,3870,8.18854
2021-06-17T04:00:00Z,8.17,8.33,8.03,8.18,182984,2332,8.17041
2021-06-18T04:00:00Z,8.06,8.1884,7.7628,7.85,827048,4383,7.86756
2021-06-21T04:00:00Z,7.9,7.98,7.7305,7.91,312586,3054,7.86944
2021-06-22T04:00:00Z,8.18,8.19,7.71,7.94,174800,2129,7.87437
2021-06-23T04:00:00Z,7.96,8.06,7.82,7.91,174827,1878,7.91294
2021-06-24T04:00:00Z,7.99,8.3,7.99,8.21,231100,3371,8.17116
2021-06-25T04:00:00Z,8.21,8.52,8.16,8.48,3875007,3865,8.46948
2021-06-28T04:00:00Z,8.62,8.71,8.06,8.18,272329,2772,8.22607
2021-06-29T04:00:00Z,8.21,8.2399,7.85,8.04,276962,2254,7.98318
2021-06-30T04:00:00Z,8.02,8.05,7.76,8.03,268026,4208,7.94604
2021-07-01T04:00:00Z,8.1,8.105,7.76,7.95,213369,2363,7.93731
2021-07-02T04:00:00Z,8.01,8.08,7.79,7.99,149691,1825,7.93165
2021-07-06T04:00:00Z,7.93,8.075,7.77,7.89,212196,1572,7.88094
2021-07-07T04:00:00Z,7.89,8.05,7.68,8.02,441078,2255,7.84828
2021-07-08T04:00:00Z,7.84,8.02,7.7,7.77,248101,1913,7.85122
2021-07-09T04:00:00Z,7.83,7.94,7.63,7.87,314337,2340,7.72084
2021-07-12T04:00:00Z,7.86,7.94,7.62,7.7,192405,1468,7.7126
2021-07-13T04:00:00Z,7.62,7.74,7.38,7.5,263505,1989,7.52036
2021-07-14T04:00:00Z,7.44,7.56,7.37,7.38,157603,1724,7.43271
2021-07-15T04:00:00Z,7.3,7.36,7.1,7.2,314755,2365,7.1974
2021-07-16T04:00:00Z,7.25,7.35,7.11,7.23,218041,1712,7.23552
2021-07-19T04:00:00Z,7.16,7.29,7,7.2,436822,2231,7.17947
2021-07-20T04:00:00Z,7.27,7.44,7.15,7.4,284243,1849,7.3648
2021-07-21T04:00:00Z,7.37,7.53,7.25,7.46,159279,1465,7.41711
2021-07-22T04:00:00Z,7.47,7.47,7.15,7.17,160616,1168,7.25692
2021-07-23T04:00:00Z,7.15,7.21,6.95,7.06,228509,1604,7.0999
2021-07-26T04:00:00Z,7.05,7.13,6.94,6.94,158505,1613,7.00599
2021-07-27T04:00:00Z,6.93,7.24,6.82,7.1,239026,1801,7.07697
2021-07-28T04:00:00Z,7.11,7.28,7.07,7.22,115083,1423,7.21345
2021-07-29T04:00:00Z,7.23,7.23,6.98,7.01,127097,1314,7.04899
2021-07-30T04:00:00Z,6.98,7.06,6.89,6.93,110601,1370,6.95685
2021-08-02T04:00:00Z,7.05,7.17,6.9,7,247252,1381,7.06705
2021-08-03T04:00:00Z,7.14,7.28,6.97,7.14,394018,2593,7.13532
2021-08-04T04:00:00Z,7.42,7.42,7.02,7.2,661805,2597,7.15636
2021-08-05T04:00:00Z,7.27,7.55,7.2,7.52,249450,2236,7.38606
2021-08-06T04:00:00Z,7.65,7.68,7.33,7.62,234700,2213,7.52353
2021-08-09T04:00:00Z,7.56,7.655,7.24,7.38,289843,2545,7.36485
2021-08-10T04:00:00Z,7.37,7.49,7.22,7.43,113791,1370,7.37596
2021-08-11T04:00:00Z,7.4,7.47,7.21,7.28,98254,1132,7.30551
2021-08-12T04:00:00Z,7.27,7.44,7.15,7.26,89946,1004,7.28502
2021-08-13T04:00:00Z,7.27,7.4,7.16,7.21,161417,1600,7.26412
2021-08-16T04:00:00Z,7.28,7.28,7.03,7.15,108563,1578,7.14155
2021-08-17T04:00:00Z,7.05,7.24,7,7,474539,3435,7.08592
2021-08-18T04:00:00Z,7.24,7.37,7.14,7.19,694268,6284,7.21068
2021-08-19T04:00:00Z,7.15,7.19,6.94,6.95,243507,2528,7.01523
2021-08-20T04:00:00Z,6.96,7.08,6.8,7.01,221787,2805,6.94353
2021-08-23T04:00:00Z,7.01,7.48,7,7.42,532431,3723,7.30527
2021-08-24T04:00:00Z,7.42,7.525,7.19,7.39,279660,3676,7.35232
2021-08-25T04:00:00Z,7.38,7.63,7.255,7.6,337491,3054,7.49189
2021-08-26T04:00:00Z,7.57,7.73,7.48,7.54,145787,1637,7.56763
2021-08-27T04:00:00Z,7.53,7.7,7.4,7.42,242086,2889,7.51416
2021-08-30T04:00:00Z,7.42,7.46,7.335,7.42,142556,1840,7.40755
2021-08-31T04:00:00Z,7.4,7.62,7.4,7.62,148503,2080,7.57274
2021-09-01T04:00:00Z,7.59,7.68,7.46,7.49,95819,966,7.53764
2021-09-02T04:00:00Z,7.48,7.67,7.42,7.65,183818,1666,7.57252
2021-09-03T04:00:00Z,7.63,7.784,7.54,7.74,115519,1663,7.7108
2021-09-07T04:00:00Z,7.79,7.79,7.58,7.64,86249,1661,7.68354
2021-09-08T04:00:00Z,7.59,7.59,7.3,7.3,115718,1684,7.40869
2021-09-09T04:00:00Z,7.28,7.58,7.27,7.36,86767,1241,7.37858
2021-09-10T04:00:00Z,7.35,7.35,7.19,7.23,92854,1518,7.25085
2021-09-13T04:00:00Z,7.23,7.62,7.1,7.54,217947,3195,7.46861
2021-09-14T04:00:00Z,7.53,7.61,7.25,7.39,207390,2022,7.38567
2021-09-15T04:00:00Z,7.42,7.48,7.25,7.28,50959,1086,7.33741
2021-09-16T04:00:00Z,7.34,7.415,7.1,7.38,122996,1293,7.25686
2021-09-17T04:00:00Z,7.32,7.33,7,7,587413,2542,7.06834
2021-09-20T04:00:00Z,6.93,7.0873,6.845,6.89,254297,3277,6.92771
2021-09-21T04:00:00Z,6.92,7,6.86,6.9,105362,1530,6.91823
2021-09-22T04:00:00Z,6.93,6.96,6.7,6.84,243212,2483,6.8056
2021-09-23T04:00:00Z,6.85,6.93,6.76,6.89,114639,1206,6.84611
2021-09-24T04:00:00Z,6.85,7.1,6.8,7.05,156629,1149,6.98015
2021-09-27T04:00:00Z,7.01,7.14,6.9,6.95,71148,738,7.0157
2021-09-28T04:00:00Z,6.94,6.97,6.81,6.82,111070,1545,6.85339
2021-09-29T04:00:00Z,6.86,7.0299,6.8,6.83,122466,1278,6.91572
2021-09-30T04:00:00Z,6.9,6.925,6.69,6.74,112420,1592,6.78491
2021-10-01T04:00:00Z,7,7.81,7,7.56,707588,4676,7.47916
2021-10-04T04:00:00Z,7.65,7.98,7.22,7.84,440409,3572,7.6691
2021-10-05T04:00:00Z,7.95,8.26,7.8,7.84,729140,5181,8.05898
2021-10-06T04:00:00Z,7.84,8.1,7.48,7.57,353813,3014,7.71858
2021-10-07T04:00:00Z,7.78,8.06,7.47,7.7,540727,2650,7.74443
2021-10-08T04:00:00Z,7.66,7.74,7.5,7.62,219176,2400,7.59345
2021-10-11T04:00:00Z,7.71,7.72,7.44,7.64,202004,2008,7.5728
2021-10-12T04:00:00Z,7.65,7.79,7.43,7.65,348304,3351,7.6167
2021-10-13T04:00:00Z,8.0774,8.76,7.79,8.65,830702,5049,8.35795
2021-10-14T04:00:00Z,8.79,9.17,8.605,9.1,407371,3883,8.9281
2021-10-15T04:00:00Z,9.12,9.18,8.58,8.73,248123,2714,8.77367
2021-10-18T04:00:00Z,8.5,8.73,8.29,8.56,300284,2757,8.49021
2021-10-19T04:00:00Z,8.65,8.75,8.53,8.59,146653,1419,8.63904
2021-10-20T04:00:00Z,8.59,8.73,8.4607,8.68,138978,1697,8.61154
2021-10-21T04:00:00Z,8.68,8.75,8.41,8.49,122768,1117,8.5311
2021-10-22T04:00:00Z,8.335,8.38,8.075,8.27,278126,3799,8.19733
2021-10-25T04:00:00Z,8.25,8.25,7.88,7.98,202978,1604,8.02773
2021-10-26T04:00:00Z,7.97,7.97,7.61,7.73,398614,3153,7.76337
2021-10-27T04:00:00Z,7.68,7.95,7.665,7.87,532310,4138,7.87261
2021-10-28T04:00:00Z,7.92,8.33,7.83,8.29,328104,3961,8.15414
2021-10-29T04:00:00Z,8.34,8.4,8.03,8.22,265971,2124,8.22151
2021-11-01T04:00:00Z,8.29,8.67,8.1843,8.62,256049,2523,8.50881
2021-11-02T04:00:00Z,8.54,8.7,8.44,8.69,175913,2674,8.57677
2021-11-03T04:00:00Z,8.58,8.79,8.351,8.73,264463,2274,8.67884
2021-11-04T04:00:00Z,8.66,8.8898,8.56,8.72,242562,2577,8.70987
2021-11-05T04:00:00Z,8.25,8.77,8.25,8.61,301290,2953,8.54859
2021-11-08T05:00:00Z,8.55,8.55,8.16,8.18,261796,2732,8.29353
2021-11-09T05:00:00Z,6.7,6.975,6.19,6.68,1324213,9161,6.65733
2021-11-10T05:00:00Z,6.58,6.67,6.4,6.49,479309,3798,6.56004
2021-11-11T05:00:00Z,6.53,6.76,6.46,6.62,339241,2712,6.6083
2021-11-12T05:00:00Z,6.64,6.65,6.365,6.43,232244,2634,6.46263
2021-11-15T05:00:00Z,6.38,6.38,6.13,6.18,238910,2626,6.24511
2021-11-16T05:00:00Z,6.14,6.5,5.99,6.05,502777,3916,6.11471
2021-11-17T05:00:00Z,6.05,6.1,5.89,6,356817,2697,5.97222
2021-11-18T05:00:00Z,5.95,6.11,5.8,5.88,277523,2512,5.93777
2021-11-19T05:00:00Z,5.89,6,5.75,5.8,251626,2430,5.82393
2021-11-22T05:00:00Z,5.8,5.95,5.5938,5.83,652399,3378,5.81931
2021-11-23T05:00:00Z,5.85,6.25,5.85,6.23,373964,2883,6.02577
2021-11-24T05:00:00Z,6.17,6.23,6.01,6.2,173126,1934,6.16832
2021-11-26T05:00:00Z,6.06,6.13,5.85,6.02,119230,1598,5.95707
2021-11-29T05:00:00Z,6.09,6.09,5.77,5.99,242860,2064,5.90058
2021-11-30T05:00:00Z,5.91,6.37,5.86,6.25,341722,2979,6.11348
2021-12-01T05:00:00Z,6.18,6.63,6.07,6.21,315751,3559,6.31367
2021-12-02T05:00:00Z,6.23,6.232,5.93,6,154848,1497,6.0662
2021-12-03T05:00:00Z,6.01,6.01,5.64,5.72,204523,1684,5.76741
2021-12-06T05:00:00Z,5.78,5.91,5.59,5.83,184270,1974,5.77967
2021-12-07T05:00:00Z,5.88,6.2,5.85,6.12,279766,2940,6.09956
2021-12-08T05:00:00Z,6.15,6.34,6.1,6.3,215695,2474,6.22951
2021-12-09T05:00:00Z,6.3,6.45,6.21,6.21,216954,1731,6.29793
2021-12-10T05:00:00Z,6.22,6.3,6.05,6.12,104344,1256,6.10344
2021-12-13T05:00:00Z,6.09,6.1,5.8859,5.94,132203,1989,5.99664
2021-12-14T05:00:00Z,5.9,5.985,5.76,5.83,115740,1118,5.84688
2021-12-15T05:00:00Z,5.85,5.89,5.53,5.83,545445,2155,5.70709
2021-12-16T05:00:00Z,5.91,5.92,5.68,5.7,254095,1942,5.79076
2021-12-17T05:00:00Z,5.71,5.87,5.65,5.85,250097,2093,5.81735
2021-12-20T05:00:00Z,5.83,5.83,5.61,5.71,215352,1866,5.70787
2021-12-21T05:00:00Z,5.75,5.96,5.69,5.77,192866,1527,5.81199
2021-12-22T05:00:00Z,5.75,5.97,5.67,5.92,250336,1808,5.83024
2021-12-23T05:00:00Z,5.92,6.24,5.865,6.18,168098,1866,6.09505
2021-12-27T05:00:00Z,6.17,6.26,5.9901,6.12,215612,1966,6.16439
2021-12-28T05:00:00Z,6.01,6.2,5.92,5.96,146576,1799,6.0383
2021-12-29T05:00:00Z,5.91,6,5.86,5.95,143047,1112,5.93317
2021-12-30T05:00:00Z,5.94,6.3,5.94,6.16,133663,1096,6.18787
2021-12-31T05:00:00Z,6.08,6.22,5.96,6,162584,1068,6.06655
2022-01-03T05:00:00Z,6.08,6.31,5.9,6.24,68379,687,6.19837
2022-01-04T05:00:00Z,6.31,6.48,5.97,6.07,123762,1534,6.14653
2022-01-05T05:00:00Z,6.12,6.3,5.69,5.73,177605,1506,5.94319
2022-01-06T05:00:00Z,5.78,5.8,5.56,5.65,113270,1005,5.67429
2022-01-07T05:00:00Z,5.7,5.77,5.63,5.64,91704,1145,5.68597
2022-01-10T05:00:00Z,5.64,5.77,5.46,5.75,117864,1110,5.57573
2022-01-11T05:00:00Z,5.71,5.87,5.65,5.68,94205,1201,5.73398
2022-01-12T05:00:00Z,5.68,5.68,5.48,5.52,95105,1463,5.55647
2022-01-13T05:00:00Z,5.55,5.64,5.415,5.48,195066,2167,5.52211
2022-01-14T05:00:00Z,5.49,5.71,5.43,5.68,239909,2022,5.53473
2022-01-18T05:00:00Z,5.66,5.66,5.43,5.45,169900,2488,5.48982
2022-01-19T05:00:00Z,5.45,5.575,5.33,5.44,190460,1820,5.4404
2022-01-20T05:00:00Z,5.52,5.655,5.36,5.38,201186,2199,5.5105
2022-01-21T05:00:00Z,5.45,5.485,5.3,5.36,287432,2698,5.37994
2022-01-24T05:00:00Z,5.35,5.35,4.95,5.15,679561,4049,5.06673
2022-01-25T05:00:00Z,5.1,5.15,4.93,5.07,600153,2490,5.00121
2022-01-26T05:00:00Z,5.11,5.365,5.04,5.13,250188,2916,5.1961
2022-01-27T05:00:00Z,5.18,5.34,5.02,5.12,228260,2111,5.14545
2022-01-28T05:00:00Z,5.17,5.42,5.09,5.37,229035,2066,5.29232
2022-01-31T05:00:00Z,5.37,5.62,5.37,5.57,196234,2204,5.51379
2022-02-01T05:00:00Z,5.63,5.74,5.54,5.68,105922,1088,5.66684
2022-02-02T05:00:00Z,5.68,5.68,5.31,5.35,67712,807,5.43095
2022-02-03T05:00:00Z,5.24,5.34,5.07,5.19,121641,984,5.20169
2022-02-04T05:00:00Z,5.25,5.42,5.12,5.34,194493,942,5.31703
2022-02-07T05:00:00Z,5.36,5.53,5.35,5.44,71262,818,5.43933
2022-02-08T05:00:00Z,5.4,5.425,5.2,5.35,93762,726,5.31937
2022-02-09T05:00:00Z,5.42,5.54,5.4,5.5,68598,883,5.49442
2022-02-10T05:00:00Z,5.36,5.53,5.31,5.33,173199,1203,5.42478
2022-02-11T05:00:00Z,5.33,5.405,5.04,5.13,116654,1315,5.15343
2022-02-14T05:00:00Z,5.09,5.15,5.01,5.04,96472,889,5.07778
2022-02-15T05:00:00Z,5.12,5.28,5.12,5.24,65953,795,5.23356
2022-02-16T05:00:00Z,5.18,5.29,5.13,5.29,44976,1380,5.2482
2022-02-17T05:00:00Z,5.21,5.27,5.07,5.07,69222,829,5.15109
2022-02-18T05:00:00Z,5.06,5.24,5,5.16,131395,1375,5.13252
2022-02-22T05:00:00Z,5.15,5.26,4.93,4.98,160719,2587,5.07438
2022-02-23T05:00:00Z,4.92,5.01,4.75,4.82,154893,1454,4.87868
2022-02-24T05:00:00Z,4.8,5.1,4.63,5,179388,1507,4.91737
2022-02-25T05:00:00Z,5.01,5.04,4.89,5,108496,1007,4.99357
2022-02-28T05:00:00Z,4.96,4.98,4.83,4.9,64505,1334,4.90059
2022-03-01T05:00:00Z,4.98,5.1,4.88,4.92,86909,1116,4.9603
2022-03-02T05:00:00Z,4.92,4.94,4.71,4.83,90209,1359,4.83441
2022-03-03T05:00:00Z,4.91,4.99,4.74,4.78,104249,1149,4.81836
2022-03-04T05:00:00Z,4.96,4.96,4.7,4.76,97369,2223,4.78473
2022-03-07T05:00:00Z,4.73,4.9,4.71,4.77,45518,915,4.77891
2022-03-08T05:00:00Z,4.8125,4.97,4.61,4.85,144879,1455,4.76256
2022-03-09T05:00:00Z,4.9,4.98,4.83,4.95,89044,1209,4.89718
2022-03-10T05:00:00Z,4.87,5.04,4.83,4.95,65149,845,4.92425
2022-03-11T05:00:00Z,5,5.13,4.83,4.91,110518,1497,4.96161
2022-03-14T04:00:00Z,4.97,5,4.75,4.77,99783,1035,4.88598
2022-03-15T04:00:00Z,4.77,4.96,4.75,4.88,78182,616,4.83979
2022-03-16T04:00:00Z,4.92,5.11,4.89,5.03,162251,823,4.95629
2022-03-17T04:00:00Z,5.05,5.19,4.98,5.18,56304,705,5.13844
2022-03-18T04:00:00Z,5.16,5.415,5.12,5.12,80812,513,5.18058
2022-03-21T04:00:00Z,5.15,5.16,4.99,5.07,92014,929,5.0407
2022-03-22T04:00:00Z,5.05,5.23,5.02,5.12,69785,648,5.1326
2022-03-23T04:00:00Z,5.07,5.29,4.95,4.97,255956,1470,5.06424
2022-03-24T04:00:00Z,5.11,5.21,5.04,5.18,70095,556,5.151
2022-03-25T04:00:00Z,5.15,5.15,5,5.05,72092,1070,5.05971
2022-03-28T04:00:00Z,5.01,5.06,4.95,5.01,91353,727,5.0117
2022-03-29T04:00:00Z,5.04,5.21,5.04,5.1,105652,1260,5.12363
2022-03-30T04:00:00Z,5.11,5.12,4.91,4.95,51738,759,5.00603
2022-03-31T04:00:00Z,4.94,5,4.86,4.86,181551,1117,4.89794
2022-04-01T04:00:00Z,4.95,5.12,4.87,4.96,84530,1237,5.005
2022-04-04T04:00:00Z,4.99,5.15,4.99,5.04,382473,1491,5.07376
2022-04-05T04:00:00Z,5.03,5.24,5.02,5.08,56433,1044,5.12701
2022-04-06T04:00:00Z,5.05,5.29,5.05,5.24,86103,889,5.19709
2022-04-07T04:00:00Z,5.2,5.31,5.16,5.27,71637,715,5.24625
2022-04-08T04:00:00Z,5.31,5.38,5.18,5.27,137457,1091,5.29744
2022-04-11T04:00:00Z,5.29,5.29,5.03,5.11,113264,1187,5.12292
2022-04-12T04:00:00Z,5.12,5.25,4.93,4.96,123157,986,5.055
2022-04-13T04:00:00Z,4.97,5.13,4.97,5.13,87867,655,5.06073
2022-04-14T04:00:00Z,5.12,5.12,5.01,5.01,65187,587,5.06361
2022-04-18T04:00:00Z,5.01,5.01,4.735,4.77,146708,1030,4.81541
2022-04-19T04:00:00Z,4.79,4.98,4.74,4.84,141269,1025,4.87148
2022-04-20T04:00:00Z,4.84,4.96,4.73,4.91,120664,591,4.86532
2022-04-21T04:00:00Z,4.9373,4.9373,4.71,4.73,82359,693,4.79456
2022-04-22T04:00:00Z,4.85,4.85,4.65,4.68,101260,926,4.70353
2022-04-25T04:00:00Z,4.64,4.73,4.61,4.69,111516,1297,4.67977
2022-04-26T04:00:00Z,4.7,4.72,4.51,4.52,113389,965,4.56755
2022-04-27T04:00:00Z,4.63,4.63,4.37,4.42,162345,1398,4.44597
2022-04-28T04:00:00Z,4.4,4.45,4.14,4.27,151571,1147,4.29057
2022-04-29T04:00:00Z,4.27,4.37,4.15,4.16,102468,884,4.20969
2022-05-02T04:00:00Z,4.23,4.25,3.99,4.09,233125,1722,4.07842
2022-05-03T04:00:00Z,4.12,4.17,4.02,4.06,44043,413,4.07795
2022-05-04T04:00:00Z,4.17,4.17,3.91,3.98,193940,1184,3.97724
2022-05-05T04:00:00Z,3.96,4.05,3.85,3.88,109097,1093,3.94651
2022-05-06T04:00:00Z,3.86,3.89,3.75,3.8,132396,944,3.80952
2022-05-09T04:00:00Z,3.76,3.8,3.38,3.41,183558,1728,3.58419
2022-05-10T04:00:00Z,3.5,3.53,3.35,3.38,241069,2589,3.42204
2022-05-11T04:00:00Z,3.4,3.58,3.25,3.39,240659,1798,3.38588
2022-05-12T04:00:00Z,3.37,3.62,3.3,3.62,236983,1626,3.42243
2022-05-13T04:00:00Z,3.64,3.76,3.49,3.54,178763,1361,3.62986
2022-05-16T04:00:00Z,3.58,3.61,3.45,3.48,103635,1462,3.51388
2022-05-17T04:00:00Z,3.49,3.87,3.49,3.78,92938,1057,3.74919
2022-05-18T04:00:00Z,3.7,3.87,3.62,3.63,62844,963,3.73983
2022-05-19T04:00:00Z,3.69,3.74,3.54,3.64,226421,1673,3.62424
2022-05-20T04:00:00Z,3.7,3.8323,3.68,3.79,70133,631,3.76264
2022-05-23T04:00:00Z,3.78,3.82,3.72,3.74,52786,429,3.77047
2022-05-24T04:00:00Z,3.72,3.78,3.46,3.54,169526,1501,3.56002
2022-05-25T04:00:00Z,3.58,3.63,3.47,3.53,103522,1056,3.5497
2022-05-26T04:00:00Z,3.59,3.66,3.5,3.63,177706,1128,3.54834
2022-05-27T04:00:00Z,3.63,4.04,3.63,3.99,302820,2021,3.773
2022-05-31T04:00:00Z,3.99,3.99,3.74,3.9,306380,1744,3.85373
2022-06-01T04:00:00Z,3.96,4.08,3.8,3.86,318187,1700,3.87502
2022-06-02T04:00:00Z,3.86,4.1995,3.78,4.06,75615,858,4.02468
2022-06-03T04:00:00Z,4.08,4.2616,3.92,4.17,411946,2035,4.07223
2022-06-06T04:00:00Z,4.2,4.48,4,4.34,479893,1961,4.14719
2022-06-07T04:00:00Z,4.28,4.6,4.23,4.51,183976,1108,4.49779
2022-06-08T04:00:00Z,4.49,4.75,4.34,4.72,225942,1478,4.66043
2022-06-09T04:00:00Z,4.71,5.02,4.63,4.86,181183,1252,4.86181
2022-06-10T04:00:00Z,4.76,4.88,4.68,4.74,127460,1206,4.77183
2022-06-13T04:00:00Z,4.56,4.67,4.38,4.64,234273,1509,4.58286
2022-06-14T04:00:00Z,4.55,4.67,4.48,4.55,215067,1530,4.58195
2022-06-15T04:00:00Z,4.55,4.64,4.46,4.53,277750,1203,4.52969
2022-06-16T04:00:00Z,4.45,4.46,4.18,4.31,256155,1215,4.29131
2022-06-17T04:00:00Z,4.25,4.48,4.24,4.29,314494,1318,4.32279
2022-06-21T04:00:00Z,4.39,4.47,4.35,4.38,349718,1170,4.39314
2022-06-22T04:00:00Z,4.3,4.61,4.27,4.54,341109,1237,4.49341
2022-06-23T04:00:00Z,4.57,4.78,4.45,4.77,159243,884,4.67645
2022-06-24T04:00:00Z,4.74,4.88,4.65,4.65,300793,1825,4.77071
2022-06-27T04:00:00Z,4.66,4.84,4.57,4.78,260025,1842,4.78633
2022-06-28T04:00:00Z,4.82,4.86,4.635,4.71,284988,1743,4.70779
2022-06-29T04:00:00Z,4.7,4.87,4.61,4.84,177444,1365,4.76379
2022-06-30T04:00:00Z,4.79,4.79,4.57,4.7,98054,1166,4.71201
2022-07-01T04:00:00Z,4.67,4.75,4.48,4.5,151329,1056,4.58585
2022-07-05T04:00:00Z,4.5,4.69,4.45,4.62,114282,1399,4.58901
2022-07-06T04:00:00Z,4.64,4.785,4.64,4.76,65715,663,4.74517
2022-07-07T04:00:00Z,4.69,4.86,4.62,4.75,150388,1069,4.74206
2022-07-08T04:00:00Z,4.71,4.83,4.65,4.81,112910,1119,4.76112
2022-07-11T04:00:00Z,4.81,4.89,4.68,4.83,150246,1518,4.81579
2022-07-12T04:00:00Z,4.78,4.9,4.66,4.78,157690,1241,4.77463
2022-07-13T04:00:00Z,4.68,5.04,4.68,4.94,259768,1546,4.91532
2022-07-14T04:00:00Z,4.9,4.905,4.33,4.53,311078,1924,4.61661
2022-07-15T04:00:00Z,4.62,4.66,4.35,4.57,144812,1226,4.51668
2022-07-18T04:00:00Z,4.555,4.7038,4.36,4.48,139805,1160,4.5382
2022-07-19T04:00:00Z,4.48,4.585,4.46,4.5,67759,545,4.5107
2022-07-20T04:00:00Z,4.47,4.59,4.46,4.55,158998,1451,4.51373
2022-07-21T04:00:00Z,4.53,4.59,4.45,4.47,44812,387,4.50217
2022-07-22T04:00:00Z,4.47,4.54,4.39,4.51,117205,1160,4.4801
2022-07-25T04:00:00Z,4.38,4.46,4.325,4.33,61180,592,4.36753
2022-07-26T04:00:00Z,4.37,4.45,4.27,4.39,117871,552,4.3479
2022-07-27T04:00:00Z,4.42,4.47,4.35,4.39,67256,523,4.39897
2022-07-28T04:00:00Z,4.39,4.39,4.28,4.29,70473,377,4.31907
2022-07-29T04:00:00Z,4.27,4.33,4.17,4.3,84659,800,4.26754
2022-08-01T04:00:00Z,4.32,4.34,4.17,4.21,80094,856,4.27784
2022-08-02T04:00:00Z,4.19,4.39,4.14,4.29,90471,1104,4.2638
2022-08-03T04:00:00Z,4.35,4.43,4.29,4.29,32971,607,4.3438
2022-08-04T04:00:00Z,4.34,4.49,4.3,4.43,109211,1249,4.38477
2022-08-05T04:00:00Z,4.43,4.725,4.41,4.71,248505,2252,4.59107
2022-08-08T04:00:00Z,4.65,4.85,4.59,4.85,298237,1616,4.72003
2022-08-09T04:00:00Z,4.83,4.99,4.7,4.89,255479,1886,4.85374
2022-08-10T04:00:00Z,4.84,5.11,4.84,5.04,194561,1134,5.01664
2022-08-11T04:00:00Z,4.97,5.1399,4.95,5.05,401301,2360,5.0484
2022-08-12T04:00:00Z,5.04,5.2,5.02,5.09,203079,1246,5.12317
2022-08-15T04:00:00Z,5.015,5.195,5.01,5.19,104839,808,5.12314
2022-08-16T04:00:00Z,5.12,5.27,5.06,5.12,125073,1502,5.15376
2022-08-17T04:00:00Z,5.02,5.11,4.9,5,153676,1445,4.99629
2022-08-18T04:00:00Z,5,5,4.85,4.88,56073,707,4.9154
2022-08-19T04:00:00Z,4.8,4.9,4.74,4.77,74661,958,4.83254
2022-08-22T04:00:00Z,4.75,4.82,4.4,4.51,171776,1336,4.56745
2022-08-23T04:00:00Z,4.51,4.54,4.31,4.44,303269,1343,4.42818
2022-08-24T04:00:00Z,4.42,4.6,4.35,4.5,102571,1167,4.51373
2022-08-25T04:00:00Z,4.55,4.56,4.46,4.5,92559,903,4.50991
2022-08-26T04:00:00Z,4.48,4.48,4.31,4.4,100508,990,4.40753
2022-08-29T04:00:00Z,4.2801,4.38,4.25,4.27,79607,577,4.30517
2022-08-30T04:00:00Z,4.36,4.36,4.15,4.18,67415,513,4.19167
2022-08-31T04:00:00Z,4.23,4.23,4.07,4.1,35769,451,4.11561
2022-09-01T04:00:00Z,4.05,4.24,4,4.15,71397,994,4.1193
2022-09-02T04:00:00Z,4.15,4.27,4.07,4.07,43320,680,4.15299
2022-09-06T04:00:00Z,4.06,4.125,3.8,3.8,96358,546,3.92855
2022-09-07T04:00:00Z,3.81,3.86,3.79,3.84,29122,428,3.82667
2022-09-08T04:00:00Z,3.79,4.06,3.75,3.81,203340,814,3.85331
2022-09-09T04:00:00Z,3.81,3.935,3.73,3.81,44179,666,3.83558
2022-09-12T04:00:00Z,3.82,4.03,3.8025,4,66066,621,3.93805
2022-09-13T04:00:00Z,3.96,4.05,3.89,3.97,66240,765,3.97441
2022-09-14T04:00:00Z,3.97,4.04,3.82,3.9,70884,668,3.91215
2022-09-15T04:00:00Z,3.93,4,3.79,3.81,57807,532,3.85544
2022-09-16T04:00:00Z,3.78,4.01,3.6,3.87,71689,577,3.78948
2022-09-19T04:00:00Z,3.81,3.81,3.6,3.63,44438,310,3.65487
2022-09-20T04:00:00Z,3.59,3.66,3.57,3.62,48826,543,3.61871
2022-09-21T04:00:00Z,3.59,3.65,3.46,3.56,75336,785,3.53283
2022-09-22T04:00:00Z,3.46,3.46,3.05,3.11,175856,1081,3.19702
2022-09-23T04:00:00Z,3.06,3.11,2.92,2.97,50821,712,2.99508
2022-09-26T04:00:00Z,2.93,2.98,2.8,2.83,53899,567,2.86609
2022-09-27T04:00:00Z,2.82,2.9419,2.66,2.72,48411,299,2.75533
2022-09-28T04:00:00Z,2.76,2.89,2.73,2.78,69167,544,2.8095
2022-09-29T04:00:00Z,2.71,2.8332,2.71,2.81,60232,452,2.79799
2022-09-30T04:00:00Z,2.81,2.86,2.74,2.75,46374,236,2.77622
2022-10-03T04:00:00Z,2.76,2.77,2.67,2.76,86991,516,2.7284
2022-10-04T04:00:00Z,2.82,3.15,2.82,3.02,134857,782,3.02437
2022-10-05T04:00:00Z,3.1199,3.12,2.97,3,61628,585,3.04003
2022-10-06T04:00:00Z,2.91,3.17,2.91,3.07,37860,297,3.05289
2022-10-07T04:00:00Z,3.09,3.17,3,3.03,47981,317,3.07967
2022-10-10T04:00:00Z,3.05,3.05,2.93,2.94,55698,444,2.97696
2022-10-11T04:00:00Z,2.91,3.01,2.83,2.9,46829,409,2.89135
2022-10-12T04:00:00Z,2.97,2.9701,2.7301,2.81,92920,596,2.83485
2022-10-13T04:00:00Z,2.78,2.985,2.76,2.83,79281,458,2.8115
2022-10-14T04:00:00Z,2.77,2.87,2.6,2.7,116185,606,2.72219
2022-10-17T04:00:00Z,2.68,2.78,2.63,2.69,101834,516,2.6647
2022-10-18T04:00:00Z,2.72,2.79,2.63,2.69,29980,322,2.70267
2022-10-19T04:00:00Z,2.66,2.78,2.58,2.59,65600,516,2.64895
2022-10-20T04:00:00Z,2.6198,2.86,2.59,2.63,86129,583,2.66256
2022-10-21T04:00:00Z,2.61,2.6324,2.36,2.39,146262,1013,2.44348
2022-10-24T04:00:00Z,2.35,2.62,2.35,2.53,110851,1119,2.48374
2022-10-25T04:00:00Z,2.52,2.57,2.46,2.53,74582,548,2.51246
2022-10-26T04:00:00Z,2.54,2.55,2.42,2.49,41317,355,2.49484
2022-10-27T04:00:00Z,2.48,2.54,2.43,2.48,34532,315,2.48077
2022-10-28T04:00:00Z,2.47,2.66,2.43,2.51,83802,632,2.51751
2022-10-31T04:00:00Z,2.5099,2.555,2.45,2.5,68885,307,2.52509
2022-11-01T04:00:00Z,2.56,2.56,2.44,2.5,43572,305,2.5026
2022-11-02T04:00:00Z,2.52,2.52,2.4,2.47,23186,345,2.45144
2022-11-03T04:00:00Z,2.455,2.53,2.42,2.51,51652,370,2.4736
2022-11-04T04:00:00Z,2.47,2.47,1.75,1.98,1174546,1990,1.89626
2022-11-07T05:00:00Z,1.95,1.995,1.6,1.71,553579,1835,1.71898
2022-11-08T05:00:00Z,1.7,1.7188,1.65,1.7,226819,737,1.68364
2022-11-09T05:00:00Z,1.63,1.7315,1.6,1.61,198226,680,1.66805
2022-11-10T05:00:00Z,1.61,1.72,1.58,1.68,143508,422,1.65127
2022-11-11T05:00:00Z,1.65,1.8001,1.65,1.77,172521,434,1.75908
2022-11-14T05:00:00Z,1.76,1.7799,1.6871,1.69,89526,445,1.71417
2022-11-15T05:00:00Z,1.68,1.7199,1.62,1.66,165654,360,1.66243
2022-11-16T05:00:00Z,1.67,1.6747,1.53,1.56,143795,806,1.5798
2022-11-17T05:00:00Z,1.55,1.55,1.45,1.47,196193,753,1.50303
2022-11-18T05:00:00Z,1.47,1.58,1.43,1.49,96623,433,1.4674
2022-11-21T05:00:00Z,1.54,1.54,1.45,1.48,40898,276,1.48531
2022-11-22T05:00:00Z,1.5,1.54,1.47,1.5,93066,826,1.49558
2022-11-23T05:00:00Z,1.47,1.51,1.45,1.5,63333,802,1.4784
2022-11-25T05:00:00Z,1.47,1.4984,1.44,1.45,68142,236,1.46052
2022-11-28T05:00:00Z,1.43,1.49,1.35,1.38,160355,526,1.40651
2022-11-29T05:00:00Z,1.37,1.4103,1.26,1.31,303329,1351,1.308
2022-11-30T05:00:00Z,1.3,1.45,1.3,1.41,165612,674,1.37956
2022-12-01T05:00:00Z,1.38,1.425,1.38,1.4,116102,501,1.40448
2022-12-02T05:00:00Z,1.37,1.4299,1.36,1.41,85136,570,1.3922
2022-12-05T05:00:00Z,1.4,1.42,1.37,1.4,70805,604,1.39604
2022-12-06T05:00:00Z,1.38,1.49,1.36,1.42,271489,1147,1.42024
2022-12-07T05:00:00Z,1.4,1.44,1.37,1.42,88305,685,1.40478
2022-12-08T05:00:00Z,1.4,1.48,1.4,1.41,157854,1084,1.42207
2022-12-09T05:00:00Z,1.39,1.42,1.25,1.35,180927,530,1.33837
2022-12-12T05:00:00Z,1.35,1.405,1.3,1.36,110544,502,1.37053
2022-12-13T05:00:00Z,1.38,1.4002,1.32,1.34,290151,1056,1.33299
2022-12-14T05:00:00Z,1.33,1.35,1.28,1.3,145675,730,1.31859
2022-12-15T05:00:00Z,1.28,1.3034,1.26,1.3,386707,801,1.29646
2022-12-16T05:00:00Z,1.27,1.33,1.26,1.27,533212,1292,1.27823
2022-12-19T05:00:00Z,1.31,1.31,1.2,1.29,235671,915,1.24323
2022-12-20T05:00:00Z,1.29,1.3174,1.24,1.24,315889,644,1.25307
2022-12-21T05:00:00Z,1.27,1.28,1.23,1.25,273619,503,1.25369
2022-12-22T05:00:00Z,1.24,1.25,1.16,1.2,545462,1969,1.21721
2022-12-23T05:00:00Z,1.2,1.28,1.19,1.23,984128,3507,1.22197
2022-12-27T05:00:00Z,1.21,1.28,1.19,1.23,468946,2000,1.22101
2022-12-28T05:00:00Z,1.23,1.27,1.2101,1.25,210403,675,1.23814
2022-12-29T05:00:00Z,1.27,1.44,1.27,1.37,548863,1414,1.37922
2022-12-30T05:00:00Z,1.38,1.42,1.31,1.41,349620,1218,1.3678
2023-01-03T05:00:00Z,1.42,1.53,1.4199,1.49,362439,1005,1.48136
2023-01-04T05:00:00Z,1.49,1.56,1.41,1.54,125038,675,1.50288
2023-01-05T05:00:00Z,1.54,1.65,1.51,1.59,110868,473,1.58339
2023-01-06T05:00:00Z,1.61,1.64,1.56,1.62,153520,533,1.6035
2023-01-09T05:00:00Z,1.63,1.66,1.6,1.63,108504,820,1.6376
2023-01-10T05:00:00Z,1.6,1.6,1.56,1.56,96786,468,1.58191
2023-01-11T05:00:00Z,1.58,1.63,1.52,1.61,109274,452,1.58249
2023-01-12T05:00:00Z,1.61,1.67,1.6,1.67,67393,305,1.63455
2023-01-13T05:00:00Z,1.66,1.7,1.59,1.61,59249,369,1.63481
2023-01-17T05:00:00Z,1.62,1.68,1.6,1.68,65598,246,1.62735
2023-01-18T05:00:00Z,1.68,1.68,1.5,1.5,125329,331,1.6028
2023-01-19T05:00:00Z,1.54,1.74,1.48,1.71,227048,903,1.61596
2023-01-20T05:00:00Z,1.69,1.81,1.66,1.73,157709,552,1.75627
2023-01-23T05:00:00Z,1.8,1.8099,1.72,1.76,100412,288,1.77561
2023-01-24T05:00:00Z,1.74,1.76,1.6783,1.72,58839,209,1.70741
2023-01-25T05:00:00Z,1.7,1.77,1.66,1.75,60104,229,1.73328
2023-01-26T05:00:00Z,1.78,1.78,1.58,1.61,138101,519,1.65367
2023-01-27T05:00:00Z,1.59,1.67,1.55,1.67,225393,694,1.60559
2023-01-30T05:00:00Z,1.69,1.69,1.63,1.65,126989,391,1.65203
2023-01-31T05:00:00Z,1.65,1.72,1.65,1.67,224308,483,1.6746
2023-02-01T05:00:00Z,1.65,1.65,1.59,1.63,54010,338,1.61938
2023-02-02T05:00:00Z,1.65,1.73,1.635,1.68,89319,517,1.68948
2023-02-03T05:00:00Z,1.68,1.7,1.64,1.66,92628,434,1.66603
2023-02-06T05:00:00Z,1.66,1.72,1.655,1.68,318122,600,1.69185
2023-02-07T05:00:00Z,1.65,1.73,1.65,1.7,48395,193,1.69558
2023-02-08T05:00:00Z,1.75,1.85,1.7,1.83,187169,447,1.79618
2023-02-09T05:00:00Z,1.83,1.9,1.67,1.67,201068,543,1.79378
2023-02-10T05:00:00Z,1.73,1.75,1.6,1.7,89103,388,1.67028
2023-02-13T05:00:00Z,1.6899,1.69,1.63,1.68,15690,87,1.66554
2023-02-14T05:00:00Z,1.68,1.71,1.63,1.63,16890,139,1.6568
2023-02-15T05:00:00Z,1.63,1.6399,1.52,1.57,53877,269,1.57432
2023-02-16T05:00:00Z,1.54,1.58,1.52,1.54,81617,249,1.54793
2023-02-17T05:00:00Z,1.5,1.58,1.5,1.58,49466,105,1.51966
2023-02-21T05:00:00Z,1.58,1.596,1.42,1.46,108622,630,1.4686
2023-02-22T05:00:00Z,1.48,1.6,1.48,1.53,91458,423,1.55991
2023-02-23T05:00:00Z,1.59,1.75,1.58,1.74,285980,1597,1.68987
2023-02-24T05:00:00Z,1.715,1.75,1.55,1.59,87805,537,1.63823
2023-02-27T05:00:00Z,1.6,1.66,1.6,1.62,42179,383,1.62954
2023-02-28T05:00:00Z,1.63,1.63,1.51,1.55,57265,265,1.55432
2023-03-01T05:00:00Z,1.56,1.66,1.56,1.57,124321,1105,1.59014
2023-03-02T05:00:00Z,1.572,1.6,1.57,1.57,50700,291,1.578
2023-03-03T05:00:00Z,1.58,1.6,1.5,1.5,68703,386,1.52949
2023-03-06T05:00:00Z,1.53,1.53,1.4909,1.53,53480,296,1.51566
2023-03-07T05:00:00Z,1.54,1.55,1.49,1.49,87882,361,1.51257
2023-03-08T05:00:00Z,1.5,1.53,1.4811,1.5,44991,180,1.50977
2023-03-09T05:00:00Z,1.49,1.52,1.45,1.47,180355,533,1.48952
2023-03-10T05:00:00Z,1.51,1.51,1.4,1.49,131923,694,1.45138
2023-03-13T04:00:00Z,1.49,1.53,1.41,1.48,195351,1222,1.45278
2023-03-14T04:00:00Z,1.49,1.64,1.4501,1.6,171229,775,1.58094
2023-03-15T04:00:00Z,1.6,1.6,1.54,1.57,74953,339,1.57433
2023-03-16T04:00:00Z,1.59,1.62,1.53,1.62,41260,329,1.59769
2023-03-17T04:00:00Z,1.62,1.62,1.5601,1.6,45472,373,1.60366
2023-03-20T04:00:00Z,1.6,1.64,1.56,1.62,33154,451,1.60492
2023-03-21T04:00:00Z,1.63,1.74,1.6052,1.7,206495,756,1.67625
2023-03-22T04:00:00Z,1.7,1.7,1.61,1.62,36799,212,1.6533
2023-03-23T04:00:00Z,1.63,1.67,1.47,1.61,197724,1176,1.57979
2023-03-24T04:00:00Z,1.61,1.61,1.51,1.56,21888,181,1.56672
2023-03-27T04:00:00Z,1.56,1.62,1.533,1.555,22577,193,1.55869
2023-03-28T04:00:00Z,1.5377,1.57,1.52,1.53,40965,238,1.53414
2023-03-29T04:00:00Z,1.5599,1.56,1.53,1.53,4998,45,1.5398
2023-03-30T04:00:00Z,1.53,1.55,1.48,1.49,42188,182,1.50852
2023-03-31T04:00:00Z,1.48,1.545,1.48,1.48,56453,191,1.50529
2023-04-03T04:00:00Z,1.48,1.5199,1.471,1.5,16937,85,1.49351
2023-04-04T04:00:00Z,1.46,1.5,1.46,1.48,15334,78,1.47515
2023-04-05T04:00:00Z,1.47,1.49,1.46,1.47,68335,117,1.47315
2023-04-06T04:00:00Z,1.46,1.52,1.46,1.5,37140,124,1.48864
2023-04-10T04:00:00Z,1.51,1.59,1.5,1.56,17446,137,1.54045
2023-04-11T04:00:00Z,1.5001,1.57,1.47,1.51,36994,174,1.50482
2023-04-12T04:00:00Z,1.525,1.525,1.51,1.51,8278,64,1.51675
2023-04-13T04:00:00Z,1.52,1.545,1.5,1.545,16236,79,1.5238
2023-04-14T04:00:00Z,1.561,1.5929,1.5,1.5,18585,126,1.54347
2023-04-17T04:00:00Z,1.54,1.5781,1.495,1.53,29925,237,1.52111
2023-04-18T04:00:00Z,1.54,1.65,1.53,1.59,149503,601,1.59319
2023-04-19T04:00:00Z,1.61,1.64,1.53,1.55,56970,299,1.55994
2023-04-20T04:00:00Z,1.56,1.62,1.53,1.55,45833,235,1.55621
2023-04-21T04:00:00Z,1.56,1.5601,1.53,1.54,57560,269,1.54042
2023-04-24T04:00:00Z,1.59,1.62,1.54,1.565,87273,230,1.56266
2023-04-25T04:00:00Z,1.54,1.56,1.52,1.52,15527,71,1.5309
2023-04-26T04:00:00Z,1.52,1.54,1.47,1.49,37851,267,1.50333
2023-04-27T04:00:00Z,1.51,1.53,1.47,1.51,19627,154,1.50135
2023-04-28T04:00:00Z,1.54,1.57,1.47,1.51,41571,254,1.52469
2023-05-01T04:00:00Z,1.5101,1.6,1.5101,1.56,34649,110,1.57713
2023-05-02T04:00:00Z,1.53,1.58,1.52,1.52,36730,170,1.5612
2023-05-03T04:00:00Z,1.53,1.5759,1.52,1.52,84366,100,1.54193
2023-05-04T04:00:00Z,1.5163,1.62,1.5,1.59,57966,352,1.56038
2023-05-05T04:00:00Z,1.6,1.66,1.56,1.59,72709,235,1.59241
2023-05-08T04:00:00Z,1.6,1.65,1.5899,1.62,56220,191,1.61174
2023-05-09T04:00:00Z,1.6101,1.88,1.6101,1.74,241973,647,1.75403
2023-05-10T04:00:00Z,1.74,1.81,1.7,1.75,77640,152,1.76522
2023-05-11T04:00:00Z,1.74,1.88,1.66,1.78,95302,255,1.75584
2023-05-12T04:00:00Z,1.78,1.78,1.7,1.72,57468,176,1.74705
2023-05-15T04:00:00Z,1.7299,1.75,1.68,1.7027,18949,142,1.70973
2023-05-16T04:00:00Z,1.74,1.75,1.7001,1.73,18467,95,1.72844
2023-05-17T04:00:00Z,1.75,1.7884,1.71,1.75,67424,210,1.72714
2023-05-18T04:00:00Z,1.73,1.83,1.72,1.7778,55979,206,1.75732
2023-05-19T04:00:00Z,1.82,1.85,1.76,1.8,33771,227,1.80729
2023-05-22T04:00:00Z,1.823,1.9,1.77,1.86,204421,691,1.84497
2023-05-23T04:00:00Z,1.86,1.92,1.8101,1.82,62199,234,1.85763
2023-05-24T04:00:00Z,1.82,1.82,1.73,1.78,66842,300,1.77811
2023-05-25T04:00:00Z,1.8173,1.8173,1.71,1.72,48455,282,1.74972
2023-05-26T04:00:00Z,1.74,1.76,1.7101,1.72,14394,149,1.72243
2023-05-30T04:00:00Z,1.72,1.78,1.71,1.75,20171,221,1.73312
2023-05-31T04:00:00Z,1.76,1.8182,1.72,1.72,37250,134,1.76465
2023-06-01T04:00:00Z,1.69,1.74,1.67,1.6765,17855,173,1.70461
2023-06-02T04:00:00Z,1.67,1.8,1.67,1.74,42664,401,1.72724
2023-06-05T04:00:00Z,1.79,1.79,1.7242,1.76,9413,101,1.75744
2023-06-06T04:00:00Z,1.8,1.82,1.75,1.82,78026,249,1.8038
2023-06-07T04:00:00Z,1.78,1.79,1.65,1.72,86313,543,1.72097
2023-06-08T04:00:00Z,1.72,1.77,1.66,1.77,18024,247,1.73133
2023-06-09T04:00:00Z,1.7922,1.7922,1.66,1.66,9570,88,1.68263
2023-06-12T04:00:00Z,1.69,1.72,1.65,1.67,14428,115,1.67923
2023-06-13T04:00:00Z,1.62,1.69,1.62,1.65,23533,212,1.66197
2023-06-14T04:00:00Z,1.62,1.6829,1.62,1.62,32060,240,1.63564
2023-06-15T04:00:00Z,1.62,1.7,1.62,1.67,10134,184,1.664
2023-06-16T04:00:00Z,1.666,1.67,1.63,1.64,10763,80,1.65731
2023-06-20T04:00:00Z,1.62,1.73,1.61,1.66,56163,460,1.65989
2023-06-21T04:00:00Z,1.63,1.66,1.62,1.62,47487,417,1.63936
2023-06-22T04:00:00Z,1.62,1.66,1.62,1.62,34130,350,1.6416
2023-06-23T04:00:00Z,1.62,1.645,1.59,1.61,30905,365,1.6236
2023-06-26T04:00:00Z,1.62,1.65,1.51,1.55,163600,1247,1.55425
2023-06-27T04:00:00Z,1.514,1.77,1.51,1.6,410660,805,1.66802
2023-06-28T04:00:00Z,1.6,1.67,1.6,1.63,48827,310,1.63529
2023-06-29T04:00:00Z,1.52,1.91,1.52,1.8,251948,890,1.78461
2023-06-30T04:00:00Z,1.79,1.87,1.78,1.8,37198,247,1.82329
2023-07-03T04:00:00Z,1.79,1.8121,1.77,1.79,46340,65,1.79619
2023-07-05T04:00:00Z,1.74,1.83,1.74,1.81,13506,327,1.80418
2023-07-06T04:00:00Z,1.72,1.815,1.68,1.79,35214,236,1.77138
2023-07-07T04:00:00Z,1.83,1.85,1.77,1.79,18250,200,1.80365
2023-07-10T04:00:00Z,1.8,1.84,1.78,1.81,11388,165,1.80556
2023-07-11T04:00:00Z,1.86,1.87,1.76,1.77,41786,315,1.82533
2023-07-12T04:00:00Z,1.78,1.8599,1.76,1.8,65033,396,1.82049
2023-07-13T04:00:00Z,1.802,1.8499,1.76,1.79,7037,156,1.79722
2023-07-14T04:00:00Z,1.76,1.7799,1.7302,1.76,6969,147,1.75386
2023-07-17T04:00:00Z,1.72,1.8365,1.72,1.79,5898,96,1.78554
2023-07-18T04:00:00Z,1.779,1.8499,1.779,1.84,13398,482,1.80496
2023-07-19T04:00:00Z,1.82,1.82,1.76,1.76,26202,476,1.78895
2023-07-20T04:00:00Z,1.75,1.81,1.75,1.79,11221,541,1.78121
2023-07-21T04:00:00Z,1.77,1.8132,1.77,1.805,10188,459,1.79219
2023-07-24T04:00:00Z,1.81,1.81,1.75,1.75,25108,430,1.78327
2023-07-25T04:00:00Z,1.72,1.8,1.72,1.72,22852,430,1.73502
2023-07-26T04:00:00Z,1.74,1.8,1.7,1.7,35659,503,1.73323
2023-07-27T04:00:00Z,1.76,1.77,1.7,1.72,16551,453,1.71453
2023-07-28T04:00:00Z,1.75,1.8154,1.66,1.7,50332,298,1.72589
2023-07-31T04:00:00Z,1.68,1.77,1.68,1.72,37296,247,1.73263
2023-08-01T04:00:00Z,1.765,1.78,1.7,1.7,13639,361,1.72617
2023-08-02T04:00:00Z,1.72,1.75,1.6501,1.75,35270,250,1.68665
2023-08-03T04:00:00Z,1.7492,1.762,1.69,1.72,16239,237,1.7127
2023-08-04T04:00:00Z,1.6711,1.78,1.6711,1.7,25736,187,1.70894
2023-08-07T04:00:00Z,1.68,1.71,1.65,1.7,51219,284,1.67341
2023-08-08T04:00:00Z,1.74,1.74,1.71,1.71,24908,164,1.72803
2023-08-09T04:00:00Z,1.73,1.7382,1.67,1.69,45536,202,1.70631
2023-08-10T04:00:00Z,1.7,1.75,1.7,1.73,30593,154,1.73122
2023-08-11T04:00:00Z,1.735,1.7986,1.64,1.74,42762,156,1.71417
2023-08-14T04:00:00Z,1.705,1.7579,1.57,1.75,72011,422,1.67135
2023-08-15T04:00:00Z,1.76,1.76,1.65,1.7,31932,339,1.72128
2023-08-16T04:00:00Z,1.72,1.72,1.6446,1.7,27817,77,1.67937
2023-08-17T04:00:00Z,1.71,1.71,1.56,1.62,64001,383,1.59627
2023-08-18T04:00:00Z,1.59,1.6,1.56,1.56,55284,498,1.56771
2023-08-21T04:00:00Z,1.54,1.6,1.51,1.57,62016,1030,1.53636
2023-08-22T04:00:00Z,1.52,1.595,1.5001,1.53,69364,246,1.52009
2023-08-23T04:00:00Z,1.53,1.57,1.51,1.56,13326,110,1.54644
2023-08-24T04:00:00Z,1.54,1.5999,1.53,1.54,21134,245,1.54876
2023-08-25T04:00:00Z,1.52,1.55,1.52,1.54,2371,56,1.52888
2023-08-28T04:00:00Z,1.52,1.5571,1.48,1.48,55314,366,1.51197
2023-08-29T04:00:00Z,1.51,1.53,1.49,1.5,10493,96,1.50419
2023-08-30T04:00:00Z,1.47,1.5,1.45,1.45,18634,133,1.48638
2023-08-31T04:00:00Z,1.57,1.57,1.46,1.46,16276,108,1.50724
2023-09-01T04:00:00Z,1.45,1.49,1.42,1.42,24455,441,1.44857
2023-09-05T04:00:00Z,1.44,1.46,1.42,1.43,20052,136,1.44021
2023-09-06T04:00:00Z,1.45,1.51,1.43,1.45,20829,192,1.48331
2023-09-07T04:00:00Z,1.4669,1.47,1.42,1.45,6734,142,1.44811
2023-09-08T04:00:00Z,1.44,1.44,1.4,1.43,28322,134,1.43054
2023-09-11T04:00:00Z,1.45,1.45,1.39,1.4,15077,137,1.41141
2023-09-12T04:00:00Z,1.39,1.46,1.3801,1.41,14676,163,1.40936
2023-09-13T04:00:00Z,1.39,1.4,1.36,1.37,9978,129,1.38305
2023-09-14T04:00:00Z,1.38,1.385,1.35,1.38,33176,240,1.37405
2023-09-15T04:00:00Z,1.36,1.4,1.36,1.38,42832,128,1.37839
2023-09-18T04:00:00Z,1.34,1.38,1.33,1.33,40343,211,1.35496
2023-09-19T04:00:00Z,1.3,1.35,1.3,1.34,16483,83,1.3213
2023-09-20T04:00:00Z,1.315,1.38,1.3101,1.33,16369,95,1.33568
2023-09-21T04:00:00Z,1.3636,1.3636,1.32,1.34,50852,143,1.33322
2023-09-22T04:00:00Z,1.33,1.35,1.32,1.35,20317,122,1.33366
2023-09-25T04:00:00Z,1.3,1.37,1.3,1.32,47501,203,1.34337
2023-09-26T04:00:00Z,1.35,1.35,1.3,1.33,156981,537,1.32709
2023-09-27T04:00:00Z,1.34,1.36,1.2399,1.31,134167,495,1.30478
2023-09-28T04:00:00Z,1.3067,1.35,1.26,1.29,40711,218,1.29846
2023-09-29T04:00:00Z,1.305,1.34,1.28,1.29,10447,77,1.30955
2023-10-02T04:00:00Z,1.28,1.29,1.25,1.28,40181,247,1.27717
2023-10-03T04:00:00Z,1.252,1.34,1.23,1.32,65736,205,1.26477
2023-10-04T04:00:00Z,1.285,1.38,1.285,1.32,9788,162,1.33485
2023-10-05T04:00:00Z,1.36,1.36,1.21,1.26,169164,558,1.24951
2023-10-06T04:00:00Z,1.23,1.35,1.21,1.23,68532,454,1.25314
2023-10-09T04:00:00Z,1.23,1.32,1.23,1.31,45554,176,1.28041
2023-10-10T04:00:00Z,1.35,1.35,1.26,1.31,12088,129,1.29265
2023-10-11T04:00:00Z,1.3106,1.3586,1.295,1.3,30963,130,1.32854
2023-10-12T04:00:00Z,1.38,1.38,1.22,1.24,89203,443,1.28123
2023-10-13T04:00:00Z,1.2886,1.29,1.211,1.25,7240,86,1.24689
2023-10-16T04:00:00Z,1.26,1.36,1.2396,1.32,49886,243,1.31524
2023-10-17T04:00:00Z,1.34,1.38,1.32,1.32,136360,553,1.33963
2023-10-18T04:00:00Z,1.33,1.38,1.32,1.34,60009,147,1.35816
2023-10-19T04:00:00Z,1.32,1.35,1.28,1.31,35273,171,1.31555
2023-10-20T04:00:00Z,1.3012,1.33,1.28,1.29,22115,85,1.31442
2023-10-23T04:00:00Z,1.28,1.28,1.15,1.25,111947,998,1.21316
2023-10-24T04:00:00Z,1.23,1.23,1.09,1.19,98334,266,1.17538
2023-10-25T04:00:00Z,1.135,1.18,0.98,1.05,566526,1538,1.0401
2023-10-26T04:00:00Z,1.0301,1.06,1.03,1.04,59318,368,1.05012
2023-10-27T04:00:00Z,1.0765,1.09,1.04,1.065,33220,81,1.07742
2023-10-30T04:00:00Z,1.13,1.15,1.0723,1.11,18020,114,1.11652
2023-10-31T04:00:00Z,1.105,1.14,1,1.03,98534,538,1.03059
2023-11-01T04:00:00Z,1,1.11,1,1.07,58523,238,1.07552
2023-11-02T04:00:00Z,1.1,1.17,1.1,1.17,18926,148,1.13944
2023-11-03T04:00:00Z,1.1699,1.24,1.14,1.18,72271,275,1.18085
2023-11-06T05:00:00Z,1.1964,1.2,1.15,1.17,10368,123,1.17543
2023-11-07T05:00:00Z,1.1754,1.2,1.13,1.14,15211,138,1.16764
2023-11-08T05:00:00Z,1.18,1.2,1.11,1.13,43037,201,1.16263
2023-11-09T05:00:00Z,1.1,1.1599,1.05,1.07,63652,152,1.10232
2023-11-10T05:00:00Z,1.09,1.13,1.08,1.11,4542,93,1.09462
2023-11-13T05:00:00Z,1.11,1.2,1.0999,1.12,124661,473,1.1475
2023-11-14T05:00:00Z,1.1219,1.21,1.1219,1.18,43167,98,1.18491
2023-11-15T05:00:00Z,1.22,1.3,1.17,1.25,92990,370,1.24525
2023-11-16T05:00:00Z,1.22,1.32,1.17,1.17,31457,288,1.26143
2023-11-17T05:00:00Z,1.15,1.3,1.15,1.28,50144,230,1.22661
2023-11-20T05:00:00Z,1.3,1.3,1.24,1.24,25071,137,1.26533
2023-11-21T05:00:00Z,1.25,1.27,1.23,1.23,24435,111,1.24759
2023-11-22T05:00:00Z,1.27,1.27,1.237,1.25,21949,103,1.24888
2023-11-24T05:00:00Z,1.24,1.27,1.23,1.26,11989,115,1.24987
2023-11-27T05:00:00Z,1.28,1.3,1.22,1.22,45912,399,1.26361
2023-11-28T05:00:00Z,1.26,1.27,1.21,1.23,7155,74,1.24347
2023-11-29T05:00:00Z,1.26,1.2856,1.17,1.18,59566,175,1.21944
2023-11-30T05:00:00Z,1.155,1.24,1.155,1.18,35353,176,1.20659
2023-12-01T05:00:00Z,1.188,1.21,1.14,1.2,75712,203,1.15436
2023-12-04T05:00:00Z,1.18,1.28,1.18,1.24,29637,184,1.22233
2023-12-05T05:00:00Z,1.1902,1.24,1.17,1.1899,16264,107,1.20254
2023-12-06T05:00:00Z,1.21,1.21,1.13,1.18,72247,250,1.18249
2023-12-07T05:00:00Z,1.15,1.26,1.13,1.25,138528,312,1.21491
2023-12-08T05:00:00Z,1.24,1.37,1.24,1.35,244593,696,1.3134
2023-12-11T05:00:00Z,1.365,1.37,1.3,1.335,117807,440,1.32882
2023-12-12T05:00:00Z,1.31,1.38,1.31,1.34,72358,288,1.34642
2023-12-13T05:00:00Z,1.3593,1.51,1.35,1.45,648192,1788,1.43914
2023-12-14T05:00:00Z,1.07,1.19,1.03,1.17,1186121,2735,1.13872
2023-12-15T05:00:00Z,1.15,1.17,1.095,1.11,205113,488,1.12923
2023-12-18T05:00:00Z,1.14,1.14,1.09,1.115,48152,261,1.11031
2023-12-19T05:00:00Z,1.135,1.18,1.1201,1.175,89526,378,1.15577
2023-12-20T05:00:00Z,1.17,1.17,1.12,1.14,38743,136,1.14269
2023-12-21T05:00:00Z,1.12,1.15,1.1,1.12,194091,564,1.11651
2023-12-22T05:00:00Z,1.16,1.16,1.12,1.15,95245,278,1.14216
2023-12-26T05:00:00Z,1.18,1.18,1.12,1.15,64293,194,1.12982
2023-12-27T05:00:00Z,1.14,1.16,1.12,1.14,47720,219,1.14994
2023-12-28T05:00:00Z,1.17,1.17,1.12,1.15,77283,222,1.14302
2023-12-29T05:00:00Z,1.14,1.165,1.13,1.14,31065,160,1.14338
2024-01-02T05:00:00Z,1.16,1.18,1.13,1.15,70162,373,1.1553
2024-01-03T05:00:00Z,1.15,1.1501,1.12,1.14,86389,217,1.13062
2024-01-04T05:00:00Z,1.13,1.22,1.13,1.2,130066,200,1.18206
2024-01-05T05:00:00Z,1.21,1.22,1.1759,1.2,19897,102,1.19349
2024-01-08T05:00:00Z,1.15,1.18,1.13,1.15,101822,366,1.15262
2024-01-09T05:00:00Z,1.16,1.1993,1.14,1.19,19005,125,1.16835
2024-01-10T05:00:00Z,1.17,1.2099,1.15,1.17,53876,259,1.17697
2024-01-11T05:00:00Z,1.1726,1.2,1.16,1.17,16623,130,1.17955
2024-01-12T05:00:00Z,1.21,1.21,1.15,1.16,19574,108,1.17741
2024-01-16T05:00:00Z,1.22,1.22,1.15,1.15,19089,152,1.18059
2024-01-17T05:00:00Z,1.15,1.18,1.14,1.15,48034,187,1.15901
2024-01-18T05:00:00Z,1.15,1.17,1.145,1.15,22726,82,1.15185
2024-01-19T05:00:00Z,1.13,1.18,1.13,1.13,65228,129,1.14094
2024-01-22T05:00:00Z,1.125,1.15,1.1201,1.13,35657,100,1.13196
2024-01-23T05:00:00Z,1.15,1.18,1.15,1.16,27406,101,1.16145
2024-01-24T05:00:00Z,1.16,1.18,1.15,1.17,56147,135,1.16957
2024-01-25T05:00:00Z,1.18,1.2378,1.16,1.19,55759,248,1.20046
2024-01-26T05:00:00Z,1.2122,1.3,1.19,1.27,47647,217,1.24251
2024-01-29T05:00:00Z,1.2433,1.288,1.15,1.2,77791,245,1.20881
2024-01-30T05:00:00Z,1.182,1.189,1.15,1.17,114762,235,1.16528
2024-01-31T05:00:00Z,1.161,1.25,1.16,1.22,52987,343,1.19725
2024-02-01T05:00:00Z,1.22,1.35,1.22,1.3,106243,399,1.28852
2024-02-02T05:00:00Z,1.31,1.31,1.23,1.26,12510,100,1.24958
2024-02-05T05:00:00Z,1.25,1.33,1.24,1.28,98952,269,1.28696
2024-02-06T05:00:00Z,1.284,1.4,1.27,1.38,140029,347,1.33833
2024-02-07T05:00:00Z,1.33,1.37,1.3,1.305,40396,133,1.33601
2024-02-08T05:00:00Z,1.3,1.32,1.28,1.3,17676,123,1.29855
2024-02-09T05:00:00Z,1.31,1.38,1.29,1.38,167822,440,1.3494
2024-02-12T05:00:00Z,1.42,1.42,1.35,1.38,87566,328,1.39658
2024-02-13T05:00:00Z,1.35,1.36,1.3132,1.32,13127,60,1.34342
2024-02-14T05:00:00Z,1.3521,1.42,1.33,1.42,29673,201,1.38889
2024-02-15T05:00:00Z,1.42,1.42,1.36,1.41,40438,190,1.3945
2024-02-16T05:00:00Z,1.4109,1.46,1.38,1.46,44049,222,1.40656
2024-02-20T05:00:00Z,1.47,1.58,1.46,1.57,144522,696,1.50817
2024-02-21T05:00:00Z,1.56,1.64,1.5,1.64,188421,737,1.5813
2024-02-22T05:00:00Z,1.54,1.61,1.44,1.52,178414,884,1.53078
2024-02-23T05:00:00Z,1.48,1.55,1.44,1.47,299799,523,1.46503
2024-02-26T05:00:00Z,1.46,1.54,1.44,1.5,117788,425,1.49696
2024-02-27T05:00:00Z,1.45,1.6,1.42,1.565,378569,1714,1.52094
2024-02-28T05:00:00Z,1.54,1.69,1.51,1.6,141575,508,1.59775
2024-02-29T05:00:00Z,1.6,1.73,1.56,1.73,160548,543,1.66022
2024-03-01T05:00:00Z,1.75,1.8965,1.68,1.79,453591,1779,1.79542
2024-03-04T05:00:00Z,1.93,2.09,1.75,1.91,1370533,4121,1.93996
2024-03-05T05:00:00Z,1.8,1.93,1.78,1.9,262044,1149,1.87718
2024-03-06T05:00:00Z,1.86,1.8899,1.58,1.685,1731631,1021,1.6184
2024-03-07T05:00:00Z,1.75,1.76,1.63,1.65,757424,467,1.69715
2024-03-08T05:00:00Z,1.65,1.72,1.63,1.65,107989,278,1.6723
2024-03-11T04:00:00Z,1.67,1.71,1.56,1.56,51896,244,1.62145
2024-03-12T04:00:00Z,1.55,1.62,1.4,1.525,191204,862,1.49371
2024-03-13T04:00:00Z,1.48,1.58,1.42,1.55,49579,225,1.52786
2024-03-14T04:00:00Z,1.58,1.5995,1.44,1.47,27342,340,1.49402
2024-03-15T04:00:00Z,1.44,1.48,1.43,1.45,43663,303,1.45069
2024-03-18T04:00:00Z,1.42,1.46,1.42,1.44,36382,190,1.43394
2024-03-19T04:00:00Z,1.4596,1.48,1.43,1.43,712259,118,1.45454
2024-03-20T04:00:00Z,1.4574,1.49,1.37,1.41,885026,652,1.4044
2024-03-21T04:00:00Z,1.43,1.86,1.43,1.68,2482788,2972,1.66488
2024-03-22T04:00:00Z,1.75,1.91,1.65,1.9,1019015,2537,1.84709
2024-03-25T04:00:00Z,1.89,2.04,1.83,1.99,377792,1397,1.94717
2024-03-26T04:00:00Z,1.95,2.04,1.94,1.97,301294,1036,1.98769
2024-03-27T04:00:00Z,1.95,1.95,1.7,1.935,112790,643,1.87296
2024-03-28T04:00:00Z,1.9,2.28,1.82,2.23,1018516,1948,2.11558
2024-04-01T04:00:00Z,2.23,2.35,2.02,2.31,258468,1100,2.22616
2024-04-02T04:00:00Z,2.18,2.57,2.0501,2.49,645032,3312,2.39721
2024-04-03T04:00:00Z,2.44,2.49,2.2502,2.4,240804,1103,2.34957
2024-04-04T04:00:00Z,2.3,2.49,2.12,2.16,224563,1183,2.29963
2024-04-05T04:00:00Z,2.12,2.27,2.12,2.18,130418,496,2.14067
2024-04-08T04:00:00Z,2.17,2.23,2,2.05,164130,786,2.08465
2024-04-09T04:00:00Z,2.07,2.07,1.89,1.89,81858,379,1.95111
2024-04-10T04:00:00Z,1.82,1.95,1.82,1.89,86843,304,1.89103
2024-04-11T04:00:00Z,1.905,2.0876,1.84,1.88,256481,1073,1.9729
2024-04-12T04:00:00Z,1.94,1.96,1.84,1.92,95894,454,1.88129
2024-04-15T04:00:00Z,1.9,1.95,1.64,1.67,137028,622,1.76346
2024-04-16T04:00:00Z,1.62,1.71,1.6,1.64,74628,465,1.65377
2024-04-17T04:00:00Z,1.6,1.66,1.47,1.51,116132,739,1.531
2024-04-18T04:00:00Z,1.54,1.6,1.51,1.57,39065,224,1.57773
2024-04-19T04:00:00Z,1.58,1.713,1.55,1.6,61697,485,1.60223
2024-04-22T04:00:00Z,1.63,1.68,1.55,1.61,101385,497,1.62102
2024-04-23T04:00:00Z,1.59,1.72,1.52,1.53,90125,415,1.63902
2024-04-24T04:00:00Z,1.53,1.64,1.41,1.44,176635,503,1.50257
2024-04-25T04:00:00Z,1.4,1.45,1.27,1.29,156328,849,1.35751
2024-04-26T04:00:00Z,1.3,1.45,1.29,1.35,56503,608,1.35388
2024-04-29T04:00:00Z,1.34,1.42,1.17,1.17,463862,887,1.24734
2024-04-30T04:00:00Z,1.27,1.28,1.14,1.21,367882,1112,1.17799
2024-05-01T04:00:00Z,1.2,1.43,1.2,1.37,214383,920,1.34961
2024-05-02T04:00:00Z,1.4,1.58,1.39,1.49,87557,998,1.4802
2024-05-03T04:00:00Z,1.6,1.6,1.49,1.53,108827,719,1.53595
2024-05-06T04:00:00Z,1.6,1.74,1.55,1.65,129103,760,1.66485
2024-05-07T04:00:00Z,1.68,1.68,1.57,1.58,34885,250,1.63906
2024-05-08T04:00:00Z,1.62,1.62,1.545,1.58,50865,325,1.58038
2024-05-09T04:00:00Z,1.6,1.72,1.5389,1.72,161487,988,1.65881
2024-05-10T04:00:00Z,1.7,1.72,1.61,1.65,85689,836,1.67101
2024-05-13T04:00:00Z,1.7,1.7,1.56,1.6,56066,505,1.63444
2024-05-14T04:00:00Z,1.6299,1.67,1.56,1.59,49297,466,1.59819
2024-05-15T04:00:00Z,1.63,1.73,1.59,1.66,77197,386,1.65707
2024-05-16T04:00:00Z,1.7,1.7,1.5,1.65,140058,1027,1.63295
2024-05-17T04:00:00Z,1.7,1.76,1.65,1.67,85642,665,1.71903
2024-05-20T04:00:00Z,1.75,1.75,1.56,1.63,90339,618,1.62797
2024-05-21T04:00:00Z,1.66,1.74,1.63,1.67,44942,308,1.68362
2024-05-22T04:00:00Z,1.68,1.685,1.54,1.62,70648,335,1.60502
2024-05-23T04:00:00Z,1.65,1.65,1.565,1.61,17606,100,1.59683
2024-05-24T04:00:00Z,1.66,1.66,1.51,1.55,67017,226,1.58482
2024-05-28T04:00:00Z,1.6,1.6,1.51,1.51,19788,138,1.56438
2024-05-29T04:00:00Z,1.52,1.73,1.51,1.61,498706,1341,1.62299
2024-05-30T04:00:00Z,1.63,1.65,1.56,1.58,54306,301,1.61652
2024-05-31T04:00:00Z,1.6,1.63,1.5201,1.54,70350,326,1.56421
2024-06-03T04:00:00Z,1.58,1.58,1.39,1.4,108951,642,1.45916
2024-06-04T04:00:00Z,1.42,1.49,1.35,1.35,45787,310,1.39518
2024-06-05T04:00:00Z,1.38,1.47,1.32,1.38,27885,307,1.38454
2024-06-06T04:00:00Z,1.38,1.44,1.21,1.23,57756,389,1.30996
2024-06-07T04:00:00Z,1.24,1.44,1.24,1.39,55120,304,1.3592
2024-06-10T04:00:00Z,1.38,1.4167,1.34,1.37,22241,356,1.37213
2024-06-11T04:00:00Z,1.38,1.43,1.36,1.42,66853,328,1.39648
2024-06-12T04:00:00Z,1.4,1.51,1.4,1.46,65565,382,1.46663
2024-06-13T04:00:00Z,1.48,1.61,1.48,1.6,82971,633,1.55283
2024-06-14T04:00:00Z,1.59,1.67,1.59,1.6,36862,323,1.61501
2024-06-17T04:00:00Z,1.6,1.6,1.4,1.43,71447,937,1.44547
2024-06-18T04:00:00Z,1.44,1.51,1.28,1.32,77647,558,1.3658
2024-06-20T04:00:00Z,1.35,1.54,1.29,1.5,211035,1059,1.36913
2024-06-21T04:00:00Z,1.5,1.62,1.48,1.62,128028,622,1.57878
2024-06-24T04:00:00Z,1.61,1.7,1.6,1.68,161781,463,1.66556
2024-06-25T04:00:00Z,1.651,1.71,1.65,1.7,116177,524,1.68971
2024-06-26T04:00:00Z,1.6587,1.66,1.56,1.6,24377,244,1.6286
2024-06-27T04:00:00Z,1.59,1.6884,1.59,1.64,19022,234,1.64161
2024-06-28T04:00:00Z,1.65,1.65,1.58,1.59,28757,293,1.60414
2024-07-01T04:00:00Z,1.61,1.72,1.46,1.5,94382,587,1.5767
2024-07-02T04:00:00Z,1.46,1.6,1.375,1.5,260528,308,1.49369
2024-07-03T04:00:00Z,1.59,1.61,1.49,1.57,37840,328,1.57575
2024-07-05T04:00:00Z,1.57,1.66,1.47,1.49,19135,192,1.55756
2024-07-08T04:00:00Z,1.48,1.59,1.48,1.53,39970,445,1.55704
2024-07-09T04:00:00Z,1.54,1.7,1.54,1.6,39489,330,1.6141
2024-07-10T04:00:00Z,1.55,1.61,1.55,1.58,15230,154,1.58296
2024-07-11T04:00:00Z,1.675,1.69,1.59,1.595,130875,315,1.64176
2024-07-12T04:00:00Z,1.56,1.65,1.53,1.65,50472,331,1.60657
2024-07-15T04:00:00Z,1.65,1.7,1.63,1.67,21501,193,1.66264
2024-07-16T04:00:00Z,1.71,1.8199,1.57,1.78,133467,552,1.71863
2024-07-17T04:00:00Z,1.71,1.77,1.68,1.76,29721,287,1.73776
2024-07-18T04:00:00Z,1.7,1.75,1.6599,1.68,19147,159,1.69469
2024-07-19T04:00:00Z,1.68,1.78,1.55,1.69,48829,337,1.68253
2024-07-22T04:00:00Z,1.69,1.75,1.57,1.63,60815,427,1.65804
2024-07-23T04:00:00Z,1.6,1.79,1.56,1.6,65965,370,1.64627
2024-07-24T04:00:00Z,1.55,1.73,1.55,1.61,28198,139,1.63611
2024-07-25T04:00:00Z,1.55,1.6499,1.55,1.58,11976,121,1.58112
2024-07-26T04:00:00Z,1.61,1.685,1.6,1.64,9169,107,1.6289
2024-07-29T04:00:00Z,1.6009,1.67,1.56,1.57,24748,184,1.59196
2024-07-30T04:00:00Z,1.62,1.67,1.58,1.6,59341,284,1.61468
2024-07-31T04:00:00Z,1.59,1.64,1.56,1.62,6890,138,1.61421
2024-08-01T04:00:00Z,1.6,1.62,1.57,1.61,16706,213,1.59872
2024-08-02T04:00:00Z,1.53,1.63,1.5051,1.6,31796,279,1.57898
2024-08-05T04:00:00Z,1.67,1.67,1.5,1.51,73861,482,1.57956
2024-08-06T04:00:00Z,1.5,1.62,1.46,1.58,64424,374,1.5639
2024-08-07T04:00:00Z,1.73,1.73,1.5,1.54,65296,272,1.6562
2024-08-08T04:00:00Z,1.52,1.62,1.46,1.56,46895,432,1.52932
2024-08-09T04:00:00Z,1.52,1.68,1.51,1.6,14201,174,1.58245
2024-08-12T04:00:00Z,1.58,1.64,1.55,1.6,20479,156,1.59649
2024-08-13T04:00:00Z,1.59,1.6,1.55,1.6,6588,89,1.57916
2024-08-14T04:00:00Z,1.58,1.58,1.49,1.54,36523,109,1.52798
2024-08-15T04:00:00Z,1.55,1.58,1.5,1.56,12014,181,1.52333
2024-08-16T04:00:00Z,1.54,1.56,1.46,1.56,18618,207,1.50853
2024-08-19T04:00:00Z,1.54,1.64,1.5298,1.63,13498,122,1.57978
2024-08-20T04:00:00Z,1.6,1.64,1.505,1.64,13800,135,1.58854
2024-08-21T04:00:00Z,1.62,1.65,1.55,1.65,12517,136,1.59783
2024-08-22T04:00:00Z,1.63,1.63,1.55,1.58,23677,61,1.58446
2024-08-23T04:00:00Z,1.57,1.62,1.5,1.61,19345,214,1.56913
2024-08-26T04:00:00Z,1.59,1.61,1.55,1.61,14530,89,1.56605
2024-08-27T04:00:00Z,1.58,1.58,1.51,1.58,16869,131,1.54981
2024-08-28T04:00:00Z,1.62,1.65,1.515,1.58,64733,543,1.58061
2024-08-29T04:00:00Z,1.57,1.6,1.55,1.57,14157,118,1.5859
2024-08-30T04:00:00Z,1.55,1.6,1.41,1.47,52025,300,1.5205
2024-09-03T04:00:00Z,1.48,1.49,1.47,1.49,18257,199,1.48202
2024-09-04T04:00:00Z,1.46,1.48,1.42,1.46,31545,152,1.43738
2024-09-05T04:00:00Z,1.44,1.47,1.4,1.44,42424,283,1.42182
2024-09-06T04:00:00Z,1.44,1.47,1.38,1.42,23872,274,1.40625
2024-09-09T04:00:00Z,1.41,1.47,1.35,1.39,25838,290,1.3916
2024-09-10T04:00:00Z,1.38,1.41,1.3,1.35,28276,242,1.36432
2024-09-11T04:00:00Z,1.33,1.36,1.33,1.3502,10250,137,1.35114
2024-09-12T04:00:00Z,1.35,1.42,1.35,1.38,23577,248,1.38934
2024-09-13T04:00:00Z,1.38,1.48,1.36,1.4,27750,287,1.4167
2024-09-16T04:00:00Z,1.39,1.41,1.27,1.33,158809,827,1.31889
2024-09-17T04:00:00Z,1.31,1.41,1.2901,1.38,54422,247,1.38088
2024-09-18T04:00:00Z,1.38,1.465,1.38,1.4,145857,422,1.41367
2024-09-19T04:00:00Z,1.42,1.4565,1.3689,1.43,20957,288,1.41596
2024-09-20T04:00:00Z,1.41,1.43,1.36,1.38,63104,265,1.38243
2024-09-23T04:00:00Z,1.37,1.42,1.37,1.4,10205,128,1.39628
2024-09-24T04:00:00Z,1.39,1.455,1.36,1.39,30350,277,1.41051
2024-09-25T04:00:00Z,1.38,1.45,1.355,1.37,19604,357,1.37016
2024-09-26T04:00:00Z,1.4,1.415,1.395,1.41,7418,144,1.40827
2024-09-27T04:00:00Z,1.39,1.41,1.36,1.38,10027,308,1.37682
2024-09-30T04:00:00Z,1.36,1.38,1.345,1.37,47916,428,1.36149
2024-10-01T04:00:00Z,1.36,1.37,1.29,1.31,26403,215,1.3168
2024-10-02T04:00:00Z,1.32,1.39,1.3,1.33,42181,155,1.33316
2024-10-03T04:00:00Z,1.2949,1.34,1.2949,1.31,1704,71,1.3151
2024-10-04T04:00:00Z,1.31,1.4017,1.31,1.35,30181,310,1.35608
2024-10-07T04:00:00Z,1.38,1.3999,1.33,1.35,17428,146,1.35237
2024-10-08T04:00:00Z,1.37,1.41,1.3573,1.38,36463,231,1.38289
2024-10-09T04:00:00Z,1.34,1.41,1.27,1.27,18001,198,1.30245
2024-10-10T04:00:00Z,1.27,1.4,1.27,1.38,17953,156,1.36099
2024-10-11T04:00:00Z,1.37,1.45,1.37,1.42,70173,366,1.39481
2024-10-14T04:00:00Z,1.44,1.5,1.37,1.4,25001,212,1.44866
2024-10-15T04:00:00Z,1.4,1.4474,1.375,1.4,5442,78,1.41192
2024-10-16T04:00:00Z,1.42,1.49,1.4101,1.47,22580,158,1.46785
2024-10-17T04:00:00Z,1.4676,1.48,1.4,1.45,13868,88,1.42205
2024-10-18T04:00:00Z,1.43,1.43,1.37,1.37,12150,140,1.3979
2024-10-21T04:00:00Z,1.37,1.44,1.34,1.34,26840,171,1.40499
2024-10-22T04:00:00Z,1.34,1.42,1.34,1.41,114282,131,1.3674
2024-10-23T04:00:00Z,1.42,1.42,1.3,1.37,51267,249,1.35261
2024-10-24T04:00:00Z,1.33,1.4,1.33,1.35,32874,257,1.35289
2024-10-25T04:00:00Z,1.4,1.41,1.36,1.39,34559,104,1.3752
2024-10-28T04:00:00Z,1.37,1.425,1.36,1.36,50933,213,1.39031
2024-10-29T04:00:00Z,1.39,1.41,1.37,1.4,4583,51,1.38563
2024-10-30T04:00:00Z,1.43,1.43,1.34,1.35,9600,100,1.36673
2024-10-31T04:00:00Z,1.32,1.372,1.32,1.325,4990,77,1.33286
2024-11-01T04:00:00Z,1.3199,1.33,1.3,1.33,10360,152,1.31358
2024-11-04T05:00:00Z,1.3092,1.35,1.3092,1.31,6991,208,1.33444
2024-11-05T05:00:00Z,1.3477,1.3477,1.3,1.31,5383,92,1.30676
2024-11-06T05:00:00Z,1.35,1.35,1.29,1.305,37496,103,1.30096
2024-11-07T05:00:00Z,1.32,1.35,1.27,1.32,11527,125,1.31187
2024-11-08T05:00:00Z,1.3492,1.3492,1.27,1.29,25206,94,1.3209
2024-11-11T05:00:00Z,1.4,1.4399,1.36,1.36,185223,438,1.39491
2024-11-12T05:00:00Z,1.4,1.6,1.4,1.54,189810,621,1.52459
2024-11-13T05:00:00Z,1.5,1.5566,1.41,1.41,32889,232,1.49254
2024-11-14T05:00:00Z,1.39,1.4315,1.3248,1.34,29518,226,1.36571
2024-11-15T05:00:00Z,1.3604,1.3604,1.3,1.31,16332,117,1.31945
2024-11-18T05:00:00Z,1.31,1.3292,1.29,1.29,10845,84,1.30548
2024-11-19T05:00:00Z,1.4,1.4,1.28,1.31,37678,260,1.32966
2024-11-20T05:00:00Z,1.3,1.38,1.3,1.3,5776,82,1.31885
2024-11-21T05:00:00Z,1.32,1.33,1.28,1.29,48152,162,1.30434
2024-11-22T05:00:00Z,1.3,1.3,1.16,1.19,163216,356,1.22576
2024-11-25T05:00:00Z,1.23,1.23,1.2,1.2,33703,334,1.20593
2024-11-26T05:00:00Z,1.19,1.2087,1.12,1.17,327481,186,1.16988
2024-11-27T05:00:00Z,1.2,1.23,1.16,1.17,125290,244,1.18069
2024-11-29T05:00:00Z,1.1987,1.1987,1.17,1.17,12594,89,1.17569
2024-12-02T05:00:00Z,1.17,1.18,1.16,1.16,34842,274,1.1768
2024-12-03T05:00:00Z,1.15,1.2498,1.12,1.13,48222,173,1.14832
2024-12-04T05:00:00Z,1.12,1.2,1.12,1.15,9843,101,1.15875
2024-12-05T05:00:00Z,1.12,1.18,1.06,1.09,99835,301,1.11775
2024-12-06T05:00:00Z,1.09,1.1484,1,1.14,2341687,272,1.0035
2024-12-09T05:00:00Z,1.18,1.1976,1.08,1.16,78500,329,1.16538
2024-12-10T05:00:00Z,1.21,1.21,1.0701,1.13,83641,370,1.13201
2024-12-11T05:00:00Z,1.13,1.18,1.06,1.13,135554,366,1.12799
2024-12-12T05:00:00Z,1.0897,1.146,1.07,1.09,26517,244,1.10069
2024-12-13T05:00:00Z,1.1,1.13,1.05,1.08,40289,206,1.0899
2024-12-16T05:00:00Z,1.06,1.07,0.9831,1.01,208679,691,1.02158
2024-12-17T05:00:00Z,1.01,1.03,0.894,0.9007,512970,1989,0.918303
2024-12-18T05:00:00Z,0.8737,0.94,0.8702,0.89,72143,278,0.912994
2024-12-19T05:00:00Z,0.94,1,0.89,0.95,48688,210,0.931059
2024-12-20T05:00:00Z,0.93,0.9885,0.93,0.97,54795,140,0.962935
2024-12-23T05:00:00Z,1,1,0.9106,0.941,64703,206,0.938782
2024-12-24T05:00:00Z,0.9567,0.9789,0.8662,0.868,157995,224,0.932857
2024-12-26T05:00:00Z,0.88,0.9489,0.8278,0.8278,217837,716,0.861677
2024-12-27T05:00:00Z,0.8064,0.9023,0.8064,0.82,268318,1202,0.828203
2024-12-30T05:00:00Z,0.9287,0.9344,0.7901,0.83,351380,918,0.836281
2024-12-31T05:00:00Z,0.801,0.8201,0.76,0.771,1091544,1808,0.777785
2025-01-02T05:00:00Z,0.773,0.8588,0.773,0.822,230260,333,0.805905
2025-01-03T05:00:00Z,0.809,0.8599,0.8004,0.8225,102955,291,0.828691
2025-01-06T05:00:00Z,0.82,0.9549,0.82,0.92,679846,780,0.901117
2025-01-07T05:00:00Z,0.95,0.95,0.8703,0.8929,80617,204,0.897652
2025-01-08T05:00:00Z,0.8964,0.8964,0.83,0.851,143301,345,0.846075
2025-01-10T05:00:00Z,0.8255,0.8368,0.791,0.799,149797,327,0.811363
2025-01-13T05:00:00Z,0.7948,0.8031,0.7701,0.778,83259,223,0.787698
2025-01-14T05:00:00Z,0.7843,0.81,0.7779,0.7809,31490,171,0.792532
2025-01-15T05:00:00Z,0.77,0.81,0.7606,0.789,96465,195,0.783932
2025-01-16T05:00:00Z,0.8,0.8288,0.766,0.766,64841,257,0.776412
2025-01-17T05:00:00Z,0.7664,0.8198,0.7664,0.789,36002,113,0.775062
2025-01-21T05:00:00Z,0.79,0.82,0.7699,0.8077,78982,332,0.795114
2025-01-22T05:00:00Z,0.789,0.838,0.789,0.7965,26846,196,0.819802
2025-01-23T05:00:00Z,0.781,0.9,0.781,0.858,358949,558,0.84384
2025-01-24T05:00:00Z,0.8579,0.8981,0.805,0.823,148426,499,0.843465
2025-01-27T05:00:00Z,0.81,0.848,0.79,0.8125,70972,201,0.80985
2025-01-28T05:00:00Z,0.8351,0.8351,0.7916,0.7992,24539,143,0.810399
2025-01-29T05:00:00Z,0.7992,0.828,0.785,0.7992,28390,126,0.794825
2025-01-30T05:00:00Z,0.7992,0.8214,0.771,0.799,61524,136,0.795766
2025-01-31T05:00:00Z,0.8,0.815,0.7801,0.8048,60816,146,0.793608
2025-02-03T05:00:00Z,0.8,0.8,0.7557,0.7725,101335,195,0.764822
2025-02-04T05:00:00Z,0.8077,0.8089,0.763,0.7842,53352,183,0.781736
2025-02-05T05:00:00Z,0.7773,0.7986,0.7633,0.7976,22824,114,0.779162
2025-02-06T05:00:00Z,0.79,0.8087,0.7803,0.79,12123,99,0.793979
2025-02-07T05:00:00Z,0.79,0.8088,0.697,0.76,160046,414,0.73825
2025-02-10T05:00:00Z,0.7466,0.7599,0.7201,0.7385,97934,295,0.740449
2025-02-11T05:00:00Z,0.759,0.7999,0.7321,0.753,23070,174,0.768689
2025-02-12T05:00:00Z,0.78,0.7989,0.6702,0.6963,181406,607,0.709412
2025-02-13T05:00:00Z,0.6754,0.7246,0.6603,0.7246,53303,170,0.691674
2025-02-14T05:00:00Z,0.75,0.7699,0.7246,0.7573,33479,153,0.755487
2025-02-18T05:00:00Z,0.7677,0.7798,0.7301,0.731,31751,97,0.751101
2025-02-19T05:00:00Z,0.731,0.78,0.731,0.77,37687,92,0.76859
2025-02-20T05:00:00Z,0.78,0.787,0.7501,0.751,9594,68,0.779533
2025-02-21T05:00:00Z,0.74,0.7401,0.7159,0.7229,31234,127,0.725661
2025-02-24T05:00:00Z,0.7404,0.769,0.7365,0.75,45994,107,0.744493
2025-02-25T05:00:00Z,0.74,0.78,0.72,0.76,69960,151,0.771436
2025-02-26T05:00:00Z,0.744,0.78,0.74,0.756,6312,77,0.755118
2025-02-27T05:00:00Z,0.78,0.78,0.7301,0.769,9103,51,0.747965
2025-02-28T05:00:00Z,0.751,0.78,0.7018,0.779,26051,106,0.74609
2025-03-03T05:00:00Z,0.7799,0.7799,0.729,0.729,13116,139,0.753094
2025-03-04T05:00:00Z,0.71,0.74,0.6708,0.739,60881,207,0.705624
2025-03-05T05:00:00Z,0.7431,0.7799,0.701,0.74,57071,115,0.745468
2025-03-06T05:00:00Z,0.7645,0.78,0.7129,0.7129,24908,77,0.759062
2025-03-07T05:00:00Z,0.7418,0.78,0.7164,0.75,30785,128,0.749776
2025-03-10T04:00:00Z,0.72,0.7488,0.68,0.7352,140598,349,0.715582
2025-03-11T04:00:00Z,0.7299,0.73,0.6815,0.693,188367,201,0.709118
2025-03-12T04:00:00Z,0.7195,0.729,0.685,0.72,11042,61,0.718316
2025-03-13T04:00:00Z,0.733,0.7499,0.69,0.72,37076,142,0.725547
2025-03-14T04:00:00Z,0.72,0.7298,0.6841,0.6889,15207,85,0.705536
2025-03-17T04:00:00Z,0.7001,0.718,0.64,0.6405,182775,279,0.66048
2025-03-18T04:00:00Z,0.66,0.67,0.5756,0.5782,157700,610,0.616133
2025-03-19T04:00:00Z,0.561,0.6207,0.551,0.579,65616,213,0.58754
2025-03-20T04:00:00Z,0.598,0.63,0.572,0.6144,37073,110,0.610361
2025-03-21T04:00:00Z,0.6088,0.63,0.56,0.57,61212,231,0.60791
2025-03-24T04:00:00Z,0.59,0.63,0.57,0.609,49972,164,0.593282
2025-03-25T04:00:00Z,0.618,0.6679,0.485,0.569,292229,976,0.55445
2025-03-26T04:00:00Z,0.559,0.598,0.5064,0.5315,190993,718,0.542793
2025-03-27T04:00:00Z,0.507,0.5699,0.507,0.5307,25586,137,0.526159
2025-03-28T04:00:00Z,0.507,0.5594,0.4869,0.499,85685,295,0.522501
2025-03-31T04:00:00Z,0.4768,0.55,0.465,0.4803,90504,194,0.488116
2025-04-01T04:00:00Z,0.463,0.54,0.433,0.437,238842,491,0.484367
2025-04-02T04:00:00Z,0.425,0.4664,0.3518,0.4,347271,839,0.393162
2025-04-03T04:00:00Z,0.388,0.4049,0.375,0.397,129731,287,0.39731
2025-04-04T04:00:00Z,0.4,0.4015,0.37,0.3901,98072,428,0.388003
2025-04-07T04:00:00Z,0.38,0.402,0.37,0.3858,50769,282,0.378258
2025-04-08T04:00:00Z,0.38,0.4,0.32,0.3296,236115,232,0.355285
2025-04-09T04:00:00Z,0.301,0.373,0.2694,0.2924,525675,1135,0.301108
2025-04-10T04:00:00Z,0.275,0.3,0.224,0.27,963255,1765,0.267504
2025-04-11T04:00:00Z,0.271,0.3248,0.271,0.291,191747,325,0.295145
2025-04-14T04:00:00Z,0.31,0.35,0.2911,0.312,230997,599,0.317149
2025-04-15T04:00:00Z,0.319,0.4399,0.3102,0.3327,238061,599,0.336303
2025-04-16T04:00:00Z,0.327,0.3686,0.31,0.3348,488303,424,0.325666
2025-04-17T04:00:00Z,0.339,0.3649,0.321,0.3612,236552,300,0.337799
2025-04-21T04:00:00Z,0.3598,0.3949,0.3499,0.369,239718,347,0.379462
2025-04-22T04:00:00Z,0.4,0.4124,0.3751,0.4005,376075,378,0.393822
2025-04-23T04:00:00Z,0.429,0.429,0.401,0.4201,210838,383,0.416294
2025-04-24T04:00:00Z,0.4145,0.4389,0.3801,0.419,131237,236,0.405242
2025-04-25T04:00:00Z,0.4301,0.499,0.395,0.46,322852,621,0.46257
2025-04-28T04:00:00Z,0.4885,0.4885,0.442,0.4648,193784,389,0.472369
2025-04-29T04:00:00Z,0.4786,0.5099,0.47,0.4932,169909,341,0.490298
2025-04-30T04:00:00Z,0.51,0.52,0.4561,0.4654,246728,382,0.48003
2025-05-01T04:00:00Z,0.4422,0.5099,0.436,0.48,98512,145,0.465017
2025-05-02T04:00:00Z,0.47,0.5035,0.44,0.4425,137827,211,0.470475
2025-05-05T04:00:00Z,0.434,0.4699,0.434,0.4499,42753,136,0.453293
2025-05-06T04:00:00Z,0.45,0.46,0.4092,0.44,188954,228,0.437968
2025-05-07T04:00:00Z,0.45,0.459,0.3412,0.3798,97471,236,0.401526
2025-05-08T04:00:00Z,0.37,0.399,0.37,0.385,53361,134,0.383687
2025-05-09T04:00:00Z,0.403,0.4475,0.393,0.446,512372,546,0.409271
2025-05-12T04:00:00Z,0.435,0.4698,0.4,0.4343,78506,161,0.42395
2025-05-13T04:00:00Z,0.43,0.467,0.43,0.4485,114260,171,0.445127
2025-05-14T04:00:00Z,0.46,0.46,0.4258,0.4446,109572,147,0.438027
2025-05-15T04:00:00Z,0.46,0.4698,0.41,0.412,95774,309,0.431229
2025-05-16T04:00:00Z,0.4305,0.4499,0.4204,0.438,55628,238,0.437312
2025-05-19T04:00:00Z,0.439,0.45,0.425,0.45,81276,316,0.446535
2025-05-20T04:00:00Z,0.4275,0.5084,0.4275,0.5084,125691,245,0.479542
2025-05-21T04:00:00Z,0.51,0.5394,0.48,0.5064,166471,376,0.519465
2025-05-22T04:00:00Z,0.511,0.53,0.4673,0.4971,90397,189,0.490164
2025-05-23T04:00:00Z,0.53,0.53,0.4989,0.5078,90814,187,0.509423
2025-05-27T04:00:00Z,0.5078,0.5078,0.484,0.492,48769,119,0.49741
2025-05-28T04:00:00Z,0.4911,0.5136,0.4459,0.4665,284416,190,0.468162
2025-05-29T04:00:00Z,0.4831,0.5178,0.4831,0.4964,394116,312,0.497741
2025-05-30T04:00:00Z,0.477,0.5,0.4616,0.4924,70868,122,0.488522
2025-06-02T04:00:00Z,0.5137,0.519,0.476,0.4803,84707,267,0.510381
2025-06-03T04:00:00Z,0.4802,0.494,0.4665,0.4737,22800,204,0.479303
2025-06-04T04:00:00Z,0.48,0.48,0.468,0.4731,19935,74,0.477059
2025-06-05T04:00:00Z,0.48,0.5,0.48,0.4955,440209,254,0.496938
2025-06-06T04:00:00Z,0.495,0.51,0.4801,0.4953,67110,232,0.499741
2025-06-09T04:00:00Z,0.4935,0.5401,0.4758,0.5285,286644,335,0.516879
2025-06-10T04:00:00Z,0.535,0.5504,0.5199,0.5504,199181,346,0.530613
2025-06-11T04:00:00Z,0.5504,0.6368,0.5504,0.6152,365276,482,0.60791
2025-06-12T04:00:00Z,0.6199,0.68,0.6199,0.6503,244693,422,0.655836
2025-06-13T04:00:00Z,0.6599,0.748,0.63,0.681,368532,490,0.700502
2025-06-16T04:00:00Z,0.74,0.7587,0.48,0.5021,3247380,7532,0.55675
2025-06-17T04:00:00Z,0.499,0.499,0.4515,0.4515,373048,694,0.4696
2025-06-18T04:00:00Z,0.46,0.4853,0.4526,0.4526,136363,442,0.47363
2025-06-20T04:00:00Z,0.4873,0.4873,0.4526,0.47,164048,536,0.471338
2025-06-23T04:00:00Z,0.51,0.51,0.4523,0.47,258754,422,0.474659
2025-06-24T04:00:00Z,0.4986,0.4986,0.4501,0.4657,118604,320,0.471057
2025-06-25T04:00:00Z,0.46,0.4837,0.4538,0.4661,50182,164,0.468705
2025-06-26T04:00:00Z,0.4798,0.4845,0.46,0.46,117789,527,0.46901
2025-06-27T04:00:00Z,0.49,0.4919,0.45,0.45,175862,243,0.471971
2025-06-30T04:00:00Z,0.4519,0.475,0.45,0.46,266536,296,0.458019
2025-07-01T04:00:00Z,0.4577,0.47,0.4263,0.436,69604,691,0.449674
2025-07-02T04:00:00Z,0.4347,0.4534,0.42,0.4283,118700,235,0.435301
2025-07-03T04:00:00Z,0.43,0.439,0.4201,0.4358,86057,124,0.430545
2025-07-07T04:00:00Z,0.4263,0.447,0.4263,0.4411,161640,250,0.437726
2025-07-08T04:00:00Z,0.4379,0.4793,0.42,0.4556,94400,277,0.456555
2025-07-09T04:00:00Z,0.5,0.5,0.45,0.45,237910,379,0.473755
2025-07-10T04:00:00Z,0.4699,0.498,0.4326,0.4682,127262,782,0.453717
2025-07-11T04:00:00Z,0.4542,0.4681,0.39,0.395,413081,2578,0.421775
2025-07-14T04:00:00Z,4.9628,5.25,4.6001,4.9,62405,1039,4.94253
2025-07-15T04:00:00Z,4.82,5.3,4.76,4.76,27648,308,4.83789
2025-07-16T04:00:00Z,4.87,4.9999,4.78,4.82,60789,522,4.8963
2025-07-17T04:00:00Z,4.88,5.37,4.8594,5.13,32997,401,5.08936
2025-07-18T04:00:00Z,5.04,5.3699,4.95,4.99,29340,267,5.08875
2025-07-21T04:00:00Z,5,5.2112,4.91,4.98,11941,170,5.00365
2025-07-22T04:00:00Z,4.99,5.2265,4.92,4.92,33625,289,5.04561
2025-07-23T04:00:00Z,4.8,5.21,4.75,5.2,39408,312,5.08023
2025-07-24T04:00:00Z,5.2,5.2938,4.998,5.26,2063550,24122,5.18268
2025-07-25T04:00:00Z,5.76,6.42,5.3101,6.17,3624079,40591,5.93931
2025-07-28T04:00:00Z,6.1,6.265,5.51,5.54,203337,1348,5.83305
2025-07-29T04:00:00Z,5.32,5.435,5.1101,5.24,75114,598,5.2046
2025-07-30T04:00:00Z,5.14,5.2242,5.01,5.01,46830,312,5.08946
2025-07-31T04:00:00Z,4.95,5.05,4.82,4.96,59659,366,4.9073
2025-08-01T04:00:00Z,4.8217,5.1533,4.8,4.89,35385,300,4.88801
2025-08-04T04:00:00Z,5.03,5.175,4.8,5.04,17347,284,4.9829
2025-08-05T04:00:00Z,4.8,5.29,4.8,5.2,23731,290,5.09121
2025-08-06T04:00:00Z,5.04,5.16,4.91,5.16,15960,155,4.98375
2025-08-07T04:00:00Z,4.9,5.42,4.9,5.095,27161,388,5.13797
2025-08-08T04:00:00Z,4.91,5.28,4.85,4.87,14772,132,4.94313
2025-08-11T04:00:00Z,4.91,4.98,4.75,4.8,17284,184,4.81148
2025-08-12T04:00:00Z,4.76,4.93,4.76,4.835,18462,150,4.82903
2025-08-13T04:00:00Z,4.81,5.23,4.81,5.19,27851,276,5.06069
2025-08-14T04:00:00Z,5.0892,5.17,5.0179,5.1477,5462,109,5.06887
2025-08-15T04:00:00Z,5.216,5.216,5.0109,5.115,8077,111,5.0882
2025-08-18T04:00:00Z,5.03,5.6299,5.01,5.26,95438,1298,5.34663
2025-08-19T04:00:00Z,5.24,5.3,4.95,5.09,34585,280,5.06539
2025-08-20T04:00:00Z,5.08,5.1481,4.94,5.13,14783,114,5.05228
2025-08-21T04:00:00Z,4.98,5.2836,4.98,5.11,12265,121,5.09783
2025-08-22T04:00:00Z,5.07,5.21,5.03,5.13,22202,239,5.13972
2025-08-25T04:00:00Z,5.1,5.3014,5.09,5.215,13549,345,5.20214
2025-08-26T04:00:00Z,5.13,5.26,5.13,5.22,4582,146,5.2241
2025-08-27T04:00:00Z,5.25,5.25,5.1401,5.235,10078,107,5.18752
2025-08-28T04:00:00Z,5.16,5.28,5.1006,5.13,11462,112,5.22748
2025-08-29T04:00:00Z,5.1,5.1834,5.02,5.03,5872,79,5.10592
2025-09-02T04:00:00Z,4.93,5.05,4.8276,4.93,28317,216,4.90889
2025-09-03T04:00:00Z,5,5.1511,4.88,4.98,10101,159,4.96936
2025-09-04T04:00:00Z,4.92,4.94,4.814,4.94,8983,122,4.88497
2025-09-05T04:00:00Z,4.85,4.9,4.79,4.85,4981,102,4.85407
2025-09-08T04:00:00Z,4.95,4.95,4.79,4.92,3799,123,4.85188
2025-09-09T04:00:00Z,4.77,5.14,4.77,5.07,15580,155,4.99206
2025-09-10T04:00:00Z,4.94,5.49,4.94,5.49,22194,272,5.15036
2025-09-11T04:00:00Z,5.49,5.49,5.2335,5.44,5665,118,5.35128
2025-09-12T04:00:00Z,5.2241,5.44,5.2241,5.3957,2456,43,5.37811
2025-09-15T04:00:00Z,5.21,5.84,5.1905,5.5,18296,176,5.43136
2025-09-16T04:00:00Z,5.7,5.9,5.5,5.665,50185,1060,5.6723
2025-09-17T04:00:00Z,5.6,5.8,5.5,5.55,3668,568,5.6543
2025-09-18T04:00:00Z,5.55,5.78,5.4755,5.6566,6489,369,5.75399
2025-09-19T04:00:00Z,5.65,5.79,5.5101,5.64,7392,202,5.64362
2025-09-22T04:00:00Z,5.25,5.79,5.25,5.56,3911,313,5.65173
2025-09-23T04:00:00Z,5.41,5.79,5.405,5.53,3458,571,5.59807
2025-09-24T04:00:00Z,5.55,5.78,5.55,5.7456,3965,122,5.70785
2025-09-25T04:00:00Z,5.5,5.78,5.42,5.78,3161,45,5.72638
2025-09-26T04:00:00Z,5.79,5.88,5.7,5.7,9465,201,5.81432
2025-09-29T04:00:00Z,5.77,5.79,5.7,5.79,1552,304,5.75377
2025-09-30T04:00:00Z,5.7238,5.89,5.5,5.86,2943,266,5.63035
2025-10-01T04:00:00Z,5.89,5.89,5.69,5.69,3312,88,5.78979
2025-10-02T04:00:00Z,5.69,5.7532,5.69,5.7532,645,30,5.70827
2025-10-03T04:00:00Z,5.8,5.85,5.76,5.84,8603,298,5.79635
2025-10-06T04:00:00Z,5.7917,6.15,5.7917,6,19625,153,5.95758
2025-10-07T04:00:00Z,6,6.1273,5.8176,6.1273,3656,134,6.03678
2025-10-08T04:00:00Z,6.1566,6.99,6.1566,6.85,54236,365,6.57494
2025-10-09T04:00:00Z,6.745,6.97,6.371,6.53,20716,234,6.54771
2025-10-10T04:00:00Z,6.298,6.89,6.23,6.65,24233,248,6.52588
2025-10-13T04:00:00Z,6.58,6.71,6.2429,6.35,9936,113,6.41047
2025-10-14T04:00:00Z,6.41,6.8,6.32,6.72,16110,149,6.56152
2025-10-15T04:00:00Z,6.8,6.86,6.61,6.81,8223,196,6.77126
2025-10-16T04:00:00Z,6.79,8.7,6.71,8.7,353965,1652,7.40509
2025-10-17T04:00:00Z,8.6,13.17,7.9,11.93,439915,4126,11.0227
2025-10-20T04:00:00Z,11.37,11.6,10.39,10.82,118829,1136,11.0068
2025-10-21T04:00:00Z,10.59,12.25,10.51,11.79,86906,1203,11.5798
2025-10-22T04:00:00Z,11.74,11.7834,8.82,9.03,104656,1424,9.94817
2025-10-23T04:00:00Z,8.9,9.83,8.67,8.89,11344,384,9.13376
2025-10-24T04:00:00Z,8.87,9.8415,8.7798,9.2,35321,1457,9.05974
2025-10-27T04:00:00Z,9.0984,9.74,8.51,9.2701,264143,14325,9.16341
2025-10-28T04:00:00Z,9.51,10.4,9.51,10.35,39503,522,10.0555
2025-10-29T04:00:00Z,10.4,12.39,10.38,11.97,71438,1754,11.4337
2025-10-30T04:00:00Z,12,12.35,11.465,12.25,31443,586,11.8299
2025-10-31T04:00:00Z,12.25,13.15,11.46,12.6,38884,764,12.3164
2025-11-03T05:00:00Z,11.98,12.5255,11.175,11.98,19847,397,11.8561
2025-11-04T05:00:00Z,11,11.21,9.64,9.64,35603,1446,10.6117
2025-11-05T05:00:00Z,9.9038,9.9983,9.62,9.63,5864,303,9.78943
2025-11-06T05:00:00Z,9.52,10,9.51,9.82,7721,313,9.6871
2025-11-07T05:00:00Z,9.97,10.56,8.96,8.96,21243,475,9.72009
2025-11-10T05:00:00Z,8.84,9.16,8.3918,8.5,21440,943,8.7795
2025-11-11T05:00:00Z,8.45,8.6,8.13,8.52,13743,359,8.32215
2025-11-12T05:00:00Z,9.55,10,9.02,9.29,247552,5504,9.47084
2025-11-13T05:00:00Z,9.39,10.74,9.3,9.76,53281,876,9.74769
2025-11-14T05:00:00Z,9.76,9.925,9.1904,9.88,31008,1272,9.53281
2025-11-17T05:00:00Z,10.11,10.31,9.7992,10.145,18145,422,9.97967
2025-11-18T05:00:00Z,10.6999,10.6999,8.89,10,44358,965,9.61052
2025-11-19T05:00:00Z,10,10.02,9.36,9.36,10201,274,9.85168
2025-11-20T05:00:00Z,9.76,10.07,9.21,9.21,30366,436,9.59894
2025-11-21T05:00:00Z,9.44,10.51,9.34,10.51,42436,840,9.95708
2025-11-24T05:00:00Z,10.8,15.7399,10.8,14.11,260355,3189,13.5856
2025-11-25T05:00:00Z,14.57,14.7795,13.5,13.95,127626,3020,14.0272
2025-11-26T05:00:00Z,13.87,14.26,13.55,13.63,48201,813,13.8357
2025-11-28T05:00:00Z,13.67,14.35,13.67,14.09,22072,379,14.0008
2025-12-01T05:00:00Z,14.02,14.02,12.68,13.41,36295,474,13.3614
2025-12-02T05:00:00Z,13.26,13.26,12.51,12.55,25121,467,12.7915
2025-12-03T05:00:00Z,12.42,12.47,10.81,12.035,98045,1022,11.6583
2025-12-04T05:00:00Z,12,13.44,12,12.73,32238,371,12.9516
2025-12-05T05:00:00Z,12.4,12.81,12.1,12.335,24986,4263,12.3625
2025-12-08T05:00:00Z,12.31,12.46,11.2,11.3,111845,12820,12.1564
2025-12-09T05:00:00Z,11.31,11.32,10.82,11.14,34100,2450,11.0579
2025-12-10T05:00:00Z,11.03,12.15,10.8,11.69,50995,1378,11.4449
2025-12-11T05:00:00Z,11.82,12.49,11.15,11.39,32435,2256,11.878
2025-12-12T05:00:00Z,11.42,11.6146,10.8101,11.14,36788,2310,11.2598
2025-12-15T05:00:00Z,11.25,12,11.25,11.47,21360,746,11.5827
2025-12-16T05:00:00Z,11.19,11.48,10.88,11.12,28473,2568,11.195
2025-12-17T05:00:00Z,11.12,11.3721,10.38,10.51,33178,1963,10.7559
2025-12-18T05:00:00Z,11.275,11.4585,10.61,10.7,20307,1752,10.8461
2025-12-19T05:00:00Z,10.96,11.78,10.58,11.38,24115,947,11.1759
2025-12-22T05:00:00Z,11.51,11.8712,10.945,11.56,20047,996,11.4947
2025-12-23T05:00:00Z,11.78,12.705,11.775,12.7,26555,668,12.1411
2025-12-24T05:00:00Z,12.81,12.9,12.2,12.79,11458,533,12.7114
2025-12-26T05:00:00Z,12.86,12.925,12.285,12.77,15145,893,12.6059
2025-12-29T05:00:00Z,12.52,13.62,12.48,13.21,20758,430,12.8444
2025-12-30T05:00:00Z,13.1,14.06,13.05,13.98,64536,8469,13.7454
2025-12-31T05:00:00Z,13.29,14.645,13.29,14.19,77968,942,14.2985
