timestamp,open,high,low,close,volume,tradeCount,vwap
2017-01-05T05:00:00Z,9.8788,9.9,9.75,9.7501,18600,16,9.85714
2017-01-06T05:00:00Z,9.7501,9.7501,9.7501,9.7501,0,0,0
2017-01-09T05:00:00Z,9.7501,9.7501,9.7501,9.7501,0,0,0
2017-01-10T05:00:00Z,9.81,9.81,9.8,9.8,121000,3,9.80001
2017-01-11T05:00:00Z,9.8,9.8,9.8,9.8,0,0,0
2017-01-12T05:00:00Z,9.8,9.8,9.8,9.8,0,0,0
2017-01-13T05:00:00Z,9.8,9.8,9.8,9.8,0,0,0
2017-01-17T05:00:00Z,9.8,9.8,9.8,9.8,0,0,0
2017-01-18T05:00:00Z,9.85,9.85,9.85,9.85,3600,5,9.85
2017-01-19T05:00:00Z,9.85,9.85,9.85,9.85,0,0,0
2017-01-20T05:00:00Z,9.88,9.88,9.88,9.88,1000,2,9.88
2017-01-23T05:00:00Z,9.88,9.88,9.88,9.88,0,0,0
2017-01-24T05:00:00Z,9.88,9.88,9.88,9.88,0,0,0
2017-01-25T05:00:00Z,9.88,9.88,9.88,9.88,0,0,0
2017-01-26T05:00:00Z,9.88,9.88,9.88,9.88,0,0,0
2017-01-27T05:00:00Z,9.88,9.88,9.88,9.88,0,0,0
2017-01-30T05:00:00Z,9.88,9.88,9.88,9.88,0,0,0
2017-01-31T05:00:00Z,9.88,9.88,9.88,9.88,0,0,0
2017-02-01T05:00:00Z,9.88,9.88,9.88,9.88,0,0,0
2017-02-02T05:00:00Z,9.88,9.88,9.88,9.88,0,0,0
2017-02-03T05:00:00Z,9.88,9.88,9.88,9.88,0,0,0
2017-02-06T05:00:00Z,9.88,9.88,9.88,9.88,0,0,0
2017-02-07T05:00:00Z,10.178,10.178,9.9,9.9,75889,10,9.90111
2017-02-08T05:00:00Z,9.9,9.9,9.9,9.9,0,0,0
2017-02-09T05:00:00Z,9.9,9.9,9.9,9.9,0,0,0
2017-02-10T05:00:00Z,9.9,9.9,9.9,9.9,0,0,0
2017-02-13T05:00:00Z,9.9,9.9,9.9,9.9,0,0,0
2017-02-14T05:00:00Z,9.9,9.9,9.9,9.9,0,0,0
2017-02-15T05:00:00Z,9.91,9.91,9.91,9.91,100,1,9.91
2017-02-16T05:00:00Z,9.9,9.9,9.9,9.9,1000,2,9.9
2017-02-17T05:00:00Z,9.95,9.95,9.95,9.95,100,1,9.95
2017-02-21T05:00:00Z,9.95,9.95,9.95,9.95,0,0,0
2017-02-22T05:00:00Z,9.91,9.91,9.91,9.91,2100,3,9.91
2017-02-23T05:00:00Z,9.91,9.91,9.91,9.91,0,0,0
2017-02-24T05:00:00Z,9.91,9.91,9.91,9.91,0,0,0
2017-02-27T05:00:00Z,9.91,9.91,9.91,9.91,0,0,0
2017-02-28T05:00:00Z,9.91,9.91,9.91,9.91,0,0,0
2017-03-01T05:00:00Z,9.9,9.91,9.9,9.91,789,2,9.90127
2017-03-02T05:00:00Z,9.91,9.91,9.91,9.91,0,0,0
2017-03-03T05:00:00Z,9.91,9.91,9.91,9.91,0,0,0
2017-03-06T05:00:00Z,9.91,9.91,9.91,9.91,0,0,0
2017-03-07T05:00:00Z,9.91,9.91,9.91,9.91,0,0,0
2017-03-08T05:00:00Z,9.95,9.95,9.91,9.91,700100,3,9.94999
2017-03-09T05:00:00Z,9.91,9.91,9.91,9.91,0,0,0
2017-03-10T05:00:00Z,9.91,9.91,9.91,9.91,0,0,0
2017-03-13T04:00:00Z,9.91,9.91,9.91,9.91,0,0,0
2017-03-14T04:00:00Z,9.91,9.91,9.91,9.91,0,0,0
2017-03-15T04:00:00Z,9.92,9.92,9.92,9.92,202,3,9.92
2017-03-16T04:00:00Z,9.92,9.92,9.92,9.92,0,0,0
2017-03-17T04:00:00Z,9.92,9.92,9.92,9.92,0,0,0
2017-03-20T04:00:00Z,9.91,9.92,9.9,9.9,70500,22,9.9001
2017-03-21T04:00:00Z,9.86,9.89,9.86,9.86,700,4,9.86429
2017-03-22T04:00:00Z,9.86,9.86,9.86,9.86,0,0,0
2017-03-23T04:00:00Z,9.86,9.86,9.86,9.86,0,0,0
2017-03-24T04:00:00Z,9.88,9.88,9.88,9.88,50000,1,9.88
2017-03-27T04:00:00Z,9.88,9.88,9.88,9.88,20000,2,9.88
2017-03-28T04:00:00Z,9.92,9.92,9.92,9.92,100,1,9.92
2017-03-29T04:00:00Z,9.88,9.88,9.88,9.88,25000,1,9.88
2017-03-30T04:00:00Z,9.88,9.88,9.88,9.88,0,0,0
2017-03-31T04:00:00Z,9.88,9.88,9.88,9.88,0,0,0
2017-04-03T04:00:00Z,9.88,9.88,9.88,9.88,0,0,0
2017-04-04T04:00:00Z,9.88,9.88,9.88,9.88,0,0,0
2017-04-05T04:00:00Z,9.85,9.86,9.85,9.85,60200,17,9.85003
2017-04-06T04:00:00Z,9.85,9.85,9.85,9.85,0,0,0
2017-04-07T04:00:00Z,9.85,9.85,9.85,9.85,0,0,0
2017-04-10T04:00:00Z,9.82,9.89,9.82,9.89,12201,16,9.86754
2017-04-11T04:00:00Z,9.89,9.89,9.89,9.89,0,0,0
2017-04-12T04:00:00Z,9.89,9.89,9.89,9.89,0,0,0
2017-04-13T04:00:00Z,9.89,9.89,9.89,9.89,0,0,0
2017-04-17T04:00:00Z,9.89,9.89,9.89,9.89,0,0,0
2017-04-18T04:00:00Z,9.89,9.89,9.89,9.89,0,0,0
2017-04-19T04:00:00Z,9.88,9.88,9.8,9.8,15400,4,9.87948
2017-04-20T04:00:00Z,9.8,9.8,9.8,9.8,0,0,0
2017-04-21T04:00:00Z,9.8,9.8,9.8,9.8,0,0,0
2017-04-24T04:00:00Z,9.8,9.8,9.8,9.8,0,0,0
2017-04-25T04:00:00Z,9.8,9.8,9.8,9.8,1490000,1,9.8
2017-04-26T04:00:00Z,9.87,9.88,9.87,9.88,300,3,9.87333
2017-04-27T04:00:00Z,9.88,9.88,9.88,9.88,0,0,0
2017-04-28T04:00:00Z,9.88,9.88,9.88,9.88,0,0,0
2017-05-01T04:00:00Z,9.88,9.88,9.88,9.88,0,0,0
2017-05-02T04:00:00Z,9.88,9.88,9.88,9.88,0,0,0
2017-05-03T04:00:00Z,9.8,9.8,9.8,9.8,100,1,9.8
2017-05-04T04:00:00Z,9.8,9.8,9.8,9.8,0,0,0
2017-05-05T04:00:00Z,9.8,9.8,9.8,9.8,0,0,0
2017-05-08T04:00:00Z,9.8,9.81,9.8,9.8,42361,4,9.80918
2017-05-09T04:00:00Z,9.8,9.8,9.8,9.8,1000,1,9.8
2017-05-10T04:00:00Z,9.8,9.8,9.8,9.8,0,0,0
2017-05-11T04:00:00Z,9.8292,9.8292,9.8292,9.8292,1200,1,9.8292
2017-05-12T04:00:00Z,9.8,9.8,9.8,9.8,461,1,9.8
2017-05-15T04:00:00Z,9.8,9.8,9.8,9.8,0,0,0
2017-05-16T04:00:00Z,9.8,9.8,9.8,9.8,1000,1,9.8
2017-05-17T04:00:00Z,9.8,9.8,9.8,9.8,1900,7,9.8
2017-05-18T04:00:00Z,9.8,9.8,9.8,9.8,800,8,9.8
2017-05-19T04:00:00Z,9.8,9.8,9.8,9.8,0,0,0
2017-05-22T04:00:00Z,9.8,9.8,9.8,9.8,0,0,0
2017-05-23T04:00:00Z,9.8,9.8,9.8,9.8,0,0,0
2017-05-24T04:00:00Z,9.8,9.8,9.8,9.8,0,0,0
2017-05-25T04:00:00Z,9.89,9.89,9.89,9.89,100,1,9.89
2017-05-26T04:00:00Z,9.89,9.89,9.89,9.89,0,0,0
2017-05-30T04:00:00Z,9.89,9.89,9.89,9.89,0,0,0
2017-05-31T04:00:00Z,9.86,9.87,9.86,9.87,454,2,9.8678
2017-06-01T04:00:00Z,9.84,9.88,9.8,9.83,43800,47,9.80461
2017-06-02T04:00:00Z,9.81,9.81,9.8,9.81,4754,3,9.80042
2017-06-05T04:00:00Z,9.81,9.81,9.81,9.81,0,0,0
2017-06-06T04:00:00Z,9.85,9.85,9.85,9.85,29500,63,9.85
2017-06-07T04:00:00Z,9.85,9.85,9.85,9.85,0,0,0
2017-06-08T04:00:00Z,9.84,9.88,9.8399,9.88,8500,54,9.86094
2017-06-09T04:00:00Z,9.88,9.88,9.88,9.88,0,0,0
2017-06-12T04:00:00Z,9.84,9.84,9.84,9.84,200,1,9.84
2017-06-13T04:00:00Z,9.84,9.85,9.84,9.84,4900,3,9.84959
2017-06-14T04:00:00Z,9.85,9.851,9.85,9.85,10500,21,9.85005
2017-06-15T04:00:00Z,9.81,9.81,9.81,9.81,404,6,9.81
2017-06-16T04:00:00Z,9.81,9.81,9.81,9.81,0,0,0
2017-06-19T04:00:00Z,9.81,9.81,9.81,9.81,0,0,0
2017-06-20T04:00:00Z,9.81,9.81,9.81,9.81,0,0,0
2017-06-21T04:00:00Z,9.81,9.81,9.81,9.81,0,0,0
2017-06-22T04:00:00Z,9.81,9.81,9.81,9.81,0,0,0
2017-06-23T04:00:00Z,9.81,9.81,9.81,9.81,0,0,0
2017-06-26T04:00:00Z,9.8001,9.8001,9.7901,9.7901,3564,11,9.79948
2017-06-27T04:00:00Z,9.7901,9.7901,9.7901,9.7901,0,0,0
2017-06-28T04:00:00Z,9.7901,9.7901,9.7901,9.7901,0,0,0
2017-06-29T04:00:00Z,9.7901,9.7901,9.7901,9.7901,0,0,0
2017-06-30T04:00:00Z,9.85,9.85,9.85,9.85,1000,2,9.85
2017-07-03T04:00:00Z,9.84,9.85,9.84,9.85,900,5,9.84333
2017-07-05T04:00:00Z,9.81,9.834,9.8,9.83,11360,9,9.80775
2017-07-06T04:00:00Z,9.8,9.8,9.8,9.8,1158,2,9.8
2017-07-07T04:00:00Z,9.81,9.84,9.81,9.82,55741,5,9.82
2017-07-10T04:00:00Z,9.82,9.82,9.82,9.82,0,0,0
2017-07-11T04:00:00Z,9.82,9.82,9.82,9.82,0,0,0
2017-07-12T04:00:00Z,9.82,9.85,9.82,9.85,110100,4,9.82094
2017-07-13T04:00:00Z,9.85,9.85,9.85,9.85,0,0,0
2017-07-14T04:00:00Z,9.85,9.85,9.8,9.8,16101,10,9.82219
2017-07-17T04:00:00Z,9.8,9.82,9.78,9.8199,192700,18,9.78081
2017-07-18T04:00:00Z,9.84,9.9,9.84,9.9,14900,19,9.87141
2017-07-19T04:00:00Z,9.89,9.9,9.89,9.9,660,6,9.89697
2017-07-20T04:00:00Z,9.9,9.9,9.9,9.9,0,0,0
2017-07-21T04:00:00Z,9.9,9.9,9.9,9.9,0,0,0
2017-07-24T04:00:00Z,9.9,9.9,9.9,9.9,0,0,0
2017-07-25T04:00:00Z,9.78,9.89,9.78,9.89,2100,3,9.78524
2017-07-26T04:00:00Z,9.8704,9.8704,9.8704,9.8704,500,1,9.8704
2017-07-27T04:00:00Z,9.82,9.89,9.82,9.89,2100,3,9.82333
2017-07-28T04:00:00Z,9.89,9.89,9.89,9.89,0,0,0
2017-07-31T04:00:00Z,9.85,9.87,9.85,9.87,300,2,9.86333
2017-08-01T04:00:00Z,9.87,9.87,9.87,9.87,0,0,0
2017-08-02T04:00:00Z,9.87,9.87,9.87,9.87,0,0,0
2017-08-03T04:00:00Z,9.87,9.87,9.87,9.87,0,0,0
2017-08-04T04:00:00Z,9.87,9.87,9.87,9.87,0,0,0
2017-08-07T04:00:00Z,9.87,9.87,9.87,9.87,0,0,0
2017-08-08T04:00:00Z,9.88,9.88,9.88,9.88,700,4,9.88
2017-08-09T04:00:00Z,9.88,9.88,9.88,9.88,0,0,0
2017-08-10T04:00:00Z,9.84,9.84,9.84,9.84,5000,2,9.84
2017-08-11T04:00:00Z,9.84,9.84,9.84,9.84,100,1,9.84
2017-08-14T04:00:00Z,9.83,9.84,9.8299,9.84,4300,4,9.83303
2017-08-15T04:00:00Z,9.84,9.85,9.84,9.8499,2200,3,9.84905
2017-08-16T04:00:00Z,9.8499,9.8499,9.8499,9.8499,0,0,0
2017-08-17T04:00:00Z,9.8499,9.8499,9.8499,9.8499,0,0,0
2017-08-18T04:00:00Z,9.8499,9.8499,9.8499,9.8499,0,0,0
2017-08-21T04:00:00Z,10.05,10.05,9.98,9.98,855801,501,10.0034
2017-08-22T04:00:00Z,9.99,9.99,9.95,9.98,70908,13,9.97161
2017-08-23T04:00:00Z,9.99,10.03,9.99,10,1586277,103,10.0006
2017-08-24T04:00:00Z,9.99,10,9.99,9.99,51900,9,9.99974
2017-08-25T04:00:00Z,9.99,9.99,9.99,9.99,100,1,9.99
2017-08-28T04:00:00Z,9.9999,9.9999,9.99,9.99,2201,5,9.999
2017-08-29T04:00:00Z,9.99,10,9.97,9.98,107755,25,9.98464
2017-08-30T04:00:00Z,9.98,9.98,9.98,9.98,10100,2,9.98
2017-08-31T04:00:00Z,9.98,9.98,9.98,9.98,592,3,9.98
2017-09-01T04:00:00Z,10,10,9.96,9.96,25400,6,9.99968
2017-09-05T04:00:00Z,9.97,9.99,9.96,9.99,107600,20,9.9652
2017-09-06T04:00:00Z,9.9861,9.9861,9.9861,9.9861,400,1,9.9861
2017-09-07T04:00:00Z,9.9861,9.9861,9.9861,9.9861,0,0,0
2017-09-08T04:00:00Z,9.9861,9.9861,9.9861,9.9861,0,0,0
2017-09-11T04:00:00Z,9.99,10,9.98,9.995,46248,57,9.99314
2017-09-12T04:00:00Z,9.98,10,9.98,9.99,105702,40,9.99956
2017-09-13T04:00:00Z,9.99,9.99,9.99,9.99,100,1,9.99
2017-09-14T04:00:00Z,9.98,9.98,9.98,9.98,100,1,9.98
2017-09-15T04:00:00Z,9.98,9.98,9.98,9.98,0,0,0
2017-09-18T04:00:00Z,9.98,9.98,9.98,9.98,0,0,0
2017-09-19T04:00:00Z,9.98,9.98,9.98,9.98,0,0,0
2017-09-20T04:00:00Z,9.98,9.98,9.98,9.98,0,0,0
2017-09-21T04:00:00Z,9.98,9.99,9.98,9.99,2000,3,9.9885
2017-09-22T04:00:00Z,10,10,10,10,300,2,10
2017-09-25T04:00:00Z,10,10,10,10,1000,1,10
2017-09-26T04:00:00Z,10,10,10,10,0,0,0
2017-09-27T04:00:00Z,10,10,10,10,0,0,0
2017-09-28T04:00:00Z,10,10.01,10,10,21423,132,10.0065
2017-09-29T04:00:00Z,10,10.01,10,10,4300,19,10.0023
2017-10-02T04:00:00Z,10,10,10,10,401,5,10
2017-10-03T04:00:00Z,10,10,10,10,5900,6,10
2017-10-04T04:00:00Z,10,10,10,10,31090,225,10
2017-10-05T04:00:00Z,10,10,10,10,11415,23,10
2017-10-06T04:00:00Z,10,10,10,10,0,0,0
2017-10-09T04:00:00Z,10,10,10,10,0,0,0
2017-10-10T04:00:00Z,10.01,10.01,9.98,9.98,134647,9,9.99931
2017-10-11T04:00:00Z,9.99,9.991,9.99,9.991,5100,25,9.99002
2017-10-12T04:00:00Z,9.991,9.991,9.991,9.991,0,0,0
2017-10-13T04:00:00Z,9.991,9.991,9.991,9.991,0,0,0
2017-10-16T04:00:00Z,10,10,10,10,10054,3,10
2017-10-17T04:00:00Z,10,10,10,10,115626,84,10
2017-10-18T04:00:00Z,10,10,10,10,0,0,0
2017-10-19T04:00:00Z,10,10,9.99,9.99,40200,25,9.99997
2017-10-20T04:00:00Z,10.01,10.02,10,10.02,225241,243,10.0111
2017-10-23T04:00:00Z,10.02,10.02,10.02,10.02,34530,71,10.02
2017-10-24T04:00:00Z,10.05,10.05,10.05,10.05,200,2,10.05
2017-10-25T04:00:00Z,9.991,9.991,9.99,9.99,4000,2,9.9901
2017-10-26T04:00:00Z,10.01,10.01,9.99,9.99,75802,122,10.0071
2017-10-27T04:00:00Z,9.99,9.99,9.99,9.99,0,0,0
2017-10-30T04:00:00Z,9.98,9.98,9.98,9.98,615,1,9.98
2017-10-31T04:00:00Z,9.98,9.9801,9.98,9.9801,1000,3,9.98001
2017-11-01T04:00:00Z,9.98,9.98,9.98,9.98,308,4,9.98
2017-11-02T04:00:00Z,9.97,9.97,9.97,9.97,2352,2,9.97
2017-11-03T04:00:00Z,9.97,9.99,9.95,9.97,31092,44,9.98531
2017-11-06T05:00:00Z,9.97,9.97,9.97,9.97,0,0,0
2017-11-07T05:00:00Z,10,10,9.95,9.95,19500,10,9.98006
2017-11-08T05:00:00Z,9.96,9.96,9.95,9.95,500,3,9.954
2017-11-09T05:00:00Z,9.95,9.95,9.95,9.95,0,0,0
2017-11-10T05:00:00Z,9.95,9.95,9.95,9.95,0,0,0
2017-11-13T05:00:00Z,9.95,9.95,9.95,9.95,0,0,0
2017-11-14T05:00:00Z,9.95,9.95,9.95,9.95,0,0,0
2017-11-15T05:00:00Z,9.98,10,9.96,9.96,61215,56,9.99675
2017-11-16T05:00:00Z,9.96,9.96,9.96,9.96,600,3,9.96
2017-11-17T05:00:00Z,9.9648,9.9648,9.9601,9.9601,2100,3,9.96144
2017-11-20T05:00:00Z,9.97,9.97,9.97,9.97,600,6,9.97
2017-11-21T05:00:00Z,9.99,10,9.95,9.99,22884,6,9.9993
2017-11-22T05:00:00Z,9.99,9.99,9.99,9.99,0,0,0
2017-11-24T05:00:00Z,9.99,9.99,9.99,9.99,0,0,0
2017-11-27T05:00:00Z,9.99,9.99,9.99,9.99,0,0,0
2017-11-28T05:00:00Z,9.95,10.02,9.28,9.95,257517,102,9.94836
2017-11-29T05:00:00Z,9.82,9.94,9.81,9.92,2201,15,9.8805
2017-11-30T05:00:00Z,9.92,9.92,9.92,9.92,0,0,0
2017-12-01T05:00:00Z,9.83,9.84,9.83,9.83,2048,5,9.83488
2017-12-04T05:00:00Z,9.83,9.85,9.83,9.85,42153,10,9.84995
2017-12-05T05:00:00Z,9.83,9.85,9.83,9.83,63906,15,9.84735
2017-12-06T05:00:00Z,9.99,9.99,9.85,9.88,650,5,9.93462
2017-12-07T05:00:00Z,9.85,9.85,9.85,9.85,100,1,9.85
2017-12-08T05:00:00Z,9.97,9.98,9.97,9.98,229,3,9.975
2017-12-11T05:00:00Z,9.45,9.45,9.45,9.45,2522,3,9.45
2017-12-12T05:00:00Z,9.83,9.9,9.83,9.84,932,9,9.86643
2017-12-13T05:00:00Z,9.84,9.84,9.84,9.84,0,0,0
2017-12-14T05:00:00Z,9.85,9.85,9.85,9.85,2019535,4,9.85
2017-12-15T05:00:00Z,9.85,9.85,9.83,9.83,293435,6,9.84998
2017-12-18T05:00:00Z,9.83,9.83,9.83,9.83,0,0,0
2017-12-19T05:00:00Z,9.83,9.83,9.83,9.83,0,0,0
2017-12-20T05:00:00Z,9.83,9.83,9.75,9.77,97794,52,9.82188
2017-12-21T05:00:00Z,9.82,9.8872,9.82,9.8872,3187,11,9.84056
2017-12-22T05:00:00Z,9.8872,9.8872,9.8872,9.8872,0,0,0
2017-12-26T05:00:00Z,9.8872,9.8872,9.8872,9.8872,0,0,0
2017-12-27T05:00:00Z,9.8872,9.8872,9.8872,9.8872,0,0,0
2017-12-28T05:00:00Z,9.89,9.9,9.554,9.74,47688,34,9.85072
2017-12-29T05:00:00Z,9.88,9.92,9.8,9.92,8220,32,9.82513
2018-01-02T05:00:00Z,9.89,9.91,9.89,9.91,7058,5,9.89428
2018-01-03T05:00:00Z,9.89,9.94,9.89,9.94,2932,11,9.90755
2018-01-04T05:00:00Z,9.94,9.94,9.94,9.94,0,0,0
2018-01-05T05:00:00Z,9.92,9.98,9.92,9.97,5764,12,9.96584
2018-01-08T05:00:00Z,9.96,9.96,9.94,9.94,320,3,9.9475
2018-01-09T05:00:00Z,9.94,9.94,9.94,9.94,0,0,0
2018-01-10T05:00:00Z,9.97,9.97,9.97,9.97,1258,11,9.97
2018-01-11T05:00:00Z,9.98,9.98,9.9235,9.98,1902,12,9.9763
2018-01-12T05:00:00Z,9.98,9.98,9.97,9.98,53123,487,9.9795
2018-01-16T05:00:00Z,9.98,10,9.9,9.9,88665,451,9.96147
2018-01-17T05:00:00Z,9.95,9.99,9.9,9.9,10700,106,9.97701
2018-01-18T05:00:00Z,9.9,10.01,9.9,9.91,1716,16,9.94447
2018-01-19T05:00:00Z,9.97,9.97,9.92,9.92,312,4,9.93667
2018-01-22T05:00:00Z,9.98,9.98,9.98,9.98,200,2,9.98
2018-01-23T05:00:00Z,10.04,10.04,10,10.03,1173,11,10.0162
2018-01-24T05:00:00Z,10.03,10.03,10.03,10.03,0,0,0
2018-01-25T05:00:00Z,10,10.07,10,10.07,408735,50,10.0602
2018-01-26T05:00:00Z,10.02,10.04,10.01,10.04,58702,38,10.0156
2018-01-29T05:00:00Z,10.01,10.04,10.01,10.04,1545,9,10.0147
2018-01-30T05:00:00Z,10.02,10.02,9.95,9.95,31308,70,9.98291
2018-01-31T05:00:00Z,9.95,9.95,9.95,9.95,0,0,0
2018-02-01T05:00:00Z,9.95,9.95,9.95,9.95,210,3,9.95
2018-02-02T05:00:00Z,9.93,10.04,9.93,10.04,609,8,10.0016
2018-02-05T05:00:00Z,10.04,10.05,10,10.04,4562,53,10.0334
2018-02-06T05:00:00Z,10.04,10.05,10.04,10.05,10241,23,10.047
2018-02-07T05:00:00Z,10.05,10.05,10.05,10.05,0,0,0
2018-02-08T05:00:00Z,10.01,10.05,10,10.04,127811,104,10.0042
2018-02-09T05:00:00Z,10,10,9.96,9.96,20350,11,9.99941
2018-02-12T05:00:00Z,9.89,9.9,9.89,9.9,480,9,9.89225
2018-02-13T05:00:00Z,9.9,9.9,9.9,9.9,0,0,0
2018-02-14T05:00:00Z,9.921,9.96,9.92,9.92,436452,9,9.94408
2018-02-15T05:00:00Z,9.9,9.92,9.9,9.92,86534,11,9.90008
2018-02-16T05:00:00Z,9.92,9.92,9.92,9.92,0,0,0
2018-02-20T05:00:00Z,9.92,9.92,9.92,9.92,0,0,0
2018-02-21T05:00:00Z,9.92,9.92,9.92,9.92,0,0,0
2018-02-22T05:00:00Z,9.92,9.92,9.92,9.92,0,0,0
2018-02-23T05:00:00Z,9.9,9.9,9.9,9.9,108,1,9.9
2018-02-26T05:00:00Z,9.9,9.9,9.9,9.9,0,0,0
2018-02-27T05:00:00Z,9.89,9.89,9.88,9.89,2700384,9,9.88001
2018-02-28T05:00:00Z,9.8,9.9,9.8,9.89,12686,21,9.88759
2018-03-01T05:00:00Z,9.89,9.89,9.89,9.89,0,0,0
2018-03-02T05:00:00Z,9.9,9.9,9.9,9.9,3216,8,9.9
2018-03-05T05:00:00Z,9.9,9.9,9.9,9.9,0,0,0
2018-03-06T05:00:00Z,9.9,9.9,9.9,9.9,0,0,0
2018-03-07T05:00:00Z,9.9,9.9,9.9,9.9,0,0,0
2018-03-08T05:00:00Z,9.89,9.89,9.88,9.89,295282,21,9.88007
2018-03-09T05:00:00Z,9.9,9.9,9.9,9.9,30996,10,9.9
2018-03-12T04:00:00Z,9.9,9.9,9.9,9.9,0,0,0
2018-03-13T04:00:00Z,9.9,9.9,9.9,9.9,0,0,0
2018-03-14T04:00:00Z,9.9,9.9,9.9,9.9,0,0,0
2018-03-15T04:00:00Z,9.9,9.9,9.9,9.9,2590,2,9.9
2018-03-16T04:00:00Z,10.05,10.05,9.91,9.91,2507,21,9.95267
2018-03-19T04:00:00Z,10,10,10,10,303,4,10
2018-03-20T04:00:00Z,10,10,10,10,0,0,0
2018-03-21T04:00:00Z,10,10,10,10,346,4,10
2018-03-22T04:00:00Z,10.05,10.05,10,10,390,19,10.0366
2018-03-23T04:00:00Z,10,10,10,10,0,0,0
2018-03-26T04:00:00Z,10,10,10,10,0,0,0
2018-03-27T04:00:00Z,10.05,10.05,9.9,10,2709,60,9.98775
2018-03-28T04:00:00Z,10,10,10,10,0,0,0
2018-03-29T04:00:00Z,10,10,10,10,0,0,0
2018-04-02T04:00:00Z,10,10,10,10,0,0,0
2018-04-03T04:00:00Z,10,10,10,10,0,0,0
2018-04-04T04:00:00Z,10,10,10,10,0,0,0
2018-04-05T04:00:00Z,10,10,10,10,0,0,0
2018-04-06T04:00:00Z,10,10,10,10,0,0,0
2018-04-09T04:00:00Z,10,10,10,10,0,0,0
2018-04-10T04:00:00Z,9.99,9.99,9.99,9.99,300,4,9.99
2018-04-11T04:00:00Z,9.9,9.9,9.9,9.9,3384,2,9.9
2018-04-12T04:00:00Z,9.9,9.9,9.9,9.9,0,0,0
2018-04-13T04:00:00Z,9.9,9.9,9.9,9.9,0,0,0
2018-04-16T04:00:00Z,10,10,10,10,550022,6,10
2018-04-17T04:00:00Z,9.8,10.04,9.8,9.9,3752,39,9.88194
2018-04-18T04:00:00Z,10,10,10,10,119707,3,10
2018-04-19T04:00:00Z,9.9,10,9.9,9.93,8965,25,9.92895
2018-04-20T04:00:00Z,10.04,10.2,10.01,10.02,7029,25,10.0494
2018-04-23T04:00:00Z,10.09,10.09,10,10,159233,12,10.0016
2018-04-24T04:00:00Z,9.9709,10.05,9.9709,10.05,3501,2,9.9822
2018-04-25T04:00:00Z,10.02,10.02,10.02,10.02,100,1,10.02
2018-04-26T04:00:00Z,10.02,10.02,10.02,10.02,0,0,0
2018-04-27T04:00:00Z,10,10.01,9.99,9.99,173904,20,9.99991
2018-04-30T04:00:00Z,9.99,9.99,9.99,9.99,0,0,0
2018-05-01T04:00:00Z,9.99,9.99,9.99,9.99,0,0,0
2018-05-02T04:00:00Z,9.99,9.99,9.99,9.99,0,0,0
2018-05-03T04:00:00Z,9.99,9.99,9.99,9.99,0,0,0
2018-05-04T04:00:00Z,9.99,9.99,9.99,9.99,0,0,0
2018-05-07T04:00:00Z,9.99,9.99,9.99,9.99,0,0,0
2018-05-08T04:00:00Z,9.99,9.99,9.99,9.99,0,0,0
2018-05-09T04:00:00Z,9.99,9.99,9.99,9.99,0,0,0
2018-05-10T04:00:00Z,9.99,9.99,9.99,9.99,0,0,0
2018-05-11T04:00:00Z,10,10,9.992,9.992,7000,2,9.99714
2018-05-14T04:00:00Z,9.96,10.03,9.95,10.03,7122,15,9.96093
2018-05-15T04:00:00Z,10.03,10.03,10.03,10.03,0,0,0
2018-05-16T04:00:00Z,10.03,10.03,10.03,10.03,0,0,0
2018-05-17T04:00:00Z,9.95,10,9.95,10,8530,4,9.98458
2018-05-18T04:00:00Z,10,10,10,10,432,7,10
2018-05-21T04:00:00Z,10,10,10,10,0,0,0
2018-05-22T04:00:00Z,10,10,10,10,99850,5,10
2018-05-23T04:00:00Z,10,10.025,9.99,10,566671,17,9.99045
2018-05-24T04:00:00Z,10,10,10,10,46501,14,10
2018-05-25T04:00:00Z,9.99,10,9.99,10,354,7,9.99286
2018-05-29T04:00:00Z,10,10.015,10,10.015,4171,6,10.0007
2018-05-30T04:00:00Z,10,10,10,10,25016,6,10
2018-05-31T04:00:00Z,10,10,10,10,0,0,0
2018-06-01T04:00:00Z,10,10,10,10,0,0,0
2018-06-04T04:00:00Z,10.01,10.02,10,10.02,905,13,10.0075
2018-06-05T04:00:00Z,10.02,10.02,10.02,10.02,0,0,0
2018-06-06T04:00:00Z,10.02,10.02,10.02,10.02,0,0,0
2018-06-07T04:00:00Z,10.02,10.02,10.02,10.02,0,0,0
2018-06-08T04:00:00Z,10.02,10.02,10.02,10.02,2000000,3,10.02
2018-06-11T04:00:00Z,10.05,10.05,10.02,10.02,8568,13,10.0233
2018-06-12T04:00:00Z,10.02,10.02,10.02,10.02,739,10,10.02
2018-06-13T04:00:00Z,10.0227,10.03,10.02,10.026,8031,14,10.0224
2018-06-14T04:00:00Z,10.03,10.03,10.03,10.03,202101,21,10.03
2018-06-15T04:00:00Z,10.02,10.04,10.02,10.04,500,5,10.032
2018-06-18T04:00:00Z,10.05,10.05,10.04,10.05,54317,7,10.0497
2018-06-19T04:00:00Z,10.08,10.08,10.08,10.08,111,3,10.08
2018-06-20T04:00:00Z,10.0301,10.035,10.03,10.0301,17176,13,10.0312
2018-06-21T04:00:00Z,10.04,10.05,10.03,10.031,25736,30,10.0417
2018-06-22T04:00:00Z,10.03,10.05,10.03,10.05,20556,75,10.0382
2018-06-25T04:00:00Z,10.03,10.05,10.03,10.0369,118470,7,10.0322
2018-06-26T04:00:00Z,10.03,10.05,10.03,10.05,50600,150,10.0417
2018-06-27T04:00:00Z,10.04,10.04,10.04,10.04,230,3,10.04
2018-06-28T04:00:00Z,10.04,10.04,10.02,10.03,969283,13,10.0303
2018-06-29T04:00:00Z,10.03,10.03,10.03,10.03,0,0,0
2018-07-02T04:00:00Z,9.95,10.01,9.95,10.01,1580,8,9.97025
2018-07-03T04:00:00Z,10.03,10.05,10.03,10.04,112200,20,10.0304
2018-07-05T04:00:00Z,10.04,10.05,10.04,10.04,1200,10,10.0458
2018-07-06T04:00:00Z,10.05,10.05,10.05,10.05,94505,43,10.05
2018-07-09T04:00:00Z,10.05,10.05,10.05,10.05,0,0,0
2018-07-10T04:00:00Z,10.06,10.06,10.05,10.05,601,5,10.0583
2018-07-11T04:00:00Z,10.05,10.06,10.05,10.06,279500,11,10.0546
2018-07-12T04:00:00Z,10.05,10.05,10.05,10.05,13554,14,10.05
2018-07-13T04:00:00Z,10.05,10.05,10.05,10.05,20304,12,10.05
2018-07-16T04:00:00Z,10.07,10.07,10.07,10.07,1000,2,10.07
2018-07-17T04:00:00Z,10.08,10.08,10.08,10.08,9000,1,10.08
2018-07-18T04:00:00Z,10.07,10.07,10.07,10.07,104,5,10.07
2018-07-19T04:00:00Z,10.06,10.06,10.06,10.06,310,4,10.06
2018-07-20T04:00:00Z,10.06,10.06,10.06,10.06,0,0,0
2018-07-23T04:00:00Z,10.06,10.06,10.06,10.06,0,0,0
2018-07-24T04:00:00Z,10.06,10.06,10.06,10.06,0,0,0
2018-07-25T04:00:00Z,10.06,10.06,10.06,10.06,0,0,0
2018-07-26T04:00:00Z,10.05,10.09,10.05,10.07,1987,10,10.0645
2018-07-27T04:00:00Z,10.05,10.05,10.05,10.05,2507,8,10.05
2018-07-30T04:00:00Z,10.05,10.05,10.05,10.05,0,0,0
2018-07-31T04:00:00Z,10.09,10.1,10.09,10.1,1805,10,10.0922
2018-08-01T04:00:00Z,10.1,10.1,10.1,10.1,14304,7,10.1
2018-08-02T04:00:00Z,10.1,10.1,10.1,10.1,4500,4,10.1
2018-08-03T04:00:00Z,10.1,10.1,10.1,10.1,0,0,0
2018-08-06T04:00:00Z,10.1,10.1,10.1,10.1,0,0,0
2018-08-07T04:00:00Z,10.1,10.1,10.1,10.1,0,0,0
2018-08-08T04:00:00Z,10.12,10.13,10.12,10.13,275761,14,10.1207
2018-08-09T04:00:00Z,10.13,10.13,10.13,10.13,0,0,0
2018-08-10T04:00:00Z,10.18,10.18,10.12,10.12,87326,15,10.1202
2018-08-13T04:00:00Z,10.12,10.12,10.12,10.12,0,0,0
2018-08-14T04:00:00Z,10.12,10.12,10.12,10.12,403,5,10.12
2018-08-15T04:00:00Z,10.12,10.13,10.1,10.12,201305,36,10.1187
2018-08-16T04:00:00Z,10.12,10.12,10.12,10.12,0,0,0
2018-08-17T04:00:00Z,10.1405,10.16,10.1084,10.1084,5234,19,10.1451
2018-08-20T04:00:00Z,10.1,10.1,10.0634,10.08,1475833,549,10.092
2018-08-21T04:00:00Z,10.09,10.09,10.07,10.09,1442766,66,10.0726
2018-08-22T04:00:00Z,10.1,10.1,10.08,10.1,197860,57,10.0907
2018-08-23T04:00:00Z,10.09,10.1,10.09,10.1,75440,10,10.0933
2018-08-24T04:00:00Z,10.1,10.1,10.09,10.1,86803,47,10.0965
2018-08-27T04:00:00Z,10.11,10.13,10.1,10.1,36656,63,10.1085
2018-08-28T04:00:00Z,10.1,10.11,10.09,10.1,7613,16,10.0988
2018-08-29T04:00:00Z,10.1,10.14,10.0999,10.11,421449,43,10.1
2018-08-30T04:00:00Z,10.11,10.11,10.11,10.11,0,0,0
2018-08-31T04:00:00Z,10.1273,10.1273,10.11,10.11,1311,7,10.1167
2018-09-04T04:00:00Z,10.11,10.11,10.11,10.11,0,0,0
2018-09-05T04:00:00Z,10.11,10.11,10.11,10.11,0,0,0
2018-09-06T04:00:00Z,10.1473,10.1473,10.1,10.11,68508,38,10.1012
2018-09-07T04:00:00Z,10.11,10.11,10.11,10.11,0,0,0
2018-09-10T04:00:00Z,10.13,10.13,10.11,10.13,20386,14,10.1239
2018-09-11T04:00:00Z,10.4,10.4,10.1,10.1,2201,8,10.2227
2018-09-12T04:00:00Z,10.11,10.11,10.09,10.1,32639,21,10.0924
2018-09-13T04:00:00Z,10.15,10.15,10.15,10.15,202,4,10.15
2018-09-14T04:00:00Z,10.15,10.15,10.13,10.13,43390,54,10.1483
2018-09-17T04:00:00Z,10.1366,10.14,10.1366,10.1369,3100,3,10.1368
2018-09-18T04:00:00Z,10.15,10.15,10.12,10.12,10300,12,10.1497
2018-09-19T04:00:00Z,10.12,10.12,10.12,10.12,0,0,0
2018-09-20T04:00:00Z,10.12,10.12,10.12,10.12,0,0,0
2018-09-21T04:00:00Z,10.12,10.12,10.12,10.12,0,0,0
2018-09-24T04:00:00Z,10.2,10.2,10.12,10.1403,45624,59,10.1338
2018-09-25T04:00:00Z,10.1403,10.1403,10.1403,10.1403,0,0,0
2018-09-26T04:00:00Z,10.12,10.12,10.05,10.05,5477,9,10.0652
2018-09-27T04:00:00Z,10.15,10.15,10.15,10.15,104,5,10.15
2018-09-28T04:00:00Z,10.13,10.14,10.13,10.13,12500,11,10.1308
2018-10-01T04:00:00Z,10.1173,10.121,10.1,10.12,5404,15,10.1178
2018-10-02T04:00:00Z,10.1541,10.19,10.1541,10.18,17800,35,10.1836
2018-10-03T04:00:00Z,10.15,10.15,10.15,10.15,100,1,10.15
2018-10-04T04:00:00Z,10.15,10.15,10.15,10.15,0,0,0
2018-10-05T04:00:00Z,10.14,10.23,10.1,10.15,31900,17,10.1047
2018-10-08T04:00:00Z,10.26,10.27,10.25,10.26,5102,16,10.2601
2018-10-09T04:00:00Z,10.1,10.15,10.08,10.08,19728,29,10.1109
2018-10-10T04:00:00Z,9.999,10.05,9.99,10.05,2200,13,10.0088
2018-10-11T04:00:00Z,10.01,10.01,9.91,10,21474,28,9.99392
2018-10-12T04:00:00Z,10.09,10.0975,10,10.09,97650,26,10.0021
2018-10-15T04:00:00Z,10.09,10.1,10.06,10.06,7197,22,10.0922
2018-10-16T04:00:00Z,10.06,10.06,10.06,10.06,0,0,0
2018-10-17T04:00:00Z,9.8,9.8,9.8,9.8,100,1,9.8
2018-10-18T04:00:00Z,9.95,9.95,9.8,9.8,4034,8,9.86342
2018-10-19T04:00:00Z,9.8,9.8,9.8,9.8,0,0,0
2018-10-22T04:00:00Z,9.543,9.6,9.467,9.6,4135,21,9.54174
2018-10-23T04:00:00Z,9.6,9.6,9.6,9.6,0,0,0
2018-10-24T04:00:00Z,9.9098,10,9.9098,9.9512,1304,10,9.95638
2018-10-25T04:00:00Z,9.9999,9.9999,9.86,9.86,1304,7,9.94929
2018-10-26T04:00:00Z,10.71,10.87,10.28,10.7,626,9,10.6567
2018-10-29T04:00:00Z,10.396,10.4973,10.396,10.47,503,4,10.4513
2018-10-30T04:00:00Z,10.63,10.63,10,10.15,1827,15,10.2277
2018-10-31T04:00:00Z,10.15,10.15,10.15,10.15,0,0,0
2018-11-01T04:00:00Z,10.15,10.15,10.15,10.15,0,0,0
2018-11-02T04:00:00Z,10.15,10.15,10.15,10.15,0,0,0
2018-11-05T05:00:00Z,10.15,10.15,10.15,10.15,0,0,0
2018-11-06T05:00:00Z,10.15,10.15,10.15,10.15,0,0,0
2018-11-07T05:00:00Z,10.15,10.15,10.15,10.15,0,0,0
2018-11-08T05:00:00Z,10.15,10.15,10.15,10.15,0,0,0
2018-11-09T05:00:00Z,10.15,10.15,10.15,10.15,0,0,0
2018-11-12T05:00:00Z,10.15,10.15,10.15,10.15,0,0,0
2018-11-13T05:00:00Z,10.15,10.15,10.15,10.15,0,0,0
2018-11-14T05:00:00Z,10.15,10.15,10.15,10.15,0,0,0
2018-11-15T05:00:00Z,10.15,10.15,10.15,10.15,0,0,0
2018-11-16T05:00:00Z,10.15,10.15,10.15,10.15,0,0,0
2018-11-19T05:00:00Z,10.15,10.15,10.15,10.15,0,0,0
2018-11-20T05:00:00Z,10.15,10.15,10.15,10.15,0,0,0
2018-11-21T05:00:00Z,10.15,10.15,10.15,10.15,0,0,0
2018-11-23T05:00:00Z,10.15,10.15,10.15,10.15,0,0,0
2018-11-26T05:00:00Z,10.15,10.15,10.15,10.15,0,0,0
2018-11-27T05:00:00Z,10.15,10.15,10.15,10.15,0,0,0
2018-11-28T05:00:00Z,10.15,10.15,10.15,10.15,0,0,0
2018-11-29T05:00:00Z,10.15,10.15,10.15,10.15,0,0,0
2018-11-30T05:00:00Z,10.15,10.15,10.15,10.15,0,0,0
2018-12-03T05:00:00Z,10.15,10.15,10.15,10.15,0,0,0
2018-12-04T05:00:00Z,10.15,10.15,10.15,10.15,0,0,0
2018-12-06T05:00:00Z,10.15,10.15,10.15,10.15,0,0,0
2018-12-07T05:00:00Z,10.15,10.15,10.15,10.15,0,0,0
2018-12-10T05:00:00Z,10.15,10.15,10.15,10.15,0,0,0
2018-12-11T05:00:00Z,10.15,10.15,10.15,10.15,0,0,0
2018-12-12T05:00:00Z,10.15,10.15,10.15,10.15,0,0,0
2018-12-13T05:00:00Z,10.15,10.15,10.15,10.15,0,0,0
2018-12-14T05:00:00Z,10.15,10.15,10.15,10.15,0,0,0
2019-01-08T05:00:00Z,13,13.45,13,13.44,2028,22,13.0983
2019-01-09T05:00:00Z,15.6,310.9,15.6,82.3501,28209,1177,98.4712
2019-01-10T05:00:00Z,147.39,241.47,147.39,148.85,4380,330,213.68
2019-01-11T05:00:00Z,150,150,150,150,1841,121,150
2019-01-14T05:00:00Z,150,150,150,150,0,0,0
2019-01-15T05:00:00Z,150,150,150,150,0,0,0
2019-01-16T05:00:00Z,137,137,137,137,304,32,137
2019-01-17T05:00:00Z,120.06,120.06,51,55,10576,908,69.3721
2019-01-18T05:00:00Z,55,55.23,30.35,30.35,40439,1149,32.8965
2019-01-22T05:00:00Z,30.4,31.5,21.47,21.47,22703,894,27.1814
2019-01-23T05:00:00Z,21.25,21.5,18,18.415,18167,563,19.993
2019-01-24T05:00:00Z,18.25,18.25,16.8,16.9173,9484,319,17.4753
2019-01-25T05:00:00Z,17,29.65,15.25,16.3404,284581,6962,20.91
2019-01-28T05:00:00Z,18.4,18.451,14,14.33,158306,3065,15.1099
2019-01-29T05:00:00Z,15.3,15.9959,14.0015,15,75667,1380,14.9408
2019-01-30T05:00:00Z,15,15,13.524,13.65,56575,1164,13.975
2019-01-31T05:00:00Z,13.88,15.46,13.3665,14.6,61880,1022,14.5658
2019-02-01T05:00:00Z,14.3,14.5,13.5,13.9313,62792,808,14.1015
2019-02-04T05:00:00Z,14,14,11.2,12,89894,1860,12.3472
2019-02-05T05:00:00Z,12.2,12.3999,11.5,11.86,38783,835,11.924
2019-02-06T05:00:00Z,12.05,12.05,10.6327,10.97,40644,774,11.1807
2019-02-07T05:00:00Z,11.34,11.34,10.25,10.4,46410,700,10.7467
2019-02-08T05:00:00Z,10.7,10.7,10.1,10.2201,17112,328,10.3855
2019-02-11T05:00:00Z,10.1,10.1435,9.16,9.205,40731,689,9.65708
2019-02-12T05:00:00Z,9.16,9.3919,8.8512,8.88,43932,640,9.11144
2019-02-13T05:00:00Z,8.6,8.6903,8.15,8.21,49810,540,8.34867
2019-02-14T05:00:00Z,8.25,8.3,7.8701,8,24941,403,8.10085
2019-02-15T05:00:00Z,8,8,7.2635,8,36573,467,7.75493
2019-02-19T05:00:00Z,7.92,8,7.337,7.9,22086,269,7.87316
2019-02-20T05:00:00Z,7.6314,8.4966,7.6314,7.65,51150,536,7.86857
2019-02-21T05:00:00Z,7.95,7.9962,7.6928,7.88,13608,204,7.83753
2019-02-22T05:00:00Z,7.8051,8,7.7,7.842,19486,282,7.8133
2019-02-25T05:00:00Z,7.84,7.84,7.03,7.5,44257,541,7.38773
2019-02-26T05:00:00Z,7.5,7.5,7.05,7.05,19052,275,7.20721
2019-02-27T05:00:00Z,7.1073,7.3,7.0853,7.2,20357,256,7.1833
2019-02-28T05:00:00Z,7.23,7.2642,7.1,7.16,9951,161,7.16291
2019-03-01T05:00:00Z,7.3,7.812,7.1,7.33,60945,501,7.37789
2019-03-04T05:00:00Z,7.69,8.4092,7.26,7.56,95017,895,7.71261
2019-03-05T05:00:00Z,7.53,7.71,6.28,7.07,57142,622,7.07231
2019-03-06T05:00:00Z,7.48,7.65,7.0001,7.64,49527,429,7.31341
2019-03-07T05:00:00Z,7.95,7.9999,7.1601,7.45,51447,449,7.38057
2019-03-08T05:00:00Z,7.5375,7.75,7.2026,7.38,67842,659,7.30139
2019-03-11T04:00:00Z,7.5,12.225,7,10.19,1072412,8857,9.9321
2019-03-12T04:00:00Z,13.6,14.3,9.5,9.75,1808934,15387,11.2806
2019-03-13T04:00:00Z,9.71,9.8799,8.66,9.5,613897,3509,9.39182
2019-03-14T04:00:00Z,9.38,10.4,9,9.52,307152,2338,9.62827
2019-03-15T04:00:00Z,10.26,10.5,9.29,9.41,918173,2585,9.57586
2019-03-18T04:00:00Z,9.65,10,9.25,9.5,148094,1302,9.48093
2019-03-19T04:00:00Z,9.4,9.4353,8.57,9.13,223323,1715,8.95711
2019-03-20T04:00:00Z,8.78,9.34,8.62,9.34,132653,988,8.98536
2019-03-21T04:00:00Z,9.4,9.45,8.7006,9.4,74823,611,9.22391
2019-03-22T04:00:00Z,9.2,9.39,8.58,8.91,68483,574,8.96791
2019-03-25T04:00:00Z,8.89,8.89,8.08,8.17,62025,618,8.41633
2019-03-26T04:00:00Z,8.18,8.6,8.0998,8.36,54076,395,8.33672
2019-03-27T04:00:00Z,8.37,8.6,7.5,8.16,111813,837,7.93696
2019-03-28T04:00:00Z,8.05,8.16,7.5,7.53,56646,502,7.7806
2019-03-29T04:00:00Z,7.61,7.7349,7.25,7.5,63260,628,7.46717
2019-04-01T04:00:00Z,7.58,8.029,7.369,7.71,66025,623,7.70726
2019-04-02T04:00:00Z,8.02,8.02,7.5524,7.8,18275,353,7.7506
2019-04-03T04:00:00Z,7.85,8.97,7.8,8.37,93021,867,8.36071
2019-04-04T04:00:00Z,8.27,8.4198,7.8671,8.07,19676,302,8.13232
2019-04-05T04:00:00Z,8,8.07,7.8752,7.96,33403,431,8.00404
2019-04-08T04:00:00Z,7.93,8.5418,7.813,7.92,12693,191,8.01694
2019-04-09T04:00:00Z,7.92,8.9999,7.92,8.69,59469,564,8.35393
2019-04-10T04:00:00Z,9.14,9.14,8.0101,8.32,57829,684,8.33982
2019-04-11T04:00:00Z,8.73,8.73,8.3438,8.5,38353,525,8.51737
2019-04-12T04:00:00Z,9.03,9.03,8.26,8.43,29115,511,8.58881
2019-04-15T04:00:00Z,8.39,8.46,8.05,8.1,28332,358,8.24341
2019-04-16T04:00:00Z,8.1,8.2699,7.84,7.9,41156,590,7.96164
2019-04-17T04:00:00Z,8.2,8.2,7.7758,7.83,42685,601,7.96222
2019-04-18T04:00:00Z,8,8,7.62,7.81,35375,502,7.79674
2019-04-22T04:00:00Z,7.7,7.73,7.5,7.5,63258,737,7.64327
2019-04-23T04:00:00Z,7.51,7.64,7.11,7.13,61277,838,7.29879
2019-04-24T04:00:00Z,7.16,7.33,7.06,7.06,45608,734,7.16811
2019-04-25T04:00:00Z,7.06,7.1247,6.831,6.99,47869,494,6.9983
2019-04-26T04:00:00Z,7.04,7.09,6.9198,7,39005,595,7.01513
2019-04-29T04:00:00Z,7,7.1,6.95,6.98,92482,636,6.99419
2019-04-30T04:00:00Z,7,7.08,6.92,6.98,72673,961,6.97588
2019-05-01T04:00:00Z,7.32,7.32,6.96,7.05,54002,546,7.09127
2019-05-02T04:00:00Z,7.13,8.05,7.08,7.89,98336,855,7.65282
2019-05-03T04:00:00Z,7.85,7.879,7.3,7.5,64129,559,7.63575
2019-05-06T04:00:00Z,7.53,7.7,7.4201,7.45,39752,343,7.55463
2019-05-07T04:00:00Z,7.45,7.59,7.07,7.07,37258,329,7.23767
2019-05-08T04:00:00Z,7.09,7.2499,7,7,37410,277,7.06258
2019-05-09T04:00:00Z,6.92,7.4,6.6301,7.02,109342,902,6.91104
2019-05-10T04:00:00Z,7.09,7.295,6.761,7.01,79273,1187,7.01867
2019-05-13T04:00:00Z,6.9,7.05,6.8,6.99,60260,901,6.91297
2019-05-14T04:00:00Z,6.97,7.13,6.85,7,43414,448,6.97298
2019-05-15T04:00:00Z,6.94,7.1975,6.89,7.09,36279,371,7.04049
2019-05-16T04:00:00Z,7.09,7.195,6.92,6.99,25601,331,7.06414
2019-05-17T04:00:00Z,6.95,7.169,6.76,6.97,55634,498,6.94965
2019-05-20T04:00:00Z,6.97,7.0155,6.86,6.86,18613,254,6.90828
2019-05-21T04:00:00Z,6.86,7.24,6.86,7.13,55755,432,7.01872
2019-05-22T04:00:00Z,7.14,7.25,7,7.08,19463,240,7.11868
2019-05-23T04:00:00Z,7.15,7.15,6.9,7.13,50902,412,7.03355
2019-05-24T04:00:00Z,7.14,7.25,6.72,6.91,33289,320,6.92272
2019-05-28T04:00:00Z,6.9,7.09,6.85,7.08,86895,330,7.05624
2019-05-29T04:00:00Z,6.97,7,6.895,6.94,16328,185,6.96638
2019-05-30T04:00:00Z,6.93,7.1,6.93,7.1,25688,222,7.05397
2019-05-31T04:00:00Z,7.04,7.19,6.64,6.75,41240,823,6.88425
2019-06-03T04:00:00Z,6.7,6.9799,6.65,6.79,33287,424,6.74061
2019-06-04T04:00:00Z,6.86,6.86,6.3801,6.58,54797,566,6.58876
2019-06-05T04:00:00Z,6.66,6.87,6.6,6.69,26332,332,6.67718
2019-06-06T04:00:00Z,6.7,7.25,6.6397,7.15,45704,631,7.02248
2019-06-07T04:00:00Z,7.01,7.51,6.8992,7.07,30335,391,7.20914
2019-06-10T04:00:00Z,7.12,7.4,7.0804,7.3,37887,523,7.31874
2019-06-11T04:00:00Z,7.37,7.4999,7.28,7.31,118854,396,7.37744
2019-06-12T04:00:00Z,7.4606,7.4606,7.26,7.3,42818,511,7.39297
2019-06-13T04:00:00Z,7.15,7.45,7.1317,7.27,30363,317,7.28578
2019-06-14T04:00:00Z,6.9305,7.4,6.9305,7.33,25579,246,7.26447
2019-06-17T04:00:00Z,7.28,7.49,7.23,7.4,31973,341,7.39533
2019-06-18T04:00:00Z,7.41,7.46,7.1601,7.35,20431,230,7.42772
2019-06-19T04:00:00Z,7.37,7.46,7.37,7.39,24164,185,7.42482
2019-06-20T04:00:00Z,7.48,7.57,7.18,7.18,105947,317,7.40004
2019-06-21T04:00:00Z,7.38,7.38,6.99,7.14,42350,610,7.16169
2019-06-24T04:00:00Z,7.04,7.31,7.0012,7.21,24073,672,7.12863
2019-06-25T04:00:00Z,7.22,7.4,7.15,7.34,10920,175,7.32062
2019-06-26T04:00:00Z,7.28,7.35,7.0851,7.35,28702,484,7.32512
2019-06-27T04:00:00Z,7.29,7.48,7.2101,7.43,33753,361,7.38795
2019-06-28T04:00:00Z,7.37,7.89,7.2662,7.6,1882640,1828,7.59333
2019-07-01T04:00:00Z,7.67,8.35,7.67,8,103468,1015,7.96835
2019-07-02T04:00:00Z,7.94,8.15,7.7138,8.09,33831,411,8.04312
2019-07-03T04:00:00Z,8.03,8.03,7.7,7.75,15177,182,7.87826
2019-07-05T04:00:00Z,7.66,8.25,7.62,7.91,35013,203,7.86819
2019-07-08T04:00:00Z,7.92,8.04,7.79,7.99,26540,265,7.95568
2019-07-09T04:00:00Z,8.01,8.1,7.63,8.05,21631,242,7.99089
2019-07-10T04:00:00Z,8.02,8.05,7.84,7.96,12602,153,7.9583
2019-07-11T04:00:00Z,7.95,8,7.6,7.93,22144,229,7.87156
2019-07-12T04:00:00Z,7.87,7.93,7.7101,7.74,27043,213,7.77252
2019-07-15T04:00:00Z,7.86,7.86,6.62,6.82,91000,710,7.01852
2019-07-16T04:00:00Z,6.9,7.023,6.3,6.31,73619,1070,6.63355
2019-07-17T04:00:00Z,6.77,6.77,6.3,6.4,56161,597,6.44699
2019-07-18T04:00:00Z,6.36,6.46,6.08,6.2,17847,290,6.21521
2019-07-19T04:00:00Z,6.15,6.31,6.1,6.15,27927,288,6.19075
2019-07-22T04:00:00Z,6.11,6.1799,5.83,5.9,33816,376,5.93197
2019-07-23T04:00:00Z,5.82,5.95,5.37,5.44,57847,530,5.58698
2019-07-24T04:00:00Z,5.4,5.4,5.13,5.13,52501,685,5.21593
2019-07-25T04:00:00Z,5.11,5.12,4.75,4.81,63998,481,4.89283
2019-07-26T04:00:00Z,4.86,5.14,4.86,5.11,23174,202,5.04512
2019-07-29T04:00:00Z,5.17,5.19,5.09,5.13,21728,185,5.13285
2019-07-30T04:00:00Z,5.08,5.13,4.9923,5.01,28973,231,5.02596
2019-07-31T04:00:00Z,5.0224,5.12,4.96,4.96,35502,225,5.00039
2019-08-01T04:00:00Z,5,5.12,4.62,4.69,25176,188,4.78313
2019-08-02T04:00:00Z,4.65,4.9753,4.32,4.44,25944,287,4.54752
2019-08-05T04:00:00Z,4.44,4.519,4.03,4.07,33842,381,4.22922
2019-08-06T04:00:00Z,4.07,4.8496,4.07,4.16,30303,271,4.26223
2019-08-07T04:00:00Z,4.16,4.2599,3.98,4.23,32615,262,4.18786
2019-08-08T04:00:00Z,4.23,4.4899,4.23,4.27,36971,236,4.33781
2019-08-09T04:00:00Z,4.5,4.63,3.8,4.27,57485,497,4.46083
2019-08-12T04:00:00Z,4.27,4.27,4.06,4.07,13467,132,4.10536
2019-08-13T04:00:00Z,4.08,4.32,3.85,3.93,31522,263,3.92957
2019-08-14T04:00:00Z,3.9,4.2899,3.81,3.81,37203,294,3.8915
2019-08-15T04:00:00Z,3.85,4.03,3.56,3.57,15634,152,3.73137
2019-08-16T04:00:00Z,3.61,4.64,3.61,4.61,50853,798,4.20534
2019-08-19T04:00:00Z,4.85,6,4.85,4.96,191090,2306,5.41996
2019-08-20T04:00:00Z,5.09,5.23,4.2427,4.38,62631,1015,4.58842
2019-08-21T04:00:00Z,4.39,4.89,4.3805,4.77,86049,919,4.67278
2019-08-22T04:00:00Z,4.8,5,4.59,4.66,85250,803,4.78657
2019-08-23T04:00:00Z,4.66,4.69,4.25,4.32,54473,561,4.38758
2019-08-26T04:00:00Z,4.69,4.7,4.1601,4.24,64223,608,4.31824
2019-08-27T04:00:00Z,4.26,4.48,3.901,4.05,51552,575,4.09623
2019-08-28T04:00:00Z,4.0527,4.1481,3.92,3.985,27272,281,4.02422
2019-08-29T04:00:00Z,4.0974,4.29,3.98,4.14,63496,658,4.18405
2019-08-30T04:00:00Z,4.22,4.22,4.0014,4.12,21744,253,4.11258
2019-09-03T04:00:00Z,4.2,4.75,4.03,4.43,421635,1372,4.53944
2019-09-04T04:00:00Z,4.59,4.9984,4.31,4.81,436223,1856,4.78326
2019-09-05T04:00:00Z,4.72,4.92,4.31,4.64,269989,755,4.78473
2019-09-06T04:00:00Z,4.83,5.46,4.65,5.4,674543,1614,5.15927
2019-09-09T04:00:00Z,5.5,5.71,4.9,5.03,131374,1182,5.13889
2019-09-10T04:00:00Z,5,5.25,4.9501,5.21,75424,744,5.16224
2019-09-11T04:00:00Z,5.22,5.95,5.22,5.81,668532,2540,5.71801
2019-09-12T04:00:00Z,5.88,6.5894,5.56,6.16,550215,1324,6.24705
2019-09-13T04:00:00Z,6.31,6.3576,5.7415,6.01,67861,668,6.01463
2019-09-16T04:00:00Z,6.1,6.5773,6.04,6.07,111753,980,6.26051
2019-09-17T04:00:00Z,6.15,6.4,5.575,5.84,85103,862,5.87801
2019-09-18T04:00:00Z,5.84,5.84,5.31,5.73,101719,801,5.6207
2019-09-19T04:00:00Z,5.77,5.96,5.71,5.85,65109,731,5.8519
2019-09-20T04:00:00Z,5.9,6.79,5.88,6.71,295248,1077,6.44963
2019-09-23T04:00:00Z,6.68,6.78,6.34,6.5,51078,499,6.53553
2019-09-24T04:00:00Z,6.6,6.6,6.4,6.58,71956,845,6.51145
2019-09-25T04:00:00Z,6.55,6.9,6.5,6.81,91736,786,6.75059
2019-09-26T04:00:00Z,6.85,6.9495,6.72,6.82,45557,558,6.8098
2019-09-27T04:00:00Z,6.8,6.875,6.59,6.63,72032,667,6.70152
2019-09-30T04:00:00Z,6.6,6.8,6.53,6.57,36272,380,6.57824
2019-10-01T04:00:00Z,6.6,6.67,6.5,6.55,54485,529,6.55301
2019-10-02T04:00:00Z,6.48,6.48,6.03,6.3,54853,456,6.22765
2019-10-03T04:00:00Z,6.3,6.83,6.264,6.8,40941,394,6.59391
2019-10-04T04:00:00Z,6.8,7.05,6.7495,6.96,53420,414,6.91954
2019-10-07T04:00:00Z,6.96,7.08,6.9257,7.03,46356,441,7.03683
2019-10-08T04:00:00Z,7,7.23,6.85,7.21,55398,517,7.06919
2019-10-09T04:00:00Z,7.25,7.28,7.09,7.1,33120,444,7.13995
2019-10-10T04:00:00Z,7.18,7.19,7,7.15,23518,428,7.08554
2019-10-11T04:00:00Z,7.2,7.665,7.1335,7.56,62034,595,7.53434
2019-10-14T04:00:00Z,7.53,7.6386,7.47,7.6,44073,468,7.57871
2019-10-15T04:00:00Z,7.63,7.7709,7.45,7.6,57617,367,7.60732
2019-10-16T04:00:00Z,7.58,7.78,7.37,7.58,67549,554,7.57898
2019-10-17T04:00:00Z,7.62,7.705,7.47,7.57,18433,183,7.56584
2019-10-18T04:00:00Z,7.51,7.51,6.97,7.15,20580,197,7.26999
2019-10-21T04:00:00Z,7.2,7.62,7.17,7.47,21716,213,7.32949
2019-10-22T04:00:00Z,7.48,7.775,7.4,7.57,21069,176,7.55842
2019-10-23T04:00:00Z,7.44,7.465,6.39,7.42,9567,170,7.2303
2019-10-24T04:00:00Z,7.4,7.51,7.0301,7.33,8880,97,7.31109
2019-10-25T04:00:00Z,7.34,7.5099,7.1801,7.38,8590,144,7.31584
2019-10-28T04:00:00Z,7.42,7.6,7.33,7.34,24853,291,7.49195
2019-10-29T04:00:00Z,7.32,7.48,7.1046,7.3,18748,232,7.245
2019-10-30T04:00:00Z,7.3,7.3,7.06,7.09,15954,180,7.14801
2019-10-31T04:00:00Z,7.08,7.14,6.9,7.01,49068,482,7.0005
2019-11-01T04:00:00Z,7.05,7.41,7.05,7.4,29115,366,7.30758
2019-11-04T05:00:00Z,7.45,7.5,7.18,7.23,22425,271,7.34518
2019-11-05T05:00:00Z,7.3899,7.46,7.1922,7.35,16168,216,7.31172
2019-11-06T05:00:00Z,7.1501,7.38,7.15,7.15,8498,143,7.22584
2019-11-07T05:00:00Z,7.4,7.4,7,7.24,8626,105,7.23767
2019-11-08T05:00:00Z,7.1433,7.62,7.1433,7.21,21480,252,7.40524
2019-11-11T05:00:00Z,7.21,7.59,7.1277,7.35,7840,113,7.33571
2019-11-12T05:00:00Z,7.25,7.68,7.25,7.52,15989,236,7.50749
2019-11-13T05:00:00Z,7.5,8.3359,7.415,8.11,65143,665,7.96957
2019-11-14T05:00:00Z,8.16,8.16,7.5884,7.81,24748,299,7.87065
2019-11-15T05:00:00Z,8.19,8.19,7.751,8,22488,210,8.0502
2019-11-18T05:00:00Z,8.14,8.14,7.78,7.79,12035,144,7.92525
2019-11-19T05:00:00Z,7.8772,8.14,7.8,7.96,21438,290,7.97983
2019-11-20T05:00:00Z,7.72,7.823,6.82,7.25,102322,1065,7.15058
2019-11-21T05:00:00Z,7,7.01,5.93,6.07,160314,1282,6.551
2019-11-22T05:00:00Z,5,5.0898,4.61,4.725,2407837,8886,4.80129
2019-11-25T05:00:00Z,4.85,5.1,4.84,5.03,775729,4314,4.98772
2019-11-26T05:00:00Z,5.07,5.15,4.95,5.01,587166,2633,5.03353
2019-11-27T05:00:00Z,5,5.1,4.81,4.905,218091,1383,4.95171
2019-11-29T05:00:00Z,5.01,5.25,4.9099,5.13,246519,1560,5.07912
2019-12-02T05:00:00Z,5.11,5.18,4.84,4.93,221756,1477,4.95264
2019-12-03T05:00:00Z,4.83,5.04,4.81,4.96,140944,902,4.94427
2019-12-04T05:00:00Z,4.99,5.1,4.72,4.82,184564,1337,4.87086
2019-12-05T05:00:00Z,4.82,4.94,4.71,4.81,157939,1277,4.82852
2019-12-06T05:00:00Z,4.85,5.2375,4.7601,5.11,511984,1663,5.01791
2019-12-09T05:00:00Z,5.08,5.225,4.9,4.95,154634,1116,5.03287
2019-12-10T05:00:00Z,5,5.03,4.91,4.93,49029,453,4.94693
2019-12-11T05:00:00Z,5,5.05,4.8,4.87,113292,867,4.89052
2019-12-12T05:00:00Z,4.86,4.925,4.66,4.7,218912,855,4.76415
2019-12-13T05:00:00Z,4.7,4.98,4.6501,4.9,124584,834,4.82536
2019-12-16T05:00:00Z,4.93,5.11,4.82,5,154237,1211,4.98847
2019-12-17T05:00:00Z,5,5.07,4.9,5.02,99402,694,5.00298
2019-12-18T05:00:00Z,5.03,5.08,4.91,4.98,64326,499,4.98838
2019-12-19T05:00:00Z,5,5.07,4.9,5.05,84931,696,5.02034
2019-12-20T05:00:00Z,5.05,5.05,4.76,4.79,880327,2255,4.8342
2019-12-23T05:00:00Z,4.81,4.99,4.77,4.88,182856,1040,4.90004
2019-12-24T05:00:00Z,4.88,5.03,4.8308,5,50663,391,4.97036
2019-12-26T05:00:00Z,4.96,5.08,4.88,4.97,114166,907,4.99469
2019-12-27T05:00:00Z,4.98,5.04,4.9,4.94,50956,386,4.95974
2019-12-30T05:00:00Z,4.92,4.92,4.77,4.84,66213,492,4.83899
2019-12-31T05:00:00Z,4.82,4.9,4.69,4.81,106766,565,4.82101
2020-01-02T05:00:00Z,4.85,4.8959,4.69,4.78,88049,538,4.75908
2020-01-03T05:00:00Z,4.71,4.79,4.56,4.58,88965,566,4.6883
2020-01-06T05:00:00Z,4.57,4.6,4.34,4.48,138672,846,4.47819
2020-01-07T05:00:00Z,4.45,4.59,4.31,4.48,64947,642,4.43746
2020-01-08T05:00:00Z,4.47,4.94,4.47,4.88,64026,464,4.78029
2020-01-09T05:00:00Z,4.91,4.9212,4.79,4.84,64720,463,4.83875
2020-01-10T05:00:00Z,4.99,5.08,4.76,4.78,159911,924,4.90712
2020-01-13T05:00:00Z,5.01,5.12,4.84,5,120299,833,5.00147
2020-01-14T05:00:00Z,5,5.22,5,5.08,76472,515,5.13347
2020-01-15T05:00:00Z,5.1,5.35,5.07,5.2,80753,583,5.20665
2020-01-16T05:00:00Z,5.2,5.39,5.0502,5.31,77697,502,5.27101
2020-01-17T05:00:00Z,5.37,5.435,5.25,5.29,68217,448,5.35443
2020-01-21T05:00:00Z,5.29,5.29,4.7,4.94,130742,758,4.89689
2020-01-22T05:00:00Z,4.92,5.2,4.866,5.01,70249,500,5.03238
2020-01-23T05:00:00Z,5.0637,5.09,4.92,4.96,27374,238,4.99329
2020-01-24T05:00:00Z,4.98,4.98,4.82,4.84,40992,263,4.89776
2020-01-27T05:00:00Z,4.74,4.79,4.65,4.67,53163,359,4.70418
2020-01-28T05:00:00Z,4.7,4.8,4.61,4.75,51529,334,4.72368
2020-01-29T05:00:00Z,4.7959,4.82,4.66,4.73,28952,216,4.72874
2020-01-30T05:00:00Z,4.71,4.88,4.55,4.71,29745,303,4.68486
2020-01-31T05:00:00Z,4.653,4.7,4.24,4.47,108397,508,4.50938
2020-02-03T05:00:00Z,4.62,4.6659,4.51,4.62,30927,285,4.60569
2020-02-04T05:00:00Z,4.76,4.8,4.47,4.64,16747,174,4.65063
2020-02-05T05:00:00Z,4.65,4.7899,4.65,4.7,20403,154,4.71301
2020-02-06T05:00:00Z,4.79,4.79,4.65,4.69,24355,166,4.69223
2020-02-07T05:00:00Z,4.73,4.75,4.49,4.7,32976,323,4.61643
2020-02-10T05:00:00Z,4.66,4.97,4.63,4.91,30422,298,4.8131
2020-02-11T05:00:00Z,4.88,4.9539,4.7295,4.8,13080,97,4.81791
2020-02-12T05:00:00Z,4.91,4.91,4.71,4.82,28402,245,4.84328
2020-02-13T05:00:00Z,4.77,4.9,4.64,4.89,15454,171,4.84249
2020-02-14T05:00:00Z,4.98,4.98,4.54,4.55,54743,376,4.6962
2020-02-18T05:00:00Z,4.55,4.65,4.5,4.6,46950,329,4.53817
2020-02-19T05:00:00Z,4.61,4.9896,4.6,4.91,35852,307,4.82338
2020-02-20T05:00:00Z,4.99,5.05,4.91,4.91,49173,417,4.98443
2020-02-21T05:00:00Z,4.91,4.99,4.73,4.83,59852,373,4.86779
2020-02-24T05:00:00Z,4.72,4.72,4.44,4.475,98362,512,4.58284
2020-02-25T05:00:00Z,4.67,4.671,4.34,4.35,72167,383,4.50869
2020-02-26T05:00:00Z,4.53,4.53,4.2,4.28,33416,259,4.3512
2020-02-27T05:00:00Z,4.28,4.28,3.8,3.9,80884,571,3.97371
2020-02-28T05:00:00Z,3.86,4.11,3.81,3.92,57258,464,3.97335
2020-03-02T05:00:00Z,4.11,4.11,3.92,4.04,32347,761,4.02142
2020-03-03T05:00:00Z,4.19,4.19,3.59,3.71,41642,433,3.88898
2020-03-04T05:00:00Z,3.75,4.02,3.75,3.94,36307,307,3.8843
2020-03-05T05:00:00Z,3.88,3.9925,3.55,3.67,37334,352,3.7167
2020-03-06T05:00:00Z,3.7,3.745,3.5,3.51,31817,311,3.58274
2020-03-09T04:00:00Z,3.5,3.5,3,3.09,96973,688,3.13684
2020-03-10T04:00:00Z,3.64,3.64,2.85,2.94,110196,894,3.0805
2020-03-11T04:00:00Z,2.87,3.21,2.8,2.98,81543,572,2.95751
2020-03-12T04:00:00Z,2.99,4.86,2.99,3.97,1426562,11045,4.03919
2020-03-13T04:00:00Z,4.16,4.47,4,4.45,473924,5097,4.29016
2020-03-16T04:00:00Z,3.92,4.29,3.65,3.92,229385,2654,3.94514
2020-03-17T04:00:00Z,3.77,3.79,3.1052,3.6,112276,1492,3.49999
2020-03-18T04:00:00Z,3.23,3.625,2.4722,2.92,95645,1175,2.93643
2020-03-19T04:00:00Z,2.9,3.22,2.61,2.94,147198,1123,2.82605
2020-03-20T04:00:00Z,3,3.25,2.92,3.03,140805,693,3.02085
2020-03-23T04:00:00Z,2.92,3.04,2.69,2.92,62404,699,2.88335
2020-03-24T04:00:00Z,2.92,3.54,2.8565,3.54,60921,575,3.28154
2020-03-25T04:00:00Z,3.54,3.54,3.13,3.42,48980,598,3.36911
2020-03-26T04:00:00Z,3.37,3.54,2.91,3.54,130376,788,3.28179
2020-03-27T04:00:00Z,3.5,3.5,3.11,3.36,53193,590,3.32584
2020-03-30T04:00:00Z,3.3,3.39,3.09,3.39,35523,300,3.31853
2020-03-31T04:00:00Z,3.41,3.5,3.06,3.23,46317,486,3.22997
2020-04-01T04:00:00Z,3.23,3.2461,2.74,2.86,71990,1169,2.8721
2020-04-02T04:00:00Z,2.89,3.14,2.81,2.97,50523,1103,2.93043
2020-04-03T04:00:00Z,2.94,3.1892,2.86,2.96,56193,838,3.03052
2020-04-06T04:00:00Z,3.02,3.2,2.79,2.99,80011,912,2.95029
2020-04-07T04:00:00Z,3.13,3.3,3,3.1,46000,475,3.12434
2020-04-08T04:00:00Z,3.15,3.24,2.94,3.22,45618,416,3.17612
2020-04-09T04:00:00Z,3.48,3.48,3.15,3.31,71441,560,3.31985
2020-04-13T04:00:00Z,3.37,3.5,3.337,3.46,36870,351,3.44435
2020-04-14T04:00:00Z,3.49,3.6,3.31,3.36,37586,366,3.42883
2020-04-15T04:00:00Z,3.17,3.37,2.97,3.07,53649,533,3.12282
2020-04-16T04:00:00Z,3.08,3.2,2.86,2.9,47861,750,2.96209
2020-04-17T04:00:00Z,2.9,3.32,2.9,3.22,89393,601,3.06972
2020-04-20T04:00:00Z,3.42,3.53,3.1217,3.29,74915,455,3.38142
2020-04-21T04:00:00Z,3.22,3.48,3.0601,3.27,30382,351,3.22173
2020-04-22T04:00:00Z,3.27,3.43,3.22,3.36,46050,367,3.32432
2020-04-23T04:00:00Z,3.36,3.7,3.33,3.62,65047,548,3.53292
2020-04-24T04:00:00Z,3.72,3.8,3.5148,3.67,38739,319,3.66224
2020-04-27T04:00:00Z,3.68,3.86,3.63,3.77,49220,401,3.769
2020-04-28T04:00:00Z,3.83,3.89,3.41,3.62,71858,411,3.71773
2020-04-29T04:00:00Z,3.62,3.93,3.3668,3.77,86024,659,3.67191
2020-04-30T04:00:00Z,3.69,3.84,3.4,3.71,46171,469,3.62426
2020-05-01T04:00:00Z,3.61,3.8,3.45,3.53,49752,1163,3.56601
2020-05-04T04:00:00Z,3.45,3.6437,3.3,3.39,43590,1762,3.37968
2020-05-05T04:00:00Z,3.47,3.64,3.34,3.34,30679,1658,3.4653
2020-05-06T04:00:00Z,3.35,3.8999,3.24,3.73,77145,715,3.66616
2020-05-07T04:00:00Z,3.89,3.99,3.52,3.55,45654,442,3.76652
2020-05-08T04:00:00Z,3.57,3.93,3.56,3.83,62301,430,3.81579
2020-05-11T04:00:00Z,3.95,4.45,3.78,3.78,96082,749,3.96683
2020-05-12T04:00:00Z,3.8,4.09,3.42,3.45,123018,816,3.72672
2020-05-13T04:00:00Z,3.48,3.65,3.24,3.3,76296,569,3.38635
2020-05-14T04:00:00Z,3.4,3.549,3.05,3.18,89007,887,3.24858
2020-05-15T04:00:00Z,3.27,3.3484,3.01,3.11,75364,528,3.18772
2020-05-18T04:00:00Z,3.21,3.54,3.21,3.41,89543,743,3.4068
2020-05-19T04:00:00Z,3.39,3.4,3.14,3.2,79911,734,3.28031
2020-05-20T04:00:00Z,3.22,3.7,3.22,3.6,88412,951,3.52617
2020-05-21T04:00:00Z,3.6,3.64,3.38,3.38,88248,387,3.49235
2020-05-22T04:00:00Z,3.54,3.631,3.29,3.34,84127,400,3.3388
2020-05-26T04:00:00Z,3.5,3.5499,3.25,3.34,293314,1772,3.40388
2020-05-27T04:00:00Z,3.89,4,3.35,3.46,613988,4308,3.6107
2020-05-28T04:00:00Z,3.76,4.78,3.63,4.61,3169541,18018,4.48416
2020-05-29T04:00:00Z,4.79,4.8,3.71,4.13,757648,5900,4.16384
2020-06-01T04:00:00Z,4.14,4.14,3.8,3.94,301669,2526,3.9524
2020-06-02T04:00:00Z,3.86,4.36,3.8501,4.18,299498,2193,4.09956
2020-06-03T04:00:00Z,4.18,4.6141,4.1203,4.21,272550,2020,4.3368
2020-06-04T04:00:00Z,4.15,4.3,4,4.1,144356,1370,4.10745
2020-06-05T04:00:00Z,4.11,4.42,4.01,4.34,277919,1964,4.18492
2020-06-08T04:00:00Z,4.34,4.45,4.1,4.22,184598,2274,4.2428
2020-06-09T04:00:00Z,4.15,4.3299,3.9,3.95,171087,2212,4.02824
2020-06-10T04:00:00Z,3.96,4.1,3.93,3.99,221348,1455,4.00093
2020-06-11T04:00:00Z,3.83,3.87,3.5,3.66,161714,1375,3.67852
2020-06-12T04:00:00Z,3.99,4.01,3.7,3.84,144007,1171,3.88395
2020-06-15T04:00:00Z,3.8,4.05,3.75,3.99,156413,1045,3.96091
2020-06-16T04:00:00Z,4.01,4.08,3.91,3.96,159824,946,3.99879
2020-06-17T04:00:00Z,3.95,4.04,3.89,3.95,68300,605,3.97948
2020-06-18T04:00:00Z,3.92,3.96,3.76,3.82,162891,1122,3.84798
2020-06-19T04:00:00Z,3.84,4.01,3.7,3.87,220712,903,3.86831
2020-06-22T04:00:00Z,3.89,3.94,3.69,3.88,97180,958,3.83376
2020-06-23T04:00:00Z,3.88,4.007,3.78,3.84,117482,1064,3.88768
2020-06-24T04:00:00Z,3.79,4,3.65,3.93,143844,1441,3.85221
2020-06-25T04:00:00Z,3.8,4,3.75,3.83,182582,1161,3.86396
2020-06-26T04:00:00Z,3.83,4,3.77,3.84,1743712,2111,3.84343
2020-06-29T04:00:00Z,3.84,4.05,3.73,3.82,166318,1184,3.90379
2020-06-30T04:00:00Z,3.8,3.9499,3.76,3.84,105927,630,3.82892
2020-07-01T04:00:00Z,3.84,3.85,3.73,3.75,56429,484,3.77861
2020-07-02T04:00:00Z,3.79,3.79,3.635,3.72,96684,489,3.70883
2020-07-06T04:00:00Z,3.76,3.86,3.6,3.64,85547,491,3.66736
2020-07-07T04:00:00Z,3.63,3.66,3.51,3.58,62837,526,3.5856
2020-07-08T04:00:00Z,3.58,3.63,3.47,3.54,74333,577,3.54463
2020-07-09T04:00:00Z,3.55,3.58,3.3,3.32,110626,857,3.3729
2020-07-10T04:00:00Z,3.32,3.52,3.3101,3.45,72082,512,3.43046
2020-07-13T04:00:00Z,3.46,3.55,3.33,3.34,79502,1261,3.41215
2020-07-14T04:00:00Z,3.33,3.387,3.23,3.29,84509,1307,3.28217
2020-07-15T04:00:00Z,3.87,4.2,3.5801,3.84,1348983,6436,3.9007
2020-07-16T04:00:00Z,3.78,3.88,3.75,3.835,235710,1487,3.80944
2020-07-17T04:00:00Z,3.82,4.087,3.7701,3.99,231627,1450,3.97854
2020-07-20T04:00:00Z,3.98,4.01,3.866,3.98,100020,803,3.96254
2020-07-21T04:00:00Z,3.98,4.1,3.9001,3.99,230146,931,3.99768
2020-07-22T04:00:00Z,3.98,4.0198,3.85,3.98,93371,546,3.93717
2020-07-23T04:00:00Z,3.97,4.05,3.87,3.91,81882,718,3.96449
2020-07-24T04:00:00Z,3.99,3.99,3.75,3.76,67525,485,3.85228
2020-07-27T04:00:00Z,3.77,3.94,3.7201,3.86,84738,548,3.81893
2020-07-28T04:00:00Z,3.71,3.95,3.67,3.78,29129,387,3.79884
2020-07-29T04:00:00Z,3.79,3.82,3.72,3.8,38597,338,3.78852
2020-07-30T04:00:00Z,3.74,3.84,3.71,3.76,50781,373,3.7428
2020-07-31T04:00:00Z,3.76,3.88,3.5937,3.68,64889,536,3.69705
2020-08-03T04:00:00Z,3.67,3.75,3.5479,3.71,67920,551,3.65441
2020-08-04T04:00:00Z,3.7,3.7832,3.63,3.77,48560,299,3.71404
2020-08-05T04:00:00Z,3.81,3.85,3.67,3.83,41317,299,3.79781
2020-08-06T04:00:00Z,3.83,3.86,3.7,3.86,56453,401,3.78608
2020-08-07T04:00:00Z,3.9,4.15,3.85,4.02,344639,940,4.01634
2020-08-10T04:00:00Z,4.05,4.0995,3.82,3.85,113132,603,3.9537
2020-08-11T04:00:00Z,4.1,4.2,4,4.05,270098,1435,4.11216
2020-08-12T04:00:00Z,4.05,4.15,4,4.07,99012,758,4.07679
2020-08-13T04:00:00Z,4.1,4.14,4.04,4.07,64718,541,4.07002
2020-08-14T04:00:00Z,4.02,4.12,3.891,4.08,72371,774,4.0455
2020-08-17T04:00:00Z,4.07,4.25,4.02,4.23,130496,948,4.15549
2020-08-18T04:00:00Z,4.24,4.5,4.13,4.41,191096,1054,4.37267
2020-08-19T04:00:00Z,4.41,4.6,4.37,4.46,146744,977,4.51249
2020-08-20T04:00:00Z,4.42,4.6,4.3801,4.58,64373,677,4.54592
2020-08-21T04:00:00Z,4.55,4.59,4.35,4.46,93044,665,4.45698
2020-08-24T04:00:00Z,4.48,4.49,4.36,4.45,50940,651,4.42261
2020-08-25T04:00:00Z,4.36,4.425,4.04,4.19,148296,811,4.23609
2020-08-26T04:00:00Z,4.19,4.3,4.1314,4.25,44392,492,4.2391
2020-08-27T04:00:00Z,4.21,4.27,4.0739,4.2,82194,443,4.17174
2020-08-28T04:00:00Z,4.22,4.31,4.13,4.28,31125,385,4.23496
2020-08-31T04:00:00Z,4.28,4.5,4.2615,4.305,105593,824,4.37406
2020-09-01T04:00:00Z,4.27,4.29,4.1601,4.235,38019,294,4.23528
2020-09-02T04:00:00Z,4.22,4.35,4.16,4.32,101589,491,4.22201
2020-09-03T04:00:00Z,4.32,4.32,4.15,4.22,40282,576,4.2248
2020-09-04T04:00:00Z,4.29,4.32,4.0581,4.22,55236,530,4.20334
2020-09-08T04:00:00Z,4.2,4.22,4.04,4.09,84384,814,4.1032
2020-09-09T04:00:00Z,4.02,4.21,4.002,4.15,102554,823,4.12646
2020-09-10T04:00:00Z,4.15,4.18,4.01,4.09,67339,724,4.09427
2020-09-11T04:00:00Z,4.1,4.1536,3.86,3.98,83370,670,3.98656
2020-09-14T04:00:00Z,3.97,4.09,3.93,4.045,60234,482,4.01439
2020-09-15T04:00:00Z,4.07,4.18,4.07,4.11,49230,374,4.12976
2020-09-16T04:00:00Z,4.11,4.23,4.07,4.15,68991,685,4.17096
2020-09-17T04:00:00Z,4.13,4.2083,3.99,4.1,42995,256,4.08579
2020-09-18T04:00:00Z,4.17,4.21,3.91,4.06,145050,546,4.11187
2020-09-21T04:00:00Z,3.98,4.11,3.75,3.85,66636,529,3.87982
2020-09-22T04:00:00Z,3.91,3.9235,3.71,3.8,27187,266,3.78621
2020-09-23T04:00:00Z,3.8,3.92,3.55,3.57,45254,407,3.64529
2020-09-24T04:00:00Z,3.62,3.62,3.36,3.47,63738,849,3.46397
2020-09-25T04:00:00Z,3.52,3.8,3.51,3.76,45506,429,3.6794
2020-09-28T04:00:00Z,3.75,3.88,3.6665,3.83,58916,402,3.79859
2020-09-29T04:00:00Z,3.84,3.9328,3.73,3.88,37631,295,3.87012
2020-09-30T04:00:00Z,3.9,3.99,3.7783,3.84,33752,260,3.87256
2020-10-01T04:00:00Z,3.83,3.83,3.71,3.78,68271,470,3.78297
2020-10-02T04:00:00Z,3.71,3.81,3.5736,3.7,28402,302,3.71072
2020-10-05T04:00:00Z,3.7,3.95,3.7,3.88,49033,288,3.86383
2020-10-06T04:00:00Z,3.95,3.96,3.74,3.76,43435,308,3.8449
2020-10-07T04:00:00Z,3.8,3.96,3.7792,3.95,67989,404,3.88766
2020-10-08T04:00:00Z,3.9,3.98,3.7801,3.86,50021,444,3.85602
2020-10-09T04:00:00Z,3.86,3.895,3.81,3.88,29005,247,3.85218
2020-10-12T04:00:00Z,3.9,4.07,3.71,4.06,113248,577,3.94688
2020-10-13T04:00:00Z,4.08,4.0894,3.75,3.85,153702,861,3.88796
2020-10-14T04:00:00Z,3.79,3.85,3.74,3.78,1163691,5117,3.80097
2020-10-15T04:00:00Z,4.3986,4.84,4.23,4.58,2333127,11165,4.53152
2020-10-16T04:00:00Z,4.52,5.1,4.43,4.76,764648,4062,4.7886
2020-10-19T04:00:00Z,4.6,4.7,4.1,4.12,551347,2750,4.29076
2020-10-20T04:00:00Z,4.24,4.4,3.9,4,334127,1646,4.02253
2020-10-21T04:00:00Z,4,4.156,3.86,3.96,118195,867,3.96964
2020-10-22T04:00:00Z,3.95,4.06,3.882,3.97,113221,980,3.98325
2020-10-23T04:00:00Z,4,4.3524,3.91,4.21,324842,1208,4.11626
2020-10-26T04:00:00Z,4.21,4.25,4.03,4.05,60141,389,4.12362
2020-10-27T04:00:00Z,4.05,4.1603,3.94,3.95,89605,447,4.00266
2020-10-28T04:00:00Z,3.9,3.9,3.58,3.63,151738,1456,3.66547
2020-10-29T04:00:00Z,3.55,3.7,3.4454,3.65,101275,768,3.56377
2020-10-30T04:00:00Z,3.68,3.7663,3.6,3.65,126670,896,3.64779
2020-11-02T05:00:00Z,3.67,3.7689,3.55,3.67,90130,750,3.65213
2020-11-03T05:00:00Z,3.78,3.9899,3.63,3.77,90018,773,3.77386
2020-11-04T05:00:00Z,3.79,3.81,3.6677,3.72,71771,426,3.72535
2020-11-05T05:00:00Z,3.69,3.96,3.69,3.9,98083,596,3.85106
2020-11-06T05:00:00Z,3.89,4.09,3.8504,4.01,91442,564,3.96532
2020-11-09T05:00:00Z,4,4.34,4,4.15,206861,1300,4.20972
2020-11-10T05:00:00Z,4.44,4.49,3.9404,4.34,398430,2234,4.3014
2020-11-11T05:00:00Z,3.93,4.0799,3.8201,3.94,418670,2811,3.94717
2020-11-12T05:00:00Z,3.94,3.99,3.66,3.67,879699,4091,3.75629
2020-11-13T05:00:00Z,3.8229,4.55,3.51,4.22,3534390,16191,3.93516
2020-11-16T05:00:00Z,4.46,4.54,4.18,4.3,573646,3845,4.32554
2020-11-17T05:00:00Z,4.36,4.55,4.2625,4.33,818291,4161,4.41221
2020-11-18T05:00:00Z,4.54,4.8443,4.5,4.7,690322,4048,4.66951
2020-11-19T05:00:00Z,4.77,5.04,4.73,4.91,578936,2987,4.95175
2020-11-20T05:00:00Z,5.25,5.4,4.97,5.08,1060973,5612,5.18225
2020-11-23T05:00:00Z,5.45,5.45,5.09,5.17,685028,3872,5.22272
2020-11-24T05:00:00Z,5.25,5.278,4.99,5.17,496535,2822,5.14135
2020-11-25T05:00:00Z,5.21,5.22,5.1,5.12,218810,1600,5.15726
2020-11-27T05:00:00Z,5.13,5.22,4.95,4.99,200008,1331,5.05055
2020-11-30T05:00:00Z,5.08,5.23,4.88,5.15,772956,3205,5.0884
2020-12-01T05:00:00Z,5.21,5.29,5.11,5.2,294942,2132,5.19338
2020-12-02T05:00:00Z,5.22,5.4,5.16,5.28,402614,2597,5.27829
2020-12-03T05:00:00Z,5.28,5.4,5.2,5.25,218728,1525,5.26868
2020-12-04T05:00:00Z,5.38,5.47,5.2695,5.42,366798,2482,5.39131
2020-12-07T05:00:00Z,5.5,5.65,5.46,5.53,959504,5012,5.56413
2020-12-08T05:00:00Z,5.51,5.655,5.18,5.23,519962,3471,5.42904
2020-12-09T05:00:00Z,5.25,5.33,4.56,4.82,580795,3923,4.87779
2020-12-10T05:00:00Z,4.8,5.11,4.72,4.86,392549,2800,4.8666
2020-12-11T05:00:00Z,4.86,4.91,4.57,4.79,397832,3136,4.7368
2020-12-14T05:00:00Z,4.8,5.26,4.8,5.1,425641,4009,5.09064
2020-12-15T05:00:00Z,5.23,5.5,5.1022,5.4,356447,2877,5.34068
2020-12-16T05:00:00Z,5.37,5.48,5.19,5.4,676370,3389,5.37606
2020-12-17T05:00:00Z,5.44,5.94,5.35,5.9,1003966,5705,5.77207
2020-12-18T05:00:00Z,5.92,6.33,5.7684,5.97,3371396,4905,5.98798
2020-12-21T05:00:00Z,5.91,6.23,5.77,6.16,1170409,3931,6.07285
2020-12-22T05:00:00Z,6.2,6.5,6.07,6.5,1044995,5073,6.3965
2020-12-23T05:00:00Z,6.51,6.66,6.38,6.56,442843,3544,6.54339
2020-12-24T05:00:00Z,6.6,6.6,6.4,6.46,151027,1064,6.4785
2020-12-28T05:00:00Z,6.49,6.78,6.48,6.67,330309,2612,6.65258
2020-12-29T05:00:00Z,6.7,7.19,6.64,7.15,601546,4172,6.99123
2020-12-30T05:00:00Z,7.18,7.6,7.18,7.45,638477,5496,7.46245
2020-12-31T05:00:00Z,7.41,7.61,7.04,7.53,748138,4141,7.4769
2021-01-04T05:00:00Z,7.61,7.93,7.4,7.84,1231410,7315,7.74312
2021-01-05T05:00:00Z,8,8.05,7.1308,7.33,792631,4568,7.4374
2021-01-06T05:00:00Z,7.38,7.7,7.26,7.38,419694,2525,7.46222
2021-01-07T05:00:00Z,7.39,7.87,7.39,7.84,756992,3832,7.74273
2021-01-08T05:00:00Z,7.9,7.95,7.6,7.65,380717,2611,7.72647
2021-01-11T05:00:00Z,7.82,7.83,7.5,7.59,339102,2207,7.62766
2021-01-12T05:00:00Z,7.85,7.85,7.34,7.36,417034,2932,7.51086
2021-01-13T05:00:00Z,7.33,7.44,7.22,7.34,851355,5471,7.32696
2021-01-14T05:00:00Z,9.74,10.5099,9.06,9.49,5211611,24443,9.862
2021-01-15T05:00:00Z,9.47,9.68,9,9.5,1073360,6970,9.38465
2021-01-19T05:00:00Z,9.67,9.91,9.2,9.49,630285,4212,9.4605
2021-01-20T05:00:00Z,9.75,11.13,9.5116,10.86,2347979,11797,10.6052
2021-01-21T05:00:00Z,11.01,11.05,9.86,9.99,2626863,7342,10.0964
2021-01-22T05:00:00Z,9.95,10.6663,9.71,10.57,816474,4934,10.3641
2021-01-25T05:00:00Z,10.7,10.77,9.28,10.41,1009238,4992,10.0258
2021-01-26T05:00:00Z,10.4,10.89,10.2,10.67,568155,3673,10.5846
2021-01-27T05:00:00Z,10.29,10.7494,10.04,10.26,873243,4820,10.4184
2021-01-28T05:00:00Z,10.29,10.44,10.07,10.29,305704,2954,10.2735
2021-01-29T05:00:00Z,10.32,10.58,10.0001,10.46,589774,4732,10.4092
2021-02-01T05:00:00Z,10.7,11.21,10.3529,11.11,866561,5260,10.9
2021-02-02T05:00:00Z,11.33,11.89,10.79,11.58,719266,5553,11.4372
2021-02-03T05:00:00Z,11.7,11.94,11.2131,11.86,531078,4585,11.7022
2021-02-04T05:00:00Z,11.97,12.21,11.72,12.15,462990,3644,12.0125
2021-02-05T05:00:00Z,12.37,13.07,12.17,12.99,757124,6350,12.7955
2021-02-08T05:00:00Z,13.08,13.75,13.02,13.73,761558,6155,13.3659
2021-02-09T05:00:00Z,13.83,14.64,13.76,14.41,1161822,7263,14.3209
2021-02-10T05:00:00Z,14.93,14.95,13.4109,14.245,717234,5096,14.2209
2021-02-11T05:00:00Z,14.22,14.22,13.41,13.7,778515,4329,13.8139
2021-02-12T05:00:00Z,13.53,14.02,12.54,12.74,854118,5690,13.1799
2021-02-16T05:00:00Z,12.86,13.68,12.7,13.68,1098221,6364,13.1413
2021-02-17T05:00:00Z,13.38,13.95,12.76,13.38,932428,6186,13.3756
2021-02-18T05:00:00Z,13.17,13.56,12.62,13.2,624349,4883,13.0778
2021-02-19T05:00:00Z,13.23,13.69,13.115,13.31,455650,3357,13.3878
2021-02-22T05:00:00Z,13.27,13.36,12.73,12.81,326197,3157,12.9003
2021-02-23T05:00:00Z,12.6,13.42,11.26,13.34,609139,5048,12.6732
2021-02-24T05:00:00Z,13.31,14.7,13.31,14.59,1269619,6830,14.4987
2021-02-25T05:00:00Z,14.7,16.5,14.14,14.505,1110390,7146,15.2372
2021-02-26T05:00:00Z,14.75,15.99,14.19,15.21,887364,4422,15.1979
2021-03-01T05:00:00Z,15.21,16.74,14.69,16.41,1247119,5549,15.8691
2021-03-02T05:00:00Z,16.53,17.11,15.56,16.005,1601106,5223,16.1198
2021-03-03T05:00:00Z,16.11,16.37,14.85,15.42,834824,4885,15.4493
2021-03-04T05:00:00Z,15.18,15.634,14.09,14.59,1127475,6126,14.7362
2021-03-05T05:00:00Z,14.5,15.29,13.57,15.09,921997,7488,14.4964
2021-03-08T05:00:00Z,15.37,15.65,14.93,15.03,465185,4306,15.1691
2021-03-09T05:00:00Z,15.11,16.39,15.11,15.63,354306,3416,15.8404
2021-03-10T05:00:00Z,16.07,16.4,15.43,15.8,310133,3107,15.8506
2021-03-11T05:00:00Z,15.97,17.09,15.88,16.91,421705,3773,16.7368
2021-03-12T05:00:00Z,17.02,17.83,16.79,17.72,502902,4222,17.4734
2021-03-15T04:00:00Z,17.77,18.2,16.94,17.2,546439,4702,17.4156
2021-03-16T04:00:00Z,17.47,17.93,16.18,17.06,737444,5285,16.8727
2021-03-17T04:00:00Z,17.25,18.41,16.41,17.85,801978,6612,17.652
2021-03-18T04:00:00Z,18.22,18.22,16.92,17.08,782077,4991,17.5636
2021-03-19T04:00:00Z,16.96,18.88,16.91,18.67,1381349,6193,18.0777
2021-03-22T04:00:00Z,19.26,21.48,19,21.06,991457,9042,20.4641
2021-03-23T04:00:00Z,21.41,21.75,19.92,20.18,767204,5886,20.667
2021-03-24T04:00:00Z,20.65,20.87,19.41,19.52,571160,4926,19.9089
2021-03-25T04:00:00Z,18.7547,20.21,17.88,20.06,783190,6916,19.1551
2021-03-26T04:00:00Z,20.25,20.86,18.24,19.5,869776,7053,19.4806
2021-03-29T04:00:00Z,20.255,20.59,18.34,18.46,686586,7497,18.8012
2021-03-30T04:00:00Z,18.36,18.8292,18.09,18.17,587052,6370,18.3585
2021-03-31T04:00:00Z,18.39,19.18,17.9,18.22,2049717,7716,18.2813
2021-04-01T04:00:00Z,18.24,19.91,18.1,19.83,4485402,6344,19.6828
2021-04-05T04:00:00Z,20.5,21.4382,19.27,19.96,1025364,7490,20.1434
2021-04-06T04:00:00Z,20.03,20.87,19.91,20.34,582480,4759,20.36
2021-04-07T04:00:00Z,20.14,21.09,19.92,20.11,792414,5614,20.3636
2021-04-08T04:00:00Z,20,21.95,19.95,21.73,1463505,6998,21.586
2021-04-09T04:00:00Z,22,24.3363,21.75,22.84,1467905,12910,22.8687
2021-04-12T04:00:00Z,23.31,24.1974,22.1,22.98,657824,7291,22.931
2021-04-13T04:00:00Z,22.7,22.82,20.7,21.1,759815,7924,21.361
2021-04-14T04:00:00Z,21.01,22.31,21.01,21.9,350978,4757,21.829
2021-04-15T04:00:00Z,22.1,23.1,21.9,22.6,699347,7103,22.6148
2021-04-16T04:00:00Z,23.17,23.34,20.87,21.46,615380,5804,21.6001
2021-04-19T04:00:00Z,21.7,21.88,20.7,20.98,438078,4952,21.1031
2021-04-20T04:00:00Z,20.73,21.2,19.63,20.5,671206,6763,20.3788
2021-04-21T04:00:00Z,20.53,21.8,20.33,21.25,485972,5450,21.1698
2021-04-22T04:00:00Z,21.28,22.04,20.56,21.33,539941,5508,21.4861
2021-04-23T04:00:00Z,21.45,22.44,21.34,22.05,589766,4466,22.065
2021-04-26T04:00:00Z,21.43,21.99,20.73,21.72,543825,5225,21.3304
2021-04-27T04:00:00Z,21.73,21.9,20.9,21.32,383049,5061,21.2354
2021-04-28T04:00:00Z,21.26,21.29,20.46,20.76,659893,5369,20.7979
2021-04-29T04:00:00Z,20.56,21.35,20.13,21.31,452456,4629,20.751
2021-04-30T04:00:00Z,21.71,23.21,21.3,22.36,1257248,8033,22.4253
2021-05-03T04:00:00Z,23.16,23.99,22.56,23.23,825122,8708,23.1127
2021-05-04T04:00:00Z,23.45,23.74,20.81,20.94,817327,6829,21.5435
2021-05-05T04:00:00Z,21.17,21.62,20.172,21.46,504638,5453,21.1811
2021-05-06T04:00:00Z,21.73,21.95,19.835,20.65,504282,5570,20.4343
2021-05-07T04:00:00Z,20.4,21.68,20.26,21.15,711759,3968,21.0922
2021-05-10T04:00:00Z,20.91,21.25,19.12,19.29,687920,6331,20.0355
2021-05-11T04:00:00Z,17.44,19.36,16.97,17.92,1337740,12947,18.0453
2021-05-12T04:00:00Z,17.8,18.04,16.8605,17.18,674132,8148,17.3858
2021-05-13T04:00:00Z,17.4,18.94,17.355,17.79,719476,9347,18.1494
2021-05-14T04:00:00Z,18.25,19.06,18.185,18.76,620850,6009,18.7058
2021-05-17T04:00:00Z,18.67,18.7,16.67,17.03,1272069,9734,17.2959
2021-05-18T04:00:00Z,17.6,17.709,16.59,16.66,935573,8914,17.0532
2021-05-19T04:00:00Z,16.03,17.045,15.7,16.72,1119418,11381,16.4583
2021-05-20T04:00:00Z,16.5,16.5,15.35,15.94,1652123,13540,15.9162
2021-05-21T04:00:00Z,16.09,16.8,15.94,16.45,720876,7701,16.4378
2021-05-24T04:00:00Z,16.53,17.71,16.26,17.22,759063,8046,17.1339
2021-05-25T04:00:00Z,17.07,17.39,15.94,16.5,870163,10338,16.5868
2021-05-26T04:00:00Z,16.46,16.79,15.82,16.63,735789,9191,16.322
2021-05-27T04:00:00Z,19.67,19.7499,17.41,17.91,6649212,44324,18.1294
2021-05-28T04:00:00Z,17.88,18.18,17.53,17.83,2160964,19007,17.9177
2021-06-01T04:00:00Z,18,18.28,17.41,18.15,20546873,30784,18.1184
2021-06-02T04:00:00Z,18.12,18.24,16.1501,16.41,2105298,17746,16.7494
2021-06-03T04:00:00Z,16.15,16.49,15.755,16.39,2877671,15890,16.1795
2021-06-04T04:00:00Z,16.17,16.57,15.9801,16.21,1206142,10013,16.2061
2021-06-07T04:00:00Z,16.49,16.49,15.881,15.98,919200,9949,16.0801
2021-06-08T04:00:00Z,16,16.05,15.18,15.43,1269603,14220,15.4444
2021-06-09T04:00:00Z,15.38,15.63,14.94,15.07,869849,10219,15.2105
2021-06-10T04:00:00Z,15.12,15.46,14.84,14.92,1009871,10139,15.1629
2021-06-11T04:00:00Z,14.85,15.16,14.7,15.12,811562,8556,15.0026
2021-06-14T04:00:00Z,15.28,16.27,15.255,15.95,1454919,14877,15.9559
2021-06-15T04:00:00Z,15.9,16.035,15.3,15.79,1533064,14776,15.602
2021-06-16T04:00:00Z,15.74,16.17,15.55,16.03,1589056,13819,15.9936
2021-06-17T04:00:00Z,16.18,17.03,16.05,16.75,1266767,12905,16.7795
2021-06-18T04:00:00Z,16.11,16.65,15.76,16.51,8739289,18045,16.4512
2021-06-21T04:00:00Z,16.61,16.97,16.11,16.65,1342319,11147,16.6099
2021-06-22T04:00:00Z,16.67,16.75,16.03,16.52,1839634,10326,16.4483
2021-06-23T04:00:00Z,16.425,17.0599,16.425,16.8,1635626,9905,16.8071
2021-06-24T04:00:00Z,16.98,17.06,16.64,16.92,1187639,9636,16.8081
2021-06-25T04:00:00Z,16.51,17.41,16.47,17.02,4852152,14500,16.998
2021-06-28T04:00:00Z,16.83,17.1,16.55,16.82,874735,8556,16.7686
2021-06-29T04:00:00Z,16.46,17.1,16.45,16.6,3162448,8046,16.7845
2021-06-30T04:00:00Z,16.55,16.96,16.41,16.62,2034985,6722,16.6423
2021-07-01T04:00:00Z,16.58,17.23,16.5,17.18,1163400,7797,17.0513
2021-07-02T04:00:00Z,17.12,17.31,16.54,16.79,582476,6554,16.8312
2021-07-06T04:00:00Z,16.75,17.24,16.56,16.89,1352660,8434,16.9735
2021-07-07T04:00:00Z,16.92,17.12,16.425,16.82,1020561,8661,16.7771
2021-07-08T04:00:00Z,16.41,16.885,16.14,16.53,690132,6659,16.5796
2021-07-09T04:00:00Z,16.71,16.7999,16.29,16.47,612457,5863,16.5713
2021-07-12T04:00:00Z,16.57,17,16.47,16.84,620438,5345,16.7809
2021-07-13T04:00:00Z,16.73,16.74,16.17,16.25,504280,6477,16.3573
2021-07-14T04:00:00Z,16.24,16.33,15.8,15.88,1000991,6809,15.9519
2021-07-15T04:00:00Z,15.89,16,15.47,15.77,583021,6090,15.7759
2021-07-16T04:00:00Z,16.205,16.205,14.25,14.45,761712,8356,14.6898
2021-07-19T04:00:00Z,14.1,14.42,13.54,13.97,792844,8648,13.9796
2021-07-20T04:00:00Z,14.02,15.1,13.95,14.93,960262,8402,14.8313
2021-07-21T04:00:00Z,14.91,15.45,14.73,15.35,621576,6182,15.3205
2021-07-22T04:00:00Z,15.36,15.61,14.79,14.9,537860,5415,15.0446
2021-07-23T04:00:00Z,15,15.15,14.7099,15.01,350147,4801,15.0171
2021-07-26T04:00:00Z,15.07,15.2,14.7,14.96,896983,4522,14.9595
2021-07-27T04:00:00Z,14.77,15.14,14.63,14.94,2000733,5163,14.9584
2021-07-28T04:00:00Z,14.95,15.44,14.95,15.32,1712957,4255,15.2502
2021-07-29T04:00:00Z,15.39,15.64,15.23,15.41,609341,5650,15.4356
2021-07-30T04:00:00Z,15.29,15.6126,15.22,15.34,690641,6143,15.3499
2021-08-02T04:00:00Z,15.36,15.51,14.59,14.7,639153,7016,14.8633
2021-08-03T04:00:00Z,14.71,14.82,14.31,14.81,560647,5406,14.7109
2021-08-04T04:00:00Z,14.66,15.36,14.39,14.46,652205,6349,14.8023
2021-08-05T04:00:00Z,14.46,15.39,14.46,15.08,628221,6318,15.0872
2021-08-06T04:00:00Z,15.16,15.21,14.4,14.72,797754,5382,14.7046
2021-08-09T04:00:00Z,14.88,15.15,14.4,14.82,557481,6453,14.765
2021-08-10T04:00:00Z,16.79,17,14.86,15,1515174,11859,15.5535
2021-08-11T04:00:00Z,15.16,15.89,14.72,15.52,853188,10234,15.4635
2021-08-12T04:00:00Z,15.41,15.89,15,15.87,467755,5642,15.6648
2021-08-13T04:00:00Z,15.87,15.9937,15.05,15.09,696728,5386,15.47
2021-08-16T04:00:00Z,15.08,15.08,14.35,14.44,916774,6147,14.5094
2021-08-17T04:00:00Z,14.22,14.38,13.25,13.71,856394,8479,13.6303
2021-08-18T04:00:00Z,14.18,14.25,13.75,14,601435,6718,14.0272
2021-08-19T04:00:00Z,13.86,14.4,13.68,13.96,569968,5975,14.0257
2021-08-20T04:00:00Z,14.32,15.19,14.227,15.03,775459,6936,14.9595
2021-08-23T04:00:00Z,15.21,15.64,15.09,15.38,836002,8049,15.3476
2021-08-24T04:00:00Z,15.36,15.53,15.16,15.43,450619,4897,15.4089
2021-08-25T04:00:00Z,15.34,15.68,15.18,15.63,599955,6252,15.555
2021-08-26T04:00:00Z,15.58,15.67,15.12,15.45,614072,6157,15.4508
2021-08-27T04:00:00Z,15.48,16.05,15.48,15.94,767468,6236,15.9151
2021-08-30T04:00:00Z,16.07,16.31,15.765,16.28,539620,5134,16.1696
2021-08-31T04:00:00Z,16.38,17.36,16.34,17.06,1049517,12368,16.9624
2021-09-01T04:00:00Z,17.38,17.5,16.85,17,1106533,9850,17.0434
2021-09-02T04:00:00Z,17.25,17.32,16.59,16.74,760140,7985,16.806
2021-09-03T04:00:00Z,16.59,16.89,16.2276,16.65,639957,6651,16.6641
2021-09-07T04:00:00Z,16.54,16.69,15.13,15.33,938874,10133,15.4423
2021-09-08T04:00:00Z,15.38,16.44,15.13,15.92,1836390,16236,15.9076
2021-09-09T04:00:00Z,16.175,16.89,16,16.43,1017933,10405,16.5263
2021-09-10T04:00:00Z,16.51,17.385,16.31,16.73,1010024,13013,16.8197
2021-09-13T04:00:00Z,16.74,16.765,14.44,15.38,2895074,25798,15.1388
2021-09-14T04:00:00Z,15.43,15.7808,14.51,14.57,1440965,15091,14.8812
2021-09-15T04:00:00Z,14.66,15.54,14.4,15.49,1336337,12986,15.2855
2021-09-16T04:00:00Z,15.56,15.85,15.15,15.74,1261849,9304,15.6731
2021-09-17T04:00:00Z,15.83,17.09,15.6,16.66,6018846,17314,16.6113
2021-09-20T04:00:00Z,16.14,16.5,15.48,15.75,1191703,8744,15.81
2021-09-21T04:00:00Z,15.97,16.87,15.96,16.66,1284508,8187,16.5625
2021-09-22T04:00:00Z,17,17,16.06,16.08,1569659,8464,16.4366
2021-09-23T04:00:00Z,16.09,16.42,15.32,15.61,1499345,8383,15.8595
2021-09-24T04:00:00Z,15.55,15.69,15.1,15.42,829839,8034,15.4658
2021-09-27T04:00:00Z,15.32,15.66,15.1,15.46,900800,8052,15.4213
2021-09-28T04:00:00Z,15.26,15.26,14.76,14.87,610924,6057,14.9019
2021-09-29T04:00:00Z,15.03,15.12,14.61,14.74,510274,5394,14.7539
2021-09-30T04:00:00Z,14.75,14.88,14.19,14.24,656715,6677,14.4309
2021-10-01T04:00:00Z,14.33,14.34,13.42,13.5,1146263,10089,13.6487
2021-10-04T04:00:00Z,13.45,13.49,12.89,13.05,1331761,8469,13.0643
2021-10-05T04:00:00Z,13.24,13.49,13,13.43,1737713,9419,13.3581
2021-10-06T04:00:00Z,13.37,13.605,12.94,13.05,2012473,13482,13.2586
2021-10-07T04:00:00Z,12.96,13.035,12.09,12.51,2595914,18085,12.4546
2021-10-08T04:00:00Z,12.53,13.255,12.46,12.53,1632777,13673,12.8711
2021-10-11T04:00:00Z,12.47,12.7,12.015,12.05,806196,7851,12.2245
2021-10-12T04:00:00Z,11.9,11.9,9.575,10.35,7077628,40120,10.1489
2021-10-13T04:00:00Z,10.18,11.75,10.1,11.35,3566105,25599,11.0141
2021-10-14T04:00:00Z,11.33,11.7,10.84,11.15,1070068,9241,11.1147
2021-10-15T04:00:00Z,11.34,11.39,10.81,10.95,911890,7949,11.0186
2021-10-18T04:00:00Z,10.85,11.07,10.64,10.89,677378,5962,10.8444
2021-10-19T04:00:00Z,11.08,11.29,10.922,11.09,716341,6750,11.1047
2021-10-20T04:00:00Z,11.11,11.2,10.93,11.11,593209,6599,11.0962
2021-10-21T04:00:00Z,11.14,11.255,10.79,10.82,773417,7146,10.9454
2021-10-22T04:00:00Z,10.85,10.935,10.41,10.6,1225837,6307,10.5891
2021-10-25T04:00:00Z,10.64,11.115,10.4,10.96,1010173,7709,10.9011
2021-10-26T04:00:00Z,10.95,11.19,10.81,10.9,615309,6629,10.9519
2021-10-27T04:00:00Z,10.8,10.99,10.64,10.66,508191,5201,10.767
2021-10-28T04:00:00Z,10.835,11.01,10.62,10.91,643837,6248,10.8968
2021-10-29T04:00:00Z,10.86,11.06,10.75,10.98,671411,6880,10.9644
2021-11-01T04:00:00Z,11.08,11.3967,10.94,11.2,887354,9859,11.2151
2021-11-02T04:00:00Z,11.26,11.478,10.87,10.99,587077,7369,10.9908
2021-11-03T04:00:00Z,10.9,11.43,10.9,11.38,880059,8097,11.2822
2021-11-04T04:00:00Z,11.3,11.48,11.24,11.44,727782,6825,11.3953
2021-11-05T04:00:00Z,11.49,11.56,11.11,11.26,1471934,11947,11.3142
2021-11-08T05:00:00Z,11.35,11.85,11.085,11.76,1195188,8605,11.6438
2021-11-09T05:00:00Z,11.65,12.3,11.32,11.4,2602567,15411,11.8111
2021-11-10T05:00:00Z,10.68,11.21,9.69,11.01,1623737,16509,10.8044
2021-11-11T05:00:00Z,11.18,11.43,10.91,11.04,632143,6274,11.0719
2021-11-12T05:00:00Z,11.04,11.37,10.95,11.17,557644,5783,11.1808
2021-11-15T05:00:00Z,11.31,11.31,10.73,10.8,844532,5350,10.8759
2021-11-16T05:00:00Z,10.79,11.03,10.52,10.99,925543,6912,10.8577
2021-11-17T05:00:00Z,10.93,10.96,10.45,10.54,932194,6763,10.5878
2021-11-18T05:00:00Z,10.58,10.59,9.69,9.87,973373,7603,9.96364
2021-11-19T05:00:00Z,10.05,10.05,9.64,9.92,968381,8975,9.84858
2021-11-22T05:00:00Z,10.1,10.37,9.94,10.17,1016046,8596,10.1979
2021-11-23T05:00:00Z,10.44,10.65,9.965,10.41,1723167,10154,10.3554
2021-11-24T05:00:00Z,10.24,10.59,10.05,10.47,604065,5122,10.4459
2021-11-26T05:00:00Z,10.15,10.175,9.67,9.95,743740,5245,9.91207
2021-11-29T05:00:00Z,10.02,10.06,9.7,9.76,720233,6764,9.82949
2021-11-30T05:00:00Z,9.76,10.19,9.7,10.06,871248,6089,9.99675
2021-12-01T05:00:00Z,10.42,10.62,9.85,9.86,852334,7126,10.1441
2021-12-02T05:00:00Z,10.3,10.3,9.5,9.62,1313985,9195,9.64448
2021-12-03T05:00:00Z,9.62,9.64,9.32,9.54,737594,6079,9.50795
2021-12-06T05:00:00Z,9.58,10.011,9.36,9.82,443199,4391,9.821
2021-12-07T05:00:00Z,10.09,10.66,9.98,10.35,1424512,5276,10.3796
2021-12-08T05:00:00Z,10.54,10.62,10.1,10.4,662207,4547,10.4132
2021-12-09T05:00:00Z,10.28,10.39,9.85,9.87,713203,5345,9.97887
2021-12-10T05:00:00Z,10.01,10.23,9.59,9.66,444763,4587,9.71532
2021-12-13T05:00:00Z,9.75,10.145,9.56,9.62,1289966,8364,9.65932
2021-12-14T05:00:00Z,9.44,9.69,9.1,9.33,1040894,10632,9.30716
2021-12-15T05:00:00Z,9.43,9.45,8.93,9.11,2054695,15660,9.09698
2021-12-16T05:00:00Z,9.08,9.595,9.03,9.07,1079570,10067,9.17567
2021-12-17T05:00:00Z,9.2,9.51,8.67,9.49,7043337,14714,9.43525
2021-12-20T05:00:00Z,9.25,9.3,8.57,9.02,964462,10383,8.93739
2021-12-21T05:00:00Z,9.11,9.64,9.02,9.61,681961,5581,9.48576
2021-12-22T05:00:00Z,9.6,10.06,9.43,10.03,570451,6799,9.93743
2021-12-23T05:00:00Z,10.1,10.39,9.85,10.2,853465,5103,10.2058
2021-12-27T05:00:00Z,10.12,10.12,9.68,9.76,609582,4577,9.80541
2021-12-28T05:00:00Z,9.82,9.94,9.22,9.27,609316,4678,9.38669
2021-12-29T05:00:00Z,9.26,9.33,9.02,9.19,441112,3828,9.16269
2021-12-30T05:00:00Z,9.19,9.47,9.19,9.3,499568,5186,9.32802
2021-12-31T05:00:00Z,9.32,9.48,9.23,9.24,807648,5690,9.31161
2022-01-03T05:00:00Z,9.42,9.67,9.05,9.57,996533,5656,9.5439
2022-01-04T05:00:00Z,9.63,9.67,8.85,8.89,904017,7188,8.95973
2022-01-05T05:00:00Z,9.115,9.115,8.4,8.4,836461,6780,8.55892
2022-01-06T05:00:00Z,8.4,8.84,8.21,8.45,771588,6406,8.45405
2022-01-07T05:00:00Z,8.54,8.585,8.185,8.22,696489,3977,8.25492
2022-01-10T05:00:00Z,8.35,8.38,8.02,8.33,1162858,6387,8.30319
2022-01-11T05:00:00Z,8.39,8.77,8.15,8.76,629258,6002,8.6713
2022-01-12T05:00:00Z,8.77,8.87,8.31,8.38,1015626,6619,8.47183
2022-01-13T05:00:00Z,8.44,8.89,8.19,8.22,893143,6645,8.25828
2022-01-14T05:00:00Z,8.13,8.45,8,8.42,880955,6641,8.35105
2022-01-18T05:00:00Z,8.2,8.25,7.64,7.67,1363505,9777,7.76542
2022-01-19T05:00:00Z,7.73,8,7.63,7.72,955018,8585,7.79132
2022-01-20T05:00:00Z,7.83,8.26,7.63,7.63,809710,8534,7.7798
2022-01-21T05:00:00Z,7.53,7.79,7.3,7.31,998493,9758,7.39916
2022-01-24T05:00:00Z,7.13,7.55,6.87,7.53,1392207,10593,7.39143
2022-01-25T05:00:00Z,7.38,7.67,7.14,7.47,987957,8919,7.45136
2022-01-26T05:00:00Z,7.57,7.74,7.2,7.32,1109001,10132,7.42631
2022-01-27T05:00:00Z,7.41,7.46,6.83,6.91,803589,6762,6.98206
2022-01-28T05:00:00Z,7.06,7.12,6.69,7.11,877232,7636,7.00338
2022-01-31T05:00:00Z,7.09,7.76,7.09,7.69,1048984,6525,7.62859
2022-02-01T05:00:00Z,7.69,7.69,7.29,7.4,810237,7089,7.40617
2022-02-02T05:00:00Z,7.42,7.49,7.14,7.18,890919,6971,7.2064
2022-02-03T05:00:00Z,7.14,7.35,7,7.06,1076513,9364,7.13115
2022-02-04T05:00:00Z,7.02,7.27,6.97,7.19,1022246,8122,7.17128
2022-02-07T05:00:00Z,7.25,7.56,7.25,7.48,791447,5446,7.46045
2022-02-08T05:00:00Z,7.42,7.71,7.32,7.67,1212144,4070,7.60629
2022-02-09T05:00:00Z,7.77,7.97,7.75,7.95,705732,6247,7.91707
2022-02-10T05:00:00Z,7.67,8.06,7.47,7.63,1579040,6955,7.6774
2022-02-11T05:00:00Z,7.55,7.86,7.47,7.62,916629,5376,7.6279
2022-02-14T05:00:00Z,7.68,7.83,7.4,7.48,2038001,5211,7.51788
2022-02-15T05:00:00Z,7.57,8.09,7.57,8.03,2576555,8217,7.9931
2022-02-16T05:00:00Z,7.97,8.0199,7.71,7.78,662390,7735,7.81258
2022-02-17T05:00:00Z,7.68,7.73,6.765,6.85,1271957,9799,6.92957
2022-02-18T05:00:00Z,6.85,6.97,6.42,6.47,1268549,10613,6.52687
2022-02-22T05:00:00Z,6.46,7.02,6.38,6.78,1608593,13255,6.79794
2022-02-23T05:00:00Z,6.79,6.89,6.61,6.64,1388022,10727,6.69503
2022-02-24T05:00:00Z,6.37,7.19,6.37,7.18,1930593,10419,7.00068
2022-02-25T05:00:00Z,7.25,7.43,7.05,7.31,887127,8372,7.23744
2022-02-28T05:00:00Z,7.26,7.58,7.26,7.44,897407,8642,7.42465
2022-03-01T05:00:00Z,7.57,7.57,7.17,7.24,1380519,11505,7.29702
2022-03-02T05:00:00Z,8.14,9.27,7.96,8.79,4096850,30573,8.8686
2022-03-03T05:00:00Z,8.868,9.1299,8.416,8.81,1779468,13135,8.86908
2022-03-04T05:00:00Z,8.69,9,8.5,8.6,1269520,8334,8.63995
2022-03-07T05:00:00Z,8.6,9.2,8.51,8.95,1180731,12438,8.9512
2022-03-08T05:00:00Z,9,9,8.42,8.48,1220239,9860,8.56511
2022-03-09T05:00:00Z,8.65,8.6876,8.15,8.57,1873278,10275,8.50634
2022-03-10T05:00:00Z,8.4,8.54,8.22,8.39,836179,8783,8.37763
2022-03-11T05:00:00Z,8.48,8.48,7.57,7.62,1540201,12651,7.74693
2022-03-14T04:00:00Z,7.59,7.77,7.23,7.31,1471192,11029,7.36191
2022-03-15T04:00:00Z,7.36,7.49,7.19,7.45,1221557,8609,7.42598
2022-03-16T04:00:00Z,7.52,7.82,7.45,7.81,1359630,9390,7.74363
2022-03-17T04:00:00Z,7.8,7.94,7.59,7.91,1322096,12973,7.84034
2022-03-18T04:00:00Z,7.89,7.93,7.33,7.35,8149010,14616,7.39213
2022-03-21T04:00:00Z,7.58,7.78,7.37,7.54,1736155,13386,7.58254
2022-03-22T04:00:00Z,7.54,7.74,7.525,7.66,1258689,9760,7.6463
2022-03-23T04:00:00Z,7.57,7.6,7.165,7.25,942793,9118,7.29779
2022-03-24T04:00:00Z,7.31,7.36,7.06,7.34,984463,9602,7.23598
2022-03-25T04:00:00Z,7.37,7.4,7.17,7.24,740750,6499,7.26442
2022-03-28T04:00:00Z,7.19,7.3872,7.07,7.3,581658,5645,7.24764
2022-03-29T04:00:00Z,7.4,7.89,7.34,7.83,1015421,9231,7.7532
2022-03-30T04:00:00Z,7.8,7.98,7.66,7.67,1020835,8374,7.79631
2022-03-31T04:00:00Z,7.63,7.85,7.585,7.62,1082495,5671,7.65475
2022-04-01T04:00:00Z,7.62,7.9,7.46,7.89,1233490,8784,7.8302
2022-04-04T04:00:00Z,7.9,8.27,7.82,8.15,1018226,8053,8.11749
2022-04-05T04:00:00Z,8.11,8.13,7.82,7.97,1162850,9146,7.94944
2022-04-06T04:00:00Z,7.93,8.005,7.67,7.87,1040223,8322,7.87037
2022-04-07T04:00:00Z,7.84,8.05,7.61,7.99,1096890,7785,7.94346
2022-04-08T04:00:00Z,7.95,8.075,7.71,7.85,878915,6813,7.87226
2022-04-11T04:00:00Z,7.74,7.87,7.57,7.71,2075817,12759,7.73878
2022-04-12T04:00:00Z,7.84,8.16,7.53,7.65,1284971,8863,7.78811
2022-04-13T04:00:00Z,7.7,7.87,7.68,7.82,683235,5637,7.80866
2022-04-14T04:00:00Z,7.82,7.898,7.3,7.35,1265194,7809,7.51188
2022-04-18T04:00:00Z,7.37,7.37,7.01,7.04,779483,6174,7.0807
2022-04-19T04:00:00Z,7.05,7.655,7.05,7.52,709565,6108,7.49816
2022-04-20T04:00:00Z,7.59,7.67,7.35,7.53,483920,4676,7.54041
2022-04-21T04:00:00Z,7.69,7.8312,7.03,7.11,1014341,7685,7.16279
2022-04-22T04:00:00Z,7.1,7.2,6.77,6.8,627215,5577,6.85504
2022-04-25T04:00:00Z,6.7,6.92,6.63,6.91,634350,6054,6.82744
2022-04-26T04:00:00Z,6.77,6.81,6.4,6.43,1022907,6310,6.46073
2022-04-27T04:00:00Z,6.4,6.65,6.38,6.42,748775,7285,6.46671
2022-04-28T04:00:00Z,6.57,6.76,6.23,6.71,891186,7532,6.63548
2022-04-29T04:00:00Z,6.59,6.86,6.41,6.44,584384,3748,6.50746
2022-05-02T04:00:00Z,6.38,6.68,6.32,6.67,1256362,7253,6.59877
2022-05-03T04:00:00Z,6.67,6.93,6.58,6.9,758213,6653,6.85585
2022-05-04T04:00:00Z,6.9,7.52,6.75,7.37,1264928,10967,7.2691
2022-05-05T04:00:00Z,7.27,7.27,6.53,6.72,1335779,8154,6.72909
2022-05-06T04:00:00Z,6.59,6.645,6.17,6.21,1239082,9521,6.34988
2022-05-09T04:00:00Z,6.05,6.09,5.62,5.62,2397227,12569,5.70492
2022-05-10T04:00:00Z,5.84,5.89,5.3,5.53,2093190,17883,5.53597
2022-05-11T04:00:00Z,5.5,6.53,5.5,5.88,2907697,17006,6.03718
2022-05-12T04:00:00Z,5.75,6.16,5.52,5.94,1863297,13887,5.90827
2022-05-13T04:00:00Z,6.03,6.32,6.01,6.17,1357525,12220,6.16965
2022-05-16T04:00:00Z,6.06,6.35,5.77,5.79,962974,10299,5.89102
2022-05-17T04:00:00Z,5.98,6.1,5.82,5.92,717075,5909,5.91192
2022-05-18T04:00:00Z,5.66,5.778,5.375,5.46,1536651,10370,5.4714
2022-05-19T04:00:00Z,5.45,6.11,5.41,5.89,1516015,13799,5.92459
2022-05-20T04:00:00Z,5.98,6.15,5.73,5.98,725103,7590,5.9166
2022-05-23T04:00:00Z,6.05,6.05,5.695,5.75,1100631,7791,5.79315
2022-05-24T04:00:00Z,5.71,5.78,5.58,5.64,959418,7298,5.65137
2022-05-25T04:00:00Z,5.63,5.75,5.45,5.72,1137216,9245,5.62845
2022-05-26T04:00:00Z,5.75,5.895,5.52,5.61,980790,7882,5.68357
2022-05-27T04:00:00Z,5.62,5.99,5.62,5.97,871246,6586,5.9427
2022-05-31T04:00:00Z,5.89,5.99,5.58,5.61,2959809,10585,5.63737
2022-06-01T04:00:00Z,5.75,5.75,5.44,5.5,1504527,10349,5.51377
2022-06-02T04:00:00Z,5.47,5.74,5.41,5.54,1511298,11658,5.57733
2022-06-03T04:00:00Z,5.62,5.64,5.44,5.56,845945,7921,5.54369
2022-06-06T04:00:00Z,5.58,5.65,5.3,5.38,900293,7940,5.41017
2022-06-07T04:00:00Z,5.33,5.54,5.33,5.51,995177,6437,5.50026
2022-06-08T04:00:00Z,5.43,5.51,5.34,5.36,719937,5318,5.38869
2022-06-09T04:00:00Z,5.28,5.31,5.05,5.1,1186603,8875,5.16093
2022-06-10T04:00:00Z,5.02,5.15,4.92,5.05,911312,6463,5.05216
2022-06-13T04:00:00Z,4.85,5.07,4.79,4.91,1232457,9818,4.89472
2022-06-14T04:00:00Z,4.89,4.96,4.735,4.93,1226257,9848,4.90009
2022-06-15T04:00:00Z,5,5.26,4.975,5.19,1042966,9277,5.13343
2022-06-16T04:00:00Z,4.99,5.14,4.89,4.96,1041343,9167,4.97069
2022-06-17T04:00:00Z,5.05,5.33,5.05,5.14,4151625,10801,5.15296
2022-06-21T04:00:00Z,5.25,5.39,5.045,5.25,1593766,9197,5.25265
2022-06-22T04:00:00Z,5.19,5.35,5.1,5.16,966874,8068,5.18596
2022-06-23T04:00:00Z,5.16,5.29,5.15,5.23,1064282,7652,5.23412
2022-06-24T04:00:00Z,5.2,5.32,4.925,5,3670576,9575,5.04184
2022-06-27T04:00:00Z,5,5.08,4.87,4.92,948683,7367,4.94868
2022-06-28T04:00:00Z,4.95,5.005,4.73,4.74,1186083,8114,4.77684
2022-06-29T04:00:00Z,4.75,4.85,4.62,4.82,710739,6209,4.7995
2022-06-30T04:00:00Z,4.71,4.98,4.64,4.88,922753,7001,4.88165
2022-07-01T04:00:00Z,4.87,5.015,4.84,5,1120778,6266,4.98974
2022-07-05T04:00:00Z,4.91,5.33,4.88,5.29,1904148,10359,5.24579
2022-07-06T04:00:00Z,5.26,5.35,5.15,5.24,728509,5666,5.24662
2022-07-07T04:00:00Z,5.29,5.46,5.22,5.36,1272328,7968,5.35879
2022-07-08T04:00:00Z,5.29,5.38,5.06,5.1,1103294,8364,5.15963
2022-07-11T04:00:00Z,5.06,5.13,4.895,4.93,1130837,8674,4.955
2022-07-12T04:00:00Z,5.01,5.245,4.89,5.19,3574265,5735,5.15035
2022-07-13T04:00:00Z,5.08,5.54,5.05,5.41,3050360,5884,5.41226
2022-07-14T04:00:00Z,5.29,5.41,5.01,5.17,911560,6147,5.18684
2022-07-15T04:00:00Z,5.3,5.3,5.13,5.27,539083,4174,5.24663
2022-07-18T04:00:00Z,5.32,5.41,5.07,5.1,780051,4549,5.1247
2022-07-19T04:00:00Z,5.21,5.335,5.12,5.3,1679069,5353,5.29445
2022-07-20T04:00:00Z,5.34,5.54,5.32,5.46,1088198,5674,5.44994
2022-07-21T04:00:00Z,5.46,5.58,5.4,5.5,488125,3150,5.48864
2022-07-22T04:00:00Z,5.55,5.6,5.3,5.37,909905,4078,5.3934
2022-07-25T04:00:00Z,5.42,5.51,5.36,5.47,586965,4613,5.46013
2022-07-26T04:00:00Z,5.41,5.53,5.23,5.47,807929,4247,5.45366
2022-07-27T04:00:00Z,5.53,5.915,5.42,5.88,871506,5343,5.81066
2022-07-28T04:00:00Z,5.88,5.965,5.73,5.91,588752,4337,5.88565
2022-07-29T04:00:00Z,5.86,5.9099,5.66,5.74,560505,4143,5.739
2022-08-01T04:00:00Z,5.66,5.815,5.62,5.7,627418,5361,5.70652
2022-08-02T04:00:00Z,5.67,5.76,5.59,5.62,564690,4790,5.64335
2022-08-03T04:00:00Z,5.71,5.89,5.7,5.76,1827158,8242,5.77559
2022-08-04T04:00:00Z,5.81,5.93,5.63,5.92,1055696,6013,5.84923
2022-08-05T04:00:00Z,5.82,6.195,5.785,6.19,710461,4912,6.14071
2022-08-08T04:00:00Z,6.19,6.52,6.1,6.43,1437048,13699,6.40727
2022-08-09T04:00:00Z,6.45,6.45,5.82,6.01,1272741,8542,6.02714
2022-08-10T04:00:00Z,5.19,5.33,4.63,4.81,3530921,16882,4.81507
2022-08-11T04:00:00Z,4.9,4.92,4.69,4.78,2029568,11677,4.80737
2022-08-12T04:00:00Z,4.8,4.8451,4.69,4.72,1187281,10028,4.73969
2022-08-15T04:00:00Z,4.71,4.89,4.66,4.87,1351382,10726,4.8239
2022-08-16T04:00:00Z,4.86,4.93,4.71,4.85,1435783,9063,4.83798
2022-08-17T04:00:00Z,4.81,4.81,4.44,4.44,1181000,6923,4.48826
2022-08-18T04:00:00Z,4.52,4.55,4.32,4.53,1324738,9162,4.47163
2022-08-19T04:00:00Z,4.47,4.53,4.22,4.23,1014925,6946,4.27992
2022-08-22T04:00:00Z,4.21,4.28,4.045,4.09,954149,6682,4.11441
2022-08-23T04:00:00Z,4.09,4.15,3.96,4.07,1025177,6700,4.05435
2022-08-24T04:00:00Z,4.05,4.11,3.98,4.01,1011018,6516,4.03008
2022-08-25T04:00:00Z,4.05,4.16,3.995,4.14,905402,5762,4.10975
2022-08-26T04:00:00Z,4.2,4.22,3.87,3.89,1276876,5843,3.92914
2022-08-29T04:00:00Z,3.84,3.92,3.79,3.8,1268005,8364,3.83603
2022-08-30T04:00:00Z,3.8,3.885,3.73,3.76,1312271,8027,3.76491
2022-08-31T04:00:00Z,3.76,3.82,3.56,3.59,1350939,8324,3.61511
2022-09-01T04:00:00Z,3.59,3.69,3.4894,3.67,1382126,9268,3.63071
2022-09-02T04:00:00Z,3.67,3.71,3.47,3.49,1516361,8292,3.54507
2022-09-06T04:00:00Z,3.51,3.7575,3.51,3.63,1767692,11255,3.65101
2022-09-07T04:00:00Z,3.58,3.66,3.41,3.52,2257904,11457,3.50902
2022-09-08T04:00:00Z,3.51,3.74,3.48,3.6,1837861,10674,3.60539
2022-09-09T04:00:00Z,3.65,3.75,3.59,3.7,1494292,11115,3.69671
2022-09-12T04:00:00Z,3.71,3.75,3.5,3.75,1231866,12054,3.70675
2022-09-13T04:00:00Z,3.69,3.69,3.435,3.47,1828721,11408,3.48418
2022-09-14T04:00:00Z,3.51,3.6,3.44,3.55,1793310,13718,3.53467
2022-09-15T04:00:00Z,3.51,3.64,3.5,3.56,1242884,10621,3.56672
2022-09-16T04:00:00Z,3.52,3.52,3.37,3.38,13012371,13885,3.38383
2022-09-19T04:00:00Z,3.37,3.45,3.33,3.43,1072878,8804,3.41503
2022-09-20T04:00:00Z,3.38,3.415,3.2,3.27,710464,5669,3.27896
2022-09-21T04:00:00Z,3.28,3.42,3.23,3.26,1036419,6501,3.30878
2022-09-22T04:00:00Z,3.21,3.24,3.14,3.19,724811,4831,3.18156
2022-09-23T04:00:00Z,3.14,3.18,3.08,3.14,695631,5982,3.12489
2022-09-26T04:00:00Z,3.12,3.24,3.12,3.14,1567085,6019,3.15977
2022-09-27T04:00:00Z,3.19,3.275,3.14,3.22,693415,5227,3.21269
2022-09-28T04:00:00Z,3.24,3.405,3.24,3.37,562250,3998,3.34532
2022-09-29T04:00:00Z,3.3,3.31,3.22,3.25,642438,4595,3.25549
2022-09-30T04:00:00Z,3.23,3.425,3.23,3.24,853982,5264,3.28197
2022-10-03T04:00:00Z,3.29,3.29,3.205,3.26,433522,4444,3.25406
2022-10-04T04:00:00Z,3.36,3.44,3.32,3.43,597170,4407,3.41013
2022-10-05T04:00:00Z,3.34,3.385,3.27,3.32,346109,3579,3.32289
2022-10-06T04:00:00Z,3.29,3.36,3.27,3.31,363094,2786,3.31443
2022-10-07T04:00:00Z,3.31,3.315,3.15,3.2,567342,3519,3.19389
2022-10-10T04:00:00Z,3.2,3.27,3.11,3.22,561124,4354,3.19935
2022-10-11T04:00:00Z,3.2,3.32,3.105,3.3,605074,4358,3.26569
2022-10-12T04:00:00Z,3.3,3.33,3.19,3.21,510417,3607,3.2182
2022-10-13T04:00:00Z,3.1,3.295,3.07,3.28,499659,4157,3.2363
2022-10-14T04:00:00Z,3.31,3.3585,3.17,3.2,623581,4977,3.22523
2022-10-17T04:00:00Z,3.3,3.325,3.21,3.28,511517,3616,3.27908
2022-10-18T04:00:00Z,3.35,3.43,3.28,3.32,496374,4309,3.33425
2022-10-19T04:00:00Z,3.3,3.3,3.09,3.15,668901,3653,3.14889
2022-10-20T04:00:00Z,3.15,3.235,3.11,3.12,423618,3488,3.15559
2022-10-21T04:00:00Z,3.17,3.17,3.04,3.15,591687,5054,3.12186
2022-10-24T04:00:00Z,3.19,3.19,3.095,3.15,299958,3017,3.13633
2022-10-25T04:00:00Z,3.15,3.23,3.15,3.18,1048959,4048,3.18181
2022-10-26T04:00:00Z,3.2,3.34,3.185,3.28,499210,4064,3.26422
2022-10-27T04:00:00Z,3.29,3.335,3.22,3.26,368602,3376,3.27333
2022-10-28T04:00:00Z,3.29,3.34,3.24,3.3,462890,3435,3.29679
2022-10-31T04:00:00Z,3.27,3.31,3.22,3.28,448486,3264,3.27155
2022-11-01T04:00:00Z,3.31,3.4,3.31,3.36,288093,2882,3.36468
2022-11-02T04:00:00Z,3.34,3.395,3.24,3.26,497813,5542,3.28072
2022-11-03T04:00:00Z,3.19,3.215,3.075,3.12,334294,3008,3.12023
2022-11-04T04:00:00Z,3.14,3.18,3.045,3.17,402185,4731,3.12909
2022-11-07T05:00:00Z,3.18,3.29,3.18,3.28,472861,5315,3.26839
2022-11-08T05:00:00Z,3.31,3.32,3.195,3.22,784320,4425,3.24527
2022-11-09T05:00:00Z,3.2,3.25,3.05,3.09,594460,5020,3.1143
2022-11-10T05:00:00Z,2.58,2.68,2.23,2.63,2485954,11752,2.52235
2022-11-11T05:00:00Z,2.66,2.97,2.635,2.88,1352936,11018,2.85166
2022-11-14T05:00:00Z,2.81,2.94,2.81,2.85,744891,5698,2.86299
2022-11-15T05:00:00Z,2.85,3,2.85,2.87,499833,4769,2.90813
2022-11-16T05:00:00Z,2.84,2.875,2.7,2.7,628505,4988,2.7516
2022-11-17T05:00:00Z,2.7,2.7,2.58,2.6,549409,3626,2.61853
2022-11-18T05:00:00Z,2.67,2.67,2.56,2.59,957094,2425,2.60568
2022-11-21T05:00:00Z,2.6,2.64,2.55,2.6,442662,3679,2.58607
2022-11-22T05:00:00Z,2.6,2.73,2.55,2.71,637342,5224,2.68266
2022-11-23T05:00:00Z,2.74,2.85,2.69,2.83,588001,4877,2.79894
2022-11-25T05:00:00Z,2.85,2.8615,2.76,2.78,193246,1676,2.79347
2022-11-28T05:00:00Z,2.74,2.78,2.62,2.64,587718,3191,2.66927
2022-11-29T05:00:00Z,2.63,2.71,2.63,2.68,537820,4771,2.67415
2022-11-30T05:00:00Z,2.7,2.74,2.63,2.74,719511,4088,2.70625
2022-12-01T05:00:00Z,2.74,2.8,2.7004,2.74,412218,3022,2.74896
2022-12-02T05:00:00Z,2.7,2.73,2.61,2.72,410664,3172,2.69611
2022-12-05T05:00:00Z,2.7,2.7,2.59,2.63,598492,4622,2.62889
2022-12-06T05:00:00Z,2.62,2.64,2.58,2.6,625089,4974,2.60119
2022-12-07T05:00:00Z,2.58,2.675,2.57,2.65,430556,4644,2.64753
2022-12-08T05:00:00Z,2.65,2.73,2.605,2.71,360785,2967,2.6781
2022-12-09T05:00:00Z,2.71,2.7827,2.63,2.65,350365,4007,2.68856
2022-12-12T05:00:00Z,2.62,2.685,2.56,2.62,424576,3828,2.62023
2022-12-13T05:00:00Z,2.73,2.8,2.61,2.7,1145846,6458,2.69478
2022-12-14T05:00:00Z,2.7,2.755,2.645,2.71,432840,4132,2.70898
2022-12-15T05:00:00Z,2.67,2.68,2.54,2.54,452643,5023,2.58201
2022-12-16T05:00:00Z,2.52,2.635,2.48,2.57,5791771,5680,2.56639
2022-12-19T05:00:00Z,2.57,2.6,2.4615,2.55,679836,5537,2.54507
2022-12-20T05:00:00Z,2.51,2.56,2.465,2.51,647581,5563,2.51575
2022-12-21T05:00:00Z,2.54,2.62,2.51,2.61,762825,4718,2.56687
2022-12-22T05:00:00Z,2.58,2.64,2.57,2.59,594731,4400,2.59259
2022-12-23T05:00:00Z,2.62,2.64,2.555,2.59,534662,3836,2.57944
2022-12-27T05:00:00Z,2.56,2.585,2.48,2.49,505727,3693,2.50276
2022-12-28T05:00:00Z,2.49,2.535,2.455,2.48,516776,4118,2.48654
2022-12-29T05:00:00Z,2.54,2.62,2.5,2.62,534580,3898,2.59134
2022-12-30T05:00:00Z,2.58,2.7,2.58,2.69,646298,4169,2.65585
2023-01-03T05:00:00Z,2.71,2.79,2.59,2.61,442857,3139,2.64189
2023-01-04T05:00:00Z,2.61,2.72,2.58,2.7,929670,5904,2.64913
2023-01-05T05:00:00Z,2.7,2.71,2.63,2.67,442633,4027,2.66658
2023-01-06T05:00:00Z,2.68,2.68,2.59,2.64,811490,7231,2.62409
2023-01-09T05:00:00Z,2.65,2.71,2.61,2.7,545060,3929,2.67324
2023-01-10T05:00:00Z,2.69,2.78,2.655,2.77,910995,3290,2.73559
2023-01-11T05:00:00Z,2.78,2.85,2.72,2.85,923378,3866,2.79096
2023-01-12T05:00:00Z,2.86,2.9,2.81,2.9,744606,6237,2.86911
2023-01-13T05:00:00Z,2.87,2.905,2.54,2.59,821811,5083,2.66066
2023-01-17T05:00:00Z,2.61,2.67,2.56,2.66,698549,7720,2.62018
2023-01-18T05:00:00Z,2.66,2.7,2.55,2.56,760725,5556,2.58895
2023-01-19T05:00:00Z,2.56,2.575,2.46,2.56,751612,5706,2.52176
2023-01-20T05:00:00Z,2.58,2.61,2.5,2.61,659875,3874,2.57758
2023-01-23T05:00:00Z,2.62,2.62,2.55,2.56,392755,3047,2.57098
2023-01-24T05:00:00Z,2.55,2.615,2.5,2.58,542604,3832,2.56179
2023-01-25T05:00:00Z,2.57,2.57,2.41,2.48,895570,6083,2.44746
2023-01-26T05:00:00Z,2.52,2.575,2.495,2.56,698817,4621,2.53724
2023-01-27T05:00:00Z,2.55,2.625,2.52,2.6,615248,4841,2.57317
2023-01-30T05:00:00Z,2.59,2.61,2.45,2.47,734955,5015,2.49025
2023-01-31T05:00:00Z,2.49,2.585,2.47,2.56,845262,4089,2.54312
2023-02-01T05:00:00Z,2.54,2.65,2.525,2.63,578053,5156,2.6049
2023-02-02T05:00:00Z,2.64,2.95,2.63,2.93,804876,5344,2.85428
2023-02-03T05:00:00Z,2.87,2.92,2.77,2.8,720767,4208,2.81819
2023-02-06T05:00:00Z,2.8,2.855,2.76,2.79,518101,3445,2.79897
2023-02-07T05:00:00Z,2.78,2.87,2.715,2.81,1355638,3932,2.80533
2023-02-08T05:00:00Z,2.8,2.88,2.76,2.78,502305,3761,2.81557
2023-02-09T05:00:00Z,2.76,2.81,2.69,2.72,581143,4334,2.74618
2023-02-10T05:00:00Z,2.7,2.7,2.57,2.6,628916,4437,2.60944
2023-02-13T05:00:00Z,2.59,2.79,2.58,2.77,855923,5510,2.70465
2023-02-14T05:00:00Z,2.74,2.83,2.73,2.78,526316,3497,2.78063
2023-02-15T05:00:00Z,2.77,3,2.735,2.92,841020,5174,2.87998
2023-02-16T05:00:00Z,2.84,2.94,2.74,2.75,673524,3819,2.82404
2023-02-17T05:00:00Z,2.76,2.76,2.52,2.56,795066,5189,2.59389
2023-02-21T05:00:00Z,2.54,2.54,2.3401,2.42,1214311,7749,2.39844
2023-02-22T05:00:00Z,2.45,2.605,2.45,2.51,1427528,8345,2.5384
2023-02-23T05:00:00Z,2.5,2.5,2.44,2.46,655267,4576,2.46032
2023-02-24T05:00:00Z,2.455,2.48,2.28,2.39,1218518,6801,2.37134
2023-02-27T05:00:00Z,2.44,2.5,2.41,2.45,481978,4091,2.45373
2023-02-28T05:00:00Z,2.44,2.5,2.44,2.45,778067,4163,2.46643
2023-03-01T05:00:00Z,2.46,2.46,2.25,2.28,844284,6028,2.29347
2023-03-02T05:00:00Z,2.25,2.72,2.2,2.72,2182882,11275,2.60842
2023-03-03T05:00:00Z,2.68,2.93,2.63,2.92,1630296,8462,2.85862
2023-03-06T05:00:00Z,2.77,2.795,2.32,2.38,3556343,20079,2.44117
2023-03-07T05:00:00Z,2.38,2.38,2.22,2.31,1970820,10402,2.28885
2023-03-08T05:00:00Z,2.3,2.35,2.205,2.34,1984431,13187,2.30405
2023-03-09T05:00:00Z,2.34,2.36,2.24,2.31,1786352,9962,2.30195
2023-03-10T05:00:00Z,2.32,2.32,2.1599,2.28,2348702,13920,2.2557
2023-03-13T04:00:00Z,2.22,2.27,2.125,2.19,1813045,9963,2.18864
2023-03-14T04:00:00Z,2.27,2.27,2.125,2.16,2232203,13032,2.17204
2023-03-15T04:00:00Z,2.11,2.17,2.035,2.16,2243113,13438,2.1112
2023-03-16T04:00:00Z,2.13,2.16,2.04,2.11,1820133,11458,2.10988
2023-03-17T04:00:00Z,2.04,2.13,2,2,30042839,14865,2.00574
2023-03-20T04:00:00Z,2.08,2.09,1.91,1.93,2775408,13425,1.96485
2023-03-21T04:00:00Z,1.96,2.07,1.935,2.04,1773016,10510,2.01446
2023-03-22T04:00:00Z,2.04,2.08,1.95,1.96,1051993,7426,2.01132
2023-03-23T04:00:00Z,1.98,2.03,1.9,1.94,1534188,7326,1.9506
2023-03-24T04:00:00Z,1.93,1.94,1.855,1.89,1161812,5755,1.89218
2023-03-27T04:00:00Z,1.89,2,1.89,1.97,1502570,6648,1.94779
2023-03-28T04:00:00Z,1.94,1.975,1.89,1.925,1339955,6768,1.93273
2023-03-29T04:00:00Z,1.97,2.03,1.92,2.03,813133,4522,1.98331
2023-03-30T04:00:00Z,2.02,2.1,2.015,2.04,745492,5506,2.05619
2023-03-31T04:00:00Z,2.06,2.16,2.04,2.13,1136401,5926,2.12419
2023-04-03T04:00:00Z,2.1,2.18,2.1,2.14,660617,4910,2.14545
2023-04-04T04:00:00Z,2.15,2.165,2.06,2.12,588298,4767,2.10979
2023-04-05T04:00:00Z,2.12,2.2,2.06,2.17,622896,3227,2.16478
2023-04-06T04:00:00Z,2.16,2.2,2.15,2.18,333486,2247,2.18099
2023-04-10T04:00:00Z,2.18,2.19,2.1,2.13,547854,3301,2.12739
2023-04-11T04:00:00Z,2.13,2.24,2.12,2.21,435061,3780,2.21129
2023-04-12T04:00:00Z,2.23,2.23,2.025,2.06,705991,5787,2.08867
2023-04-13T04:00:00Z,2.09,2.18,2.05,2.17,696598,4802,2.14808
2023-04-14T04:00:00Z,2.16,2.18,2.07,2.07,377366,3473,2.09516
2023-04-17T04:00:00Z,2.07,2.115,2.05,2.06,267866,2735,2.07447
2023-04-18T04:00:00Z,2.05,2.08,1.94,1.99,516185,3838,1.98743
2023-04-19T04:00:00Z,1.99,2.02,1.89,1.96,560146,4280,1.95163
2023-04-20T04:00:00Z,1.95,2.01,1.91,1.96,675241,4985,1.96577
2023-04-21T04:00:00Z,1.95,2.1,1.95,2.07,515076,3013,2.04676
2023-04-24T04:00:00Z,2.04,2.08,2.04,2.06,338483,2995,2.0589
2023-04-25T04:00:00Z,2.02,2.06,1.91,1.96,794251,4558,1.96847
2023-04-26T04:00:00Z,1.95,1.96,1.795,1.9,717525,4820,1.86969
2023-04-27T04:00:00Z,1.94,1.97,1.905,1.92,398259,3206,1.93512
2023-04-28T04:00:00Z,1.92,2.055,1.8701,2.05,750344,4850,1.99966
2023-05-01T04:00:00Z,2.04,2.05,1.955,2.01,389806,3465,2.0108
2023-05-02T04:00:00Z,1.99,2.005,1.88,1.91,467622,3759,1.91481
2023-05-03T04:00:00Z,1.93,2.07,1.91,2.06,1041099,6899,2.03511
2023-05-04T04:00:00Z,2.03,2.11,1.93,2.06,989656,7119,2.04612
2023-05-05T04:00:00Z,2.09,2.13,2.02,2.12,935377,5273,2.09243
2023-05-08T04:00:00Z,2.13,2.22,2.075,2.15,1147127,6910,2.15221
2023-05-09T04:00:00Z,2.15,2.23,2.06,2.22,1350405,9130,2.16901
2023-05-10T04:00:00Z,2.25,2.31,2.08,2.1,2786754,16668,2.16326
2023-05-11T04:00:00Z,2.35,2.98,2.33,2.88,5551956,29284,2.75317
2023-05-12T04:00:00Z,2.85,3.1985,2.85,3.1,2941216,17383,3.06765
2023-05-15T04:00:00Z,3.1,3.255,3.015,3.18,1439701,11642,3.14555
2023-05-16T04:00:00Z,3.11,3.14,2.885,3.04,1405601,8578,3.01133
2023-05-17T04:00:00Z,3.03,3.25,2.97,3.18,1345080,9864,3.14859
2023-05-18T04:00:00Z,3.17,3.27,2.995,3.09,1263187,9929,3.07421
2023-05-19T04:00:00Z,3.17,3.295,3.105,3.2,878794,6464,3.18727
2023-05-22T04:00:00Z,3.22,3.54,3.19,3.41,1619575,10964,3.41462
2023-05-23T04:00:00Z,3.41,3.605,3.33,3.44,1520123,9777,3.45925
2023-05-24T04:00:00Z,3.96,4.17,3.8,3.99,2906788,18062,4.01839
2023-05-25T04:00:00Z,3.98,4.02,3.75,3.81,865106,7277,3.8501
2023-05-26T04:00:00Z,3.84,3.88,3.65,3.77,886844,7256,3.76323
2023-05-30T04:00:00Z,3.78,3.88,3.55,3.8,1026009,8123,3.75159
2023-05-31T04:00:00Z,3.78,3.84,3.575,3.63,1988039,7017,3.63709
2023-06-01T04:00:00Z,3.61,3.74,3.52,3.68,854472,8088,3.6698
2023-06-02T04:00:00Z,3.68,3.99,3.68,3.96,1264527,10586,3.91336
2023-06-05T04:00:00Z,4,4.15,3.84,4.02,1136664,7302,4.02888
2023-06-06T04:00:00Z,4.03,4.22,4,4.1,859803,7481,4.11498
2023-06-07T04:00:00Z,4.11,4.28,4.11,4.25,1074443,7822,4.21447
2023-06-08T04:00:00Z,4.22,4.27,4.07,4.13,668083,7786,4.15261
2023-06-09T04:00:00Z,4.18,4.2,4,4.02,872797,6528,4.0508
2023-06-12T04:00:00Z,4.06,4.23,4.04,4.11,818708,6982,4.1427
2023-06-13T04:00:00Z,4.12,4.345,4.07,4.26,564903,5475,4.24841
2023-06-14T04:00:00Z,4.24,4.35,4.23,4.3,760794,6898,4.2975
2023-06-15T04:00:00Z,4.12,4.18,3.79,4.11,917555,8742,4.05402
2023-06-16T04:00:00Z,4.11,4.15,3.745,3.76,1176779,8340,3.86429
2023-06-20T04:00:00Z,3.76,3.78,3.61,3.71,611780,6403,3.69294
2023-06-21T04:00:00Z,3.67,3.69,3.5399,3.65,678708,6556,3.62288
2023-06-22T04:00:00Z,3.64,3.64,3.3601,3.46,860312,7530,3.46399
2023-06-23T04:00:00Z,3.4,3.45,3.37,3.42,3029762,5398,3.41478
2023-06-26T04:00:00Z,3.42,3.47,3.33,3.38,682458,7028,3.42252
2023-06-27T04:00:00Z,3.39,3.43,3.265,3.36,718921,6592,3.35951
2023-06-28T04:00:00Z,3.35,3.51,3.2925,3.47,533884,4737,3.42471
2023-06-29T04:00:00Z,3.45,3.5,3.35,3.43,507973,4534,3.43909
2023-06-30T04:00:00Z,3.48,3.5,3.29,3.32,524787,4047,3.33644
2023-07-03T04:00:00Z,3.35,3.411,3.29,3.35,123345,1666,3.34257
2023-07-05T04:00:00Z,3.35,3.35,3.105,3.17,1049896,10547,3.17813
2023-07-06T04:00:00Z,3.14,3.17,3.02,3.15,590059,5095,3.11946
2023-07-07T04:00:00Z,3.15,3.21,3.11,3.17,602260,3758,3.17036
2023-07-10T04:00:00Z,3.17,3.32,3.12,3.3,527543,5186,3.26333
2023-07-11T04:00:00Z,3.31,3.5,3.3,3.47,710297,6912,3.43337
2023-07-12T04:00:00Z,3.55,3.65,3.4599,3.62,807255,6600,3.57418
2023-07-13T04:00:00Z,3.65,3.7494,3.58,3.67,818934,6314,3.65518
2023-07-14T04:00:00Z,3.8,4.1828,3.73,3.9,1614245,12582,3.98758
2023-07-17T04:00:00Z,3.87,4.21,3.78,4.2,1487056,10156,4.11087
2023-07-18T04:00:00Z,4.25,4.2592,4.115,4.19,583910,6293,4.18463
2023-07-19T04:00:00Z,4.22,4.5,4.22,4.43,814913,7279,4.41054
2023-07-20T04:00:00Z,4.43,4.45,4.3,4.31,555338,6537,4.35222
2023-07-21T04:00:00Z,4.38,4.47,4.31,4.32,411104,4342,4.3614
2023-07-24T04:00:00Z,4.29,4.38,4.08,4.15,720759,6850,4.16205
2023-07-25T04:00:00Z,4.13,4.3201,4.0825,4.17,427332,6011,4.20291
2023-07-26T04:00:00Z,4.16,4.275,4.05,4.14,465872,4414,4.12498
2023-07-27T04:00:00Z,4.21,4.24,3.98,4.04,690303,5783,4.06148
2023-07-28T04:00:00Z,4.11,4.29,4.07,4.27,546867,5243,4.20037
2023-07-31T04:00:00Z,4.28,4.3,4.11,4.27,699189,6266,4.23047
2023-08-01T04:00:00Z,4.27,4.415,4.18,4.29,997757,7405,4.30845
2023-08-02T04:00:00Z,4.29,4.36,4.1901,4.22,757611,5879,4.28519
2023-08-03T04:00:00Z,4.16,4.255,4.1,4.22,512398,5257,4.20665
2023-08-04T04:00:00Z,4.11,4.22,3.76,3.87,1752577,10933,3.91789
2023-08-07T04:00:00Z,3.86,3.885,3.51,3.7,2035434,11410,3.72202
2023-08-08T04:00:00Z,3.66,3.71,3.58,3.7,605392,6069,3.6681
2023-08-09T04:00:00Z,3.67,3.675,3.365,3.39,1942091,12955,3.44681
2023-08-10T04:00:00Z,2.38,2.93,2.3,2.75,3765606,21093,2.67608
2023-08-11T04:00:00Z,2.67,2.82,2.46,2.765,3326699,12839,2.65774
2023-08-14T04:00:00Z,2.75,2.75,2.48,2.7,1138222,9830,2.66037
2023-08-15T04:00:00Z,2.69,2.735,2.635,2.68,540733,5706,2.69561
2023-08-16T04:00:00Z,2.64,2.73,2.57,2.61,593813,5783,2.61586
2023-08-17T04:00:00Z,2.6,2.66,2.58,2.58,961135,4757,2.61102
2023-08-18T04:00:00Z,2.53,2.73,2.495,2.65,794169,6804,2.65893
2023-08-21T04:00:00Z,2.62,2.715,2.54,2.56,547788,6376,2.58163
2023-08-22T04:00:00Z,2.62,2.7192,2.52,2.6,749213,7375,2.58831
2023-08-23T04:00:00Z,2.58,2.7,2.58,2.66,486484,4814,2.6675
2023-08-24T04:00:00Z,2.66,2.68,2.525,2.58,702518,5652,2.57529
2023-08-25T04:00:00Z,2.63,2.7,2.59,2.66,559090,4628,2.65547
2023-08-28T04:00:00Z,2.66,2.72,2.645,2.7,436727,3953,2.6911
2023-08-29T04:00:00Z,2.71,2.815,2.67,2.8,395043,3872,2.78357
2023-08-30T04:00:00Z,2.8,2.86,2.75,2.86,1573898,4415,2.83701
2023-08-31T04:00:00Z,2.84,2.865,2.74,2.8,1554952,4369,2.80006
2023-09-01T04:00:00Z,2.81,2.9799,2.785,2.91,490033,5846,2.91549
2023-09-05T04:00:00Z,2.88,2.88,2.74,2.75,327369,3294,2.76852
2023-09-06T04:00:00Z,2.76,2.77,2.641,2.66,217963,2472,2.67415
2023-09-07T04:00:00Z,2.66,2.66,2.515,2.55,677673,3441,2.57031
2023-09-08T04:00:00Z,2.56,2.61,2.48,2.53,426970,3083,2.5175
2023-09-11T04:00:00Z,2.51,2.625,2.51,2.61,686221,5738,2.58727
2023-09-12T04:00:00Z,2.59,2.675,2.53,2.64,559701,4678,2.62986
2023-09-13T04:00:00Z,2.63,2.67,2.55,2.6,418368,4055,2.6151
2023-09-14T04:00:00Z,2.64,2.69,2.57,2.6,359016,2721,2.60182
2023-09-15T04:00:00Z,2.6,2.6,2.43,2.45,780116,4138,2.49151
2023-09-18T04:00:00Z,2.44,2.45,2.31,2.34,887275,6609,2.34293
2023-09-19T04:00:00Z,2.34,2.43,2.29,2.35,1342329,7313,2.34889
2023-09-20T04:00:00Z,2.41,2.48,2.35,2.43,607678,4926,2.4464
2023-09-21T04:00:00Z,2.46,2.46,2.36,2.42,413534,2997,2.41289
2023-09-22T04:00:00Z,2.42,2.455,2.38,2.42,422222,3231,2.42156
2023-09-25T04:00:00Z,2.4,2.49,2.365,2.48,276958,2825,2.45724
2023-09-26T04:00:00Z,2.46,2.69,2.44,2.59,922690,6589,2.60969
2023-09-27T04:00:00Z,2.59,2.655,2.56,2.65,692793,6217,2.62622
2023-09-28T04:00:00Z,3.09,3.44,2.9103,3.39,3610164,21826,3.25083
2023-09-29T04:00:00Z,3.38,3.4799,3.135,3.18,1269335,10463,3.24192
2023-10-02T04:00:00Z,3.14,3.19,2.935,2.97,658011,6978,3.00199
2023-10-03T04:00:00Z,2.99,3.02,2.905,2.94,579223,5078,2.93728
2023-10-04T04:00:00Z,3,3,2.795,2.86,715335,5294,2.86327
2023-10-05T04:00:00Z,2.92,2.92,2.78,2.845,488561,3933,2.84082
2023-10-06T04:00:00Z,2.82,2.84,2.73,2.83,588847,5193,2.81122
2023-10-09T04:00:00Z,2.88,2.88,2.675,2.75,593638,4653,2.73665
2023-10-10T04:00:00Z,2.72,2.75,2.665,2.735,570478,6158,2.71987
2023-10-11T04:00:00Z,2.72,2.795,2.6,2.65,480517,5129,2.6647
2023-10-12T04:00:00Z,2.66,2.71,2.43,2.45,624074,4816,2.49808
2023-10-13T04:00:00Z,2.45,2.46,2.345,2.36,714889,5713,2.38019
2023-10-16T04:00:00Z,2.39,2.41,2.335,2.39,656418,6373,2.37602
2023-10-17T04:00:00Z,2.38,2.5,2.37,2.42,395776,4739,2.43886
2023-10-18T04:00:00Z,2.41,2.45,2.33,2.35,378807,3909,2.35105
2023-10-19T04:00:00Z,2.34,2.369,2.295,2.33,261560,2597,2.32695
2023-10-20T04:00:00Z,2.38,2.38,2.25,2.3,531783,4118,2.30092
2023-10-23T04:00:00Z,2.29,2.34,2.16,2.2,640612,5369,2.23907
2023-10-24T04:00:00Z,2.23,2.33,2.23,2.31,344382,3567,2.29389
2023-10-25T04:00:00Z,2.27,2.307,2.15,2.2,636431,4682,2.20453
2023-10-26T04:00:00Z,2.2,2.25,2.15,2.22,253789,2264,2.21221
2023-10-27T04:00:00Z,2.22,2.235,2.13,2.15,416451,3812,2.17331
2023-10-30T04:00:00Z,2.2,2.21,2.08,2.21,513375,4736,2.16537
2023-10-31T04:00:00Z,2.2,2.265,2.16,2.24,298332,2764,2.23362
2023-11-01T04:00:00Z,2.23,2.295,2.17,2.29,392701,3885,2.25077
2023-11-02T04:00:00Z,2.36,2.43,2.3,2.32,342559,3455,2.34666
2023-11-03T04:00:00Z,2.39,2.475,2.29,2.37,801304,6472,2.37222
2023-11-06T05:00:00Z,2.38,2.41,2.19,2.23,419783,3052,2.24711
2023-11-07T05:00:00Z,2.28,2.28,2.155,2.25,416576,3208,2.22146
2023-11-08T05:00:00Z,2.23,2.23,2.0125,2.05,12834479,5790,2.06792
2023-11-09T05:00:00Z,2.11,2.145,1.96,1.97,545738,4195,2.0219
2023-11-10T05:00:00Z,2.34,2.36,2.085,2.19,2213366,14673,2.23114
2023-11-13T05:00:00Z,2.15,2.36,2.115,2.32,1017292,6931,2.27852
2023-11-14T05:00:00Z,2.42,2.53,2.42,2.52,1093244,8908,2.48503
2023-11-15T05:00:00Z,2.52,2.6402,2.48,2.53,964270,8383,2.54886
2023-11-16T05:00:00Z,2.53,2.57,2.46,2.53,645988,6215,2.50871
2023-11-17T05:00:00Z,2.54,2.67,2.54,2.65,792955,7090,2.62196
2023-11-20T05:00:00Z,2.65,2.675,2.575,2.62,587756,5941,2.6148
2023-11-21T05:00:00Z,2.59,2.59,2.53,2.56,460765,5560,2.55988
2023-11-22T05:00:00Z,2.57,2.685,2.57,2.59,387842,3862,2.61463
2023-11-24T05:00:00Z,2.58,2.66,2.58,2.65,159300,2168,2.63901
2023-11-27T05:00:00Z,2.61,2.63,2.555,2.62,458685,4133,2.60443
2023-11-28T05:00:00Z,2.63,2.64,2.555,2.62,300712,3806,2.59974
2023-11-29T05:00:00Z,2.65,2.72,2.51,2.69,889938,5967,2.67876
2023-11-30T05:00:00Z,2.69,2.705,2.52,2.55,1846063,7068,2.5559
2023-12-01T05:00:00Z,2.57,2.73,2.51,2.73,939336,7145,2.63118
2023-12-04T05:00:00Z,2.7,2.8,2.685,2.74,453949,5037,2.73578
2023-12-05T05:00:00Z,2.74,2.74,2.645,2.71,1202212,4619,2.68664
2023-12-06T05:00:00Z,2.74,2.955,2.705,2.86,1304074,5116,2.8835
2023-12-07T05:00:00Z,2.86,2.87,2.765,2.81,445366,4012,2.81804
2023-12-08T05:00:00Z,2.78,3.36,2.63,3.33,2481486,14442,3.04748
2023-12-11T05:00:00Z,3.39,3.4,3.19,3.23,823130,6968,3.24562
2023-12-12T05:00:00Z,3.25,3.29,3.18,3.27,415363,4023,3.24944
2023-12-13T05:00:00Z,3.3,3.56,3.185,3.52,1222606,7402,3.42056
2023-12-14T05:00:00Z,3.63,3.7609,3.54,3.73,1120314,7408,3.69793
2023-12-15T05:00:00Z,3.8,3.82,3.6001,3.75,1345926,7571,3.75046
2023-12-18T05:00:00Z,3.71,3.795,3.64,3.75,1125110,7813,3.73664
2023-12-19T05:00:00Z,3.82,4.01,3.77,4.01,1080729,6459,3.95941
2023-12-20T05:00:00Z,4,4.19,3.84,3.84,836436,6648,3.9857
2023-12-21T05:00:00Z,3.92,3.96,3.835,3.88,607224,4507,3.88626
2023-12-22T05:00:00Z,3.88,4.04,3.88,3.96,477955,3876,3.9756
2023-12-26T05:00:00Z,3.99,4.0167,3.92,3.97,387568,3369,3.96027
2023-12-27T05:00:00Z,4.15,4.485,4.15,4.21,1004429,6965,4.28828
2023-12-28T05:00:00Z,4.27,4.32,4.11,4.19,1001831,4454,4.21105
2023-12-29T05:00:00Z,4.2,4.24,4.06,4.09,1446067,5027,4.13907
2024-01-02T05:00:00Z,4.04,4.17,3.925,4.08,673255,5971,4.07894
2024-01-03T05:00:00Z,4.02,4.02,3.675,3.71,656706,5684,3.79421
2024-01-04T05:00:00Z,3.74,3.8,3.66,3.73,420439,3636,3.73887
2024-01-05T05:00:00Z,3.89,4.27,3.75,4.21,1856500,8684,4.09352
2024-01-08T05:00:00Z,4.22,4.705,4.21,4.49,1705001,10051,4.51053
2024-01-09T05:00:00Z,4.37,4.525,4.3,4.33,1001180,9050,4.38096
2024-01-10T05:00:00Z,4.3,4.36,4.02,4.08,1378500,6449,4.10659
2024-01-11T05:00:00Z,4.08,4.1875,3.89,4.02,513090,5310,4.00378
2024-01-12T05:00:00Z,4.01,4.115,3.885,3.915,462433,4129,3.93699
2024-01-16T05:00:00Z,3.85,3.85,3.67,3.8,749471,5243,3.75135
2024-01-17T05:00:00Z,3.7,3.87,3.61,3.87,709633,5570,3.79429
2024-01-18T05:00:00Z,3.9,3.915,3.685,3.79,562391,5145,3.77867
2024-01-19T05:00:00Z,3.84,3.84,3.66,3.74,453765,4195,3.73143
2024-01-22T05:00:00Z,3.82,3.87,3.69,3.77,575200,5356,3.76658
2024-01-23T05:00:00Z,3.84,3.84,3.655,3.665,681276,5142,3.69291
2024-01-24T05:00:00Z,3.74,3.74,3.525,3.55,482324,4424,3.59921
2024-01-25T05:00:00Z,3.6,3.68,3.58,3.65,396600,3920,3.63354
2024-01-26T05:00:00Z,3.68,3.685,3.465,3.51,340638,3420,3.53966
2024-01-29T05:00:00Z,3.5,3.73,3.45,3.64,474906,3492,3.59534
2024-01-30T05:00:00Z,3.59,3.5906,3.425,3.49,446984,4333,3.48778
2024-01-31T05:00:00Z,3.48,3.51,3.29,3.3,527115,4855,3.37901
2024-02-01T05:00:00Z,3.33,3.45,3.305,3.43,474994,5259,3.39102
2024-02-02T05:00:00Z,3.45,3.45,3.22,3.33,355735,3636,3.31003
2024-02-05T05:00:00Z,3.25,3.325,3.18,3.2,449919,3894,3.24423
2024-02-06T05:00:00Z,3.2,3.43,3.19,3.43,434049,4469,3.38899
2024-02-07T05:00:00Z,3.5,3.66,3.435,3.56,664910,4912,3.56789
2024-02-08T05:00:00Z,3.57,3.68,3.505,3.62,450122,3944,3.61428
2024-02-09T05:00:00Z,3.64,3.66,3.58,3.65,299369,2932,3.63112
2024-02-12T05:00:00Z,3.62,3.86,3.58,3.84,1123279,4224,3.78756
2024-02-13T05:00:00Z,3.63,3.8,3.45,3.53,519977,5106,3.53822
2024-02-14T05:00:00Z,3.62,3.745,3.53,3.675,282442,3556,3.66427
2024-02-15T05:00:00Z,3.72,3.76,3.5995,3.68,649391,6609,3.68189
2024-02-16T05:00:00Z,3.64,3.67,3.48,3.48,379937,4176,3.56705
2024-02-20T05:00:00Z,3.49,3.54,3.34,3.42,591644,6440,3.41007
2024-02-21T05:00:00Z,3.4,3.56,3.36,3.43,366043,3775,3.41894
2024-02-22T05:00:00Z,3.43,3.455,3.355,3.39,540600,4519,3.40622
2024-02-23T05:00:00Z,3.4,3.475,3.3,3.46,414769,4471,3.42478
2024-02-26T05:00:00Z,3.43,3.525,3.37,3.49,364078,4441,3.48129
2024-02-27T05:00:00Z,3.53,3.65,3.51,3.58,461665,4639,3.57712
2024-02-28T05:00:00Z,3.58,3.58,3.44,3.49,510961,4903,3.49648
2024-02-29T05:00:00Z,3.62,3.65,3.535,3.57,568959,5162,3.57851
2024-03-01T05:00:00Z,3.09,3.39,2.52,2.92,2456535,18036,2.98756
2024-03-04T05:00:00Z,2.94,3.01,2.65,2.88,1384343,9342,2.76708
2024-03-05T05:00:00Z,2.84,2.88,2.75,2.78,797936,7584,2.80761
2024-03-06T05:00:00Z,2.84,2.93,2.7,2.85,853447,7785,2.85478
2024-03-07T05:00:00Z,2.9,3.165,2.87,3.13,1178156,5297,3.09062
2024-03-08T05:00:00Z,3.2,3.285,3.06,3.11,413990,5819,3.13465
2024-03-11T04:00:00Z,3.11,3.12,2.935,2.98,457506,5269,2.98054
2024-03-12T04:00:00Z,3.04,3.04,2.85,2.94,357443,4250,2.94516
2024-03-13T04:00:00Z,2.93,3.045,2.91,3,766784,4317,2.99077
2024-03-14T04:00:00Z,3,3.04,2.82,2.84,1365371,4587,2.85196
2024-03-15T04:00:00Z,2.82,2.89,2.77,2.85,1190637,4566,2.84162
2024-03-18T04:00:00Z,2.87,2.975,2.73,2.75,830085,5307,2.75826
2024-03-19T04:00:00Z,2.79,2.81,2.715,2.75,877486,4038,2.75067
2024-03-20T04:00:00Z,2.66,2.87,2.65,2.8,629707,5702,2.74435
2024-03-21T04:00:00Z,2.81,2.85,2.64,2.66,411840,2987,2.70142
2024-03-22T04:00:00Z,2.68,2.7,2.55,2.61,603241,5537,2.61089
2024-03-25T04:00:00Z,2.63,2.685,2.585,2.62,377949,4234,2.63173
2024-03-26T04:00:00Z,2.66,2.685,2.61,2.62,381010,4293,2.64038
2024-03-27T04:00:00Z,2.66,2.78,2.6,2.76,406976,4148,2.73044
2024-03-28T04:00:00Z,2.74,2.865,2.72,2.84,253053,2402,2.82727
2024-04-01T04:00:00Z,2.86,2.9006,2.72,2.8,253851,3044,2.77782
2024-04-02T04:00:00Z,2.84,2.84,2.54,2.61,749781,4560,2.59497
2024-04-03T04:00:00Z,2.59,2.79,2.56,2.77,894152,4788,2.7346
2024-04-04T04:00:00Z,2.81,2.915,2.71,2.8,709159,5832,2.80765
2024-04-05T04:00:00Z,2.78,2.9,2.74,2.83,5333944,2787,2.81149
2024-04-08T04:00:00Z,2.85,3.03,2.85,2.97,2369743,3948,2.97411
2024-04-09T04:00:00Z,2.98,3.065,2.89,2.92,887281,3319,2.93387
2024-04-10T04:00:00Z,2.77,2.97,2.75,2.95,1073430,5444,2.89364
2024-04-11T04:00:00Z,2.95,3.03,2.935,3,312228,3060,2.98483
2024-04-12T04:00:00Z,2.97,3.02,2.79,2.88,404580,2833,2.87104
2024-04-15T04:00:00Z,2.91,2.915,2.76,2.76,722323,3326,2.81303
2024-04-16T04:00:00Z,2.76,2.9,2.75,2.86,950631,4462,2.85351
2024-04-17T04:00:00Z,2.88,2.92,2.77,2.79,796312,3107,2.81997
2024-04-18T04:00:00Z,2.81,2.88,2.77,2.86,787668,3610,2.85282
2024-04-19T04:00:00Z,2.82,2.91,2.81,2.9,421209,3981,2.88029
2024-04-22T04:00:00Z,2.94,3.04,2.9,2.97,1737377,4942,2.95934
2024-04-23T04:00:00Z,2.98,3.065,2.94,2.98,631653,5507,3.00439
2024-04-24T04:00:00Z,2.95,3.04,2.93,2.98,2973406,4614,2.99117
2024-04-25T04:00:00Z,2.95,2.95,2.165,2.285,2555483,9799,2.37912
2024-04-26T04:00:00Z,2.29,2.3899,2.26,2.35,903642,7275,2.33664
2024-04-29T04:00:00Z,2.35,2.485,2.3208,2.455,1037126,7528,2.42668
2024-04-30T04:00:00Z,2.41,2.4383,2.35,2.35,263990,2258,2.37918
2024-05-01T04:00:00Z,2.38,2.57,2.355,2.51,462786,3910,2.46491
2024-05-02T04:00:00Z,2.68,2.92,2.42,2.49,3006636,21670,2.56625
2024-05-03T04:00:00Z,2.48,2.64,2.455,2.49,895051,6537,2.54884
2024-05-06T04:00:00Z,2.52,2.52,2.38,2.39,1237086,5089,2.42733
2024-05-07T04:00:00Z,2.42,2.53,2.39,2.44,3404459,6308,2.46524
2024-05-08T04:00:00Z,2.38,2.495,2.275,2.31,1614103,7332,2.33926
2024-05-09T04:00:00Z,2.33,2.35,2.21,2.28,1785019,9044,2.29436
2024-05-10T04:00:00Z,2.51,3.14,2.495,3.03,3551467,19808,3.00569
2024-05-13T04:00:00Z,2.97,3.04,2.85,2.96,2976661,6627,2.9666
2024-05-14T04:00:00Z,2.89,3.05,2.83,2.845,1510615,5169,2.91201
2024-05-15T04:00:00Z,2.9,2.98,2.81,2.97,579261,4369,2.91215
2024-05-16T04:00:00Z,2.95,3,2.82,2.85,554237,4722,2.90264
2024-05-17T04:00:00Z,2.86,2.86,2.69,2.74,483387,3619,2.75111
2024-05-20T04:00:00Z,2.75,2.825,2.71,2.77,385433,3314,2.78588
2024-05-21T04:00:00Z,2.76,2.845,2.74,2.77,402966,3059,2.78506
2024-05-22T04:00:00Z,2.75,2.82,2.71,2.82,415063,3550,2.79222
2024-05-23T04:00:00Z,2.82,2.82,2.62,2.69,315224,3166,2.69437
2024-05-24T04:00:00Z,2.7,2.745,2.62,2.63,371773,3681,2.65152
2024-05-28T04:00:00Z,2.7,2.715,2.64,2.67,403862,3727,2.67684
2024-05-29T04:00:00Z,2.61,2.645,2.53,2.57,392874,3629,2.56462
2024-05-30T04:00:00Z,2.62,2.765,2.55,2.73,2910560,2985,2.7229
2024-05-31T04:00:00Z,2.73,2.8,2.69,2.75,1035151,3001,2.74384
2024-06-03T04:00:00Z,2.76,2.775,2.58,2.6,5718932,3493,2.63496
2024-06-04T04:00:00Z,2.59,2.59,2.48,2.51,1136994,4309,2.51636
2024-06-05T04:00:00Z,2.51,2.66,2.49,2.65,1821888,3916,2.57978
2024-06-06T04:00:00Z,2.63,2.7,2.6115,2.68,1030350,3900,2.67096
2024-06-07T04:00:00Z,2.67,2.75,2.58,2.75,950203,3375,2.73179
2024-06-10T04:00:00Z,2.73,2.74,2.62,2.66,477617,3311,2.68164
2024-06-11T04:00:00Z,2.64,2.705,2.63,2.7,253723,3413,2.68536
2024-06-12T04:00:00Z,2.76,2.84,2.64,2.64,416613,4157,2.72605
2024-06-13T04:00:00Z,2.65,2.705,2.51,2.61,398226,3776,2.57684
2024-06-14T04:00:00Z,2.54,2.58,2.43,2.495,327930,2793,2.4795
2024-06-17T04:00:00Z,2.48,2.59,2.425,2.57,3061668,3673,2.52021
2024-06-18T04:00:00Z,2.55,2.555,2.445,2.47,1076948,3362,2.48432
2024-06-20T04:00:00Z,2.48,2.5,2.44,2.46,943561,3534,2.47103
2024-06-21T04:00:00Z,2.48,2.555,2.465,2.5,2754438,2571,2.50175
2024-06-24T04:00:00Z,2.51,2.52,2.36,2.46,1428033,3890,2.43439
2024-06-25T04:00:00Z,2.47,2.56,2.425,2.5,719613,3229,2.48987
2024-06-26T04:00:00Z,2.5,2.58,2.44,2.58,491774,3693,2.54562
2024-06-27T04:00:00Z,2.58,2.68,2.565,2.64,310926,3081,2.63096
2024-06-28T04:00:00Z,2.74,2.84,2.655,2.8,1080550,4986,2.78205
2024-07-01T04:00:00Z,2.9,2.91,2.7,2.7,527909,4417,2.73507
2024-07-02T04:00:00Z,2.71,2.73,2.64,2.66,259172,2645,2.67094
2024-07-03T04:00:00Z,2.69,2.81,2.69,2.79,236347,2281,2.76099
2024-07-05T04:00:00Z,2.75,2.805,2.69,2.78,547962,3885,2.75235
2024-07-08T04:00:00Z,2.83,2.96,2.78,2.81,575689,5110,2.85225
2024-07-09T04:00:00Z,2.78,2.8,2.705,2.78,4599437,3159,2.76102
2024-07-10T04:00:00Z,2.81,2.87,2.75,2.86,781047,2848,2.81271
2024-07-11T04:00:00Z,2.9,3.04,2.88,2.95,1197465,5605,2.96691
2024-07-12T04:00:00Z,3,3,2.88,2.91,919529,4166,2.92409
2024-07-15T04:00:00Z,2.95,2.95,2.835,2.89,1198505,5500,2.89456
2024-07-16T04:00:00Z,2.95,3.1,2.89,3.09,2089968,7228,2.99975
2024-07-17T04:00:00Z,3.01,3.1175,3,3.04,518969,4988,3.04905
2024-07-18T04:00:00Z,3.01,3.09,2.915,2.94,362279,3993,2.95436
2024-07-19T04:00:00Z,2.94,2.97,2.855,2.9,251611,3178,2.89953
2024-07-22T04:00:00Z,2.91,3.05,2.87,3.02,329543,3428,3.00438
2024-07-23T04:00:00Z,2.99,3.19,2.99,3.17,478665,4025,3.11855
2024-07-24T04:00:00Z,3.16,3.2599,3.09,3.1,370283,3717,3.14671
2024-07-25T04:00:00Z,3.1,3.275,3.06,3.22,1611912,2326,3.21807
2024-07-26T04:00:00Z,3.25,3.255,3.185,3.24,200753,1921,3.23452
2024-07-29T04:00:00Z,3.24,3.24,3.0401,3.06,273897,3632,3.09793
2024-07-30T04:00:00Z,3.08,3.11,3,3.02,226622,2442,3.03779
2024-07-31T04:00:00Z,3.12,3.13,2.92,3.02,334879,4081,3.00997
2024-08-01T04:00:00Z,3.01,3.04,2.76,2.78,565528,6191,2.80783
2024-08-02T04:00:00Z,2.61,2.75,2.58,2.66,596949,5182,2.68153
2024-08-05T04:00:00Z,2.51,2.51,2.39,2.48,491259,4746,2.4447
2024-08-06T04:00:00Z,2.49,2.63,2.45,2.59,517414,4996,2.58773
2024-08-07T04:00:00Z,2.66,2.66,2.47,2.5,530591,3860,2.55603
2024-08-08T04:00:00Z,2.54,2.63,2.45,2.62,676261,5229,2.57667
2024-08-09T04:00:00Z,2.8,3.12,2.51,2.55,861548,6018,2.674
2024-08-12T04:00:00Z,2.55,2.58,2.28,2.42,4153432,4571,2.38221
2024-08-13T04:00:00Z,2.48,2.66,2.43,2.66,948684,4572,2.59907
2024-08-14T04:00:00Z,2.6,2.66,2.53,2.58,844634,3905,2.57349
2024-08-15T04:00:00Z,2.68,2.69,2.52,2.52,871023,3673,2.56483
2024-08-16T04:00:00Z,2.51,2.585,2.45,2.56,714975,3005,2.53446
2024-08-19T04:00:00Z,2.63,2.69,2.545,2.67,875903,3765,2.63875
2024-08-20T04:00:00Z,2.67,2.73,2.59,2.69,790717,3850,2.65409
2024-08-21T04:00:00Z,2.71,2.87,2.675,2.83,654370,3147,2.79245
2024-08-22T04:00:00Z,2.85,2.85,2.75,2.75,579804,2375,2.79412
2024-08-23T04:00:00Z,2.79,2.965,2.78,2.93,690647,3811,2.92319
2024-08-26T04:00:00Z,2.93,3.05,2.9,3.03,428568,4388,2.98557
2024-08-27T04:00:00Z,3,3.01,2.9,2.94,211822,3178,2.94325
2024-08-28T04:00:00Z,2.92,2.96,2.89,2.93,193101,3150,2.92713
2024-08-29T04:00:00Z,2.97,3.02,2.88,2.9,441856,3970,2.94232
2024-08-30T04:00:00Z,2.89,2.91,2.85,2.88,375130,3405,2.87295
2024-09-03T04:00:00Z,2.83,2.9,2.705,2.73,1729856,3175,2.75222
2024-09-04T04:00:00Z,2.7,2.765,2.65,2.7,711449,3448,2.71902
2024-09-05T04:00:00Z,2.75,2.76,2.62,2.64,215378,2701,2.65751
2024-09-06T04:00:00Z,2.63,2.705,2.455,2.47,275669,3457,2.51302
2024-09-09T04:00:00Z,2.48,2.61,2.48,2.54,295589,4348,2.55662
2024-09-10T04:00:00Z,2.55,2.57,2.47,2.56,434750,4938,2.51918
2024-09-11T04:00:00Z,2.55,2.57,2.49,2.56,400880,3750,2.5409
2024-09-12T04:00:00Z,2.58,2.62,2.48,2.61,964365,4294,2.5745
2024-09-13T04:00:00Z,2.67,2.81,2.665,2.81,363057,4513,2.77174
2024-09-16T04:00:00Z,2.82,2.875,2.745,2.86,278173,3839,2.82399
2024-09-17T04:00:00Z,2.88,2.99,2.84,2.91,262038,3491,2.92551
2024-09-18T04:00:00Z,2.92,3.005,2.835,2.85,617509,2961,2.91504
2024-09-19T04:00:00Z,2.95,3,2.81,2.93,222990,3251,2.90503
2024-09-20T04:00:00Z,2.87,2.925,2.82,2.83,647465,4846,2.85815
2024-09-23T04:00:00Z,2.86,2.86,2.735,2.82,367571,4546,2.79845
2024-09-24T04:00:00Z,2.85,2.95,2.85,2.91,293188,3394,2.91444
2024-09-25T04:00:00Z,2.93,2.95,2.765,2.77,471867,4635,2.80005
2024-09-26T04:00:00Z,2.86,2.88,2.8112,2.82,220570,2708,2.83409
2024-09-27T04:00:00Z,2.85,3,2.85,2.89,528179,3635,2.93275
2024-09-30T04:00:00Z,2.89,2.96,2.835,2.86,525333,2800,2.87677
2024-10-01T04:00:00Z,2.92,2.94,2.765,2.82,280676,2868,2.81748
2024-10-02T04:00:00Z,2.82,2.885,2.785,2.85,203517,3068,2.84452
2024-10-03T04:00:00Z,2.82,2.865,2.81,2.86,246018,2044,2.84622
2024-10-04T04:00:00Z,2.92,3.08,2.875,3.08,231133,3110,3.01512
2024-10-07T04:00:00Z,3.06,3.085,2.965,2.99,240925,2482,3.0282
2024-10-08T04:00:00Z,2.99,3.075,2.915,2.99,572005,3203,2.99383
2024-10-09T04:00:00Z,2.97,3.055,2.965,3.02,308389,2566,3.0162
2024-10-10T04:00:00Z,2.95,3.02,2.89,2.9,247742,3297,2.92882
2024-10-11T04:00:00Z,2.9,3.076,2.895,3.07,206302,2270,3.02436
2024-10-14T04:00:00Z,3.07,3.125,3.04,3.09,2587909,2301,3.08395
2024-10-15T04:00:00Z,3.11,3.235,3.1,3.2,365336,3404,3.18724
2024-10-16T04:00:00Z,3.25,3.26,3.195,3.25,304484,3995,3.24224
2024-10-17T04:00:00Z,3.25,3.25,3.05,3.07,189277,2948,3.10775
2024-10-18T04:00:00Z,3.09,3.16,3.08,3.16,200789,3502,3.12415
2024-10-21T04:00:00Z,3.14,3.18,3.09,3.11,262365,2603,3.13937
2024-10-22T04:00:00Z,3.1,3.15,3.055,3.1,166588,3328,3.0909
2024-10-23T04:00:00Z,3.07,3.09,2.87,2.89,156769,2853,2.92382
2024-10-24T04:00:00Z,2.93,2.93,2.82,2.87,180302,2674,2.87521
2024-10-25T04:00:00Z,2.9,2.91,2.79,2.8,161751,2960,2.82332
2024-10-28T04:00:00Z,2.85,2.98,2.85,2.95,905145,1747,2.93892
2024-10-29T04:00:00Z,2.92,3.02,2.9,2.98,1092214,2681,2.97976
2024-10-30T04:00:00Z,2.97,3.005,2.89,2.89,118014,2476,2.92646
2024-10-31T04:00:00Z,2.89,2.91,2.755,2.77,209947,2902,2.7871
2024-11-01T04:00:00Z,2.81,2.84,2.77,2.78,144497,1966,2.7969
2024-11-04T05:00:00Z,2.78,3.005,2.75,2.99,371751,3512,2.96244
2024-11-05T05:00:00Z,2.97,3.09,2.96,3.04,224394,2615,3.03975
2024-11-06T05:00:00Z,3.19,3.25,3.07,3.21,560593,6220,3.17424
2024-11-07T05:00:00Z,3.21,3.345,3.155,3.26,464300,3829,3.26257
2024-11-08T05:00:00Z,3.29,3.34,3.2,3.28,284262,2903,3.27175
2024-11-11T05:00:00Z,3.34,3.545,3.33,3.5,621349,6819,3.4804
2024-11-12T05:00:00Z,3.55,3.62,3.39,3.45,552549,5896,3.48077
2024-11-13T05:00:00Z,3.85,4.57,3.73,4.43,2498191,15085,4.23243
2024-11-14T05:00:00Z,4.29,4.3496,3.63,4.005,1785437,10762,3.93949
2024-11-15T05:00:00Z,4.11,4.12,3.7716,3.86,687109,9626,3.88722
2024-11-18T05:00:00Z,3.9,4.08,3.76,3.94,1114299,15941,3.97137
2024-11-19T05:00:00Z,3.95,4.105,3.8839,4.08,702531,4943,4.05129
2024-11-20T05:00:00Z,4.07,4.155,3.9025,3.97,763616,4342,3.99956
2024-11-21T05:00:00Z,4,4.085,3.95,4.02,755479,5577,4.01983
2024-11-22T05:00:00Z,4.08,4.21,4.01,4.05,1173806,8718,4.10145
2024-11-25T05:00:00Z,4.09,4.14,3.93,4.04,880149,6574,4.0407
2024-11-26T05:00:00Z,4,4.015,3.865,3.96,846443,5521,3.93344
2024-11-27T05:00:00Z,3.99,4.04,3.89,3.9,781469,4910,3.93947
2024-11-29T05:00:00Z,3.92,3.94,3.83,3.87,629724,3185,3.86738
2024-12-02T05:00:00Z,3.93,3.93,3.69,3.86,2805267,6740,3.80569
2024-12-03T05:00:00Z,3.91,4.01,3.82,3.97,2896570,5943,3.92173
2024-12-04T05:00:00Z,3.97,3.97,3.725,3.81,2343361,7415,3.82038
2024-12-05T05:00:00Z,3.82,3.942,3.58,3.59,963694,5397,3.65939
2024-12-06T05:00:00Z,3.62,3.7,3.61,3.68,676869,4593,3.65424
2024-12-09T05:00:00Z,3.69,3.69,3.48,3.5,448089,5046,3.52593
2024-12-10T05:00:00Z,3.5,3.75,3.45,3.68,593165,5218,3.64497
2024-12-11T05:00:00Z,3.66,3.72,3.51,3.66,584926,5332,3.64297
2024-12-12T05:00:00Z,3.65,3.65,3.49,3.53,500520,5283,3.53517
2024-12-13T05:00:00Z,3.5,3.5,3.28,3.4,533181,5040,3.36177
2024-12-16T05:00:00Z,3.45,3.56,3.36,3.55,390298,4359,3.52023
2024-12-17T05:00:00Z,3.56,3.68,3.51,3.57,410767,4713,3.59286
2024-12-18T05:00:00Z,3.59,3.61,3.215,3.24,1354954,5871,3.37106
2024-12-19T05:00:00Z,3.35,3.35,3.11,3.11,639703,5053,3.17625
2024-12-20T05:00:00Z,3.06,3.25,3.05,3.05,1834579,4906,3.09055
2024-12-23T05:00:00Z,3.1,3.23,3.015,3.18,375100,3599,3.15588
2024-12-24T05:00:00Z,3.26,3.3,3.17,3.18,237934,1976,3.21066
2024-12-26T05:00:00Z,3.19,3.31,3.115,3.28,349036,3376,3.25756
2024-12-27T05:00:00Z,3.39,3.39,3.1,3.19,350688,3913,3.18542
2024-12-30T05:00:00Z,3.15,3.2,3.13,3.16,387345,2789,3.16819
2024-12-31T05:00:00Z,3.18,3.265,3.12,3.2,522442,3108,3.18277
2025-01-02T05:00:00Z,3.2,3.28,3.02,3.03,582697,4284,3.10055
2025-01-03T05:00:00Z,3.03,3.13,2.97,3.1,309522,3397,3.0688
2025-01-06T05:00:00Z,3.11,3.175,3.09,3.12,624862,4531,3.12437
2025-01-07T05:00:00Z,3.15,3.24,3.085,3.17,395417,4424,3.15874
2025-01-08T05:00:00Z,3.13,3.15,3.03,3.13,1031342,3924,3.10731
2025-01-10T05:00:00Z,3.02,3.07,2.945,3.01,764998,3825,3.00788
2025-01-13T05:00:00Z,2.98,3.05,2.92,3,441290,3586,2.97733
2025-01-14T05:00:00Z,3.04,3.08,2.875,2.89,236783,2656,2.93063
2025-01-15T05:00:00Z,3.01,3.26,2.98,3.23,777520,5703,3.12654
2025-01-16T05:00:00Z,3.23,3.33,3.195,3.33,681931,4426,3.29192
2025-01-17T05:00:00Z,3.38,3.39,3.29,3.34,550713,3639,3.33327
2025-01-21T05:00:00Z,3.38,3.55,3.35,3.53,554384,4025,3.49766
2025-01-22T05:00:00Z,3.52,3.54,3.46,3.5,541958,3539,3.4978
2025-01-23T05:00:00Z,3.44,3.535,3.42,3.53,314865,3711,3.49568
2025-01-24T05:00:00Z,3.5,3.575,3.435,3.56,353191,3751,3.53823
2025-01-27T05:00:00Z,3.51,3.76,3.51,3.74,565098,5531,3.71317
2025-01-28T05:00:00Z,3.74,3.83,3.53,3.56,764532,7646,3.61788
2025-01-29T05:00:00Z,3.56,3.8448,3.56,3.8,399252,4493,3.76781
2025-01-30T05:00:00Z,3.85,3.85,3.715,3.77,293312,3962,3.76482
2025-01-31T05:00:00Z,3.76,3.835,3.62,3.68,775628,6340,3.72975
2025-02-03T05:00:00Z,3.57,3.615,3.4,3.41,303412,3706,3.4755
2025-02-04T05:00:00Z,3.41,3.5399,3.4,3.48,223595,2717,3.46704
2025-02-05T05:00:00Z,3.52,3.625,3.52,3.6,276461,3092,3.58474
2025-02-06T05:00:00Z,3.64,3.64,3.544,3.55,189101,2463,3.55635
2025-02-07T05:00:00Z,3.42,3.57,3.42,3.46,421623,4351,3.47751
2025-02-10T05:00:00Z,3.49,3.58,3.47,3.57,213204,2729,3.54498
2025-02-11T05:00:00Z,3.5,3.65,3.5,3.61,304429,3775,3.60662
2025-02-12T05:00:00Z,3.51,3.67,3.5,3.66,317718,3565,3.60893
2025-02-13T05:00:00Z,3.7,3.715,3.6,3.68,263691,3041,3.6456
2025-02-14T05:00:00Z,3.72,3.78,3.695,3.7,216867,2536,3.72124
2025-02-18T05:00:00Z,3.72,3.75,3.5899,3.65,1086712,4509,3.64134
2025-02-19T05:00:00Z,3.61,3.69,3.53,3.53,219001,2909,3.59149
2025-02-20T05:00:00Z,3.51,3.54,3.38,3.38,290871,3540,3.44262
2025-02-21T05:00:00Z,3.46,3.47,3.2,3.21,266631,3629,3.26931
2025-02-24T05:00:00Z,3.25,3.27,3.14,3.18,381185,4263,3.20313
2025-02-25T05:00:00Z,3.22,3.26,3.13,3.21,314303,3822,3.21428
2025-02-26T05:00:00Z,3.24,3.31,3.175,3.25,231531,3286,3.24119
2025-02-27T05:00:00Z,3.25,3.3099,3.07,3.07,1511635,3878,3.14415
2025-02-28T05:00:00Z,4.06,6.4,3.98,6.21,58997241,309659,5.26264
2025-03-03T05:00:00Z,5.99,6.71,5.335,5.41,5980833,38707,5.91538
2025-03-04T05:00:00Z,5.41,5.41,4.99,5.04,1916901,17958,5.08659
2025-03-05T05:00:00Z,5.23,6.09,5.135,6.01,2518436,22422,5.79336
2025-03-06T05:00:00Z,5.92,5.96,5.46,5.635,1264195,11039,5.67031
2025-03-07T05:00:00Z,5.64,5.7047,5.0125,5.155,1344533,10345,5.19739
2025-03-10T04:00:00Z,5.16,5.31,5.045,5.13,1217987,11565,5.16161
2025-03-11T04:00:00Z,5.17,5.4,5.0575,5.3,1139177,11928,5.21906
2025-03-12T04:00:00Z,5.3,5.3915,5.245,5.26,807156,8934,5.28481
2025-03-13T04:00:00Z,5.28,5.32,5.17,5.25,658066,7795,5.24563
2025-03-14T04:00:00Z,5.26,5.4,4.99,5.01,1039337,10291,5.11816
2025-03-17T04:00:00Z,5.01,5.215,4.91,4.97,1434545,12807,5.01995
2025-03-18T04:00:00Z,4.95,5.205,4.88,4.99,1149311,10586,5.02089
2025-03-19T04:00:00Z,5.09,5.12,4.8609,5.07,892197,8487,5.02781
2025-03-20T04:00:00Z,4.97,5.115,4.87,4.88,931396,9752,4.94259
2025-03-21T04:00:00Z,4.92,5.03,4.795,4.88,2233885,10617,4.8875
2025-03-24T04:00:00Z,4.96,5.51,4.865,5.42,1925066,15082,5.2559
2025-03-25T04:00:00Z,5.56,5.57,5.05,5.22,1253183,10803,5.21163
2025-03-26T04:00:00Z,5.22,5.29,4.69,4.695,1185891,12070,4.83335
2025-03-27T04:00:00Z,4.68,4.75,4.56,4.67,567217,4511,4.65926
2025-03-28T04:00:00Z,4.64,4.6799,4.445,4.5,1431578,10624,4.51471
2025-03-31T04:00:00Z,4.38,4.42,4.24,4.32,1895633,7490,4.32015
2025-04-01T04:00:00Z,4.33,4.39,4.23,4.28,950362,9809,4.29422
2025-04-02T04:00:00Z,4.24,4.45,4.205,4.35,632899,6562,4.33997
2025-04-03T04:00:00Z,4.18,4.21,4.01,4.07,1045141,10148,4.08453
2025-04-04T04:00:00Z,4,4.04,3.67,3.87,1820762,8982,3.83926
2025-04-07T04:00:00Z,3.66,4.06,3.52,3.89,1387285,15171,3.82838
2025-04-08T04:00:00Z,4.03,4.1067,3.62,3.7,1104893,10745,3.831
2025-04-09T04:00:00Z,3.62,4.255,3.53,4.08,1208693,11376,3.97811
2025-04-10T04:00:00Z,3.9,3.9,3.67,3.75,593358,6909,3.76845
2025-04-11T04:00:00Z,3.74,4.28,3.57,4.26,3996114,11255,4.05533
2025-04-14T04:00:00Z,4.36,4.39,4.09,4.33,1502035,15699,4.26583
2025-04-15T04:00:00Z,4.28,4.33,4.145,4.32,1344868,6968,4.25406
2025-04-16T04:00:00Z,4.31,4.38,4.155,4.25,973196,12299,4.25346
2025-04-17T04:00:00Z,4.2,4.31,4.105,4.22,626939,6208,4.2041
2025-04-21T04:00:00Z,4.17,4.28,4.1417,4.21,636260,5921,4.20636
2025-04-22T04:00:00Z,4.32,4.425,4.15,4.33,3693242,7964,4.33463
2025-04-23T04:00:00Z,4.5,4.68,4.375,4.45,1380784,13375,4.53303
2025-04-24T04:00:00Z,4.46,4.605,4.41,4.53,3874018,9766,4.53157
2025-04-25T04:00:00Z,4.48,4.56,4.205,4.56,886048,8014,4.44679
2025-04-28T04:00:00Z,4.55,4.73,4.55,4.67,954021,8350,4.64826
2025-04-29T04:00:00Z,4.68,4.905,4.645,4.88,1879310,9792,4.83098
2025-04-30T04:00:00Z,4.89,4.925,4.66,4.91,1664422,11055,4.80912
2025-05-01T04:00:00Z,4.88,4.97,4.76,4.96,1091048,7903,4.90364
2025-05-02T04:00:00Z,5.04,5.505,5,5.28,2769912,20509,5.29421
2025-05-05T04:00:00Z,5.27,5.4,5.06,5.32,1267151,12631,5.30634
2025-05-06T04:00:00Z,5.24,5.42,5.15,5.2,1472257,14444,5.2516
2025-05-07T04:00:00Z,5.22,5.335,5.135,5.18,1002015,8657,5.24833
2025-05-08T04:00:00Z,5.28,5.55,5.14,5.34,2276882,14638,5.40328
2025-05-09T04:00:00Z,4.55,4.55,2.9,3.06,11240171,41443,3.27335
2025-05-12T04:00:00Z,3.21,3.32,2.98,2.985,2286332,16670,3.11018
2025-05-13T04:00:00Z,2.99,3.245,2.88,3.15,2367056,18781,3.11832
2025-05-14T04:00:00Z,3.14,3.2199,3,3.01,1425599,11125,3.07608
2025-05-15T04:00:00Z,3.02,3.06,2.96,3.03,1046604,10854,3.01968
2025-05-16T04:00:00Z,3.03,3.115,3.005,3.08,751915,6236,3.06589
2025-05-19T04:00:00Z,3.05,3.26,3.05,3.23,919897,7975,3.1842
2025-05-20T04:00:00Z,3.23,3.275,3.135,3.26,595373,5729,3.22958
2025-05-21T04:00:00Z,3.19,3.24,2.98,3.01,748444,6884,3.05031
2025-05-22T04:00:00Z,3,3.055,2.965,2.97,595427,4367,2.99089
2025-05-23T04:00:00Z,2.93,2.9899,2.9,2.9,609383,6132,2.92896
2025-05-27T04:00:00Z,2.99,2.99,2.86,2.97,875126,7196,2.93969
2025-05-28T04:00:00Z,2.96,2.9799,2.83,2.87,627778,6488,2.86557
2025-05-29T04:00:00Z,2.88,2.91,2.8111,2.85,814885,5863,2.85741
2025-05-30T04:00:00Z,2.83,2.88,2.725,2.74,806613,6988,2.77887
2025-06-02T04:00:00Z,2.75,2.815,2.65,2.66,1193006,8764,2.70794
2025-06-03T04:00:00Z,2.69,2.84,2.6101,2.81,1063719,6966,2.76457
2025-06-04T04:00:00Z,2.8,2.88,2.735,2.86,763828,5018,2.81959
2025-06-05T04:00:00Z,2.86,2.98,2.815,2.88,741119,5857,2.90676
2025-06-06T04:00:00Z,2.96,3.14,2.94,3.03,1215198,9301,3.04751
2025-06-09T04:00:00Z,3.38,3.71,3.35,3.44,2248096,13209,3.47382
2025-06-10T04:00:00Z,3.43,3.595,3.32,3.47,1108661,8277,3.44987
2025-06-11T04:00:00Z,3.53,3.5574,3.23,3.25,906300,7004,3.33964
2025-06-12T04:00:00Z,3.21,3.275,3.11,3.17,898194,6351,3.16909
2025-06-13T04:00:00Z,3.11,3.19,3.065,3.07,494814,5073,3.11973
2025-06-16T04:00:00Z,3.11,3.2556,3.08,3.24,596175,6511,3.21463
2025-06-17T04:00:00Z,3.17,3.2692,3.1,3.13,526879,5489,3.15284
2025-06-18T04:00:00Z,3.13,3.31,3.08,3.27,656498,4959,3.24211
2025-06-20T04:00:00Z,3.3,3.36,3.215,3.23,1494623,4535,3.24261
2025-06-23T04:00:00Z,3.19,3.34,3.13,3.34,668158,5644,3.25543
2025-06-24T04:00:00Z,3.37,3.475,3.295,3.46,712189,6420,3.41599
2025-06-25T04:00:00Z,3.46,3.69,3.37,3.54,951439,7377,3.56211
2025-06-26T04:00:00Z,3.54,3.685,3.52,3.61,910197,6415,3.61054
2025-06-27T04:00:00Z,3.6,3.73,3.54,3.67,2219112,5974,3.6576
2025-06-30T04:00:00Z,3.67,3.77,3.62,3.66,1674574,7573,3.66891
2025-07-01T04:00:00Z,3.63,3.88,3.59,3.78,934515,8395,3.77864
2025-07-02T04:00:00Z,3.79,4.085,3.76,4.05,763203,7476,3.97844
2025-07-03T04:00:00Z,4.08,4.25,4.01,4.25,494558,4091,4.16872
2025-07-07T04:00:00Z,4.25,4.33,4.17,4.25,1312834,9776,4.25518
2025-07-08T04:00:00Z,4.4,4.645,4.275,4.63,1149396,8171,4.52767
2025-07-09T04:00:00Z,4.63,4.695,4.44,4.46,743409,5889,4.52441
2025-07-10T04:00:00Z,4.44,4.59,4.38,4.4,637001,5768,4.4405
2025-07-11T04:00:00Z,4.37,4.405,4.28,4.3,525700,5839,4.32561
2025-07-14T04:00:00Z,4.28,4.53,4.28,4.49,832924,7335,4.46434
2025-07-15T04:00:00Z,3.9,4.275,3.77,4.03,2824841,15336,4.06501
2025-07-16T04:00:00Z,4.05,4.47,4.01,4.465,1029609,7641,4.32691
2025-07-17T04:00:00Z,4.45,4.48,4.29,4.36,841722,8233,4.36326
2025-07-18T04:00:00Z,4.45,4.48,4.32,4.37,347413,4146,4.38935
2025-07-21T04:00:00Z,4.41,4.59,4.3,4.56,957582,8445,4.43149
2025-07-22T04:00:00Z,4.56,4.905,4.555,4.82,774827,6574,4.75649
2025-07-23T04:00:00Z,4.91,5.015,4.82,4.98,646411,5818,4.96214
2025-07-24T04:00:00Z,4.96,4.96,4.735,4.75,506701,6733,4.83691
2025-07-25T04:00:00Z,4.79,5.035,4.6708,5.03,1350821,6596,4.85801
2025-07-28T04:00:00Z,5.05,5.148,4.92,5.02,610435,6851,5.01593
2025-07-29T04:00:00Z,5.05,5.0759,4.76,4.77,321675,4133,4.847
2025-07-30T04:00:00Z,4.78,4.82,4.59,4.66,486528,5494,4.6898
2025-07-31T04:00:00Z,4.62,4.72,4.575,4.62,459043,5125,4.6421
2025-08-01T04:00:00Z,4.55,4.61,4.36,4.51,1549227,7846,4.50498
2025-08-04T04:00:00Z,4.56,4.69,4.48,4.6,742336,6693,4.59702
2025-08-05T04:00:00Z,4.64,4.67,4.495,4.53,462405,5330,4.55031
2025-08-06T04:00:00Z,4.56,4.585,4.47,4.5,832000,7044,4.51739
2025-08-07T04:00:00Z,4.52,4.715,4.46,4.52,835254,7557,4.55697
2025-08-08T04:00:00Z,4.06,4.665,3.58,4.555,1398360,11130,4.27163
2025-08-11T04:00:00Z,4.59,4.8154,4.515,4.615,756774,7951,4.64154
2025-08-12T04:00:00Z,4.62,4.94,4.46,4.89,875598,10226,4.80875
2025-08-13T04:00:00Z,4.99,4.995,4.82,4.91,592498,8555,4.90551
2025-08-14T04:00:00Z,4.84,4.86,4.65,4.7,488407,5897,4.71935
2025-08-15T04:00:00Z,4.71,4.895,4.69,4.73,520504,5351,4.76442
2025-08-18T04:00:00Z,4.74,4.75,4.5513,4.58,307248,4289,4.62412
2025-08-19T04:00:00Z,4.67,4.75,4.46,4.48,490648,5963,4.57879
2025-08-20T04:00:00Z,4.41,4.615,4.41,4.58,362897,4344,4.52407
2025-08-21T04:00:00Z,4.54,4.58,4.4445,4.47,387996,4345,4.50211
2025-08-22T04:00:00Z,4.54,4.945,4.51,4.89,1261638,6653,4.85112
2025-08-25T04:00:00Z,4.84,4.84,4.66,4.67,927216,5324,4.74782
2025-08-26T04:00:00Z,4.71,4.885,4.7,4.82,443754,5080,4.81134
2025-08-27T04:00:00Z,4.82,5.09,4.82,4.84,535227,6620,4.9556
2025-08-28T04:00:00Z,4.9,5.145,4.9,5.12,486205,5260,5.07762
2025-08-29T04:00:00Z,5.1,5.17,5.055,5.15,266280,3942,5.11239
2025-09-02T04:00:00Z,5.03,5.195,4.895,4.9,1122486,5761,5.01358
2025-09-03T04:00:00Z,4.94,5.06,4.91,4.96,1914162,4493,4.96549
2025-09-04T04:00:00Z,4.97,5.135,4.9312,5.03,1266777,5878,5.04934
2025-09-05T04:00:00Z,5.03,5.11,4.855,5,402505,4931,4.98789
2025-09-08T04:00:00Z,5.05,5.09,4.76,4.77,2272887,5039,4.87833
2025-09-09T04:00:00Z,4.79,4.935,4.78,4.89,408428,5174,4.87528
2025-09-10T04:00:00Z,4.9,4.93,4.745,4.86,729718,4291,4.82494
2025-09-11T04:00:00Z,4.91,5.095,4.905,5.04,692845,5220,5.03118
2025-09-12T04:00:00Z,5.04,5.09,4.89,4.93,731686,3387,4.95289
2025-09-15T04:00:00Z,4.93,4.975,4.85,4.96,645811,3831,4.92567
2025-09-16T04:00:00Z,4.97,4.97,4.84,4.86,477588,4628,4.88839
2025-09-17T04:00:00Z,4.9,4.93,4.59,4.62,509391,5576,4.76388
2025-09-18T04:00:00Z,4.68,4.76,4.6,4.75,420521,5622,4.69049
2025-09-19T04:00:00Z,4.77,4.77,4.5612,4.58,629927,4067,4.63311
2025-09-22T04:00:00Z,4.6,4.72,4.51,4.72,1711132,4376,4.67018
2025-09-23T04:00:00Z,4.77,4.89,4.735,4.76,328206,4620,4.80665
2025-09-24T04:00:00Z,4.75,4.99,4.72,4.9,1177613,5895,4.86759
2025-09-25T04:00:00Z,4.81,4.84,4.635,4.68,460207,4426,4.70296
2025-09-26T04:00:00Z,4.68,4.68,3.945,4.1,2456999,9860,4.13468
2025-09-29T04:00:00Z,4.12,4.29,4.095,4.26,1249535,9692,4.21818
2025-09-30T04:00:00Z,4.26,4.26,3.99,4.22,706801,8245,4.16684
2025-10-01T04:00:00Z,4.25,4.345,4.135,4.24,1138447,7205,4.25458
2025-10-02T04:00:00Z,4.3,4.3,4.115,4.23,425551,6386,4.1865
2025-10-03T04:00:00Z,4.3,4.405,4.27,4.29,985561,8613,4.31866
2025-10-06T04:00:00Z,4.35,4.35,4.165,4.2,763577,7198,4.23134
2025-10-07T04:00:00Z,4.2,4.2197,4.02,4.14,469487,5818,4.10989
2025-10-08T04:00:00Z,4.17,4.2,4.08,4.13,404690,4688,4.14468
2025-10-09T04:00:00Z,4.13,4.13,3.955,4.04,511770,5286,4.02697
2025-10-10T04:00:00Z,4.06,4.1,3.89,3.96,546526,6341,3.96264
2025-10-13T04:00:00Z,4.02,4.048,3.9313,3.95,287818,4766,3.96747
2025-10-14T04:00:00Z,3.85,4.06,3.84,4,324455,4904,3.97478
2025-10-15T04:00:00Z,4.03,4.115,4.01,4.07,432827,5206,4.06092
2025-10-16T04:00:00Z,4.07,4.21,4.05,4.06,713009,7837,4.11636
2025-10-17T04:00:00Z,4.04,4.11,3.97,4.04,288426,5300,4.03226
2025-10-20T04:00:00Z,4.1,4.135,4.02,4.08,378532,5538,4.08891
2025-10-21T04:00:00Z,4.07,4.17,4.04,4.07,364930,4292,4.08844
2025-10-22T04:00:00Z,4.07,4.145,4.03,4.08,395195,5174,4.07623
2025-10-23T04:00:00Z,4.08,4.235,4.08,4.11,518992,5017,4.13595
2025-10-24T04:00:00Z,4.18,4.39,4.131,4.26,446257,5254,4.26286
2025-10-27T04:00:00Z,4.29,4.345,4.225,4.28,1941299,3820,4.27352
2025-10-28T04:00:00Z,4.27,4.365,4.19,4.19,842099,3909,4.26765
2025-10-29T04:00:00Z,4.19,4.39,4.13,4.17,596819,6789,4.26351
2025-10-30T04:00:00Z,4.18,4.295,4.15,4.23,1427487,4410,4.21455
2025-10-31T04:00:00Z,4.23,4.28,4.15,4.25,312034,3170,4.24108
2025-11-03T05:00:00Z,4.26,4.3,3.94,4,1649499,6248,4.07378
2025-11-04T05:00:00Z,3.99,4.07,3.84,3.88,367583,4643,3.93372
2025-11-05T05:00:00Z,3.88,4.075,3.855,3.97,1992727,6101,3.95355
2025-11-06T05:00:00Z,3.95,4.044,3.84,3.89,613418,6112,3.91786
2025-11-07T05:00:00Z,5.11,6.2,4.99,5.63,33040226,222809,5.58712
2025-11-10T05:00:00Z,5.78,6.6,5.7134,6.54,4327920,36985,6.2302
2025-11-11T05:00:00Z,6.47,7.0771,6.28,6.5,2255132,20627,6.62706
2025-11-12T05:00:00Z,6.5,6.56,6.17,6.48,1409704,15683,6.44231
2025-11-13T05:00:00Z,6.5,6.53,6.06,6.21,1080083,11588,6.18442
2025-11-14T05:00:00Z,6.12,6.32,5.91,6.1,1160048,13097,6.14748
2025-11-17T05:00:00Z,6.09,6.2,5.92,5.99,1572380,18183,6.02422
2025-11-18T05:00:00Z,5.95,5.99,5.4,5.52,1721418,16940,5.58363
2025-11-19T05:00:00Z,5.52,5.56,5.09,5.13,1592377,13851,5.2469
2025-11-20T05:00:00Z,5.53,5.83,5.12,5.12,1690219,14824,5.38263
2025-11-21T05:00:00Z,5.14,5.69,5.131,5.59,2634294,19488,5.54859
2025-11-24T05:00:00Z,5.54,5.65,5.242,5.39,2003333,19260,5.38689
2025-11-25T05:00:00Z,5.48,5.57,5.185,5.28,909897,9632,5.28638
2025-11-26T05:00:00Z,5.28,5.44,5.15,5.42,1027809,10740,5.3191
2025-11-28T05:00:00Z,5.34,5.43,5.11,5.18,434546,5483,5.21069
2025-12-01T05:00:00Z,5.18,5.21,5.035,5.08,1337555,12336,5.08216
2025-12-02T05:00:00Z,5.11,5.19,4.92,5.02,1315944,10932,5.00761
2025-12-03T05:00:00Z,5.04,5.1,4.975,4.99,866861,7939,5.02499
2025-12-04T05:00:00Z,4.97,4.9899,4.87,4.92,3248802,8629,4.93101
2025-12-05T05:00:00Z,4.94,4.97,4.71,4.74,729617,7770,4.81253
2025-12-08T05:00:00Z,4.79,4.79,4.645,4.66,951546,10302,4.69382
2025-12-09T05:00:00Z,4.64,4.71,4.605,4.65,856339,8788,4.64363
2025-12-10T05:00:00Z,4.64,4.7684,4.635,4.73,836881,7641,4.71693
2025-12-11T05:00:00Z,4.72,4.81,4.705,4.77,974067,7873,4.76875
2025-12-12T05:00:00Z,4.75,4.845,4.6604,4.82,3604465,6628,4.7934
2025-12-15T05:00:00Z,4.86,5,4.75,4.83,1699604,17176,4.84277
2025-12-16T05:00:00Z,5.24,5.325,4.85,5.17,3762369,24286,5.13195
2025-12-17T05:00:00Z,5.05,5.39,5.0301,5.27,2102376,11750,5.27605
2025-12-18T05:00:00Z,5.34,5.795,5.34,5.77,1793833,11907,5.67973
2025-12-19T05:00:00Z,5.75,5.77,5.485,5.6,1169348,10833,5.59907
2025-12-22T05:00:00Z,5.65,5.765,5.55,5.71,730947,8438,5.68642
2025-12-23T05:00:00Z,5.74,5.755,5.535,5.75,3540439,7968,5.67699
2025-12-24T05:00:00Z,5.78,5.905,5.73,5.87,1331051,4821,5.84475
2025-12-26T05:00:00Z,5.7,5.7,5.24,5.275,1107183,9186,5.36554
2025-12-29T05:00:00Z,5.28,5.28,5.04,5.21,1127107,9223,5.17201
2025-12-30T05:00:00Z,5.15,5.2716,5.14,5.18,707138,6944,5.19611
2025-12-31T05:00:00Z,5.2,5.35,5.115,5.18,798486,6926,5.16972
