timestamp,open,high,low,close,volume,tradeCount,vwap
2016-01-04T05:00:00Z,21.43,21.44,21.14,21.43,62792,271,21.3348
2016-01-05T05:00:00Z,21.47,21.48,20.977,21.11,46816,224,21.1395
2016-01-06T05:00:00Z,20.82,20.99,20.6285,20.75,59618,250,20.7693
2016-01-07T05:00:00Z,20.39,20.515,19.961,20.08,184843,430,20.3043
2016-01-08T05:00:00Z,20.2,20.27,19.83,19.85,75182,277,20.029
2016-01-11T05:00:00Z,19.9,20,19.5401,19.69,105297,369,19.7364
2016-01-12T05:00:00Z,19.87,20.0566,19.46,19.69,118102,340,19.5599
2016-01-13T05:00:00Z,19.79,19.9099,19.07,19.09,88013,357,19.4857
2016-01-14T05:00:00Z,19.17,19.72,18.88,19.57,65797,346,19.3901
2016-01-15T05:00:00Z,19.1,19.21,18.74,19.2,123438,487,18.9997
2016-01-19T05:00:00Z,19.39,19.39,18.719,18.89,138511,444,19.0513
2016-01-20T05:00:00Z,18.68,19.0079,18.1488,18.84,182218,639,18.5899
2016-01-21T05:00:00Z,18.85,19.2092,18.77,18.92,139553,660,18.973
2016-01-22T05:00:00Z,19.21,19.555,19.12,19.47,68548,343,19.3872
2016-01-25T05:00:00Z,19.4,19.4402,18.96,18.99,82004,277,19.1877
2016-01-26T05:00:00Z,19.07,19.5799,19.07,19.55,79002,240,19.4557
2016-01-27T05:00:00Z,19.53,19.781,19.33,19.45,119861,328,19.5374
2016-01-28T05:00:00Z,19.7,19.7499,19.49,19.59,69760,275,19.6388
2016-01-29T05:00:00Z,19.68,20.33,19.68,20.33,75485,272,20.0895
2016-02-01T05:00:00Z,20.08,20.12,19.8693,20.05,79463,319,20.0331
2016-02-02T05:00:00Z,19.86,19.86,19.4051,19.47,402772,774,19.4726
2016-02-03T05:00:00Z,19.56,19.82,19.33,19.8,180856,401,19.4708
2016-02-04T05:00:00Z,19.78,20.379,19.78,20.02,54191,214,20.1012
2016-02-05T05:00:00Z,19.95,19.98,19.59,19.7,119039,231,19.8002
2016-02-08T05:00:00Z,19.5,19.63,19.07,19.31,52965,274,19.2778
2016-02-09T05:00:00Z,19.11,19.4201,19.08,19.29,76184,318,19.2946
2016-02-10T05:00:00Z,19.34,19.48,19.1724,19.18,68614,269,19.2743
2016-02-11T05:00:00Z,18.89,19.07,18.69,18.92,71133,327,18.8776
2016-02-12T05:00:00Z,19.12,19.4134,19.02,19.31,73636,272,19.253
2016-02-16T05:00:00Z,19.56,19.7715,19.38,19.71,43421,176,19.6404
2016-02-17T05:00:00Z,19.81,20.31,19.81,20.17,77199,314,20.1183
2016-02-18T05:00:00Z,20.22,20.36,20.09,20.27,75274,297,20.2463
2016-02-19T05:00:00Z,20.19,20.19,20.04,20.14,40707,208,20.1424
2016-02-22T05:00:00Z,20.36,20.52,20.36,20.5,140424,574,20.4664
2016-02-23T05:00:00Z,20.41,20.4742,20.17,20.18,86695,217,20.27
2016-02-24T05:00:00Z,20.01,20.19,19.71,20.16,82627,286,19.9813
2016-02-25T05:00:00Z,20.19,20.29,19.95,20.27,41005,187,20.1671
2016-02-26T05:00:00Z,20.23,20.404,20.1239,20.33,28935,162,20.2943
2016-02-29T05:00:00Z,20.39,20.72,20.36,20.5,45954,245,20.5823
2016-03-01T05:00:00Z,20.44,20.8799,20.44,20.86,33312,182,20.7326
2016-03-02T05:00:00Z,20.85,21.3,20.6803,21.18,87002,353,20.91
2016-03-03T05:00:00Z,21.15,21.2989,20.99,21.06,74769,222,21.109
2016-03-04T05:00:00Z,21.13,21.4,20.972,21.29,55276,300,21.2582
2016-03-07T05:00:00Z,21.18,21.59,21.18,21.59,56052,219,21.4664
2016-03-08T05:00:00Z,21.83,21.83,21.36,21.38,46412,215,21.5337
2016-03-09T05:00:00Z,21.45,21.58,21.363,21.44,36605,204,21.4779
2016-03-10T05:00:00Z,21.53,21.54,21.16,21.24,38553,168,21.2833
2016-03-11T05:00:00Z,21.44,21.6681,21.41,21.64,62252,287,21.5691
2016-03-14T04:00:00Z,21.61,21.61,21.3801,21.48,70894,327,21.4901
2016-03-15T04:00:00Z,21.46,21.63,21.3601,21.57,44887,197,21.5099
2016-03-16T04:00:00Z,21.2,21.54,21.16,21.54,23219,148,21.417
2016-03-17T04:00:00Z,21.54,21.84,21.47,21.77,58840,227,21.6766
2016-03-18T04:00:00Z,21.81,21.927,21.73,21.75,74758,320,21.8139
2016-03-21T04:00:00Z,21.72,21.873,21.7101,21.81,48159,176,21.7806
2016-03-22T04:00:00Z,21.72,21.88,21.69,21.79,34721,180,21.8174
2016-03-23T04:00:00Z,21.74,21.74,21.52,21.52,48779,173,21.6096
2016-03-24T04:00:00Z,21.44,21.6,21.36,21.6,65213,227,21.4846
2016-03-28T04:00:00Z,21.64,21.65,21.5,21.64,57650,202,21.5905
2016-03-29T04:00:00Z,21.52,22.1,21.5101,22.1,48112,238,21.8305
2016-03-30T04:00:00Z,22.17,22.17,22.02,22.02,66673,262,22.0771
2016-03-31T04:00:00Z,22.05,22.05,21.92,21.96,33065,190,21.9827
2016-04-01T04:00:00Z,21.86,22.185,21.801,22.17,54555,226,22.0131
2016-04-04T04:00:00Z,22.15,22.15,21.89,21.92,531606,241,21.9692
2016-04-05T04:00:00Z,21.78,21.8137,21.66,21.71,42898,212,21.7368
2016-04-06T04:00:00Z,21.72,21.815,21.59,21.8,41971,191,21.7393
2016-04-07T04:00:00Z,21.69,21.7652,21.5,21.62,41837,244,21.615
2016-04-08T04:00:00Z,21.75,21.9399,21.75,21.8,32521,180,21.8426
2016-04-11T04:00:00Z,21.86,22,21.76,21.79,73652,342,21.8667
2016-04-12T04:00:00Z,21.79,22.01,21.7301,22,42772,229,21.9543
2016-04-13T04:00:00Z,22.09,22.34,22.01,22.34,83966,259,22.2288
2016-04-14T04:00:00Z,22.38,22.395,22.29,22.38,45991,216,22.3569
2016-04-15T04:00:00Z,22.37,22.45,22.3,22.45,71911,238,22.3684
2016-04-18T04:00:00Z,22.37,22.61,22.3,22.61,54155,281,22.4997
2016-04-19T04:00:00Z,22.66,22.849,22.66,22.82,56201,257,22.7651
2016-04-20T04:00:00Z,22.81,22.9104,22.65,22.77,53913,271,22.8011
2016-04-21T04:00:00Z,22.83,22.99,22.77,22.81,70602,231,22.8955
2016-04-22T04:00:00Z,22.83,23.06,22.83,23.06,56333,271,22.9838
2016-04-25T04:00:00Z,23.03,23.03,22.84,22.9,40037,195,22.897
2016-04-26T04:00:00Z,23.01,23.23,22.95,23.23,39856,271,23.0971
2016-04-27T04:00:00Z,23.25,23.43,23.2,23.4,46243,273,23.3334
2016-04-28T04:00:00Z,23.31,23.3929,23.06,23.1,48338,275,23.2323
2016-04-29T04:00:00Z,23.08,23.1,22.8054,22.96,99035,265,22.899
2016-05-02T04:00:00Z,23,23.2928,22.97,23.28,33257,184,23.1415
2016-05-03T04:00:00Z,23.18,23.22,22.8,22.93,48442,212,22.9018
2016-05-04T04:00:00Z,22.86,22.96,22.76,22.83,49033,180,22.8411
2016-05-05T04:00:00Z,22.89,22.89,22.59,22.61,19412,136,22.6748
2016-05-06T04:00:00Z,22.58,22.83,22.5713,22.83,24049,112,22.7188
2016-05-09T04:00:00Z,22.79,22.79,22.66,22.68,31281,176,22.7354
2016-05-10T04:00:00Z,22.82,22.97,22.73,22.96,35492,163,22.883
2016-05-11T04:00:00Z,22.9,23.038,22.87,22.87,40894,175,22.9557
2016-05-12T04:00:00Z,22.94,23.0399,22.755,22.8759,38559,149,22.8198
2016-05-13T04:00:00Z,22.87,22.92,22.69,22.75,42313,163,22.8025
2016-05-16T04:00:00Z,22.77,23.081,22.77,23.0085,31215,168,22.9937
2016-05-17T04:00:00Z,22.93,23.02,22.6246,22.71,34202,209,22.7721
2016-05-18T04:00:00Z,22.61,22.8932,22.5001,22.68,93876,290,22.6784
2016-05-19T04:00:00Z,22.52,22.61,22.38,22.57,60729,318,22.4822
2016-05-20T04:00:00Z,22.69,22.82,22.6501,22.73,21823,169,22.7467
2016-05-23T04:00:00Z,22.71,22.9,22.59,22.68,47948,238,22.6789
2016-05-24T04:00:00Z,22.75,23.03,22.7407,22.98,32198,133,22.9376
2016-05-25T04:00:00Z,23.11,23.1399,23.0101,23.06,50873,203,23.0489
2016-05-26T04:00:00Z,23.09,23.15,23.02,23.05,39994,175,23.0686
2016-05-27T04:00:00Z,23.01,23.17,23.01,23.13,39310,127,23.1165
2016-05-31T04:00:00Z,23.15,23.25,23.146,23.23,43784,163,23.1925
2016-06-01T04:00:00Z,23.16,23.39,23.109,23.36,170433,493,23.3429
2016-06-02T04:00:00Z,23.29,23.42,23.26,23.42,155774,233,23.3177
2016-06-03T04:00:00Z,23.39,23.43,23.27,23.39,34003,154,23.3505
2016-06-06T04:00:00Z,23.44,23.603,23.385,23.58,27933,126,23.525
2016-06-07T04:00:00Z,23.56,23.8,23.56,23.77,52395,218,23.7446
2016-06-08T04:00:00Z,23.8,23.97,23.7953,23.96,48136,237,23.895
2016-06-09T04:00:00Z,23.85,23.9,23.75,23.89,50203,195,23.8239
2016-06-10T04:00:00Z,23.7,23.7,23.3634,23.44,47841,181,23.5258
2016-06-13T04:00:00Z,23.32,23.32,23.08,23.09,39424,150,23.1983
2016-06-14T04:00:00Z,23.03,23.16,22.98,23.16,39000,186,23.0724
2016-06-15T04:00:00Z,23.28,23.28,23.08,23.1,101220,250,23.1915
2016-06-16T04:00:00Z,23.01,23.18,22.85,23.18,38721,159,23.0277
2016-06-17T04:00:00Z,23.2,23.22,23.02,23.14,19009,126,23.114
2016-06-20T04:00:00Z,23.33,23.52,23.33,23.43,67599,250,23.4647
2016-06-21T04:00:00Z,23.43,23.48,23.3101,23.36,30320,325,23.3696
2016-06-22T04:00:00Z,23.45,23.4682,23.33,23.34,39768,159,23.3829
2016-06-23T04:00:00Z,23.47,23.68,23.47,23.68,40549,170,23.5679
2016-06-24T04:00:00Z,22.87,23.14,22.8,22.9677,55621,259,23.0028
2016-06-27T04:00:00Z,22.81,22.81,22.3722,22.59,91513,323,22.6055
2016-06-28T04:00:00Z,22.79,22.86,22.688,22.84,24240,130,22.7832
2016-06-29T04:00:00Z,23.02,23.23,23.02,23.15,56486,190,23.1594
2016-06-30T04:00:00Z,23.16,23.64,23.16,23.64,52851,214,23.4764
2016-07-01T04:00:00Z,23.63,23.829,23.58,23.65,39496,153,23.6716
2016-07-05T04:00:00Z,23.64,23.64,23.38,23.5148,25679,189,23.462
2016-07-06T04:00:00Z,23.46,23.5801,23.36,23.57,136652,241,23.5146
2016-07-07T04:00:00Z,23.6,23.6999,23.42,23.5,97071,206,23.5456
2016-07-08T04:00:00Z,23.66,23.99,23.66,23.97,50752,228,23.889
2016-07-11T04:00:00Z,24.02,24.12,24.02,24.08,49474,210,24.0648
2016-07-12T04:00:00Z,24.19,24.26,24.11,24.18,77236,236,24.2107
2016-07-13T04:00:00Z,24.23,24.26,24.1466,24.19,39161,419,24.1887
2016-07-14T04:00:00Z,24.3,24.3492,24.25,24.25,94174,284,24.2746
2016-07-15T04:00:00Z,24.28,24.32,24.2,24.25,52365,242,24.2482
2016-07-18T04:00:00Z,24.26,24.29,24.15,24.18,44134,186,24.2073
2016-07-19T04:00:00Z,24.18,24.19,24.08,24.17,43842,208,24.1416
2016-07-20T04:00:00Z,24.19,24.3199,24.15,24.27,50594,487,24.265
2016-07-21T04:00:00Z,24.23,24.23,24.03,24.11,40985,197,24.1096
2016-07-22T04:00:00Z,24.1,24.3326,24.0404,24.32,36991,163,24.2644
2016-07-25T04:00:00Z,24.26,24.26,24.003,24.11,37245,162,24.0878
2016-07-26T04:00:00Z,24.16,24.38,24.16,24.38,62530,296,24.3131
2016-07-27T04:00:00Z,24.39,24.41,24.2452,24.36,62383,497,24.3115
2016-07-28T04:00:00Z,24.32,24.45,24.32,24.41,31420,155,24.3636
2016-07-29T04:00:00Z,24.36,24.5411,24.3195,24.45,36144,186,24.4508
2016-08-01T04:00:00Z,24.41,24.4668,24.31,24.33,42059,167,24.3758
2016-08-02T04:00:00Z,24.3,24.3,24.06,24.13,54890,200,24.1439
2016-08-03T04:00:00Z,24.1,24.15,23.95,24.11,37203,140,24.0885
2016-08-04T04:00:00Z,24.14,24.34,24.14,24.22,31009,188,24.2479
2016-08-05T04:00:00Z,24.33,24.399,24.26,24.39,28491,144,24.3503
2016-08-08T04:00:00Z,24.38,24.43,24.3064,24.35,32450,141,24.3494
2016-08-09T04:00:00Z,24.36,24.4137,24.33,24.38,18763,120,24.3772
2016-08-10T04:00:00Z,24.42,24.4458,24.31,24.415,26404,204,24.3931
2016-08-11T04:00:00Z,24.42,24.6,24.42,24.6,39485,160,24.5324
2016-08-12T04:00:00Z,24.57,24.61,24.4201,24.51,35954,141,24.5326
2016-08-15T04:00:00Z,24.52,24.71,24.52,24.64,82080,191,24.6766
2016-08-16T04:00:00Z,24.65,24.65,24.4,24.41,36182,166,24.4956
2016-08-17T04:00:00Z,24.41,24.487,24.3141,24.46,51215,149,24.4188
2016-08-18T04:00:00Z,24.46,24.56,24.431,24.56,33726,133,24.4968
2016-08-19T04:00:00Z,24.49,24.64,24.4,24.62,35613,196,24.5103
2016-08-22T04:00:00Z,24.55,24.6599,24.4901,24.64,24170,119,24.5972
2016-08-23T04:00:00Z,24.68,24.7699,24.68,24.68,26801,150,24.7196
2016-08-24T04:00:00Z,24.65,24.65,24.4701,24.5,34492,162,24.5396
2016-08-25T04:00:00Z,24.47,24.57,24.4,24.51,40764,142,24.5174
2016-08-26T04:00:00Z,24.58,24.7298,24.35,24.4499,36272,143,24.5195
2016-08-29T04:00:00Z,24.43,24.6999,24.43,24.62,33101,136,24.5886
2016-08-30T04:00:00Z,24.61,24.61,24.4476,24.48,42072,180,24.497
2016-08-31T04:00:00Z,24.57,24.57,24.2741,24.37,29671,137,24.383
2016-09-01T04:00:00Z,24.34,24.3701,24.1999,24.36,28446,146,24.2892
2016-09-02T04:00:00Z,24.49,24.68,24.472,24.68,34370,203,24.5593
2016-09-06T04:00:00Z,24.71,24.79,24.5975,24.65,166810,500,24.6479
2016-09-07T04:00:00Z,24.58,24.61,24.4671,24.6,29799,136,24.5346
2016-09-08T04:00:00Z,24.57,24.6099,24.53,24.55,57367,127,24.5502
2016-09-09T04:00:00Z,24.32,24.55,23.62,23.62,235534,1094,23.9257
2016-09-12T04:00:00Z,23.5,23.9101,23.48,23.9,35206,171,23.6754
2016-09-13T04:00:00Z,23.79,23.81,23.47,23.51,65279,227,23.594
2016-09-14T04:00:00Z,23.51,23.61,23.47,23.5,34532,155,23.5219
2016-09-15T04:00:00Z,23.51,23.8,23.4979,23.76,59716,177,23.6519
2016-09-16T04:00:00Z,23.64,23.7,23.59,23.69,23938,140,23.6589
2016-09-19T04:00:00Z,23.89,23.9499,23.79,23.8799,35113,168,23.885
2016-09-20T04:00:00Z,23.97,23.9766,23.84,23.84,38294,143,23.9065
2016-09-21T04:00:00Z,23.93,24.28,23.9101,24.26,73380,402,24.0688
2016-09-22T04:00:00Z,24.39,24.65,24.38,24.63,46673,183,24.5439
2016-09-23T04:00:00Z,24.58,24.6,24.393,24.41,30728,142,24.4746
2016-09-26T04:00:00Z,24.32,24.39,24.25,24.26,91515,541,24.3135
2016-09-27T04:00:00Z,24.24,24.414,24.24,24.41,23222,120,24.367
2016-09-28T04:00:00Z,24.45,24.63,24.37,24.63,21568,132,24.4851
2016-09-29T04:00:00Z,24.65,24.72,24.3647,24.42,63625,529,24.5472
2016-09-30T04:00:00Z,24.51,24.6925,24.42,24.6066,45493,159,24.5642
2016-10-03T04:00:00Z,24.55,24.565,24.48,24.55,32279,132,24.5154
2016-10-04T04:00:00Z,24.56,24.6,24.1768,24.25,60851,180,24.4019
2016-10-05T04:00:00Z,24.37,24.4406,24.3101,24.329,21938,121,24.379
2016-10-06T04:00:00Z,24.24,24.3234,24.09,24.31,37262,148,24.2092
2016-10-07T04:00:00Z,24.34,24.34,23.979,24.03,31901,142,24.0741
2016-10-10T04:00:00Z,24.11,24.3,24.0882,24.1,23553,125,24.1298
2016-10-11T04:00:00Z,24.02,24.02,23.6124,23.74,33411,182,23.742
2016-10-12T04:00:00Z,23.79,23.9573,23.79,23.88,28293,128,23.8582
2016-10-13T04:00:00Z,23.7,23.87,23.7,23.76,36935,146,23.7932
2016-10-14T04:00:00Z,23.88,23.99,23.69,23.69,22017,108,23.8207
2016-10-17T04:00:00Z,23.69,23.783,23.69,23.71,22471,114,23.7285
2016-10-18T04:00:00Z,23.93,23.93,23.75,23.82,23179,126,23.8217
2016-10-19T04:00:00Z,23.87,23.96,23.723,23.89,150914,1344,23.8928
2016-10-20T04:00:00Z,23.84,23.89,23.74,23.862,22070,144,23.8366
2016-10-21T04:00:00Z,23.69,23.818,23.6046,23.81,33959,126,23.7515
2016-10-24T04:00:00Z,23.94,24.106,23.93,23.9759,26256,145,24.0159
2016-10-25T04:00:00Z,23.91,23.91,23.58,23.6,365258,1445,23.6544
2016-10-26T04:00:00Z,23.48,23.5899,23.42,23.45,56976,191,23.5033
2016-10-27T04:00:00Z,23.54,23.56,23.41,23.44,35674,150,23.4677
2016-10-28T04:00:00Z,23.44,23.6017,23.363,23.43,51032,237,23.4753
2016-10-31T04:00:00Z,23.49,23.6582,23.49,23.62,37910,151,23.5987
2016-11-01T04:00:00Z,23.63,23.63,23.16,23.26,72647,364,23.3854
2016-11-02T04:00:00Z,23.21,23.259,23.07,23.07,117944,238,23.1805
2016-11-03T04:00:00Z,23.14,23.16,22.885,22.92,216419,1000,22.9843
2016-11-04T04:00:00Z,22.95,23.1647,22.92,22.92,40363,176,23.0703
2016-11-07T05:00:00Z,23.24,23.3755,23.23,23.3682,40003,139,23.3076
2016-11-08T05:00:00Z,23.35,23.67,23.34,23.61,162076,896,23.5409
2016-11-09T05:00:00Z,23.36,24.1497,23.36,24.05,65661,199,23.8255
2016-11-10T05:00:00Z,24.13,24.41,24.04,24.33,63284,285,24.2558
2016-11-11T05:00:00Z,24.22,24.42,24.198,24.35,81263,332,24.2878
2016-11-14T05:00:00Z,24.38,24.4751,24.33,24.42,139760,331,24.3997
2016-11-15T05:00:00Z,24.48,24.6175,24.44,24.6011,36390,156,24.5384
2016-11-16T05:00:00Z,24.54,24.66,24.4699,24.66,28072,155,24.5357
2016-11-17T05:00:00Z,24.66,24.75,24.6174,24.65,43462,149,24.6604
2016-11-18T05:00:00Z,24.65,24.684,24.52,24.55,24525,120,24.5738
2016-11-21T05:00:00Z,24.7,24.79,24.6,24.7627,41294,211,24.7075
2016-11-22T05:00:00Z,24.85,25.06,24.7601,25.0452,73415,232,24.915
2016-11-23T05:00:00Z,24.95,25.0244,24.93,24.96,33026,162,24.971
2016-11-25T05:00:00Z,25,25.12,25,25.12,17981,78,25.0486
2016-11-28T05:00:00Z,25.15,25.15,24.99,25,36475,161,25.0533
2016-11-29T05:00:00Z,25,25.07,24.93,24.96,70013,268,25.0023
2016-11-30T05:00:00Z,25.05,25.05,24.81,24.81,45423,198,24.9085
2016-12-01T05:00:00Z,24.8,24.8899,24.73,24.8,41653,148,24.8234
2016-12-02T05:00:00Z,24.84,24.88,24.72,24.77,536519,167,24.8742
2016-12-05T05:00:00Z,24.89,24.96,24.85,24.94,30700,135,24.901
2016-12-06T05:00:00Z,24.95,25.072,24.871,25.06,61278,225,24.9776
2016-12-07T05:00:00Z,24.93,25.25,24.93,25.25,55069,198,25.1133
2016-12-08T05:00:00Z,25.23,25.44,25.17,25.38,61057,257,25.325
2016-12-09T05:00:00Z,25.4,25.44,25.3217,25.43,23761,141,25.3842
2016-12-12T05:00:00Z,25.35,25.4899,25.32,25.36,58607,224,25.3666
2016-12-13T05:00:00Z,25.48,25.5499,25.32,25.41,53919,174,25.4128
2016-12-14T05:00:00Z,25.37,25.5125,25.0201,25.05,46452,219,25.2271
2016-12-15T05:00:00Z,25.04,25.2299,25,25.08,45114,164,25.1007
2016-12-16T05:00:00Z,24.99,25.1603,24.89,24.95,43278,170,25.0164
2016-12-19T05:00:00Z,24.85,25,24.85,24.97,30914,132,24.9159
2016-12-20T05:00:00Z,25.01,25.1148,24.9702,25.08,59590,206,25.0263
2016-12-21T05:00:00Z,25.12,25.18,24.9,24.9,68958,181,24.9832
2016-12-22T05:00:00Z,24.87,24.9116,24.73,24.78,49887,120,24.799
2016-12-23T05:00:00Z,24.77,24.88,24.77,24.88,22607,83,24.8212
2016-12-27T05:00:00Z,24.86,25.02,24.86,24.96,28356,142,24.9485
2016-12-28T05:00:00Z,24.98,25.0635,24.64,24.64,24963,120,24.8255
2016-12-29T05:00:00Z,24.56,24.7799,24.56,24.67,31986,144,24.6517
2016-12-30T05:00:00Z,24.78,24.78,24.51,24.59,26800,159,24.6446
2017-01-03T05:00:00Z,24.39,24.84,24.39,24.79,72028,215,24.5333
2017-01-04T05:00:00Z,24.78,25.08,24.78,25.04,36117,182,24.9661
2017-01-05T05:00:00Z,24.98,25.07,24.8456,24.91,27924,131,24.9128
2017-01-06T05:00:00Z,24.92,25.0412,24.87,24.87,39180,176,24.9628
2017-01-09T05:00:00Z,24.83,24.84,24.6117,24.65,156514,280,24.762
2017-01-10T05:00:00Z,24.65,24.8,24.61,24.72,28230,117,24.6859
2017-01-11T05:00:00Z,24.73,24.98,24.7008,24.98,28330,140,24.8509
2017-01-12T05:00:00Z,24.96,24.96,24.6221,24.87,14817,98,24.7913
2017-01-13T05:00:00Z,24.9,25.1,24.8766,25.02,20854,131,25.0195
2017-01-17T05:00:00Z,24.95,24.95,24.7501,24.83,36110,169,24.8512
2017-01-18T05:00:00Z,24.81,24.97,24.81,24.91,36869,138,24.8901
2017-01-19T05:00:00Z,24.85,24.9799,24.76,24.8,28327,105,24.8543
2017-01-20T05:00:00Z,24.83,24.9499,24.7901,24.88,20273,104,24.8765
2017-01-23T05:00:00Z,24.79,24.9599,24.79,24.9,24552,114,24.8632
2017-01-24T05:00:00Z,24.91,25.255,24.91,25.18,39540,186,25.1132
2017-01-25T05:00:00Z,25.31,25.6599,25.31,25.623,360879,245,25.5277
2017-01-26T05:00:00Z,25.63,25.63,25.4083,25.51,38863,192,25.4967
2017-01-27T05:00:00Z,25.47,25.5045,25.3901,25.48,52574,221,25.4413
2017-01-30T05:00:00Z,25.37,25.37,25.01,25.19,80325,303,25.1773
2017-01-31T05:00:00Z,25.18,25.35,25.1157,25.33,49044,186,25.1993
2017-02-01T05:00:00Z,25.39,25.4799,25.184,25.3,45833,202,25.298
2017-02-02T05:00:00Z,25.24,25.279,25.15,25.2,40194,169,25.2117
2017-02-03T05:00:00Z,25.27,25.4968,25.27,25.48,47762,173,25.4146
2017-02-06T05:00:00Z,25.47,25.47,25.19,25.3,31769,222,25.2951
2017-02-07T05:00:00Z,25.29,25.41,25.22,25.31,46742,233,25.3174
2017-02-08T05:00:00Z,25.25,25.2836,25.1801,25.27,149132,290,25.2481
2017-02-09T05:00:00Z,25.27,25.55,25.27,25.5,80271,165,25.522
2017-02-10T05:00:00Z,25.63,25.74,25.52,25.74,149079,326,25.6384
2017-02-13T05:00:00Z,25.85,25.8799,25.75,25.78,37085,198,25.8057
2017-02-14T05:00:00Z,25.67,25.7303,25.55,25.65,51164,207,25.6317
2017-02-15T05:00:00Z,25.63,25.8403,25.5866,25.82,34039,185,25.7381
2017-02-16T05:00:00Z,25.77,25.7816,25.61,25.76,31244,151,25.7149
2017-02-17T05:00:00Z,25.65,25.78,25.65,25.77,43116,258,25.7077
2017-02-21T05:00:00Z,25.8,26,25.77,26,85328,351,25.9033
2017-02-22T05:00:00Z,25.95,26.1228,25.94,26.0444,57374,269,26.0153
2017-02-23T05:00:00Z,26.11,26.155,25.82,25.93,55412,245,25.9482
2017-02-24T05:00:00Z,25.84,26.04,25.7019,26.04,33206,191,25.9366
2017-02-27T05:00:00Z,26.01,26.23,26,26.22,37009,187,26.1446
2017-02-28T05:00:00Z,26.13,26.21,25.97,25.97,41153,178,26.0664
2017-03-01T05:00:00Z,26.18,26.45,26.18,26.38,36559,190,26.3417
2017-03-02T05:00:00Z,26.36,26.38,26.05,26.09,46557,262,26.1925
2017-03-03T05:00:00Z,25.94,26.13,25.94,26.08,153374,248,26.0035
2017-03-06T05:00:00Z,25.98,26.0589,25.92,25.93,40816,175,25.9733
2017-03-07T05:00:00Z,25.9,25.992,25.8565,25.9,28386,154,25.9135
2017-03-08T05:00:00Z,25.93,25.93,25.6913,25.72,34396,175,25.8128
2017-03-09T05:00:00Z,25.72,25.7564,25.4921,25.55,48130,238,25.6311
2017-03-10T05:00:00Z,25.7,25.8399,25.65,25.82,29017,208,25.7372
2017-03-13T04:00:00Z,25.83,25.9612,25.7971,25.94,33768,134,25.8547
2017-03-14T04:00:00Z,25.8,25.8,25.5901,25.66,39925,231,25.663
2017-03-15T04:00:00Z,25.75,26.1952,25.75,26.13,37158,193,25.9987
2017-03-16T04:00:00Z,26.13,26.13,25.9201,25.94,33979,165,26.0029
2017-03-17T04:00:00Z,26.01,26.13,25.9732,26.1,77729,269,26.0793
2017-03-20T04:00:00Z,26.05,26.1833,25.9,25.93,125312,398,26.0021
2017-03-21T04:00:00Z,26.06,26.06,25.59,25.66,75691,332,25.773
2017-03-22T04:00:00Z,25.92,25.92,25.59,25.69,104098,263,25.6724
2017-03-23T04:00:00Z,25.72,25.84,25.64,25.7,34502,156,25.7775
2017-03-24T04:00:00Z,25.7,25.82,25.5357,25.62,49684,215,25.6898
2017-03-27T04:00:00Z,25.37,25.64,25.33,25.56,43964,194,25.4414
2017-03-28T04:00:00Z,25.48,25.79,25.48,25.76,31247,140,25.61
2017-03-29T04:00:00Z,25.78,25.82,25.64,25.79,21607,123,25.7662
2017-03-30T04:00:00Z,25.83,26.01,25.83,26.01,20635,128,25.9284
2017-03-31T04:00:00Z,25.99,26.15,25.955,26.03,25980,113,26.0978
2017-04-03T04:00:00Z,26.12,26.12,25.7799,25.88,50802,190,25.9244
2017-04-04T04:00:00Z,25.84,25.9199,25.77,25.86,28217,135,25.8318
2017-04-05T04:00:00Z,25.99,26.1376,25.8051,25.84,62759,129,25.8744
2017-04-06T04:00:00Z,25.85,26.0302,25.76,25.93,34782,144,25.9097
2017-04-07T04:00:00Z,25.97,26.05,25.85,25.95,35981,130,25.9831
2017-04-10T04:00:00Z,25.96,26.18,25.9477,26.04,31823,132,26.0494
2017-04-11T04:00:00Z,25.95,26.16,25.8903,26.16,47841,128,26.0173
2017-04-12T04:00:00Z,26.06,26.06,25.79,25.82,26459,137,25.9368
2017-04-13T04:00:00Z,25.72,25.8899,25.59,25.62,24548,150,25.7251
2017-04-17T04:00:00Z,25.56,25.89,25.56,25.88,27269,181,25.7384
2017-04-18T04:00:00Z,25.78,25.91,25.75,25.87,61759,174,25.8604
2017-04-19T04:00:00Z,25.98,26.04,25.78,25.91,45851,204,25.9608
2017-04-20T04:00:00Z,25.98,26.19,25.9605,26.12,33033,129,26.0976
2017-04-21T04:00:00Z,26.02,26.22,26.02,26.16,30605,155,26.1397
2017-04-24T04:00:00Z,26.42,26.51,26.3887,26.45,54556,215,26.4478
2017-04-25T04:00:00Z,26.51,26.9099,26.51,26.84,69040,269,26.8415
2017-04-26T04:00:00Z,26.75,27.0254,26.75,26.91,52337,218,26.8754
2017-04-27T04:00:00Z,26.92,27.0218,26.88,26.94,34628,173,26.9314
2017-04-28T04:00:00Z,26.97,26.97,26.6801,26.72,25181,128,26.7636
2017-05-01T04:00:00Z,26.79,26.79,26.57,26.7,68954,171,26.6922
2017-05-02T04:00:00Z,26.69,26.72,26.56,26.59,94082,207,26.6453
2017-05-03T04:00:00Z,26.59,26.592,26.4122,26.52,38690,192,26.5024
2017-05-04T04:00:00Z,26.5,26.58,26.45,26.54,68109,230,26.5042
2017-05-05T04:00:00Z,26.63,26.804,26.6109,26.8,39290,177,26.6795
2017-05-08T04:00:00Z,26.8,26.8399,26.6,26.74,29048,170,26.7393
2017-05-09T04:00:00Z,26.77,26.77,26.61,26.66,27195,160,26.705
2017-05-10T04:00:00Z,26.6,26.7,26.562,26.65,127513,416,26.6583
2017-05-11T04:00:00Z,26.58,26.67,26.298,26.6,34833,152,26.4654
2017-05-12T04:00:00Z,26.51,26.5883,26.412,26.44,27976,131,26.4858
2017-05-15T04:00:00Z,26.53,26.6999,26.53,26.64,26755,142,26.6358
2017-05-16T04:00:00Z,26.73,26.73,26.562,26.68,142415,344,26.6876
2017-05-17T04:00:00Z,26.42,26.548,26.3001,26.33,42100,187,26.3672
2017-05-18T04:00:00Z,26.3,26.385,26.16,26.29,47427,186,26.2898
2017-05-19T04:00:00Z,26.36,26.68,26.36,26.58,20251,104,26.5555
2017-05-22T04:00:00Z,26.64,26.6824,26.58,26.67,26588,118,26.6497
2017-05-23T04:00:00Z,26.73,26.85,26.6875,26.81,34032,182,26.7875
2017-05-24T04:00:00Z,26.78,26.905,26.74,26.79,83299,216,26.7939
2017-05-25T04:00:00Z,26.92,26.937,26.77,26.87,30094,155,26.8673
2017-05-26T04:00:00Z,26.82,26.87,26.7801,26.84,30684,145,26.8291
2017-05-30T04:00:00Z,26.85,26.9,26.7201,26.89,28170,161,26.846
2017-05-31T04:00:00Z,26.9,27,26.7443,26.9,33312,175,26.8792
2017-06-01T04:00:00Z,26.94,27.2299,26.93,27.22,30195,216,27.0718
2017-06-02T04:00:00Z,27.27,27.59,27.27,27.4,174867,437,27.4571
2017-06-05T04:00:00Z,27.37,27.4686,27.29,27.29,29956,138,27.3837
2017-06-06T04:00:00Z,27.11,27.11,26.7501,26.84,58365,209,26.8566
2017-06-07T04:00:00Z,26.88,26.9199,26.7754,26.86,29705,173,26.85
2017-06-08T04:00:00Z,26.88,27,26.7964,26.96,31395,146,26.9209
2017-06-09T04:00:00Z,26.79,27.15,26.79,27.08,25687,115,27.0301
2017-06-12T04:00:00Z,27.03,27.1,26.94,27.01,27350,295,27.0161
2017-06-13T04:00:00Z,27.12,27.23,26.96,27.19,29696,166,27.1345
2017-06-14T04:00:00Z,27.14,27.2535,27,27.23,29147,110,27.1854
2017-06-15T04:00:00Z,27.02,27.26,27.02,27.23,28297,186,27.1333
2017-06-16T04:00:00Z,27.16,27.25,27.0669,27.23,44229,381,27.2002
2017-06-19T04:00:00Z,27.3,27.37,27.24,27.33,18964,117,27.2988
2017-06-20T04:00:00Z,27.34,27.34,27.0904,27.13,89998,159,27.1711
2017-06-21T04:00:00Z,27.33,27.33,26.8731,26.92,32925,178,27.071
2017-06-22T04:00:00Z,26.92,26.98,26.86,26.86,34780,161,26.9458
2017-06-23T04:00:00Z,26.98,26.999,26.88,26.99,24378,109,26.9532
2017-06-26T04:00:00Z,27.12,27.12,26.95,27.04,27466,135,27.07
2017-06-27T04:00:00Z,27.07,27.07,26.834,26.84,45694,155,26.903
2017-06-28T04:00:00Z,26.9,27.05,26.85,27.01,26145,184,26.9954
2017-06-29T04:00:00Z,26.99,26.99,26.64,26.81,27997,175,26.7975
2017-06-30T04:00:00Z,26.91,27.06,26.91,26.97,22139,144,26.9793
2017-07-03T04:00:00Z,27.24,27.24,27.02,27.08,37355,119,27.1432
2017-07-05T04:00:00Z,27.04,27.0599,26.91,27,28871,151,26.99
2017-07-06T04:00:00Z,26.89,27.01,26.7,26.72,28427,145,26.842
2017-07-07T04:00:00Z,26.72,26.935,26.72,26.93,124383,125,26.7641
2017-07-10T04:00:00Z,26.87,26.9837,26.81,26.9,21827,126,26.8981
2017-07-11T04:00:00Z,26.81,26.9268,26.7596,26.86,23249,119,26.8713
2017-07-12T04:00:00Z,27.02,27.23,27.02,27.11,38555,146,27.1105
2017-07-13T04:00:00Z,27.03,27.15,26.99,27.13,21641,133,27.0845
2017-07-14T04:00:00Z,27.2,27.3499,27.1908,27.3,23367,167,27.287
2017-07-17T04:00:00Z,27.24,27.44,27.21,27.36,35695,144,27.3663
2017-07-18T04:00:00Z,27.33,27.4099,27.32,27.38,30391,121,27.3572
2017-07-19T04:00:00Z,27.39,27.58,27.37,27.58,32830,181,27.4797
2017-07-20T04:00:00Z,27.56,27.6385,27.46,27.56,25145,142,27.5347
2017-07-21T04:00:00Z,27.56,27.6499,27.49,27.6,38224,163,27.5652
2017-07-24T04:00:00Z,27.6,27.6,27.41,27.47,50933,225,27.4721
2017-07-25T04:00:00Z,27.55,27.55,27.31,27.31,22174,151,27.3917
2017-07-26T04:00:00Z,27.32,27.34,27.21,27.24,31056,157,27.2606
2017-07-27T04:00:00Z,27.3,27.3,27.09,27.18,32765,143,27.1883
2017-07-28T04:00:00Z,27.13,27.25,27.11,27.25,35346,167,27.162
2017-07-31T04:00:00Z,27.27,27.2899,27.1893,27.22,29158,171,27.2271
2017-08-01T04:00:00Z,27.2,27.325,27.2,27.3,34414,215,27.2787
2017-08-02T04:00:00Z,27.28,27.3057,27.16,27.26,51860,173,27.242
2017-08-03T04:00:00Z,27.27,27.27,27.12,27.19,24866,189,27.1727
2017-08-04T04:00:00Z,27.05,27.355,27.05,27.31,37883,149,27.2582
2017-08-07T04:00:00Z,27.37,27.3952,27.2698,27.38,19738,136,27.3508
2017-08-08T04:00:00Z,27.39,27.5,27.28,27.33,34633,158,27.392
2017-08-09T04:00:00Z,27.22,27.31,27.1129,27.16,49385,145,27.1987
2017-08-10T04:00:00Z,27.03,27.045,26.7,26.7,64041,305,26.8766
2017-08-11T04:00:00Z,26.61,26.84,26.5,26.75,36962,196,26.715
2017-08-14T04:00:00Z,26.91,27.13,26.9,27.11,35656,184,27.0154
2017-08-15T04:00:00Z,27.11,27.11,26.9229,26.94,68233,242,26.9822
2017-08-16T04:00:00Z,27.05,27.1599,26.82,27.09,35092,209,27.0391
2017-08-17T04:00:00Z,27.01,27.0386,26.58,26.58,73131,348,26.704
2017-08-18T04:00:00Z,26.55,26.73,26.4701,26.62,42218,168,26.5838
2017-08-21T04:00:00Z,26.61,26.6605,26.52,26.63,17084,123,26.6195
2017-08-22T04:00:00Z,26.74,26.93,26.69,26.93,22849,139,26.7861
2017-08-23T04:00:00Z,26.83,26.83,26.71,26.72,28845,182,26.7515
2017-08-24T04:00:00Z,26.7,26.7696,26.55,26.55,45333,185,26.6451
2017-08-25T04:00:00Z,26.59,26.746,26.59,26.67,22127,151,26.6652
2017-08-28T04:00:00Z,26.67,26.7621,26.64,26.64,21654,120,26.6755
2017-08-29T04:00:00Z,26.52,26.7274,26.5,26.71,39074,199,26.6311
2017-08-30T04:00:00Z,26.57,26.836,26.57,26.8,32266,182,26.7367
2017-08-31T04:00:00Z,26.78,27.12,26.78,27.09,35914,182,27.0297
2017-09-01T04:00:00Z,27.24,27.24,27.1,27.17,27703,103,27.1861
2017-09-05T04:00:00Z,27.12,27.1993,26.981,27,25655,154,27.0953
2017-09-06T04:00:00Z,27.11,27.2,27.0368,27.18,27815,143,27.106
2017-09-07T04:00:00Z,27.14,27.29,27.0771,27.29,28197,131,27.2073
2017-09-08T04:00:00Z,27.25,27.4984,27.25,27.48,20428,136,27.426
2017-09-11T04:00:00Z,27.5,27.6856,27.5,27.66,24716,120,27.6262
2017-09-12T04:00:00Z,27.76,27.7899,27.64,27.74,22820,130,27.7254
2017-09-13T04:00:00Z,27.69,27.72,27.6396,27.66,21235,139,27.6726
2017-09-14T04:00:00Z,27.63,27.75,27.61,27.75,24159,135,27.685
2017-09-15T04:00:00Z,27.56,27.78,27.56,27.77,37730,147,27.7145
2017-09-18T04:00:00Z,27.76,27.92,27.54,27.89,146180,594,27.8409
2017-09-19T04:00:00Z,27.93,27.93,27.8601,27.92,42673,136,27.9105
2017-09-20T04:00:00Z,27.99,28.16,27.92,28.14,52242,202,28.061
2017-09-21T04:00:00Z,28.35,28.375,28.3096,28.31,35163,180,28.3432
2017-09-22T04:00:00Z,28.26,28.5,28.26,28.5,28932,169,28.414
2017-09-25T04:00:00Z,28.71,28.71,28.3098,28.43,75172,220,28.5309
2017-09-26T04:00:00Z,28.45,28.47,28.38,28.41,48563,251,28.4305
2017-09-27T04:00:00Z,28.45,28.47,28.18,28.47,40185,333,28.3165
2017-09-28T04:00:00Z,28.37,28.4452,28.32,28.441,36378,148,28.3984
2017-09-29T04:00:00Z,28.52,28.56,28.48,28.5,24376,143,28.5108
2017-10-02T04:00:00Z,28.57,28.87,28.57,28.87,40381,210,28.7076
2017-10-03T04:00:00Z,28.86,28.95,28.7901,28.95,129171,427,28.8498
2017-10-04T04:00:00Z,28.99,29.1,28.9401,29.07,25970,156,29.0475
2017-10-05T04:00:00Z,29.15,29.16,29.02,29.03,25914,131,29.0784
2017-10-06T04:00:00Z,28.98,29.16,28.956,29.08,24027,121,29.0503
2017-10-09T04:00:00Z,29.1,29.1367,28.9901,29.04,16180,107,29.0443
2017-10-10T04:00:00Z,29.07,29.1491,28.9752,29.02,122291,385,29.0642
2017-10-11T04:00:00Z,29.03,29.03,28.91,28.95,43397,253,28.9594
2017-10-12T04:00:00Z,28.96,29.1024,28.954,29.07,22696,121,29.0464
2017-10-13T04:00:00Z,29.19,29.224,29.03,29.04,34567,229,29.1118
2017-10-16T04:00:00Z,29.05,29.1366,29.02,29.08,26740,176,29.07
2017-10-17T04:00:00Z,29,29,28.84,28.86,32531,196,28.9041
2017-10-18T04:00:00Z,28.93,28.99,28.8801,28.95,20034,152,28.9358
2017-10-19T04:00:00Z,28.95,29.13,28.91,29.13,22156,141,29.0216
2017-10-20T04:00:00Z,29.2,29.34,29.2,29.315,21138,135,29.3016
2017-10-23T04:00:00Z,29.29,29.3599,29.15,29.17,29294,192,29.2323
2017-10-24T04:00:00Z,29.17,29.239,29.1334,29.16,18154,140,29.188
2017-10-25T04:00:00Z,29.08,29.0985,28.871,29.09,28505,176,29.0153
2017-10-26T04:00:00Z,29.15,29.35,29.15,29.35,32950,129,29.2734
2017-10-27T04:00:00Z,29.34,29.39,29.1608,29.39,19491,136,29.3071
2017-10-30T04:00:00Z,29.38,29.38,29.03,29.15,19147,144,29.1945
2017-10-31T04:00:00Z,29.14,29.3472,29.14,29.25,20177,126,29.2949
2017-11-01T04:00:00Z,29.09,29.45,29.09,29.29,34496,205,29.3161
2017-11-02T04:00:00Z,29.26,29.418,29.24,29.41,43542,298,29.3279
2017-11-03T04:00:00Z,29.41,29.4704,29.32,29.4,40542,166,29.3711
2017-11-06T05:00:00Z,29.53,29.53,29.363,29.45,41641,175,29.4867
2017-11-07T05:00:00Z,29.45,29.4799,29.286,29.35,20503,128,29.367
2017-11-08T05:00:00Z,29.33,29.42,29.25,29.36,25037,165,29.3393
2017-11-09T05:00:00Z,29.29,29.3,29,29.16,24478,142,29.1822
2017-11-10T05:00:00Z,29.06,29.1799,29.06,29.12,25317,128,29.1137
2017-11-13T05:00:00Z,29.04,29.235,28.9962,29.17,21371,144,29.1309
2017-11-14T05:00:00Z,29.12,29.1399,29.03,29.1,27017,140,29.0818
2017-11-15T05:00:00Z,28.98,29.13,28.98,29.02,33132,204,29.0431
2017-11-16T05:00:00Z,29.06,29.389,29.06,29.35,19628,149,29.3334
2017-11-17T05:00:00Z,29.29,29.4,29.07,29.3052,19473,118,29.3002
2017-11-20T05:00:00Z,29.3,29.502,29.3,29.46,27647,146,29.4243
2017-11-21T05:00:00Z,29.53,29.75,29.53,29.71,31019,256,29.6572
2017-11-22T05:00:00Z,29.8,29.88,29.741,29.82,14819,111,29.7935
2017-11-24T05:00:00Z,29.82,29.86,29.71,29.72,10781,108,29.7775
2017-11-27T05:00:00Z,29.74,29.89,29.73,29.73,2178971,363,29.8177
2017-11-28T05:00:00Z,29.87,30.17,29.778,30.17,20073,151,30.0109
2017-11-29T05:00:00Z,30.11,30.25,30.1001,30.24,323252,665,30.2149
2017-11-30T05:00:00Z,30.25,30.5249,30.25,30.51,32341,156,30.4235
2017-12-01T05:00:00Z,30.49,30.5383,29.71,30.23,36934,247,30.1538
2017-12-04T05:00:00Z,30.39,30.55,30.25,30.25,27973,181,30.4098
2017-12-05T05:00:00Z,30.4,30.4515,30.1724,30.2,48473,192,30.3989
2017-12-06T05:00:00Z,30.11,30.2199,30.0994,30.1,21632,157,30.1373
2017-12-07T05:00:00Z,30.05,30.29,30.035,30.29,18494,125,30.1936
2017-12-08T05:00:00Z,30.32,30.32,30.21,30.3,38027,163,30.2927
2017-12-11T05:00:00Z,30.3,30.35,30.05,30.09,49663,195,30.15
2017-12-12T05:00:00Z,30.13,30.24,29.97,29.99,34652,185,30.0401
2017-12-13T05:00:00Z,30,30.17,30,30.03,34339,283,30.0943
2017-12-14T05:00:00Z,30.1,30.1,29.66,29.67,38244,178,29.8218
2017-12-15T05:00:00Z,29.76,30.1,29.76,29.93,34973,163,29.9354
2017-12-18T05:00:00Z,30.1,30.2599,30.1,30.21,24314,151,30.185
2017-12-19T05:00:00Z,30.13,30.3,30.06,30.07,152740,305,30.1166
2017-12-20T05:00:00Z,30.1,30.23,30.093,30.15,65427,204,30.1771
2017-12-21T05:00:00Z,30.18,30.281,30.15,30.23,29413,165,30.2223
2017-12-22T05:00:00Z,30.15,30.2807,30.021,30.07,19398,157,30.099
2017-12-26T05:00:00Z,30.13,30.2399,30.1268,30.16,21058,144,30.1609
2017-12-27T05:00:00Z,30.21,30.34,30.15,30.23,29517,210,30.2418
2017-12-28T05:00:00Z,30.34,30.42,30.1848,30.36,21810,163,30.2987
2017-12-29T05:00:00Z,30.44,30.4876,30.27,30.27,22099,191,30.4153
2018-01-02T05:00:00Z,30.37,30.4,30.17,30.28,36877,229,30.2634
2018-01-03T05:00:00Z,30.26,30.3899,30.1911,30.38,49221,235,30.2657
2018-01-04T05:00:00Z,30.4,30.54,30.4,30.44,19484,158,30.4616
2018-01-05T05:00:00Z,30.44,30.55,30.3,30.51,66554,288,30.455
2018-01-08T05:00:00Z,30.5,30.77,30.5,30.75,71058,302,30.6904
2018-01-09T05:00:00Z,30.82,30.95,30.7803,30.79,25673,206,30.8787
2018-01-10T05:00:00Z,30.8,30.8,30.4476,30.53,43251,213,30.5779
2018-01-11T05:00:00Z,30.67,30.97,30.6076,30.95,69290,488,30.7974
2018-01-12T05:00:00Z,30.96,31.1,30.96,31.03,25247,184,31.0175
2018-01-16T05:00:00Z,31.12,31.2899,30.799,30.86,68367,335,31.0734
2018-01-17T05:00:00Z,30.87,31.09,30.87,31.03,448966,632,31.0336
2018-01-18T05:00:00Z,31.01,31.13,30.961,30.97,35555,239,31.0486
2018-01-19T05:00:00Z,31.03,31.34,31.03,31.3265,19924,256,31.2146
2018-01-22T05:00:00Z,31.38,31.38,31.12,31.34,42669,344,31.2666
2018-01-23T05:00:00Z,31.28,31.28,31.0982,31.2124,62746,258,31.1842
2018-01-24T05:00:00Z,31.33,31.48,31.26,31.39,78030,400,31.3919
2018-01-25T05:00:00Z,31.57,31.6112,31.3841,31.56,62491,292,31.5145
2018-01-26T05:00:00Z,31.6,31.75,31.54,31.75,55124,294,31.6184
2018-01-29T05:00:00Z,31.82,31.82,31.5228,31.53,64085,406,31.6958
2018-01-30T05:00:00Z,31.37,31.4099,31.2014,31.3,39397,243,31.3008
2018-01-31T05:00:00Z,31.48,31.5142,31.12,31.18,71047,443,31.2689
2018-02-01T05:00:00Z,31.13,31.48,31.13,31.34,29236,226,31.323
2018-02-02T05:00:00Z,31.13,31.222,30.85,30.88,49929,294,31.0264
2018-02-05T05:00:00Z,30.67,30.8735,29.56,29.56,162859,708,30.4056
2018-02-06T05:00:00Z,29.02,29.84,28.7,29.7,146539,606,29.2735
2018-02-07T05:00:00Z,29.66,29.92,29.6,29.6,40576,301,29.798
2018-02-08T05:00:00Z,29.43,29.52,28.73,28.73,56509,340,29.2275
2018-02-09T05:00:00Z,28.95,29.18,28.2,28.9,116425,618,28.5187
2018-02-12T05:00:00Z,29.13,29.62,29.02,29.45,62274,414,29.3458
2018-02-13T05:00:00Z,29.33,29.63,29.24,29.58,37865,280,29.4577
2018-02-14T05:00:00Z,29.12,29.91,29.12,29.9,48224,272,29.5519
2018-02-15T05:00:00Z,30.08,30.245,29.9,30.24,45561,249,30.0683
2018-02-16T05:00:00Z,30.22,30.5742,30.16,30.33,30928,232,30.3809
2018-02-20T05:00:00Z,30.21,30.3823,30.08,30.14,24783,180,30.2213
2018-02-21T05:00:00Z,30.13,30.6955,30.13,30.24,40510,189,30.4414
2018-02-22T05:00:00Z,30.37,30.57,30.2325,30.26,27596,159,30.372
2018-02-23T05:00:00Z,30.48,30.59,30.3557,30.59,16758,138,30.4493
2018-02-26T05:00:00Z,30.7,30.8734,30.55,30.83,25695,162,30.7237
2018-02-27T05:00:00Z,30.9,30.9401,30.52,30.53,21300,129,30.7388
2018-02-28T05:00:00Z,30.59,30.63,30.01,30.06,27774,179,30.383
2018-03-01T05:00:00Z,29.99,30.17,29.5,29.59,53396,320,29.9017
2018-03-02T05:00:00Z,29.34,29.67,29.27,29.64,31444,192,29.4074
2018-03-05T05:00:00Z,29.47,29.9999,29.47,29.9,26184,176,29.8142
2018-03-06T05:00:00Z,29.94,30.18,29.87,30.14,57664,246,30.0138
2018-03-07T05:00:00Z,29.91,30.5399,29.85,30.491,17845,145,30.3011
2018-03-08T05:00:00Z,30.6,30.63,30.41,30.61,32474,143,30.5194
2018-03-09T05:00:00Z,30.81,31.27,30.81,31.27,39499,242,31.1319
2018-03-12T04:00:00Z,31.35,31.35,31.1202,31.22,135588,437,31.2074
2018-03-13T04:00:00Z,31.34,31.4789,31.06,31.17,35958,194,31.3105
2018-03-14T04:00:00Z,31.27,31.27,30.95,31.04,47792,391,31.0507
2018-03-15T04:00:00Z,31.17,31.17,31.0005,31.1,21851,177,31.0789
2018-03-16T04:00:00Z,31.09,31.42,31.06,31.4,14340,137,31.2406
2018-03-19T04:00:00Z,31.26,31.28,30.9174,31.16,34536,159,31.102
2018-03-20T04:00:00Z,31.2,31.3201,31.18,31.2814,30393,182,31.249
2018-03-21T04:00:00Z,31.25,31.39,31.2,31.2,29747,172,31.295
2018-03-22T04:00:00Z,30.99,31.129,30.46,30.49,38851,279,30.8812
2018-03-23T04:00:00Z,30.52,30.63,29.8301,29.87,26754,223,30.2479
2018-03-26T04:00:00Z,30.2,30.49,29.98,30.47,31659,193,30.2376
2018-03-27T04:00:00Z,30.48,30.58,30,30.12,47794,230,30.3972
2018-03-28T04:00:00Z,30.1,30.22,29.97,30.07,36093,190,30.0933
2018-03-29T04:00:00Z,30.16,30.655,30.16,30.47,29318,153,30.4794
2018-04-02T04:00:00Z,30.45,30.45,29.5,29.77,34271,234,29.7967
2018-04-03T04:00:00Z,29.88,30.19,29.73,30.19,33479,226,29.8955
2018-04-04T04:00:00Z,29.87,30.4015,29.78,30.37,78888,301,29.9511
2018-04-05T04:00:00Z,30.49,30.671,30.4201,30.64,24522,167,30.5511
2018-04-06T04:00:00Z,30.41,30.62,29.8,29.93,25368,146,30.1925
2018-04-09T04:00:00Z,30.13,30.3603,30.015,30.04,18059,143,30.2172
2018-04-10T04:00:00Z,30.39,30.585,30.32,30.43,48493,164,30.4753
2018-04-11T04:00:00Z,30.27,30.37,30.18,30.33,19857,212,30.3021
2018-04-12T04:00:00Z,30.43,30.5215,30.395,30.44,15940,150,30.4498
2018-04-13T04:00:00Z,30.57,30.5772,30.3414,30.47,27765,220,30.5132
2018-04-16T04:00:00Z,30.67,30.89,30.6273,30.84,32030,304,30.787
2018-04-17T04:00:00Z,31,31.2799,30.98,31.19,40337,235,31.1248
2018-04-18T04:00:00Z,31.29,31.44,31.1965,31.36,31031,236,31.3345
2018-04-19T04:00:00Z,31.35,31.4699,31.0674,31.22,46767,307,31.291
2018-04-20T04:00:00Z,31.17,31.23,30.99,31.14,38230,307,31.1137
2018-04-23T04:00:00Z,31.2,31.2769,30.9957,31.08,40719,283,31.123
2018-04-24T04:00:00Z,31.12,31.12,30.11,30.36,80488,498,30.6214
2018-04-25T04:00:00Z,30.33,30.4,30.14,30.34,29726,284,30.2908
2018-04-26T04:00:00Z,30.4,30.54,30.1828,30.44,57514,423,30.3787
2018-04-27T04:00:00Z,30.45,30.55,30.33,30.46,44622,385,30.4251
2018-04-30T04:00:00Z,30.45,30.5,30.08,30.08,40223,394,30.2679
2018-05-01T04:00:00Z,30.03,30.18,29.77,30.13,76392,506,29.9501
2018-05-02T04:00:00Z,30.11,30.11,29.95,29.95,612,2,30.0833
2018-05-03T04:00:00Z,29.91,29.91,29.91,29.91,1160,2,29.91
2018-05-04T04:00:00Z,29.77,30.339,29.77,30.22,35214,293,30.1373
2018-05-07T04:00:00Z,30.31,30.43,30.2458,30.33,27203,248,30.3282
2018-05-08T04:00:00Z,30.31,30.439,30.2756,30.41,28221,278,30.3577
2018-05-09T04:00:00Z,30.46,30.5816,30.3201,30.55,26207,223,30.491
2018-05-10T04:00:00Z,30.58,30.82,30.58,30.82,24908,217,30.7213
2018-05-11T04:00:00Z,30.81,30.91,30.71,30.82,29836,200,30.7879
2018-05-14T04:00:00Z,30.87,30.8874,30.63,30.68,29312,200,30.7007
2018-05-15T04:00:00Z,30.53,30.53,30.21,30.25,41306,190,30.3139
2018-05-16T04:00:00Z,30.33,30.459,30.2708,30.37,72233,316,30.385
2018-05-17T04:00:00Z,30.33,30.45,30.3138,30.32,15790,121,30.3733
2018-05-18T04:00:00Z,30.31,30.5462,30.31,30.47,16568,110,30.4733
2018-05-21T04:00:00Z,30.69,30.8642,30.615,30.8,16064,128,30.7738
2018-05-22T04:00:00Z,30.87,30.9053,30.61,30.63,24437,127,30.8173
2018-05-23T04:00:00Z,30.53,30.64,30.45,30.62,22896,167,30.5575
2018-05-24T04:00:00Z,30.58,30.82,30.58,30.82,20997,132,30.7378
2018-05-25T04:00:00Z,30.8,30.8,30.5584,30.65,22099,136,30.6524
2018-05-29T04:00:00Z,30.49,30.619,30.34,30.54,31983,138,30.5037
2018-05-30T04:00:00Z,30.62,31.035,30.562,30.88,31475,178,30.9235
2018-05-31T04:00:00Z,30.95,30.95,30.43,30.46,33590,228,30.6299
2018-06-01T04:00:00Z,30.58,30.76,30.58,30.63,26637,204,30.6733
2018-06-04T04:00:00Z,30.55,30.82,30.55,30.71,20405,129,30.6914
2018-06-05T04:00:00Z,30.7,30.9093,30.648,30.87,16646,98,30.7694
2018-06-06T04:00:00Z,30.88,31,30.69,30.95,34790,210,30.9025
2018-06-07T04:00:00Z,31.06,31.1245,30.941,31.04,15038,84,31.0312
2018-06-08T04:00:00Z,31.01,31.15,30.74,31.15,35636,181,31.0771
2018-06-11T04:00:00Z,31.22,31.25,31.0618,31.14,344567,541,31.1786
2018-06-12T04:00:00Z,31.17,31.18,31.04,31.17,34547,214,31.1422
2018-06-13T04:00:00Z,31.17,31.17,30.94,30.95,33168,134,31.0284
2018-06-14T04:00:00Z,31.06,31.06,30.8,30.9,55272,211,30.9287
2018-06-15T04:00:00Z,30.84,30.99,30.65,30.96,32220,286,30.8402
2018-06-18T04:00:00Z,30.72,30.966,30.7001,30.92,26375,197,30.8343
2018-06-19T04:00:00Z,30.74,30.74,30.47,30.58,27099,168,30.58
2018-06-20T04:00:00Z,30.73,30.7448,30.62,30.72,19721,102,30.712
2018-06-21T04:00:00Z,30.69,30.69,30.22,30.22,32598,171,30.3823
2018-06-22T04:00:00Z,30.38,30.4556,30.29,30.34,22102,147,30.3601
2018-06-25T04:00:00Z,30.2,30.29,29.9707,30.13,26608,175,30.136
2018-06-26T04:00:00Z,30.25,30.33,30.18,30.21,28738,173,30.2379
2018-06-27T04:00:00Z,30.07,30.523,30.02,30.02,33011,243,30.2476
2018-06-28T04:00:00Z,29.94,30.156,29.871,30.13,34208,246,29.9991
2018-06-29T04:00:00Z,30.12,30.45,30.12,30.21,120432,388,30.2963
2018-07-02T04:00:00Z,30.09,30.28,29.87,30.26,56556,257,29.9894
2018-07-03T04:00:00Z,30.14,30.47,30.14,30.27,17025,93,30.2461
2018-07-05T04:00:00Z,30.2,30.57,30.2,30.5,28582,164,30.3488
2018-07-06T04:00:00Z,30.53,30.75,30.5,30.7,17919,188,30.6761
2018-07-09T04:00:00Z,30.87,30.98,30.81,30.85,25797,173,30.8808
2018-07-10T04:00:00Z,30.86,30.9964,30.86,30.95,27341,172,30.9302
2018-07-11T04:00:00Z,30.74,30.897,30.56,30.59,22334,140,30.6572
2018-07-12T04:00:00Z,30.67,30.718,30.4931,30.71,21304,144,30.6406
2018-07-13T04:00:00Z,30.72,30.8751,30.7,30.77,24749,106,30.7701
2018-07-16T04:00:00Z,30.69,30.72,30.491,30.53,32301,140,30.6139
2018-07-17T04:00:00Z,30.46,30.7499,30.34,30.71,65906,304,30.6498
2018-07-18T04:00:00Z,30.69,30.789,30.63,30.73,36106,254,30.7336
2018-07-19T04:00:00Z,30.78,31.1799,30.78,31.1,26689,164,31.0607
2018-07-20T04:00:00Z,31.01,31.2125,31.01,31.06,33026,179,31.1169
2018-07-23T04:00:00Z,31.24,31.24,30.82,30.92,27532,126,30.9139
2018-07-24T04:00:00Z,31.05,31.2068,30.97,31.13,161531,423,31.1608
2018-07-25T04:00:00Z,31.15,31.18,30.9399,31.17,26274,180,31.0772
2018-07-26T04:00:00Z,31.2,31.64,30.97,31.54,107967,350,31.4974
2018-07-27T04:00:00Z,31.61,31.61,31.14,31.15,16243,125,31.2969
2018-07-30T04:00:00Z,31.23,31.3266,30.96,31.02,31592,174,31.1841
2018-07-31T04:00:00Z,31.12,31.72,31.12,31.66,310929,745,31.5309
2018-08-01T04:00:00Z,31.66,31.66,31.24,31.36,34225,208,31.405
2018-08-02T04:00:00Z,31.25,31.5401,31.18,31.5,35998,235,31.4437
2018-08-03T04:00:00Z,31.58,31.68,31.43,31.58,116670,473,31.5243
2018-08-06T04:00:00Z,31.59,31.87,31.58,31.85,50894,326,31.7649
2018-08-07T04:00:00Z,31.86,31.9435,31.7,31.87,34357,181,31.8702
2018-08-08T04:00:00Z,31.8,31.81,31.62,31.7,13649,113,31.7271
2018-08-09T04:00:00Z,31.67,31.7504,31.5,31.5,32186,160,31.6066
2018-08-10T04:00:00Z,31.36,31.39,31.22,31.24,85995,328,31.2949
2018-08-13T04:00:00Z,31.28,31.3,30.951,31.11,37371,169,31.1167
2018-08-14T04:00:00Z,31.23,31.388,31.221,31.34,31473,155,31.3127
2018-08-15T04:00:00Z,31.2,31.2,30.98,31.15,17265,118,31.0977
2018-08-16T04:00:00Z,31.26,31.41,31.26,31.28,16042,96,31.3259
2018-08-17T04:00:00Z,31.22,31.474,31.22,31.45,23778,141,31.3921
2018-08-20T04:00:00Z,31.54,31.63,31.51,31.6,25481,150,31.5839
2018-08-21T04:00:00Z,31.66,31.8512,31.62,31.8,21976,143,31.7525
2018-08-22T04:00:00Z,31.81,31.81,31.5539,31.65,46885,271,31.6431
2018-08-23T04:00:00Z,31.66,31.66,31.34,31.38,23275,132,31.464
2018-08-24T04:00:00Z,31.51,31.5265,31.337,31.5,18712,125,31.4722
2018-08-27T04:00:00Z,31.65,31.79,31.57,31.73,36992,210,31.7255
2018-08-28T04:00:00Z,31.66,31.7899,31.61,31.64,24940,134,31.6552
2018-08-29T04:00:00Z,31.65,31.85,31.65,31.79,29212,190,31.7761
2018-08-30T04:00:00Z,31.71,31.79,31.5901,31.62,39158,158,31.7279
2018-08-31T04:00:00Z,31.59,31.7133,31.59,31.71,28066,122,31.6584
2018-09-04T04:00:00Z,31.55,31.61,31.35,31.54,70354,311,31.5237
2018-09-05T04:00:00Z,31.54,31.825,31.4573,31.8,255438,424,31.7594
2018-09-06T04:00:00Z,31.75,31.98,31.75,31.9,169125,279,31.928
2018-09-07T04:00:00Z,31.83,31.9631,31.7363,31.86,21037,114,31.821
2018-09-10T04:00:00Z,31.91,32.1099,31.91,31.96,110048,482,32.0206
2018-09-11T04:00:00Z,31.83,32.02,31.8,31.94,48601,125,31.8646
2018-09-12T04:00:00Z,31.87,32.01,31.87,31.92,42633,131,31.9099
2018-09-13T04:00:00Z,32,32.17,32,32.17,20629,119,32.0993
2018-09-14T04:00:00Z,32.2,32.3048,32.12,32.24,29895,133,32.2392
2018-09-17T04:00:00Z,32.36,32.36,32.15,32.23,53193,289,32.2484
2018-09-18T04:00:00Z,32.31,32.36,32.05,32.36,56846,231,32.2973
2018-09-19T04:00:00Z,32.39,32.43,32.19,32.24,27042,183,32.3133
2018-09-20T04:00:00Z,32.43,32.43,32.2999,32.43,38066,217,32.3895
2018-09-21T04:00:00Z,32.46,32.54,32.3,32.36,81592,405,32.3916
2018-09-24T04:00:00Z,32.29,32.32,31.9946,32.08,24852,183,32.1072
2018-09-25T04:00:00Z,32.13,32.13,31.88,31.92,53137,260,32.0029
2018-09-26T04:00:00Z,31.99,31.99,31.69,31.76,26584,177,31.8761
2018-09-27T04:00:00Z,31.78,31.87,31.7,31.71,20771,149,31.7888
2018-09-28T04:00:00Z,31.66,31.87,31.66,31.81,78256,294,31.7462
2018-10-01T04:00:00Z,31.89,31.98,31.63,31.65,26926,213,31.7977
2018-10-02T04:00:00Z,31.66,31.78,31.66,31.67,22892,168,31.7269
2018-10-03T04:00:00Z,31.73,31.88,31.712,31.78,37478,167,31.8061
2018-10-04T04:00:00Z,31.62,31.73,31.3922,31.57,136357,442,31.5676
2018-10-05T04:00:00Z,31.56,31.67,31.28,31.44,25414,164,31.4059
2018-10-08T04:00:00Z,31.38,31.38,31.13,31.28,38583,219,31.2503
2018-10-09T04:00:00Z,31.25,31.27,30.88,30.91,403334,1024,31.0056
2018-10-10T04:00:00Z,30.76,30.85,30.031,30.07,101435,367,30.567
2018-10-11T04:00:00Z,29.97,30.06,29.21,29.27,95349,526,29.7429
2018-10-12T04:00:00Z,29.35,29.67,29.041,29.42,115469,701,29.3556
2018-10-15T04:00:00Z,29.34,29.651,29.34,29.48,31051,167,29.4893
2018-10-16T04:00:00Z,29.64,30.2099,29.541,30.2,49066,178,29.9995
2018-10-17T04:00:00Z,30.15,30.15,29.8268,30,46990,207,30.0327
2018-10-18T04:00:00Z,29.92,29.949,29.4401,29.51,24229,206,29.6783
2018-10-19T04:00:00Z,29.6,29.68,29.3201,29.4,18966,121,29.5069
2018-10-22T04:00:00Z,29.41,29.53,29.29,29.36,39618,161,29.4106
2018-10-23T04:00:00Z,28.88,29.1347,28.45,28.89,56568,365,28.781
2018-10-24T04:00:00Z,28.95,29.0901,28.26,28.26,86303,416,28.7554
2018-10-25T04:00:00Z,28.22,28.8799,28.22,28.67,47378,264,28.5352
2018-10-26T04:00:00Z,28.38,28.96,28.26,28.69,63458,331,28.6329
2018-10-29T04:00:00Z,29.03,29.33,28.27,28.53,45040,235,28.8578
2018-10-30T04:00:00Z,28.47,28.7548,28.3,28.72,88927,288,28.6097
2018-10-31T04:00:00Z,29,29.19,28.9,28.95,55661,186,29.0923
2018-11-01T04:00:00Z,29.13,29.5668,29.0136,29.51,17842,160,29.4003
2018-11-02T04:00:00Z,29.64,29.79,29.38,29.68,39100,206,29.6078
2018-11-05T05:00:00Z,29.72,29.98,29.72,29.95,19295,142,29.8411
2018-11-06T05:00:00Z,29.84,30.19,29.84,30.05,94664,145,30.0756
2018-11-07T05:00:00Z,30.32,30.74,30.26,30.72,37937,180,30.4854
2018-11-08T05:00:00Z,30.58,30.8155,30.5,30.67,50992,171,30.6122
2018-11-09T05:00:00Z,30.44,30.552,30.1284,30.385,30948,148,30.327
2018-11-12T05:00:00Z,30.38,30.4,29.89,29.9,14108,106,30.1998
2018-11-13T05:00:00Z,29.93,30.2896,29.7101,29.83,20298,145,29.9308
2018-11-14T05:00:00Z,29.8,30.16,29.51,29.64,145269,616,29.8068
2018-11-15T05:00:00Z,29.43,30.2049,29.37,30.1226,33793,182,29.7872
2018-11-16T05:00:00Z,30.11,30.48,30.11,30.33,26208,154,30.2539
2018-11-19T05:00:00Z,30.32,30.44,29.92,30,31009,141,30.1432
2018-11-20T05:00:00Z,29.68,29.9,29.5,29.53,50620,245,29.6564
2018-11-21T05:00:00Z,29.66,29.8998,29.64,29.64,175836,290,29.788
2018-11-23T05:00:00Z,29.5,29.7299,29.5,29.5899,31338,129,29.6624
2018-11-26T05:00:00Z,29.72,29.9,29.65,29.85,21363,138,29.7904
2018-11-27T05:00:00Z,29.7,29.778,29.6195,29.68,19103,123,29.6832
2018-11-28T05:00:00Z,29.77,30.3,29.66,30.29,32831,177,30.0536
2018-11-29T05:00:00Z,30.18,30.39,30.129,30.22,23024,142,30.2463
2018-11-30T05:00:00Z,30.06,30.57,30.06,30.57,39363,168,30.3968
2018-12-03T05:00:00Z,30.71,30.9635,30.44,30.77,44632,214,30.6886
2018-12-04T05:00:00Z,30.68,30.76,29.61,29.62,18543,142,30.2711
2018-12-06T05:00:00Z,29.24,29.5519,28.7984,29.55,62447,251,29.121
2018-12-07T05:00:00Z,29.48,29.7311,29,29.12,35422,160,29.2251
2018-12-10T05:00:00Z,29.05,29.1922,28.65,29.09,49028,266,28.9777
2018-12-11T05:00:00Z,29.42,29.52,29.0299,29.14,18715,135,29.3164
2018-12-12T05:00:00Z,29.46,29.71,29.33,29.33,23243,154,29.5301
2018-12-13T05:00:00Z,29.44,29.5,29.17,29.26,21290,162,29.3105
2018-12-14T05:00:00Z,28.91,29.18,28.83,28.91,38772,179,28.96
2018-12-17T05:00:00Z,28.69,28.9651,28.15,28.28,55132,318,28.4845
2018-12-18T05:00:00Z,28.47,28.6334,28.21,28.35,42674,196,28.3954
2018-12-19T05:00:00Z,28.38,28.8,27.9,28.12,74533,318,28.4829
2018-12-20T05:00:00Z,28,28.1,27.52,27.78,80217,376,27.8591
2018-12-21T05:00:00Z,27.85,28.22,27.34,27.44,124653,485,27.7047
2018-12-24T05:00:00Z,27.15,27.15,26.56,26.56,38206,250,26.9624
2018-12-26T05:00:00Z,26.68,27.69,26.4555,27.69,62939,283,27.0186
2018-12-27T05:00:00Z,27.24,27.91,27.079,27.91,57327,279,27.3421
2018-12-28T05:00:00Z,28.03,28.3014,27.87,28,86415,342,28.1033
2018-12-31T05:00:00Z,28.03,28.22,27.9101,28.21,63472,274,28.0651
2019-01-02T05:00:00Z,27.86,28.15,27.761,28.08,37166,282,27.9898
2019-01-03T05:00:00Z,28.1,28.1,27.5655,27.57,21497,174,27.8091
2019-01-04T05:00:00Z,27.9,28.46,27.8928,28.32,81992,186,28.2369
2019-01-07T05:00:00Z,28.38,28.75,28.38,28.51,54847,284,28.5909
2019-01-08T05:00:00Z,28.74,29.01,28.71,28.97,63146,238,28.8801
2019-01-09T05:00:00Z,29.09,29.4,29.09,29.24,33847,238,29.2471
2019-01-10T05:00:00Z,29.14,29.56,29.0859,29.53,28637,179,29.3359
2019-01-11T05:00:00Z,29.35,29.57,29.3,29.47,27079,172,29.4383
2019-01-14T05:00:00Z,29.51,29.56,29.38,29.5,30563,148,29.5025
2019-01-15T05:00:00Z,29.49,29.53,29.36,29.42,26043,192,29.4419
2019-01-16T05:00:00Z,29.49,29.68,29.49,29.58,23748,133,29.6071
2019-01-17T05:00:00Z,29.47,29.9867,29.47,29.92,23136,148,29.7373
2019-01-18T05:00:00Z,29.99,30.4447,29.99,30.34,51036,251,30.2503
2019-01-22T05:00:00Z,30.2,30.2575,29.73,29.84,32548,246,29.9326
2019-01-23T05:00:00Z,30.18,30.44,29.96,30.31,45276,264,30.1937
2019-01-24T05:00:00Z,30.22,30.4015,30.215,30.22,26273,120,30.2871
2019-01-25T05:00:00Z,30.47,30.77,30.47,30.65,61727,285,30.608
2019-01-28T05:00:00Z,30.31,30.4649,30.2101,30.46,33117,202,30.3612
2019-01-29T05:00:00Z,30.47,30.7,30.47,30.53,95784,255,30.6091
2019-01-30T05:00:00Z,30.65,31.05,30.34,30.92,55750,245,30.6928
2019-01-31T05:00:00Z,30.93,31.29,30.8501,31.24,27559,245,31.1652
2019-02-01T05:00:00Z,31.25,31.44,31.14,31.2,28057,191,31.3197
2019-02-04T05:00:00Z,31.23,31.41,31.0826,31.41,20829,146,31.2608
2019-02-05T05:00:00Z,31.48,31.75,31.48,31.75,30623,201,31.6517
2019-02-06T05:00:00Z,31.67,31.8,31.63,31.72,67444,138,31.7553
2019-02-07T05:00:00Z,31.53,31.61,31.3295,31.52,23845,170,31.5023
2019-02-08T05:00:00Z,31.5,31.84,31.4,31.84,62982,509,31.5905
2019-02-11T05:00:00Z,31.88,31.9,31.71,31.79,28392,172,31.7882
2019-02-12T05:00:00Z,31.96,32.2898,31.9001,32.26,53941,350,32.1206
2019-02-13T05:00:00Z,32.34,32.4667,32.25,32.38,24945,192,32.3415
2019-02-14T05:00:00Z,32.24,32.44,32.18,32.32,48657,245,32.372
2019-02-15T05:00:00Z,32.45,32.8,32.45,32.8,31313,212,32.6841
2019-02-19T05:00:00Z,32.7,32.96,32.7,32.82,42184,293,32.8371
2019-02-20T05:00:00Z,32.83,33.03,32.73,32.97,41560,318,32.9401
2019-02-21T05:00:00Z,32.95,33.15,32.91,33.11,44909,248,33.0567
2019-02-22T05:00:00Z,33.24,33.41,33.18,33.36,111365,368,33.3025
2019-02-25T05:00:00Z,33.65,33.84,33.51,33.65,99943,992,33.6995
2019-02-26T05:00:00Z,33.62,33.7052,33.49,33.5,50257,243,33.5809
2019-02-27T05:00:00Z,33.47,33.7801,33.47,33.73,21661,161,33.6357
2019-02-28T05:00:00Z,33.66,33.74,33.4506,33.49,28223,161,33.5365
2019-03-01T05:00:00Z,33.63,33.6899,33.48,33.66,39903,205,33.5977
2019-03-04T05:00:00Z,34.08,34.08,33.31,33.57,225137,792,33.6609
2019-03-05T05:00:00Z,33.53,33.606,33.42,33.44,77264,353,33.5157
2019-03-06T05:00:00Z,33.4,33.4055,33.11,33.12,528878,277,33.3149
2019-03-07T05:00:00Z,33.05,33.13,32.7888,32.93,98937,375,32.9696
2019-03-08T05:00:00Z,32.74,32.94,32.725,32.91,56559,261,32.8103
2019-03-11T04:00:00Z,33.03,33.42,32.935,33.37,1217245,1005,33.3785
2019-03-12T04:00:00Z,33.46,33.58,33.3859,33.51,317551,480,33.5469
2019-03-13T04:00:00Z,33.61,33.7,33.51,33.65,84696,408,33.6383
2019-03-14T04:00:00Z,33.62,33.62,33.41,33.52,67955,340,33.4846
2019-03-15T04:00:00Z,33.66,33.8828,33.64,33.73,47754,311,33.7471
2019-03-18T04:00:00Z,33.8,33.97,33.72,33.97,67274,313,33.8482
2019-03-19T04:00:00Z,34.04,34.17,33.8,33.9,45832,349,33.993
2019-03-20T04:00:00Z,33.84,34.09,33.625,33.8,66986,454,33.8063
2019-03-21T04:00:00Z,33.7,34.2343,33.7,34.21,47828,282,34.1492
2019-03-22T04:00:00Z,34,34.0736,33.38,33.38,30842,217,33.657
2019-03-25T04:00:00Z,33.33,33.615,33.3,33.48,38422,201,33.4169
2019-03-26T04:00:00Z,33.68,33.8699,33.64,33.75,30747,230,33.7156
2019-03-27T04:00:00Z,33.7,33.729,33.38,33.57,51938,229,33.6001
2019-03-28T04:00:00Z,33.63,33.7901,33.461,33.75,35600,152,33.6804
2019-03-29T04:00:00Z,33.89,34.02,33.8801,33.98,32089,247,33.9465
2019-04-01T04:00:00Z,34.23,34.4,34.1659,34.31,44979,285,34.2391
2019-04-02T04:00:00Z,34.31,34.31,34.0358,34.14,39334,200,34.1353
2019-04-03T04:00:00Z,34.22,34.4,34.1768,34.21,40957,237,34.2795
2019-04-04T04:00:00Z,34.27,34.36,34.09,34.27,1028859,315,34.1075
2019-04-05T04:00:00Z,34.3,34.49,34.17,34.47,230061,292,34.3675
2019-04-08T04:00:00Z,34.36,34.47,34.23,34.47,63663,288,34.3367
2019-04-09T04:00:00Z,34.18,34.18,33.8501,33.88,127718,543,34.0064
2019-04-10T04:00:00Z,33.99,34.11,33.86,34.06,32856,221,34.0437
2019-04-11T04:00:00Z,34.13,34.24,34.1,34.23,38471,193,34.1598
2019-04-12T04:00:00Z,34.34,34.44,34.22,34.37,30575,185,34.3597
2019-04-15T04:00:00Z,34.38,34.38,34.2525,34.3,21376,183,34.3135
2019-04-16T04:00:00Z,34.42,34.507,34.24,34.3,26147,254,34.4045
2019-04-17T04:00:00Z,34.38,34.38,33.8747,33.95,48954,271,34.1273
2019-04-18T04:00:00Z,34.03,34.329,34.03,34.31,50627,337,34.2391
2019-04-22T04:00:00Z,34.26,34.2899,34.06,34.27,29591,179,34.2204
2019-04-23T04:00:00Z,33.85,34.17,33.79,34.05,58782,314,33.9928
2019-04-24T04:00:00Z,34.11,34.22,33.96,34.15,65381,339,34.1171
2019-04-25T04:00:00Z,34.13,34.15,33.86,34.07,29758,272,34.0653
2019-04-26T04:00:00Z,34.12,34.45,34.12,34.44,28478,178,34.3292
2019-04-29T04:00:00Z,34.5,34.6485,34.42,34.6,41507,298,34.5725
2019-04-30T04:00:00Z,34.56,34.6762,34.46,34.6634,34778,197,34.5739
2019-05-01T04:00:00Z,34.74,34.8,34.36,34.39,29939,262,34.6114
2019-05-02T04:00:00Z,34.31,34.46,34.19,34.46,37982,274,34.3336
2019-05-03T04:00:00Z,34.56,34.9435,34.56,34.9318,71065,241,34.792
2019-05-06T04:00:00Z,34.41,34.7338,34.41,34.65,29958,205,34.5954
2019-05-07T04:00:00Z,34.36,34.39,34.06,34.2717,62560,300,34.2482
2019-05-08T04:00:00Z,34.24,34.33,34.1101,34.14,33943,209,34.253
2019-05-09T04:00:00Z,33.91,34.1999,33.7371,34.15,28941,198,33.9692
2019-05-10T04:00:00Z,34.01,34.28,33.61,34.16,45318,421,33.9437
2019-05-13T04:00:00Z,33.58,33.7206,33.34,33.54,53029,324,33.4878
2019-05-14T04:00:00Z,33.6,33.8005,33.5853,33.65,27147,199,33.6885
2019-05-15T04:00:00Z,33.49,33.7496,33.4,33.63,19802,190,33.6164
2019-05-16T04:00:00Z,33.65,33.88,33.65,33.74,59533,383,33.7688
2019-05-17T04:00:00Z,33.44,33.6808,33.4,33.42,35573,201,33.5066
2019-05-20T04:00:00Z,33.21,33.43,33.21,33.31,60375,361,33.2991
2019-05-21T04:00:00Z,33.56,33.79,33.56,33.7,39022,247,33.657
2019-05-22T04:00:00Z,33.6,33.775,33.52,33.67,128675,493,33.6589
2019-05-23T04:00:00Z,33.44,33.4957,33.14,33.27,44481,307,33.2954
2019-05-24T04:00:00Z,33.4,33.54,33.3,33.31,21382,166,33.3775
2019-05-28T04:00:00Z,33.39,33.59,33.12,33.15,45645,190,33.3361
2019-05-29T04:00:00Z,33.1,33.1901,32.9737,33.08,52286,291,33.0759
2019-05-30T04:00:00Z,33.12,33.321,33.08,33.19,31175,232,33.2249
2019-05-31T04:00:00Z,32.94,33.18,32.9371,33.15,175299,1059,33.1013
2019-06-03T04:00:00Z,33.22,33.5232,33.1,33.46,41373,254,33.3273
2019-06-04T04:00:00Z,33.72,34.17,33.66,34.15,152289,294,33.907
2019-06-05T04:00:00Z,34.31,34.57,34.1964,34.57,24960,186,34.4067
2019-06-06T04:00:00Z,34.68,34.68,34.442,34.63,25244,201,34.5684
2019-06-07T04:00:00Z,34.78,35.01,34.78,34.86,45935,244,34.9137
2019-06-10T04:00:00Z,35.02,35.05,34.87,34.9228,45428,222,34.9551
2019-06-11T04:00:00Z,35.02,35.06,34.58,34.7,46711,253,34.7863
2019-06-12T04:00:00Z,34.71,34.82,34.7,34.77,22356,188,34.7426
2019-06-13T04:00:00Z,34.87,35.01,34.78,34.89,35626,273,34.8831
2019-06-14T04:00:00Z,34.86,34.92,34.72,34.84,88820,739,34.831
2019-06-17T04:00:00Z,34.84,34.9,34.61,34.61,61220,596,34.7645
2019-06-18T04:00:00Z,34.91,35.12,34.7913,34.91,37109,362,34.9762
2019-06-19T04:00:00Z,34.92,35.13,34.8,35.09,35182,266,34.944
2019-06-20T04:00:00Z,35.41,35.49,35.18,35.49,90696,438,35.3699
2019-06-21T04:00:00Z,35.38,35.38,35.2,35.27,34335,278,35.2869
2019-06-24T04:00:00Z,35.19,35.2779,35.09,35.09,23011,277,35.1828
2019-06-25T04:00:00Z,35.16,35.17,34.94,34.96,39574,207,35.0564
2019-06-26T04:00:00Z,35.05,35.05,34.695,34.78,74371,361,34.8081
2019-06-27T04:00:00Z,34.87,35.09,34.86,35.09,52622,429,34.9972
2019-06-28T04:00:00Z,35.23,35.67,35.2209,35.61,60097,592,35.4788
2019-07-01T04:00:00Z,35.91,35.98,35.61,35.77,93154,363,35.7269
2019-07-02T04:00:00Z,35.81,35.81,35.618,35.76,64421,382,35.7097
2019-07-03T04:00:00Z,35.88,36.05,35.84,36.05,31782,271,35.9472
2019-07-05T04:00:00Z,35.86,36,35.52,36,77046,385,35.7833
2019-07-08T04:00:00Z,35.87,36.01,35.635,35.68,83240,661,35.7315
2019-07-09T04:00:00Z,35.52,35.61,35.49,35.61,46419,236,35.5331
2019-07-10T04:00:00Z,35.73,35.7896,35.58,35.58,37231,217,35.6723
2019-07-11T04:00:00Z,35.65,35.6802,35.43,35.65,70040,559,35.538
2019-07-12T04:00:00Z,35.68,35.9,35.61,35.8748,126435,254,35.7454
2019-07-15T04:00:00Z,35.96,36,35.685,35.73,47858,267,35.7838
2019-07-16T04:00:00Z,35.76,35.9,35.7,35.83,67788,278,35.8206
2019-07-17T04:00:00Z,35.88,35.9,35.57,35.58,48920,343,35.7023
2019-07-18T04:00:00Z,35.61,35.8099,35.5693,35.75,61950,465,35.6583
2019-07-19T04:00:00Z,35.81,35.916,35.61,35.61,99287,813,35.7892
2019-07-22T04:00:00Z,35.7,35.71,35.559,35.62,69947,531,35.6371
2019-07-23T04:00:00Z,35.74,36.0023,35.6612,35.97,76664,386,35.8729
2019-07-24T04:00:00Z,35.72,36.21,35.72,36.21,50102,279,36.0139
2019-07-25T04:00:00Z,36.21,36.21,35.92,36.01,186100,750,36.0652
2019-07-26T04:00:00Z,36.06,36.1667,35.91,36.14,39133,339,36.0348
2019-07-29T04:00:00Z,36.15,36.15,35.94,36.01,53238,343,36.0089
2019-07-30T04:00:00Z,35.38,36.24,35.38,36.23,46108,380,35.8997
2019-07-31T04:00:00Z,36.29,36.4417,35.76,35.97,45201,423,36.1503
2019-08-01T04:00:00Z,35.92,36.25,35.65,35.72,59884,385,35.9835
2019-08-02T04:00:00Z,35.65,35.65,35.3269,35.4,36486,256,35.4511
2019-08-05T04:00:00Z,35,35.02,34.1735,34.49,100953,606,34.7174
2019-08-06T04:00:00Z,34.7,35.24,34.7,35.23,61965,304,34.9294
2019-08-07T04:00:00Z,34.97,35.45,34.6614,35.38,86403,358,35.0773
2019-08-08T04:00:00Z,35.61,36.15,35.53,36.11,112133,815,35.978
2019-08-09T04:00:00Z,36.16,36.2,35.86,36.04,45814,303,36.0915
2019-08-12T04:00:00Z,35.9,36.0081,35.6376,35.72,53344,374,35.8201
2019-08-13T04:00:00Z,35.6,36.29,35.5,36.04,32327,262,35.9686
2019-08-14T04:00:00Z,35.58,35.65,35.1109,35.13,60544,286,35.2981
2019-08-15T04:00:00Z,35.15,35.3999,35.1,35.32,40285,277,35.2337
2019-08-16T04:00:00Z,35.51,35.9698,35.45,35.94,47593,271,35.8486
2019-08-19T04:00:00Z,36.18,36.29,36.076,36.12,189551,899,36.2097
2019-08-20T04:00:00Z,36.18,36.18,35.8299,35.86,75467,311,36.0171
2019-08-21T04:00:00Z,36.08,36.17,35.933,36.11,117190,480,36.089
2019-08-22T04:00:00Z,36.25,36.2871,35.9201,36.01,33911,306,36.1085
2019-08-23T04:00:00Z,35.94,35.9418,34.94,35.09,58281,322,35.4036
2019-08-26T04:00:00Z,35.38,35.38,34.9712,35.28,223548,430,35.2282
2019-08-27T04:00:00Z,35.42,35.53,35.1417,35.24,61237,366,35.3066
2019-08-28T04:00:00Z,35.07,35.5294,35.03,35.49,47336,269,35.3551
2019-08-29T04:00:00Z,35.78,36.15,35.78,36.11,34150,222,35.9913
2019-08-30T04:00:00Z,36.26,36.362,36.08,36.18,36276,224,36.2015
2019-09-03T04:00:00Z,35.92,36,35.65,35.9,46344,454,35.8432
2019-09-04T04:00:00Z,36.12,36.2,36.02,36.2,40785,414,36.1177
2019-09-05T04:00:00Z,36.47,36.8,36.434,36.72,93976,356,36.7045
2019-09-06T04:00:00Z,36.88,36.8955,36.68,36.74,43406,226,36.7917
2019-09-09T04:00:00Z,36.75,36.7894,36.1862,36.28,42899,291,36.4068
2019-09-10T04:00:00Z,36.23,36.3,35.8304,36.3,33294,301,36.0752
2019-09-11T04:00:00Z,36.29,36.85,36.29,36.8341,37550,218,36.6477
2019-09-12T04:00:00Z,36.9,37.15,36.8337,37.05,54937,409,36.9921
2019-09-13T04:00:00Z,37.17,37.21,36.98,37.02,36329,178,37.1006
2019-09-16T04:00:00Z,36.96,36.96,36.7701,36.79,353670,449,36.8434
2019-09-17T04:00:00Z,36.57,36.97,36.57,36.9233,240353,1250,36.8633
2019-09-18T04:00:00Z,36.91,36.9599,36.55,36.92,24209,170,36.7981
2019-09-19T04:00:00Z,36.98,37.1198,36.83,36.87,37934,237,37.0144
2019-09-20T04:00:00Z,36.95,36.95,36.56,36.67,31269,316,36.7862
2019-09-23T04:00:00Z,36.45,36.62,36.39,36.43,97068,543,36.4934
2019-09-24T04:00:00Z,36.55,36.6799,36.0949,36.21,65263,492,36.322
2019-09-25T04:00:00Z,36.23,36.5965,36.1,36.5598,33342,244,36.3766
2019-09-26T04:00:00Z,36.63,36.6552,36.3095,36.44,29922,208,36.4817
2019-09-27T04:00:00Z,36.56,36.69,36.2781,36.44,22120,301,36.5038
2019-09-30T04:00:00Z,36.59,36.75,36.42,36.6,48338,397,36.6472
2019-10-01T04:00:00Z,36.7,36.8962,35.9201,35.94,45210,390,36.4011
2019-10-02T04:00:00Z,35.75,35.8383,35.21,35.4,54804,432,35.4299
2019-10-03T04:00:00Z,35.29,35.58,34.97,35.58,53541,389,35.3757
2019-10-04T04:00:00Z,35.68,36.09,35.68,36.07,36044,209,35.8437
2019-10-07T04:00:00Z,35.95,35.9669,35.61,35.61,78475,286,35.8343
2019-10-08T04:00:00Z,35.34,35.34,34.86,34.86,86118,503,35.0538
2019-10-09T04:00:00Z,35.2,35.3565,35.0201,35.28,110541,514,35.1985
2019-10-10T04:00:00Z,35.15,35.6796,35.15,35.56,33938,198,35.4181
2019-10-11T04:00:00Z,35.87,36.5156,35.87,36.09,63801,325,36.2458
2019-10-14T04:00:00Z,36.18,36.18,35.89,35.92,66482,305,36.0089
2019-10-15T04:00:00Z,36.03,36.2481,36.007,36.09,42391,269,36.1361
2019-10-16T04:00:00Z,36.03,36.18,36.0028,36.13,61088,269,36.0795
2019-10-17T04:00:00Z,36.24,36.56,36.24,36.51,37401,225,36.4597
2019-10-18T04:00:00Z,36.5,36.71,36.4337,36.7,29122,178,36.5969
2019-10-21T04:00:00Z,36.89,36.9072,36.6401,36.71,46461,240,36.7262
2019-10-22T04:00:00Z,36.79,37.0262,36.68,36.81,77770,468,36.8429
2019-10-23T04:00:00Z,36.84,36.9607,36.77,36.89,108206,422,36.8554
2019-10-24T04:00:00Z,36.98,36.98,36.601,36.74,34121,349,36.7189
2019-10-25T04:00:00Z,36.74,36.93,36.71,36.8529,35873,248,36.8426
2019-10-28T04:00:00Z,36.94,37.0862,36.94,36.97,38267,287,36.9973
2019-10-29T04:00:00Z,36.59,37.16,36.3513,37.1,47240,271,36.9923
2019-10-30T04:00:00Z,37.17,37.1814,36.9188,37.15,39690,258,37.058
2019-10-31T04:00:00Z,37.07,37.07,36.59,36.8,41654,245,36.7621
2019-11-01T04:00:00Z,37.02,37.19,37.02,37.14,98467,283,37.1439
2019-11-04T05:00:00Z,37.3,37.48,37.03,37.1,68636,369,37.2447
2019-11-05T05:00:00Z,37.17,37.2852,37.0968,37.23,46844,212,37.1786
2019-11-06T05:00:00Z,37.21,37.23,37.0301,37.23,45949,270,37.1388
2019-11-07T05:00:00Z,37.38,37.44,36.89,36.95,113394,425,37.0419
2019-11-08T05:00:00Z,36.9,37,36.67,36.74,178825,380,36.7832
2019-11-11T05:00:00Z,36.57,36.7,36.56,36.63,198359,405,36.618
2019-11-12T05:00:00Z,36.65,36.88,36.6101,36.72,343428,1089,36.7571
2019-11-13T05:00:00Z,36.57,36.7927,36.57,36.74,51018,186,36.7342
2019-11-14T05:00:00Z,36.76,36.8305,36.6562,36.69,68784,288,36.7284
2019-11-15T05:00:00Z,36.86,37.05,36.86,37.01,27889,196,36.9332
2019-11-18T05:00:00Z,36.96,36.96,36.74,36.74,66017,448,36.8537
2019-11-19T05:00:00Z,36.76,36.97,36.75,36.9,45916,461,36.8627
2019-11-20T05:00:00Z,36.86,37.06,36.7045,36.89,54730,342,36.8653
2019-11-21T05:00:00Z,36.89,36.89,36.6807,36.73,22099,156,36.7658
2019-11-22T05:00:00Z,36.84,36.9,36.69,36.9,11656,166,36.8167
2019-11-25T05:00:00Z,36.97,37.2737,36.97,37.2162,70985,297,37.1869
2019-11-26T05:00:00Z,37.17,37.55,37.03,37.55,74986,326,37.3764
2019-11-27T05:00:00Z,37.54,37.69,37.48,37.69,30600,228,37.5914
2019-11-29T05:00:00Z,37.67,37.69,37.5374,37.55,15868,111,37.6173
2019-12-02T05:00:00Z,37.66,37.6727,37.2963,37.2963,44523,268,37.4869
2019-12-03T05:00:00Z,36.96,37.17,36.9141,37.14,63324,353,37.0468
2019-12-04T05:00:00Z,37.25,37.6042,37.25,37.25,44134,241,37.3972
2019-12-05T05:00:00Z,37.26,37.45,37.26,37.45,33364,193,37.3528
2019-12-06T05:00:00Z,37.54,37.91,37.54,37.67,45081,267,37.7626
2019-12-09T05:00:00Z,37.69,37.772,37.59,37.61,52983,299,37.6406
2019-12-10T05:00:00Z,37.61,37.74,37.54,37.63,115306,570,37.6504
2019-12-11T05:00:00Z,37.66,37.92,37.64,37.92,547186,307,37.7508
2019-12-12T05:00:00Z,37.91,38.24,37.86,38.18,47543,369,38.0897
2019-12-13T05:00:00Z,38.11,38.26,37.9641,38.02,32992,220,38.0316
2019-12-16T05:00:00Z,38.24,38.35,38.16,38.23,429010,604,38.2805
2019-12-17T05:00:00Z,38.3,38.35,38.13,38.33,236209,614,38.2798
2019-12-18T05:00:00Z,38.37,38.37,37.9526,38.18,88708,461,38.1571
2019-12-19T05:00:00Z,38.2,38.35,38.16,38.3,52710,382,38.2508
2019-12-20T05:00:00Z,38.38,38.61,38.38,38.6,75215,320,38.4773
2019-12-23T05:00:00Z,38.69,38.69,38.52,38.62,76870,297,38.6045
2019-12-24T05:00:00Z,38.6,38.6,38.4877,38.55,26416,168,38.5526
2019-12-26T05:00:00Z,38.61,38.7,38.45,38.63,35648,248,38.545
2019-12-27T05:00:00Z,38.78,38.8,38.615,38.72,22065,233,38.7081
2019-12-30T05:00:00Z,38.74,38.76,38.5727,38.7,55763,398,38.7079
2019-12-31T05:00:00Z,38.71,38.83,38.5919,38.63,33551,263,38.6798
2020-01-02T05:00:00Z,38.82,38.829,38.37,38.68,125618,449,38.4686
2020-01-03T05:00:00Z,38.34,38.65,38.33,38.63,74945,384,38.5732
2020-01-06T05:00:00Z,38.4,38.49,38.29,38.42,68633,415,38.4078
2020-01-07T05:00:00Z,38.37,38.425,38.1933,38.36,103181,405,38.3678
2020-01-08T05:00:00Z,38.31,38.5736,38.12,38.37,98254,466,38.3966
2020-01-09T05:00:00Z,38.57,38.78,38.54,38.71,61249,325,38.6934
2020-01-10T05:00:00Z,38.79,38.84,38.5898,38.65,70879,359,38.7221
2020-01-13T05:00:00Z,38.85,39.12,38.79,39.12,87908,572,38.9872
2020-01-14T05:00:00Z,39.15,39.27,39,39.12,85741,482,39.1128
2020-01-15T05:00:00Z,39.14,39.39,39.12,39.29,82249,524,39.2594
2020-01-16T05:00:00Z,39.47,39.7167,39.41,39.7123,107062,420,39.6357
2020-01-17T05:00:00Z,39.82,40,39.81,40,82408,510,39.9367
2020-01-21T05:00:00Z,39.95,40.12,39.85,40.08,141261,471,40.0071
2020-01-22T05:00:00Z,40.3,40.3416,40.0358,40.09,72020,419,40.1791
2020-01-23T05:00:00Z,40.05,40.23,39.85,40.22,54348,380,40.0625
2020-01-24T05:00:00Z,40.35,40.35,39.8,39.96,69393,541,40.0649
2020-01-27T05:00:00Z,39.46,39.64,39.4021,39.51,72590,400,39.5272
2020-01-28T05:00:00Z,39.69,40.01,39.6075,39.92,136168,478,39.9005
2020-01-29T05:00:00Z,39.97,40.13,39.9437,39.9701,41838,306,40.029
2020-01-30T05:00:00Z,39.7,40.07,39.5664,40.066,44266,385,39.7158
2020-01-31T05:00:00Z,39.88,39.88,39.05,39.17,71330,445,39.3105
2020-02-03T05:00:00Z,39.41,39.7,39.3197,39.55,86773,696,39.5391
2020-02-04T05:00:00Z,39.89,40.12,39.8525,39.94,89360,411,40.0146
2020-02-05T05:00:00Z,40.29,40.41,40.09,40.41,81749,526,40.2948
2020-02-06T05:00:00Z,40.51,40.51,40.1834,40.39,65699,405,40.3292
2020-02-07T05:00:00Z,40.29,40.29,40.05,40.09,62288,504,40.1599
2020-02-10T05:00:00Z,40.16,40.39,39.98,40.39,63121,436,40.2112
2020-02-11T05:00:00Z,40.57,40.84,40.4879,40.645,59203,345,40.7045
2020-02-12T05:00:00Z,40.85,40.99,40.65,40.94,90612,428,40.8861
2020-02-13T05:00:00Z,40.94,41.02,40.704,40.96,102414,504,40.8921
2020-02-14T05:00:00Z,41.07,41.17,40.94,41.11,105322,519,41.0274
2020-02-18T05:00:00Z,41.14,41.14,40.89,41.04,120266,712,41.0044
2020-02-19T05:00:00Z,41.15,41.2253,41.03,41.06,120116,506,41.1279
2020-02-20T05:00:00Z,40.97,41,40.49,40.75,124367,712,40.7768
2020-02-21T05:00:00Z,40.53,40.82,40.508,40.75,46562,335,40.7176
2020-02-24T05:00:00Z,39.73,39.8968,39.51,39.67,124124,788,39.7294
2020-02-25T05:00:00Z,39.78,39.83,38.35,38.435,144092,818,38.9797
2020-02-26T05:00:00Z,38.54,39,38.16,38.16,158770,866,38.6195
2020-02-27T05:00:00Z,37.68,38.18,36.67,36.67,170654,788,37.5658
2020-02-28T05:00:00Z,35.62,36,35.0201,35.72,234157,1162,35.3708
2020-03-02T05:00:00Z,35.92,37.21,35.59,37.21,138702,939,36.2696
2020-03-03T05:00:00Z,37.21,38.01,36.48,36.67,295070,961,37.067
2020-03-04T05:00:00Z,37.14,38.46,37.1108,38.41,93000,561,37.7041
2020-03-05T05:00:00Z,37.52,37.8033,36.86,37.22,193622,1784,37.1709
2020-03-06T05:00:00Z,36.14,37.1054,36,36.96,120416,804,36.3903
2020-03-09T04:00:00Z,34.39,35.46,33.45,34.77,210383,1055,34.6348
2020-03-10T04:00:00Z,35.81,35.99,34.4001,35.99,145625,686,35.2179
2020-03-11T04:00:00Z,35.06,35.159,33.665,34.11,304703,1618,34.3476
2020-03-12T04:00:00Z,31.92,32.85,29.2,30.69,478937,2346,31.4021
2020-03-13T04:00:00Z,32.39,33.34,30.6,33.22,206495,1331,31.7878
2020-03-16T04:00:00Z,29.83,31.4729,29.51,29.51,213672,1069,30.2602
2020-03-17T04:00:00Z,30.18,32.1401,29.72,32.12,136703,947,30.9678
2020-03-18T04:00:00Z,30.07,31.0562,28.7843,30.16,150197,1151,29.6181
2020-03-19T04:00:00Z,29.82,30.8099,29.0101,30.21,140310,651,29.9445
2020-03-20T04:00:00Z,30.49,30.49,28.0814,28.27,111677,761,29.1666
2020-03-23T04:00:00Z,28.2,28.2,26.19,26.72,195832,1127,27.0997
2020-03-24T04:00:00Z,27.99,29.2783,27.8901,29.2,432239,851,28.6591
2020-03-25T04:00:00Z,29.34,30.65,28.73,29.64,88299,587,29.7715
2020-03-26T04:00:00Z,29.99,31.74,29.98,31.595,67593,530,31.0535
2020-03-27T04:00:00Z,30.6,31.78,30.2054,30.97,147077,470,30.9874
2020-03-30T04:00:00Z,31.16,31.98,31.05,31.87,73483,471,31.5151
2020-03-31T04:00:00Z,31.75,31.75,31.1499,31.33,56760,284,31.4151
2020-04-01T04:00:00Z,30.1,30.18,29.1,29.33,82885,535,29.6597
2020-04-02T04:00:00Z,29.2,30.51,29.2,30.39,87050,537,30.0768
2020-04-03T04:00:00Z,30.44,30.67,29.48,29.8,86749,451,29.8694
2020-04-06T04:00:00Z,30.94,32.0746,30.94,31.87,83365,526,31.5153
2020-04-07T04:00:00Z,32.79,33.04,31.79,31.85,151655,760,32.6243
2020-04-08T04:00:00Z,32,33.2923,31.814,33.1,50965,397,32.6147
2020-04-09T04:00:00Z,33.6,34.26,33.6,34.11,170473,621,33.9895
2020-04-13T04:00:00Z,33.98,33.98,32.8,33.2,86498,655,33.343
2020-04-14T04:00:00Z,33.74,34.33,33.59,34.12,130103,524,34.0273
2020-04-15T04:00:00Z,33.38,33.4284,32.88,33,54107,404,33.1802
2020-04-16T04:00:00Z,33.11,33.1621,32.54,33.06,42341,307,32.8772
2020-04-17T04:00:00Z,33.79,34.28,33.7077,34.16,94010,678,33.9709
2020-04-20T04:00:00Z,33.7,33.87,33.16,33.32,74146,502,33.5317
2020-04-21T04:00:00Z,32.61,32.82,32.26,32.44,76634,552,32.5589
2020-04-22T04:00:00Z,33.04,33.34,32.71,33.09,57240,505,33.019
2020-04-23T04:00:00Z,33.29,33.74,33.2,33.23,97585,935,33.5003
2020-04-24T04:00:00Z,33.34,33.7,33.05,33.48,60073,464,33.2953
2020-04-27T04:00:00Z,33.61,34.5699,33.52,34.45,54813,325,34.223
2020-04-28T04:00:00Z,34.73,35.33,34.66,34.94,46353,501,34.9469
2020-04-29T04:00:00Z,35.56,35.87,35.15,35.61,90350,739,35.5185
2020-04-30T04:00:00Z,35.26,35.26,34.3572,34.48,71906,683,34.6135
2020-05-01T04:00:00Z,34,34,33.43,33.52,56377,423,33.6299
2020-05-04T04:00:00Z,33.21,33.715,33.094,33.67,36769,393,33.3585
2020-05-05T04:00:00Z,33.95,34.22,33.72,33.76,190262,358,34.1165
2020-05-06T04:00:00Z,34.01,34.09,33.5104,33.5104,30434,241,33.7255
2020-05-07T04:00:00Z,33.8,33.9599,33.6326,33.66,44782,437,33.7842
2020-05-08T04:00:00Z,34.02,34.24,34,34.14,36334,331,34.145
2020-05-11T04:00:00Z,33.98,34.243,33.65,34.07,71599,629,34.0137
2020-05-12T04:00:00Z,34.17,34.24,32.99,32.99,78330,432,33.5955
2020-05-13T04:00:00Z,32.81,32.9,32.101,32.44,91406,594,32.4006
2020-05-14T04:00:00Z,32.01,32.79,31.43,32.78,118754,1064,32.2561
2020-05-15T04:00:00Z,32.63,33.02,32.51,33,40149,579,32.8539
2020-05-18T04:00:00Z,33.87,34.85,33.67,34.62,55567,571,34.4956
2020-05-19T04:00:00Z,34.42,34.62,33.87,33.87,76626,572,34.3154
2020-05-20T04:00:00Z,34.24,34.71,34.24,34.45,87291,1410,34.5386
2020-05-21T04:00:00Z,34.46,34.64,34.27,34.46,61035,529,34.488
2020-05-22T04:00:00Z,34.39,34.56,34.3,34.56,136705,721,34.3865
2020-05-26T04:00:00Z,35.4179,35.79,35.33,35.47,55045,524,35.5725
2020-05-27T04:00:00Z,35.95,36.47,35.73,36.47,293923,399,36.0173
2020-05-28T04:00:00Z,36.61,36.87,36.29,36.41,69379,430,36.7008
2020-05-29T04:00:00Z,36.21,36.77,36.14,36.74,36214,554,36.394
2020-06-01T04:00:00Z,36.75,36.79,36.5868,36.62,54792,380,36.7075
2020-06-02T04:00:00Z,36.71,37.09,36.6,37.09,35163,286,36.944
2020-06-03T04:00:00Z,37.55,38.08,37.54,38,44363,358,37.8937
2020-06-04T04:00:00Z,37.71,38,37.59,38,57118,323,37.7667
2020-06-05T04:00:00Z,38.75,39.3998,38.75,38.93,62734,511,39.036
2020-06-08T04:00:00Z,39.11,39.28,38.84,38.9,76999,573,38.968
2020-06-09T04:00:00Z,38.52,38.58,38.2,38.27,54246,428,38.4183
2020-06-10T04:00:00Z,38.25,38.27,37.7357,37.76,38794,465,37.9594
2020-06-11T04:00:00Z,36.8,36.8,35.5,35.53,118533,973,36.2582
2020-06-12T04:00:00Z,36.5,36.6273,35.15,35.89,34734,337,35.6549
2020-06-15T04:00:00Z,35.15,36.6699,34.99,36.29,42874,478,35.9469
2020-06-16T04:00:00Z,37.39,37.6599,36.62,36.91,35257,439,37.2734
2020-06-17T04:00:00Z,37.21,37.21,36.6943,36.7933,34320,315,36.903
2020-06-18T04:00:00Z,36.48,37.02,36.48,36.73,22453,367,36.7303
2020-06-19T04:00:00Z,37.16,37.31,36.34,36.34,84697,740,36.7966
2020-06-22T04:00:00Z,36.2,36.36,35.8238,36.33,405222,540,36.2412
2020-06-23T04:00:00Z,36.74,36.74,36.17,36.17,76458,541,36.3413
2020-06-24T04:00:00Z,35.89,35.89,34.99,35.2,79965,693,35.3694
2020-06-25T04:00:00Z,35.05,35.28,34.6,35.28,60390,538,34.9159
2020-06-26T04:00:00Z,35.15,35.3,34.79,34.81,52157,493,35.0105
2020-06-29T04:00:00Z,35.18,35.67,35,35.59,79854,413,35.5171
2020-06-30T04:00:00Z,35.67,36.39,35.56,36.34,53971,396,36.0252
2020-07-01T04:00:00Z,36.36,36.515,36.0919,36.19,25437,296,36.3055
2020-07-02T04:00:00Z,36.7,36.92,36.47,36.55,48588,408,36.6945
2020-07-06T04:00:00Z,37.06,37.199,36.66,36.79,71646,470,36.852
2020-07-07T04:00:00Z,36.6,36.815,36.36,36.39,32083,331,36.5941
2020-07-08T04:00:00Z,36.51,36.59,36.0601,36.35,57795,303,36.3336
2020-07-09T04:00:00Z,36.44,36.6241,35.7855,36.24,53639,332,36.2168
2020-07-10T04:00:00Z,36.16,36.59,36.06,36.59,32944,269,36.3535
2020-07-13T04:00:00Z,36.79,37.215,36.5,36.51,46089,447,36.8205
2020-07-14T04:00:00Z,36.45,37.4,36.45,37.4,54517,496,36.9979
2020-07-15T04:00:00Z,37.96,38.64,37.96,38.49,95103,610,38.4534
2020-07-16T04:00:00Z,38.33,38.86,38.33,38.6,77093,504,38.522
2020-07-17T04:00:00Z,38.84,39.08,38.709,38.98,88172,471,38.9456
2020-07-20T04:00:00Z,38.95,39.01,38.75,38.91,44241,469,38.8794
2020-07-21T04:00:00Z,38.91,39.36,38.91,39.16,32262,285,39.2037
2020-07-22T04:00:00Z,39.05,39.535,39.05,39.5,37320,335,39.4318
2020-07-23T04:00:00Z,39.65,40.0746,39.6,39.75,44835,467,39.7789
2020-07-24T04:00:00Z,39.64,39.6937,39.19,39.3,51960,500,39.3667
2020-07-27T04:00:00Z,39.5,39.79,39.38,39.77,57530,569,39.6366
2020-07-28T04:00:00Z,39.61,39.71,39.25,39.27,49855,531,39.5232
2020-07-29T04:00:00Z,39.36,39.8299,39.36,39.75,84429,335,39.6483
2020-07-30T04:00:00Z,39.32,39.3806,38.955,39.12,31567,356,39.1511
2020-07-31T04:00:00Z,39.16,39.16,38.43,38.93,68738,580,38.7167
2020-08-03T04:00:00Z,39.02,39.335,38.93,39.22,36393,343,39.206
2020-08-04T04:00:00Z,39.13,39.15,38.84,39.12,26200,318,39.0324
2020-08-05T04:00:00Z,39.41,39.51,39.22,39.47,38641,338,39.4259
2020-08-06T04:00:00Z,39.47,39.68,39.35,39.64,55245,328,39.487
2020-08-07T04:00:00Z,39.49,40.25,39.49,40.23,41479,363,39.9594
2020-08-10T04:00:00Z,40.32,40.5207,40.23,40.42,46940,431,40.4167
2020-08-11T04:00:00Z,40.54,40.685,40.184,40.23,24602,275,40.5195
2020-08-12T04:00:00Z,40.55,40.96,40.4747,40.8,64816,524,40.8114
2020-08-13T04:00:00Z,40.6,40.75,40.44,40.65,50961,372,40.6518
2020-08-14T04:00:00Z,40.48,40.64,40.39,40.48,23890,250,40.5032
2020-08-17T04:00:00Z,40.47,40.65,40.26,40.32,44332,407,40.4423
2020-08-18T04:00:00Z,40.39,40.39,40.1752,40.27,43780,447,40.2935
2020-08-19T04:00:00Z,40.26,40.399,40,40.07,57939,405,40.2018
2020-08-20T04:00:00Z,39.8,39.96,39.61,39.91,23633,369,39.8625
2020-08-21T04:00:00Z,39.74,39.88,39.5927,39.83,43871,379,39.7887
2020-08-24T04:00:00Z,40,40.15,39.89,40.05,165898,1010,39.9953
2020-08-25T04:00:00Z,40.16,40.165,39.95,40.06,22615,330,40.0297
2020-08-26T04:00:00Z,40.1,40.1,39.774,39.85,64348,481,39.8808
2020-08-27T04:00:00Z,39.94,39.955,39.6,39.75,73613,403,39.7814
2020-08-28T04:00:00Z,39.84,39.97,39.51,39.97,48461,538,39.73
2020-08-31T04:00:00Z,39.96,40.0133,39.56,39.56,79668,808,39.7206
2020-09-01T04:00:00Z,39.56,40,39.498,40,22711,302,39.7476
2020-09-02T04:00:00Z,40,40.845,40,40.74,36530,450,40.3976
2020-09-03T04:00:00Z,40.74,40.76,39.37,39.66,51042,504,39.9174
2020-09-04T04:00:00Z,39.83,40,39.1101,39.46,51832,426,39.581
2020-09-08T04:00:00Z,39.06,39.196,38.42,38.61,66627,575,38.7695
2020-09-09T04:00:00Z,38.92,39.58,38.92,39.29,27938,613,39.3735
2020-09-10T04:00:00Z,39.39,39.395,38.87,38.88,25008,343,39.1503
2020-09-11T04:00:00Z,39.03,39.37,38.95,39.13,28989,277,39.0743
2020-09-14T04:00:00Z,39.43,39.7949,39.37,39.58,34710,362,39.5493
2020-09-15T04:00:00Z,39.73,39.95,39.73,39.78,26727,319,39.8097
2020-09-16T04:00:00Z,39.98,40.2741,39.8883,39.92,36131,424,40.0835
2020-09-17T04:00:00Z,39.48,40.08,39.48,39.87,31773,301,39.8452
2020-09-18T04:00:00Z,40.05,40.05,39.31,39.36,65199,487,39.4849
2020-09-21T04:00:00Z,38.87,38.87,38.11,38.57,36926,526,38.4429
2020-09-22T04:00:00Z,38.63,38.98,38.51,38.92,24112,386,38.7135
2020-09-23T04:00:00Z,39.02,39.08,38.22,38.22,27288,398,38.6708
2020-09-24T04:00:00Z,38.11,38.735,37.91,38.43,35552,371,38.1881
2020-09-25T04:00:00Z,38.37,38.939,38.22,38.81,46683,290,38.5003
2020-09-28T04:00:00Z,39.21,39.589,39.21,39.41,28346,292,39.3967
2020-09-29T04:00:00Z,39.62,39.6451,39.275,39.49,27268,275,39.5115
2020-09-30T04:00:00Z,39.36,40.06,39.36,39.68,33647,322,39.8376
2020-10-01T04:00:00Z,39.76,40.08,39.5501,39.82,27119,377,39.7701
2020-10-02T04:00:00Z,39.27,40.2899,39.17,40.05,33741,327,39.97
2020-10-05T04:00:00Z,40.2458,40.73,40.2458,40.73,116117,426,40.6144
2020-10-06T04:00:00Z,40.79,41.34,40.64,40.64,34377,549,40.9167
2020-10-07T04:00:00Z,40.95,41.37,40.86,41.3,41307,425,41.2183
2020-10-08T04:00:00Z,41.53,41.6492,41.36,41.61,73334,636,41.5248
2020-10-09T04:00:00Z,41.7,42.19,41.7,42.07,56128,463,41.9901
2020-10-12T04:00:00Z,42.34,42.79,42.34,42.61,103123,740,42.5285
2020-10-13T04:00:00Z,42.35,42.54,42.18,42.43,78623,644,42.3844
2020-10-14T04:00:00Z,42.43,42.7699,42.39,42.41,104186,702,42.4816
2020-10-15T04:00:00Z,42.11,42.68,41.81,42.58,45399,393,42.3548
2020-10-16T04:00:00Z,42.71,43.07,42.71,42.74,129680,746,42.8562
2020-10-19T04:00:00Z,42.76,43,42.03,42.16,152712,905,42.6701
2020-10-20T04:00:00Z,42.4,42.83,42.33,42.42,56001,575,42.5758
2020-10-21T04:00:00Z,42.46,42.6999,42.3,42.3,43728,394,42.4916
2020-10-22T04:00:00Z,42.44,42.96,42.44,42.9,65314,588,42.7502
2020-10-23T04:00:00Z,43.13,43.1545,42.79,43.11,36399,364,43.0595
2020-10-26T04:00:00Z,42.8,42.8,42.1462,42.46,58866,579,42.4276
2020-10-27T04:00:00Z,42.44,42.44,41.98,42.11,34501,312,42.1548
2020-10-28T04:00:00Z,41.52,41.52,40.91,40.96,75194,563,41.1765
2020-10-29T04:00:00Z,40.97,41.46,40.69,41.12,37667,732,41.0646
2020-10-30T04:00:00Z,40.89,41.19,40.3791,40.77,48283,392,40.6936
2020-11-02T05:00:00Z,41.23,41.8246,41.21,41.77,41582,445,41.5556
2020-11-03T05:00:00Z,42.21,42.7,42.21,42.53,55189,491,42.4258
2020-11-04T05:00:00Z,42.52,42.57,41.85,41.85,39721,460,42.1182
2020-11-05T05:00:00Z,42.36,43.07,42.36,42.65,40426,387,42.7801
2020-11-06T05:00:00Z,42.62,43.165,42.62,43.01,42601,489,42.9436
2020-11-09T05:00:00Z,43.1,45.5,43.1,43.73,180539,1208,44.6069
2020-11-10T05:00:00Z,43.98,44.42,43.965,44.29,92390,491,44.2628
2020-11-11T05:00:00Z,44.55,44.55,43.93,44.2199,46837,482,44.1837
2020-11-12T05:00:00Z,44.08,44.17,43.2,43.55,49757,550,43.5792
2020-11-13T05:00:00Z,43.76,44.275,43.76,44.24,55097,366,44.0254
2020-11-16T05:00:00Z,44.91,45.06,44.54,45.06,53308,525,44.8769
2020-11-17T05:00:00Z,44.73,44.85,44.3471,44.71,62133,685,44.6201
2020-11-18T05:00:00Z,44.88,44.88,44.11,44.11,57532,518,44.5898
2020-11-19T05:00:00Z,44.07,44.23,43.84,44.16,41188,396,44.0461
2020-11-20T05:00:00Z,44.12,44.34,44.08,44.2,38383,412,44.2207
2020-11-23T05:00:00Z,44.38,44.64,44.3391,44.48,158199,579,44.4231
2020-11-24T05:00:00Z,44.87,45.46,44.815,45.25,52243,569,45.1505
2020-11-25T05:00:00Z,45.2,45.22,44.658,44.72,100206,788,44.8109
2020-11-27T05:00:00Z,44.72,44.9699,44.69,44.9408,63608,470,44.7837
2020-11-30T05:00:00Z,45.02,45.02,44.476,44.73,61556,872,44.7427
2020-12-01T05:00:00Z,45.21,45.35,44.96,45.05,56334,522,45.1459
2020-12-02T05:00:00Z,44.93,44.969,44.61,44.87,50761,548,44.8126
2020-12-03T05:00:00Z,44.96,45.22,44.69,44.79,38740,656,44.9583
2020-12-04T05:00:00Z,44.89,45.3,44.89,45.28,44118,419,45.0948
2020-12-07T05:00:00Z,45.39,45.39,44.9481,45.17,94384,818,45.2416
2020-12-08T05:00:00Z,45.09,45.37,45.065,45.33,53852,609,45.2322
2020-12-09T05:00:00Z,45.49,45.64,45.27,45.52,82615,724,45.4295
2020-12-10T05:00:00Z,45.49,45.57,45.118,45.38,67444,646,45.3591
2020-12-11T05:00:00Z,45.22,45.49,45.08,45.36,73650,656,45.2625
2020-12-14T05:00:00Z,45.65,45.89,45.02,45.02,60941,613,45.5235
2020-12-15T05:00:00Z,45.34,46.0615,45.2201,46.02,88732,598,45.8244
2020-12-16T05:00:00Z,46.22,46.22,45.55,45.57,70067,646,45.753
2020-12-17T05:00:00Z,45.81,46.07,45.7701,46.0583,53922,557,45.9068
2020-12-18T05:00:00Z,46.16,46.39,45.76,45.904,70761,621,46.0678
2020-12-21T05:00:00Z,45.61,45.61,44.84,45.6031,147144,956,45.2512
2020-12-22T05:00:00Z,45.69,45.69,45.3861,45.52,68479,651,45.5457
2020-12-23T05:00:00Z,45.875,45.9999,45.63,45.69,53393,569,45.8587
2020-12-24T05:00:00Z,45.91,45.99,45.63,45.96,34533,280,45.7829
2020-12-28T05:00:00Z,46.25,46.4499,46.033,46.18,71339,661,46.243
2020-12-29T05:00:00Z,46.38,46.48,45.625,45.87,47731,584,45.9673
2020-12-30T05:00:00Z,45.97,46.3,45.97,46.05,49249,706,46.136
2020-12-31T05:00:00Z,46.21,46.51,45.86,46.45,53003,534,46.2368
2021-01-04T05:00:00Z,46.69,46.75,45.38,45.75,182838,1836,45.9991
2021-01-05T05:00:00Z,45.6402,46.461,45.6402,46.34,64974,711,46.1933
2021-01-06T05:00:00Z,46.56,48.606,46.56,48.36,95121,1014,47.95
2021-01-07T05:00:00Z,48.42,49.14,48.311,49.1,155781,1005,48.8181
2021-01-08T05:00:00Z,49.22,49.27,48.485,49.08,130735,1407,49.0602
2021-01-11T05:00:00Z,49.01,49.23,48.64,49.2,117117,878,49.0278
2021-01-12T05:00:00Z,49.28,49.7,49.15,49.43,106521,850,49.3552
2021-01-13T05:00:00Z,49.59,49.61,48.88,48.9,252356,1149,49.0473
2021-01-14T05:00:00Z,49.09,49.19,48.61,48.7,149290,1305,48.8257
2021-01-15T05:00:00Z,48.45,48.5,47.81,48.26,153687,1473,48.0306
2021-01-19T05:00:00Z,48.69,48.845,48.4501,48.54,101905,916,48.6089
2021-01-20T05:00:00Z,48.76,48.91,48.54,48.76,77101,784,48.7472
2021-01-21T05:00:00Z,48.9,48.92,48.22,48.47,167753,1624,48.5474
2021-01-22T05:00:00Z,48.16,48.95,48.15,48.9,91588,1019,48.5694
2021-01-25T05:00:00Z,48.77,49.13,48.26,48.51,149886,1362,48.5836
2021-01-26T05:00:00Z,48.61,48.61,47.76,47.76,109103,1136,48.0369
2021-01-27T05:00:00Z,47.22,47.22,46.16,46.59,126367,1253,46.776
2021-01-28T05:00:00Z,46.81,47.9,46.81,47.1,106691,1049,47.3406
2021-01-29T05:00:00Z,46.99,46.99,46.05,46.15,162062,1203,46.3839
2021-02-01T05:00:00Z,46.49,47.109,46.38,46.97,97733,926,46.6784
2021-02-02T05:00:00Z,47.64,48.0916,47.3,48,93046,848,47.8346
2021-02-03T05:00:00Z,48.1,48.1,47.38,47.59,91970,825,47.648
2021-02-04T05:00:00Z,47.83,48.46,47.81,48.42,89041,698,48.3268
2021-02-05T05:00:00Z,48.67,49,48.6605,48.71,59832,873,48.7822
2021-02-08T05:00:00Z,48.83,49.35,48.83,49.3,123248,987,49.1076
2021-02-09T05:00:00Z,49.39,49.45,49.02,49.3,75835,778,49.2964
2021-02-10T05:00:00Z,49.65,49.68,49.06,49.24,77246,810,49.3595
2021-02-11T05:00:00Z,49.48,49.68,48.85,49.25,73505,778,49.263
2021-02-12T05:00:00Z,49.25,49.3283,48.8801,49.2,89372,870,49.1168
2021-02-16T05:00:00Z,49.43,49.64,48.95,48.95,347735,1350,49.0743
2021-02-17T05:00:00Z,48.95,48.95,48.45,48.64,101387,1073,48.6797
2021-02-18T05:00:00Z,48.56,48.62,48.21,48.48,84964,760,48.4767
2021-02-19T05:00:00Z,48.83,49.0999,48.74,48.8,78415,717,48.929
2021-02-22T05:00:00Z,48.66,48.684,48.334,48.47,89806,808,48.5186
2021-02-23T05:00:00Z,48.34,48.79,48.1601,48.61,108459,877,48.4929
2021-02-24T05:00:00Z,48.74,49.416,48.64,49.16,109657,1105,49.1594
2021-02-25T05:00:00Z,49.25,49.26,48.36,48.59,60796,774,48.8722
2021-02-26T05:00:00Z,48.79,48.81,48.17,48.17,71102,728,48.4924
2021-03-01T05:00:00Z,48.62,49.3462,48.62,49.07,57980,802,49.0334
2021-03-02T05:00:00Z,48.94,49.16,48.2693,48.551,68432,729,48.5993
2021-03-03T05:00:00Z,48.73,48.73,47.861,47.861,98025,732,48.1728
2021-03-04T05:00:00Z,47.99,48,46.4262,46.81,94412,947,47.0244
2021-03-05T05:00:00Z,47.24,47.63,46.37,47.62,104577,1006,46.8493
2021-03-08T05:00:00Z,47.7,48.399,47.695,47.84,56733,683,48.0641
2021-03-09T05:00:00Z,48.1,48.41,47.9304,47.94,99110,763,48.2022
2021-03-10T05:00:00Z,48.21,48.49,47.94,48.33,139882,788,48.314
2021-03-11T05:00:00Z,48.55,48.85,48.38,48.61,81503,723,48.6297
2021-03-12T05:00:00Z,48.63,48.78,48.5,48.71,77664,784,48.65
2021-03-15T04:00:00Z,48.76,49.1,48.35,49.1,72207,594,48.7868
2021-03-16T04:00:00Z,49.16,49.24,48.6601,48.74,53280,620,48.9068
2021-03-17T04:00:00Z,48.8,48.81,48.4165,48.63,57824,707,48.597
2021-03-18T04:00:00Z,48.67,49.105,48.5,48.57,54794,638,48.8379
2021-03-19T04:00:00Z,48.7,48.72,48.11,48.44,43872,609,48.4833
2021-03-22T04:00:00Z,48.36,48.38,47.93,48.25,74542,718,48.149
2021-03-23T04:00:00Z,48.12,48.43,47.72,47.87,49638,647,48.1287
2021-03-24T04:00:00Z,47.99,48.58,47.79,47.79,44125,478,48.2445
2021-03-25T04:00:00Z,47.6,48.375,47.26,48.28,61491,1082,47.7252
2021-03-26T04:00:00Z,48.5,49.32,48.48,49.3,56566,580,48.7854
2021-03-29T04:00:00Z,49.22,49.39,48.82,49.06,51671,580,49.1587
2021-03-30T04:00:00Z,49.07,49.21,48.91,49.1,71019,732,49.0506
2021-03-31T04:00:00Z,49.33,49.7,49.16,49.4,119672,945,49.486
2021-04-01T04:00:00Z,49.77,49.93,49.475,49.88,236826,2047,49.7163
2021-04-05T04:00:00Z,50.28,50.55,50.21,50.5,178015,1690,50.3995
2021-04-06T04:00:00Z,50.66,51.01,50.5,50.74,101744,1199,50.7754
2021-04-07T04:00:00Z,50.8,50.8,49.98,50.09,376599,2972,50.2277
2021-04-08T04:00:00Z,50.14,50.36,50.04,50.28,90695,1008,50.2198
2021-04-09T04:00:00Z,50.42,50.81,50.4,50.8,59961,774,50.516
2021-04-12T04:00:00Z,50.88,51.1299,50.76,51.1,84579,927,50.9639
2021-04-13T04:00:00Z,51.17,51.17,50.7629,50.94,89539,949,50.9378
2021-04-14T04:00:00Z,50.99,51.17,50.7901,50.88,80107,870,50.9532
2021-04-15T04:00:00Z,51.16,51.4098,50.935,51.38,136887,946,51.1715
2021-04-16T04:00:00Z,51.72,51.885,51.58,51.8,75974,1495,51.7347
2021-04-19T04:00:00Z,51.92,51.92,51.32,51.5,81785,1106,51.5498
2021-04-20T04:00:00Z,51.57,51.639,51.165,51.37,135737,1403,51.3362
2021-04-21T04:00:00Z,51.44,52.06,51.36,51.98,75492,939,51.7572
2021-04-22T04:00:00Z,52.06,52.67,52.06,52.18,84847,1038,52.2798
2021-04-23T04:00:00Z,52.48,52.92,52.3512,52.75,190874,1148,52.703
2021-04-26T04:00:00Z,53,53.1,52.49,52.54,156826,1552,52.7195
2021-04-27T04:00:00Z,52.63,52.6499,52.2219,52.4,72552,887,52.3894
2021-04-28T04:00:00Z,52.5,52.511,52.24,52.32,80604,891,52.3591
2021-04-29T04:00:00Z,52.65,52.66,52.37,52.56,114151,1004,52.519
2021-04-30T04:00:00Z,52.34,52.49,52.04,52.18,104502,1384,52.1977
2021-05-03T04:00:00Z,52.56,52.63,52.19,52.38,89912,1087,52.4073
2021-05-04T04:00:00Z,52.23,52.64,52.1,52.63,82361,1370,52.3886
2021-05-05T04:00:00Z,52.89,52.89,52.03,52.56,129103,1032,52.4635
2021-05-06T04:00:00Z,52.6,52.92,52.47,52.92,97911,1048,52.6517
2021-05-07T04:00:00Z,52.92,53.37,52.8,53.32,179959,1489,53.2673
2021-05-10T04:00:00Z,53.51,53.889,53.3,53.34,238344,1328,53.6134
2021-05-11T04:00:00Z,52.64,52.9399,52.36,52.86,237938,1363,52.6733
2021-05-12T04:00:00Z,52.77,52.77,51.02,51.1,173819,1813,51.8505
2021-05-13T04:00:00Z,51.13,52.5,51.13,52.27,103933,1061,51.8356
2021-05-14T04:00:00Z,52.56,52.9699,52.52,52.8,80546,1462,52.8034
2021-05-17T04:00:00Z,52.78,52.78,52.23,52.46,86237,1252,52.4522
2021-05-18T04:00:00Z,52.43,52.43,51.74,51.74,61225,1056,52.0722
2021-05-19T04:00:00Z,51.28,51.42,50.9,51.39,124095,1345,51.2104
2021-05-20T04:00:00Z,51.58,51.98,51.42,51.89,63090,792,51.7082
2021-05-21T04:00:00Z,52.19,52.52,52.12,52.25,95534,654,52.3399
2021-05-24T04:00:00Z,52.49,52.68,52.3065,52.53,99766,962,52.4998
2021-05-25T04:00:00Z,52.65,52.89,52.53,52.59,129983,1113,52.7191
2021-05-26T04:00:00Z,52.78,52.88,52.52,52.78,53257,785,52.7155
2021-05-27T04:00:00Z,53.25,53.25,53.0084,53.1,89014,829,53.1778
2021-05-28T04:00:00Z,53.31,53.31,53.08,53.08,47215,634,53.1748
2021-06-01T04:00:00Z,53.34,53.389,53.06,53.18,60421,834,53.2172
2021-06-02T04:00:00Z,53.34,53.34,52.71,52.91,336038,2943,52.9466
2021-06-03T04:00:00Z,52.73,52.7999,52.32,52.6,67458,883,52.5232
2021-06-04T04:00:00Z,52.73,52.9,52.67,52.87,61504,672,52.7906
2021-06-07T04:00:00Z,52.97,53.02,52.62,52.76,47161,718,52.7225
2021-06-08T04:00:00Z,52.79,53.11,52.5601,53.06,69909,881,52.8212
2021-06-09T04:00:00Z,53.14,53.14,52.85,52.87,57194,748,52.9947
2021-06-10T04:00:00Z,53.16,53.19,52.73,52.82,40719,673,52.9022
2021-06-11T04:00:00Z,52.96,53.22,52.775,53.22,52621,580,52.9647
2021-06-14T04:00:00Z,53.31,53.31,52.8641,53.19,74080,850,53.0448
2021-06-15T04:00:00Z,53.32,53.5,53.0001,53.5,92191,921,53.3253
2021-06-16T04:00:00Z,53.52,53.66,52.72,52.81,69817,1215,53.2176
2021-06-17T04:00:00Z,52.81,52.835,52.205,52.71,86019,1098,52.6046
2021-06-18T04:00:00Z,52.17,52.4,51.69,51.69,107374,1265,52.1201
2021-06-21T04:00:00Z,51.92,52.76,51.9101,52.76,83187,860,52.5001
2021-06-22T04:00:00Z,52.83,53.079,52.55,52.96,184144,1046,52.8604
2021-06-23T04:00:00Z,52.96,53.01,52.63,52.71,118792,1294,52.8604
2021-06-24T04:00:00Z,52.97,52.97,52.5,52.93,431998,3206,52.6928
2021-06-25T04:00:00Z,53.04,53.3,53.0263,53.16,133909,1416,53.1781
2021-06-28T04:00:00Z,53.25,53.52,53.05,53.5,143087,1159,53.3567
2021-06-29T04:00:00Z,53.64,53.71,53.4,53.49,104035,1282,53.5534
2021-06-30T04:00:00Z,53.49,53.608,53.25,53.52,92679,1080,53.4109
2021-07-01T04:00:00Z,53.84,54,53.6,54,86145,963,53.8844
2021-07-02T04:00:00Z,54.13,54.14,53.82,54.04,95101,887,54.0514
2021-07-06T04:00:00Z,54.1334,54.14,53.47,54.07,97098,1310,53.8791
2021-07-07T04:00:00Z,53.9,54.595,53.9,54.53,105321,1063,54.2894
2021-07-08T04:00:00Z,53.95,54.21,53.6089,53.88,128371,1313,53.9095
2021-07-09T04:00:00Z,54.2,54.66,54.18,54.62,89027,865,54.509
2021-07-12T04:00:00Z,54.6,54.96,54.54,54.94,167958,1301,54.7932
2021-07-13T04:00:00Z,55,55,54.54,54.54,109244,1254,54.7063
2021-07-14T04:00:00Z,54.72,54.87,54.4201,54.54,86795,985,54.553
2021-07-15T04:00:00Z,54.43,54.69,54.27,54.67,164475,813,54.5261
2021-07-16T04:00:00Z,54.8,54.98,54.54,54.58,104937,866,54.7525
2021-07-19T04:00:00Z,54.02,54.1299,53.4,53.8,152166,1646,53.8087
2021-07-20T04:00:00Z,54.07,55.24,54.01,55.01,206947,1197,54.8742
2021-07-21T04:00:00Z,55.25,55.36,54.9783,55.11,168896,1346,55.1321
2021-07-22T04:00:00Z,55.3,55.3,54.84,55.08,159002,1457,55.0662
2021-07-23T04:00:00Z,55.32,55.82,55.19,55.82,334671,2658,55.457
2021-07-26T04:00:00Z,55.95,55.989,55.4201,55.75,143091,1345,55.646
2021-07-27T04:00:00Z,55.76,55.919,55.25,55.83,88661,972,55.6749
2021-07-28T04:00:00Z,55.92,56.13,55.5,55.94,317980,1127,55.808
2021-07-29T04:00:00Z,56.15,56.719,56.15,56.63,141295,1311,56.5815
2021-07-30T04:00:00Z,56.65,56.903,56.5001,56.76,129063,1375,56.7755
2021-08-02T04:00:00Z,57.15,57.26,56.54,56.57,303117,2221,56.8302
2021-08-03T04:00:00Z,56.57,57.46,56.31,57.46,183910,1748,56.9873
2021-08-04T04:00:00Z,57.23,57.54,57.1,57.4,220053,1825,57.3874
2021-08-05T04:00:00Z,57.19,57.2,56.801,57.2,145874,1452,57.0301
2021-08-06T04:00:00Z,57.52,57.5926,57.25,57.31,109170,1337,57.3848
2021-08-09T04:00:00Z,57.41,57.42,57.031,57.15,165082,1516,57.1723
2021-08-10T04:00:00Z,57.37,57.709,57.15,57.43,452792,1876,57.452
2021-08-11T04:00:00Z,57.68,57.75,57.4,57.74,177462,1551,57.5715
2021-08-12T04:00:00Z,57.87,57.89,57.61,57.85,126293,1596,57.7859
2021-08-13T04:00:00Z,57.97,57.99,57.77,57.96,123160,1341,57.8831
2021-08-16T04:00:00Z,58.05,58.27,57.58,58.27,226013,1782,58.0897
2021-08-17T04:00:00Z,58.16,58.16,57.3,57.76,156026,2031,57.6858
2021-08-18T04:00:00Z,57.68,57.8119,57.1103,57.13,286152,2438,57.4394
2021-08-19T04:00:00Z,56.75,57.38,56.63,57.26,194592,1817,57.0949
2021-08-20T04:00:00Z,57.43,57.8,57.27,57.76,141235,1336,57.6542
2021-08-23T04:00:00Z,58,58.13,57.81,57.91,189401,1965,57.9746
2021-08-24T04:00:00Z,58.04,58.11,57.9038,58.06,172349,1415,58.0441
2021-08-25T04:00:00Z,58.1753,58.48,58,58.4,209924,2332,58.3564
2021-08-26T04:00:00Z,58.31,58.475,57.88,58.07,553515,2891,58.2007
2021-08-27T04:00:00Z,58.09,58.74,58.09,58.55,233723,1824,58.5339
2021-08-30T04:00:00Z,58.75,59.19,58.65,59.05,310568,2243,59.0201
2021-08-31T04:00:00Z,59.14,59.1414,58.6033,58.86,238393,2093,58.8506
2021-09-01T04:00:00Z,58.96,59.16,58.5,58.98,162847,1987,58.9
2021-09-02T04:00:00Z,59.1,59.62,59.0801,59.62,281696,2277,59.4169
2021-09-03T04:00:00Z,59.54,59.72,59.2634,59.44,212892,2371,59.4928
2021-09-07T04:00:00Z,59.51,59.51,58.809,58.87,244619,2725,59.0335
2021-09-08T04:00:00Z,58.89,59.31,58.54,59.21,260302,1926,59.0666
2021-09-09T04:00:00Z,59.18,59.4,58.78,58.85,182681,1946,59.0849
2021-09-10T04:00:00Z,59.18,59.2208,58.43,58.47,155805,1839,58.8154
2021-09-13T04:00:00Z,58.89,58.89,57.57,57.85,199824,2599,58.113
2021-09-14T04:00:00Z,58.2,58.25,57.6269,57.81,128646,1515,57.9304
2021-09-15T04:00:00Z,57.75,58.1399,57.3301,57.94,472139,2597,57.6522
2021-09-16T04:00:00Z,58.09,58.09,57.08,57.32,208913,2241,57.3982
2021-09-17T04:00:00Z,57.37,57.37,56.62,56.72,183409,2165,56.8721
2021-09-20T04:00:00Z,55.98,56.5,55.78,56.43,247175,2616,56.1567
2021-09-21T04:00:00Z,56.67,56.68,56.2269,56.23,112893,1515,56.4233
2021-09-22T04:00:00Z,56.58,56.95,56.385,56.64,111550,1313,56.7295
2021-09-23T04:00:00Z,56.99,57.5946,56.7707,57.25,143576,1373,57.2935
2021-09-24T04:00:00Z,57,57.279,56.97,57.16,136270,1740,57.1244
2021-09-27T04:00:00Z,57.12,57.12,56.635,56.71,105870,1408,56.876
2021-09-28T04:00:00Z,56.4,56.55,55.35,55.39,192869,2413,55.6991
2021-09-29T04:00:00Z,55.55,56.08,55.45,55.85,141680,1960,55.8126
2021-09-30T04:00:00Z,56.11,56.19,54.703,54.72,197855,2114,55.3326
2021-10-01T04:00:00Z,54.9,55.4,54.27,55.04,180725,1650,54.808
2021-10-04T04:00:00Z,54.98,55.266,54.35,54.79,400388,2401,54.6632
2021-10-05T04:00:00Z,54.94,55.64,54.7007,55.29,425995,2547,55.1548
2021-10-06T04:00:00Z,54.94,55.31,54.34,55.27,187053,1823,54.8797
2021-10-07T04:00:00Z,55.72,56.22,55.72,55.87,135336,1292,56.0502
2021-10-08T04:00:00Z,55.97,55.98,55.31,55.41,151290,1262,55.5396
2021-10-11T04:00:00Z,55.41,55.5855,54.82,54.82,267627,1387,55.3319
2021-10-12T04:00:00Z,54.93,55.09,54.58,54.71,161629,1656,54.8376
2021-10-13T04:00:00Z,54.82,55.18,54.555,54.96,164596,1765,54.8612
2021-10-14T04:00:00Z,55.5,56.09,55.38,56.05,192685,1847,55.8391
2021-10-15T04:00:00Z,56.41,56.53,56.2,56.21,213675,2209,56.3438
2021-10-18T04:00:00Z,56.01,56.3622,55.66,56.24,202841,2378,56.1556
2021-10-19T04:00:00Z,56.44,56.74,56.35,56.59,131022,1698,56.5597
2021-10-20T04:00:00Z,56.53,57.0597,56.53,56.93,595285,5930,56.8931
2021-10-21T04:00:00Z,56.93,57.1,56.55,57.1,108194,1390,56.8556
2021-10-22T04:00:00Z,57.26,57.64,57.25,57.38,131453,1471,57.4296
2021-10-25T04:00:00Z,57.38,57.91,57.1215,57.66,185023,1738,57.5528
2021-10-26T04:00:00Z,57.83,57.84,57.4,57.42,135594,1889,57.6355
2021-10-27T04:00:00Z,57.41,57.44,56.61,56.65,134918,1855,57.0292
2021-10-28T04:00:00Z,56.89,57.6,56.89,57.6,148326,1334,57.3987
2021-10-29T04:00:00Z,57.47,57.97,57.43,57.95,129527,1461,57.8262
2021-11-01T04:00:00Z,57.97,58.2,57.64,57.96,686593,6539,57.8907
2021-11-02T04:00:00Z,58.01,58.34,57.77,58.31,234217,1956,58.1308
2021-11-03T04:00:00Z,58.18,58.2,57.2673,57.86,220075,2358,57.6409
2021-11-04T04:00:00Z,57.85,58.47,57.69,58.4,335485,1472,58.2532
2021-11-05T04:00:00Z,58.43,58.8,58.231,58.63,121062,1592,58.536
2021-11-08T05:00:00Z,58.92,59.12,58.61,59.12,183476,2073,58.8804
2021-11-09T05:00:00Z,59.17,59.22,58.92,59.17,263474,3076,59.1099
2021-11-10T05:00:00Z,59.14,59.26,58.9301,59.21,362156,2907,59.1172
2021-11-11T05:00:00Z,59.45,59.45,59.031,59.19,87684,1170,59.1961
2021-11-12T05:00:00Z,59.42,59.6884,59.18,59.61,106099,1550,59.469
2021-11-15T05:00:00Z,59.76,59.779,59.1,59.2,128385,1474,59.4505
2021-11-16T05:00:00Z,59.31,59.95,59.2685,59.68,124241,1704,59.6537
2021-11-17T05:00:00Z,59.76,59.85,59.29,59.65,93543,1325,59.4824
2021-11-18T05:00:00Z,59.87,59.903,59.4533,59.81,293829,1956,59.7383
2021-11-19T05:00:00Z,59.82,60.53,59.81,60.34,130728,1778,60.2703
2021-11-22T05:00:00Z,60.45,60.9485,60.08,60.11,211352,2834,60.5386
2021-11-23T05:00:00Z,59.94,60.105,59.45,59.87,162780,2125,59.739
2021-11-24T05:00:00Z,59.76,59.76,59.31,59.59,130506,1479,59.5558
2021-11-26T05:00:00Z,58.87,59.36,58.2572,58.4,136200,1877,58.7654
2021-11-29T05:00:00Z,58.94,59.33,58.57,59.04,139327,1737,58.903
2021-11-30T05:00:00Z,58.8,59.07,57.27,57.34,245063,3254,58.2868
2021-12-01T05:00:00Z,57.91,58.72,56.79,56.82,133949,1838,57.9046
2021-12-02T05:00:00Z,57,58.3299,56.96,58.16,187641,2641,57.8922
2021-12-03T05:00:00Z,58.46,58.463,57.2,57.73,168849,1897,57.5823
2021-12-06T05:00:00Z,58.21,59.01,58.03,58.7,198101,2091,58.5865
2021-12-07T05:00:00Z,59.22,59.949,59.174,59.58,137287,1337,59.6084
2021-12-08T05:00:00Z,59.72,59.91,59.58,59.84,150659,1192,59.7854
2021-12-09T05:00:00Z,59.75,59.81,59.12,59.14,107484,1113,59.4531
2021-12-10T05:00:00Z,59.46,59.5317,59,59.16,101132,1112,59.1934
2021-12-13T05:00:00Z,59.23,59.46,58.97,59.17,138303,1654,59.1996
2021-12-14T05:00:00Z,58.97,59.07,57.99,58.33,128534,1422,58.4424
2021-12-15T05:00:00Z,58.37,59.22,58.25,59.14,119248,1162,58.7268
2021-12-16T05:00:00Z,59.48,59.7,58.81,59.12,156432,1236,59.2709
2021-12-17T05:00:00Z,58.99,59.06,58.12,58.27,132694,1859,58.489
2021-12-20T05:00:00Z,57.5,57.7499,56.62,57.37,238053,2387,57.096
2021-12-21T05:00:00Z,57.93,58.35,57.77,58.32,107519,986,58.0851
2021-12-22T05:00:00Z,58.3,59.04,58.3,59.04,88340,937,58.6987
2021-12-23T05:00:00Z,59.28,59.5547,59.27,59.31,82366,1065,59.3799
2021-12-27T05:00:00Z,59.63,60.12,59.3993,60.12,111881,1492,59.8685
2021-12-28T05:00:00Z,60.22,60.36,60.06,60.29,59278,924,60.2391
2021-12-29T05:00:00Z,60.29,60.85,60.15,60.71,110470,1048,60.5626
2021-12-30T05:00:00Z,60.82,60.99,60.525,60.56,74173,1049,60.7205
2021-12-31T05:00:00Z,60.62,61.109,60.4291,60.84,59469,876,60.7796
2022-01-03T05:00:00Z,61.07,61.07,59.29,59.81,182883,2287,59.8802
2022-01-04T05:00:00Z,59.8901,60.0892,59.58,59.62,121278,1362,59.7965
2022-01-05T05:00:00Z,59.74,59.99,58.51,58.55,240421,2604,59.3366
2022-01-06T05:00:00Z,58.52,58.75,58.15,58.21,106614,1641,58.4538
2022-01-07T05:00:00Z,58.06,58.1299,57.28,57.3,201258,1823,57.5181
2022-01-10T05:00:00Z,57,57.03,55.89,56.8,250295,2981,56.3429
2022-01-11T05:00:00Z,56.97,57.09,56.25,57.06,165053,1806,56.7961
2022-01-12T05:00:00Z,57.36,57.49,56.9001,57.04,149856,2124,57.138
2022-01-13T05:00:00Z,57.25,57.37,56.21,56.34,148826,1554,56.7129
2022-01-14T05:00:00Z,55.97,55.97,54.68,55.22,173771,2335,55.166
2022-01-18T05:00:00Z,54.64,54.72,54.1514,54.48,333415,2752,54.4119
2022-01-19T05:00:00Z,54.5334,55.01,54.12,54.16,218059,2288,54.5281
2022-01-20T05:00:00Z,54.35,54.96,53.52,53.64,161471,1735,54.3304
2022-01-21T05:00:00Z,53.3,53.8661,52.97,53.03,394653,3439,53.3451
2022-01-24T05:00:00Z,52.4,53.43,51.41,53.3,768941,3851,52.024
2022-01-25T05:00:00Z,52.7,52.7,51.55,51.99,289767,3292,52.0428
2022-01-26T05:00:00Z,52.61,53.0495,50.97,51.44,253800,2717,52.1279
2022-01-27T05:00:00Z,51.85,52.2799,50.7301,50.86,223052,2245,51.4441
2022-01-28T05:00:00Z,50.73,51.97,50.33,51.95,161445,2328,50.94
2022-01-31T05:00:00Z,52.0322,52.97,51.69,52.97,260098,2158,52.5866
2022-02-01T05:00:00Z,53.23,53.6,52.56,53.18,195217,2060,53.0103
2022-02-02T05:00:00Z,53.3,53.5597,53.05,53.45,145750,1570,53.3306
2022-02-03T05:00:00Z,53,53.3125,52.64,52.74,237529,1699,53.0243
2022-02-04T05:00:00Z,52.69,52.85,51.77,52.27,123440,1641,52.329
2022-02-07T05:00:00Z,52.29,52.53,51.87,51.99,129564,1663,52.2409
2022-02-08T05:00:00Z,52.06,52.79,51.8001,52.63,132677,1434,52.5074
2022-02-09T05:00:00Z,53,53.43,53,53.36,127477,966,53.2299
2022-02-10T05:00:00Z,52.65,53.1801,51.77,52.04,102289,1415,52.4279
2022-02-11T05:00:00Z,52,52.4001,50.9449,51.25,187663,2170,51.602
2022-02-14T05:00:00Z,51.22,51.7627,51,51.48,233058,1811,51.4157
2022-02-15T05:00:00Z,51.806,52.49,51.77,52.01,149487,1210,52.0471
2022-02-16T05:00:00Z,51.9,52.27,51.49,52.06,111029,1286,51.8075
2022-02-17T05:00:00Z,51.8,51.97,51.33,51.53,90433,1106,51.6725
2022-02-18T05:00:00Z,51.42,51.77,51.15,51.37,184290,1830,51.4584
2022-02-22T05:00:00Z,51.2,51.5289,50.59,50.77,156546,1792,51.0456
2022-02-23T05:00:00Z,50.98,51.2499,49.8333,49.95,180551,1454,50.3965
2022-02-24T05:00:00Z,48.75,50.945,48.6101,50.85,390101,2484,49.676
2022-02-25T05:00:00Z,50.97,52.01,50.75,51.98,144077,1398,51.6409
2022-02-28T05:00:00Z,51.7,51.7199,50.84,51.36,106912,1511,51.3503
2022-03-01T05:00:00Z,51.45,51.627,50.44,50.76,89189,1382,50.8979
2022-03-02T05:00:00Z,51.08,51.98,51.05,51.77,126840,1234,51.6382
2022-03-03T05:00:00Z,52.01,52.32,51.55,51.99,94467,953,52.0007
2022-03-04T05:00:00Z,51.54,51.799,51.038,51.71,129679,1315,51.4813
2022-03-07T05:00:00Z,51.63,51.81,50.2637,50.34,584769,1918,50.8999
2022-03-08T05:00:00Z,50.3,50.64,49.57,49.6,219345,1840,49.9343
2022-03-09T05:00:00Z,50.48,51.23,50.48,50.99,109078,1437,50.896
2022-03-10T05:00:00Z,50.36,50.48,49.83,50.36,127684,1115,50.1577
2022-03-11T05:00:00Z,50.84,51.06,49.93,49.97,87273,1126,50.4286
2022-03-14T04:00:00Z,50.09,50.85,49.91,50.13,78161,913,50.1954
2022-03-15T04:00:00Z,50.39,51.22,50.38,51.19,101234,1077,50.9012
2022-03-16T04:00:00Z,51.59,52.155,51,52.06,111090,1242,51.7233
2022-03-17T04:00:00Z,51.9,52.717,51.8156,52.65,63033,713,52.3892
2022-03-18T04:00:00Z,52.49,53.475,52.459,53.37,103516,937,52.9047
2022-03-21T04:00:00Z,53.31,53.3956,52.77,53.07,110980,1174,53.0618
2022-03-22T04:00:00Z,53.36,53.65,53.2,53.38,90747,884,53.3972
2022-03-23T04:00:00Z,53.02,53.14,52.44,52.44,80629,909,52.7832
2022-03-24T04:00:00Z,52.59,52.74,52.4735,52.74,81640,749,52.63
2022-03-25T04:00:00Z,52.9,52.9565,52.49,52.92,90529,982,52.7914
2022-03-28T04:00:00Z,53.02,53.06,52.57,53.06,78327,1156,52.8307
2022-03-29T04:00:00Z,53.51,54.28,53.51,54.22,177583,1472,54.0167
2022-03-30T04:00:00Z,54.11,54.1699,53.69,53.87,99263,950,53.9029
2022-03-31T04:00:00Z,53.77,53.99,52.98,53.02,75269,1121,53.5376
2022-04-01T04:00:00Z,53.24,53.735,52.98,53.725,77606,1033,53.3517
2022-04-04T04:00:00Z,53.81,53.83,53.26,53.64,87316,1128,53.6086
2022-04-05T04:00:00Z,53.64,53.79,52.76,52.92,124473,1172,53.3027
2022-04-06T04:00:00Z,52.35,52.68,52.07,52.6,148434,1338,52.3699
2022-04-07T04:00:00Z,52.53,53.37,52.47,53.2,100746,1273,53.1197
2022-04-08T04:00:00Z,53.19,53.57,52.88,53,140317,1004,53.2252
2022-04-11T04:00:00Z,52.76,52.95,52.41,52.44,72816,1143,52.6435
2022-04-12T04:00:00Z,52.72,53.23,51.98,52.08,107646,1259,52.5505
2022-04-13T04:00:00Z,52.12,52.4,51.94,52.3,96337,1073,52.2657
2022-04-14T04:00:00Z,52.34,52.64,51.35,51.38,73999,937,51.8062
2022-04-18T04:00:00Z,51.27,51.39,50.48,50.73,95932,1253,50.9335
2022-04-19T04:00:00Z,50.76,51.85,50.76,51.77,98173,1502,51.597
2022-04-20T04:00:00Z,52.11,52.93,52.11,52.6,83412,1542,52.6033
2022-04-21T04:00:00Z,53.01,53.11,51.87,52.05,81340,1254,52.4774
2022-04-22T04:00:00Z,51.95,51.95,50.82,50.83,130028,1920,51.2918
2022-04-25T04:00:00Z,50.66,50.72,49.56,50.72,128119,1710,50.1666
2022-04-26T04:00:00Z,50.45,50.49,49.3,49.3,159086,2660,49.7746
2022-04-27T04:00:00Z,49.45,49.9183,49.22,49.37,144492,1515,49.5344
2022-04-28T04:00:00Z,49.66,50.41,49.1607,50.21,91232,1292,49.9741
2022-04-29T04:00:00Z,49.83,50.2,48.68,48.75,181287,1940,49.2709
2022-05-02T04:00:00Z,48.71,49.2,47.71,48.59,243136,2185,48.4327
2022-05-03T04:00:00Z,48.6,49.16,48.48,48.73,162020,1489,48.7874
2022-05-04T04:00:00Z,48.8,50.75,48.7631,50.66,92616,1059,49.5671
2022-05-05T04:00:00Z,50.12,50.21,48.3,48.74,81732,1203,48.9537
2022-05-06T04:00:00Z,48.32,48.43,47.52,48.21,171309,2125,48.0687
2022-05-09T04:00:00Z,47.61,47.8401,47.14,47.34,119927,1619,47.4766
2022-05-10T04:00:00Z,47.91,48.06,46.38,46.9,135047,1550,47.0155
2022-05-11T04:00:00Z,46.8,47.49,46.35,46.46,109095,1136,46.9179
2022-05-12T04:00:00Z,46.13,46.9661,46.0806,46.9,140467,1516,46.557
2022-05-13T04:00:00Z,47.37,48.05,47.25,47.7,70957,880,47.6932
2022-05-16T04:00:00Z,47.6,47.6,46.946,47.28,53551,730,47.3387
2022-05-17T04:00:00Z,47.95,48.17,47.56,48.15,64501,751,47.9343
2022-05-18T04:00:00Z,47.735,47.8,46.5301,46.68,67326,805,47.0249
2022-05-19T04:00:00Z,46.46,47.44,46.3015,47.25,161584,1353,46.7587
2022-05-20T04:00:00Z,47.66,47.68,46.41,47.31,165028,1309,46.9983
2022-05-23T04:00:00Z,47.76,47.84,47.32,47.75,66214,695,47.6623
2022-05-24T04:00:00Z,47.5,47.8,46.77,47.66,91774,1049,47.2496
2022-05-25T04:00:00Z,47.57,47.68,47.02,47.51,74306,849,47.4257
2022-05-26T04:00:00Z,47.5,48.51,47.5,48.33,159135,857,47.7262
2022-05-27T04:00:00Z,48.64,49.52,48.52,49.52,62415,714,49.1394
2022-05-31T04:00:00Z,49.33,49.33,48.5754,49.04,75917,816,48.9294
2022-06-01T04:00:00Z,49.35,49.43,48.41,48.9,78745,780,48.932
2022-06-02T04:00:00Z,49.16,50.53,49.11,50.5,61877,803,49.7918
2022-06-03T04:00:00Z,50.05,50.3,49.88,50.09,52638,825,50.0304
2022-06-06T04:00:00Z,50.35,50.47,49.96,50.03,98791,930,50.2401
2022-06-07T04:00:00Z,49.51,50.41,49.51,50.35,83616,889,49.8702
2022-06-08T04:00:00Z,50.13,50.13,49.1482,49.3,78998,948,49.6434
2022-06-09T04:00:00Z,49.1,49.3747,48.55,48.55,56029,790,49.0402
2022-06-10T04:00:00Z,47.74,47.74,47,47.12,76199,1190,47.2931
2022-06-13T04:00:00Z,46.06,46.26,45.16,45.34,130293,1945,45.682
2022-06-14T04:00:00Z,45.48,45.49,44.4218,44.8,90965,1191,44.8828
2022-06-15T04:00:00Z,45.21,45.7776,44.54,45.2,89521,1397,45.1519
2022-06-16T04:00:00Z,44.32,44.32,43.2201,43.41,117432,1611,43.612
2022-06-17T04:00:00Z,43.69,44.04,43.28,43.51,110772,968,43.6831
2022-06-21T04:00:00Z,44.03,44.17,43.61,44.04,144880,1271,43.9918
2022-06-22T04:00:00Z,43.57,44.689,43.57,44.37,74381,631,44.3508
2022-06-23T04:00:00Z,44.47,45.3022,44.47,45.25,80427,670,44.9176
2022-06-24T04:00:00Z,45.71,46.75,45.65,46.75,64748,784,46.2632
2022-06-27T04:00:00Z,46.88,47.045,46.4816,46.76,34773,558,46.762
2022-06-28T04:00:00Z,46.91,47.14,45.91,45.92,109623,824,46.5808
2022-06-29T04:00:00Z,45.97,46.0612,45.52,46,152307,616,45.8793
2022-06-30T04:00:00Z,45.54,46.44,45.285,46.22,124599,654,45.9221
2022-07-01T04:00:00Z,46.22,47.0264,46.185,46.95,54353,562,46.7313
2022-07-05T04:00:00Z,46.32,46.79,45.73,46.77,92899,1043,46.2123
2022-07-06T04:00:00Z,46.83,47.43,46.7,47.18,55297,711,47.1292
2022-07-07T04:00:00Z,47.35,47.94,47.35,47.87,70868,705,47.7198
2022-07-08T04:00:00Z,47.7,47.8,47.24,47.32,81512,679,47.4504
2022-07-11T04:00:00Z,47.16,47.3,46.91,47.01,50978,592,47.0596
2022-07-12T04:00:00Z,46.93,47.27,46.12,46.34,105987,789,46.8586
2022-07-13T04:00:00Z,45.69,46.36,45.54,46.1,149678,699,45.7622
2022-07-14T04:00:00Z,45.55,45.87,45.055,45.82,86600,756,45.312
2022-07-15T04:00:00Z,46.36,46.9753,46.25,46.83,57708,772,46.7064
2022-07-18T04:00:00Z,47.07,47.07,45.97,46.13,72459,849,46.6836
2022-07-19T04:00:00Z,46.52,47.75,46.52,47.69,73992,932,47.28
2022-07-20T04:00:00Z,47.79,48.25,47.7497,48.1,73422,756,48.0602
2022-07-21T04:00:00Z,48.34,49.26,48.34,49.23,65166,900,48.7554
2022-07-22T04:00:00Z,49.38,49.58,48.9101,49.24,50699,728,49.2901
2022-07-25T04:00:00Z,49.44,49.44,48.9952,49.38,86767,797,49.3017
2022-07-26T04:00:00Z,49.06,49.6999,49.0323,49.6,132454,556,49.3541
2022-07-27T04:00:00Z,49.83,50.42,49.59,50.27,104415,1027,49.8694
2022-07-28T04:00:00Z,50.47,51.64,50.43,51.62,97464,801,51.2536
2022-07-29T04:00:00Z,51.68,52.35,51.58,52.17,126507,1709,52.1003
2022-08-01T04:00:00Z,51.87,52.23,51.67,52.05,117159,859,52.008
2022-08-02T04:00:00Z,52,52.33,51.63,51.63,64842,661,52.0707
2022-08-03T04:00:00Z,51.89,52.3401,51.58,52.27,78608,1042,52.0478
2022-08-04T04:00:00Z,52.35,52.69,52.16,52.64,312054,903,52.5998
2022-08-05T04:00:00Z,52.19,52.36,51.66,52.36,85491,1021,52.048
2022-08-08T04:00:00Z,52.51,52.93,52.3978,52.55,103046,919,52.618
2022-08-09T04:00:00Z,52.53,52.53,51.8493,51.95,110945,606,52.104
2022-08-10T04:00:00Z,52.92,53.25,52.8098,53.25,80309,987,53.0663
2022-08-11T04:00:00Z,53.5,53.9156,53.22,53.23,50099,749,53.5542
2022-08-12T04:00:00Z,53.5,54.26,53.4,54.26,67252,748,53.8787
2022-08-15T04:00:00Z,54.03,54.67,53.82,54.57,150472,965,54.4765
2022-08-16T04:00:00Z,54.41,54.725,54.211,54.55,233695,1163,54.5535
2022-08-17T04:00:00Z,54.21,54.2595,53.8,54.07,144343,1277,53.9817
2022-08-18T04:00:00Z,54.16,54.28,53.9,54.22,77644,866,54.1274
2022-08-19T04:00:00Z,53.85,53.85,53.2,53.37,62762,1007,53.5458
2022-08-22T04:00:00Z,52.8,52.8488,52.18,52.24,75354,917,52.5298
2022-08-23T04:00:00Z,52.18,52.267,51.72,51.98,59156,810,52.0013
2022-08-24T04:00:00Z,51.99,52.25,51.88,52.17,70905,780,52.1022
2022-08-25T04:00:00Z,52.51,52.8,52.2,52.8,107624,849,52.4915
2022-08-26T04:00:00Z,52.87,52.87,50.86,50.89,78362,1150,51.6761
2022-08-29T04:00:00Z,50.45,50.93,50.35,50.61,494357,4236,50.6653
2022-08-30T04:00:00Z,50.62,50.8979,49.961,50.15,99957,1111,50.2687
2022-08-31T04:00:00Z,50.32,50.49,49.6,49.68,97894,1016,49.9229
2022-09-01T04:00:00Z,49.41,49.81,49.04,49.8,141528,1490,49.5551
2022-09-02T04:00:00Z,50.31,50.4643,49.08,49.33,116911,1157,50.0143
2022-09-06T04:00:00Z,49.52,49.66,49.1627,49.44,123058,998,49.4289
2022-09-07T04:00:00Z,49.42,50.7699,49.42,50.73,67644,903,50.1351
2022-09-08T04:00:00Z,50.425,51.18,50.3,51.14,79399,786,50.8921
2022-09-09T04:00:00Z,51.43,51.77,51.32,51.67,117907,866,51.6622
2022-09-12T04:00:00Z,51.9,52.1688,51.735,52.1,89661,1191,51.9963
2022-09-13T04:00:00Z,51.12,51.12,50.11,50.26,184740,1261,50.7455
2022-09-14T04:00:00Z,50.33,50.51,49.88,50.29,69022,770,50.2359
2022-09-15T04:00:00Z,50.21,50.49,49.4191,49.54,67224,921,49.8885
2022-09-16T04:00:00Z,48.98,49.09,48.46,48.8,480924,1521,48.677
2022-09-19T04:00:00Z,48.43,49.5,48.43,49.5,211569,1046,49.0356
2022-09-20T04:00:00Z,49.08,49.08,48.1879,48.57,76472,1160,48.4535
2022-09-21T04:00:00Z,48.88,49.38,47.99,47.99,62458,844,48.6575
2022-09-22T04:00:00Z,47.88,47.88,47.31,47.37,143036,866,47.4911
2022-09-23T04:00:00Z,46.92,47.0227,46.22,46.86,153247,1162,46.613
2022-09-26T04:00:00Z,46.54,47.125,46.1863,46.37,84503,1018,46.5176
2022-09-27T04:00:00Z,46.78,46.91,45.58,45.85,110920,1402,46.0025
2022-09-28T04:00:00Z,46.21,47.22,46.13,46.99,187948,1345,46.518
2022-09-29T04:00:00Z,46.5,46.67,45.86,46.12,109526,736,46.1383
2022-09-30T04:00:00Z,46.21,46.74,45.67,45.75,76287,780,46.2233
2022-10-03T04:00:00Z,46.31,47.69,46.195,47.44,96212,1131,47.1027
2022-10-04T04:00:00Z,48.2,48.86,48.14,48.86,82742,923,48.6083
2022-10-05T04:00:00Z,48.3,48.92,47.91,48.54,70891,682,48.5448
2022-10-06T04:00:00Z,48.4,48.62,47.94,48.03,49155,550,48.231
2022-10-07T04:00:00Z,47.57,47.69,46.41,46.7,85800,1186,46.8244
2022-10-10T04:00:00Z,46.76,46.93,46.31,46.57,50222,574,46.6535
2022-10-11T04:00:00Z,46.43,47.08,46.1399,46.57,73238,978,46.631
2022-10-12T04:00:00Z,46.6,46.7,45.87,45.91,106867,968,46.1041
2022-10-13T04:00:00Z,45.08,46.95,44.72,46.68,302394,2326,45.7278
2022-10-14T04:00:00Z,47.08,47.29,45.65,45.7,86468,743,46.0949
2022-10-17T04:00:00Z,46.48,47.36,46.48,47.21,96160,938,47.1208
2022-10-18T04:00:00Z,48.2,48.44,47.59,48.03,103495,1118,48.0467
2022-10-19T04:00:00Z,47.55,47.62,46.76,47.28,239852,1566,47.1704
2022-10-20T04:00:00Z,47.03,47.259,45.8537,45.93,137360,1208,46.4755
2022-10-21T04:00:00Z,46.01,47.14,45.62,47.03,158993,1462,46.6603
2022-10-24T04:00:00Z,47.38,47.932,47.1893,47.76,71340,900,47.6227
2022-10-25T04:00:00Z,47.78,48.97,47.78,48.86,102347,1084,48.5928
2022-10-26T04:00:00Z,48.87,49.57,48.81,49.01,87790,899,49.2367
2022-10-27T04:00:00Z,49.24,49.82,49.14,49.36,153578,1312,49.4922
2022-10-28T04:00:00Z,49.55,50.49,49.55,50.42,58676,835,50.0721
2022-10-31T04:00:00Z,50.24,50.5944,50.01,50.41,159787,1285,50.3463
2022-11-01T04:00:00Z,50.74,50.76,49.72,50.21,68987,847,50.3025
2022-11-02T04:00:00Z,50.18,50.45,48.68,48.69,41458,621,49.8131
2022-11-03T04:00:00Z,47.97,48.45,47.43,48.12,91914,846,48.0138
2022-11-04T04:00:00Z,48.85,48.9383,48.05,48.81,51385,628,48.5983
2022-11-07T05:00:00Z,49.04,49.37,48.7,49.31,68680,756,49.0644
2022-11-08T05:00:00Z,49.56,50.1422,49.245,49.78,78069,713,49.7818
2022-11-09T05:00:00Z,49.35,49.8099,48.92,49.01,108409,681,49.3898
2022-11-10T05:00:00Z,50.55,52.38,50.55,52.3,119874,1425,51.565
2022-11-11T05:00:00Z,52.29,52.92,52.24,52.5,50691,707,52.5088
2022-11-14T05:00:00Z,52.31,52.625,51.86,51.86,125418,785,52.2659
2022-11-15T05:00:00Z,52.73,52.94,52.18,52.67,49938,719,52.5798
2022-11-16T05:00:00Z,52.59,52.74,52.11,52.26,78154,915,52.334
2022-11-17T05:00:00Z,51.62,51.64,50.87,51.52,110885,1121,51.3236
2022-11-18T05:00:00Z,52,52.33,51.79,52.18,71396,633,51.9786
2022-11-21T05:00:00Z,52.19,52.58,52.1,52.3,62147,684,52.3565
2022-11-22T05:00:00Z,52.62,52.87,52.375,52.84,48030,688,52.5862
2022-11-23T05:00:00Z,52.84,53.19,52.8,53.01,72242,911,53.0293
2022-11-25T05:00:00Z,53.02,53.4199,53.02,53.35,19157,364,53.2019
2022-11-28T05:00:00Z,52.86,52.95,51.88,52.08,193372,956,52.4476
2022-11-29T05:00:00Z,52.04,52.04,51.58,51.73,69121,859,51.8412
2022-11-30T05:00:00Z,51.75,53.36,51.52,53.36,65630,967,52.3101
2022-12-01T05:00:00Z,53.59,54.09,53.45,53.76,88804,840,53.6823
2022-12-02T05:00:00Z,53.12,53.965,52.98,53.66,56750,741,53.4604
2022-12-05T05:00:00Z,53.43,53.43,52.6,52.74,127972,852,52.7476
2022-12-06T05:00:00Z,52.85,52.85,52.05,52.45,73056,727,52.4589
2022-12-07T05:00:00Z,52.4,53.02,52.395,52.56,69496,697,52.5813
2022-12-08T05:00:00Z,52.82,53.0582,52.558,52.8,95646,842,52.749
2022-12-09T05:00:00Z,52.72,53.1224,52.62,52.63,44330,678,52.8116
2022-12-12T05:00:00Z,52.71,53.19,52.71,53.19,40615,635,52.8689
2022-12-13T05:00:00Z,54.3,54.75,53.405,53.8,85790,894,53.9529
2022-12-14T05:00:00Z,53.7,54.2299,53.18,53.47,55332,745,53.949
2022-12-15T05:00:00Z,52.81,52.95,51.8846,52.02,101379,1110,52.1677
2022-12-16T05:00:00Z,51.42,51.6637,50.9,51.215,98842,951,51.1777
2022-12-19T05:00:00Z,51.21,51.48,50.59,50.76,57954,699,51.0481
2022-12-20T05:00:00Z,50.62,51.11,50.52,50.91,162666,1131,50.881
2022-12-21T05:00:00Z,51.14,51.825,51.04,51.72,73943,795,51.483
2022-12-22T05:00:00Z,51.37,51.37,50.4,51.25,84865,607,50.8649
2022-12-23T05:00:00Z,51.33,51.57,51.1324,51.57,68198,630,51.3794
2022-12-27T05:00:00Z,51.55,51.88,51.28,51.79,59099,745,51.6848
2022-12-28T05:00:00Z,51.89,52.26,51.1,51.16,68965,741,51.503
2022-12-29T05:00:00Z,51.42,52.27,51.4183,52.12,73947,737,52.0161
2022-12-30T05:00:00Z,51.79,51.86,51.095,51.54,70476,1002,51.4643
2023-01-03T05:00:00Z,51.75,52.015,51.1701,51.53,127696,658,51.4965
2023-01-04T05:00:00Z,51.87,52.58,51.87,52.27,121308,901,52.1543
2023-01-05T05:00:00Z,51.94,52.06,51.3101,51.45,41137,595,51.5816
2023-01-06T05:00:00Z,51.96,52.51,51.53,52.41,73110,821,52.1849
2023-01-09T05:00:00Z,52.52,53.23,52.35,52.5,96705,990,52.7419
2023-01-10T05:00:00Z,52.32,53.27,52.26,53.27,80267,871,52.9866
2023-01-11T05:00:00Z,53.25,54,53.25,54,54864,771,53.6734
2023-01-12T05:00:00Z,54.12,54.2728,53.6875,54.06,72980,808,54.0534
2023-01-13T05:00:00Z,53.65,54.39,53.65,54.29,46828,731,54.0412
2023-01-17T05:00:00Z,54.28,54.6,53.86,53.91,114484,1678,54.1982
2023-01-18T05:00:00Z,54.17,54.3001,53.06,53.14,55138,802,53.602
2023-01-19T05:00:00Z,52.95,52.95,52.08,52.1,100819,924,52.4704
2023-01-20T05:00:00Z,52.1,52.94,51.8946,52.94,55927,593,52.4108
2023-01-23T05:00:00Z,52.81,53.43,52.6853,53.2,77018,914,53.1125
2023-01-24T05:00:00Z,53.05,53.53,52.81,53.36,69053,748,53.2538
2023-01-25T05:00:00Z,52.94,53.29,52.6043,53.27,83361,818,52.9107
2023-01-26T05:00:00Z,53.48,53.5,52.9307,53.38,68761,646,53.2188
2023-01-27T05:00:00Z,53.09,53.77,52.971,53.51,140567,1004,53.2461
2023-01-30T05:00:00Z,53.36,53.62,52.72,52.73,64302,971,53.0984
2023-01-31T05:00:00Z,53.05,54.41,53.05,54.37,250500,1876,53.8996
2023-02-01T05:00:00Z,54.19,55.555,54.1,55.18,345603,2344,54.3602
2023-02-02T05:00:00Z,55.19,55.77,55.18,55.5,327570,1367,55.3746
2023-02-03T05:00:00Z,54.95,55.31,54.8,55.05,67762,1041,55.1029
2023-02-06T05:00:00Z,54.64,54.77,54.23,54.39,828769,2461,54.4123
2023-02-07T05:00:00Z,54.39,54.8401,53.83,54.78,264739,1056,54.3761
2023-02-08T05:00:00Z,54.64,54.72,54.1,54.22,223445,1036,54.4252
2023-02-09T05:00:00Z,54.55,54.75,53.42,53.56,111968,1171,53.9197
2023-02-10T05:00:00Z,53.35,53.74,53.3,53.68,79220,796,53.5436
2023-02-13T05:00:00Z,53.8,54.35,53.8,54.35,109620,1217,54.2298
2023-02-14T05:00:00Z,54.22,54.6599,53.87,54.5,77021,876,54.3241
2023-02-15T05:00:00Z,54.29,54.905,54.16,54.85,103941,1367,54.6648
2023-02-16T05:00:00Z,54.22,54.73,54.0001,54.34,53982,789,54.4287
2023-02-17T05:00:00Z,54.16,54.77,54.1001,54.73,123871,1375,54.5449
2023-02-21T05:00:00Z,54.17,54.17,53.2941,53.37,65270,887,53.6663
2023-02-22T05:00:00Z,53.41,53.74,53.18,53.33,43605,741,53.4064
2023-02-23T05:00:00Z,53.69,53.76,52.97,53.43,64438,871,53.3498
2023-02-24T05:00:00Z,52.79,53.0464,52.46,52.91,45333,714,52.8025
2023-02-27T05:00:00Z,53.25,53.7599,52.79,52.92,80110,730,53.2306
2023-02-28T05:00:00Z,52.92,53.4162,52.8223,53,50857,668,53.1832
2023-03-01T05:00:00Z,52.76,53.09,52.55,52.72,112466,710,52.707
2023-03-02T05:00:00Z,52.58,53.36,52.31,53.23,140754,1166,52.9643
2023-03-03T05:00:00Z,53.4,53.8,53.0699,53.76,30808,568,53.557
2023-03-06T05:00:00Z,53.89,54.05,53.2238,53.37,119029,1121,53.538
2023-03-07T05:00:00Z,53.14,53.2102,52.37,52.41,75100,753,52.6293
2023-03-08T05:00:00Z,52.42,52.9,52.39,52.87,31740,652,52.6957
2023-03-09T05:00:00Z,52.86,53.1853,52.2,52.2,58592,691,52.8072
2023-03-10T05:00:00Z,52.12,52.17,50.7649,51.14,144104,1980,51.5139
2023-03-13T04:00:00Z,50.57,51.5781,50.57,51.06,68283,842,51.1251
2023-03-14T04:00:00Z,51.6,52.2752,51.38,51.95,66903,989,51.7685
2023-03-15T04:00:00Z,51.24,51.24,50.3715,51.03,76802,911,50.8887
2023-03-16T04:00:00Z,50.63,51.7122,50.62,51.62,28417,730,51.3228
2023-03-17T04:00:00Z,51.08,51.24,50.3883,50.61,100320,1219,50.71
2023-03-20T04:00:00Z,50.68,51.5198,50.68,51.29,72689,995,51.1652
2023-03-21T04:00:00Z,51.81,51.965,51.28,51.61,43836,657,51.6285
2023-03-22T04:00:00Z,51.64,52.095,50.88,50.88,49475,693,51.5591
2023-03-23T04:00:00Z,51.19,51.6,50.43,50.79,184059,1910,51.1166
2023-03-24T04:00:00Z,50.56,51.37,50.2,51.32,92733,1452,50.8101
2023-03-27T04:00:00Z,51.62,51.915,51.47,51.64,166454,602,51.7078
2023-03-28T04:00:00Z,51.45,52.12,51.45,51.84,71054,870,51.8482
2023-03-29T04:00:00Z,52.38,52.4,52.0455,52.38,78393,935,52.2704
2023-03-30T04:00:00Z,52.79,52.8699,52.46,52.6,75776,781,52.6225
2023-03-31T04:00:00Z,52.69,53.38,52.69,53.35,65078,761,52.9664
2023-04-03T04:00:00Z,53.14,53.33,52.77,53.15,74122,1150,53.0549
2023-04-04T04:00:00Z,53.09,53.23,51.8496,51.98,72478,865,52.3383
2023-04-05T04:00:00Z,51.69,51.88,51.36,51.6,65404,673,51.6252
2023-04-06T04:00:00Z,51.58,51.6,51.2309,51.57,43854,637,51.4614
2023-04-10T04:00:00Z,51.26,51.97,51.26,51.97,61545,938,51.6435
2023-04-11T04:00:00Z,52.01,52.53,52.01,52.31,51953,742,52.3804
2023-04-12T04:00:00Z,52.68,52.9099,52.35,52.44,59404,768,52.5999
2023-04-13T04:00:00Z,52.59,52.92,52.17,52.92,108969,792,52.5267
2023-04-14T04:00:00Z,52.76,53.12,52.2,52.45,43406,658,52.553
2023-04-17T04:00:00Z,52.38,52.69,52.21,52.69,78488,791,52.4989
2023-04-18T04:00:00Z,52.84,53.0567,52.31,52.47,41827,783,52.5773
2023-04-19T04:00:00Z,52.19,52.55,52.19,52.51,36848,606,52.3809
2023-04-20T04:00:00Z,52.02,52.75,52,52.59,45530,655,52.5151
2023-04-21T04:00:00Z,52.61,52.95,52.576,52.93,41199,559,52.8032
2023-04-24T04:00:00Z,52.96,53.31,52.96,53.09,45287,633,53.0857
2023-04-25T04:00:00Z,52.62,52.7803,51.94,51.95,54033,678,52.3572
2023-04-26T04:00:00Z,51.65,51.83,51.16,51.27,94534,903,51.527
2023-04-27T04:00:00Z,51.44,52.35,51.3703,52.35,43513,613,51.8169
2023-04-28T04:00:00Z,52.23,52.795,52.23,52.58,46221,624,52.5508
2023-05-01T04:00:00Z,52.57,53.2983,52.57,52.92,61695,846,52.9672
2023-05-02T04:00:00Z,52.77,52.92,52.0256,52.84,39021,708,52.6209
2023-05-03T04:00:00Z,52.92,53.64,52.92,52.99,105388,723,53.3356
2023-05-04T04:00:00Z,52.85,53.18,52.66,52.97,57768,810,52.9525
2023-05-05T04:00:00Z,53.36,53.94,53.35,53.82,63066,863,53.6471
2023-05-08T04:00:00Z,53.73,54,53.34,53.51,60459,798,53.5579
2023-05-09T04:00:00Z,53.39,53.437,53.11,53.33,41852,559,53.3078
2023-05-10T04:00:00Z,53.71,53.87,52.95,53.55,51917,683,53.3135
2023-05-11T04:00:00Z,53.25,53.39,52.88,53.14,39930,542,53.1042
2023-05-12T04:00:00Z,53.21,53.62,52.831,53.16,53597,621,53.069
2023-05-15T04:00:00Z,53.21,53.4299,53.07,53.35,62699,599,53.2294
2023-05-16T04:00:00Z,53.08,53.11,52.53,52.54,47214,766,52.7522
2023-05-17T04:00:00Z,52.76,53.08,52.4,52.97,28679,471,52.723
2023-05-18T04:00:00Z,52.74,53.6,52.74,53.54,32873,585,53.3039
2023-05-19T04:00:00Z,53.63,53.82,53.26,53.32,35777,529,53.4968
2023-05-22T04:00:00Z,53.27,53.71,53.27,53.54,43786,567,53.4845
2023-05-23T04:00:00Z,53.28,53.5237,52.77,52.78,183878,1458,53.0675
2023-05-24T04:00:00Z,52.58,52.58,51.93,52.07,214182,1983,52.1112
2023-05-25T04:00:00Z,52.09,52.3,51.75,52.19,222764,1485,52.1419
2023-05-26T04:00:00Z,52.22,52.7462,52.19,52.69,44966,624,52.4662
2023-05-30T04:00:00Z,52.87,52.94,52.35,52.35,40346,595,52.6732
2023-05-31T04:00:00Z,52.32,52.42,51.815,52.05,107273,1182,52.0718
2023-06-01T04:00:00Z,52.14,52.5919,51.76,52.49,60775,764,52.2602
2023-06-02T04:00:00Z,52.91,54.14,52.91,54.11,72025,1143,53.7312
2023-06-05T04:00:00Z,54.01,54.01,53.41,53.8,74520,891,53.7728
2023-06-06T04:00:00Z,53.78,54.4082,53.6168,54.22,110410,881,54.1046
2023-06-07T04:00:00Z,54.34,54.91,54.34,54.9,64053,850,54.74
2023-06-08T04:00:00Z,54.86,54.89,54.41,54.69,154294,842,54.6678
2023-06-09T04:00:00Z,54.68,54.68,54.26,54.53,72891,887,54.5068
2023-06-12T04:00:00Z,54.58,54.65,54.28,54.58,72504,949,54.5302
2023-06-13T04:00:00Z,54.73,55.28,54.65,55.24,86114,928,55.1472
2023-06-14T04:00:00Z,55.41,55.54,54.83,55.07,118974,933,55.1635
2023-06-15T04:00:00Z,54.98,55.835,54.8798,55.72,86294,1000,55.4375
2023-06-16T04:00:00Z,55.66,55.9699,55.55,55.69,95571,1013,55.7534
2023-06-20T04:00:00Z,55.31,55.31,54.95,55.24,80686,1089,55.1554
2023-06-21T04:00:00Z,55.14,55.7114,54.92,55.58,45435,810,55.4975
2023-06-22T04:00:00Z,55.49,55.6,55.16,55.28,69568,938,55.2874
2023-06-23T04:00:00Z,55.03,55.34,54.75,54.8,60939,709,54.9941
2023-06-26T04:00:00Z,54.68,55.1699,54.68,54.92,66863,859,54.982
2023-06-27T04:00:00Z,54.94,55.72,54.94,55.67,56620,688,55.394
2023-06-28T04:00:00Z,55.61,55.6299,55.16,55.36,77887,911,55.3076
2023-06-29T04:00:00Z,55.34,55.87,55.04,55.87,44670,675,55.6804
2023-06-30T04:00:00Z,56.17,56.57,56.06,56.39,80747,1165,56.364
2023-07-03T04:00:00Z,56.3,56.3,55.8859,56.28,26834,574,56.2157
2023-07-05T04:00:00Z,55.86,56.01,55.61,55.86,76170,887,55.9233
2023-07-06T04:00:00Z,55.39,55.41,54.92,55.22,76166,920,55.1101
2023-07-07T04:00:00Z,55.12,55.8199,55.12,55.35,253307,834,55.6646
2023-07-10T04:00:00Z,55.2,55.95,55.2,55.91,61059,760,55.7433
2023-07-11T04:00:00Z,55.91,56.5,55.91,56.41,262975,1152,56.2776
2023-07-12T04:00:00Z,56.93,57.21,56.7027,56.97,129958,1213,57.006
2023-07-13T04:00:00Z,57.05,57.1,56.85,56.98,101677,1240,56.9793
2023-07-14T04:00:00Z,56.96,56.989,56.56,56.9,41660,655,56.8022
2023-07-17T04:00:00Z,56.7,57.13,56.62,56.95,94270,971,56.9931
2023-07-18T04:00:00Z,56.88,57.29,56.87,57.23,113433,1191,57.1156
2023-07-19T04:00:00Z,57.3,57.4501,57.0701,57.37,76634,928,57.2341
2023-07-20T04:00:00Z,57.43,57.655,57.1439,57.61,116182,1014,57.5278
2023-07-21T04:00:00Z,57.71,58.27,57.6745,58.16,83208,1070,58.0823
2023-07-24T04:00:00Z,58.26,58.34,57.91,58.21,68528,1059,58.2145
2023-07-25T04:00:00Z,57.83,58.43,57.8,58.24,101734,997,58.2489
2023-07-26T04:00:00Z,57.99,58.42,57.9,58.32,46172,824,58.2353
2023-07-27T04:00:00Z,58.43,58.45,57.5837,57.7,85962,1022,58.0131
2023-07-28T04:00:00Z,57.91,58.035,57.6,57.9,53616,813,57.8377
2023-07-31T04:00:00Z,57.98,58,57.65,57.87,50215,1116,57.8113
2023-08-01T04:00:00Z,57.6,57.97,57.6,57.84,62524,895,57.7198
2023-08-02T04:00:00Z,57.55,58.14,57.55,57.81,60218,1107,57.9288
2023-08-03T04:00:00Z,57.56,57.56,57.14,57.27,86308,888,57.3362
2023-08-04T04:00:00Z,57.31,57.79,57.11,57.23,66570,891,57.3385
2023-08-07T04:00:00Z,57.27,57.92,57.27,57.77,54980,1159,57.7086
2023-08-08T04:00:00Z,57.47,57.71,56.8801,57.63,71005,1212,57.252
2023-08-09T04:00:00Z,57.65,57.73,57.0681,57.11,45784,1016,57.3101
2023-08-10T04:00:00Z,57.27,57.66,56.925,57.06,71456,730,57.1875
2023-08-11T04:00:00Z,56.93,57.3,56.8393,57.15,33164,629,57.1299
2023-08-14T04:00:00Z,56.99,57.4,56.93,57.4,39945,713,57.1948
2023-08-15T04:00:00Z,57.04,57.17,56.73,56.74,76659,830,56.9144
2023-08-16T04:00:00Z,56.69,56.98,56.44,56.44,47688,873,56.6257
2023-08-17T04:00:00Z,56.52,56.55,55.64,55.64,61316,846,56.0648
2023-08-18T04:00:00Z,55.5,55.76,55.26,55.63,50807,736,55.5833
2023-08-21T04:00:00Z,55.59,55.63,55.12,55.49,56365,1094,55.4212
2023-08-22T04:00:00Z,55.71,55.71,55.48,55.64,60983,685,55.5808
2023-08-23T04:00:00Z,55.71,56.1999,55.71,56.15,43879,621,56.0198
2023-08-24T04:00:00Z,56.15,56.47,55.51,55.53,61466,883,55.9098
2023-08-25T04:00:00Z,55.62,56.285,55.58,56.06,54786,705,55.8492
2023-08-28T04:00:00Z,56.25,56.6839,56.25,56.53,45711,937,56.5182
2023-08-29T04:00:00Z,56.54,57.14,56.35,57.13,66013,768,56.9074
2023-08-30T04:00:00Z,57.16,57.6,57.16,57.31,36508,838,57.3534
2023-08-31T04:00:00Z,57.52,57.6099,57.14,57.14,37148,1719,57.2962
2023-09-01T04:00:00Z,57.43,57.69,57.15,57.3,82642,1149,57.308
2023-09-05T04:00:00Z,57.18,57.18,56.05,56.07,75777,1149,56.2944
2023-09-06T04:00:00Z,56.07,56.22,55.555,55.8,51103,956,55.8096
2023-09-07T04:00:00Z,55.44,55.4684,55.01,55.18,79069,1116,55.2448
2023-09-08T04:00:00Z,55.12,55.12,54.55,54.66,49896,1386,54.8035
2023-09-11T04:00:00Z,54.85,55.16,54.77,55.05,84695,2241,54.9641
2023-09-12T04:00:00Z,54.92,54.96,54.55,54.65,80324,1039,54.7348
2023-09-13T04:00:00Z,54.6,54.85,54.45,54.6,79659,997,54.569
2023-09-14T04:00:00Z,54.87,55.15,54.67,55.09,65555,739,54.9714
2023-09-15T04:00:00Z,55.02,55.02,54.57,54.68,74918,802,54.7923
2023-09-18T04:00:00Z,54.58,54.9298,54.48,54.56,30418,734,54.7333
2023-09-19T04:00:00Z,54.6,54.65,54.09,54.42,63786,701,54.3499
2023-09-20T04:00:00Z,54.48,54.88,54.1,54.15,50850,662,54.5207
2023-09-21T04:00:00Z,53.79,53.79,53.11,53.15,73479,1729,53.4294
2023-09-22T04:00:00Z,53.26,53.41,53.05,53.07,62280,1719,53.228
2023-09-25T04:00:00Z,52.9,53.32,52.84,53.28,64343,1763,53.1143
2023-09-26T04:00:00Z,53.12,53.34,52.73,52.79,63877,794,53.0007
2023-09-27T04:00:00Z,52.92,53.38,52.83,53.11,48807,817,53.0582
2023-09-28T04:00:00Z,53.17,53.88,53.17,53.46,40594,658,53.5726
2023-09-29T04:00:00Z,53.72,53.73,53.0311,53.18,47722,704,53.286
2023-10-02T04:00:00Z,53.15,53.18,52.28,52.54,70167,917,52.5968
2023-10-03T04:00:00Z,52.23,52.57,51.842,52,90108,1378,52.0696
2023-10-04T04:00:00Z,52.02,52.7,51.78,52.69,48777,1284,52.2608
2023-10-05T04:00:00Z,52.62,52.7842,52.27,52.53,76163,671,52.5137
2023-10-06T04:00:00Z,52.23,53.2,52.104,52.97,59939,716,52.8055
2023-10-09T04:00:00Z,52.76,53.37,52.655,53.31,33883,588,53.064
2023-10-10T04:00:00Z,53.38,54.08,53.38,53.61,38612,664,53.7345
2023-10-11T04:00:00Z,53.66,54.09,53.66,54.09,63778,1752,53.8736
2023-10-12T04:00:00Z,54.09,54.135,52.92,53.17,82760,1643,53.4316
2023-10-13T04:00:00Z,53.15,53.29,52.39,52.59,52909,903,52.7084
2023-10-16T04:00:00Z,52.87,53.2941,52.75,53.21,49726,1196,53.0365
2023-10-17T04:00:00Z,52.87,53.94,52.8384,53.58,38826,782,53.435
2023-10-18T04:00:00Z,53.21,53.21,51.79,51.79,91440,1138,52.3202
2023-10-19T04:00:00Z,51.85,52.46,51.52,51.62,62298,1569,52.0061
2023-10-20T04:00:00Z,51.49,51.81,51.13,51.16,82944,838,51.4432
2023-10-23T04:00:00Z,51.04,51.3959,50.76,50.82,67885,1563,51.0723
2023-10-24T04:00:00Z,50.86,51.1099,50.65,50.7,43263,811,50.8295
2023-10-25T04:00:00Z,50.42,50.4761,49.83,50.11,124008,1406,50.1659
2023-10-26T04:00:00Z,50.06,50.66,50.04,50.34,33975,621,50.3832
2023-10-27T04:00:00Z,50.33,50.39,49.651,49.77,110222,1503,50.0251
2023-10-30T04:00:00Z,49.98,50.26,49.693,50.11,77474,953,49.975
2023-10-31T04:00:00Z,50.18,50.9,50.18,50.82,74789,2258,50.5932
2023-11-01T04:00:00Z,50.69,51.09,50.38,51.09,90960,1009,50.6631
2023-11-02T04:00:00Z,51.48,52.16,51.44,52.09,59969,1530,51.9535
2023-11-03T04:00:00Z,52.66,53.62,52.66,53.24,85146,2433,53.3335
2023-11-06T05:00:00Z,53.28,53.29,52.7007,52.78,60879,2247,52.8954
2023-11-07T05:00:00Z,52.54,52.86,52.4,52.74,37039,694,52.7336
2023-11-08T05:00:00Z,52.74,52.92,52.4203,52.66,49557,916,52.6249
2023-11-09T05:00:00Z,52.95,53,52.45,52.49,54854,835,52.7615
2023-11-10T05:00:00Z,52.66,53.2,52.5302,53.14,40842,768,52.9464
2023-11-13T05:00:00Z,53.08,53.28,52.94,53.14,72994,1048,53.1546
2023-11-14T05:00:00Z,54.04,55.31,54.04,55.24,110739,1901,54.9499
2023-11-15T05:00:00Z,55.14,55.79,55.14,55.21,135548,1406,55.4576
2023-11-16T05:00:00Z,55.17,55.6487,55.17,55.33,57068,1017,55.3348
2023-11-17T05:00:00Z,55.58,55.58,55.28,55.45,57776,859,55.4118
2023-11-20T05:00:00Z,55.36,55.43,55.12,55.32,85373,1025,55.3069
2023-11-21T05:00:00Z,55.3,55.72,55.3,55.53,74821,1446,55.5615
2023-11-22T05:00:00Z,55.66,56.0562,55.61,55.9,68003,1322,55.8638
2023-11-24T05:00:00Z,55.9,56.18,55.79,56.1,35846,897,56.0874
2023-11-27T05:00:00Z,56,56.29,55.8888,56.16,76323,926,56.1385
2023-11-28T05:00:00Z,56.09,56.2299,55.6181,55.68,45695,1231,55.9296
2023-11-29T05:00:00Z,55.91,56.3042,55.91,55.98,43904,916,56.0759
2023-11-30T05:00:00Z,56.04,56.64,55.85,56.59,57813,1281,56.3288
2023-12-01T05:00:00Z,56.38,57.4,56.38,57.4,78888,1012,57.0925
2023-12-04T05:00:00Z,56.96,57.4825,56.96,57.43,43716,1244,57.309
2023-12-05T05:00:00Z,57.32,57.38,56.92,57.09,49255,1040,57.1216
2023-12-06T05:00:00Z,57.28,57.805,57.28,57.39,83828,861,57.5203
2023-12-07T05:00:00Z,57.25,57.6199,57.14,57.6,50114,1037,57.4102
2023-12-08T05:00:00Z,57.46,57.97,57.46,57.69,64693,1052,57.6667
2023-12-11T05:00:00Z,57.69,58.05,57.69,58.04,87723,1124,57.9095
2023-12-12T05:00:00Z,58.1,58.3742,57.91,58.14,147662,1336,58.1335
2023-12-13T05:00:00Z,58.17,59.21,57.89,59.2,105312,1319,58.4904
2023-12-14T05:00:00Z,59.36,60.33,59.36,60.03,108728,1793,59.898
2023-12-15T05:00:00Z,59.92,60.045,59.4,59.57,51104,1051,59.7148
2023-12-18T05:00:00Z,59.63,59.71,59.18,59.51,68219,1623,59.4985
2023-12-19T05:00:00Z,59.7,60.31,59.7,60.28,84121,1361,60.1275
2023-12-20T05:00:00Z,60.27,60.84,59.665,59.72,108414,1389,60.2704
2023-12-21T05:00:00Z,60.03,60.41,59.83,60.38,107221,2083,60.1322
2023-12-22T05:00:00Z,60.5,60.83,60.49,60.71,61858,1336,60.6741
2023-12-26T05:00:00Z,60.7,61.19,60.6675,61.01,46029,1270,60.8903
2023-12-27T05:00:00Z,60.97,61.32,60.97,61.28,47943,1522,61.1859
2023-12-28T05:00:00Z,61.17,61.3213,61.0805,61.24,60694,1166,61.2108
2023-12-29T05:00:00Z,61.15,61.26,60.75,60.86,38799,859,60.9397
2024-01-02T05:00:00Z,60.53,60.79,60.06,60.38,99445,1707,60.2486
2024-01-03T05:00:00Z,60,60,58.91,58.93,79181,1518,59.339
2024-01-04T05:00:00Z,58.9,59.2,58.7626,58.8,74940,1626,58.9358
2024-01-05T05:00:00Z,58.65,59.1,58.5251,58.67,60290,1189,58.727
2024-01-08T05:00:00Z,58.54,59.23,58.54,59.23,48897,981,58.9027
2024-01-09T05:00:00Z,58.92,59.21,58.7,58.92,81861,1340,59.0509
2024-01-10T05:00:00Z,58.92,59.2199,58.68,59.14,83149,1713,59.0057
2024-01-11T05:00:00Z,59.16,59.18,58.41,59.01,56880,1134,58.7814
2024-01-12T05:00:00Z,59.31,59.45,58.89,59.09,43607,1031,59.0754
2024-01-16T05:00:00Z,58.75,59.1273,58.63,58.87,430663,3963,58.8185
2024-01-17T05:00:00Z,58.52,58.79,58.3199,58.49,59967,1346,58.5231
2024-01-18T05:00:00Z,58.62,59.15,58.59,59.05,110684,2224,58.8459
2024-01-19T05:00:00Z,59.05,59.57,58.76,59.53,49504,996,59.2678
2024-01-22T05:00:00Z,59.63,60.28,59.63,60.19,215081,2385,60.0324
2024-01-23T05:00:00Z,60.28,60.4799,59.75,59.87,61747,1210,59.9722
2024-01-24T05:00:00Z,60.14,60.16,58.8,58.81,47530,949,59.2695
2024-01-25T05:00:00Z,59.26,59.4594,59.05,59.34,47154,972,59.2048
2024-01-26T05:00:00Z,59.58,59.929,59.35,59.41,52985,769,59.5782
2024-01-29T05:00:00Z,59.42,60.12,59.3741,60.09,51220,1653,59.704
2024-01-30T05:00:00Z,59.91,60.4482,59.91,60.42,64021,867,60.2491
2024-01-31T05:00:00Z,60.29,60.29,59.2461,59.26,43579,1264,59.7505
2024-02-01T05:00:00Z,59.47,60.34,59.35,60.32,88737,1061,59.8498
2024-02-02T05:00:00Z,60.12,60.58,59.5681,60.26,45694,785,60.1113
2024-02-05T05:00:00Z,59.9,59.9,59.3,59.52,137630,1977,59.6883
2024-02-06T05:00:00Z,59.54,60.35,59.48,60.33,81644,1200,60.0749
2024-02-07T05:00:00Z,60.61,61.4,60.61,61.09,62216,1285,61.1206
2024-02-08T05:00:00Z,61.24,61.89,61.24,61.86,68294,1429,61.6181
2024-02-09T05:00:00Z,61.88,62.3,61.86,62.2,61847,2054,62.0738
2024-02-12T05:00:00Z,62.21,62.5655,62.03,62.5,70973,2011,62.4017
2024-02-13T05:00:00Z,61.67,61.95,61.05,61.46,48653,1190,61.5378
2024-02-14T05:00:00Z,61.82,62.31,61.62,62.31,81128,1170,61.9595
2024-02-15T05:00:00Z,62.69,63.16,62.545,63.15,75531,1382,62.7549
2024-02-16T05:00:00Z,62.81,63.2815,62.75,62.78,49818,1384,63.0219
2024-02-20T05:00:00Z,62.55,62.71,62.25,62.7,99044,1844,62.5281
2024-02-21T05:00:00Z,62.58,62.76,62.33,62.75,46402,1209,62.5606
2024-02-22T05:00:00Z,63.04,63.32,62.8705,63.23,46821,1039,63.0933
2024-02-23T05:00:00Z,63.33,63.62,63.3,63.47,60231,1203,63.4182
2024-02-26T05:00:00Z,63.5,63.69,63.39,63.52,55252,1128,63.511
2024-02-27T05:00:00Z,63.6,63.78,63.49,63.72,50642,951,63.653
2024-02-28T05:00:00Z,63.61,64.18,63.61,63.98,47981,1374,63.9518
2024-02-29T05:00:00Z,64.19,64.25,63.695,63.91,37846,1239,63.9556
2024-03-01T05:00:00Z,63.92,64.46,63.665,64.43,60546,1115,64.2059
2024-03-04T05:00:00Z,64.43,65.03,64.405,64.82,76908,1636,64.8446
2024-03-05T05:00:00Z,64.25,64.545,63.61,63.73,48272,1222,64.0315
2024-03-06T05:00:00Z,64.02,64.5394,64.02,64.18,141297,1824,64.3158
2024-03-07T05:00:00Z,64.46,64.8,64.4305,64.71,77506,963,64.6237
2024-03-08T05:00:00Z,64.88,65.12,64.36,64.42,52340,1013,64.7139
2024-03-11T04:00:00Z,64.42,64.42,63.772,64.24,57474,2060,64.0463
2024-03-12T04:00:00Z,64.24,64.61,64.1574,64.51,66650,1100,64.3466
2024-03-13T04:00:00Z,64.53,64.8599,64.505,64.68,48658,1100,64.6961
2024-03-14T04:00:00Z,64.7,64.81,63.89,64.27,45849,1189,64.2707
2024-03-15T04:00:00Z,64.17,64.55,64.17,64.37,40593,1019,64.4055
2024-03-18T04:00:00Z,64.39,64.71,64.14,64.14,116257,1452,64.4337
2024-03-19T04:00:00Z,64.22,65.07,64.22,65.06,125663,1624,64.7634
2024-03-20T04:00:00Z,65.09,65.63,64.94,65.54,74803,2061,65.3138
2024-03-21T04:00:00Z,65.53,66.5199,65.53,66.43,52034,2014,66.3244
2024-03-22T04:00:00Z,66.45,66.6433,66.06,66.22,71926,1766,66.1934
2024-03-25T04:00:00Z,66.15,66.25,65.48,65.52,72688,1641,65.8229
2024-03-26T04:00:00Z,65.6,65.7,65.49,65.54,41210,1583,65.6016
2024-03-27T04:00:00Z,65.84,66.4,65.84,66.4,51186,1007,66.0363
2024-03-28T04:00:00Z,66.4,66.7,66.39,66.57,40229,1222,66.542
2024-04-01T04:00:00Z,66.74,66.74,65.86,65.92,54092,1635,66.0633
2024-04-02T04:00:00Z,65.52,65.5799,65.0924,65.32,76015,1704,65.3165
2024-04-03T04:00:00Z,65.15,65.755,65.15,65.53,33931,1172,65.5534
2024-04-04T04:00:00Z,66.03,66.21,65,65.13,59091,1084,65.7376
2024-04-05T04:00:00Z,65.07,65.71,65.015,65.55,38934,1439,65.4872
2024-04-08T04:00:00Z,65.8,65.8378,65.5101,65.63,62162,1440,65.6785
2024-04-09T04:00:00Z,65.79,65.93,65.2406,65.88,39654,1666,65.6552
2024-04-10T04:00:00Z,64.65,64.97,64.5,64.72,59696,1529,64.7229
2024-04-11T04:00:00Z,64.79,64.929,64.2801,64.7,61557,1152,64.6331
2024-04-12T04:00:00Z,64.37,64.48,63.7501,63.96,81827,1125,64.0163
2024-04-15T04:00:00Z,64.44,64.72,63.3656,63.57,88010,1685,63.7918
2024-04-16T04:00:00Z,63.37,63.75,63.0936,63.48,247856,1830,63.3903
2024-04-17T04:00:00Z,63.79,63.79,62.82,63.04,42412,1289,63.1712
2024-04-18T04:00:00Z,63.12,63.62,63.0556,63.13,30506,914,63.3062
2024-04-19T04:00:00Z,63.21,63.53,63.06,63.28,96245,1703,63.2732
2024-04-22T04:00:00Z,63.59,64.06,63.2,63.7,30284,1039,63.575
2024-04-23T04:00:00Z,64.22,65.093,64.22,64.94,64809,1262,64.9028
2024-04-24T04:00:00Z,64.75,65.1,64.3,64.69,40911,1797,64.6451
2024-04-25T04:00:00Z,64.26,64.845,63.65,64.62,48275,1064,64.1534
2024-04-26T04:00:00Z,64.65,64.9278,64.41,64.65,34907,1196,64.765
2024-04-29T04:00:00Z,64.88,65.01,64.66,64.88,38260,1335,64.858
2024-04-30T04:00:00Z,64.9,65.11,64.19,64.21,57374,1361,64.794
2024-05-01T04:00:00Z,64.21,65.35,64.21,64.62,54869,2091,64.5665
2024-05-02T04:00:00Z,65.14,65.51,64.6183,65.43,118348,1776,64.9753
2024-05-03T04:00:00Z,66.15,66.5,65.9065,66.15,110088,1495,66.1407
2024-05-06T04:00:00Z,66.65,66.84,66.4451,66.84,101646,1567,66.6989
2024-05-07T04:00:00Z,66.97,67.31,66.875,67.16,242971,1593,67.23
2024-05-08T04:00:00Z,67.17,67.34,67.05,67.27,129681,2046,67.2191
2024-05-09T04:00:00Z,67.44,67.89,67.29,67.88,103328,1360,67.7169
2024-05-10T04:00:00Z,68.13,68.24,67.92,68.19,67833,1331,68.0851
2024-05-13T04:00:00Z,68.37,68.37,67.72,67.72,103214,1591,68.0128
2024-05-14T04:00:00Z,67.93,68.27,67.85,68.2,135120,1413,68.097
2024-05-15T04:00:00Z,68.64,68.95,68.6391,68.93,86856,1536,68.8354
2024-05-16T04:00:00Z,68.97,68.97,68.36,68.4,78447,1639,68.5031
2024-05-17T04:00:00Z,68.4,68.48,68.1701,68.41,43560,1136,68.2856
2024-05-20T04:00:00Z,68.43,68.76,68.38,68.67,55063,1366,68.613
2024-05-21T04:00:00Z,68.51,68.54,68.23,68.5,37936,1010,68.3697
2024-05-22T04:00:00Z,68.44,68.72,68.0604,68.3,49392,1239,68.3097
2024-05-23T04:00:00Z,68.46,68.46,67.13,67.15,210542,1852,67.2448
2024-05-24T04:00:00Z,67.33,67.525,67.15,67.4,37328,1136,67.3817
2024-05-28T04:00:00Z,67.45,67.45,65.9365,66.04,40781,1397,66.502
2024-05-29T04:00:00Z,65.41,65.41,65.04,65.08,74044,2504,65.2395
2024-05-30T04:00:00Z,64.71,65.34,64.5202,65.34,41364,1142,65.0942
2024-05-31T04:00:00Z,65.64,66.21,65.31,66.21,39479,1036,65.666
2024-06-03T04:00:00Z,66.37,66.37,65.2701,65.73,57692,1541,65.848
2024-06-04T04:00:00Z,65.49,65.49,64.845,65.08,76816,1582,65.0801
2024-06-05T04:00:00Z,65.4,65.84,65,65.84,49166,1326,65.591
2024-06-06T04:00:00Z,65.91,65.96,65.375,65.52,96122,1582,65.5821
2024-06-07T04:00:00Z,65.25,65.6032,65.1781,65.26,63833,1225,65.4103
2024-06-10T04:00:00Z,65.16,65.56,64.92,65.56,80675,1457,65.3527
2024-06-11T04:00:00Z,65.24,65.45,64.93,65.45,32199,1037,65.2387
2024-06-12T04:00:00Z,66.39,66.9364,66.39,66.55,44998,1224,66.707
2024-06-13T04:00:00Z,66.45,66.45,65.67,66.26,40831,1119,65.9871
2024-06-14T04:00:00Z,65.91,65.91,65.06,65.58,58005,1299,65.5017
2024-06-17T04:00:00Z,65.47,66.0759,65.285,65.89,46336,1341,65.7163
2024-06-18T04:00:00Z,65.8,66.5075,65.8,66.39,61990,1154,66.2615
2024-06-20T04:00:00Z,66.11,66.16,65.57,65.75,81928,1506,65.8756
2024-06-21T04:00:00Z,65.61,65.89,65.42,65.88,100361,1532,65.5853
2024-06-24T04:00:00Z,66,66.5185,65.8608,66.08,67554,1584,66.3119
2024-06-25T04:00:00Z,66.02,66.02,64.9,65.01,103581,1642,65.0424
2024-06-26T04:00:00Z,64.84,64.84,64.3921,64.74,54381,1461,64.6838
2024-06-27T04:00:00Z,64.77,65.1799,64.6575,65.09,65551,1134,64.9677
2024-06-28T04:00:00Z,65.3,65.58,64.55,64.91,83214,1304,64.98
2024-07-01T04:00:00Z,64.98,65.05,63.81,63.82,134327,1920,64.1864
2024-07-02T04:00:00Z,63.74,64.12,63.74,63.97,91558,1553,63.9688
2024-07-03T04:00:00Z,64.01,64.44,63.93,64.06,37401,942,64.1116
2024-07-05T04:00:00Z,64.03,64.12,63.45,64.12,62339,2076,63.828
2024-07-08T04:00:00Z,64.27,64.555,64.16,64.29,71286,2144,64.3028
2024-07-09T04:00:00Z,64.29,64.29,63.8101,63.83,50043,1741,63.9924
2024-07-10T04:00:00Z,64.04,64.72,63.97,64.7,66714,1333,64.3265
2024-07-11T04:00:00Z,65.35,66.54,65.35,66.24,84400,1774,66.2524
2024-07-12T04:00:00Z,66.59,67.45,66.59,67.13,139415,2775,67.241
2024-07-15T04:00:00Z,67.39,67.67,67.06,67.17,64388,1390,67.3578
2024-07-16T04:00:00Z,67.51,69.28,67.51,69.25,111960,1543,68.7454
2024-07-17T04:00:00Z,69.06,69.4499,68.62,68.62,66054,1069,69.009
2024-07-18T04:00:00Z,68.5,69.43,68.04,68.15,75101,1529,68.529
2024-07-19T04:00:00Z,68.17,68.17,67.515,67.68,30442,936,67.8177
2024-07-22T04:00:00Z,68.05,68.65,67.57,68.65,82692,1161,67.9976
2024-07-23T04:00:00Z,68.68,68.88,68.47,68.59,39170,1107,68.695
2024-07-24T04:00:00Z,68.15,68.33,67.37,67.39,48180,1022,68.1009
2024-07-25T04:00:00Z,67.39,69.15,67.39,68.26,50715,1222,68.4438
2024-07-26T04:00:00Z,69.04,70.0799,69.04,69.68,57765,1330,69.6399
2024-07-29T04:00:00Z,69.95,69.95,69.41,69.59,65982,1808,69.533
2024-07-30T04:00:00Z,69.55,69.55,68.85,69.28,47833,969,69.2555
2024-07-31T04:00:00Z,69.68,70.4,69.39,69.65,70100,1173,69.8053
2024-08-01T04:00:00Z,69.72,70.27,68.7069,69.26,59807,1269,69.2882
2024-08-02T04:00:00Z,68.49,68.49,67.225,68.03,58085,1647,67.8077
2024-08-05T04:00:00Z,66.83,67.1385,65.6414,66.15,191724,2769,66.3801
2024-08-06T04:00:00Z,66.41,67.6,66.21,66.71,111591,1857,67.1599
2024-08-07T04:00:00Z,67.43,67.73,66.0806,66.17,86004,1581,67.0444
2024-08-08T04:00:00Z,66.58,67.29,66.18,67.27,60329,1293,66.9969
2024-08-09T04:00:00Z,67.31,67.31,66.51,66.9,42384,1020,66.8517
2024-08-12T04:00:00Z,67.1,67.1,66.1707,66.41,45466,1169,66.4391
2024-08-13T04:00:00Z,66.72,67.505,66.44,67.46,81787,1082,66.8616
2024-08-14T04:00:00Z,67.46,67.545,67.201,67.34,33254,955,67.4074
2024-08-15T04:00:00Z,67.93,68.58,67.8,68.38,60786,860,68.3479
2024-08-16T04:00:00Z,68.18,68.4,67.9893,68.15,44398,1114,68.2259
2024-08-19T04:00:00Z,68.28,68.6252,68.265,68.61,39723,1105,68.4674
2024-08-20T04:00:00Z,68.71,68.81,68.16,68.32,35996,1162,68.4425
2024-08-21T04:00:00Z,68.66,69.13,68.445,69.07,44099,1215,68.7462
2024-08-22T04:00:00Z,69.23,69.39,68.6395,68.71,45573,1123,68.941
2024-08-23T04:00:00Z,69.18,69.82,68.95,69.75,38875,1098,69.4894
2024-08-26T04:00:00Z,69.97,70.2626,69.664,69.75,61822,1200,69.89
2024-08-27T04:00:00Z,69.45,69.47,69.07,69.29,41806,1095,69.263
2024-08-28T04:00:00Z,69.44,69.5399,69.05,69.13,32967,1123,69.3239
2024-08-29T04:00:00Z,69.32,69.85,68.98,69.32,54716,1400,69.485
2024-08-30T04:00:00Z,69.56,69.94,69.1,69.84,46589,1273,69.4426
2024-09-03T04:00:00Z,69.41,69.725,68.2,68.51,92117,1950,68.774
2024-09-04T04:00:00Z,68,68.17,67.39,67.64,52774,1507,67.6602
2024-09-05T04:00:00Z,67.28,67.28,66.42,66.77,140933,2001,66.8014
2024-09-06T04:00:00Z,66.77,67.225,66.02,66.09,73727,1644,66.3724
2024-09-09T04:00:00Z,66.35,66.87,66.35,66.65,47307,1250,66.6351
2024-09-10T04:00:00Z,66.77,67.17,66.5526,67.17,47349,1441,66.8878
2024-09-11T04:00:00Z,66.97,67.03,65.67,66.98,96563,2039,66.5015
2024-09-12T04:00:00Z,66.89,67.39,66.64,67.39,70202,1353,67.0834
2024-09-13T04:00:00Z,67.75,68.28,67.52,68.13,109102,1385,68.0908
2024-09-16T04:00:00Z,68.31,68.87,68.31,68.84,38923,1181,68.6498
2024-09-17T04:00:00Z,69.18,69.51,68.94,69.27,112485,1796,69.241
2024-09-18T04:00:00Z,69.27,69.83,68.81,69.01,69004,1734,69.2323
2024-09-19T04:00:00Z,70.04,70.1699,69.58,70.14,50373,1258,69.9685
2024-09-20T04:00:00Z,69.87,69.87,69.2,69.3,62974,1448,69.3493
2024-09-23T04:00:00Z,69.43,69.7899,69.43,69.77,55815,1278,69.615
2024-09-24T04:00:00Z,69.89,70.07,69.77,69.86,86150,1325,69.9088
2024-09-25T04:00:00Z,69.89,69.99,69.28,69.36,39395,1013,69.6273
2024-09-26T04:00:00Z,69.86,70.46,69.86,70.2,46451,1038,70.1239
2024-09-27T04:00:00Z,70.55,71.09,70.28,70.51,88434,1308,70.603
2024-09-30T04:00:00Z,70.35,70.62,69.82,70.54,123734,1699,70.0235
2024-10-01T04:00:00Z,70.53,70.53,69.67,70.01,167959,2143,70.0019
2024-10-02T04:00:00Z,69.72,70.15,69.62,70,76502,1347,69.9742
2024-10-03T04:00:00Z,69.8,69.8,69.3306,69.57,50802,1193,69.5668
2024-10-04T04:00:00Z,69.75,69.785,69.235,69.64,46253,1364,69.5519
2024-10-07T04:00:00Z,69.44,69.59,68.95,69.37,41703,1011,69.3056
2024-10-08T04:00:00Z,69.45,69.8232,69.29,69.64,36131,1056,69.6348
2024-10-09T04:00:00Z,69.88,70.39,69.815,70.09,157642,1140,70.2864
2024-10-10T04:00:00Z,69.73,69.79,69.34,69.61,49719,1046,69.6032
2024-10-11T04:00:00Z,69.54,70.27,69.54,70.22,46510,950,70.0423
2024-10-14T04:00:00Z,70.29,70.87,70.225,70.86,54695,1163,70.6064
2024-10-15T04:00:00Z,70.94,71.46,70.72,70.81,61905,1335,71.0617
2024-10-16T04:00:00Z,71.07,71.475,70.9298,71.22,46964,1087,71.2536
2024-10-17T04:00:00Z,71.13,71.13,70.52,70.74,33011,1237,70.6582
2024-10-18T04:00:00Z,70.82,70.89,70.55,70.69,27433,780,70.7499
2024-10-21T04:00:00Z,70.62,70.7493,69.87,70.1,58690,1156,70.3008
2024-10-22T04:00:00Z,69.86,69.94,69.51,69.59,65489,1231,69.8033
2024-10-23T04:00:00Z,69.39,69.83,69,69.41,37681,1227,69.3555
2024-10-24T04:00:00Z,69.67,69.67,69.11,69.11,64784,1175,69.3152
2024-10-25T04:00:00Z,69.42,69.4988,68.5399,68.62,62586,1460,68.8652
2024-10-28T04:00:00Z,69.07,69.65,69.0675,69.11,62847,1452,69.2865
2024-10-29T04:00:00Z,68.74,68.99,68.15,68.85,51340,1361,68.7203
2024-10-30T04:00:00Z,68.94,69.4957,68.885,69.07,77555,1485,69.1421
2024-10-31T04:00:00Z,68.83,69.12,68.22,68.25,42829,1351,68.7545
2024-11-01T04:00:00Z,68.93,69.16,68.69,68.71,48285,1467,68.9085
2024-11-04T05:00:00Z,68.79,69.525,68.79,69.13,50386,1278,69.1593
2024-11-05T05:00:00Z,69.27,70.39,69.22,70.39,36637,1237,69.9708
2024-11-06T05:00:00Z,72.08,72.59,71.51,72.1,166466,1205,72.0806
2024-11-07T05:00:00Z,72.21,72.21,71.57,71.78,84093,1624,71.8378
2024-11-08T05:00:00Z,71.47,71.71,71.22,71.3,64099,1079,71.3984
2024-11-11T05:00:00Z,71.7,71.95,71.48,71.61,92124,1135,71.6308
2024-11-12T05:00:00Z,71.44,71.62,70.79,70.88,68427,1308,71.1215
2024-11-13T05:00:00Z,70.99,71.31,70.74,70.87,65827,1217,71.112
2024-11-14T05:00:00Z,70.88,70.88,69.71,69.74,156178,1463,70.0265
2024-11-15T05:00:00Z,69.63,69.82,69.1,69.18,82374,1722,69.2828
2024-11-18T05:00:00Z,69.15,69.74,69.02,69.5,72667,1385,69.4565
2024-11-19T05:00:00Z,69.05,69.4163,68.85,69.29,126402,1189,69.2354
2024-11-20T05:00:00Z,69.51,69.51,69.05,69.42,52087,1086,69.224
2024-11-21T05:00:00Z,69.75,70.57,69.41,70.38,126282,1273,70.3973
2024-11-22T05:00:00Z,70.42,71.15,70.42,71.12,42013,963,70.8494
2024-11-25T05:00:00Z,71.46,72.25,71.46,71.96,70371,1227,71.9531
2024-11-26T05:00:00Z,71.85,71.85,71.29,71.43,35967,1091,71.4778
2024-11-27T05:00:00Z,71.65,72.06,71.5,71.54,47982,752,71.6885
2024-11-29T05:00:00Z,71.84,72.01,71.7101,71.76,23796,469,71.8401
2024-12-02T05:00:00Z,71.91,71.91,71.14,71.62,61740,1266,71.5246
2024-12-03T05:00:00Z,72,72.26,71.6698,72.14,95454,1161,71.9576
2024-12-04T05:00:00Z,72.27,72.27,71.8,72.14,50483,1041,72.0005
2024-12-05T05:00:00Z,72.09,72.09,71.209,71.32,43439,1204,71.4816
2024-12-06T05:00:00Z,71.67,71.71,71.09,71.22,66262,1232,71.2231
2024-12-09T05:00:00Z,71.54,71.68,71.36,71.48,51351,1093,71.4835
2024-12-10T05:00:00Z,71,71,69.955,70.52,70930,1490,70.5927
2024-12-11T05:00:00Z,70.92,71.1891,70.45,70.54,35156,700,70.7018
2024-12-12T05:00:00Z,70.31,70.3362,69.92,69.92,48284,654,70.1675
2024-12-13T05:00:00Z,69.85,70,69.33,69.49,60680,975,69.5436
2024-12-16T05:00:00Z,69.67,69.8651,69.3,69.34,29889,745,69.6071
2024-12-17T05:00:00Z,69.1,69.3908,68.72,68.73,52438,954,69.0132
2024-12-18T05:00:00Z,68.74,68.7944,66.25,66.25,88293,1390,67.6938
2024-12-19T05:00:00Z,66.55,66.99,65.92,66.01,104981,1431,66.2597
2024-12-20T05:00:00Z,65.6,67.05,65.57,66.6,74905,1161,66.5489
2024-12-23T05:00:00Z,66.35,66.37,65.88,66.29,67038,1179,66.1013
2024-12-24T05:00:00Z,66.36,66.76,66.19,66.71,24201,522,66.4621
2024-12-26T05:00:00Z,66.47,67.02,66.3486,66.99,53738,1080,66.7773
2024-12-27T05:00:00Z,66.58,66.9734,66,66.28,41227,812,66.5207
2024-12-30T05:00:00Z,65.88,66.05,65.28,65.88,102817,1253,65.7038
2024-12-31T05:00:00Z,66.05,66.29,65.5852,65.79,57648,735,65.8423
2025-01-02T05:00:00Z,66.16,66.6147,65.305,65.34,102675,933,65.5205
2025-01-03T05:00:00Z,65.57,66.06,65.21,65.84,54669,824,65.8029
2025-01-06T05:00:00Z,66.04,66.19,65.4576,65.62,116829,1415,65.7388
2025-01-07T05:00:00Z,65.47,65.89,64.91,65.13,148475,1535,65.3479
2025-01-08T05:00:00Z,64.96,65.49,64.6043,65.48,79406,992,65.1487
2025-01-10T05:00:00Z,64.9,64.9644,64.43,64.51,83618,1282,64.6429
2025-01-13T05:00:00Z,64.26,65.4273,64.101,65.37,86354,1226,64.9883
2025-01-14T05:00:00Z,65.8,66.5,65.795,66.5,63105,915,66.0487
2025-01-15T05:00:00Z,67.54,67.73,66.69,66.9,77006,737,67.031
2025-01-16T05:00:00Z,66.84,67.6383,66.84,67.51,61204,758,67.3274
2025-01-17T05:00:00Z,68,68.15,67.6801,67.79,53313,847,67.942
2025-01-21T05:00:00Z,68.27,68.77,68.27,68.75,61937,997,68.5466
2025-01-22T05:00:00Z,68.84,68.84,68.2625,68.39,106742,877,68.4522
2025-01-23T05:00:00Z,68.39,68.44,67.81,68.34,79780,808,68.3017
2025-01-24T05:00:00Z,68.34,68.34,67.5718,67.75,50091,848,67.8671
2025-01-27T05:00:00Z,67.4,68.44,67.4,68.35,69984,1153,68.0267
2025-01-28T05:00:00Z,68.52,68.68,68.1179,68.46,50651,744,68.3907
2025-01-29T05:00:00Z,68.38,68.5069,67.6685,67.72,48520,821,68.0498
2025-01-30T05:00:00Z,68.13,68.749,68.0494,68.48,47718,1147,68.4036
2025-01-31T05:00:00Z,68.5,69.02,68.245,68.42,63263,867,68.4678
2025-02-03T05:00:00Z,67.4,68.0699,66.7209,67.82,72236,1382,67.6393
2025-02-04T05:00:00Z,67.9,68.26,67.48,67.51,193896,906,67.5733
2025-02-05T05:00:00Z,67.66,67.6674,67.12,67.39,61062,1716,67.4809
2025-02-06T05:00:00Z,67.56,67.949,67.3789,67.92,47301,876,67.6933
2025-02-07T05:00:00Z,67.76,67.89,67.13,67.21,54852,927,67.3353
2025-02-10T05:00:00Z,67.56,67.5795,67.1065,67.54,58214,922,67.4385
2025-02-11T05:00:00Z,67.64,68.175,67.64,68.09,59392,837,67.9002
2025-02-12T05:00:00Z,67.24,67.375,66.6,67.14,40886,1037,67.099
2025-02-13T05:00:00Z,67.36,67.63,67.09,67.57,50873,936,67.3722
2025-02-14T05:00:00Z,67.63,67.95,67.04,67.21,37931,657,67.4137
2025-02-18T05:00:00Z,67.28,67.87,67.28,67.87,67350,955,67.6793
2025-02-19T05:00:00Z,67.31,67.7783,67.22,67.62,58193,783,67.4861
2025-02-20T05:00:00Z,67.38,67.4,66.9,67.24,57413,807,67.161
2025-02-21T05:00:00Z,67.39,67.39,66.1322,66.28,407724,841,66.629
2025-02-24T05:00:00Z,66.36,66.6,66,66.24,53501,1041,66.3687
2025-02-25T05:00:00Z,66.43,67.42,66.3901,67.09,55026,859,67.0461
2025-02-26T05:00:00Z,67.23,67.6,66.9549,66.97,28650,638,67.2758
2025-02-27T05:00:00Z,66.88,67.1466,66.56,66.65,35912,690,66.8014
2025-02-28T05:00:00Z,66.8,67.23,66.4492,67.23,60702,728,66.8379
2025-03-03T05:00:00Z,67.43,67.715,66.295,66.55,91124,1132,67.1886
2025-03-04T05:00:00Z,66,66.5,65.4421,65.69,82188,1521,65.9286
2025-03-05T05:00:00Z,65.79,66.765,65.7837,66.55,62484,822,66.3502
2025-03-06T05:00:00Z,65.87,66.39,65.64,66.26,78733,1108,66.0221
2025-03-07T05:00:00Z,65.95,67.21,65.8244,67.06,69448,788,66.5361
2025-03-10T04:00:00Z,66.46,67.66,66.3,66.69,95702,1276,66.8449
2025-03-11T04:00:00Z,66.28,66.2885,65.065,65.2,126511,1492,65.5285
2025-03-12T04:00:00Z,65.45,65.5,64.3746,64.41,78827,1124,64.7885
2025-03-13T04:00:00Z,64.28,64.42,63.5029,63.77,48532,849,63.9978
2025-03-14T04:00:00Z,64.19,65.04,64.1742,65.01,43482,710,64.5521
2025-03-17T04:00:00Z,64.7,65.84,64.7,65.5,60691,845,65.4692
2025-03-18T04:00:00Z,65.27,65.4896,65.05,65.43,55610,772,65.3086
2025-03-19T04:00:00Z,65.3,66.02,65.3,65.75,41721,651,65.7382
2025-03-20T04:00:00Z,65.34,65.5152,65,65.04,43728,635,65.2764
2025-03-21T04:00:00Z,64.41,64.42,63.835,64.34,81620,1129,64.1218
2025-03-24T04:00:00Z,64.65,65.35,64.65,65.17,67614,861,65.0206
2025-03-25T04:00:00Z,65.1,65.4299,64.8,65.24,201921,633,65.1917
2025-03-26T04:00:00Z,65.25,65.74,65.1347,65.34,57961,701,65.4089
2025-03-27T04:00:00Z,65.25,65.66,64.955,65.28,83880,1135,65.3174
2025-03-28T04:00:00Z,65.3,65.3,64.2,64.29,32568,665,64.6503
2025-03-31T04:00:00Z,63.83,64.85,63.46,64.52,29762,725,64.1519
2025-04-01T04:00:00Z,64.45,64.9701,63.93,64.78,35737,710,64.5574
2025-04-02T04:00:00Z,64.16,65.49,64.16,65.42,73599,967,64.6876
2025-04-03T04:00:00Z,63.5,64.14,62.7601,62.89,72033,1380,63.2877
2025-04-04T04:00:00Z,61.48,61.5951,60,60.2,171062,2516,60.6468
2025-04-07T04:00:00Z,58.67,61.3099,57.41,59.14,172873,1905,58.795
2025-04-08T04:00:00Z,60.43,60.6763,57.36,58.13,85129,1410,59.5179
2025-04-09T04:00:00Z,57.11,62.417,57.11,62.27,125142,1582,59.0216
2025-04-10T04:00:00Z,61.05,61.35,59.3,60.87,51704,1150,60.6591
2025-04-11T04:00:00Z,60.76,62.35,60.38,62.1,47489,917,61.2424
2025-04-14T04:00:00Z,62.82,62.9528,62.06,62.68,37925,815,62.6266
2025-04-15T04:00:00Z,62.66,62.98,62.26,62.38,39610,624,62.4852
2025-04-16T04:00:00Z,62.05,62.39,61.174,61.65,39607,594,61.8736
2025-04-17T04:00:00Z,61.77,62.6,61.77,62.24,32485,613,62.1871
2025-04-21T04:00:00Z,61.82,61.96,60.43,60.88,72883,1106,60.7977
2025-04-22T04:00:00Z,61.56,62.735,61.56,62.65,241503,986,62.2691
2025-04-23T04:00:00Z,63.97,64.57,62.99,63.12,48517,717,63.5121
2025-04-24T04:00:00Z,63.18,64.53,63.04,64.5,53791,672,63.7287
2025-04-25T04:00:00Z,64.18,64.3853,63.7326,64.26,39530,637,64.095
2025-04-28T04:00:00Z,64.22,64.5894,63.7533,64.28,28972,634,64.115
2025-04-29T04:00:00Z,64.45,65.07,64.1518,64.93,42697,784,64.7655
2025-04-30T04:00:00Z,64.26,65.4649,63.7891,65.33,26514,578,64.6962
2025-05-01T04:00:00Z,65.49,65.8252,64.9602,65.35,107639,1200,65.627
2025-05-02T04:00:00Z,66.1,66.635,66.0915,66.43,64648,1013,66.4395
2025-05-05T04:00:00Z,66.02,66.73,66.02,66.23,54992,930,66.4286
2025-05-06T04:00:00Z,65.86,66.16,65.48,65.56,36348,675,65.8601
2025-05-07T04:00:00Z,65.86,65.95,65.015,65.41,58757,712,65.3544
2025-05-08T04:00:00Z,65.95,67.315,65.95,66.78,47363,877,66.6415
2025-05-09T04:00:00Z,66.87,66.885,66.47,66.7,25783,543,66.6777
2025-05-12T04:00:00Z,68.21,68.4604,67.72,68.26,44181,911,68.0917
2025-05-13T04:00:00Z,68.36,68.51,68.18,68.19,51901,733,68.374
2025-05-14T04:00:00Z,68.19,68.19,67.2601,67.27,49162,676,67.5716
2025-05-15T04:00:00Z,67.18,68.29,67.0963,68.18,38776,894,67.8679
2025-05-16T04:00:00Z,68.31,69.26,68.165,69.26,37245,831,68.7586
2025-05-19T04:00:00Z,68.62,69.145,68.47,69.11,46556,910,68.9545
2025-05-20T04:00:00Z,68.97,69.18,68.78,68.96,116171,657,68.9585
2025-05-21T04:00:00Z,68.48,68.64,67.5881,67.67,50708,1156,68.0069
2025-05-22T04:00:00Z,67.38,67.85,67.17,67.52,53910,930,67.5053
2025-05-23T04:00:00Z,66.84,67.51,66.7,67.34,36329,680,67.2323
2025-05-27T04:00:00Z,68.15,68.7599,67.61,68.74,35817,891,68.4581
2025-05-28T04:00:00Z,68.76,68.76,67.77,67.83,53415,904,68.0438
2025-05-29T04:00:00Z,68.11,68.17,67.5693,68.12,48586,860,67.9305
2025-05-30T04:00:00Z,68.06,68.27,67.64,68.05,48320,942,67.9852
2025-06-02T04:00:00Z,67.91,67.91,67.0257,67.51,43695,1010,67.3953
2025-06-03T04:00:00Z,68.17,69.49,68.17,69.42,110273,1076,69.2009
2025-06-04T04:00:00Z,69.52,69.75,69.3301,69.37,82704,838,69.4681
2025-06-05T04:00:00Z,69.56,69.56,68.91,69.3,40402,919,69.2423
2025-06-06T04:00:00Z,69.88,69.88,69.1662,69.31,30630,572,69.4625
2025-06-09T04:00:00Z,69.49,69.9495,69.15,69.51,26687,760,69.5335
2025-06-10T04:00:00Z,69.46,70,69.3,69.92,28408,680,69.7674
2025-06-11T04:00:00Z,69.98,70,69.3383,69.44,31155,778,69.7713
2025-06-12T04:00:00Z,69.21,69.5599,69.04,69.41,24153,547,69.3304
2025-06-13T04:00:00Z,68.66,69.172,68.27,68.41,28183,684,68.7846
2025-06-16T04:00:00Z,68.84,69.285,68.59,68.93,51337,818,68.9499
2025-06-17T04:00:00Z,68.5,68.78,68.14,68.2,45847,846,68.4924
2025-06-18T04:00:00Z,68.25,68.76,68.1301,68.21,33439,525,68.4957
2025-06-20T04:00:00Z,68.61,68.7209,68.05,68.33,25625,531,68.3668
2025-06-23T04:00:00Z,68.13,69.28,68.09,69.23,48571,926,68.5794
2025-06-24T04:00:00Z,69.5,69.91,69.07,69.77,44663,743,69.6606
2025-06-25T04:00:00Z,69.75,69.76,69.33,69.41,45975,834,69.5043
2025-06-26T04:00:00Z,69.57,69.91,69.53,69.78,66800,801,69.6902
2025-06-27T04:00:00Z,70.09,70.23,69.6,69.84,32492,717,69.9989
2025-06-30T04:00:00Z,69.95,70,69.5411,69.91,44450,787,69.7522
2025-07-01T04:00:00Z,69.72,71.6086,69.72,71.11,38561,891,70.7021
2025-07-02T04:00:00Z,71.06,71.265,70.7401,71.16,25987,706,70.9749
2025-07-03T04:00:00Z,71.3,71.5699,71.2566,71.47,24052,459,71.409
2025-07-07T04:00:00Z,71.16,71.43,70.595,70.91,46669,888,70.9463
2025-07-08T04:00:00Z,70.81,71.39,70.81,71.14,44912,763,71.1297
2025-07-09T04:00:00Z,71.36,71.45,70.74,71.34,39446,676,71.1656
2025-07-10T04:00:00Z,71.37,72,71.3016,71.56,27091,644,71.74
2025-07-11T04:00:00Z,71.31,71.31,70.925,71.04,25268,560,71.1327
2025-07-14T04:00:00Z,70.66,70.868,70.35,70.63,49461,711,70.6045
2025-07-15T04:00:00Z,70.68,70.96,69.62,69.62,33966,746,70.1458
2025-07-16T04:00:00Z,69.7,69.86,69,69.8,32828,716,69.5226
2025-07-17T04:00:00Z,69.72,70.84,69.72,70.7914,39537,704,70.3475
2025-07-18T04:00:00Z,71.02,71.0994,70.36,70.7,22295,519,70.6346
2025-07-21T04:00:00Z,70.88,70.9951,70.27,70.3031,37757,752,70.7412
2025-07-22T04:00:00Z,70.3,70.9567,70.05,70.81,38993,680,70.6349
2025-07-23T04:00:00Z,71.24,71.25,70.8101,70.98,32945,739,71.034
2025-07-24T04:00:00Z,70.78,71.2899,70.73,70.8847,46208,577,70.9413
2025-07-25T04:00:00Z,71.04,71.25,70.7525,71.2128,39509,765,71.0534
2025-07-28T04:00:00Z,71.23,71.23,70.69,70.91,35183,815,71.0088
2025-07-29T04:00:00Z,70.96,71.035,70.4713,70.8706,43341,755,70.6562
2025-07-30T04:00:00Z,70.82,71.07,70.1,70.34,47013,732,70.7043
2025-07-31T04:00:00Z,70.31,71.1199,70.28,70.46,45952,779,70.6142
2025-08-01T04:00:00Z,70.02,70.1499,69.365,70.03,35838,860,69.8944
2025-08-04T04:00:00Z,70.27,70.72,70.0424,70.67,60439,796,70.5033
2025-08-05T04:00:00Z,70.73,71.13,70.59,70.9476,32379,797,70.8478
2025-08-06T04:00:00Z,71.09,71.12,70.64,70.87,41220,692,70.8723
2025-08-07T04:00:00Z,71.38,71.805,71.2687,71.48,34902,759,71.473
2025-08-08T04:00:00Z,71.77,71.9499,71.3701,71.4887,29195,615,71.6078
2025-08-11T04:00:00Z,71.55,71.63,71.181,71.4345,28166,709,71.3673
2025-08-12T04:00:00Z,71.69,72.52,71.4617,72.46,39269,862,72.1521
2025-08-13T04:00:00Z,72.61,73.56,72.5736,73.51,38493,770,72.9821
2025-08-14T04:00:00Z,72.99,72.99,72.4,72.63,62249,836,72.6255
2025-08-15T04:00:00Z,72.76,72.77,72.19,72.4579,37956,687,72.4801
2025-08-18T04:00:00Z,72.47,72.6345,72.4,72.54,36217,822,72.5023
2025-08-19T04:00:00Z,72.56,73.429,72.56,73.1253,42024,800,73.1197
2025-08-20T04:00:00Z,73.04,73.305,72.71,72.8309,30139,773,72.9234
2025-08-21T04:00:00Z,72.59,72.79,72.3392,72.3392,52088,856,72.5174
2025-08-22T04:00:00Z,72.55,74.3302,72.55,73.985,32759,803,73.8646
2025-08-25T04:00:00Z,73.88,73.97,73.18,73.22,40485,939,73.4326
2025-08-26T04:00:00Z,73.32,73.44,73.0551,73.37,41796,852,73.3396
2025-08-27T04:00:00Z,73.36,73.88,73.25,73.8437,27950,684,73.7474
2025-08-28T04:00:00Z,73.93,73.93,73.18,73.4,37660,872,73.4111
2025-08-29T04:00:00Z,73.54,73.615,72.77,72.87,29022,800,72.9912
2025-09-02T04:00:00Z,72.24,72.35,71.8201,72.2,55786,1096,72.0788
2025-09-03T04:00:00Z,72.1,72.2,71.81,72.0178,36539,908,71.9838
2025-09-04T04:00:00Z,72.16,73.28,72.16,73.23,75118,1070,72.8931
2025-09-05T04:00:00Z,73.64,74.0424,73.15,73.4947,33033,841,73.4871
2025-09-08T04:00:00Z,73.53,73.6099,73,73.44,26147,812,73.3056
2025-09-09T04:00:00Z,72.21,72.21,70.8,71.0796,54621,1380,71.1232
2025-09-10T04:00:00Z,71.15,71.43,70.74,70.9174,48737,870,70.9691
2025-09-11T04:00:00Z,71,72.38,71,72.34,46212,911,71.7655
2025-09-12T04:00:00Z,71.91,72.02,71.165,71.1666,42044,906,71.6034
2025-09-15T04:00:00Z,71.3,71.5499,71.0756,71.31,32295,954,71.3061
2025-09-16T04:00:00Z,71.72,71.956,71.1986,71.55,29418,815,71.3736
2025-09-17T04:00:00Z,71.55,72.425,71,71.1068,26925,747,71.6257
2025-09-18T04:00:00Z,71.34,72.15,71.205,72.0228,33747,784,71.7737
2025-09-19T04:00:00Z,72.04,72.165,71.5,71.7,55514,749,71.6842
2025-09-22T04:00:00Z,71.38,72,71.17,71.8413,37693,980,71.5991
2025-09-23T04:00:00Z,71.83,72.23,71.4608,71.6119,68423,1001,71.8286
2025-09-24T04:00:00Z,71.63,71.63,70.7408,70.7848,54112,908,70.8983
2025-09-25T04:00:00Z,70.53,70.64,70.27,70.43,57783,1058,70.5215
2025-09-26T04:00:00Z,70.59,71.33,70.59,71.33,48698,856,71.0395
2025-09-29T04:00:00Z,71.68,71.68,71.1817,71.402,41405,878,71.3836
2025-09-30T04:00:00Z,71.46,72.16,71.39,72.11,50348,851,71.7025
2025-10-01T04:00:00Z,71.89,72.28,71.7,72.1203,52522,1030,72.0065
2025-10-02T04:00:00Z,72.12,72.67,71.929,72.6642,40021,832,72.4228
2025-10-03T04:00:00Z,72.81,73.454,72.7206,73.0959,36153,877,73.2343
2025-10-06T04:00:00Z,73.14,73.37,72.9041,73.3085,30910,930,73.2189
2025-10-07T04:00:00Z,73.33,73.57,72.54,72.8,55115,961,72.8981
2025-10-08T04:00:00Z,72.99,73.61,72.6,73.6,41966,907,73.1808
2025-10-09T04:00:00Z,73.41,73.59,72.43,72.7,51336,1015,72.9129
2025-10-10T04:00:00Z,72.77,72.97,71.705,71.7568,170088,1226,72.0269
2025-10-13T04:00:00Z,72.01,72.62,71.91,72.3033,796176,1703,72.2536
2025-10-14T04:00:00Z,71.7,73.34,71.52,73.09,129056,1307,72.7078
2025-10-15T04:00:00Z,73.37,73.65,72.62,73.1,137460,1160,73.2251
2025-10-16T04:00:00Z,73.06,73.3899,72.59,72.809,52156,885,72.933
2025-10-17T04:00:00Z,72.67,73.23,72.5,73.14,40404,748,72.9336
2025-10-20T04:00:00Z,73.32,74.21,73.32,74.11,43038,1003,73.9613
2025-10-21T04:00:00Z,74.08,74.89,74.08,74.61,95123,1222,74.6337
2025-10-22T04:00:00Z,74.61,74.6644,73.79,73.79,74277,920,74.2086
2025-10-23T04:00:00Z,73.71,74.26,73.17,74.15,46906,874,73.8463
2025-10-24T04:00:00Z,74.78,74.93,74.37,74.4363,70500,1406,74.5768
2025-10-27T04:00:00Z,74.78,74.78,73.9,73.94,51478,1384,74.1381
2025-10-28T04:00:00Z,73.67,73.67,72.79,72.9671,266252,1571,73.3654
2025-10-29T04:00:00Z,72.97,73.2772,72.0673,72.3333,33966,1077,72.7815
2025-10-30T04:00:00Z,72.27,72.88,71.355,71.39,84914,982,72.1657
2025-10-31T04:00:00Z,71.36,71.6293,71.0301,71.44,51721,1008,71.2946
2025-11-03T05:00:00Z,71.42,71.42,70.3401,71.1,49306,1203,70.9099
2025-11-04T05:00:00Z,70.72,71.75,70.72,71.53,54432,1062,71.4884
2025-11-05T05:00:00Z,71.58,72.46,71.545,72.23,36871,797,72.0759
2025-11-06T05:00:00Z,72.38,72.84,71.62,71.64,128022,1883,72.1185
2025-11-07T05:00:00Z,71.33,72.1396,71.25,72.08,39074,806,71.711
2025-11-10T05:00:00Z,72.63,72.63,71.7,72.201,46832,1060,72.1679
2025-11-11T05:00:00Z,72.28,72.72,72.0975,72.4754,45265,722,72.4814
2025-11-12T05:00:00Z,72.59,73.06,72.59,72.7464,33978,828,72.8706
2025-11-13T05:00:00Z,72.84,73.17,71.96,72.0331,75883,1001,72.5459
2025-11-14T05:00:00Z,71.58,71.97,71.43,71.5,48439,767,71.6398
2025-11-17T05:00:00Z,71.32,71.43,70.38,70.42,63748,1073,70.8061
2025-11-18T05:00:00Z,70.07,70.5166,69.83,70.17,53888,1135,70.2172
2025-11-19T05:00:00Z,70.06,70.1227,69.658,69.7738,45695,929,69.8681
2025-11-20T05:00:00Z,70.24,70.8399,69.12,69.18,47289,811,69.9533
2025-11-21T05:00:00Z,69.26,71.21,69.26,70.84,46595,953,70.5401
2025-11-24T05:00:00Z,70.88,71.3,70.56,70.95,39161,921,71.0399
2025-11-25T05:00:00Z,71.06,72.6289,71.06,72.4517,43881,822,72.1724
2025-11-26T05:00:00Z,72.42,72.93,72.405,72.6417,65640,1218,72.7307
2025-11-28T05:00:00Z,72.72,72.8019,72.36,72.39,44545,737,72.5071
2025-12-01T05:00:00Z,71.86,72.6,71.79,72.03,124523,1060,72.4812
2025-12-02T05:00:00Z,72.14,72.37,71.9259,72.08,46701,1026,72.1862
2025-12-03T05:00:00Z,72.14,72.5499,72.14,72.43,20781,666,72.3959
2025-12-04T05:00:00Z,72.32,72.504,72,72.2087,63655,1212,72.2821
2025-12-05T05:00:00Z,72.12,72.2985,71.8101,71.94,43903,979,72.0315
2025-12-08T05:00:00Z,71.91,71.985,71.27,71.31,51041,974,71.5684
2025-12-09T05:00:00Z,71.1,71.366,70.14,70.144,61916,1065,70.7728
2025-12-10T05:00:00Z,70.26,71.64,70.26,71.3901,56289,1109,70.9918
2025-12-11T05:00:00Z,71.43,72.19,71.43,72,43945,892,71.9446
2025-12-12T05:00:00Z,72.25,72.44,71.46,71.6015,73625,1079,71.6025
2025-12-15T05:00:00Z,72.01,72.01,71.22,71.64,37114,891,71.5923
2025-12-16T05:00:00Z,71.55,71.8626,70.92,71.1764,41595,728,71.2427
2025-12-17T05:00:00Z,71.07,71.63,70.8,71.05,58420,1092,71.0491
2025-12-18T05:00:00Z,71.41,71.85,71.13,71.2647,44649,861,71.4468
2025-12-19T05:00:00Z,71.09,71.345,71,71.3,40797,887,71.1742
2025-12-22T05:00:00Z,71.27,71.95,71.27,71.87,70901,1384,71.7809
2025-12-23T05:00:00Z,71.61,71.75,71.43,71.65,82028,941,71.6226
2025-12-24T05:00:00Z,71.72,71.91,71.6427,71.76,22716,470,71.7767
2025-12-26T05:00:00Z,71.78,71.82,71.51,71.73,32863,863,71.7023
2025-12-29T05:00:00Z,71.68,71.9041,71.42,71.59,29753,950,71.5764
2025-12-30T05:00:00Z,71.5,71.5375,71.19,71.2279,44799,952,71.3505
2025-12-31T05:00:00Z,71.2,71.2,70.39,70.4095,21847,786,70.7606
