timestamp,open,high,low,close,volume,tradeCount,vwap
2016-01-04T05:00:00Z,58.61,58.61,58.2233,58.2233,965,9,58.5091
2016-01-05T05:00:00Z,58.2233,58.2233,58.2233,58.2233,0,0,0
2016-01-06T05:00:00Z,58.2233,58.2233,58.2233,58.2233,0,0,0
2016-01-07T05:00:00Z,56.9786,56.9786,56.9786,56.9786,194,2,56.9786
2016-01-08T05:00:00Z,56.9786,56.9786,56.9786,56.9786,0,0,0
2016-01-11T05:00:00Z,58,58,56.2526,56.2526,821,4,57.1522
2016-01-12T05:00:00Z,56.2526,56.2526,56.2526,56.2526,0,0,0
2016-01-13T05:00:00Z,56.2526,56.2526,56.2526,56.2526,0,0,0
2016-01-14T05:00:00Z,56.2526,56.2526,56.2526,56.2526,0,0,0
2016-01-15T05:00:00Z,56.2526,56.2526,56.2526,56.2526,0,0,0
2016-01-19T05:00:00Z,55.7612,55.7612,55.5,55.5001,825,10,55.5879
2016-01-20T05:00:00Z,53.82,53.82,53.82,53.82,1515,1,53.82
2016-01-21T05:00:00Z,53.82,53.82,53.82,53.82,0,0,0
2016-01-22T05:00:00Z,53.82,53.82,53.82,53.82,0,0,0
2016-01-25T05:00:00Z,53.82,53.82,53.82,53.82,0,0,0
2016-01-26T05:00:00Z,53.82,53.82,53.82,53.82,0,0,0
2016-01-27T05:00:00Z,56.43,56.45,56.43,56.45,1850,20,56.4389
2016-01-28T05:00:00Z,56.45,56.45,56.45,56.45,0,0,0
2016-01-29T05:00:00Z,57.1503,57.1503,57.1503,57.1503,100,1,57.1503
2016-02-01T05:00:00Z,57.1503,57.1503,57.1503,57.1503,0,0,0
2016-02-02T05:00:00Z,56.35,56.5042,56.35,56.45,1147,7,56.4284
2016-02-03T05:00:00Z,56.45,56.45,56.45,56.45,0,0,0
2016-02-04T05:00:00Z,56.45,56.45,56.45,56.45,0,0,0
2016-02-05T05:00:00Z,56.45,56.45,56.45,56.45,0,0,0
2016-02-08T05:00:00Z,55.4001,55.4001,55.4,55.4,200,2,55.4001
2016-02-09T05:00:00Z,55.4,55.4,55.4,55.4,0,0,0
2016-02-10T05:00:00Z,55.68,55.68,55.68,55.68,600,4,55.68
2016-02-11T05:00:00Z,55.68,55.68,55.68,55.68,0,0,0
2016-02-12T05:00:00Z,55.68,55.68,55.68,55.68,0,0,0
2016-02-16T05:00:00Z,55.68,55.68,55.68,55.68,0,0,0
2016-02-17T05:00:00Z,57.03,57.16,57.03,57.14,559,4,57.1074
2016-02-18T05:00:00Z,58.2,58.25,57.85,57.85,1800,11,58.0861
2016-02-19T05:00:00Z,57.85,57.85,57.85,57.85,0,0,0
2016-02-22T05:00:00Z,57.6401,57.6401,57.64,57.64,708,2,57.6401
2016-02-23T05:00:00Z,57.01,57.01,57.01,57.01,325,1,57.01
2016-02-24T05:00:00Z,57.28,57.28,57.27,57.27,1075,6,57.278
2016-02-25T05:00:00Z,57.27,57.27,57.27,57.27,0,0,0
2016-02-26T05:00:00Z,57.27,57.27,57.27,57.27,0,0,0
2016-02-29T05:00:00Z,57.4029,57.4029,57.4029,57.4029,236,4,57.4029
2016-03-01T05:00:00Z,58.25,58.25,58.25,58.25,200,2,58.25
2016-03-02T05:00:00Z,58.33,58.33,58.33,58.33,340,3,58.33
2016-03-03T05:00:00Z,58.33,58.33,58.33,58.33,0,0,0
2016-03-04T05:00:00Z,58.33,58.33,58.33,58.33,0,0,0
2016-03-07T05:00:00Z,59.55,59.6159,59.27,59.6159,606,3,59.518
2016-03-08T05:00:00Z,59.6159,59.6159,59.6159,59.6159,0,0,0
2016-03-09T05:00:00Z,59.6159,59.6159,59.6159,59.6159,0,0,0
2016-03-10T05:00:00Z,59.6159,59.6159,59.6159,59.6159,0,0,0
2016-03-11T05:00:00Z,59.4,59.542,59.4,59.542,336,5,59.471
2016-03-14T04:00:00Z,59.542,59.542,59.542,59.542,0,0,0
2016-03-15T04:00:00Z,59.542,59.542,59.542,59.542,0,0,0
2016-03-16T04:00:00Z,59.79,59.8723,59.79,59.8723,601,4,59.8314
2016-03-17T04:00:00Z,59.8723,59.8723,59.8723,59.8723,0,0,0
2016-03-18T04:00:00Z,60.4,60.54,60.4,60.54,300,3,60.4467
2016-03-21T04:00:00Z,60.54,60.54,60.54,60.54,0,0,0
2016-03-22T04:00:00Z,60.54,60.54,60.54,60.54,0,0,0
2016-03-23T04:00:00Z,60.54,60.54,60.54,60.54,0,0,0
2016-03-24T04:00:00Z,60.54,60.54,60.54,60.54,0,0,0
2016-03-28T04:00:00Z,60.29,60.335,60.29,60.331,1235,4,60.3281
2016-03-29T04:00:00Z,60.6446,60.6446,60.6446,60.6446,246,2,60.6446
2016-03-30T04:00:00Z,61.7099,61.7099,61.7099,61.7099,301,2,61.7099
2016-03-31T04:00:00Z,61.7099,61.7099,61.7099,61.7099,0,0,0
2016-04-01T04:00:00Z,61.7099,61.7099,61.7099,61.7099,0,0,0
2016-04-04T04:00:00Z,61.7099,61.7099,61.7099,61.7099,0,0,0
2016-04-05T04:00:00Z,60.95,60.95,60.36,60.41,850,7,60.5571
2016-04-06T04:00:00Z,60.8899,60.8899,60.8899,60.8899,225,1,60.8899
2016-04-07T04:00:00Z,60.83,60.83,60.731,60.731,2628,15,60.8049
2016-04-08T04:00:00Z,60.8795,60.8795,60.8795,60.8795,100,1,60.8795
2016-04-11T04:00:00Z,60.7,61.0482,60.7,61.0482,468,4,60.9027
2016-04-12T04:00:00Z,61.0482,61.0482,61.0482,61.0482,0,0,0
2016-04-13T04:00:00Z,61.24,61.6339,61.24,61.6339,363,2,61.4169
2016-04-14T04:00:00Z,61.58,61.88,61.58,61.88,400,4,61.655
2016-04-15T04:00:00Z,61.88,61.88,61.88,61.88,0,0,0
2016-04-18T04:00:00Z,61.31,61.31,61.31,61.31,152,1,61.31
2016-04-19T04:00:00Z,61.31,61.31,61.31,61.31,0,0,0
2016-04-20T04:00:00Z,63.0399,63.04,62.67,62.67,1293,6,62.9519
2016-04-21T04:00:00Z,62.67,62.67,62.67,62.67,0,0,0
2016-04-22T04:00:00Z,62.67,62.67,62.67,62.67,0,0,0
2016-04-25T04:00:00Z,62.67,62.67,62.67,62.67,0,0,0
2016-04-26T04:00:00Z,62.429,63.6,62.14,62.14,11490,27,63.2924
2016-04-27T04:00:00Z,62.4585,62.4585,62.2369,62.2369,470,3,62.3406
2016-04-28T04:00:00Z,62.2369,62.2369,62.2369,62.2369,0,0,0
2016-04-29T04:00:00Z,62.2369,62.2369,62.2369,62.2369,0,0,0
2016-05-02T04:00:00Z,62.54,62.54,61.771,62.2869,2443,11,62.3135
2016-05-03T04:00:00Z,62.2869,62.2869,62.2869,62.2869,0,0,0
2016-05-04T04:00:00Z,62.2869,62.2869,62.2869,62.2869,0,0,0
2016-05-05T04:00:00Z,61.18,61.375,61.12,61.24,1000,10,61.2135
2016-05-06T04:00:00Z,61.03,61.03,60.97,61.03,600,6,61.0133
2016-05-09T04:00:00Z,60.7,61.42,60.7,61.42,1108,9,61.0769
2016-05-10T04:00:00Z,61.73,61.73,61.71,61.73,400,4,61.725
2016-05-11T04:00:00Z,61.9154,61.9154,61.61,61.75,501,5,61.7374
2016-05-12T04:00:00Z,61.34,61.36,61.29,61.36,415,5,61.3375
2016-05-13T04:00:00Z,61.36,61.36,61.36,61.36,0,0,0
2016-05-16T04:00:00Z,61.506,61.506,61.506,61.506,241,4,61.506
2016-05-17T04:00:00Z,61.33,61.42,61.31,61.42,600,6,61.3683
2016-05-18T04:00:00Z,61.42,61.42,61.42,61.42,0,0,0
2016-05-19T04:00:00Z,60.34,60.45,60.34,60.45,605,8,60.395
2016-05-20T04:00:00Z,60.35,61.175,60.35,61.1607,3500,35,61.0839
2016-05-23T04:00:00Z,61.1607,61.1607,61.1607,61.1607,0,0,0
2016-05-24T04:00:00Z,61.1607,61.1607,61.1607,61.1607,0,0,0
2016-05-25T04:00:00Z,61.1607,61.1607,61.1607,61.1607,0,0,0
2016-05-26T04:00:00Z,61.1607,61.1607,61.1607,61.1607,0,0,0
2016-05-27T04:00:00Z,62.19,62.19,62.19,62.19,296,2,62.19
2016-05-31T04:00:00Z,61.63,62.045,61.63,61.9642,882,8,61.8714
2016-06-01T04:00:00Z,61.78,61.82,61.78,61.82,400,4,61.8
2016-06-02T04:00:00Z,61.73,61.85,61.73,61.85,400,4,61.79
2016-06-03T04:00:00Z,62.09,62.3,62.09,62.3,400,4,62.195
2016-06-06T04:00:00Z,62.316,62.7001,62.316,62.6937,1505,11,62.551
2016-06-07T04:00:00Z,62.6937,62.6937,62.6937,62.6937,0,0,0
2016-06-08T04:00:00Z,62.6937,62.6937,62.6937,62.6937,0,0,0
2016-06-09T04:00:00Z,62.6937,62.6937,62.6937,62.6937,0,0,0
2016-06-10T04:00:00Z,62.02,62.02,62.0199,62.0199,200,2,62.02
2016-06-13T04:00:00Z,62.0199,62.0199,62.0199,62.0199,0,0,0
2016-06-14T04:00:00Z,62.0199,62.0199,62.0199,62.0199,0,0,0
2016-06-15T04:00:00Z,62.0199,62.0199,62.0199,62.0199,0,0,0
2016-06-16T04:00:00Z,62.0199,62.0199,62.0199,62.0199,0,0,0
2016-06-17T04:00:00Z,62.0199,62.0199,62.0199,62.0199,0,0,0
2016-06-20T04:00:00Z,62.0199,62.0199,62.0199,62.0199,0,0,0
2016-06-21T04:00:00Z,62.0199,62.0199,62.0199,62.0199,0,0,0
2016-06-22T04:00:00Z,62.0199,62.0199,62.0199,62.0199,0,0,0
2016-06-23T04:00:00Z,62.2,62.2,62.2,62.2,300,3,62.2
2016-06-24T04:00:00Z,60.61,60.61,60.61,60.61,140,2,60.61
2016-06-27T04:00:00Z,59.0999,59.0999,59.0999,59.0999,200,2,59.0999
2016-06-28T04:00:00Z,59.83,59.83,59.7984,59.7984,846,6,59.8171
2016-06-29T04:00:00Z,61,61.07,60.83,61.07,815,7,61.0043
2016-06-30T04:00:00Z,61.249,61.95,61.249,61.95,410,4,61.7619
2016-07-01T04:00:00Z,61.89,61.89,61.74,61.74,7559,78,61.8248
2016-07-05T04:00:00Z,61.6622,61.6622,61.5599,61.5599,887,6,61.6184
2016-07-06T04:00:00Z,61.409,61.409,61.409,61.409,100,1,61.409
2016-07-07T04:00:00Z,61.409,61.409,61.409,61.409,0,0,0
2016-07-08T04:00:00Z,61.409,61.409,61.409,61.409,0,0,0
2016-07-11T04:00:00Z,61.409,61.409,61.409,61.409,0,0,0
2016-07-12T04:00:00Z,63.124,63.124,62.95,62.95,351,3,63.0583
2016-07-13T04:00:00Z,62.95,62.95,62.95,62.95,226,3,62.95
2016-07-14T04:00:00Z,63.26,63.26,63.26,63.26,100,1,63.26
2016-07-15T04:00:00Z,63.26,63.26,63.26,63.26,0,0,0
2016-07-18T04:00:00Z,63.7,63.7,63.39,63.39,1160,2,63.6198
2016-07-19T04:00:00Z,63.39,63.39,63.39,63.39,0,0,0
2016-07-20T04:00:00Z,62.84,63.376,62.84,63.292,5937,42,63.2718
2016-07-21T04:00:00Z,62.92,63.2073,62.92,63.2073,381,6,63.0902
2016-07-22T04:00:00Z,63.19,63.2745,63.19,63.27,1632,19,63.2395
2016-07-25T04:00:00Z,63.246,63.246,63.246,63.246,300,1,63.246
2016-07-26T04:00:00Z,63.0256,63.0256,62.8101,62.926,1105,8,62.8916
2016-07-27T04:00:00Z,63.39,63.39,63.38,63.39,1254,13,63.3892
2016-07-28T04:00:00Z,63.35,63.35,63.35,63.35,138,2,63.35
2016-07-29T04:00:00Z,63.5,63.8456,63.43,63.8456,1530,13,63.5616
2016-08-01T04:00:00Z,63.8456,63.8456,63.8456,63.8456,0,0,0
2016-08-02T04:00:00Z,63.8456,63.8456,63.8456,63.8456,0,0,0
2016-08-03T04:00:00Z,63.8456,63.8456,63.8456,63.8456,0,0,0
2016-08-04T04:00:00Z,63.8456,63.8456,63.8456,63.8456,0,0,0
2016-08-05T04:00:00Z,63.8456,63.8456,63.8456,63.8456,0,0,0
2016-08-08T04:00:00Z,64.34,64.34,64.34,64.34,514,2,64.34
2016-08-09T04:00:00Z,64.34,64.34,64.34,64.34,0,0,0
2016-08-10T04:00:00Z,64.34,64.34,64.34,64.34,0,0,0
2016-08-11T04:00:00Z,64.296,64.296,64.296,64.296,390,1,64.296
2016-08-12T04:00:00Z,64.296,64.296,64.296,64.296,0,0,0
2016-08-15T04:00:00Z,64.09,64.21,64.09,64.21,1009,8,64.136
2016-08-16T04:00:00Z,64.0877,64.0877,64.0877,64.0877,236,2,64.0877
2016-08-17T04:00:00Z,64.0877,64.0877,64.0877,64.0877,0,0,0
2016-08-18T04:00:00Z,64.0877,64.0877,64.0877,64.0877,0,0,0
2016-08-19T04:00:00Z,64.05,64.11,64.0077,64.0077,634,7,64.0658
2016-08-22T04:00:00Z,63.8532,63.8532,63.8532,63.8532,150,1,63.8532
2016-08-23T04:00:00Z,63.8532,63.8532,63.8532,63.8532,0,0,0
2016-08-24T04:00:00Z,63.88,63.944,63.88,63.944,1030,5,63.9052
2016-08-25T04:00:00Z,63.676,63.676,63.676,63.676,210,2,63.676
2016-08-26T04:00:00Z,63.3801,63.3801,63.3801,63.3801,197,1,63.3801
2016-08-29T04:00:00Z,63.19,63.46,62.63,63.46,1669,10,63.2155
2016-08-30T04:00:00Z,63.46,63.46,63.46,63.46,0,0,0
2016-08-31T04:00:00Z,63.46,63.46,63.46,63.46,0,0,0
2016-09-01T04:00:00Z,63.46,63.46,63.46,63.46,0,0,0
2016-09-02T04:00:00Z,64.164,64.164,64.164,64.164,1000,1,64.164
2016-09-06T04:00:00Z,64.323,64.5042,64.323,64.5042,500,2,64.468
2016-09-07T04:00:00Z,64.5042,64.5042,64.5042,64.5042,0,0,0
2016-09-08T04:00:00Z,64.5042,64.5042,64.5042,64.5042,0,0,0
2016-09-09T04:00:00Z,63.648,63.648,63.648,63.648,931,4,63.648
2016-09-12T04:00:00Z,62.88,63.5968,62.88,63.5968,721,3,63.1986
2016-09-13T04:00:00Z,64.1,64.1,62.55,62.84,1132,12,62.91
2016-09-14T04:00:00Z,62.95,62.95,62.95,62.95,100,1,62.95
2016-09-15T04:00:00Z,62.95,62.95,62.95,62.95,0,0,0
2016-09-16T04:00:00Z,62.95,62.95,62.95,62.95,0,0,0
2016-09-19T04:00:00Z,62.95,62.95,62.95,62.95,0,0,0
2016-09-20T04:00:00Z,62.95,62.95,62.95,62.95,0,0,0
2016-09-21T04:00:00Z,62.95,62.95,62.95,62.95,0,0,0
2016-09-22T04:00:00Z,62.95,62.95,62.95,62.95,0,0,0
2016-09-23T04:00:00Z,62.95,62.95,62.95,62.95,0,0,0
2016-09-26T04:00:00Z,62.95,62.95,62.95,62.95,0,0,0
2016-09-27T04:00:00Z,62.95,62.95,62.95,62.95,0,0,0
2016-09-28T04:00:00Z,62.95,62.95,62.95,62.95,0,0,0
2016-09-29T04:00:00Z,62.95,62.95,62.95,62.95,0,0,0
2016-09-30T04:00:00Z,62.95,62.95,62.95,62.95,0,0,0
2016-10-03T04:00:00Z,62.95,62.95,62.95,62.95,0,0,0
2016-10-04T04:00:00Z,62.95,62.95,62.95,62.95,0,0,0
2016-10-05T04:00:00Z,62.95,62.95,62.95,62.95,0,0,0
2016-10-06T04:00:00Z,62.95,62.95,62.95,62.95,0,0,0
2016-10-07T04:00:00Z,62.95,62.95,62.95,62.95,0,0,0
2016-10-10T04:00:00Z,62.95,62.95,62.95,62.95,0,0,0
2016-10-11T04:00:00Z,62.95,62.95,62.95,62.95,0,0,0
2016-10-12T04:00:00Z,62.95,62.95,62.95,62.95,0,0,0
2016-10-13T04:00:00Z,62.95,62.95,62.95,62.95,0,0,0
2016-10-14T04:00:00Z,62.74,62.74,62.74,62.74,230,4,62.74
2016-10-17T04:00:00Z,62.74,62.74,62.74,62.74,0,0,0
2016-10-18T04:00:00Z,62.74,62.74,62.74,62.74,0,0,0
2016-10-19T04:00:00Z,61.907,61.907,61.907,61.907,701,2,61.907
2016-10-20T04:00:00Z,61.6586,62.0284,61.6586,62.0284,531,5,61.8805
2016-10-21T04:00:00Z,62.0284,62.0284,62.0284,62.0284,0,0,0
2016-10-24T04:00:00Z,62.0284,62.0284,62.0284,62.0284,0,0,0
2016-10-25T04:00:00Z,62.0284,62.0284,62.0284,62.0284,0,0,0
2016-10-26T04:00:00Z,62.0284,62.0284,62.0284,62.0284,0,0,0
2016-10-27T04:00:00Z,62.0284,62.0284,62.0284,62.0284,0,0,0
2016-10-28T04:00:00Z,62.0284,62.0284,62.0284,62.0284,0,0,0
2016-10-31T04:00:00Z,62,62.0169,62,62.0169,500,3,62.0101
2016-11-01T04:00:00Z,62.1,62.1,61.6123,61.6123,486,6,61.9781
2016-11-02T04:00:00Z,61.56,61.6524,61.44,61.44,930,13,61.5753
2016-11-03T04:00:00Z,61.44,61.44,61.44,61.44,0,0,0
2016-11-04T04:00:00Z,61.44,61.44,61.44,61.44,0,0,0
2016-11-07T05:00:00Z,61.44,61.44,61.44,61.44,0,0,0
2016-11-08T05:00:00Z,62.296,62.296,62.296,62.296,118,2,62.296
2016-11-09T05:00:00Z,62.296,62.296,62.296,62.296,0,0,0
2016-11-10T05:00:00Z,62.006,62.006,61.95,61.95,400,3,61.964
2016-11-11T05:00:00Z,61.95,61.95,61.95,61.95,100,1,61.95
2016-11-14T05:00:00Z,62.47,62.47,61.97,61.97,938,3,62.2504
2016-11-15T05:00:00Z,61.97,61.97,61.97,61.97,0,0,0
2016-11-16T05:00:00Z,62.05,62.138,62.05,62.138,401,5,62.094
2016-11-17T05:00:00Z,62.138,62.138,62.138,62.138,0,0,0
2016-11-18T05:00:00Z,62.138,62.138,62.138,62.138,0,0,0
2016-11-21T05:00:00Z,62.4776,62.4776,62.3936,62.3936,382,4,62.4356
2016-11-22T05:00:00Z,62.3936,62.3936,62.3936,62.3936,0,0,0
2016-11-23T05:00:00Z,62.4,62.4525,62.4,62.4525,420,6,62.4263
2016-11-25T05:00:00Z,62.4525,62.4525,62.4525,62.4525,0,0,0
2016-11-28T05:00:00Z,62.4525,62.4525,62.4525,62.4525,0,0,0
2016-11-29T05:00:00Z,62.4525,62.4525,62.4525,62.4525,0,0,0
2016-11-30T05:00:00Z,62.36,62.36,62.36,62.36,371,2,62.36
2016-12-01T05:00:00Z,62.36,62.36,62.36,62.36,0,0,0
2016-12-02T05:00:00Z,62.36,62.36,62.36,62.36,0,0,0
2016-12-05T05:00:00Z,62.36,62.36,62.36,62.36,0,0,0
2016-12-06T05:00:00Z,62.36,62.36,62.36,62.36,0,0,0
2016-12-07T05:00:00Z,62.36,62.36,62.36,62.36,0,0,0
2016-12-08T05:00:00Z,63.73,63.95,63.73,63.89,1070,11,63.8789
2016-12-09T05:00:00Z,63.89,63.89,63.89,63.89,0,0,0
2016-12-12T05:00:00Z,63.925,63.925,63.925,63.925,151,2,63.925
2016-12-13T05:00:00Z,63.925,63.925,63.925,63.925,0,0,0
2016-12-14T05:00:00Z,63.925,63.925,63.925,63.925,0,0,0
2016-12-15T05:00:00Z,63.925,63.925,63.925,63.925,0,0,0
2016-12-16T05:00:00Z,63.925,63.925,63.925,63.925,0,0,0
2016-12-19T05:00:00Z,64,64,63.39,63.6208,700,7,63.723
2016-12-20T05:00:00Z,63.6208,63.6208,63.6208,63.6208,0,0,0
2016-12-21T05:00:00Z,63.6208,63.6208,63.6208,63.6208,0,0,0
2016-12-22T05:00:00Z,63.6208,63.6208,63.6208,63.6208,0,0,0
2016-12-23T05:00:00Z,63.6208,63.6208,63.6208,63.6208,0,0,0
2016-12-27T05:00:00Z,63.6208,63.6208,63.6208,63.6208,0,0,0
2016-12-28T05:00:00Z,63.22,63.26,63.22,63.22,411,6,63.23
2016-12-29T05:00:00Z,63.35,63.35,63.35,63.35,100,1,63.35
2016-12-30T05:00:00Z,63.37,63.37,63.37,63.37,232,3,63.37
2017-01-03T05:00:00Z,63.37,63.37,63.37,63.37,0,0,0
2017-01-04T05:00:00Z,63.98,63.98,63.95,63.95,1000,10,63.956
2017-01-05T05:00:00Z,64.24,64.24,64.24,64.24,228,3,64.24
2017-01-06T05:00:00Z,64.08,64.27,64.08,64.27,1949,21,64.1711
2017-01-09T05:00:00Z,64.25,64.25,64.15,64.2,1140,12,64.1855
2017-01-10T05:00:00Z,64.17,64.2,64.12,64.2,1532,16,64.1579
2017-01-11T05:00:00Z,64,64.1,63.88,64.1,1700,17,64.0429
2017-01-12T05:00:00Z,64.22,64.22,63.9472,63.9472,935,9,63.9861
2017-01-13T05:00:00Z,64.48,64.48,64.48,64.48,105,1,64.48
2017-01-17T05:00:00Z,64.7,64.7,64.7,64.7,467,2,64.7
2017-01-18T05:00:00Z,64,64,64,64,300,3,64
2017-01-19T05:00:00Z,64.22,64.22,64.22,64.22,100,1,64.22
2017-01-20T05:00:00Z,64.31,64.36,64.2,64.29,3016,27,64.3132
2017-01-23T05:00:00Z,64.2399,64.2399,64.12,64.134,1420,13,64.1475
2017-01-24T05:00:00Z,64.4,64.4,64.39,64.39,1028,12,64.396
2017-01-25T05:00:00Z,65,65,64.9,64.9,800,8,64.9825
2017-01-26T05:00:00Z,65,65,65,65,100,1,65
2017-01-27T05:00:00Z,64.84,64.88,64.83,64.84,1500,15,64.858
2017-01-30T05:00:00Z,64.34,64.35,64.34,64.34,666,7,64.3417
2017-01-31T05:00:00Z,64.1901,64.1901,64.1901,64.1901,501,2,64.1901
2017-02-01T05:00:00Z,64.1901,64.1901,64.1901,64.1901,0,0,0
2017-02-02T05:00:00Z,64.1901,64.1901,64.1901,64.1901,0,0,0
2017-02-03T05:00:00Z,64.8101,65.2,64.8101,65.2,405,3,64.9101
2017-02-06T05:00:00Z,64.94,65.0431,64.94,65.0431,689,4,65.0113
2017-02-07T05:00:00Z,65.32,65.32,65.32,65.32,185,1,65.32
2017-02-08T05:00:00Z,65.32,65.32,65.32,65.32,0,0,0
2017-02-09T05:00:00Z,65.01,65.01,65.01,65.01,1072,1,65.01
2017-02-10T05:00:00Z,65.01,65.01,65.01,65.01,0,0,0
2017-02-13T05:00:00Z,65.01,65.01,65.01,65.01,0,0,0
2017-02-14T05:00:00Z,65.01,65.01,65.01,65.01,0,0,0
2017-02-15T05:00:00Z,65.01,65.01,65.01,65.01,0,0,0
2017-02-16T05:00:00Z,65.01,65.01,65.01,65.01,0,0,0
2017-02-17T05:00:00Z,65.01,65.01,65.01,65.01,0,0,0
2017-02-21T05:00:00Z,65.01,65.01,65.01,65.01,0,0,0
2017-02-22T05:00:00Z,65.01,65.01,65.01,65.01,0,0,0
2017-02-23T05:00:00Z,65.01,65.01,65.01,65.01,0,0,0
2017-02-24T05:00:00Z,65.01,65.01,65.01,65.01,0,0,0
2017-02-27T05:00:00Z,65.01,65.01,65.01,65.01,0,0,0
2017-02-28T05:00:00Z,65.01,65.01,65.01,65.01,0,0,0
2017-03-01T05:00:00Z,65.01,65.01,65.01,65.01,0,0,0
2017-03-02T05:00:00Z,67.2331,67.2331,67.2331,67.2331,183,2,67.2331
2017-03-03T05:00:00Z,67.2331,67.2331,67.2331,67.2331,0,0,0
2017-03-06T05:00:00Z,67.1699,67.1699,67.1699,67.1699,175,2,67.1699
2017-03-07T05:00:00Z,67.1699,67.1699,67.1699,67.1699,0,0,0
2017-03-08T05:00:00Z,67.1699,67.1699,67.1699,67.1699,0,0,0
2017-03-09T05:00:00Z,67.1699,67.1699,67.1699,67.1699,0,0,0
2017-03-10T05:00:00Z,67.1699,67.1699,67.1699,67.1699,0,0,0
2017-03-13T04:00:00Z,67.1699,67.1699,67.1699,67.1699,0,0,0
2017-03-14T04:00:00Z,67.1699,67.1699,67.1699,67.1699,0,0,0
2017-03-15T04:00:00Z,67.1699,67.1699,67.1699,67.1699,0,0,0
2017-03-16T04:00:00Z,67.6012,67.6012,67.6012,67.6012,111,1,67.6012
2017-03-17T04:00:00Z,67.6012,67.6012,67.6012,67.6012,0,0,0
2017-03-20T04:00:00Z,67.6,67.6,67.6,67.6,265,2,67.6
2017-03-21T04:00:00Z,68,68,68,68,318,4,68
2017-03-22T04:00:00Z,68,68,68,68,0,0,0
2017-03-23T04:00:00Z,68,68,68,68,0,0,0
2017-03-24T04:00:00Z,67.0868,67.0868,67.0868,67.0868,100,1,67.0868
2017-03-27T04:00:00Z,67.0868,67.0868,67.0868,67.0868,0,0,0
2017-03-28T04:00:00Z,67.4117,67.4117,67.4117,67.4117,100,1,67.4117
2017-03-29T04:00:00Z,67.4518,67.4518,67.4518,67.4518,221,2,67.4518
2017-03-30T04:00:00Z,67.4518,67.4518,67.4518,67.4518,0,0,0
2017-03-31T04:00:00Z,67.44,67.63,67.44,67.6,496,6,67.565
2017-04-03T04:00:00Z,68,68,68,68,453,6,68
2017-04-04T04:00:00Z,68,68,68,68,0,0,0
2017-04-05T04:00:00Z,68,68,68,68,0,0,0
2017-04-06T04:00:00Z,68,68,68,68,0,0,0
2017-04-07T04:00:00Z,68,68,68,68,0,0,0
2017-04-10T04:00:00Z,68,68,68,68,0,0,0
2017-04-11T04:00:00Z,68,68,68,68,0,0,0
2017-04-12T04:00:00Z,68,68,68,68,0,0,0
2017-04-13T04:00:00Z,68,68,68,68,0,0,0
2017-04-17T04:00:00Z,67.3599,67.3599,67.3599,67.3599,102,1,67.3599
2017-04-18T04:00:00Z,67.3599,67.3599,67.3599,67.3599,0,0,0
2017-04-19T04:00:00Z,67.3599,67.3599,67.3599,67.3599,0,0,0
2017-04-20T04:00:00Z,67.41,67.5854,67.41,67.54,350,4,67.5118
2017-04-21T04:00:00Z,67.6,67.6,67.6,67.6,373,3,67.6
2017-04-24T04:00:00Z,67.6,67.6,67.6,67.6,0,0,0
2017-04-25T04:00:00Z,68.5116,68.5116,68.5116,68.5116,480,1,68.5116
2017-04-26T04:00:00Z,68.5116,68.5116,68.5116,68.5116,0,0,0
2017-04-27T04:00:00Z,68.5116,68.5116,68.5116,68.5116,0,0,0
2017-04-28T04:00:00Z,68.5116,68.5116,68.5116,68.5116,0,0,0
2017-05-01T04:00:00Z,68.5915,68.5915,68.5915,68.5915,193,3,68.5915
2017-05-02T04:00:00Z,68.5915,68.5915,68.5915,68.5915,0,0,0
2017-05-03T04:00:00Z,68.5915,68.5915,68.5915,68.5915,0,0,0
2017-05-04T04:00:00Z,68.69,68.84,68.68,68.8,905,10,68.7167
2017-05-05T04:00:00Z,69.04,69.09,68.9625,68.9625,2882,33,69.0128
2017-05-08T04:00:00Z,68.9625,68.9625,68.9625,68.9625,0,0,0
2017-05-09T04:00:00Z,68.9625,68.9625,68.9625,68.9625,0,0,0
2017-05-10T04:00:00Z,69,69,69,69,331,3,69
2017-05-11T04:00:00Z,69,69,69,69,0,0,0
2017-05-12T04:00:00Z,69,69,69,69,0,0,0
2017-05-15T04:00:00Z,69,69,69,69,0,0,0
2017-05-16T04:00:00Z,69,69,69,69,0,0,0
2017-05-17T04:00:00Z,68.46,68.46,68.4301,68.4301,500,2,68.4361
2017-05-18T04:00:00Z,68.4301,68.4301,68.4301,68.4301,0,0,0
2017-05-19T04:00:00Z,68.4301,68.4301,68.4301,68.4301,0,0,0
2017-05-22T04:00:00Z,69.3754,69.3754,69.3754,69.3754,223,2,69.3754
2017-05-23T04:00:00Z,69.3754,69.3754,69.3754,69.3754,0,0,0
2017-05-24T04:00:00Z,69.25,69.25,69.25,69.25,1478,16,69.25
2017-05-25T04:00:00Z,69.25,69.25,69.25,69.25,0,0,0
2017-05-26T04:00:00Z,69.25,69.25,69.25,69.25,0,0,0
2017-05-30T04:00:00Z,69.25,69.25,69.25,69.25,0,0,0
2017-05-31T04:00:00Z,69.25,69.25,69.25,69.25,0,0,0
2017-06-01T04:00:00Z,71.26,71.26,71.26,71.26,100,1,71.26
2017-06-02T04:00:00Z,70.7699,70.7699,70.6734,70.6747,701,4,70.6879
2017-06-05T04:00:00Z,70.6747,70.6747,70.6747,70.6747,0,0,0
2017-06-06T04:00:00Z,70.6747,70.6747,70.6747,70.6747,0,0,0
2017-06-07T04:00:00Z,70.4392,70.4392,70.4392,70.4392,216,2,70.4392
2017-06-08T04:00:00Z,70.47,70.4756,70.47,70.4756,360,4,70.4719
2017-06-09T04:00:00Z,70.5,70.5,70.03,70.06,890,3,70.0862
2017-06-12T04:00:00Z,70.06,70.06,70.06,70.06,0,0,0
2017-06-13T04:00:00Z,69.98,70.1531,69.98,70.1531,6812,41,70.117
2017-06-14T04:00:00Z,70.1531,70.1531,70.1531,70.1531,0,0,0
2017-06-15T04:00:00Z,70.1531,70.1531,70.1531,70.1531,0,0,0
2017-06-16T04:00:00Z,69.62,69.62,69.62,69.62,220,2,69.62
2017-06-19T04:00:00Z,69.62,69.62,69.62,69.62,0,0,0
2017-06-20T04:00:00Z,70.05,70.05,70.05,70.05,721,2,70.05
2017-06-21T04:00:00Z,69.565,69.565,69.565,69.565,100,1,69.565
2017-06-22T04:00:00Z,69.5283,69.5283,69.5283,69.5283,101,2,69.5283
2017-06-23T04:00:00Z,69.5283,69.5283,69.5283,69.5283,0,0,0
2017-06-26T04:00:00Z,69.5283,69.5283,69.5283,69.5283,0,0,0
2017-06-27T04:00:00Z,69.5283,69.5283,69.5283,69.5283,0,0,0
2017-06-28T04:00:00Z,69.5283,69.5283,69.5283,69.5283,0,0,0
2017-06-29T04:00:00Z,69.5283,69.5283,69.5283,69.5283,0,0,0
2017-06-30T04:00:00Z,69.29,69.29,69.29,69.29,187,5,69.29
2017-07-03T04:00:00Z,69.29,69.29,69.29,69.29,0,0,0
2017-07-05T04:00:00Z,69.29,69.29,69.29,69.29,0,0,0
2017-07-06T04:00:00Z,69.29,69.29,69.29,69.29,0,0,0
2017-07-07T04:00:00Z,69.29,69.29,69.29,69.29,0,0,0
2017-07-10T04:00:00Z,69.29,69.29,69.29,69.29,0,0,0
2017-07-11T04:00:00Z,69.22,69.22,69.0641,69.0641,1825,2,69.141
2017-07-12T04:00:00Z,69.0641,69.0641,69.0641,69.0641,0,0,0
2017-07-13T04:00:00Z,69.0641,69.0641,69.0641,69.0641,0,0,0
2017-07-14T04:00:00Z,69.0641,69.0641,69.0641,69.0641,0,0,0
2017-07-17T04:00:00Z,69.0641,69.0641,69.0641,69.0641,0,0,0
2017-07-18T04:00:00Z,69.65,69.65,69.65,69.65,1000,2,69.65
2017-07-19T04:00:00Z,69.4,69.4,69.4,69.4,109,2,69.4
2017-07-20T04:00:00Z,69.4,69.4,69.4,69.4,0,0,0
2017-07-21T04:00:00Z,69.4,69.4,69.4,69.4,0,0,0
2017-07-24T04:00:00Z,69.4,69.4,69.4,69.4,0,0,0
2017-07-25T04:00:00Z,69.4,69.4,69.4,69.4,0,0,0
2017-07-26T04:00:00Z,69.8,70.39,69.8,70.39,85000,5,69.8864
2017-07-27T04:00:00Z,70.46,70.65,70.46,70.65,270,2,70.5304
2017-07-28T04:00:00Z,70.4,70.4,70.4,70.4,1230,2,70.4
2017-07-31T04:00:00Z,70.4,70.4,70.4,70.4,0,0,0
2017-08-01T04:00:00Z,70.4,70.4,70.4,70.4,0,0,0
2017-08-02T04:00:00Z,70.82,70.82,70.82,70.82,200,1,70.82
2017-08-03T04:00:00Z,70.79,70.79,70.79,70.79,1600,2,70.79
2017-08-04T04:00:00Z,71.2499,71.2499,70.83,70.83,1800,3,70.8767
2017-08-07T04:00:00Z,70.74,70.95,70.74,70.88,1800,6,70.8194
2017-08-08T04:00:00Z,70.822,70.822,70.75,70.75,527,4,70.7646
2017-08-09T04:00:00Z,70.65,70.65,70.65,70.65,400,2,70.65
2017-08-10T04:00:00Z,70.6,70.6802,69.85,69.85,2742,29,70.3742
2017-08-11T04:00:00Z,69.89,69.89,69.89,69.89,229,3,69.89
2017-08-14T04:00:00Z,70.57,70.57,70.57,70.57,1200,2,70.57
2017-08-15T04:00:00Z,70.52,70.52,70.52,70.52,1242,3,70.52
2017-08-16T04:00:00Z,70.64,70.75,70.64,70.75,800,6,70.6737
2017-08-17T04:00:00Z,70.2,70.2,70,70,644,5,70.0667
2017-08-18T04:00:00Z,69.91,69.91,69.8046,69.8046,685,4,69.8361
2017-08-21T04:00:00Z,70.02,70.02,70.02,70.02,1200,2,70.02
2017-08-22T04:00:00Z,70.49,70.55,70.1227,70.51,2760,9,70.4091
2017-08-23T04:00:00Z,70.4937,70.6125,70.35,70.35,1875,4,70.3822
2017-08-24T04:00:00Z,70.45,70.45,70.45,70.45,325,4,70.45
2017-08-25T04:00:00Z,70.46,70.46,70.46,70.46,1300,3,70.46
2017-08-28T04:00:00Z,70.46,70.46,70.46,70.46,1200,2,70.46
2017-08-29T04:00:00Z,70.42,70.42,70.42,70.42,1207,3,70.42
2017-08-30T04:00:00Z,70.34,70.53,70.34,70.53,1356,4,70.5154
2017-08-31T04:00:00Z,70.53,70.53,70.53,70.53,0,0,0
2017-09-01T04:00:00Z,71.34,71.5,71.34,71.34,4300,23,71.4429
2017-09-05T04:00:00Z,70.68,70.68,70.68,70.68,100,1,70.68
2017-09-06T04:00:00Z,70.68,70.68,70.68,70.68,0,0,0
2017-09-07T04:00:00Z,70.68,70.68,70.68,70.68,0,0,0
2017-09-08T04:00:00Z,71.25,71.25,71.25,71.25,400,2,71.25
2017-09-11T04:00:00Z,71.69,71.69,71.69,71.69,100,1,71.69
2017-09-12T04:00:00Z,72.2099,72.2099,72.2099,72.2099,140,1,72.2099
2017-09-13T04:00:00Z,72.07,72.07,72.07,72.07,400,1,72.07
2017-09-14T04:00:00Z,72.07,72.07,72.07,72.07,0,0,0
2017-09-15T04:00:00Z,72.07,72.07,72.07,72.07,0,0,0
2017-09-18T04:00:00Z,71.91,71.91,71.91,71.91,141,4,71.91
2017-09-19T04:00:00Z,72.0803,72.19,72.0803,72.19,350,3,72.143
2017-09-20T04:00:00Z,72.19,72.19,72.19,72.19,0,0,0
2017-09-21T04:00:00Z,71.8384,71.8384,71.8381,71.8381,500,2,71.8382
2017-09-22T04:00:00Z,71.91,71.91,71.91,71.91,400,2,71.91
2017-09-25T04:00:00Z,71.83,71.83,71.83,71.83,115,2,71.83
2017-09-26T04:00:00Z,71.4,71.99,70,71.65,9863,53,71.2711
2017-09-27T04:00:00Z,71.56,71.95,71.56,71.95,3000,30,71.6607
2017-09-28T04:00:00Z,71.4501,71.95,71.4501,71.95,545,3,71.817
2017-09-29T04:00:00Z,72.05,72.25,72.05,72.25,650,6,72.2053
2017-10-02T04:00:00Z,72.43,72.43,72.43,72.43,200,2,72.43
2017-10-03T04:00:00Z,72.51,72.77,72.51,72.77,600,6,72.5883
2017-10-04T04:00:00Z,72.53,72.61,72.52,72.61,1823,14,72.5492
2017-10-05T04:00:00Z,72.92,72.92,72.92,72.92,585,3,72.92
2017-10-06T04:00:00Z,72.92,72.92,72.92,72.92,0,0,0
2017-10-09T04:00:00Z,72.92,72.92,72.92,72.92,0,0,0
2017-10-10T04:00:00Z,72.92,72.92,72.92,72.92,0,0,0
2017-10-11T04:00:00Z,73.306,73.315,73.306,73.315,300,2,73.312
2017-10-12T04:00:00Z,73.315,73.315,73.315,73.315,0,0,0
2017-10-13T04:00:00Z,73.315,73.315,73.315,73.315,0,0,0
2017-10-16T04:00:00Z,73.315,73.315,73.315,73.315,0,0,0
2017-10-17T04:00:00Z,73.315,73.315,73.315,73.315,0,0,0
2017-10-18T04:00:00Z,73.315,73.315,73.315,73.315,0,0,0
2017-10-19T04:00:00Z,73.689,73.689,73.689,73.689,275,5,73.689
2017-10-20T04:00:00Z,73.63,73.6913,73.63,73.67,847,4,73.6531
2017-10-23T04:00:00Z,73.8999,73.8999,73.7247,73.7247,415,3,73.8182
2017-10-24T04:00:00Z,73.7247,73.7247,73.7247,73.7247,0,0,0
2017-10-25T04:00:00Z,73.7247,73.7247,73.7247,73.7247,0,0,0
2017-10-26T04:00:00Z,73.6592,73.6592,73.6442,73.6442,256,2,73.6512
2017-10-27T04:00:00Z,73.56,73.56,73.56,73.56,197,2,73.56
2017-10-30T04:00:00Z,73.56,73.56,73.56,73.56,0,0,0
2017-10-31T04:00:00Z,73.56,73.56,73.56,73.56,0,0,0
2017-11-01T04:00:00Z,74.1,74.1,74.089,74.089,542,4,74.0915
2017-11-02T04:00:00Z,74.089,74.089,74.089,74.089,0,0,0
2017-11-03T04:00:00Z,74.089,74.089,74.089,74.089,0,0,0
2017-11-06T05:00:00Z,74.089,74.089,74.089,74.089,0,0,0
2017-11-07T05:00:00Z,74.089,74.089,74.089,74.089,0,0,0
2017-11-08T05:00:00Z,74.46,74.46,74.46,74.46,295,2,74.46
2017-11-09T05:00:00Z,74.46,74.46,74.46,74.46,0,0,0
2017-11-10T05:00:00Z,74.46,74.46,74.46,74.46,0,0,0
2017-11-13T05:00:00Z,74.46,74.46,74.46,74.46,0,0,0
2017-11-14T05:00:00Z,73.81,73.81,73.81,73.81,100,1,73.81
2017-11-15T05:00:00Z,73.61,73.61,73.61,73.61,267,3,73.61
2017-11-16T05:00:00Z,73.61,73.61,73.61,73.61,0,0,0
2017-11-17T05:00:00Z,74.08,74.12,74.08,74.12,2556,9,74.0948
2017-11-20T05:00:00Z,74.12,74.12,74.12,74.12,0,0,0
2017-11-21T05:00:00Z,74.65,74.65,74.65,74.65,518,3,74.65
2017-11-22T05:00:00Z,74.65,74.65,74.65,74.65,0,0,0
2017-11-24T05:00:00Z,74.65,74.65,74.65,74.65,0,0,0
2017-11-27T05:00:00Z,74.65,74.65,74.65,74.65,0,0,0
2017-11-28T05:00:00Z,74.65,74.65,74.65,74.65,0,0,0
2017-11-29T05:00:00Z,74.65,74.65,74.65,74.65,0,0,0
2017-11-30T05:00:00Z,74.65,74.65,74.65,74.65,0,0,0
2017-12-01T05:00:00Z,74.65,74.65,74.65,74.65,0,0,0
2017-12-04T05:00:00Z,75.4848,75.4848,75.4848,75.4848,107,1,75.4848
2017-12-05T05:00:00Z,75.4848,75.4848,75.4848,75.4848,0,0,0
2017-12-06T05:00:00Z,75.4848,75.4848,75.4848,75.4848,0,0,0
2017-12-07T05:00:00Z,75.4848,75.4848,75.4848,75.4848,0,0,0
2017-12-08T05:00:00Z,75.4848,75.4848,75.4848,75.4848,0,0,0
2017-12-11T05:00:00Z,75.4848,75.4848,75.4848,75.4848,0,0,0
2017-12-12T05:00:00Z,75.4848,75.4848,75.4848,75.4848,0,0,0
2017-12-13T05:00:00Z,75.4848,75.4848,75.4848,75.4848,0,0,0
2017-12-14T05:00:00Z,75.4848,75.4848,75.4848,75.4848,0,0,0
2017-12-15T05:00:00Z,74.89,74.89,74.89,74.89,271,3,74.89
2017-12-18T05:00:00Z,75.563,75.57,75.563,75.5699,994,8,75.569
2017-12-19T05:00:00Z,75.5699,75.5699,75.5699,75.5699,0,0,0
2017-12-20T05:00:00Z,75.182,75.182,75.182,75.182,727,3,75.182
2017-12-21T05:00:00Z,75.182,75.182,75.182,75.182,0,0,0
2017-12-22T05:00:00Z,75.28,75.28,75.28,75.28,187,4,75.28
2017-12-26T05:00:00Z,75.35,75.35,75.35,75.35,259,5,75.35
2017-12-27T05:00:00Z,75.3269,75.3269,75.3269,75.3269,265,2,75.3269
2017-12-28T05:00:00Z,75.4252,75.4252,75.4252,75.4252,154,5,75.4252
2017-12-29T05:00:00Z,75.4252,75.4252,75.4252,75.4252,0,0,0
2018-01-02T05:00:00Z,75.63,75.63,75.63,75.63,6698,6,75.63
2018-01-03T05:00:00Z,76.1,76.15,76.1,76.15,201,2,76.1251
2018-01-04T05:00:00Z,76.4,76.59,76.4,76.57,1034,7,76.5236
2018-01-05T05:00:00Z,76.729,76.86,76.729,76.75,992,6,76.7471
2018-01-08T05:00:00Z,76.75,76.75,76.75,76.75,0,0,0
2018-01-09T05:00:00Z,76.75,76.75,76.75,76.75,0,0,0
2018-01-10T05:00:00Z,76.75,76.75,76.75,76.75,0,0,0
2018-01-11T05:00:00Z,77.12,77.21,77.12,77.21,371,4,77.1607
2018-01-12T05:00:00Z,77.83,77.83,77.7981,77.7981,1781,5,77.8187
2018-01-16T05:00:00Z,78.7,78.7,77.75,77.75,950,10,78.0541
2018-01-17T05:00:00Z,77.75,77.75,77.75,77.75,0,0,0
2018-01-18T05:00:00Z,78.14,78.14,78.14,78.14,273,3,78.14
2018-01-19T05:00:00Z,78.14,78.14,78.14,78.14,0,0,0
2018-01-22T05:00:00Z,78.14,78.14,78.14,78.14,0,0,0
2018-01-23T05:00:00Z,79.62,79.62,79.62,79.62,710,1,79.62
2018-01-24T05:00:00Z,79.299,79.299,79.299,79.299,363,4,79.299
2018-01-25T05:00:00Z,79.299,79.299,79.299,79.299,0,0,0
2018-01-26T05:00:00Z,79.299,79.299,79.299,79.299,0,0,0
2018-01-29T05:00:00Z,80.3,80.3,79.6146,79.6146,669,5,80.1322
2018-01-30T05:00:00Z,78.7617,78.94,78.731,78.94,1108,10,78.8384
2018-01-31T05:00:00Z,79.08,79.08,78.67,78.86,25204,33,78.9254
2018-02-01T05:00:00Z,78.86,78.86,78.86,78.86,0,0,0
2018-02-02T05:00:00Z,77.9158,78,77.3,77.3,20439,13,77.8655
2018-02-05T05:00:00Z,76.59,76.59,73.68,73.68,2397,20,75.8624
2018-02-06T05:00:00Z,73.0701,75.335,73.0701,75.06,5464,42,74.232
2018-02-07T05:00:00Z,74.73,75.62,74.62,74.62,6031,31,75.3315
2018-02-08T05:00:00Z,73.697,74.07,73.697,73.949,414,3,73.9213
2018-02-09T05:00:00Z,72.16,72.77,71.99,72.77,3907,15,72.1911
2018-02-12T05:00:00Z,72.77,72.77,72.77,72.77,0,0,0
2018-02-13T05:00:00Z,74.27,74.45,74.27,74.45,1483,7,74.287
2018-02-14T05:00:00Z,73.86,73.86,73.86,73.86,285,5,73.86
2018-02-15T05:00:00Z,75.98,75.98,75.639,75.639,1095,5,75.8219
2018-02-16T05:00:00Z,76.3374,76.6514,76.3374,76.5113,984,5,76.454
2018-02-20T05:00:00Z,76.59,76.59,75.68,75.68,1980,9,76.2244
2018-02-21T05:00:00Z,76.51,76.51,75.79,75.79,4486,14,76.2895
2018-02-22T05:00:00Z,76.07,76.07,75.5016,75.5016,530,6,75.7582
2018-02-23T05:00:00Z,76.37,76.37,76.37,76.37,180,2,76.37
2018-02-26T05:00:00Z,76.92,77.19,76.92,77.19,300,3,77.0967
2018-02-27T05:00:00Z,77.19,77.19,77.19,77.19,0,0,0
2018-02-28T05:00:00Z,76.2638,76.2638,76.2638,76.2638,222,3,76.2638
2018-03-01T05:00:00Z,76.2638,76.2638,76.2638,76.2638,0,0,0
2018-03-02T05:00:00Z,76.2638,76.2638,76.2638,76.2638,0,0,0
2018-03-05T05:00:00Z,75.13,75.13,75.13,75.13,1051,7,75.13
2018-03-06T05:00:00Z,75.565,75.565,75.565,75.565,267,4,75.565
2018-03-07T05:00:00Z,75.3352,75.3352,75.3352,75.3352,100,1,75.3352
2018-03-08T05:00:00Z,75.3352,75.3352,75.3352,75.3352,0,0,0
2018-03-09T05:00:00Z,76.6,76.6171,76.6,76.6171,212,5,76.6085
2018-03-12T04:00:00Z,76.91,76.91,76.7636,76.7636,956,3,76.8203
2018-03-13T04:00:00Z,76.61,76.61,76.61,76.61,182,6,76.61
2018-03-14T04:00:00Z,76.5561,76.5561,76.5561,76.5561,190,1,76.5561
2018-03-15T04:00:00Z,76.5561,76.5561,76.5561,76.5561,0,0,0
2018-03-16T04:00:00Z,76.4899,76.75,76.36,76.74,20398,117,76.5711
2018-03-19T04:00:00Z,76.24,76.24,76.24,76.24,920,7,76.24
2018-03-20T04:00:00Z,75.6361,75.6361,75.6361,75.6361,1974,2,75.6361
2018-03-21T04:00:00Z,75.6361,75.6361,75.6361,75.6361,0,0,0
2018-03-22T04:00:00Z,74.81,74.81,74.42,74.4827,2735,9,74.4774
2018-03-23T04:00:00Z,74.4827,74.4827,74.4827,74.4827,0,0,0
2018-03-26T04:00:00Z,74.4827,74.4827,74.4827,74.4827,0,0,0
2018-03-27T04:00:00Z,74.4827,74.4827,74.4827,74.4827,0,0,0
2018-03-28T04:00:00Z,74.38,74.38,74.01,74.01,363,5,74.1333
2018-03-29T04:00:00Z,75.21,75.21,75.21,75.21,100,1,75.21
2018-04-02T04:00:00Z,74.61,74.61,72.95,73.6,13576,134,73.607
2018-04-03T04:00:00Z,73.55,73.55,73.55,73.55,300,5,73.55
2018-04-04T04:00:00Z,73.895,73.99,73.895,73.895,658,5,73.9121
2018-04-05T04:00:00Z,75.299,75.299,75.299,75.299,190,2,75.299
2018-04-06T04:00:00Z,74.9,75.06,73.7409,73.83,1535,12,74.7516
2018-04-09T04:00:00Z,74.355,75.0903,74.355,75.0903,406,6,74.7227
2018-04-10T04:00:00Z,75.41,75.45,75.38,75.4,456,5,75.41
2018-04-11T04:00:00Z,75.2182,75.2182,75,75,398,2,75.0729
2018-04-12T04:00:00Z,75.5605,75.5605,75.5605,75.5605,100,1,75.5605
2018-04-13T04:00:00Z,75.5605,75.5605,75.5605,75.5605,0,0,0
2018-04-16T04:00:00Z,75.47,75.7683,75.47,75.7683,1543,15,75.5926
2018-04-17T04:00:00Z,75.7683,75.7683,75.7683,75.7683,0,0,0
2018-04-18T04:00:00Z,76.4464,76.4464,76.4464,76.4464,118,1,76.4464
2018-04-19T04:00:00Z,75.6201,75.6201,75.6201,75.6201,599,16,75.6201
2018-04-20T04:00:00Z,75.6201,75.6201,75.6201,75.6201,0,0,0
2018-04-23T04:00:00Z,75.6201,75.6201,75.6201,75.6201,0,0,0
2018-04-24T04:00:00Z,75.6201,75.6201,75.6201,75.6201,0,0,0
2018-04-25T04:00:00Z,75.6201,75.6201,75.6201,75.6201,0,0,0
2018-04-26T04:00:00Z,75.2,75.2,75.2,75.2,1000,2,75.2
2018-04-27T04:00:00Z,75.2,75.2,75.2,75.2,0,0,0
2018-04-30T04:00:00Z,75.1371,75.1371,75.1371,75.1371,255,3,75.1371
2018-05-01T04:00:00Z,75.1371,75.1371,75.1371,75.1371,0,0,0
2018-05-02T04:00:00Z,75.1371,75.1371,75.1371,75.1371,0,0,0
2018-05-03T04:00:00Z,75.1371,75.1371,75.1371,75.1371,0,0,0
2018-05-04T04:00:00Z,75.1371,75.1371,75.1371,75.1371,0,0,0
2018-05-07T04:00:00Z,75.1371,75.1371,75.1371,75.1371,0,0,0
2018-05-08T04:00:00Z,75.1371,75.1371,75.1371,75.1371,0,0,0
2018-05-09T04:00:00Z,75.14,75.14,75.14,75.14,196,1,75.14
2018-05-10T04:00:00Z,75.14,75.14,75.14,75.14,0,0,0
2018-05-11T04:00:00Z,75.14,75.14,75.14,75.14,0,0,0
2018-05-14T04:00:00Z,76.6283,76.6283,76.4899,76.4899,744,2,76.5911
2018-05-15T04:00:00Z,75.73,75.73,75.73,75.73,221,1,75.73
2018-05-16T04:00:00Z,75.71,76.0148,75.71,76.0148,433,5,75.8406
2018-05-17T04:00:00Z,76.0148,76.0148,76.0148,76.0148,0,0,0
2018-05-18T04:00:00Z,75.989,75.989,75.989,75.989,620,4,75.989
2018-05-21T04:00:00Z,76.55,76.55,76.4133,76.47,918,6,76.4851
2018-05-22T04:00:00Z,76.47,76.47,76.47,76.47,0,0,0
2018-05-23T04:00:00Z,76.47,76.47,76.47,76.47,0,0,0
2018-05-24T04:00:00Z,75.9522,75.9522,75.9522,75.9522,788,6,75.9522
2018-05-25T04:00:00Z,75.9522,75.9522,75.9522,75.9522,0,0,0
2018-05-29T04:00:00Z,74.94,74.94,74.8888,74.8888,1654,4,74.9116
2018-05-30T04:00:00Z,74.8888,74.8888,74.8888,74.8888,0,0,0
2018-05-31T04:00:00Z,75.58,75.6378,75.58,75.6378,633,4,75.6173
2018-06-01T04:00:00Z,75.6378,75.6378,75.6378,75.6378,0,0,0
2018-06-04T04:00:00Z,75.78,75.78,75.7222,75.7222,344,3,75.7441
2018-06-05T04:00:00Z,75.7222,75.7222,75.7222,75.7222,0,0,0
2018-06-06T04:00:00Z,76.09,76.105,76.09,76.105,752,7,76.0982
2018-06-07T04:00:00Z,76.105,76.105,76.105,76.105,0,0,0
2018-06-08T04:00:00Z,76.105,76.105,76.105,76.105,0,0,0
2018-06-11T04:00:00Z,76.5025,76.5176,76.46,76.46,394,7,76.4934
2018-06-12T04:00:00Z,76.46,76.46,76.46,76.46,0,0,0
2018-06-13T04:00:00Z,76.46,76.46,76.46,76.46,0,0,0
2018-06-14T04:00:00Z,76.3608,76.3608,76.3608,76.3608,435,2,76.3608
2018-06-15T04:00:00Z,76.2,76.2,75.9985,76.178,1809,13,76.0355
2018-06-18T04:00:00Z,76.178,76.178,76.178,76.178,0,0,0
2018-06-19T04:00:00Z,76.178,76.178,76.178,76.178,0,0,0
2018-06-20T04:00:00Z,76.178,76.178,76.178,76.178,0,0,0
2018-06-21T04:00:00Z,76.178,76.178,76.178,76.178,0,0,0
2018-06-22T04:00:00Z,75.6772,75.6772,75.6772,75.6772,237,3,75.6772
2018-06-25T04:00:00Z,74.97,74.97,73.95,74.17,6524,42,74.4446
2018-06-26T04:00:00Z,74.38,74.5,74.24,74.26,6636,46,74.4064
2018-06-27T04:00:00Z,73.8282,73.8282,73.8282,73.8282,260,2,73.8282
2018-06-28T04:00:00Z,73.8282,73.8282,73.8282,73.8282,0,0,0
2018-06-29T04:00:00Z,74.78,74.78,74.78,74.78,493,18,74.78
2018-07-02T04:00:00Z,74.78,74.78,74.78,74.78,0,0,0
2018-07-03T04:00:00Z,74.78,74.78,74.78,74.78,0,0,0
2018-07-05T04:00:00Z,74.76,74.76,74.76,74.76,650,4,74.76
2018-07-06T04:00:00Z,75.3749,75.3749,75.291,75.291,680,2,75.3329
2018-07-09T04:00:00Z,75.291,75.291,75.291,75.291,0,0,0
2018-07-10T04:00:00Z,75.291,75.291,75.291,75.291,0,0,0
2018-07-11T04:00:00Z,75.5,75.559,75.4722,75.5383,950,8,75.5142
2018-07-12T04:00:00Z,75.5383,75.5383,75.5383,75.5383,0,0,0
2018-07-13T04:00:00Z,76.1809,76.1809,76.1809,76.1809,125,1,76.1809
2018-07-16T04:00:00Z,76.04,76.14,75.86,75.96,6704,53,75.9903
2018-07-17T04:00:00Z,75.87,76.37,75.87,76.29,6810,56,76.2057
2018-07-18T04:00:00Z,76.54,76.54,76.54,76.54,150,2,76.54
2018-07-19T04:00:00Z,76.54,76.54,76.54,76.54,0,0,0
2018-07-20T04:00:00Z,76.5573,76.5573,76.542,76.542,2045,37,76.5497
2018-07-23T04:00:00Z,76.5,76.5,76.5,76.5,200,2,76.5
2018-07-24T04:00:00Z,76.965,76.965,76.87,76.87,440,3,76.9142
2018-07-25T04:00:00Z,76.85,76.85,76.82,76.82,274,3,76.835
2018-07-26T04:00:00Z,77.0798,77.0798,77.0798,77.0798,458,5,77.0798
2018-07-27T04:00:00Z,77.0798,77.0798,77.0798,77.0798,0,0,0
2018-07-30T04:00:00Z,77.0798,77.0798,77.0798,77.0798,0,0,0
2018-07-31T04:00:00Z,77.0798,77.0798,77.0798,77.0798,0,0,0
2018-08-01T04:00:00Z,76.7092,76.7683,76.7092,76.7683,355,3,76.7419
2018-08-02T04:00:00Z,76.3294,76.3294,76.3294,76.3294,100,1,76.3294
2018-08-03T04:00:00Z,76.3294,76.3294,76.3294,76.3294,0,0,0
2018-08-06T04:00:00Z,76.64,76.64,76.64,76.64,1582,19,76.64
2018-08-07T04:00:00Z,76.64,76.64,76.64,76.64,0,0,0
2018-08-08T04:00:00Z,77.44,77.44,77.44,77.44,272,7,77.44
2018-08-09T04:00:00Z,77.46,77.46,77.4,77.4,904,6,77.4123
2018-08-10T04:00:00Z,76.66,76.66,76.6004,76.6004,218,3,76.6302
2018-08-13T04:00:00Z,76.6004,76.6004,76.6004,76.6004,0,0,0
2018-08-14T04:00:00Z,76.6091,76.6683,76.6091,76.6683,405,5,76.6472
2018-08-15T04:00:00Z,76.6683,76.6683,76.6683,76.6683,0,0,0
2018-08-16T04:00:00Z,76.6683,76.6683,76.6683,76.6683,0,0,0
2018-08-17T04:00:00Z,76.6683,76.6683,76.6683,76.6683,0,0,0
2018-08-20T04:00:00Z,76.6683,76.6683,76.6683,76.6683,0,0,0
2018-08-21T04:00:00Z,77.52,77.52,77.52,77.52,180,6,77.52
2018-08-22T04:00:00Z,77.52,77.52,77.52,77.52,0,0,0
2018-08-23T04:00:00Z,77.08,77.26,77,77,12348,25,77.064
2018-08-24T04:00:00Z,77.22,77.47,77.2,77.42,12352,29,77.383
2018-08-27T04:00:00Z,78.21,78.21,78.21,78.21,600,1,78.21
2018-08-28T04:00:00Z,78.21,78.21,78.21,78.21,0,0,0
2018-08-29T04:00:00Z,77.82,78.4434,77.82,78.4434,1247,9,78.2163
2018-08-30T04:00:00Z,78.4434,78.4434,78.4434,78.4434,0,0,0
2018-08-31T04:00:00Z,77.734,77.81,77.734,77.7773,596,7,77.7738
2018-09-04T04:00:00Z,77.539,77.54,77.539,77.54,512,7,77.5395
2018-09-05T04:00:00Z,77.2488,77.32,77.2488,77.32,455,4,77.2844
2018-09-06T04:00:00Z,76.9,76.9,76.9,76.9,671,4,76.9
2018-09-07T04:00:00Z,77.119,77.119,76.9314,76.9314,1492,5,77.0983
2018-09-10T04:00:00Z,77.46,77.46,77.131,77.21,5751,12,77.195
2018-09-11T04:00:00Z,77.3212,77.3212,77.3212,77.3212,207,7,77.3212
2018-09-12T04:00:00Z,77.3212,77.3212,77.3212,77.3212,0,0,0
2018-09-13T04:00:00Z,77.8338,77.8338,77.8338,77.8338,407,7,77.8338
2018-09-14T04:00:00Z,77.8338,77.8338,77.8338,77.8338,0,0,0
2018-09-17T04:00:00Z,77.8338,77.8338,77.8338,77.8338,0,0,0
2018-09-18T04:00:00Z,78.35,78.35,78.35,78.35,219,7,78.35
2018-09-19T04:00:00Z,78.4,78.4,78.2334,78.2334,655,3,78.2592
2018-09-20T04:00:00Z,78.81,79.01,78.81,79.01,1326,9,78.9737
2018-09-21T04:00:00Z,78.9627,79.1183,78.9627,79.09,1075,9,79.0607
2018-09-24T04:00:00Z,78.7202,78.7202,78.5231,78.533,496,5,78.57
2018-09-25T04:00:00Z,78.6741,78.6741,78.6741,78.6741,130,6,78.6741
2018-09-26T04:00:00Z,78.77,78.77,78.77,78.77,176,2,78.77
2018-09-27T04:00:00Z,78.7188,78.78,78.7188,78.78,361,6,78.7494
2018-09-28T04:00:00Z,78.47,78.61,78.47,78.4983,1311,17,78.5334
2018-10-01T04:00:00Z,78.82,78.82,78.82,78.82,548,3,78.82
2018-10-02T04:00:00Z,78.7199,78.72,78.6592,78.72,1206,10,78.6951
2018-10-03T04:00:00Z,79.55,79.55,79.55,79.55,2159,2,79.55
2018-10-04T04:00:00Z,79.55,79.55,79.55,79.55,0,0,0
2018-10-05T04:00:00Z,79.55,79.55,79.55,79.55,0,0,0
2018-10-08T04:00:00Z,79.55,79.55,79.55,79.55,0,0,0
2018-10-09T04:00:00Z,77.2278,77.2278,77.2278,77.2278,134,3,77.2278
2018-10-10T04:00:00Z,77.2278,77.2278,77.2278,77.2278,0,0,0
2018-10-11T04:00:00Z,74.68,74.8284,74.55,74.55,444,4,74.6988
2018-10-12T04:00:00Z,73.94,73.94,73.94,73.94,227,5,73.94
2018-10-15T04:00:00Z,74.5281,74.56,74.5281,74.56,338,7,74.5388
2018-10-16T04:00:00Z,75.3393,75.599,75.3393,75.599,1377,9,75.4243
2018-10-17T04:00:00Z,75.67,75.67,75.5,75.5,1707,13,75.5132
2018-10-18T04:00:00Z,74.5,74.5,74.5,74.5,464,11,74.5
2018-10-19T04:00:00Z,74.814,74.95,74.814,74.95,1119,9,74.8836
2018-10-22T04:00:00Z,74.6199,74.6573,74.6199,74.6573,1559,8,74.6448
2018-10-23T04:00:00Z,73.3748,73.3748,73.3748,73.3748,500,1,73.3748
2018-10-24T04:00:00Z,73.3748,73.3748,73.3748,73.3748,0,0,0
2018-10-25T04:00:00Z,72.92,73.2,72.92,73.2,1411,10,73.0553
2018-10-26T04:00:00Z,72.2739,72.578,72.2739,72.3792,831,8,72.4979
2018-10-29T04:00:00Z,72.772,72.9674,72.772,72.9674,425,4,72.8848
2018-10-30T04:00:00Z,72.55,72.55,72.55,72.55,100,1,72.55
2018-10-31T04:00:00Z,73.7461,73.785,73.7461,73.785,382,3,73.772
2018-11-01T04:00:00Z,74.1951,74.239,74.0376,74.239,1667,8,74.109
2018-11-02T04:00:00Z,73.48,73.48,73.48,73.48,201,4,73.48
2018-11-05T05:00:00Z,74.67,74.67,73.9,74.1608,8236,29,73.9617
2018-11-06T05:00:00Z,74.36,74.36,74.36,74.36,132,3,74.36
2018-11-07T05:00:00Z,75.28,75.6392,75.28,75.6392,1731,8,75.5062
2018-11-08T05:00:00Z,75.72,75.72,75.395,75.395,606,17,75.5288
2018-11-09T05:00:00Z,75.03,75.03,74.88,74.88,406,5,74.955
2018-11-12T05:00:00Z,74.88,74.88,74.88,74.88,0,0,0
2018-11-13T05:00:00Z,74.44,74.44,74.0499,74.0499,567,6,74.3425
2018-11-14T05:00:00Z,74.4259,74.4259,74.004,74.004,505,5,74.1743
2018-11-15T05:00:00Z,73.5255,74.1392,73.5255,74.1392,562,3,73.8081
2018-11-16T05:00:00Z,74.4199,74.4199,74.36,74.36,578,8,74.3944
2018-11-19T05:00:00Z,73.5,73.5,73.5,73.5,1516,6,73.5
2018-11-20T05:00:00Z,72.3599,72.49,72.14,72.18,4499,39,72.3444
2018-11-21T05:00:00Z,72.88,73.099,72.88,72.93,2965,18,72.9556
2018-11-23T05:00:00Z,72.93,72.93,72.93,72.93,0,0,0
2018-11-26T05:00:00Z,73.19,73.19,73.039,73.161,632,8,73.1176
2018-11-27T05:00:00Z,73.04,73.51,73.04,73.51,311,6,73.275
2018-11-28T05:00:00Z,73.51,73.51,73.51,73.51,0,0,0
2018-11-29T05:00:00Z,73.51,73.51,73.51,73.51,0,0,0
2018-11-30T05:00:00Z,74.37,74.38,74.37,74.38,1569,10,74.3786
2018-12-03T05:00:00Z,75.12,75.3899,74.9435,75.3555,2847,10,75.3354
2018-12-04T05:00:00Z,74.76,74.76,74.76,74.76,266,3,74.76
2018-12-06T05:00:00Z,73,73,72.09,72.09,443,5,72.7226
2018-12-07T05:00:00Z,73.19,73.19,71.9192,72.38,47304,118,72.2279
2018-12-10T05:00:00Z,71.54,71.54,71.41,71.41,343,6,71.4533
2018-12-11T05:00:00Z,72.65,72.65,72.65,72.65,103,3,72.65
2018-12-12T05:00:00Z,73.18,73.25,73.07,73.07,823,7,73.1063
2018-12-13T05:00:00Z,72.94,73.05,72.583,72.99,8861,80,72.8016
2018-12-14T05:00:00Z,72.23,72.33,71.67,71.73,8138,50,71.9898
2018-12-17T05:00:00Z,71.73,71.73,71.73,71.73,0,0,0
2018-12-18T05:00:00Z,70.58,71.02,70.15,70.35,3164,13,70.3749
2018-12-19T05:00:00Z,71.02,71.09,69.97,69.97,1270,11,70.7043
2018-12-20T05:00:00Z,69.6,69.6,68.56,69.36,6738,43,69.1654
2018-12-21T05:00:00Z,66.8929,66.8929,66.8929,66.8929,554,2,66.8929
2018-12-24T05:00:00Z,66.05,66.05,66.05,66.05,107,2,66.05
2018-12-26T05:00:00Z,65.43,65.68,65.43,65.68,282,6,65.555
2018-12-27T05:00:00Z,67.55,67.55,66.7042,66.7042,2124,9,66.8624
2018-12-28T05:00:00Z,68.1,68.1,68.1,68.1,322,5,68.1
2018-12-31T05:00:00Z,69.33,69.33,68.31,68.57,1646,15,68.6128
2019-01-02T05:00:00Z,68.57,68.57,68.57,68.57,0,0,0
2019-01-03T05:00:00Z,68.57,68.57,68.57,68.57,0,0,0
2019-01-04T05:00:00Z,69.1,69.1,69.1,69.1,343,5,69.1
2019-01-07T05:00:00Z,69.1,69.1,69.1,69.1,0,0,0
2019-01-08T05:00:00Z,70.18,70.41,70.18,70.41,1896,10,70.3069
2019-01-09T05:00:00Z,70.59,70.92,70.59,70.82,2862,27,70.8012
2019-01-10T05:00:00Z,70.8015,70.9752,70.6258,70.93,1985,19,70.8185
2019-01-11T05:00:00Z,70.7664,70.96,70.72,70.72,1325,10,70.821
2019-01-14T05:00:00Z,70.56,70.75,70.56,70.6863,1830,17,70.6465
2019-01-15T05:00:00Z,70.97,71.07,70.816,70.9,2588,17,70.9829
2019-01-16T05:00:00Z,71.2006,71.3699,71.2006,71.3699,1560,7,71.2743
2019-01-17T05:00:00Z,71.26,71.65,71.26,71.65,1700,7,71.4756
2019-01-18T05:00:00Z,72.02,72.46,72.02,72.46,5214,18,72.393
2019-01-22T05:00:00Z,72.46,72.46,72.46,72.46,0,0,0
2019-01-23T05:00:00Z,71.65,71.75,71.65,71.75,409,5,71.685
2019-01-24T05:00:00Z,71.75,71.75,71.75,71.75,252,3,71.75
2019-01-25T05:00:00Z,72.35,72.5,72.35,72.5,600,5,72.3773
2019-01-28T05:00:00Z,72.5,72.5,72.5,72.5,0,0,0
2019-01-29T05:00:00Z,72.1055,72.1055,72.1055,72.1055,111,2,72.1055
2019-01-30T05:00:00Z,73.2,73.2,73.2,73.2,475,5,73.2
2019-01-31T05:00:00Z,73.48,73.48,73.321,73.3696,425,4,73.3754
2019-02-01T05:00:00Z,73.5901,73.5901,73.5901,73.5901,1200,2,73.5901
2019-02-04T05:00:00Z,73.48,73.48,73.48,73.48,106,2,73.48
2019-02-05T05:00:00Z,74.3,74.31,74.3,74.31,328,5,74.3035
2019-02-06T05:00:00Z,74.1201,74.1201,74.1201,74.1201,169,2,74.1201
2019-02-07T05:00:00Z,73.36,73.36,73.36,73.36,100,1,73.36
2019-02-08T05:00:00Z,73.47,73.47,73.47,73.47,183,3,73.47
2019-02-11T05:00:00Z,73.539,73.539,73.539,73.539,286,2,73.539
2019-02-12T05:00:00Z,74.4101,74.4101,74.4101,74.4101,130,2,74.4101
2019-02-13T05:00:00Z,74.441,74.68,74.441,74.6082,2234,8,74.617
2019-02-14T05:00:00Z,74.3096,74.6372,74.3096,74.6331,1183,9,74.449
2019-02-15T05:00:00Z,74.9301,75.0293,74.9301,75.0293,379,5,74.9922
2019-02-19T05:00:00Z,75.5,75.64,75.5,75.639,3744,12,75.6349
2019-02-20T05:00:00Z,75.7428,75.77,75.7268,75.7328,937,8,75.7521
2019-02-21T05:00:00Z,75.7328,75.7328,75.7328,75.7328,0,0,0
2019-02-22T05:00:00Z,75.899,75.9099,75.899,75.9099,450,3,75.9023
2019-02-25T05:00:00Z,76.1049,76.11,76.09,76.09,1220,8,76.1009
2019-02-26T05:00:00Z,76.05,76.05,76.05,76.05,1033,37,76.05
2019-02-27T05:00:00Z,76.05,76.05,76.05,76.05,0,0,0
2019-02-28T05:00:00Z,75.73,75.8884,75.73,75.8884,386,5,75.8092
2019-03-01T05:00:00Z,76.23,76.23,76.01,76.119,1092,12,76.1257
2019-03-04T05:00:00Z,76.26,76.26,76.26,76.26,283,5,76.26
2019-03-05T05:00:00Z,76.0513,76.13,75.9801,76.13,18200,32,76.0228
2019-03-06T05:00:00Z,75.74,75.74,75.74,75.74,232,10,75.74
2019-03-07T05:00:00Z,75.22,75.38,75.21,75.21,4603,24,75.351
2019-03-08T05:00:00Z,74.8751,74.8751,74.8751,74.8751,1978,5,74.8751
2019-03-11T04:00:00Z,75.7938,75.88,75.7938,75.88,1076,10,75.8585
2019-03-12T04:00:00Z,75.66,76.07,75.66,76.07,850,9,75.9488
2019-03-13T04:00:00Z,76.541,76.69,76.541,76.69,2086,19,76.5807
2019-03-14T04:00:00Z,76.3892,76.55,76.3892,76.5199,2490,28,76.4936
2019-03-15T04:00:00Z,76.5199,76.5199,76.5199,76.5199,0,0,0
2019-03-18T04:00:00Z,77.146,77.146,76.68,76.735,226706,43,76.6827
2019-03-19T04:00:00Z,77.12,77.14,77.12,77.14,320,4,77.13
2019-03-20T04:00:00Z,77.14,77.14,77.14,77.14,0,0,0
2019-03-21T04:00:00Z,77.02,77.0783,77.02,77.0269,715,5,77.0413
2019-03-22T04:00:00Z,76.48,76.48,76.48,76.48,2640,1,76.48
2019-03-25T04:00:00Z,76.48,76.48,76.48,76.48,0,0,0
2019-03-26T04:00:00Z,76.8069,76.9408,76.8069,76.9408,471,5,76.8752
2019-03-27T04:00:00Z,76.36,76.43,76.36,76.43,1403,6,76.3654
2019-03-28T04:00:00Z,76.43,76.43,76.43,76.43,0,0,0
2019-03-29T04:00:00Z,76.43,76.43,76.43,76.43,0,0,0
2019-04-01T04:00:00Z,77.81,77.81,77.81,77.81,223,2,77.81
2019-04-02T04:00:00Z,77.61,77.61,77.61,77.61,384,5,77.61
2019-04-03T04:00:00Z,77.93,77.93,77.93,77.93,359,11,77.93
2019-04-04T04:00:00Z,78.19,78.19,78.05,78.0527,8387,14,78.1514
2019-04-05T04:00:00Z,78.37,78.37,78.37,78.37,151,3,78.37
2019-04-08T04:00:00Z,78.2355,78.2355,78.211,78.2201,2610,4,78.2154
2019-04-09T04:00:00Z,78.42,78.42,77.95,77.95,1479,8,78.2936
2019-04-10T04:00:00Z,78.2226,78.2226,78.2226,78.2226,1500,2,78.2226
2019-04-11T04:00:00Z,78.2347,78.2347,78.2347,78.2347,590,3,78.2347
2019-04-12T04:00:00Z,78.5,78.5,78.5,78.5,220,4,78.5
2019-04-15T04:00:00Z,78.94,78.94,78.6318,78.6318,602,12,78.7638
2019-04-16T04:00:00Z,78.95,78.98,78.879,78.879,3973,21,78.9508
2019-04-17T04:00:00Z,78.8073,78.8116,78.8073,78.8116,2884,4,78.8077
2019-04-18T04:00:00Z,78.5768,78.5768,78.5768,78.5768,350,1,78.5768
2019-04-22T04:00:00Z,78.6566,78.6566,78.6566,78.6566,226,3,78.6566
2019-04-23T04:00:00Z,79.06,79.08,79.0039,79.0039,2453,9,79.0597
2019-04-24T04:00:00Z,79.1,79.1,79.01,79.07,3334,12,79.062
2019-04-25T04:00:00Z,78.92,78.92,78.49,78.54,500,6,78.6225
2019-04-26T04:00:00Z,78.82,79.0037,78.82,79.0037,2541,5,78.9889
2019-04-29T04:00:00Z,79.3299,79.3299,79.2692,79.2721,635,3,79.308
2019-04-30T04:00:00Z,79.041,79.27,79.041,79.1348,1496,17,79.1917
2019-05-01T04:00:00Z,78.898,78.898,78.898,78.898,825,6,78.898
2019-05-02T04:00:00Z,78.7,78.77,78.48,78.56,3169,25,78.6423
2019-05-03T04:00:00Z,79.13,79.2498,79.0717,79.2498,1958,20,79.1415
2019-05-06T04:00:00Z,78.62,79.01,78.62,78.9385,3914,22,78.7915
2019-05-07T04:00:00Z,78.9385,78.9385,78.9385,78.9385,0,0,0
2019-05-08T04:00:00Z,78.0625,78.0625,78.0625,78.0625,100,1,78.0625
2019-05-09T04:00:00Z,77.727,77.727,77.727,77.727,328,2,77.727
2019-05-10T04:00:00Z,77.727,77.727,77.727,77.727,0,0,0
2019-05-13T04:00:00Z,76.64,76.64,76.4399,76.4399,1172,4,76.5284
2019-05-14T04:00:00Z,76.4399,76.4399,76.4399,76.4399,0,0,0
2019-05-15T04:00:00Z,76.4399,76.4399,76.4399,76.4399,0,0,0
2019-05-16T04:00:00Z,78.338,78.48,78.338,78.3583,4049,9,78.3549
2019-05-17T04:00:00Z,77.9883,77.9883,77.9883,77.9883,101,2,77.9883
2019-05-20T04:00:00Z,77.5369,77.6183,77.3949,77.3949,1699,11,77.5
2019-05-21T04:00:00Z,78.1,78.25,77.9001,77.9201,3282,11,78.1594
2019-05-22T04:00:00Z,77.6901,77.6901,77.6901,77.6901,360,6,77.6901
2019-05-23T04:00:00Z,77.2,77.26,77.127,77.127,4020,91,77.2166
2019-05-24T04:00:00Z,77.8,77.8,77.695,77.695,852,4,77.7226
2019-05-28T04:00:00Z,77.39,77.39,76.9362,76.9362,855,29,77.0294
2019-05-29T04:00:00Z,76.27,76.3114,76.27,76.3114,438,5,76.2948
2019-05-30T04:00:00Z,76.3114,76.3114,76.3114,76.3114,0,0,0
2019-05-31T04:00:00Z,76.3114,76.3114,76.3114,76.3114,0,0,0
2019-06-03T04:00:00Z,75.34,75.34,75.283,75.32,1074,17,75.3139
2019-06-04T04:00:00Z,75.9879,75.9879,75.9879,75.9879,2371,3,75.9879
2019-06-05T04:00:00Z,76.4377,76.4377,76.4377,76.4377,2701,2,76.4377
2019-06-06T04:00:00Z,77.12,77.12,76.84,77.0007,4569,8,76.8654
2019-06-07T04:00:00Z,78.0741,78.0741,78.0741,78.0741,515,2,78.0741
2019-06-10T04:00:00Z,78.35,78.38,78.25,78.38,2346,25,78.3662
2019-06-11T04:00:00Z,78.38,78.38,78.38,78.38,0,0,0
2019-06-12T04:00:00Z,78.38,78.38,78.38,78.38,0,0,0
2019-06-13T04:00:00Z,78.25,78.25,78.1701,78.1701,409,5,78.2209
2019-06-14T04:00:00Z,78.1701,78.1701,78.1701,78.1701,0,0,0
2019-06-17T04:00:00Z,78.0941,78.1615,78.0941,78.1615,550,3,78.1139
2019-06-18T04:00:00Z,78.9379,78.9379,78.9379,78.9379,141,3,78.9379
2019-06-19T04:00:00Z,78.845,78.845,78.7601,78.7601,595,7,78.7991
2019-06-20T04:00:00Z,79.6316,79.7271,79.6316,79.7271,2858,6,79.635
2019-06-21T04:00:00Z,79.7271,79.7271,79.7271,79.7271,0,0,0
2019-06-24T04:00:00Z,79.7271,79.7271,79.7271,79.7271,0,0,0
2019-06-25T04:00:00Z,79.649,79.649,79.3141,79.3141,558,15,79.526
2019-06-26T04:00:00Z,79.3141,79.3141,79.3141,79.3141,0,0,0
2019-06-27T04:00:00Z,79.3141,79.3141,79.3141,79.3141,0,0,0
2019-06-28T04:00:00Z,79.3766,79.3766,79.3766,79.3766,247,2,79.3766
2019-07-01T04:00:00Z,79.8259,79.8259,79.8259,79.8259,1941,4,79.8259
2019-07-02T04:00:00Z,80.1368,80.2699,80.0185,80.0185,1079,12,80.0952
2019-07-03T04:00:00Z,80.0185,80.0185,80.0185,80.0185,0,0,0
2019-07-05T04:00:00Z,80.44,80.5891,80.44,80.5891,583,11,80.5145
2019-07-08T04:00:00Z,80.54,80.54,80.3299,80.33,2726,23,80.3531
2019-07-09T04:00:00Z,80.11,80.11,80.11,80.11,307,12,80.11
2019-07-10T04:00:00Z,80.72,80.75,80.5,80.5,2145,10,80.644
2019-07-11T04:00:00Z,80.595,80.6,80.4669,80.4885,1969,12,80.5141
2019-07-12T04:00:00Z,80.99,80.99,80.6626,80.6626,768,9,80.7815
2019-07-15T04:00:00Z,81.08,81.08,80.7,80.7207,578,11,80.8337
2019-07-16T04:00:00Z,81.11,81.11,80.7049,80.7049,1620,17,80.8648
2019-07-17T04:00:00Z,80.5579,80.5579,80.5579,80.5579,635,5,80.5579
2019-07-18T04:00:00Z,80.32,80.32,80.32,80.32,400,6,80.32
2019-07-19T04:00:00Z,80.32,80.32,80.32,80.32,0,0,0
2019-07-22T04:00:00Z,80.67,80.67,80.3983,80.3983,1638,10,80.6037
2019-07-23T04:00:00Z,80.42,80.526,80.41,80.4691,1326,9,80.4777
2019-07-24T04:00:00Z,80.62,80.73,80.545,80.73,739,8,80.6239
2019-07-25T04:00:00Z,80.59,80.59,80.5616,80.57,572,9,80.5729
2019-07-26T04:00:00Z,80.7877,80.8196,80.7877,80.8196,371,5,80.8094
2019-07-29T04:00:00Z,81.15,81.2,81.0599,81.0599,1598,28,81.1433
2019-07-30T04:00:00Z,80.61,80.61,80.5477,80.5683,955,8,80.59
2019-07-31T04:00:00Z,79.25,79.25,79.25,79.25,316,9,79.25
2019-08-01T04:00:00Z,80.27,80.52,79.975,80.1175,2968,16,80.2529
2019-08-02T04:00:00Z,79.29,79.29,78.9043,78.9043,814,8,78.9844
2019-08-05T04:00:00Z,77.97,77.97,76.81,76.81,878,13,77.3199
2019-08-06T04:00:00Z,78,78,78,78,835,26,78
2019-08-07T04:00:00Z,77.8709,78.1,77.8609,78.1,3556,11,77.8737
2019-08-08T04:00:00Z,79.02,79.14,79.02,79.1,1755,14,79.0823
2019-08-09T04:00:00Z,79.65,79.65,78.5,78.5,1749,16,79.3493
2019-08-12T04:00:00Z,78.2881,78.2881,77.99,77.99,1619,29,78.2058
2019-08-13T04:00:00Z,78.87,79.09,78.87,79.009,3482,18,78.9587
2019-08-14T04:00:00Z,77.05,77.05,76.89,76.89,305,4,76.97
2019-08-15T04:00:00Z,77.02,77.02,77.014,77.014,373,6,77.0171
2019-08-16T04:00:00Z,78.0233,78.1588,78.0233,78.1588,1049,15,78.055
2019-08-19T04:00:00Z,79.05,79.05,79.05,79.05,360,6,79.05
2019-08-20T04:00:00Z,78.575,78.6554,78.45,78.45,1207,11,78.5161
2019-08-21T04:00:00Z,79.27,79.27,78.91,78.91,1094,14,79.1048
2019-08-22T04:00:00Z,78.91,78.91,78.91,78.91,0,0,0
2019-08-23T04:00:00Z,78.28,78.28,77.68,77.68,587,13,77.8502
2019-08-26T04:00:00Z,77.934,78.04,77.934,77.95,859,8,77.9749
2019-08-27T04:00:00Z,78.5305,78.5305,78.125,78.125,441,11,78.3277
2019-08-28T04:00:00Z,77.96,78.39,77.96,78.32,2829,18,78.2071
2019-08-29T04:00:00Z,79.61,79.61,78.8605,79.16,2666,20,79.2562
2019-08-30T04:00:00Z,79.26,79.26,78.9638,78.9638,1956,10,79.0103
2019-09-03T04:00:00Z,78.715,78.8399,78.6983,78.8399,2449,13,78.7407
2019-09-04T04:00:00Z,78.8399,78.8399,78.8399,78.8399,0,0,0
2019-09-05T04:00:00Z,80.65,80.65,80.44,80.47,948,11,80.5195
2019-09-06T04:00:00Z,80.5412,80.6426,80.5412,80.61,654,7,80.6023
2019-09-09T04:00:00Z,80.95,80.95,80.3958,80.3958,1597,16,80.5488
2019-09-10T04:00:00Z,80.3958,80.3958,80.3958,80.3958,0,0,0
2019-09-11T04:00:00Z,80.18,80.6482,80.18,80.6482,4217,19,80.58
2019-09-12T04:00:00Z,81.1317,81.2271,81.1317,81.2271,297,5,81.1819
2019-09-13T04:00:00Z,81.1599,81.19,81.1124,81.189,1385,11,81.1481
2019-09-16T04:00:00Z,80.7028,80.7028,80.6268,80.6268,463,10,80.6748
2019-09-17T04:00:00Z,80.8848,80.8848,80.8848,80.8848,337,5,80.8848
2019-09-18T04:00:00Z,80.9683,80.983,80.885,80.983,604,6,80.9451
2019-09-19T04:00:00Z,81.42,81.42,81.42,81.42,275,7,81.42
2019-09-20T04:00:00Z,81.06,81.3598,81,81,2805,28,81.0837
2019-09-23T04:00:00Z,80.86,80.86,80.83,80.83,465,5,80.845
2019-09-24T04:00:00Z,80.65,80.65,80.49,80.49,500,4,80.6173
2019-09-25T04:00:00Z,80.6817,80.8799,80.6817,80.7958,1650,10,80.776
2019-09-26T04:00:00Z,80.79,80.79,80.79,80.79,212,5,80.79
2019-09-27T04:00:00Z,80.6697,80.6697,80.6697,80.6697,289,4,80.6697
2019-09-30T04:00:00Z,80.6697,80.6697,80.6697,80.6697,0,0,0
2019-10-01T04:00:00Z,80.42,80.42,80.0589,80.0589,1649,14,80.2609
2019-10-02T04:00:00Z,80.0589,80.0589,80.0589,80.0589,0,0,0
2019-10-03T04:00:00Z,78.8688,79.2336,78.8688,79.15,1930,12,79.1364
2019-10-04T04:00:00Z,79.631,79.631,79.631,79.631,326,6,79.631
2019-10-07T04:00:00Z,80.22,80.22,80.22,80.22,403,7,80.22
2019-10-08T04:00:00Z,80.22,80.22,80.22,80.22,0,0,0
2019-10-09T04:00:00Z,79.55,79.91,79.55,79.8,1614,9,79.8429
2019-10-10T04:00:00Z,79.8464,79.8464,79.8464,79.8464,317,7,79.8464
2019-10-11T04:00:00Z,79.8464,79.8464,79.8464,79.8464,0,0,0
2019-10-14T04:00:00Z,80.85,80.865,80.78,80.78,2028,23,80.8262
2019-10-15T04:00:00Z,81.565,81.565,81.565,81.565,242,5,81.565
2019-10-16T04:00:00Z,81.4086,81.4796,81.4,81.4796,3396,9,81.4056
2019-10-17T04:00:00Z,81.6648,81.6648,81.6648,81.6648,602,6,81.6648
2019-10-18T04:00:00Z,81.5425,81.5425,81.5425,81.5425,404,6,81.5425
2019-10-21T04:00:00Z,81.8,81.9983,81.7909,81.9983,845,11,81.8491
2019-10-22T04:00:00Z,82.68,82.68,82.0547,82.0547,2649,64,82.4195
2019-10-23T04:00:00Z,81.6101,81.68,81.6101,81.68,742,12,81.6332
2019-10-24T04:00:00Z,82.0453,82.0453,82.0453,82.0453,553,10,82.0453
2019-10-25T04:00:00Z,81.8,82.3157,81.8,82.3157,647,8,82.1795
2019-10-28T04:00:00Z,82.5267,82.5918,82.43,82.549,2512,24,82.5099
2019-10-29T04:00:00Z,82.21,82.69,82.21,82.69,702,7,82.5024
2019-10-30T04:00:00Z,82.6285,82.6285,82.6285,82.6285,261,7,82.6285
2019-10-31T04:00:00Z,82.4628,82.4628,82.4415,82.4415,539,5,82.447
2019-11-01T04:00:00Z,83.42,83.42,82.97,83.27,13452,92,83.0608
2019-11-04T05:00:00Z,83.55,83.56,83.3659,83.3659,3914,22,83.4327
2019-11-05T05:00:00Z,83.53,83.53,83.2121,83.2879,1668,10,83.2933
2019-11-06T05:00:00Z,83.17,83.34,83.17,83.3391,442,8,83.2823
2019-11-07T05:00:00Z,83.6789,83.7096,83.5009,83.5264,1445,17,83.5919
2019-11-08T05:00:00Z,83.42,83.42,83.3546,83.3546,465,11,83.3948
2019-11-11T05:00:00Z,83.559,83.56,83.559,83.56,1598,12,83.5598
2019-11-12T05:00:00Z,83.6,83.6,83.6,83.6,207,3,83.6
2019-11-13T05:00:00Z,83.02,83.72,83.02,83.72,1053,7,83.5084
2019-11-14T05:00:00Z,83.405,83.5604,83.405,83.5604,654,8,83.518
2019-11-15T05:00:00Z,83.8696,83.89,83.8696,83.89,327,4,83.8824
2019-11-18T05:00:00Z,84.2827,84.2827,84.2827,84.2827,713,13,84.2827
2019-11-19T05:00:00Z,84.216,84.2925,84.216,84.2925,652,13,84.2674
2019-11-20T05:00:00Z,84.18,84.19,83.68,83.93,11781,42,84.155
2019-11-21T05:00:00Z,83.71,83.8,83.71,83.8,784,12,83.7584
2019-11-22T05:00:00Z,83.7242,83.92,83.7242,83.9,1336,11,83.8402
2019-11-25T05:00:00Z,84.3242,84.44,84.3242,84.42,2185,19,84.3847
2019-11-26T05:00:00Z,84.43,84.43,84.43,84.43,392,4,84.43
2019-11-27T05:00:00Z,84.43,84.43,84.43,84.43,0,0,0
2019-11-29T05:00:00Z,84.79,84.79,84.79,84.79,445,6,84.79
2019-12-02T05:00:00Z,84.44,84.44,83.97,83.98,1488,15,84.0183
2019-12-03T05:00:00Z,83.98,83.98,83.98,83.98,0,0,0
2019-12-04T05:00:00Z,84.185,84.2428,84.1751,84.2428,504,9,84.197
2019-12-05T05:00:00Z,84.289,84.289,84.2306,84.2306,364,7,84.2598
2019-12-06T05:00:00Z,85.01,85.01,84.92,84.92,1242,18,84.9484
2019-12-09T05:00:00Z,85.3,85.3,84.73,84.73,657,25,84.9127
2019-12-10T05:00:00Z,84.6,84.6499,84.549,84.549,880,11,84.6109
2019-12-11T05:00:00Z,84.549,84.549,84.549,84.549,0,0,0
2019-12-12T05:00:00Z,84.9905,84.9905,84.9905,84.9905,280,6,84.9905
2019-12-13T05:00:00Z,84.9905,84.9905,84.9905,84.9905,0,0,0
2019-12-16T05:00:00Z,86.15,86.15,86,86,842,11,86.1126
2019-12-17T05:00:00Z,86.5,86.5,86.5,86.5,387,11,86.5
2019-12-18T05:00:00Z,85.75,85.75,85.75,85.75,307,7,85.75
2019-12-19T05:00:00Z,85.9448,85.9448,85.9448,85.9448,357,5,85.9448
2019-12-20T05:00:00Z,85.429,85.43,85.3355,85.3704,1882,13,85.3997
2019-12-23T05:00:00Z,85.39,85.39,85.3695,85.38,614,11,85.3827
2019-12-24T05:00:00Z,85.235,85.54,85.235,85.33,6200,45,85.3476
2019-12-26T05:00:00Z,85.98,85.98,85.4815,85.58,1681,13,85.5984
2019-12-27T05:00:00Z,85.685,85.7376,85.685,85.7376,1011,48,85.7176
2019-12-30T05:00:00Z,85.93,85.93,85.335,85.3905,3031,18,85.4435
2019-12-31T05:00:00Z,85.425,85.43,85.425,85.43,702,11,85.4283
2020-01-02T05:00:00Z,86.21,86.22,85.89,86.125,13180,32,85.9064
2020-01-03T05:00:00Z,85.8499,85.8499,85.6517,85.68,1039,11,85.7587
2020-01-06T05:00:00Z,85.03,85.8081,85.03,85.76,5376,37,85.6135
2020-01-07T05:00:00Z,86.29,86.29,85.58,85.58,10254,104,85.7806
2020-01-08T05:00:00Z,86.2,86.2285,86.0256,86.08,2110,29,86.1097
2020-01-09T05:00:00Z,86.3,86.48,86.18,86.48,6010,39,86.3441
2020-01-10T05:00:00Z,86.53,86.53,86.2,86.22,2854,23,86.3284
2020-01-13T05:00:00Z,86.89,86.89,86.25,86.85,5964,73,86.6932
2020-01-14T05:00:00Z,87.17,87.17,86.7283,86.82,4388,37,86.8414
2020-01-15T05:00:00Z,87.0715,87.0715,87.0715,87.0715,486,20,87.0715
2020-01-16T05:00:00Z,87.84,87.84,87.2557,87.3,676,10,87.4933
2020-01-17T05:00:00Z,87.83,87.83,87.83,87.83,1303,44,87.83
2020-01-21T05:00:00Z,88.18,88.18,87.7598,87.84,10489,38,87.7935
2020-01-22T05:00:00Z,88.58,88.58,87.9382,88.03,2168,28,88.1139
2020-01-23T05:00:00Z,87.6263,87.88,87.5,87.88,906,13,87.6286
2020-01-24T05:00:00Z,87.5025,87.5025,87.5025,87.5025,539,7,87.5025
2020-01-27T05:00:00Z,86.06,86.3107,86.06,86.215,2199,39,86.1578
2020-01-28T05:00:00Z,86.9383,86.972,86.9383,86.972,340,5,86.9552
2020-01-29T05:00:00Z,87.05,87.15,86.9543,87,53768,65,87.0958
2020-01-30T05:00:00Z,86.62,86.78,86.42,86.78,14869,72,86.6608
2020-01-31T05:00:00Z,86,86.05,85.3901,85.82,1502,13,85.897
2020-02-03T05:00:00Z,86.2078,86.3282,86.1851,86.3282,1160,13,86.2221
2020-02-04T05:00:00Z,86.3282,86.3282,86.3282,86.3282,0,0,0
2020-02-05T05:00:00Z,86.3282,86.3282,86.3282,86.3282,0,0,0
2020-02-06T05:00:00Z,88.21,88.38,88.21,88.38,1153,16,88.2458
2020-02-07T05:00:00Z,87.8879,87.8879,87.85,87.85,585,13,87.8689
2020-02-10T05:00:00Z,87.8591,87.98,87.8591,87.98,1187,20,87.8869
2020-02-11T05:00:00Z,88.73,88.76,88.3547,88.48,3146,25,88.4852
2020-02-12T05:00:00Z,88.7164,88.91,88.5953,88.91,2426,21,88.7608
2020-02-13T05:00:00Z,88.7756,88.8,88.7756,88.8,618,9,88.7878
2020-02-14T05:00:00Z,88.63,88.63,88.6,88.6,778,13,88.6236
2020-02-18T05:00:00Z,88.53,88.56,88.43,88.56,996,23,88.4898
2020-02-19T05:00:00Z,88.8025,88.93,88.7577,88.93,2168,38,88.8548
2020-02-20T05:00:00Z,88.32,88.32,87.8,88.279,1704,12,87.9777
2020-02-21T05:00:00Z,87.845,87.845,87.6445,87.78,3486,22,87.6982
2020-02-24T05:00:00Z,84.79,85.59,84.79,85.1521,2797,31,85.2431
2020-02-25T05:00:00Z,84.9,84.9,82.76,83.33,2346,29,83.4231
2020-02-26T05:00:00Z,83.8376,84.0764,83.2,83.2,1352,18,83.5715
2020-02-27T05:00:00Z,81,82.18,80,80,5548,44,81.1116
2020-02-28T05:00:00Z,76.95,78.487,76.87,78.35,2318,32,77.225
2020-03-02T05:00:00Z,79.2,81.62,79.2,81.4984,2084,24,80.4569
2020-03-03T05:00:00Z,82.15,82.15,80.27,80.27,1232,13,81.251
2020-03-04T05:00:00Z,81.425,82.33,81.425,82.33,356,14,81.8775
2020-03-05T05:00:00Z,80.59,80.59,80.48,80.48,458,9,80.535
2020-03-06T05:00:00Z,79.1523,79.562,79.1523,79.562,1292,19,79.4696
2020-03-09T04:00:00Z,75.71,75.71,74.94,74.94,1861,30,75.3739
2020-03-10T04:00:00Z,74.3001,76.7641,74.3001,76.7641,626,3,75.7769
2020-03-11T04:00:00Z,75.53,75.53,72.8421,72.8421,1146,15,73.8756
2020-03-12T04:00:00Z,67.32,68.195,65.05,66.9318,18485,45,67.5474
2020-03-13T04:00:00Z,69.17,69.17,68.38,68.79,889,24,68.7319
2020-03-16T04:00:00Z,62.51,66.02,60.01,64.2408,26308,191,64.8978
2020-03-17T04:00:00Z,64.12,67.3299,63.73,67,4712,36,66.5224
2020-03-18T04:00:00Z,62.56,62.56,61.5,61.6226,1889,18,61.9158
2020-03-19T04:00:00Z,64.0092,64.87,63.9204,64.69,2097,16,64.5013
2020-03-20T04:00:00Z,65.23,65.23,63,63,3618,15,64.2159
2020-03-23T04:00:00Z,60,60.5481,59.556,60.22,837,16,60.1594
2020-03-24T04:00:00Z,64,64.4638,64,64.4638,7842,18,64.153
2020-03-25T04:00:00Z,65.11,68.2399,65.11,68,31783,172,66.5644
2020-03-26T04:00:00Z,67.57,69.4335,67.57,69.4335,2069,17,68.5947
2020-03-27T04:00:00Z,67.79,69.5,67.79,69.5,1292,17,68.533
2020-03-30T04:00:00Z,68.56,69.86,68.56,69.52,1357,17,69.3686
2020-03-31T04:00:00Z,69.985,69.985,68.88,68.96,2125,26,69.284
2020-04-01T04:00:00Z,66.62,67.5619,66.17,66.17,5943,38,66.5805
2020-04-02T04:00:00Z,66.39,67.08,66.39,67.0091,669,11,66.7869
2020-04-03T04:00:00Z,67.0625,67.0625,66.6867,66.6867,778,6,66.7956
2020-04-06T04:00:00Z,68.98,70.42,68.98,70.4,1124,15,70.1464
2020-04-07T04:00:00Z,73.09,73.09,71.56,71.56,1088,13,72.1649
2020-04-08T04:00:00Z,71.56,71.56,71.56,71.56,0,0,0
2020-04-09T04:00:00Z,73.52,73.63,73.41,73.41,788,12,73.54
2020-04-13T04:00:00Z,73.16,73.16,72.25,72.92,981,16,72.9878
2020-04-14T04:00:00Z,74.5,74.5,74.11,74.13,597,9,74.2556
2020-04-15T04:00:00Z,72.644,73.324,72.644,73.324,989,14,72.793
2020-04-16T04:00:00Z,72.97,72.99,72.97,72.99,306,8,72.98
2020-04-17T04:00:00Z,72.99,72.99,72.99,72.99,0,0,0
2020-04-20T04:00:00Z,73.87,74.1048,73.87,74.1048,1509,14,74.0522
2020-04-21T04:00:00Z,72.39,72.78,72.39,72.78,530,14,72.5774
2020-04-22T04:00:00Z,72.78,72.78,72.78,72.78,0,0,0
2020-04-23T04:00:00Z,74,74.225,73.3125,73.3125,973,11,74.0235
2020-04-24T04:00:00Z,73.2602,73.975,73.2602,73.975,956,17,73.4923
2020-04-27T04:00:00Z,74.52,74.5817,74.52,74.5817,487,12,74.5508
2020-04-28T04:00:00Z,75.5,75.5337,75.45,75.45,787,10,75.5081
2020-04-29T04:00:00Z,76.815,76.815,76.7,76.7964,1286,21,76.7443
2020-04-30T04:00:00Z,75.819,75.819,75.4623,75.4623,1020,12,75.5997
2020-05-01T04:00:00Z,74.1196,74.1196,73.605,73.605,883,10,73.7204
2020-05-04T04:00:00Z,73.32,73.9,73.32,73.9,742,7,73.5191
2020-05-05T04:00:00Z,73.9,73.9,73.9,73.9,0,0,0
2020-05-06T04:00:00Z,73.9,73.9,73.9,73.9,0,0,0
2020-05-07T04:00:00Z,75.18,75.2,74.87,74.87,3145,10,75.1197
2020-05-08T04:00:00Z,75.685,75.685,75.685,75.685,306,4,75.685
2020-05-11T04:00:00Z,75.685,75.685,75.685,75.685,0,0,0
2020-05-12T04:00:00Z,75.685,75.685,75.685,75.685,0,0,0
2020-05-13T04:00:00Z,74.41,74.41,74.41,74.41,239,7,74.41
2020-05-14T04:00:00Z,74.41,74.41,74.41,74.41,0,0,0
2020-05-15T04:00:00Z,73.995,74.2,73.995,74.2,513,9,74.0754
2020-05-18T04:00:00Z,76.6084,76.651,76.6084,76.651,418,8,76.636
2020-05-19T04:00:00Z,76.34,76.34,76.25,76.25,672,10,76.2948
2020-05-20T04:00:00Z,76.94,76.94,76.94,76.94,697,11,76.94
2020-05-21T04:00:00Z,76.56,76.66,76.14,76.29,2051,14,76.467
2020-05-22T04:00:00Z,76.1,76.13,76.1,76.13,1514,8,76.1121
2020-05-26T04:00:00Z,78.0281,78.0281,77.969,77.9699,4568,20,78.0156
2020-05-27T04:00:00Z,77.8099,78.28,77.733,78.28,3866,19,77.7688
2020-05-28T04:00:00Z,78.985,79.44,78.985,79.2702,1594,12,79.3566
2020-05-29T04:00:00Z,78.75,78.75,78.75,78.75,452,15,78.75
2020-06-01T04:00:00Z,78.0959,78.6499,78.0959,78.6499,877,11,78.1887
2020-06-02T04:00:00Z,78.78,78.861,78.78,78.861,696,14,78.8155
2020-06-03T04:00:00Z,80.04,80.61,79.96,80.53,19520,50,80.4937
2020-06-04T04:00:00Z,80.4715,80.4715,80.06,80.06,3949,28,80.3041
2020-06-05T04:00:00Z,81.8,82.1679,81.79,82.08,1308,17,82.0187
2020-06-08T04:00:00Z,82.1118,82.6199,81.95,82.6199,2696,21,82.1916
2020-06-09T04:00:00Z,81.795,82.08,80.15,82.08,22352,101,81.8667
2020-06-10T04:00:00Z,81.73,82.04,81.65,81.65,3555,17,81.7567
2020-06-11T04:00:00Z,79.28,79.42,77.41,77.41,2951,30,79.0345
2020-06-12T04:00:00Z,78.7399,78.7399,78.525,78.525,2651,17,78.5714
2020-06-15T04:00:00Z,77.71,77.73,77.407,77.5399,1601,22,77.6568
2020-06-16T04:00:00Z,79.89,80.0299,79.89,80.0299,1200,17,79.9544
2020-06-17T04:00:00Z,80.04,80.04,79.66,79.66,2739,13,79.9722
2020-06-18T04:00:00Z,79.609,79.61,79.4851,79.5982,862,12,79.5698
2020-06-19T04:00:00Z,79.84,79.84,79.08,79.08,5375,13,79.8104
2020-06-22T04:00:00Z,79.77,79.77,79.6822,79.6822,2107,11,79.7209
2020-06-23T04:00:00Z,80.15,80.15,80.15,80.15,287,12,80.15
2020-06-24T04:00:00Z,79.33,79.33,77.76,77.76,1643,20,78.0236
2020-06-25T04:00:00Z,78.0807,78.0807,78.0201,78.0201,597,6,78.0322
2020-06-26T04:00:00Z,78.0201,78.0201,78.0201,78.0201,0,0,0
2020-06-29T04:00:00Z,78.0201,78.0201,78.0201,78.0201,0,0,0
2020-06-30T04:00:00Z,78.0201,78.0201,78.0201,78.0201,0,0,0
2020-07-01T04:00:00Z,78.94,79.31,78.87,79.216,11397,61,78.9287
2020-07-02T04:00:00Z,79.95,80.13,79.95,80.13,2252,16,80.0533
2020-07-06T04:00:00Z,80.63,80.63,80.365,80.545,1474,26,80.4661
2020-07-07T04:00:00Z,79.87,80.24,79.87,80.04,1011,15,80.0317
2020-07-08T04:00:00Z,79.9083,79.9083,79.8177,79.8177,810,6,79.853
2020-07-09T04:00:00Z,78.9355,79.575,78.9355,79.575,1288,15,79.2569
2020-07-10T04:00:00Z,79.575,79.575,79.575,79.575,0,0,0
2020-07-13T04:00:00Z,80.96,81.2917,80.96,81.2917,668,7,81.2002
2020-07-14T04:00:00Z,79.37,80.34,79.37,80.34,685,7,79.611
2020-07-15T04:00:00Z,82.07,82.07,82.07,82.07,202,2,82.07
2020-07-16T04:00:00Z,81.01,81.56,81.01,81.4755,1009,11,81.1989
2020-07-17T04:00:00Z,81.805,81.805,81.805,81.805,374,10,81.805
2020-07-20T04:00:00Z,82.51,82.51,81.88,81.96,626,9,82.2707
2020-07-21T04:00:00Z,82.99,83.11,82.55,82.55,218779,19,83.1081
2020-07-22T04:00:00Z,82.9272,83.07,82.9272,83.07,550,8,82.9806
2020-07-23T04:00:00Z,83.1,83.1,83.1,83.1,369,8,83.1
2020-07-24T04:00:00Z,82,82,82,82,205,10,82
2020-07-27T04:00:00Z,82.3646,82.3646,82.3646,82.3646,597,7,82.3646
2020-07-28T04:00:00Z,82.3646,82.3646,82.3646,82.3646,0,0,0
2020-07-29T04:00:00Z,82.3646,82.3646,82.3646,82.3646,0,0,0
2020-07-30T04:00:00Z,82.3646,82.3646,82.3646,82.3646,0,0,0
2020-07-31T04:00:00Z,82.3646,82.3646,82.3646,82.3646,0,0,0
2020-08-03T04:00:00Z,82.46,82.46,82.46,82.46,600,14,82.46
2020-08-04T04:00:00Z,82.46,82.46,82.46,82.46,0,0,0
2020-08-05T04:00:00Z,83.355,83.355,83.355,83.355,266,2,83.355
2020-08-06T04:00:00Z,82.97,82.97,82.97,82.97,308,13,82.97
2020-08-07T04:00:00Z,83.265,83.4,83.265,83.4,477,9,83.305
2020-08-10T04:00:00Z,83.4,83.4,83.4,83.4,0,0,0
2020-08-11T04:00:00Z,84.59,84.615,84.38,84.4427,6608,37,84.4688
2020-08-12T04:00:00Z,84.4427,84.4427,84.4427,84.4427,0,0,0
2020-08-13T04:00:00Z,84.589,84.589,84.589,84.589,158,5,84.589
2020-08-14T04:00:00Z,84.589,84.589,84.589,84.589,0,0,0
2020-08-17T04:00:00Z,84.841,85.0299,84.84,85.0299,1912,16,84.9036
2020-08-18T04:00:00Z,84.94,84.94,84.94,84.94,215,6,84.94
2020-08-19T04:00:00Z,85.1011,85.16,84.98,85.16,3210,25,85.055
2020-08-20T04:00:00Z,85.16,85.16,85.16,85.16,0,0,0
2020-08-21T04:00:00Z,84.2482,84.4299,84.2482,84.4299,1530,15,84.3259
2020-08-24T04:00:00Z,85.12,85.15,85.119,85.15,1160,17,85.1285
2020-08-25T04:00:00Z,85.48,85.48,85.48,85.48,248,10,85.48
2020-08-26T04:00:00Z,85.48,85.48,85.48,85.48,0,0,0
2020-08-27T04:00:00Z,85.92,86.0399,85.722,85.9943,1275,11,85.8832
2020-08-28T04:00:00Z,85.9943,85.9943,85.9943,85.9943,0,0,0
2020-08-31T04:00:00Z,86.08,86.08,86.058,86.058,373,7,86.0683
2020-09-01T04:00:00Z,85.75,85.75,85.75,85.75,520,25,85.75
2020-09-02T04:00:00Z,86.6473,87.197,86.6473,87.197,1225,9,86.8656
2020-09-03T04:00:00Z,86.5,86.5,84.7021,84.7021,1658,11,85.5528
2020-09-04T04:00:00Z,84.33,85.0912,84.33,85.0912,372,8,84.8144
2020-09-08T04:00:00Z,83.9402,83.9402,83.9402,83.9402,282,14,83.9402
2020-09-09T04:00:00Z,85.059,85.059,85.059,85.059,377,9,85.059
2020-09-10T04:00:00Z,85.04,85.04,84.65,84.65,1663,7,85.0094
2020-09-11T04:00:00Z,83.715,83.715,83.715,83.715,1958,4,83.715
2020-09-14T04:00:00Z,84.995,84.995,84.72,84.82,2080,26,84.9381
2020-09-15T04:00:00Z,85.415,85.415,85.415,85.415,385,8,85.415
2020-09-16T04:00:00Z,85.415,85.415,85.415,85.415,0,0,0
2020-09-17T04:00:00Z,85.415,85.415,85.415,85.415,0,0,0
2020-09-18T04:00:00Z,85.415,85.415,85.415,85.415,0,0,0
2020-09-21T04:00:00Z,81.5217,81.5217,81.5217,81.5217,509,14,81.5217
2020-09-22T04:00:00Z,81.5217,81.5217,81.5217,81.5217,0,0,0
2020-09-23T04:00:00Z,81.5217,81.5217,81.5217,81.5217,0,0,0
2020-09-24T04:00:00Z,81.5217,81.5217,81.5217,81.5217,0,0,0
2020-09-25T04:00:00Z,81,81,81,81,279,4,81
2020-09-28T04:00:00Z,83.361,83.361,83.361,83.361,334,8,83.361
2020-09-29T04:00:00Z,83.54,83.54,83.54,83.54,662,8,83.54
2020-09-30T04:00:00Z,83.09,83.67,83.09,83.67,821,7,83.1932
2020-10-01T04:00:00Z,83.785,83.785,83.785,83.785,126,4,83.785
2020-10-02T04:00:00Z,83.785,83.785,83.785,83.785,0,0,0
2020-10-05T04:00:00Z,84.4905,84.4905,84.4905,84.4905,399,9,84.4905
2020-10-06T04:00:00Z,84.4905,84.4905,84.4905,84.4905,0,0,0
2020-10-07T04:00:00Z,84.755,84.759,84.755,84.759,585,17,84.7581
2020-10-08T04:00:00Z,84.759,84.759,84.759,84.759,0,0,0
2020-10-09T04:00:00Z,85.82,86.161,85.82,86.161,771,11,85.9239
2020-10-12T04:00:00Z,86.4,86.81,86.4,86.81,1031,12,86.4609
2020-10-13T04:00:00Z,86.1001,86.41,86.1001,86.41,780,9,86.2397
2020-10-14T04:00:00Z,86.5514,86.5514,86,86,591,14,86.285
2020-10-15T04:00:00Z,85.4895,85.4895,85.4895,85.4895,411,5,85.4895
2020-10-16T04:00:00Z,85.64,85.64,85.64,85.64,466,12,85.64
2020-10-19T04:00:00Z,85.64,85.64,85.64,85.64,0,0,0
2020-10-20T04:00:00Z,85.3937,85.3937,85.3937,85.3937,510,13,85.3937
2020-10-21T04:00:00Z,84.93,84.9597,84.93,84.9597,1003,11,84.9449
2020-10-22T04:00:00Z,85.035,85.1744,85.035,85.1744,1960,8,85.1602
2020-10-23T04:00:00Z,85.41,85.4499,85.4,85.4499,771,20,85.4153
2020-10-26T04:00:00Z,84.84,84.84,84.84,84.84,333,7,84.84
2020-10-27T04:00:00Z,83.9626,83.9626,83.9626,83.9626,160,3,83.9626
2020-10-28T04:00:00Z,81,81,81,81,884,23,81
2020-10-29T04:00:00Z,81,81,81,81,0,0,0
2020-10-30T04:00:00Z,81,81,81,81,0,0,0
2020-11-02T05:00:00Z,82.32,82.32,82.32,82.32,347,13,82.32
2020-11-03T05:00:00Z,83.78,83.9277,83.78,83.9277,469,14,83.8587
2020-11-04T05:00:00Z,83.9277,83.9277,83.9277,83.9277,0,0,0
2020-11-05T05:00:00Z,86.4119,86.4119,86.4119,86.4119,481,12,86.4119
2020-11-06T05:00:00Z,86.71,86.71,86.625,86.625,655,11,86.6943
2020-11-09T05:00:00Z,90.07,90.07,88.82,88.88,2519,21,89.5708
2020-11-10T05:00:00Z,88.95,88.955,88.95,88.955,1120,9,88.9505
2020-11-11T05:00:00Z,88.955,88.955,88.955,88.955,0,0,0
2020-11-12T05:00:00Z,89.07,89.07,88.0717,88.0717,971,14,88.575
2020-11-13T05:00:00Z,88.0717,88.0717,88.0717,88.0717,0,0,0
2020-11-16T05:00:00Z,90.2517,90.2517,90.225,90.225,544,10,90.2403
2020-11-17T05:00:00Z,90.46,90.46,90.46,90.46,329,13,90.46
2020-11-18T05:00:00Z,90.251,90.355,90.251,90.355,967,26,90.317
2020-11-19T05:00:00Z,90.355,90.355,90.355,90.355,0,0,0
2020-11-20T05:00:00Z,89.642,89.725,89.642,89.725,495,7,89.6805
2020-11-23T05:00:00Z,89.8039,89.8039,89.8039,89.8039,293,8,89.8039
2020-11-24T05:00:00Z,90.25,90.8,90.25,90.8,2713,20,90.5257
2020-11-25T05:00:00Z,90.595,90.749,90.595,90.7217,1637,25,90.7166
2020-11-27T05:00:00Z,91,91,91,91,306,8,91
2020-11-30T05:00:00Z,90.55,90.55,90.1862,90.1862,1455,20,90.2502
2020-12-01T05:00:00Z,90.34,90.34,90.34,90.34,440,15,90.34
2020-12-02T05:00:00Z,91.27,91.27,91.2402,91.2699,647,14,91.2581
2020-12-03T05:00:00Z,91.66,91.66,91.4502,91.4502,1579,27,91.6256
2020-12-04T05:00:00Z,92.0899,92.0899,92.0899,92.0899,142,7,92.0899
2020-12-07T05:00:00Z,91.9535,91.9535,91.816,91.816,2028,16,91.9372
2020-12-08T05:00:00Z,92.2215,92.2215,92.2215,92.2215,239,8,92.2215
2020-12-09T05:00:00Z,92.36,92.379,91.491,91.625,2012,19,92.1801
2020-12-10T05:00:00Z,92.039,92.04,91.55,91.66,3741,27,91.7877
2020-12-11T05:00:00Z,91.06,91.35,91.06,91.35,403,14,91.2008
2020-12-14T05:00:00Z,91.35,91.35,91.35,91.35,0,0,0
2020-12-15T05:00:00Z,91.35,91.35,91.35,91.35,0,0,0
2020-12-16T05:00:00Z,92.4069,92.4069,92.4069,92.4069,407,12,92.4069
2020-12-17T05:00:00Z,92.85,92.85,92.85,92.85,371,11,92.85
2020-12-18T05:00:00Z,91.949,91.95,91.949,91.95,522,13,91.9497
2020-12-21T05:00:00Z,91.95,91.95,91.95,91.95,0,0,0
2020-12-22T05:00:00Z,90.9,90.9,90.75,90.8799,1087,16,90.8097
2020-12-23T05:00:00Z,91.48,91.48,91.4299,91.4299,1827,15,91.4628
2020-12-24T05:00:00Z,91.4299,91.4299,91.4299,91.4299,0,0,0
2020-12-28T05:00:00Z,92.12,92.33,92.075,92.075,4711,29,92.1932
2020-12-29T05:00:00Z,92.34,92.341,92.23,92.23,1832,34,92.3112
2020-12-30T05:00:00Z,92.56,92.56,92.4,92.4,1075,19,92.491
2020-12-31T05:00:00Z,92.15,92.15,92.15,92.15,395,9,92.15
2021-01-04T05:00:00Z,91.7928,91.85,91.7928,91.85,1653,20,91.8234
2021-01-05T05:00:00Z,91.74,92.09,91.74,92.09,700,15,91.8372
2021-01-06T05:00:00Z,93.0173,93.75,93.0173,93.439,3016,22,93.6743
2021-01-07T05:00:00Z,94.06,94.11,93.85,94.025,1417,22,93.9881
2021-01-08T05:00:00Z,94.313,94.313,93.83,94.04,985,13,94.1825
2021-01-11T05:00:00Z,93.67,93.9,93.67,93.9,1884,14,93.7166
2021-01-12T05:00:00Z,93.8011,93.9377,93.64,93.9377,3168,30,93.7346
2021-01-13T05:00:00Z,93.9377,93.9377,93.9377,93.9377,0,0,0
2021-01-14T05:00:00Z,94.359,94.439,94.06,94.06,3622,40,94.334
2021-01-15T05:00:00Z,93.5157,93.5157,93.5157,93.5157,381,10,93.5157
2021-01-19T05:00:00Z,93.49,93.88,93.49,93.8701,797,19,93.7581
2021-01-20T05:00:00Z,94.31,95.01,94.31,94.72,7285,59,94.7171
2021-01-21T05:00:00Z,94.629,94.629,94.3785,94.3785,1781,43,94.4972
2021-01-22T05:00:00Z,94.31,94.375,94.31,94.325,844,10,94.3485
2021-01-25T05:00:00Z,93.81,93.81,93.5,93.5,1092,26,93.6004
2021-01-26T05:00:00Z,94.5,94.5,94.22,94.22,1290,15,94.3104
2021-01-27T05:00:00Z,93.11,93.11,93.11,93.11,632,19,93.11
2021-01-28T05:00:00Z,92.64,93.705,92.64,93.3,1257,16,93.3152
2021-01-29T05:00:00Z,93.3,93.3,93.3,93.3,0,0,0
2021-02-01T05:00:00Z,92.01,92.01,92.01,92.01,394,13,92.01
2021-02-02T05:00:00Z,93.34,93.34,93.34,93.34,188,9,93.34
2021-02-03T05:00:00Z,93.23,93.335,93.23,93.335,423,13,93.2946
2021-02-04T05:00:00Z,93.7482,93.7482,93.7482,93.7482,169,6,93.7482
2021-02-05T05:00:00Z,93.7482,93.7482,93.7482,93.7482,0,0,0
2021-02-08T05:00:00Z,93.7482,93.7482,93.7482,93.7482,0,0,0
2021-02-09T05:00:00Z,95.05,95.2817,95.05,95.2817,774,8,95.1405
2021-02-10T05:00:00Z,95.09,95.09,95.09,95.09,184,11,95.09
2021-02-11T05:00:00Z,95.372,95.372,95.22,95.22,939,21,95.321
2021-02-12T05:00:00Z,95.625,95.625,95.43,95.5107,1023,7,95.4978
2021-02-16T05:00:00Z,95.89,95.952,95.89,95.9401,627,19,95.9258
2021-02-17T05:00:00Z,95.619,95.62,95.5585,95.5585,1185,19,95.571
2021-02-18T05:00:00Z,94.94,95.23,94.94,95.23,926,24,95.0634
2021-02-19T05:00:00Z,95.5445,95.5445,95.5445,95.5445,341,14,95.5445
2021-02-22T05:00:00Z,95.5445,95.5445,95.5445,95.5445,0,0,0
2021-02-23T05:00:00Z,94.46,94.6,94.05,94.6,2114,13,94.3416
2021-02-24T05:00:00Z,95.7501,95.7501,95.7501,95.7501,405,25,95.7501
2021-02-25T05:00:00Z,94.671,94.671,93.7741,93.7741,2157,22,94.4501
2021-02-26T05:00:00Z,93.7501,93.835,93.37,93.69,7351,31,93.5508
2021-03-01T05:00:00Z,93.91,94.7909,93.91,94.6624,9439,38,94.6547
2021-03-02T05:00:00Z,94.34,94.77,94.13,94.34,7241,45,94.3842
2021-03-03T05:00:00Z,93.89,94.09,93.56,93.56,3707,17,93.978
2021-03-04T05:00:00Z,93.697,93.77,91.955,92.29,2628,25,92.8864
2021-03-05T05:00:00Z,93.1473,94.08,93.1473,93.975,1454,8,93.4711
2021-03-08T05:00:00Z,93.88,94.795,93.84,93.84,1876,21,94.1966
2021-03-09T05:00:00Z,95,95.3845,94.78,94.78,1792,21,95.0809
2021-03-10T05:00:00Z,95.29,95.59,95.29,95.54,2427,31,95.5143
2021-03-11T05:00:00Z,96.1079,96.38,96,96.08,806,13,96.1106
2021-03-12T05:00:00Z,95.6,96.33,95.6,96.33,1515,21,95.9292
2021-03-15T04:00:00Z,96.67,96.83,96.67,96.83,845,13,96.748
2021-03-16T04:00:00Z,97.0117,97.0117,96.94,96.94,493,17,96.9735
2021-03-17T04:00:00Z,96.73,97.363,96.7102,97.14,2603,13,97.2108
2021-03-18T04:00:00Z,97.0626,97.215,96.27,96.3,6877,39,96.5634
2021-03-19T04:00:00Z,96.44,96.65,96.3,96.3,1494,15,96.4865
2021-03-22T04:00:00Z,96.8499,96.888,96.73,96.73,1425,38,96.8289
2021-03-23T04:00:00Z,96.33,96.5945,96.33,96.5945,494,15,96.4838
2021-03-24T04:00:00Z,95.62,95.62,95.62,95.62,385,11,95.62
2021-03-25T04:00:00Z,95.484,96.15,95.389,96.15,2157,10,95.6094
2021-03-26T04:00:00Z,96.885,97.58,96.885,97.58,787,10,97.2789
2021-03-29T04:00:00Z,97.2865,97.2865,97.2865,97.2865,305,9,97.2865
2021-03-30T04:00:00Z,97.4082,97.4082,97.4082,97.4082,252,9,97.4082
2021-03-31T04:00:00Z,97.535,97.535,97.3229,97.3229,259,10,97.535
2021-04-01T04:00:00Z,98.0699,98.2269,98.0699,98.2269,505,40,98.0699
2021-04-05T04:00:00Z,98.8905,99.5305,98.8905,99.5305,1563,42,99.3414
2021-04-06T04:00:00Z,99.54,99.54,98.86,98.8646,3883,19,99.051
2021-04-07T04:00:00Z,99.089,99.0982,99.0214,99.0982,888,16,99.0562
2021-04-08T04:00:00Z,99.305,99.45,99.29,99.4293,24440,33,99.3511
2021-04-09T04:00:00Z,99.7,99.9177,99.7,99.9177,1901,11,99.7665
2021-04-12T04:00:00Z,99.88,99.88,99.625,99.749,2198,30,99.687
2021-04-13T04:00:00Z,99.63,99.9331,99.613,99.9331,2337,16,99.6373
2021-04-14T04:00:00Z,99.99,100.01,99.61,99.7564,4302,42,99.8129
2021-04-15T04:00:00Z,100.55,100.787,100.55,100.787,466,12,100.674
2021-04-16T04:00:00Z,101.76,101.76,101.11,101.372,1297,16,101.443
2021-04-19T04:00:00Z,100.96,100.96,100.96,100.96,49,5,100.96
2021-04-20T04:00:00Z,100.07,100.261,100.07,100.261,280,10,100.07
2021-04-21T04:00:00Z,101.135,101.135,101.135,101.135,36,5,101.135
2021-04-22T04:00:00Z,100.4,100.5,100.4,100.477,417,7,100.428
2021-04-23T04:00:00Z,101.326,101.326,101.326,101.326,35,7,101.326
2021-04-26T04:00:00Z,101.41,101.45,101.233,101.233,1137,17,101.42
2021-04-27T04:00:00Z,100.94,101.138,100.94,101.138,418,14,100.94
2021-04-28T04:00:00Z,101.15,101.15,101.08,101.08,452,12,101.15
2021-04-29T04:00:00Z,101.72,101.72,101.612,101.612,253,7,101.695
2021-04-30T04:00:00Z,100.631,100.721,100.631,100.721,320,10,100.643
2021-05-03T04:00:00Z,101.605,101.605,101.593,101.593,271,18,101.605
2021-05-04T04:00:00Z,100.619,100.8,100.619,100.8,283,11,100.691
2021-05-05T04:00:00Z,101.401,101.401,101.401,101.401,102,4,101.401
2021-05-06T04:00:00Z,101.96,102.228,101.96,102.228,309,10,101.96
2021-05-07T04:00:00Z,103.131,103.131,103.131,103.131,68,5,103.131
2021-05-10T04:00:00Z,103.488,103.488,102.689,102.689,255,11,103.488
2021-05-11T04:00:00Z,101.49,101.749,101.48,101.597,3723,30,101.576
2021-05-12T04:00:00Z,101.57,101.57,99.8947,99.8947,1958,22,101.134
2021-05-13T04:00:00Z,100.99,101.101,100.99,101.101,377,14,100.99
2021-05-14T04:00:00Z,102.261,102.474,102.261,102.474,167,10,102.261
2021-05-17T04:00:00Z,102.26,102.27,102.26,102.27,417,10,102.264
2021-05-18T04:00:00Z,102.647,102.647,102.28,102.28,1464,11,102.338
2021-05-19T04:00:00Z,100.97,100.97,100.942,100.942,429,14,100.956
2021-05-20T04:00:00Z,102.45,102.45,102.45,102.45,738,13,102.45
2021-05-21T04:00:00Z,102.81,102.82,102.783,102.783,1274,20,102.795
2021-05-24T04:00:00Z,103.26,103.4,103.26,103.355,1067,33,103.344
2021-05-25T04:00:00Z,103.27,103.34,103.18,103.2,1824,22,103.243
2021-05-26T04:00:00Z,102.961,102.961,102.961,102.961,507,11,102.961
2021-05-27T04:00:00Z,102.961,102.961,102.961,102.961,0,0,0
2021-05-28T04:00:00Z,102.961,102.961,102.961,102.961,0,0,0
2021-06-01T04:00:00Z,102.961,102.961,102.961,102.961,0,0,0
2021-06-02T04:00:00Z,102.59,102.59,102.59,102.59,223,8,102.59
2021-06-03T04:00:00Z,102.59,102.59,102.59,102.59,0,0,0
2021-06-04T04:00:00Z,103.18,103.18,103.18,103.18,387,12,103.18
2021-06-07T04:00:00Z,103.18,103.18,103.18,103.18,0,0,0
2021-06-08T04:00:00Z,103.51,103.51,103.51,103.51,672,26,103.51
2021-06-09T04:00:00Z,103.65,103.65,103.421,103.433,1339,23,103.552
2021-06-10T04:00:00Z,103.766,103.766,103.766,103.766,63,14,103.766
2021-06-11T04:00:00Z,103.816,103.816,103.816,103.816,75,7,103.816
2021-06-14T04:00:00Z,103.81,103.93,103.624,103.93,436,22,103.72
2021-06-15T04:00:00Z,103.895,103.895,103.895,103.895,14,6,103.895
2021-06-16T04:00:00Z,103.222,103.222,103.222,103.222,89,5,103.222
2021-06-17T04:00:00Z,102.939,103.014,102.939,102.966,458,13,102.976
2021-06-18T04:00:00Z,101.626,101.628,101.478,101.478,462,15,101.627
2021-06-21T04:00:00Z,102.679,102.746,102.679,102.746,131,9,102.679
2021-06-22T04:00:00Z,102.831,103.067,102.831,103.067,833,17,102.874
2021-06-23T04:00:00Z,102.8,102.8,102.549,102.549,580,11,102.736
2021-06-24T04:00:00Z,103.288,103.334,103.21,103.255,551,10,103.28
2021-06-25T04:00:00Z,103.697,103.697,103.697,103.697,6,3,103.697
2021-06-28T04:00:00Z,103.659,103.659,103.659,103.659,153,8,103.659
2021-06-29T04:00:00Z,103.715,103.715,103.715,103.715,211,10,103.715
2021-06-30T04:00:00Z,103.499,103.499,103.499,103.499,4,4,103.499
2021-07-01T04:00:00Z,103.645,103.834,103.645,103.834,159,7,103.645
2021-07-02T04:00:00Z,104.096,104.484,104.033,104.484,903,5,104.064
2021-07-06T04:00:00Z,103.81,104.14,103.799,104.14,2688,47,103.851
2021-07-07T04:00:00Z,104.636,104.636,104.608,104.608,111,6,104.636
2021-07-08T04:00:00Z,103.56,103.56,103.56,103.56,12,7,103.56
2021-07-09T04:00:00Z,104.862,104.862,104.862,104.862,4,4,104.862
2021-07-12T04:00:00Z,105.13,105.218,105.12,105.128,1353,29,105.138
2021-07-13T04:00:00Z,105.09,105.15,104.793,104.793,1418,17,105.137
2021-07-14T04:00:00Z,105.1,105.1,105.1,105.1,178,8,105.1
2021-07-15T04:00:00Z,104.689,104.695,104.684,104.695,230,11,104.687
2021-07-16T04:00:00Z,104.4,104.4,104.145,104.145,267,14,104.369
2021-07-19T04:00:00Z,102.809,102.809,102.621,102.621,177,16,102.809
2021-07-20T04:00:00Z,103.701,103.813,103.701,103.813,278,6,103.701
2021-07-21T04:00:00Z,104.7,104.7,104.18,104.62,1506,18,104.541
2021-07-22T04:00:00Z,104.681,104.681,104.681,104.681,180,9,104.681
2021-07-23T04:00:00Z,105.675,105.684,105.675,105.684,290,11,105.675
2021-07-26T04:00:00Z,105.79,105.79,105.79,105.79,125,7,105.79
2021-07-27T04:00:00Z,105.309,105.456,105.309,105.456,1345,11,105.309
2021-07-28T04:00:00Z,105.657,105.657,105.657,105.657,96,2,105.657
2021-07-29T04:00:00Z,106.224,106.224,106.07,106.07,410,7,106.224
2021-07-30T04:00:00Z,105.887,105.929,105.752,105.752,648,11,105.868
2021-08-02T04:00:00Z,106.059,106.059,105.762,105.762,305,11,106.059
2021-08-03T04:00:00Z,106.449,106.57,106.449,106.551,2419,18,106.535
2021-08-04T04:00:00Z,106.55,106.55,106.314,106.314,382,8,106.488
2021-08-05T04:00:00Z,106.66,106.71,106.632,106.71,645,9,106.646
2021-08-06T04:00:00Z,106.631,106.631,106.631,106.631,139,11,106.631
2021-08-09T04:00:00Z,106.608,106.608,106.608,106.608,30,9,106.608
2021-08-10T04:00:00Z,106.735,106.735,106.692,106.692,493,4,106.735
2021-08-11T04:00:00Z,107.259,107.26,107.163,107.163,518,7,107.26
2021-08-12T04:00:00Z,107.109,107.38,107.08,107.344,850,23,107.261
2021-08-13T04:00:00Z,107.8,107.8,107.745,107.745,477,11,107.783
2021-08-16T04:00:00Z,107.978,107.978,107.978,107.978,35,7,107.978
2021-08-17T04:00:00Z,107.384,107.384,107.384,107.384,178,9,107.384
2021-08-18T04:00:00Z,106.798,106.798,106.461,106.477,300,9,106.63
2021-08-19T04:00:00Z,106.25,106.359,106.25,106.359,959,14,106.25
2021-08-20T04:00:00Z,107.105,107.172,107.105,107.172,274,6,107.105
2021-08-23T04:00:00Z,107.866,107.866,107.866,107.866,211,7,107.866
2021-08-24T04:00:00Z,107.99,107.99,107.822,107.822,162,4,107.99
2021-08-25T04:00:00Z,107.898,107.898,107.898,107.898,78,6,107.898
2021-08-26T04:00:00Z,107.409,107.41,107.272,107.272,1496,9,107.41
2021-08-27T04:00:00Z,108.06,108.102,108.06,108.102,415,9,108.06
2021-08-30T04:00:00Z,108.351,108.47,108.351,108.352,687,10,108.4
2021-08-31T04:00:00Z,108.189,108.189,108.145,108.145,397,9,108.189
2021-09-01T04:00:00Z,108.478,108.478,108.478,108.478,75,9,108.478
2021-09-02T04:00:00Z,109.41,109.41,108.825,108.825,323,11,109.064
2021-09-03T04:00:00Z,109.073,109.073,109.073,109.073,27,10,109.073
2021-09-07T04:00:00Z,108.67,108.8,108.575,108.575,3119,24,108.748
2021-09-08T04:00:00Z,108.399,108.4,108.315,108.327,973,21,108.362
2021-09-09T04:00:00Z,108.519,108.52,108.015,108.015,2994,24,108.498
2021-09-10T04:00:00Z,107.384,107.384,107.384,107.384,123,9,107.384
2021-09-13T04:00:00Z,108.06,108.06,107.45,107.654,1507,23,107.656
2021-09-14T04:00:00Z,107.89,107.89,107.237,107.237,390,15,107.89
2021-09-15T04:00:00Z,107.47,107.85,107.47,107.85,310,8,107.47
2021-09-16T04:00:00Z,107.263,107.648,107.263,107.648,596,10,107.263
2021-09-17T04:00:00Z,106.639,106.639,106.552,106.552,228,13,106.639
2021-09-20T04:00:00Z,104.41,104.874,104.17,104.874,4087,29,104.372
2021-09-21T04:00:00Z,105.51,105.61,105.307,105.307,1514,18,105.569
2021-09-22T04:00:00Z,105.72,105.72,105.707,105.707,519,18,105.72
2021-09-23T04:00:00Z,106.844,107.1,106.77,106.77,3306,19,106.883
2021-09-24T04:00:00Z,106.54,106.54,106.261,106.504,1957,21,106.39
2021-09-27T04:00:00Z,106.359,106.36,105.985,105.985,839,16,106.259
2021-09-28T04:00:00Z,104.7,104.7,103.881,103.909,1774,30,104.426
2021-09-29T04:00:00Z,104.049,104.049,104.049,104.049,147,7,104.049
2021-09-30T04:00:00Z,103.485,103.77,103.334,103.334,478,16,103.669
2021-10-01T04:00:00Z,103.949,103.949,103.949,103.949,187,8,103.949
2021-10-04T04:00:00Z,102.799,102.799,102.792,102.792,407,16,102.799
2021-10-05T04:00:00Z,103.819,103.83,103.684,103.684,363,11,103.825
2021-10-06T04:00:00Z,103.11,103.783,102.879,103.783,2626,29,103.155
2021-10-07T04:00:00Z,104.805,104.805,104.59,104.59,344,12,104.805
2021-10-08T04:00:00Z,104.66,104.66,104.52,104.52,542,7,104.619
2021-10-11T04:00:00Z,104.812,104.812,104.02,104.02,536,7,104.561
2021-10-12T04:00:00Z,103.771,103.789,103.771,103.789,509,15,103.771
2021-10-13T04:00:00Z,104.381,104.381,104.381,104.381,60,1,104.381
2021-10-14T04:00:00Z,105.671,105.808,105.671,105.808,482,18,105.676
2021-10-15T04:00:00Z,106.436,106.436,106.436,106.436,190,10,106.436
2021-10-18T04:00:00Z,106.56,106.56,106.465,106.465,494,13,106.56
2021-10-19T04:00:00Z,107.15,107.2,107.15,107.2,613,12,107.165
2021-10-20T04:00:00Z,107.7,107.7,107.633,107.633,576,10,107.681
2021-10-21T04:00:00Z,107.661,107.661,107.661,107.661,33,5,107.661
2021-10-22T04:00:00Z,107.905,107.91,107.905,107.91,326,15,107.905
2021-10-25T04:00:00Z,108.112,108.17,107.976,107.976,882,17,108.128
2021-10-26T04:00:00Z,108.339,108.339,108.116,108.116,1197,9,108.339
2021-10-27T04:00:00Z,107.869,107.88,107.405,107.405,449,10,107.866
2021-10-28T04:00:00Z,108.125,108.241,108.125,108.241,519,10,108.125
2021-10-29T04:00:00Z,108.142,108.341,108.07,108.341,2381,15,108.095
2021-11-01T04:00:00Z,108.34,108.578,108.34,108.578,262,11,108.34
2021-11-02T04:00:00Z,108.58,108.855,108.58,108.855,640,10,108.58
2021-11-03T04:00:00Z,109.495,109.53,109.495,109.53,461,7,109.517
2021-11-04T04:00:00Z,109.879,109.879,109.879,109.879,109,6,109.879
2021-11-05T04:00:00Z,110.11,110.17,109.931,109.931,439,10,110.132
2021-11-08T05:00:00Z,110,110.06,110,110.05,1704,25,110.014
2021-11-09T05:00:00Z,110.37,110.37,109.93,110.034,2656,19,110.229
2021-11-10T05:00:00Z,109.37,109.37,109.27,109.27,933,12,109.37
2021-11-11T05:00:00Z,109.365,109.367,109.365,109.367,199,9,109.365
2021-11-12T05:00:00Z,110.153,110.153,110.153,110.153,104,6,110.153
2021-11-15T05:00:00Z,110.39,110.39,110.051,110.051,1152,20,110.284
2021-11-16T05:00:00Z,110.454,110.454,110.197,110.197,151,6,110.454
2021-11-17T05:00:00Z,109.805,109.815,109.751,109.815,836,16,109.785
2021-11-18T05:00:00Z,109.64,109.915,109.506,109.915,681,16,109.551
2021-11-19T05:00:00Z,109.923,109.923,109.558,109.558,265,7,109.923
2021-11-22T05:00:00Z,109.57,109.744,109.184,109.184,695,12,109.633
2021-11-23T05:00:00Z,109.25,109.25,109.231,109.231,277,13,109.25
2021-11-24T05:00:00Z,109.174,109.174,109.174,109.174,807,8,109.174
2021-11-26T05:00:00Z,107.8,107.8,106.998,106.998,181,10,107.8
2021-11-29T05:00:00Z,107.63,108.043,107.56,108.043,1202,22,107.589
2021-11-30T05:00:00Z,106.659,106.659,106.082,106.082,828,26,106.527
2021-12-01T05:00:00Z,107.78,107.78,105.378,105.378,439,17,107.78
2021-12-02T05:00:00Z,105.23,107.05,105.23,106.568,1388,18,106.478
2021-12-03T05:00:00Z,106.141,106.141,106.141,106.141,80,10,106.141
2021-12-06T05:00:00Z,107.188,107.188,107.188,107.188,320,10,107.188
2021-12-07T05:00:00Z,109.07,109.129,109.022,109.022,1816,10,109.073
2021-12-08T05:00:00Z,109.56,109.56,109.322,109.322,1421,8,109.56
2021-12-09T05:00:00Z,108.9,108.9,108.681,108.681,870,6,108.9
2021-12-10T05:00:00Z,109.392,109.392,109.392,109.392,160,6,109.392
2021-12-13T05:00:00Z,109.392,109.392,109.392,109.392,0,0,0
2021-12-14T05:00:00Z,108.134,108.134,108.134,108.134,12,6,108.134
2021-12-15T05:00:00Z,108.591,109.828,108.591,109.828,189,7,108.591
2021-12-16T05:00:00Z,110.32,110.32,109.748,109.748,1547,24,110.171
2021-12-17T05:00:00Z,108.006,108.006,107.361,107.361,377,11,107.909
2021-12-20T05:00:00Z,106.243,106.579,106.243,106.579,1584,18,106.287
2021-12-21T05:00:00Z,107.829,107.874,107.829,107.874,1657,17,107.83
2021-12-22T05:00:00Z,108.44,108.76,108.44,108.76,3369,17,108.513
2021-12-23T05:00:00Z,108.7,109.39,108.7,109.39,627,11,108.7
2021-12-27T05:00:00Z,110.22,110.493,110.22,110.493,2506,28,110.259
2021-12-28T05:00:00Z,110.775,110.855,110.558,110.558,1520,30,110.712
2021-12-29T05:00:00Z,110.599,110.95,110.485,110.8,5565,53,110.696
2021-12-30T05:00:00Z,110.989,110.989,110.45,110.45,805,14,110.858
2021-12-31T05:00:00Z,110.78,110.79,110.375,110.375,2211,23,110.757
2022-01-03T05:00:00Z,110.22,110.63,110.22,110.481,5896,32,110.382
2022-01-04T05:00:00Z,110.6,110.87,110.6,110.751,2482,37,110.773
2022-01-05T05:00:00Z,109.931,109.931,109.319,109.319,734,18,109.931
2022-01-06T05:00:00Z,109.003,109.003,109.003,109.003,250,22,109.003
2022-01-07T05:00:00Z,109,109.14,108.982,108.982,869,16,109.04
2022-01-10T05:00:00Z,108.229,108.403,108.06,108.403,449,22,108.14
2022-01-11T05:00:00Z,108.3,108.3,108.3,108.3,882,12,108.3
2022-01-12T05:00:00Z,109.719,109.8,109.719,109.788,905,22,109.775
2022-01-13T05:00:00Z,109.67,109.89,108.691,108.691,8853,29,109.819
2022-01-14T05:00:00Z,108.11,108.769,108.11,108.666,1407,19,108.603
2022-01-18T05:00:00Z,107.196,107.45,106.989,106.989,1217,40,107.382
2022-01-19T05:00:00Z,106.617,106.617,106.617,106.617,92,15,106.617
2022-01-20T05:00:00Z,105.584,105.584,105.584,105.584,134,10,105.584
2022-01-21T05:00:00Z,105.71,105.879,104.29,104.549,3361,45,104.826
2022-01-24T05:00:00Z,103.4,104.122,101.37,104.122,5164,53,102.784
2022-01-25T05:00:00Z,103.2,103.262,103.2,103.262,1851,18,103.213
2022-01-26T05:00:00Z,104.5,104.5,102.56,102.729,1620,24,103.453
2022-01-27T05:00:00Z,103.199,103.199,102.428,102.428,441,18,103.199
2022-01-28T05:00:00Z,101.68,103.875,101.68,103.875,4893,38,102.397
2022-01-31T05:00:00Z,105,105.581,105,105.581,545,24,105
2022-02-01T05:00:00Z,105.397,106.234,105.397,106.234,1140,22,105.525
2022-02-02T05:00:00Z,106.83,107.295,106.83,107.295,1028,13,107.126
2022-02-03T05:00:00Z,106.27,106.27,105.328,105.328,5668,37,105.523
2022-02-04T05:00:00Z,105.381,105.381,105.381,105.381,224,31,105.381
2022-02-07T05:00:00Z,105.911,105.93,105.122,105.122,857,25,105.779
2022-02-08T05:00:00Z,104.92,105.862,104.92,105.862,3078,30,105.505
2022-02-09T05:00:00Z,107.01,107.237,107.01,107.237,6405,29,107.04
2022-02-10T05:00:00Z,106.88,106.88,105.545,105.545,2490,36,106.088
2022-02-11T05:00:00Z,105.31,105.33,104.144,104.144,1181,13,105.047
2022-02-14T05:00:00Z,103.67,103.88,103,103.591,5358,24,103.705
2022-02-15T05:00:00Z,104.73,105.156,104.73,105.156,6082,40,104.759
2022-02-16T05:00:00Z,104.557,105.65,104.493,105.46,1650,29,105.237
2022-02-17T05:00:00Z,104.28,104.61,103.696,103.696,1633,13,104.43
2022-02-18T05:00:00Z,103.34,103.34,103.104,103.104,334,20,103.34
2022-02-22T05:00:00Z,102,102.894,101.78,102.162,1342,25,102.054
2022-02-23T05:00:00Z,102.41,102.41,101.371,101.371,1971,19,101.959
2022-02-24T05:00:00Z,98.95,99.075,98.826,99.075,1473,24,98.9138
2022-02-25T05:00:00Z,101.78,103.609,101.78,103.609,1415,21,102.247
2022-02-28T05:00:00Z,102.756,102.864,102.756,102.864,339,17,102.756
2022-03-01T05:00:00Z,100.98,101.449,100.98,101.449,330,13,100.98
2022-03-02T05:00:00Z,101.73,103.108,101.73,103.108,1139,17,102.012
2022-03-03T05:00:00Z,102.4,102.443,102.18,102.443,669,26,102.327
2022-03-04T05:00:00Z,100.86,101.587,100.86,101.587,794,29,100.971
2022-03-07T05:00:00Z,100.597,100.597,99.1615,99.1615,334,19,100.597
2022-03-08T05:00:00Z,98.6,99.21,98.5485,98.5485,1354,31,99.0861
2022-03-09T05:00:00Z,99.78,101.18,99.78,100.973,1773,26,100.617
2022-03-10T05:00:00Z,100.3,100.51,100.039,100.51,2789,20,100.417
2022-03-11T05:00:00Z,100.311,100.311,99.4761,99.4761,618,14,99.8097
2022-03-14T04:00:00Z,100.52,100.52,99.3262,99.3262,925,16,100.52
2022-03-15T04:00:00Z,100.891,100.891,100.891,100.891,253,20,100.891
2022-03-16T04:00:00Z,102.13,102.865,102.13,102.865,612,17,102.23
2022-03-17T04:00:00Z,103.315,103.924,103.06,103.924,1999,17,103.297
2022-03-18T04:00:00Z,104.741,105.063,104.741,105.063,764,12,104.755
2022-03-21T04:00:00Z,104.23,104.698,104.22,104.698,1895,32,104.222
2022-03-22T04:00:00Z,105.65,105.65,105.3,105.35,1679,29,105.464
2022-03-23T04:00:00Z,104.744,104.84,104.193,104.222,1795,37,104.525
2022-03-24T04:00:00Z,105.458,105.458,105.458,105.458,192,13,105.458
2022-03-25T04:00:00Z,105.865,105.865,105.865,105.865,51,2,105.865
2022-03-28T04:00:00Z,105.39,105.582,105.39,105.525,1017,19,105.499
2022-03-29T04:00:00Z,107.11,107.43,107.11,107.43,1621,23,107.187
2022-03-30T04:00:00Z,106.95,106.95,106.95,106.95,623,14,106.95
2022-03-31T04:00:00Z,106.81,107.065,105.811,105.811,6559,60,106.787
2022-04-01T04:00:00Z,106.277,106.277,106.277,106.277,188,18,106.277
2022-04-04T04:00:00Z,106.72,106.72,106.72,106.72,234,13,106.72
2022-04-05T04:00:00Z,106.66,106.66,105.755,105.755,1023,15,106.611
2022-04-06T04:00:00Z,104.56,105.261,104.33,105.261,1198,18,104.55
2022-04-07T04:00:00Z,105.763,105.763,105.763,105.763,288,13,105.763
2022-04-08T04:00:00Z,105.664,105.664,105.664,105.664,243,13,105.664
2022-04-11T04:00:00Z,105.56,105.56,104.39,104.39,1833,14,105.501
2022-04-12T04:00:00Z,104.5,104.5,103.5,103.813,6672,32,103.935
2022-04-13T04:00:00Z,104.66,104.818,104.43,104.818,1710,15,104.621
2022-04-14T04:00:00Z,104.035,104.035,104.035,104.035,97,11,104.035
2022-04-18T04:00:00Z,103.89,103.89,103.598,103.598,1120,16,103.766
2022-04-19T04:00:00Z,104.114,104.584,104.114,104.584,792,14,104.114
2022-04-20T04:00:00Z,104.92,105.295,104.92,105.016,840,18,105.067
2022-04-21T04:00:00Z,103.522,103.522,103.522,103.522,13,3,103.522
2022-04-22T04:00:00Z,102.15,102.15,101.238,101.238,1670,21,101.873
2022-04-25T04:00:00Z,101.175,101.175,101.175,101.175,314,14,101.175
2022-04-26T04:00:00Z,99.915,99.915,99.1494,99.1494,340,12,99.8932
2022-04-27T04:00:00Z,99.05,100.162,99.05,99.3119,3282,35,99.774
2022-04-28T04:00:00Z,100.238,101.145,100.238,101.082,3400,26,100.704
2022-04-29T04:00:00Z,100.45,100.45,98.5051,98.5051,1335,15,100.357
2022-05-02T04:00:00Z,98.6877,98.6877,98.6877,98.6877,153,11,98.6877
2022-05-03T04:00:00Z,98.92,99.58,98.92,99.2652,769,17,99.3993
2022-05-04T04:00:00Z,99.2423,101.467,99.2423,101.467,739,15,99.3152
2022-05-05T04:00:00Z,100.72,100.72,98.3221,98.3221,755,12,100.55
2022-05-06T04:00:00Z,97.69,97.7797,97.69,97.7797,615,24,97.69
2022-05-09T04:00:00Z,95.9875,95.9875,95.2576,95.2576,1339,16,95.6902
2022-05-10T04:00:00Z,96.32,96.32,95.05,95.4741,770,13,95.5598
2022-05-11T04:00:00Z,96.22,96.33,94.4697,94.4697,1392,14,96.3215
2022-05-12T04:00:00Z,93.845,94.3128,93.845,94.3128,301,10,93.845
2022-05-13T04:00:00Z,96.3036,96.35,96.3036,96.35,327,12,96.3036
2022-05-16T04:00:00Z,95.97,97.1965,95.97,96.3786,1318,17,96.5313
2022-05-17T04:00:00Z,97.5798,97.9465,97.5798,97.8851,692,18,97.8026
2022-05-18T04:00:00Z,94.812,94.812,94.6715,94.6715,231,14,94.812
2022-05-19T04:00:00Z,94.645,94.7471,94.645,94.6993,280,6,94.6947
2022-05-20T04:00:00Z,93.875,95.0155,93.65,95.0155,1496,14,93.768
2022-05-23T04:00:00Z,96.2915,96.6738,96.2915,96.6738,292,10,96.2915
2022-05-24T04:00:00Z,96.3708,96.5086,96.3708,96.5086,989,6,96.386
2022-05-25T04:00:00Z,96.9739,96.9848,96.7714,96.9848,921,11,96.8814
2022-05-26T04:00:00Z,98.4142,98.4142,98.4142,98.4142,348,14,98.4142
2022-05-27T04:00:00Z,99.53,100.07,99.53,100.07,862,28,99.8045
2022-05-31T04:00:00Z,99.35,99.9453,99.27,99.3004,1733,8,99.628
2022-06-01T04:00:00Z,97.99,98.11,97.328,97.6289,2971,34,97.9957
2022-06-02T04:00:00Z,97.35,97.66,97.34,97.515,5476,36,97.488
2022-06-03T04:00:00Z,98.26,98.26,97.7814,97.7814,1097,25,98.26
2022-06-06T04:00:00Z,98.46,98.46,97.9945,97.9945,377,17,98.46
2022-06-07T04:00:00Z,98.6274,98.6274,98.6274,98.6274,287,10,98.6274
2022-06-08T04:00:00Z,98.2,98.41,97.42,97.42,7376,37,98.0779
2022-06-09T04:00:00Z,97.4,97.4,95.4253,95.4253,796,25,97.4
2022-06-10T04:00:00Z,93.4,93.54,93.3263,93.3263,5897,26,93.4392
2022-06-13T04:00:00Z,90.82,91.7,90.09,90.3049,5818,38,90.9505
2022-06-14T04:00:00Z,90.92,90.92,89.27,89.7282,4037,26,89.8098
2022-06-15T04:00:00Z,90.36,90.9434,90.36,90.9434,1248,22,90.3907
2022-06-16T04:00:00Z,88.6438,88.721,88.64,88.721,1301,17,88.6435
2022-06-17T04:00:00Z,88.48,89.27,88.48,88.8721,1882,24,88.9107
2022-06-21T04:00:00Z,90.6152,90.6152,90.5884,90.5884,234,7,90.6152
2022-06-22T04:00:00Z,90.87,91.49,90.755,90.7694,64649,186,91.2718
2022-06-23T04:00:00Z,91.18,91.18,90.16,91.1339,2251,22,90.5189
2022-06-24T04:00:00Z,92.32,93.6187,92.32,93.6187,1855,19,92.6933
2022-06-27T04:00:00Z,93.6892,93.6892,93.4104,93.4104,1348,9,93.6892
2022-06-28T04:00:00Z,93.89,93.89,92.0625,92.0625,1035,23,92.9814
2022-06-29T04:00:00Z,92.0698,92.0698,92.0698,92.0698,218,15,92.0698
2022-06-30T04:00:00Z,91.09,91.51,90.71,91.278,25168,54,91.129
2022-07-01T04:00:00Z,92.1346,92.1346,92.1346,92.1346,141,7,92.1346
2022-07-05T04:00:00Z,90.3941,91.6019,90.3941,91.6019,944,8,90.6839
2022-07-06T04:00:00Z,91.95,91.9724,91.95,91.9724,269,13,91.95
2022-07-07T04:00:00Z,92.46,93.0906,92.46,93.0906,6317,13,92.8105
2022-07-08T04:00:00Z,93.33,93.33,93.0761,93.0761,154,3,93.33
2022-07-11T04:00:00Z,92.4848,92.4848,92.0349,92.0349,608,16,92.4848
2022-07-12T04:00:00Z,92.15,92.2446,91.49,91.49,2440,19,92.1453
2022-07-13T04:00:00Z,90.5901,91.3895,90.59,91.3895,2065,19,90.9771
2022-07-14T04:00:00Z,89.8374,90.6897,89.8374,90.6897,1364,25,90.1167
2022-07-15T04:00:00Z,91.32,92.0871,91.32,92.0871,3176,30,91.7459
2022-07-18T04:00:00Z,92.82,92.8746,91.623,91.623,696,16,92.4713
2022-07-19T04:00:00Z,92.7499,93.7868,92.7499,93.7841,1629,15,93.1531
2022-07-20T04:00:00Z,93.76,94.55,93.5,93.8565,18355,123,93.6785
2022-07-21T04:00:00Z,93.96,94.5289,93.96,94.5289,4283,15,94.1778
2022-07-22T04:00:00Z,94.9,94.9,93.65,93.838,926,24,94.7065
2022-07-25T04:00:00Z,94.61,94.61,94.05,94.1759,7782,38,94.1957
2022-07-26T04:00:00Z,93.59,93.59,92.87,93.3314,14697,78,93.2841
2022-07-27T04:00:00Z,94.41,95.2106,94.068,95.2106,2915,23,94.3369
2022-07-28T04:00:00Z,94.52,96.0732,94.52,96.0421,1583,21,94.9497
2022-07-29T04:00:00Z,96.44,97.09,96.44,96.9068,2576,32,96.4836
2022-08-01T04:00:00Z,96.8,97.12,96.8,96.8155,2215,28,97.0441
2022-08-02T04:00:00Z,96.58,96.58,95.9914,95.9914,320,16,96.58
2022-08-03T04:00:00Z,96.3545,97.03,96.17,96.9798,10061,39,96.6619
2022-08-04T04:00:00Z,97.02,97.105,96.85,97.0604,5676,23,97.0309
2022-08-05T04:00:00Z,96.32,96.8515,96.32,96.8515,771,20,96.3535
2022-08-08T04:00:00Z,97.31,97.31,96.6687,96.8145,13090,62,97.0747
2022-08-09T04:00:00Z,96.4001,96.4256,96.4001,96.4256,1752,7,96.4001
2022-08-10T04:00:00Z,97.925,98.32,97.925,98.2807,2780,21,98.2304
2022-08-11T04:00:00Z,99.22,99.22,98.1405,98.1405,2785,30,99.0159
2022-08-12T04:00:00Z,98.7,99.3367,98.56,99.3367,3394,34,98.7967
2022-08-15T04:00:00Z,99.49,99.6343,99.49,99.5909,941,14,99.5417
2022-08-16T04:00:00Z,99.53,99.8141,99.53,99.8067,1188,25,99.6816
2022-08-17T04:00:00Z,99.1126,99.1126,99.1126,99.1126,118,7,99.1126
2022-08-18T04:00:00Z,99.3095,99.3095,99.142,99.142,386,9,99.3095
2022-08-19T04:00:00Z,98.23,98.41,98.07,98.1218,5398,38,98.1567
2022-08-22T04:00:00Z,96.97,96.97,96.4402,96.4402,825,8,96.97
2022-08-23T04:00:00Z,96.3068,96.3068,96.166,96.166,429,10,96.2799
2022-08-24T04:00:00Z,96.4311,96.4311,96.2978,96.2978,376,7,96.4311
2022-08-25T04:00:00Z,96.91,97.3418,96.91,97.3418,839,9,96.91
2022-08-26T04:00:00Z,95.68,95.68,94.6411,94.6411,1817,15,95.0603
2022-08-29T04:00:00Z,94.55,94.55,94.1843,94.1843,2780,22,94.5131
2022-08-30T04:00:00Z,93.45,93.45,93.19,93.2457,800,22,93.3511
2022-08-31T04:00:00Z,93.07,93.19,92.7701,92.7701,36234,18,93.0668
2022-09-01T04:00:00Z,91.805,92.5375,91.805,92.5375,673,22,92.0643
2022-09-02T04:00:00Z,91.6095,91.6095,91.6095,91.6095,69,9,91.6095
2022-09-06T04:00:00Z,91.5352,91.6404,91.2846,91.2846,747,17,91.6067
2022-09-07T04:00:00Z,91.42,92.7259,91.42,92.7259,1005,23,92.1368
2022-09-08T04:00:00Z,92.6523,93.2059,92.26,93.2059,772,12,92.7336
2022-09-09T04:00:00Z,93.9,95,93.9,94.8788,7985,45,94.5957
2022-09-12T04:00:00Z,95.5983,95.5983,95.5067,95.5638,687,8,95.5326
2022-09-13T04:00:00Z,94.16,94.16,92.0974,92.0974,1056,22,93.5216
2022-09-14T04:00:00Z,92.24,92.24,91.9082,92.1512,525,16,92.1062
2022-09-15T04:00:00Z,91.55,91.55,91.381,91.381,633,14,91.5185
2022-09-16T04:00:00Z,90.6,90.974,90.51,90.974,512,21,90.54
2022-09-19T04:00:00Z,91.13,91.38,90.55,91.3304,4489,26,90.8746
2022-09-20T04:00:00Z,90.23,90.31,89.92,90.1942,1913,21,90.1953
2022-09-21T04:00:00Z,89.0093,89.0093,89.0093,89.0093,145,11,89.0093
2022-09-22T04:00:00Z,88.48,88.6411,88.48,88.6411,325,14,88.48
2022-09-23T04:00:00Z,88.03,88.03,86.48,86.9064,2163,30,87.6331
2022-09-26T04:00:00Z,86.0093,86.0093,86.0093,86.0093,189,14,86.0093
2022-09-27T04:00:00Z,87.11,87.11,84.99,85.5617,3305,21,86.0618
2022-09-28T04:00:00Z,86.32,87.4171,86.32,87.4171,2181,27,86.5905
2022-09-29T04:00:00Z,86.84,86.84,85.86,85.9535,2743,13,86.3925
2022-09-30T04:00:00Z,86.11,86.11,84.9724,84.9724,4040,15,85.6426
2022-10-03T04:00:00Z,86.5185,86.9444,86.5185,86.9444,475,19,86.5185
2022-10-04T04:00:00Z,89,89.4915,89,89.4915,3114,13,89.0103
2022-10-05T04:00:00Z,88.2,89.28,88.2,88.995,3215,24,88.9226
2022-10-06T04:00:00Z,88.59,88.59,87.8876,87.8876,2369,14,88.3646
2022-10-07T04:00:00Z,86.56,86.56,85.9034,85.9034,4972,24,86.2021
2022-10-10T04:00:00Z,86.41,86.41,85.205,85.5705,959,17,85.8288
2022-10-11T04:00:00Z,85.54,85.96,84.59,84.9599,9832,59,85.6906
2022-10-12T04:00:00Z,85.01,85.0865,84.6298,84.6298,3073,22,84.8613
2022-10-13T04:00:00Z,83.39,86.9,83.39,86.5234,4889,39,86.2412
2022-10-14T04:00:00Z,87.43,87.43,84.81,84.8628,1663,20,86.5423
2022-10-17T04:00:00Z,86.8688,86.88,86.71,86.7741,1944,18,86.8065
2022-10-18T04:00:00Z,87.95,87.95,87.1,87.4732,2457,26,87.7971
2022-10-19T04:00:00Z,87.07,87.35,86.37,86.7956,8194,24,86.5725
2022-10-20T04:00:00Z,87.25,87.25,86.4055,86.4055,1703,19,86.7381
2022-10-21T04:00:00Z,86.21,88.0454,85.66,88.0454,1445,28,85.9526
2022-10-24T04:00:00Z,88.73,88.8272,88.47,88.8272,1768,21,88.6674
2022-10-25T04:00:00Z,89.9,90.36,89.9,90.2991,18012,35,90.2794
2022-10-26T04:00:00Z,89.8,91.23,89.8,90.3134,9094,31,90.3503
2022-10-27T04:00:00Z,90.5,90.5,89.742,89.8,2973,42,90.0015
2022-10-28T04:00:00Z,89.92,91.62,89.92,91.5629,2165,35,91.1298
2022-10-31T04:00:00Z,90.98,91.28,90.91,90.9194,8317,62,91.0964
2022-11-01T04:00:00Z,91.14,91.26,90.71,91.1345,10203,106,90.9911
2022-11-02T04:00:00Z,91.18,91.18,89.56,89.7807,11284,53,90.2037
2022-11-03T04:00:00Z,88.9477,88.9477,88.4563,88.4563,5366,14,88.9477
2022-11-04T04:00:00Z,89.3,90.31,89.3,90.31,4530,30,89.7594
2022-11-07T05:00:00Z,90.65,91.1,90.49,90.8865,3753,38,90.7898
2022-11-08T05:00:00Z,91.77,92,91.29,91.7466,2152,23,91.545
2022-11-09T05:00:00Z,91.28,91.28,90.4882,90.4882,9683,103,90.6922
2022-11-10T05:00:00Z,93.73,94.7549,93.69,94.7549,1428,17,94.0984
2022-11-11T05:00:00Z,95.19,95.54,95.1899,95.4493,3700,30,95.4332
2022-11-14T05:00:00Z,95.55,95.735,94.8449,94.8449,4006,45,95.67
2022-11-15T05:00:00Z,95.3165,95.4982,95.07,95.3148,2095,21,95.4114
2022-11-16T05:00:00Z,95.08,95.25,95,95.0086,4715,33,95.0759
2022-11-17T05:00:00Z,94.05,94.83,94.05,94.7982,2323,25,94.6185
2022-11-18T05:00:00Z,94.915,95.47,94.915,95.305,1060,21,95.0398
2022-11-21T05:00:00Z,95.28,95.31,94.98,95.1439,6746,40,95.1455
2022-11-22T05:00:00Z,95.56,96.44,95.56,96.337,19439,60,96.3129
2022-11-23T05:00:00Z,97,97.17,96.62,96.9333,2938,38,96.8326
2022-11-25T05:00:00Z,97.2648,97.2648,97.1587,97.1587,1631,7,97.2648
2022-11-28T05:00:00Z,97.1,97.1,95.81,95.8603,7034,33,96.0691
2022-11-29T05:00:00Z,96.38,96.38,95.83,95.912,3769,22,96.1469
2022-11-30T05:00:00Z,95.89,98.27,95.89,98.2298,4693,35,97.11
2022-12-01T05:00:00Z,98.62,98.62,98.32,98.4723,1049,22,98.51
2022-12-02T05:00:00Z,98.32,98.449,98.03,98.449,1036,28,98.1855
2022-12-05T05:00:00Z,96.96,96.9842,96.875,96.9842,850,27,96.9255
2022-12-06T05:00:00Z,96.14,96.14,95.7,96.0213,3068,30,96.0275
2022-12-07T05:00:00Z,95.95,96.2,95.88,96.0599,9432,18,95.8978
2022-12-08T05:00:00Z,96.54,96.65,96.54,96.6489,711,15,96.6067
2022-12-09T05:00:00Z,96.8501,96.93,96.1931,96.1931,1959,18,96.8363
2022-12-12T05:00:00Z,96.1901,97.0994,96.19,97.0994,1402,22,96.7844
2022-12-13T05:00:00Z,99.08,99.17,97.54,97.952,1281,32,98.413
2022-12-14T05:00:00Z,98.55,98.55,97.595,97.7028,1685,26,97.9143
2022-12-15T05:00:00Z,95.49,95.49,95.2799,95.3744,1969,20,95.3323
2022-12-16T05:00:00Z,93.42,93.8316,93.325,93.8232,6789,30,93.5985
2022-12-19T05:00:00Z,92.92,93.18,92.92,93.18,766,27,93.1112
2022-12-20T05:00:00Z,93.45,93.61,93.33,93.4042,1934,23,93.4619
2022-12-21T05:00:00Z,94.79,94.79,94.42,94.4359,1303,19,94.4927
2022-12-22T05:00:00Z,93.393,93.5786,92.6234,93.5786,2180,27,92.9832
2022-12-23T05:00:00Z,93.83,94.0486,93.2407,94.0486,2529,37,93.7353
2022-12-27T05:00:00Z,94.1799,94.19,93.985,94.0108,2701,43,94.121
2022-12-28T05:00:00Z,92.9201,93.26,92.92,93.0513,1450,26,92.987
2022-12-29T05:00:00Z,93.99,94.66,93.99,94.3866,1087,25,94.3827
2022-12-30T05:00:00Z,94.22,94.22,93.43,93.8363,2757,29,93.7839
2023-01-03T05:00:00Z,94.17,94.56,93.6899,94.0335,3001,29,93.9406
2023-01-04T05:00:00Z,94.54,95.29,94.54,94.7502,1063,24,95.1465
2023-01-05T05:00:00Z,93.95,94.38,93.8974,93.8974,1908,25,94.0028
2023-01-06T05:00:00Z,95.04,95.9928,94.47,95.9928,1524,24,94.9059
2023-01-09T05:00:00Z,96.75,97.04,95.8559,95.8559,1374,26,96.7582
2023-01-10T05:00:00Z,95.42,96.1632,95.42,96.1632,3326,22,95.8265
2023-01-11T05:00:00Z,96.49,96.9556,96.49,96.9556,1233,20,96.5785
2023-01-12T05:00:00Z,97.69,97.77,97.38,97.5346,1046,23,97.6741
2023-01-13T05:00:00Z,97.5999,97.9322,97.5999,97.9322,2266,21,97.7638
2023-01-17T05:00:00Z,97.9,98.07,97.7851,97.7851,7873,46,97.973
2023-01-18T05:00:00Z,97.9415,97.9415,96.6198,96.6198,2280,29,97.3238
2023-01-19T05:00:00Z,96.42,96.43,96.1745,96.1745,925,22,96.4271
2023-01-20T05:00:00Z,95.9201,97.3178,95.9201,97.3178,3074,37,96.4791
2023-01-23T05:00:00Z,97.61,98.13,97.61,98.0973,2181,32,97.9088
2023-01-24T05:00:00Z,97.94,98.0899,97.8399,98.0618,1540,19,97.9076
2023-01-25T05:00:00Z,97.09,98.2297,97.09,98.2297,1715,51,97.2218
2023-01-26T05:00:00Z,98.05,98.606,98.05,98.6028,1002,19,98.2488
2023-01-27T05:00:00Z,98.78,98.78,98.5889,98.5889,1804,34,98.718
2023-01-30T05:00:00Z,98.56,98.56,97.7779,97.7779,1186,46,98.4275
2023-01-31T05:00:00Z,98.7892,98.7892,98.7892,98.7892,386,12,98.7892
2023-02-01T05:00:00Z,98.6714,99.6322,98.6714,99.6322,580,18,98.9709
2023-02-02T05:00:00Z,100.14,100.317,100.04,100.201,1215,17,100.187
2023-02-03T05:00:00Z,99.357,99.357,99.357,99.357,320,16,99.357
2023-02-06T05:00:00Z,98.73,98.78,98.5598,98.6844,10655,29,98.7717
2023-02-07T05:00:00Z,98.34,99.672,98.34,99.672,7116,35,98.4696
2023-02-08T05:00:00Z,99.34,99.34,98.7144,98.7144,5565,37,99.2617
2023-02-09T05:00:00Z,99.92,99.92,98.183,98.183,1465,18,99.3853
2023-02-10T05:00:00Z,98.3758,98.3758,98.3758,98.3758,589,19,98.3758
2023-02-13T05:00:00Z,98.36,99.3199,98.36,99.2702,958,16,98.9975
2023-02-14T05:00:00Z,98.97,99.2862,98.78,99.2862,1479,24,98.8878
2023-02-15T05:00:00Z,98.71,99.0828,98.6245,99.0828,542,16,98.658
2023-02-16T05:00:00Z,98.72,99.07,98.358,98.358,666,19,98.8456
2023-02-17T05:00:00Z,97.82,98.4801,97.82,98.4801,546,13,97.82
2023-02-21T05:00:00Z,97.28,97.29,96.974,97.0011,7610,34,97.2468
2023-02-22T05:00:00Z,97.02,97.02,96.6211,96.6211,582,15,96.9284
2023-02-23T05:00:00Z,96.4079,97.0142,96.4079,97.0142,767,14,96.5118
2023-02-24T05:00:00Z,95.71,95.9475,95.71,95.9045,747,16,95.7879
2023-02-27T05:00:00Z,96.925,96.925,96.235,96.3301,2225,20,96.527
2023-02-28T05:00:00Z,95.939,95.939,95.939,95.939,871,60,95.939
2023-03-01T05:00:00Z,95.9193,95.9751,95.5866,95.704,1860,45,95.7638
2023-03-02T05:00:00Z,95.75,96.3035,95.75,96.3035,842,44,95.9044
2023-03-03T05:00:00Z,97.0928,97.66,97.0928,97.5335,1315,29,97.4097
2023-03-06T05:00:00Z,97.8104,97.9957,97.5842,97.5842,2818,15,97.7119
2023-03-07T05:00:00Z,96.6698,96.6967,96.193,96.193,2496,18,96.4348
2023-03-08T05:00:00Z,96.2131,96.4014,95.9433,96.4014,1757,43,96.1196
2023-03-09T05:00:00Z,96.3,96.82,95.2767,95.2767,2260,46,96.5823
2023-03-10T05:00:00Z,95.1608,95.1608,94.1701,94.1701,1183,32,94.5488
2023-03-13T04:00:00Z,94.7473,94.7473,94.09,94.1239,3682,22,94.3624
2023-03-14T04:00:00Z,94.8058,95.248,94.8058,95.248,611,25,94.8058
2023-03-15T04:00:00Z,93.7561,94.1569,93.55,94.1569,1942,36,93.6971
2023-03-16T04:00:00Z,95.27,95.5859,95.12,95.5859,24184,67,95.1545
2023-03-17T04:00:00Z,94.7622,94.7622,94.7622,94.7622,327,10,94.7622
2023-03-20T04:00:00Z,95.54,95.8252,95.54,95.8252,509,11,95.6466
2023-03-21T04:00:00Z,96.21,96.6014,96.17,96.6014,7370,146,96.1894
2023-03-22T04:00:00Z,96.4436,96.563,95.7734,95.7734,3268,25,96.5274
2023-03-23T04:00:00Z,96,96.001,96,96.001,823,13,96
2023-03-24T04:00:00Z,95.9247,96.31,95.9247,96.2462,756,11,96.1783
2023-03-27T04:00:00Z,96.6907,96.7543,96.6907,96.7543,593,42,96.6954
2023-03-28T04:00:00Z,96.916,96.916,96.45,96.7218,9460,29,96.7778
2023-03-29T04:00:00Z,97.9179,97.9179,97.8868,97.8868,801,17,97.9179
2023-03-30T04:00:00Z,98.548,98.548,98.3234,98.4756,1294,8,98.4217
2023-03-31T04:00:00Z,99.05,99.4294,99.05,99.4294,1379,27,99.1593
2023-04-03T04:00:00Z,99.51,99.9938,99.51,99.9938,885,17,99.7692
2023-04-04T04:00:00Z,99.92,100.04,99.57,99.573,2302,38,99.7307
2023-04-05T04:00:00Z,99.6751,99.6751,99.4199,99.5838,2683,35,99.5484
2023-04-06T04:00:00Z,100.002,100.002,99.9624,99.9624,537,9,100.002
2023-04-10T04:00:00Z,99.3226,99.98,99.3226,99.916,2265,19,99.4835
2023-04-11T04:00:00Z,100,100.48,100,100.132,827,27,100.331
2023-04-12T04:00:00Z,100.579,100.801,100.118,100.118,924,19,100.54
2023-04-13T04:00:00Z,100.5,101.267,100.45,101.267,2048,36,100.727
2023-04-14T04:00:00Z,100.62,101.012,100.62,101.012,815,14,100.755
2023-04-17T04:00:00Z,100.938,101.095,100.938,101.095,486,15,101
2023-04-18T04:00:00Z,101.215,101.299,101.215,101.299,811,11,101.215
2023-04-19T04:00:00Z,101.16,101.16,100.906,100.989,972,18,101.034
2023-04-20T04:00:00Z,100.924,101.11,100.836,100.836,2018,15,100.968
2023-04-21T04:00:00Z,100.768,101.43,100.74,101.129,62921,35,101.147
2023-04-24T04:00:00Z,101.247,101.247,101.247,101.247,365,15,101.247
2023-04-25T04:00:00Z,100.83,100.83,100.062,100.062,3311,51,100.395
2023-04-26T04:00:00Z,100.161,100.161,99.6041,99.6353,820,18,99.7479
2023-04-27T04:00:00Z,100.471,101.167,100.471,101.167,1561,18,100.581
2023-04-28T04:00:00Z,101.42,101.685,101.27,101.685,3104,32,101.538
2023-05-01T04:00:00Z,101.93,102.095,101.884,101.884,1487,30,102.006
2023-05-02T04:00:00Z,101,101,100.23,100.883,1608,28,100.626
2023-05-03T04:00:00Z,101.38,101.422,100.621,100.621,1448,20,101.305
2023-05-04T04:00:00Z,100.53,100.53,100.01,100.04,927,25,100.217
2023-05-05T04:00:00Z,101.261,101.462,101.26,101.462,1684,25,101.373
2023-05-08T04:00:00Z,101.44,101.535,101.44,101.472,2983,41,101.465
2023-05-09T04:00:00Z,101.02,101.4,101.02,101.2,2141,37,101.279
2023-05-10T04:00:00Z,102.12,102.12,100.69,101.358,1399,27,101.423
2023-05-11T04:00:00Z,101.48,101.48,100.89,101.129,3057,22,100.999
2023-05-12T04:00:00Z,101.025,101.025,101.025,101.025,334,12,101.025
2023-05-15T04:00:00Z,100.94,101.505,100.94,101.496,4314,36,101.077
2023-05-16T04:00:00Z,101,101.02,100.72,100.72,1670,30,100.993
2023-05-17T04:00:00Z,101.45,101.45,101.33,101.39,1022,21,101.389
2023-05-18T04:00:00Z,101.42,101.763,101.266,101.763,2007,21,101.512
2023-05-19T04:00:00Z,102.17,102.23,101.72,101.982,5201,144,101.958
2023-05-22T04:00:00Z,101.75,102.045,101.75,101.847,3347,13,101.927
2023-05-23T04:00:00Z,101.34,101.49,100.762,100.762,2705,27,101.282
2023-05-24T04:00:00Z,99.92,99.97,99.68,99.9066,4597,140,99.7988
2023-05-25T04:00:00Z,99.89,100.262,99.7601,100.262,8584,33,99.9179
2023-05-26T04:00:00Z,100.45,101.24,100.45,101.24,5163,35,100.902
2023-05-30T04:00:00Z,101.003,101.003,100.698,100.739,976,22,100.799
2023-05-31T04:00:00Z,99.8822,100.315,99.7501,100.174,1926,21,99.91
2023-06-01T04:00:00Z,99.7965,100.18,99.7965,100.059,987,19,99.9078
2023-06-02T04:00:00Z,100.9,101.415,100.9,101.414,4123,23,101.216
2023-06-05T04:00:00Z,101.3,101.31,101.046,101.049,2802,37,101.179
2023-06-06T04:00:00Z,101.275,101.301,101.176,101.301,798,99,101.216
2023-06-07T04:00:00Z,100.855,100.855,100.77,100.776,2266,20,100.831
2023-06-08T04:00:00Z,101.34,101.519,100.87,101.467,2723,24,101
2023-06-09T04:00:00Z,101.61,101.83,101.43,101.467,1914,21,101.677
2023-06-12T04:00:00Z,101.55,102.016,101.483,102.016,988,25,101.635
2023-06-13T04:00:00Z,102.788,102.84,102.669,102.669,1129,28,102.778
2023-06-14T04:00:00Z,102.781,102.781,102.781,102.781,428,18,102.781
2023-06-15T04:00:00Z,103.855,104.23,103.855,104.034,1120,15,104.072
2023-06-16T04:00:00Z,104.392,104.397,103.882,103.882,4138,40,104.294
2023-06-20T04:00:00Z,103.26,103.26,103.03,103.037,2681,36,103.051
2023-06-21T04:00:00Z,102.88,103.014,102.88,102.978,1081,23,102.957
2023-06-22T04:00:00Z,102.84,102.897,102.687,102.897,3917,24,102.826
2023-06-23T04:00:00Z,102.11,102.178,102.02,102.04,2688,24,102.144
2023-06-26T04:00:00Z,102.43,102.43,101.92,102.02,4760,27,102.043
2023-06-27T04:00:00Z,102.06,102.89,102.06,102.872,1348,18,102.288
2023-06-28T04:00:00Z,102.67,102.67,102.56,102.583,942,22,102.633
2023-06-29T04:00:00Z,102.81,103.12,102.72,103.023,11502,152,102.942
2023-06-30T04:00:00Z,103.96,104.33,103.96,104.214,2618,31,104.139
2023-07-03T04:00:00Z,103.99,104.27,103.97,104.191,1368,13,104.017
2023-07-05T04:00:00Z,103.6,103.792,103.57,103.751,2583,30,103.664
2023-07-06T04:00:00Z,102.31,102.699,102.27,102.699,4856,45,102.487
2023-07-07T04:00:00Z,103.04,103.04,102.581,102.581,285,9,103.04
2023-07-10T04:00:00Z,102.77,102.95,102.77,102.851,1335,20,102.818
2023-07-11T04:00:00Z,103.281,103.577,103.245,103.577,879,29,103.264
2023-07-12T04:00:00Z,104.567,104.77,104.561,104.561,2618,25,104.686
2023-07-13T04:00:00Z,105.22,105.64,105.181,105.55,3083,27,105.276
2023-07-14T04:00:00Z,105.57,105.57,105.322,105.322,1264,37,105.522
2023-07-17T04:00:00Z,105.65,105.65,105.497,105.516,846,21,105.563
2023-07-18T04:00:00Z,105.93,106.16,105.916,106.091,1129,30,106.028
2023-07-19T04:00:00Z,106.68,106.68,106.21,106.333,1346,28,106.311
2023-07-20T04:00:00Z,106.3,106.3,106.138,106.138,1616,33,106.242
2023-07-21T04:00:00Z,106.427,106.61,106.377,106.377,1344,25,106.497
2023-07-24T04:00:00Z,106.563,106.563,106.472,106.472,653,25,106.563
2023-07-25T04:00:00Z,106.84,106.84,106.772,106.772,427,14,106.84
2023-07-26T04:00:00Z,106.666,106.739,106.52,106.739,1693,20,106.605
2023-07-27T04:00:00Z,107.4,107.4,106.352,106.352,990,20,106.947
2023-07-28T04:00:00Z,107.13,107.13,107.064,107.064,557,20,107.13
2023-07-31T04:00:00Z,106.981,107.04,106.91,106.931,3894,48,106.966
2023-08-01T04:00:00Z,106.557,106.557,106.37,106.471,892,24,106.503
2023-08-02T04:00:00Z,105.93,105.93,105.16,105.2,488,14,105.57
2023-08-03T04:00:00Z,104.886,105.02,104.838,104.901,1562,49,104.914
2023-08-04T04:00:00Z,105.32,105.401,104.502,104.502,882,21,105.2
2023-08-07T04:00:00Z,105.2,105.474,105.2,105.474,704,31,105.2
2023-08-08T04:00:00Z,105.21,105.21,104.73,105.193,2048,38,105.038
2023-08-09T04:00:00Z,105.5,105.5,104.71,104.968,1709,32,104.995
2023-08-10T04:00:00Z,105.97,106.172,104.86,104.996,1978,40,105.602
2023-08-11T04:00:00Z,104.99,104.99,104.719,104.82,2069,47,104.866
2023-08-14T04:00:00Z,105,105.068,104.844,104.966,5930,32,104.895
2023-08-15T04:00:00Z,104.49,104.55,103.939,103.939,3283,40,104.244
2023-08-16T04:00:00Z,103.55,103.69,103.331,103.331,2334,37,103.666
2023-08-17T04:00:00Z,103.46,103.46,102.787,102.787,1121,22,103.199
2023-08-18T04:00:00Z,102.35,102.79,102.35,102.689,4684,28,102.759
2023-08-21T04:00:00Z,103.104,103.36,102.84,103.261,8722,51,103.052
2023-08-22T04:00:00Z,103.27,103.27,102.89,102.89,2594,33,103.074
2023-08-23T04:00:00Z,103.95,103.95,103.74,103.841,691,15,103.804
2023-08-24T04:00:00Z,103.72,103.72,102.786,102.786,1365,32,103.264
2023-08-25T04:00:00Z,103.06,103.5,103.06,103.41,1190,36,103.413
2023-08-28T04:00:00Z,103.91,104.034,103.91,104.034,365,17,103.91
2023-08-29T04:00:00Z,104.67,105.282,104.67,105.282,2599,30,105.129
2023-08-30T04:00:00Z,105.63,105.63,105.451,105.451,1069,22,105.574
2023-08-31T04:00:00Z,105.53,105.53,105.188,105.188,669,23,105.461
2023-09-01T04:00:00Z,105.175,105.259,105.09,105.259,861,28,105.148
2023-09-05T04:00:00Z,104.552,104.552,104.552,104.552,475,32,104.552
2023-09-06T04:00:00Z,104.11,104.11,103.85,104.076,2035,31,103.95
2023-09-07T04:00:00Z,103.96,103.96,103.96,103.96,322,22,103.96
2023-09-08T04:00:00Z,104.21,104.21,104.004,104.004,1493,29,104.21
2023-09-11T04:00:00Z,104.69,104.82,104.477,104.736,2305,29,104.619
2023-09-12T04:00:00Z,104.42,104.66,104.41,104.435,1761,32,104.509
2023-09-13T04:00:00Z,104.01,104.67,104.01,104.447,3472,31,104.522
2023-09-14T04:00:00Z,105.5,105.58,105.448,105.448,1619,34,105.541
2023-09-15T04:00:00Z,105.25,105.25,104.52,104.614,1828,33,104.804
2023-09-18T04:00:00Z,104.55,104.83,104.4,104.585,3451,47,104.626
2023-09-19T04:00:00Z,104.705,104.705,104.02,104.539,13107,84,104.23
2023-09-20T04:00:00Z,104.47,105,104.168,104.168,1068,29,104.82
2023-09-21T04:00:00Z,103.14,103.14,102.654,102.654,792,28,103.054
2023-09-22T04:00:00Z,102.36,102.87,102.36,102.593,3328,76,102.607
2023-09-25T04:00:00Z,102.355,102.501,102.355,102.501,399,15,102.355
2023-09-26T04:00:00Z,101.47,101.602,101.315,101.315,803,33,101.509
2023-09-27T04:00:00Z,101.16,101.45,100.545,101.138,1432,23,101.345
2023-09-28T04:00:00Z,100.76,102.06,100.76,101.753,2565,35,101.743
2023-09-29T04:00:00Z,102.95,102.95,101.326,101.326,2016,33,102.063
2023-10-02T04:00:00Z,100.67,100.775,100.333,100.775,676,25,100.495
2023-10-03T04:00:00Z,99.688,99.688,99.5,99.6368,1008,32,99.5993
2023-10-04T04:00:00Z,99.46,100.192,99.46,100.192,2261,51,99.781
2023-10-05T04:00:00Z,100.334,100.401,99.8972,100.401,3009,24,100.139
2023-10-06T04:00:00Z,100.21,101.61,100.047,101.426,15620,58,100.565
2023-10-09T04:00:00Z,101.858,101.858,101.858,101.858,155,20,101.858
2023-10-10T04:00:00Z,102.23,103.14,102.21,102.64,2543,31,102.608
2023-10-11T04:00:00Z,102.939,103.12,102.491,103.079,1190,20,102.919
2023-10-12T04:00:00Z,102.28,102.385,102.065,102.385,3134,56,102.266
2023-10-13T04:00:00Z,102.65,102.65,101.87,102.046,1103,29,102.136
2023-10-16T04:00:00Z,102.86,103.109,102.86,103.02,3379,39,102.975
2023-10-17T04:00:00Z,103.06,103.07,102.57,102.883,2669,85,103.016
2023-10-18T04:00:00Z,102.16,102.16,101.68,101.692,4161,37,101.783
2023-10-19T04:00:00Z,101.14,101.769,100.74,100.833,3880,53,101.124
2023-10-20T04:00:00Z,100.099,100.28,99.8463,99.8463,496,18,100.16
2023-10-23T04:00:00Z,99.6701,100.19,99.6252,99.6252,6636,46,100.041
2023-10-24T04:00:00Z,100.232,100.249,99.9089,100.249,1705,38,100.14
2023-10-25T04:00:00Z,99.51,99.87,99.3556,99.3556,1147,23,99.6893
2023-10-26T04:00:00Z,99,99.1,98.3101,98.5152,3832,40,98.6435
2023-10-27T04:00:00Z,98.55,98.55,97.69,97.7982,1446,42,98.2088
2023-10-30T04:00:00Z,99.15,99.15,98.57,99.0525,6291,30,99.0878
2023-10-31T04:00:00Z,98.81,99.4527,98.81,99.4527,2579,43,99.0056
2023-11-01T04:00:00Z,100.03,100.45,100.03,100.238,1144,27,100.252
2023-11-02T04:00:00Z,101.84,102.091,101.72,102.091,1976,42,101.86
2023-11-03T04:00:00Z,102.951,103.39,102.857,103,2938,43,103.154
2023-11-06T05:00:00Z,102.999,102.999,102.73,102.938,3216,33,102.9
2023-11-07T05:00:00Z,102.59,102.94,102.59,102.793,1760,32,102.69
2023-11-08T05:00:00Z,103.08,103.08,102.77,102.791,1084,31,102.866
2023-11-09T05:00:00Z,102.921,103.2,102.266,102.266,2734,28,102.672
2023-11-10T05:00:00Z,102.675,103.317,102.675,103.317,591,21,103.009
2023-11-13T05:00:00Z,103.1,103.49,103.1,103.424,1233,36,103.306
2023-11-14T05:00:00Z,104.776,105.5,104.776,105.243,3013,49,105.243
2023-11-15T05:00:00Z,105.85,105.85,105.148,105.208,6772,62,105.391
2023-11-16T05:00:00Z,104.83,105.171,104.83,105.171,2676,47,105.018
2023-11-17T05:00:00Z,105.32,105.772,105.32,105.702,1817,39,105.652
2023-11-20T05:00:00Z,106.06,106.45,105.935,106.246,4745,35,106.32
2023-11-21T05:00:00Z,106.105,106.19,106.01,106.149,3050,45,106.131
2023-11-22T05:00:00Z,106.93,106.93,106.143,106.48,4807,66,106.423
2023-11-24T05:00:00Z,106.51,106.809,106.32,106.809,51325,28,106.743
2023-11-27T05:00:00Z,107.11,107.11,106.51,106.548,3268,40,106.621
2023-11-28T05:00:00Z,106.62,106.62,106.43,106.489,33082,28,106.535
2023-11-29T05:00:00Z,107.23,107.23,106.42,106.448,2554,51,106.759
2023-11-30T05:00:00Z,106.514,106.625,105.98,106.41,135813,295,106.29
2023-12-01T05:00:00Z,106.9,107.341,106.46,107.341,3907,45,107.038
2023-12-04T05:00:00Z,106.66,107.044,106.66,107.044,20184,50,106.729
2023-12-05T05:00:00Z,106.507,106.86,105.88,106.731,27450,173,106.514
2023-12-06T05:00:00Z,107.2,107.24,106.621,106.621,1185,31,107.028
2023-12-07T05:00:00Z,106.85,107.37,106.85,107.151,65058,58,107.178
2023-12-08T05:00:00Z,107.2,107.63,106.97,107.427,8170,92,107.257
2023-12-11T05:00:00Z,107.19,107.889,107.19,107.889,1993,60,107.644
2023-12-12T05:00:00Z,107.62,108.29,107.62,108.215,7808,86,108.062
2023-12-13T05:00:00Z,108.332,109.625,108.332,109.625,3102,57,109.322
2023-12-14T05:00:00Z,109.585,109.904,109.52,109.701,1885,39,109.643
2023-12-15T05:00:00Z,108.359,108.44,108.02,108.197,2177,51,108.236
2023-12-18T05:00:00Z,108.67,108.699,108.6,108.657,2242,54,108.672
2023-12-19T05:00:00Z,108.962,109.145,108.962,109.115,3099,40,109.022
2023-12-20T05:00:00Z,109.17,109.359,107.957,107.957,3820,69,108.953
2023-12-21T05:00:00Z,108.74,109.11,108.463,109.087,8205,69,108.663
2023-12-22T05:00:00Z,109.61,109.695,109.397,109.436,2656,40,109.491
2023-12-26T05:00:00Z,109.575,110,109.565,109.855,1803,41,109.714
2023-12-27T05:00:00Z,110.085,110.13,110.04,110.07,1001,32,110.079
2023-12-28T05:00:00Z,110.33,110.37,110.15,110.156,2443,61,110.333
2023-12-29T05:00:00Z,110.17,110.23,110.13,110.13,2116,39,110.177
2024-01-02T05:00:00Z,109.75,110.11,109.75,109.857,8494,91,110.011
2024-01-03T05:00:00Z,109.74,109.79,109.427,109.427,4519,57,109.7
2024-01-04T05:00:00Z,109.857,109.87,109.371,109.371,2727,33,109.669
2024-01-05T05:00:00Z,109.36,109.97,109.353,109.463,5878,39,109.577
2024-01-08T05:00:00Z,109.79,110.557,109.56,110.557,1857,35,109.742
2024-01-09T05:00:00Z,110.16,110.33,110.13,110.157,2227,34,110.201
2024-01-10T05:00:00Z,109.81,110.64,109.81,110.622,2121,42,110.388
2024-01-11T05:00:00Z,110.31,110.566,109.87,110.566,1745,44,110.157
2024-01-12T05:00:00Z,110.96,111.04,110.8,110.956,2104,48,110.955
2024-01-16T05:00:00Z,110.82,110.82,110.053,110.105,1344,46,110.345
2024-01-17T05:00:00Z,109.42,109.594,109.37,109.594,2253,46,109.45
2024-01-18T05:00:00Z,109.85,110.32,109.612,110.32,2574,34,109.791
2024-01-19T05:00:00Z,110.4,111.13,110.36,111.103,923,27,110.702
2024-01-22T05:00:00Z,111.578,111.578,111.382,111.398,1002,40,111.498
2024-01-23T05:00:00Z,111.46,111.49,111.133,111.49,1707,38,111.291
2024-01-24T05:00:00Z,112.22,112.25,111.627,111.627,3301,57,112.174
2024-01-25T05:00:00Z,111.94,112.062,111.77,112.062,2572,37,111.946
2024-01-26T05:00:00Z,112.349,112.38,112.22,112.252,8083,56,112.307
2024-01-29T05:00:00Z,112.42,112.86,112.302,112.837,1583,50,112.427
2024-01-30T05:00:00Z,113.09,113.09,112.615,113.047,3501,39,112.934
2024-01-31T05:00:00Z,112.72,113.025,111.892,111.93,5270,50,112.604
2024-02-01T05:00:00Z,112,112.941,112,112.941,1559,26,112.448
2024-02-02T05:00:00Z,112.89,113.46,112.89,113.367,4639,48,113.233
2024-02-05T05:00:00Z,112.56,112.898,112.389,112.864,5874,50,112.784
2024-02-06T05:00:00Z,112.751,113.019,112.75,113.017,2808,45,112.871
2024-02-07T05:00:00Z,113.42,113.53,113.42,113.464,1720,38,113.481
2024-02-08T05:00:00Z,113.42,113.42,113.179,113.286,3479,52,113.257
2024-02-09T05:00:00Z,113.24,113.82,113.24,113.677,11417,74,113.655
2024-02-12T05:00:00Z,114.17,114.17,113.69,113.83,7386,77,113.921
2024-02-13T05:00:00Z,113.26,113.26,111.894,112.49,4191,66,112.481
2024-02-14T05:00:00Z,113.06,113.52,112.98,113.52,6365,51,113.127
2024-02-15T05:00:00Z,113.989,114.44,113.9,114.3,7009,46,114.105
2024-02-16T05:00:00Z,114.29,114.675,114.116,114.116,2934,51,114.483
2024-02-20T05:00:00Z,114.044,114.044,113.901,113.901,963,40,113.989
2024-02-21T05:00:00Z,113.855,114.142,113.615,114.142,5104,121,113.75
2024-02-22T05:00:00Z,115.25,115.882,115.185,115.882,2741,51,115.59
2024-02-23T05:00:00Z,116.19,116.27,116.15,116.209,3214,47,116.22
2024-02-26T05:00:00Z,116.068,116.07,115.695,115.804,4387,52,115.965
2024-02-27T05:00:00Z,115.72,116.29,115.65,115.909,12172,46,116.085
2024-02-28T05:00:00Z,115.88,115.88,115.44,115.479,4548,54,115.485
2024-02-29T05:00:00Z,115.45,115.99,115.45,115.979,12809,316,115.647
2024-03-01T05:00:00Z,116.42,116.626,115.96,116.626,3651,52,116.519
2024-03-04T05:00:00Z,116.9,116.9,116.536,116.566,4379,73,116.771
2024-03-05T05:00:00Z,116.86,116.86,115.865,116.136,45816,102,116.108
2024-03-06T05:00:00Z,117.66,117.66,117.02,117.25,10029,71,117.385
2024-03-07T05:00:00Z,118.16,118.263,118.04,118.263,1973,38,118.173
2024-03-08T05:00:00Z,118.5,118.61,117.7,117.759,13292,54,118.062
2024-03-11T04:00:00Z,117.73,117.73,116.942,117.457,4452,67,117.402
2024-03-12T04:00:00Z,117.85,118.563,117.85,118.526,4239,60,118.294
2024-03-13T04:00:00Z,119.02,119.02,118.33,118.383,12392,104,118.532
2024-03-14T04:00:00Z,117.89,117.91,117.535,117.754,3238,57,117.732
2024-03-15T04:00:00Z,117.67,117.67,117.408,117.44,3759,51,117.463
2024-03-18T04:00:00Z,118,118.16,117.812,117.812,5647,76,118.063
2024-03-19T04:00:00Z,117.58,118.33,117.58,118.301,10989,72,117.971
2024-03-20T04:00:00Z,118.46,119.38,118.28,119.38,5070,58,118.526
2024-03-21T04:00:00Z,119.5,119.83,119.5,119.502,10012,109,119.658
2024-03-22T04:00:00Z,119.412,119.412,119.19,119.254,5303,64,119.326
2024-03-25T04:00:00Z,118.8,119.107,118.8,118.95,4177,67,118.963
2024-03-26T04:00:00Z,119.34,119.35,118.816,118.847,25631,113,119.165
2024-03-27T04:00:00Z,119.37,119.689,119.12,119.689,5630,61,119.297
2024-03-28T04:00:00Z,119.9,119.932,119.78,119.925,4774,62,119.868
2024-04-01T04:00:00Z,120.15,120.15,119.295,119.505,5843,102,119.556
2024-04-02T04:00:00Z,118.66,118.69,118.41,118.69,5440,77,118.535
2024-04-03T04:00:00Z,118.58,119.105,118.56,118.862,3084,46,118.928
2024-04-04T04:00:00Z,119.66,119.66,117.757,117.757,9011,61,119.402
2024-04-05T04:00:00Z,117.78,118.713,117.78,118.468,3412,36,118.356
2024-04-08T04:00:00Z,118.99,118.99,118.491,118.491,3469,49,118.679
2024-04-09T04:00:00Z,118.96,118.96,117.958,118.512,9266,126,118.716
2024-04-10T04:00:00Z,117.29,117.83,117.03,117.5,4401,74,117.359
2024-04-11T04:00:00Z,117.38,117.886,116.8,117.79,1881,28,117.581
2024-04-12T04:00:00Z,116.289,116.289,116.133,116.133,831,52,116.248
2024-04-15T04:00:00Z,119.56,119.56,115.26,115.517,8543,105,116.471
2024-04-16T04:00:00Z,115.87,115.87,114.91,115.076,11693,105,115.084
2024-04-17T04:00:00Z,115.131,115.131,114.5,114.893,6143,109,114.661
2024-04-18T04:00:00Z,115.141,115.141,114.61,114.716,3388,58,114.722
2024-04-19T04:00:00Z,114.945,114.945,114.27,114.517,2765,42,114.613
2024-04-22T04:00:00Z,114.99,116.17,114.99,115.537,1285,35,115.502
2024-04-23T04:00:00Z,116.53,116.758,116.525,116.569,3894,80,116.625
2024-04-24T04:00:00Z,116.185,116.495,116.07,116.457,2844,41,116.26
2024-04-25T04:00:00Z,115.16,116.031,115.16,115.919,1797,58,115.887
2024-04-26T04:00:00Z,116.57,116.83,116.466,116.589,2079,29,116.615
2024-04-29T04:00:00Z,116.82,116.9,116.515,116.79,3379,63,116.727
2024-04-30T04:00:00Z,116.48,116.48,115.37,115.37,1514,50,115.725
2024-05-01T04:00:00Z,115.241,116.34,115.212,115.212,1512,28,115.579
2024-05-02T04:00:00Z,116.24,116.279,116.053,116.053,2120,37,116.235
2024-05-03T04:00:00Z,117.73,117.73,116.48,117.157,8301,73,116.956
2024-05-06T04:00:00Z,117.7,118.037,117.57,118.037,2129,39,117.675
2024-05-07T04:00:00Z,118.503,118.55,118.32,118.541,3004,47,118.471
2024-05-08T04:00:00Z,118.41,118.482,118.25,118.482,9265,117,118.421
2024-05-09T04:00:00Z,118.69,119.03,118.69,119.03,1618,43,118.837
2024-05-10T04:00:00Z,119.27,119.463,119.22,119.463,1045,38,119.261
2024-05-13T04:00:00Z,119.76,119.76,119.391,119.439,823,23,119.605
2024-05-14T04:00:00Z,119.7,120,119.38,120,3843,60,119.657
2024-05-15T04:00:00Z,121,121.139,120.52,121.139,3826,53,120.976
2024-05-16T04:00:00Z,121.32,121.33,121.015,121.015,2625,42,121.237
2024-05-17T04:00:00Z,121.06,121.164,121.06,121.164,4684,34,121.064
2024-05-20T04:00:00Z,121.242,121.5,121.17,121.209,3749,56,121.317
2024-05-21T04:00:00Z,121.158,121.229,121.13,121.229,1283,31,121.142
2024-05-22T04:00:00Z,120.91,120.99,120.54,120.718,6164,111,120.77
2024-05-23T04:00:00Z,120.95,120.95,119.91,120.5,49802,294,120.387
2024-05-24T04:00:00Z,120.24,120.69,120.24,120.562,3840,45,120.332
2024-05-28T04:00:00Z,120.46,120.48,120.13,120.13,4169,82,120.385
2024-05-29T04:00:00Z,119.12,119.12,119.087,119.087,1965,56,119.12
2024-05-30T04:00:00Z,119.105,119.213,119.105,119.213,944,31,119.105
2024-05-31T04:00:00Z,119.95,120.225,118.905,120.225,3073,64,119.259
2024-06-03T04:00:00Z,119.36,119.654,118.91,119.325,3741,77,119.233
2024-06-04T04:00:00Z,118.975,119.54,118.975,119.54,1018,26,119.152
2024-06-05T04:00:00Z,119.9,120.276,119.9,120.25,1748,55,120.107
2024-06-06T04:00:00Z,120.02,120.39,120.02,120.26,4836,96,120.172
2024-06-07T04:00:00Z,120.17,120.37,119.855,119.855,2468,91,120.077
2024-06-10T04:00:00Z,119.7,120.086,119.49,120.016,1630,37,119.823
2024-06-11T04:00:00Z,119.02,119.35,118.55,119.324,46751,113,119.022
2024-06-12T04:00:00Z,120.61,120.61,120.136,120.136,4559,74,120.431
2024-06-13T04:00:00Z,120.01,120.01,119.09,119.679,4225,63,119.429
2024-06-14T04:00:00Z,119.09,119.27,118.71,119.25,4275,67,119.171
2024-06-17T04:00:00Z,119.14,120.15,119.064,120.113,4214,66,119.652
2024-06-18T04:00:00Z,120.395,120.51,120.33,120.477,5346,102,120.447
2024-06-20T04:00:00Z,120.68,120.68,120.47,120.567,2103,53,120.596
2024-06-21T04:00:00Z,120.12,120.287,120.11,120.287,1934,84,120.17
2024-06-24T04:00:00Z,121,121.29,120.861,120.861,2893,85,121.012
2024-06-25T04:00:00Z,120.52,120.823,120.52,120.823,624,31,120.52
2024-06-26T04:00:00Z,120.13,120.378,120.07,120.378,2355,52,120.228
2024-06-27T04:00:00Z,120.27,120.415,120.21,120.39,1511,32,120.354
2024-06-28T04:00:00Z,120.71,120.71,120.225,120.3,1675,40,120.459
2024-07-01T04:00:00Z,120.76,120.76,120.104,120.234,1693,51,120.31
2024-07-02T04:00:00Z,119.99,120.641,119.99,120.641,1404,44,120.27
2024-07-03T04:00:00Z,121.19,121.19,120.95,121.145,898,27,121.051
2024-07-05T04:00:00Z,121.39,121.73,121.325,121.73,804,37,121.37
2024-07-08T04:00:00Z,121.62,122.11,121.46,121.54,27174,64,122.025
2024-07-09T04:00:00Z,121.69,121.77,121.62,121.737,36484,85,121.716
2024-07-10T04:00:00Z,122.346,123.016,122.319,123.016,4853,105,122.616
2024-07-11T04:00:00Z,123.31,123.31,122.841,123.053,5080,59,122.986
2024-07-12T04:00:00Z,123.86,124.54,123.44,124.14,15691,145,124.15
2024-07-15T04:00:00Z,123.84,124.26,123.614,123.614,8263,126,123.914
2024-07-16T04:00:00Z,124.21,124.732,124.06,124.709,3521,51,124.48
2024-07-17T04:00:00Z,123.81,124.382,123.81,124.086,6661,91,124.1
2024-07-18T04:00:00Z,124.38,124.38,122.902,123.197,2177,37,123.66
2024-07-19T04:00:00Z,123.47,123.47,122.372,122.372,505,34,123.041
2024-07-22T04:00:00Z,123.27,123.546,123.11,123.546,2929,111,123.373
2024-07-23T04:00:00Z,123.71,123.71,123.085,123.097,13394,93,123.237
2024-07-24T04:00:00Z,122.19,122.19,121.68,121.686,9646,132,122.027
2024-07-25T04:00:00Z,122.375,122.5,121.266,121.266,1784,68,122.036
2024-07-26T04:00:00Z,122.15,122.84,122.15,122.536,7457,69,122.246
2024-07-29T04:00:00Z,122.51,122.7,122.11,122.49,6340,95,122.427
2024-07-30T04:00:00Z,122.69,122.84,121.91,122.28,5705,125,122.392
2024-07-31T04:00:00Z,123.36,123.705,123.36,123.663,2792,59,123.634
2024-08-01T04:00:00Z,123.62,123.62,121.674,122.06,1246,33,122.219
2024-08-02T04:00:00Z,120.53,120.854,120.53,120.854,675,42,120.53
2024-08-05T04:00:00Z,117.384,118.91,117.384,117.823,1874,61,118.235
2024-08-06T04:00:00Z,117.95,119.75,117.95,118.7,7973,149,119.025
2024-08-07T04:00:00Z,120.34,120.34,118.453,118.453,3732,173,119.714
2024-08-08T04:00:00Z,120.286,120.47,119.839,120.316,15485,305,120.152
2024-08-09T04:00:00Z,120.11,120.94,120.11,120.94,3966,127,120.543
2024-08-12T04:00:00Z,121,121,120.71,120.751,4027,49,120.928
2024-08-13T04:00:00Z,121.46,122.364,121.46,122.364,1171,33,122.083
2024-08-14T04:00:00Z,122.46,122.987,122.46,122.987,3032,43,122.724
2024-08-15T04:00:00Z,124.09,124.45,124.015,124.3,2759,62,124.265
2024-08-16T04:00:00Z,124.19,124.73,124.19,124.56,1479,49,124.545
2024-08-19T04:00:00Z,125.32,125.811,125.32,125.811,1266,31,125.521
2024-08-20T04:00:00Z,125.68,125.91,125.66,125.825,2185,51,125.794
2024-08-21T04:00:00Z,126.26,126.643,126.21,126.643,2156,43,126.29
2024-08-22T04:00:00Z,126.88,126.88,125.8,125.875,5817,64,126.15
2024-08-23T04:00:00Z,126.75,127.335,126.73,127.335,28536,41,127.034
2024-08-26T04:00:00Z,127.58,127.58,127.092,127.092,1099,33,127.271
2024-08-27T04:00:00Z,127.37,127.67,127.338,127.67,1941,111,127.526
2024-08-28T04:00:00Z,127.2,127.266,126.605,127.081,3645,43,126.874
2024-08-29T04:00:00Z,127.98,128,127.31,127.31,2248,38,127.895
2024-08-30T04:00:00Z,127.31,128.178,127.3,128.178,2969,44,127.396
2024-09-03T04:00:00Z,127.65,127.65,126.18,126.307,5502,79,126.87
2024-09-04T04:00:00Z,126.25,126.65,126.25,126.291,2203,50,126.388
2024-09-05T04:00:00Z,126,126.097,125.37,125.571,1685,47,125.783
2024-09-06T04:00:00Z,125.732,125.732,123.933,123.969,2827,40,125.006
2024-09-09T04:00:00Z,125.07,125.36,124.98,125.103,3288,65,125.114
2024-09-10T04:00:00Z,124.78,125.024,124.525,125.024,6899,73,124.814
2024-09-11T04:00:00Z,124.36,125.479,123.816,125.479,2937,55,124.008
2024-09-12T04:00:00Z,125.61,126.325,125.578,126.325,11942,37,125.695
2024-09-13T04:00:00Z,126.713,127.09,126.713,127.09,2771,63,126.848
2024-09-16T04:00:00Z,127.64,127.705,127.21,127.705,2781,69,127.326
2024-09-17T04:00:00Z,127.74,127.74,127.13,127.178,2735,51,127.378
2024-09-18T04:00:00Z,127.7,127.7,126.791,126.791,5585,42,127.696
2024-09-19T04:00:00Z,127.91,128.335,127.855,128.245,2014,28,128.039
2024-09-20T04:00:00Z,127.585,127.9,127.38,127.712,3145,35,127.78
2024-09-23T04:00:00Z,128.24,128.286,127.87,128.149,4599,69,128.105
2024-09-24T04:00:00Z,127.93,128.37,127.93,128.28,930,39,128.248
2024-09-25T04:00:00Z,128.12,128.12,127.805,127.805,1312,52,128.073
2024-09-26T04:00:00Z,128.89,128.97,128.79,128.961,2489,39,128.823
2024-09-27T04:00:00Z,129.061,129.061,128.6,128.666,3399,35,128.735
2024-09-30T04:00:00Z,128.481,128.795,128.058,128.795,9194,238,128.274
2024-10-01T04:00:00Z,127.74,128.155,127.74,128.091,1856,59,127.983
2024-10-02T04:00:00Z,127.976,127.976,127.868,127.868,772,28,127.926
2024-10-03T04:00:00Z,127.19,127.52,126.97,127.231,2025,55,127.314
2024-10-04T04:00:00Z,127.32,128.032,127.32,128.032,2442,70,127.808
2024-10-07T04:00:00Z,128,128,126.8,126.913,1879,63,127.229
2024-10-08T04:00:00Z,127.39,127.71,127.3,127.701,4091,43,127.537
2024-10-09T04:00:00Z,128.19,129.23,128.19,128.659,46603,159,128.497
2024-10-10T04:00:00Z,128.35,128.411,128.24,128.411,967,34,128.323
2024-10-11T04:00:00Z,129.17,129.26,128.965,129.239,3192,63,129.138
2024-10-14T04:00:00Z,129.16,130.021,129.16,130.021,2438,49,129.744
2024-10-15T04:00:00Z,129.75,129.75,128.75,128.865,2286,53,129.312
2024-10-16T04:00:00Z,129.11,129.328,129.08,129.328,1219,35,129.116
2024-10-17T04:00:00Z,129.57,129.57,129.28,129.293,3026,51,129.507
2024-10-18T04:00:00Z,129.63,129.89,129.63,129.778,2474,54,129.743
2024-10-21T04:00:00Z,129.36,129.49,128.67,128.831,1810,58,128.945
2024-10-22T04:00:00Z,128.27,128.578,128.27,128.578,1503,46,128.383
2024-10-23T04:00:00Z,127.93,128.02,127.26,127.599,1903,37,127.47
2024-10-24T04:00:00Z,127.746,127.746,127.746,127.746,675,37,127.746
2024-10-25T04:00:00Z,128.04,128.04,127.26,127.26,1085,32,127.732
2024-10-28T04:00:00Z,127.85,128.03,127.8,127.838,1244,36,127.893
2024-10-29T04:00:00Z,127.78,127.82,127.599,127.599,1705,36,127.766
2024-10-30T04:00:00Z,127.6,127.6,127.059,127.059,563,20,127.6
2024-10-31T04:00:00Z,126,126,125.853,125.853,1270,33,126
2024-11-01T04:00:00Z,126.49,126.49,126.047,126.047,2212,20,126.477
2024-11-04T05:00:00Z,126.459,126.459,125.925,125.925,1731,47,126.21
2024-11-05T05:00:00Z,126.98,127.071,126.98,127.071,572,33,126.98
2024-11-06T05:00:00Z,128.149,128.43,127.41,128.33,5662,54,127.754
2024-11-07T05:00:00Z,129.21,129.51,129.19,129.433,5482,74,129.287
2024-11-08T05:00:00Z,129.1,129.64,129.1,129.373,3467,59,129.456
2024-11-11T05:00:00Z,129.673,129.673,129.403,129.403,3224,63,129.657
2024-11-12T05:00:00Z,128.99,128.99,128.17,128.568,2247,77,128.499
2024-11-13T05:00:00Z,128.53,128.53,128.09,128.339,2849,58,128.368
2024-11-14T05:00:00Z,128.342,128.5,127.75,127.75,4613,74,128.231
2024-11-15T05:00:00Z,126.79,126.79,126.32,126.491,3789,71,126.475
2024-11-18T05:00:00Z,126.51,127.14,126.51,126.984,3247,57,126.984
2024-11-19T05:00:00Z,126.05,127.05,126.05,126.949,2830,51,126.759
2024-11-20T05:00:00Z,126.41,127.132,126.41,127.132,2095,53,126.507
2024-11-21T05:00:00Z,127.32,128.07,127.26,127.968,1842,39,127.718
2024-11-22T05:00:00Z,128.07,128.498,128.07,128.441,1588,48,128.341
2024-11-25T05:00:00Z,129.2,129.29,128.741,128.741,5216,82,129.129
2024-11-26T05:00:00Z,129.04,129.17,128.85,129.07,10955,97,129.05
2024-11-27T05:00:00Z,129.34,129.48,129.251,129.34,6472,73,129.361
2024-11-29T05:00:00Z,130.161,130.161,130.161,130.161,219,20,130.161
2024-12-02T05:00:00Z,129.71,130.369,129.71,130.304,1754,59,129.902
2024-12-03T05:00:00Z,130.8,130.8,130.34,130.371,1836,39,130.596
2024-12-04T05:00:00Z,130.37,130.52,130.36,130.488,2524,51,130.415
2024-12-05T05:00:00Z,130.92,130.92,130.489,130.489,2405,47,130.712
2024-12-06T05:00:00Z,130.715,130.715,130.35,130.396,1786,42,130.535
2024-12-09T05:00:00Z,130.61,130.62,129.862,129.862,1410,46,130.452
2024-12-10T05:00:00Z,129.565,129.62,129.355,129.355,2127,50,129.542
2024-12-11T05:00:00Z,129.7,129.91,129.644,129.644,2348,49,129.766
2024-12-12T05:00:00Z,129.59,129.59,128.995,128.995,4102,54,129.137
2024-12-13T05:00:00Z,128.89,128.95,128.36,128.503,2893,46,128.712
2024-12-16T05:00:00Z,128.42,128.42,128.028,128.028,1825,41,128.369
2024-12-17T05:00:00Z,127.8,127.8,127.6,127.666,2395,63,127.732
2024-12-18T05:00:00Z,126.59,126.59,123.521,123.521,14348,77,126.05
2024-12-19T05:00:00Z,123.5,123.674,123.373,123.386,2384,62,123.488
2024-12-20T05:00:00Z,123.529,124.16,123.45,123.906,1931,52,123.723
2024-12-23T05:00:00Z,123.33,124.5,123.33,124.5,2897,87,124.083
2024-12-24T05:00:00Z,124.7,125.254,124.478,125.254,2572,41,124.793
2024-12-26T05:00:00Z,125.12,125.53,125.12,125.48,8290,72,125.449
2024-12-27T05:00:00Z,125.02,125.02,124.6,124.829,5163,64,124.664
2024-12-30T05:00:00Z,123.32,124.32,123.3,123.68,9229,109,123.488
2024-12-31T05:00:00Z,123.85,123.85,123.54,123.85,2518,92,123.73
2025-01-02T05:00:00Z,124.21,124.55,123.32,123.547,8119,173,124.176
2025-01-03T05:00:00Z,123.94,124.393,123.87,124.305,2587,51,124.07
2025-01-06T05:00:00Z,125.04,125.25,124.56,124.564,6262,87,124.899
2025-01-07T05:00:00Z,125.254,125.254,124.03,124.269,4772,140,124.6
2025-01-08T05:00:00Z,124.23,124.56,123.73,124.56,33656,113,124.064
2025-01-10T05:00:00Z,123.93,123.93,122.43,122.718,11508,125,122.872
2025-01-13T05:00:00Z,122.76,122.975,122.76,122.975,2766,63,122.873
2025-01-14T05:00:00Z,123.58,123.58,122.5,123.269,3537,99,123.209
2025-01-15T05:00:00Z,125.06,125.06,124.37,124.82,3256,72,124.766
2025-01-16T05:00:00Z,124.7,124.929,124.7,124.836,6775,108,124.766
2025-01-17T05:00:00Z,125.58,125.715,125.419,125.419,1212,44,125.612
2025-01-21T05:00:00Z,126,126.735,126,126.735,1895,51,126.192
2025-01-22T05:00:00Z,127.08,127.24,126.911,126.911,3287,79,127.152
2025-01-23T05:00:00Z,126.9,127.521,126.85,127.521,8055,70,126.971
2025-01-24T05:00:00Z,127.42,128.01,127.42,127.863,6668,74,127.767
2025-01-27T05:00:00Z,127.03,128.159,127.03,128.159,2877,94,127.542
2025-01-28T05:00:00Z,128.32,128.48,127.93,128.366,17721,109,128.188
2025-01-29T05:00:00Z,128.518,128.62,128.17,128.262,3323,81,128.391
2025-01-30T05:00:00Z,129.2,129.67,129.17,129.406,6408,125,129.438
2025-01-31T05:00:00Z,129.36,129.8,128.482,128.482,1877,79,129.583
2025-02-03T05:00:00Z,127.06,128.125,126.68,127.847,5513,101,127.136
2025-02-04T05:00:00Z,128.464,128.464,128.464,128.464,548,38,128.464
2025-02-05T05:00:00Z,128.74,129.288,128.729,129.288,1261,64,128.816
2025-02-06T05:00:00Z,129.465,129.619,129.17,129.619,4740,86,129.379
2025-02-07T05:00:00Z,129.78,129.78,128.493,128.601,3167,96,129.076
2025-02-10T05:00:00Z,129.39,129.49,129.39,129.43,3458,60,129.418
2025-02-11T05:00:00Z,129.3,129.86,129.15,129.82,4910,94,129.52
2025-02-12T05:00:00Z,129.05,129.85,129.05,129.674,5736,97,129.587
2025-02-13T05:00:00Z,130.445,130.938,130.425,130.938,4183,72,130.699
2025-02-14T05:00:00Z,131.25,131.25,130.655,130.655,1760,55,131.099
2025-02-18T05:00:00Z,130.79,131.11,130.702,131.019,2313,80,130.864
2025-02-19T05:00:00Z,130.53,130.916,130.43,130.916,7583,99,130.529
2025-02-20T05:00:00Z,130.47,131.029,130.44,131.029,6186,107,130.809
2025-02-21T05:00:00Z,130.67,130.67,129.9,129.95,5618,121,129.972
2025-02-24T05:00:00Z,130.21,130.58,129.946,129.946,5091,107,130.364
2025-02-25T05:00:00Z,130.25,130.696,130.22,130.696,3477,103,130.315
2025-02-26T05:00:00Z,130.83,131.1,130.132,130.275,3265,80,130.73
2025-02-27T05:00:00Z,130.22,130.51,129.215,129.215,7623,101,129.807
2025-02-28T05:00:00Z,129.36,130.39,129.04,130.39,5423,74,129.397
2025-03-03T05:00:00Z,131.37,131.72,129.63,130.103,8364,164,130.955
2025-03-04T05:00:00Z,129.92,130.59,128.959,129.163,4490,131,129.712
2025-03-05T05:00:00Z,129.76,130.98,129.3,130.755,10421,160,130.358
2025-03-06T05:00:00Z,129.66,130.37,129.35,129.522,6263,136,129.762
2025-03-07T05:00:00Z,129.6,130.654,129.14,130.654,6823,119,129.619
2025-03-10T04:00:00Z,129.36,129.54,128.07,128.442,4184,75,129.179
2025-03-11T04:00:00Z,127.77,127.85,126.73,127.225,5765,152,127.414
2025-03-12T04:00:00Z,127.79,127.79,126.2,127.032,8066,99,127.133
2025-03-13T04:00:00Z,126.793,126.91,125.74,125.938,2329,50,126.296
2025-03-14T04:00:00Z,126.59,127.76,126.59,127.73,4331,44,127.588
2025-03-17T04:00:00Z,128.6,129.221,128.6,129.221,1277,65,128.615
2025-03-18T04:00:00Z,129.08,129.08,128.318,128.802,3396,70,128.75
2025-03-19T04:00:00Z,128.7,129.74,128.58,129.008,20618,98,129.228
2025-03-20T04:00:00Z,127.95,128.75,127.85,128.425,26508,118,127.962
2025-03-21T04:00:00Z,127.41,128.075,127.32,128.024,2858,66,127.636
2025-03-24T04:00:00Z,128.95,129.013,128.708,129.013,2358,58,128.833
2025-03-25T04:00:00Z,129.37,129.419,129.04,129.236,3706,68,129.28
2025-03-26T04:00:00Z,128.8,129.12,128.24,128.472,2447,90,128.555
2025-03-27T04:00:00Z,128.715,128.874,128.671,128.671,1819,67,128.774
2025-03-28T04:00:00Z,127.53,127.547,126.956,127.121,7987,88,127.161
2025-03-31T04:00:00Z,126.03,127.885,126.03,127.694,14640,236,126.985
2025-04-01T04:00:00Z,127.43,127.951,127.152,127.655,3820,84,127.27
2025-04-02T04:00:00Z,126.82,128.18,126.82,128.15,24579,150,127.577
2025-04-03T04:00:00Z,125.33,125.633,124.982,124.982,2089,78,125.343
2025-04-04T04:00:00Z,121.38,121.58,117.89,118.205,7122,134,119.542
2025-04-07T04:00:00Z,114.24,118.16,113.041,116.107,29959,269,115.391
2025-04-08T04:00:00Z,119.79,119.91,113.85,114.776,13967,142,117.9
2025-04-09T04:00:00Z,114.65,123.11,114.65,123.06,8840,113,118.998
2025-04-10T04:00:00Z,120.92,121.22,118.11,120.409,10466,135,120.4
2025-04-11T04:00:00Z,120.71,122.917,120.71,122.854,1321,39,122.072
2025-04-14T04:00:00Z,124.02,124.351,123.54,124.177,3285,90,123.92
2025-04-15T04:00:00Z,124.84,124.89,124.14,124.14,5435,192,124.576
2025-04-16T04:00:00Z,123.86,124.02,122.32,122.804,3405,88,123.264
2025-04-17T04:00:00Z,123.25,124.035,123.13,123.432,4792,100,123.64
2025-04-21T04:00:00Z,123.58,123.58,120.67,121.667,5889,143,122.043
2025-04-22T04:00:00Z,122.93,124.17,122.831,124.17,3785,82,123.612
2025-04-23T04:00:00Z,126.23,126.23,124.95,125.023,5917,81,125.216
2025-04-24T04:00:00Z,125.38,126.353,125.38,126.353,3141,81,125.965
2025-04-25T04:00:00Z,126.18,126.626,125.657,126.626,2265,107,126.173
2025-04-28T04:00:00Z,126.84,127.24,126.407,127.223,1892,66,126.784
2025-04-29T04:00:00Z,127.065,127.82,127.065,127.82,1099,57,127.203
2025-04-30T04:00:00Z,126.85,128.217,126.06,128.217,1851,55,127.005
2025-05-01T04:00:00Z,128.6,128.6,127.95,127.997,6399,157,128.212
2025-05-02T04:00:00Z,129.58,130,129.395,129.729,9442,138,129.844
2025-05-05T04:00:00Z,129.61,130.04,129.5,129.5,5744,71,129.756
2025-05-06T04:00:00Z,129.053,129.465,129.053,129.31,2617,91,129.291
2025-05-07T04:00:00Z,129.18,129.399,129.17,129.273,2545,116,129.324
2025-05-08T04:00:00Z,129.59,129.92,129.043,129.043,3481,87,129.618
2025-05-09T04:00:00Z,129.5,129.5,128.94,128.971,5822,75,129.277
2025-05-12T04:00:00Z,130.12,130.6,129.781,130.6,17776,117,130.348
2025-05-13T04:00:00Z,130.49,130.675,130.475,130.475,2630,70,130.577
2025-05-14T04:00:00Z,130.58,130.58,129.945,129.945,2032,80,130.156
2025-05-15T04:00:00Z,130.14,131.37,130.14,131.27,20366,81,131.264
2025-05-16T04:00:00Z,131.34,132.176,131.33,132.176,3280,87,131.517
2025-05-19T04:00:00Z,131.66,132.87,131.66,132.87,2380,56,132.509
2025-05-20T04:00:00Z,132.915,133.15,132.62,132.971,2614,74,132.915
2025-05-21T04:00:00Z,132.54,132.981,131.33,131.415,34919,143,131.439
2025-05-22T04:00:00Z,131,131.46,130.94,131.07,4733,104,131.069
2025-05-23T04:00:00Z,129.97,130.97,129.97,130.711,3294,66,130.527
2025-05-27T04:00:00Z,131.85,132.501,131.85,132.501,5152,114,132.086
2025-05-28T04:00:00Z,132.12,132.22,131.462,131.462,2686,97,131.868
2025-05-29T04:00:00Z,132.02,132.02,131.19,131.946,3009,137,131.733
2025-05-30T04:00:00Z,131.8,132.417,131.8,132.417,4221,117,131.912
2025-06-02T04:00:00Z,130.98,131.711,130.92,131.711,2505,129,130.984
2025-06-03T04:00:00Z,131.17,131.7,131.17,131.685,2725,79,131.513
2025-06-04T04:00:00Z,132,132.149,131.804,131.804,3893,93,131.963
2025-06-05T04:00:00Z,131.63,131.97,131.33,131.379,6884,211,131.701
2025-06-06T04:00:00Z,132.31,132.67,132.037,132.579,3435,75,132.36
2025-06-09T04:00:00Z,132.37,132.569,132.217,132.217,4411,100,132.461
2025-06-10T04:00:00Z,132.37,132.565,132.25,132.565,2936,77,132.387
2025-06-11T04:00:00Z,132.77,132.77,132.318,132.318,1703,48,132.751
2025-06-12T04:00:00Z,132.75,133.1,132.75,133.075,10569,75,133.04
2025-06-13T04:00:00Z,132.56,132.69,131.604,131.604,2300,94,132.189
2025-06-16T04:00:00Z,132.79,132.86,132.244,132.244,1372,57,132.588
2025-06-17T04:00:00Z,131.72,131.78,131.02,131.02,2368,77,131.445
2025-06-18T04:00:00Z,131.19,131.58,130.97,130.97,4185,82,131.464
2025-06-20T04:00:00Z,131.49,131.49,130.24,130.51,20567,95,130.845
2025-06-23T04:00:00Z,130.4,131.713,130.4,131.713,2211,63,131.148
2025-06-24T04:00:00Z,132.54,132.952,132.54,132.952,1197,54,132.56
2025-06-25T04:00:00Z,132.455,132.58,132.18,132.326,6556,137,132.455
2025-06-26T04:00:00Z,132.915,133.358,132.915,133.358,1342,50,133.124
2025-06-27T04:00:00Z,133.7,134.56,133.7,134.12,3483,116,134.039
2025-06-30T04:00:00Z,134.39,134.877,134.29,134.877,2904,79,134.527
2025-07-01T04:00:00Z,134.72,135.53,134.72,135.336,5565,95,135.33
2025-07-02T04:00:00Z,134.81,134.92,134.39,134.896,4577,107,134.597
2025-07-03T04:00:00Z,135.35,135.51,135.3,135.497,1715,39,135.41
2025-07-07T04:00:00Z,135.13,135.17,134.27,134.615,1967,49,134.975
2025-07-08T04:00:00Z,134.765,134.87,134.765,134.828,1646,45,134.809
2025-07-09T04:00:00Z,135.16,135.456,134.992,135.456,3029,81,135.251
2025-07-10T04:00:00Z,135.11,135.58,135.025,135.553,2091,65,135.345
2025-07-11T04:00:00Z,134.582,134.582,134.582,134.582,693,38,134.582
2025-07-14T04:00:00Z,134.566,134.99,134.566,134.817,1254,42,134.744
2025-07-15T04:00:00Z,134.395,134.395,133.77,133.77,4827,57,133.914
2025-07-16T04:00:00Z,133.89,134.248,133.566,134.179,4094,47,134.133
2025-07-17T04:00:00Z,134.072,134.37,133.87,134.281,27803,73,133.912
2025-07-18T04:00:00Z,134.58,134.58,133.78,133.78,4863,53,133.976
2025-07-21T04:00:00Z,134.59,135.07,134.214,134.214,7269,81,134.743
2025-07-22T04:00:00Z,134.69,135.325,134.69,135.21,5296,109,135.006
2025-07-23T04:00:00Z,135.85,136.57,135.85,136.57,4998,62,136.306
2025-07-24T04:00:00Z,136.4,136.8,136.4,136.58,4573,66,136.643
2025-07-25T04:00:00Z,136.05,136.72,136.05,136.577,3891,47,136.219
2025-07-28T04:00:00Z,135.871,135.871,135.28,135.29,3751,117,135.558
2025-07-29T04:00:00Z,135.3,135.3,135.12,135.185,1601,68,135.228
2025-07-30T04:00:00Z,135.08,135.08,134.12,134.402,1364,49,134.469
2025-07-31T04:00:00Z,134.32,134.71,133.468,133.468,1943,59,134.061
2025-08-01T04:00:00Z,133.22,133.22,132.45,132.92,878,48,132.815
2025-08-04T04:00:00Z,134.26,134.576,134.246,134.576,1348,60,134.308
2025-08-05T04:00:00Z,134.51,134.51,134.03,134.104,2225,56,134.314
2025-08-06T04:00:00Z,134.626,134.86,134.626,134.738,2113,49,134.791
2025-08-07T04:00:00Z,135.52,135.52,134.31,134.593,14797,68,134.394
2025-08-08T04:00:00Z,135.551,135.551,135.533,135.533,1437,51,135.542
2025-08-11T04:00:00Z,135.58,135.58,135.17,135.17,19217,121,135.221
2025-08-12T04:00:00Z,135.53,136.358,135.41,136.358,6734,121,135.864
2025-08-13T04:00:00Z,136.71,137.191,136.71,137.191,7237,63,136.897
2025-08-14T04:00:00Z,136.56,137.051,136.56,137.051,3893,50,136.767
2025-08-15T04:00:00Z,137.43,137.45,137.215,137.27,2911,71,137.33
2025-08-18T04:00:00Z,137.04,137.25,137.04,137.229,3031,60,137.154
2025-08-19T04:00:00Z,137.53,137.6,137.21,137.337,9631,105,137.437
2025-08-20T04:00:00Z,137.59,137.752,137.589,137.752,1494,77,137.655
2025-08-21T04:00:00Z,137.02,137.29,137.02,137.181,2398,53,137.219
2025-08-22T04:00:00Z,137.55,138.64,137.55,138.601,1470,62,138.077
2025-08-25T04:00:00Z,138.15,138.22,137.574,137.574,1477,65,138.028
2025-08-26T04:00:00Z,137.18,137.61,137.16,137.61,9481,75,137.263
2025-08-27T04:00:00Z,137.62,137.87,137.62,137.87,2708,85,137.656
2025-08-28T04:00:00Z,137.61,137.87,137.585,137.868,3187,67,137.823
2025-08-29T04:00:00Z,137.41,137.732,137.394,137.732,8473,41,137.628
2025-09-02T04:00:00Z,136.63,137.094,136.599,137.094,9595,102,136.895
2025-09-03T04:00:00Z,137.23,137.502,137.12,137.502,1687,48,137.157
2025-09-04T04:00:00Z,137.49,138.289,137.49,138.289,2893,86,137.787
2025-09-05T04:00:00Z,138.64,138.64,138.013,138.195,1634,46,138.303
2025-09-08T04:00:00Z,138.48,138.541,138.265,138.541,1671,62,138.332
2025-09-09T04:00:00Z,138.4,138.688,138.29,138.688,1919,62,138.409
2025-09-10T04:00:00Z,138.68,138.68,138.34,138.37,2187,46,138.443
2025-09-11T04:00:00Z,138.53,139.816,138.53,139.816,1463,39,139.408
2025-09-12T04:00:00Z,139.39,139.39,139.1,139.203,1925,60,139.203
2025-09-15T04:00:00Z,139.365,139.384,139.29,139.384,2350,60,139.325
2025-09-16T04:00:00Z,139.44,139.44,139.105,139.279,2594,79,139.269
2025-09-17T04:00:00Z,139.15,139.831,139.15,139.282,1774,49,139.478
2025-09-18T04:00:00Z,139.66,139.785,139.655,139.785,1073,43,139.727
2025-09-19T04:00:00Z,139.499,139.79,139.455,139.79,2795,67,139.595
2025-09-22T04:00:00Z,139.44,140.21,139.44,140.037,2802,58,139.894
2025-09-23T04:00:00Z,140.11,140.11,139.63,139.799,9271,59,139.764
2025-09-24T04:00:00Z,139.5,139.53,139.33,139.44,1860,192,139.452
2025-09-25T04:00:00Z,138.676,138.75,138.35,138.585,2153,49,138.573
2025-09-26T04:00:00Z,138.92,139.522,138.92,139.522,1389,63,139.137
2025-09-29T04:00:00Z,139.639,139.653,139.5,139.653,4069,62,139.613
2025-09-30T04:00:00Z,139.75,140.43,139.62,140.43,3456,91,139.916
2025-10-01T04:00:00Z,140.491,140.956,140.491,140.956,906,59,140.547
2025-10-02T04:00:00Z,141,141.04,140.529,140.912,2714,68,140.896
2025-10-03T04:00:00Z,141.573,141.99,141.453,141.465,3279,69,141.809
2025-10-06T04:00:00Z,141.66,141.745,141.46,141.655,3169,93,141.653
2025-10-07T04:00:00Z,141.59,141.59,140.964,141.017,2563,58,141.307
2025-10-08T04:00:00Z,141.33,141.395,141.29,141.395,3420,99,141.335
2025-10-09T04:00:00Z,140.995,141.069,140.58,140.59,2313,71,140.823
2025-10-10T04:00:00Z,140.67,140.67,138.272,138.272,3402,73,139.569
2025-10-13T04:00:00Z,139.06,139.34,138.93,139.327,2038,81,139.143
2025-10-14T04:00:00Z,138.771,140.14,138.771,139.881,1605,69,139.416
2025-10-15T04:00:00Z,140.585,140.585,139.864,140.065,2626,76,140.098
2025-10-16T04:00:00Z,140.5,140.51,139.44,139.44,4028,122,140.258
2025-10-17T04:00:00Z,140.31,140.465,140.31,140.36,926,70,140.387
2025-10-20T04:00:00Z,141,141.482,141,141.482,3133,101,141.385
2025-10-21T04:00:00Z,141.07,141.381,141.07,141.347,1259,58,141.309
2025-10-22T04:00:00Z,141.37,141.37,140.64,141.013,2604,70,141
2025-10-23T04:00:00Z,141.25,141.53,141.246,141.311,1523,59,141.331
2025-10-24T04:00:00Z,141.97,141.97,141.75,141.767,1453,51,141.884
2025-10-27T04:00:00Z,142.38,143.008,142.36,142.909,8107,96,142.632
2025-10-28T04:00:00Z,142.69,143.03,142.633,142.633,5571,117,142.884
2025-10-29T04:00:00Z,142.262,142.405,141.695,141.695,1240,49,142.29
2025-10-30T04:00:00Z,141.79,141.96,141.193,141.193,2585,59,141.711
2025-10-31T04:00:00Z,140.78,141.21,140.49,141.073,4992,54,140.939
2025-11-03T05:00:00Z,140.11,140.692,140.11,140.692,787,36,140.254
2025-11-04T05:00:00Z,140.25,140.34,139.876,139.876,3562,103,140.214
2025-11-05T05:00:00Z,139.87,140.669,139.87,140.569,1768,43,140.127
2025-11-06T05:00:00Z,140.3,140.36,139.79,140.066,5808,81,140.072
2025-11-07T05:00:00Z,139.61,140.37,139.387,140.37,1950,39,139.484
2025-11-10T05:00:00Z,141.13,141.701,141.01,141.701,2274,68,141.255
2025-11-11T05:00:00Z,142.295,142.77,142.295,142.716,1406,42,142.58
2025-11-12T05:00:00Z,142.96,143.19,142.96,143.173,1265,47,143.091
2025-11-13T05:00:00Z,142.99,143.19,141.96,142,4204,58,142.463
2025-11-14T05:00:00Z,141.3,142.21,141.3,141.844,1245,39,141.908
2025-11-17T05:00:00Z,141.45,141.77,140.636,140.636,2372,69,141.109
2025-11-18T05:00:00Z,139.95,140.33,139.89,140.064,2142,62,140.11
2025-11-19T05:00:00Z,140.04,140.07,139.83,139.9,2050,44,139.951
2025-11-20T05:00:00Z,140.99,140.999,138.473,138.473,4904,77,140.305
2025-11-21T05:00:00Z,139.63,140.64,139.63,140.194,2657,81,139.83
2025-11-24T05:00:00Z,140.38,141.23,140.38,141.096,1390,66,140.72
2025-11-25T05:00:00Z,140.59,140.965,140.4,140.965,9501,57,140.504
2025-11-26T05:00:00Z,141.25,142.02,141.25,141.906,733,35,141.754
2025-11-28T05:00:00Z,142.02,142.288,142.02,142.288,287,34,142.02
2025-12-01T05:00:00Z,141.93,142.01,141.478,141.478,2738,112,141.983
2025-12-02T05:00:00Z,141.94,141.94,141.45,141.788,2411,97,141.677
2025-12-03T05:00:00Z,141.98,142.39,141.98,142.215,7858,112,142.242
2025-12-04T05:00:00Z,142.416,142.43,142.18,142.292,4947,82,142.204
2025-12-05T05:00:00Z,142.52,142.52,142.291,142.291,1928,89,142.51
2025-12-08T05:00:00Z,142,142,141.498,141.498,1141,51,141.895
2025-12-09T05:00:00Z,141.88,141.88,141.289,141.289,1883,62,141.611
2025-12-10T05:00:00Z,141.45,142.413,141.45,142.26,1125,53,141.832
2025-12-11T05:00:00Z,143.12,143.175,143.12,143.175,792,51,143.12
2025-12-12T05:00:00Z,143.369,143.369,142.52,142.65,1444,53,143.036
2025-12-15T05:00:00Z,143.56,143.56,143.15,143.189,952,48,143.257
2025-12-16T05:00:00Z,142.96,142.96,141.94,142.383,6947,220,142.263
2025-12-17T05:00:00Z,142.3,142.41,141.596,141.624,2248,71,141.98
2025-12-18T05:00:00Z,142.19,142.54,142.19,142.247,2635,79,142.322
2025-12-19T05:00:00Z,142.925,143.02,142.64,142.668,1926,64,142.919
2025-12-22T05:00:00Z,142.93,143.249,142.68,143.249,5146,99,143.027
2025-12-23T05:00:00Z,143.698,143.84,143.698,143.84,1314,62,143.699
2025-12-24T05:00:00Z,144.12,144.203,143.92,144.203,2110,47,144.076
2025-12-26T05:00:00Z,144.21,144.304,144.2,144.304,1116,46,144.209
2025-12-29T05:00:00Z,144.02,144.22,143.94,143.95,2487,76,144.048
2025-12-30T05:00:00Z,144.285,144.285,144.128,144.128,1804,83,144.201
2025-12-31T05:00:00Z,143.567,143.82,143.251,143.251,2158,56,143.615
