timestamp,open,high,low,close,volume,tradeCount,vwap
2016-01-04T05:00:00Z,37.02,38.06,36.62,37.18,792981,6867,37.2294
2016-01-05T05:00:00Z,37.14,37.3292,35.95,36.49,608791,5583,36.4528
2016-01-06T05:00:00Z,36.9,37.75,36.55,37.02,664752,5827,37.151
2016-01-07T05:00:00Z,37.72,39.446,37.09,38.74,1118936,9926,38.4594
2016-01-08T05:00:00Z,37.86,38.1058,36.665,37.59,1281794,8698,37.5101
2016-01-11T05:00:00Z,37.44,37.86,33.3,33.44,1754565,14076,34.5494
2016-01-12T05:00:00Z,32.95,33.12,30.21,31.02,2133131,18297,31.0777
2016-01-13T05:00:00Z,30.8,31.28,30.15,30.76,1423230,12522,30.7691
2016-01-14T05:00:00Z,30.51,30.83,28.1,29.2,1939389,15937,29.1339
2016-01-15T05:00:00Z,29.21,29.37,27.7,28.38,1641239,15377,28.354
2016-01-19T05:00:00Z,28,28.35,26.62,27.08,1863414,14894,27.2151
2016-01-20T05:00:00Z,27.29,27.515,24.68,25.33,3043924,26776,25.5691
2016-01-21T05:00:00Z,24.93,26.9599,24.71,25.79,2452197,21421,25.6853
2016-01-22T05:00:00Z,26.81,27.13,25.54,26.44,1677590,12585,26.4305
2016-01-25T05:00:00Z,26.9,27.43,26.61,27.28,766345,7032,27.156
2016-01-26T05:00:00Z,27.69,29.08,27.3,28.86,1683244,13317,28.6006
2016-01-27T05:00:00Z,29.08,30.37,28.52,30.1,1788353,14668,29.7944
2016-01-28T05:00:00Z,29.11,29.72,28.5,28.76,1301148,10839,29.0072
2016-01-29T05:00:00Z,28.72,29.81,28.72,29.79,983908,7574,29.4951
2016-02-01T05:00:00Z,29.99,31.095,29.99,30.88,1093797,9296,30.6726
2016-02-02T05:00:00Z,30.63,31,29.45,29.81,893973,7721,29.9909
2016-02-03T05:00:00Z,30.2,32.0997,30,31.85,1583126,14703,31.4086
2016-02-04T05:00:00Z,32.46,36.9599,32.46,35.94,3098637,24140,35.5971
2016-02-05T05:00:00Z,36.05,39.43,34.72,39.22,2582001,18762,37.8376
2016-02-08T05:00:00Z,40.78,41.96,40.521,40.96,2001249,16756,41.2311
2016-02-09T05:00:00Z,41.85,41.95,37.64,38.11,2528061,21534,39.3396
2016-02-10T05:00:00Z,37.27,39.14,36.06,39.01,2129766,21191,37.9423
2016-02-11T05:00:00Z,42.87,43.3,39.51,40.45,2150579,16992,40.7205
2016-02-12T05:00:00Z,39.49,41.8,39.02,41.74,1086393,9883,41.1039
2016-02-16T05:00:00Z,40.35,41.96,39.6,39.82,2033621,16460,40.5206
2016-02-17T05:00:00Z,40.25,42.039,39.74,41.53,1324695,11911,41.1605
2016-02-18T05:00:00Z,41.44,44.66,41.15,44.31,1516128,14343,43.5251
2016-02-19T05:00:00Z,43.96,45.09,43.14,43.35,1146529,10308,43.709
2016-02-22T05:00:00Z,42.08,44.84,41.96,44.41,866568,8165,44.0874
2016-02-23T05:00:00Z,44.86,44.98,43.46,44.29,987248,9262,44.2838
2016-02-24T05:00:00Z,45.05,46.55,44.295,44.82,1395008,13394,45.4676
2016-02-25T05:00:00Z,44.25,45.22,43.05,44.49,1374669,11530,44.1213
2016-02-26T05:00:00Z,42.96,45.84,42.8,44.82,1423866,10643,44.7452
2016-02-29T05:00:00Z,45.8,46.6999,45.25,46.37,981727,8906,46.196
2016-03-01T05:00:00Z,46.86,46.9999,44.32,44.99,971487,9515,45.0773
2016-03-02T05:00:00Z,45,46.9695,44.65,46.87,995702,9123,46.2627
2016-03-03T05:00:00Z,47.2,50.08,46.81,49.48,2096029,17552,48.8646
2016-03-04T05:00:00Z,50.07,51.4,47.85,48.5,2168525,18429,49.4943
2016-03-07T05:00:00Z,49.09,50.87,48.92,50.22,1288131,11104,50.0227
2016-03-08T05:00:00Z,51,51.235,47.35,48.02,1172296,14376,48.3925
2016-03-09T05:00:00Z,46.79,48.5,45,48.07,1214481,11768,47.6956
2016-03-10T05:00:00Z,48.06,50.54,47.82,49.88,1324161,11055,49.5652
2016-03-11T05:00:00Z,49.54,50.403,49.03,49.67,1225911,9005,49.6741
2016-03-14T04:00:00Z,49.44,50,46.83,47.11,1312070,11527,47.5775
2016-03-15T04:00:00Z,46.77,47.72,45.5272,47.59,894299,9714,46.8468
2016-03-16T04:00:00Z,47.22,50.8,46.77,50.56,1149199,12056,49.0162
2016-03-17T04:00:00Z,51.4,52.63,50.6,50.97,1282378,14244,51.6056
2016-03-18T04:00:00Z,50.95,52.97,50.92,51.69,2586801,10644,51.7508
2016-03-21T04:00:00Z,51.16,52.95,51.03,52.27,761267,8366,52.0361
2016-03-22T04:00:00Z,52.79,53.32,51.22,51.67,669658,6839,52.0074
2016-03-23T04:00:00Z,50.01,51.29,49.07,49.18,941499,11035,49.8665
2016-03-24T04:00:00Z,49.12,50.4799,48.56,50.19,611120,5981,49.8719
2016-03-28T04:00:00Z,50.5,50.71,48.7,49.5,600726,6540,49.3386
2016-03-29T04:00:00Z,49.64,52.32,49.14,52.03,844472,8849,51.0959
2016-03-30T04:00:00Z,51.63,52.25,50.6,51.98,783353,8715,51.6121
2016-03-31T04:00:00Z,52.47,52.97,51.1,51.29,642894,5177,51.6714
2016-04-01T04:00:00Z,49.89,51.63,49.5,51.57,645871,7448,50.5822
2016-04-04T04:00:00Z,51.6,51.71,49.79,49.97,651668,6619,50.3757
2016-04-05T04:00:00Z,51.43,51.8699,50.14,51.56,995066,8550,51.3489
2016-04-06T04:00:00Z,50.71,51.4,49.57,50.25,985177,9318,50.1657
2016-04-07T04:00:00Z,51.74,52.15,51.3157,51.61,1023310,8953,51.7301
2016-04-08T04:00:00Z,51.96,52.97,51.75,52.75,741931,7503,52.5103
2016-04-11T04:00:00Z,53.98,56.11,53.8436,55.64,1165070,11619,55.3167
2016-04-12T04:00:00Z,56.28,56.55,54.99,55.93,759958,7730,55.8568
2016-04-13T04:00:00Z,55.8,55.97,54.88,55.17,736416,7337,55.2734
2016-04-14T04:00:00Z,55.05,55.7278,52.42,53.27,1090407,10086,53.4226
2016-04-15T04:00:00Z,53.34,54.84,52.55,54.35,906880,7717,54.1392
2016-04-18T04:00:00Z,55.6,55.8899,54.091,54.99,686096,7283,54.9523
2016-04-19T04:00:00Z,56.8,57.85,56.02,57.5,876082,9185,57.1902
2016-04-20T04:00:00Z,57.46,58.64,56.4,56.81,1097245,11557,57.5408
2016-04-21T04:00:00Z,57.81,58.34,56.48,57.59,743777,7725,57.4558
2016-04-22T04:00:00Z,57.19,58.18,55.3,56.24,1147700,9015,56.4785
2016-04-25T04:00:00Z,56.29,57.1,55.32,56.04,897360,7482,56.0474
2016-04-26T04:00:00Z,56.65,57.51,55.17,57.4,612297,6945,56.7665
2016-04-27T04:00:00Z,57.65,58.29,56.51,58.23,1004607,9782,57.9089
2016-04-28T04:00:00Z,58.55,60.742,57.41,60.22,1108069,11874,59.7112
2016-04-29T04:00:00Z,61.58,62.78,61.3403,62.62,1209459,13541,62.1841
2016-05-02T04:00:00Z,62.87,63.31,60.88,61.58,1004705,10503,62.0175
2016-05-03T04:00:00Z,62.08,63.06,59.9,60.37,758930,9232,60.7006
2016-05-04T04:00:00Z,59.62,60.99,57.86,58.72,975473,11549,58.9298
2016-05-05T04:00:00Z,59.27,60.395,58.38,59.56,966648,9356,59.3998
2016-05-06T04:00:00Z,61.08,61.35,59.54,59.81,1082604,10519,60.0497
2016-05-09T04:00:00Z,57.63,57.64,55.26,56.14,1151286,13273,56.325
2016-05-10T04:00:00Z,56.07,57.95,55.08,57.7,698421,9307,56.9164
2016-05-11T04:00:00Z,59.16,59.51,57.2201,58.59,870137,9960,58.5431
2016-05-12T04:00:00Z,58.82,59.73,57.32,57.57,592486,7088,58.1712
2016-05-13T04:00:00Z,57.64,58.66,56.693,57.73,583427,6598,57.8564
2016-05-16T04:00:00Z,58.44,59.95,58.2,58.79,636782,7214,58.8994
2016-05-17T04:00:00Z,56.46,58.62,55.5801,57.46,1667358,16024,57.2843
2016-05-18T04:00:00Z,56.86,58.02,53.83,54.17,1419922,15973,55.8717
2016-05-19T04:00:00Z,52.69,55.61,51.76,55.22,1233633,12524,54.5151
2016-05-20T04:00:00Z,55.63,55.88,54.2118,55.45,775534,7627,55.1819
2016-05-23T04:00:00Z,54.36,56.58,54,55.85,749962,8380,55.7401
2016-05-24T04:00:00Z,54.83,55.018,53.91,54.03,890904,9941,54.341
2016-05-25T04:00:00Z,53.79,56.28,52.6856,56.06,1143705,10141,55.404
2016-05-26T04:00:00Z,56.32,57.38,55.08,55.85,537410,6665,55.8906
2016-05-27T04:00:00Z,55.21,56.04,54.22,55.02,1036850,9243,55.1881
2016-05-31T04:00:00Z,54.39,56.95,54.35,56.13,924261,9500,56.1572
2016-06-01T04:00:00Z,56.71,56.92,55.08,56.27,641331,7608,56.0193
2016-06-02T04:00:00Z,56.02,56.87,55.59,56.29,515954,5967,56.275
2016-06-03T04:00:00Z,58.7,61.61,58.38,61.55,1350471,13927,60.3929
2016-06-06T04:00:00Z,61.28,62.65,60.3601,62.64,1081903,11085,61.8622
2016-06-07T04:00:00Z,61.89,63.27,61.7902,62.78,867045,8065,62.6979
2016-06-08T04:00:00Z,64.07,66.33,64.07,65.34,1202701,11981,65.2972
2016-06-09T04:00:00Z,65.77,67.13,64.64,66.52,1122155,10772,66.0814
2016-06-10T04:00:00Z,66.59,67.97,65.07,65.56,813799,9370,65.9133
2016-06-13T04:00:00Z,66.6,66.88,64.87,65.9,1044804,11367,65.6192
2016-06-14T04:00:00Z,66.13,66.35,63.93,65.05,825384,8908,65.0239
2016-06-15T04:00:00Z,65.54,68.69,65,67.82,1099429,10967,67.1023
2016-06-16T04:00:00Z,69.32,69.36,65.06,65.8,1094477,12183,66.8815
2016-06-17T04:00:00Z,66.39,67.57,65.38,66.49,4654238,10374,66.4697
2016-06-20T04:00:00Z,65.71,67.55,65.02,67.51,905117,8838,66.7644
2016-06-21T04:00:00Z,66.59,67.22,65.94,66.53,616365,6096,66.629
2016-06-22T04:00:00Z,66.63,66.72,65.38,66.5,964726,8215,66.1315
2016-06-23T04:00:00Z,66.58,67.8,66,66.85,564715,6417,67.0482
2016-06-24T04:00:00Z,70.88,72,67.77,69.17,2189531,16395,69.2347
2016-06-27T04:00:00Z,70.39,71.14,68.14,69.15,1080493,11363,69.5095
2016-06-28T04:00:00Z,68.32,70.2899,68,68.89,811588,8730,69.1925
2016-06-29T04:00:00Z,70.02,71.52,69.05,70.64,915994,9963,70.8639
2016-06-30T04:00:00Z,71,72.04,70.05,72.02,876817,8475,71.4466
2016-07-01T04:00:00Z,73.51,74.85,73.29,74.47,905201,9766,74.1673
2016-07-05T04:00:00Z,75.52,76,72.82,74.8,1534353,11533,74.4448
2016-07-06T04:00:00Z,77.78,79.11,77.11,78.25,2667710,23273,78.2385
2016-07-07T04:00:00Z,77.92,80.36,77.19,79.36,1905691,14829,79.0767
2016-07-08T04:00:00Z,79.25,82.49,78.56,82.04,1233510,11727,81.0911
2016-07-11T04:00:00Z,81.53,83.27,80.76,83.22,1089094,10033,82.2597
2016-07-12T04:00:00Z,82.5,83.61,80.15,80.36,1503828,14093,81.5805
2016-07-13T04:00:00Z,80.75,81.86,80.21,81.72,926276,9224,81.3098
2016-07-14T04:00:00Z,79.88,81.75,78.64,81.59,884416,8177,80.7501
2016-07-15T04:00:00Z,80.59,81.62,79.75,80.54,894042,8905,80.5341
2016-07-18T04:00:00Z,80.56,81.5,79.84,81.48,710149,5901,80.9773
2016-07-19T04:00:00Z,80.56,81.6488,80.11,80.48,628565,7637,80.6224
2016-07-20T04:00:00Z,79,79.59,76.9286,77.22,973902,10145,77.9981
2016-07-21T04:00:00Z,77.5,79.496,77.49,78.88,989146,10551,78.8191
2016-07-22T04:00:00Z,78.01,79.75,77.98,79.32,324554,3908,79.0732
2016-07-25T04:00:00Z,78.5,78.55,76.33,77.58,739281,7761,77.4832
2016-07-26T04:00:00Z,78.45,80.67,77.97,80.28,619277,7023,79.6181
2016-07-27T04:00:00Z,80.57,82.82,79.02,82.14,729770,8045,81.2286
2016-07-28T04:00:00Z,82.64,82.98,80.87,82.14,514326,5448,82.0482
2016-07-29T04:00:00Z,82.7,84.81,81.74,84.54,909065,8414,83.9481
2016-08-01T04:00:00Z,84.52,86.19,83.66,85.92,652429,6954,85.2272
2016-08-02T04:00:00Z,86.5,87.74,84.911,85.24,824867,10548,86.0369
2016-08-03T04:00:00Z,84.63,85.64,83.156,85.44,626937,7045,84.6851
2016-08-04T04:00:00Z,85.44,85.89,84.88,85.05,473788,5748,85.4128
2016-08-05T04:00:00Z,82.51,83.86,82.3,83.44,882721,9467,83.2065
2016-08-08T04:00:00Z,83.69,85.43,83.45,84.36,558257,5752,84.6695
2016-08-09T04:00:00Z,84.35,85.26,84.25,84.96,508506,6010,84.7389
2016-08-10T04:00:00Z,85.37,86.76,85.27,86.02,662665,7959,86.1397
2016-08-11T04:00:00Z,85.25,86.73,84.5,84.57,812027,8356,85.2974
2016-08-12T04:00:00Z,85.99,86.18,82.82,83.26,509973,6169,83.9149
2016-08-15T04:00:00Z,83.14,84.84,83.12,83.41,466593,5740,83.9326
2016-08-16T04:00:00Z,83.58,84.1388,83.06,83.29,466026,5202,83.4713
2016-08-17T04:00:00Z,82.73,83.46,81.13,83.13,705535,7887,82.2649
2016-08-18T04:00:00Z,83.46,84.6,83.43,84.36,519163,5839,84.2023
2016-08-19T04:00:00Z,83.22,83.89,82.06,83.25,959680,6680,83.2215
2016-08-22T04:00:00Z,81.89,83.34,81.055,83.11,579665,6066,82.7574
2016-08-23T04:00:00Z,83.54,83.81,82.4929,82.73,615559,4969,82.8864
2016-08-24T04:00:00Z,81.75,81.75,75.36,75.76,1305556,12114,77.7463
2016-08-25T04:00:00Z,75.16,76.9199,73.64,75.73,736172,8354,75.65
2016-08-26T04:00:00Z,76.91,78.89,74.75,75.9,838440,9219,76.4715
2016-08-29T04:00:00Z,75.34,77.65,74.96,76.96,440562,5445,76.8255
2016-08-30T04:00:00Z,76.33,77.37,72.97,73.62,1127766,10972,74.429
2016-08-31T04:00:00Z,72.6,73.6,71.67,73.32,859393,8818,73.0702
2016-09-01T04:00:00Z,72.69,76.14,71.8322,75.78,1110549,9188,75.11
2016-09-02T04:00:00Z,76.78,78.16,76.4,77.94,726119,7559,77.4873
2016-09-06T04:00:00Z,79.68,82.57,78.55,82.49,896028,9957,81.3746
2016-09-07T04:00:00Z,82.49,82.66,80.35,82.18,650393,7320,81.6178
2016-09-08T04:00:00Z,81.93,82.28,79.57,80.25,510274,6030,80.668
2016-09-09T04:00:00Z,79.44,79.44,75.751,76.06,684584,7553,77.1041
2016-09-12T04:00:00Z,74.94,78.91,74.3001,78.77,883239,8119,77.6406
2016-09-13T04:00:00Z,78.21,78.21,74.8883,75.95,646178,7415,76.1006
2016-09-14T04:00:00Z,76.2,77.38,75.04,75.86,458346,5645,76.0071
2016-09-15T04:00:00Z,75.72,77.19,74.58,76.13,482176,5724,76.3379
2016-09-16T04:00:00Z,75.73,76.7,74.83,75.56,1365722,6734,75.5892
2016-09-19T04:00:00Z,76.56,77.6,76.26,77.01,573358,5960,76.9681
2016-09-20T04:00:00Z,77.59,77.8558,76.65,77.68,564926,6423,77.4775
2016-09-21T04:00:00Z,78.81,85.37,78.81,85.19,1332717,12413,83.0239
2016-09-22T04:00:00Z,86,86.9289,82.92,84.09,832816,9468,84.6502
2016-09-23T04:00:00Z,83.83,84.67,81.26,81.42,676683,6979,82.6042
2016-09-26T04:00:00Z,81.55,82.82,80.03,80.07,460499,5549,80.9231
2016-09-27T04:00:00Z,79.45,79.8,77.3101,78.1,650941,6617,78.3204
2016-09-28T04:00:00Z,78.3,80.02,76.89,79.65,666652,7571,78.7569
2016-09-29T04:00:00Z,79.02,80.28,78.09,78.82,520190,4999,79.0573
2016-09-30T04:00:00Z,80.05,80.38,77.35,77.43,665918,5644,77.934
2016-10-03T04:00:00Z,77,77.82,74.92,75.49,576031,6878,75.7966
2016-10-04T04:00:00Z,73.2,73.2,68.1,68.64,1655969,15580,69.9657
2016-10-05T04:00:00Z,69.37,69.64,67.24,68.87,999899,9238,68.4715
2016-10-06T04:00:00Z,67,68.08,64.79,65.59,1263875,12532,65.8345
2016-10-07T04:00:00Z,66.85,68,64.67,66.12,1065446,9155,66.1518
2016-10-10T04:00:00Z,67.93,67.93,66.39,66.63,713193,6614,66.7943
2016-10-11T04:00:00Z,66,67.18,65.03,65.09,699936,8210,65.8522
2016-10-12T04:00:00Z,65.27,67.08,65.21,66.27,632618,6316,66.2102
2016-10-13T04:00:00Z,65.94,69,65.88,66.99,804034,9004,67.1631
2016-10-14T04:00:00Z,66.22,67.62,65.362,65.96,517718,5675,66.1612
2016-10-17T04:00:00Z,66.03,67.725,66.03,66.9,734757,5612,67.0105
2016-10-18T04:00:00Z,67.87,69,66.82,68.87,499365,5726,68.2884
2016-10-19T04:00:00Z,69.89,71.04,69.16,69.79,964327,8074,69.9423
2016-10-20T04:00:00Z,69.69,70.245,68.657,69.97,519426,5859,69.5119
2016-10-21T04:00:00Z,70.13,70.17,68.11,68.35,632107,6019,68.6282
2016-10-24T04:00:00Z,68.61,68.86,65.78,67.2,664670,6808,67.1297
2016-10-25T04:00:00Z,67.76,70.15,67.56,69.26,678424,6311,69.2096
2016-10-26T04:00:00Z,69.2,69.92,67.655,68.14,534582,5408,68.3619
2016-10-27T04:00:00Z,68.53,68.7677,66.25,66.58,483772,5155,66.9041
2016-10-28T04:00:00Z,66.32,67.36,64.85,66.06,618576,5853,66.0882
2016-10-31T04:00:00Z,66.17,69.0733,65.75,68.82,587942,5904,68.1585
2016-11-01T04:00:00Z,70.32,71.57,69.59,69.67,697821,7417,70.4544
2016-11-02T04:00:00Z,71.47,71.93,68.95,69.09,902880,9693,70.6162
2016-11-03T04:00:00Z,70,75.71,68.26,74.4,1255595,12836,74.2785
2016-11-04T04:00:00Z,74.7,76.33,73.83,75.82,977226,11245,75.2333
2016-11-07T05:00:00Z,75,76.63,74.11,75.46,803876,9493,75.3028
2016-11-08T05:00:00Z,75.77,77.23,73.66,74.92,581260,8192,75.2878
2016-11-09T05:00:00Z,78.84,79.5,75.09,76.47,980727,10889,77.2524
2016-11-10T05:00:00Z,76.21,76.88,71.42,72.12,1358331,14239,72.5576
2016-11-11T05:00:00Z,72.13,72.66,65.02,65.48,1419461,16668,67.1341
2016-11-14T05:00:00Z,66.25,67.08,61.41,66.38,1404346,15928,64.498
2016-11-15T05:00:00Z,66.31,69.65,65.67,69.26,1090172,11319,68.4307
2016-11-16T05:00:00Z,69.26,69.905,67.29,69.48,547772,5995,68.8461
2016-11-17T05:00:00Z,69.77,70.82,67.001,68.16,708381,8665,68.8118
2016-11-18T05:00:00Z,68.84,68.84,67.24,68.11,588483,6093,67.9482
2016-11-21T05:00:00Z,68.43,70.08,68.43,69.7,806480,6149,69.4869
2016-11-22T05:00:00Z,70.11,70.78,68.51,70.5,543135,6164,69.873
2016-11-23T05:00:00Z,67.94,68.31,66.5412,67.72,837282,8254,67.5642
2016-11-25T05:00:00Z,67.97,68.985,67.4935,67.94,279942,2891,68.1738
2016-11-28T05:00:00Z,68.65,71.09,68.05,70.91,675377,7009,70.1113
2016-11-29T05:00:00Z,69.72,72.3,69.53,71.61,655293,7108,71.138
2016-11-30T05:00:00Z,71.15,71.5,68.86,69.64,657327,7051,69.6609
2016-12-01T05:00:00Z,69.23,69.88,67.55,68.53,803503,8928,68.559
2016-12-02T05:00:00Z,68.97,71.18,68.97,70.72,695335,8626,70.5434
2016-12-05T05:00:00Z,70.15,71.7366,69.15,70.96,948659,7309,70.7064
2016-12-06T05:00:00Z,70.9,72.3,68.71,69.73,805009,8138,69.8645
2016-12-07T05:00:00Z,70.63,71.06,68.46,69.39,719159,6966,69.6619
2016-12-08T05:00:00Z,69.14,69.62,68.1,69.18,550154,6772,68.8547
2016-12-09T05:00:00Z,68.85,69.16,66.31,67.02,731918,8770,67.528
2016-12-12T05:00:00Z,67.2,68.83,67.125,67.47,747249,7640,67.7809
2016-12-13T05:00:00Z,67.45,69.4984,67.25,69.29,515141,6226,68.5713
2016-12-14T05:00:00Z,69.81,70.5,66.41,66.49,982359,9824,68.472
2016-12-15T05:00:00Z,64.55,64.66,62.03,62.47,1563373,15264,63.0771
2016-12-16T05:00:00Z,62.5,63.54,61.26,61.39,4371232,12239,61.7774
2016-12-19T05:00:00Z,61.5,62.4,61.05,62,852135,9152,61.8947
2016-12-20T05:00:00Z,60.71,61.97,60.21,61.93,844634,8104,61.175
2016-12-21T05:00:00Z,62,63.28,61.84,62.59,731798,5668,62.5652
2016-12-22T05:00:00Z,62.28,63.13,61.6863,61.88,593128,4406,62.0057
2016-12-23T05:00:00Z,62.19,62.51,61.37,62.29,613358,6242,62.1122
2016-12-27T05:00:00Z,63,63.96,62.59,63.45,502201,4623,63.3157
2016-12-28T05:00:00Z,63.43,63.98,62.73,63.85,587401,5757,63.5217
2016-12-29T05:00:00Z,64.99,67.04,64.35,66.7,962262,10228,66.2126
2016-12-30T05:00:00Z,67.31,68.4,63.21,63.35,1207285,10631,64.5464
2017-01-03T05:00:00Z,63.64,65.26,63.55,64.63,882070,10332,64.3468
2017-01-04T05:00:00Z,65.04,65.36,63.71,64.96,820440,8482,64.5108
2017-01-05T05:00:00Z,65.95,67.62,65.35,67.15,1133494,10102,66.9855
2017-01-06T05:00:00Z,66.16,66.87,64.75,65.51,642687,6902,65.5508
2017-01-09T05:00:00Z,66.5,67.3225,65.43,65.85,562969,6498,66.333
2017-01-10T05:00:00Z,65.97,67.74,65.85,66.99,532169,6082,66.8989
2017-01-11T05:00:00Z,65.83,67.765,65.13,66.67,481406,5893,66.3141
2017-01-12T05:00:00Z,67.81,68.29,65.77,66.57,574051,6087,66.8125
2017-01-13T05:00:00Z,66.36,67.61,65.51,67.18,467354,4736,66.9341
2017-01-17T05:00:00Z,69,69.64,68.24,68.38,589338,6565,68.832
2017-01-18T05:00:00Z,68.58,69.223,67.37,68.12,530948,5634,68.2854
2017-01-19T05:00:00Z,67.43,68.78,67.21,68.17,456628,5539,68.0733
2017-01-20T05:00:00Z,68.35,69.78,67.62,68.78,573367,4725,68.7703
2017-01-23T05:00:00Z,69.44,70.48,68.79,70.31,1039660,5891,70.0475
2017-01-24T05:00:00Z,70.24,72.47,70.21,71.68,658504,6740,71.565
2017-01-25T05:00:00Z,70.8,72.06,70.1,71.62,597495,8320,71.2248
2017-01-26T05:00:00Z,70.3,70.83,69.26,69.57,509503,6344,69.7499
2017-01-27T05:00:00Z,69.44,70.67,69.33,70.48,343474,4361,70.2764
2017-01-30T05:00:00Z,71,71.98,69.47,69.7,494217,5574,70.2433
2017-01-31T05:00:00Z,71.27,72.25,70.55,72.17,556277,5721,71.6719
2017-02-01T05:00:00Z,71.68,71.91,70.46,71.44,543221,6971,71.2866
2017-02-02T05:00:00Z,71.75,73.16,70.4,70.83,925014,9417,70.9244
2017-02-03T05:00:00Z,70.76,70.87,69.66,69.94,762425,7753,70.0916
2017-02-06T05:00:00Z,70.77,71.71,69.8,71.6,796630,8043,70.8927
2017-02-07T05:00:00Z,71.12,71.89,70.62,70.92,495943,5585,71.1299
2017-02-08T05:00:00Z,71.2,71.6,70.5,71.36,640415,5356,71.1459
2017-02-09T05:00:00Z,71.5,71.75,69.75,70.04,578313,5610,70.2048
2017-02-10T05:00:00Z,69.71,71.83,69.51,71.53,509440,5631,71.2058
2017-02-13T05:00:00Z,70.89,72.03,70.87,71.45,357818,4688,71.5372
2017-02-14T05:00:00Z,71.6,72,70.88,71.28,467637,5860,71.3323
2017-02-15T05:00:00Z,70.91,71.41,70.05,71.15,593981,6373,70.8703
2017-02-16T05:00:00Z,71.29,71.856,70.85,71.29,812789,7445,71.3159
2017-02-17T05:00:00Z,71.24,71.26,69.76,69.95,1023666,6267,70.07
2017-02-21T05:00:00Z,69.34,71.08,68.82,71.01,555699,6165,70.4515
2017-02-22T05:00:00Z,70.55,70.78,67.96,68.83,728375,7012,68.9626
2017-02-23T05:00:00Z,69.94,70.09,68.76,68.82,934729,6852,69.2327
2017-02-24T05:00:00Z,69.44,69.69,68.1,68.33,543998,6366,68.7018
2017-02-27T05:00:00Z,68.2,69.97,65.96,66.26,774891,8163,67.4766
2017-02-28T05:00:00Z,66.99,67.42,65.55,66.05,762513,8021,66.3656
2017-03-01T05:00:00Z,65.32,67.17,65,66.89,683252,7642,66.325
2017-03-02T05:00:00Z,66.04,66.55,64.47,64.58,712359,8423,65.1145
2017-03-03T05:00:00Z,64.57,65.91,64.12,65.43,755337,8958,64.9814
2017-03-06T05:00:00Z,65.1,65.1,63.13,63.39,475726,5398,63.6937
2017-03-07T05:00:00Z,62.76,63.31,61.62,62.2,889766,9712,62.4035
2017-03-08T05:00:00Z,61.22,63.19,61,62.18,893590,7985,62.1823
2017-03-09T05:00:00Z,62.01,62.81,61.19,61.45,493152,5534,61.6837
2017-03-10T05:00:00Z,61.45,63.07,61.33,62.95,494118,6231,62.3094
2017-03-13T04:00:00Z,63.03,63.53,62.47,63.03,392942,5190,63.0402
2017-03-14T04:00:00Z,63,63.57,61.58,61.78,489309,5378,62.3792
2017-03-15T04:00:00Z,62.29,65.23,61.75,65.05,723054,7939,64.234
2017-03-16T04:00:00Z,66.11,66.18,64.57,64.8,478270,6034,64.9437
2017-03-17T04:00:00Z,65.02,65.79,64.355,64.84,1901546,5482,64.8623
2017-03-20T04:00:00Z,64.9,65.47,64.21,65.19,626972,6111,64.8815
2017-03-21T04:00:00Z,65.36,67.09,65.19,66.72,888914,9867,66.4348
2017-03-22T04:00:00Z,67.05,68.27,66.69,67.48,813061,9509,67.5088
2017-03-23T04:00:00Z,67.64,67.8899,65.88,67.15,788502,8321,66.8026
2017-03-24T04:00:00Z,66.9,68.08,66.81,67.23,461257,5954,67.5196
2017-03-27T04:00:00Z,68.18,69.05,67.78,68.86,611556,6938,68.6306
2017-03-28T04:00:00Z,69,69.45,67.69,68.34,663130,7970,68.2956
2017-03-29T04:00:00Z,68.13,69.58,68.08,69.3,529921,6530,69.2157
2017-03-30T04:00:00Z,68.9,69.55,68.39,69.23,540639,6080,69.2018
2017-03-31T04:00:00Z,69.07,70.7,69.065,70.05,674879,7505,70.0692
2017-04-03T04:00:00Z,70.2,70.47,69.56,70.25,582142,6336,70.1508
2017-04-04T04:00:00Z,70.76,71.48,70.23,71.45,599749,5813,71.2077
2017-04-05T04:00:00Z,71.04,71.125,69.58,70.41,551488,6000,70.3928
2017-04-06T04:00:00Z,70.22,71.81,70.01,71.47,438203,5300,71.2173
2017-04-07T04:00:00Z,72.17,73.15,71.69,72.07,600953,6419,72.3915
2017-04-10T04:00:00Z,71.95,72.34,71.08,72.19,477059,4756,71.9519
2017-04-11T04:00:00Z,72.71,74.96,72.22,74.73,770216,7811,74.2043
2017-04-12T04:00:00Z,74.61,74.7372,73.69,74.61,457330,5328,74.3581
2017-04-13T04:00:00Z,75,75.68,73.93,74.53,673263,7627,75.0104
2017-04-17T04:00:00Z,74.53,75.33,74.4,74.81,367461,5610,74.7987
2017-04-18T04:00:00Z,74.7,75.48,73.89,75.28,706334,6254,75.0707
2017-04-19T04:00:00Z,74.51,74.64,72.77,73.26,786443,8104,73.4022
2017-04-20T04:00:00Z,73.31,73.39,72.1121,72.68,735263,7338,72.8142
2017-04-21T04:00:00Z,72.75,72.8,71.87,72.4,631600,6104,72.3157
2017-04-24T04:00:00Z,71.41,72.87,70.43,72.44,697664,7260,72.1253
2017-04-25T04:00:00Z,72.43,73.5,69.71,70.39,951557,8988,70.5213
2017-04-26T04:00:00Z,70.02,70.54,68.85,70.3,922943,8890,70.0877
2017-04-27T04:00:00Z,70.02,70.02,68.63,69.41,759893,7781,69.3153
2017-04-28T04:00:00Z,69.44,70.81,69.3,70.68,773459,7054,70.4765
2017-05-01T04:00:00Z,70.4,70.79,68.52,69.1,615195,6611,69.3388
2017-05-02T04:00:00Z,68.83,70.03,68.6963,69.58,613092,5013,69.616
2017-05-03T04:00:00Z,69.34,70.42,68.58,68.84,658696,7529,69.1274
2017-05-04T04:00:00Z,68,68.19,67.095,67.85,681401,8400,67.7208
2017-05-05T04:00:00Z,68.17,70.49,68.1,69.91,557861,7292,69.8289
2017-05-08T04:00:00Z,69.78,70.25,69.24,70.14,557632,5796,69.8685
2017-05-09T04:00:00Z,69.62,70.68,69.09,70.34,480535,5827,70.2118
2017-05-10T04:00:00Z,71.13,71.13,70.1201,70.49,635772,7105,70.5745
2017-05-11T04:00:00Z,70.8,75.39,70.17,75.29,1053059,10234,74.3885
2017-05-12T04:00:00Z,75.88,77.8,75.61,77.06,940235,9335,76.9685
2017-05-15T04:00:00Z,78.5,78.562,76.71,77.57,719334,6688,77.5415
2017-05-16T04:00:00Z,77.91,78.92,77.63,78.55,583411,5071,78.5006
2017-05-17T04:00:00Z,80,80.88,79.52,79.95,770853,9276,80.0811
2017-05-18T04:00:00Z,79.16,79.27,77.18,78.08,689853,7736,78.0566
2017-05-19T04:00:00Z,78.84,79.36,78.195,78.8,695290,7320,78.9206
2017-05-22T04:00:00Z,79.17,80.28,79.17,79.82,463869,4903,79.8522
2017-05-23T04:00:00Z,80.1,80.38,78.43,79.17,553923,6473,79.3881
2017-05-24T04:00:00Z,79.03,79.86,78.22,79.7,569177,5632,79.3466
2017-05-25T04:00:00Z,79.36,80.25,78.92,79.97,468848,4449,79.7812
2017-05-26T04:00:00Z,80.72,81.1,80.075,80.75,363278,4182,80.7177
2017-05-30T04:00:00Z,80.15,81.26,80.15,80.3,491981,4628,80.6817
2017-05-31T04:00:00Z,80.55,81.29,79.92,80.42,536847,5848,80.5845
2017-06-01T04:00:00Z,80.06,80.31,79.025,79.86,572535,6386,79.7058
2017-06-02T04:00:00Z,80.67,81.1,79.42,79.8,409315,4905,80.0349
2017-06-05T04:00:00Z,79.81,79.95,78.45,79.2,350957,3948,79.1229
2017-06-06T04:00:00Z,79.93,80.56,79.25,80.38,627401,6655,80.075
2017-06-07T04:00:00Z,80.1,80.44,78.68,79.11,696544,7287,79.2982
2017-06-08T04:00:00Z,78.69,79.78,78.01,79.63,644798,7058,79.1266
2017-06-09T04:00:00Z,78.95,79.2,77.56,77.74,489112,5517,78.1205
2017-06-12T04:00:00Z,77.45,78.01,76.74,77.01,541524,6555,77.2608
2017-06-13T04:00:00Z,76.87,78.26,76.28,78.17,607916,5822,77.7625
2017-06-14T04:00:00Z,79.16,79.175,75.92,76.11,872601,7121,76.9171
2017-06-15T04:00:00Z,75.23,76.9368,75.21,75.45,769387,7412,75.671
2017-06-16T04:00:00Z,75.24,75.95,74.77,75.03,1346153,5252,75.0581
2017-06-19T04:00:00Z,74.6,76.11,74.35,75.34,431948,5832,75.3817
2017-06-20T04:00:00Z,75.2,75.59,74.8,75.02,311610,3423,75.1357
2017-06-21T04:00:00Z,75.02,76.37,74.88,76.31,352657,4704,76.0353
2017-06-22T04:00:00Z,76.87,77.73,76.64,77.15,383573,4013,77.1521
2017-06-23T04:00:00Z,77.75,78.5,77.52,77.82,1128816,4012,77.8605
2017-06-26T04:00:00Z,77.14,78.1599,76.6749,77.88,313324,3703,77.6053
2017-06-27T04:00:00Z,78.24,78.6,77.73,77.92,616009,6660,78.0229
2017-06-28T04:00:00Z,78.33,79.51,78.01,79.05,586887,5396,78.9852
2017-06-29T04:00:00Z,78.39,78.58,76.82,76.85,659962,5868,77.1913
2017-06-30T04:00:00Z,77.05,78.9,77.03,78.17,583916,5817,78.2611
2017-07-03T04:00:00Z,77.05,78.21,76.78,77.11,340522,3244,77.4035
2017-07-05T04:00:00Z,77.12,78.05,76.57,77.64,664652,5999,77.5466
2017-07-06T04:00:00Z,77.61,78,77.16,77.33,423362,4864,77.4865
2017-07-07T04:00:00Z,77.15,77.35,76.53,77.06,672605,6761,76.9972
2017-07-10T04:00:00Z,76.55,78.78,76.151,78.25,931279,7642,78.2281
2017-07-11T04:00:00Z,78.32,79.38,77.59,79.29,430794,4790,78.9318
2017-07-12T04:00:00Z,79.59,80.38,78.99,79.17,637697,6951,79.4176
2017-07-13T04:00:00Z,79.17,79.47,77.69,78.39,499647,5827,78.4486
2017-07-14T04:00:00Z,79.16,81.31,79.16,80.89,780016,8842,80.6911
2017-07-17T04:00:00Z,81.52,82.64,81.2,81.59,781537,6957,81.7768
2017-07-18T04:00:00Z,81.69,83.37,81.26,82.67,577493,6034,82.683
2017-07-19T04:00:00Z,82.61,83.18,81.85,82.74,499291,5625,82.4925
2017-07-20T04:00:00Z,82.73,83.89,82.2701,83.46,769701,6156,83.4034
2017-07-21T04:00:00Z,83.91,84.38,83.41,83.97,917986,5210,83.9614
2017-07-24T04:00:00Z,84,84.87,83.7,84.47,540757,5895,84.2859
2017-07-25T04:00:00Z,84.57,85.35,83.77,84.27,1060492,8992,84.5494
2017-07-26T04:00:00Z,84.21,86.585,83.62,86.16,669544,6515,85.6181
2017-07-27T04:00:00Z,86.65,86.84,85.01,85.62,605413,6074,85.6103
2017-07-28T04:00:00Z,85.8,87.23,85.715,86.61,486936,5264,86.5429
2017-07-31T04:00:00Z,86.79,87.24,85.9,86.66,409557,4719,86.6696
2017-08-01T04:00:00Z,84.28,87.88,84.28,87.24,611875,5809,87.2391
2017-08-02T04:00:00Z,87.04,87.9,86.51,86.7,534466,4696,86.8724
2017-08-03T04:00:00Z,86.57,87.27,86.09,86.71,403322,4392,86.6662
2017-08-04T04:00:00Z,86.13,86.13,84.91,85.27,536784,7024,85.3759
2017-08-07T04:00:00Z,85.05,85.655,84.49,84.95,467501,4769,85.093
2017-08-08T04:00:00Z,84.97,85.3,83.42,84.53,667815,6285,84.3522
2017-08-09T04:00:00Z,85.6,87.2,84.45,84.94,502042,6204,85.1454
2017-08-10T04:00:00Z,85.79,88.03,85.33,86.74,980568,10635,86.6185
2017-08-11T04:00:00Z,86.66,87.26,85.97,87.23,499823,5868,86.696
2017-08-14T04:00:00Z,86.75,86.93,86.03,86.38,632648,4201,86.4317
2017-08-15T04:00:00Z,85.8,85.94,85.19,85.78,449221,4073,85.6813
2017-08-16T04:00:00Z,85.63,87.61,85.47,87.34,564870,4899,86.8785
2017-08-17T04:00:00Z,87.85,87.9,86.89,87.01,429841,4816,87.1037
2017-08-18T04:00:00Z,87.67,87.96,86.1,86.25,566823,6733,86.7504
2017-08-21T04:00:00Z,86.52,87.15,86.36,86.99,848015,4165,86.8881
2017-08-22T04:00:00Z,86.89,87.09,86.37,86.77,341800,4248,86.7723
2017-08-23T04:00:00Z,86.89,87.54,86.31,87.42,309339,3353,87.0336
2017-08-24T04:00:00Z,87.19,88.5043,86.58,88,587096,5640,87.9464
2017-08-25T04:00:00Z,88.3,89.29,87.46,88.74,388513,4936,88.8568
2017-08-28T04:00:00Z,89.54,92.13,89.28,92.11,841652,7887,91.2384
2017-08-29T04:00:00Z,93.51,93.93,91.07,92.48,577781,6488,92.2343
2017-08-30T04:00:00Z,91.97,92,90.89,90.92,465335,5295,91.2939
2017-08-31T04:00:00Z,91.28,94.11,90.93,93.28,680879,7028,93.2469
2017-09-01T04:00:00Z,93.57,93.79,92.09,92.86,415099,5334,92.7697
2017-09-05T04:00:00Z,93.37,94.29,92.87,94.24,534569,6442,93.6951
2017-09-06T04:00:00Z,94.37,94.39,91.78,92.25,473964,5570,92.8182
2017-09-07T04:00:00Z,93.18,93.555,92.43,92.98,646709,5787,92.973
2017-09-08T04:00:00Z,93,93.19,91.97,92.85,362192,4588,92.6748
2017-09-11T04:00:00Z,92.01,92.81,91.21,91.64,820223,4710,91.8449
2017-09-12T04:00:00Z,91.7,92.92,90.95,92.64,337936,4143,92.0901
2017-09-13T04:00:00Z,92.21,92.375,90.4089,90.49,582624,5600,90.9754
2017-09-14T04:00:00Z,90.18,90.33,89,90.19,549915,4844,89.9152
2017-09-15T04:00:00Z,90.18,90.22,88.71,89.7,1019863,4246,89.6754
2017-09-18T04:00:00Z,89,90.71,88.7297,90.47,614282,5120,90.2126
2017-09-19T04:00:00Z,90.5,91.71,90.16,91.48,504718,6079,91.0839
2017-09-20T04:00:00Z,91.76,93.16,89.6,90.31,727125,7648,91.2515
2017-09-21T04:00:00Z,89.38,90.75,89.1301,89.43,536715,5674,89.651
2017-09-22T04:00:00Z,89.89,90.1,89.31,89.66,540616,4034,89.6339
2017-09-25T04:00:00Z,89.33,89.86,88.73,89.41,446976,5747,89.4268
2017-09-26T04:00:00Z,88.91,89.3884,87.91,87.93,357996,6131,88.4604
2017-09-27T04:00:00Z,87.24,88.12,86.4,86.47,463843,5528,86.8733
2017-09-28T04:00:00Z,86.4,86.84,86.02,86.46,407060,4324,86.4763
2017-09-29T04:00:00Z,86.88,86.93,86.03,86.04,473596,4782,86.3222
2017-10-02T04:00:00Z,85.88,86.525,85.321,86.16,416323,5322,86.0192
2017-10-03T04:00:00Z,86.08,86.7,85.83,86.14,518266,6542,86.1759
2017-10-04T04:00:00Z,86.26,86.62,85.88,86.59,421531,4478,86.3064
2017-10-05T04:00:00Z,86.5,86.85,85.941,86.4,588873,4886,86.3231
2017-10-06T04:00:00Z,86.4,87.86,85.46,87.85,448880,5183,87.1038
2017-10-09T04:00:00Z,87.96,89.66,87.96,89.03,612185,4727,89.0726
2017-10-10T04:00:00Z,89.42,89.88,88.61,88.87,526493,5964,89.1824
2017-10-11T04:00:00Z,89.13,89.32,87.15,88.35,578577,5048,88.1517
2017-10-12T04:00:00Z,88.3,89,88.05,88.81,451003,5025,88.6189
2017-10-13T04:00:00Z,89.45,89.66,87.97,88.22,344871,4338,88.3108
2017-10-16T04:00:00Z,88.68,88.69,87.31,87.6,488766,4711,87.9061
2017-10-17T04:00:00Z,87.14,88.35,87.1,87.59,324523,4331,87.6934
2017-10-18T04:00:00Z,87.33,87.83,87.11,87.51,280644,2883,87.4541
2017-10-19T04:00:00Z,87.46,87.84,87.245,87.71,308331,4092,87.6032
2017-10-20T04:00:00Z,87.7,88.02,86.35,86.74,374167,4530,86.9402
2017-10-23T04:00:00Z,86.41,86.83,85.76,86.34,451187,5725,86.2953
2017-10-24T04:00:00Z,86.17,86.76,86.09,86.39,394817,4574,86.3863
2017-10-25T04:00:00Z,86.52,86.67,86.1,86.48,412689,4746,86.3967
2017-10-26T04:00:00Z,86.6,86.97,83.93,84.08,659916,6860,84.9222
2017-10-27T04:00:00Z,83.87,85.53,83.5,84.77,486673,5697,84.8327
2017-10-30T04:00:00Z,84.66,85.61,84.39,84.97,424942,5187,85.0095
2017-10-31T04:00:00Z,84.86,84.86,83.6,84.11,414600,4518,84.1316
2017-11-01T04:00:00Z,84.5,84.69,83.31,83.35,554399,6815,83.7953
2017-11-02T04:00:00Z,83.59,86.99,83.395,86.63,689135,7150,85.9471
2017-11-03T04:00:00Z,86.88,86.88,85.05,86,450910,6124,85.8578
2017-11-06T05:00:00Z,86.01,89.07,86.01,88.8,519992,7107,88.2803
2017-11-07T05:00:00Z,88.6,89.46,88.13,89.05,379482,4945,88.8399
2017-11-08T05:00:00Z,89.49,90.13,88.835,89.21,709363,3788,89.292
2017-11-09T05:00:00Z,89.39,89.94,86.93,87.59,540091,5722,87.8117
2017-11-10T05:00:00Z,88,88.14,85.49,85.61,517513,6492,86.161
2017-11-13T05:00:00Z,85.61,86.79,85.5,86.39,353514,4117,86.2913
2017-11-14T05:00:00Z,86.14,86.76,85.75,85.96,427960,4009,86.2028
2017-11-15T05:00:00Z,86.1,86.17,84.95,85.13,396692,4434,85.4163
2017-11-16T05:00:00Z,85.29,86.31,85.2,85.66,354264,4262,85.5769
2017-11-17T05:00:00Z,85.76,86.06,84.56,85.38,462992,5000,85.3271
2017-11-20T05:00:00Z,85.11,85.93,84.864,85.35,252674,3521,85.4051
2017-11-21T05:00:00Z,85.85,87.1,85.81,86.92,419986,4078,86.7203
2017-11-22T05:00:00Z,87.22,87.45,86.67,87.24,241378,3054,87.0513
2017-11-24T05:00:00Z,87.25,87.82,86.705,86.81,142787,1465,86.9896
2017-11-27T05:00:00Z,87.33,87.72,86.01,86.38,289127,3469,86.4101
2017-11-28T05:00:00Z,86.55,86.99,85.09,85.12,394660,4219,85.6439
2017-11-29T05:00:00Z,84.76,85.13,81.87,82,692125,8113,82.7137
2017-11-30T05:00:00Z,81.53,82.82,81.46,82.72,584271,5142,82.3627
2017-12-01T05:00:00Z,82.59,83.8,82.07,82.86,473633,4111,82.9457
2017-12-04T05:00:00Z,82.57,83.39,81.95,82.08,369625,4410,82.547
2017-12-05T05:00:00Z,81.27,82.29,81.02,81.67,462978,5429,81.5215
2017-12-06T05:00:00Z,81.4,82.14,80.76,81.43,393706,4470,81.3526
2017-12-07T05:00:00Z,80.88,82.44,80.705,81.79,655627,4570,81.7892
2017-12-08T05:00:00Z,82.23,83.59,82.2223,83.15,484791,4336,83.0721
2017-12-11T05:00:00Z,83.14,84.97,83.11,83.61,426280,4891,83.9525
2017-12-12T05:00:00Z,83.49,83.63,81.5,83.43,670564,6148,82.976
2017-12-13T05:00:00Z,83.52,85.4,83.02,84.66,465624,5224,84.4435
2017-12-14T05:00:00Z,84.47,85,83.695,84.64,418325,5211,84.5766
2017-12-15T05:00:00Z,85.09,85.4,83.78,84.07,1970024,6174,84.2239
2017-12-18T05:00:00Z,84.61,84.839,83.89,84.52,435216,4386,84.4199
2017-12-19T05:00:00Z,84.24,84.57,83.04,84.47,593101,5810,84.1304
2017-12-20T05:00:00Z,84.9,86.31,84.35,85.85,692021,6074,85.4268
2017-12-21T05:00:00Z,85.62,86.66,85.46,85.88,317357,3357,85.9974
2017-12-22T05:00:00Z,85.9,86.61,85.82,86.56,280179,3172,86.362
2017-12-26T05:00:00Z,86.61,88.1,86.61,87.65,301110,4183,87.5822
2017-12-27T05:00:00Z,87.71,88.02,86.68,86.73,504150,5452,87.3023
2017-12-28T05:00:00Z,84.41,84.81,78.25,82.05,2714688,22823,81.0765
2017-12-29T05:00:00Z,82,82.63,80.7204,82.12,899789,8311,81.9649
2018-01-02T05:00:00Z,82.67,84,82.67,83.92,1027771,7865,83.5243
2018-01-03T05:00:00Z,84.07,84.07,81.67,83.54,807683,8507,82.9003
2018-01-04T05:00:00Z,83.28,84.02,82.275,83.97,776800,7260,83.6122
2018-01-05T05:00:00Z,83.99,84.02,82.8,83.17,581903,6551,83.1315
2018-01-08T05:00:00Z,83,83.39,82.137,83.28,674265,4990,83.0964
2018-01-09T05:00:00Z,82.84,84.66,82.49,83.87,650344,5973,83.8863
2018-01-10T05:00:00Z,84.47,84.86,83.7601,83.96,395180,5269,84.0417
2018-01-11T05:00:00Z,84.05,85.288,84.05,84.72,322900,4104,84.6994
2018-01-12T05:00:00Z,84.95,85.67,84.18,85.56,332596,4147,85.1171
2018-01-16T05:00:00Z,85.22,85.85,84.36,85.36,610926,6332,85.1757
2018-01-17T05:00:00Z,85.18,87.73,84.58,86.36,677590,7818,86.3562
2018-01-18T05:00:00Z,86.19,86.83,85.45,85.77,504391,5196,85.9981
2018-01-19T05:00:00Z,86.38,88.19,86.21,87.14,575805,5121,87.313
2018-01-22T05:00:00Z,87.06,87.42,85.42,87.11,510152,6679,86.5184
2018-01-23T05:00:00Z,86.93,88.8,86.13,88.5,571783,6992,87.6891
2018-01-24T05:00:00Z,89.99,90.37,89.01,89.54,553312,5815,89.6903
2018-01-25T05:00:00Z,89.9,90.51,87.16,87.93,592071,6025,88.4226
2018-01-26T05:00:00Z,88.29,88.72,87.62,88.54,392109,5103,88.381
2018-01-29T05:00:00Z,87.82,88.79,86.87,87.1,863647,7317,87.5417
2018-01-30T05:00:00Z,87.18,88.5,87.18,88.09,594952,6802,87.9312
2018-01-31T05:00:00Z,88.15,89.17,87.32,89,955307,8436,88.4955
2018-02-01T05:00:00Z,88.5,89.6,87.54,89.01,749480,6327,88.964
2018-02-02T05:00:00Z,88.2,88.5,86.62,87.24,883301,9513,87.4473
2018-02-05T05:00:00Z,86.99,87.94,84.2022,84.84,1288770,11130,85.7215
2018-02-06T05:00:00Z,84.13,84.34,81.41,81.97,1222841,12212,82.4263
2018-02-07T05:00:00Z,81.53,82.98,80.4,80.69,969878,8402,80.967
2018-02-08T05:00:00Z,83.24,86.46,81.6,82.13,1557236,12422,83.4734
2018-02-09T05:00:00Z,82.67,83.16,78.78,80.96,1078072,9288,80.7154
2018-02-12T05:00:00Z,81.22,83.93,81,83.25,869388,9101,83.0534
2018-02-13T05:00:00Z,83.13,83.13,81.84,82.74,474978,5877,82.5062
2018-02-14T05:00:00Z,82.72,86.08,82.535,85.08,709783,8592,85.0879
2018-02-15T05:00:00Z,85.3,86.35,84.2,85.59,600845,7570,85.3296
2018-02-16T05:00:00Z,85.21,85.93,84.06,84.99,752985,6357,85.049
2018-02-20T05:00:00Z,84,84.475,81.49,81.79,1226981,7379,82.0022
2018-02-21T05:00:00Z,82.15,84.615,82.15,82.34,643338,6071,82.858
2018-02-22T05:00:00Z,82.56,83.74,82.3,82.48,316751,3729,82.8571
2018-02-23T05:00:00Z,82.72,83.56,82.16,83.45,337753,3721,83.1352
2018-02-26T05:00:00Z,84,84.79,83.355,83.92,341737,4231,83.969
2018-02-27T05:00:00Z,83.62,83.99,81.27,81.31,701382,5693,81.6372
2018-02-28T05:00:00Z,81.34,82.5,80.7299,80.77,548068,6620,81.168
2018-03-01T05:00:00Z,80.45,81.78,79.67,81.22,577549,7393,80.8195
2018-03-02T05:00:00Z,81.6,82.25,80.865,81.2,338782,4681,81.4318
2018-03-05T05:00:00Z,80.97,81.88,80.29,81.73,409701,4186,81.5769
2018-03-06T05:00:00Z,82.46,84.42,82.4,83.56,661605,6940,83.6299
2018-03-07T05:00:00Z,83.42,83.65,81.71,81.91,453415,4847,82.1495
2018-03-08T05:00:00Z,82.04,82.28,80.82,82.02,317830,4505,81.7219
2018-03-09T05:00:00Z,81.78,82.48,80.98,81.98,278988,3993,81.8528
2018-03-12T04:00:00Z,81.71,83.16,81.2,82.75,405273,5014,82.4298
2018-03-13T04:00:00Z,82.82,84.25,82.49,83.45,448860,5293,83.4458
2018-03-14T04:00:00Z,83.9,83.9,83.1,83.69,380432,4582,83.5733
2018-03-15T04:00:00Z,84.2,84.4,82.54,83.79,497778,5942,83.9854
2018-03-16T04:00:00Z,83.76,84.2,82.98,83.8,2397538,5545,83.7946
2018-03-19T04:00:00Z,83.89,84.11,83.05,83.77,865715,5132,83.7388
2018-03-20T04:00:00Z,83.53,83.5982,82.31,83.17,351153,4255,82.9202
2018-03-21T04:00:00Z,83.4,84.94,83,84.52,433773,5511,84.2652
2018-03-22T04:00:00Z,83.76,85,83.76,84.16,397933,5076,84.4769
2018-03-23T04:00:00Z,85,86.04,84.6,85.13,518119,6473,85.3252
2018-03-26T04:00:00Z,85.83,86.3378,85.44,85.89,400238,5778,85.8581
2018-03-27T04:00:00Z,85.59,85.86,84.05,84.34,705395,6485,84.5244
2018-03-28T04:00:00Z,84.23,84.23,82.45,83.22,560681,5638,83.1396
2018-03-29T04:00:00Z,83.64,86.06,83.218,85.87,616679,6778,85.4592
2018-04-02T04:00:00Z,85.94,87.5245,85.775,86.83,390582,4936,86.9649
2018-04-03T04:00:00Z,86.91,86.91,85.32,85.48,585736,5080,85.644
2018-04-04T04:00:00Z,86.34,86.71,85.56,86.5,425033,4555,86.3985
2018-04-05T04:00:00Z,85.53,86.77,85.53,86.1,419943,3891,86.1202
2018-04-06T04:00:00Z,86.22,86.69,85.67,86.18,300490,3176,86.2204
2018-04-09T04:00:00Z,86.17,86.5,85.15,85.52,551166,4608,85.6868
2018-04-10T04:00:00Z,86.39,88,86.21,87.42,858080,5302,87.3781
2018-04-11T04:00:00Z,88.28,90.25,87.65,88.53,631876,7668,89.0106
2018-04-12T04:00:00Z,88.16,88.6,87.24,87.56,482835,4942,87.6977
2018-04-13T04:00:00Z,88.46,89.49,87.79,88.79,384312,4702,88.8582
2018-04-16T04:00:00Z,89.25,89.86,88.72,89.46,454562,4599,89.3119
2018-04-17T04:00:00Z,89.09,89.85,88.42,89.4,707118,5959,89.362
2018-04-18T04:00:00Z,89.9,90.74,88.83,89.11,542213,6751,89.5168
2018-04-19T04:00:00Z,89.11,90.07,88.47,89.67,523989,5752,89.296
2018-04-20T04:00:00Z,89.42,89.52,88.3,89.46,646166,5600,89.1411
2018-04-23T04:00:00Z,88.91,89.12,87.83,87.92,675263,4946,88.2857
2018-04-24T04:00:00Z,88.17,88.67,87.62,88.6,311035,4133,88.2509
2018-04-25T04:00:00Z,87.78,89.57,87.36,88.98,464556,5940,88.929
2018-04-26T04:00:00Z,89.03,89.67,88.81,89.36,406259,4123,89.2317
2018-04-27T04:00:00Z,89.31,89.83,88.83,89.7,305151,4028,89.576
2018-04-30T04:00:00Z,89.18,89.56,88.57,88.8,347694,4243,88.9388
2018-05-01T04:00:00Z,88.16,89.15,87.03,88.84,445562,5296,88.6283
2018-05-02T04:00:00Z,89.09,89.09,88.19,88.19,36308,2,88.2808
2018-05-03T04:00:00Z,88.19,88.19,87.97,87.97,78679,2,87.9836
2018-05-04T04:00:00Z,88.13,89.1,87.76,88.63,405179,4564,88.444
2018-05-07T04:00:00Z,88.5,89.69,88.5,89.02,619579,6794,89.0989
2018-05-08T04:00:00Z,88.8,89.05,87.07,88.39,548047,6589,88.0346
2018-05-09T04:00:00Z,88.53,88.64,87.26,88.48,506183,5530,88.0993
2018-05-10T04:00:00Z,88.76,90.37,88.76,89.99,325637,4234,89.8951
2018-05-11T04:00:00Z,90.28,90.56,89.545,90.42,341556,3773,90.3584
2018-05-14T04:00:00Z,90.71,91.21,88.42,89.02,853750,5682,89.3649
2018-05-15T04:00:00Z,88.12,89,87.74,88.54,388361,4938,88.3691
2018-05-16T04:00:00Z,88.52,88.87,87.67,88.25,337194,3949,88.1785
2018-05-17T04:00:00Z,88.29,88.7,88.02,88.29,235416,3692,88.2941
2018-05-18T04:00:00Z,88.01,88.93,87.5,88.58,431135,4010,88.5762
2018-05-21T04:00:00Z,88.54,88.92,87.215,88.54,364751,3487,88.4025
2018-05-22T04:00:00Z,88.66,88.97,87.77,87.87,454606,3418,88.122
2018-05-23T04:00:00Z,87.5,88.61,87.44,88.32,311343,3952,88.1858
2018-05-24T04:00:00Z,88.57,90.02,88.3,89.95,563211,6113,89.2486
2018-05-25T04:00:00Z,89.77,89.83,88.23,88.49,390188,4316,88.6999
2018-05-29T04:00:00Z,87.8,89.17,87.8,88.63,286059,3636,88.6548
2018-05-30T04:00:00Z,88.88,89.98,88.88,89.65,388374,4139,89.6511
2018-05-31T04:00:00Z,89.67,89.94,89.29,89.66,399842,4470,89.6378
2018-06-01T04:00:00Z,89.65,90.86,88.659,89.87,447210,5301,90.0988
2018-06-04T04:00:00Z,90,90.13,89.01,89.22,419625,4823,89.3947
2018-06-05T04:00:00Z,89.44,90.98,89.26,90.52,305988,4351,90.3402
2018-06-06T04:00:00Z,90.67,92.59,90.67,92.44,811618,6080,92.0053
2018-06-07T04:00:00Z,92.69,92.81,90.03,91.03,483746,6069,90.884
2018-06-08T04:00:00Z,90.78,91.55,90.63,91.2,409877,4831,91.1004
2018-06-11T04:00:00Z,91.19,91.55,90.49,91.35,349216,4484,91.1345
2018-06-12T04:00:00Z,91.07,92.44,90.9,92.35,507704,4667,92.0865
2018-06-13T04:00:00Z,92.52,92.89,90.37,91.74,597892,5762,91.6892
2018-06-14T04:00:00Z,92.23,93.36,91.83,93.3,519387,4693,92.9016
2018-06-15T04:00:00Z,92.55,93,91.48,92.44,1471392,5716,92.4093
2018-06-18T04:00:00Z,92.45,93.5,91.67,92.23,543897,5241,92.2859
2018-06-19T04:00:00Z,91.61,92.74,91.32,92.17,383093,4829,92.1583
2018-06-20T04:00:00Z,92.32,92.49,91.55,91.86,317620,3954,92.0452
2018-06-21T04:00:00Z,91.76,91.76,89.87,90.35,440913,5203,90.3102
2018-06-22T04:00:00Z,90.8,93,90.745,92.79,838642,6091,92.5244
2018-06-25T04:00:00Z,92.54,93.22,91.39,91.66,547082,4719,91.8018
2018-06-26T04:00:00Z,91.51,92.54,91.01,92.03,360910,4146,92.0917
2018-06-27T04:00:00Z,92.03,92.84,91.4,91.74,299695,3492,91.9445
2018-06-28T04:00:00Z,91.8,92.135,90.98,91.36,488306,5252,91.4931
2018-06-29T04:00:00Z,91.5,93.16,91.04,92.84,433144,4527,92.7779
2018-07-02T04:00:00Z,92.68,93.1516,91.74,92.53,370931,4360,92.5116
2018-07-03T04:00:00Z,93.08,96.53,92.9345,95.78,479606,6082,95.4064
2018-07-05T04:00:00Z,98.01,98.53,94.7,95.29,1139926,10243,95.4587
2018-07-06T04:00:00Z,94.92,95.08,92.21,92.54,924940,8629,93.042
2018-07-09T04:00:00Z,92.71,93.18,91.3452,91.63,831486,7458,91.8238
2018-07-10T04:00:00Z,91.67,92.25,90.81,92.01,343662,3506,91.8121
2018-07-11T04:00:00Z,91.95,92.45,90.927,91.54,536647,6459,91.5637
2018-07-12T04:00:00Z,91.87,92.4,91.65,91.83,467019,5137,91.8726
2018-07-13T04:00:00Z,91.48,91.605,90.4625,90.78,279400,3382,90.8494
2018-07-16T04:00:00Z,90.95,91.72,90.13,90.63,527432,5333,90.7069
2018-07-17T04:00:00Z,90.1,91.73,90.01,91.18,513676,4842,90.9531
2018-07-18T04:00:00Z,91,92.13,90.76,91.72,406474,4435,91.6232
2018-07-19T04:00:00Z,90.81,93.01,90.52,91.85,400475,5776,91.9355
2018-07-20T04:00:00Z,91.94,92.469,91.23,91.91,551885,4306,91.8786
2018-07-23T04:00:00Z,91.92,92,90.35,90.45,428453,5132,90.8417
2018-07-24T04:00:00Z,90.35,91.5,90.19,90.62,497481,4471,90.6355
2018-07-25T04:00:00Z,90.72,92.02,90.69,91.92,438341,4389,91.674
2018-07-26T04:00:00Z,91.59,91.59,88.18,88.31,870516,8069,89.1327
2018-07-27T04:00:00Z,88,88.2288,85.76,86.01,605688,7573,86.4893
2018-07-30T04:00:00Z,85.71,86.12,83.64,84.25,617852,7134,84.5535
2018-07-31T04:00:00Z,83.94,86.04,83.84,84.61,569897,4420,84.7563
2018-08-01T04:00:00Z,84.54,84.99,83.26,83.76,612233,8197,83.9389
2018-08-02T04:00:00Z,83.35,84.25,83,83.49,436252,5749,83.6072
2018-08-03T04:00:00Z,83.83,84.81,83.55,83.84,414247,4567,84.1481
2018-08-06T04:00:00Z,83.67,85.09,83.62,84.48,492367,5409,84.5602
2018-08-07T04:00:00Z,84.95,85.19,82.86,83.18,499864,5693,83.5055
2018-08-08T04:00:00Z,83.18,84.045,82.15,83.12,562930,5183,83.0596
2018-08-09T04:00:00Z,82.81,84.61,82.15,82.88,766713,6430,83.1326
2018-08-10T04:00:00Z,82.51,83.51,81.8,82.84,428345,5769,82.8101
2018-08-13T04:00:00Z,82.65,83.27,81.46,82.2,849639,7753,82.2321
2018-08-14T04:00:00Z,82.47,83.25,81.24,81.52,601885,5773,81.9043
2018-08-15T04:00:00Z,80.69,80.79,76.82,77.24,946989,11443,77.863
2018-08-16T04:00:00Z,77.92,78.81,76.02,76.14,873109,9556,77.2116
2018-08-17T04:00:00Z,76.18,79,76.18,78.09,843546,7066,77.8529
2018-08-20T04:00:00Z,78.36,79.15,76.96,77.65,628638,6896,77.7838
2018-08-21T04:00:00Z,77.63,78.03,76.801,77.73,522223,4978,77.6446
2018-08-22T04:00:00Z,77.82,78.16,77.19,77.88,295091,4177,77.7028
2018-08-23T04:00:00Z,77.66,77.66,75.58,75.95,532647,4837,76.1771
2018-08-24T04:00:00Z,76.79,79.61,76.77,78.32,678283,6644,78.5345
2018-08-27T04:00:00Z,78.46,78.9,78.09,78.65,634331,5056,78.5927
2018-08-28T04:00:00Z,79.13,79.3,76.5,77.09,816524,7435,77.6915
2018-08-29T04:00:00Z,77.26,77.88,76.87,77.24,332999,4211,77.3054
2018-08-30T04:00:00Z,77,77.29,75.94,76.4,376416,5722,76.4457
2018-08-31T04:00:00Z,76.5,77.37,75.645,76.26,556237,4756,76.3361
2018-09-04T04:00:00Z,75.45,75.51,74.15,74.6,713663,7980,74.6218
2018-09-05T04:00:00Z,74.34,75.15,73.75,74.16,583552,7417,74.3105
2018-09-06T04:00:00Z,74.42,75.2,73.77,74.17,470249,4101,74.26
2018-09-07T04:00:00Z,73.83,74.72,72.97,74.06,655302,5555,74.0197
2018-09-10T04:00:00Z,74.03,74.38,73.27,73.4,795448,6732,73.7271
2018-09-11T04:00:00Z,72.91,72.97,71.91,72.61,575068,4792,72.6007
2018-09-12T04:00:00Z,72.61,75.41,72.61,74.53,652150,7899,74.3423
2018-09-13T04:00:00Z,75.11,75.73,74.46,74.72,591590,6327,74.7706
2018-09-14T04:00:00Z,74.71,75.47,74.16,74.23,523859,4887,74.4724
2018-09-17T04:00:00Z,74.07,78.25,74.07,77.54,1197802,11052,77.1865
2018-09-18T04:00:00Z,77.7,78.2,76.63,77.83,764101,6204,77.7604
2018-09-19T04:00:00Z,78.05,79.52,77.69,78.6,520070,6204,78.6099
2018-09-20T04:00:00Z,78.92,79.435,77.02,78.34,580744,6429,78.1552
2018-09-21T04:00:00Z,77.55,78.08,76.71,76.89,2081397,6399,77.005
2018-09-24T04:00:00Z,78.31,78.7675,77.5,77.76,704897,8372,78.0323
2018-09-25T04:00:00Z,78.1,79.375,78.06,78.25,629774,7433,78.4186
2018-09-26T04:00:00Z,78.11,78.99,76.57,76.66,574161,7131,77.1262
2018-09-27T04:00:00Z,76.62,76.7477,74.79,76.45,764439,9738,76.0074
2018-09-28T04:00:00Z,76.69,77.54,76.25,77.06,561027,6311,76.9602
2018-10-01T04:00:00Z,77.23,77.65,76.43,76.91,327490,4583,76.9306
2018-10-02T04:00:00Z,77.38,79.28,77.38,78.69,545985,6509,78.7329
2018-10-03T04:00:00Z,78.99,79.2,76.31,76.41,637711,6244,76.8323
2018-10-04T04:00:00Z,76.61,77.71,76.1896,76.77,809125,8025,76.858
2018-10-05T04:00:00Z,76.67,77.55,75.72,76.37,769478,5060,76.3703
2018-10-08T04:00:00Z,75.58,76.43,74.04,76.23,600454,5284,75.7476
2018-10-09T04:00:00Z,75.7,75.88,74.29,74.7,671033,6427,74.7181
2018-10-10T04:00:00Z,74.69,75.28,73.17,74.7,629771,8211,74.535
2018-10-11T04:00:00Z,75.57,79.76,75.25,79.06,961056,14426,78.1945
2018-10-12T04:00:00Z,78.8,78.8,75.54,77.55,699083,7858,77.2029
2018-10-15T04:00:00Z,78.5,80.1,78.42,78.82,574199,5723,79.0866
2018-10-16T04:00:00Z,79.4,79.74,78.35,79.13,515597,5929,79.1595
2018-10-17T04:00:00Z,79.14,79.34,77.82,78.61,593116,6476,78.5233
2018-10-18T04:00:00Z,78.65,80.26,78.18,78.35,558588,6066,78.8891
2018-10-19T04:00:00Z,78.76,78.98,77.56,77.88,405705,4391,78.107
2018-10-22T04:00:00Z,77.94,77.94,76.4241,77.45,365521,4196,77.3846
2018-10-23T04:00:00Z,78.93,79.69,78.1108,78.61,637671,6474,78.7429
2018-10-24T04:00:00Z,78.5,79.09,77.292,77.9,527758,6516,78.0347
2018-10-25T04:00:00Z,77.95,78.17,74.86,75.06,774236,8348,75.4936
2018-10-26T04:00:00Z,75,77.92,75,75.72,688291,7381,76.2235
2018-10-29T04:00:00Z,75.87,77.4699,74.611,75.46,726745,8227,75.7653
2018-10-30T04:00:00Z,75.59,77.725,75.22,77.48,542396,6765,77.0837
2018-10-31T04:00:00Z,77.07,77.23,75.5201,76.63,612331,6537,76.4788
2018-11-01T04:00:00Z,75.5,77.65,73.55,76.65,911922,10454,76.1957
2018-11-02T04:00:00Z,75.51,77.63,75.01,76.76,789412,7929,76.6211
2018-11-05T05:00:00Z,76.76,77.58,75.543,75.96,557323,4798,76.1168
2018-11-06T05:00:00Z,76.04,76.5,74.25,74.44,491535,6398,74.907
2018-11-07T05:00:00Z,74.65,74.97,73.3775,73.43,594975,5417,73.7408
2018-11-08T05:00:00Z,73.5,74.68,73.09,74.37,603977,4839,74.1382
2018-11-09T05:00:00Z,73.76,74.19,73.02,73.69,590606,5590,73.6482
2018-11-12T05:00:00Z,73.47,73.88,71.36,71.63,537113,5412,72.0439
2018-11-13T05:00:00Z,71.92,72.3064,70.16,71.33,358563,3553,71.3658
2018-11-14T05:00:00Z,71.2,73.316,71.04,72.51,531309,7190,72.3602
2018-11-15T05:00:00Z,72.74,74.48,72.37,74.43,584281,5243,73.9939
2018-11-16T05:00:00Z,75.26,76.53,74.74,76,908796,5615,75.966
2018-11-19T05:00:00Z,76,76.45,74.91,75.19,562069,4533,75.4038
2018-11-20T05:00:00Z,75.39,75.39,73.38,74.89,444537,5955,74.6991
2018-11-21T05:00:00Z,75.18,76.25,74.89,75.73,247862,3829,75.8071
2018-11-23T05:00:00Z,75.22,75.54,74.1939,74.38,339208,1922,74.4464
2018-11-26T05:00:00Z,74.8,75.24,73.49,73.68,289162,3966,74.1282
2018-11-27T05:00:00Z,73.3,74.05,71.13,71.74,486638,5034,71.8396
2018-11-28T05:00:00Z,71.82,73.969,71.34,73.86,327015,4896,73.2726
2018-11-29T05:00:00Z,74.07,74.42,73.3,73.4,332786,4119,73.6245
2018-11-30T05:00:00Z,73.11,73.89,72.31,73.15,469525,4202,73.1444
2018-12-03T05:00:00Z,74.04,75.27,73.51,75.17,486509,5331,74.7779
2018-12-04T05:00:00Z,75.6,76.67,75.347,75.62,524317,5526,75.7874
2018-12-06T05:00:00Z,75.81,76.68,74.96,76.3,486716,5693,76.0541
2018-12-07T05:00:00Z,76.68,79,76.38,78.44,562923,6720,78.101
2018-12-10T05:00:00Z,78.43,79.66,77.8917,78.06,766017,8160,78.6258
2018-12-11T05:00:00Z,78.68,78.74,77.31,78.09,470974,5926,78.0451
2018-12-12T05:00:00Z,78.83,79.55,78.3936,79.25,357889,4771,79.1887
2018-12-13T05:00:00Z,79.25,80,78.87,79.56,441492,5493,79.4215
2018-12-14T05:00:00Z,78.7,78.7,75.43,76.62,697370,8673,76.4556
2018-12-17T05:00:00Z,77,79.64,76.9776,78.99,749008,8772,78.7037
2018-12-18T05:00:00Z,79.16,82,79.11,80.86,670820,9517,80.8322
2018-12-19T05:00:00Z,80.97,82.61,76.5,76.76,761710,9642,78.4317
2018-12-20T05:00:00Z,78.9,82.14,78.0604,81.97,839633,9626,80.7409
2018-12-21T05:00:00Z,82,86.64,81.36,82.54,2883494,13007,82.5264
2018-12-24T05:00:00Z,83.51,85.2,82.95,83.9,558411,6181,84.0231
2018-12-26T05:00:00Z,84.58,85.53,82.21,82.74,791262,8663,83.2167
2018-12-27T05:00:00Z,83.75,84.57,83.035,84.57,590726,6279,84.0677
2018-12-28T05:00:00Z,84.78,84.82,82.59,83.06,542623,6202,83.2802
2018-12-31T05:00:00Z,84,85.67,83.23,85.65,658841,6902,84.9209
2019-01-02T05:00:00Z,86,86,84.21,84.64,773232,8874,84.9074
2019-01-03T05:00:00Z,85.3,85.62,84.56,84.91,557394,7405,85.0377
2019-01-04T05:00:00Z,84.5,85.1,83.07,84.72,614725,7166,84.4588
2019-01-07T05:00:00Z,85.27,85.27,83.97,84.32,464746,6897,84.3441
2019-01-08T05:00:00Z,83.95,85.14,83.28,84.88,524178,6161,84.6749
2019-01-09T05:00:00Z,84.63,85.25,84.16,84.41,526327,7275,84.6612
2019-01-10T05:00:00Z,84.41,84.76,82.75,83.36,516522,6644,83.4865
2019-01-11T05:00:00Z,83.84,84.585,83.1601,84.21,427865,6707,84.0633
2019-01-14T05:00:00Z,84.14,84.54,83.04,83.75,489808,6532,83.7554
2019-01-15T05:00:00Z,83.88,84.01,81.22,81.38,589561,8409,81.9072
2019-01-16T05:00:00Z,81.37,82.7,81.31,82.35,514139,7144,82.186
2019-01-17T05:00:00Z,82.32,83.48,82.2195,82.83,552588,6972,82.7773
2019-01-18T05:00:00Z,82.58,82.82,81.6,82.37,563510,7423,82.2996
2019-01-22T05:00:00Z,82.12,82.48,81.565,81.92,770583,8287,82.0597
2019-01-23T05:00:00Z,81.78,82.25,80.72,81.74,628629,6543,81.4391
2019-01-24T05:00:00Z,81.43,81.62,80.85,81,702138,5538,81.072
2019-01-25T05:00:00Z,82,83.74,81.699,83.2,462176,6234,83.0754
2019-01-28T05:00:00Z,83.25,83.5987,82.72,83.03,284350,4584,83.0225
2019-01-29T05:00:00Z,83.94,85.17,82.83,84.89,456732,6061,84.5364
2019-01-30T05:00:00Z,84.91,87.1099,84.29,85.75,396806,5942,85.5819
2019-01-31T05:00:00Z,86.04,87.7,85.77,87.37,462208,5913,87.1015
2019-02-01T05:00:00Z,87.28,87.34,85.6,86.87,654546,6864,86.652
2019-02-04T05:00:00Z,86.19,87.55,85.9926,87.52,280302,4244,87.1743
2019-02-05T05:00:00Z,87.52,87.93,86.54,87.91,841088,4668,87.6945
2019-02-06T05:00:00Z,87.23,88.69,86.39,87.81,731222,7747,87.7952
2019-02-07T05:00:00Z,89,89,84.53,85.3,666412,7721,85.5948
2019-02-08T05:00:00Z,85.3,87.35,85.1,86.87,462211,5780,86.7045
2019-02-11T05:00:00Z,86.54,86.8201,85.5,86.38,385325,4441,86.3373
2019-02-12T05:00:00Z,86.85,87.97,86.11,87.51,480295,5698,87.2925
2019-02-13T05:00:00Z,87.71,88.25,86.55,86.98,363497,5161,87.2272
2019-02-14T05:00:00Z,86.94,87.69,86.51,87.47,488675,5440,87.2686
2019-02-15T05:00:00Z,87.87,88.02,86.015,87.19,902890,8678,86.9573
2019-02-19T05:00:00Z,88.13,89.77,87.88,89.3,507763,7228,89.1475
2019-02-20T05:00:00Z,89.51,90.69,88.78,89.49,608653,8545,89.7725
2019-02-21T05:00:00Z,89.06,89.94,88.735,89.89,736895,8293,89.4864
2019-02-22T05:00:00Z,90.05,91.06,89.53,89.98,403943,6399,90.331
2019-02-25T05:00:00Z,89.99,90.87,88.64,89.31,637490,8206,89.5331
2019-02-26T05:00:00Z,89.39,89.69,88.13,89.45,629731,6543,89.3071
2019-02-27T05:00:00Z,89.45,89.87,88.51,89.21,438229,6001,89.1352
2019-02-28T05:00:00Z,89.1,89.59,88.0828,88.41,394100,4709,88.5171
2019-03-01T05:00:00Z,87.92,88.78,87.23,87.37,345714,5697,87.6126
2019-03-04T05:00:00Z,87.22,87.68,86.65,87.64,540876,5895,87.4368
2019-03-05T05:00:00Z,87.48,88.18,87.375,87.99,804582,4596,87.9475
2019-03-06T05:00:00Z,88.18,88.18,86.93,87.1,496390,5409,87.2395
2019-03-07T05:00:00Z,86.71,87.71,86.17,87.27,368915,5038,87.1727
2019-03-08T05:00:00Z,88.39,89.63,87.35,89.26,537633,7188,88.7915
2019-03-11T04:00:00Z,89.11,89.81,88.1875,89.47,525496,8017,89.1971
2019-03-12T04:00:00Z,89.65,91,89.62,90.89,749248,6995,90.6413
2019-03-13T04:00:00Z,91.26,91.91,90.84,91.62,571875,6196,91.5008
2019-03-14T04:00:00Z,90.73,90.94,89.48,90.19,479902,6668,90.1199
2019-03-15T04:00:00Z,90.57,91.55,89.93,90.65,1054023,6075,90.6064
2019-03-18T04:00:00Z,90.98,91.366,89.54,89.86,386036,5061,90.2773
2019-03-19T04:00:00Z,90.62,91.15,89.885,90.32,409259,4789,90.4738
2019-03-20T04:00:00Z,90.2,91.86,88.72,91.48,387290,5609,90.5824
2019-03-21T04:00:00Z,91.54,92.4,91,92.24,354309,4935,91.8747
2019-03-22T04:00:00Z,92.16,92.9,91.5565,92.06,284495,5280,92.1573
2019-03-25T04:00:00Z,92.26,93.81,92.125,93.25,463589,6893,93.2686
2019-03-26T04:00:00Z,93.05,94.49,92.36,94.34,404078,4852,93.92
2019-03-27T04:00:00Z,93.8,94.17,92.53,92.75,356443,5032,93.0885
2019-03-28T04:00:00Z,92.2,92.32,90.35,91.76,696902,7587,91.5157
2019-03-29T04:00:00Z,92.18,92.5,90.85,90.93,551546,5393,91.2268
2019-04-01T04:00:00Z,92.16,92.18,90.47,90.96,373183,5922,91.0065
2019-04-02T04:00:00Z,91.2,91.61,90.64,91.46,494348,5269,91.3272
2019-04-03T04:00:00Z,91.93,92.24,91.32,91.78,383081,5030,91.8252
2019-04-04T04:00:00Z,91.22,92.81,90.55,92.69,422452,4393,92.2412
2019-04-05T04:00:00Z,92.61,93.08,91.91,92.98,280868,3747,92.7046
2019-04-08T04:00:00Z,93.53,93.97,93,93.88,352391,4058,93.7151
2019-04-09T04:00:00Z,94.19,94.27,92.9923,93.52,311299,4395,93.551
2019-04-10T04:00:00Z,93.46,94.26,93.1,93.25,279088,3945,93.4645
2019-04-11T04:00:00Z,92.85,93.3,91.755,92.52,327144,4363,92.4679
2019-04-12T04:00:00Z,92.18,92.95,91.57,92.56,364447,3910,92.4471
2019-04-15T04:00:00Z,91.72,92.81,91,92.79,363344,4281,92.3161
2019-04-16T04:00:00Z,92.3,92.31,91.13,91.48,390123,5388,91.5329
2019-04-17T04:00:00Z,91.42,91.87,89.64,90.28,507983,5786,90.3062
2019-04-18T04:00:00Z,90.19,90.86,89.1592,89.71,420518,4943,89.6777
2019-04-22T04:00:00Z,89.74,89.79,86.89,87.2,534343,6518,87.6384
2019-04-23T04:00:00Z,86.97,87.765,86.6,86.8,359850,4403,87.0677
2019-04-24T04:00:00Z,86.51,87.85,86.14,86.94,394322,5511,87.0356
2019-04-25T04:00:00Z,87.24,87.67,86.44,86.74,285151,4346,86.8419
2019-04-26T04:00:00Z,87.13,89.37,87.13,88.62,321146,5113,88.6601
2019-04-29T04:00:00Z,88.52,88.52,86.24,86.83,380718,5214,86.8187
2019-04-30T04:00:00Z,86.83,87.72,86.77,87.06,270841,3905,87.1767
2019-05-01T04:00:00Z,87.18,87.1943,83.39,84.45,442863,6246,85.1191
2019-05-02T04:00:00Z,83.73,85.4369,81.12,81.6,800078,10774,82.158
2019-05-03T04:00:00Z,82.41,83.08,81.06,81.32,744491,9428,81.6657
2019-05-06T04:00:00Z,81.13,82.06,80.65,81.61,497295,6196,81.5627
2019-05-07T04:00:00Z,81.64,83.7,81.25,83.27,427809,6359,82.8481
2019-05-08T04:00:00Z,83.39,83.81,81.86,82.44,352387,4935,82.5638
2019-05-09T04:00:00Z,82.55,83.61,82.2,83.09,428917,5402,83.1039
2019-05-10T04:00:00Z,83.35,83.75,82.74,82.92,403183,6062,83.1481
2019-05-13T04:00:00Z,83.33,84.72,82.8,84.16,455794,6355,83.8777
2019-05-14T04:00:00Z,84.12,84.19,82.91,83.68,350146,6206,83.6048
2019-05-15T04:00:00Z,83.86,85.02,83.86,84.44,383969,5029,84.4777
2019-05-16T04:00:00Z,84.49,84.49,82.72,83.51,285075,3643,83.446
2019-05-17T04:00:00Z,83.3,84.91,83.1,84.62,369436,4384,84.2364
2019-05-20T04:00:00Z,84.83,84.96,83.1,83.99,249413,4160,84.219
2019-05-21T04:00:00Z,83.91,84.75,83.32,84.45,286641,4350,84.359
2019-05-22T04:00:00Z,84.64,85.31,83.67,83.91,222436,3719,84.3994
2019-05-23T04:00:00Z,84.11,87.02,84.11,85.04,575991,7394,85.6103
2019-05-24T04:00:00Z,85.1,86.66,85.1,86.23,290285,4528,86.1119
2019-05-28T04:00:00Z,85.97,86.26,84.64,85.02,355356,5983,85.167
2019-05-29T04:00:00Z,85,85.0899,84.06,84.56,259883,4525,84.5334
2019-05-30T04:00:00Z,84.51,85.72,84.51,85.56,293946,4683,85.2913
2019-05-31T04:00:00Z,86.33,88.48,86.33,87.99,547237,7483,87.8686
2019-06-03T04:00:00Z,88.88,90.29,88.84,90,466365,7549,89.7849
2019-06-04T04:00:00Z,89.43,90.46,88.25,90.42,470527,7010,89.7706
2019-06-05T04:00:00Z,91.36,93.49,91.36,92.26,569948,8056,92.2461
2019-06-06T04:00:00Z,92.35,93.82,91.4447,93.57,543079,7408,93.0616
2019-06-07T04:00:00Z,94,94.77,93.2588,94.3,526526,7324,94.1836
2019-06-10T04:00:00Z,93.01,93.35,91.1,92.3,470617,6742,92.0826
2019-06-11T04:00:00Z,92.08,93.225,91.96,92.4,296081,5703,92.5155
2019-06-12T04:00:00Z,93.15,94.09,92.84,93.65,447864,6621,93.6385
2019-06-13T04:00:00Z,93.62,94.72,93.5,94.57,319136,5017,94.4378
2019-06-14T04:00:00Z,95.08,96.19,94.2186,95.1,365453,6424,95.2736
2019-06-17T04:00:00Z,94.97,95.85,94.335,95.3,418541,5838,95.2737
2019-06-18T04:00:00Z,96.39,96.84,95.29,96.57,324348,6266,96.3669
2019-06-19T04:00:00Z,95.26,98.12,95.01,98.06,475773,7095,97.2617
2019-06-20T04:00:00Z,100.26,101.29,99.47,99.77,624036,10450,100.278
2019-06-21T04:00:00Z,99.98,100.61,98.5,99.11,1091733,7559,99.2666
2019-06-24T04:00:00Z,99.51,101.12,99.18,101.03,496639,7716,100.524
2019-06-25T04:00:00Z,101.36,102.62,99.64,101.26,639157,9036,101.231
2019-06-26T04:00:00Z,100,102.62,99.62,102.39,506296,7242,101.925
2019-06-27T04:00:00Z,101.84,102.32,101.33,101.96,316679,5103,101.928
2019-06-28T04:00:00Z,101.14,102.51,100.04,102.49,871021,6272,102.102
2019-07-01T04:00:00Z,100.84,102.09,100.1,101.28,479641,7105,101.274
2019-07-02T04:00:00Z,101.8,103.8,101.29,103.55,563265,7112,103.197
2019-07-03T04:00:00Z,103.64,104.67,103.305,104.59,369001,5098,104.136
2019-07-05T04:00:00Z,102.32,104.85,101.1,104.68,403634,6622,103.578
2019-07-08T04:00:00Z,104.51,105.625,104.18,104.93,400876,5386,104.886
2019-07-09T04:00:00Z,104.71,107.05,104.5,106.83,690660,7990,106.301
2019-07-10T04:00:00Z,107.1,108.48,107.075,108.12,474695,7673,107.924
2019-07-11T04:00:00Z,108.39,109.24,107.45,108.37,485023,6710,108.409
2019-07-12T04:00:00Z,108.86,110.279,108.81,109.97,486926,7485,109.721
2019-07-15T04:00:00Z,110.17,111.16,109.97,110.81,362633,6299,110.746
2019-07-16T04:00:00Z,109.94,110.62,108.49,109.56,524591,8407,109.753
2019-07-17T04:00:00Z,109.75,113.58,109.75,113.42,505038,8482,112.515
2019-07-18T04:00:00Z,113.25,117.8,112.89,117.5,881760,12593,116.084
2019-07-19T04:00:00Z,117.23,118.5,116.13,117.79,727363,10513,117.408
2019-07-22T04:00:00Z,117.44,118.91,117.1,118.65,466441,7375,118.321
2019-07-23T04:00:00Z,118.62,120.35,117.28,118.16,533733,8290,118.67
2019-07-24T04:00:00Z,118.26,118.59,116.847,118.56,514160,7197,117.93
2019-07-25T04:00:00Z,118.37,118.87,116.82,117.21,496033,7232,117.33
2019-07-26T04:00:00Z,117.91,118.42,117,117.86,353459,5334,117.87
2019-07-29T04:00:00Z,118.18,119.25,117.274,119.19,424645,5427,118.543
2019-07-30T04:00:00Z,119.49,121.06,119.22,119.46,392037,7001,119.772
2019-07-31T04:00:00Z,118.89,119.2,114.13,114.45,914275,13038,116.091
2019-08-01T04:00:00Z,112.66,119.2,111.29,118.65,731109,9634,116.987
2019-08-02T04:00:00Z,117.75,118.87,116.07,116.47,658784,8494,116.862
2019-08-05T04:00:00Z,120.72,121.4,118.695,119.06,700036,9042,119.856
2019-08-06T04:00:00Z,118.87,120.6,118.165,119.6,549237,7925,119.707
2019-08-07T04:00:00Z,122.25,125.206,121.68,121.72,1060011,13312,123.023
2019-08-08T04:00:00Z,121.98,127.54,121.02,126.61,1025225,13245,125.512
2019-08-09T04:00:00Z,126.32,129.86,125.795,129.03,788168,10569,128.765
2019-08-12T04:00:00Z,129.4,131.283,128.083,128.13,717534,10573,129.482
2019-08-13T04:00:00Z,129.02,130.98,122.52,124.6,1169354,16954,124.767
2019-08-14T04:00:00Z,125.93,126.675,123.25,123.46,809258,11224,124.186
2019-08-15T04:00:00Z,123.51,125.775,122.2,125.03,599893,9861,124.662
2019-08-16T04:00:00Z,123.59,125.185,122.88,124.64,780884,10336,124.489
2019-08-19T04:00:00Z,123.11,126.9,121.515,125.52,836198,10789,125.217
2019-08-20T04:00:00Z,126.43,128.13,125.975,127.52,347504,6395,127.209
2019-08-21T04:00:00Z,126.76,129.26,126,127.88,597736,9432,128.032
2019-08-22T04:00:00Z,127.77,128.76,126.3,126.71,415318,6321,126.904
2019-08-23T04:00:00Z,127.44,130.38,126.92,129.35,677590,8742,129.231
2019-08-26T04:00:00Z,130.43,131.96,128.67,131.67,669577,9209,131.151
2019-08-27T04:00:00Z,132.27,135.66,131.25,134.97,622050,9971,134.197
2019-08-28T04:00:00Z,135,136.88,134.09,136.01,542438,8464,135.828
2019-08-29T04:00:00Z,136.3,136.66,131.54,132.64,631918,9374,133.186
2019-08-30T04:00:00Z,132.37,134.585,131.57,133.38,351211,5911,133.42
2019-09-03T04:00:00Z,134.78,138.21,134.361,136.51,688464,10670,136.636
2019-09-04T04:00:00Z,136.18,138.78,135.51,138.65,557086,8865,137.971
2019-09-05T04:00:00Z,136.67,137.99,133.23,135.05,890046,12534,134.835
2019-09-06T04:00:00Z,134.88,135.3,129.88,129.98,1000136,14863,131.769
2019-09-09T04:00:00Z,130.2,130.35,124.02,124.87,894502,15030,125.872
2019-09-10T04:00:00Z,123.48,126.44,122.1,124.26,671532,11092,124.752
2019-09-11T04:00:00Z,124.43,126.35,122.43,124.24,659908,10093,124.24
2019-09-12T04:00:00Z,127.64,129.59,123.02,123.13,702222,11663,125.324
2019-09-13T04:00:00Z,122.75,124.94,120.704,121.12,692043,11089,122.102
2019-09-16T04:00:00Z,122.76,124.46,121.29,121.65,697148,11234,122.26
2019-09-17T04:00:00Z,122.48,126.32,122.42,125.62,730724,9597,125.212
2019-09-18T04:00:00Z,125.62,126.347,121.905,124.06,707570,10094,124.165
2019-09-19T04:00:00Z,124.33,125.99,124.05,124.81,449873,7339,124.787
2019-09-20T04:00:00Z,124.79,127.6,124.55,127.47,1603886,10495,126.963
2019-09-23T04:00:00Z,128.2,130.565,128.02,129.93,659144,9890,129.716
2019-09-24T04:00:00Z,129.29,131.53,128.337,130.69,634365,9729,130.542
2019-09-25T04:00:00Z,130.56,130.84,126.89,128.18,570120,8143,128.527
2019-09-26T04:00:00Z,128.64,129.96,127.3,127.36,511743,6922,127.975
2019-09-27T04:00:00Z,125.99,126.77,124.1,125.59,590829,8932,125.392
2019-09-30T04:00:00Z,123.72,125.13,122.36,123.21,532714,9000,123.366
2019-10-01T04:00:00Z,122.73,125.35,121.13,123.96,588880,9025,123.837
2019-10-02T04:00:00Z,125.24,126.97,123.67,126.41,555559,10115,125.789
2019-10-03T04:00:00Z,126.32,128.97,125.145,125.26,521363,9842,126.42
2019-10-04T04:00:00Z,125.17,129.31,124.66,128.86,510883,9217,128.143
2019-10-07T04:00:00Z,128.14,129.268,126.7,127.41,449292,7307,127.616
2019-10-08T04:00:00Z,129.78,130.17,127.59,130.02,438274,7819,129.429
2019-10-09T04:00:00Z,129.38,130.529,128.56,129.88,439179,8271,129.816
2019-10-10T04:00:00Z,129.9,131.52,128.51,131,419773,7281,130.57
2019-10-11T04:00:00Z,129.94,130.26,123.16,123.8,791790,11610,124.73
2019-10-14T04:00:00Z,124.05,127.41,124.011,125,409076,6081,125.582
2019-10-15T04:00:00Z,123.22,123.234,115.74,116.4,1417477,18750,117.995
2019-10-16T04:00:00Z,116.55,118.325,114.5,118.15,932729,9850,117.429
2019-10-17T04:00:00Z,117.9,121.8,117.42,120.44,632745,8794,120.381
2019-10-18T04:00:00Z,120.1,122.25,120,121.86,593276,6074,121.499
2019-10-21T04:00:00Z,121.96,122.233,118.31,118.68,500030,8974,119.416
2019-10-22T04:00:00Z,119.22,120.48,117.17,118.72,416968,7561,118.622
2019-10-23T04:00:00Z,118.76,120.62,118.16,118.44,432267,6973,118.906
2019-10-24T04:00:00Z,118.53,122.5,118.42,121.2,658479,9441,120.716
2019-10-25T04:00:00Z,123.01,124.35,118.8,120.48,594393,9542,120.675
2019-10-28T04:00:00Z,119.25,120.93,118.6,119.58,477938,6689,119.889
2019-10-29T04:00:00Z,118.48,121.632,118.27,120.89,434509,6464,120.595
2019-10-30T04:00:00Z,120,120,112.83,114.1,1450905,18384,114.563
2019-10-31T04:00:00Z,114.31,115.78,113.38,115.44,1135046,17228,114.503
2019-11-01T04:00:00Z,115.32,115.32,112,114.02,608074,9490,113.48
2019-11-04T05:00:00Z,113.73,113.79,110.2,111.11,756441,12268,111.475
2019-11-05T05:00:00Z,109.62,110.98,108.23,110.74,803195,11380,110.142
2019-11-06T05:00:00Z,110.81,111.61,109.15,109.48,881227,12778,110.189
2019-11-07T05:00:00Z,109.3,114.665,107,113.75,1488106,16361,112.298
2019-11-08T05:00:00Z,113.49,114.86,111.96,113.56,958067,12187,113.294
2019-11-11T05:00:00Z,113.17,114.16,112.13,112.27,560480,8912,112.791
2019-11-12T05:00:00Z,112.15,113.25,110.92,112.71,587708,8972,112.383
2019-11-13T05:00:00Z,112.88,115.125,112.84,113.66,507185,9157,113.907
2019-11-14T05:00:00Z,113.62,114.58,113.07,113.89,812352,7934,113.908
2019-11-15T05:00:00Z,113.94,115.71,113.65,115.18,597390,8186,115.06
2019-11-18T05:00:00Z,115.15,116.75,114.733,116.53,515396,9363,116.353
2019-11-19T05:00:00Z,116.2,118.96,116.2,117.79,581319,7190,117.867
2019-11-20T05:00:00Z,118.75,120.663,118.41,119.54,588594,8640,119.562
2019-11-21T05:00:00Z,119.2,120.3,117.01,117.44,450744,6037,117.925
2019-11-22T05:00:00Z,117.63,118.76,116.4,117.05,278068,6512,117.158
2019-11-25T05:00:00Z,116.48,117.725,115.3,115.34,374460,6301,115.973
2019-11-26T05:00:00Z,116.05,117.55,115.28,117.29,434937,6662,117.064
2019-11-27T05:00:00Z,116.6,117.58,116.14,117.14,328865,5801,116.971
2019-11-29T05:00:00Z,117.29,118.31,116.5,117.27,200487,3470,117.491
2019-12-02T05:00:00Z,117,117.6,115.95,117.28,518069,7939,117.035
2019-12-03T05:00:00Z,118.87,120.59,117.36,118.22,497331,9630,118.534
2019-12-04T05:00:00Z,117.67,119.07,116.87,117.23,373858,6610,117.424
2019-12-05T05:00:00Z,117.09,119.425,116.72,117.96,478600,9122,118.232
2019-12-06T05:00:00Z,116.89,117,113.57,113.65,636936,10580,114.728
2019-12-09T05:00:00Z,114.66,114.75,113.13,113.8,387174,6934,113.925
2019-12-10T05:00:00Z,114.45,114.89,113.42,113.57,322544,6034,113.748
2019-12-11T05:00:00Z,113.63,116.388,113.4,115.98,460977,7338,115.411
2019-12-12T05:00:00Z,116.56,117.27,113.92,114.31,416222,8278,114.703
2019-12-13T05:00:00Z,113.92,116.12,113.91,115.82,298327,5530,115.572
2019-12-16T05:00:00Z,116.22,116.22,114.21,114.66,620649,6529,114.708
2019-12-17T05:00:00Z,115.76,115.76,114.26,114.35,442462,7991,114.684
2019-12-18T05:00:00Z,114.12,116.78,114.014,115.77,667857,7821,115.757
2019-12-19T05:00:00Z,115.7,116.13,114.52,115.32,298522,5254,115.457
2019-12-20T05:00:00Z,115.47,115.69,113.84,114.65,1547581,8291,114.736
2019-12-23T05:00:00Z,115.13,118.42,115,117.94,498639,7032,117.472
2019-12-24T05:00:00Z,118.59,120.76,117.92,120.55,280551,5247,119.986
2019-12-26T05:00:00Z,121.51,122.67,120.56,121.54,342696,6697,121.555
2019-12-27T05:00:00Z,121.5,122.32,120.2,121.41,310543,6091,121.569
2019-12-30T05:00:00Z,121.32,123.67,121.07,123.1,389885,7611,122.744
2019-12-31T05:00:00Z,123.28,124.87,122.09,122.25,580632,8159,122.56
2020-01-02T05:00:00Z,122.64,123.34,119.85,121.12,468760,8942,121.164
2020-01-03T05:00:00Z,122.87,122.87,119.72,120.13,452158,7679,120.747
2020-01-06T05:00:00Z,122.06,122.5,117.39,118.81,1182207,11723,118.899
2020-01-07T05:00:00Z,118.81,121.15,118.45,120.18,899523,10439,120.103
2020-01-08T05:00:00Z,120.27,120.88,110.4,111.6,1316229,21856,113.025
2020-01-09T05:00:00Z,111.37,113.46,110.685,112.19,1007019,11713,112.347
2020-01-10T05:00:00Z,112.7,114.56,112.7,113.79,522627,10234,113.887
2020-01-13T05:00:00Z,113.52,113.795,111,111.18,725730,9041,111.579
2020-01-14T05:00:00Z,110.97,112.53,109.21,112.37,1251394,14648,111.728
2020-01-15T05:00:00Z,112.6,115.5,112.25,114.6,600661,10656,114.215
2020-01-16T05:00:00Z,114.51,115.67,113.37,114.97,687710,9955,114.875
2020-01-17T05:00:00Z,115.66,115.84,112.75,112.77,493441,8401,113.542
2020-01-21T05:00:00Z,110.97,114.31,109.64,114.09,889774,14789,112.435
2020-01-22T05:00:00Z,113.85,114.02,112.17,112.88,596617,8340,112.972
2020-01-23T05:00:00Z,112.12,113.91,111.9,112.64,782990,6539,112.7
2020-01-24T05:00:00Z,112.64,115.65,112.178,114.86,428100,7262,114.716
2020-01-27T05:00:00Z,116.24,117.49,113.74,114.18,520898,10011,114.816
2020-01-28T05:00:00Z,113.34,113.875,110.36,111.72,481692,9917,111.714
2020-01-29T05:00:00Z,111.18,113.93,111.18,113.64,442117,7371,113.285
2020-01-30T05:00:00Z,114,115.19,113.02,113.91,380565,7344,114.219
2020-01-31T05:00:00Z,114.01,115.914,114,115.32,596701,9250,115.253
2020-02-03T05:00:00Z,114.7,114.84,111.835,112.39,692031,10909,112.481
2020-02-04T05:00:00Z,111.57,112.66,110.57,111.14,684845,8289,111.357
2020-02-05T05:00:00Z,110.8,113.69,110.71,112.09,605722,9553,112.286
2020-02-06T05:00:00Z,110.5,113,105,108.76,1200025,12210,108.827
2020-02-07T05:00:00Z,108.92,109.22,105.52,105.66,500355,8525,106.389
2020-02-10T05:00:00Z,105.54,107.19,105.11,106.85,662524,5983,106.646
2020-02-11T05:00:00Z,106.49,107.735,105.72,106.64,560403,7317,106.583
2020-02-12T05:00:00Z,107.56,107.61,104.76,105.34,516823,8806,105.575
2020-02-13T05:00:00Z,106.28,106.45,104.12,104.22,712386,11605,104.896
2020-02-14T05:00:00Z,103.69,103.69,101.39,102.92,761465,12268,102.722
2020-02-18T05:00:00Z,103,105.61,102.93,104.61,595187,8563,104.453
2020-02-19T05:00:00Z,105.2,107.39,104.61,105.76,946054,10525,106.031
2020-02-20T05:00:00Z,105.74,107.95,105.581,107.37,569052,9859,106.918
2020-02-21T05:00:00Z,108.94,110.299,108,109.09,768614,10190,109.055
2020-02-24T05:00:00Z,113.58,113.7,109.2,110.18,832811,13954,111.331
2020-02-25T05:00:00Z,107.96,110.56,107.33,107.34,779066,12540,108.562
2020-02-26T05:00:00Z,106.82,108.43,106.3,107.2,879448,9564,107.389
2020-02-27T05:00:00Z,108,108.34,101.68,101.73,1411829,17009,103.642
2020-02-28T05:00:00Z,97.6,99.37,91.76,96.47,1753660,21772,96.2644
2020-03-02T05:00:00Z,97.28,100.68,96.5708,100.05,1005486,11324,99.499
2020-03-03T05:00:00Z,101.51,106.22,100.47,103.11,805510,11828,103.303
2020-03-04T05:00:00Z,104.45,105,101.74,104.12,572417,8649,103.701
2020-03-05T05:00:00Z,105.07,107.02,104.7,106.59,704760,12266,106.051
2020-03-06T05:00:00Z,107,107.32,100.89,104.64,915381,12650,103.944
2020-03-09T04:00:00Z,101.07,103.8,98.47,98.84,732764,13628,100.472
2020-03-10T04:00:00Z,99.42,101.849,95.56,97.36,1130547,17595,97.6285
2020-03-11T04:00:00Z,95.39,96.725,86.96,88.02,1696288,24715,90.2541
2020-03-12T04:00:00Z,75.6,84.64,72.82,80.89,1815671,26278,80.1625
2020-03-13T04:00:00Z,83.3,83.57,71.09,71.77,1343568,17498,75.9773
2020-03-16T04:00:00Z,62.1,84.62,59.78,81.43,1574670,20952,75.5029
2020-03-17T04:00:00Z,79.7,90.3,79.23,88.63,1445813,22493,85.7766
2020-03-18T04:00:00Z,85.52,88.825,68.18,69.64,1264764,15663,74.5175
2020-03-19T04:00:00Z,70.29,84.45,65.46,74.41,1465133,17925,73.0013
2020-03-20T04:00:00Z,75.82,77.665,71.12,72.03,1470882,13980,72.8937
2020-03-23T04:00:00Z,74.94,81.45,72.5,76.97,790165,12024,77.5267
2020-03-24T04:00:00Z,87.25,97.96,82.87,95.35,1333479,21815,90.8884
2020-03-25T04:00:00Z,96.48,98,89.1301,93.12,1123202,16771,93.5278
2020-03-26T04:00:00Z,93.02,95.39,87.48,92.48,1059034,14735,91.6037
2020-03-27T04:00:00Z,90.14,93.695,88.19,90.56,824161,11772,90.6959
2020-03-30T04:00:00Z,91.07,96.86,88.29,91.68,886106,14163,91.7211
2020-03-31T04:00:00Z,89.96,91,86.65,87.71,1024094,11454,88.3688
2020-04-01T04:00:00Z,87.1,92.51,86.27,91.33,884800,12338,90.4291
2020-04-02T04:00:00Z,92.13,94.56,90.1,92.78,740997,11371,92.338
2020-04-03T04:00:00Z,92.85,97.59,92.62,93.5,729724,10115,94.7164
2020-04-06T04:00:00Z,95.23,96.96,93.05,94.8,707161,10669,95.3452
2020-04-07T04:00:00Z,94.75,97.62,91.1,93.91,644112,10079,94.6957
2020-04-08T04:00:00Z,94.83,95.985,92.93,94.89,591049,8218,94.9018
2020-04-09T04:00:00Z,96.41,105.38,96.41,105.04,990129,14543,102.55
2020-04-13T04:00:00Z,105,106.42,100.02,105.02,765706,11406,104.074
2020-04-14T04:00:00Z,106.54,109.16,103.07,105.21,1040790,14114,105.583
2020-04-15T04:00:00Z,102.87,105.99,100.65,104.81,944093,11708,104.255
2020-04-16T04:00:00Z,106.17,111.88,105.26,111.73,754254,11550,110.019
2020-04-17T04:00:00Z,108.44,110.83,106.96,107.81,1642759,12124,107.944
2020-04-20T04:00:00Z,109.65,112.69,108.175,111.6,954171,11029,111.158
2020-04-21T04:00:00Z,108.9,112.99,107.42,109.21,773786,12086,109.497
2020-04-22T04:00:00Z,113.35,117.44,111.81,116.66,787196,11658,115.711
2020-04-23T04:00:00Z,120.54,126.695,119.825,122.97,1154024,15465,123.158
2020-04-24T04:00:00Z,124.59,127,122.63,125.43,1137066,13862,125.137
2020-04-27T04:00:00Z,125.99,127.89,123.111,126.34,837807,11873,126.165
2020-04-28T04:00:00Z,124.91,127.34,123.205,125.93,681896,13041,125.532
2020-04-29T04:00:00Z,126.08,131.09,124.17,130.4,1022160,12585,128.536
2020-04-30T04:00:00Z,128.4,130,122.38,122.38,893095,12527,124.598
2020-05-01T04:00:00Z,120.03,126.03,118.501,125.86,906999,12622,124.197
2020-05-04T04:00:00Z,128.66,129.93,124.87,125.21,788117,13167,127.123
2020-05-05T04:00:00Z,125.3,129.75,123.6,128.44,507856,10760,127.347
2020-05-06T04:00:00Z,126.52,129.13,125.33,126.62,615604,10015,126.729
2020-05-07T04:00:00Z,128.73,137.895,128.01,135.97,1178620,15792,135.204
2020-05-08T04:00:00Z,136.19,138.54,135.24,136.43,770782,13854,136.632
2020-05-11T04:00:00Z,136.25,137.39,130.51,132.84,724582,10641,132.722
2020-05-12T04:00:00Z,133.19,135.9,128.81,128.81,833951,11464,130.831
2020-05-13T04:00:00Z,130.7,131.52,125.35,128.19,678001,12338,128.192
2020-05-14T04:00:00Z,127.71,132.32,127.691,129.18,606720,11437,129.509
2020-05-15T04:00:00Z,132.91,134.43,130.85,134,1328826,14673,133.464
2020-05-18T04:00:00Z,135.587,136.76,132,134.28,738929,9086,134.294
2020-05-19T04:00:00Z,136.29,139.16,136,137.08,535382,10652,137.588
2020-05-20T04:00:00Z,138.02,139.63,135.88,135.99,578553,12750,137.319
2020-05-21T04:00:00Z,134.67,136.94,130.479,136.73,805895,9904,135.725
2020-05-22T04:00:00Z,136.29,138.69,134.906,136.96,688804,8382,136.707
2020-05-26T04:00:00Z,135.99,136.49,131.73,132.46,486914,9598,133.264
2020-05-27T04:00:00Z,128.85,133.51,126,132.61,837467,13775,131.71
2020-05-28T04:00:00Z,133.98,135.19,130.345,131.66,560812,9756,132.152
2020-05-29T04:00:00Z,136.72,136.72,132.73,133.2,1135480,10705,133.743
2020-06-01T04:00:00Z,133.85,135.32,132.12,135.11,403147,8305,134.502
2020-06-02T04:00:00Z,134.95,135,130.145,130.47,476744,9953,131.402
2020-06-03T04:00:00Z,127.32,128.18,124.39,125.86,770289,11909,125.962
2020-06-04T04:00:00Z,126.52,128.98,125.35,126.19,632502,11501,126.847
2020-06-05T04:00:00Z,122.2,124.04,119.74,122.52,514836,11001,121.714
2020-06-08T04:00:00Z,124.91,124.99,120.55,122.23,517935,7801,122.321
2020-06-09T04:00:00Z,124.11,124.349,122,122.25,576287,10639,122.559
2020-06-10T04:00:00Z,124.29,128.69,120.63,128.31,727808,11888,126.387
2020-06-11T04:00:00Z,127.43,129.88,120.81,122.19,636125,12556,124.565
2020-06-12T04:00:00Z,124.17,125.98,119.74,120.35,475259,8520,121.253
2020-06-15T04:00:00Z,116.87,121.36,113.35,121.01,686971,11878,118.581
2020-06-16T04:00:00Z,121.17,121.88,116.83,117.24,457643,8070,118.372
2020-06-17T04:00:00Z,117.22,118.5,114.58,115.57,540925,10879,116.01
2020-06-18T04:00:00Z,114.46,116.06,112.13,112.34,626976,9068,113.011
2020-06-19T04:00:00Z,113.81,116.8,113.425,115.01,1053076,9778,114.959
2020-06-22T04:00:00Z,117.27,119.95,116.581,118.25,550766,10089,118.077
2020-06-23T04:00:00Z,120,121.12,119.2,119.58,664530,9600,119.904
2020-06-24T04:00:00Z,119.33,120.79,116.23,118.37,581179,9472,118.471
2020-06-25T04:00:00Z,118.55,119.19,116.68,119.13,361389,6633,118.45
2020-06-26T04:00:00Z,118.37,119.35,116.33,117.5,1401149,8563,117.6
2020-06-29T04:00:00Z,118.28,120.46,117.02,120.45,345788,8114,119.51
2020-06-30T04:00:00Z,120.18,124.84,119.44,124.32,614783,11184,123.53
2020-07-01T04:00:00Z,123.72,123.8,119.67,123.41,427108,7769,122.165
2020-07-02T04:00:00Z,122.27,124.33,120.84,121.05,367636,6669,122.047
2020-07-06T04:00:00Z,123.91,124.59,121.21,122.54,386282,7201,122.538
2020-07-07T04:00:00Z,121.43,125.17,121.43,124.87,1016522,8640,124.44
2020-07-08T04:00:00Z,126.91,127.99,124.09,126.75,593767,9881,126.31
2020-07-09T04:00:00Z,127.39,128.26,123.27,126.3,495416,7364,125.922
2020-07-10T04:00:00Z,126.94,128.285,125.72,127.63,582965,10600,127.278
2020-07-13T04:00:00Z,128.51,129.45,120.81,121.14,592673,10848,123.823
2020-07-14T04:00:00Z,120.89,125.91,120.54,125.9,459463,9002,124.353
2020-07-15T04:00:00Z,126.09,127.2,123.31,126.95,416689,7953,125.89
2020-07-16T04:00:00Z,126.94,127.17,124.09,124.94,319280,7048,125.198
2020-07-17T04:00:00Z,126.5,130.29,125.803,129.94,508646,9239,129.084
2020-07-20T04:00:00Z,130.04,134.71,130.04,132.83,425143,8453,132.591
2020-07-21T04:00:00Z,135,136.81,131.84,132.48,527523,9644,133.261
2020-07-22T04:00:00Z,134.02,134.69,131.805,134.66,384223,6538,133.912
2020-07-23T04:00:00Z,134.66,135.8,130.13,134.2,640530,11949,133.643
2020-07-24T04:00:00Z,135.33,138.67,134.99,136.25,483675,6805,136.539
2020-07-27T04:00:00Z,140.98,144.75,139.11,140.71,488480,10330,141.363
2020-07-28T04:00:00Z,138.68,141.37,137.1,140.19,466231,9358,140.07
2020-07-29T04:00:00Z,141.24,141.89,138.12,139.95,408909,8974,139.913
2020-07-30T04:00:00Z,136.43,138.4,135.21,136.54,383506,8117,136.736
2020-07-31T04:00:00Z,138.36,140.34,137.43,139.93,509727,8176,139.527
2020-08-03T04:00:00Z,140.13,141.14,137.14,140.41,437850,7635,139.863
2020-08-04T04:00:00Z,140.05,143.95,139.01,143.49,591741,10243,142.75
2020-08-05T04:00:00Z,145.98,147.64,143.25,145.33,605308,10855,145.697
2020-08-06T04:00:00Z,146.37,146.99,140.77,142.8,465606,9301,142.888
2020-08-07T04:00:00Z,140.05,140.61,137.37,139.19,536592,10784,139.068
2020-08-10T04:00:00Z,141.24,142.5,137.06,137.52,347437,8063,139.002
2020-08-11T04:00:00Z,132.47,134.335,129.37,130.18,714757,12913,130.994
2020-08-12T04:00:00Z,132.94,133.65,129.24,129.77,531657,10993,130.631
2020-08-13T04:00:00Z,131.29,134.42,130.99,132.92,385677,8975,132.732
2020-08-14T04:00:00Z,132.56,132.89,129.7,131.35,354346,7720,131.024
2020-08-17T04:00:00Z,135.3,137.89,135.26,137.45,410869,7570,137.078
2020-08-18T04:00:00Z,139.58,140.2,136.37,139.84,684180,12473,139.059
2020-08-19T04:00:00Z,139.38,140.6,137.06,137.43,544944,9809,138.4
2020-08-20T04:00:00Z,136.76,140.13,135.7,139.34,370891,7767,138.917
2020-08-21T04:00:00Z,137.32,137.88,135.84,137.81,419043,7784,137.293
2020-08-24T04:00:00Z,139.67,140.3,136.07,136.19,406076,8057,137.268
2020-08-25T04:00:00Z,135.5,136.15,133.37,135.27,441113,10338,134.902
2020-08-26T04:00:00Z,133.43,136.945,133.43,136.79,391813,8355,136.177
2020-08-27T04:00:00Z,138.28,138.53,133.75,134.92,342396,7418,135.431
2020-08-28T04:00:00Z,137.68,137.68,135,135.44,374220,7807,135.838
2020-08-31T04:00:00Z,135.48,138.12,135.133,136.32,337418,6552,136.509
2020-09-01T04:00:00Z,138.23,138.23,131.8,133.17,387850,9130,133.678
2020-09-02T04:00:00Z,132,134.79,130.03,134,435515,6785,133.591
2020-09-03T04:00:00Z,133.5,135.44,131.735,133.98,376404,7245,133.826
2020-09-04T04:00:00Z,133.54,134.78,128.29,130.56,1048616,9898,130.573
2020-09-08T04:00:00Z,128.59,131.44,124.77,128.57,464633,10602,128.401
2020-09-09T04:00:00Z,129.74,133.335,129.74,132.74,443773,6729,132.42
2020-09-10T04:00:00Z,133.55,134.5,130.74,130.76,358078,8061,131.753
2020-09-11T04:00:00Z,131.69,133.43,130.05,130.45,319111,6412,130.829
2020-09-14T04:00:00Z,131.52,131.77,127.82,130.96,634187,11965,130.075
2020-09-15T04:00:00Z,132.18,132.66,129.06,130.23,360780,9291,130.657
2020-09-16T04:00:00Z,131.88,132.19,129.57,130.61,426957,9521,130.716
2020-09-17T04:00:00Z,127.59,128.91,126.5,128.09,380469,7821,127.937
2020-09-18T04:00:00Z,128.52,129.59,123.03,123.47,1475986,9523,124.109
2020-09-21T04:00:00Z,119.55,123.06,119.26,122.64,611609,9985,122.105
2020-09-22T04:00:00Z,123.33,124.67,121.75,123.21,410910,8746,123.14
2020-09-23T04:00:00Z,121.8,122.17,115.72,115.91,505230,10570,117.391
2020-09-24T04:00:00Z,115.06,120.81,114.99,119.53,467437,9990,118.966
2020-09-25T04:00:00Z,117.95,118.98,116.97,118.08,363258,7288,117.993
2020-09-28T04:00:00Z,119.75,120.52,118.01,119.2,315277,5673,119.187
2020-09-29T04:00:00Z,119.74,122.81,119.71,119.98,299688,6423,120.543
2020-09-30T04:00:00Z,119.71,120.75,118.29,120.17,439154,8820,119.999
2020-10-01T04:00:00Z,120.57,122.12,119.12,120.42,386510,7151,120.659
2020-10-02T04:00:00Z,119.75,120.63,118.45,119.4,375574,7582,119.85
2020-10-05T04:00:00Z,119.79,122.28,119.11,120.4,931512,6587,120.391
2020-10-06T04:00:00Z,121.86,122.1,117.29,117.3,389228,7366,118.501
2020-10-07T04:00:00Z,118.57,119.18,116.78,117.33,419778,7489,117.731
2020-10-08T04:00:00Z,118.58,119.74,117.685,118.75,429825,5532,118.759
2020-10-09T04:00:00Z,121.11,121.98,119.12,121.49,520069,5795,121.223
2020-10-12T04:00:00Z,121.43,124.15,121,123.3,344458,5983,123.145
2020-10-13T04:00:00Z,122.05,124.18,121,123.91,324766,7018,123.047
2020-10-14T04:00:00Z,125.27,126.4,124.367,124.76,267203,6390,125.117
2020-10-15T04:00:00Z,122.64,125.63,122.271,123.84,241323,6108,124.17
2020-10-16T04:00:00Z,123.9,124.35,122.2,122.47,264767,5751,122.959
2020-10-19T04:00:00Z,123.24,123.876,119.16,119.6,272123,6455,121.179
2020-10-20T04:00:00Z,122.15,122.15,119.01,121.2,292278,5815,120.9
2020-10-21T04:00:00Z,122.01,123.98,121.09,121.6,288853,5643,121.942
2020-10-22T04:00:00Z,120.39,122.09,119.57,121.78,358202,5944,121.35
2020-10-23T04:00:00Z,121.19,122.55,120.375,121.99,293688,4839,121.722
2020-10-26T04:00:00Z,121.07,122.49,119.729,120.19,201120,5882,120.695
2020-10-27T04:00:00Z,120.1,121.81,119.15,121.33,208517,5608,121.049
2020-10-28T04:00:00Z,119,119,114.72,116.62,565610,9884,116.421
2020-10-29T04:00:00Z,114.87,118.812,114.87,118.36,344960,6537,117.976
2020-10-30T04:00:00Z,119.23,120.977,116.835,118.81,402807,6798,118.682
2020-11-02T05:00:00Z,120.41,122.63,119.29,121.46,399598,8220,121.253
2020-11-03T05:00:00Z,122.93,123.13,121.285,121.69,251807,5215,122.109
2020-11-04T05:00:00Z,122.33,123.7,120.15,121.87,422125,6317,121.863
2020-11-05T05:00:00Z,123.58,126.64,122.72,122.93,786342,12787,124.098
2020-11-06T05:00:00Z,125.04,126.46,123.925,126.17,376557,7184,125.454
2020-11-09T05:00:00Z,120.99,124.32,118.4,120.4,582788,10956,120.728
2020-11-10T05:00:00Z,121.36,122.37,116.98,117.36,576835,10070,117.993
2020-11-11T05:00:00Z,115.87,117.96,115.52,116.75,456702,9312,116.706
2020-11-12T05:00:00Z,117.03,119.1,116.38,116.99,417736,7296,117.363
2020-11-13T05:00:00Z,118,119.575,117.78,118.69,255899,4469,118.636
2020-11-16T05:00:00Z,118.29,119.35,117.485,118.5,294517,5214,118.444
2020-11-17T05:00:00Z,117.61,119.29,115.62,115.84,342626,6939,116.497
2020-11-18T05:00:00Z,116.25,116.34,111.945,111.98,475341,8884,112.905
2020-11-19T05:00:00Z,110.12,111.24,108,109.83,490801,8909,109.901
2020-11-20T05:00:00Z,111.62,111.91,109.45,109.97,728930,10137,110.16
2020-11-23T05:00:00Z,109.79,111.055,107.278,109.6,532285,9027,109.497
2020-11-24T05:00:00Z,106.18,110.12,106.18,107.5,671453,10460,107.522
2020-11-25T05:00:00Z,108.95,110.81,108.722,109.5,470428,7430,109.527
2020-11-27T05:00:00Z,107.59,110.14,107.5,109.97,289453,5532,109.362
2020-11-30T05:00:00Z,109.085,110.58,107.45,110.47,613587,9194,109.78
2020-12-01T05:00:00Z,112.56,112.87,109.6,112.39,446803,8988,111.966
2020-12-02T05:00:00Z,113,113.39,111.327,111.95,340365,5372,112.144
2020-12-03T05:00:00Z,111.74,112.35,109.42,110.76,325484,7052,110.825
2020-12-04T05:00:00Z,110.52,111.335,109.285,110.27,378042,6202,110.259
2020-12-07T05:00:00Z,110,113.3,109.98,112.67,553547,8672,112.277
2020-12-08T05:00:00Z,113,113.34,110.785,112.58,429901,7698,112.516
2020-12-09T05:00:00Z,112.49,112.5,109.58,111.07,324113,6663,110.907
2020-12-10T05:00:00Z,112.13,112.59,110.3,110.31,293326,5206,110.709
2020-12-11T05:00:00Z,110.31,111.74,109.12,109.26,216768,4757,109.872
2020-12-14T05:00:00Z,109.01,109.765,106.95,107.11,546597,8573,107.581
2020-12-15T05:00:00Z,108.58,110.15,108.47,108.9,493954,8134,109.084
2020-12-16T05:00:00Z,109.25,110.725,108.1,110.43,620043,10923,109.875
2020-12-17T05:00:00Z,112.34,115.66,112.34,115.36,564492,10563,114.681
2020-12-18T05:00:00Z,115.47,115.47,111.35,111.84,1782382,7876,112.196
2020-12-21T05:00:00Z,111.84,113.43,109.68,110.41,642425,8057,110.743
2020-12-22T05:00:00Z,110.14,111.74,108.98,109.145,419789,7591,109.859
2020-12-23T05:00:00Z,109.55,110.155,108.03,108.75,357607,6162,108.948
2020-12-24T05:00:00Z,108.48,109.046,107.25,108.65,144237,2721,108.344
2020-12-28T05:00:00Z,109.73,111.55,106.71,106.8,301044,6232,107.816
2020-12-29T05:00:00Z,107.19,108.246,106.5,107.55,405841,6746,107.323
2020-12-30T05:00:00Z,108.12,109.16,107.44,108.2,324995,6429,108.113
2020-12-31T05:00:00Z,108.16,108.33,105.73,106.36,396904,5366,106.496
2021-01-04T05:00:00Z,109.926,111.39,108.19,110.28,556076,10916,110.289
2021-01-05T05:00:00Z,110.99,111.14,108.49,110.64,512608,8601,110.322
2021-01-06T05:00:00Z,110.31,112.42,108.54,111.05,736453,8944,110.698
2021-01-07T05:00:00Z,109.13,109.84,108,109.42,480952,7969,109.086
2021-01-08T05:00:00Z,107.3,107.32,103.76,105.6,707228,10589,105.513
2021-01-11T05:00:00Z,105.63,107.07,104.641,106.08,393706,7005,106.162
2021-01-12T05:00:00Z,106.08,107.92,105.24,107.57,752907,8210,107.016
2021-01-13T05:00:00Z,107.52,108,105.36,105.58,476785,6766,106.178
2021-01-14T05:00:00Z,106.59,107.43,105.215,105.4,594261,7758,105.73
2021-01-15T05:00:00Z,105.02,105.15,102.94,104.15,643412,8635,104.142
2021-01-19T05:00:00Z,104.93,106.46,103.94,105.86,751643,10713,105.62
2021-01-20T05:00:00Z,107.1,108.67,106.22,107.91,520968,7579,107.74
2021-01-21T05:00:00Z,107.45,107.9,105.095,105.49,348488,6720,105.793
2021-01-22T05:00:00Z,104,106.28,103.43,104.94,227148,4815,105.01
2021-01-25T05:00:00Z,105.43,106.16,103.01,104.74,454306,7752,104.486
2021-01-26T05:00:00Z,104.75,105.63,104.01,104.22,249856,4742,104.74
2021-01-27T05:00:00Z,103.54,104,99.32,102.15,514404,8136,102.236
2021-01-28T05:00:00Z,103.86,106.9,103.125,104.3,641391,10472,104.558
2021-01-29T05:00:00Z,106.51,110.69,106.395,106.88,860399,13079,107.695
2021-02-01T05:00:00Z,109.27,110.96,106.18,107.53,380744,8816,107.844
2021-02-02T05:00:00Z,105.46,106.43,105.004,105.74,414352,8099,105.672
2021-02-03T05:00:00Z,105.89,106.28,104.57,105.72,340441,6940,105.506
2021-02-04T05:00:00Z,106.2,106.2,102.44,104.13,494161,8909,103.922
2021-02-05T05:00:00Z,104.79,106.175,103.72,105.69,372824,6670,105.279
2021-02-08T05:00:00Z,106.53,110.24,105.71,109.36,632625,9854,108.934
2021-02-09T05:00:00Z,109.94,110.25,107.91,109.07,401939,6543,108.994
2021-02-10T05:00:00Z,109.56,110.4,108.014,110.25,522833,8317,109.486
2021-02-11T05:00:00Z,110.17,111.45,109.215,110.49,714818,10879,110.446
2021-02-12T05:00:00Z,110.39,111.74,109.151,111.03,714044,10539,111.094
2021-02-16T05:00:00Z,110.67,111.15,108.24,108.53,649620,8752,109.778
2021-02-17T05:00:00Z,107.8,108,105.36,107.23,774621,10914,106.628
2021-02-18T05:00:00Z,107.18,108.79,106.32,108.22,497188,8508,108.011
2021-02-19T05:00:00Z,108.58,108.95,106.78,107.82,990366,8295,107.751
2021-02-22T05:00:00Z,109.06,111.27,108.61,110.32,770002,10450,110.323
2021-02-23T05:00:00Z,109.08,109.22,105.884,106.91,583400,11124,106.767
2021-02-24T05:00:00Z,105.975,108.6,105.73,107.59,550336,6503,107.6
2021-02-25T05:00:00Z,106.6,109.04,105.28,106.06,418696,8489,106.164
2021-02-26T05:00:00Z,105,105.48,102.83,103.71,840755,11527,103.901
2021-03-01T05:00:00Z,105.37,105.9,103.04,103.7,564425,8943,103.858
2021-03-02T05:00:00Z,103.98,106.96,103.42,106.3,519567,7579,105.757
2021-03-03T05:00:00Z,103.45,104.68,101.79,103.59,543708,8961,103.644
2021-03-04T05:00:00Z,103.95,106.54,102.23,103.79,548890,9725,104.182
2021-03-05T05:00:00Z,103.46,104.855,101.86,104.74,375381,8618,104.041
2021-03-08T05:00:00Z,104.38,104.97,102.62,104,372676,8625,104.007
2021-03-09T05:00:00Z,106.83,108.7,105.11,106.21,497115,11228,106.332
2021-03-10T05:00:00Z,106.69,107.92,104.6,107.43,401125,6926,107.256
2021-03-11T05:00:00Z,108,109.49,107.18,109.14,600141,8406,108.859
2021-03-12T05:00:00Z,107.58,109.79,107.13,109.53,380048,7648,109.233
2021-03-15T04:00:00Z,110,110.11,106.13,108.08,839083,12978,107.713
2021-03-16T04:00:00Z,108.1,108.14,105.97,106.05,617969,9281,106.467
2021-03-17T04:00:00Z,105.98,110.18,105.7,109.36,454507,8808,108.749
2021-03-18T04:00:00Z,108.07,108.1,105.25,105.76,464673,9596,106.079
2021-03-19T04:00:00Z,106.26,107,104.6,105.81,2409392,11780,105.813
2021-03-22T04:00:00Z,105.57,108.82,104.5,106.8,825162,9149,106.03
2021-03-23T04:00:00Z,106.06,106.06,103.92,104.71,544205,10141,104.664
2021-03-24T04:00:00Z,105.11,105.79,103.6,103.68,469180,7592,104.287
2021-03-25T04:00:00Z,103.44,104.1,102.55,103.36,423169,7834,103.275
2021-03-26T04:00:00Z,103.37,106.34,102.95,105.94,520269,7361,105.429
2021-03-29T04:00:00Z,105,107.9,104.06,107.79,582444,9858,107.036
2021-03-30T04:00:00Z,105.64,107.205,105.17,105.6,434845,8522,105.755
2021-03-31T04:00:00Z,105.98,108.24,105.61,107.62,744030,8700,107.522
2021-04-01T04:00:00Z,108,112.07,107.74,111.45,570056,9212,110.772
2021-04-05T04:00:00Z,111.44,112.665,110.1,110.71,462549,9228,111.057
2021-04-06T04:00:00Z,112.27,113.23,111.69,111.97,514353,8409,112.176
2021-04-07T04:00:00Z,111.97,112.1,110.055,110.49,305284,6833,110.653
2021-04-08T04:00:00Z,112.06,112.44,110.71,110.96,396928,6996,111.148
2021-04-09T04:00:00Z,109.61,111.49,108.5,110.61,327162,6743,110.514
2021-04-12T04:00:00Z,110.5,111.82,110.17,110.81,232773,6271,110.816
2021-04-13T04:00:00Z,111.71,112.835,111.34,112.18,311530,7092,112.227
2021-04-14T04:00:00Z,112.63,113.67,112.08,112.59,389865,6928,112.715
2021-04-15T04:00:00Z,113.254,117.07,113.08,116.26,438816,10470,115.839
2021-04-16T04:00:00Z,117,117.87,116.19,117.63,349719,7427,117.316
2021-04-19T04:00:00Z,117.68,118.015,116.45,117.18,291857,5722,117.161
2021-04-20T04:00:00Z,117,119.21,116.29,118.2,467892,8667,118.17
2021-04-21T04:00:00Z,118.53,119.9,118.1,118.8,343564,7114,118.779
2021-04-22T04:00:00Z,117.98,118.56,116.935,118.12,262167,5692,117.87
2021-04-23T04:00:00Z,118.99,119.34,117.34,118.14,295931,5091,118.086
2021-04-26T04:00:00Z,118.62,118.62,116.22,117.01,252105,5406,117.066
2021-04-27T04:00:00Z,116,117.07,114.71,114.83,278252,6160,115.425
2021-04-28T04:00:00Z,114.5,116.31,113.74,115.84,290802,5703,115.591
2021-04-29T04:00:00Z,115.34,115.81,112.281,113.99,294145,7614,113.779
2021-04-30T04:00:00Z,113.25,114.52,111.46,111.86,539399,8529,112.232
2021-05-03T04:00:00Z,113.76,116.88,113.64,116.09,317763,7787,115.935
2021-05-04T04:00:00Z,116.09,118.74,115,115.4,304417,7809,115.971
2021-05-05T04:00:00Z,116.18,116.53,114.62,115.34,441108,8872,115.447
2021-05-06T04:00:00Z,115.55,120,115.46,119.57,464869,11657,119.255
2021-05-07T04:00:00Z,120.2,121.96,118.27,119.95,412189,9404,119.63
2021-05-10T04:00:00Z,121,121.61,118.28,118.96,513511,7455,119.275
2021-05-11T04:00:00Z,117.15,120.4,116.41,120.16,337947,9210,119.551
2021-05-12T04:00:00Z,120.53,121.08,119.12,119.84,396960,10240,120.078
2021-05-13T04:00:00Z,119.84,122.404,118.285,121.97,473511,9509,121.441
2021-05-14T04:00:00Z,123.5,123.86,122.14,123.16,366014,7758,123.133
2021-05-17T04:00:00Z,124.34,128.89,124.15,128.08,767275,10137,127.641
2021-05-18T04:00:00Z,128.07,129.194,126.15,127.25,417334,7904,127.288
2021-05-19T04:00:00Z,126.88,129.69,123.4,124.68,535694,12574,125.6
2021-05-20T04:00:00Z,124.7,126.58,123.51,126.03,348109,9942,125.768
2021-05-21T04:00:00Z,126.32,126.89,124.22,125.33,879446,8283,125.359
2021-05-24T04:00:00Z,125.5,126.62,125.18,125.43,402187,5545,125.496
2021-05-25T04:00:00Z,125.2,125.9,123.798,125.27,242217,7145,125.219
2021-05-26T04:00:00Z,125.79,126.84,124.543,124.84,265175,5715,125.299
2021-05-27T04:00:00Z,124.85,125.43,123.88,124.18,378928,7925,124.355
2021-05-28T04:00:00Z,123.28,124.7,123.18,123.77,567724,7437,123.802
2021-06-01T04:00:00Z,124.77,125.19,122.51,123.96,403530,7605,124.016
2021-06-02T04:00:00Z,124.33,124.95,123.46,123.95,299761,8095,124.119
2021-06-03T04:00:00Z,120.65,122,119.37,120.31,422995,10199,120.312
2021-06-04T04:00:00Z,121.49,122.69,121.26,122.12,298172,7930,122.028
2021-06-07T04:00:00Z,121.57,122.54,121,121.95,335692,9096,121.985
2021-06-08T04:00:00Z,121.61,121.8,120.58,121.42,349759,7335,121.335
2021-06-09T04:00:00Z,121.88,122.52,121.62,121.63,334860,8275,121.938
2021-06-10T04:00:00Z,122.52,125.7,121.85,125.34,543858,13663,124.621
2021-06-11T04:00:00Z,125.08,125.08,122.182,122.86,278520,6190,122.948
2021-06-14T04:00:00Z,121.17,123.67,120.92,123.11,413871,10347,122.888
2021-06-15T04:00:00Z,123.57,123.8,120.5,121.02,433480,10048,121.54
2021-06-16T04:00:00Z,120.9,122.81,118.75,119.08,442173,9928,120.039
2021-06-17T04:00:00Z,115.68,115.7,110.715,112.07,809417,16868,112.57
2021-06-18T04:00:00Z,112.26,113.2,109.01,109.31,1571260,12815,109.965
2021-06-21T04:00:00Z,110.55,110.88,109.18,110.23,438858,9185,110.295
2021-06-22T04:00:00Z,109.553,112.02,109.553,110.9,494268,8751,110.959
2021-06-23T04:00:00Z,111.81,112.065,109.97,110.18,378444,7147,110.493
2021-06-24T04:00:00Z,110.95,112.29,110,111.97,526696,11669,111.532
2021-06-25T04:00:00Z,112.68,113.36,111.19,112.4,2047517,10301,112.382
2021-06-28T04:00:00Z,112.77,113.1,111.49,113,384728,9277,112.631
2021-06-29T04:00:00Z,111.52,114.22,111.36,114.02,662603,11335,113.716
2021-06-30T04:00:00Z,114.85,115.32,113.27,114.1,677618,10675,114.253
2021-07-01T04:00:00Z,115.09,115.32,113.69,114.53,502734,8254,114.494
2021-07-02T04:00:00Z,115.87,117.15,115.2,116.94,392635,8798,116.596
2021-07-06T04:00:00Z,118.06,118.34,115.59,116.74,822840,11932,116.699
2021-07-07T04:00:00Z,117.42,119.555,115.69,118.8,670621,12268,118.437
2021-07-08T04:00:00Z,119.37,119.37,114.51,114.89,730688,10864,115.393
2021-07-09T04:00:00Z,115.13,117.26,115.13,116.68,283510,8190,116.71
2021-07-12T04:00:00Z,115.83,117.171,115.249,115.78,492314,7082,115.865
2021-07-13T04:00:00Z,116.59,117.86,115.98,116.12,331532,9608,116.688
2021-07-14T04:00:00Z,118.2,118.47,115.8,116.47,323585,6811,116.612
2021-07-15T04:00:00Z,116.63,118.54,115.98,118.09,348669,6416,117.744
2021-07-16T04:00:00Z,117.581,117.99,115.021,115.42,367104,8238,116.073
2021-07-19T04:00:00Z,114.45,115.51,113.385,114.64,357781,10308,114.345
2021-07-20T04:00:00Z,115.41,117.48,114.89,115.75,621796,11766,115.87
2021-07-21T04:00:00Z,114.46,116.96,114.46,116.32,323845,7105,116.242
2021-07-22T04:00:00Z,115.86,117,114.51,116.01,220280,5293,116.063
2021-07-23T04:00:00Z,115.71,116.8,114.69,116.45,180139,5154,116.169
2021-07-26T04:00:00Z,116.64,118.055,116.55,117.26,313951,6766,117.183
2021-07-27T04:00:00Z,117.3,118.32,116.84,117.9,245167,5305,117.77
2021-07-28T04:00:00Z,117.39,118.81,116.93,118.69,334971,6052,118.296
2021-07-29T04:00:00Z,120.45,122.54,120.346,121.49,293816,7724,121.489
2021-07-30T04:00:00Z,120.96,122.61,120.71,121.52,273972,4473,121.422
2021-08-02T04:00:00Z,121.47,121.47,119.595,120.29,181116,4936,120.474
2021-08-03T04:00:00Z,120.39,121.71,119.81,120.97,237911,5013,120.949
2021-08-04T04:00:00Z,121.94,122.27,118.44,118.56,323006,9095,119.057
2021-08-05T04:00:00Z,118.45,118.615,116.55,116.83,231385,6175,117.084
2021-08-06T04:00:00Z,115.39,116.51,114.11,116.06,377842,7818,115.851
2021-08-09T04:00:00Z,114.59,115.44,113.65,114.19,265690,6996,114.177
2021-08-10T04:00:00Z,114.08,114.54,112.49,112.81,273035,7385,113.298
2021-08-11T04:00:00Z,114.3,115.868,114.07,114.94,369863,8988,114.918
2021-08-12T04:00:00Z,115.13,116.265,111.24,113.85,489008,12236,112.945
2021-08-13T04:00:00Z,114.69,116.23,114.1,116.08,273072,9037,115.725
2021-08-16T04:00:00Z,116.18,116.364,114.47,114.56,290471,7877,114.922
2021-08-17T04:00:00Z,113.89,114.81,112.53,113.44,352398,8319,113.413
2021-08-18T04:00:00Z,113.7,113.7,110.156,110.2,390703,9678,110.826
2021-08-19T04:00:00Z,110,111.46,108.35,109.68,333178,9700,109.962
2021-08-20T04:00:00Z,109.19,110.5,108.5,108.66,384058,9153,109.021
2021-08-23T04:00:00Z,110.61,112.649,109.505,112.1,317139,9262,111.799
2021-08-24T04:00:00Z,112.59,113.21,111.06,111.28,229404,7274,111.574
2021-08-25T04:00:00Z,110.4,110.81,108.76,109.79,219770,6752,109.837
2021-08-26T04:00:00Z,109.25,110.67,108.65,109.28,381090,6584,109.346
2021-08-27T04:00:00Z,109.4,113.039,108.96,112.58,331664,9581,112.325
2021-08-30T04:00:00Z,112.65,112.83,110.45,111.04,281474,8593,111.201
2021-08-31T04:00:00Z,110.97,111.78,110.61,111.33,311376,9088,111.337
2021-09-01T04:00:00Z,111.54,111.99,109.558,110.68,306199,9016,110.713
2021-09-02T04:00:00Z,110.88,111.48,109.36,111.38,354972,7398,110.43
2021-09-03T04:00:00Z,112.35,113.66,111.913,112.87,256200,7450,113.021
2021-09-07T04:00:00Z,111.61,112.21,110.28,110.5,295719,9279,110.792
2021-09-08T04:00:00Z,111.28,112.79,110.05,110.93,317334,9259,111.322
2021-09-09T04:00:00Z,111.24,111.32,109.32,110.11,232578,7238,110.138
2021-09-10T04:00:00Z,109.98,110.47,108.6,108.66,311879,8875,109.052
2021-09-13T04:00:00Z,109.26,111,108.47,109.63,306711,8747,109.975
2021-09-14T04:00:00Z,110.46,110.956,108.99,109.28,225336,6951,109.73
2021-09-15T04:00:00Z,108.6,110.31,108.4,110.07,313586,8088,109.866
2021-09-16T04:00:00Z,108,108.425,104.43,105.4,384409,10950,105.445
2021-09-17T04:00:00Z,104.98,105.1,103.56,104.59,1226687,8929,104.582
2021-09-20T04:00:00Z,104,104.8,103.1,104.47,382592,7679,104.142
2021-09-21T04:00:00Z,105.36,105.75,103.74,103.87,294850,7688,104.273
2021-09-22T04:00:00Z,104.13,105.75,102.75,102.97,381425,9514,103.617
2021-09-23T04:00:00Z,102.34,102.51,100.21,100.55,347054,9260,101.076
2021-09-24T04:00:00Z,100.07,101.295,99.61,100.23,303698,6014,100.374
2021-09-27T04:00:00Z,100.66,102.12,98.87,99.04,412385,9476,99.5786
2021-09-28T04:00:00Z,97.96,99.55,97.5,98.26,348837,9580,98.3714
2021-09-29T04:00:00Z,98.26,98.5,96.5,96.87,643889,11975,97.1553
2021-09-30T04:00:00Z,97.23,97.96,95.22,95.49,575202,9396,96.1279
2021-10-01T04:00:00Z,96.23,96.42,94.45,95.03,495030,10398,95.1171
2021-10-04T04:00:00Z,95.06,96.38,94.14,94.81,979010,11301,94.8545
2021-10-05T04:00:00Z,94.42,95.02,93.65,94.12,566749,10587,94.2311
2021-10-06T04:00:00Z,93.81,95.215,93.0801,95.11,339631,10661,94.5612
2021-10-07T04:00:00Z,95.15,96.1,94.3232,94.79,436421,7790,95.0552
2021-10-08T04:00:00Z,96.6,97.8,94.05,94.07,436623,6865,94.8067
2021-10-11T04:00:00Z,94.07,94.91,92.13,92.27,296460,6139,92.9871
2021-10-12T04:00:00Z,93.24,96.13,92.01,95.81,735597,14444,95.3351
2021-10-13T04:00:00Z,96.33,98.3,96.19,97.09,521689,12973,97.3078
2021-10-14T04:00:00Z,98.29,99.8398,97.5049,99.74,401780,8654,99.3923
2021-10-15T04:00:00Z,98.5,99.7,97.23,98.96,396435,8574,99.0071
2021-10-18T04:00:00Z,98.4,99.2299,97.55,98.25,269693,6142,98.4911
2021-10-19T04:00:00Z,99.47,99.47,97.63,98.31,256038,6311,98.2372
2021-10-20T04:00:00Z,99.15,99.8808,98.11,99.2,263117,6334,99.0157
2021-10-21T04:00:00Z,98.76,99.13,97.8,98.9,278586,6121,98.7962
2021-10-22T04:00:00Z,100.56,101.95,98.37,99.15,340861,8940,99.7925
2021-10-25T04:00:00Z,100.21,102.08,99.7,100.49,458312,9547,101.086
2021-10-26T04:00:00Z,100.23,101.06,99.59,100.85,322304,7609,100.494
2021-10-27T04:00:00Z,100.84,101.67,100.23,101.31,365245,7761,101.254
2021-10-28T04:00:00Z,101.06,102.5,100.38,101.64,517624,8726,101.6
2021-10-29T04:00:00Z,100.78,101.545,98.35,99.02,661694,12238,99.6518
2021-11-01T04:00:00Z,98.84,101.94,98.53,101.46,378992,8463,101.177
2021-11-02T04:00:00Z,100.89,102.16,99.59,102.09,384497,9264,101.463
2021-11-03T04:00:00Z,100.6,103.42,100.391,102.58,423124,11070,102.275
2021-11-04T04:00:00Z,103.24,108.18,102.92,103.96,570611,12559,104.24
2021-11-05T04:00:00Z,104.05,106.16,103.67,105.16,809692,9867,105.229
2021-11-08T05:00:00Z,104.66,104.68,100.62,102.04,1304346,18607,101.948
2021-11-09T05:00:00Z,102.41,104.47,101.7,104.24,429388,8823,103.426
2021-11-10T05:00:00Z,106.46,107.82,103.06,103.94,736072,13793,105.063
2021-11-11T05:00:00Z,106.1,106.74,105.02,106.26,553593,9900,106.229
2021-11-12T05:00:00Z,105.58,107.6,105.4,106.71,448815,8095,106.72
2021-11-15T05:00:00Z,106.6,108.18,106.041,107.34,567606,9458,107.198
2021-11-16T05:00:00Z,107,107.56,106.75,107.17,484161,8744,107.181
2021-11-17T05:00:00Z,108.5,108.88,107.25,107.67,501975,11105,108.067
2021-11-18T05:00:00Z,107.37,107.97,106.61,107.21,322680,6949,107.167
2021-11-19T05:00:00Z,107,107.35,105.3,105.43,506426,9678,105.945
2021-11-22T05:00:00Z,104.99,106.16,103.36,104.64,474853,9512,105.085
2021-11-23T05:00:00Z,103.51,104.33,101.47,101.84,466461,9572,102.053
2021-11-24T05:00:00Z,101.44,102.47,101.01,101.31,509670,6457,101.389
2021-11-26T05:00:00Z,102.86,102.86,100.89,102.32,269985,7501,101.949
2021-11-29T05:00:00Z,102.3,103.1,100.47,102.7,570778,10119,102.152
2021-11-30T05:00:00Z,103.43,104.56,99.18,100.03,646874,10994,100.681
2021-12-01T05:00:00Z,100.82,101.91,97.47,97.65,529288,11182,98.944
2021-12-02T05:00:00Z,97.5,99.51,96.64,98.9,560961,12419,98.4702
2021-12-03T05:00:00Z,99.37,100.2,97.95,98.66,571508,8948,98.7545
2021-12-06T05:00:00Z,98.5,99.95,97.48,98.07,559175,12149,98.3856
2021-12-07T05:00:00Z,98.52,101.05,98.48,100.56,650896,11475,100.228
2021-12-08T05:00:00Z,100.65,101.48,99.6,101.22,401056,8980,100.598
2021-12-09T05:00:00Z,100.31,100.48,98.35,99.44,456756,10800,99.3128
2021-12-10T05:00:00Z,99.7,99.93,98.04,98.15,635711,9287,98.5555
2021-12-13T05:00:00Z,98.15,99.06,97.6,98.11,605976,11494,98.242
2021-12-14T05:00:00Z,97.03,98.9,95.94,96.12,544770,9471,96.7995
2021-12-15T05:00:00Z,96.615,97.06,94,96.38,594751,12343,95.731
2021-12-16T05:00:00Z,97.6,98.695,97.13,98.01,553636,10525,97.9226
2021-12-17T05:00:00Z,98.66,101.77,98.25,101.31,2106558,17054,101.099
2021-12-20T05:00:00Z,101.3,102.64,99.52,102.3,565640,9863,101.812
2021-12-21T05:00:00Z,102.46,103.89,101.43,103.13,375009,9638,102.875
2021-12-22T05:00:00Z,103.88,103.99,101.875,103.39,667210,7195,103.172
2021-12-23T05:00:00Z,103.39,104.09,102.07,103.63,580149,6046,103.632
2021-12-27T05:00:00Z,103.6,104.75,102.755,104.63,406634,5672,104.477
2021-12-28T05:00:00Z,104.5,105.39,104.07,104.44,360453,5927,104.516
2021-12-29T05:00:00Z,103.6,104.56,103.2,104.23,321267,6736,104.112
2021-12-30T05:00:00Z,104.1,105.07,103.91,104.73,280113,6583,104.51
2021-12-31T05:00:00Z,104.98,105.59,104.57,105.21,168284,4692,105.147
2022-01-03T05:00:00Z,103.669,104.8,103.07,103.57,378479,5579,103.593
2022-01-04T05:00:00Z,104,104.69,102.3,102.61,643346,9817,102.866
2022-01-05T05:00:00Z,103.35,104.601,101.4,101.62,452999,10635,102.396
2022-01-06T05:00:00Z,99.98,100.39,97.98,98.55,533044,12526,98.7542
2022-01-07T05:00:00Z,98.5,99.82,97.57,99.29,599243,9240,99.0906
2022-01-10T05:00:00Z,99.29,102.78,98.9201,101.96,969215,14451,101.749
2022-01-11T05:00:00Z,101.96,102.61,100.7,102.32,675588,10918,101.86
2022-01-12T05:00:00Z,102.32,103.068,101,102.37,469516,9803,102.041
2022-01-13T05:00:00Z,102.43,102.73,100.92,101.18,297862,7042,101.532
2022-01-14T05:00:00Z,101.25,101.37,98.71,99.53,330554,6727,99.5676
2022-01-18T05:00:00Z,99.54,100.01,98.14,99.45,434860,9244,99.2899
2022-01-19T05:00:00Z,100.25,105.535,100.25,105.13,562536,14766,104.081
2022-01-20T05:00:00Z,105.85,106.45,103.87,103.94,545402,10739,104.68
2022-01-21T05:00:00Z,104.43,104.56,101.38,102.25,518886,10639,102.562
2022-01-24T05:00:00Z,101.76,102.92,100.35,102.5,884296,17131,101.905
2022-01-25T05:00:00Z,102.31,104.06,101.865,103.2,812153,17750,103.047
2022-01-26T05:00:00Z,102.07,103.5,101.42,101.62,1329039,21728,102.065
2022-01-27T05:00:00Z,100.6,102.42,99.69,99.97,800270,15801,100.547
2022-01-28T05:00:00Z,99.01,99.89,97.96,99.3,959700,17255,98.9978
2022-01-31T05:00:00Z,99.65,102.201,98.66,101.55,3676075,18091,101.484
2022-02-01T05:00:00Z,102.27,103.43,101.3,102.9,517286,11890,102.729
2022-02-02T05:00:00Z,103.45,104.96,102.15,103.93,562839,11395,103.969
2022-02-03T05:00:00Z,103.47,103.63,101.66,101.8,340398,8860,102.331
2022-02-04T05:00:00Z,101.49,103.43,101.21,102.23,312211,8159,102.344
2022-02-07T05:00:00Z,103,105.045,101.78,104.47,378489,8312,104.033
2022-02-08T05:00:00Z,104.75,106.436,104.53,106.35,529148,7552,106.107
2022-02-09T05:00:00Z,106.44,107.285,105.13,105.38,569316,10514,105.705
2022-02-10T05:00:00Z,104.59,106,100.75,101.38,532577,12862,102.543
2022-02-11T05:00:00Z,101.77,108.72,101.63,108.24,620245,14606,107.166
2022-02-14T05:00:00Z,109,109.525,107.43,109.04,507194,9930,108.818
2022-02-15T05:00:00Z,106.83,109.31,105.52,109.01,678911,11667,108.496
2022-02-16T05:00:00Z,110,111.291,109.6,110.42,566928,13203,110.536
2022-02-17T05:00:00Z,112.58,119.984,111.51,118.79,896182,21398,117.987
2022-02-18T05:00:00Z,119.54,120.46,117.445,120.06,1032530,15030,119.691
2022-02-22T05:00:00Z,122.06,123.16,118.53,118.55,971086,18885,120.002
2022-02-23T05:00:00Z,117.8,120.79,116.91,119.74,827706,15247,119.367
2022-02-24T05:00:00Z,124.4,125.06,114.29,116.34,756637,18633,118.048
2022-02-25T05:00:00Z,115.57,120.66,114.865,120.5,501225,11451,119.597
2022-02-28T05:00:00Z,121.24,122.21,120.34,121.26,686734,14174,121.298
2022-03-01T05:00:00Z,121.58,128.17,121.58,126.92,926000,20139,126.414
2022-03-02T05:00:00Z,124.2,126.67,123.53,126.13,612611,12918,125.614
2022-03-03T05:00:00Z,126.5,127.41,124.89,126.69,436093,12992,126.128
2022-03-04T05:00:00Z,127.72,129.37,127.25,128.55,612818,18070,128.604
2022-03-07T05:00:00Z,129.25,131.1,127.12,129.49,916303,18984,129.568
2022-03-08T05:00:00Z,130.69,134,129.07,130.49,1005865,23130,131.03
2022-03-09T05:00:00Z,123.02,131.78,123,131.37,708852,18634,129.544
2022-03-10T05:00:00Z,131.95,137.15,131.5,136.2,1140636,23366,135.964
2022-03-11T05:00:00Z,132.7,138.7,131.87,137.18,895350,16223,136.616
2022-03-14T04:00:00Z,134.54,136.035,132.29,133.81,901799,16686,133.945
2022-03-15T04:00:00Z,130.68,137.2,130.53,136.15,639427,14043,135.397
2022-03-16T04:00:00Z,135.96,137.36,133.04,134.95,687650,17688,135.056
2022-03-17T04:00:00Z,136.53,139.71,135.76,136.61,612137,14579,137.313
2022-03-18T04:00:00Z,136.48,137.49,134.25,137.16,2367840,16087,136.963
2022-03-21T04:00:00Z,137.73,140.96,137.73,139.22,654782,13871,139.38
2022-03-22T04:00:00Z,138.7,139.09,136.38,137.41,526574,12917,137.418
2022-03-23T04:00:00Z,138.27,141.51,137.51,140.79,443495,14295,140.055
2022-03-24T04:00:00Z,141.5,142.667,139.01,140.28,541964,13884,140.402
2022-03-25T04:00:00Z,139.04,140.5,137.79,140.33,508435,11079,139.312
2022-03-28T04:00:00Z,139.37,141.33,138.12,139.74,477503,11392,139.876
2022-03-29T04:00:00Z,136.8,141.189,135.25,141,513107,16384,139.82
2022-03-30T04:00:00Z,141.5,142.46,140.44,142.4,379417,11655,141.836
2022-03-31T04:00:00Z,142.2,143.35,141,141.28,461850,10404,141.852
2022-04-01T04:00:00Z,140.13,146.62,140.13,146.33,618633,13714,145.382
2022-04-04T04:00:00Z,146.33,147.52,143.18,144.92,414759,12950,144.799
2022-04-05T04:00:00Z,144.2,146.328,140.78,141.97,895245,17464,142.217
2022-04-06T04:00:00Z,142.2,144.9,141.81,143.16,537061,14861,143.407
2022-04-07T04:00:00Z,143.4,144.81,143.08,144.23,395335,12635,144.141
2022-04-08T04:00:00Z,145,146.31,143.969,145.05,373202,10924,145.226
2022-04-11T04:00:00Z,147.68,147.7,143.46,144.4,560659,10631,144.641
2022-04-12T04:00:00Z,145.43,146.81,143.42,143.62,466523,14372,144.682
2022-04-13T04:00:00Z,144.47,145.68,143.36,144.62,615744,13957,144.579
2022-04-14T04:00:00Z,143.81,145.059,142.45,144.93,510366,14280,144.306
2022-04-18T04:00:00Z,146.43,147.06,143.33,143.42,418948,12006,144.34
2022-04-19T04:00:00Z,142.64,143.5,141.113,142.11,375307,11925,142.182
2022-04-20T04:00:00Z,142.1,144.46,141.5,144.23,361433,12204,143.474
2022-04-21T04:00:00Z,143.45,143.45,138.34,140.04,521533,15432,140.067
2022-04-22T04:00:00Z,137.93,139.53,135.53,137.29,607004,16323,137.411
2022-04-25T04:00:00Z,133.72,136.17,130.704,134.96,915848,24963,134
2022-04-26T04:00:00Z,135.99,135.99,131.34,131.5,670463,17573,132.237
2022-04-27T04:00:00Z,132,132.916,130.05,130.31,486259,15191,131.231
2022-04-28T04:00:00Z,130.37,131.71,129.03,131.36,570104,15871,130.984
2022-04-29T04:00:00Z,132.7,133.21,129.45,130.48,2184255,15925,130.586
2022-05-02T04:00:00Z,127.93,131.39,127.54,130.32,792217,19182,129.737
2022-05-03T04:00:00Z,130.38,133,130.38,131.22,413152,12555,131.572
2022-05-04T04:00:00Z,130.32,133.38,129.52,133.21,621847,14101,132.393
2022-05-05T04:00:00Z,136.67,137.33,130.17,132.58,552665,16548,132.341
2022-05-06T04:00:00Z,131.32,133.38,129.18,130.14,507404,13979,130.78
2022-05-09T04:00:00Z,127.16,127.645,122.689,123.58,553929,15999,124.648
2022-05-10T04:00:00Z,124.48,125.13,120.45,121.48,818841,18519,121.902
2022-05-11T04:00:00Z,122.96,125.08,121.66,122.17,515777,14529,122.865
2022-05-12T04:00:00Z,120.62,121.92,116.25,117.88,746784,16765,118.348
2022-05-13T04:00:00Z,117.7,119.59,116.45,118,453113,12573,118.084
2022-05-16T04:00:00Z,118.08,118.43,116.08,116.6,399361,13292,116.87
2022-05-17T04:00:00Z,118.21,118.57,115.41,116.43,454996,15211,116.465
2022-05-18T04:00:00Z,116.3,117.02,112.25,112.3,483325,14271,113.177
2022-05-19T04:00:00Z,113.72,116.77,113.72,115.92,597824,14506,115.756
2022-05-20T04:00:00Z,115.39,115.43,112.1,114.41,645383,15966,113.764
2022-05-23T04:00:00Z,116.42,117.31,113.59,113.87,560363,14926,114.459
2022-05-24T04:00:00Z,114.59,115.85,113.32,114.8,597260,14616,114.707
2022-05-25T04:00:00Z,113.79,115.44,113.25,114.83,439870,10943,114.606
2022-05-26T04:00:00Z,114.73,115.31,113.787,115.02,662648,15374,114.714
2022-05-27T04:00:00Z,116.23,116.97,114.68,115.33,570351,12737,115.481
2022-05-31T04:00:00Z,115.81,116.73,112.605,113.08,625126,15903,113.84
2022-06-01T04:00:00Z,113.76,115.5,112.13,114.44,532521,13843,114.272
2022-06-02T04:00:00Z,115.62,118.73,115.62,118.6,527005,14854,117.96
2022-06-03T04:00:00Z,117,118.33,115.36,116.06,521765,12242,116.245
2022-06-06T04:00:00Z,116.71,117.265,114,114.84,527272,11434,114.849
2022-06-07T04:00:00Z,114.47,116.58,114.47,116.48,487733,10656,115.915
2022-06-08T04:00:00Z,116,116.142,114.62,115.18,720219,12012,115.2
2022-06-09T04:00:00Z,114.55,114.94,110.92,111.02,706350,16162,112.108
2022-06-10T04:00:00Z,110.08,115.72,108.89,114.84,680981,16814,113.786
2022-06-13T04:00:00Z,113,113.595,108.15,109.04,768964,17700,109.56
2022-06-14T04:00:00Z,108.38,109,105.405,105.83,946498,20807,106.411
2022-06-15T04:00:00Z,107.99,109.303,103.579,107.07,1042264,20433,106.266
2022-06-16T04:00:00Z,106.28,109.77,105.43,109.19,765194,17783,108.09
2022-06-17T04:00:00Z,109.2,110.05,108.12,108.93,1898902,13604,108.994
2022-06-21T04:00:00Z,108.42,111.235,108.33,109.69,465959,11418,109.943
2022-06-22T04:00:00Z,109.47,111.54,108.69,109.2,389824,10665,109.501
2022-06-23T04:00:00Z,108.97,110.5,106.52,107.28,460775,11998,107.536
2022-06-24T04:00:00Z,107.44,109.85,106.17,109.68,778534,12511,109.359
2022-06-27T04:00:00Z,109.84,110.54,108.19,110.15,482774,11816,109.879
2022-06-28T04:00:00Z,110.66,110.98,109.55,110.29,558273,12254,110.189
2022-06-29T04:00:00Z,111.33,111.77,108.88,109.76,458733,10693,109.728
2022-06-30T04:00:00Z,109.64,109.92,106.31,106.78,425227,11222,107.341
2022-07-01T04:00:00Z,105.79,110.73,105.28,110.25,415253,13372,109.336
2022-07-05T04:00:00Z,110,110.14,104.78,107.7,709750,17657,107.341
2022-07-06T04:00:00Z,107.98,108.057,103.77,106.66,582684,14611,106.113
2022-07-07T04:00:00Z,106.91,108.94,106.5,108.04,408926,10732,107.811
2022-07-08T04:00:00Z,108.25,109.7,106.987,107.79,652939,9647,108.021
2022-07-11T04:00:00Z,107.38,109.57,106.787,108.71,552410,10120,108.576
2022-07-12T04:00:00Z,108.9,109.13,104.575,105.25,705746,16052,106.449
2022-07-13T04:00:00Z,104.34,108.93,104.34,106.61,543492,12621,106.705
2022-07-14T04:00:00Z,103.39,104.39,101.1,103.76,538133,15061,103.252
2022-07-15T04:00:00Z,104.5,104.5,102.35,103.4,490460,10371,103.394
2022-07-18T04:00:00Z,104.11,105.28,102.4,102.46,467395,13339,103.165
2022-07-19T04:00:00Z,102.5,103.9,102.21,103.08,475612,10435,102.904
2022-07-20T04:00:00Z,103.1,103.67,99.54,99.73,740854,14053,100.283
2022-07-21T04:00:00Z,100.53,104.09,100.14,102.74,621934,14563,102.524
2022-07-22T04:00:00Z,103.9,105.4,101.81,102.31,407633,12405,102.994
2022-07-25T04:00:00Z,102.3,102.69,99.57,100.5,516669,15242,100.605
2022-07-26T04:00:00Z,100.97,103.3,100.97,102.96,487081,12242,102.718
2022-07-27T04:00:00Z,102.96,104.46,101.27,103.73,458610,13594,103.359
2022-07-28T04:00:00Z,105.5,107.12,103.78,104.5,501152,14745,104.915
2022-07-29T04:00:00Z,105.49,105.49,102.5,104.77,1463635,13041,104.752
2022-08-01T04:00:00Z,105.1,105.66,103.13,105.59,484141,13294,105.094
2022-08-02T04:00:00Z,105.5,106.04,103.39,104.33,756562,17712,104.511
2022-08-03T04:00:00Z,103.92,103.944,101.215,101.71,625257,18150,102.016
2022-08-04T04:00:00Z,103.83,103.83,98.22,102.69,1054523,24571,101.531
2022-08-05T04:00:00Z,100.93,102.71,98.4866,102.67,787724,19225,101.952
2022-08-08T04:00:00Z,104.17,105.5,103.08,104.72,655992,17204,104.669
2022-08-09T04:00:00Z,105.4,105.74,103.12,104.12,589317,13734,104.046
2022-08-10T04:00:00Z,104.85,105.277,103.42,104.08,567539,15363,104.243
2022-08-11T04:00:00Z,104.16,104.203,101.15,101.45,696292,15588,101.884
2022-08-12T04:00:00Z,102.15,103.25,101.92,102.86,518695,13304,102.728
2022-08-15T04:00:00Z,100.58,101.49,99.62,100.86,596392,13753,100.683
2022-08-16T04:00:00Z,100.89,101.81,99.24,101.67,450173,10573,101.177
2022-08-17T04:00:00Z,101.37,101.37,99.175,99.89,767095,14824,100.04
2022-08-18T04:00:00Z,100,101.1,99.78,100.15,763398,13277,100.225
2022-08-19T04:00:00Z,99.97,99.97,96.93,97.2,589683,14429,97.7398
2022-08-22T04:00:00Z,96.3,98.3,96.3,97.24,407469,10689,97.2528
2022-08-23T04:00:00Z,97.25,99.54,97.25,98.86,598648,11722,98.6507
2022-08-24T04:00:00Z,98.54,100.57,97.77,100.04,330597,9664,99.7061
2022-08-25T04:00:00Z,100.44,100.66,98.79,99.55,373330,8862,99.486
2022-08-26T04:00:00Z,99.58,99.71,95.62,96.26,365890,11522,96.8555
2022-08-29T04:00:00Z,96.18,96.86,95.12,95.27,309273,9198,95.5592
2022-08-30T04:00:00Z,95,95.02,93.62,93.98,561297,14178,94.113
2022-08-31T04:00:00Z,93.62,94.21,91.81,91.9,886967,18148,92.2635
2022-09-01T04:00:00Z,90.52,91.7,88.64,89.04,634162,17924,89.3211
2022-09-02T04:00:00Z,90.38,92.1101,89.28,90.45,644712,17773,90.7895
2022-09-06T04:00:00Z,91.35,91.95,90.51,91.48,639369,15875,91.319
2022-09-07T04:00:00Z,91.26,95.04,91.155,94.26,484875,14131,93.813
2022-09-08T04:00:00Z,93.73,95.19,93.18,94.44,469942,13516,94.1927
2022-09-09T04:00:00Z,95.34,96.46,94.77,96.05,395296,9480,95.9027
2022-09-12T04:00:00Z,97.14,97.255,95.56,96.14,512853,13092,96.3809
2022-09-13T04:00:00Z,93.29,95.22,93,93.37,553663,15358,93.6986
2022-09-14T04:00:00Z,93.57,94.88,92.99,93.59,422049,12057,93.7716
2022-09-15T04:00:00Z,92.89,93.56,90.69,91.71,686724,18770,91.5983
2022-09-16T04:00:00Z,91.34,94.72,90.3738,93.26,1218253,14810,92.9705
2022-09-19T04:00:00Z,92.2,94.1817,91.8,93.72,436882,13911,93.3708
2022-09-20T04:00:00Z,92.41,93.3,91.15,92.64,402776,11434,92.4729
2022-09-21T04:00:00Z,93.43,94.61,91.73,92.38,427095,12533,92.8279
2022-09-22T04:00:00Z,92.94,93.77,91.22,91.88,347301,11475,91.9347
2022-09-23T04:00:00Z,89.87,89.9525,87.06,88.2,561869,18866,88.1358
2022-09-26T04:00:00Z,87.45,88.43,84.54,86.46,606231,15110,86.3636
2022-09-27T04:00:00Z,87.56,88.29,86.15,86.66,455947,14680,86.8972
2022-09-28T04:00:00Z,88.2,92.995,88.2,92.84,735385,18905,91.7161
2022-09-29T04:00:00Z,92.3,93.79,91.66,92.92,663986,16340,92.7396
2022-09-30T04:00:00Z,92.4,95.3,92.2923,93.82,641053,15214,93.9357
2022-10-03T04:00:00Z,95.31,97.94,94.2,96.46,692373,19469,96.6876
2022-10-04T04:00:00Z,97.88,99.77,97.59,99.11,476224,13607,98.9404
2022-10-05T04:00:00Z,97.19,97.73,95.69,97.49,366114,12002,97.2394
2022-10-06T04:00:00Z,96.76,99.66,96.76,99.43,491842,13801,98.9489
2022-10-07T04:00:00Z,97.99,98.33,93.71,93.88,641167,16230,95.0073
2022-10-10T04:00:00Z,93.25,95.2103,92.56,93.79,359814,10015,94.0825
2022-10-11T04:00:00Z,93.79,96.78,93.11,94.79,524315,16786,94.9553
2022-10-12T04:00:00Z,94.82,96,93.42,94.32,342581,10884,94.4265
2022-10-13T04:00:00Z,91.11,93.62,87.68,92.59,543869,15776,91.6343
2022-10-14T04:00:00Z,91.85,91.89,89.07,89.53,432320,12233,89.7061
2022-10-17T04:00:00Z,91.48,93.76,91.27,91.67,505656,14458,92.2537
2022-10-18T04:00:00Z,92.87,93.58,92.25,93.48,443172,12694,93.1994
2022-10-19T04:00:00Z,91.17,91.71,90,90.8,527840,13437,90.8248
2022-10-20T04:00:00Z,91.13,93.29,90.45,91.58,372616,11276,91.7352
2022-10-21T04:00:00Z,92.48,95.94,91.565,95.3,542579,14312,94.7354
2022-10-24T04:00:00Z,94.26,94.91,93.22,94.43,332213,9032,94.2403
2022-10-25T04:00:00Z,94.85,96.43,94.62,96.36,329119,10487,96.0023
2022-10-26T04:00:00Z,97.26,99.92,97.03,98.45,452724,11328,98.5911
2022-10-27T04:00:00Z,98.49,98.89,96.95,97.06,340284,10190,97.4689
2022-10-28T04:00:00Z,96,96.7495,95.24,96.65,275311,9677,96.2873
2022-10-31T04:00:00Z,95.77,96.49,94.46,94.96,837264,12930,95.0313
2022-11-01T04:00:00Z,96.81,97.44,95.64,97.13,529247,14656,96.8545
2022-11-02T04:00:00Z,97.85,98.1468,91.93,92.07,701923,16899,94.3046
2022-11-03T04:00:00Z,89.65,89.8131,86.75,87.57,1028276,24263,87.7327
2022-11-04T04:00:00Z,90.4,96.02,90.4,95.68,911942,20634,93.9044
2022-11-07T05:00:00Z,95.69,97.27,95.37,95.86,533038,13914,96.1515
2022-11-08T05:00:00Z,95.88,102.42,95.65,101.43,590833,17298,101.098
2022-11-09T05:00:00Z,101,102.26,99.83,100.67,539569,14084,100.791
2022-11-10T05:00:00Z,104.59,106.64,104.4,105.03,579347,16634,105.289
2022-11-11T05:00:00Z,105.53,106.33,103.07,105.1,357916,11987,104.702
2022-11-14T05:00:00Z,104.76,106.8,103.02,106.48,413182,11168,106.017
2022-11-15T05:00:00Z,107.56,107.99,104.61,105.65,386707,12093,105.661
2022-11-16T05:00:00Z,105.65,106.73,104.929,105.71,307735,10003,105.803
2022-11-17T05:00:00Z,103.29,104.16,101.93,102.95,325025,9928,102.92
2022-11-18T05:00:00Z,101.64,104.47,101.64,104.4,261750,7840,103.891
2022-11-21T05:00:00Z,104.34,105.115,103.63,104.99,247597,9182,104.706
2022-11-22T05:00:00Z,105.91,110.12,105.84,109.48,446235,12411,109.187
2022-11-23T05:00:00Z,108.96,110.71,107.66,110.1,310618,11015,109.677
2022-11-25T05:00:00Z,109.34,109.7,107.92,108.52,156807,5440,108.74
2022-11-28T05:00:00Z,108.01,108.34,105.08,105.21,319636,11709,105.823
2022-11-29T05:00:00Z,106.67,109.035,106.5,108.73,979261,12585,108.583
2022-11-30T05:00:00Z,109.9,112.74,108.44,112.33,773838,16643,111.506
2022-12-01T05:00:00Z,114.61,116.04,112.54,114,656280,16353,114.18
2022-12-02T05:00:00Z,112.07,114.63,111.814,113.715,425800,12643,113.552
2022-12-05T05:00:00Z,112.64,112.64,110.04,110.47,419423,13684,110.917
2022-12-06T05:00:00Z,111.86,112.485,110.231,110.67,441376,13575,110.86
2022-12-07T05:00:00Z,112.05,113.13,110.66,111.6,404124,13337,111.674
2022-12-08T05:00:00Z,112.53,113.13,111.35,111.99,361616,11890,112.04
2022-12-09T05:00:00Z,112.8,113.63,110.4,110.55,373985,12737,111.256
2022-12-12T05:00:00Z,109.18,109.63,106.755,108.99,609494,18724,108.173
2022-12-13T05:00:00Z,112.78,113.73,110.68,112.44,594323,15839,112.185
2022-12-14T05:00:00Z,112.27,113.155,110.315,111.56,597410,17157,111.643
2022-12-15T05:00:00Z,108.84,109.73,106.58,106.945,586005,17540,107.71
2022-12-16T05:00:00Z,106.44,108.28,106.345,107.395,2617513,19508,107.337
2022-12-19T05:00:00Z,107.93,108.28,105.78,106.53,486504,14013,106.636
2022-12-20T05:00:00Z,109,111.755,108.65,110.39,580295,15545,110.571
2022-12-21T05:00:00Z,111.09,112.7,110.66,111.98,554940,12082,111.983
2022-12-22T05:00:00Z,111.15,111.85,109.73,111.79,483945,14651,111.234
2022-12-23T05:00:00Z,112.49,113.7,110.91,112.84,375408,10858,112.788
2022-12-27T05:00:00Z,113.34,115.89,113,114.41,381339,9649,114.43
2022-12-28T05:00:00Z,113.53,114.06,111.21,111.5,352753,10378,112.124
2022-12-29T05:00:00Z,112.87,113.41,111.98,112.25,399450,9467,112.499
2022-12-30T05:00:00Z,112.65,112.95,111.5,112.72,362183,8456,112.461
2023-01-03T05:00:00Z,114.29,116.98,114.29,116.83,665040,15959,116.13
2023-01-04T05:00:00Z,118.77,120.97,118.77,119.22,770061,19083,119.575
2023-01-05T05:00:00Z,117.42,120.62,116.76,120.53,415899,12217,119.645
2023-01-06T05:00:00Z,123.02,126.48,122.3,124.79,692157,18416,124.713
2023-01-09T05:00:00Z,125.79,125.8,122.21,122.41,628328,15793,123.336
2023-01-10T05:00:00Z,122.4,124.769,121.76,124.73,440936,13660,123.887
2023-01-11T05:00:00Z,124.89,125.12,122.511,124.43,441207,13698,124.422
2023-01-12T05:00:00Z,126,127.84,124.26,126.78,376236,12152,126.666
2023-01-13T05:00:00Z,127.04,129.22,127.01,128.65,483367,13238,128.589
2023-01-17T05:00:00Z,127.92,127.94,123.63,123.86,691161,16790,125.467
2023-01-18T05:00:00Z,125.26,126.43,122.44,122.59,335106,11084,123.284
2023-01-19T05:00:00Z,123.14,125.73,122.43,125.11,422238,12956,124.618
2023-01-20T05:00:00Z,123.97,126.28,123.605,126.07,293397,9428,125.621
2023-01-23T05:00:00Z,125.21,126.62,124.2,126.34,335512,10289,125.705
2023-01-24T05:00:00Z,125.04,128.6,125.04,128.31,352600,11713,127.824
2023-01-25T05:00:00Z,127.5,131.89,127.5,131.43,499749,15733,130.829
2023-01-26T05:00:00Z,131.23,131.6,128.131,129.72,435310,12502,129.629
2023-01-27T05:00:00Z,129.2,129.23,127.61,128.16,264046,10023,128.387
2023-01-30T05:00:00Z,127.94,128.835,127.515,127.85,380613,11132,128.081
2023-01-31T05:00:00Z,126.89,127.65,125.62,127.03,1648632,12578,127.036
2023-02-01T05:00:00Z,126.5,131.43,126.39,130.57,498684,15262,129.028
2023-02-02T05:00:00Z,130.76,131.25,126.25,127.91,407125,14092,127.673
2023-02-03T05:00:00Z,125.32,126.32,122.88,124.49,555721,15463,124.345
2023-02-06T05:00:00Z,123.42,126,122.717,125.44,748398,17371,125.295
2023-02-07T05:00:00Z,125.88,127.15,124.3,126.1,694821,16303,125.875
2023-02-08T05:00:00Z,126.43,127.55,125.23,126.17,417842,12221,126.499
2023-02-09T05:00:00Z,126.97,126.97,123.195,123.35,353416,9972,123.975
2023-02-10T05:00:00Z,123.2,124.367,122.1,123.77,479829,13488,123.385
2023-02-13T05:00:00Z,122.95,124.58,122.02,124.03,390510,10336,123.981
2023-02-14T05:00:00Z,123.63,126.3,122.13,125.91,504393,12874,125.161
2023-02-15T05:00:00Z,122.99,123.95,122.71,123.22,427397,11614,123.272
2023-02-16T05:00:00Z,122.26,124.18,121.45,122.76,600625,16878,122.869
2023-02-17T05:00:00Z,121.55,122.76,119.77,121.94,385009,11690,121.81
2023-02-21T05:00:00Z,121.51,122.79,120.53,121.44,415496,12328,121.472
2023-02-22T05:00:00Z,121,121,118.11,119.37,488075,14703,119.225
2023-02-23T05:00:00Z,119.3,119.65,117.21,117.56,459769,11967,118.005
2023-02-24T05:00:00Z,116.1,117.06,115.605,116.535,568748,12660,116.476
2023-02-27T05:00:00Z,117.19,118.49,116.93,118.25,359277,11250,117.933
2023-02-28T05:00:00Z,118.25,120.464,117.67,118.79,611039,11314,118.914
2023-03-01T05:00:00Z,120.46,121.77,119.4,120.8,331156,10647,120.952
2023-03-02T05:00:00Z,119.4,120.73,119.08,120.7,369416,10127,120.308
2023-03-03T05:00:00Z,122.15,122.36,120.13,120.47,594103,15995,120.621
2023-03-06T05:00:00Z,119.76,120,116.27,117.46,826672,21479,117.644
2023-03-07T05:00:00Z,116.02,116.74,111.648,112.9,601623,19861,113.241
2023-03-08T05:00:00Z,113.19,113.96,111.53,111.98,466141,13711,112.367
2023-03-09T05:00:00Z,113.17,114.5,112.425,112.91,437994,14646,113.183
2023-03-10T05:00:00Z,114.22,116.427,113.3,113.44,688549,19690,114.438
2023-03-13T04:00:00Z,117.1,120.04,116.5,118.26,816397,23541,118.112
2023-03-14T04:00:00Z,118.69,120.03,117.48,119.88,668659,16677,119.636
2023-03-15T04:00:00Z,121.45,122.68,119.16,120.56,698134,20699,120.68
2023-03-16T04:00:00Z,121.1,121.1,117.545,120.06,486998,14363,119.394
2023-03-17T04:00:00Z,121.7,126.14,121.1,125.45,1949777,20648,124.969
2023-03-20T04:00:00Z,126.18,127,123.62,125.94,650535,14251,125.818
2023-03-21T04:00:00Z,124.22,124.77,120.57,121.89,630270,15105,121.954
2023-03-22T04:00:00Z,121.76,124.41,121.175,122.04,469386,12365,122.185
2023-03-23T04:00:00Z,122.63,126.42,121.68,124.78,379133,11159,124.823
2023-03-24T04:00:00Z,125.82,128.09,124.62,126.44,470431,11757,126.577
2023-03-27T04:00:00Z,123.66,126.655,123.19,125.98,398741,12284,125.723
2023-03-28T04:00:00Z,126.17,127.29,123.98,126.82,613876,14013,126.099
2023-03-29T04:00:00Z,125.6,127.985,125.42,127.82,402126,11849,127.337
2023-03-30T04:00:00Z,128.82,129.65,127.44,129.41,383378,12580,129.129
2023-03-31T04:00:00Z,129.45,129.84,127.98,129.71,427798,10419,129.273
2023-04-03T04:00:00Z,129.71,132.4,128.86,131.61,559016,15098,131.259
2023-04-04T04:00:00Z,131.2,136.66,130.368,136.04,909837,17840,135.022
2023-04-05T04:00:00Z,137.01,137.542,134.39,136.4,1020410,17128,136.425
2023-04-06T04:00:00Z,135.79,138.04,134.52,137.92,400799,12429,137.119
2023-04-10T04:00:00Z,136.53,137.29,135.71,136.81,483554,10966,136.741
2023-04-11T04:00:00Z,137.83,140.47,137.24,138.43,431787,14764,138.948
2023-04-12T04:00:00Z,140.79,141.63,138.6,140.25,427556,12403,140.018
2023-04-13T04:00:00Z,142.11,144.96,141.46,143.875,623917,18686,143.748
2023-04-14T04:00:00Z,142.18,143.975,139.11,141.37,553540,16000,141.111
2023-04-17T04:00:00Z,140.72,140.72,137.58,138.91,407027,13630,138.917
2023-04-18T04:00:00Z,139.66,141.285,138.4,139.47,339575,11583,139.684
2023-04-19T04:00:00Z,137.2,139.56,136.81,137.78,437157,13410,137.931
2023-04-20T04:00:00Z,138.88,138.88,130.12,130.8,981941,22995,132.504
2023-04-21T04:00:00Z,129.41,130.79,128.1,130.01,724054,19480,129.738
2023-04-24T04:00:00Z,130.18,132.43,129.4,132.14,479819,15893,131.777
2023-04-25T04:00:00Z,131.11,134.31,131.11,134.05,479479,15901,133.294
2023-04-26T04:00:00Z,134.88,135.24,132.08,132.97,467215,14530,132.96
2023-04-27T04:00:00Z,132.38,134.93,131.27,134.71,372704,12479,134.085
2023-04-28T04:00:00Z,135,135.821,131.68,132.44,638427,13997,132.564
2023-05-01T04:00:00Z,134.71,135.25,133.09,133.18,281620,10797,133.561
2023-05-02T04:00:00Z,132.97,138.25,132.62,137.06,435036,14781,136.561
2023-05-03T04:00:00Z,137.34,139.06,136.925,137.5,489771,13971,137.671
2023-05-04T04:00:00Z,140.95,147.82,140.04,143.35,860901,23276,144.13
2023-05-05T04:00:00Z,140,142.65,138.37,141.6,450096,14798,141.121
2023-05-08T04:00:00Z,142.57,143.89,140.35,141.16,343429,12340,141.769
2023-05-09T04:00:00Z,140.64,142.8,140.63,140.92,285140,10339,141.316
2023-05-10T04:00:00Z,141.08,141.621,138.7,140.32,259960,9561,140.023
2023-05-11T04:00:00Z,138,138.5,135.4,135.69,467968,14053,136.198
2023-05-12T04:00:00Z,135.41,137.19,135.41,136.58,319166,11833,136.387
2023-05-15T04:00:00Z,137.22,138.399,136.746,137.33,321537,11038,137.277
2023-05-16T04:00:00Z,136.9,137.36,133.36,134.19,320090,11458,134.49
2023-05-17T04:00:00Z,133.87,133.92,131.41,132.49,362716,11967,132.411
2023-05-18T04:00:00Z,130.71,130.71,127.78,129.44,323616,12132,129.141
2023-05-19T04:00:00Z,129.98,131.76,128.73,129.5,403183,8624,129.68
2023-05-22T04:00:00Z,129.07,129.92,128.63,128.91,233335,9623,128.966
2023-05-23T04:00:00Z,128.23,128.585,126.36,127.04,274776,11009,127.209
2023-05-24T04:00:00Z,127.46,127.49,124.87,125.02,251216,9407,125.682
2023-05-25T04:00:00Z,124.5,124.89,123.16,123.83,294189,8260,123.956
2023-05-26T04:00:00Z,124.77,125.3,122.495,123.58,235878,8638,123.618
2023-05-30T04:00:00Z,123.77,123.94,120.91,121.07,381942,10625,121.557
2023-05-31T04:00:00Z,121.7,124.81,121.23,123.84,467671,11839,123.675
2023-06-01T04:00:00Z,124.59,127.98,124.59,126.77,363792,10837,126.607
2023-06-02T04:00:00Z,126.4,127.22,122.373,123.49,581089,19451,123.693
2023-06-05T04:00:00Z,121.27,122.67,121.03,122.09,364710,13640,122.022
2023-06-06T04:00:00Z,122.18,122.75,121.49,122.58,303267,10464,122.148
2023-06-07T04:00:00Z,122.99,124.12,119.6,120.57,415301,13668,120.784
2023-06-08T04:00:00Z,122.42,123.55,119.55,120.83,665498,15780,120.842
2023-06-09T04:00:00Z,120.83,120.9,117.37,119.18,449498,14727,119.111
2023-06-12T04:00:00Z,118.79,120.505,117.875,120.19,505098,14837,119.666
2023-06-13T04:00:00Z,121.19,121.98,118.06,119.08,422779,14496,119.15
2023-06-14T04:00:00Z,120.68,120.68,116.88,117.76,426723,13041,118.169
2023-06-15T04:00:00Z,117.61,118.49,116.215,117.35,446695,13959,117.259
2023-06-16T04:00:00Z,117.58,119.64,116.24,117.61,1369215,13337,117.636
2023-06-20T04:00:00Z,116.67,116.67,112.825,113.27,654356,19296,113.664
2023-06-21T04:00:00Z,112.75,113.8,111.12,113.25,507251,15323,113.029
2023-06-22T04:00:00Z,112.51,114.09,112.2,113.95,292197,10564,113.407
2023-06-23T04:00:00Z,114.15,116.325,113.74,114.01,603419,13741,114.208
2023-06-26T04:00:00Z,114.76,115.45,113.735,114.25,258576,10507,114.58
2023-06-27T04:00:00Z,114.09,115.24,111.85,112.52,391486,11918,112.576
2023-06-28T04:00:00Z,112.13,112.93,110.811,111.59,367199,9990,111.375
2023-06-29T04:00:00Z,110.89,113.142,110.123,113,317457,8869,112.539
2023-06-30T04:00:00Z,113.63,115.02,113.09,114.78,429933,10127,114.549
2023-07-03T04:00:00Z,115.49,116.805,114.73,116.66,265461,8199,116.142
2023-07-05T04:00:00Z,117.21,117.44,114.43,114.5,461387,14131,115.183
2023-07-06T04:00:00Z,113.58,113.808,111.42,113.1,499433,13150,112.998
2023-07-07T04:00:00Z,114.32,117.12,114.32,116.13,678629,17459,116.054
2023-07-10T04:00:00Z,115.13,118.36,115.13,117.72,445095,12399,117.368
2023-07-11T04:00:00Z,118.13,118.49,115.92,117.03,498950,14070,117.09
2023-07-12T04:00:00Z,118.82,122.23,118.67,122.18,377121,13192,121.366
2023-07-13T04:00:00Z,122.52,123.38,121.52,122.32,360915,11809,122.267
2023-07-14T04:00:00Z,121.74,122.91,120.75,121.11,265455,9555,121.53
2023-07-17T04:00:00Z,120.34,121.13,119.4,120.52,303055,11265,120.615
2023-07-18T04:00:00Z,121.36,122.79,120.57,121.8,481576,14288,121.705
2023-07-19T04:00:00Z,121.89,122.78,120.88,122,296617,9267,121.854
2023-07-20T04:00:00Z,122.26,122.69,120.31,120.54,403078,10030,120.884
2023-07-21T04:00:00Z,120.43,122.02,120.1,121.95,306360,11050,121.535
2023-07-24T04:00:00Z,121.95,122.09,120.72,121.54,333612,11076,121.364
2023-07-25T04:00:00Z,121.54,123.02,121.415,122.87,334067,12397,122.49
2023-07-26T04:00:00Z,122.87,123.05,121.55,122.36,345934,10749,122.198
2023-07-27T04:00:00Z,120.74,120.925,117.81,118.5,567647,15932,118.731
2023-07-28T04:00:00Z,119.28,119.835,118.07,118.57,340333,11754,118.656
2023-07-31T04:00:00Z,119,121.32,119,120.14,959300,13302,120.151
2023-08-01T04:00:00Z,118.06,118.269,115.58,115.78,447980,13270,116.268
2023-08-02T04:00:00Z,115.68,115.92,113.05,113.18,632934,17224,113.864
2023-08-03T04:00:00Z,115.18,115.78,112.05,112.61,517231,15113,113.09
2023-08-04T04:00:00Z,113.13,114.52,112.215,113.39,616011,15613,113.124
2023-08-07T04:00:00Z,113.12,113.829,112.21,113.35,377580,12634,113.307
2023-08-08T04:00:00Z,112,113.31,111.545,112.36,441198,13391,112.517
2023-08-09T04:00:00Z,112.78,113.79,112.37,113.54,303268,9312,113.35
2023-08-10T04:00:00Z,114.06,114.79,112.82,113.25,347620,10067,113.514
2023-08-11T04:00:00Z,112.49,113.83,112.17,113.77,367262,11441,113.476
2023-08-14T04:00:00Z,112.64,113.27,111.76,112.97,319227,10430,112.856
2023-08-15T04:00:00Z,112.42,112.9,108.83,109.51,393687,10819,109.898
2023-08-16T04:00:00Z,109.01,109.24,107.69,107.99,261102,10384,108.286
2023-08-17T04:00:00Z,108.13,108.35,106.6,106.83,304255,12038,107.13
2023-08-18T04:00:00Z,106.82,107.375,106.33,106.99,523800,13756,106.909
2023-08-21T04:00:00Z,107.01,107.78,106.295,107.7,429695,13538,107.245
2023-08-22T04:00:00Z,107.82,108.54,107.079,108.29,325549,9559,107.974
2023-08-23T04:00:00Z,108.92,111.23,108.715,110.78,525412,11248,110.153
2023-08-24T04:00:00Z,110.22,111.38,108.76,110.85,311419,9011,110.859
2023-08-25T04:00:00Z,110.85,111.34,108.905,110.41,255440,7040,110.425
2023-08-28T04:00:00Z,110.54,112.162,110.54,111.64,283140,8589,111.568
2023-08-29T04:00:00Z,110.97,113.45,110.97,113.38,322699,9000,112.958
2023-08-30T04:00:00Z,113.85,114.51,112.67,113.46,277891,7660,113.475
2023-08-31T04:00:00Z,113.46,113.905,111.35,112.09,309472,8534,112.232
2023-09-01T04:00:00Z,113.41,113.45,111.358,111.44,187281,7256,111.865
2023-09-05T04:00:00Z,110.1,110.536,107.17,108.19,314760,11345,108.294
2023-09-06T04:00:00Z,107.67,108.85,106.6,108.73,235583,8651,108.297
2023-09-07T04:00:00Z,108.67,109.64,107.66,109.33,250464,9518,109.106
2023-09-08T04:00:00Z,109.69,110.92,108.76,108.91,251614,9492,109.365
2023-09-11T04:00:00Z,110.41,110.6,108.625,109.55,261957,10499,109.452
2023-09-12T04:00:00Z,108.19,110.12,108.19,109.01,172084,7581,109.154
2023-09-13T04:00:00Z,108.77,109.87,108.57,109.79,324373,10197,109.468
2023-09-14T04:00:00Z,109.61,111.812,109.23,110.62,367209,10186,111.01
2023-09-15T04:00:00Z,111.21,113.115,111.21,112.57,868441,11913,112.484
2023-09-18T04:00:00Z,113.12,113.99,111.89,113.85,280857,8980,113.363
2023-09-19T04:00:00Z,114.26,114.5,113.09,114.04,334133,8952,113.928
2023-09-20T04:00:00Z,113.98,116.32,113.98,115.46,266847,10282,115.465
2023-09-21T04:00:00Z,113.58,114.91,112.84,113.41,417195,14389,113.671
2023-09-22T04:00:00Z,113.99,115,112.22,112.31,263932,8506,112.81
2023-09-25T04:00:00Z,112,112.31,109.89,110.43,374159,11178,110.607
2023-09-26T04:00:00Z,109.63,110.205,108.61,108.67,326778,8610,109.194
2023-09-27T04:00:00Z,108,108,104.9,106.02,374315,12160,105.979
2023-09-28T04:00:00Z,105.73,107,105.2,106.76,340177,8300,106.584
2023-09-29T04:00:00Z,108.21,108.21,105.36,106.33,327505,9475,106.263
2023-10-02T04:00:00Z,105.47,105.485,102.21,102.87,343618,10007,103.014
2023-10-03T04:00:00Z,102.22,104.37,101.82,103.27,314803,10024,103.467
2023-10-04T04:00:00Z,103.49,103.5,101.89,103.01,410246,9872,102.868
2023-10-05T04:00:00Z,102.25,103.89,102.01,103.82,379571,9114,103.345
2023-10-06T04:00:00Z,104.08,105.63,103.49,104.54,386942,12407,104.683
2023-10-09T04:00:00Z,106.25,106.9,105.11,105.73,299915,9273,105.806
2023-10-10T04:00:00Z,105.62,106.53,105.47,106.01,393712,8784,106.09
2023-10-11T04:00:00Z,107.53,108.01,105.94,107.04,334808,8988,106.956
2023-10-12T04:00:00Z,106.96,107.38,104.53,105.5,317599,9088,105.593
2023-10-13T04:00:00Z,108.45,109.58,107.72,108.88,498294,12244,108.887
2023-10-16T04:00:00Z,108.64,110.7,107.93,109.69,279502,8954,109.836
2023-10-17T04:00:00Z,109.74,112.385,109.58,112.04,434681,9807,111.92
2023-10-18T04:00:00Z,113.22,114.365,110.93,111.06,419438,12825,111.734
2023-10-19T04:00:00Z,111.07,111.79,109.59,111.07,378193,9419,110.907
2023-10-20T04:00:00Z,111.5,113.11,110.19,110.21,341754,9192,111.181
2023-10-23T04:00:00Z,109.57,110.215,107.65,108.31,365535,10690,108.903
2023-10-24T04:00:00Z,107.92,109.28,107.365,108.91,293329,8170,108.775
2023-10-25T04:00:00Z,108.1,110.04,107.05,107.07,318052,10823,108.016
2023-10-26T04:00:00Z,107.07,107.65,104.43,105.31,476863,12505,105.717
2023-10-27T04:00:00Z,105.55,106.73,104.33,106.57,459829,11643,106.117
2023-10-30T04:00:00Z,106.78,106.92,105.41,106.22,367062,9776,106.148
2023-10-31T04:00:00Z,106.03,106.87,103.58,104.33,544252,11451,104.617
2023-11-01T04:00:00Z,104.28,104.87,103.09,104.69,492384,13402,104.335
2023-11-02T04:00:00Z,105.83,106.66,104.175,106.63,532631,14760,105.753
2023-11-03T04:00:00Z,108.11,111.96,107.45,110.84,553309,14838,110.384
2023-11-06T05:00:00Z,110.08,111.475,109.21,109.39,442025,11990,109.867
2023-11-07T05:00:00Z,108.54,108.54,104.87,107.31,346513,9820,107.021
2023-11-08T05:00:00Z,106.78,107.15,105.025,105.53,387798,10105,105.965
2023-11-09T05:00:00Z,105.47,107.615,104.76,106.13,337800,9489,106.505
2023-11-10T05:00:00Z,105.81,107.265,105,107.13,402661,10675,106.466
2023-11-13T05:00:00Z,106.88,108.035,105.85,105.9,365307,10497,106.796
2023-11-14T05:00:00Z,107.76,111.16,107.76,110.69,445212,12796,110.442
2023-11-15T05:00:00Z,110.16,111.44,109.5,111.18,331294,9623,110.942
2023-11-16T05:00:00Z,111.62,114.84,111.25,113.8,538448,14301,113.878
2023-11-17T05:00:00Z,113.98,114.05,111.39,111.69,301096,10748,112.016
2023-11-20T05:00:00Z,111.22,112.92,110.2,112.89,252772,8942,112.613
2023-11-21T05:00:00Z,113.8,117.045,113.8,116.08,477726,15057,116.21
2023-11-22T05:00:00Z,115.97,117.065,115.6,116.22,253996,10283,116.175
2023-11-24T05:00:00Z,116.41,117.74,116.41,117.19,115016,4513,117.088
2023-11-27T05:00:00Z,118.43,120.355,118.15,119.54,539188,15048,119.394
2023-11-28T05:00:00Z,120,123.12,119.873,121.6,567228,16927,121.825
2023-11-29T05:00:00Z,121.05,121.955,119.725,121.55,384490,11744,121.278
2023-11-30T05:00:00Z,121.33,122.09,120.825,121.8,324826,9920,121.74
2023-12-01T05:00:00Z,121.8,123.56,121.8,122.84,352786,12855,122.895
2023-12-04T05:00:00Z,120.89,121.73,119.59,121.04,399478,13620,120.711
2023-12-05T05:00:00Z,120.14,120.52,117.88,118.27,440587,13155,118.444
2023-12-06T05:00:00Z,119.79,119.79,118.225,119.43,304868,11123,119.103
2023-12-07T05:00:00Z,119.97,120.47,118.34,119.71,267127,10773,119.671
2023-12-08T05:00:00Z,117.92,120,116.71,118.19,323093,10691,118.236
2023-12-11T05:00:00Z,116.82,117.96,115.68,117.92,265846,11241,117.397
2023-12-12T05:00:00Z,117.84,117.84,113.97,114.26,312958,11155,114.949
2023-12-13T05:00:00Z,114.25,120.12,113.8,120.08,535989,15320,118.164
2023-12-14T05:00:00Z,121.44,124.07,121,121.56,486166,15799,121.834
2023-12-15T05:00:00Z,120.54,121.49,118.46,119.08,1072957,13460,119.235
2023-12-18T05:00:00Z,119.86,121.38,119.67,120.42,368072,12704,120.547
2023-12-19T05:00:00Z,120.58,124.23,120.58,122.75,385377,11425,123.011
2023-12-20T05:00:00Z,122.98,123.371,120.16,120.2,316654,9670,121.047
2023-12-21T05:00:00Z,121.76,122.69,121.095,121.83,221671,7945,121.748
2023-12-22T05:00:00Z,123.51,124.95,122.295,122.44,254660,8705,122.92
2023-12-26T05:00:00Z,122.63,123.53,121.71,123.35,171445,6261,123.052
2023-12-27T05:00:00Z,123.42,125.09,123.21,124.3,236753,8427,124.245
2023-12-28T05:00:00Z,123.41,124.37,121.795,122,210914,7667,122.401
2023-12-29T05:00:00Z,121.03,121.735,119.31,120.96,337382,9237,120.877
2024-01-02T05:00:00Z,121.34,122.11,119.1,119.81,292797,10117,119.981
2024-01-03T05:00:00Z,117.76,118.62,116.12,118.46,551368,14171,117.855
2024-01-04T05:00:00Z,118.02,119.26,117.145,118.56,413316,11327,118.556
2024-01-05T05:00:00Z,118.04,120.06,117.322,118.38,267337,7737,118.431
2024-01-08T05:00:00Z,117.35,120.13,116.65,120.07,336904,9886,119.361
2024-01-09T05:00:00Z,120.09,120.43,119.03,120.4,344629,11065,119.948
2024-01-10T05:00:00Z,120.65,122,120.1,121.78,306455,10760,121.342
2024-01-11T05:00:00Z,121.78,122.655,119.28,120.88,365849,10423,120.505
2024-01-12T05:00:00Z,123.1,125.33,122.08,122.47,252705,8917,122.872
2024-01-16T05:00:00Z,120.6,121.58,120.06,120.97,392295,9298,120.805
2024-01-17T05:00:00Z,119.03,119.555,116.42,116.74,492150,13961,117.538
2024-01-18T05:00:00Z,117.06,117.06,115.68,115.76,276944,8987,115.94
2024-01-19T05:00:00Z,116.34,116.55,114.59,116.34,332595,11570,115.986
2024-01-22T05:00:00Z,115.25,117.195,115,116.81,219118,8142,116.687
2024-01-23T05:00:00Z,117.7,119.07,117.04,119.04,235263,9277,118.286
2024-01-24T05:00:00Z,120.6,121.77,114.2,114.88,310657,11349,115.841
2024-01-25T05:00:00Z,116.56,116.76,115.505,116.07,213085,8500,115.988
2024-01-26T05:00:00Z,115.92,117.27,115.05,115.09,198052,7641,115.428
2024-01-29T05:00:00Z,115.73,116.489,113.87,116.43,236665,9362,115.706
2024-01-30T05:00:00Z,116.07,116.88,114.15,115.04,346600,11057,115.185
2024-01-31T05:00:00Z,115.37,117.61,114.23,114.39,472405,11731,115.294
2024-02-01T05:00:00Z,115.2,117.66,115.2,116.99,293050,10744,116.743
2024-02-02T05:00:00Z,114.7,114.71,112.5,113.99,257885,9379,113.899
2024-02-05T05:00:00Z,112.11,112.41,111,111.78,230394,9603,111.863
2024-02-06T05:00:00Z,112.02,113.27,111.755,112.9,162526,6071,112.785
2024-02-07T05:00:00Z,112.77,113.145,111.98,112.48,255446,8341,112.511
2024-02-08T05:00:00Z,111.59,112.51,111.2,112.12,324933,9652,111.934
2024-02-09T05:00:00Z,111.4,111.98,110.56,111.66,251992,7624,111.443
2024-02-12T05:00:00Z,111.36,112.58,111.285,112.06,244670,8204,112.017
2024-02-13T05:00:00Z,110.11,110.16,106.175,106.36,469702,14945,106.944
2024-02-14T05:00:00Z,107.2,107.77,106.27,107.59,509349,15578,107.272
2024-02-15T05:00:00Z,110.52,113,108.95,109.27,954755,23128,111.016
2024-02-16T05:00:00Z,108.82,110.75,107.7,108.65,540820,14287,109.235
2024-02-20T05:00:00Z,109,111.03,106.93,107.22,584769,14914,107.921
2024-02-21T05:00:00Z,106.91,106.91,105.25,106.49,430034,14295,106.403
2024-02-22T05:00:00Z,105.19,105.275,103.78,104.21,486238,14045,104.271
2024-02-23T05:00:00Z,104.15,106.87,103.62,106.76,467915,13305,106.212
2024-02-26T05:00:00Z,105.41,105.41,103.495,104.57,371263,12607,104.404
2024-02-27T05:00:00Z,105,105.35,102.6,102.98,392248,12887,103.296
2024-02-28T05:00:00Z,102.48,102.59,100.55,101.3,371011,12518,101.284
2024-02-29T05:00:00Z,102.48,103.15,101.76,102.63,491344,12104,102.481
2024-03-01T05:00:00Z,103.59,106.6,101.935,105.65,490673,12750,105.362
2024-03-04T05:00:00Z,107.58,111.56,107.52,110.34,595035,17329,109.876
2024-03-05T05:00:00Z,111.38,111.97,109.4,110.43,531153,14820,110.44
2024-03-06T05:00:00Z,111.38,113,110.45,110.74,390543,12321,111.279
2024-03-07T05:00:00Z,111.81,112.48,110.88,111.72,395140,12051,111.68
2024-03-08T05:00:00Z,112.66,113,110.78,112.75,456675,12784,112.179
2024-03-11T04:00:00Z,113,116.29,112.07,114.91,675178,14786,114.691
2024-03-12T04:00:00Z,113.37,113.55,111.42,112.04,353905,11822,112.247
2024-03-13T04:00:00Z,112.66,114.73,112.66,114.12,341632,10101,114.137
2024-03-14T04:00:00Z,113.45,113.66,111.08,111.66,386975,10144,111.859
2024-03-15T04:00:00Z,111.54,112.406,111.195,111.54,1258602,11407,111.547
2024-03-18T04:00:00Z,111.01,111.522,109.92,110.19,366075,9399,110.466
2024-03-19T04:00:00Z,109.34,109.4,107.918,108.35,400627,11166,108.4
2024-03-20T04:00:00Z,107.75,112.86,107.33,111.8,379338,11126,110.531
2024-03-21T04:00:00Z,112.6,113.298,110.01,110.26,359393,11342,110.812
2024-03-22T04:00:00Z,109.37,110.26,108.95,109.17,298122,8176,109.235
2024-03-25T04:00:00Z,110.3,112.29,110.255,111,399701,8753,110.982
2024-03-26T04:00:00Z,112.18,112.25,110.01,110.06,199168,6759,110.592
2024-03-27T04:00:00Z,112.11,119.87,111.43,119.19,821029,18833,118.045
2024-03-28T04:00:00Z,120.625,122.44,118.89,121.81,612015,17578,121.394
2024-04-01T04:00:00Z,124.66,124.66,121.845,122.47,394661,13038,122.662
2024-04-02T04:00:00Z,122.94,124.19,121.55,122.72,439772,13156,122.697
2024-04-03T04:00:00Z,122.56,123.05,121.6,122.75,428863,11405,122.54
2024-04-04T04:00:00Z,122.42,124.21,120.15,122.4,661759,14900,122.795
2024-04-05T04:00:00Z,122.42,125.39,121.145,125.35,731748,18850,124.335
2024-04-08T04:00:00Z,125.73,126.276,121.977,122.6,403943,11748,123.048
2024-04-09T04:00:00Z,124.78,126.2,123.27,124.83,653242,13446,124.632
2024-04-10T04:00:00Z,121.94,123.89,120.91,122.99,366197,11802,122.777
2024-04-11T04:00:00Z,123.77,124.07,121.07,122.74,348567,10868,122.586
2024-04-12T04:00:00Z,124.6,124.895,119.448,120.07,838884,17867,121.742
2024-04-15T04:00:00Z,120.01,121.97,118.97,121.01,601158,12328,120.495
2024-04-16T04:00:00Z,119.6,122.27,119.03,121.05,532296,11544,120.996
2024-04-17T04:00:00Z,122.58,123.4,121.043,123,860337,13876,122.65
2024-04-18T04:00:00Z,123.43,124.375,121.15,121.66,465321,13977,122.109
2024-04-19T04:00:00Z,121.96,123.735,121.5,122.73,463792,12766,122.805
2024-04-22T04:00:00Z,119.26,121.535,118.22,118.82,704022,14538,119.196
2024-04-23T04:00:00Z,118,121.585,118,120.41,350747,9675,120.587
2024-04-24T04:00:00Z,119.61,121.08,119.33,120.93,463259,10575,120.668
2024-04-25T04:00:00Z,121.38,124.63,120.1,124.19,401384,13336,123.509
2024-04-26T04:00:00Z,125,125.32,123.861,124.58,379769,12287,124.519
2024-04-29T04:00:00Z,124.64,125.1,122.39,124.26,294871,10544,124.216
2024-04-30T04:00:00Z,121.62,122.89,120.05,120.13,569262,13409,120.566
2024-05-01T04:00:00Z,121.2,123.1,120.29,120.85,382827,12014,121.166
2024-05-02T04:00:00Z,119.85,122.37,118.61,121.55,275748,10894,121.223
2024-05-03T04:00:00Z,122.69,122.69,121,122.29,276105,9569,121.916
2024-05-06T04:00:00Z,124.48,125.51,123.7,123.91,379644,11682,124.308
2024-05-07T04:00:00Z,124.21,124.78,123.35,124,389307,9739,123.975
2024-05-08T04:00:00Z,123.3,124.16,122.51,123.41,380397,10682,123.449
2024-05-09T04:00:00Z,124,125.83,121.98,125.37,439414,13500,124.511
2024-05-10T04:00:00Z,126.76,128.2,125.37,127.24,397226,12055,127.124
2024-05-13T04:00:00Z,127.36,127.56,125.17,126.45,231061,9124,126.338
2024-05-14T04:00:00Z,127.47,128.63,126.47,128.45,492250,12452,128.219
2024-05-15T04:00:00Z,129.7,131.12,128.21,130.48,342827,12499,130.155
2024-05-16T04:00:00Z,129.71,130.29,128.8,129.64,319669,9816,129.807
2024-05-17T04:00:00Z,131.17,133.34,130.379,133.13,435179,11816,132.773
2024-05-20T04:00:00Z,133.85,134.494,132.18,134.27,439696,13458,133.732
2024-05-21T04:00:00Z,133.54,134.56,132.21,134.31,364361,10240,133.823
2024-05-22T04:00:00Z,132.87,133.73,129.77,130.45,340242,12003,130.881
2024-05-23T04:00:00Z,130.25,130.335,128.08,128.68,312480,10951,128.76
2024-05-24T04:00:00Z,129.69,130.45,128.19,128.51,223759,7798,128.712
2024-05-28T04:00:00Z,129.3,131.07,129.13,130.7,327346,9982,130.478
2024-05-29T04:00:00Z,129.77,130.764,128.17,128.25,226353,8106,128.8
2024-05-30T04:00:00Z,128.64,130.26,127.24,127.82,278485,8632,128.185
2024-05-31T04:00:00Z,128.29,128.59,125.77,128.19,490547,11805,127.775
2024-06-03T04:00:00Z,128.14,129.235,127.857,128.61,258830,9925,128.509
2024-06-04T04:00:00Z,127.04,127.15,125.1,126.76,355163,11536,126.497
2024-06-05T04:00:00Z,127.15,128.795,126.76,128.31,298621,10238,128.056
2024-06-06T04:00:00Z,128.73,131.4,127.85,130.83,273410,9113,130.666
2024-06-07T04:00:00Z,127.68,128.29,123.46,123.7,409398,11967,124.706
2024-06-10T04:00:00Z,123.45,123.9,122.16,123.64,394823,12159,123.394
2024-06-11T04:00:00Z,123,123.345,121.42,122.55,330083,11160,122.261
2024-06-12T04:00:00Z,124.26,124.75,121.4,122.23,336920,10940,122.368
2024-06-13T04:00:00Z,121,122.23,119.72,120.8,283128,9470,120.736
2024-06-14T04:00:00Z,121.03,121.91,120.06,121.63,302169,8707,121.384
2024-06-17T04:00:00Z,120.69,121.84,120,121.4,282158,9861,121.211
2024-06-18T04:00:00Z,121.01,122.67,120.47,121.98,267801,8752,121.955
2024-06-20T04:00:00Z,122.17,125.18,122.17,124.66,372916,9956,124.618
2024-06-21T04:00:00Z,124.73,125.38,122.63,124.85,1329071,12571,124.794
2024-06-24T04:00:00Z,125.59,126.08,124.352,124.62,315448,8006,124.981
2024-06-25T04:00:00Z,123.96,124.41,122.514,123.16,294735,7502,123.092
2024-06-26T04:00:00Z,123.47,125.16,122.69,124.94,269109,9103,124.513
2024-06-27T04:00:00Z,126.57,127.085,125.38,125.68,276937,9116,125.867
2024-06-28T04:00:00Z,126.06,127.16,124.25,125.16,352942,8741,125.177
2024-07-01T04:00:00Z,125.26,126.3,124.79,125.01,189938,5735,125.107
2024-07-02T04:00:00Z,125.38,127,125,126.35,306780,8116,126.106
2024-07-03T04:00:00Z,127.82,130.453,127.82,129.43,181686,6207,129.551
2024-07-05T04:00:00Z,129.65,131.61,129.425,131,184693,7141,130.854
2024-07-08T04:00:00Z,129.99,131.26,129.48,131.14,1062083,8515,130.868
2024-07-09T04:00:00Z,131.12,131.74,129.65,131.36,207408,7344,131.096
2024-07-10T04:00:00Z,132.74,134.555,132.65,133.09,275232,8307,133.476
2024-07-11T04:00:00Z,135.45,136.45,132.97,135.89,441932,11800,135.685
2024-07-12T04:00:00Z,134.93,136.59,134.409,136.23,334582,10097,136.166
2024-07-15T04:00:00Z,135.67,137.89,135,136.8,224884,8298,136.851
2024-07-16T04:00:00Z,137.5,140.64,136.99,140.06,331992,9252,139.803
2024-07-17T04:00:00Z,140.16,140.95,138.77,139.58,239469,8041,139.619
2024-07-18T04:00:00Z,139.14,139.99,137.31,138.67,227552,8704,138.597
2024-07-19T04:00:00Z,136.27,138.96,136.27,138.18,251551,8400,138.105
2024-07-22T04:00:00Z,138.18,138.4,135.65,137.44,255344,7926,137.129
2024-07-23T04:00:00Z,137.25,138.87,136.62,138.31,201597,9306,138.074
2024-07-24T04:00:00Z,139.14,140.18,137.17,137.37,418003,9768,138.015
2024-07-25T04:00:00Z,133.72,137.31,133.331,135.34,288560,9169,135.738
2024-07-26T04:00:00Z,137.01,137.5,134.94,135.09,250104,7068,135.518
2024-07-29T04:00:00Z,135.06,136.18,134.22,135.65,229696,9078,135.323
2024-07-30T04:00:00Z,136.45,137.46,135.545,136.54,225463,8125,136.582
2024-07-31T04:00:00Z,137.86,139.12,137.26,138.12,526859,10075,138.156
2024-08-01T04:00:00Z,138,139.36,135.705,137.55,294172,10492,137.432
2024-08-02T04:00:00Z,139.66,141.05,134.355,134.62,341966,11939,135.655
2024-08-05T04:00:00Z,127.67,132.19,125.685,129.33,421463,13361,128.987
2024-08-06T04:00:00Z,129.33,131.1,128.075,129.17,288622,10470,129.651
2024-08-07T04:00:00Z,130.79,130.79,127.93,128.45,359791,11982,128.807
2024-08-08T04:00:00Z,128.05,131.95,127.31,127.93,377367,13155,128.589
2024-08-09T04:00:00Z,129.74,130,127.825,129.56,293965,11183,129.399
2024-08-12T04:00:00Z,130.62,133.81,129.55,133.47,379675,12367,132.618
2024-08-13T04:00:00Z,133.22,134.76,132.91,133.33,423093,9625,133.369
2024-08-14T04:00:00Z,132.42,132.42,130.24,131.54,237221,7013,131.415
2024-08-15T04:00:00Z,131.83,133.385,130.56,132.76,294400,10739,132.651
2024-08-16T04:00:00Z,133.43,136.57,133.43,136.53,306155,11023,135.691
2024-08-19T04:00:00Z,136.61,138.25,136.61,138.02,283107,10249,137.776
2024-08-20T04:00:00Z,139.1,141.05,137.832,138.82,194958,9866,138.989
2024-08-21T04:00:00Z,139.49,141.25,138.36,140.965,274382,8737,140.632
2024-08-22T04:00:00Z,139.35,139.795,137.79,138.87,256493,8082,138.974
2024-08-23T04:00:00Z,140.39,141.39,139.52,141.15,256731,6352,140.998
2024-08-26T04:00:00Z,142.16,142.32,141.15,141.58,186785,6074,141.667
2024-08-27T04:00:00Z,141.3,142.13,139.53,141.8,165196,5063,141.522
2024-08-28T04:00:00Z,140.29,141.095,139.1,140.22,189701,7102,140.04
2024-08-29T04:00:00Z,140.63,142.77,140.63,141.29,164432,6015,141.474
2024-08-30T04:00:00Z,140.84,142.01,139.1,140.17,240659,7435,140.02
2024-09-03T04:00:00Z,138.19,139.16,134.03,135.09,320017,11236,135.162
2024-09-04T04:00:00Z,135.08,137.125,134.2,136.7,275502,9377,136.424
2024-09-05T04:00:00Z,138.45,139.75,137.17,137.53,219058,8274,137.916
2024-09-06T04:00:00Z,137.35,138.38,133.83,134.04,180633,7509,134.71
2024-09-09T04:00:00Z,134.19,135.08,133.745,134.93,195724,7876,134.711
2024-09-10T04:00:00Z,134.93,136.32,134.18,136.08,204046,8203,135.804
2024-09-11T04:00:00Z,135.51,136.86,134.36,136.55,194781,7406,136.182
2024-09-12T04:00:00Z,138.65,141.97,138.65,140.82,315311,9657,140.94
2024-09-13T04:00:00Z,142,145.59,142,143.19,395643,10344,143.309
2024-09-16T04:00:00Z,143.29,143.29,140.24,141.05,291393,10453,141.241
2024-09-17T04:00:00Z,140.92,142.28,139,140.26,215067,8043,140.505
2024-09-18T04:00:00Z,140.48,144.39,138.9,139.14,293815,9729,140.342
2024-09-19T04:00:00Z,142.34,142.393,138.73,140.41,334871,10866,140.21
2024-09-20T04:00:00Z,141.84,144.58,141.84,143.61,763069,11385,143.428
2024-09-23T04:00:00Z,144.26,145.58,143.66,143.78,636225,8480,143.916
2024-09-24T04:00:00Z,145.21,147.65,144.455,146.36,431660,16224,146.57
2024-09-25T04:00:00Z,146.41,147.171,144.72,146.5,335807,9862,146.219
2024-09-26T04:00:00Z,146.86,147.51,145.5,145.62,419382,14009,146.227
2024-09-27T04:00:00Z,145.62,146.33,141.76,141.8,668326,14740,142.706
2024-09-30T04:00:00Z,141,141.08,138.75,140.3,426396,9742,140.105
2024-10-01T04:00:00Z,141.91,143.04,140.68,141.85,216777,8269,141.7
2024-10-02T04:00:00Z,141.72,143.43,140.77,141.92,145621,6291,141.848
2024-10-03T04:00:00Z,140.42,141.1,139.09,139.68,219206,7767,139.733
2024-10-04T04:00:00Z,139.63,140.72,138.47,138.97,178088,6532,139.229
2024-10-07T04:00:00Z,138.1,138.28,136.401,136.88,227492,9330,136.95
2024-10-08T04:00:00Z,135.13,137.88,135,137.7,335968,9691,137.152
2024-10-09T04:00:00Z,137.41,137.79,135.775,137.63,350985,7928,137.292
2024-10-10T04:00:00Z,138.31,140.27,137.79,140.04,314892,9618,139.418
2024-10-11T04:00:00Z,141.06,142.453,140.81,142.04,252246,9633,142.002
2024-10-14T04:00:00Z,140.95,142.34,140.48,142.32,150511,5885,141.783
2024-10-15T04:00:00Z,142.17,145.99,142.17,145.79,363630,9790,145.233
2024-10-16T04:00:00Z,146.85,148.9,145.503,147.37,347848,10296,147.395
2024-10-17T04:00:00Z,148.28,149.95,147.33,148.45,219418,8764,148.529
2024-10-18T04:00:00Z,149.93,153.78,149.5,152.65,476620,10580,152.534
2024-10-21T04:00:00Z,155,155.103,151.88,152.51,250633,8737,152.902
2024-10-22T04:00:00Z,154.18,154.55,153.02,154.27,244551,8455,153.978
2024-10-23T04:00:00Z,153.25,154.23,150.915,152.24,332776,8031,152.274
2024-10-24T04:00:00Z,152.21,152.25,147.84,151.15,289527,13370,150.412
2024-10-25T04:00:00Z,150.59,151.15,149.11,150.34,331302,10233,150.359
2024-10-28T04:00:00Z,150,152.09,149.77,151.03,234335,8496,151.19
2024-10-29T04:00:00Z,152.21,153.706,151.625,153.61,225186,9358,153.13
2024-10-30T04:00:00Z,153.45,153.45,150.38,151.1,219188,8259,151.417
2024-10-31T04:00:00Z,149.29,149.48,145.512,146.06,392637,9910,146.367
2024-11-01T04:00:00Z,146.36,147.912,144.8,145.45,285999,9697,145.832
2024-11-04T05:00:00Z,145.47,146.475,143.5,145.37,245654,8435,145.233
2024-11-05T05:00:00Z,146.28,148.36,145.7,148.24,278321,9539,147.728
2024-11-06T05:00:00Z,142.95,145.14,137.52,144.84,517498,17963,144.151
2024-11-07T05:00:00Z,151.41,151.41,144.811,147.31,550394,13623,146.755
2024-11-08T05:00:00Z,146.92,150.1,145.87,149.93,323976,12569,149.212
2024-11-11T05:00:00Z,145,146,141.2,143.53,388356,14706,143.255
2024-11-12T05:00:00Z,142,143.99,137.63,141.32,549069,13977,140.815
2024-11-13T05:00:00Z,142.5,144.79,139.58,139.69,688110,15471,142.341
2024-11-14T05:00:00Z,138.15,141.68,138.15,139.8,377111,13199,139.817
2024-11-15T05:00:00Z,140.81,141.31,139.6,140.24,445656,9762,140.206
2024-11-18T05:00:00Z,142.18,146.42,142.18,146.29,435528,12443,145.771
2024-11-19T05:00:00Z,147.27,148.04,145.29,147.89,490783,12565,147.037
2024-11-20T05:00:00Z,147.07,149.08,147.005,148.6,257705,9194,148.319
2024-11-21T05:00:00Z,149.31,149.984,147.23,148.18,322956,11414,148.205
2024-11-22T05:00:00Z,149.38,149.83,148.05,148.99,1226857,11515,148.982
2024-11-25T05:00:00Z,145.04,146.735,144.01,144.88,551426,12909,145.185
2024-11-26T05:00:00Z,144.88,146.49,143.59,146.31,304881,8820,146.063
2024-11-27T05:00:00Z,147.02,148.32,145.01,145.67,420090,8090,145.943
2024-11-29T05:00:00Z,146.6,147.965,146.085,146.26,163300,4335,146.645
2024-12-02T05:00:00Z,145.26,147.82,144.8,147.34,375681,11427,146.681
2024-12-03T05:00:00Z,148.31,150.64,147.865,148.37,394122,13517,148.931
2024-12-04T05:00:00Z,148,148.92,147.347,147.76,201018,7300,148.045
2024-12-05T05:00:00Z,147.01,148.365,144.76,146.08,258331,9372,146.085
2024-12-06T05:00:00Z,146.1,146.1,143,144.26,269321,8669,144.261
2024-12-09T05:00:00Z,147.01,150.43,147.01,148.41,418471,10320,148.799
2024-12-10T05:00:00Z,150.06,150.48,147.92,148.22,328295,12124,148.573
2024-12-11T05:00:00Z,150.66,154.18,149.01,153.815,493802,12020,153.159
2024-12-12T05:00:00Z,151.74,152.25,150.13,150.26,616642,9112,150.52
2024-12-13T05:00:00Z,148.78,149.58,146.27,146.93,434272,11197,147.082
2024-12-16T05:00:00Z,146.9,146.9,145,145.68,354161,11586,145.891
2024-12-17T05:00:00Z,143.95,144.84,143.139,144.27,339199,9228,144.234
2024-12-18T05:00:00Z,143.28,143.45,135.51,135.65,457482,15575,138.235
2024-12-19T05:00:00Z,136.61,137.74,133.466,134.1,466286,14078,134.434
2024-12-20T05:00:00Z,134.56,137.07,133.07,133.81,1386677,19190,134.027
2024-12-23T05:00:00Z,133.15,133.77,131.91,133.04,377897,10793,133.04
2024-12-24T05:00:00Z,133.97,134.21,132.43,133.32,124364,4488,132.987
2024-12-26T05:00:00Z,133.42,135.07,132.9,134.64,348410,9205,134.52
2024-12-27T05:00:00Z,132.52,134.65,132.03,133.83,206555,6753,133.67
2024-12-30T05:00:00Z,132.74,133,130.67,131.05,372951,11083,131.38
2024-12-31T05:00:00Z,131.07,132.56,131,131.85,194615,7625,131.868
2025-01-02T05:00:00Z,133.36,134.87,133.36,134.54,364621,11290,134.366
2025-01-03T05:00:00Z,134.18,134.56,132.94,134.44,361317,11083,133.944
2025-01-06T05:00:00Z,134.54,135.239,132.25,132.55,418262,10317,132.679
2025-01-07T05:00:00Z,135,136.92,133.33,133.63,376220,11476,134.597
2025-01-08T05:00:00Z,133.99,136.527,133.46,136.25,402226,11585,135.746
2025-01-10T05:00:00Z,137.45,139.29,133.71,134.68,363201,11495,135.036
2025-01-13T05:00:00Z,133.41,134.9,131.73,134.03,419543,10212,133.917
2025-01-14T05:00:00Z,134.42,136.3,134.07,135.48,499230,10790,135.366
2025-01-15T05:00:00Z,136.45,137.01,134.7,136.79,518230,10504,136.286
2025-01-16T05:00:00Z,137.25,139.85,136.845,138.3,344248,11036,138.609
2025-01-17T05:00:00Z,137.53,139.39,136.61,138.54,331269,9440,138.58
2025-01-21T05:00:00Z,139.12,141.55,139.12,140.73,314871,9720,140.646
2025-01-22T05:00:00Z,141.42,141.48,138.3,138.68,308470,10694,139.025
2025-01-23T05:00:00Z,137.17,138.88,136.31,138.81,356975,11007,138.118
2025-01-24T05:00:00Z,140.12,140.9,138.7,139.44,335520,11755,139.486
2025-01-27T05:00:00Z,138.6,138.6,135.68,138.41,324618,10725,137.949
2025-01-28T05:00:00Z,138.41,139.365,137.64,139.03,244452,8135,138.785
2025-01-29T05:00:00Z,138.9,139.61,136,137.46,292001,10721,137.507
2025-01-30T05:00:00Z,139.48,141.94,137.811,141.33,459271,14588,140.721
2025-01-31T05:00:00Z,141.55,142.24,138.76,139.82,629220,16161,139.856
2025-02-03T05:00:00Z,140.74,142.41,138.34,140.88,697100,17432,140.729
2025-02-04T05:00:00Z,141.64,142.82,140,142,486052,13789,141.774
2025-02-05T05:00:00Z,143,146.433,143,144.84,606445,15443,145.081
2025-02-06T05:00:00Z,144.84,145.265,143.73,144.95,358700,10174,144.769
2025-02-07T05:00:00Z,146.31,146.785,144.37,144.48,411929,11959,144.986
2025-02-10T05:00:00Z,147.72,147.85,146.12,147.07,318848,13530,147.007
2025-02-11T05:00:00Z,146.5,146.69,144.73,144.87,366945,13152,145.361
2025-02-12T05:00:00Z,143.64,148.49,143.4,147.19,473595,15579,146.391
2025-02-13T05:00:00Z,149.9,155.58,144.75,153.49,878661,22928,153.342
2025-02-14T05:00:00Z,155.03,155.64,146.65,146.83,880279,20707,148.317
2025-02-18T05:00:00Z,148.12,149.665,146.175,149.1,545495,14384,148.787
2025-02-19T05:00:00Z,148.11,149.789,147.412,149.24,352386,13041,148.939
2025-02-20T05:00:00Z,149.2,152.37,149.2,152.24,407920,12930,151.736
2025-02-21T05:00:00Z,151.39,151.65,147.97,148.45,524124,17309,148.815
2025-02-24T05:00:00Z,149.45,151.56,147.516,151.11,488359,13791,150.396
2025-02-25T05:00:00Z,150.44,151.02,147.503,150.86,384494,11736,150.029
2025-02-26T05:00:00Z,149.17,152.29,148,150.42,364207,10044,150.785
2025-02-27T05:00:00Z,148.29,148.945,144.8,145.04,349371,13883,146.098
2025-02-28T05:00:00Z,144,147.14,142.952,147,377672,10092,145.955
2025-03-03T05:00:00Z,148.29,150.145,147.06,147.56,381055,12163,148.126
2025-03-04T05:00:00Z,149.29,150,146.88,147.73,366733,11924,148.366
2025-03-05T05:00:00Z,147.71,150.87,147.2,150.66,433218,12626,149.972
2025-03-06T05:00:00Z,148.695,150.655,148.25,150.18,331328,11739,149.794
2025-03-07T05:00:00Z,150.29,155.24,149.66,154.17,557532,14606,153.622
2025-03-10T04:00:00Z,153.65,156.35,151.304,152.2,707591,18263,153.318
2025-03-11T04:00:00Z,154.525,157.67,153.12,153.89,459828,13891,154.454
2025-03-12T04:00:00Z,153.52,154.09,151.54,153.4,265206,10904,153.262
2025-03-13T04:00:00Z,153.94,156.215,151.7,153.54,527844,15068,153.598
2025-03-14T04:00:00Z,155.03,155.48,152.7,154.2,425465,13688,154.126
2025-03-17T04:00:00Z,154.7,156,154.405,155.09,410094,13870,155.109
2025-03-18T04:00:00Z,157.65,158.939,154.4,154.65,525642,15249,155.627
2025-03-19T04:00:00Z,154.38,155.17,152.89,154.76,541809,16169,154.479
2025-03-20T04:00:00Z,154.26,156.7,153.294,155.29,418222,13723,155.278
2025-03-21T04:00:00Z,154.05,157.46,152.62,157.01,1404866,17311,156.581
2025-03-24T04:00:00Z,157.41,159.225,156,157.17,380833,12979,157.281
2025-03-25T04:00:00Z,158.33,162.195,158.005,160.23,435102,13793,160.31
2025-03-26T04:00:00Z,161.14,161.385,159.34,159.34,373783,11877,159.866
2025-03-27T04:00:00Z,160.65,163.87,160.36,161.3,524537,15032,161.631
2025-03-28T04:00:00Z,163.61,164.18,160.08,162.19,526045,16179,162.251
2025-03-31T04:00:00Z,163.26,164.96,159.84,163.51,862028,18435,163.302
2025-04-01T04:00:00Z,163.02,164.506,161.62,164.26,526304,14369,163.659
2025-04-02T04:00:00Z,163.61,164.78,161.441,164.56,410002,11960,163.836
2025-04-03T04:00:00Z,158.71,169,158.04,167.27,843694,23443,166.669
2025-04-04T04:00:00Z,162,162.95,154.94,155.6,1089388,35769,157.658
2025-04-07T04:00:00Z,152.22,161.99,151.1,156.98,1145062,31233,156.28
2025-04-08T04:00:00Z,161.72,163.27,153.95,155.48,756385,23238,158.006
2025-04-09T04:00:00Z,159.75,168.74,157.26,164.54,1049464,30972,163.451
2025-04-10T04:00:00Z,165.66,173,165.598,170.97,922030,27080,171.108
2025-04-11T04:00:00Z,175.5,181.51,175.24,179.58,1077548,29494,178.891
2025-04-14T04:00:00Z,177.87,182.82,175.527,181.8,713107,19642,181.016
2025-04-15T04:00:00Z,183.81,185.65,181,185,608193,18922,184.215
2025-04-16T04:00:00Z,189,191.22,185.35,186.45,1069488,27508,187.76
2025-04-17T04:00:00Z,185.85,186.85,183.097,184.9,566954,16420,185.303
2025-04-21T04:00:00Z,190.2,191.776,183.6,185.92,702455,19602,186.838
2025-04-22T04:00:00Z,186.7,187.185,180.5,181.35,930276,25279,183.227
2025-04-23T04:00:00Z,175.17,181.12,173.263,180.57,515727,17051,178.921
2025-04-24T04:00:00Z,183.21,183.77,181.103,183.6,366057,12365,183.068
2025-04-25T04:00:00Z,179.04,181.489,177.86,178.87,523812,16702,178.81
2025-04-28T04:00:00Z,178.27,181.17,177.22,180.84,435678,13533,180.068
2025-04-29T04:00:00Z,179.84,180.85,178.6,180.38,407190,12190,180.171
2025-04-30T04:00:00Z,178.64,182.86,178.62,182.71,872760,13274,182.048
2025-05-01T04:00:00Z,179.06,179.85,176.39,178.08,505879,15133,178.142
2025-05-02T04:00:00Z,180,180,175.11,176.51,517708,16026,176.569
2025-05-05T04:00:00Z,179.72,180,175.5,179.24,555649,17828,178.428
2025-05-06T04:00:00Z,181.78,184.765,179.68,184.53,501287,16101,183.011
2025-05-07T04:00:00Z,180.29,184.12,179.25,182.65,644820,20419,182.672
2025-05-08T04:00:00Z,180.27,183.3,178.41,178.72,516378,20559,179.681
2025-05-09T04:00:00Z,181.02,184.476,178.56,184.41,439468,16487,182.856
2025-05-12T04:00:00Z,176.23,178.99,170.421,170.87,743784,24353,172.233
2025-05-13T04:00:00Z,170.64,171.13,167.66,169.26,593626,18650,169.221
2025-05-14T04:00:00Z,165.91,166.515,164.2,165.63,655570,18200,165.347
2025-05-15T04:00:00Z,166.46,169.32,165.805,169.29,416321,12901,168.212
2025-05-16T04:00:00Z,167.125,171.19,166.01,171.14,606842,13842,170.115
2025-05-19T04:00:00Z,172.57,173.124,170.698,173.1,386853,12944,172.637
2025-05-20T04:00:00Z,172.78,177.69,172.78,177.56,479111,15452,176.45
2025-05-21T04:00:00Z,177.56,179.98,176.935,179.7,395559,15110,179.009
2025-05-22T04:00:00Z,179.6,179.6,175.34,176.73,463374,15949,176.973
2025-05-23T04:00:00Z,179.43,181.69,176.57,180.59,389221,15109,180.157
2025-05-27T04:00:00Z,178.23,180,178.125,178.68,323465,13453,178.88
2025-05-28T04:00:00Z,179.01,179.91,177.6,178.48,296887,14452,178.56
2025-05-29T04:00:00Z,178.64,180.56,177,179.4,334502,13228,179.323
2025-05-30T04:00:00Z,178.94,180.095,176.595,178.12,824841,20950,177.988
2025-06-02T04:00:00Z,180.02,187.3,179.985,186.71,603046,19863,186.109
2025-06-03T04:00:00Z,183.92,186.101,182.49,185.37,374577,15960,184.698
2025-06-04T04:00:00Z,186.02,186.71,183.7,183.94,399335,16842,184.802
2025-06-05T04:00:00Z,185.48,187.62,182.61,183.85,504732,20123,184.322
2025-06-06T04:00:00Z,183.71,183.72,175.42,175.93,682140,23853,177.302
2025-06-09T04:00:00Z,176.26,177.86,173.908,176.77,490970,18034,176.481
2025-06-10T04:00:00Z,176.96,177.24,172.89,173.66,410303,14836,174.173
2025-06-11T04:00:00Z,173.66,174.66,172.29,174.56,603741,13853,174.11
2025-06-12T04:00:00Z,176.72,179.58,176.025,179.03,406212,14721,178.516
2025-06-13T04:00:00Z,180.02,183.48,179.59,182.29,1697545,15768,182.113
2025-06-16T04:00:00Z,181.37,182.34,179.27,179.7,791447,24855,180.263
2025-06-17T04:00:00Z,180.22,181.39,177.95,179.8,480353,16014,179.765
2025-06-18T04:00:00Z,179.12,180.67,178,179.13,344485,12934,179.438
2025-06-20T04:00:00Z,177.86,182.08,177.86,179.35,1144401,13743,179.255
2025-06-23T04:00:00Z,180,185.369,180,183.07,485759,15834,183.424
2025-06-24T04:00:00Z,178.51,179.633,175,178.14,519053,15514,178.303
2025-06-25T04:00:00Z,176.87,178.83,176.422,176.68,459010,11146,177.124
2025-06-26T04:00:00Z,177.55,180.02,176.68,179.96,433403,14636,178.817
2025-06-27T04:00:00Z,175.88,176.465,172.31,175.48,712081,15303,175.086
2025-06-30T04:00:00Z,176.5,178.075,174.38,177.84,419314,15611,177.243
2025-07-01T04:00:00Z,179.84,180.625,177.33,177.62,369323,13276,178.004
2025-07-02T04:00:00Z,179.18,180.59,177.927,179.3,421895,14489,179.475
2025-07-03T04:00:00Z,178.25,180.27,177.583,179.82,251305,9241,179.238
2025-07-07T04:00:00Z,166.93,168.63,156.64,168.24,3050380,66667,165.677
2025-07-08T04:00:00Z,167.5,167.51,158.66,160.23,1916468,50390,161.255
2025-07-09T04:00:00Z,161,161.25,158.08,160.39,990495,28330,160.084
2025-07-10T04:00:00Z,160.72,161.125,157.77,159.79,840036,23398,159.26
2025-07-11T04:00:00Z,161.26,161.726,158.7,159.96,1134376,25424,160.018
2025-07-14T04:00:00Z,159.96,162.439,159.001,159.82,1289313,33775,160.165
2025-07-15T04:00:00Z,160.17,160.475,155.77,157.81,1001641,29930,157.714
2025-07-16T04:00:00Z,158.08,159.68,156.185,157.67,791317,21991,157.833
2025-07-17T04:00:00Z,156,156.025,152.675,155.11,1106442,29459,154.638
2025-07-18T04:00:00Z,156.8,156.9,154.48,154.76,674819,20642,155.024
2025-07-21T04:00:00Z,157,159.375,156.82,157.48,846659,22131,158.029
2025-07-22T04:00:00Z,158.32,159.86,156.906,158.09,1228367,28694,158.339
2025-07-23T04:00:00Z,158.09,158.09,155.735,157.26,847576,25362,157.098
2025-07-24T04:00:00Z,155.82,157.35,154.45,155.57,587566,18281,156.033
2025-07-25T04:00:00Z,154.69,156.35,153.5,154.99,652151,21961,154.721
2025-07-28T04:00:00Z,154.1,154.52,151.53,151.93,674190,22649,152.158
2025-07-29T04:00:00Z,151.8,153.32,150.75,152.625,775374,23318,152.379
2025-07-30T04:00:00Z,151.6,153.55,151.01,152.11,1083233,29642,152.299
2025-07-31T04:00:00Z,152.03,154.42,150.99,151.42,915824,20897,151.901
2025-08-01T04:00:00Z,154.67,155.28,151.5,152.64,881181,24073,152.977
2025-08-04T04:00:00Z,154.62,157,154.32,156.43,710491,24721,156.194
2025-08-05T04:00:00Z,157,161.84,156.435,160.18,1411448,39720,160.164
2025-08-06T04:00:00Z,161.15,161.855,160.08,161.33,1130283,28222,161.235
2025-08-07T04:00:00Z,162.81,166.9,162.02,165.33,1187599,32787,165.462
2025-08-08T04:00:00Z,167.88,170.68,166.664,168.97,1015623,27296,168.959
2025-08-11T04:00:00Z,165.95,172.32,164.13,170.6,942732,27723,170.371
2025-08-12T04:00:00Z,171.78,172.42,169.319,172.34,611234,19784,171.441
2025-08-13T04:00:00Z,173.88,174.14,170.51,172.26,867084,22348,172.085
2025-08-14T04:00:00Z,171.85,172.67,168.72,169.61,652604,18054,169.925
2025-08-15T04:00:00Z,169.18,172.32,168,171.45,955179,20271,171.13
2025-08-18T04:00:00Z,171,172.78,170.6,171.55,573011,16581,171.44
2025-08-19T04:00:00Z,171.68,171.68,166.515,166.71,815688,18296,167.623
2025-08-20T04:00:00Z,167.99,169.87,167.277,169.71,590444,16130,169.378
2025-08-21T04:00:00Z,169.38,175.01,169,174.75,717578,20527,173.889
2025-08-22T04:00:00Z,174.475,177.78,173.275,177.44,635474,21167,176.79
2025-08-25T04:00:00Z,177.35,178.93,174.02,174.55,652918,20740,175.074
2025-08-26T04:00:00Z,174.95,179.11,174.95,177.89,743455,19725,177.876
2025-08-27T04:00:00Z,176.41,177.315,174.95,176.97,597115,14859,176.656
2025-08-28T04:00:00Z,177.29,177.29,174.72,176.03,475377,16311,175.975
2025-08-29T04:00:00Z,176.4,180.195,176.14,179.58,688634,17444,179.419
2025-09-02T04:00:00Z,181.08,184.11,179,182.97,939647,28186,182.493
2025-09-03T04:00:00Z,184.34,185.384,179.82,180.91,913776,25187,182.171
2025-09-04T04:00:00Z,179.14,181.095,177.62,180.46,558412,18991,180.272
2025-09-05T04:00:00Z,183.38,185.68,181.1,184.86,947537,23905,184.82
2025-09-08T04:00:00Z,187.61,187.91,185.135,186.43,784719,20788,186.151
2025-09-09T04:00:00Z,187.03,187.84,183.85,185.01,723939,21006,185.06
2025-09-10T04:00:00Z,185.4,188.395,185.255,186.18,627097,20442,186.375
2025-09-11T04:00:00Z,184.8,189.2,184.2,189.16,520794,18883,187.598
2025-09-12T04:00:00Z,189.955,191.13,187.827,189.32,616647,18503,189.078
2025-09-15T04:00:00Z,190.48,195.86,189.275,195.43,1133927,29864,194.453
2025-09-16T04:00:00Z,196,196,190.465,190.59,946172,25129,191.817
2025-09-17T04:00:00Z,189.39,192.11,186.66,188.1,993733,28156,189.159
2025-09-18T04:00:00Z,186.25,188.14,183.58,188.02,812658,22825,186.888
2025-09-19T04:00:00Z,187.66,192.66,186.4,191.67,4324435,30661,191.409
2025-09-22T04:00:00Z,195,195.31,188.45,191.52,1352056,30287,191.068
2025-09-23T04:00:00Z,192.92,194.76,191.65,191.92,930655,22821,192.44
2025-09-24T04:00:00Z,191.91,193.31,189.05,189.46,751538,21419,190.344
2025-09-25T04:00:00Z,189.91,193.56,188.95,193.11,1129980,27752,191.881
2025-09-26T04:00:00Z,193.4,198.125,193.085,196.71,1285714,29904,196.288
2025-09-29T04:00:00Z,200,201,196.33,198.5,1142457,25392,198.406
2025-09-30T04:00:00Z,197.29,202.38,195.48,200.58,983991,25572,200.407
2025-10-01T04:00:00Z,201.5,203.18,197.71,200.09,1084858,28081,200.826
2025-10-02T04:00:00Z,201.01,202,193.21,199.03,1006633,27603,197.654
2025-10-03T04:00:00Z,199.7,200.9,198.16,200.34,992229,24883,200.032
2025-10-06T04:00:00Z,203.33,205.9,202.795,203.57,1031994,26460,204.444
2025-10-07T04:00:00Z,204.41,204.88,196.73,197.985,1194111,31160,198.457
2025-10-08T04:00:00Z,201.66,205.39,198.39,205.23,1115964,28027,204.074
2025-10-09T04:00:00Z,206,206.492,190.51,192.73,1257042,35218,195.185
2025-10-10T04:00:00Z,193.59,195.67,192.16,194.47,852241,25717,193.812
2025-10-13T04:00:00Z,198.77,201.105,196.56,199.47,783022,22360,199.015
2025-10-14T04:00:00Z,197.97,204.08,196.305,199.68,1344757,33369,200.967
2025-10-15T04:00:00Z,202.01,203.775,199.79,202.24,1346568,32912,201.627
2025-10-16T04:00:00Z,202.64,209.42,201.96,206.65,1587958,38421,206.896
2025-10-17T04:00:00Z,203.4,203.98,193.08,193.76,6041181,51651,194.301
2025-10-20T04:00:00Z,196.65,199.16,193.84,194.12,1836998,35335,195.838
2025-10-21T04:00:00Z,185.75,188,183.14,184.64,1862375,43741,185.419
2025-10-22T04:00:00Z,180.26,186.349,179.6,183.58,1569421,32806,183.14
2025-10-23T04:00:00Z,186.565,186.565,181.76,183.41,1242145,27639,183.251
2025-10-24T04:00:00Z,180,185.145,179.62,182.47,813310,22337,182.786
2025-10-27T04:00:00Z,178.73,181.217,175.115,177.59,1007492,29443,177.646
2025-10-28T04:00:00Z,175.61,181.35,174.612,180.59,1112265,25317,179.389
2025-10-29T04:00:00Z,183.41,183.53,175.928,176.82,1216878,27384,178.109
2025-10-30T04:00:00Z,177,178.45,175.16,177.82,1061471,24700,177.398
2025-10-31T04:00:00Z,177.29,177.425,174.01,174.79,1342514,25711,175.262
2025-11-03T05:00:00Z,174.73,174.929,171.775,174.67,686832,22400,173.87
2025-11-04T05:00:00Z,171.71,172.455,168.88,169.08,1211939,24023,169.639
2025-11-05T05:00:00Z,170.58,173.81,169.87,173.32,1294074,30650,172.901
2025-11-06T05:00:00Z,172.37,175.49,169.54,169.67,1344930,30808,170.974
2025-11-07T05:00:00Z,171,176.73,170.89,175.82,1261801,25230,174.659
2025-11-10T05:00:00Z,180.22,185.305,177.49,184.73,1474292,31875,183.493
2025-11-11T05:00:00Z,185.94,187.77,185,187.36,1094338,21031,186.98
2025-11-12T05:00:00Z,188,194.59,186.503,193.51,970457,26106,192.505
2025-11-13T05:00:00Z,194.9,195,187.56,189.47,935597,24910,190.151
2025-11-14T05:00:00Z,181.64,188,181.01,185.83,659311,20819,185.814
2025-11-17T05:00:00Z,185.91,187.62,183.06,184.07,725660,18536,184.576
2025-11-18T05:00:00Z,186.1,187.34,183.31,185.5,849575,15744,185.505
2025-11-19T05:00:00Z,189.15,191.3,187.197,188.43,680949,21602,189.091
2025-11-20T05:00:00Z,189.22,191.52,182.05,183.79,834210,23182,184.66
2025-11-21T05:00:00Z,183.79,187.41,182.9,184.6,1205849,23113,184.795
2025-11-24T05:00:00Z,185.94,191.09,185.27,190.87,764613,18047,190.097
2025-11-25T05:00:00Z,190.88,193.44,190,192.38,685651,19744,192.152
2025-11-26T05:00:00Z,194.81,201.64,194.69,201.05,739404,23638,199.713
2025-11-28T05:00:00Z,201.3,203.96,201.3,203.84,523101,15872,202.736
2025-12-01T05:00:00Z,204.41,205.69,199.33,201.25,716566,25587,201.633
2025-12-02T05:00:00Z,199.53,200.92,195.25,200.19,613873,21659,199.325
2025-12-03T05:00:00Z,201.51,202.88,199.266,200.64,612026,18313,201.225
2025-12-04T05:00:00Z,197.91,203.36,196,203.11,594886,21173,202.159
2025-12-05T05:00:00Z,204.13,207.66,201.3,201.66,573384,21256,202.617
2025-12-08T05:00:00Z,203.42,204.362,198.14,198.33,754518,24435,199.513
2025-12-09T05:00:00Z,199.46,203.31,199,203.14,505755,19445,202.259
2025-12-10T05:00:00Z,203.17,209.6,202.138,209.42,1089562,23654,207.16
2025-12-11T05:00:00Z,210,219.29,209,218.52,924302,32149,217.295
2025-12-12T05:00:00Z,222.99,224.77,216.77,218.75,1143845,27653,220.008
2025-12-15T05:00:00Z,220.58,222,214.72,216,1283759,27444,216.299
2025-12-16T05:00:00Z,216.28,220.98,216.13,218.09,1370458,24707,218.304
2025-12-17T05:00:00Z,220.12,222.49,217.725,222.29,1732470,32088,221.124
2025-12-18T05:00:00Z,221.8,227.71,221,223.58,1581212,27546,223.949
2025-12-19T05:00:00Z,224.39,229.89,224.29,227.64,2699052,27170,227.62
2025-12-22T05:00:00Z,232.11,234.38,229.56,231.67,773716,21735,231.864
2025-12-23T05:00:00Z,233.68,234.22,230.35,233.22,738446,21411,232.952
2025-12-24T05:00:00Z,233.39,234,230.01,233.11,343930,9523,232.067
2025-12-26T05:00:00Z,234.53,235.52,231.21,233.32,542811,14002,233.688
2025-12-29T05:00:00Z,225.16,228.55,222.5,225.32,922964,23224,225.318
2025-12-30T05:00:00Z,228.99,231.05,224.69,225,722559,18381,226.063
2025-12-31T05:00:00Z,223,225.994,221.34,222.29,584203,16565,222.786
