timestamp,open,high,low,close,volume,tradeCount,vwap
2016-01-04T05:00:00Z,0.6139,0.6438,0.5714,0.6161,131531,586,0.604864
2016-01-05T05:00:00Z,0.6657,0.6657,0.57,0.5713,414960,2038,0.592674
2016-01-06T05:00:00Z,0.56,0.56,0.42,0.42,1375804,2177,0.469469
2016-01-07T05:00:00Z,0.3624,0.4334,0.352,0.38,1996570,4169,0.37308
2016-01-08T05:00:00Z,0.3862,0.44,0.3801,0.44,741860,2534,0.399635
2016-01-11T05:00:00Z,0.46,0.46,0.35,0.3601,627571,1160,0.399711
2016-01-12T05:00:00Z,0.38,0.408,0.35,0.3678,353227,1116,0.367599
2016-01-13T05:00:00Z,0.4,0.4206,0.3135,0.38,469756,1277,0.363035
2016-01-14T05:00:00Z,0.4,0.454,0.34,0.4512,475492,1690,0.421325
2016-01-15T05:00:00Z,0.44,0.4549,0.382,0.426,274631,1338,0.426346
2016-01-19T05:00:00Z,0.41,0.45,0.38,0.385,194174,828,0.397428
2016-01-20T05:00:00Z,0.385,0.428,0.3826,0.4006,343621,1084,0.390798
2016-01-21T05:00:00Z,0.39,0.45,0.39,0.405,263689,762,0.422912
2016-01-22T05:00:00Z,0.4378,0.445,0.406,0.4376,289371,729,0.429952
2016-01-25T05:00:00Z,0.47,0.47,0.4051,0.4051,203325,488,0.429063
2016-01-26T05:00:00Z,0.4051,0.43,0.4051,0.4178,37488,181,0.413308
2016-01-27T05:00:00Z,0.4201,0.4285,0.4,0.4001,165116,546,0.418282
2016-01-28T05:00:00Z,0.42,0.44,0.3851,0.39,404400,1167,0.406732
2016-01-29T05:00:00Z,0.4,0.4319,0.39,0.4197,293038,1048,0.413205
2016-02-01T05:00:00Z,0.438,0.438,0.3995,0.4034,105302,369,0.413096
2016-02-02T05:00:00Z,0.42,0.438,0.41,0.4259,211019,567,0.420202
2016-02-03T05:00:00Z,0.41,0.4599,0.41,0.4334,234633,763,0.432002
2016-02-04T05:00:00Z,0.428,0.4799,0.415,0.43,187021,676,0.444768
2016-02-05T05:00:00Z,0.46,0.46,0.415,0.415,173428,366,0.430855
2016-02-08T05:00:00Z,0.41,0.427,0.4,0.4205,170172,488,0.411711
2016-02-09T05:00:00Z,0.418,0.425,0.4,0.4001,325562,755,0.406028
2016-02-10T05:00:00Z,0.4,0.42,0.4,0.411,101745,347,0.409653
2016-02-11T05:00:00Z,0.4105,0.4138,0.4,0.4001,319964,938,0.404536
2016-02-12T05:00:00Z,0.4,0.4224,0.399,0.3991,214130,752,0.401856
2016-02-16T05:00:00Z,0.4,0.4307,0.3902,0.4004,428078,940,0.405017
2016-02-17T05:00:00Z,0.4116,0.497,0.395,0.4931,1336257,2085,0.431871
2016-02-18T05:00:00Z,0.47,0.47,0.4348,0.4348,394995,626,0.449959
2016-02-19T05:00:00Z,0.4222,0.4669,0.4222,0.4539,72820,222,0.457503
2016-02-22T05:00:00Z,0.42,0.5386,0.42,0.5307,168350,451,0.505184
2016-02-23T05:00:00Z,0.55,0.5816,0.5205,0.5799,171302,424,0.558086
2016-02-24T05:00:00Z,0.57,0.6,0.53,0.574,271267,606,0.57514
2016-02-25T05:00:00Z,0.6,0.63,0.524,0.6079,187721,477,0.599222
2016-02-26T05:00:00Z,0.63,0.63,0.5797,0.6046,435961,551,0.607116
2016-02-29T05:00:00Z,0.6,0.62,0.58,0.6184,354731,849,0.599099
2016-03-01T05:00:00Z,0.62,0.65,0.5601,0.6353,547895,1083,0.620936
2016-03-02T05:00:00Z,0.64,0.64,0.6028,0.6101,407127,932,0.623486
2016-03-03T05:00:00Z,0.62,0.7911,0.6103,0.779,695830,1172,0.676894
2016-03-04T05:00:00Z,0.81,0.92,0.8,0.9174,1775510,2720,0.878792
2016-03-07T05:00:00Z,0.92,0.9796,0.88,0.97,973801,2233,0.941686
2016-03-08T05:00:00Z,1,1.02,0.86,0.877,923517,1518,0.924793
2016-03-09T05:00:00Z,0.8818,0.9396,0.8101,0.85,431562,908,0.883624
2016-03-10T05:00:00Z,0.85,0.899,0.78,0.795,479150,1164,0.835084
2016-03-11T05:00:00Z,0.79,0.8,0.75,0.7739,850349,2099,0.78031
2016-03-14T04:00:00Z,0.793,0.88,0.75,0.7935,286197,632,0.783411
2016-03-15T04:00:00Z,0.8,0.8,0.72,0.7263,343581,1147,0.734601
2016-03-16T04:00:00Z,0.73,0.7899,0.72,0.7326,111002,505,0.743079
2016-03-17T04:00:00Z,0.7407,0.7899,0.7273,0.78,157265,542,0.76741
2016-03-18T04:00:00Z,0.77,0.78,0.72,0.72,296733,1114,0.74903
2016-03-21T04:00:00Z,0.77,0.7732,0.72,0.72,134399,541,0.732715
2016-03-22T04:00:00Z,0.745,0.745,0.66,0.7,351705,792,0.681496
2016-03-23T04:00:00Z,0.67,0.72,0.62,0.6431,155306,511,0.656685
2016-03-24T04:00:00Z,0.62,0.6798,0.61,0.6506,115629,428,0.642661
2016-03-28T04:00:00Z,0.68,0.68,0.6202,0.6465,115676,381,0.65031
2016-03-29T04:00:00Z,0.65,0.7,0.62,0.7,408794,625,0.663318
2016-03-30T04:00:00Z,0.7,0.7,0.67,0.69,119089,292,0.691152
2016-03-31T04:00:00Z,0.7,0.7547,0.65,0.75,262790,1041,0.714769
2016-04-01T04:00:00Z,0.75,0.76,0.7352,0.7599,220416,498,0.746199
2016-04-04T04:00:00Z,0.76,0.76,0.74,0.7501,166508,467,0.756643
2016-04-05T04:00:00Z,0.74,0.76,0.74,0.7401,154055,652,0.743008
2016-04-06T04:00:00Z,0.76,0.78,0.7451,0.7551,117493,459,0.75505
2016-04-07T04:00:00Z,0.77,0.8,0.77,0.7928,329520,855,0.782335
2016-04-08T04:00:00Z,0.81,0.971,0.7929,0.9107,404486,1034,0.896478
2016-04-11T04:00:00Z,0.99,0.99,0.9203,0.9776,417778,1296,0.963632
2016-04-12T04:00:00Z,0.98,1.05,0.97,1.02,588498,2032,1.00433
2016-04-13T04:00:00Z,1.06,1.06,1,1.03,831106,1800,1.0122
2016-04-14T04:00:00Z,1.03,1.03,0.9125,0.93,528452,1525,0.959544
2016-04-15T04:00:00Z,0.96,1.01,0.9315,0.981,750233,1905,0.971249
2016-04-18T04:00:00Z,1.02,1.02,0.9497,0.968,637503,1224,0.977305
2016-04-19T04:00:00Z,0.99,1,0.94,0.9854,578480,1001,0.98554
2016-04-20T04:00:00Z,0.9851,1.02,0.9851,1.02,2242294,3775,1.0011
2016-04-21T04:00:00Z,1.09,1.09,0.9721,1,1410916,2340,1.02957
2016-04-22T04:00:00Z,0.99,1.03,0.95,1,1095456,2964,1.00812
2016-04-25T04:00:00Z,1.04,1.04,0.9517,0.98,293683,894,0.985225
2016-04-26T04:00:00Z,0.98,1.02,0.9593,0.98,262368,1042,0.982445
2016-04-27T04:00:00Z,1.01,1.01,0.94,0.9631,571708,1297,0.958932
2016-04-28T04:00:00Z,0.9586,1.22,0.9501,1.03,1663746,4193,1.10053
2016-04-29T04:00:00Z,1.06,1.15,0.9896,1.06,1045529,2100,1.04848
2016-05-02T04:00:00Z,1.07,1.09,0.98,0.98,366812,971,1.00406
2016-05-03T04:00:00Z,0.99,1,0.841,0.8852,1001994,1673,0.899379
2016-05-04T04:00:00Z,0.88,0.8852,0.8,0.83,290005,725,0.852912
2016-05-05T04:00:00Z,0.8411,0.85,0.7792,0.79,480680,523,0.795438
2016-05-06T04:00:00Z,0.79,0.88,0.76,0.8256,442974,890,0.81302
2016-05-09T04:00:00Z,0.8,0.8592,0.7211,0.7487,682857,902,0.778628
2016-05-10T04:00:00Z,0.74,0.8011,0.74,0.793,271784,874,0.770584
2016-05-11T04:00:00Z,0.789,0.789,0.74,0.767,133148,449,0.768677
2016-05-12T04:00:00Z,0.79,0.7962,0.6704,0.7134,634959,1050,0.726493
2016-05-13T04:00:00Z,0.68,0.79,0.68,0.7401,329469,617,0.729079
2016-05-16T04:00:00Z,0.762,0.81,0.7342,0.7342,298682,559,0.7686
2016-05-17T04:00:00Z,0.752,0.8284,0.752,0.78,249926,662,0.794226
2016-05-18T04:00:00Z,0.8,0.84,0.74,0.7581,184832,668,0.786355
2016-05-19T04:00:00Z,0.737,0.808,0.7125,0.8,389147,2080,0.74425
2016-05-20T04:00:00Z,0.776,0.8396,0.75,0.76,88893,453,0.78643
2016-05-23T04:00:00Z,0.76,0.85,0.74,0.8,251392,511,0.819673
2016-05-24T04:00:00Z,0.836,0.8551,0.77,0.78,116889,384,0.790186
2016-05-25T04:00:00Z,0.75,0.795,0.742,0.7949,238331,596,0.757287
2016-05-26T04:00:00Z,0.8,0.8195,0.751,0.752,118066,323,0.774498
2016-05-27T04:00:00Z,0.752,0.7977,0.75,0.7631,127429,446,0.767568
2016-05-31T04:00:00Z,0.78,0.86,0.76,0.8092,332333,951,0.815519
2016-06-01T04:00:00Z,0.799,0.8018,0.76,0.765,153469,580,0.770585
2016-06-02T04:00:00Z,0.76,0.79,0.75,0.771,172584,608,0.763458
2016-06-03T04:00:00Z,0.7517,0.8096,0.75,0.7641,224391,486,0.757796
2016-06-06T04:00:00Z,0.75,0.87,0.75,0.8052,343438,630,0.804225
2016-06-07T04:00:00Z,0.815,0.8151,0.78,0.7881,198342,502,0.795652
2016-06-08T04:00:00Z,0.77,0.83,0.77,0.8107,255862,455,0.811697
2016-06-09T04:00:00Z,0.8,0.8,0.79,0.8,78001,198,0.797496
2016-06-10T04:00:00Z,0.78,0.7984,0.72,0.72,124666,358,0.766762
2016-06-13T04:00:00Z,0.742,0.756,0.7,0.7,212553,826,0.719802
2016-06-14T04:00:00Z,0.7,0.7582,0.65,0.6679,533613,1258,0.679847
2016-06-15T04:00:00Z,0.68,0.7346,0.6607,0.71,329673,878,0.706207
2016-06-16T04:00:00Z,0.725,0.7409,0.6682,0.67,184292,598,0.683558
2016-06-17T04:00:00Z,0.67,0.7,0.651,0.69,324133,837,0.677352
2016-06-20T04:00:00Z,3.37,3.73,2.8101,3.49,83542,457,3.45977
2016-06-21T04:00:00Z,3.45,3.45,3.31,3.31,67928,426,3.32233
2016-06-22T04:00:00Z,3.31,3.57,3.16,3.18,302233,859,3.36818
2016-06-23T04:00:00Z,3.26,3.2699,3.13,3.19,71675,501,3.19757
2016-06-24T04:00:00Z,3.03,3.07,2.9,2.95,146672,665,2.99108
2016-06-27T04:00:00Z,2.89,2.92,2.6105,2.66,111216,595,2.77194
2016-06-28T04:00:00Z,2.73,2.88,2.73,2.87,50774,310,2.83979
2016-06-29T04:00:00Z,2.91,3.07,2.9,3.02,82016,319,2.98408
2016-06-30T04:00:00Z,3,3.1,2.95,2.96,73104,406,3.00214
2016-07-01T04:00:00Z,3,3.16,2.92,2.93,374080,1045,3.03134
2016-07-05T04:00:00Z,2.92,3.07,2.92,3.01,80698,318,3.02493
2016-07-06T04:00:00Z,2.96,3.308,2.96,3.27,67763,336,3.1956
2016-07-07T04:00:00Z,3.25,3.3,3.18,3.2,31927,168,3.25966
2016-07-08T04:00:00Z,3.25,3.63,3.1101,3.58,134337,890,3.44103
2016-07-11T04:00:00Z,3.65,3.6829,3.28,3.43,60454,313,3.50502
2016-07-12T04:00:00Z,3.5,3.87,3.5,3.71,101305,614,3.75222
2016-07-13T04:00:00Z,3.73,3.88,3.69,3.78,58463,358,3.79609
2016-07-14T04:00:00Z,3.87,3.92,3.71,3.76,48238,288,3.81068
2016-07-15T04:00:00Z,3.75,3.75,3.62,3.65,57139,374,3.68047
2016-07-18T04:00:00Z,3.65,3.88,3.63,3.855,69852,267,3.74491
2016-07-19T04:00:00Z,4.12,4.24,4.02,4.06,220837,740,4.12638
2016-07-20T04:00:00Z,4.05,4.14,3.986,4.09,106283,630,4.10649
2016-07-21T04:00:00Z,4.13,4.57,4.13,4.45,251205,1029,4.37662
2016-07-22T04:00:00Z,4.5,4.6199,4.12,4.17,135567,444,4.23732
2016-07-25T04:00:00Z,4.2,4.21,3.89,3.93,111658,441,4.00245
2016-07-26T04:00:00Z,3.9,3.95,3.84,3.87,70087,403,3.88514
2016-07-27T04:00:00Z,3.85,4,3.84,3.91,37879,191,3.95268
2016-07-28T04:00:00Z,3.91,4,3.86,4,23790,166,3.92416
2016-07-29T04:00:00Z,3.98,4.49,3.94,4.45,124684,476,4.24934
2016-08-01T04:00:00Z,4.31,4.3453,4.12,4.21,66733,319,4.21639
2016-08-02T04:00:00Z,4.17,4.173,4,4.06,31493,183,4.09416
2016-08-03T04:00:00Z,4.1062,4.21,4,4.18,17932,123,4.11725
2016-08-04T04:00:00Z,4.14,4.15,4.05,4.11,19105,107,4.09694
2016-08-05T04:00:00Z,4.13,4.44,4.1,4.4,57337,301,4.27795
2016-08-08T04:00:00Z,4.4,4.5,4.39,4.42,160008,591,4.45048
2016-08-09T04:00:00Z,4.45,4.49,4.16,4.17,94350,492,4.35265
2016-08-10T04:00:00Z,4.17,4.35,3.95,3.99,108393,600,4.0807
2016-08-11T04:00:00Z,4,4.28,3.97,4,49512,200,4.0063
2016-08-12T04:00:00Z,4.01,4.09,3.96,4.01,77960,242,4.03754
2016-08-15T04:00:00Z,4,4,3.95,4,86698,294,3.98597
2016-08-16T04:00:00Z,4,4.42,4,4.17,127873,544,4.22616
2016-08-17T04:00:00Z,4.18,4.32,4.09,4.14,31543,135,4.12492
2016-08-18T04:00:00Z,4.1,4.29,4.1,4.2,38909,203,4.20038
2016-08-19T04:00:00Z,4.11,4.34,4.105,4.2,61341,235,4.1887
2016-08-22T04:00:00Z,4.13,4.27,4.09,4.095,65032,245,4.17699
2016-08-23T04:00:00Z,4.14,4.19,4.06,4.125,16344,94,4.12044
2016-08-24T04:00:00Z,4.08,4.13,4.07,4.1,46591,165,4.09828
2016-08-25T04:00:00Z,4.098,4.185,4,4.13,44432,236,4.09682
2016-08-26T04:00:00Z,4.13,4.45,4.11,4.27,167519,632,4.29775
2016-08-29T04:00:00Z,4.26,4.37,4.23,4.3,97562,400,4.29641
2016-08-30T04:00:00Z,4.28,4.33,4.08,4.2,64300,331,4.18442
2016-08-31T04:00:00Z,4.12,4.24,4.11,4.19,137666,482,4.16009
2016-09-01T04:00:00Z,4.19,4.19,4.06,4.1,46438,220,4.11218
2016-09-02T04:00:00Z,4.11,4.1628,4.03,4.11,54281,212,4.10159
2016-09-06T04:00:00Z,4.24,4.39,4.14,4.33,135061,612,4.29755
2016-09-07T04:00:00Z,4.38,4.69,4.38,4.62,249867,1204,4.52516
2016-09-08T04:00:00Z,4.75,5.54,4.75,5.54,431336,2431,5.26366
2016-09-09T04:00:00Z,5.43,5.5075,5.16,5.3,192115,1077,5.34996
2016-09-12T04:00:00Z,5.2,5.25,4.9003,4.94,169135,800,5.0774
2016-09-13T04:00:00Z,4.84,4.91,4.62,4.67,89852,580,4.72159
2016-09-14T04:00:00Z,4.54,4.73,4.53,4.67,105282,476,4.62847
2016-09-15T04:00:00Z,4.58,4.58,4.3,4.39,894822,2766,4.40561
2016-09-16T04:00:00Z,4.59,4.84,4.44,4.45,525109,2187,4.59029
2016-09-19T04:00:00Z,4.55,4.94,4.55,4.85,430433,1426,4.7377
2016-09-20T04:00:00Z,4.8,5.23,4.8,4.86,225577,1357,5.01022
2016-09-21T04:00:00Z,4.96,5.16,4.94,4.98,171218,1065,5.01274
2016-09-22T04:00:00Z,5.1,5.11,4.988,5.03,258140,1301,5.04071
2016-09-23T04:00:00Z,4.95,5.2,4.93,5.07,236002,1045,5.06838
2016-09-26T04:00:00Z,5,5.01,4.7,4.83,226729,884,4.83979
2016-09-27T04:00:00Z,5.01,5.45,4.62,4.63,319887,1637,4.81391
2016-09-28T04:00:00Z,4.67,4.78,4.415,4.78,226392,826,4.55486
2016-09-29T04:00:00Z,4.81,4.86,4.54,4.54,148435,970,4.62881
2016-09-30T04:00:00Z,4.59,4.6497,4.45,4.54,127797,835,4.51836
2016-10-03T04:00:00Z,4.56,4.73,4.45,4.62,88670,643,4.61705
2016-10-04T04:00:00Z,4.65,4.71,4.54,4.58,170064,542,4.63655
2016-10-05T04:00:00Z,4.63,5.05,4.61,4.86,283395,1310,4.89751
2016-10-06T04:00:00Z,4.87,5.03,4.83,4.99,257839,1443,4.95502
2016-10-07T04:00:00Z,4.99,5.05,4.74,4.77,118126,557,4.92227
2016-10-10T04:00:00Z,5.01,5.04,4.51,4.55,414840,1833,4.70371
2016-10-11T04:00:00Z,4.58,4.68,4.55,4.66,143156,831,4.63333
2016-10-12T04:00:00Z,4.65,4.8399,4.585,4.71,98866,432,4.70449
2016-10-13T04:00:00Z,4.71,4.73,4.59,4.71,143031,859,4.68971
2016-10-14T04:00:00Z,4.75,4.88,4.62,4.72,120281,604,4.71255
2016-10-17T04:00:00Z,4.7,4.71,4.5,4.56,95738,557,4.59402
2016-10-18T04:00:00Z,4.71,4.74,4.58,4.68,130662,564,4.66637
2016-10-19T04:00:00Z,4.73,4.84,4.68,4.82,121600,710,4.76074
2016-10-20T04:00:00Z,4.75,4.82,4.58,4.65,254177,1381,4.70767
2016-10-21T04:00:00Z,4.61,4.74,4.6,4.62,29986,204,4.63862
2016-10-24T04:00:00Z,4.62,4.62,4.5,4.55,212422,869,4.56129
2016-10-25T04:00:00Z,4.5,4.62,4.46,4.53,151363,957,4.50371
2016-10-26T04:00:00Z,4.52,4.64,4.45,4.47,91119,411,4.53415
2016-10-27T04:00:00Z,4.51,4.51,4.42,4.45,41936,263,4.45153
2016-10-28T04:00:00Z,4.42,4.58,4.42,4.51,65885,412,4.49952
2016-10-31T04:00:00Z,4.49,4.61,4.45,4.56,66059,345,4.53016
2016-11-01T04:00:00Z,4.61,4.63,4.36,4.36,133932,577,4.43057
2016-11-02T04:00:00Z,4.36,4.38,4.14,4.18,95499,504,4.26326
2016-11-03T04:00:00Z,4.2,4.25,4.04,4.1,160970,545,4.13108
2016-11-04T04:00:00Z,4.06,4.27,4.05,4.08,76166,272,4.10495
2016-11-07T05:00:00Z,4.2,4.2967,4.1,4.28,116745,525,4.18839
2016-11-08T05:00:00Z,4.3,4.49,4.21,4.45,72923,459,4.39228
2016-11-09T05:00:00Z,4.45,4.74,4.33,4.65,103898,568,4.61743
2016-11-10T05:00:00Z,4.66,5.18,4.65,5.15,465083,1810,4.92459
2016-11-11T05:00:00Z,5.25,5.45,4.89,5.23,455356,1885,5.16182
2016-11-14T05:00:00Z,5.32,5.39,5.035,5.14,1843763,2774,5.12308
2016-11-15T05:00:00Z,5.4,5.6,5.2204,5.3,1368651,4909,5.35412
2016-11-16T05:00:00Z,5.68,5.932,5.31,5.62,3052649,6522,5.62506
2016-11-17T05:00:00Z,5.89,5.9,5.12,5.36,871244,2211,5.42507
2016-11-18T05:00:00Z,5.45,5.63,5.15,5.4,374780,1392,5.37411
2016-11-21T05:00:00Z,5.5,5.5136,5.3,5.41,424296,1555,5.41776
2016-11-22T05:00:00Z,5.64,5.75,5.25,5.45,1218422,2487,5.44278
2016-11-23T05:00:00Z,5.38,5.4,5.16,5.3,565108,1487,5.30412
2016-11-25T05:00:00Z,5.26,5.36,5.08,5.11,159577,963,5.15082
2016-11-28T05:00:00Z,5.09,5.65,5.09,5.4,361327,1733,5.45945
2016-11-29T05:00:00Z,5.34,5.54,5.28,5.38,228708,1187,5.43023
2016-11-30T05:00:00Z,5.44,5.58,5.12,5.17,291084,1235,5.33387
2016-12-01T05:00:00Z,5.2,5.5,4.9,4.98,538031,2289,5.15284
2016-12-02T05:00:00Z,4.95,5.24,4.8868,5.1,284573,1602,5.08148
2016-12-05T05:00:00Z,5.2,5.38,5.16,5.31,364562,1176,5.27741
2016-12-06T05:00:00Z,5.35,5.54,5.24,5.5,286949,1423,5.46517
2016-12-07T05:00:00Z,5.47,5.54,5.4,5.43,287295,1493,5.48101
2016-12-08T05:00:00Z,5.42,5.43,5.17,5.41,373158,1369,5.29876
2016-12-09T05:00:00Z,5.39,5.6,5.34,5.52,373448,1835,5.53096
2016-12-12T05:00:00Z,5.5,5.61,5.23,5.47,286992,1677,5.41994
2016-12-13T05:00:00Z,5.42,5.59,5.31,5.36,272204,1793,5.43083
2016-12-14T05:00:00Z,5.25,5.49,5.25,5.34,425485,1968,5.34926
2016-12-15T05:00:00Z,5.37,6.1,5.32,5.72,1090184,3911,5.80212
2016-12-16T05:00:00Z,5.81,5.87,5.24,5.32,460528,1612,5.49005
2016-12-19T05:00:00Z,5.32,5.41,5.03,5.05,363498,1817,5.17161
2016-12-20T05:00:00Z,5.06,5.09,4.63,4.81,639538,2549,4.8544
2016-12-21T05:00:00Z,4.82,4.88,4.69,4.78,392832,2023,4.78872
2016-12-22T05:00:00Z,4.82,5.04,4.75,4.9,135171,732,4.90929
2016-12-23T05:00:00Z,4.87,5.33,4.85,5.13,264105,1052,5.09094
2016-12-27T05:00:00Z,5.11,5.3196,5.06,5.22,133495,743,5.16715
2016-12-28T05:00:00Z,5.19,5.32,5.1,5.29,224609,1342,5.23553
2016-12-29T05:00:00Z,5.27,5.33,5.02,5.09,123164,635,5.12368
2016-12-30T05:00:00Z,5.08,5.15,5.02,5.11,72280,613,5.0936
2017-01-03T05:00:00Z,5.24,5.7,5.21,5.68,486555,2297,5.47135
2017-01-04T05:00:00Z,5.78,5.9,5.68,5.88,302122,1547,5.79282
2017-01-05T05:00:00Z,5.85,6.84,5.84,6.19,1092248,4344,6.37081
2017-01-06T05:00:00Z,6.15,6.166,5.77,6.11,249923,1288,6.04325
2017-01-09T05:00:00Z,6.03,6.11,5.79,6.06,247228,1487,5.98046
2017-01-10T05:00:00Z,6.05,6.46,5.975,6.25,373471,2105,6.32171
2017-01-11T05:00:00Z,6.15,6.83,6.09,6.76,376378,1719,6.59037
2017-01-12T05:00:00Z,6.81,6.9969,6.53,6.71,232211,1088,6.75437
2017-01-13T05:00:00Z,6.73,7.45,6.73,7.24,366728,1747,7.15633
2017-01-17T05:00:00Z,7.21,7.4558,7.01,7.33,522497,2399,7.27101
2017-01-18T05:00:00Z,7.31,8.9,7.31,8.48,1707404,5475,8.2753
2017-01-19T05:00:00Z,8.4,8.55,8.04,8.28,1044606,4774,8.27365
2017-01-20T05:00:00Z,8.35,9.5,8.35,9.06,1512740,6280,8.96092
2017-01-23T05:00:00Z,8.4,9.4299,8.31,9.22,1191517,5518,9.03811
2017-01-24T05:00:00Z,9.15,9.22,8.66,9,780276,2829,8.94943
2017-01-25T05:00:00Z,9.06,9.12,8.48,8.76,746421,3626,8.7867
2017-01-26T05:00:00Z,8.71,9.12,8.675,9.04,670170,2826,8.96076
2017-01-27T05:00:00Z,9.08,9.3499,8.97,8.99,512976,2261,9.1035
2017-01-30T05:00:00Z,8.9,8.9,8.27,8.51,444029,2538,8.53414
2017-01-31T05:00:00Z,8.35,8.79,8.11,8.69,515398,2588,8.44867
2017-02-01T05:00:00Z,8.7,8.88,8.67,8.85,317728,1972,8.78635
2017-02-02T05:00:00Z,8.78,8.81,8.42,8.55,388134,2623,8.59024
2017-02-03T05:00:00Z,8.65,9.13,8.6264,9.11,391343,2572,8.83229
2017-02-06T05:00:00Z,9.07,9.25,8.6,8.98,651035,3005,8.98121
2017-02-07T05:00:00Z,9.05,9.33,8.74,8.785,347520,1577,9.0167
2017-02-08T05:00:00Z,8.84,8.84,8.36,8.56,563320,3245,8.57431
2017-02-09T05:00:00Z,8.21,8.72,7.8,8.47,691643,4089,8.29712
2017-02-10T05:00:00Z,8.44,8.72,8.36,8.53,276882,1831,8.52685
2017-02-13T05:00:00Z,8.53,8.7,8.45,8.55,246931,1396,8.5504
2017-02-14T05:00:00Z,8.49,8.88,8.49,8.83,220839,1788,8.71917
2017-02-15T05:00:00Z,8.75,8.98,8.51,8.58,263525,1592,8.69938
2017-02-16T05:00:00Z,8.61,8.69,8.1,8.13,304764,1606,8.31166
2017-02-17T05:00:00Z,8.19,8.58,8.15,8.26,217496,1290,8.33132
2017-02-21T05:00:00Z,8.94,9.817,8.85,9.3,1544521,7464,9.45698
2017-02-22T05:00:00Z,9.38,9.8,9.32,9.59,1167591,5403,9.58357
2017-02-23T05:00:00Z,9.8,9.8,9.3,9.33,916646,4579,9.54177
2017-02-24T05:00:00Z,9.33,9.65,9.3,9.51,514554,3158,9.49105
2017-02-27T05:00:00Z,9.39,9.45,8.7,9.2,552058,2656,9.15542
2017-02-28T05:00:00Z,9.12,9.6,9.1037,9.37,292847,1738,9.37342
2017-03-01T05:00:00Z,9.52,9.95,9.45,9.94,961129,4294,9.68635
2017-03-02T05:00:00Z,9.95,11.14,9.81,10.33,1092529,4511,10.3364
2017-03-03T05:00:00Z,10.33,10.89,10.2,10.71,513875,2624,10.6179
2017-03-06T05:00:00Z,10.9,11.03,10.12,10.24,688719,2798,10.5578
2017-03-07T05:00:00Z,10.37,10.44,9.67,9.79,405963,2633,9.9491
2017-03-08T05:00:00Z,9.82,9.949,9.12,9.39,663052,3148,9.41713
2017-03-09T05:00:00Z,9.34,9.4095,8.82,9,466392,2262,8.98821
2017-03-10T05:00:00Z,9.02,9.93,9.02,9.81,605034,3369,9.56532
2017-03-13T04:00:00Z,9.7,10.04,9.46,9.88,689387,3588,9.76004
2017-03-14T04:00:00Z,9.76,10.08,9.28,9.86,334356,1675,9.72806
2017-03-15T04:00:00Z,9.99,10.2,9.72,10.1,300378,1539,10.0086
2017-03-16T04:00:00Z,10.14,11.36,10.14,11.08,941384,3788,10.8832
2017-03-17T04:00:00Z,11.1,11.54,10.82,11.53,606233,2812,11.3635
2017-03-20T04:00:00Z,11.5,11.6,11.02,11.38,469390,3018,11.3342
2017-03-21T04:00:00Z,11.5,11.5,9.77,9.78,954976,4913,10.1799
2017-03-22T04:00:00Z,9.66,10.02,9.31,9.44,437228,2659,9.55543
2017-03-23T04:00:00Z,9.44,9.89,9.36,9.85,508692,3395,9.81343
2017-03-24T04:00:00Z,9.93,10.4,9.93,10.07,457539,2677,10.1977
2017-03-27T04:00:00Z,9.88,10.18,9.4101,10.12,395153,2109,9.86021
2017-03-28T04:00:00Z,11.15,12.25,10.95,11.71,1817744,9167,11.5091
2017-03-29T04:00:00Z,11.81,12.1,11.5,11.67,759434,4499,11.8193
2017-03-30T04:00:00Z,11.72,12.082,11.6,12,648828,3652,11.9224
2017-03-31T04:00:00Z,12,12.08,11.62,11.88,337728,1884,11.8608
2017-04-03T04:00:00Z,11.9,11.9,11.29,11.58,422354,2391,11.5966
2017-04-04T04:00:00Z,11.48,11.77,11.27,11.72,276553,1896,11.5508
2017-04-05T04:00:00Z,11.77,12,11.14,11.27,342195,1783,11.5861
2017-04-06T04:00:00Z,11.57,12.67,11.57,12.13,1028028,5035,12.2456
2017-04-07T04:00:00Z,12.68,12.88,12.068,12.71,1051439,5532,12.4372
2017-04-10T04:00:00Z,12.88,13.4,12.65,12.97,743898,3672,12.9921
2017-04-11T04:00:00Z,13.25,13.4,12.3285,12.74,782041,3145,12.9446
2017-04-12T04:00:00Z,12.63,12.81,11.87,12.15,977924,3571,12.1742
2017-04-13T04:00:00Z,12.04,12.5,11.83,12,608772,3147,12.0692
2017-04-17T04:00:00Z,12.08,12.2222,11.55,11.7,509857,2544,11.8347
2017-04-18T04:00:00Z,11.5,11.5,10.55,10.74,893454,4547,10.8765
2017-04-19T04:00:00Z,10.74,10.99,9.93,9.94,1008732,6133,10.413
2017-04-20T04:00:00Z,10.38,10.38,9.41,9.6,1185952,6040,9.76537
2017-04-21T04:00:00Z,9.68,10.0449,9.37,9.39,774748,4015,9.65902
2017-04-24T04:00:00Z,9.65,9.98,9.27,9.8,769982,4578,9.7304
2017-04-25T04:00:00Z,9.73,10,9.38,9.42,1307998,6497,9.64284
2017-04-26T04:00:00Z,9.45,10.38,9.27,9.97,928681,4730,9.88706
2017-04-27T04:00:00Z,10.19,10.3,10,10.01,900491,4385,10.1306
2017-04-28T04:00:00Z,10,10.07,9.44,9.46,680395,3480,9.68984
2017-05-01T04:00:00Z,9.47,9.88,9.4,9.67,324395,1845,9.67518
2017-05-02T04:00:00Z,9.53,9.69,9.01,9.56,804543,3632,9.35944
2017-05-03T04:00:00Z,9.53,9.56,8.6,8.85,951968,4594,8.88718
2017-05-04T04:00:00Z,8.8,8.85,8.01,8.11,929245,4545,8.26664
2017-05-05T04:00:00Z,8.3,8.65,8.15,8.44,820797,4187,8.41054
2017-05-08T04:00:00Z,8.55,8.88,8.23,8.47,613580,2691,8.48272
2017-05-09T04:00:00Z,8.53,8.76,8.34,8.52,435683,2438,8.5601
2017-05-10T04:00:00Z,8.52,8.68,8.38,8.56,679669,3822,8.55577
2017-05-11T04:00:00Z,8.52,8.56,8.09,8.23,460291,2687,8.2539
2017-05-12T04:00:00Z,8.23,8.42,8.09,8.21,366612,2175,8.24943
2017-05-15T04:00:00Z,8.27,8.34,7.885,8.09,632056,3588,8.08185
2017-05-16T04:00:00Z,8.1,8.19,7.73,8.05,638775,3910,7.95148
2017-05-17T04:00:00Z,7.88,8.18,7.57,8.07,1043535,5973,7.95181
2017-05-18T04:00:00Z,8.01,8.41,7.95,8.06,613047,3211,8.16576
2017-05-19T04:00:00Z,8.1,8.93,8.1,8.9,799070,4507,8.63116
2017-05-22T04:00:00Z,8.91,9.0099,8.45,8.65,467255,2746,8.72552
2017-05-23T04:00:00Z,8.69,8.87,8.35,8.78,376319,2295,8.66203
2017-05-24T04:00:00Z,8.75,9.15,7.88,8.24,867881,4711,8.35447
2017-05-25T04:00:00Z,8.2,8.47,7.74,7.805,1015213,6013,7.95775
2017-05-26T04:00:00Z,8.2,9.1,8.112,8.23,1252329,6585,8.45799
2017-05-30T04:00:00Z,8.24,8.24,7.95,8,459086,2418,8.03647
2017-05-31T04:00:00Z,7.9,8.13,7.68,7.94,518624,3110,7.93619
2017-06-01T04:00:00Z,8.01,8.42,7.72,8.34,416079,2308,8.18485
2017-06-02T04:00:00Z,8.39,8.4274,7.73,7.93,588853,3117,7.96455
2017-06-05T04:00:00Z,7.81,7.99,7.65,7.68,347404,2225,7.76677
2017-06-06T04:00:00Z,7.68,8.12,7.61,8.01,290543,1698,7.84977
2017-06-07T04:00:00Z,8.01,8.34,7.8,7.85,240995,1077,7.96762
2017-06-08T04:00:00Z,7.83,8.78,7.8,8.67,362468,2008,8.42968
2017-06-09T04:00:00Z,8.86,9.27,8.78,8.93,707647,3872,9.05379
2017-06-12T04:00:00Z,9,9.27,8.76,8.85,329107,2181,8.94561
2017-06-13T04:00:00Z,8.92,9.2499,8.71,9.03,291778,1888,9.05145
2017-06-14T04:00:00Z,9,9.24,8.3,8.37,609511,3395,8.50009
2017-06-15T04:00:00Z,8.21,8.42,7.87,7.91,420094,2274,8.01312
2017-06-16T04:00:00Z,7.93,8.24,7.91,8.19,248670,1562,8.1437
2017-06-19T04:00:00Z,8.19,8.69,8.04,8.64,557838,2595,8.34932
2017-06-20T04:00:00Z,8.53,8.58,8.25,8.56,187950,1093,8.44376
2017-06-21T04:00:00Z,8.53,8.93,8.21,8.61,389236,2246,8.57751
2017-06-22T04:00:00Z,8.64,8.84,8.4838,8.77,257417,1662,8.73371
2017-06-23T04:00:00Z,8.8,9.27,8.6298,9.22,287460,1632,9.03977
2017-06-26T04:00:00Z,9.28,9.5,8.52,9.02,544389,3464,8.97922
2017-06-27T04:00:00Z,9.09,10,9.09,9.26,648570,3367,9.51509
2017-06-28T04:00:00Z,9.35,9.75,9.155,9.43,445317,2150,9.41485
2017-06-29T04:00:00Z,9.51,9.72,9.2,9.58,389873,2122,9.46073
2017-06-30T04:00:00Z,9.58,9.85,9.48,9.83,430618,2500,9.75953
2017-07-03T04:00:00Z,9.74,9.82,9.32,9.55,287911,1624,9.52602
2017-07-05T04:00:00Z,9.42,9.54,8.86,9.38,376395,2067,9.19061
2017-07-06T04:00:00Z,9.19,9.33,8.99,9.14,318036,1845,9.16401
2017-07-07T04:00:00Z,9.08,9.25,9.02,9.18,192520,1229,9.13423
2017-07-10T04:00:00Z,9.07,9.45,9.045,9.1,243027,1320,9.17472
2017-07-11T04:00:00Z,9.15,9.93,9.11,9.37,893456,4354,9.5298
2017-07-12T04:00:00Z,9.78,10.07,9.52,9.95,614136,3654,9.84708
2017-07-13T04:00:00Z,10.21,10.77,9.86,10.27,647402,3679,10.2803
2017-07-14T04:00:00Z,10.3,10.43,9.5883,10.13,599416,3493,10.031
2017-07-17T04:00:00Z,10.09,10.58,10.0399,10.25,372358,1462,10.3516
2017-07-18T04:00:00Z,10.29,10.5,9.88,10,410097,1836,10.0274
2017-07-19T04:00:00Z,9.98,10.32,9.83,10.02,361999,2026,10.0922
2017-07-20T04:00:00Z,10.2,10.3,9.5897,9.78,398532,1948,9.83553
2017-07-21T04:00:00Z,9.21,9.78,9.1739,9.71,351328,2284,9.54643
2017-07-24T04:00:00Z,9.65,9.82,9.6,9.61,111129,706,9.69918
2017-07-25T04:00:00Z,9.77,10.32,9.77,10.14,317815,1876,10.1424
2017-07-26T04:00:00Z,10.08,10.25,9.73,9.89,166380,1233,9.93007
2017-07-27T04:00:00Z,9.84,9.9299,9.36,9.62,271160,1585,9.62937
2017-07-28T04:00:00Z,9.5,9.84,9.36,9.57,281452,1442,9.57529
2017-07-31T04:00:00Z,9.58,10.15,9.58,10.04,434719,2341,9.94035
2017-08-01T04:00:00Z,10.08,10.65,10.08,10.42,488072,3576,10.3695
2017-08-02T04:00:00Z,10.29,10.58,10.11,10.32,453893,3112,10.3623
2017-08-03T04:00:00Z,10.26,10.53,9.771,9.97,3612786,2912,10.0219
2017-08-04T04:00:00Z,9.97,10.28,9.8,9.84,1722855,2820,10.0475
2017-08-07T04:00:00Z,9.85,10.21,9.85,10.05,742561,4357,10.0745
2017-08-08T04:00:00Z,10.06,10.06,9.84,9.97,399271,2715,9.98491
2017-08-09T04:00:00Z,10.1,10.23,9.7,10,709290,3731,9.97625
2017-08-10T04:00:00Z,9.86,10.31,9.83,10.27,1071758,4357,10.1183
2017-08-11T04:00:00Z,10.1,10.55,10.01,10.31,478046,2351,10.3327
2017-08-14T04:00:00Z,10.54,10.83,10.44,10.63,859475,3829,10.6826
2017-08-15T04:00:00Z,10.65,10.88,10.12,10.26,591296,2829,10.34
2017-08-16T04:00:00Z,10.6,11.62,10.6,11.46,1652263,8349,11.2356
2017-08-17T04:00:00Z,10.99,11.46,10.53,10.9,1001780,6130,10.9476
2017-08-18T04:00:00Z,10.94,11.0799,10.68,10.93,551815,2842,10.9489
2017-08-21T04:00:00Z,10.93,11.22,10.73,10.93,421452,2569,10.8909
2017-08-22T04:00:00Z,10.96,11.3,10.87,11.24,908065,3385,11.1439
2017-08-23T04:00:00Z,11.14,11.3775,10.94,11.26,484301,2546,11.2377
2017-08-24T04:00:00Z,11.26,11.515,11.05,11.35,446017,2584,11.2643
2017-08-25T04:00:00Z,11.39,12.23,11.35,12.1,853437,4194,11.9543
2017-08-28T04:00:00Z,12.05,12.25,11.48,11.62,490237,2627,11.7902
2017-08-29T04:00:00Z,11.71,11.71,11.01,11.43,503601,2520,11.3687
2017-08-30T04:00:00Z,11.43,11.43,10.94,10.99,442121,2291,11.0929
2017-08-31T04:00:00Z,11.1,11.65,11.1,11.41,520631,2676,11.4598
2017-09-01T04:00:00Z,11.5,11.79,11.42,11.56,261053,1259,11.5585
2017-09-05T04:00:00Z,11.55,11.75,11,11.07,404672,2048,11.2914
2017-09-06T04:00:00Z,11.26,11.67,11.25,11.5,429858,2595,11.4405
2017-09-07T04:00:00Z,11.58,11.74,11.22,11.25,270303,1276,11.3836
2017-09-08T04:00:00Z,11.45,12,11.16,11.33,637950,3557,11.4616
2017-09-11T04:00:00Z,11.39,11.67,11.25,11.47,533184,3030,11.4451
2017-09-12T04:00:00Z,11.46,11.46,11.06,11.14,444145,2990,11.1948
2017-09-13T04:00:00Z,11.04,11.04,10.31,10.71,1323001,7490,10.5445
2017-09-14T04:00:00Z,10.66,10.89,10.45,10.89,671333,6249,10.785
2017-09-15T04:00:00Z,10.87,10.93,10.61,10.91,624528,3288,10.8225
2017-09-18T04:00:00Z,10.88,10.9799,10.7,10.73,215876,2444,10.7799
2017-09-19T04:00:00Z,10.77,10.82,10.58,10.65,247184,1830,10.6626
2017-09-20T04:00:00Z,10.74,11.25,10.7,10.99,481555,3053,11.0526
2017-09-21T04:00:00Z,10.9,11.01,10.4,10.49,392968,2248,10.625
2017-09-22T04:00:00Z,10.5,10.74,10.36,10.43,370248,2066,10.4628
2017-09-25T04:00:00Z,10.41,10.4443,9.51,9.6,997953,4207,9.8651
2017-09-26T04:00:00Z,9.61,9.93,9.449,9.58,641727,3514,9.66368
2017-09-27T04:00:00Z,9.61,9.9574,9.5,9.84,581520,3060,9.83522
2017-09-28T04:00:00Z,9.81,9.96,9.41,9.67,501861,2861,9.61004
2017-09-29T04:00:00Z,9.7,9.85,9.555,9.71,536103,2689,9.69032
2017-10-02T04:00:00Z,9.65,9.91,9.56,9.63,346224,2631,9.68252
2017-10-03T04:00:00Z,9.67,10.28,9.55,10.26,791491,5167,9.99961
2017-10-04T04:00:00Z,10.28,10.44,9.9,10.08,460528,3565,10.1217
2017-10-05T04:00:00Z,10.12,10.44,10.12,10.21,374119,2554,10.272
2017-10-06T04:00:00Z,10.17,10.35,9.94,10.16,283040,2139,10.1664
2017-10-09T04:00:00Z,10.19,10.19,9.575,9.74,731795,4231,9.78216
2017-10-10T04:00:00Z,10,10.35,9.92,9.92,356252,1476,10.0449
2017-10-11T04:00:00Z,9.9,10.02,9.705,9.78,222950,1475,9.80564
2017-10-12T04:00:00Z,9.75,9.96,9.65,9.84,443981,2855,9.8138
2017-10-13T04:00:00Z,9.89,10.25,9.69,10.22,485285,2222,10.0692
2017-10-16T04:00:00Z,10.2,10.63,10.2,10.59,380210,1919,10.4909
2017-10-17T04:00:00Z,10.58,10.8,10.18,10.34,550068,3195,10.4048
2017-10-18T04:00:00Z,10.43,10.519,9.98,10.31,249884,1329,10.3073
2017-10-19T04:00:00Z,10.33,10.44,10.1,10.32,332468,2100,10.2789
2017-10-20T04:00:00Z,10.33,10.59,10.26,10.47,685359,2978,10.4511
2017-10-23T04:00:00Z,10.41,10.87,10.38,10.49,508822,2677,10.6279
2017-10-24T04:00:00Z,10.58,10.68,10.38,10.46,319541,1824,10.5043
2017-10-25T04:00:00Z,10.45,10.4501,10.04,10.3,683473,3884,10.2064
2017-10-26T04:00:00Z,10.31,10.379,10.06,10.11,477542,2336,10.2068
2017-10-27T04:00:00Z,10.13,10.64,10.13,10.51,348776,1987,10.4187
2017-10-30T04:00:00Z,10.55,10.8,10.3521,10.55,609499,3598,10.6121
2017-10-31T04:00:00Z,10.63,10.86,10.32,10.8,638378,4030,10.6379
2017-11-01T04:00:00Z,10.85,11,10.5,10.67,511285,3339,10.7426
2017-11-02T04:00:00Z,10.64,10.71,10.15,10.37,385781,2304,10.3698
2017-11-03T04:00:00Z,10.4,10.63,9.8,10.06,825533,4894,10.0164
2017-11-06T05:00:00Z,10.01,10.58,10.01,10.41,841103,5785,10.4284
2017-11-07T05:00:00Z,10.53,10.63,10.26,10.33,852735,2953,10.4408
2017-11-08T05:00:00Z,10.33,10.468,10.13,10.25,369707,2376,10.2761
2017-11-09T05:00:00Z,10.12,10.145,9.92,9.99,661908,3892,10.0075
2017-11-10T05:00:00Z,10.01,10.36,9.98,10.1,493068,2766,10.1108
2017-11-13T05:00:00Z,10.02,10.14,9.88,10.01,335212,2193,10.0143
2017-11-14T05:00:00Z,10.01,10.01,9.14,9.22,1204097,7171,9.34168
2017-11-15T05:00:00Z,9.04,9.4199,8.62,9.28,537498,3425,9.16011
2017-11-16T05:00:00Z,9.31,9.5,9.1375,9.41,376992,2361,9.38877
2017-11-17T05:00:00Z,9.5,9.72,9.18,9.6,780789,4230,9.53513
2017-11-20T05:00:00Z,9.62,9.8,8.8101,9.35,1407949,5775,9.38686
2017-11-21T05:00:00Z,9.43,9.68,9.37,9.48,564994,2960,9.50029
2017-11-22T05:00:00Z,9.5,9.67,9.405,9.61,473098,3177,9.55015
2017-11-24T05:00:00Z,9.69,9.8,9.55,9.75,341314,2416,9.69401
2017-11-27T05:00:00Z,9.74,9.91,9.67,9.8,402238,2411,9.80033
2017-11-28T05:00:00Z,9.81,9.97,9.59,9.71,262324,1675,9.73579
2017-11-29T05:00:00Z,9.7,9.9,9.59,9.81,494905,2959,9.78054
2017-11-30T05:00:00Z,9.85,10.1,9.83,10.07,399828,2281,10.0264
2017-12-01T05:00:00Z,10.3,10.95,10.3,10.86,856408,4160,10.6904
2017-12-04T05:00:00Z,10.99,11.14,10.43,10.79,532943,2997,10.7818
2017-12-05T05:00:00Z,10.75,10.97,10.57,10.68,549464,3438,10.7552
2017-12-06T05:00:00Z,10.59,10.84,10.37,10.68,473461,2382,10.6263
2017-12-07T05:00:00Z,10.69,10.82,10.62,10.65,292833,1848,10.6962
2017-12-08T05:00:00Z,10.7,10.82,10.53,10.63,521277,3732,10.6421
2017-12-11T05:00:00Z,10.61,11.61,10.61,11.565,1135138,5349,11.3092
2017-12-12T05:00:00Z,11.59,12.14,11.58,11.89,1284820,5529,11.933
2017-12-13T05:00:00Z,11.71,11.82,11.16,11.45,670049,4059,11.4157
2017-12-14T05:00:00Z,11.14,11.3,10.85,10.88,547803,3068,11.038
2017-12-15T05:00:00Z,10.91,11.35,10.71,11.06,367247,2164,11.0733
2017-12-18T05:00:00Z,11.1,11.76,11.1,11.31,411606,1740,11.3809
2017-12-19T05:00:00Z,11.4,11.48,10.97,11.08,340099,2160,11.2479
2017-12-20T05:00:00Z,11.17,11.2,10.88,10.97,367989,2644,10.992
2017-12-21T05:00:00Z,10.97,11.3,10.97,11.15,265654,1828,11.1791
2017-12-22T05:00:00Z,11.17,11.18,10.95,11.02,174969,1372,11.0605
2017-12-26T05:00:00Z,11,11.05,10.77,10.84,252629,1834,10.8618
2017-12-27T05:00:00Z,10.85,11.14,10.825,10.85,275953,1943,10.9253
2017-12-28T05:00:00Z,10.86,11.25,10.7001,11.17,276825,1803,10.9882
2017-12-29T05:00:00Z,11.21,11.51,11.16,11.26,308901,1908,11.3028
2018-01-02T05:00:00Z,11.26,12,11.205,11.83,723472,4065,11.577
2018-01-03T05:00:00Z,11.95,12.515,11.85,12.2,671171,4136,12.204
2018-01-04T05:00:00Z,12.35,12.74,12.29,12.39,595932,3156,12.4569
2018-01-05T05:00:00Z,12.47,12.5,11.87,12.2,391667,2375,12.1181
2018-01-08T05:00:00Z,12.17,12.46,12.03,12.45,404480,2275,12.3
2018-01-09T05:00:00Z,12.41,12.48,12.05,12.12,351405,2249,12.205
2018-01-10T05:00:00Z,12.07,12.09,11.7,11.82,248023,1366,11.8628
2018-01-11T05:00:00Z,11.94,11.95,11.66,11.8,246521,1545,11.8587
2018-01-12T05:00:00Z,11.9,12.04,11.74,11.89,287558,1438,11.8996
2018-01-16T05:00:00Z,11.96,12.07,11.48,11.63,319523,1941,11.7856
2018-01-17T05:00:00Z,11.6,11.87,11.31,11.73,427494,2358,11.666
2018-01-18T05:00:00Z,11.73,11.73,11.5,11.57,148429,1092,11.5829
2018-01-19T05:00:00Z,11.56,11.63,11.33,11.49,482721,2216,11.5414
2018-01-22T05:00:00Z,11.49,12.04,11.49,11.94,912477,4417,11.8698
2018-01-23T05:00:00Z,12,12.15,11.4999,11.94,665287,3306,11.8831
2018-01-24T05:00:00Z,11.98,12.08,11.69,11.76,233191,1616,11.7878
2018-01-25T05:00:00Z,11.74,11.82,11.48,11.69,328561,1920,11.6421
2018-01-26T05:00:00Z,11.8,11.98,11.7,11.86,182507,1136,11.839
2018-01-29T05:00:00Z,11.78,11.79,11.47,11.49,169615,1038,11.5611
2018-01-30T05:00:00Z,11.47,11.51,10.9,11,1141170,4923,11.0895
2018-01-31T05:00:00Z,11.11,11.4,10.8,11.15,425902,2329,11.1057
2018-02-01T05:00:00Z,11.17,11.22,10.79,10.86,580874,3388,10.9024
2018-02-02T05:00:00Z,10.83,10.88,10.5,10.51,801069,4584,10.6974
2018-02-05T05:00:00Z,10.49,10.88,10.2,10.35,998709,4916,10.5625
2018-02-06T05:00:00Z,10.3,10.75,10.21,10.51,1046238,6053,10.5315
2018-02-07T05:00:00Z,10.53,10.85,10.53,10.6,580317,3093,10.6625
2018-02-08T05:00:00Z,10.61,10.94,10.4,10.41,661191,3824,10.579
2018-02-09T05:00:00Z,10.5,10.86,10.2,10.81,631096,3375,10.4885
2018-02-12T05:00:00Z,10.95,11.325,10.7346,11.19,413910,2946,11.1366
2018-02-13T05:00:00Z,11.09,11.26,10.9601,11.17,156183,1072,11.1323
2018-02-14T05:00:00Z,11.14,11.63,11.14,11.49,314258,2004,11.4059
2018-02-15T05:00:00Z,11.57,11.82,11.28,11.8,235329,1774,11.6061
2018-02-16T05:00:00Z,11.7,12.01,11.65,11.76,270416,1797,11.8104
2018-02-20T05:00:00Z,11.76,12.47,11.76,12.14,445007,2559,12.1772
2018-02-21T05:00:00Z,12.19,12.46,12.13,12.15,255002,1532,12.26
2018-02-22T05:00:00Z,12.15,12.58,12.15,12.41,369391,2688,12.4059
2018-02-23T05:00:00Z,12.48,12.48,12,12.09,321611,1999,12.1013
2018-02-26T05:00:00Z,12.16,12.44,11.85,12.36,300466,1647,12.246
2018-02-27T05:00:00Z,12.34,12.6,12.235,12.49,317459,2526,12.4806
2018-02-28T05:00:00Z,12.6,13.29,12.2745,12.67,807403,4366,12.7593
2018-03-01T05:00:00Z,12.71,12.9,12.35,12.59,565550,3341,12.6699
2018-03-02T05:00:00Z,12.5,12.66,12.01,12.54,278227,1565,12.5069
2018-03-05T05:00:00Z,12.4,13.05,12.3,12.9,680920,3075,12.7407
2018-03-06T05:00:00Z,13.03,13.06,12.81,12.95,260156,1812,12.9621
2018-03-07T05:00:00Z,12.76,12.95,12.51,12.62,545417,2931,12.6712
2018-03-08T05:00:00Z,12.64,12.77,12.53,12.67,256863,1910,12.6505
2018-03-09T05:00:00Z,12.76,12.84,12.65,12.71,259345,1923,12.7299
2018-03-12T04:00:00Z,12.85,13.2775,12.85,13.07,598676,3450,13.0509
2018-03-13T04:00:00Z,13.08,13.2,12.78,12.95,430260,2651,12.939
2018-03-14T04:00:00Z,12.72,13.19,12.7,12.95,337763,1781,12.9409
2018-03-15T04:00:00Z,12.93,13,12.23,12.32,338915,2273,12.4588
2018-03-16T04:00:00Z,12.29,12.5,12.13,12.45,335624,2054,12.4016
2018-03-19T04:00:00Z,12.43,12.43,11.92,12.22,260944,1806,12.1608
2018-03-20T04:00:00Z,12.25,12.425,11.89,12.01,197099,1525,12.1083
2018-03-21T04:00:00Z,11.99,12.455,11.9465,12.18,184144,1516,12.258
2018-03-22T04:00:00Z,12.19,12.19,11.73,11.8,234512,1542,11.9309
2018-03-23T04:00:00Z,11.79,12.3,11.5,11.52,649026,4423,11.7941
2018-03-26T04:00:00Z,11.69,12.11,11.27,12.05,357849,2547,11.8647
2018-03-27T04:00:00Z,12.13,12.25,11.62,11.75,219377,1614,11.8691
2018-03-28T04:00:00Z,11.73,11.89,11.161,11.26,319792,2289,11.3808
2018-03-29T04:00:00Z,11.27,11.65,11.27,11.63,231862,1668,11.5514
2018-04-02T04:00:00Z,11.53,11.72,11.45,11.48,165917,1405,11.5568
2018-04-03T04:00:00Z,11.58,11.6,11.01,11.15,326758,2135,11.1806
2018-04-04T04:00:00Z,10.96,10.96,10.52,10.85,472389,2888,10.716
2018-04-05T04:00:00Z,10.99,11.54,10.99,11.4,210846,1564,11.3681
2018-04-06T04:00:00Z,11.27,11.4,10.63,10.82,249567,1884,10.8562
2018-04-09T04:00:00Z,10.82,11.04,10.5,10.51,354285,2763,10.7056
2018-04-10T04:00:00Z,10.8,11.34,10.8,11.19,447020,3720,11.1013
2018-04-11T04:00:00Z,11.1,11.32,10.88,10.98,225612,2032,11.0284
2018-04-12T04:00:00Z,11.11,11.34,11.05,11.17,206127,1755,11.1717
2018-04-13T04:00:00Z,11.17,11.38,11.03,11.28,275503,2358,11.2064
2018-04-16T04:00:00Z,11.33,11.58,11.055,11.39,245076,1926,11.4016
2018-04-17T04:00:00Z,11.45,11.48,11.26,11.38,384295,3047,11.4049
2018-04-18T04:00:00Z,11.5,12.17,11.5,11.79,365458,2558,11.8791
2018-04-19T04:00:00Z,11.85,12.35,11.54,11.69,500188,3004,11.8274
2018-04-20T04:00:00Z,11.69,12.15,11.53,12.07,394818,2427,11.9444
2018-04-23T04:00:00Z,12.48,12.9,12.37,12.72,603933,3892,12.6536
2018-04-24T04:00:00Z,12.75,12.939,12.15,12.29,350537,2610,12.4342
2018-04-25T04:00:00Z,12.28,12.48,12.19,12.23,208182,1950,12.2928
2018-04-26T04:00:00Z,12.24,12.41,12.09,12.17,227464,2109,12.2167
2018-04-27T04:00:00Z,12.14,12.26,11.83,12.03,200662,1744,11.9958
2018-04-30T04:00:00Z,12.03,12.21,11.66,12.1,138828,1399,12.057
2018-05-01T04:00:00Z,12.1,12.22,11.96,12.16,152838,1144,12.1152
2018-05-02T04:00:00Z,12.2,12.46,12.2,12.46,9959,2,12.3382
2018-05-03T04:00:00Z,12.47,12.49,12.47,12.49,13047,2,12.4861
2018-05-04T04:00:00Z,12.5,12.78,12.38,12.64,153484,1609,12.6405
2018-05-07T04:00:00Z,12.61,12.955,12.54,12.88,283920,1689,12.8531
2018-05-08T04:00:00Z,12.94,13.19,12.81,12.97,201575,1378,12.9847
2018-05-09T04:00:00Z,12.99,13.38,12.92,13.32,304026,1817,13.2612
2018-05-10T04:00:00Z,13.3,13.47,13.16,13.23,179865,1453,13.2752
2018-05-11T04:00:00Z,13.17,13.43,13.1501,13.4,129616,996,13.3173
2018-05-14T04:00:00Z,13.41,13.51,13.18,13.33,314685,1768,13.3833
2018-05-15T04:00:00Z,13.31,14.25,13.22,13.58,872865,5031,13.707
2018-05-16T04:00:00Z,13.75,13.75,12.92,13.33,721459,4451,13.2676
2018-05-17T04:00:00Z,13.24,13.47,12.94,13.21,345985,2059,13.1598
2018-05-18T04:00:00Z,13.2,13.37,13.0101,13.24,167053,1221,13.2495
2018-05-21T04:00:00Z,13.37,13.89,13.37,13.59,370861,2065,13.5822
2018-05-22T04:00:00Z,13.5,13.68,13.2101,13.43,284939,1765,13.4334
2018-05-23T04:00:00Z,13.43,13.43,13.0948,13.27,201762,1311,13.2513
2018-05-24T04:00:00Z,13.25,13.25,12.8,12.92,310809,2446,12.946
2018-05-25T04:00:00Z,12.91,12.925,12.5,12.53,231193,1586,12.6308
2018-05-29T04:00:00Z,12.28,12.64,12.22,12.45,333395,2186,12.3726
2018-05-30T04:00:00Z,12.55,12.89,12.4101,12.82,327307,2216,12.6146
2018-05-31T04:00:00Z,13,13.25,13,13.19,271508,1665,13.093
2018-06-01T04:00:00Z,13.17,13.53,13,13.09,324841,2038,13.1469
2018-06-04T04:00:00Z,13.14,13.67,13.06,13.56,388704,1873,13.4632
2018-06-05T04:00:00Z,13.55,13.73,13.42,13.63,240403,1698,13.5995
2018-06-06T04:00:00Z,13.71,13.91,13.49,13.6,478035,3331,13.6786
2018-06-07T04:00:00Z,13.6,13.65,13.21,13.31,244176,1525,13.369
2018-06-08T04:00:00Z,13.32,13.32,13.07,13.12,290459,1795,13.1589
2018-06-11T04:00:00Z,13.27,13.38,13.03,13.26,369900,2530,13.2173
2018-06-12T04:00:00Z,13.23,13.43,12.7,13.29,690192,4293,13.1933
2018-06-13T04:00:00Z,13.4,13.89,13.37,13.81,577692,3521,13.7236
2018-06-14T04:00:00Z,13.81,14.599,13.81,14.05,976648,5557,14.1507
2018-06-15T04:00:00Z,14.1,14.2275,13.9,14.03,591455,4112,14.0673
2018-06-18T04:00:00Z,14.02,14.5,13.911,14.38,540140,2842,14.2272
2018-06-19T04:00:00Z,14.16,14.35,13.9,14.35,703929,2768,14.2547
2018-06-20T04:00:00Z,14.49,14.59,14,14.13,507803,3243,14.2543
2018-06-21T04:00:00Z,14.16,14.1707,13.85,13.89,246678,1903,14.0082
2018-06-22T04:00:00Z,13.94,14.23,13.86,14.09,229891,1637,14.0738
2018-06-25T04:00:00Z,14.12,14.12,13.64,13.9,291841,2161,13.8447
2018-06-26T04:00:00Z,13.91,14.1,13.7622,14.07,277725,1790,14.0367
2018-06-27T04:00:00Z,12.8,13.09,12.65,12.79,3811778,12422,12.8758
2018-06-28T04:00:00Z,12.78,13.19,12.7669,13,873104,4416,12.9761
2018-06-29T04:00:00Z,13,13.03,12.61,12.86,739208,3234,12.8375
2018-07-02T04:00:00Z,12.74,12.96,12.58,12.79,404922,2828,12.746
2018-07-03T04:00:00Z,12.86,13.09,12.795,12.95,312016,1912,12.9936
2018-07-05T04:00:00Z,13.1,13.34,13.05,13.33,763709,3925,13.2021
2018-07-06T04:00:00Z,13.3,13.48,13.23,13.31,307010,2904,13.3533
2018-07-09T04:00:00Z,13.3,13.4,12.98,13.23,380413,2370,13.1715
2018-07-10T04:00:00Z,13.12,13.47,13.06,13.23,491632,2699,13.2321
2018-07-11T04:00:00Z,13.09,13.21,12.92,12.93,303816,2566,13.0294
2018-07-12T04:00:00Z,13.06,13.06,12.69,12.8,354381,2339,12.8103
2018-07-13T04:00:00Z,12.78,13.02,12.71,12.87,302312,1954,12.8536
2018-07-16T04:00:00Z,12.87,12.99,12.41,12.45,469013,2732,12.5615
2018-07-17T04:00:00Z,12.43,12.78,12.31,12.67,358237,2308,12.6319
2018-07-18T04:00:00Z,12.74,13.2,12.5,13.12,429528,2996,13.0323
2018-07-19T04:00:00Z,13.03,13.12,12.75,12.91,286554,2163,12.9049
2018-07-20T04:00:00Z,12.92,12.93,12.45,12.52,519338,3132,12.595
2018-07-23T04:00:00Z,12.56,12.78,12.32,12.61,404759,3140,12.5965
2018-07-24T04:00:00Z,12.76,13.1,12.72,12.96,301530,2311,12.9377
2018-07-25T04:00:00Z,12.91,13.09,12.795,13.02,302796,2533,12.9644
2018-07-26T04:00:00Z,12.99,13.09,12.86,12.99,240697,1790,12.9822
2018-07-27T04:00:00Z,12.99,13.09,12.58,12.81,377330,2949,12.8011
2018-07-30T04:00:00Z,12.82,13.01,12.674,12.86,341747,2179,12.9388
2018-07-31T04:00:00Z,13.05,13.65,12.86,13.39,850283,4769,13.2967
2018-08-01T04:00:00Z,13.31,13.41,12.95,13.37,586572,3733,13.1985
2018-08-02T04:00:00Z,13.23,13.82,13.2,13.61,393255,2462,13.6043
2018-08-03T04:00:00Z,13.63,14,13.6201,14,445161,2940,13.8572
2018-08-06T04:00:00Z,14,14.27,13.7,13.78,584457,3524,14.0157
2018-08-07T04:00:00Z,13.89,14.035,13.591,13.76,380705,2541,13.7418
2018-08-08T04:00:00Z,14.2,14.25,13.2,13.64,571447,3788,13.674
2018-08-09T04:00:00Z,13.57,13.58,13.2,13.26,269137,2346,13.3241
2018-08-10T04:00:00Z,13.23,13.498,13.04,13.14,285168,1776,13.1954
2018-08-13T04:00:00Z,13.21,13.21,12.61,12.62,479015,3171,12.806
2018-08-14T04:00:00Z,12.7,13.03,12.7,12.97,245506,1785,12.9306
2018-08-15T04:00:00Z,12.85,12.9496,12.33,12.4,472580,3476,12.5105
2018-08-16T04:00:00Z,12.51,12.74,12.45,12.53,247848,1871,12.5817
2018-08-17T04:00:00Z,12.54,12.71,12.48,12.64,210607,1516,12.6018
2018-08-20T04:00:00Z,12.7,13.04,12.7,12.98,338388,2130,12.9275
2018-08-21T04:00:00Z,12.99,13.35,12.99,13.22,187346,1269,13.2236
2018-08-22T04:00:00Z,13.21,13.51,13.21,13.37,216886,1411,13.403
2018-08-23T04:00:00Z,13.4,13.4104,13.18,13.21,156593,1296,13.2665
2018-08-24T04:00:00Z,13.19,13.49,13.19,13.44,158453,1016,13.4042
2018-08-27T04:00:00Z,13.31,13.73,13.24,13.34,201952,1588,13.3699
2018-08-28T04:00:00Z,13.25,13.44,13.16,13.19,156485,986,13.2596
2018-08-29T04:00:00Z,13.28,13.28,12.95,13.08,159605,1112,13.0952
2018-08-30T04:00:00Z,13.18,13.2473,12.75,12.88,300392,1909,12.8936
2018-08-31T04:00:00Z,12.77,12.91,12.6,12.63,389616,2410,12.7188
2018-09-04T04:00:00Z,12.62,12.73,12.1,12.51,617262,3089,12.4288
2018-09-05T04:00:00Z,12.43,12.54,11.9642,12.2,638874,3465,12.1567
2018-09-06T04:00:00Z,12.2,12.32,12.06,12.15,293675,2227,12.1685
2018-09-07T04:00:00Z,12.13,12.24,11.97,12.03,232789,1638,12.0802
2018-09-10T04:00:00Z,12.06,12.5,12.06,12.26,356266,2178,12.3057
2018-09-11T04:00:00Z,12.3,12.5387,12.2501,12.46,305363,2048,12.4064
2018-09-12T04:00:00Z,12.54,12.54,12.13,12.26,280485,1984,12.2792
2018-09-13T04:00:00Z,12.26,12.4,12.23,12.26,271628,1958,12.3015
2018-09-14T04:00:00Z,12.25,12.4,12.2227,12.36,183264,1185,12.3374
2018-09-17T04:00:00Z,12.3,12.4,12.1,12.12,219214,1756,12.197
2018-09-18T04:00:00Z,12.17,12.32,12.165,12.29,252339,1792,12.2441
2018-09-19T04:00:00Z,12.29,12.87,12.29,12.82,468290,3724,12.6261
2018-09-20T04:00:00Z,12.81,12.94,12.52,12.86,273486,1685,12.7859
2018-09-21T04:00:00Z,12.91,13.01,12.75,12.9,526082,2368,12.8724
2018-09-24T04:00:00Z,12.9,13.245,12.9,13.21,282693,2288,13.1429
2018-09-25T04:00:00Z,13.13,13.95,12.6,13.1,583271,3952,13.3621
2018-09-26T04:00:00Z,13.16,13.48,13.03,13.07,227187,1839,13.2007
2018-09-27T04:00:00Z,13.13,13.75,13.09,13.65,717972,4524,13.5695
2018-09-28T04:00:00Z,13.65,14.53,13.65,14.45,2348072,10208,14.2491
2018-10-01T04:00:00Z,14.5,15.38,14.38,15.11,2258708,10003,14.9509
2018-10-02T04:00:00Z,15.03,15.2,14.56,14.86,711741,4607,14.8053
2018-10-03T04:00:00Z,15,15.07,14.64,14.79,459780,3020,14.7801
2018-10-04T04:00:00Z,14.73,14.97,14.53,14.8,740614,4286,14.7761
2018-10-05T04:00:00Z,14.95,15.09,14.34,14.45,577495,3540,14.685
2018-10-08T04:00:00Z,14.33,14.48,13.93,14.32,372484,2750,14.2496
2018-10-09T04:00:00Z,14.35,14.35,13.9945,14.14,278430,1636,14.1999
2018-10-10T04:00:00Z,13.96,14.1,13.4,13.87,710512,4704,13.7785
2018-10-11T04:00:00Z,13.29,13.93,13.26,13.79,552972,4066,13.6633
2018-10-12T04:00:00Z,14,14.45,13.69,13.89,557528,3703,13.87
2018-10-15T04:00:00Z,13.9,14.05,13.31,13.46,662228,4115,13.4908
2018-10-16T04:00:00Z,13.6,13.81,13.28,13.52,1391505,5360,13.5714
2018-10-17T04:00:00Z,13.38,13.55,12.88,12.97,1222765,4647,13.3688
2018-10-18T04:00:00Z,13.05,13.39,13,13.06,770541,4166,13.1088
2018-10-19T04:00:00Z,13.11,13.24,12.52,12.58,587910,3465,12.78
2018-10-22T04:00:00Z,12.58,13.04,12.58,12.63,378650,3281,12.8
2018-10-23T04:00:00Z,12.5,12.5,11.95,12.16,479887,3453,12.1903
2018-10-24T04:00:00Z,12.23,12.39,11.58,11.59,741745,5087,11.8662
2018-10-25T04:00:00Z,11.71,11.97,11.52,11.79,495423,3628,11.746
2018-10-26T04:00:00Z,11.72,11.72,11.37,11.65,371396,2721,11.549
2018-10-29T04:00:00Z,11.94,11.99,11.45,11.53,324825,2344,11.7408
2018-10-30T04:00:00Z,11.51,11.68,11.33,11.57,342114,2657,11.5169
2018-10-31T04:00:00Z,11.69,12.24,11.63,12.15,411519,2351,12.0804
2018-11-01T04:00:00Z,12.23,12.66,12.23,12.4,375059,2484,12.492
2018-11-02T04:00:00Z,12.51,12.65,12.02,12.13,338445,2508,12.2336
2018-11-05T05:00:00Z,12.03,12.47,11.99,12.07,313827,2196,12.2052
2018-11-06T05:00:00Z,12.01,12.08,11.45,11.49,776312,5012,11.5751
2018-11-07T05:00:00Z,11.5,11.62,10.27,10.38,1921393,9480,10.6262
2018-11-08T05:00:00Z,10.5,10.745,10.3,10.58,964767,5907,10.5265
2018-11-09T05:00:00Z,10.5,10.62,10.14,10.53,622434,5144,10.4033
2018-11-12T05:00:00Z,10.56,10.66,10.11,10.21,549889,4135,10.269
2018-11-13T05:00:00Z,10.26,10.38,9.65,9.67,466047,3129,9.90705
2018-11-14T05:00:00Z,9.66,9.785,9.07,9.35,1125782,6537,9.34369
2018-11-15T05:00:00Z,9.5,9.62,8.87,9.25,1626009,6993,9.08005
2018-11-16T05:00:00Z,9.22,9.3,9.03,9.25,328666,2327,9.21209
2018-11-19T05:00:00Z,9.3,9.5,8.71,8.74,600380,3284,9.01857
2018-11-20T05:00:00Z,8.68,8.77,7.995,8.16,1185827,6982,8.17695
2018-11-21T05:00:00Z,8.32,9,8.32,8.59,986075,5643,8.63636
2018-11-23T05:00:00Z,8.66,9.09,8.6,8.87,720627,4738,8.90656
2018-11-26T05:00:00Z,9.25,9.2989,8.91,9.2,1287694,6472,9.13236
2018-11-27T05:00:00Z,9.31,10.16,9.29,10.08,2450269,9105,9.73103
2018-11-28T05:00:00Z,10.02,10.02,9.37,9.63,998512,5504,9.62327
2018-11-29T05:00:00Z,9.76,9.92,9.65,9.67,962204,6490,9.76122
2018-11-30T05:00:00Z,9.68,9.74,9.13,9.57,1055163,6223,9.46942
2018-12-03T05:00:00Z,9.76,10.14,9.6,10.06,757451,4122,9.92656
2018-12-04T05:00:00Z,10.05,10.05,9.505,9.55,725484,5847,9.72481
2018-12-06T05:00:00Z,9.37,9.47,8.98,9.35,1038745,6593,9.1859
2018-12-07T05:00:00Z,9.33,9.68,9.305,9.47,567547,3627,9.46105
2018-12-10T05:00:00Z,9.37,9.63,9.08,9.46,816760,5005,9.40188
2018-12-11T05:00:00Z,9.59,9.83,9.18,9.56,331446,2329,9.63831
2018-12-12T05:00:00Z,9.59,9.8599,9.58,9.62,279775,2201,9.66807
2018-12-13T05:00:00Z,9.62,9.82,9.62,9.73,558331,2876,9.72818
2018-12-14T05:00:00Z,9.71,10.005,9.56,9.8,681436,3798,9.84733
2018-12-17T05:00:00Z,9.79,9.79,9.13,9.24,784024,4996,9.4065
2018-12-18T05:00:00Z,9.38,9.44,8.9,9.16,984234,5676,9.11389
2018-12-19T05:00:00Z,9.16,9.46,8.9,8.97,401734,2772,9.1329
2018-12-20T05:00:00Z,8.92,9.2,8.499,8.52,570552,3628,8.79384
2018-12-21T05:00:00Z,8.69,8.765,8.19,8.25,824670,6189,8.4446
2018-12-24T05:00:00Z,8.19,8.45,8.0887,8.3,221520,1545,8.28998
2018-12-26T05:00:00Z,8.38,8.98,8.2,8.95,291990,2145,8.64945
2018-12-27T05:00:00Z,8.79,8.84,8.37,8.83,372052,2858,8.60819
2018-12-28T05:00:00Z,8.84,9.16,8.7,8.86,457067,2877,8.93091
2018-12-31T05:00:00Z,8.93,9.28,8.55,9.14,516532,3934,8.97835
2019-01-02T05:00:00Z,9,9.5,8.78,9.45,414228,3015,9.32394
2019-01-03T05:00:00Z,9.45,9.61,9.28,9.35,233554,1600,9.43464
2019-01-04T05:00:00Z,9.69,10.21,9.55,10.14,612667,3475,10.0636
2019-01-07T05:00:00Z,10.19,10.5644,10.14,10.41,464045,2831,10.4338
2019-01-08T05:00:00Z,10.56,10.67,10.34,10.54,485023,2981,10.5073
2019-01-09T05:00:00Z,10.55,10.64,10.2,10.48,499436,2701,10.4478
2019-01-10T05:00:00Z,10.32,10.32,9.9212,10.1,700642,4140,10.1162
2019-01-11T05:00:00Z,9.97,9.97,9.68,9.91,418220,2525,9.84366
2019-01-14T05:00:00Z,9.73,9.79,9.45,9.66,413310,2408,9.63301
2019-01-15T05:00:00Z,9.65,9.65,9.14,9.26,604919,3373,9.2835
2019-01-16T05:00:00Z,9.2,9.515,8.935,9.4,559579,2934,9.24479
2019-01-17T05:00:00Z,9.34,9.82,9.33,9.67,204294,1545,9.61172
2019-01-18T05:00:00Z,9.82,10.57,9.82,10.44,1069653,4994,10.2048
2019-01-22T05:00:00Z,10.1,10.1,8.93,9.14,1038607,6205,9.23423
2019-01-23T05:00:00Z,9.13,9.15,8.7201,8.97,638154,3639,8.89194
2019-01-24T05:00:00Z,8.96,9.19,8.81,9.09,290271,1725,9.02765
2019-01-25T05:00:00Z,9.15,9.2,8.67,8.77,1006166,4745,8.80856
2019-01-28T05:00:00Z,8.4,8.4,7.87,8,1232897,5548,7.99611
2019-01-29T05:00:00Z,7.99,8,7.55,7.61,1173480,5854,7.65205
2019-01-30T05:00:00Z,7.34,7.69,6.9,7.59,1812981,9645,7.34708
2019-01-31T05:00:00Z,7.65,7.73,7.25,7.41,702252,4155,7.44203
2019-02-01T05:00:00Z,7.53,7.965,7.42,7.92,740655,3967,7.71471
2019-02-04T05:00:00Z,7.91,7.91,7.37,7.68,370182,2386,7.63033
2019-02-05T05:00:00Z,7.68,8.12,7.58,7.94,570313,3697,7.9349
2019-02-06T05:00:00Z,7.82,8.2,7.76,8.02,663739,3601,7.98015
2019-02-07T05:00:00Z,7.75,8.1,7.6,7.84,647519,3442,7.88481
2019-02-08T05:00:00Z,7.78,7.88,7.6,7.79,352393,2744,7.76276
2019-02-11T05:00:00Z,7.8,8.01,7.76,7.99,572351,3685,7.90782
2019-02-12T05:00:00Z,8.15,8.48,7.91,8.19,1106186,6857,8.18386
2019-02-13T05:00:00Z,8.25,8.4,7.95,7.99,638531,3716,8.12095
2019-02-14T05:00:00Z,8.01,8.16,7.9,8.11,358713,2616,8.08374
2019-02-15T05:00:00Z,7.77,8.28,7.75,8.2,557730,3129,8.11427
2019-02-19T05:00:00Z,8.05,8.14,7.83,8.04,656838,4139,8.00442
2019-02-20T05:00:00Z,8,8.12,7.93,8,403547,2083,8.00909
2019-02-21T05:00:00Z,8.01,8.05,7.83,7.86,243663,2116,7.92297
2019-02-22T05:00:00Z,7.84,8.05,7.8,7.82,375770,2793,7.86567
2019-02-25T05:00:00Z,7.87,7.95,7.74,7.81,618219,2897,7.81359
2019-02-26T05:00:00Z,7.81,7.85,7.56,7.64,325441,1645,7.67136
2019-02-27T05:00:00Z,7.71,7.72,7.45,7.45,805158,3235,7.50107
2019-02-28T05:00:00Z,7.44,7.47,7.16,7.39,562378,3568,7.34586
2019-03-01T05:00:00Z,7.43,7.46,7.25,7.43,375171,2756,7.39983
2019-03-04T05:00:00Z,7.49,7.74,7.49,7.61,303602,2060,7.63532
2019-03-05T05:00:00Z,7.6,8.15,7.6,7.81,853709,4433,7.93695
2019-03-06T05:00:00Z,7.81,7.88,7.34,7.43,422127,2900,7.52926
2019-03-07T05:00:00Z,7.41,7.515,6.9,6.91,856367,5541,7.0633
2019-03-08T05:00:00Z,6.96,6.96,6.46,6.51,892115,5038,6.56384
2019-03-11T04:00:00Z,6.6,6.97,6.6,6.95,838230,2926,6.74409
2019-03-12T04:00:00Z,6.98,7.12,6.95,7.01,386904,2961,7.01003
2019-03-13T04:00:00Z,7.05,7.1181,6.8,6.81,450807,2836,6.92285
2019-03-14T04:00:00Z,7.01,7.2,6.9,6.98,499928,2922,7.03243
2019-03-15T04:00:00Z,7,7.2,7,7.13,505108,2599,7.12442
2019-03-18T04:00:00Z,7.1,7.1,6.73,6.86,436140,2834,6.86934
2019-03-19T04:00:00Z,6.88,7,6.72,6.75,356402,2611,6.78525
2019-03-20T04:00:00Z,6.96,7.15,6.75,6.94,908296,4362,6.95831
2019-03-21T04:00:00Z,6.93,7.02,6.74,6.92,508197,2633,6.88174
2019-03-22T04:00:00Z,6.87,6.95,6.46,6.58,705591,4146,6.65702
2019-03-25T04:00:00Z,6.56,6.66,6.16,6.47,756178,4002,6.34473
2019-03-26T04:00:00Z,6.5,6.55,6.32,6.53,789860,4143,6.43812
2019-03-27T04:00:00Z,6.54,6.73,6.36,6.55,800241,3042,6.50525
2019-03-28T04:00:00Z,6.58,6.63,6.42,6.54,318901,1984,6.52924
2019-03-29T04:00:00Z,6.58,6.78,6.49,6.58,370284,1916,6.58853
2019-04-01T04:00:00Z,6.67,6.86,6.66,6.72,396598,2227,6.73405
2019-04-02T04:00:00Z,6.71,6.97,6.6,6.85,684985,3982,6.81424
2019-04-03T04:00:00Z,6.89,7.05,6.82,6.95,677445,4248,6.92822
2019-04-04T04:00:00Z,6.98,7.3169,6.95,7.18,735609,4406,7.16324
2019-04-05T04:00:00Z,7.21,7.42,7.09,7.34,625449,3151,7.28044
2019-04-08T04:00:00Z,7.38,7.66,7.31,7.63,789426,4461,7.5372
2019-04-09T04:00:00Z,7.65,7.66,7.2,7.51,1479456,5967,7.47352
2019-04-10T04:00:00Z,7.52,7.97,7.41,7.9,854228,4231,7.76652
2019-04-11T04:00:00Z,7.88,8.05,7.7896,7.94,591570,3288,7.92281
2019-04-12T04:00:00Z,7.97,8.16,7.77,7.82,589053,2114,7.94901
2019-04-15T04:00:00Z,7.94,8.063,7.81,8.01,212176,1586,7.95136
2019-04-16T04:00:00Z,8.01,8.3,7.84,8.24,720517,4208,8.11325
2019-04-17T04:00:00Z,8.29,8.53,8.15,8.26,616179,4216,8.28638
2019-04-18T04:00:00Z,8.25,8.25,7.91,7.95,378906,2683,8.00132
2019-04-22T04:00:00Z,8,8.055,7.799,7.99,395930,2302,7.95668
2019-04-23T04:00:00Z,7.97,8.1,7.76,8.02,542070,3271,7.962
2019-04-24T04:00:00Z,7.99,7.99,7.72,7.9,347559,2414,7.87194
2019-04-25T04:00:00Z,7.9,7.98,7.55,7.95,460981,2914,7.85328
2019-04-26T04:00:00Z,7.88,8.27,7.88,8.2,583826,2555,8.15677
2019-04-29T04:00:00Z,8.27,8.855,8.25,8.82,859195,5733,8.69132
2019-04-30T04:00:00Z,8.83,9.04,8.5901,8.69,885789,6777,8.77745
2019-05-01T04:00:00Z,8.72,9.01,8.67,8.75,443545,2789,8.86083
2019-05-02T04:00:00Z,8.73,9.005,8.6,8.82,406262,2644,8.80418
2019-05-03T04:00:00Z,8.87,9.05,8.6,9.02,439460,2929,8.87964
2019-05-06T04:00:00Z,8.79,8.79,8.42,8.68,664079,3773,8.61161
2019-05-07T04:00:00Z,8.5,8.5871,7.83,8,724375,4337,8.08455
2019-05-08T04:00:00Z,7.98,8.41,7.92,8.25,419632,2729,8.28048
2019-05-09T04:00:00Z,8.17,8.17,7.91,7.98,403341,2718,7.99945
2019-05-10T04:00:00Z,7.98,8.24,7.955,8.19,233746,1658,8.15297
2019-05-13T04:00:00Z,8,8,7.69,7.77,335046,1902,7.82296
2019-05-14T04:00:00Z,7.84,8.01,7.71,7.91,249817,1555,7.90709
2019-05-15T04:00:00Z,7.82,8.29,7.82,8.2,219914,1360,8.12645
2019-05-16T04:00:00Z,8.27,8.3,8.13,8.17,157397,1320,8.22212
2019-05-17T04:00:00Z,8.09,8.1976,8.01,8.05,190355,1333,8.0704
2019-05-20T04:00:00Z,7.94,8.09,7.8886,8.04,138974,956,8.00467
2019-05-21T04:00:00Z,8.18,8.3489,8.175,8.25,228126,1365,8.25334
2019-05-22T04:00:00Z,8.3,8.4,8.08,8.13,278519,1620,8.22384
2019-05-23T04:00:00Z,6.7,7.56,6.6213,7.28,1731457,8862,7.2244
2019-05-24T04:00:00Z,7.2,7.67,7.2,7.42,1057097,6289,7.43976
2019-05-28T04:00:00Z,7.7,7.7,7.26,7.52,1149713,4800,7.47845
2019-05-29T04:00:00Z,7.48,7.675,7.25,7.67,1157845,3500,7.46828
2019-05-30T04:00:00Z,7.57,7.78,7.51,7.62,853208,4283,7.62483
2019-05-31T04:00:00Z,7.37,7.67,7.3548,7.65,628253,2740,7.52112
2019-06-03T04:00:00Z,7.71,7.71,7.14,7.27,701246,3230,7.3439
2019-06-04T04:00:00Z,7.4,7.64,7.33,7.61,444300,3443,7.5295
2019-06-05T04:00:00Z,7.61,7.81,7.43,7.77,405335,2314,7.62403
2019-06-06T04:00:00Z,7.76,8.23,7.75,8.2,628163,2862,8.02977
2019-06-07T04:00:00Z,8.22,8.22,7.87,7.97,383519,2278,8.0067
2019-06-10T04:00:00Z,7.93,8.2,7.91,7.94,214588,1346,8.0194
2019-06-11T04:00:00Z,8.07,8.215,7.92,8.08,277159,1802,8.06472
2019-06-12T04:00:00Z,7.96,7.96,7.71,7.74,187172,1212,7.81324
2019-06-13T04:00:00Z,7.8,8.06,7.78,8.04,305772,1979,7.93879
2019-06-14T04:00:00Z,8.05,8.15,7.66,7.81,334763,2098,7.80157
2019-06-17T04:00:00Z,7.82,7.97,7.7512,7.83,202208,1399,7.85743
2019-06-18T04:00:00Z,7.9,8.51,7.87,8.37,536176,3089,8.33232
2019-06-19T04:00:00Z,8.35,8.96,8.33,8.67,651168,4642,8.69262
2019-06-20T04:00:00Z,8.66,8.84,8.37,8.56,326384,2135,8.55385
2019-06-21T04:00:00Z,8.5,8.65,8.34,8.4,600513,3171,8.44919
2019-06-24T04:00:00Z,8.5,8.58,8.28,8.32,289115,1801,8.37779
2019-06-25T04:00:00Z,8.32,8.46,8.27,8.43,333285,2154,8.34832
2019-06-26T04:00:00Z,8.52,8.8863,8.5,8.81,412095,2471,8.72545
2019-06-27T04:00:00Z,9,9.26,8.85,9.18,533024,2926,9.09541
2019-06-28T04:00:00Z,9.18,9.65,8.99,9.65,574868,3247,9.46201
2019-07-01T04:00:00Z,9.75,9.93,9.65,9.67,587075,3556,9.72762
2019-07-02T04:00:00Z,9.75,9.97,9.49,9.83,531398,3090,9.71179
2019-07-03T04:00:00Z,9.83,10.01,9.7,9.89,395833,2259,9.85243
2019-07-05T04:00:00Z,9.9,10.65,9.77,10.56,1128664,6274,10.4012
2019-07-08T04:00:00Z,10.5,10.65,10.04,10.36,699639,4148,10.3549
2019-07-09T04:00:00Z,10.37,10.79,10.19,10.75,512680,3208,10.5774
2019-07-10T04:00:00Z,10.95,10.95,10.46,10.54,544551,2926,10.575
2019-07-11T04:00:00Z,10.6,10.97,10.59,10.7,496403,3158,10.7794
2019-07-12T04:00:00Z,10.75,10.84,10.5,10.65,356448,1925,10.6466
2019-07-15T04:00:00Z,10.65,10.95,10.64,10.72,493801,3051,10.7628
2019-07-16T04:00:00Z,10.8,10.99,10.64,10.84,477623,2473,10.7984
2019-07-17T04:00:00Z,10.85,10.86,10.4,10.72,660350,4155,10.6213
2019-07-18T04:00:00Z,10.64,10.92,10.3202,10.91,443548,3315,10.6895
2019-07-19T04:00:00Z,10.97,11.17,10.54,10.65,698516,4085,10.7309
2019-07-22T04:00:00Z,10.73,11.56,10.73,11.33,1340702,7261,11.1959
2019-07-23T04:00:00Z,11.24,11.27,10.71,10.87,1043160,5674,10.9509
2019-07-24T04:00:00Z,10.5,10.61,10.17,10.5,915264,6016,10.4635
2019-07-25T04:00:00Z,10.46,10.76,10.21,10.29,483993,3645,10.4129
2019-07-26T04:00:00Z,10.33,10.42,10.13,10.4,451771,4055,10.3062
2019-07-29T04:00:00Z,10.44,10.44,10.05,10.07,306586,2355,10.1376
2019-07-30T04:00:00Z,10.02,10.15,9.66,10,814898,4783,9.8882
2019-07-31T04:00:00Z,10.05,10.09,9.75,9.88,448200,2994,9.90373
2019-08-01T04:00:00Z,9.84,9.84,8.98,9.09,971305,5998,9.29159
2019-08-02T04:00:00Z,9.25,9.2982,8.8315,9.01,425778,2521,9.08737
2019-08-05T04:00:00Z,8.78,8.79,8.36,8.5,858535,5552,8.54544
2019-08-06T04:00:00Z,8.65,8.92,8.6,8.81,664581,3876,8.79089
2019-08-07T04:00:00Z,8.8,8.89,8.6,8.72,599557,3354,8.7233
2019-08-08T04:00:00Z,8.9,9.47,8.64,9.32,855160,4209,9.13768
2019-08-09T04:00:00Z,9.33,9.3999,8.92,9.29,927261,4289,9.13088
2019-08-12T04:00:00Z,9.16,9.1874,8.81,8.94,787754,4404,9.01696
2019-08-13T04:00:00Z,9.1,9.86,8.9,9.72,843274,4987,9.56646
2019-08-14T04:00:00Z,9.51,9.65,9.17,9.22,876017,4626,9.34172
2019-08-15T04:00:00Z,9.21,9.28,9.01,9.21,405195,2879,9.19487
2019-08-16T04:00:00Z,9.42,9.99,9.34,9.87,926206,5244,9.79188
2019-08-19T04:00:00Z,10,10.065,9.65,10,771023,4093,9.91254
2019-08-20T04:00:00Z,9.93,10.27,9.73,10.22,542771,2595,10.0878
2019-08-21T04:00:00Z,10.32,10.42,9.97,10.33,729047,4229,10.2006
2019-08-22T04:00:00Z,10.41,10.6,10.31,10.46,637868,3768,10.4386
2019-08-23T04:00:00Z,10.26,10.5,9.59,9.67,696857,3475,9.91795
2019-08-26T04:00:00Z,9.79,10.03,9.71,9.81,367969,2601,9.83788
2019-08-27T04:00:00Z,9.95,10.08,9.72,9.89,563777,3202,9.88347
2019-08-28T04:00:00Z,9.94,10.02,9.61,9.97,716398,2886,9.86721
2019-08-29T04:00:00Z,10.1,10.29,9.91,10.03,499395,2930,10.0969
2019-08-30T04:00:00Z,10.14,10.67,10.14,10.47,668308,3858,10.4
2019-09-03T04:00:00Z,10.43,10.62,10.2,10.53,872042,4387,10.4473
2019-09-04T04:00:00Z,10.63,11.08,10.46,10.92,1318831,7308,10.7929
2019-09-05T04:00:00Z,11.02,11.14,10.61,10.7,869612,4830,10.8138
2019-09-06T04:00:00Z,10.7,10.84,10.6,10.69,608529,3745,10.717
2019-09-09T04:00:00Z,10.84,11.14,10.67,11.14,771541,4539,10.9723
2019-09-10T04:00:00Z,11.15,11.23,10.87,11.03,772571,4865,11.0378
2019-09-11T04:00:00Z,10.97,11.15,10.76,10.98,681326,5751,10.937
2019-09-12T04:00:00Z,10.91,11.25,10.73,11.11,692671,4076,11.0725
2019-09-13T04:00:00Z,11.21,11.5,11.08,11.27,517047,2707,11.2932
2019-09-16T04:00:00Z,11.1,11.37,10.82,10.9,427048,2505,11.0704
2019-09-17T04:00:00Z,10.8,10.87,10.53,10.71,417540,2137,10.7453
2019-09-18T04:00:00Z,10.58,10.64,10.28,10.45,485719,3284,10.4217
2019-09-19T04:00:00Z,10.35,10.44,10.16,10.16,504908,3395,10.2693
2019-09-20T04:00:00Z,10.24,10.45,10.19,10.21,465041,3005,10.3105
2019-09-23T04:00:00Z,10.22,10.44,10.16,10.38,313993,2117,10.3229
2019-09-24T04:00:00Z,10.41,10.52,9.86,9.945,578135,3534,10.0854
2019-09-25T04:00:00Z,9.94,10.32,9.81,10.13,695486,4049,10.0605
2019-09-26T04:00:00Z,10.12,10.12,9.84,10.07,261168,1812,9.99121
2019-09-27T04:00:00Z,10.1,10.29,10,10.04,538782,2163,10.0864
2019-09-30T04:00:00Z,10.17,10.17,9.99,10.07,221547,1471,10.0858
2019-10-01T04:00:00Z,10.07,10.44,10,10.02,364153,2255,10.1781
2019-10-02T04:00:00Z,10.01,10.15,9.84,10.01,437562,2151,9.97865
2019-10-03T04:00:00Z,9.92,10.11,9.869,10.08,477001,3701,9.99837
2019-10-04T04:00:00Z,10.17,10.49,10.1,10.47,462465,3284,10.3897
2019-10-07T04:00:00Z,10.45,10.68,10.38,10.45,462289,2369,10.5149
2019-10-08T04:00:00Z,10.25,10.552,10.2,10.52,334703,2299,10.4201
2019-10-09T04:00:00Z,10.65,11.08,10.51,11,985578,5255,10.9265
2019-10-10T04:00:00Z,11,11.36,10.86,11.31,1048071,6927,11.2182
2019-10-11T04:00:00Z,11.34,11.34,10.92,11.09,1231447,6212,11.136
2019-10-14T04:00:00Z,11.13,11.28,11,11.05,467146,2931,11.093
2019-10-15T04:00:00Z,11.1,11.1,10.74,10.83,613684,3341,10.8901
2019-10-16T04:00:00Z,10.8,11.005,10.8,10.91,362757,2296,10.8931
2019-10-17T04:00:00Z,10.85,11.13,10.8,11.06,608528,3998,11.0081
2019-10-18T04:00:00Z,11,11.31,10.89,11,493909,3231,11.098
2019-10-21T04:00:00Z,11.05,11.2,10.97,11.07,406742,2528,11.0715
2019-10-22T04:00:00Z,11.01,11.16,10.95,10.98,394253,2653,11.0224
2019-10-23T04:00:00Z,10.99,11.695,10.98,11.6,2175185,10806,11.4743
2019-10-24T04:00:00Z,11.7,11.81,11.29,11.33,1667320,8028,11.5123
2019-10-25T04:00:00Z,11.34,11.4405,11.05,11.15,704200,4344,11.2173
2019-10-28T04:00:00Z,11.14,11.39,11.07,11.32,472594,2560,11.2929
2019-10-29T04:00:00Z,11.21,11.44,11.002,11.34,497752,2365,11.2455
2019-10-30T04:00:00Z,11.24,11.28,10.8,10.97,727312,3548,10.9862
2019-10-31T04:00:00Z,10.87,11.045,10.49,10.65,963728,4985,10.6866
2019-11-01T04:00:00Z,10.77,11.15,10.73,11.05,427403,2637,11.0332
2019-11-04T05:00:00Z,11.01,11.2,10.9075,11.07,530455,2764,11.0378
2019-11-05T05:00:00Z,10.99,11.168,10.8,10.97,541786,3341,10.9651
2019-11-06T05:00:00Z,10.86,10.88,10.25,10.42,873423,4530,10.4297
2019-11-07T05:00:00Z,10.42,10.49,9.86,10.05,787575,4608,10.1131
2019-11-08T05:00:00Z,10.01,10.17,9.995,10.02,257721,1856,10.0445
2019-11-11T05:00:00Z,9.95,10.16,9.91,10.13,473744,2703,10.0528
2019-11-12T05:00:00Z,10.13,10.51,10.09,10.21,324028,2035,10.3413
2019-11-13T05:00:00Z,10.07,10.28,9.62,9.73,781637,3657,9.81298
2019-11-14T05:00:00Z,9.72,9.94,9.56,9.68,635919,3258,9.72874
2019-11-15T05:00:00Z,9.78,10.03,9.645,10,491697,3668,9.9257
2019-11-18T05:00:00Z,10,10.0954,9.7,10.05,456230,3021,9.94291
2019-11-19T05:00:00Z,9.99,10.42,9.98,10.16,606547,4268,10.2167
2019-11-20T05:00:00Z,10.16,10.34,9.76,10.05,716570,4216,10.1373
2019-11-21T05:00:00Z,10.55,10.94,10.4,10.68,992291,5382,10.6784
2019-11-22T05:00:00Z,10.8,10.805,10.5,10.63,607879,3271,10.6721
2019-11-25T05:00:00Z,10.66,10.74,10.55,10.64,700234,4528,10.6344
2019-11-26T05:00:00Z,10.61,10.857,10.57,10.68,543836,3730,10.7025
2019-11-27T05:00:00Z,10.67,10.72,10.38,10.71,747024,5381,10.5795
2019-11-29T05:00:00Z,10.75,11.15,10.48,10.99,687168,5083,10.9874
2019-12-02T05:00:00Z,10.99,10.99,10.56,10.67,396848,3395,10.7326
2019-12-03T05:00:00Z,10.46,10.66,10.24,10.64,459304,3721,10.506
2019-12-04T05:00:00Z,10.68,10.88,10.56,10.72,539313,3403,10.724
2019-12-05T05:00:00Z,10.79,10.82,10.53,10.65,371384,2537,10.6495
2019-12-06T05:00:00Z,10.76,10.92,10.65,10.78,365597,2731,10.7883
2019-12-09T05:00:00Z,10.5,10.98,10.41,10.75,633651,5092,10.6835
2019-12-10T05:00:00Z,10.76,11.31,10.565,11.13,1447733,8004,11.0849
2019-12-11T05:00:00Z,11.15,11.15,10.71,11.04,552484,3479,10.9791
2019-12-12T05:00:00Z,10.61,11,10.46,10.98,948866,5923,10.7967
2019-12-13T05:00:00Z,10.97,11,10.66,10.93,496257,3250,10.8778
2019-12-16T05:00:00Z,10.98,11.16,10.65,10.68,825211,5458,10.833
2019-12-17T05:00:00Z,10.72,10.87,10.46,10.56,433999,2659,10.6043
2019-12-18T05:00:00Z,10.57,11.025,10.38,10.99,489910,3309,10.8642
2019-12-19T05:00:00Z,10.95,11.59,10.8,11.55,1134060,5630,11.3747
2019-12-20T05:00:00Z,11.35,11.53,11.23,11.39,1025658,5531,11.3714
2019-12-23T05:00:00Z,11.44,11.7,11.27,11.54,508078,3701,11.5451
2019-12-24T05:00:00Z,11.51,11.69,11.4259,11.52,275484,1818,11.5262
2019-12-26T05:00:00Z,11.61,12.09,11.45,11.94,825458,5064,11.9338
2019-12-27T05:00:00Z,11.93,11.955,11.57,11.64,530625,3057,11.6629
2019-12-30T05:00:00Z,11.6,11.91,11.56,11.73,355022,2347,11.7631
2019-12-31T05:00:00Z,11.74,11.96,11.73,11.81,209975,1555,11.8521
2020-01-02T05:00:00Z,11.78,11.78,11.04,11.45,840049,4895,11.3344
2020-01-03T05:00:00Z,11.28,11.62,10.99,11.06,666069,4126,11.2928
2020-01-06T05:00:00Z,10.84,11.21,10.49,11.2,1408952,7715,10.8991
2020-01-07T05:00:00Z,11.16,11.81,11.11,11.76,1472395,6492,11.5787
2020-01-08T05:00:00Z,11.65,11.74,11.51,11.55,1108051,5517,11.5711
2020-01-09T05:00:00Z,11.61,11.61,11.27,11.48,663736,3931,11.4659
2020-01-10T05:00:00Z,11.55,11.57,10.99,11.02,591671,3483,11.1647
2020-01-13T05:00:00Z,11.02,11.02,10.685,10.71,658509,3825,10.7974
2020-01-14T05:00:00Z,10.7,11.05,10.58,10.89,450260,3032,10.9068
2020-01-15T05:00:00Z,10.93,10.93,10.65,10.76,446926,3087,10.7444
2020-01-16T05:00:00Z,10.8,10.85,10.66,10.72,336525,2751,10.7367
2020-01-17T05:00:00Z,10.72,10.9,10.6,10.62,339721,2593,10.6692
2020-01-21T05:00:00Z,10.52,10.59,10.28,10.37,817318,5170,10.4566
2020-01-22T05:00:00Z,10.35,10.35,9.64,9.76,1365628,9124,9.88154
2020-01-23T05:00:00Z,9.61,9.61,8.95,9.43,700916,4652,9.3946
2020-01-24T05:00:00Z,9.4,9.58,9.07,9.23,544053,3445,9.24032
2020-01-27T05:00:00Z,8.64,8.98,8.35,8.5,1053931,4707,8.50063
2020-01-28T05:00:00Z,8.63,8.69,8.32,8.43,778210,5750,8.46332
2020-01-29T05:00:00Z,8.54,8.86,8.42,8.84,1336922,5587,8.66859
2020-01-30T05:00:00Z,8.67,8.82,8.15,8.295,822525,5034,8.37957
2020-01-31T05:00:00Z,8.29,8.39,8.01,8.1,816249,4749,8.18428
2020-02-03T05:00:00Z,8.11,8.12,7.86,8.11,1107534,6062,8.01029
2020-02-04T05:00:00Z,8.2,8.46,8.01,8.29,856211,5537,8.30936
2020-02-05T05:00:00Z,8.6,8.63,8.42,8.53,796796,5079,8.52892
2020-02-06T05:00:00Z,8.58,8.62,8.09,8.17,624273,3685,8.23339
2020-02-07T05:00:00Z,8.1,8.1,7.82,8.03,484042,2807,7.9736
2020-02-10T05:00:00Z,8.04,8.185,7.86,8.11,442759,2349,8.07416
2020-02-11T05:00:00Z,8.15,8.81,8.15,8.68,578576,4896,8.63428
2020-02-12T05:00:00Z,8.73,9,8.53,8.64,639859,4160,8.69582
2020-02-13T05:00:00Z,8.55,8.56,8.23,8.37,601366,4392,8.36233
2020-02-14T05:00:00Z,8.4,8.61,8.365,8.51,261319,2093,8.50384
2020-02-18T05:00:00Z,8.51,8.54,8.295,8.325,547233,3845,8.36541
2020-02-19T05:00:00Z,8.4,8.62,8.38,8.56,577610,3898,8.50068
2020-02-20T05:00:00Z,9.26,9.87,8.6832,9.15,1076917,5940,9.23004
2020-02-21T05:00:00Z,9.06,9.235,8.91,9.03,767811,4566,9.04448
2020-02-24T05:00:00Z,8.54,8.64,8.1,8.24,818119,5457,8.35454
2020-02-25T05:00:00Z,8.28,8.44,8.125,8.2,617621,4821,8.23007
2020-02-26T05:00:00Z,8.22,8.22,7.84,8.01,712036,5223,7.99382
2020-02-27T05:00:00Z,7.78,8.48,7.6,8.14,706126,5206,8.13359
2020-02-28T05:00:00Z,8,8.69,7.88,8.67,863217,6140,8.3368
2020-03-02T05:00:00Z,8.73,8.77,8.1,8.32,548876,5170,8.35989
2020-03-03T05:00:00Z,8.35,8.67,8.28,8.51,626875,4890,8.48338
2020-03-04T05:00:00Z,8.54,8.605,8.28,8.43,588173,4644,8.41968
2020-03-05T05:00:00Z,8.25,8.39,7.94,8.04,539180,3651,8.09509
2020-03-06T05:00:00Z,7.8,8.32,7.72,8.13,844523,5738,8.03841
2020-03-09T04:00:00Z,7.22,7.72,6.84,7.01,1255542,7779,7.1607
2020-03-10T04:00:00Z,7.3,7.89,7.26,7.79,415910,3506,7.54766
2020-03-11T04:00:00Z,7.53,7.92,7.265,7.37,465745,3250,7.48091
2020-03-12T04:00:00Z,6.95,7.32,6.59,6.99,876285,6429,6.92983
2020-03-13T04:00:00Z,7.28,7.72,6.49,6.92,748240,4722,6.94957
2020-03-16T04:00:00Z,6.21,6.72,5.36,6.51,819914,4693,6.21261
2020-03-17T04:00:00Z,6.61,6.775,6.01,6.29,969512,5585,6.4981
2020-03-18T04:00:00Z,5.98,6.12,5.375,5.77,1508938,7880,5.86983
2020-03-19T04:00:00Z,5.77,6.25,5.5979,5.85,443423,3234,5.86808
2020-03-20T04:00:00Z,5.95,6.3,5.51,5.61,822608,4348,5.80622
2020-03-23T04:00:00Z,5.68,5.86,4.99,5.05,567753,3844,5.23184
2020-03-24T04:00:00Z,5.21,5.45,4.76,5.22,761423,6833,5.09182
2020-03-25T04:00:00Z,5.24,5.43,4.82,5.15,757457,5485,5.0235
2020-03-26T04:00:00Z,5.16,5.855,5.16,5.64,842836,4385,5.61068
2020-03-27T04:00:00Z,5.47,5.68,5.14,5.52,348287,2641,5.48233
2020-03-30T04:00:00Z,5.52,5.83,5.34,5.46,395447,3267,5.58774
2020-03-31T04:00:00Z,5.75,6.12,5.5,5.64,547273,3458,5.77801
2020-04-01T04:00:00Z,5.6,5.75,5.33,5.72,733915,3789,5.5665
2020-04-02T04:00:00Z,5.69,5.84,5.19,5.27,481042,3316,5.48119
2020-04-03T04:00:00Z,5.3,5.42,4.88,4.98,562075,3571,5.14568
2020-04-06T04:00:00Z,5.22,5.45,4.98,5.45,725730,3814,5.2395
2020-04-07T04:00:00Z,5.62,5.74,5.24,5.3,339982,2764,5.47116
2020-04-08T04:00:00Z,5.25,5.61,5.19,5.48,502087,3107,5.37628
2020-04-09T04:00:00Z,5.72,5.815,5.4001,5.68,431585,2286,5.61794
2020-04-13T04:00:00Z,5.69,6.03,5.69,5.81,269316,2071,5.83927
2020-04-14T04:00:00Z,6.09,6.35,5.92,6.1,567256,2999,6.13288
2020-04-15T04:00:00Z,6.005,6.15,5.8,6.02,353421,2466,5.99054
2020-04-16T04:00:00Z,6.05,6.15,5.855,5.96,204886,1517,5.98911
2020-04-17T04:00:00Z,6.16,6.2115,6.02,6.13,228727,1929,6.11585
2020-04-20T04:00:00Z,6,6.03,5.27,5.39,860802,5839,5.54725
2020-04-21T04:00:00Z,5.44,5.44,4.98,5.12,868474,4730,5.08278
2020-04-22T04:00:00Z,5.28,5.28,4.95,5.17,514823,3933,5.15973
2020-04-23T04:00:00Z,5.25,5.58,5.225,5.48,403515,2411,5.46209
2020-04-24T04:00:00Z,5.5,5.61,5.27,5.29,547048,2795,5.44153
2020-04-27T04:00:00Z,5.41,5.8,5.39,5.67,762599,4932,5.62961
2020-04-28T04:00:00Z,5.81,6.02,5.53,5.74,563079,3371,5.83158
2020-04-29T04:00:00Z,5.89,6.1,5.64,5.65,638462,3870,5.81592
2020-04-30T04:00:00Z,5.61,5.89,5.51,5.67,370906,2622,5.68362
2020-05-01T04:00:00Z,5.58,5.58,5.35,5.41,408735,2221,5.45898
2020-05-04T04:00:00Z,5.39,5.55,5.03,5.18,534993,3046,5.22876
2020-05-05T04:00:00Z,5.2,5.28,4.81,4.85,714820,3994,4.98344
2020-05-06T04:00:00Z,4.91,4.91,4.5,4.8,844474,4767,4.72454
2020-05-07T04:00:00Z,4.88,5.05,4.7358,4.9,373457,1914,4.8725
2020-05-08T04:00:00Z,4.93,5.11,4.85,4.96,469861,2983,4.95116
2020-05-11T04:00:00Z,4.92,4.92,4.465,4.59,774210,3881,4.57566
2020-05-12T04:00:00Z,4.64,4.67,4.3,4.3,947729,3961,4.47836
2020-05-13T04:00:00Z,4.31,4.3945,3.86,3.92,990858,4786,4.01158
2020-05-14T04:00:00Z,4,4.3601,3.95,4.33,688436,3297,4.15409
2020-05-15T04:00:00Z,4.35,4.61,4.23,4.4,530582,3003,4.40743
2020-05-18T04:00:00Z,4.57,5.19,4.52,5.06,811239,4165,4.9528
2020-05-19T04:00:00Z,5.1,5.1657,4.9,5.02,448474,2928,5.03834
2020-05-20T04:00:00Z,5.04,5.63,4.9981,5.43,728418,4565,5.3793
2020-05-21T04:00:00Z,5.45,5.5,5.12,5.2,500948,3538,5.24683
2020-05-22T04:00:00Z,5.2,5.225,4.92,5.09,419906,3434,5.03656
2020-05-26T04:00:00Z,5.24,5.56,5.233,5.27,564827,4169,5.38573
2020-05-27T04:00:00Z,5.01,5.2327,4.86,5.19,1027523,5552,5.08604
2020-05-28T04:00:00Z,5.26,5.34,4.98,5.06,923397,5843,5.12642
2020-05-29T04:00:00Z,5.06,5.39,4.92,5.09,708945,4739,5.10273
2020-06-01T04:00:00Z,5.11,5.39,4.98,5.3,846546,5641,5.16988
2020-06-02T04:00:00Z,5.38,5.55,5.2,5.38,992961,5035,5.34758
2020-06-03T04:00:00Z,5.58,6.24,5.51,6.19,1347581,7212,5.98713
2020-06-04T04:00:00Z,6.27,6.355,5.86,6.32,885153,4966,6.18705
2020-06-05T04:00:00Z,6.78,6.83,6.43,6.73,875466,5100,6.6643
2020-06-08T04:00:00Z,6.87,7.06,6.7001,6.85,627282,3799,6.85038
2020-06-09T04:00:00Z,6.75,6.77,6.38,6.65,648090,3495,6.60985
2020-06-10T04:00:00Z,6.81,6.95,6.37,6.63,1010360,4915,6.65804
2020-06-11T04:00:00Z,6.4,6.728,6.16,6.19,974690,6205,6.3644
2020-06-12T04:00:00Z,6.37,6.67,6.26,6.46,989869,4941,6.4858
2020-06-15T04:00:00Z,6.24,6.915,6.2,6.7,547073,3369,6.67297
2020-06-16T04:00:00Z,7,7.37,6.68,6.93,917595,4610,6.96723
2020-06-17T04:00:00Z,7.04,7.35,7.04,7.1,783814,4069,7.14154
2020-06-18T04:00:00Z,7.2,8,7.12,7.78,1957211,9778,7.65277
2020-06-19T04:00:00Z,7.83,7.87,7.2886,7.315,1079619,5880,7.4415
2020-06-22T04:00:00Z,7.26,7.43,7.005,7.15,719617,4365,7.17889
2020-06-23T04:00:00Z,7.36,7.45,7.08,7.15,719256,4870,7.20487
2020-06-24T04:00:00Z,7.12,7.19,6.8,6.87,552329,3587,6.91798
2020-06-25T04:00:00Z,6.84,7.02,6.65,6.81,361201,2353,6.82159
2020-06-26T04:00:00Z,6.88,6.88,6.38,6.48,516884,3848,6.5148
2020-06-29T04:00:00Z,6.55,6.8,6.48,6.6,455064,2608,6.61038
2020-06-30T04:00:00Z,6.57,6.68,6.31,6.6,725340,4197,6.57238
2020-07-01T04:00:00Z,6.6,6.75,6.4299,6.495,458518,2729,6.5341
2020-07-02T04:00:00Z,6.66,6.76,6.44,6.51,606039,3973,6.55642
2020-07-06T04:00:00Z,6.92,7.05,6.78,7.04,965053,4854,6.94265
2020-07-07T04:00:00Z,6.85,6.85,6.47,6.71,728543,4388,6.66995
2020-07-08T04:00:00Z,6.66,6.89,6.6101,6.69,382317,2169,6.73552
2020-07-09T04:00:00Z,6.67,6.74,6.27,6.29,459767,2879,6.41814
2020-07-10T04:00:00Z,6.28,6.42,5.96,6.34,752516,5126,6.24785
2020-07-13T04:00:00Z,6.41,6.52,6.19,6.27,420040,3088,6.30691
2020-07-14T04:00:00Z,6.3,6.3,5.9,6.25,553137,3302,6.14884
2020-07-15T04:00:00Z,6.34,6.445,6.18,6.38,589761,3644,6.34884
2020-07-16T04:00:00Z,6.37,6.52,6.26,6.39,320959,2274,6.38783
2020-07-17T04:00:00Z,6.43,6.5214,6.28,6.42,349408,2550,6.39132
2020-07-20T04:00:00Z,6.35,6.36,6.111,6.335,403789,2189,6.30837
2020-07-21T04:00:00Z,6.31,6.405,6,6.27,602263,3113,6.21805
2020-07-22T04:00:00Z,6.23,6.23,5.87,5.96,566745,3328,5.97435
2020-07-23T04:00:00Z,5.94,6.11,5.87,6.09,330116,1971,6.05031
2020-07-24T04:00:00Z,6.03,6.25,6,6.22,408548,2647,6.15374
2020-07-27T04:00:00Z,6.19,6.46,6.05,6.43,374481,2630,6.35389
2020-07-28T04:00:00Z,6.44,6.51,6.3399,6.43,312418,2055,6.43059
2020-07-29T04:00:00Z,6.78,7.28,6.695,7.21,1144184,4999,7.04848
2020-07-30T04:00:00Z,7.1,7.1279,6.825,7.05,401492,2012,6.96653
2020-07-31T04:00:00Z,7,7.11,6.82,6.97,450061,2703,6.93627
2020-08-03T04:00:00Z,7.01,7.05,6.78,6.86,370702,2844,6.88302
2020-08-04T04:00:00Z,6.91,7.1,6.83,6.98,440412,3018,6.95107
2020-08-05T04:00:00Z,7.1,7.28,7.05,7.18,400974,2425,7.19047
2020-08-06T04:00:00Z,7.25,7.3,6.74,7.01,759442,4692,7.00233
2020-08-07T04:00:00Z,6.94,6.95,6.77,6.91,363882,2020,6.88976
2020-08-10T04:00:00Z,6.9,6.965,6.85,6.92,483784,2894,6.89982
2020-08-11T04:00:00Z,7.05,7.45,6.885,7.35,769586,4865,7.23788
2020-08-12T04:00:00Z,7.41,7.44,7.18,7.44,346515,2191,7.36184
2020-08-13T04:00:00Z,7.38,7.6,7.1,7.2,492310,2784,7.35211
2020-08-14T04:00:00Z,7.15,7.45,7.08,7.33,344753,2340,7.3136
2020-08-17T04:00:00Z,7.36,7.45,7.22,7.34,421271,2676,7.33009
2020-08-18T04:00:00Z,7.34,7.3799,7.05,7.23,336216,2141,7.18536
2020-08-19T04:00:00Z,7.16,7.29,6.9399,7.03,436378,2551,7.04745
2020-08-20T04:00:00Z,7.02,7.02,6.61,6.97,669629,3465,6.81469
2020-08-21T04:00:00Z,6.94,6.95,6.73,6.78,284734,1829,6.81986
2020-08-24T04:00:00Z,6.86,7.05,6.86,6.99,316015,1973,6.97319
2020-08-25T04:00:00Z,7.14,7.3,6.995,7.02,471024,2699,7.13381
2020-08-26T04:00:00Z,7,7.04,6.79,6.83,280358,1811,6.88489
2020-08-27T04:00:00Z,6.75,6.88,6.705,6.755,262199,1540,6.7652
2020-08-28T04:00:00Z,6.77,7.25,6.77,7.17,463870,2285,7.11511
2020-08-31T04:00:00Z,7.15,7.1915,7,7.1,356131,1611,7.10764
2020-09-01T04:00:00Z,7.05,7.05,6.68,6.825,380091,2159,6.81699
2020-09-02T04:00:00Z,6.53,6.69,6.21,6.605,754614,4390,6.50609
2020-09-03T04:00:00Z,6.6,6.72,6.34,6.45,430483,2343,6.48355
2020-09-04T04:00:00Z,6.51,6.72,6.45,6.68,401619,2204,6.63331
2020-09-08T04:00:00Z,6.51,6.73,6.5,6.52,406274,2591,6.59707
2020-09-09T04:00:00Z,6.6,6.61,6.43,6.45,326190,2092,6.48048
2020-09-10T04:00:00Z,6.5,6.725,6.5,6.62,317872,2154,6.63052
2020-09-11T04:00:00Z,6.7,6.79,6.53,6.64,377071,2364,6.63475
2020-09-14T04:00:00Z,6.71,6.82,6.65,6.76,252053,1567,6.73459
2020-09-15T04:00:00Z,6.83,6.83,6.69,6.69,178628,1032,6.72434
2020-09-16T04:00:00Z,6.69,6.93,6.63,6.92,222535,1287,6.84294
2020-09-17T04:00:00Z,6.86,7,6.85,6.975,220650,1478,6.94451
2020-09-18T04:00:00Z,6.98,7.22,6.92,7.11,443715,2699,7.10369
2020-09-21T04:00:00Z,6.88,6.9535,6.4908,6.54,403051,2331,6.58729
2020-09-22T04:00:00Z,6.71,6.83,6.5,6.52,339224,2129,6.61732
2020-09-23T04:00:00Z,6.66,6.86,6.57,6.58,354899,2243,6.66343
2020-09-24T04:00:00Z,6.64,6.94,6.51,6.84,511549,4125,6.76848
2020-09-25T04:00:00Z,6.735,7.03,6.7,6.84,348510,2454,6.84754
2020-09-28T04:00:00Z,6.96,6.9799,6.76,6.845,301641,1799,6.8388
2020-09-29T04:00:00Z,6.76,7,6.73,6.745,385616,1803,6.81718
2020-09-30T04:00:00Z,6.8,7.0101,6.8,6.89,346646,2070,6.91033
2020-10-01T04:00:00Z,7,7.15,6.86,7.11,549363,3230,7.03155
2020-10-02T04:00:00Z,7.07,7.38,7,7.37,654949,3747,7.26007
2020-10-05T04:00:00Z,7.42,7.84,7.4,7.69,729179,3987,7.66656
2020-10-06T04:00:00Z,7.73,7.84,7.33,7.42,669008,3207,7.54438
2020-10-07T04:00:00Z,7.41,7.5,7.11,7.18,408671,2883,7.21368
2020-10-08T04:00:00Z,7.25,7.47,7.2,7.44,474481,3138,7.35901
2020-10-09T04:00:00Z,7.39,7.47,7.12,7.13,454250,2410,7.20502
2020-10-12T04:00:00Z,7.1,7.13,6.93,7.09,287233,1740,7.04144
2020-10-13T04:00:00Z,7.05,7.08,6.73,6.73,404435,2640,6.84491
2020-10-14T04:00:00Z,6.84,6.98,6.74,6.83,309973,1723,6.87957
2020-10-15T04:00:00Z,6.74,6.93,6.68,6.88,199368,1067,6.81026
2020-10-16T04:00:00Z,6.88,6.88,6.65,6.7,271227,1627,6.72025
2020-10-19T04:00:00Z,6.76,6.89,6.59,6.85,372991,2419,6.80598
2020-10-20T04:00:00Z,6.88,7.08,6.83,7.04,226789,1608,6.98511
2020-10-21T04:00:00Z,7.11,7.18,6.86,6.86,385013,2731,6.94118
2020-10-22T04:00:00Z,6.9,7.07,6.89,6.92,759139,4064,6.95595
2020-10-23T04:00:00Z,6.94,7,6.8,6.93,361367,2529,6.88825
2020-10-26T04:00:00Z,6.92,6.93,6.69,6.885,283754,2206,6.80513
2020-10-27T04:00:00Z,6.85,6.94,6.81,6.815,362442,2935,6.85469
2020-10-28T04:00:00Z,6.66,6.66,6.125,6.15,520340,3861,6.319
2020-10-29T04:00:00Z,6.13,6.31,6.12,6.25,500241,2832,6.20488
2020-10-30T04:00:00Z,6.29,6.45,6.13,6.24,257742,1844,6.21955
2020-11-02T05:00:00Z,6.32,6.41,6.135,6.16,274707,2028,6.24141
2020-11-03T05:00:00Z,6.3,6.3,6.18,6.2,390046,2285,6.23378
2020-11-04T05:00:00Z,6.21,6.35,6.12,6.2,357810,2838,6.22681
2020-11-05T05:00:00Z,6.35,6.53,6.305,6.35,603516,3756,6.3967
2020-11-06T05:00:00Z,6.5,6.67,6.47,6.61,383808,2611,6.58943
2020-11-09T05:00:00Z,6.93,7.09,6.83,6.97,602495,3154,6.97658
2020-11-10T05:00:00Z,7,7.06,6.83,7.03,357289,2145,6.98092
2020-11-11T05:00:00Z,7.06,7.2,6.92,7,560312,2558,7.07286
2020-11-12T05:00:00Z,7.09,7.16,7.02,7.09,449482,2547,7.09279
2020-11-13T05:00:00Z,7.09,7.255,6.97,7.01,433039,2809,7.068
2020-11-16T05:00:00Z,7.23,7.26,7.04,7.25,868537,3557,7.21115
2020-11-17T05:00:00Z,7.11,7.22,6.8,6.9,685968,3926,6.95048
2020-11-18T05:00:00Z,6.87,7.14,6.87,7.09,1069001,4938,7.03854
2020-11-19T05:00:00Z,7.04,7.12,6.9,7.09,467874,2104,7.04879
2020-11-20T05:00:00Z,7.09,7.1099,6.95,6.99,305577,1703,7.01633
2020-11-23T05:00:00Z,7.06,7.74,7.01,7.645,1381158,6588,7.44668
2020-11-24T05:00:00Z,7.66,7.7,7.34,7.4,703369,3455,7.49153
2020-11-25T05:00:00Z,7.45,7.47,7.25,7.4,331677,1772,7.3761
2020-11-27T05:00:00Z,7.4,7.8,7.31,7.7,545993,2773,7.65408
2020-11-30T05:00:00Z,8.45,8.9,8.06,8.21,2959188,13501,8.50122
2020-12-01T05:00:00Z,8.93,8.93,7.9,7.945,2448643,12636,8.38003
2020-12-02T05:00:00Z,8.14,8.25,7.87,8.11,1527586,7743,8.08253
2020-12-03T05:00:00Z,8.11,8.41,8.11,8.25,818467,5381,8.27387
2020-12-04T05:00:00Z,8.4,8.81,8.37,8.68,1060040,5786,8.62173
2020-12-07T05:00:00Z,8.73,8.8,8.15,8.23,1176093,6429,8.32167
2020-12-08T05:00:00Z,8.21,8.6,8.1,8.15,942498,4943,8.32233
2020-12-09T05:00:00Z,8.11,8.25,7.7603,7.95,1304980,5386,7.91908
2020-12-10T05:00:00Z,7.96,8.26,7.91,8.22,704575,3863,8.15623
2020-12-11T05:00:00Z,8.11,8.17,7.89,7.93,440608,2729,7.98014
2020-12-14T05:00:00Z,8,8.05,7.6,7.65,797861,4628,7.76726
2020-12-15T05:00:00Z,7.75,7.83,7.55,7.71,599073,3238,7.681
2020-12-16T05:00:00Z,7.8,7.88,7.62,7.75,351788,2038,7.75723
2020-12-17T05:00:00Z,7.83,8.22,7.75,8.04,658100,3694,8.01632
2020-12-18T05:00:00Z,8.25,8.56,8.118,8.31,968702,3523,8.33646
2020-12-21T05:00:00Z,8.34,8.72,8.16,8.55,1688899,8361,8.51152
2020-12-22T05:00:00Z,8.81,9.31,8.81,8.96,1734656,9053,9.05866
2020-12-23T05:00:00Z,9.32,9.32,8.62,8.73,1305051,5816,8.90343
2020-12-24T05:00:00Z,8.97,9,8.64,8.74,440314,2540,8.76885
2020-12-28T05:00:00Z,8.76,8.81,8.35,8.44,728378,4735,8.49821
2020-12-29T05:00:00Z,8.63,8.63,8.24,8.43,460866,2994,8.40271
2020-12-30T05:00:00Z,8.44,8.64,8.43,8.59,427413,2587,8.54939
2020-12-31T05:00:00Z,8.56,8.88,8.5249,8.83,372483,2907,8.76147
2021-01-04T05:00:00Z,9,9.1662,8.66,8.855,724900,4294,8.93389
2021-01-05T05:00:00Z,8.88,9.42,8.88,9.37,1023078,6142,9.20481
2021-01-06T05:00:00Z,9.28,9.54,9.01,9.3,1125894,5846,9.24527
2021-01-07T05:00:00Z,9.5,10.14,9.44,9.81,1381619,6685,9.86753
2021-01-08T05:00:00Z,10.15,11.17,10.13,11.08,1997650,10273,10.7481
2021-01-11T05:00:00Z,11,11.15,10.68,11.03,1138236,7253,10.9626
2021-01-12T05:00:00Z,10.97,11.49,10.92,11.47,1057947,6466,11.2498
2021-01-13T05:00:00Z,11.36,11.38,10.7596,11.09,1164827,7779,11.0222
2021-01-14T05:00:00Z,11.16,12.195,11.1,12.03,1725548,8815,11.8265
2021-01-15T05:00:00Z,12.2,12.22,11.31,11.49,1205210,7767,11.6377
2021-01-19T05:00:00Z,11.82,12.01,11.49,11.76,1015730,5272,11.8207
2021-01-20T05:00:00Z,11.8,11.86,11.155,11.485,801044,4911,11.4513
2021-01-21T05:00:00Z,11.4,11.4556,10.56,11.17,1339866,7647,11.0918
2021-01-22T05:00:00Z,10.9,11.45,10.61,11.4,1057781,5555,11.1412
2021-01-25T05:00:00Z,11,11.39,10.68,10.85,1130347,6794,10.9638
2021-01-26T05:00:00Z,10.59,10.87,10.36,10.575,1305230,6035,10.5709
2021-01-27T05:00:00Z,10.34,10.7,10.245,10.33,1179292,7056,10.419
2021-01-28T05:00:00Z,10.25,10.41,10.04,10.2,944877,5619,10.2457
2021-01-29T05:00:00Z,10.41,11.09,10.39,10.61,1330157,6952,10.6955
2021-02-01T05:00:00Z,10.12,10.64,9.55,10.58,2668985,12393,10.1394
2021-02-02T05:00:00Z,10.28,10.62,9.95,10.55,1571508,9437,10.2981
2021-02-03T05:00:00Z,10.43,11.22,10.43,11.15,1187743,5870,10.9907
2021-02-04T05:00:00Z,11.24,11.36,10.87,11.03,794659,4772,11.0426
2021-02-05T05:00:00Z,11.18,11.75,11.1,11.73,1126163,6011,11.5048
2021-02-08T05:00:00Z,11.54,12.1,11.46,11.66,1256835,5623,11.7115
2021-02-09T05:00:00Z,11.55,11.9,11.28,11.83,1126522,5713,11.6775
2021-02-10T05:00:00Z,12,12.16,11.68,11.815,892352,5279,11.8739
2021-02-11T05:00:00Z,11.8,12.69,11.69,12.39,1398026,7315,12.2752
2021-02-12T05:00:00Z,12.2,14.58,12.2,14.12,3637062,18086,13.8534
2021-02-16T05:00:00Z,14.47,14.99,14.03,14.3,1737279,10541,14.3823
2021-02-17T05:00:00Z,14.08,14.23,13.31,14.23,1680684,11659,13.8359
2021-02-18T05:00:00Z,13.65,14.07,12.9,13.2,1325349,8188,13.2882
2021-02-19T05:00:00Z,13.41,13.94,13.12,13.48,993712,7675,13.4725
2021-02-22T05:00:00Z,13.64,14.5255,13.41,13.99,1802551,9480,14.166
2021-02-23T05:00:00Z,13.8,13.87,12.66,13.34,970635,5944,13.4188
2021-02-24T05:00:00Z,13.16,14.25,13.15,14.19,1399684,7870,14.0087
2021-02-25T05:00:00Z,14.33,14.97,14.258,14.39,1727638,10349,14.6139
2021-02-26T05:00:00Z,13.98,14.5,13.72,14.08,917124,5103,14.0905
2021-03-01T05:00:00Z,14.29,14.47,13.64,13.76,742352,4387,14.0119
2021-03-02T05:00:00Z,14.01,14.17,13.67,13.68,1210562,6932,13.8309
2021-03-03T05:00:00Z,13.83,14.3199,13.6601,14.17,1406830,7442,14.057
2021-03-04T05:00:00Z,14.15,15.18,13.15,13.5,1773549,10127,13.923
2021-03-05T05:00:00Z,13.96,14,12.74,13.6,1462039,9898,13.3931
2021-03-08T05:00:00Z,13.87,13.97,13.3822,13.53,886202,6853,13.617
2021-03-09T05:00:00Z,13.67,14.07,13.45,13.74,943469,7129,13.7784
2021-03-10T05:00:00Z,13.71,14.9,13.56,14.6,2350922,13675,14.4755
2021-03-11T05:00:00Z,14.995,15.81,14.61,15.69,2422530,11693,15.3604
2021-03-12T05:00:00Z,15.68,16.4,15.17,15.92,2027809,10729,15.9354
2021-03-15T04:00:00Z,16,16.135,15.36,16.03,887911,5999,15.824
2021-03-16T04:00:00Z,15.97,15.98,14.84,15,1097102,7953,15.2288
2021-03-17T04:00:00Z,15.39,15.9,15.11,15.79,1241135,8702,15.5484
2021-03-18T04:00:00Z,15.9,17.43,15.87,16.3,2378585,15267,16.8449
2021-03-19T04:00:00Z,16.51,17.055,16.08,16.87,1142381,7236,16.7598
2021-03-22T04:00:00Z,17.7,17.88,16.6201,16.74,1565050,11285,17.0432
2021-03-23T04:00:00Z,16.1,16.1,13.76,13.88,3130747,19716,14.692
2021-03-24T04:00:00Z,14.47,14.64,13.94,13.94,1326412,9209,14.3071
2021-03-25T04:00:00Z,13.6526,15.45,13.26,15.25,2052511,14782,14.5379
2021-03-26T04:00:00Z,15.61,15.85,14.66,15.125,1342481,8731,15.1704
2021-03-29T04:00:00Z,15.14,15.14,14.36,14.55,963366,6120,14.6159
2021-03-30T04:00:00Z,14.59,14.9699,14.12,14.92,925933,5974,14.7276
2021-03-31T04:00:00Z,14.97,15,14.3606,14.68,1006957,6953,14.6595
2021-04-01T04:00:00Z,14.69,14.84,14.29,14.49,697859,5871,14.4878
2021-04-05T04:00:00Z,14.66,14.675,13.88,14.22,922629,6862,14.1911
2021-04-06T04:00:00Z,13.9762,14.6,13.92,14.36,682428,5102,14.2984
2021-04-07T04:00:00Z,14.39,14.89,14.28,14.69,614433,5204,14.6304
2021-04-08T04:00:00Z,14.77,14.85,14.43,14.74,568092,4841,14.6577
2021-04-09T04:00:00Z,14.81,14.83,14.47,14.77,520935,4260,14.6644
2021-04-12T04:00:00Z,14.95,14.98,14.16,14.76,857863,6432,14.6524
2021-04-13T04:00:00Z,14.55,14.67,14.21,14.44,658549,5104,14.4476
2021-04-14T04:00:00Z,14.4465,16.01,14.37,15.28,1803074,11102,15.5257
2021-04-15T04:00:00Z,15.7778,15.88,15.1,15.24,750923,4930,15.4192
2021-04-16T04:00:00Z,15.5,16.35,15.41,15.99,1525425,10662,15.9694
2021-04-19T04:00:00Z,16.48,17.29,16.4,17.01,1975933,12250,17.0301
2021-04-20T04:00:00Z,16.85,17.03,16.1,16.5,1199997,8706,16.5621
2021-04-21T04:00:00Z,17.04,17.77,16.85,17.73,1413732,11350,17.5322
2021-04-22T04:00:00Z,17.59,18.26,17.31,17.36,1697738,12448,17.7242
2021-04-23T04:00:00Z,17.8,17.91,17.12,17.69,1024161,7506,17.6612
2021-04-26T04:00:00Z,18.05,18.42,17.9,18.14,1441609,8817,18.1175
2021-04-27T04:00:00Z,18.51,18.91,17.98,18.17,1259228,10010,18.3055
2021-04-28T04:00:00Z,18.2,18.82,18.11,18.37,2073277,11966,18.4534
2021-04-29T04:00:00Z,18.56,18.57,17.91,18.07,1688193,11703,18.1787
2021-04-30T04:00:00Z,18.14,18.98,18.055,18.63,1263792,10606,18.5993
2021-05-03T04:00:00Z,18.95,21.65,18.95,21.01,3675945,26859,20.5994
2021-05-04T04:00:00Z,21.29,21.78,19.61,20.43,2414686,19875,20.5231
2021-05-05T04:00:00Z,21,21.45,20,20.385,2065853,15123,20.68
2021-05-06T04:00:00Z,19.39,20.8,19.06,20.5,2192196,19129,20.0859
2021-05-07T04:00:00Z,20.59,22.9,20.561,22.5,3230199,19847,22.2589
2021-05-10T04:00:00Z,23,23.27,22.11,22.11,2318451,17950,22.7318
2021-05-11T04:00:00Z,20.94,23.29,20.8,23.22,2423665,17463,22.5959
2021-05-12T04:00:00Z,22.52,22.65,21.2638,21.45,2239390,17995,21.7912
2021-05-13T04:00:00Z,21.32,21.76,20.95,21.46,1461263,10184,21.2768
2021-05-14T04:00:00Z,21.25,21.67,20.765,21.29,1501297,12445,21.1146
2021-05-17T04:00:00Z,21.21,21.53,20.71,20.73,1462232,12929,20.9933
2021-05-18T04:00:00Z,21.12,22.64,21.08,22.1,2129505,15070,22.0136
2021-05-19T04:00:00Z,22.285,22.88,21.46,22.54,2359738,18909,22.3256
2021-05-20T04:00:00Z,21.61,22,20.1,21,4526965,29526,20.5907
2021-05-21T04:00:00Z,21.22,22.25,21.1,21.59,2053976,15832,21.6467
2021-05-24T04:00:00Z,21.46,22.866,21.22,22.72,1876906,14761,22.2829
2021-05-25T04:00:00Z,21.9,21.95,20.27,20.33,3940629,26483,20.9299
2021-05-26T04:00:00Z,20.33,20.55,19.25,19.63,3317030,25999,19.6974
2021-05-27T04:00:00Z,19.21,19.55,18.8,19.39,2564441,20077,19.2119
2021-05-28T04:00:00Z,19.17,19.93,19.17,19.51,1373178,10418,19.5917
2021-06-01T04:00:00Z,19.94,20.03,19.18,19.99,1980113,17008,19.7
2021-06-02T04:00:00Z,19.94,20.089,18.77,19.32,1841015,16566,19.3572
2021-06-03T04:00:00Z,19.03,19.14,18.44,18.66,2123803,14898,18.7591
2021-06-04T04:00:00Z,18.825,19,18.4,18.88,1266550,10598,18.7529
2021-06-07T04:00:00Z,19.21,20.585,19.0775,20.45,2686888,18580,20.1536
2021-06-08T04:00:00Z,20.74,20.8,19.84,20.56,1591124,13690,20.4468
2021-06-09T04:00:00Z,20.758,21.13,20.65,20.94,1941171,14064,20.9507
2021-06-10T04:00:00Z,21.4,22.26,21.24,21.53,1793411,14730,21.6763
2021-06-11T04:00:00Z,21.85,22.57,21.605,22.55,2101247,16532,22.1561
2021-06-14T04:00:00Z,22.78,23.26,21.31,21.55,2506536,20370,22.1942
2021-06-15T04:00:00Z,21.66,22.36,20.8,22.21,1921697,14266,21.6835
2021-06-16T04:00:00Z,22.42,24.5,22.22,24.37,3984303,28097,23.7174
2021-06-17T04:00:00Z,23.76,24.1,22.04,22.61,2807429,21125,22.8824
2021-06-18T04:00:00Z,21.77,22.5699,21.41,22.13,1671378,13658,22.1046
2021-06-21T04:00:00Z,21.84,22.8,21.77,22.5,1729947,11944,22.5003
2021-06-22T04:00:00Z,22.11,23.51,21.002,23.49,2655644,19726,22.7961
2021-06-23T04:00:00Z,23.3,24.08,22.645,22.68,1541621,13931,23.13
2021-06-24T04:00:00Z,22.68,24.02,22.68,23.97,1622146,12997,23.6299
2021-06-25T04:00:00Z,24.6906,25.24,23.52,23.56,2788907,19102,24.281
2021-06-28T04:00:00Z,24.08,24.1299,22.4,22.9,2074958,16839,22.8806
2021-06-29T04:00:00Z,23.25,23.48,22.51,22.73,1081675,10193,22.9345
2021-06-30T04:00:00Z,22.7,23.33,22.5401,22.95,1064219,8569,22.9681
2021-07-01T04:00:00Z,22.97,23.1,20.99,21.35,2576425,21201,21.5783
2021-07-02T04:00:00Z,20.66,21.18,20.24,20.58,3189623,23532,20.5906
2021-07-06T04:00:00Z,20.58,20.81,19.7,20.6,1633704,14066,20.4476
2021-07-07T04:00:00Z,20.82,21.125,20.14,20.75,1374881,12283,20.6421
2021-07-08T04:00:00Z,19.7,20.23,19.36,20.01,1485351,13827,19.8055
2021-07-09T04:00:00Z,20.27,20.75,19.915,20.55,1287569,10907,20.5004
2021-07-12T04:00:00Z,20.5,20.5,19.8497,20.35,876704,7963,20.2755
2021-07-13T04:00:00Z,19.972,20.1,18.97,19.06,1855492,15526,19.3056
2021-07-14T04:00:00Z,19.08,19.68,18.56,18.65,2035487,17831,18.9229
2021-07-15T04:00:00Z,18.55,19.2679,18.42,18.74,1472336,12928,18.7806
2021-07-16T04:00:00Z,18.83,18.97,17.26,17.34,3253760,24688,17.6643
2021-07-19T04:00:00Z,17.01,17.59,16.56,17.53,3036030,24088,17.1926
2021-07-20T04:00:00Z,17.75,17.78,17.16,17.39,1615188,13351,17.4509
2021-07-21T04:00:00Z,17.64,18.62,17.49,18.51,1374421,11540,18.3295
2021-07-22T04:00:00Z,18.57,18.72,18.11,18.71,1044051,9244,18.5085
2021-07-23T04:00:00Z,19,19.04,18.26,18.53,1146440,10879,18.5276
2021-07-26T04:00:00Z,18.57,19.13,18.5,18.88,1446820,11818,18.7839
2021-07-27T04:00:00Z,18.86,18.86,17.65,18.33,1694521,14106,18.1037
2021-07-28T04:00:00Z,18.5,19.02,18.2201,18.71,872909,8318,18.675
2021-07-29T04:00:00Z,18.89,19.57,18.73,19.36,1140474,9494,19.191
2021-07-30T04:00:00Z,19.36,19.3999,18.69,19.03,1200182,10732,18.9556
2021-08-02T04:00:00Z,19.3,19.75,18.9613,19.19,1274361,11885,19.2541
2021-08-03T04:00:00Z,19.19,19.2,18.415,19.2,1064532,10373,18.8482
2021-08-04T04:00:00Z,19.27,19.46,18.8,18.96,861178,8004,19.0263
2021-08-05T04:00:00Z,19.1,19.77,19.04,19.6,2290067,19292,19.5077
2021-08-06T04:00:00Z,20.2465,20.32,18.61,19.37,3761298,27939,19.1594
2021-08-09T04:00:00Z,19.28,19.3,18.165,18.22,3322570,21791,18.4555
2021-08-10T04:00:00Z,18.22,19.41,17.92,19.28,1780656,13913,19.0608
2021-08-11T04:00:00Z,19.4766,20.07,19.28,20.04,1782031,14261,19.7639
2021-08-12T04:00:00Z,20.14,20.45,19.66,20.29,1251259,9639,20.0793
2021-08-13T04:00:00Z,20.39,20.88,20.18,20.48,1990170,13010,20.5564
2021-08-16T04:00:00Z,20.3632,21.06,19.91,20.95,2116624,16926,20.6851
2021-08-17T04:00:00Z,20.86,21.65,20.61,20.88,2359574,16161,21.1187
2021-08-18T04:00:00Z,21.45,22.17,20.96,21.42,2655115,17291,21.7504
2021-08-19T04:00:00Z,21,21.14,19.92,20.46,2399848,17142,20.3339
2021-08-20T04:00:00Z,20.1417,20.51,19.57,20.31,2017146,13647,20.1301
2021-08-23T04:00:00Z,21.07,21.97,20.95,21.83,2523803,15051,21.5799
2021-08-24T04:00:00Z,21.94,22.58,21.65,21.81,2293647,16924,21.9709
2021-08-25T04:00:00Z,21.88,22.35,21.59,22.08,1622855,13519,22.0174
2021-08-26T04:00:00Z,22.1,22.6,21.93,22.37,1526610,12099,22.311
2021-08-27T04:00:00Z,22.4,23.7912,22.2,23.74,2281565,17158,23.2825
2021-08-30T04:00:00Z,24.12,24.41,23.28,23.87,2146483,13804,23.8217
2021-08-31T04:00:00Z,23.32,23.37,22.22,23.07,3899546,23363,22.7935
2021-09-01T04:00:00Z,22.8185,23.21,22.235,23.17,2262241,15853,22.8315
2021-09-02T04:00:00Z,23.32,24.23,23.32,23.96,1511457,12199,23.8643
2021-09-03T04:00:00Z,23.74,24.02,23.27,23.88,1082907,8356,23.7399
2021-09-07T04:00:00Z,23.49,24.895,23.488,23.98,2522111,15860,24.1596
2021-09-08T04:00:00Z,23.7,23.71,22.26,22.76,2237977,16842,22.9138
2021-09-09T04:00:00Z,22.99,23.98,22.82,23.83,1564964,11807,23.6949
2021-09-10T04:00:00Z,24.32,24.65,23.58,23.6,1605332,11260,24.0301
2021-09-13T04:00:00Z,24.4,24.87,23.97,24.16,2510353,16598,24.3626
2021-09-14T04:00:00Z,24.28,24.5,23.44,23.62,1641353,11403,23.7628
2021-09-15T04:00:00Z,23.76,24.62,23.6,24.61,1731755,13973,24.262
2021-09-16T04:00:00Z,24.77,26,24.35,24.45,3378155,20985,25.0407
2021-09-17T04:00:00Z,24.55,24.63,22.92,22.94,3525375,22857,23.3157
2021-09-20T04:00:00Z,21.4,22.11,20,20.18,5783698,42349,20.8881
2021-09-21T04:00:00Z,20.86,20.9623,20.05,20.25,2339232,15775,20.4389
2021-09-22T04:00:00Z,20.83,21.45,20.82,21.14,2026555,15947,21.1849
2021-09-23T04:00:00Z,21.5815,21.77,21.1,21.62,1839930,14329,21.4934
2021-09-24T04:00:00Z,21.21,22.87,21.15,22.74,2124509,15445,22.2284
2021-09-27T04:00:00Z,22.73,23.8552,22.5375,23.38,2089705,14350,23.3459
2021-09-28T04:00:00Z,23.8327,24.04,22.78,23.7,2180199,15140,23.4417
2021-09-29T04:00:00Z,24.05,24.2322,22.85,23.08,1998150,14351,23.3776
2021-09-30T04:00:00Z,23.09,24.3,22.7101,24.04,1763302,13391,23.7191
2021-10-01T04:00:00Z,24.25,25.44,24.02,25.27,2718208,16783,24.9291
2021-10-04T04:00:00Z,25,25.28,23.15,23.4,2920319,23216,23.7273
2021-10-05T04:00:00Z,24.07,25.46,23.9301,24.73,2493374,19277,24.7955
2021-10-06T04:00:00Z,24.36,25.11,23.96,24.67,2162388,17792,24.5832
2021-10-07T04:00:00Z,24.848,25.3,23.62,23.7,2478135,19505,24.108
2021-10-08T04:00:00Z,23.6,23.6,22.42,22.95,2135230,18189,22.8874
2021-10-11T04:00:00Z,23,23.78,22.97,23.24,1237924,9811,23.3641
2021-10-12T04:00:00Z,23.18,23.38,22.51,22.55,1804280,14583,22.7946
2021-10-13T04:00:00Z,22.67,22.77,21.57,22.17,1675811,15772,22.0557
2021-10-14T04:00:00Z,22.37,22.4,21.31,21.68,2519121,19362,21.7686
2021-10-15T04:00:00Z,21.97,22.47,21.54,22.07,1642230,13102,22.0878
2021-10-18T04:00:00Z,22.2,23.18,21.9101,22.88,1456044,11112,22.7778
2021-10-19T04:00:00Z,23.1,24.05,22.84,22.95,1573894,12853,23.2923
2021-10-20T04:00:00Z,22.75,23.35,21.97,23.22,1924773,14706,22.7922
2021-10-21T04:00:00Z,22.7301,22.7301,21.69,22.05,2132014,16481,22.0384
2021-10-22T04:00:00Z,21.84,21.9,21.0623,21.58,2026871,16740,21.5376
2021-10-25T04:00:00Z,21.56,22.46,21.56,22.39,1547439,10767,22.0908
2021-10-26T04:00:00Z,21.84,21.85,20.37,20.94,4069897,32046,20.8796
2021-10-27T04:00:00Z,20.31,20.78,19.87,20.02,2298598,18072,20.2234
2021-10-28T04:00:00Z,20.34,20.73,20.0814,20.64,1415925,13402,20.4915
2021-10-29T04:00:00Z,20.57,20.74,20.2301,20.69,903074,8827,20.5719
2021-11-01T04:00:00Z,20.7,20.85,20.285,20.65,1598234,11182,20.6166
2021-11-02T04:00:00Z,19.72,19.8,18.235,19.25,3730541,28460,18.9258
2021-11-03T04:00:00Z,19.02,19.665,18.445,19.5,2000851,17525,19.2648
2021-11-04T04:00:00Z,19.75,19.86,19.02,19.28,1397494,10214,19.3098
2021-11-05T04:00:00Z,19.51,19.5859,18.72,19.28,2031215,18031,19.0351
2021-11-08T05:00:00Z,19.55,19.98,19.44,19.53,1493207,11839,19.6542
2021-11-09T05:00:00Z,19.78,19.78,18.95,19.4,1271398,9736,19.3598
2021-11-10T05:00:00Z,19.3,19.3,18.41,18.54,1616947,12984,18.7953
2021-11-11T05:00:00Z,19.02,19.52,18.83,19.2,1600508,11533,19.259
2021-11-12T05:00:00Z,18.81,19.2099,18.68,19.17,1488027,12105,18.977
2021-11-15T05:00:00Z,19.37,19.38,18.5,19.07,2505748,16523,18.859
2021-11-16T05:00:00Z,18.72,18.84,17.8,18.19,4056792,27476,18.1115
2021-11-17T05:00:00Z,18.98,19.27,18.23,18.68,4067387,29274,18.7415
2021-11-18T05:00:00Z,18.87,19.77,18.81,19.21,3908590,26020,19.3832
2021-11-19T05:00:00Z,19.47,19.53,18.87,18.88,3011790,22968,19.139
2021-11-22T05:00:00Z,19.02,19.79,19.01,19.08,2702526,14260,19.3143
2021-11-23T05:00:00Z,19.135,19.39,18.64,19.04,2535036,14589,18.9702
2021-11-24T05:00:00Z,19.11,21.4,18.93,20.99,6954692,36139,20.4843
2021-11-26T05:00:00Z,20.355,21.0395,19.81,20.95,2309528,14857,20.4088
2021-11-29T05:00:00Z,21.8883,21.95,20.92,21.83,2876040,20129,21.5281
2021-11-30T05:00:00Z,21.65,21.9,20.4962,21.01,2757275,19954,21.0572
2021-12-01T05:00:00Z,21.3424,21.39,19.79,19.79,2190940,16248,20.4168
2021-12-02T05:00:00Z,19.84,21.34,19.84,21.23,1715646,11099,20.8572
2021-12-03T05:00:00Z,21.31,21.69,20.74,21.66,2159085,15535,21.3422
2021-12-06T05:00:00Z,21.8,23.07,21.19,22.69,3215005,18797,22.4768
2021-12-07T05:00:00Z,23.2,23.89,23.1,23.57,2506286,16144,23.5555
2021-12-08T05:00:00Z,23.77,24.03,23.031,23.46,3090566,20943,23.5604
2021-12-09T05:00:00Z,21.9,21.955,21.15,21.4,2207127,16666,21.6034
2021-12-10T05:00:00Z,21.52,21.7,20.76,21.09,1387916,11050,21.1096
2021-12-13T05:00:00Z,20.86,20.99,19.3,19.58,2425308,16581,19.8089
2021-12-14T05:00:00Z,18.97,19.41,18.6,18.67,2359426,16591,18.914
2021-12-15T05:00:00Z,18.5,19.42,18.41,19.37,2027223,16692,18.9289
2021-12-16T05:00:00Z,19.81,19.95,19.22,19.31,1487907,11307,19.5416
2021-12-17T05:00:00Z,19.21,19.96,18.8316,19.86,1629553,11971,19.6349
2021-12-20T05:00:00Z,19.59,20.31,19.43,20.24,1845708,13874,19.8355
2021-12-21T05:00:00Z,20.37,20.94,20.29,20.31,1222371,10949,20.5172
2021-12-22T05:00:00Z,20.44,20.81,20.03,20.8,810980,6888,20.5852
2021-12-23T05:00:00Z,20.98,21.1999,20.71,21.05,1125261,8331,21.0553
2021-12-27T05:00:00Z,21.15,21.25,20.8,21.18,981068,8544,21.1171
2021-12-28T05:00:00Z,21.18,21.59,20.99,21.01,732256,5747,21.2257
2021-12-29T05:00:00Z,20.97,21.78,20.8,21.47,1302010,9658,21.4612
2021-12-30T05:00:00Z,21.47,21.81,21.3,21.53,1266254,9528,21.5957
2021-12-31T05:00:00Z,21.62,22.91,21.33,22.67,1745303,12296,22.3785
2022-01-03T05:00:00Z,23.05,24,22.74,23.62,4492644,26611,23.5018
2022-01-04T05:00:00Z,23.62,24.35,23.54,23.8,3032656,22079,23.9204
2022-01-05T05:00:00Z,23.85,24.38,22.885,22.93,2509682,18120,23.5258
2022-01-06T05:00:00Z,23.265,23.6,22.55,22.61,1610248,13221,23.0111
2022-01-07T05:00:00Z,22.78,23.38,22.54,22.57,2875448,12307,22.9252
2022-01-10T05:00:00Z,22.5,22.57,21.65,22.26,2269814,15415,22.1392
2022-01-11T05:00:00Z,22.3495,23.11,22.22,23.06,2017438,13993,22.657
2022-01-12T05:00:00Z,23.16,23.18,22.33,22.81,1780697,12194,22.7596
2022-01-13T05:00:00Z,22.5,22.705,21.14,21.29,2494903,19143,21.7835
2022-01-14T05:00:00Z,21.01,22.33,20.74,22.28,2375123,16063,21.8633
2022-01-18T05:00:00Z,21.872,22.11,21.1,21.22,2195991,17580,21.4709
2022-01-19T05:00:00Z,21.45,21.7,21.01,21.21,1461252,11413,21.3343
2022-01-20T05:00:00Z,21.34,22.1,21.12,21.3,1547515,10406,21.634
2022-01-21T05:00:00Z,21,21.04,20.03,20.1,3055785,19817,20.3572
2022-01-24T05:00:00Z,19.545,20.4199,18.7,20.38,3152527,23202,19.4067
2022-01-25T05:00:00Z,20.13,20.47,19.7,20.15,1601600,11988,20.2045
2022-01-26T05:00:00Z,20.632,20.69,19.69,19.87,1550018,11084,20.2714
2022-01-27T05:00:00Z,20.27,21.94,20.11,21.48,2223189,15777,21.2864
2022-01-28T05:00:00Z,21.7,22.47,21.53,22.47,2145066,15948,21.9913
2022-01-31T05:00:00Z,22.48,22.59,21.65,22.24,1645655,11460,22.2271
2022-02-01T05:00:00Z,22.3,23.98,22.3,23.87,3544022,21275,23.4798
2022-02-02T05:00:00Z,23.95,24.85,23.56,23.74,3226926,17963,24.0921
2022-02-03T05:00:00Z,23.08,23.81,22.75,23.14,2331952,16724,23.3768
2022-02-04T05:00:00Z,23.2,23.98,23.1,23.83,1486271,11811,23.6771
2022-02-07T05:00:00Z,24.37,25.719,24.15,24.95,3898509,24471,25.0161
2022-02-08T05:00:00Z,25.35,25.88,24.72,25.18,2609195,18986,25.2538
2022-02-09T05:00:00Z,25.37,26.73,25.3,26.66,3055391,22138,26.0349
2022-02-10T05:00:00Z,26.735,27.75,26.47,26.78,3276455,23379,27.134
2022-02-11T05:00:00Z,26.85,27.5818,26.19,26.43,2182590,17713,26.8312
2022-02-14T05:00:00Z,26.1,26.59,25.44,26.28,1857885,14891,26.1277
2022-02-15T05:00:00Z,26.7,27.89,26.53,27.23,2180564,17659,27.3299
2022-02-16T05:00:00Z,27.35,27.65,26.97,27,2382084,16563,27.2749
2022-02-17T05:00:00Z,28.37,30.77,27.1203,29.65,9588563,61830,29.5114
2022-02-18T05:00:00Z,29.8183,31.36,29.29,29.36,7599133,44496,30.2703
2022-02-22T05:00:00Z,28.95,32,28.71,31.31,5471061,41107,30.8492
2022-02-23T05:00:00Z,31.505,31.75,29.95,30.25,3878928,26672,30.7522
2022-02-24T05:00:00Z,28.29,30.22,27.93,29.34,5187309,32450,29.3325
2022-02-25T05:00:00Z,29.69,31.97,29.5603,31.76,3764115,28078,31.2558
2022-02-28T05:00:00Z,31.4,32,29.82,30.08,5283704,34814,30.6648
2022-03-01T05:00:00Z,28.9,28.95,26.75,27.16,4093320,31795,27.4949
2022-03-02T05:00:00Z,27.42,29.98,27.4,29.86,3855095,27570,29.4031
2022-03-03T05:00:00Z,29.35,30.03,28.6,28.99,3165491,20218,29.2754
2022-03-04T05:00:00Z,28.45,28.66,27.07,28.27,2868548,21534,27.865
2022-03-07T05:00:00Z,28.27,29.07,27.21,27.71,2672998,20111,28.0659
2022-03-08T05:00:00Z,28.005,30.05,27.4202,29.65,3666429,29440,29.0292
2022-03-09T05:00:00Z,30.45,30.69,28.01,28.96,3945781,26049,29.0605
2022-03-10T05:00:00Z,28.9,30.25,28.86,29.92,2022455,17017,29.767
2022-03-11T05:00:00Z,29.89,30.91,29.67,30.13,2124343,16427,30.2294
2022-03-14T04:00:00Z,29.78,29.823,26.75,26.9,3422473,25686,27.6478
2022-03-15T04:00:00Z,27.19,27.23,25.8,26.85,3128710,22961,26.6564
2022-03-16T04:00:00Z,27.66,28.37,27.12,28.18,2099887,17335,27.864
2022-03-17T04:00:00Z,28.37,29.02,28.31,28.94,1665972,14874,28.7318
2022-03-18T04:00:00Z,28.94,29.51,28.7,29.29,3696568,19574,29.2294
2022-03-21T04:00:00Z,29.32,29.97,28.56,29.59,1701532,14181,29.4684
2022-03-22T04:00:00Z,29.5,29.64,28.72,28.85,2093785,19908,29.0442
2022-03-23T04:00:00Z,29.11,30.3,28.918,29.61,2954304,27512,29.6119
2022-03-24T04:00:00Z,29.6,29.7,28.8,29.58,1796212,15237,29.2988
2022-03-25T04:00:00Z,29.36,29.97,29.01,29.42,1224699,11569,29.3535
2022-03-28T04:00:00Z,29.55,31.37,29.14,29.5,3268347,22824,30.1723
2022-03-29T04:00:00Z,29.5,30.11,26.74,30,3724964,30232,28.7294
2022-03-30T04:00:00Z,30.01,30.68,29.52,29.77,1621551,14370,29.9999
2022-03-31T04:00:00Z,29.68,30.44,29.64,29.69,1473033,14081,29.9191
2022-04-01T04:00:00Z,29.79,30.97,29.79,30.36,1788986,14955,30.3713
2022-04-04T04:00:00Z,30.35,30.4,27.58,28.08,3971826,32430,28.2512
2022-04-05T04:00:00Z,28.015,28.89,27.07,27.48,2963050,24499,27.7769
2022-04-06T04:00:00Z,26.99,27.45,26.25,26.32,3156338,27715,26.7321
2022-04-07T04:00:00Z,26.41,27.5,26.3,27.19,2149482,19207,26.8587
2022-04-08T04:00:00Z,27.77,28.68,27.5,28.3,2023026,15929,28.1624
2022-04-11T04:00:00Z,27.452,27.86,25.51,25.69,4039157,33058,26.0261
2022-04-12T04:00:00Z,26.32,26.87,25.81,26.54,2256044,20665,26.423
2022-04-13T04:00:00Z,26.93,28.18,26.93,28.13,1719819,16949,27.7912
2022-04-14T04:00:00Z,28.31,30.7,28.31,30.46,5096719,35487,30.1266
2022-04-18T04:00:00Z,30.69,32.15,29.54,31.71,3998132,30832,31.4883
2022-04-19T04:00:00Z,31.57,32.02,30.25,31.81,3070104,26363,31.5594
2022-04-20T04:00:00Z,32.045,32.41,29.95,30.47,2861882,26803,30.6274
2022-04-21T04:00:00Z,30.83,31.7199,29.3,29.41,2504704,21986,30.408
2022-04-22T04:00:00Z,29.67,30.46,28.55,28.71,2121855,18658,29.4028
2022-04-25T04:00:00Z,27.64,27.73,25.5601,26.99,4644059,37734,26.5512
2022-04-26T04:00:00Z,27.22,27.8899,26.6516,27.02,1735632,18045,27.2805
2022-04-27T04:00:00Z,27.9,29.77,27.83,29.38,1737115,18013,29.0006
2022-04-28T04:00:00Z,29.86,29.89,28.17,29.02,1811886,16119,28.8546
2022-04-29T04:00:00Z,29.38,29.55,28.07,28.1,1572178,15902,28.536
2022-05-02T04:00:00Z,28.04,28.9796,27.76,28.92,1236567,14057,28.3798
2022-05-03T04:00:00Z,28.65,30.55,28.65,30.23,1654801,16769,30.0338
2022-05-04T04:00:00Z,30.55,31.14,29.99,31,1319023,16434,30.5815
2022-05-05T04:00:00Z,30.99,31.47,29.635,30.68,1505524,16132,30.4826
2022-05-06T04:00:00Z,30.815,31,29.47,30.39,1446746,15214,30.4777
2022-05-09T04:00:00Z,29.76,29.88,27.1,27.57,2923614,26559,27.9053
2022-05-10T04:00:00Z,28.51,29.88,28.51,29.43,1821647,18058,29.1591
2022-05-11T04:00:00Z,30.06,30.7,29.55,29.93,1840302,20573,30.1679
2022-05-12T04:00:00Z,29.52,29.65,27.56,28.34,2470539,27432,28.3428
2022-05-13T04:00:00Z,28.99,30.53,28.72,29.88,2214064,23834,29.8281
2022-05-16T04:00:00Z,30,31.3,29.83,31.01,1954418,23857,30.7596
2022-05-17T04:00:00Z,31.65,32.44,31.26,31.81,2649936,24438,31.8428
2022-05-18T04:00:00Z,31.85,31.92,30.24,30.65,2249957,20909,31.0286
2022-05-19T04:00:00Z,30.02,32.9,29.8012,32.21,3206473,30765,32.1546
2022-05-20T04:00:00Z,32.9,33.09,31.11,32.03,2842524,27298,32.1389
2022-05-23T04:00:00Z,32.4,33.88,31.51,33.6,4005917,33510,33.0938
2022-05-24T04:00:00Z,32.61,33.2117,31.91,32.79,4119890,36080,32.6646
2022-05-25T04:00:00Z,33.13,33.49,30.62,31.89,4534997,41498,31.809
2022-05-26T04:00:00Z,31.97,32.59,31.77,32.55,2759054,24582,32.241
2022-05-27T04:00:00Z,32.25,32.615,31.26,32.54,3408717,31210,32.0344
2022-05-31T04:00:00Z,32.865,33.99,32.17,32.72,4477713,38777,32.9858
2022-06-01T04:00:00Z,33.36,33.8,32.31,33.3,4307843,32899,33.1243
2022-06-02T04:00:00Z,31.87,31.99,30.6801,31.25,3324625,31342,31.3395
2022-06-03T04:00:00Z,31,32.5682,30.7101,32.51,2867619,23693,31.7392
2022-06-06T04:00:00Z,32.62,32.85,31.84,32.07,2171771,20736,32.1898
2022-06-07T04:00:00Z,31.79,32.0531,30.88,31.69,2377633,23495,31.4834
2022-06-08T04:00:00Z,30.582,30.62,28.04,28.3,6842010,64995,28.6525
2022-06-09T04:00:00Z,28.31,28.328,27.03,27.05,4962640,44266,27.4765
2022-06-10T04:00:00Z,26.61,27.47,26.26,26.96,3094335,30284,26.7905
2022-06-13T04:00:00Z,26.33,26.69,25.22,25.43,4260837,31908,25.7891
2022-06-14T04:00:00Z,25.7,27.025,25.7,26.28,2985559,24842,26.3877
2022-06-15T04:00:00Z,26.535,27.17,26.2,26.84,2019413,20326,26.6186
2022-06-16T04:00:00Z,25.83,26.56,25.54,26.51,2490248,21627,26.2449
2022-06-17T04:00:00Z,26.47,27.69,26.45,26.78,3082000,26652,26.8859
2022-06-21T04:00:00Z,26.99,27.1116,26.2605,26.97,4530342,34481,26.8328
2022-06-22T04:00:00Z,25.97,26.44,23.8,24.03,7203423,54966,24.6013
2022-06-23T04:00:00Z,24.34,25.21,24.05,25.11,3695375,33484,24.6474
2022-06-24T04:00:00Z,25.07,25.34,24.18,24.26,3347048,32326,24.5474
2022-06-27T04:00:00Z,24.57,26.095,24.465,25.96,2347634,23577,25.5972
2022-06-28T04:00:00Z,25.49,25.5,24.685,25.07,2473302,25303,25.1033
2022-06-29T04:00:00Z,25.42,25.45,24.46,24.87,1960878,19666,24.9023
2022-06-30T04:00:00Z,24.65,25.17,24.49,24.99,1703064,16741,24.8499
2022-07-01T04:00:00Z,24.505,24.56,22.8,23.4,3566394,35399,23.3711
2022-07-05T04:00:00Z,22.38,22.74,21.78,22.53,2942558,30285,22.3333
2022-07-06T04:00:00Z,22.32,22.4601,20.61,21.12,3810668,35899,21.1666
2022-07-07T04:00:00Z,22.24,23.17,22.17,22.52,2862944,28772,22.5911
2022-07-08T04:00:00Z,22.63,22.99,22.18,22.46,1636923,16846,22.4943
2022-07-11T04:00:00Z,22.35,22.62,22.05,22.34,1442008,16373,22.3646
2022-07-12T04:00:00Z,22.18,22.33,21.7,22.18,1262612,16249,22.0479
2022-07-13T04:00:00Z,21.8,22.53,21.62,22.28,1490875,16353,22.14
2022-07-14T04:00:00Z,22.01,22.44,21.54,22.43,2055603,19364,22.0189
2022-07-15T04:00:00Z,22.87,23.78,22.56,23.76,1866402,17509,23.3388
2022-07-18T04:00:00Z,24.36,25.03,24.17,24.5,2651596,24383,24.6112
2022-07-19T04:00:00Z,24.5,25.46,24.5,25.45,1591421,15043,25.1622
2022-07-20T04:00:00Z,25.35,25.75,24.81,25.67,1591949,15313,25.3637
2022-07-21T04:00:00Z,25.98,26.43,25.3008,26.4,1687463,17770,25.9629
2022-07-22T04:00:00Z,26.48,26.5,25.12,25.44,1558555,14086,25.7364
2022-07-25T04:00:00Z,25.68,26.2498,25.26,25.4,2076061,17166,25.5971
2022-07-26T04:00:00Z,25.3,25.68,25.21,25.61,958028,9493,25.4885
2022-07-27T04:00:00Z,25.88,26.68,25.59,26.54,1447238,13876,26.2727
2022-07-28T04:00:00Z,26.85,27.01,25.93,26.03,1855400,18097,26.2695
2022-07-29T04:00:00Z,26,26.195,25.19,26.025,1809514,18706,25.7953
2022-08-01T04:00:00Z,26.2,27.18,25.92,27,1648612,16536,26.7405
2022-08-02T04:00:00Z,26.7,26.85,25.55,26.32,1745324,19524,26.3691
2022-08-03T04:00:00Z,26.13,26.28,24.81,25.43,2483740,26511,25.418
2022-08-04T04:00:00Z,25.38,25.38,24.47,24.76,2562491,24829,24.8547
2022-08-05T04:00:00Z,25.8,26.55,25.34,25.58,3338013,31424,25.7946
2022-08-08T04:00:00Z,25.62,26.8296,25.52,25.74,3132991,29701,25.9307
2022-08-09T04:00:00Z,26.04,26.77,25.89,26,2207501,19619,26.2203
2022-08-10T04:00:00Z,26.44,26.91,26,26.41,2108800,21458,26.4855
2022-08-11T04:00:00Z,26.42,27.82,26.42,26.82,3111642,26659,27.1358
2022-08-12T04:00:00Z,27.05,27.33,26.31,26.68,2328099,21573,26.6715
2022-08-15T04:00:00Z,25.43,25.89,24.92,25.83,3821583,27421,25.5119
2022-08-16T04:00:00Z,26.14,26.24,25.31,25.9,2841141,25386,25.725
2022-08-17T04:00:00Z,25.72,25.89,25.39,25.85,2763475,22157,25.6597
2022-08-18T04:00:00Z,26.1,26.56,25.46,25.76,2804663,23886,25.8152
2022-08-19T04:00:00Z,25.46,25.58,24.59,24.99,3247011,28921,24.9352
2022-08-22T04:00:00Z,24.76,25.37,24.44,25.25,3758361,30768,24.9748
2022-08-23T04:00:00Z,25.5,26.25,25.45,25.69,4330323,28949,25.8633
2022-08-24T04:00:00Z,24,24.14,23.03,23.58,4311250,34060,23.5579
2022-08-25T04:00:00Z,23.75,23.82,22.6,22.78,3847937,30100,22.9749
2022-08-26T04:00:00Z,22.45,22.585,21.37,21.53,4671010,34601,21.7246
2022-08-29T04:00:00Z,21.5,21.53,20.76,21.1,4312398,32278,21.1284
2022-08-30T04:00:00Z,20.54,20.71,19.3,19.35,5351344,37648,19.6895
2022-08-31T04:00:00Z,19.28,19.795,19.12,19.55,3196099,27764,19.5441
2022-09-01T04:00:00Z,19.5,20.235,19.34,19.75,2546732,21779,19.8262
2022-09-02T04:00:00Z,19.94,20.045,19.5305,19.89,1892964,16517,19.8107
2022-09-06T04:00:00Z,19.38,19.65,19.07,19.15,3399703,24803,19.2581
2022-09-07T04:00:00Z,19.08,19.23,18.65,18.93,2725297,22660,18.953
2022-09-08T04:00:00Z,19.03,19.705,18.94,19.69,3657170,26111,19.3694
2022-09-09T04:00:00Z,20.36,20.59,20.18,20.47,2321105,20426,20.4028
2022-09-12T04:00:00Z,20.96,21.08,20.63,20.94,2353480,19794,20.865
2022-09-13T04:00:00Z,20.81,21.445,20.7525,21.14,2908443,25711,21.1441
2022-09-14T04:00:00Z,21.28,21.41,20.87,20.9,2330857,21908,21.1008
2022-09-15T04:00:00Z,20.59,20.72,20.07,20.52,2459492,20392,20.4337
2022-09-16T04:00:00Z,19.86,19.96,19.43,19.6,3386786,25992,19.6557
2022-09-19T04:00:00Z,19.154,19.4,18.725,18.81,2223432,19669,18.9499
2022-09-20T04:00:00Z,19.27,20.83,19.18,20.64,3688836,29201,20.3667
2022-09-21T04:00:00Z,20.64,20.79,20.165,20.18,2305616,20871,20.494
2022-09-22T04:00:00Z,19.89,20.5,19.785,19.79,1377452,13810,19.9865
2022-09-23T04:00:00Z,19.22,19.23,18.5,19.06,2663693,25847,18.8144
2022-09-26T04:00:00Z,18.79,19.19,18.375,18.46,2206469,18044,18.6614
2022-09-27T04:00:00Z,18.69,19.165,18.4,19.05,1890846,18938,18.8575
2022-09-28T04:00:00Z,18.8,18.91,18.09,18.18,2282228,20908,18.3681
2022-09-29T04:00:00Z,17.91,18.01,16.85,17.17,2686821,23502,17.2056
2022-09-30T04:00:00Z,17.28,17.89,17.15,17.48,1351960,12324,17.5426
2022-10-03T04:00:00Z,17.88,18.314,17.77,17.94,1414213,11914,18.0312
2022-10-04T04:00:00Z,18.39,19.02,18.27,19,1870694,16990,18.7658
2022-10-05T04:00:00Z,18.81,19.44,18.665,19.4,1464044,14327,19.083
2022-10-06T04:00:00Z,19.35,19.85,19.2,19.43,2449901,21128,19.5751
2022-10-07T04:00:00Z,19.18,20.1427,19.13,19.92,1686846,14157,19.8746
2022-10-10T04:00:00Z,19.97,20.12,19.195,19.26,1826933,17960,19.5426
2022-10-11T04:00:00Z,19.2,20.12,18.95,19.6,1720749,15711,19.5843
2022-10-12T04:00:00Z,19.66,20.215,19.49,20.1,1543571,14285,20.0055
2022-10-13T04:00:00Z,19.82,20.38,19.595,20.17,1194677,12600,20.0763
2022-10-14T04:00:00Z,20.29,20.6015,20.11,20.43,1162193,12459,20.4228
2022-10-17T04:00:00Z,20.71,20.72,19.44,19.71,2027777,21493,19.8594
2022-10-18T04:00:00Z,20.01,20.61,19.92,20.43,1501053,14979,20.3454
2022-10-19T04:00:00Z,20.17,20.38,19.4,19.51,1486272,16088,19.6261
2022-10-20T04:00:00Z,19.57,19.57,18.53,18.81,1781283,18757,18.9038
2022-10-21T04:00:00Z,18.92,19.44,18.7,19.25,1227475,12268,19.1706
2022-10-24T04:00:00Z,19.25,19.36,18.355,18.98,1949319,18274,18.8004
2022-10-25T04:00:00Z,18.78,19.26,18.47,19.22,1379927,13894,19.0356
2022-10-26T04:00:00Z,19.25,19.49,18.94,18.96,1287135,12388,19.1796
2022-10-27T04:00:00Z,18.93,18.93,17.77,17.84,2334794,23725,18.1475
2022-10-28T04:00:00Z,17.76,17.99,17.44,17.67,2213083,21099,17.6896
2022-10-31T04:00:00Z,17.29,17.54,17.05,17.42,1906488,16623,17.3236
2022-11-01T04:00:00Z,17.785,18,17.53,17.92,1488167,15528,17.8203
2022-11-02T04:00:00Z,17.74,18.1272,17.57,17.64,1663232,16596,17.7944
2022-11-03T04:00:00Z,17.55,17.9512,17.3,17.75,1178834,12307,17.7296
2022-11-04T04:00:00Z,18.68,19.49,18.63,19.44,2546500,21170,19.1128
2022-11-07T05:00:00Z,19.42,20.2,19.28,19.94,1938355,21613,19.8775
2022-11-08T05:00:00Z,20,20.23,19.815,19.93,1520356,17419,20.0465
2022-11-09T05:00:00Z,19.92,19.98,19.32,19.33,1329079,16117,19.6615
2022-11-10T05:00:00Z,19.47,20.275,19.45,19.88,1592100,15420,19.906
2022-11-11T05:00:00Z,20.45,21.27,20.39,21,2354361,19863,21.0116
2022-11-14T05:00:00Z,21.3,21.67,20.4608,20.575,4259812,32554,20.8548
2022-11-15T05:00:00Z,20.85,21.05,20.085,20.31,2599900,20936,20.4291
2022-11-16T05:00:00Z,20.31,20.46,19.5,19.64,2514449,21891,19.7718
2022-11-17T05:00:00Z,19.21,20.72,18.7,19.9,3172171,25301,19.7953
2022-11-18T05:00:00Z,20.08,20.224,19.43,19.53,1935715,20738,19.6729
2022-11-21T05:00:00Z,19.38,20.275,19.26,20.2,2006497,18366,19.8877
2022-11-22T05:00:00Z,20.26,20.46,19.97,20.02,1802636,19078,20.1098
2022-11-23T05:00:00Z,20.32,20.36,19.821,20.2,1527436,15832,20.0582
2022-11-25T05:00:00Z,20.5,21.9042,20.46,21.5,2075276,15300,21.3812
2022-11-28T05:00:00Z,21.45,21.46,20.06,20.57,3773742,27191,20.6076
2022-11-29T05:00:00Z,19.57,20.05,19.005,19.1,2464768,22327,19.4599
2022-11-30T05:00:00Z,19.32,19.36,18.79,19.25,1868838,15621,19.0918
2022-12-01T05:00:00Z,19.11,19.54,18.51,18.61,1738413,17123,18.9287
2022-12-02T05:00:00Z,18.58,18.805,18.21,18.76,1286526,12366,18.5889
2022-12-05T05:00:00Z,19.09,19.7889,18.93,19.12,1557537,12705,19.274
2022-12-06T05:00:00Z,19.42,19.42,18.655,18.76,1789870,17143,18.9155
2022-12-07T05:00:00Z,18.64,18.69,18.195,18.44,1842200,16468,18.4863
2022-12-08T05:00:00Z,18.69,19.045,18.62,18.89,950242,9789,18.893
2022-12-09T05:00:00Z,18.92,19.61,18.67,19.51,1258991,14089,19.3499
2022-12-12T05:00:00Z,19.47,19.8899,19.34,19.74,1449424,13092,19.6577
2022-12-13T05:00:00Z,20.2,20.26,19.92,20.04,2063225,19202,20.0664
2022-12-14T05:00:00Z,20.05,20.34,19.95,20.25,1507186,12290,20.1353
2022-12-15T05:00:00Z,20.31,20.635,20.27,20.57,2337283,19327,20.4999
2022-12-16T05:00:00Z,20.5,20.63,19.3401,19.54,2106477,19311,19.7183
2022-12-19T05:00:00Z,19.42,19.45,18.29,18.54,1729799,16743,18.6395
2022-12-20T05:00:00Z,18.57,19.44,18.5,19.36,1250266,10698,19.1024
2022-12-21T05:00:00Z,19.78,20.68,19.75,20.54,2600916,22468,20.4407
2022-12-22T05:00:00Z,20.37,20.48,19.685,20.23,1783283,17407,20.0535
2022-12-23T05:00:00Z,20.4,20.78,20.17,20.36,1391726,12778,20.4971
2022-12-27T05:00:00Z,20.22,20.43,20.16,20.21,856039,8745,20.2378
2022-12-28T05:00:00Z,20.1,20.16,19.41,19.48,1629429,14887,19.6217
2022-12-29T05:00:00Z,19.63,20.14,19.46,19.68,1025717,10542,19.8234
2022-12-30T05:00:00Z,19.48,19.5,18.98,19.23,1418668,14124,19.1806
2023-01-03T05:00:00Z,19.32,19.42,18.45,18.46,1643810,16307,18.7472
2023-01-04T05:00:00Z,18.43,18.6,18.19,18.37,1742545,17069,18.3778
2023-01-05T05:00:00Z,18.3,18.64,18.2,18.45,1221399,11968,18.4343
2023-01-06T05:00:00Z,18.69,19.63,18.6,19.6,1154745,11793,19.26
2023-01-09T05:00:00Z,19.89,20.38,19.865,19.9,2063493,19450,20.0684
2023-01-10T05:00:00Z,19.69,20.69,19.68,20.65,1678221,13729,20.3956
2023-01-11T05:00:00Z,20.67,20.905,20.17,20.44,1191427,11976,20.4908
2023-01-12T05:00:00Z,20.34,21.04,20.34,21.02,1639870,12255,20.7961
2023-01-13T05:00:00Z,20.79,21.03,20.705,20.8,1275722,10670,20.8434
2023-01-17T05:00:00Z,21.11,21.99,21,21.95,2934599,21501,21.6772
2023-01-18T05:00:00Z,22.2,22.4,21.63,21.73,2123122,17697,21.956
2023-01-19T05:00:00Z,21.61,21.9,21.12,21.84,1387178,14226,21.5017
2023-01-20T05:00:00Z,22.07,22.53,21.84,22.45,2140071,20161,22.3001
2023-01-23T05:00:00Z,22.36,22.36,21.66,21.86,1875005,17434,21.8783
2023-01-24T05:00:00Z,21.74,21.81,21.35,21.47,1248597,14002,21.5244
2023-01-25T05:00:00Z,21.3,22.235,21.172,22.21,1420463,13411,21.8916
2023-01-26T05:00:00Z,22.5,22.56,21.68,22.11,1007080,11143,22.0104
2023-01-27T05:00:00Z,22.26,23.45,22.17,23.39,1916801,18403,22.9868
2023-01-30T05:00:00Z,23.39,23.54,22.63,22.65,1862564,18889,23.0023
2023-01-31T05:00:00Z,22.64,22.81,22.4218,22.72,1314418,15061,22.5932
2023-02-01T05:00:00Z,22.88,22.88,22.33,22.56,1620317,18064,22.609
2023-02-02T05:00:00Z,22.66,22.775,21.9894,22.13,1734843,17100,22.341
2023-02-03T05:00:00Z,22,22.39,21.66,22.18,1361365,14489,22.178
2023-02-06T05:00:00Z,22.23,22.43,22.01,22.32,892698,10297,22.2425
2023-02-07T05:00:00Z,22.44,22.79,22.27,22.72,1070727,12063,22.5567
2023-02-08T05:00:00Z,22.79,23.39,22.78,23.09,1333721,15120,23.1079
2023-02-09T05:00:00Z,23.15,23.4,22.94,23.2,1145681,11929,23.2238
2023-02-10T05:00:00Z,23.06,23.2,22.54,22.91,907450,10323,22.7769
2023-02-13T05:00:00Z,22.8,23.11,22.38,22.82,1515681,13776,22.8158
2023-02-14T05:00:00Z,22.55,22.8,22.34,22.57,1058207,10504,22.5898
2023-02-15T05:00:00Z,22.5,22.6,22.07,22.6,1137571,12336,22.3793
2023-02-16T05:00:00Z,22.44,22.71,22.32,22.57,1184456,11732,22.5735
2023-02-17T05:00:00Z,22,22.3,21.5644,21.62,2577280,22793,21.8409
2023-02-21T05:00:00Z,21.8,22.95,21.77,22.03,2279554,18498,22.2647
2023-02-22T05:00:00Z,22.245,23.02,22.09,22.93,1897449,19040,22.7166
2023-02-23T05:00:00Z,23.27,24.41,23.26,24.4,2672546,23109,24.0991
2023-02-24T05:00:00Z,24.15,24.9,23.82,24.58,3195190,24956,24.5797
2023-02-27T05:00:00Z,24.09,24.78,23.6089,23.97,2714935,21561,23.9677
2023-02-28T05:00:00Z,24,24.75,23.99,24.51,2205011,18385,24.4568
2023-03-01T05:00:00Z,24.69,25.03,23.945,24.04,1907845,16573,24.4631
2023-03-02T05:00:00Z,23.84,23.9099,23.07,23.14,1497284,13838,23.3738
2023-03-03T05:00:00Z,23.2,23.81,23.04,23.73,1695598,16008,23.477
2023-03-06T05:00:00Z,23.68,23.68,22.76,22.92,1267549,13762,23.0949
2023-03-07T05:00:00Z,22.9,23.075,22.51,22.64,1657453,14351,22.7062
2023-03-08T05:00:00Z,22.85,23.15,22.63,23.12,1669125,11538,22.9539
2023-03-09T05:00:00Z,22.95,23,21.64,21.65,2015302,19790,22.0179
2023-03-10T05:00:00Z,21.65,22.06,21.6,21.68,1450702,14019,21.8052
2023-03-13T04:00:00Z,21.33,21.66,20.79,21.38,1511039,16253,21.2934
2023-03-14T04:00:00Z,22,22.91,21.985,22.5,1543179,15988,22.5101
2023-03-15T04:00:00Z,21.7,22.46,20.89,21.12,2957229,26771,21.571
2023-03-16T04:00:00Z,20.89,21.435,20.46,21.38,1331130,15017,21.002
2023-03-17T04:00:00Z,21.17,21.25,20.32,20.46,2024357,15653,20.5204
2023-03-20T04:00:00Z,20.33,20.58,20.06,20.31,1275217,13113,20.2953
2023-03-21T04:00:00Z,20.7,21.16,20.7,20.89,1046982,12287,20.9674
2023-03-22T04:00:00Z,20.8,21,20.37,20.37,800943,8985,20.6055
2023-03-23T04:00:00Z,20.7,21.26,20.69,21.11,1209705,11481,21.0753
2023-03-24T04:00:00Z,20.96,21.33,20.73,21.31,765858,9333,21.1272
2023-03-27T04:00:00Z,21.45,21.45,20.38,20.73,944389,9710,20.7931
2023-03-28T04:00:00Z,20.76,20.82,20.375,20.49,924779,12150,20.5246
2023-03-29T04:00:00Z,20.75,21.17,20.59,20.93,1101188,9651,20.9075
2023-03-30T04:00:00Z,21.1,21.1,20.6,20.69,853953,8605,20.7689
2023-03-31T04:00:00Z,20.75,21.15,20.69,21.12,918307,9376,20.9961
2023-04-03T04:00:00Z,20.99,21.01,20.51,20.69,1216810,12418,20.6885
2023-04-04T04:00:00Z,20.89,21.34,20.68,21.02,951606,10983,20.9808
2023-04-05T04:00:00Z,20.8,20.82,20.6,20.68,1214559,10705,20.6807
2023-04-06T04:00:00Z,20.61,20.83,20.32,20.66,950820,11245,20.6535
2023-04-10T04:00:00Z,20.71,21.35,20.67,21.22,726452,8464,21.0906
2023-04-11T04:00:00Z,21.24,21.73,21.22,21.51,955353,11063,21.5186
2023-04-12T04:00:00Z,21.76,21.86,21.475,21.62,991411,6398,21.6203
2023-04-13T04:00:00Z,21.725,22.24,21.7,22.06,684126,7629,22.056
2023-04-14T04:00:00Z,22.24,22.35,21.97,22.18,885459,8997,22.1661
2023-04-17T04:00:00Z,22.39,22.53,21.86,22.21,825508,9566,22.2027
2023-04-18T04:00:00Z,22.21,22.42,22.06,22.25,798366,8285,22.218
2023-04-19T04:00:00Z,22.13,22.17,20.8,21.15,1415220,14437,21.2478
2023-04-20T04:00:00Z,21.04,21.35,20.98,21.09,655416,7894,21.1367
2023-04-21T04:00:00Z,21.09,21.09,20.58,20.72,553358,6868,20.7591
2023-04-24T04:00:00Z,20.68,21.2653,20.66,21.19,820727,9620,21.0356
2023-04-25T04:00:00Z,21.1,21.47,20.562,20.81,1066146,13082,20.9101
2023-04-26T04:00:00Z,21.07,21.25,20.635,20.68,1033630,7918,20.8258
2023-04-27T04:00:00Z,20.98,21.4,20.9,21.38,543338,7743,21.2213
2023-04-28T04:00:00Z,21.18,21.2,20.83,21.11,779019,9028,21.043
2023-05-01T04:00:00Z,21.16,21.16,20.395,20.4,1049040,10985,20.561
2023-05-02T04:00:00Z,20.32,20.44,19.19,19.39,2116925,19191,19.5376
2023-05-03T04:00:00Z,19.63,19.75,19.02,19.03,1187573,13924,19.3442
2023-05-04T04:00:00Z,18.81,18.85,18.04,18.14,1820302,19797,18.3028
2023-05-05T04:00:00Z,18.51,19.14,18.51,18.81,1173571,13056,18.7912
2023-05-08T04:00:00Z,19,19.39,18.9,19.27,677454,9674,19.2057
2023-05-09T04:00:00Z,19.2,19.77,18.97,19.57,777531,8960,19.4666
2023-05-10T04:00:00Z,19.7,19.7,18.74,18.95,2619110,17010,19.0138
2023-05-11T04:00:00Z,18.9,18.9971,18.46,18.65,1202491,13023,18.6369
2023-05-12T04:00:00Z,18.65,18.9085,18.4246,18.64,863674,10827,18.5912
2023-05-15T04:00:00Z,18.5,18.5,17.955,18.32,1551008,15556,18.3144
2023-05-16T04:00:00Z,18.32,18.53,18.17,18.19,1110070,13954,18.2953
2023-05-17T04:00:00Z,18.9,19.7,18.57,18.92,2350604,19383,19.0426
2023-05-18T04:00:00Z,18.91,18.988,18.35,18.96,1176517,13822,18.727
2023-05-19T04:00:00Z,19,19.09,18.7,18.9,1327833,13084,18.9278
2023-05-22T04:00:00Z,18.74,18.89,18.36,18.61,1649364,17202,18.6283
2023-05-23T04:00:00Z,18.58,18.73,18.12,18.21,1261098,13966,18.3509
2023-05-24T04:00:00Z,18.02,18.22,17.7,18.07,1677403,15190,18.0345
2023-05-25T04:00:00Z,17.89,17.96,17.37,17.6,1515032,14446,17.5938
2023-05-26T04:00:00Z,17.69,17.85,17.44,17.8,1011555,11483,17.7021
2023-05-30T04:00:00Z,17.81,17.835,17.45,17.72,1316201,13009,17.6984
2023-05-31T04:00:00Z,17.545,17.545,17.05,17.13,1202836,12254,17.2281
2023-06-01T04:00:00Z,17.4,17.84,17.36,17.75,968141,11123,17.6976
2023-06-02T04:00:00Z,18.25,18.695,18.25,18.64,1522188,18076,18.5085
2023-06-05T04:00:00Z,18.82,19.03,18.4101,18.79,1258065,11663,18.7644
2023-06-06T04:00:00Z,18.25,18.64,18.25,18.51,866393,9461,18.4519
2023-06-07T04:00:00Z,18.39,18.59,18.04,18.14,1539061,15665,18.3053
2023-06-08T04:00:00Z,18.25,18.6,18.04,18.29,884632,10858,18.3178
2023-06-09T04:00:00Z,18.28,18.36,18,18.12,687051,8431,18.1472
2023-06-12T04:00:00Z,18,18,17.63,17.96,1137664,13402,17.8153
2023-06-13T04:00:00Z,18.13,18.15,17.79,17.83,909822,9743,17.8813
2023-06-14T04:00:00Z,18,18.49,17.98,18.33,926379,10655,18.3206
2023-06-15T04:00:00Z,18.3,18.57,18.12,18.56,763250,9771,18.4343
2023-06-16T04:00:00Z,18.52,18.54,18.3599,18.41,531854,7442,18.4352
2023-06-20T04:00:00Z,18.17,18.22,17.86,18.22,627122,8893,18.0711
2023-06-21T04:00:00Z,18.18,18.45,18.12,18.18,433722,6054,18.2557
2023-06-22T04:00:00Z,18.2,18.64,18.18,18.38,561300,7374,18.437
2023-06-23T04:00:00Z,18.07,18.27,18.02,18.03,408248,6248,18.1179
2023-06-26T04:00:00Z,18.03,18.03,17.61,17.72,782317,9735,17.7819
2023-06-27T04:00:00Z,17.73,17.85,17.4,17.46,1078655,13485,17.6003
2023-06-28T04:00:00Z,17.46,17.55,16.98,17.25,1346584,15505,17.2162
2023-06-29T04:00:00Z,17.2,17.5497,17.11,17.48,608759,8067,17.432
2023-06-30T04:00:00Z,17.63,17.8,17.435,17.7,816242,9367,17.626
2023-07-03T04:00:00Z,17.78,17.935,17.47,17.58,633087,7076,17.642
2023-07-05T04:00:00Z,17.28,17.57,17.055,17.34,1418529,11670,17.3359
2023-07-06T04:00:00Z,17.19,17.38,16.981,17.32,900446,11271,17.178
2023-07-07T04:00:00Z,17.26,17.49,17.2,17.21,1274210,15025,17.3166
2023-07-10T04:00:00Z,17.21,17.33,17.02,17.05,948671,11496,17.1245
2023-07-11T04:00:00Z,17.14,17.52,17.14,17.21,1565265,13729,17.2756
2023-07-12T04:00:00Z,17.34,18.065,17.28,17.77,1897977,17283,17.8331
2023-07-13T04:00:00Z,17.83,18.29,17.75,18.13,1309329,13404,18.073
2023-07-14T04:00:00Z,18.18,18.18,17.62,17.79,1147279,11573,17.8233
2023-07-17T04:00:00Z,17.64,17.65,17.27,17.6,634973,8271,17.5574
2023-07-18T04:00:00Z,17.6,17.78,17.08,17.12,1625809,15659,17.325
2023-07-19T04:00:00Z,17.11,17.29,17.0142,17.23,1088429,10837,17.1468
2023-07-20T04:00:00Z,17.27,17.315,17.02,17.24,999949,12671,17.1856
2023-07-21T04:00:00Z,17.2442,17.28,16.57,17.06,1704924,20200,16.9004
2023-07-24T04:00:00Z,17.03,17.19,16.851,17.05,1123283,12011,17.0284
2023-07-25T04:00:00Z,17.18,17.6808,17.14,17.39,1083259,11938,17.4662
2023-07-26T04:00:00Z,17.49,17.61,17.35,17.58,668642,10164,17.4928
2023-07-27T04:00:00Z,17.61,17.79,17.385,17.4,797902,10567,17.5917
2023-07-28T04:00:00Z,17.5,18.19,17.4,18.17,1041945,12299,18.0256
2023-07-31T04:00:00Z,18.32,18.3605,17.9299,18.08,830478,9702,18.0857
2023-08-01T04:00:00Z,17.92,17.95,17.65,17.83,624902,9415,17.7872
2023-08-02T04:00:00Z,17.56,17.57,17.2,17.29,726405,10667,17.3683
2023-08-03T04:00:00Z,17.34,17.7399,17.3,17.6,816657,11729,17.5948
2023-08-04T04:00:00Z,17.62,18.76,17.62,18.28,1666556,18134,18.3785
2023-08-07T04:00:00Z,18.28,18.61,17.88,18.54,1102384,13773,18.347
2023-08-08T04:00:00Z,18.21,18.3,17.95,18.22,860034,11355,18.1641
2023-08-09T04:00:00Z,18.45,18.615,18.33,18.51,939428,10660,18.4861
2023-08-10T04:00:00Z,18.66,18.91,18.613,18.85,959843,11842,18.791
2023-08-11T04:00:00Z,18.69,18.855,18.54,18.62,717487,9189,18.6594
2023-08-14T04:00:00Z,18.47,18.48,18.17,18.41,922395,11010,18.3225
2023-08-15T04:00:00Z,18.24,18.46,18.23,18.35,877524,9444,18.3332
2023-08-16T04:00:00Z,18.52,18.77,18.35,18.39,1102451,13012,18.5256
2023-08-17T04:00:00Z,18.5,18.5683,18.39,18.45,702397,8290,18.48
2023-08-18T04:00:00Z,18.25,18.535,17.94,18.36,1136988,11651,18.3402
2023-08-21T04:00:00Z,17.86,17.9,17.3447,17.5,1174149,14717,17.5333
2023-08-22T04:00:00Z,17.5,17.57,17.33,17.39,686233,9323,17.4363
2023-08-23T04:00:00Z,17.24,17.392,16.9,17.32,825941,10257,17.2469
2023-08-24T04:00:00Z,17.28,17.315,17.05,17.05,639073,8896,17.1467
2023-08-25T04:00:00Z,17.03,17.1201,16.86,16.91,738687,9206,16.9645
2023-08-28T04:00:00Z,16.99,17.165,16.91,17.08,746056,8571,17.0671
2023-08-29T04:00:00Z,17.23,17.58,17.23,17.51,805755,8991,17.4679
2023-08-30T04:00:00Z,17.39,17.51,17.31,17.37,551811,7918,17.3874
2023-08-31T04:00:00Z,17.52,17.73,17.3788,17.59,694267,8880,17.6014
2023-09-01T04:00:00Z,17.75,17.78,17.53,17.62,516516,8251,17.6496
2023-09-05T04:00:00Z,17.56,17.77,17.32,17.42,746660,9836,17.499
2023-09-06T04:00:00Z,17.52,17.76,17.52,17.61,773911,10161,17.6231
2023-09-07T04:00:00Z,17.64,17.78,17.38,17.42,753125,8485,17.5151
2023-09-08T04:00:00Z,17.36,17.77,17.325,17.64,519422,7474,17.6436
2023-09-11T04:00:00Z,17.7,17.76,17.518,17.54,712922,9480,17.5892
2023-09-12T04:00:00Z,17.45,17.595,17.12,17.24,886151,12825,17.297
2023-09-13T04:00:00Z,17.29,17.52,17.29,17.44,691254,9312,17.4381
2023-09-14T04:00:00Z,17.69,18.3,17.68,18.15,1264041,12678,18.1363
2023-09-15T04:00:00Z,18.15,18.3999,17.99,18.04,859627,8950,18.1327
2023-09-18T04:00:00Z,17.96,17.9701,17.5624,17.84,792397,10081,17.8333
2023-09-19T04:00:00Z,18.1,18.465,18.07,18.12,733251,8889,18.2045
2023-09-20T04:00:00Z,18.08,18.16,17.925,17.94,675527,8618,18.0328
2023-09-21T04:00:00Z,17.8,17.9226,17.65,17.67,598384,7240,17.7577
2023-09-22T04:00:00Z,18.1,18.745,17.95,18.48,1397068,14901,18.5032
2023-09-25T04:00:00Z,18.43,18.71,18.28,18.69,770423,10417,18.5289
2023-09-26T04:00:00Z,18.57,18.825,18.55,18.69,789151,9713,18.7006
2023-09-27T04:00:00Z,18.83,19.245,18.81,19.17,1134571,12735,19.1178
2023-09-28T04:00:00Z,18.99,19.21,18.77,19.16,877154,13089,19.0978
2023-09-29T04:00:00Z,19.2,19.45,19.19,19.28,708859,8134,19.3206
2023-10-02T04:00:00Z,19.55,19.69,19.12,19.2,973668,11827,19.3504
2023-10-03T04:00:00Z,19.07,19.25,18.9,19.03,933446,11665,19.0374
2023-10-04T04:00:00Z,18.88,19.005,18.54,18.84,866949,10589,18.8141
2023-10-05T04:00:00Z,18.86,19.64,18.85,19.57,1050222,12364,19.4489
2023-10-06T04:00:00Z,19.72,20.19,19.635,19.82,1582365,19867,19.8669
2023-10-09T04:00:00Z,19.78,19.87,19.53,19.68,755142,10129,19.7098
2023-10-10T04:00:00Z,19.95,20,19.54,19.64,826919,8808,19.7909
2023-10-11T04:00:00Z,19.56,19.88,19.43,19.84,894248,9933,19.6843
2023-10-12T04:00:00Z,20,20.07,19.54,19.6,883526,10545,19.7198
2023-10-13T04:00:00Z,19.71,19.795,19.48,19.71,564128,7986,19.6398
2023-10-16T04:00:00Z,19.83,19.84,19.33,19.54,599695,8325,19.5199
2023-10-17T04:00:00Z,19.54,20.045,19.54,19.98,1010074,12207,19.9123
2023-10-18T04:00:00Z,19.87,19.94,19.585,19.615,519611,6718,19.7318
2023-10-19T04:00:00Z,19.5,19.815,19.39,19.62,1123807,13833,19.6742
2023-10-20T04:00:00Z,19.62,19.69,19.21,19.33,695462,8575,19.3875
2023-10-23T04:00:00Z,19.1,19.1,18.65,18.72,1024432,13990,18.8601
2023-10-24T04:00:00Z,18.9,19.321,18.8,19.17,915616,11401,19.1222
2023-10-25T04:00:00Z,19.04,19.07,18.589,18.82,1172337,12373,18.8231
2023-10-26T04:00:00Z,18.61,18.7398,18.33,18.62,805784,10560,18.5755
2023-10-27T04:00:00Z,18.67,18.765,18.405,18.48,676258,9139,18.5553
2023-10-30T04:00:00Z,18.57,18.7,18.37,18.55,728409,9310,18.5186
2023-10-31T04:00:00Z,18.63,19.06,18.565,18.67,740210,11364,18.7883
2023-11-01T04:00:00Z,18.62,18.63,18.21,18.41,569876,8805,18.3695
2023-11-02T04:00:00Z,18.57,18.88,18.45,18.85,703056,9977,18.7359
2023-11-03T04:00:00Z,18.97,18.98,18.585,18.79,588438,8212,18.7903
2023-11-06T05:00:00Z,18.89,19.01,18.78,18.93,429941,6472,18.8956
2023-11-07T05:00:00Z,18.71,18.71,18.26,18.28,694798,9172,18.3848
2023-11-08T05:00:00Z,18.33,18.33,17.91,17.97,866766,9492,18.0364
2023-11-09T05:00:00Z,18.28,18.71,18.28,18.53,945088,12682,18.5609
2023-11-10T05:00:00Z,18.57,18.68,18.29,18.4,748259,9074,18.399
2023-11-13T05:00:00Z,18.41,18.58,18.19,18.52,656173,8945,18.4737
2023-11-14T05:00:00Z,18.53,19,17.923,18.94,1617249,24352,18.562
2023-11-15T05:00:00Z,19,19.12,18.77,18.8,743152,9375,18.8717
2023-11-16T05:00:00Z,18.8,19.015,18.63,18.88,893447,16819,18.8506
2023-11-17T05:00:00Z,19.01,19.255,18.945,19.01,729348,9968,19.0637
2023-11-20T05:00:00Z,19.13,19.15,18.98,19.06,519938,8564,19.0606
2023-11-21T05:00:00Z,19.12,19.71,19.03,19.58,1008316,12299,19.4637
2023-11-22T05:00:00Z,19.51,19.69,19.38,19.63,556084,9761,19.5906
2023-11-24T05:00:00Z,20,20.55,19.92,20.24,986645,8942,20.289
2023-11-27T05:00:00Z,20.24,20.335,19.8499,20.03,952390,11118,20.0251
2023-11-28T05:00:00Z,20.04,20.07,19.88,20,1155505,12643,19.9642
2023-11-29T05:00:00Z,20.17,20.51,20.085,20.3,1410562,16356,20.3107
2023-11-30T05:00:00Z,20.41,21.27,20.37,21.26,2004753,21053,20.9669
2023-12-01T05:00:00Z,21.35,22.085,21.3,21.9,2031238,23807,21.8298
2023-12-04T05:00:00Z,21.51,21.79,21.06,21.71,2228522,24382,21.5842
2023-12-05T05:00:00Z,21.03,21.034,20.36,20.47,1765356,18979,20.5495
2023-12-06T05:00:00Z,20.44,20.5,20.085,20.11,1137335,14054,20.2606
2023-12-07T05:00:00Z,19.98,20.04,19.7,20.01,1015897,13804,19.8931
2023-12-08T05:00:00Z,20.21,20.42,20.04,20.07,598683,9748,20.1453
2023-12-11T05:00:00Z,20,20.191,19.871,19.955,672109,11094,19.9918
2023-12-12T05:00:00Z,19.9,20.47,19.74,20.29,2324473,24719,20.1986
2023-12-13T05:00:00Z,20.19,20.26,19.45,19.84,1366837,17377,19.8134
2023-12-14T05:00:00Z,20.15,20.455,20,20.29,1380117,19108,20.295
2023-12-15T05:00:00Z,20.47,21.18,20.41,21.18,1829511,18196,20.9418
2023-12-18T05:00:00Z,21.64,21.89,21.08,21.21,1448339,17423,21.395
2023-12-19T05:00:00Z,21.04,21.222,20.915,21.02,975904,12306,21.0575
2023-12-20T05:00:00Z,21.1,21.4693,20.86,20.86,1012912,12067,21.1584
2023-12-21T05:00:00Z,21.13,21.21,20.98,21.12,752968,10932,21.1149
2023-12-22T05:00:00Z,21.272,21.57,21.235,21.3,809100,10376,21.3814
2023-12-26T05:00:00Z,20.75,20.99,20.72,20.78,871643,10806,20.8372
2023-12-27T05:00:00Z,20.85,21.035,20.77,20.84,647270,8482,20.8952
2023-12-28T05:00:00Z,20.85,21.44,20.85,21.195,1082676,13781,21.2185
2023-12-29T05:00:00Z,21.12,21.39,21.0316,21.26,911809,15141,21.2313
2024-01-02T05:00:00Z,21.45,21.67,20.88,20.91,1479068,19676,21.2737
2024-01-03T05:00:00Z,20.88,21.75,20.83,21.66,1228527,16545,21.5078
2024-01-04T05:00:00Z,21.76,22.35,21.74,22.06,2199464,24705,22.0507
2024-01-05T05:00:00Z,21.99,22.02,21.55,21.71,1009645,12916,21.7342
2024-01-08T05:00:00Z,21.27,21.32,20.66,21.15,1473625,16282,21.0015
2024-01-09T05:00:00Z,20.86,20.95,20.39,20.6,1072848,14282,20.6006
2024-01-10T05:00:00Z,20.77,21.225,20.71,20.92,1137762,15049,20.9628
2024-01-11T05:00:00Z,20.85,20.85,20.38,20.5,1371638,16311,20.5149
2024-01-12T05:00:00Z,20.74,21.15,20.4625,20.48,1276402,16812,20.7188
2024-01-16T05:00:00Z,20.99,21.14,20.6,20.9,1167189,13732,20.8528
2024-01-17T05:00:00Z,20.69,21.06,20.64,20.99,913362,12516,20.9479
2024-01-18T05:00:00Z,21.2,21.5,21.01,21.33,780150,10691,21.3045
2024-01-19T05:00:00Z,21.27,21.35,20.9285,21.25,894686,11178,21.1806
2024-01-22T05:00:00Z,21.13,21.4098,20.961,21.09,935256,12224,21.1664
2024-01-23T05:00:00Z,21.01,21.335,20.95,21.17,939044,12086,21.1888
2024-01-24T05:00:00Z,21.44,21.89,21.44,21.62,1694032,21638,21.6785
2024-01-25T05:00:00Z,21.48,21.52,21.055,21.43,983759,13207,21.2972
2024-01-26T05:00:00Z,21.51,22.04,21.5,22.04,998153,12980,21.8605
2024-01-29T05:00:00Z,21.88,22,21.435,21.59,769527,11974,21.6221
2024-01-30T05:00:00Z,21.49,21.75,21.46,21.74,721064,11435,21.6166
2024-01-31T05:00:00Z,21.88,21.97,21.74,21.74,890780,13427,21.8281
2024-02-01T05:00:00Z,21.9,22.095,21.23,21.42,1535895,20177,21.6263
2024-02-02T05:00:00Z,21.54,21.79,21.23,21.52,1032887,13864,21.5698
2024-02-05T05:00:00Z,21.67,22.17,21.53,22.1,1349853,16574,21.9719
2024-02-06T05:00:00Z,22.39,22.83,22.25,22.58,1353880,15530,22.5913
2024-02-07T05:00:00Z,22.59,22.8675,22.49,22.83,1075729,14493,22.6791
2024-02-08T05:00:00Z,22.76,22.95,22.62,22.94,1131358,14279,22.827
2024-02-09T05:00:00Z,22.95,23.1,22.52,22.63,1669002,18397,22.7417
2024-02-12T05:00:00Z,22.67,23.055,22.63,23,1348304,18240,22.9098
2024-02-13T05:00:00Z,22.86,22.89,21.675,21.86,2939268,33132,22.0599
2024-02-14T05:00:00Z,22.1,22.1,21.405,21.61,2289572,42600,21.6224
2024-02-15T05:00:00Z,21.51,22.3,21.36,22.17,1726262,23222,22.0064
2024-02-16T05:00:00Z,22.23,22.3,22.01,22.04,1027728,13129,22.1384
2024-02-20T05:00:00Z,22.09,22.11,21.72,21.86,972432,14603,21.9019
2024-02-21T05:00:00Z,21.99,22.675,21.97,22.65,1624579,18288,22.4829
2024-02-22T05:00:00Z,23.02,23.345,22.99,23.01,2250071,25629,23.1694
2024-02-23T05:00:00Z,23.25,23.85,23.2,23.83,2505529,25240,23.68
2024-02-26T05:00:00Z,23.76,23.76,23.02,23.15,1259323,15751,23.2797
2024-02-27T05:00:00Z,23.37,23.735,23.3,23.44,904857,10894,23.5218
2024-02-28T05:00:00Z,24.01,24.27,23.77,23.96,1604558,18139,23.9795
2024-02-29T05:00:00Z,23.74,23.94,23.605,23.87,1073246,12812,23.806
2024-03-01T05:00:00Z,24.01,24.47,24.01,24.32,1584674,18217,24.2867
2024-03-04T05:00:00Z,24.3,24.45,23.785,23.89,1627848,17981,23.9752
2024-03-05T05:00:00Z,23.77,24.28,23.46,24.14,1519170,16135,23.9108
2024-03-06T05:00:00Z,23.89,24.35,23.64,24.11,1479918,13993,24.1179
2024-03-07T05:00:00Z,24.28,24.635,24.01,24.58,1708775,16751,24.4311
2024-03-08T05:00:00Z,24.9,25.16,24.69,24.89,1881432,18722,24.9354
2024-03-11T04:00:00Z,24.19,24.27,24.0126,24.09,1467943,15797,24.1181
2024-03-12T04:00:00Z,24.16,24.74,23.905,24.67,2010049,22140,24.4114
2024-03-13T04:00:00Z,24.67,24.7,24.21,24.23,1954256,19717,24.4475
2024-03-14T04:00:00Z,24.1,24.1,23.695,23.75,1368274,17417,23.817
2024-03-15T04:00:00Z,23.65,23.76,23.375,23.64,1668587,14288,23.6052
2024-03-18T04:00:00Z,23.91,24.342,23.64,24.17,1615432,18772,24.0226
2024-03-19T04:00:00Z,24.09,24.2,23.455,23.6,2617402,35400,23.652
2024-03-20T04:00:00Z,23.42,23.95,22.9,23.89,1655209,20206,23.4925
2024-03-21T04:00:00Z,24.09,24.835,24.03,24.48,1918278,18128,24.442
2024-03-22T04:00:00Z,24.36,24.76,24.23,24.67,1275981,15359,24.644
2024-03-25T04:00:00Z,24.55,24.86,24.375,24.38,1376074,17837,24.5417
2024-03-26T04:00:00Z,24,24.23,23.67,23.81,1737988,19063,23.888
2024-03-27T04:00:00Z,23.89,24.08,23.67,24.07,1198153,14561,23.9222
2024-03-28T04:00:00Z,24.07,24.34,23.86,23.87,1210492,13756,24.0776
2024-04-01T04:00:00Z,23.81,23.98,23.43,23.57,1869784,22662,23.6771
2024-04-02T04:00:00Z,23.37,23.88,23.08,23.67,2345150,20283,23.59
2024-04-03T04:00:00Z,23.93,24.135,23.66,24.04,1509476,16647,23.9167
2024-04-04T04:00:00Z,23.97,24.37,23.665,23.8,2494207,26672,23.967
2024-04-05T04:00:00Z,24.09,24.45,23.71,23.88,1968616,21550,23.9694
2024-04-08T04:00:00Z,23.88,23.985,23.43,23.85,2637551,24271,23.8153
2024-04-09T04:00:00Z,23.88,23.88,23.38,23.7,2472287,28444,23.662
2024-04-10T04:00:00Z,23.42,23.96,23.38,23.86,2329649,24700,23.7872
2024-04-11T04:00:00Z,24.05,24.35,23.43,23.49,2435917,25208,23.681
2024-04-12T04:00:00Z,23.4,23.56,22.95,23.09,2043394,23156,23.2236
2024-04-15T04:00:00Z,23.13,23.4703,23.1,23.14,1586385,19832,23.2628
2024-04-16T04:00:00Z,23,23.15,22.82,23.02,1284011,16439,23.0009
2024-04-17T04:00:00Z,23.36,23.46,23.065,23.1,1835855,17985,23.2289
2024-04-18T04:00:00Z,23.11,23.505,22.8724,23.49,1380966,14719,23.377
2024-04-19T04:00:00Z,23.45,23.63,22.94,23.03,1127297,14471,23.1654
2024-04-22T04:00:00Z,22.98,23.485,22.94,23.43,1125208,14778,23.3361
2024-04-23T04:00:00Z,23.48,24.025,23.43,23.94,1040238,13072,23.8776
2024-04-24T04:00:00Z,23.94,24.16,23.88,23.97,1228735,13026,23.9987
2024-04-25T04:00:00Z,23.87,24.4375,23.81,24.42,1013775,13462,24.215
2024-04-26T04:00:00Z,24.53,24.97,24.51,24.71,1315816,17219,24.7662
2024-04-29T04:00:00Z,24.69,24.69,24.39,24.63,1175294,17470,24.5851
2024-04-30T04:00:00Z,24.7,24.8,24.25,24.32,1262608,14441,24.4447
2024-05-01T04:00:00Z,24.3,24.78,24.26,24.55,820458,12341,24.5144
2024-05-02T04:00:00Z,24.85,24.99,24.41,24.83,1305378,15155,24.8147
2024-05-03T04:00:00Z,24.89,24.99,24.64,24.82,1226640,13383,24.7683
2024-05-06T04:00:00Z,24.46,25.01,24.28,25,1726454,19607,24.8443
2024-05-07T04:00:00Z,25.22,26.54,25.22,26.47,3895525,30486,26.1025
2024-05-08T04:00:00Z,26.41,26.53,25.95,26.05,1981532,23451,26.1608
2024-05-09T04:00:00Z,26.13,26.54,26.02,26.12,1320728,18561,26.2479
2024-05-10T04:00:00Z,26.28,26.5,25.585,25.67,2072919,20429,25.8444
2024-05-13T04:00:00Z,25.74,25.92,25.4,25.7,1716193,20091,25.6287
2024-05-14T04:00:00Z,25.47,25.575,25.13,25.47,1433463,19928,25.3724
2024-05-15T04:00:00Z,25.35,25.385,25.11,25.31,1017204,25842,25.298
2024-05-16T04:00:00Z,25.55,25.9,25.45,25.87,1525125,17707,25.7231
2024-05-17T04:00:00Z,25.85,26.09,25.81,26.05,833093,11313,25.9686
2024-05-20T04:00:00Z,26,26.31,25.96,26.2,841496,15554,26.1916
2024-05-21T04:00:00Z,26.21,26.74,26.2,26.28,1289396,15682,26.432
2024-05-22T04:00:00Z,25.69,26,25.21,25.57,1843876,20601,25.5182
2024-05-23T04:00:00Z,26.53,26.88,25.94,26.09,1936105,23482,26.2795
2024-05-24T04:00:00Z,26.515,27.4,26.4901,26.99,2167870,25318,26.9982
2024-05-28T04:00:00Z,27.19,27.38,26.705,26.96,1628138,21148,26.8901
2024-05-29T04:00:00Z,27.1,27.47,26.86,26.95,1603422,17107,27.1184
2024-05-30T04:00:00Z,27.09,27.33,26.705,27.23,1952598,15698,27.003
2024-05-31T04:00:00Z,27.29,27.39,26.9,27.08,1556548,13583,27.1067
2024-06-03T04:00:00Z,27.27,27.3,26.68,26.85,2295478,21079,26.8692
2024-06-04T04:00:00Z,26.72,27.06,26.52,26.52,2245286,14807,26.7351
2024-06-05T04:00:00Z,26.63,26.965,26.52,26.79,1698565,15503,26.7844
2024-06-06T04:00:00Z,26.01,26.04,25.44,25.52,2315153,18800,25.5731
2024-06-07T04:00:00Z,25.5,25.7,25.335,25.58,2968650,19600,25.4911
2024-06-10T04:00:00Z,25.56,25.58,25.07,25.2,1363606,15166,25.2289
2024-06-11T04:00:00Z,24.54,24.865,24.28,24.67,1925837,19384,24.6396
2024-06-12T04:00:00Z,24.9,25.29,24.89,25.08,1152742,14569,25.1085
2024-06-13T04:00:00Z,25.25,25.29,24.705,24.86,1467293,14771,24.8706
2024-06-14T04:00:00Z,24.51,24.53,23.73,23.77,1417202,17352,24.0587
2024-06-17T04:00:00Z,23.81,24.08,23.69,23.81,961784,14136,23.8261
2024-06-18T04:00:00Z,23.83,24.0108,23.685,23.73,1577517,15186,23.7725
2024-06-20T04:00:00Z,23.94,25.04,23.73,24.77,3206603,27638,24.3954
2024-06-21T04:00:00Z,24.5,24.58,23.77,24.1,3152764,21300,24.013
2024-06-24T04:00:00Z,24.1,24.36,23.99,24,1771912,16248,24.1276
2024-06-25T04:00:00Z,24,24.175,23.85,24.14,1374345,11177,24.048
2024-06-26T04:00:00Z,24.23,24.63,24.23,24.53,1845322,16177,24.4976
2024-06-27T04:00:00Z,24.6,24.755,24.21,24.43,1555590,11385,24.4278
2024-06-28T04:00:00Z,24.42,24.51,24.28,24.38,1348171,10917,24.3899
2024-07-01T04:00:00Z,24.85,25.07,24.735,24.98,1488953,13629,24.9295
2024-07-02T04:00:00Z,24.94,24.945,24.715,24.84,1261670,13734,24.8142
2024-07-03T04:00:00Z,24.96,25.25,24.74,25,1105808,13096,24.9611
2024-07-05T04:00:00Z,24.66,24.7,23.89,24.21,1224153,15983,24.2121
2024-07-08T04:00:00Z,24.04,24.09,23.75,23.95,1094216,13234,23.8863
2024-07-09T04:00:00Z,23.98,24.06,23.74,23.82,1376358,13676,23.8458
2024-07-10T04:00:00Z,23.9,24.2,23.89,24.17,914926,12958,24.0784
2024-07-11T04:00:00Z,23.92,24.15,23.7,24.11,2210622,14387,23.9872
2024-07-12T04:00:00Z,24.23,24.47,23.925,24.13,1161088,12634,24.1115
2024-07-15T04:00:00Z,24.01,24.1697,23.86,23.965,759961,9299,23.9904
2024-07-16T04:00:00Z,23.86,24.27,23.81,24.2,1120818,9583,24.1085
2024-07-17T04:00:00Z,24.19,24.2699,23.795,23.87,793219,8552,23.9763
2024-07-18T04:00:00Z,23.91,24.075,23.7199,23.86,818804,11628,23.8645
2024-07-19T04:00:00Z,23.77,23.81,23.48,23.81,1323402,14819,23.6729
2024-07-22T04:00:00Z,23.91,24.51,23.86,24.43,1561252,17722,24.3263
2024-07-23T04:00:00Z,24.3,24.3,23.835,23.85,935592,12785,23.9515
2024-07-24T04:00:00Z,23.775,23.81,23.155,23.19,1352459,14804,23.3506
2024-07-25T04:00:00Z,23.17,23.31,22.79,22.8,1141984,13729,22.999
2024-07-26T04:00:00Z,22.84,22.9,22.54,22.89,1035155,12848,22.7576
2024-07-29T04:00:00Z,23.15,23.57,22.85,23.01,1262872,13655,23.1838
2024-07-30T04:00:00Z,22.87,22.97,22.405,22.53,1196094,13705,22.5755
2024-07-31T04:00:00Z,22.82,22.9,22.5,22.54,835026,12386,22.6502
2024-08-01T04:00:00Z,22.63,22.63,21.72,21.74,1537636,17908,21.9033
2024-08-02T04:00:00Z,21.5,21.6095,21.12,21.4,1630797,17286,21.3629
2024-08-05T04:00:00Z,20.2,21.02,20.0557,20.7,1819392,18502,20.6766
2024-08-06T04:00:00Z,20.83,21.28,20.58,21.08,1648768,18663,21.0543
2024-08-07T04:00:00Z,21.75,21.77,20.905,21.02,1554033,18433,21.1086
2024-08-08T04:00:00Z,21.31,21.61,20.59,20.99,2660093,26478,20.8636
2024-08-09T04:00:00Z,21,21.19,20.9,20.97,1489816,16363,21.0069
2024-08-12T04:00:00Z,21.09,21.62,21.085,21.45,1486004,17230,21.4496
2024-08-13T04:00:00Z,21.6,21.6797,21.37,21.59,1387437,16132,21.5426
2024-08-14T04:00:00Z,21.79,21.91,21.12,21.195,1768165,30892,21.3472
2024-08-15T04:00:00Z,21.15,21.345,21.06,21.255,1988160,23427,21.1953
2024-08-16T04:00:00Z,21.36,21.49,21.03,21.15,1828151,17575,21.1607
2024-08-19T04:00:00Z,21.36,21.56,21.32,21.36,1478315,13208,21.4277
2024-08-20T04:00:00Z,21.42,21.71,21.175,21.63,2112279,19483,21.5101
2024-08-21T04:00:00Z,21.84,22.127,21.32,21.38,1598472,17023,21.5567
2024-08-22T04:00:00Z,21.38,21.72,21.19,21.22,1733654,14878,21.396
2024-08-23T04:00:00Z,21.31,21.6,21.14,21.23,1955996,15544,21.2845
2024-08-26T04:00:00Z,21.45,21.704,21.44,21.58,2102199,18518,21.5507
2024-08-27T04:00:00Z,20.88,21.31,20.88,21.1,1845253,18881,21.0696
2024-08-28T04:00:00Z,20.92,21.12,20.57,20.62,1780599,18919,20.73
2024-08-29T04:00:00Z,20.91,21.4499,20.85,21.33,1481975,16680,21.298
2024-08-30T04:00:00Z,21.27,21.4797,21.16,21.37,2050220,15600,21.345
2024-09-03T04:00:00Z,20.9,20.98,20.485,20.56,2200945,20951,20.6935
2024-09-04T04:00:00Z,20.49,20.8,20.422,20.55,3338728,22989,20.6163
2024-09-05T04:00:00Z,20.78,21.052,20.6001,20.68,2306796,18404,20.8037
2024-09-06T04:00:00Z,20.68,20.73,19.82,19.87,3583378,25202,20.0351
2024-09-09T04:00:00Z,20.18,20.625,20.14,20.49,1642614,16096,20.4559
2024-09-10T04:00:00Z,20.59,20.59,19.75,19.93,2635011,21361,19.948
2024-09-11T04:00:00Z,20,20.465,19.89,20.45,2220164,19847,20.2138
2024-09-12T04:00:00Z,20.62,20.97,20.48,20.68,1849137,16710,20.7507
2024-09-13T04:00:00Z,20.77,21.04,20.71,20.8,1925645,14654,20.8063
2024-09-16T04:00:00Z,21,21.185,20.8,21.18,1597920,11978,21.0689
2024-09-17T04:00:00Z,21.22,21.235,21.01,21.08,1282346,12694,21.0894
2024-09-18T04:00:00Z,21.08,21.32,21.01,21.04,1156067,10742,21.1319
2024-09-19T04:00:00Z,21.5,21.895,21.29,21.84,2784702,16764,21.7061
2024-09-20T04:00:00Z,21.47,21.86,21.245,21.59,1455726,11746,21.6158
2024-09-23T04:00:00Z,21.66,21.9,21.56,21.66,1391314,14156,21.7278
2024-09-24T04:00:00Z,22.32,22.79,22.185,22.72,2124498,19671,22.5494
2024-09-25T04:00:00Z,22.7,22.905,22.55,22.8,1959659,20289,22.7505
2024-09-26T04:00:00Z,23,23.81,23,23.68,2409884,22563,23.5314
2024-09-27T04:00:00Z,23.71,23.72,23.41,23.54,1343047,14148,23.5966
2024-09-30T04:00:00Z,23.73,23.82,23.51,23.69,1467544,13434,23.6815
2024-10-01T04:00:00Z,23.05,23.65,23.0083,23.59,2182273,17947,23.4737
2024-10-02T04:00:00Z,23.5,23.51,22.84,22.9,1802534,16242,23.0276
2024-10-03T04:00:00Z,22.79,22.985,22.46,22.89,1119537,12583,22.8031
2024-10-04T04:00:00Z,23.09,23.26,22.59,22.71,815766,9431,22.7709
2024-10-07T04:00:00Z,22.71,22.955,22.485,22.51,1142549,13276,22.6328
2024-10-08T04:00:00Z,22.24,22.24,21.83,21.95,1356519,14236,22.0031
2024-10-09T04:00:00Z,21.73,21.73,21.375,21.39,1171305,12799,21.4687
2024-10-10T04:00:00Z,21.55,21.75,21.4405,21.66,912993,10545,21.6242
2024-10-11T04:00:00Z,21.322,21.53,20.82,21.05,1999383,18271,21.0041
2024-10-14T04:00:00Z,20.84,20.92,20.62,20.64,1381171,14536,20.7342
2024-10-15T04:00:00Z,20.25,20.38,19.86,19.925,2713642,24283,20.0165
2024-10-16T04:00:00Z,19.9,20.16,19.795,19.88,2030018,18311,19.9449
2024-10-17T04:00:00Z,19.85,20.2,19.63,20.17,1419404,15279,20.0156
2024-10-18T04:00:00Z,20.29,20.51,20.13,20.4,1302412,12860,20.344
2024-10-21T04:00:00Z,20.25,20.25,19.905,20.12,1312712,14577,20.0727
2024-10-22T04:00:00Z,20,20.12,19.855,19.91,1141901,12408,19.9692
2024-10-23T04:00:00Z,19.64,19.67,19.1,19.2,2452037,22465,19.2877
2024-10-24T04:00:00Z,19.25,19.35,19.12,19.24,1280324,13975,19.2456
2024-10-25T04:00:00Z,19.4,19.535,19.31,19.35,914460,9541,19.3978
2024-10-28T04:00:00Z,19.25,19.3,19.01,19.03,1700452,15864,19.0947
2024-10-29T04:00:00Z,19.33,19.53,19.1909,19.37,1808559,18436,19.3629
2024-10-30T04:00:00Z,19.19,19.25,18.92,19.17,1611263,15284,19.153
2024-10-31T04:00:00Z,19.16,19.29,19,19.11,954946,14209,19.1057
2024-11-01T04:00:00Z,19.11,19.18,18.98,19.04,1012723,11734,19.0776
2024-11-04T05:00:00Z,19.1,19.24,18.97,19.05,1113448,11806,19.114
2024-11-05T05:00:00Z,19.31,19.68,19.3,19.61,1195252,12067,19.563
2024-11-06T05:00:00Z,19.2,19.6,19.17,19.57,1317618,13632,19.4475
2024-11-07T05:00:00Z,19.92,20.315,19.8701,20.18,1661198,16180,20.1646
2024-11-08T05:00:00Z,20.18,20.24,20.04,20.1,1320474,13190,20.1613
2024-11-11T05:00:00Z,20.36,20.54,20.1316,20.33,1750499,17616,20.3059
2024-11-12T05:00:00Z,20.16,20.28,19.8,19.9,1685154,18280,19.942
2024-11-13T05:00:00Z,19.8,20.11,19.72,20.08,973763,11090,19.9737
2024-11-14T05:00:00Z,20.14,20.36,20.09,20.19,963085,9152,20.21
2024-11-15T05:00:00Z,20.23,20.3,20.115,20.29,1294452,12690,20.2408
2024-11-18T05:00:00Z,20.26,20.53,20.19,20.44,2250704,26045,20.3902
2024-11-19T05:00:00Z,19.99,20.14,19.7,20.03,1976198,19631,19.9784
2024-11-20T05:00:00Z,19.95,20.2,18.925,18.97,4505687,38167,19.2547
2024-11-21T05:00:00Z,19.01,19.02,18.52,18.71,2685496,25035,18.6999
2024-11-22T05:00:00Z,18.6,18.91,18.53,18.63,1902531,16880,18.7035
2024-11-25T05:00:00Z,18.75,18.79,18.57,18.65,2047932,17286,18.6581
2024-11-26T05:00:00Z,18.61,18.62,18.03,18.03,2277260,22116,18.2276
2024-11-27T05:00:00Z,17.53,17.78,17.22,17.55,2646289,20208,17.5546
2024-11-29T05:00:00Z,17.44,17.52,17.18,17.32,1553608,12662,17.3078
2024-12-02T05:00:00Z,17.25,17.29,16.87,17.04,3328087,28159,17.0864
2024-12-03T05:00:00Z,17.15,17.4,17.14,17.22,2249268,19013,17.2555
2024-12-04T05:00:00Z,17.255,17.255,16.775,16.86,3582162,24968,16.9144
2024-12-05T05:00:00Z,16.3,16.64,16.21,16.48,2215188,20329,16.5011
2024-12-06T05:00:00Z,16.5,16.5054,15.67,15.98,3945906,27124,15.8988
2024-12-09T05:00:00Z,16.11,16.5276,16.03,16.3,2954109,19391,16.3193
2024-12-10T05:00:00Z,16.3,16.33,16.03,16.08,1979631,17019,16.1801
2024-12-11T05:00:00Z,16,16.05,15.44,15.51,3003881,24645,15.5757
2024-12-12T05:00:00Z,15.48,15.6354,15.34,15.45,2812670,20395,15.5015
2024-12-13T05:00:00Z,15.45,15.465,15.06,15.15,2460212,20132,15.163
2024-12-16T05:00:00Z,15.09,15.115,14.71,15,3091539,25558,14.9615
2024-12-17T05:00:00Z,14.86,15.08,14.59,14.94,2207563,18905,14.8911
2024-12-18T05:00:00Z,14.95,15.36,14.95,14.97,1744857,16369,15.1292
2024-12-19T05:00:00Z,14.99,15.13,14.69,14.72,2033845,17828,14.8929
2024-12-20T05:00:00Z,14.7,15.01,14.61,14.8,1905842,13491,14.8653
2024-12-23T05:00:00Z,14.8,15.36,14.8,15.25,2243279,17612,15.2355
2024-12-24T05:00:00Z,15.3,15.3,14.9313,15.12,1004747,9689,15.0967
2024-12-26T05:00:00Z,15.11,15.2,14.95,15.02,1303925,12065,15.057
2024-12-27T05:00:00Z,15,15.02,14.74,14.85,1750792,13282,14.8288
2024-12-30T05:00:00Z,14.76,14.8,14.56,14.7,2223954,16272,14.6718
2024-12-31T05:00:00Z,14.7,14.96,14.6,14.95,1628390,12346,14.8374
2025-01-02T05:00:00Z,15.28,15.675,15.2,15.5,1563441,15274,15.5132
2025-01-03T05:00:00Z,15.56,15.6699,15.18,15.22,1482894,12646,15.2818
2025-01-06T05:00:00Z,15.3,15.405,14.64,14.68,2224284,19307,14.9649
2025-01-07T05:00:00Z,14.72,14.98,14.64,14.82,1877380,18246,14.8072
2025-01-08T05:00:00Z,14.72,14.96,14.37,14.86,1916808,17614,14.748
2025-01-10T05:00:00Z,15.32,15.58,15.2,15.25,2758379,21017,15.3708
2025-01-13T05:00:00Z,15.25,15.37,14.91,15.18,1824334,16732,15.0694
2025-01-14T05:00:00Z,15.21,15.25,14.955,15.13,1673937,12854,15.0864
2025-01-15T05:00:00Z,15.14,15.235,15.015,15.22,1538535,12381,15.1405
2025-01-16T05:00:00Z,15.085,15.1,14.62,14.72,2150440,16883,14.7628
2025-01-17T05:00:00Z,14.63,14.9155,14.48,14.68,2059318,16667,14.714
2025-01-21T05:00:00Z,14.84,14.84,14.4,14.68,2613903,21777,14.5846
2025-01-22T05:00:00Z,14.51,14.62,14.31,14.35,2511375,21523,14.4367
2025-01-23T05:00:00Z,14.38,14.89,14.3,14.84,1831302,14955,14.7253
2025-01-24T05:00:00Z,14.9,14.94,14.649,14.81,1476034,13052,14.8136
2025-01-27T05:00:00Z,14.7,15.0566,14.632,14.87,1286233,14275,14.8494
2025-01-28T05:00:00Z,14.92,15.09,14.79,14.9,942816,11834,14.9241
2025-01-29T05:00:00Z,14.95,15.27,14.91,15.27,1251377,12546,15.116
2025-01-30T05:00:00Z,15.35,15.715,15.12,15.56,1569544,15436,15.4948
2025-01-31T05:00:00Z,15.7,15.7,15.335,15.37,1385732,15125,15.4714
2025-02-03T05:00:00Z,14.95,15.3664,14.8,15.17,1221951,12336,15.1603
2025-02-04T05:00:00Z,15.37,15.93,15.32,15.7,1674828,16257,15.7098
2025-02-05T05:00:00Z,15.55,15.77,15.55,15.64,1406947,13286,15.6625
2025-02-06T05:00:00Z,15.73,15.84,15.365,15.41,1178237,13021,15.482
2025-02-07T05:00:00Z,15.55,15.62,15.28,15.38,1349730,13509,15.4013
2025-02-10T05:00:00Z,15.47,15.68,15.408,15.66,1198904,14449,15.5952
2025-02-11T05:00:00Z,15.67,15.76,15.47,15.63,1438483,14858,15.6183
2025-02-12T05:00:00Z,15.61,15.79,15.39,15.72,1751058,18286,15.6678
2025-02-13T05:00:00Z,15.73,16.045,15.7,16,1724528,16830,15.9093
2025-02-14T05:00:00Z,16.17,16.25,15.9,16.1,2551135,19298,16.0425
2025-02-18T05:00:00Z,16.38,17,16.29,16.39,3445847,29531,16.4518
2025-02-19T05:00:00Z,15.58,15.79,14.74,14.96,7903241,58172,15.093
2025-02-20T05:00:00Z,15.15,16.05,15.1,16,4984582,36582,15.788
2025-02-21T05:00:00Z,15.93,16.09,15.3431,15.35,3593875,31142,15.7573
2025-02-24T05:00:00Z,15.3,15.465,15.12,15.28,2101989,19576,15.3307
2025-02-25T05:00:00Z,15.41,15.95,15.32,15.5,2744936,24860,15.6804
2025-02-26T05:00:00Z,15.81,16.06,15.71,15.76,2249028,19764,15.8836
2025-02-27T05:00:00Z,15.6,15.83,15.47,15.52,2474080,21242,15.6406
2025-02-28T05:00:00Z,15.43,15.85,15.2014,15.63,2564687,21156,15.6645
2025-03-03T05:00:00Z,15.73,15.75,15.21,15.23,2735905,27796,15.4534
2025-03-04T05:00:00Z,14.91,15.63,14.56,15.52,2614722,25469,15.1882
2025-03-05T05:00:00Z,15.51,15.67,15.185,15.37,3513377,34858,15.3733
2025-03-06T05:00:00Z,15.39,15.86,15.305,15.83,2536031,21247,15.7332
2025-03-07T05:00:00Z,15.87,16.29,15.8,16.07,1794573,17605,16.0896
2025-03-10T04:00:00Z,15.85,16.005,15.49,15.75,2195171,21612,15.7513
2025-03-11T04:00:00Z,15.695,15.835,15.18,15.79,2705451,20525,15.5927
2025-03-12T04:00:00Z,16.2,16.65,16.11,16.5,4320719,35765,16.4834
2025-03-13T04:00:00Z,16.54,16.7,16.345,16.4,4528051,39748,16.4872
2025-03-14T04:00:00Z,16.29,16.63,15.92,16.6,2848479,24104,16.4023
2025-03-17T04:00:00Z,16.73,16.95,16.515,16.55,2399852,23178,16.7346
2025-03-18T04:00:00Z,16.53,16.9,16.38,16.68,1904249,18994,16.7002
2025-03-19T04:00:00Z,17.23,17.3,16.83,16.94,2071643,20638,17.048
2025-03-20T04:00:00Z,16.905,17.34,16.81,17.15,1386059,16018,17.1585
2025-03-21T04:00:00Z,16.93,17,16.55,16.58,3086505,16573,16.6224
2025-03-24T04:00:00Z,16.58,16.76,16.24,16.32,1376613,14583,16.3827
2025-03-25T04:00:00Z,16.3,16.475,16.16,16.205,964004,11452,16.2969
2025-03-26T04:00:00Z,16.16,16.18,15.85,16.12,1037791,11653,16.0512
2025-03-27T04:00:00Z,16.09,16.13,15.82,15.91,1548470,14360,15.9458
2025-03-28T04:00:00Z,15.84,16.219,15.78,15.98,1075451,12880,15.9777
2025-03-31T04:00:00Z,15.55,15.74,15.24,15.56,1185492,13908,15.5532
2025-04-01T04:00:00Z,15.6,15.805,15.43,15.72,1097821,12204,15.6682
2025-04-02T04:00:00Z,15.72,15.72,15.44,15.65,1229209,14223,15.5913
2025-04-03T04:00:00Z,14.94,15.01,14.19,14.21,3162218,30614,14.4741
2025-04-04T04:00:00Z,13.46,13.6,12.72,13.08,3526557,33946,13.0381
2025-04-07T04:00:00Z,12.85,14.17,12.8,13.89,3773736,33318,13.6195
2025-04-08T04:00:00Z,14.06,14.075,12.3901,12.66,4890646,38362,12.9832
2025-04-09T04:00:00Z,12.38,13.8,12.06,13.53,2690436,26376,13.1047
2025-04-10T04:00:00Z,13.25,13.65,13,13.17,1744538,24287,13.2402
2025-04-11T04:00:00Z,13.45,14.265,13.43,14.24,1222940,12318,13.9928
2025-04-14T04:00:00Z,14.49,14.49,14.085,14.21,1188925,15511,14.2695
2025-04-15T04:00:00Z,14.13,14.14,13.515,13.58,1230097,17952,13.6422
2025-04-16T04:00:00Z,13.55,13.7,13.4001,13.55,1109806,13367,13.5714
2025-04-17T04:00:00Z,13.63,13.795,13.59,13.79,1002217,11420,13.7153
2025-04-21T04:00:00Z,13.75,13.788,13.37,13.59,882766,10313,13.5358
2025-04-22T04:00:00Z,13.66,13.775,13.47,13.56,603777,8564,13.6275
2025-04-23T04:00:00Z,13.92,14.25,13.92,14.01,1259748,11779,14.0774
2025-04-24T04:00:00Z,14.07,14.46,13.99,14.45,623669,9200,14.3132
2025-04-25T04:00:00Z,14.31,14.78,14.2617,14.49,649023,9205,14.5463
2025-04-28T04:00:00Z,14.43,14.685,14.38,14.64,1024663,9891,14.5837
2025-04-29T04:00:00Z,14.55,14.7598,14.55,14.69,676963,7560,14.673
2025-04-30T04:00:00Z,14.58,14.81,14.45,14.74,762915,9137,14.6804
2025-05-01T04:00:00Z,14.82,14.975,14.692,14.8,640437,7571,14.854
2025-05-02T04:00:00Z,15,15.16,14.88,15.03,716710,10196,15.0173
2025-05-05T04:00:00Z,15,15.27,14.99,15.08,507700,6766,15.1272
2025-05-06T04:00:00Z,14.96,15.23,14.9019,14.98,1083171,13164,15.0284
2025-05-07T04:00:00Z,15,15.04,14.785,14.96,785148,9685,14.9243
2025-05-08T04:00:00Z,15.01,15.325,14.85,15.3,1055771,13351,15.1438
2025-05-09T04:00:00Z,15.45,15.55,15.16,15.52,894474,11237,15.3501
2025-05-12T04:00:00Z,16.37,16.47,16.07,16.2,1831446,19617,16.2134
2025-05-13T04:00:00Z,16.24,16.46,16.085,16.43,1397943,16208,16.2595
2025-05-14T04:00:00Z,16.46,16.64,16.33,16.41,1033910,11465,16.4733
2025-05-15T04:00:00Z,16.31,17.095,16.28,16.8,1745344,20155,16.7852
2025-05-16T04:00:00Z,16.825,16.99,16.35,16.4,1417830,14711,16.5093
2025-05-19T04:00:00Z,16.22,16.3,16.09,16.24,1053513,10252,16.1811
2025-05-20T04:00:00Z,16.29,16.53,16.2001,16.48,1139615,11735,16.4108
2025-05-21T04:00:00Z,16.34,16.495,15.96,16.02,1588993,17285,16.1672
2025-05-22T04:00:00Z,15.96,16.075,15.865,15.995,1373289,14073,15.9899
2025-05-23T04:00:00Z,15.93,16.2099,15.7801,16.18,1039114,11636,16.0755
2025-05-27T04:00:00Z,16.23,16.35,15.9,16.04,1276838,13129,16.0678
2025-05-28T04:00:00Z,16.01,16.145,15.82,16.01,1215520,12619,16.0469
2025-05-29T04:00:00Z,16.18,16.36,16.12,16.18,900494,9586,16.2505
2025-05-30T04:00:00Z,16.23,16.57,16.18,16.51,1538641,10529,16.4362
2025-06-02T04:00:00Z,16.54,16.54,16.22,16.34,790432,9229,16.3754
2025-06-03T04:00:00Z,16.16,16.3,15.84,16.2,1366200,11393,16.1841
2025-06-04T04:00:00Z,16.5,16.58,16.175,16.18,1375288,13269,16.2861
2025-06-05T04:00:00Z,16.42,16.69,16.37,16.43,1390399,14956,16.4817
2025-06-06T04:00:00Z,16.61,16.885,16.54,16.69,1788137,17956,16.7105
2025-06-09T04:00:00Z,16.7,16.72,16.425,16.45,1513159,12566,16.5874
2025-06-10T04:00:00Z,16.56,16.78,16.39,16.55,1924500,14171,16.5688
2025-06-11T04:00:00Z,16.75,16.95,16.66,16.86,1643715,13591,16.805
2025-06-12T04:00:00Z,16.84,17.07,16.76,17.01,1785055,12829,16.9596
2025-06-13T04:00:00Z,17.13,17.42,16.935,17.4,1693879,13886,17.1561
2025-06-16T04:00:00Z,17.56,17.56,16.92,17.02,1368860,13514,17.0815
2025-06-17T04:00:00Z,16.96,17.07,16.8,16.81,1040857,9650,16.8966
2025-06-18T04:00:00Z,16.75,16.9,16.61,16.8,1035788,11615,16.7608
2025-06-20T04:00:00Z,16.78,16.8,16.45,16.47,1480194,13730,16.5403
2025-06-23T04:00:00Z,16.39,16.635,16.33,16.55,2329324,19657,16.5232
2025-06-24T04:00:00Z,16.36,17.02,16.21,16.97,2530642,19133,16.8196
2025-06-25T04:00:00Z,16.98,17.6,16.8,17.12,3424386,24308,17.2021
2025-06-26T04:00:00Z,17.12,17.13,16.8201,17.09,2977467,17780,17.0002
2025-06-27T04:00:00Z,17.1,17.26,16.97,17.12,2504959,19303,17.1068
2025-06-30T04:00:00Z,17.04,17.28,16.88,17.25,2361395,17820,17.098
2025-07-01T04:00:00Z,17.16,17.415,16.905,17.38,2681762,18859,17.2323
2025-07-02T04:00:00Z,17.5,18.18,17.435,17.955,3301408,25183,17.9266
2025-07-03T04:00:00Z,17.94,18.16,17.93,18.04,1230474,9681,18.0572
2025-07-07T04:00:00Z,18.1,18.585,18.085,18.205,1996954,22657,18.2938
2025-07-08T04:00:00Z,18.2,18.29,17.8,17.86,1075181,12992,18.0027
2025-07-09T04:00:00Z,17.8,17.8,17.265,17.4,1716496,16432,17.4317
2025-07-10T04:00:00Z,17.67,18.34,17.65,18.02,1341433,13821,18.0444
2025-07-11T04:00:00Z,18.1,18.615,18.055,18.52,1566462,15352,18.4349
2025-07-14T04:00:00Z,18.56,18.59,18.29,18.39,893940,11772,18.4173
2025-07-15T04:00:00Z,18.52,18.52,17.92,17.92,857781,9300,18.0682
2025-07-16T04:00:00Z,18.07,18.35,17.97,18.21,792644,9480,18.2017
2025-07-17T04:00:00Z,18.33,19.08,18.28,18.77,1802669,17459,18.8025
2025-07-18T04:00:00Z,18.79,18.86,18.55,18.56,1149456,15109,18.669
2025-07-21T04:00:00Z,18.54,18.555,18.36,18.43,569689,6832,18.4528
2025-07-22T04:00:00Z,18.55,19.035,18.55,18.96,1460341,10943,18.8973
2025-07-23T04:00:00Z,19.12,19.29,19.05,19.06,1098305,14243,19.1534
2025-07-24T04:00:00Z,19.09,19.24,19.025,19.03,1550574,12997,19.1456
2025-07-25T04:00:00Z,18.84,19.14,18.6762,18.8,1678863,15467,18.9564
2025-07-28T04:00:00Z,18.735,18.9,18.67,18.85,1262550,12741,18.7782
2025-07-29T04:00:00Z,18.68,18.77,18.512,18.67,1135958,13687,18.649
2025-07-30T04:00:00Z,18.61,18.6707,18.265,18.35,784089,10769,18.4454
2025-07-31T04:00:00Z,18.305,18.535,18.2,18.26,824795,11510,18.3197
2025-08-01T04:00:00Z,18.175,18.46,18.045,18.42,574858,9583,18.2907
2025-08-04T04:00:00Z,18.35,18.83,18.35,18.77,642237,8489,18.7137
2025-08-05T04:00:00Z,18.92,19.33,18.92,19.31,1396026,16749,19.1705
2025-08-06T04:00:00Z,19.33,19.38,19.1,19.15,936043,12379,19.2148
2025-08-07T04:00:00Z,18.94,19.2406,18.7,18.97,1614635,18966,18.9642
2025-08-08T04:00:00Z,19.06,19.37,18.795,18.84,873842,13311,18.984
2025-08-11T04:00:00Z,18.73,18.85,18.245,18.52,1254090,14649,18.5074
2025-08-12T04:00:00Z,18.6,19.125,18.52,18.79,884277,13093,18.887
2025-08-13T04:00:00Z,18.8,19.25,18.8,18.99,1026559,12278,19.0195
2025-08-14T04:00:00Z,19.01,19.02,18.81,18.83,670292,9289,18.8869
2025-08-15T04:00:00Z,18.67,18.97,18.6,18.66,642681,9120,18.6944
2025-08-18T04:00:00Z,18.66,19.02,18.57,18.95,725294,8925,18.9139
2025-08-19T04:00:00Z,18.95,18.95,18.31,18.37,1036012,13799,18.5585
2025-08-20T04:00:00Z,18.45,18.68,18.445,18.58,929286,13006,18.5625
2025-08-21T04:00:00Z,18.676,19.033,18.65,18.98,872757,13202,18.9189
2025-08-22T04:00:00Z,19.1,19.38,19.05,19.12,827134,10913,19.1966
2025-08-25T04:00:00Z,19.05,19.27,19.05,19.21,923762,11985,19.1961
2025-08-26T04:00:00Z,19.18,19.32,18.93,19.28,1180747,11004,19.2133
2025-08-27T04:00:00Z,19.13,19.15,18.89,19.01,896413,12504,19.029
2025-08-28T04:00:00Z,18.98,19.065,18.88,18.97,953113,13722,18.9917
2025-08-29T04:00:00Z,18.92,19.1,18.53,18.65,2497601,12530,18.6706
2025-09-02T04:00:00Z,18.5,18.73,18.46,18.64,856007,10930,18.6044
2025-09-03T04:00:00Z,18.5,18.965,18.34,18.93,1213705,13124,18.7005
2025-09-04T04:00:00Z,19,19.17,18.9,19.11,1160481,13147,19.0627
2025-09-05T04:00:00Z,19.05,19.32,19.02,19.31,920126,10183,19.1929
2025-09-08T04:00:00Z,19.49,19.77,19.38,19.45,1237457,12259,19.5372
2025-09-09T04:00:00Z,19.53,19.77,19.285,19.72,1640123,14792,19.616
2025-09-10T04:00:00Z,19.5,19.72,18.71,19.5,939426,12026,19.5276
2025-09-11T04:00:00Z,19.3,19.31,18.75,19.19,1885879,16388,19.0303
2025-09-12T04:00:00Z,19.23,19.47,19.2,19.21,1261934,13516,19.3258
2025-09-15T04:00:00Z,19.24,19.57,19.24,19.36,1428603,15232,19.4021
2025-09-16T04:00:00Z,19.41,19.41,19.055,19.3,1419072,15016,19.2451
2025-09-17T04:00:00Z,19.32,19.8,19.3,19.79,1388062,12755,19.6567
2025-09-18T04:00:00Z,19.8,19.89,19.685,19.84,1165961,12495,19.7935
2025-09-19T04:00:00Z,19.79,19.8,19.45,19.7,1588586,12353,19.6471
2025-09-22T04:00:00Z,19.51,19.68,19.12,19.14,1105624,9544,19.3064
2025-09-23T04:00:00Z,19.37,19.87,19.36,19.79,964669,10069,19.7222
2025-09-24T04:00:00Z,19.79,19.99,19.715,19.87,674549,8445,19.8749
2025-09-25T04:00:00Z,19.79,19.8199,19.215,19.36,560924,7394,19.3895
2025-09-26T04:00:00Z,19.43,19.54,19.245,19.27,520096,6926,19.326
2025-09-29T04:00:00Z,19.27,19.28,18.57,18.74,1251319,13705,18.7547
2025-09-30T04:00:00Z,18.64,18.72,18.42,18.59,1064374,12019,18.5695
2025-10-01T04:00:00Z,18.55,18.8519,18.42,18.72,854007,10581,18.7035
2025-10-02T04:00:00Z,18.78,18.835,18.455,18.52,637389,8473,18.5705
2025-10-03T04:00:00Z,18.49,18.4999,18.165,18.41,869021,10668,18.3744
2025-10-06T04:00:00Z,18.31,18.62,18.28,18.44,723004,10210,18.4495
2025-10-07T04:00:00Z,18.35,18.56,18.265,18.42,886757,11902,18.4194
2025-10-08T04:00:00Z,18.39,18.425,17.91,18.02,959088,12004,18.0705
2025-10-09T04:00:00Z,18.06,18.29,17.68,17.69,883359,10740,17.8863
2025-10-10T04:00:00Z,17.1,17.5801,16.72,16.79,2955864,24813,17.0346
2025-10-13T04:00:00Z,17.07,17.46,16.95,17.37,1646539,14351,17.2029
2025-10-14T04:00:00Z,16.98,17.345,16.84,17.31,619466,8734,17.1854
2025-10-15T04:00:00Z,17.31,17.72,17.29,17.42,802871,10189,17.5104
2025-10-16T04:00:00Z,17.48,17.88,17.4,17.49,610903,7577,17.6314
2025-10-17T04:00:00Z,17.43,17.84,17.39,17.68,551088,8288,17.6372
2025-10-20T04:00:00Z,17.7,17.98,17.58,17.59,780048,8942,17.7188
2025-10-21T04:00:00Z,17.5,17.61,17.38,17.45,521370,6814,17.5021
2025-10-22T04:00:00Z,17.4,17.5574,17.29,17.535,688545,9401,17.419
2025-10-23T04:00:00Z,17.7,17.89,17.63,17.72,629664,7771,17.755
2025-10-24T04:00:00Z,17.5,17.9,17.43,17.51,476692,8908,17.5986
2025-10-27T04:00:00Z,17.64,17.92,17.59,17.91,491514,8209,17.8468
2025-10-28T04:00:00Z,17.76,18.42,17.76,18.22,640367,8328,18.1868
2025-10-29T04:00:00Z,18.37,18.81,18.29,18.57,881654,10799,18.576
2025-10-30T04:00:00Z,18.52,18.83,18.425,18.68,596546,8922,18.6767
2025-10-31T04:00:00Z,18.68,18.9,18.51,18.82,476035,7635,18.7684
2025-11-03T05:00:00Z,18.53,18.72,18.22,18.26,866565,11865,18.3828
2025-11-04T05:00:00Z,18.22,18.24,17.755,17.95,1082806,13950,17.9421
2025-11-05T05:00:00Z,17.98,18.505,17.9,18.41,921967,13851,18.2623
2025-11-06T05:00:00Z,18.24,18.46,17.91,18.15,855614,11324,18.1627
2025-11-07T05:00:00Z,18.03,18.2347,17.88,18.19,492457,7529,18.0801
2025-11-10T05:00:00Z,18.36,18.8,18.24,18.66,655612,8669,18.6387
2025-11-11T05:00:00Z,18.79,18.96,18.71,18.79,749746,10072,18.8317
2025-11-12T05:00:00Z,18.7,18.89,18.5614,18.78,522063,8795,18.736
2025-11-13T05:00:00Z,18.87,19.39,18.86,19.04,967215,11957,19.1421
2025-11-14T05:00:00Z,18.77,19.0251,18.5462,18.92,480381,8190,18.8859
2025-11-17T05:00:00Z,18.93,19.29,18.802,19.15,777286,11692,19.1152
2025-11-18T05:00:00Z,19.15,19.47,19.05,19.3,1414312,15976,19.2175
2025-11-19T05:00:00Z,19.15,19.61,18.9,19.05,2406893,22843,19.2248
2025-11-20T05:00:00Z,19.37,19.565,18.74,18.79,1370683,18138,19.0167
2025-11-21T05:00:00Z,18.89,19.15,18.89,19.14,1142109,12759,19.0607
2025-11-24T05:00:00Z,19.1,19.75,19,19.75,1848418,15712,19.6093
2025-11-25T05:00:00Z,19.75,19.89,19.52,19.86,1011660,12751,19.7882
2025-11-26T05:00:00Z,19.89,19.9,19.6,19.74,1146855,14726,19.7401
2025-11-28T05:00:00Z,19.75,19.98,19.51,19.9,713909,7020,19.8818
2025-12-01T05:00:00Z,19.9,20.14,19.81,20.01,1469771,14386,20.0024
2025-12-02T05:00:00Z,20.02,20.02,19.55,19.8,1306473,14840,19.7652
2025-12-03T05:00:00Z,20.35,20.87,20.25,20.41,1841503,19141,20.5296
2025-12-04T05:00:00Z,20.48,20.63,20.35,20.5,1650718,15967,20.4797
2025-12-05T05:00:00Z,20.39,20.555,20.21,20.45,1399799,13333,20.4176
2025-12-08T05:00:00Z,20.5,20.59,20.02,20.04,1003165,11521,20.2726
2025-12-09T05:00:00Z,19.75,20,19.6,19.94,1129532,12358,19.8763
2025-12-10T05:00:00Z,19.9,20.06,19.31,19.46,1289554,16280,19.5802
2025-12-11T05:00:00Z,19.315,19.4,18.46,18.58,2296783,23171,18.6232
2025-12-12T05:00:00Z,18.47,18.55,18.22,18.27,1615429,18255,18.3635
2025-12-15T05:00:00Z,18.25,18.25,18.018,18.23,1090676,12687,18.1702
2025-12-16T05:00:00Z,18.19,18.28,18.09,18.09,1066178,12913,18.1732
2025-12-17T05:00:00Z,18,18.305,17.855,18.24,1928096,18195,18.1413
2025-12-18T05:00:00Z,18.29,18.4,18.02,18.09,1107243,13775,18.1411
2025-12-19T05:00:00Z,18.1,18.37,18.01,18.3,2116856,13643,18.2949
2025-12-22T05:00:00Z,18.3,18.945,18.275,18.8,1546177,14861,18.7452
2025-12-23T05:00:00Z,18.65,18.96,18.61,18.89,1244631,11892,18.8173
2025-12-24T05:00:00Z,18.86,19.06,18.8001,18.95,439449,4517,18.954
2025-12-26T05:00:00Z,18.95,19.455,18.9,19.43,1211234,12554,19.3133
2025-12-29T05:00:00Z,19.4,19.81,19.3,19.71,1937250,18384,19.6358
2025-12-30T05:00:00Z,19.71,19.78,19.24,19.26,1116046,14079,19.4549
2025-12-31T05:00:00Z,19.2,19.25,19.11,19.22,559445,8923,19.2017
