timestamp,open,high,low,close,volume,tradeCount,vwap
2017-11-28T05:00:00Z,25.06,25.15,24.96,25.1,849715,2032,25.0883
2017-11-29T05:00:00Z,25.05,25.11,24.98,25.06,729360,1379,25.0582
2017-11-30T05:00:00Z,25.08,25.1,25.02,25.02,713908,1624,25.0706
2017-12-01T05:00:00Z,25.05,25.15,24.95,25.07,382156,1085,25.0417
2017-12-04T05:00:00Z,25.1,25.12,25.03,25.03,354046,1169,25.0769
2017-12-05T05:00:00Z,25.07,25.08,25,25.02,416285,992,25.0395
2017-12-06T05:00:00Z,25.04,25.05,25.01,25.03,288148,909,25.0299
2017-12-07T05:00:00Z,25.05,25.11,25.02,25.07,312800,739,25.0664
2017-12-08T05:00:00Z,25.12,25.13,25.05,25.05,400941,835,25.0896
2017-12-11T05:00:00Z,25.07,25.1,25.05,25.07,216474,732,25.0684
2017-12-12T05:00:00Z,25.1,25.1,25.06,25.09,239159,704,25.0814
2017-12-13T05:00:00Z,25.11,25.11,25.05,25.11,495855,705,25.0695
2017-12-14T05:00:00Z,25.09,25.2,25.07,25.2,143637,482,25.1451
2017-12-15T05:00:00Z,25.2,25.24,25.154,25.22,172920,486,25.2099
2017-12-18T05:00:00Z,25.22,25.22,25.09,25.09,508979,1359,25.1283
2017-12-19T05:00:00Z,25.1,25.125,25.04,25.1,487634,1036,25.0702
2017-12-20T05:00:00Z,25.07,25.12,25.01,25.04,1100851,951,25.0786
2017-12-21T05:00:00Z,25.04,25.09,25.02,25.05,185822,615,25.0494
2017-12-22T05:00:00Z,25.05,25.07,25.02,25.05,123611,506,25.0391
2017-12-26T05:00:00Z,25.06,25.22,25.06,25.18,186939,862,25.1728
2017-12-27T05:00:00Z,25.15,25.25,25.15,25.25,117949,485,25.2175
2017-12-28T05:00:00Z,25.24,25.3,25.21,25.3,120708,503,25.2646
2017-12-29T05:00:00Z,25.3,25.78,25.2848,25.45,532536,1687,25.4924
2018-01-02T05:00:00Z,25.44,25.44,25.14,25.2,159187,828,25.2526
2018-01-03T05:00:00Z,25.3,25.3,25.12,25.18,133760,575,25.1876
2018-01-04T05:00:00Z,25.2,25.25,25.12,25.14,171089,869,25.1967
2018-01-05T05:00:00Z,25.17,25.24,25.17,25.2,116395,490,25.1964
2018-01-08T05:00:00Z,25.19,25.22,25.02,25.04,124186,600,25.1045
2018-01-09T05:00:00Z,25.06,25.14,25.04,25.1,190092,776,25.086
2018-01-10T05:00:00Z,25.01,25.04,24.83,24.89,227512,586,24.9255
2018-01-11T05:00:00Z,24.95,24.98,24.65,24.78,263596,878,24.7728
2018-01-12T05:00:00Z,24.89,24.89,24.6,24.63,562357,1194,24.703
2018-01-16T05:00:00Z,24.7,24.75,24.63,24.66,175965,890,24.7138
2018-01-17T05:00:00Z,24.73,24.77,24.6,24.69,124525,639,24.6906
2018-01-18T05:00:00Z,24.6,24.68,24.3551,24.5,251968,1121,24.5068
2018-01-19T05:00:00Z,24.54,24.55,24.31,24.33,171718,884,24.3876
2018-01-22T05:00:00Z,24.47,24.47,24.12,24.18,146647,685,24.2094
2018-01-23T05:00:00Z,24.23,24.25,24.17,24.22,216380,800,24.2332
2018-01-24T05:00:00Z,24.21,24.33,24.06,24.18,158574,676,24.2134
2018-01-25T05:00:00Z,24.3,24.3,24.12,24.18,119003,405,24.2142
2018-01-26T05:00:00Z,24.3,24.3,24.03,24.03,147276,588,24.1544
2018-01-29T05:00:00Z,24.1,24.1,23.85,23.85,179118,583,23.9899
2018-01-30T05:00:00Z,23.9,23.9,23.42,23.46,104590,363,23.7272
2018-01-31T05:00:00Z,23.66,23.86,23.46,23.78,120714,548,23.7216
2018-02-01T05:00:00Z,23.9,24.09,23.82,23.86,116159,692,23.9384
2018-02-02T05:00:00Z,23.85,23.85,23.5,23.6,83635,386,23.6016
2018-02-05T05:00:00Z,23.75,23.75,23.42,23.43,85524,373,23.5803
2018-02-06T05:00:00Z,23.65,23.65,23.25,23.46,123155,591,23.3798
2018-02-07T05:00:00Z,23.6,23.93,23.56,23.58,101453,421,23.6952
2018-02-08T05:00:00Z,23.61,23.68,23.5369,23.65,65881,266,23.6126
2018-02-09T05:00:00Z,23.6,23.82,23.42,23.81,92848,349,23.5882
2018-02-12T05:00:00Z,23.88,23.92,23.7898,23.85,64568,343,23.8558
2018-02-13T05:00:00Z,23.99,24.0155,23.85,23.965,91106,373,23.9396
2018-02-14T05:00:00Z,23.99,23.99,23.72,23.87,71233,313,23.8725
2018-02-15T05:00:00Z,23.93,24.01,23.81,23.9,63778,259,23.896
2018-02-16T05:00:00Z,23.9,23.9,23.76,23.79,35523,209,23.8508
2018-02-20T05:00:00Z,23.72,23.9,23.72,23.79,74012,339,23.797
2018-02-21T05:00:00Z,24,24,23.81,23.87,75246,369,23.9072
2018-02-22T05:00:00Z,24,24.0496,23.9,23.93,85896,317,23.9939
2018-02-23T05:00:00Z,24,24.05,23.9499,24.01,108755,359,24.0024
2018-02-26T05:00:00Z,24.05,24.23,24.04,24.17,69245,331,24.139
2018-02-27T05:00:00Z,23.97,24,23.86,23.86,178030,438,23.9182
2018-02-28T05:00:00Z,23.9,23.96,23.85,23.96,76775,280,23.9356
2018-03-01T05:00:00Z,23.98,24.09,23.92,24.07,110444,424,23.9966
2018-03-02T05:00:00Z,24.13,24.3899,24.07,24.32,107566,482,24.2113
2018-03-05T05:00:00Z,24.34,24.49,24.19,24.3,189961,692,24.3215
2018-03-06T05:00:00Z,24.38,24.5,24.36,24.46,100313,403,24.4324
2018-03-07T05:00:00Z,24.5,24.6,24.44,24.44,79648,365,24.4744
2018-03-08T05:00:00Z,24.46,24.49,24.36,24.49,67806,330,24.4398
2018-03-09T05:00:00Z,24.47,24.47,24.31,24.33,71706,302,24.3892
2018-03-12T04:00:00Z,24.4,24.44,24.3,24.36,58508,185,24.3518
2018-03-13T04:00:00Z,24.32,24.36,24.32,24.35,55633,348,24.3444
2018-03-14T04:00:00Z,24.36,24.47,24.35,24.39,97507,448,24.3931
2018-03-15T04:00:00Z,24.49,24.49,24.37,24.4,43041,194,24.4038
2018-03-16T04:00:00Z,24.47,24.49,24.35,24.49,70946,352,24.4472
2018-03-19T04:00:00Z,24.45,24.45,24.35,24.4,82601,305,24.4093
2018-03-20T04:00:00Z,24.54,24.54,24.34,24.35,47046,199,24.4024
2018-03-21T04:00:00Z,24.46,24.46,24.2825,24.34,44353,164,24.3696
2018-03-22T04:00:00Z,24.39,24.39,24.2,24.25,42638,256,24.3191
2018-03-23T04:00:00Z,24.2,24.3399,24.19,24.22,42081,223,24.2468
2018-03-26T04:00:00Z,24.34,24.383,24.14,24.17,66336,286,24.2356
2018-03-27T04:00:00Z,24.26,24.36,24.18,24.3,61599,323,24.2699
2018-03-28T04:00:00Z,24.35,24.35,24.23,24.3,157166,261,24.3017
2018-03-29T04:00:00Z,24.4,24.4,24.21,24.3,56459,242,24.2732
2018-04-02T04:00:00Z,24.4,24.4,24.1999,24.25,43377,243,24.2673
2018-04-03T04:00:00Z,24.3,24.3,24.05,24.15,37029,203,24.129
2018-04-04T04:00:00Z,24.28,24.285,24,24.05,56120,317,24.1267
2018-04-05T04:00:00Z,24.2,24.2,24.061,24.2,80243,382,24.1242
2018-04-06T04:00:00Z,24.25,24.26,24.13,24.24,29402,185,24.1867
2018-04-09T04:00:00Z,24.34,24.34,24.2,24.27,49031,242,24.2577
2018-04-10T04:00:00Z,24.33,24.33,24.255,24.3,46806,240,24.2833
2018-04-11T04:00:00Z,24.29,24.3,24.21,24.24,41934,238,24.2495
2018-04-12T04:00:00Z,24.3,24.3,24.15,24.15,70779,434,24.1913
2018-04-13T04:00:00Z,24.17,24.2699,24.1,24.1,77937,485,24.1672
2018-04-16T04:00:00Z,24.17,24.25,24.01,24.24,53847,268,24.1845
2018-04-17T04:00:00Z,24.25,24.3,24.24,24.28,42441,191,24.2776
2018-04-18T04:00:00Z,24.3,24.3,24.16,24.2,50544,217,24.2646
2018-04-19T04:00:00Z,24.23,24.23,24.101,24.2,35093,170,24.1796
2018-04-20T04:00:00Z,24.2,24.2,24.05,24.05,52268,262,24.1269
2018-04-23T04:00:00Z,24.05,24.16,24.041,24.16,40908,174,24.0927
2018-04-24T04:00:00Z,24.18,24.19,24.01,24.11,45482,287,24.101
2018-04-25T04:00:00Z,24.09,24.09,23.99,24.03,77804,367,24.0312
2018-04-26T04:00:00Z,24.07,24.08,23.85,23.9,50982,331,23.9984
2018-04-27T04:00:00Z,23.91,24.04,23.91,24.04,21527,126,23.9884
2018-04-30T04:00:00Z,24.04,24.04,23.95,23.97,44625,190,24.0038
2018-05-01T04:00:00Z,24.04,24.04,23.9401,23.98,52674,208,23.9648
2018-05-02T04:00:00Z,23.98,24.09,23.9778,24.08,43393,213,24.0194
2018-05-03T04:00:00Z,24.09,24.1,24.021,24.08,25620,158,24.0762
2018-05-04T04:00:00Z,24.08,24.18,24.06,24.18,42868,253,24.1168
2018-05-07T04:00:00Z,24.19,24.2,24.08,24.1,68350,254,24.1666
2018-05-08T04:00:00Z,24.19,24.19,24.02,24.05,69091,280,24.0744
2018-05-09T04:00:00Z,24.15,24.19,24.07,24.18,44153,174,24.134
2018-05-10T04:00:00Z,24.19,24.23,24.101,24.23,40930,172,24.1871
2018-05-11T04:00:00Z,24.2,24.38,24.19,24.37,51254,215,24.2756
2018-05-14T04:00:00Z,24.38,24.48,24.33,24.34,57144,254,24.4014
2018-05-15T04:00:00Z,24.36,24.3883,24.21,24.25,32702,159,24.2816
2018-05-16T04:00:00Z,24.34,24.34,24.15,24.21,56966,273,24.2207
2018-05-17T04:00:00Z,24.3,24.3,24.21,24.25,32511,162,24.2559
2018-05-18T04:00:00Z,24.29,24.33,24.15,24.32,76480,345,24.2488
2018-05-21T04:00:00Z,24.37,24.3887,24.26,24.27,25921,132,24.3258
2018-05-22T04:00:00Z,24.27,24.32,24.21,24.27,54720,254,24.261
2018-05-23T04:00:00Z,24.3,24.34,24.2469,24.32,28954,148,24.3138
2018-05-24T04:00:00Z,24.36,24.46,24.29,24.46,57536,341,24.3453
2018-05-25T04:00:00Z,24.58,24.58,24.42,24.51,38164,196,24.5022
2018-05-29T04:00:00Z,24.51,24.51,24.31,24.45,140599,425,24.4632
2018-05-30T04:00:00Z,24.27,24.29,24.061,24.26,138047,382,24.1989
2018-05-31T04:00:00Z,24.27,24.35,24.24,24.35,103152,379,24.2748
2018-06-01T04:00:00Z,24.4,24.62,24.3601,24.6,141422,707,24.5122
2018-06-04T04:00:00Z,24.6,24.62,24.47,24.6,104909,386,24.5677
2018-06-05T04:00:00Z,24.64,24.6499,24.5001,24.57,61349,220,24.5598
2018-06-06T04:00:00Z,24.58,24.61,24.58,24.6,67958,294,24.5934
2018-06-07T04:00:00Z,24.69,24.69,24.6027,24.63,24844,121,24.6358
2018-06-08T04:00:00Z,24.63,24.69,24.5,24.56,54607,323,24.5636
2018-06-11T04:00:00Z,24.56,24.6399,24.45,24.58,117679,424,24.5618
2018-06-12T04:00:00Z,24.65,24.65,24.46,24.47,61689,287,24.5541
2018-06-13T04:00:00Z,24.5,24.5,24.4,24.42,33873,133,24.4603
2018-06-14T04:00:00Z,24.45,24.58,24.43,24.58,39428,208,24.4897
2018-06-15T04:00:00Z,24.52,24.58,24.45,24.5,39395,201,24.5036
2018-06-18T04:00:00Z,24.54,24.59,24.47,24.58,68019,262,24.5486
2018-06-19T04:00:00Z,24.64,24.64,24.46,24.56,106696,329,24.5592
2018-06-20T04:00:00Z,24.63,24.63,24.46,24.51,58271,220,24.5503
2018-06-21T04:00:00Z,24.51,24.57,24.49,24.51,66427,219,24.5291
2018-06-22T04:00:00Z,24.6,24.63,24.52,24.6,58137,148,24.5813
2018-06-25T04:00:00Z,24.62,24.62,24.51,24.54,37233,130,24.5726
2018-06-26T04:00:00Z,24.66,24.66,24.5,24.59,66973,188,24.5836
2018-06-27T04:00:00Z,24.63,24.63,24.5,24.52,64883,221,24.5591
2018-06-28T04:00:00Z,24.55,24.6,24.5062,24.54,65734,271,24.5601
2018-06-29T04:00:00Z,24.62,24.7,24.54,24.6,74951,234,24.625
2018-07-02T04:00:00Z,24.55,24.65,24.55,24.59,46861,213,24.6067
2018-07-03T04:00:00Z,24.65,24.65,24.55,24.55,36899,166,24.5999
2018-07-05T04:00:00Z,24.65,24.69,24.56,24.6,128861,353,24.6093
2018-07-06T04:00:00Z,24.74,24.79,24.69,24.77,39474,215,24.749
2018-07-09T04:00:00Z,24.79,24.79,24.7,24.72,40760,247,24.7364
2018-07-10T04:00:00Z,24.79,24.85,24.7499,24.7793,175970,607,24.7793
2018-07-11T04:00:00Z,24.77,24.79,24.7,24.77,65667,350,24.7614
2018-07-12T04:00:00Z,24.76,24.76,24.67,24.73,43420,177,24.7183
2018-07-13T04:00:00Z,24.77,24.77,24.69,24.7,47137,194,24.7374
2018-07-16T04:00:00Z,24.76,24.76,24.6201,24.6832,59832,187,24.6879
2018-07-17T04:00:00Z,24.72,24.72,24.4,24.41,90192,429,24.5619
2018-07-18T04:00:00Z,24.5,24.5626,24.4511,24.48,72791,331,24.5076
2018-07-19T04:00:00Z,24.56,24.57,24.47,24.53,174096,181,24.5037
2018-07-20T04:00:00Z,24.64,24.7085,24.55,24.65,33599,160,24.6688
2018-07-23T04:00:00Z,24.74,24.74,24.62,24.62,74859,172,24.6599
2018-07-24T04:00:00Z,24.69,24.69,24.54,24.58,46348,176,24.6013
2018-07-25T04:00:00Z,24.67,24.6891,24.532,24.58,45949,189,24.6098
2018-07-26T04:00:00Z,24.62,24.6899,24.55,24.56,38940,163,24.5842
2018-07-27T04:00:00Z,24.55,24.6339,24.55,24.57,21314,138,24.576
2018-07-30T04:00:00Z,24.59,24.6393,24.5168,24.6099,38972,110,24.5833
2018-07-31T04:00:00Z,24.61,24.65,24.51,24.51,36599,159,24.5946
2018-08-01T04:00:00Z,24.6,24.6,24.457,24.49,18980,102,24.5345
2018-08-02T04:00:00Z,24.49,24.6102,24.49,24.49,55228,283,24.502
2018-08-03T04:00:00Z,24.54,24.56,24.5,24.56,29072,153,24.5508
2018-08-06T04:00:00Z,24.59,24.59,24.4,24.4,65406,181,24.5103
2018-08-07T04:00:00Z,24.5,24.5,24.4,24.4199,39490,155,24.4383
2018-08-08T04:00:00Z,24.48,24.4847,24.35,24.37,49668,262,24.4336
2018-08-09T04:00:00Z,24.48,24.48,24.25,24.25,46909,245,24.3158
2018-08-10T04:00:00Z,24.34,24.34,24.25,24.27,23098,102,24.2847
2018-08-13T04:00:00Z,24.29,24.29,24.08,24.08,28598,125,24.2143
2018-08-14T04:00:00Z,24.08,24.17,24.08,24.1,58316,202,24.1366
2018-08-15T04:00:00Z,24.13,24.21,24.11,24.21,31049,240,24.169
2018-08-16T04:00:00Z,24.24,24.45,24.22,24.23,52414,205,24.3297
2018-08-17T04:00:00Z,24.25,24.4,24.25,24.35,59084,318,24.3649
2018-08-20T04:00:00Z,24.4,24.47,24.4,24.47,66558,196,24.4424
2018-08-21T04:00:00Z,24.48,24.57,24.48,24.57,520128,122,24.5141
2018-08-22T04:00:00Z,24.59,24.6,24.5,24.54,41697,118,24.5476
2018-08-23T04:00:00Z,24.57,24.59,24.49,24.53,161833,215,24.5299
2018-08-24T04:00:00Z,24.58,24.58,24.5398,24.57,46357,257,24.5602
2018-08-27T04:00:00Z,24.64,24.64,24.4402,24.5,56878,197,24.5332
2018-08-28T04:00:00Z,24.59,24.59,24.4359,24.59,71795,251,24.5244
2018-08-29T04:00:00Z,24.59,24.72,24.57,24.7,70294,187,24.6672
2018-08-30T04:00:00Z,24.5,24.56,24.42,24.56,78861,248,24.4859
2018-08-31T04:00:00Z,24.55,24.55,24.44,24.46,53145,154,24.4962
2018-09-04T04:00:00Z,24.5,24.5,24.42,24.45,35912,149,24.4552
2018-09-05T04:00:00Z,24.45,24.55,24.341,24.45,71967,219,24.4402
2018-09-06T04:00:00Z,24.33,24.4,24.33,24.33,47819,173,24.3573
2018-09-07T04:00:00Z,24.3,24.33,24.07,24.16,54770,191,24.2147
2018-09-10T04:00:00Z,24.16,24.2588,24.091,24.22,55109,210,24.1579
2018-09-11T04:00:00Z,24.17,24.34,24.17,24.32,41698,143,24.2651
2018-09-12T04:00:00Z,24.28,24.4186,24.2775,24.37,43952,134,24.3419
2018-09-13T04:00:00Z,24.38,24.46,24.33,24.33,60273,186,24.4227
2018-09-14T04:00:00Z,24.4,24.4,24.22,24.33,26617,155,24.3169
2018-09-17T04:00:00Z,24.19,24.36,24.1,24.1,46005,187,24.2455
2018-09-18T04:00:00Z,24.01,24.05,23.86,23.9,76023,304,23.9282
2018-09-19T04:00:00Z,23.9,23.9629,23.76,23.77,33618,156,23.8398
2018-09-20T04:00:00Z,23.89,23.93,23.49,23.59,57503,228,23.7337
2018-09-21T04:00:00Z,23.62,23.7,23.62,23.63,38010,159,23.6614
2018-09-24T04:00:00Z,23.69,23.75,23.63,23.75,38832,170,23.6783
2018-09-25T04:00:00Z,23.77,23.77,23.48,23.48,41056,181,23.5662
2018-09-26T04:00:00Z,23.64,23.65,23.48,23.48,39087,208,23.5308
2018-09-27T04:00:00Z,23.6,23.61,23.41,23.41,35957,162,23.5039
2018-09-28T04:00:00Z,23.5,23.57,23.37,23.37,39578,116,23.4078
2018-10-01T04:00:00Z,23.42,23.5,23.06,23.33,62587,351,23.1608
2018-10-02T04:00:00Z,23.3,23.46,23.2775,23.35,50733,314,23.3501
2018-10-03T04:00:00Z,23.35,23.4042,22.99,23.11,67535,278,23.1804
2018-10-04T04:00:00Z,23.07,23.07,22.495,22.5,62045,253,22.6302
2018-10-05T04:00:00Z,22.5,22.59,22.45,22.46,44873,171,22.5083
2018-10-08T04:00:00Z,22.57,22.57,22.37,22.45,34998,207,22.469
2018-10-09T04:00:00Z,22.6,22.6,22.42,22.52,55166,300,22.5295
2018-10-10T04:00:00Z,22.49,22.5052,22.14,22.17,39736,164,22.3076
2018-10-11T04:00:00Z,22.3,22.4213,22.17,22.23,77275,249,22.2807
2018-10-12T04:00:00Z,22.32,22.47,22.24,22.33,32912,184,22.2953
2018-10-15T04:00:00Z,22.33,22.41,22.22,22.41,31285,154,22.3051
2018-10-16T04:00:00Z,22.41,22.56,22.41,22.54,24440,109,22.4909
2018-10-17T04:00:00Z,22.48,22.69,22.45,22.67,41169,205,22.5717
2018-10-18T04:00:00Z,22.67,22.68,22.48,22.61,27257,164,22.5823
2018-10-19T04:00:00Z,22.6621,22.74,22.6101,22.7,15746,66,22.6729
2018-10-22T04:00:00Z,22.81,23.0271,22.48,22.9,24831,121,22.8691
2018-10-23T04:00:00Z,22.86,22.86,22.65,22.67,29391,172,22.718
2018-10-24T04:00:00Z,22.75,22.88,22.66,22.7,21347,128,22.753
2018-10-25T04:00:00Z,22.83,22.83,22.7101,22.8,27761,138,22.7707
2018-10-26T04:00:00Z,22.8,22.9,22.6501,22.79,43689,167,22.7435
2018-10-29T04:00:00Z,22.8,22.8799,22.6901,22.79,30236,271,22.8053
2018-10-30T04:00:00Z,22.8,22.93,22.71,22.86,37435,142,22.8372
2018-10-31T04:00:00Z,22.93,23.06,22.74,23.02,43554,206,22.984
2018-11-01T04:00:00Z,23.01,23.0267,22.895,23,17707,135,22.9824
2018-11-02T04:00:00Z,23.12,23.21,22.87,22.87,24664,113,22.97
2018-11-05T05:00:00Z,22.98,23,22.8214,22.8606,13641,91,22.9186
2018-11-06T05:00:00Z,22.83,23.22,22.8214,23.13,31549,183,23.0214
2018-11-07T05:00:00Z,23.11,23.269,22.855,22.86,62261,130,23.0414
2018-11-08T05:00:00Z,22.95,22.99,22.9,22.9,23850,97,22.9491
2018-11-09T05:00:00Z,22.9833,23.03,22.8401,22.99,11097,70,22.9412
2018-11-12T05:00:00Z,22.84,22.99,22.74,22.94,17546,100,22.9089
2018-11-13T05:00:00Z,22.92,23.18,22.8567,23.15,17886,102,23.0102
2018-11-14T05:00:00Z,23.27,23.35,23.1,23.32,31960,90,23.2384
2018-11-15T05:00:00Z,23.31,23.31,23.0721,23.15,22536,106,23.199
2018-11-16T05:00:00Z,23.08,23.1833,22.9,22.99,17968,105,23.002
2018-11-19T05:00:00Z,23.27,23.27,22.8201,22.85,25800,125,22.9419
2018-11-20T05:00:00Z,22.84,22.85,22.39,22.54,39604,187,22.6443
2018-11-21T05:00:00Z,22.59,22.6,22.42,22.42,43031,148,22.5365
2018-11-23T05:00:00Z,22.35,22.57,22.35,22.43,8972,79,22.4248
2018-11-26T05:00:00Z,22.43,22.5422,22.12,22.16,62422,314,22.3149
2018-11-27T05:00:00Z,22.2,22.27,22.06,22.0646,35474,242,22.1442
2018-11-28T05:00:00Z,22.17,22.33,22.0401,22.31,56229,220,22.172
2018-11-29T05:00:00Z,22.02,22.0318,21.55,21.56,126272,362,21.7025
2018-11-30T05:00:00Z,21.55,21.65,21.43,21.43,92395,331,21.5054
2018-12-03T05:00:00Z,21.57,21.8406,21.48,21.56,98245,437,21.5934
2018-12-04T05:00:00Z,21.65,21.67,21.29,21.46,118292,382,21.4452
2018-12-06T05:00:00Z,21.45,21.6025,21.28,21.46,95746,360,21.4381
2018-12-07T05:00:00Z,21.5,21.67,21.41,21.49,70267,323,21.4624
2018-12-10T05:00:00Z,21.54,21.54,21.346,21.49,81660,393,21.4239
2018-12-11T05:00:00Z,21.62,21.62,21.41,21.59,151075,692,21.4775
2018-12-12T05:00:00Z,21.65,21.7675,21.61,21.72,88718,400,21.7199
2018-12-13T05:00:00Z,21.8,21.83,21.6201,21.8091,106496,526,21.7257
2018-12-14T05:00:00Z,21.79,21.87,21.7,21.81,122097,425,21.8106
2018-12-17T05:00:00Z,21.8,21.81,21.6561,21.79,80174,472,21.717
2018-12-18T05:00:00Z,21.79,21.79,21.58,21.762,80410,298,21.699
2018-12-19T05:00:00Z,21.75,21.9,21.7,21.9,96671,472,21.7994
2018-12-20T05:00:00Z,21.72,21.8863,21.3735,21.67,90572,371,21.6243
2018-12-21T05:00:00Z,21.67,21.75,21.55,21.6497,75539,335,21.6513
2018-12-24T05:00:00Z,21.7,21.8,21.4,21.57,32221,215,21.5255
2018-12-26T05:00:00Z,21.48,21.65,21.4589,21.55,64083,277,21.5582
2018-12-27T05:00:00Z,21.57,21.67,21.4562,21.5108,67218,250,21.5712
2018-12-28T05:00:00Z,21.69,21.8,21.52,21.76,64979,264,21.7011
2018-12-31T05:00:00Z,21.81,22.06,21.81,21.83,79221,285,21.8944
2019-01-02T05:00:00Z,21.82,22.43,21.81,22.3,53835,256,22.0319
2019-01-03T05:00:00Z,22.32,22.54,22.13,22.38,42549,219,22.3506
2019-01-04T05:00:00Z,22.51,22.9,22.4759,22.7,56044,281,22.7621
2019-01-07T05:00:00Z,22.71,22.9299,22.69,22.77,85083,455,22.824
2019-01-08T05:00:00Z,22.85,23,22.7,23,37560,270,22.844
2019-01-09T05:00:00Z,23.02,23.0556,22.85,22.98,43097,238,22.9359
2019-01-10T05:00:00Z,22.97,23.05,22.81,22.98,75034,413,22.9559
2019-01-11T05:00:00Z,22.98,23.14,22.91,23.05,55639,271,23.038
2019-01-14T05:00:00Z,23.05,23.14,23,23.05,63636,278,23.0906
2019-01-15T05:00:00Z,23.05,23.29,23.05,23.2,55565,262,23.1358
2019-01-16T05:00:00Z,23.21,23.25,23.0616,23.14,68853,286,23.1423
2019-01-17T05:00:00Z,23.17,23.39,23.15,23.31,39890,204,23.2905
2019-01-18T05:00:00Z,23.38,23.38,23.14,23.2,78948,231,23.2392
2019-01-22T05:00:00Z,23.28,23.28,22.94,23.05,81385,265,23.0941
2019-01-23T05:00:00Z,23.04,23.2,22.99,23.2,56019,305,23.0609
2019-01-24T05:00:00Z,23.2,23.24,23.03,23.13,31464,151,23.1513
2019-01-25T05:00:00Z,23.27,23.3,23.178,23.3,21857,119,23.2568
2019-01-28T05:00:00Z,23.3,23.75,23.2101,23.75,56115,272,23.5883
2019-01-29T05:00:00Z,23.75,23.875,23.6,23.64,26063,138,23.7387
2019-01-30T05:00:00Z,23.73,23.8,23.64,23.78,29278,150,23.7392
2019-01-31T05:00:00Z,23.8,24.26,23.7891,24.26,328076,912,24.1773
2019-02-01T05:00:00Z,24.19,24.35,23.95,24.34,70123,321,24.076
2019-02-04T05:00:00Z,24.34,24.3464,23.975,24.02,86521,463,24.0984
2019-02-05T05:00:00Z,24.13,24.1929,23.9901,24.02,54717,314,24.0793
2019-02-06T05:00:00Z,24.12,24.14,23.95,24,47254,264,24.0254
2019-02-07T05:00:00Z,24.01,24.0999,23.94,23.97,38953,200,24.0168
2019-02-08T05:00:00Z,23.91,24.2,23.91,24.18,64419,213,24.0437
2019-02-11T05:00:00Z,24.06,24.3414,24.06,24.328,54232,204,24.273
2019-02-12T05:00:00Z,24.3,24.34,24.22,24.22,48774,213,24.2613
2019-02-13T05:00:00Z,24.22,24.34,24.132,24.18,58354,204,24.2062
2019-02-14T05:00:00Z,24.15,24.34,24.12,24.29,39055,192,24.1718
2019-02-15T05:00:00Z,24.28,24.52,24.2244,24.48,37459,205,24.3746
2019-02-19T05:00:00Z,24.48,24.49,24.3201,24.37,41837,187,24.4146
2019-02-20T05:00:00Z,24.37,24.54,24.353,24.53,39019,150,24.4305
2019-02-21T05:00:00Z,24.41,24.4763,24.3901,24.45,57407,164,24.4183
2019-02-22T05:00:00Z,24.45,24.56,24.45,24.54,56833,228,24.5018
2019-02-25T05:00:00Z,24.5,24.64,24.48,24.6,68321,230,24.5814
2019-02-26T05:00:00Z,24.58,24.65,24.51,24.54,47017,210,24.576
2019-02-27T05:00:00Z,24.35,24.36,24.14,24.36,53449,238,24.2338
2019-02-28T05:00:00Z,24.36,24.68,24.3501,24.68,373807,718,24.622
2019-03-01T05:00:00Z,24.64,24.8,24.57,24.77,114416,491,24.7045
2019-03-04T05:00:00Z,24.74,24.7631,24.61,24.72,55493,207,24.6676
2019-03-05T05:00:00Z,24.64,24.74,24.61,24.74,47764,147,24.7026
2019-03-06T05:00:00Z,24.62,24.72,24.495,24.55,117334,318,24.587
2019-03-07T05:00:00Z,24.48,24.55,24.414,24.49,33454,158,24.4765
2019-03-08T05:00:00Z,24.46,24.58,24.31,24.58,32128,129,24.467
2019-03-11T04:00:00Z,24.58,24.6,24.34,24.6,50872,236,24.5108
2019-03-12T04:00:00Z,24.55,24.5856,24.45,24.5,33744,183,24.5183
2019-03-13T04:00:00Z,24.5,24.6,24.46,24.6,28648,201,24.5065
2019-03-14T04:00:00Z,24.59,24.64,24.515,24.61,51198,213,24.5819
2019-03-15T04:00:00Z,24.68,24.68,24.6119,24.65,44507,219,24.6578
2019-03-18T04:00:00Z,24.7,24.765,24.65,24.76,44241,244,24.6989
2019-03-19T04:00:00Z,24.65,24.712,24.53,24.63,62287,301,24.6263
2019-03-20T04:00:00Z,24.62,24.66,24.43,24.65,67883,273,24.5445
2019-03-21T04:00:00Z,24.64,24.75,24.63,24.68,50308,217,24.7063
2019-03-22T04:00:00Z,24.68,24.68,24.5301,24.64,52917,218,24.6085
2019-03-25T04:00:00Z,24.64,24.64,24.36,24.41,75982,434,24.4588
2019-03-26T04:00:00Z,24.44,24.56,24.37,24.56,93292,554,24.4342
2019-03-27T04:00:00Z,24.52,24.85,24.52,24.85,97594,481,24.6719
2019-03-28T04:00:00Z,24.88,24.93,24.74,24.86,106049,453,24.8704
2019-03-29T04:00:00Z,24.86,24.99,24.81,24.92,346199,516,24.9088
2019-04-01T04:00:00Z,24.92,25,24.7613,25,53733,245,24.9517
2019-04-02T04:00:00Z,25,25,24.88,24.92,65054,304,24.9494
2019-04-03T04:00:00Z,24.96,24.97,24.9,24.91,23816,146,24.9362
2019-04-04T04:00:00Z,24.95,24.95,24.83,24.85,61954,293,24.913
2019-04-05T04:00:00Z,24.9,24.95,24.85,24.92,28047,146,24.922
2019-04-08T04:00:00Z,24.92,24.95,24.9,24.95,79235,188,24.9345
2019-04-09T04:00:00Z,24.9,24.94,24.8501,24.92,52723,166,24.9118
2019-04-10T04:00:00Z,24.92,24.95,24.73,24.86,69363,442,24.8729
2019-04-11T04:00:00Z,24.92,24.92,24.75,24.8,28862,144,24.8241
2019-04-12T04:00:00Z,24.88,24.99,24.77,24.79,92452,315,24.8468
2019-04-15T04:00:00Z,24.87,24.9,24.761,24.761,66820,314,24.8388
2019-04-16T04:00:00Z,24.83,24.87,24.78,24.8,54784,246,24.8212
2019-04-17T04:00:00Z,24.85,24.89,24.7,24.78,56615,278,24.7787
2019-04-18T04:00:00Z,24.86,24.88,24.74,24.8321,65243,269,24.8381
2019-04-22T04:00:00Z,24.87,24.88,24.74,24.88,68237,363,24.822
2019-04-23T04:00:00Z,24.88,24.91,24.79,24.83,251181,504,24.8361
2019-04-24T04:00:00Z,24.85,24.96,24.83,24.96,63873,453,24.8837
2019-04-25T04:00:00Z,24.96,24.96,24.86,24.94,44102,277,24.9238
2019-04-26T04:00:00Z,24.94,25,24.89,25,48435,303,24.9565
2019-04-29T04:00:00Z,24.98,25.01,24.91,25,48956,217,24.9871
2019-04-30T04:00:00Z,25.01,25.18,24.99,25.17,312331,501,25.1383
2019-05-01T04:00:00Z,25.16,25.16,25.05,25.1,40151,192,25.0982
2019-05-02T04:00:00Z,25.12,25.149,25.01,25.05,29770,145,25.0508
2019-05-03T04:00:00Z,25.1,25.1319,25.03,25.03,34406,125,25.0748
2019-05-06T04:00:00Z,25.09,25.12,25.03,25.075,16068,99,25.0724
2019-05-07T04:00:00Z,25.1,25.1001,25.0101,25.05,28160,123,25.0593
2019-05-08T04:00:00Z,25.05,25.1,25.0034,25.07,29106,148,25.0651
2019-05-09T04:00:00Z,25.05,25.0943,25.05,25.09,27254,152,25.0817
2019-05-10T04:00:00Z,25.09,25.15,25.09,25.14,20591,115,25.134
2019-05-13T04:00:00Z,25.14,25.19,25.06,25.13,46612,153,25.1294
2019-05-14T04:00:00Z,25.13,25.25,25.09,25.22,29720,148,25.1702
2019-05-15T04:00:00Z,25.25,25.45,25.25,25.44,46221,512,25.394
2019-05-16T04:00:00Z,25.44,25.51,25.4201,25.49,24347,165,25.4633
2019-05-17T04:00:00Z,25.49,25.49,25.41,25.45,28026,154,25.4402
2019-05-20T04:00:00Z,25.47,25.48,25.3401,25.41,91012,451,25.4343
2019-05-21T04:00:00Z,25.37,25.48,25.37,25.43,30642,154,25.4165
2019-05-22T04:00:00Z,25.47,25.48,25.36,25.39,41504,245,25.4188
2019-05-23T04:00:00Z,25.4,25.4,25.25,25.34,69286,305,25.3193
2019-05-24T04:00:00Z,25.38,25.45,25.33,25.45,25368,135,25.403
2019-05-28T04:00:00Z,25.45,25.45,25.33,25.33,42316,260,25.3679
2019-05-29T04:00:00Z,25.31,25.42,25.3,25.35,39922,158,25.3363
2019-05-30T04:00:00Z,25.09,25.13,25.03,25.12,38703,237,25.0889
2019-05-31T04:00:00Z,25.12,25.21,25.07,25.19,387502,534,25.1784
2019-06-03T04:00:00Z,25.1,25.24,25,25.2,145208,209,25.1562
2019-06-04T04:00:00Z,25.24,25.31,25.2029,25.3,48758,347,25.2744
2019-06-05T04:00:00Z,25.27,25.3276,25.21,25.29,54647,143,25.2921
2019-06-06T04:00:00Z,25.3,25.3,25.11,25.2713,37029,156,25.1992
2019-06-07T04:00:00Z,25.21,25.3,25.21,25.3,55527,267,25.2864
2019-06-10T04:00:00Z,25.3,25.33,25.22,25.24,48428,237,25.2804
2019-06-11T04:00:00Z,25.23,25.3,25.13,25.14,42168,314,25.1962
2019-06-12T04:00:00Z,25.2,25.22,25.06,25.06,51082,241,25.1331
2019-06-13T04:00:00Z,25.14,25.18,25.08,25.0875,38030,129,25.1347
2019-06-14T04:00:00Z,25.12,25.19,25.02,25.08,47628,221,25.0793
2019-06-17T04:00:00Z,25.14,25.28,25.1,25.2058,49964,199,25.2123
2019-06-18T04:00:00Z,25.29,25.37,25.14,25.3,71919,311,25.2287
2019-06-19T04:00:00Z,25.39,25.4,25.26,25.37,49441,193,25.3622
2019-06-20T04:00:00Z,25.39,25.5,25.3807,25.49,88577,233,25.4631
2019-06-21T04:00:00Z,25.33,25.45,25.33,25.44,39873,158,25.3869
2019-06-24T04:00:00Z,25.44,25.45,25.34,25.42,43535,251,25.3967
2019-06-25T04:00:00Z,25.4,25.51,25.35,25.47,71798,524,25.4295
2019-06-26T04:00:00Z,25.5,25.63,25.49,25.61,42937,172,25.5798
2019-06-27T04:00:00Z,25.61,25.69,25.5489,25.63,142462,246,25.6009
2019-06-28T04:00:00Z,25.69,25.69,25.53,25.69,324958,386,25.6755
2019-07-01T04:00:00Z,25.69,25.69,25.4762,25.48,26042,184,25.5199
2019-07-02T04:00:00Z,25.55,25.64,25.47,25.59,33157,218,25.5418
2019-07-03T04:00:00Z,25.62,25.64,25.53,25.64,10486,72,25.6219
2019-07-05T04:00:00Z,25.55,25.595,25.42,25.55,20627,85,25.528
2019-07-08T04:00:00Z,25.58,25.59,25.45,25.56,13003,80,25.529
2019-07-09T04:00:00Z,25.58,25.58,25.4912,25.53,43266,185,25.5471
2019-07-10T04:00:00Z,25.53,25.57,25.49,25.55,45099,194,25.5288
2019-07-11T04:00:00Z,25.56,25.61,25.49,25.55,19911,66,25.5551
2019-07-12T04:00:00Z,25.58,25.62,25.559,25.62,23787,121,25.5827
2019-07-15T04:00:00Z,25.62,25.62,25.49,25.57,40001,154,25.5559
2019-07-16T04:00:00Z,25.55,25.6,25.5057,25.57,35357,139,25.5717
2019-07-17T04:00:00Z,25.64,25.83,25.62,25.81,54563,281,25.7049
2019-07-18T04:00:00Z,25.81,25.85,25.73,25.85,42483,224,25.8033
2019-07-19T04:00:00Z,25.84,25.935,25.825,25.91,32819,224,25.9014
2019-07-22T04:00:00Z,25.91,26.05,25.83,25.99,82331,420,25.9295
2019-07-23T04:00:00Z,25.99,26,25.92,25.99,35820,165,25.9757
2019-07-24T04:00:00Z,26,26.21,25.9497,26.1,53910,345,26.1226
2019-07-25T04:00:00Z,26.1,26.183,26.07,26.09,31255,202,26.1278
2019-07-26T04:00:00Z,26.09,26.16,26.066,26.16,31024,213,26.111
2019-07-29T04:00:00Z,26.14,26.37,26.07,26.34,78374,267,26.2474
2019-07-30T04:00:00Z,26.24,26.46,26.24,26.38,81489,431,26.3875
2019-07-31T04:00:00Z,26.45,26.5,26.27,26.46,336581,506,26.451
2019-08-01T04:00:00Z,26.45,26.47,26.26,26.38,40842,159,26.4159
2019-08-02T04:00:00Z,26.37,26.45,26.23,26.45,36502,143,26.3378
2019-08-05T04:00:00Z,26.4,26.4,25.98,26.1,51278,160,26.1386
2019-08-06T04:00:00Z,26.1,26.2124,26,26.1,37770,202,26.0476
2019-08-07T04:00:00Z,26.13,26.13,25.88,26.01,31327,164,25.9859
2019-08-08T04:00:00Z,25.98,26.12,25.98,26.07,11566,114,26.0462
2019-08-09T04:00:00Z,26.07,26.2,26.07,26.1212,22037,85,26.1579
2019-08-12T04:00:00Z,26.12,26.2387,26.06,26.13,53100,114,26.0995
2019-08-13T04:00:00Z,26.14,26.26,26.14,26.25,25646,130,26.2108
2019-08-14T04:00:00Z,26.16,26.36,26.16,26.36,37570,169,26.2908
2019-08-15T04:00:00Z,26.37,26.49,26.36,26.47,37386,135,26.4464
2019-08-16T04:00:00Z,26.47,26.47,26.38,26.43,35925,160,26.4351
2019-08-19T04:00:00Z,26.42,26.42,26.28,26.34,87678,130,26.3791
2019-08-20T04:00:00Z,26.34,26.4,26.3,26.38,47647,146,26.3726
2019-08-21T04:00:00Z,26.37,26.5,26.37,26.49,35515,232,26.4425
2019-08-22T04:00:00Z,26.48,26.65,26.48,26.65,26582,173,26.5706
2019-08-23T04:00:00Z,26.59,26.67,26.5368,26.63,25729,216,26.596
2019-08-26T04:00:00Z,26.64,26.64,26.5,26.58,20902,178,26.5495
2019-08-27T04:00:00Z,26.6,26.6,26.5,26.6,49392,237,26.565
2019-08-28T04:00:00Z,26.6,26.69,26.5983,26.68,32895,203,26.6515
2019-08-29T04:00:00Z,26.42,26.48,26.34,26.48,31635,197,26.4033
2019-08-30T04:00:00Z,26.48,26.59,26.4,26.54,282955,259,26.5364
2019-09-03T04:00:00Z,26.49,26.56,26.33,26.4,34825,301,26.4151
2019-09-04T04:00:00Z,26.49,26.55,26.326,26.55,19060,111,26.4937
2019-09-05T04:00:00Z,26.53,26.56,26.45,26.51,11669,91,26.5251
2019-09-06T04:00:00Z,26.46,26.59,26.46,26.575,22324,167,26.5516
2019-09-09T04:00:00Z,26.59,26.59,26.4951,26.57,23193,162,26.5712
2019-09-10T04:00:00Z,26.5,26.51,26.23,26.24,43934,239,26.3987
2019-09-11T04:00:00Z,26.23,26.28,26.14,26.17,27633,243,26.2097
2019-09-12T04:00:00Z,26.25,26.3,26.15,26.2,31171,233,26.2036
2019-09-13T04:00:00Z,26.2,26.2,25.65,25.8,35683,243,25.8163
2019-09-16T04:00:00Z,25.8,25.97,25.7907,25.81,53875,193,25.8729
2019-09-17T04:00:00Z,25.84,25.96,25.84,25.88,24440,150,25.9107
2019-09-18T04:00:00Z,25.94,26.15,25.91,26.15,59689,340,26.018
2019-09-19T04:00:00Z,26.25,26.45,26.25,26.34,46423,377,26.3578
2019-09-20T04:00:00Z,26.42,26.57,26.3051,26.5,48135,263,26.4832
2019-09-23T04:00:00Z,26.5,26.6,26.5,26.58,49884,354,26.5393
2019-09-24T04:00:00Z,26.58,26.62,26.5,26.54,25556,192,26.5802
2019-09-25T04:00:00Z,26.6,26.606,26.47,26.57,22198,178,26.5555
2019-09-26T04:00:00Z,26.57,26.58,26.47,26.55,97619,333,26.5295
2019-09-27T04:00:00Z,26.58,26.9,26.58,26.89,47850,394,26.7981
2019-09-30T04:00:00Z,26.89,26.923,26.75,26.89,354206,588,26.8853
2019-10-01T04:00:00Z,26.86,26.88,26.72,26.85,26270,163,26.8198
2019-10-02T04:00:00Z,26.78,26.842,26.56,26.76,33073,155,26.6636
2019-10-03T04:00:00Z,26.75,26.79,26.665,26.78,25302,184,26.7342
2019-10-04T04:00:00Z,26.79,26.82,26.6601,26.74,8431,103,26.7606
2019-10-07T04:00:00Z,26.8,26.8,26.55,26.69,18971,186,26.65
2019-10-08T04:00:00Z,26.69,26.75,26.64,26.71,17587,167,26.6853
2019-10-09T04:00:00Z,26.65,26.745,26.49,26.5,32892,294,26.6409
2019-10-10T04:00:00Z,26.5,26.564,26.38,26.42,23607,185,26.4421
2019-10-11T04:00:00Z,26.48,26.53,26.4,26.49,16182,202,26.4698
2019-10-14T04:00:00Z,26.53,26.73,26.44,26.73,25547,272,26.6182
2019-10-15T04:00:00Z,26.73,26.86,26.73,26.8,31633,228,26.8049
2019-10-16T04:00:00Z,26.8,26.8,26.6901,26.8,38249,231,26.7631
2019-10-17T04:00:00Z,26.8,26.8,26.72,26.8,31391,152,26.7703
2019-10-18T04:00:00Z,26.79,26.8,26.72,26.8,18148,108,26.7656
2019-10-21T04:00:00Z,26.79,26.85,26.74,26.76,25930,190,26.7797
2019-10-22T04:00:00Z,26.79,26.87,26.76,26.87,48313,205,26.8007
2019-10-23T04:00:00Z,26.87,26.9288,26.82,26.85,34195,316,26.8757
2019-10-24T04:00:00Z,26.92,26.92,26.8,26.89,15258,117,26.8739
2019-10-25T04:00:00Z,26.89,26.92,26.8499,26.8601,23498,175,26.886
2019-10-28T04:00:00Z,26.92,26.92,26.7,26.83,16471,156,26.8013
2019-10-29T04:00:00Z,26.83,26.83,26.58,26.59,17953,147,26.7101
2019-10-30T04:00:00Z,26.55,26.59,26.4253,26.55,27749,303,26.5322
2019-10-31T04:00:00Z,26.62,26.75,26.55,26.58,271379,365,26.5941
2019-11-01T04:00:00Z,26.58,26.58,26.36,26.38,46881,265,26.4803
2019-11-04T05:00:00Z,26.43,26.46,26.12,26.2,46468,379,26.2487
2019-11-05T05:00:00Z,26.2,26.2798,26.2,26.24,27098,178,26.2147
2019-11-06T05:00:00Z,26.27,26.3,26.24,26.24,45297,232,26.2561
2019-11-07T05:00:00Z,26.16,26.23,25.91,25.91,37910,236,26.0211
2019-11-08T05:00:00Z,25.85,26.1,25.82,26,32607,263,25.9417
2019-11-11T05:00:00Z,26.08,26.1,25.94,25.95,10917,94,26.039
2019-11-12T05:00:00Z,26.02,26.12,25.9721,26.11,14529,138,26.0581
2019-11-13T05:00:00Z,26.14,26.2528,26.12,26.12,45713,322,26.1906
2019-11-14T05:00:00Z,26.15,26.3,26.15,26.29,12037,129,26.2506
2019-11-15T05:00:00Z,26.29,26.29,26.21,26.27,15214,155,26.2567
2019-11-18T05:00:00Z,26.2,26.41,26.2,26.38,31471,181,26.3061
2019-11-19T05:00:00Z,26.38,26.41,26.237,26.29,44135,306,26.3032
2019-11-20T05:00:00Z,26.34,26.34,26.18,26.21,23106,332,26.2476
2019-11-21T05:00:00Z,26.28,26.28,26.16,26.23,26877,211,26.2315
2019-11-22T05:00:00Z,26.28,26.29,26.16,26.17,24107,213,26.2717
2019-11-25T05:00:00Z,26.29,26.29,26.12,26.12,27761,198,26.1536
2019-11-26T05:00:00Z,26.18,26.18,26.01,26.12,27917,255,26.0739
2019-11-27T05:00:00Z,25.83,25.8981,25.64,25.75,37059,243,25.699
2019-11-29T05:00:00Z,25.66,25.69,25.57,25.62,130850,261,25.6154
2019-12-02T05:00:00Z,25.62,25.7,25.45,25.58,30254,195,25.573
2019-12-03T05:00:00Z,25.56,25.59,25.5,25.51,39346,356,25.5448
2019-12-04T05:00:00Z,25.58,25.62,25.49,25.62,46793,274,25.5569
2019-12-05T05:00:00Z,25.62,25.67,25.53,25.55,25214,189,25.575
2019-12-06T05:00:00Z,25.55,25.72,25.52,25.59,25043,148,25.6238
2019-12-09T05:00:00Z,25.61,25.72,25.57,25.59,18131,143,25.6239
2019-12-10T05:00:00Z,25.59,25.68,25.5463,25.68,43468,285,25.5899
2019-12-11T05:00:00Z,25.68,25.81,25.617,25.79,32945,223,25.7413
2019-12-12T05:00:00Z,25.8,25.8,25.66,25.8,33138,248,25.7354
2019-12-13T05:00:00Z,25.8,25.95,25.773,25.95,29420,182,25.8743
2019-12-16T05:00:00Z,26.07,26.11,25.95,26,23367,171,26.0463
2019-12-17T05:00:00Z,26.06,26.15,25.961,26.05,23532,205,26.0806
2019-12-18T05:00:00Z,26.13,26.25,26.06,26.13,18817,141,26.1413
2019-12-19T05:00:00Z,26.13,26.2987,26.13,26.23,15815,129,26.2153
2019-12-20T05:00:00Z,26.3,26.3,26.2076,26.21,16271,188,26.2644
2019-12-23T05:00:00Z,26.3,26.33,26.1567,26.33,10723,153,26.2755
2019-12-24T05:00:00Z,26.41,26.45,26.3741,26.45,8601,89,26.4088
2019-12-26T05:00:00Z,26.45,26.45,26.2713,26.375,12215,87,26.3796
2019-12-27T05:00:00Z,26.44,26.44,26.32,26.33,17931,283,26.3703
2019-12-30T05:00:00Z,26.33,26.3876,25.99,26.14,17097,257,26.2275
2019-12-31T05:00:00Z,26.21,26.39,26.21,26.31,55802,214,26.3174
2020-01-02T05:00:00Z,26.39,26.74,26.36,26.67,32813,497,26.5704
2020-01-03T05:00:00Z,26.7,26.89,26.69,26.76,23644,257,26.7898
2020-01-06T05:00:00Z,26.48,26.62,26.43,26.5239,56781,416,26.5312
2020-01-07T05:00:00Z,26.57,26.57,26.3,26.47,54017,307,26.4044
2020-01-08T05:00:00Z,26.49,26.56,26.442,26.56,32089,332,26.5197
2020-01-09T05:00:00Z,26.6,26.6027,26.48,26.56,20479,202,26.5736
2020-01-10T05:00:00Z,26.56,26.69,26.55,26.645,26254,226,26.6242
2020-01-13T05:00:00Z,26.67,26.75,26.626,26.74,27128,249,26.7298
2020-01-14T05:00:00Z,26.75,26.7694,26.655,26.7,32773,162,26.7168
2020-01-15T05:00:00Z,26.69,26.7,26.53,26.55,37952,202,26.5967
2020-01-16T05:00:00Z,26.58,26.64,26.52,26.606,25830,234,26.5693
2020-01-17T05:00:00Z,26.63,26.63,26.34,26.4164,105774,351,26.4547
2020-01-21T05:00:00Z,26.44,26.4796,26.384,26.42,12915,134,26.4378
2020-01-22T05:00:00Z,26.45,26.45,26.34,26.45,19807,135,26.4254
2020-01-23T05:00:00Z,26.48,26.59,26.41,26.55,33224,172,26.499
2020-01-24T05:00:00Z,26.51,26.58,26.42,26.58,19892,137,26.519
2020-01-27T05:00:00Z,26.52,26.59,26.3516,26.5732,18204,98,26.5133
2020-01-28T05:00:00Z,26.5,26.5576,26.42,26.45,11479,107,26.4716
2020-01-29T05:00:00Z,26.55,26.59,26.5,26.59,17210,159,26.5481
2020-01-30T05:00:00Z,26.59,26.66,26.565,26.66,20535,183,26.6199
2020-01-31T05:00:00Z,26.73,26.74,26.52,26.52,47869,219,26.5822
2020-02-03T05:00:00Z,26.69,26.7,26.52,26.69,18835,130,26.6577
2020-02-04T05:00:00Z,26.69,26.69,26.5855,26.59,21999,200,26.6397
2020-02-05T05:00:00Z,26.59,26.72,26.55,26.56,21922,196,26.6052
2020-02-06T05:00:00Z,26.57,26.67,26.53,26.6257,12030,146,26.6159
2020-02-07T05:00:00Z,26.65,26.7497,26.5979,26.7263,12413,145,26.7032
2020-02-10T05:00:00Z,26.75,26.81,26.7293,26.81,11244,122,26.7494
2020-02-11T05:00:00Z,26.81,26.89,26.64,26.79,22833,147,26.7877
2020-02-12T05:00:00Z,26.84,26.84,26.73,26.73,16205,98,26.7973
2020-02-13T05:00:00Z,26.83,26.8997,26.6763,26.8997,12571,126,26.8449
2020-02-14T05:00:00Z,26.88,26.97,26.781,26.97,10766,77,26.8826
2020-02-18T05:00:00Z,26.96,26.96,26.8165,26.86,15127,112,26.9253
2020-02-19T05:00:00Z,26.86,26.94,26.74,26.74,31332,113,26.8328
2020-02-20T05:00:00Z,26.74,26.8,26.64,26.755,35658,195,26.7236
2020-02-21T05:00:00Z,26.8,26.89,26.71,26.755,10871,156,26.8377
2020-02-24T05:00:00Z,26.51,26.72,26.51,26.54,8687,114,26.6247
2020-02-25T05:00:00Z,26.6,26.6337,26.1,26.1,38412,388,26.2926
2020-02-26T05:00:00Z,26.2385,26.2385,25.95,26.06,33899,397,26.0574
2020-02-27T05:00:00Z,25.65,25.66,25.2,25.5,51700,402,25.4234
2020-02-28T05:00:00Z,25.5,25.5503,25.08,25.12,191883,664,25.2215
2020-03-02T05:00:00Z,25.21,25.69,25.21,25.69,46318,350,25.4664
2020-03-03T05:00:00Z,25.79,26.19,25.765,25.92,37495,270,25.8981
2020-03-04T05:00:00Z,25.97,26.36,25.97,26.36,19852,161,26.1177
2020-03-05T05:00:00Z,25.81,26.35,25.81,26.26,18939,138,26.2023
2020-03-06T05:00:00Z,26.12,26.12,25.73,25.86,19550,340,25.8292
2020-03-09T04:00:00Z,25.5,25.6,25.14,25.44,81503,409,25.32
2020-03-10T04:00:00Z,25.54,26.25,25.45,25.73,41410,306,25.7277
2020-03-11T04:00:00Z,25.38,25.65,25.2523,25.51,31150,237,25.4494
2020-03-12T04:00:00Z,25.1,25.21,22.13,24.1597,79139,535,24.3391
2020-03-13T04:00:00Z,24.3,24.89,24.16,24.74,54482,388,24.4495
2020-03-16T04:00:00Z,23.9,24.3618,23.1,23.25,87801,423,23.5319
2020-03-17T04:00:00Z,23.8,23.8227,23.07,23.07,100237,421,23.5047
2020-03-18T04:00:00Z,22.88,22.88,20,20.76,85664,564,20.9808
2020-03-19T04:00:00Z,20.8,22.1,20,20.88,148466,813,21.1363
2020-03-20T04:00:00Z,21.19,23.69,21.19,21.51,129902,725,22.419
2020-03-23T04:00:00Z,21.5,21.82,19.33,20.94,97586,572,20.7347
2020-03-24T04:00:00Z,22.37,23.48,21.61,23.13,79735,444,22.9409
2020-03-25T04:00:00Z,22.95,25.47,22.95,24.75,91250,615,24.3297
2020-03-26T04:00:00Z,24.37,25.05,24.2,24.89,68360,509,24.6551
2020-03-27T04:00:00Z,24.65,24.9194,23.9685,24.29,46142,325,24.333
2020-03-30T04:00:00Z,24.29,24.7393,24.29,24.59,50293,296,24.5708
2020-03-31T04:00:00Z,24.59,24.92,24.57,24.6,64728,344,24.7071
2020-04-01T04:00:00Z,24.3,24.5491,24.1,24.45,50877,420,24.2907
2020-04-02T04:00:00Z,24.11,24.43,23.75,24.37,48178,437,24.0958
2020-04-03T04:00:00Z,24.49,24.49,23.71,23.93,39874,284,23.8567
2020-04-06T04:00:00Z,24.33,24.77,23.89,24.69,35708,261,24.5875
2020-04-07T04:00:00Z,24.8,25.1,24.6938,25.1,21939,164,24.8465
2020-04-08T04:00:00Z,24.77,25.5033,24.77,25.31,32481,227,25.1666
2020-04-09T04:00:00Z,25.28,25.9,25.2692,25.74,38819,307,25.6716
2020-04-13T04:00:00Z,25.57,25.57,24.86,25.3,42380,367,25.084
2020-04-14T04:00:00Z,25.55,25.73,25.17,25.33,23791,178,25.3408
2020-04-15T04:00:00Z,25.34,25.44,25.02,25.42,23721,156,25.2158
2020-04-16T04:00:00Z,25.42,25.54,25.148,25.28,28796,221,25.3581
2020-04-17T04:00:00Z,25.37,25.69,25.34,25.67,21217,210,25.5279
2020-04-20T04:00:00Z,25.5,25.66,25.41,25.62,21819,195,25.5955
2020-04-21T04:00:00Z,25.48,25.484,25.1,25.4,29335,225,25.2905
2020-04-22T04:00:00Z,25.55,25.7,25.45,25.45,18791,221,25.5941
2020-04-23T04:00:00Z,25.45,25.69,25.43,25.62,29535,211,25.6129
2020-04-24T04:00:00Z,25.62,25.79,25.59,25.75,31111,198,25.6739
2020-04-27T04:00:00Z,25.75,25.93,25.75,25.83,24346,164,25.8702
2020-04-28T04:00:00Z,26.03,26.03,25.71,25.8,13098,120,25.8178
2020-04-29T04:00:00Z,25.8,26.1,25.8,26.1,15924,147,26.0096
2020-04-30T04:00:00Z,26.1,26.3,26,26.11,95956,319,26.1406
2020-05-01T04:00:00Z,25.8,26.0599,25.79,25.86,16835,170,25.8791
2020-05-04T04:00:00Z,25.85,26.05,25.77,26.02,16605,162,25.9142
2020-05-05T04:00:00Z,25.87,26.14,25.87,25.92,23502,187,26.0319
2020-05-06T04:00:00Z,25.94,26.03,25.92,26.0163,9451,99,25.9809
2020-05-07T04:00:00Z,26.07,26.13,25.97,26.01,17842,112,26.0594
2020-05-08T04:00:00Z,26.01,26.19,26.01,26.19,12039,143,26.0976
2020-05-11T04:00:00Z,26.13,26.3,26.13,26.3,28939,168,26.2473
2020-05-12T04:00:00Z,26.21,26.35,26.15,26.15,28673,165,26.2657
2020-05-13T04:00:00Z,26.17,26.23,25.97,26.05,27645,204,26.0517
2020-05-14T04:00:00Z,25.96,26.08,25.31,25.79,41941,285,25.6211
2020-05-15T04:00:00Z,25.61,25.77,25.61,25.65,13561,154,25.6809
2020-05-18T04:00:00Z,25.77,25.94,25.72,25.86,18103,134,25.8147
2020-05-19T04:00:00Z,25.9699,26.01,25.803,25.99,24303,159,25.9004
2020-05-20T04:00:00Z,25.91,26.0057,25.83,26.0057,28340,163,25.9131
2020-05-21T04:00:00Z,25.9,26.22,25.9,26.05,22519,203,26.0201
2020-05-22T04:00:00Z,26.21,26.39,25.97,26.2599,27312,150,26.205
2020-05-26T04:00:00Z,26.4,26.59,26.285,26.39,32831,198,26.4406
2020-05-27T04:00:00Z,26.55,26.66,26.26,26.56,33044,247,26.4591
2020-05-28T04:00:00Z,26.33,26.4,26.2,26.24,34610,206,26.3178
2020-05-29T04:00:00Z,26.19,26.4,26.19,26.19,51290,195,26.2382
2020-06-01T04:00:00Z,26.19,26.49,26.19,26.49,23788,172,26.3735
2020-06-02T04:00:00Z,26.27,26.49,26.27,26.49,23462,155,26.3968
2020-06-03T04:00:00Z,26.49,26.6007,26.2,26.29,85404,560,26.313
2020-06-04T04:00:00Z,26.26,26.3599,26.24,26.33,23205,156,26.2957
2020-06-05T04:00:00Z,26.4,26.4,26.22,26.2744,54449,228,26.3049
2020-06-08T04:00:00Z,26.21,26.39,26.13,26.39,34929,203,26.2367
2020-06-09T04:00:00Z,26.3,26.3,26.24,26.28,24703,141,26.2864
2020-06-10T04:00:00Z,26.244,26.35,26.11,26.35,19362,122,26.2233
2020-06-11T04:00:00Z,25.9,26.0594,25.6,25.72,19377,178,25.9046
2020-06-12T04:00:00Z,26.066,26.21,25.51,25.51,27229,205,25.8926
2020-06-15T04:00:00Z,25.5,25.7271,25.48,25.72,12935,131,25.6185
2020-06-16T04:00:00Z,25.745,25.96,25.74,25.74,19149,139,25.8218
2020-06-17T04:00:00Z,25.61,25.95,25.61,25.79,19003,118,25.8096
2020-06-18T04:00:00Z,25.73,25.84,25.64,25.73,15005,191,25.7321
2020-06-19T04:00:00Z,25.68,25.84,25.67,25.77,17187,203,25.7454
2020-06-22T04:00:00Z,25.7,25.85,25.524,25.62,19535,152,25.6583
2020-06-23T04:00:00Z,25.69,25.718,25.53,25.718,24950,177,25.6553
2020-06-24T04:00:00Z,25.61,25.76,25.5,25.53,17807,167,25.6037
2020-06-25T04:00:00Z,25.5,25.63,25.5,25.575,28284,212,25.5802
2020-06-26T04:00:00Z,25.55,25.585,25.43,25.457,19487,182,25.4941
2020-06-29T04:00:00Z,25.52,25.52,25.31,25.42,28287,205,25.4129
2020-06-30T04:00:00Z,25.35,25.55,25.21,25.21,208144,391,25.2541
2020-07-01T04:00:00Z,25.34,25.485,25.32,25.43,33557,264,25.3899
2020-07-02T04:00:00Z,25.61,25.61,25.51,25.6,15416,130,25.5851
2020-07-06T04:00:00Z,25.7,25.7,25.56,25.69,22840,119,25.6545
2020-07-07T04:00:00Z,25.69,25.86,25.6507,25.83,29980,179,25.774
2020-07-08T04:00:00Z,25.83,25.94,25.78,25.94,10929,80,25.8681
2020-07-09T04:00:00Z,26.03,26.04,25.9,26.03,13667,130,25.9915
2020-07-10T04:00:00Z,25.96,26.3,25.96,26.24,17970,132,26.1786
2020-07-13T04:00:00Z,26.24,26.35,26.165,26.2,13837,213,26.2477
2020-07-14T04:00:00Z,26.15,26.22,26.0401,26.21,18318,110,26.1922
2020-07-15T04:00:00Z,26.16,26.31,26.13,26.31,19781,122,26.2359
2020-07-16T04:00:00Z,26.2423,26.48,26.2423,26.34,17936,174,26.3938
2020-07-17T04:00:00Z,26.35,26.57,26.35,26.57,18628,157,26.4724
2020-07-20T04:00:00Z,26.64,26.66,26.5,26.57,20810,165,26.633
2020-07-21T04:00:00Z,26.57,26.6398,26.43,26.615,21586,132,26.5508
2020-07-22T04:00:00Z,26.48,26.7,26.3801,26.7,20046,115,26.5945
2020-07-23T04:00:00Z,26.62,26.76,26.57,26.7462,16794,121,26.7112
2020-07-24T04:00:00Z,26.81,26.86,26.62,26.79,23586,172,26.7749
2020-07-27T04:00:00Z,26.79,26.8899,26.76,26.83,33912,161,26.8117
2020-07-28T04:00:00Z,26.812,26.9,26.751,26.83,21611,151,26.8337
2020-07-29T04:00:00Z,26.77,27.09,26.77,27.065,26162,213,26.9366
2020-07-30T04:00:00Z,26.9,27.05,26.87,26.92,33988,251,26.9489
2020-07-31T04:00:00Z,26.92,27.021,26.85,26.95,25487,203,26.9705
2020-08-03T04:00:00Z,26.88,27.03,26.88,26.98,11379,145,26.9683
2020-08-04T04:00:00Z,26.95,26.95,26.82,26.9,8302,74,26.861
2020-08-05T04:00:00Z,26.9,27.03,26.9,27.004,20684,101,26.9808
2020-08-06T04:00:00Z,26.9708,27.02,26.725,26.8,16417,135,26.8618
2020-08-07T04:00:00Z,26.7,26.79,26.55,26.65,34264,248,26.6444
2020-08-10T04:00:00Z,26.78,26.78,26.64,26.65,30098,184,26.6633
2020-08-11T04:00:00Z,26.6275,26.71,26.57,26.61,17863,143,26.6497
2020-08-12T04:00:00Z,26.647,26.75,26.6,26.72,21961,242,26.6585
2020-08-13T04:00:00Z,26.77,26.77,26.59,26.7,22105,130,26.7253
2020-08-14T04:00:00Z,26.76,26.87,26.67,26.85,21960,152,26.7597
2020-08-17T04:00:00Z,26.85,26.91,26.71,26.91,13319,131,26.8252
2020-08-18T04:00:00Z,26.91,27.13,26.9,27.13,34746,321,27.0382
2020-08-19T04:00:00Z,26.95,27.16,26.95,27.12,16841,147,27.0999
2020-08-20T04:00:00Z,27.025,27.29,27.025,27.26,16877,203,27.2166
2020-08-21T04:00:00Z,27.15,27.2999,27.119,27.24,6458,96,27.2252
2020-08-24T04:00:00Z,27.29,27.29,27.18,27.26,17132,232,27.2553
2020-08-25T04:00:00Z,27.26,27.39,27.2308,27.39,16198,179,27.2892
2020-08-26T04:00:00Z,27.27,27.36,27.27,27.35,23333,203,27.3472
2020-08-27T04:00:00Z,27.35,27.39,27.25,27.38,33697,294,27.3255
2020-08-28T04:00:00Z,27.16,27.16,26.92,26.92,11885,137,27.0431
2020-08-31T04:00:00Z,26.9,27.1042,26.9,26.93,25846,204,27.0139
2020-09-01T04:00:00Z,26.81,27.09,26.81,27,23183,190,27.0274
2020-09-02T04:00:00Z,27.08,27.16,27,27.16,10924,109,27.0828
2020-09-03T04:00:00Z,27.0108,27.133,27,27.1052,17244,145,27.0748
2020-09-04T04:00:00Z,27.07,27.07,26.83,26.95,22619,168,26.9612
2020-09-08T04:00:00Z,26.9,26.9,26.72,26.72,11618,128,26.7692
2020-09-09T04:00:00Z,26.8425,26.85,26.75,26.77,20967,131,26.7919
2020-09-10T04:00:00Z,26.77,26.99,26.77,26.93,9075,102,26.9157
2020-09-11T04:00:00Z,26.78,26.9723,26.73,26.73,11769,108,26.7937
2020-09-14T04:00:00Z,26.77,26.81,26.74,26.79,19744,150,26.778
2020-09-15T04:00:00Z,26.75,26.86,26.58,26.69,135601,274,26.7398
2020-09-16T04:00:00Z,26.81,26.8429,26.56,26.6,22069,244,26.7064
2020-09-17T04:00:00Z,26.49,26.63,26.49,26.5859,12882,131,26.5822
2020-09-18T04:00:00Z,26.54,26.72,26.44,26.5,12814,106,26.5113
2020-09-21T04:00:00Z,26.39,26.4,26.2,26.4,18394,131,26.2678
2020-09-22T04:00:00Z,26.41,26.52,26.27,26.52,39998,241,26.4261
2020-09-23T04:00:00Z,26.46,26.53,26.03,26.12,18739,199,26.3287
2020-09-24T04:00:00Z,26.32,26.32,25.975,26.1,14988,169,26.1142
2020-09-25T04:00:00Z,26.14,26.2899,26.13,26.2,35979,270,26.2058
2020-09-28T04:00:00Z,26.3,26.4,26.17,26.23,43887,479,26.2597
2020-09-29T04:00:00Z,26.29,26.29,26.1,26.19,45646,277,26.1945
2020-09-30T04:00:00Z,26.19,26.26,26.04,26.04,172971,358,26.0699
2020-10-01T04:00:00Z,26.16,26.32,26.11,26.3,22617,200,26.2273
2020-10-02T04:00:00Z,26.2,26.39,26.2,26.37,51164,317,26.3271
2020-10-05T04:00:00Z,26.4,26.6,26.4,26.6,33404,203,26.494
2020-10-06T04:00:00Z,26.6,26.75,26.56,26.65,29749,214,26.6678
2020-10-07T04:00:00Z,26.7,26.84,26.6614,26.84,45099,208,26.7704
2020-10-08T04:00:00Z,26.86,26.9,26.7846,26.805,22166,190,26.8543
2020-10-09T04:00:00Z,26.87,26.87,26.74,26.81,17136,150,26.7872
2020-10-12T04:00:00Z,26.76,26.85,26.73,26.84,13452,134,26.8065
2020-10-13T04:00:00Z,26.8195,26.84,26.69,26.84,26829,165,26.8057
2020-10-14T04:00:00Z,26.74,26.7999,26.73,26.76,8070,86,26.7507
2020-10-15T04:00:00Z,26.61,26.8,26.61,26.8,21717,185,26.7322
2020-10-16T04:00:00Z,26.84,26.84,26.71,26.71,12529,113,26.7903
2020-10-19T04:00:00Z,26.72,26.78,26.628,26.77,38042,229,26.7351
2020-10-20T04:00:00Z,26.7,26.87,26.62,26.82,28766,162,26.8124
2020-10-21T04:00:00Z,26.97,26.97,26.57,26.71,39723,186,26.74
2020-10-22T04:00:00Z,26.58,26.97,26.58,26.94,53188,281,26.8696
2020-10-23T04:00:00Z,26.88,26.99,26.88,26.955,17720,169,26.9415
2020-10-26T04:00:00Z,26.955,26.9925,26.83,26.86,9825,132,26.9119
2020-10-27T04:00:00Z,26.78,26.99,26.78,26.83,27065,198,26.9106
2020-10-28T04:00:00Z,26.74,26.78,26.385,26.47,21334,194,26.5422
2020-10-29T04:00:00Z,26.6,26.7,26.33,26.33,27486,205,26.4501
2020-10-30T04:00:00Z,26.33,26.69,26.33,26.69,93150,261,26.6526
2020-11-02T05:00:00Z,26.73,26.73,26.5405,26.67,17960,138,26.6476
2020-11-03T05:00:00Z,26.66,26.73,26.574,26.67,11420,123,26.6755
2020-11-04T05:00:00Z,26.63,26.9,26.63,26.79,19222,169,26.8149
2020-11-05T05:00:00Z,26.79,27.0486,26.72,26.73,18336,154,26.7967
2020-11-06T05:00:00Z,26.66,26.76,26.54,26.54,23870,174,26.6282
2020-11-09T05:00:00Z,26.68,26.9625,26.5612,26.9,25005,234,26.7857
2020-11-10T05:00:00Z,26.76,26.97,26.76,26.96,34763,220,26.9033
2020-11-11T05:00:00Z,26.93,26.93,26.8082,26.91,20164,148,26.8468
2020-11-12T05:00:00Z,26.85,26.9,26.8391,26.9,19366,145,26.8855
2020-11-13T05:00:00Z,26.9,26.91,26.81,26.91,16290,151,26.8882
2020-11-16T05:00:00Z,26.86,27.13,26.7,27.1,41890,299,26.8896
2020-11-17T05:00:00Z,26.92,27.14,26.78,27.02,19353,269,27.0138
2020-11-18T05:00:00Z,26.92,27.12,26.92,27.04,24321,218,27.0431
2020-11-19T05:00:00Z,27.08,27.23,27.035,27.16,21804,220,27.1303
2020-11-20T05:00:00Z,27.08,27.1,27,27.02,20467,193,27.0529
2020-11-23T05:00:00Z,27,27.26,26.96,27.19,21128,173,27.1426
2020-11-24T05:00:00Z,27.25,27.34,27.1977,27.21,18571,157,27.2781
2020-11-25T05:00:00Z,27.2,27.24,27.15,27.21,14863,264,27.1964
2020-11-27T05:00:00Z,26.93,26.93,26.82,26.91,7578,98,26.8682
2020-11-30T05:00:00Z,26.891,26.94,26.75,26.75,55407,316,26.785
2020-12-01T05:00:00Z,26.84,26.91,26.7,26.7,21798,213,26.7683
2020-12-02T05:00:00Z,26.64,26.91,26.62,26.89,20465,174,26.7702
2020-12-03T05:00:00Z,26.91,26.99,26.8,26.95,16304,155,26.9263
2020-12-04T05:00:00Z,27.07,27.07,26.8836,27.02,26279,173,26.9898
2020-12-07T05:00:00Z,26.95,27.06,26.92,27.06,12687,146,26.9646
2020-12-08T05:00:00Z,26.96,27.07,26.96,27.07,14874,168,27.0334
2020-12-09T05:00:00Z,27.01,27.05,26.99,27.03,16613,166,27.0267
2020-12-10T05:00:00Z,27.01,27.03,26.68,26.8,24944,220,26.8901
2020-12-11T05:00:00Z,26.79,26.95,26.73,26.94,32993,303,26.8855
2020-12-14T05:00:00Z,26.97,27.02,26.83,26.91,17749,194,26.9423
2020-12-15T05:00:00Z,26.97,27.04,26.85,27.03,27650,220,26.9715
2020-12-16T05:00:00Z,26.94,27.07,26.9,27.07,19254,197,26.957
2020-12-17T05:00:00Z,26.926,27.13,26.926,27.13,17114,178,27.0472
2020-12-18T05:00:00Z,27.02,27.21,27.02,27.1,17407,169,27.12
2020-12-21T05:00:00Z,27.03,27.23,26.96,27.2,14512,164,27.173
2020-12-22T05:00:00Z,27.27,27.35,27.09,27.135,19015,198,27.2592
2020-12-23T05:00:00Z,27.2,27.31,27.06,27.31,30165,257,27.184
2020-12-24T05:00:00Z,27.32,27.37,27.18,27.36,11238,92,27.313
2020-12-28T05:00:00Z,27.42,27.42,27.19,27.19,42876,284,27.2629
2020-12-29T05:00:00Z,27.28,27.36,27.23,27.31,21588,202,27.2746
2020-12-30T05:00:00Z,27.37,27.4399,27.255,27.43,13012,146,27.3842
2020-12-31T05:00:00Z,27.33,27.4836,27.19,27.31,165227,444,27.325
2021-01-04T05:00:00Z,27.39,27.39,26.9939,27.0427,6353,109,27.1176
2021-01-05T05:00:00Z,27.09,27.215,26.9,26.93,22568,199,26.9972
2021-01-06T05:00:00Z,26.96,26.96,26.33,26.72,22048,181,26.6333
2021-01-07T05:00:00Z,26.69,26.69,26.23,26.5,15935,159,26.4812
2021-01-08T05:00:00Z,26.61,26.69,26.5,26.69,15213,120,26.602
2021-01-11T05:00:00Z,26.56,26.665,26.26,26.26,19251,173,26.3644
2021-01-12T05:00:00Z,26.25,26.25,25.935,26.18,51578,387,26.0904
2021-01-13T05:00:00Z,26.22,26.6907,26.1793,26.69,40405,257,26.4747
2021-01-14T05:00:00Z,26.6,26.91,26.55,26.88,22948,157,26.8035
2021-01-15T05:00:00Z,26.87,27,26.77,26.92,24346,201,26.8932
2021-01-19T05:00:00Z,26.92,26.99,26.92,26.98,17941,196,26.9632
2021-01-20T05:00:00Z,26.92,27.1,26.92,27.1,17928,188,27.0364
2021-01-21T05:00:00Z,27,27.15,26.93,27.04,16304,186,27.0377
2021-01-22T05:00:00Z,27.04,27.13,26.96,27.024,12079,161,27.0588
2021-01-25T05:00:00Z,26.97,27.18,26.97,27.03,8213,163,27.0914
2021-01-26T05:00:00Z,26.97,27.1,26.97,27.1,11297,150,27.0269
2021-01-27T05:00:00Z,26.93,27.04,26.73,26.77,24112,226,26.8745
2021-01-28T05:00:00Z,26.76,27.02,26.76,26.92,21170,223,26.8425
2021-01-29T05:00:00Z,26.85,26.88,26.6364,26.74,71302,285,26.7492
2021-02-01T05:00:00Z,26.74,26.9406,26.72,26.76,11663,188,26.8355
2021-02-02T05:00:00Z,26.74,27.03,26.74,26.8,16222,172,26.8496
2021-02-03T05:00:00Z,26.8,26.8713,26.61,26.63,17980,237,26.7463
2021-02-04T05:00:00Z,26.77,26.77,26.56,26.63,14013,162,26.6669
2021-02-05T05:00:00Z,26.68,26.7,26.6,26.67,10308,208,26.6679
2021-02-08T05:00:00Z,26.6309,26.72,26.55,26.64,23955,238,26.5991
2021-02-09T05:00:00Z,26.67,26.67,26.53,26.67,8083,118,26.6291
2021-02-10T05:00:00Z,26.67,26.67,26.48,26.51,11521,210,26.5295
2021-02-11T05:00:00Z,26.48,26.5905,26.41,26.41,21227,232,26.4625
2021-02-12T05:00:00Z,26.4,26.43,26.1993,26.3384,30613,297,26.2626
2021-02-16T05:00:00Z,26.35,26.35,26.18,26.2,71789,582,26.2167
2021-02-17T05:00:00Z,26.29,26.32,26.23,26.26,102332,305,26.2945
2021-02-18T05:00:00Z,26.33,26.36,26.2,26.35,31791,247,26.2676
2021-02-19T05:00:00Z,26.36,26.415,26.29,26.29,8953,152,26.3459
2021-02-22T05:00:00Z,26.33,26.44,26.25,26.32,29664,301,26.3296
2021-02-23T05:00:00Z,26.38,26.42,26.25,26.25,25854,328,26.3344
2021-02-24T05:00:00Z,26.25,26.25,26.1101,26.21,44503,375,26.1986
2021-02-25T05:00:00Z,25.98,26,25.6132,25.86,39274,370,25.8152
2021-02-26T05:00:00Z,25.87,26.13,25.81,26.08,49853,375,25.9841
2021-03-01T05:00:00Z,26.19,26.23,26.0077,26.23,26893,295,26.1374
2021-03-02T05:00:00Z,26.29,26.49,26.15,26.45,43711,259,26.3328
2021-03-03T05:00:00Z,26.29,26.48,26.1,26.46,20412,228,26.3226
2021-03-04T05:00:00Z,26.37,26.5513,26.2,26.2,26533,246,26.3541
2021-03-05T05:00:00Z,26.16,26.44,26.03,26.27,19414,186,26.1898
2021-03-08T05:00:00Z,26.33,26.33,26.06,26.15,16029,161,26.1354
2021-03-09T05:00:00Z,26.2,26.2,26.07,26.19,14539,212,26.1621
2021-03-10T05:00:00Z,26.1,26.2,26.08,26.17,17481,205,26.1519
2021-03-11T05:00:00Z,26.21,26.37,26.21,26.37,26386,270,26.2997
2021-03-12T05:00:00Z,26.32,26.36,26.01,26.27,26693,208,26.1726
2021-03-15T04:00:00Z,26.25,26.38,26.13,26.38,25274,219,26.2916
2021-03-16T04:00:00Z,26.24,26.39,26.24,26.39,22012,188,26.3685
2021-03-17T04:00:00Z,26.39,26.48,26.24,26.25,22561,237,26.322
2021-03-18T04:00:00Z,26.35,26.39,25.92,25.93,19615,218,26.1777
2021-03-19T04:00:00Z,25.96,26.1888,25.87,26.08,15783,134,26.0512
2021-03-22T04:00:00Z,26.2,26.2,26.04,26.14,17042,164,26.1052
2021-03-23T04:00:00Z,26.09,26.19,26.09,26.13,7322,128,26.1321
2021-03-24T04:00:00Z,26.18,26.34,26.1516,26.21,27374,261,26.221
2021-03-25T04:00:00Z,26.15,26.3612,26.1454,26.21,13234,176,26.2164
2021-03-26T04:00:00Z,26.22,26.28,26.1,26.19,13980,146,26.1602
2021-03-29T04:00:00Z,26.21,26.21,26.094,26.16,9063,138,26.1507
2021-03-30T04:00:00Z,26.08,26.29,26.08,26.29,15824,144,26.1969
2021-03-31T04:00:00Z,26.25,26.4799,26.25,26.45,32713,250,26.3901
2021-04-01T04:00:00Z,26.5,26.585,26.23,26.35,63808,438,26.3641
2021-04-05T04:00:00Z,26.43,26.4893,26.34,26.47,21162,251,26.4362
2021-04-06T04:00:00Z,26.54,26.62,26.37,26.4,43686,392,26.4684
2021-04-07T04:00:00Z,26.48,26.48,26.34,26.41,19352,203,26.3999
2021-04-08T04:00:00Z,26.49,26.49,26.34,26.445,18127,184,26.3849
2021-04-09T04:00:00Z,26.41,26.45,26.3947,26.41,11412,125,26.4222
2021-04-12T04:00:00Z,26.43,26.47,26.3308,26.44,40978,359,26.4145
2021-04-13T04:00:00Z,26.42,26.59,26.3949,26.58,20164,182,26.5183
2021-04-14T04:00:00Z,26.48,26.75,26.48,26.7,19719,216,26.6725
2021-04-15T04:00:00Z,26.65,26.87,26.59,26.86,17754,238,26.7519
2021-04-16T04:00:00Z,26.84,26.91,26.805,26.91,20932,181,26.8698
2021-04-19T04:00:00Z,26.76,26.86,26.76,26.86,4244,1,26.76
2021-04-20T04:00:00Z,26.84,26.88,26.75,26.86,18057,283,26.8216
2021-04-21T04:00:00Z,26.89,26.948,26.8811,26.9048,8205,111,26.911
2021-04-22T04:00:00Z,26.84,26.95,26.8,26.84,18731,190,26.8754
2021-04-23T04:00:00Z,26.88,27.07,26.8414,27.06,17633,178,26.9674
2021-04-26T04:00:00Z,27.02,27.1,27.015,27.09,17856,137,27.066
2021-04-27T04:00:00Z,27.07,27.09,27.0215,27.027,16613,136,27.0663
2021-04-28T04:00:00Z,27,27.03,26.9112,26.99,21502,188,26.9781
2021-04-29T04:00:00Z,26.96,26.9609,26.85,26.88,7587,144,26.8958
2021-04-30T04:00:00Z,26.85,26.915,26.71,26.71,80414,337,26.7492
2021-05-03T04:00:00Z,26.75,26.97,26.73,26.96,16550,182,26.8472
2021-05-04T04:00:00Z,26.81,27.03,26.81,27.01,14672,211,26.9261
2021-05-05T04:00:00Z,26.9,27.0312,26.88,26.88,9354,153,26.9575
2021-05-06T04:00:00Z,26.76,26.97,26.71,26.75,11669,169,26.7872
2021-05-07T04:00:00Z,26.68,26.8958,26.68,26.89,14340,181,26.8288
2021-05-10T04:00:00Z,26.84,26.91,26.8,26.83,17999,157,26.8552
2021-05-11T04:00:00Z,26.75,26.81,26.62,26.68,9657,131,26.7008
2021-05-12T04:00:00Z,26.63,26.63,26.23,26.26,35269,411,26.3524
2021-05-13T04:00:00Z,26.32,26.5274,26.32,26.36,16508,165,26.4189
2021-05-14T04:00:00Z,26.44,26.856,26.37,26.53,31936,187,26.6089
2021-05-17T04:00:00Z,26.66,26.68,26.53,26.595,22339,218,26.6118
2021-05-18T04:00:00Z,26.6,26.66,26.49,26.66,11834,107,26.5823
2021-05-19T04:00:00Z,26.54,26.7267,26.54,26.68,16175,157,26.6183
2021-05-20T04:00:00Z,26.63,26.8101,26.615,26.7,21931,150,26.7083
2021-05-21T04:00:00Z,26.62,26.88,26.62,26.78,38405,187,26.7287
2021-05-24T04:00:00Z,26.89,26.9,26.67,26.77,33414,212,26.8485
2021-05-25T04:00:00Z,26.72,26.7254,26.62,26.7,13645,168,26.6652
2021-05-26T04:00:00Z,26.73,26.8064,26.72,26.73,19201,189,26.7422
2021-05-27T04:00:00Z,26.47,26.47,26.24,26.24,20813,226,26.3441
2021-05-28T04:00:00Z,26.24,26.46,26.24,26.35,58309,283,26.3296
2021-06-01T04:00:00Z,26.4,26.45,26.32,26.45,40415,379,26.3984
2021-06-02T04:00:00Z,26.45,26.53,26.42,26.49,37710,296,26.4964
2021-06-03T04:00:00Z,26.37,26.5,26.34,26.48,22116,213,26.3976
2021-06-04T04:00:00Z,26.4,26.4665,26.36,26.42,18747,214,26.4078
2021-06-07T04:00:00Z,26.42,26.48,26.38,26.46,28516,314,26.4309
2021-06-08T04:00:00Z,26.47,26.53,26.35,26.4,31156,319,26.4224
2021-06-09T04:00:00Z,26.37,26.52,26.37,26.39,34362,298,26.4554
2021-06-10T04:00:00Z,26.47,26.52,26.36,26.52,42174,240,26.474
2021-06-11T04:00:00Z,26.5,26.6,26.4957,26.58,23803,243,26.5538
2021-06-14T04:00:00Z,26.58,26.67,26.42,26.67,19762,161,26.5878
2021-06-15T04:00:00Z,26.63,26.65,26.5203,26.65,13204,151,26.6269
2021-06-16T04:00:00Z,26.66,26.7,26.5455,26.69,10647,159,26.6355
2021-06-17T04:00:00Z,26.67,26.76,26.53,26.76,19337,151,26.6911
2021-06-18T04:00:00Z,26.71,26.87,26.65,26.86,10631,141,26.7634
2021-06-21T04:00:00Z,26.86,26.88,26.82,26.88,15278,161,26.8481
2021-06-22T04:00:00Z,26.82,27.01,26.7965,27.01,20402,190,26.9339
2021-06-23T04:00:00Z,26.9764,27.05,26.9764,27.03,7516,126,27.0305
2021-06-24T04:00:00Z,27.05,27.05,26.9401,27.032,9972,110,27.0045
2021-06-25T04:00:00Z,26.99,26.99,26.91,26.99,10519,101,26.9471
2021-06-28T04:00:00Z,26.9054,27.04,26.81,26.99,27315,207,26.9258
2021-06-29T04:00:00Z,26.85,27.03,26.84,26.91,9500,123,26.9059
2021-06-30T04:00:00Z,26.97,27.1,26.8,26.97,79661,274,26.9748
2021-07-01T04:00:00Z,27,27.0964,26.9696,27.01,7972,145,27.0152
2021-07-02T04:00:00Z,27.1,27.13,27.0301,27.09,17728,163,27.0724
2021-07-06T04:00:00Z,27.07,27.14,27,27.14,14321,204,27.0977
2021-07-07T04:00:00Z,27.1,27.1,26.98,27.0551,52203,301,27.0213
2021-07-08T04:00:00Z,26.95,27.05,26.87,26.93,30177,218,26.9597
2021-07-09T04:00:00Z,26.9,26.9,26.81,26.81,38202,270,26.8424
2021-07-12T04:00:00Z,26.74,26.85,26.74,26.79,15667,150,26.7893
2021-07-13T04:00:00Z,26.76,26.8434,26.63,26.63,30240,175,26.7732
2021-07-14T04:00:00Z,26.7,26.79,26.687,26.79,11717,139,26.7551
2021-07-15T04:00:00Z,26.73,26.78,26.68,26.68,6977,91,26.7235
2021-07-16T04:00:00Z,26.64,26.73,26.57,26.66,17685,214,26.6497
2021-07-19T04:00:00Z,26.56,26.67,26.51,26.54,9747,168,26.598
2021-07-20T04:00:00Z,26.51,26.6702,26.51,26.54,16073,214,26.5626
2021-07-21T04:00:00Z,26.54,26.61,26.45,26.61,225820,165,26.4743
2021-07-22T04:00:00Z,26.56,26.6187,26.48,26.555,14216,161,26.5365
2021-07-23T04:00:00Z,26.61,26.69,26.53,26.66,12268,114,26.6062
2021-07-26T04:00:00Z,26.59,26.75,26.59,26.73,10132,128,26.6991
2021-07-27T04:00:00Z,26.69,26.81,26.6231,26.74,16089,143,26.6696
2021-07-28T04:00:00Z,26.69,26.71,26.52,26.7,15422,157,26.6157
2021-07-29T04:00:00Z,26.6,26.81,26.6,26.73,16357,153,26.7153
2021-07-30T04:00:00Z,26.84,26.93,26.7901,26.93,21147,213,26.8642
2021-08-02T04:00:00Z,26.85,27.04,26.73,26.99,25441,323,26.8393
2021-08-03T04:00:00Z,26.86,26.92,26.69,26.75,30993,300,26.793
2021-08-04T04:00:00Z,26.7,26.99,26.7,26.96,40453,410,26.8819
2021-08-05T04:00:00Z,26.981,27.08,26.97,27.07,18269,258,27.0174
2021-08-06T04:00:00Z,27.01,27.08,26.96,26.98,16707,295,27.0185
2021-08-09T04:00:00Z,26.87,26.98,26.87,26.9,9930,134,26.9189
2021-08-10T04:00:00Z,26.82,26.9,26.7,26.82,16674,210,26.8228
2021-08-11T04:00:00Z,26.82,26.85,26.623,26.85,8158,142,26.7757
2021-08-12T04:00:00Z,26.77,26.98,26.77,26.96,11731,186,26.8873
2021-08-13T04:00:00Z,27.02,27.08,26.82,26.82,17574,264,26.9187
2021-08-16T04:00:00Z,26.85,26.93,26.76,26.81,12891,135,26.8567
2021-08-17T04:00:00Z,26.82,26.8977,26.75,26.83,10239,145,26.8081
2021-08-18T04:00:00Z,26.8,26.89,26.71,26.83,13668,198,26.7731
2021-08-19T04:00:00Z,26.71,26.88,26.71,26.85,10731,124,26.8067
2021-08-20T04:00:00Z,26.82,26.97,26.82,26.93,13023,184,26.9145
2021-08-23T04:00:00Z,26.96,27,26.75,26.91,7963,85,26.8966
2021-08-24T04:00:00Z,26.9,26.91,26.83,26.88,11170,242,26.8619
2021-08-25T04:00:00Z,26.8,26.92,26.76,26.86,15261,261,26.8153
2021-08-26T04:00:00Z,26.81,26.8499,26.72,26.72,12547,140,26.7918
2021-08-27T04:00:00Z,26.76,26.93,26.75,26.93,13446,240,26.8353
2021-08-30T04:00:00Z,26.75,26.821,26.7,26.7,13126,224,26.7552
2021-08-31T04:00:00Z,26.81,26.81,26.5,26.54,93811,291,26.5584
2021-09-01T04:00:00Z,26.64,26.79,26.57,26.78,21487,262,26.7069
2021-09-02T04:00:00Z,26.79,26.81,26.63,26.81,15775,271,26.7429
2021-09-03T04:00:00Z,26.81,26.81,26.68,26.75,15517,202,26.7203
2021-09-07T04:00:00Z,26.69,26.77,26.61,26.69,20618,227,26.6939
2021-09-08T04:00:00Z,26.63,26.74,26.55,26.59,14178,107,26.6068
2021-09-09T04:00:00Z,26.53,26.6199,26.5212,26.56,13359,143,26.5456
2021-09-10T04:00:00Z,26.5353,26.7082,26.5353,26.57,11509,137,26.6167
2021-09-13T04:00:00Z,26.61,26.68,26.53,26.59,8746,148,26.5794
2021-09-14T04:00:00Z,26.59,26.6,26.51,26.51,4570,96,26.5465
2021-09-15T04:00:00Z,26.5,26.69,26.475,26.63,18065,157,26.6064
2021-09-16T04:00:00Z,26.54,26.67,26.53,26.67,18496,208,26.5651
2021-09-17T04:00:00Z,26.6554,26.68,26.5957,26.65,8158,125,26.6421
2021-09-20T04:00:00Z,26.58,26.678,26.4358,26.6,11684,140,26.5203
2021-09-21T04:00:00Z,26.6073,26.6381,26.44,26.49,8686,146,26.5254
2021-09-22T04:00:00Z,26.46,26.67,26.44,26.6614,32615,490,26.4943
2021-09-23T04:00:00Z,26.59,26.95,26.5116,26.57,14525,221,26.6412
2021-09-24T04:00:00Z,26.56,26.58,26.5,26.54,5209,122,26.5278
2021-09-27T04:00:00Z,26.43,26.5091,26.195,26.33,28866,305,26.2956
2021-09-28T04:00:00Z,26.18,26.2,25.99,26.03,25825,348,26.0427
2021-09-29T04:00:00Z,26.05,26.26,26.05,26.25,17741,283,26.1741
2021-09-30T04:00:00Z,26.28,26.47,26.09,26.2,120991,466,26.2188
2021-10-01T04:00:00Z,26.21,26.3507,26.2,26.24,6714,139,26.2619
2021-10-04T04:00:00Z,26.16,26.22,26.08,26.08,28110,362,26.137
2021-10-05T04:00:00Z,26.08,26.11,25.93,26.01,14093,242,26.0526
2021-10-06T04:00:00Z,25.93,26.11,25.93,26.08,37283,220,25.9945
2021-10-07T04:00:00Z,26.16,26.16,26.02,26.08,18072,165,26.0965
2021-10-08T04:00:00Z,26.03,26.09,25.93,26.09,16148,155,26.0195
2021-10-11T04:00:00Z,25.99,26.17,25.99,26.1058,13220,121,26.0674
2021-10-12T04:00:00Z,26.15,26.29,26.14,26.27,14988,129,26.244
2021-10-13T04:00:00Z,26.25,26.4392,26.24,26.24,16375,270,26.3472
2021-10-14T04:00:00Z,26.27,26.47,26.21,26.23,55766,460,26.2921
2021-10-15T04:00:00Z,26.23,26.32,26.13,26.19,16596,182,26.1976
2021-10-18T04:00:00Z,26.06,26.205,26.06,26.17,6424,106,26.1145
2021-10-19T04:00:00Z,26.19,26.2564,26.11,26.25,27897,218,26.2141
2021-10-20T04:00:00Z,26.19,26.49,26.19,26.48,33803,303,26.338
2021-10-21T04:00:00Z,26.39,26.4697,26.31,26.41,14549,181,26.4094
2021-10-22T04:00:00Z,26.48,26.48,26.34,26.39,9001,148,26.4054
2021-10-25T04:00:00Z,26.32,26.35,26.32,26.35,700,1,26.32
2021-10-26T04:00:00Z,26.51,26.51,26.3554,26.46,12554,147,26.4789
2021-10-27T04:00:00Z,26.4,26.55,26.39,26.54,18213,223,26.4975
2021-10-28T04:00:00Z,26.6,26.7,26.38,26.6,15608,317,26.5968
2021-10-29T04:00:00Z,26.6,26.6,26.29,26.35,101915,430,26.3814
2021-11-01T04:00:00Z,26.37,26.51,26.2514,26.5,16980,296,26.3971
2021-11-02T04:00:00Z,26.4056,26.59,26.4,26.59,12631,174,26.4466
2021-11-03T04:00:00Z,26.4867,26.6,26.4867,26.53,14976,158,26.5517
2021-11-04T04:00:00Z,26.47,26.655,26.45,26.65,17242,319,26.5691
2021-11-05T04:00:00Z,26.59,26.79,26.5892,26.79,18805,270,26.6554
2021-11-08T05:00:00Z,26.7,26.71,26.492,26.68,14449,134,26.6083
2021-11-09T05:00:00Z,26.58,26.6671,26.51,26.58,18732,134,26.5639
2021-11-10T05:00:00Z,26.58,26.58,26.12,26.24,19458,251,26.3243
2021-11-11T05:00:00Z,26.2,26.36,26.04,26.08,27635,297,26.1194
2021-11-12T05:00:00Z,26.13,26.2,26.09,26.12,14668,149,26.1501
2021-11-15T05:00:00Z,26.1113,26.1622,26.11,26.14,16541,167,26.1322
2021-11-16T05:00:00Z,26.08,26.23,26.08,26.14,18351,187,26.1496
2021-11-17T05:00:00Z,26.11,26.17,26.09,26.15,15279,187,26.1292
2021-11-18T05:00:00Z,26.18,26.2299,26.03,26.09,29539,246,26.0869
2021-11-19T05:00:00Z,26.09,26.13,26.0207,26.06,15317,162,26.0709
2021-11-22T05:00:00Z,26.06,26.1098,26.03,26.05,27368,240,26.0575
2021-11-23T05:00:00Z,26.08,26.09,26.03,26.05,22379,222,26.0556
2021-11-24T05:00:00Z,26.01,26.11,26,26.07,21755,261,26.0595
2021-11-26T05:00:00Z,26,26.0206,25.9,26,22407,207,25.9706
2021-11-29T05:00:00Z,25.79,25.89,25.74,25.78,35692,302,25.803
2021-11-30T05:00:00Z,25.73,26.03,25.63,26.03,104892,403,25.9411
2021-12-01T05:00:00Z,26.07,26.1,25.87,25.89,48268,383,26.0262
2021-12-02T05:00:00Z,25.91,26.05,25.89,25.93,18459,239,25.9553
2021-12-03T05:00:00Z,25.93,26.05,25.8,25.9,29645,232,25.8854
2021-12-06T05:00:00Z,25.9,25.969,25.82,25.89,20880,200,25.8883
2021-12-07T05:00:00Z,25.97,26.105,25.93,25.97,16754,295,26.0028
2021-12-08T05:00:00Z,25.97,26,25.85,25.89,11531,175,25.9397
2021-12-09T05:00:00Z,25.88,25.99,25.86,25.86,17292,196,25.9218
2021-12-10T05:00:00Z,25.87,25.99,25.82,25.82,13668,186,25.8599
2021-12-13T05:00:00Z,25.82,25.93,25.8,25.86,6805,137,25.8554
2021-12-14T05:00:00Z,25.82,25.8916,25.82,25.84,10509,150,25.8611
2021-12-15T05:00:00Z,25.81,25.94,25.81,25.82,15285,177,25.8617
2021-12-16T05:00:00Z,25.83,26,25.83,25.92,21078,283,25.9252
2021-12-17T05:00:00Z,25.86,26.0216,25.8405,25.92,20504,206,25.9124
2021-12-20T05:00:00Z,25.84,25.99,25.83,25.86,26105,304,25.9086
2021-12-21T05:00:00Z,25.94,25.9886,25.9,25.95,14644,199,25.9358
2021-12-22T05:00:00Z,25.9437,26.09,25.94,26.09,15338,264,25.9864
2021-12-23T05:00:00Z,26.09,26.09,25.91,25.92,17097,163,25.982
2021-12-27T05:00:00Z,25.994,26.0294,25.91,25.9422,19732,209,25.98
2021-12-28T05:00:00Z,25.965,26.14,25.947,26.11,22275,169,26.0602
2021-12-29T05:00:00Z,26.0289,26.21,26.01,26.17,27864,243,26.1769
2021-12-30T05:00:00Z,26.155,26.27,26.155,26.25,24139,302,26.2091
2021-12-31T05:00:00Z,26.2054,26.34,26.16,26.22,54094,226,26.231
2022-01-03T05:00:00Z,26.22,26.22,26.12,26.22,14534,185,26.1794
2022-01-04T05:00:00Z,26.22,26.22,25.9101,25.9101,25720,355,26.0608
2022-01-05T05:00:00Z,25.94,26.2071,25.84,25.85,23168,286,26.0543
2022-01-06T05:00:00Z,25.935,26,25.8,25.94,14831,237,25.8882
2022-01-07T05:00:00Z,26,26.0399,25.8816,25.95,10041,162,25.9314
2022-01-10T05:00:00Z,25.84,26,25.84,25.91,19125,230,25.8956
2022-01-11T05:00:00Z,25.99,26.18,25.9,25.985,20471,231,26.0551
2022-01-12T05:00:00Z,25.95,26.18,25.9,25.9,12181,157,25.9866
2022-01-13T05:00:00Z,25.955,26.06,25.9021,26.02,8646,132,25.9852
2022-01-14T05:00:00Z,26.08,26.08,25.9,26.03,16987,298,25.9803
2022-01-18T05:00:00Z,25.9,26,25.8,25.85,25432,352,25.9076
2022-01-19T05:00:00Z,25.89,25.9399,25.82,25.83,19120,218,25.8575
2022-01-20T05:00:00Z,25.9,25.9461,25.85,25.87,9979,112,25.8875
2022-01-21T05:00:00Z,25.82,25.99,25.82,25.94,13719,133,25.9317
2022-01-24T05:00:00Z,25.91,25.92,25.8,25.8,10406,94,25.8514
2022-01-25T05:00:00Z,25.81,25.91,25.75,25.88,24127,239,25.8193
2022-01-26T05:00:00Z,25.84,25.95,25.6767,25.6767,18975,165,25.8445
2022-01-27T05:00:00Z,25.8,25.8,25.45,25.45,47824,573,25.6019
2022-01-28T05:00:00Z,25.4646,25.64,25.13,25.6,26232,323,25.494
2022-01-31T05:00:00Z,25.5118,25.85,25.5118,25.79,70522,364,25.7441
2022-02-01T05:00:00Z,25.85,25.89,25.765,25.87,32691,250,25.8488
2022-02-02T05:00:00Z,25.8725,25.93,25.85,25.87,34688,511,25.8594
2022-02-03T05:00:00Z,25.73,25.82,25.55,25.745,33231,318,25.7101
2022-02-04T05:00:00Z,25.65,25.82,25.61,25.69,30990,289,25.6804
2022-02-07T05:00:00Z,25.73,25.76,25.65,25.73,23752,231,25.7133
2022-02-08T05:00:00Z,25.79,25.82,25.55,25.7,25584,388,25.6906
2022-02-09T05:00:00Z,25.65,25.85,25.65,25.84,39357,461,25.7781
2022-02-10T05:00:00Z,25.67,25.67,25.5,25.57,33648,578,25.5611
2022-02-11T05:00:00Z,25.47,25.55,25.12,25.23,55923,573,25.2969
2022-02-14T05:00:00Z,25.17,25.17,24.85,24.97,45831,334,24.9869
2022-02-15T05:00:00Z,25.07,25.6053,24.95,25.32,19687,285,25.2191
2022-02-16T05:00:00Z,25.19,25.5,25.19,25.36,20378,318,25.3088
2022-02-17T05:00:00Z,25.27,25.5,25.16,25.16,18387,230,25.3599
2022-02-18T05:00:00Z,25.18,25.3913,25.08,25.15,32514,320,25.1553
2022-02-22T05:00:00Z,25.13,25.13,25,25.03,30555,426,25.0477
2022-02-23T05:00:00Z,25.1,25.1,25,25.02,30916,335,25.0376
2022-02-24T05:00:00Z,25,25.17,24.82,25.17,34786,350,24.9729
2022-02-25T05:00:00Z,24.94,25.09,24.84,25.02,21843,214,25.0047
2022-02-28T05:00:00Z,25.07,25.1625,24.83,24.83,70725,157,24.8728
2022-03-01T05:00:00Z,24.98,25.1799,24.86,24.9,28493,267,24.9947
2022-03-02T05:00:00Z,25.02,25.05,24.9,25.04,43452,299,24.9783
2022-03-03T05:00:00Z,25.12,25.12,24.9861,25.02,13397,139,25.0426
2022-03-04T05:00:00Z,25.04,25.1,24.89,25.04,32596,416,24.9706
2022-03-07T05:00:00Z,25.04,25.1,24.965,25.05,70832,522,25.0325
2022-03-08T05:00:00Z,25.06,25.11,24.9429,25.05,21375,196,25.0122
2022-03-09T05:00:00Z,25.11,25.28,25.02,25.17,25249,268,25.1484
2022-03-10T05:00:00Z,25.12,25.12,25.05,25.11,24737,230,25.0911
2022-03-11T05:00:00Z,25.22,25.32,25.0501,25.3,31671,466,25.1593
2022-03-14T04:00:00Z,25.23,25.25,24.92,24.92,43377,564,25.0866
2022-03-15T04:00:00Z,24.91,24.9931,24.77,24.87,30395,301,24.8615
2022-03-16T04:00:00Z,24.94,25.19,24.94,25.03,35144,276,25.0643
2022-03-17T04:00:00Z,25.04,25.3723,25.04,25.18,22691,140,25.1972
2022-03-18T04:00:00Z,25.39,25.39,25.25,25.25,9891,173,25.2903
2022-03-21T04:00:00Z,25.18,25.22,25.02,25.04,14778,174,25.0803
2022-03-22T04:00:00Z,25.01,25.1614,25.01,25.03,15281,203,25.0651
2022-03-23T04:00:00Z,25.047,25.1295,25,25.095,30553,265,25.0726
2022-03-24T04:00:00Z,25.15,25.17,25.09,25.12,8635,241,25.1217
2022-03-25T04:00:00Z,25.2,25.23,24.9317,24.94,27863,383,25.0639
2022-03-28T04:00:00Z,25.01,25.0688,24.96,25.01,15254,160,25.0128
2022-03-29T04:00:00Z,25.07,25.39,25.07,25.34,30526,215,25.2214
2022-03-30T04:00:00Z,25.32,25.32,25.2,25.25,48008,235,25.2925
2022-03-31T04:00:00Z,25.25,25.4,25.25,25.31,44652,273,25.3192
2022-04-01T04:00:00Z,25.358,25.358,25.19,25.228,13337,136,25.2712
2022-04-04T04:00:00Z,25.25,25.37,25.11,25.14,33192,325,25.2165
2022-04-05T04:00:00Z,25.14,25.24,24.91,25,34716,489,25.0091
2022-04-06T04:00:00Z,24.9,25.09,24.9,24.95,33114,403,24.9728
2022-04-07T04:00:00Z,24.92,25.17,24.92,25.04,19837,231,25.0376
2022-04-08T04:00:00Z,25.04,25.065,24.91,24.91,24850,290,24.9688
2022-04-11T04:00:00Z,24.9,24.9441,24.7001,24.73,129400,843,24.875
2022-04-12T04:00:00Z,24.85,24.9,24.4201,24.5,55123,554,24.6112
2022-04-13T04:00:00Z,24.5,24.65,24.33,24.38,79402,432,24.4609
2022-04-14T04:00:00Z,24.4,24.47,24.1611,24.23,30865,262,24.3555
2022-04-18T04:00:00Z,24.21,24.394,23.9278,23.95,39526,383,24.0984
2022-04-19T04:00:00Z,23.91,24.05,23.77,23.84,34721,353,23.898
2022-04-20T04:00:00Z,23.94,24.12,23.8811,24.06,23385,206,24.0478
2022-04-21T04:00:00Z,24.19,24.19,23.77,23.89,37985,300,23.9898
2022-04-22T04:00:00Z,23.9,24.02,23.7277,23.89,38595,372,23.8159
2022-04-25T04:00:00Z,23.96,24.02,23.61,23.65,69055,479,23.818
2022-04-26T04:00:00Z,23.65,23.69,23.17,23.2,140157,778,23.4506
2022-04-27T04:00:00Z,23.17,23.25,22.78,22.95,144986,896,23.0424
2022-04-28T04:00:00Z,22.79,23.115,22.77,22.95,145376,852,22.9153
2022-04-29T04:00:00Z,22.87,22.97,22.13,22.46,245386,952,22.5497
2022-05-02T04:00:00Z,22.48,22.55,21.88,21.91,68409,383,22.1001
2022-05-03T04:00:00Z,22,22.3366,21.81,21.83,63099,410,21.9837
2022-05-04T04:00:00Z,21.84,22.1981,21.76,22.09,294620,1452,21.9614
2022-05-05T04:00:00Z,21.94,22.1195,21.64,21.88,85805,426,21.818
2022-05-06T04:00:00Z,21.82,21.95,21.7,21.88,82944,555,21.8387
2022-05-09T04:00:00Z,21.81,21.9099,21.6,21.69,68858,469,21.763
2022-05-10T04:00:00Z,21.81,22.04,21.76,21.93,87623,560,21.927
2022-05-11T04:00:00Z,21.93,22.25,21.85,22.1,62878,316,22.0493
2022-05-12T04:00:00Z,22.1,22.23,22.015,22.22,36906,261,22.1504
2022-05-13T04:00:00Z,22.31,22.5,22.25,22.38,47924,320,22.388
2022-05-16T04:00:00Z,22.38,22.7555,22.3135,22.72,42595,271,22.5099
2022-05-17T04:00:00Z,22.75,22.98,22.7,22.7,68951,432,22.8438
2022-05-18T04:00:00Z,22.68,22.79,22.38,22.75,42069,398,22.5602
2022-05-19T04:00:00Z,22.7,22.7672,22.42,22.66,46178,380,22.6271
2022-05-20T04:00:00Z,22.82,22.905,22.53,22.63,34852,326,22.6553
2022-05-23T04:00:00Z,22.71,22.85,22.63,22.72,73833,390,22.7326
2022-05-24T04:00:00Z,22.72,23.08,22.563,23.08,52870,343,22.834
2022-05-25T04:00:00Z,23.22,23.84,23.2033,23.84,78422,451,23.4776
2022-05-26T04:00:00Z,23.84,24.32,23.83,24.19,69158,467,24.1755
2022-05-27T04:00:00Z,24.02,24.57,24.02,24.45,51726,383,24.2711
2022-05-31T04:00:00Z,24.31,24.44,24.02,24.38,109237,318,24.3565
2022-06-01T04:00:00Z,24.39,24.44,24.2,24.21,68277,416,24.3138
2022-06-02T04:00:00Z,24.25,24.29,24.02,24.21,31170,227,24.1728
2022-06-03T04:00:00Z,24.1,24.22,23.98,24.1,48636,457,24.1034
2022-06-06T04:00:00Z,24.21,24.2225,24,24.1,37470,303,24.1016
2022-06-07T04:00:00Z,24.09,24.42,24.04,24.38,27447,239,24.2812
2022-06-08T04:00:00Z,24.32,24.4461,24.18,24.18,29380,234,24.3338
2022-06-09T04:00:00Z,24.2,24.2,24,24.08,41213,308,24.1114
2022-06-10T04:00:00Z,23.9,23.9,23.51,23.59,41923,383,23.7071
2022-06-13T04:00:00Z,23.14,23.17,22.62,22.65,54109,561,22.9328
2022-06-14T04:00:00Z,22.72,22.95,22.41,22.6,54727,462,22.6415
2022-06-15T04:00:00Z,22.63,23.18,22.6,23.11,20463,319,22.8734
2022-06-16T04:00:00Z,22.85,23.05,22.43,22.43,92200,807,22.6843
2022-06-17T04:00:00Z,22.51,22.62,22.07,22.11,87436,582,22.2565
2022-06-21T04:00:00Z,22.2,22.73,22.2,22.6187,116781,715,22.302
2022-06-22T04:00:00Z,22.67,22.92,22.58,22.83,39538,361,22.7545
2022-06-23T04:00:00Z,22.9,23.12,22.855,23.12,33417,257,23.0504
2022-06-24T04:00:00Z,23.2202,23.3159,22.92,23.03,38953,506,23.0852
2022-06-27T04:00:00Z,23.33,23.39,23.1438,23.37,18997,261,23.2834
2022-06-28T04:00:00Z,23.48,23.4899,23.18,23.33,28422,207,23.3485
2022-06-29T04:00:00Z,23.39,23.66,23.33,23.65,27671,283,23.5308
2022-06-30T04:00:00Z,23.4872,23.67,23.31,23.52,14815,131,23.4848
2022-07-01T04:00:00Z,23.6931,23.78,23.4501,23.78,7483,98,23.5925
2022-07-05T04:00:00Z,23.625,23.87,23.57,23.87,11952,140,23.6959
2022-07-06T04:00:00Z,23.87,23.9,23.6276,23.84,24395,216,23.8312
2022-07-07T04:00:00Z,23.82,23.919,23.75,23.84,27595,135,23.8303
2022-07-08T04:00:00Z,23.83,24.055,23.76,24,22460,180,23.8503
2022-07-11T04:00:00Z,24,24.04,23.8514,23.98,27082,182,23.9837
2022-07-12T04:00:00Z,23.91,24.16,23.91,23.95,20913,155,23.9926
2022-07-13T04:00:00Z,23.76,23.9628,23.75,23.9159,16294,116,23.8486
2022-07-14T04:00:00Z,23.9293,23.97,23.6,23.96,20931,270,23.869
2022-07-15T04:00:00Z,24.05,24.1899,23.9993,24.1899,7576,90,24.0943
2022-07-18T04:00:00Z,24.04,24.1799,24.0201,24.06,20973,130,24.0832
2022-07-19T04:00:00Z,24.06,24.1782,24.06,24.1,19698,158,24.104
2022-07-20T04:00:00Z,24.15,24.24,24.0776,24.24,14933,112,24.155
2022-07-21T04:00:00Z,24.26,24.46,24.26,24.36,12300,110,24.3373
2022-07-22T04:00:00Z,24.4,24.51,24.3,24.47,16112,102,24.42
2022-07-25T04:00:00Z,24.5156,24.54,24.352,24.48,10714,111,24.4341
2022-07-26T04:00:00Z,24.48,24.59,24.48,24.58,12903,134,24.5589
2022-07-27T04:00:00Z,24.73,24.7339,24.58,24.72,33330,240,24.6714
2022-07-28T04:00:00Z,24.64,25.08,24.6,25.08,25251,206,24.7575
2022-07-29T04:00:00Z,24.9,25.52,24.9,25.48,152436,383,25.3569
2022-08-01T04:00:00Z,25.37,25.4297,25.3,25.34,37418,281,25.3541
2022-08-02T04:00:00Z,25.27,25.7,25.18,25.52,65798,450,25.5081
2022-08-03T04:00:00Z,25.51,25.75,25.5,25.73,55372,323,25.6101
2022-08-04T04:00:00Z,25.62,25.7307,25.49,25.69,54605,287,25.6339
2022-08-05T04:00:00Z,25.45,25.52,25.17,25.24,41904,255,25.3296
2022-08-08T04:00:00Z,25.24,25.368,25,25.05,41725,392,25.1617
2022-08-09T04:00:00Z,25.01,25.24,24.8044,24.87,17076,207,24.9119
2022-08-10T04:00:00Z,25.01,25.1961,24.96,25.07,18221,103,25.0535
2022-08-11T04:00:00Z,25.08,25.19,25,25.05,15999,172,25.0965
2022-08-12T04:00:00Z,25.1148,25.23,24.972,25.2,11013,115,25.1317
2022-08-15T04:00:00Z,25.18,25.33,25.18,25.25,14166,125,25.2553
2022-08-16T04:00:00Z,25.2,25.2367,25.02,25.09,10435,132,25.0984
2022-08-17T04:00:00Z,24.99,25.0063,24.83,24.83,16354,202,24.9399
2022-08-18T04:00:00Z,24.81,24.9671,24.81,24.88,15366,207,24.8965
2022-08-19T04:00:00Z,24.69,24.7439,24.51,24.65,22576,235,24.606
2022-08-22T04:00:00Z,24.5,24.57,24.36,24.49,27760,364,24.4942
2022-08-23T04:00:00Z,24.43,24.5519,23.5,23.71,62927,818,23.9329
2022-08-24T04:00:00Z,23.56,24.14,23.56,23.87,26850,300,23.8203
2022-08-25T04:00:00Z,23.95,24.3456,23.95,24.09,17017,140,24.2279
2022-08-26T04:00:00Z,24.26,24.3532,24.04,24.22,25051,274,24.2241
2022-08-29T04:00:00Z,24.11,24.25,24.02,24.17,18968,210,24.1811
2022-08-30T04:00:00Z,23.93,23.93,23.72,23.75,25312,251,23.8115
2022-08-31T04:00:00Z,23.8,23.89,23.48,23.48,69499,282,23.5641
2022-09-01T04:00:00Z,23.3,23.48,23.1902,23.37,30059,356,23.3418
2022-09-02T04:00:00Z,23.52,23.6604,23.4133,23.44,10711,113,23.5494
2022-09-06T04:00:00Z,23.44,23.44,23.1,23.1,16290,329,23.2968
2022-09-07T04:00:00Z,23.14,23.4493,23.05,23.17,20253,153,23.273
2022-09-08T04:00:00Z,23.17,23.33,23.03,23.24,35017,233,23.2361
2022-09-09T04:00:00Z,23.33,23.6081,23.33,23.555,23271,204,23.5023
2022-09-12T04:00:00Z,23.56,23.81,23.4505,23.72,17147,178,23.6941
2022-09-13T04:00:00Z,23.45,23.67,23.39,23.59,54469,534,23.5454
2022-09-14T04:00:00Z,23.59,23.781,23.55,23.65,30763,329,23.6889
2022-09-15T04:00:00Z,23.695,23.78,23.54,23.64,39845,409,23.6496
2022-09-16T04:00:00Z,23.47,23.64,23.3,23.58,35273,192,23.4683
2022-09-19T04:00:00Z,23.47,23.63,23.38,23.4,27937,251,23.4963
2022-09-20T04:00:00Z,23.25,23.3524,23.15,23.21,35556,414,23.2428
2022-09-21T04:00:00Z,23.26,23.4851,23.26,23.27,36596,279,23.3601
2022-09-22T04:00:00Z,23.19,23.22,22.95,22.95,37871,327,23.0576
2022-09-23T04:00:00Z,22.78,22.935,22.65,22.72,40046,386,22.7302
2022-09-26T04:00:00Z,22.72,22.76,22.28,22.35,34405,385,22.5107
2022-09-27T04:00:00Z,22.47,22.48,22.25,22.35,61641,546,22.3633
2022-09-28T04:00:00Z,22.45,22.92,22.37,22.58,54569,460,22.6157
2022-09-29T04:00:00Z,22.59,22.59,22.1,22.45,49465,403,22.3525
2022-09-30T04:00:00Z,22.34,22.52,22.34,22.44,264042,412,22.4395
2022-10-03T04:00:00Z,22.4,22.6712,22.23,22.34,140783,933,22.3793
2022-10-04T04:00:00Z,22.52,22.71,22.43,22.44,39727,417,22.5492
2022-10-05T04:00:00Z,22.44,22.59,22.23,22.4,103679,201,22.4255
2022-10-06T04:00:00Z,22.4,22.4,22.06,22.06,40197,300,22.2039
2022-10-07T04:00:00Z,21.96,22.06,21.78,21.81,34844,276,21.9211
2022-10-10T04:00:00Z,21.75,21.83,21.42,21.46,34198,404,21.6302
2022-10-11T04:00:00Z,21.43,21.55,21.27,21.35,32628,331,21.3942
2022-10-12T04:00:00Z,21.35,21.4765,21.12,21.13,32774,256,21.2752
2022-10-13T04:00:00Z,20.89,20.95,20.6,20.8,95471,602,20.8309
2022-10-14T04:00:00Z,20.89,21.0455,20.65,20.73,40814,339,20.766
2022-10-17T04:00:00Z,20.82,21.0499,20.73,20.73,53074,381,20.837
2022-10-18T04:00:00Z,20.82,20.96,20.73,20.83,38280,374,20.8096
2022-10-19T04:00:00Z,20.83,20.83,20.6544,20.72,40500,288,20.7402
2022-10-20T04:00:00Z,20.7392,20.75,20.5,20.61,32247,236,20.6953
2022-10-21T04:00:00Z,20.4382,20.6,20.33,20.52,32809,308,20.5032
2022-10-24T04:00:00Z,20.6,20.65,20.52,20.65,27721,320,20.6124
2022-10-25T04:00:00Z,20.69,21.01,20.69,20.91,40841,391,20.9294
2022-10-26T04:00:00Z,21.02,21.4,21,21.01,26093,310,21.207
2022-10-27T04:00:00Z,21.1391,21.28,21.051,21.051,17417,206,21.1728
2022-10-28T04:00:00Z,21.16,21.4,21.1499,21.33,30174,241,21.2912
2022-10-31T04:00:00Z,21.38,21.44,21.26,21.37,51327,298,21.3635
2022-11-01T04:00:00Z,21.5,21.55,21.298,21.36,46082,419,21.4374
2022-11-02T04:00:00Z,21.42,21.57,21.27,21.43,33818,345,21.3648
2022-11-03T04:00:00Z,21.28,21.34,21.16,21.17,42220,512,21.2591
2022-11-04T04:00:00Z,21.25,21.2737,20.86,21,25421,433,21.1152
2022-11-07T05:00:00Z,21.1357,21.1357,20.84,21.01,18642,205,20.9383
2022-11-08T05:00:00Z,20.93,21.27,20.93,21.27,29827,226,21.101
2022-11-09T05:00:00Z,21.2,21.24,21,21.24,35156,447,21.1805
2022-11-10T05:00:00Z,21.56,22.39,21.56,22.29,26652,293,22.0474
2022-11-11T05:00:00Z,22.36,22.73,22.36,22.64,23254,187,22.5735
2022-11-14T05:00:00Z,22.64,22.64,22.2902,22.33,30907,245,22.543
2022-11-15T05:00:00Z,22.51,22.95,22.4162,22.93,21698,228,22.8446
2022-11-16T05:00:00Z,22.95,23.15,22.88,23,48151,430,23.0002
2022-11-17T05:00:00Z,22.76,23.06,22.6601,22.907,55342,416,22.9245
2022-11-18T05:00:00Z,22.9136,23.05,22.8375,22.97,28336,215,22.9679
2022-11-21T05:00:00Z,23.03,23.16,23,23.08,30382,477,23.078
2022-11-22T05:00:00Z,23.1083,23.2,23.07,23.16,20386,299,23.1457
2022-11-23T05:00:00Z,23.1,23.35,23.1,23.35,25022,221,23.2503
2022-11-25T05:00:00Z,23.37,23.41,23.27,23.35,9188,163,23.3415
2022-11-28T05:00:00Z,23.41,23.46,23.245,23.33,30235,462,23.3284
2022-11-29T05:00:00Z,22.99,22.99,22.67,22.69,45735,628,22.8912
2022-11-30T05:00:00Z,22.68,23.01,22.52,23.01,58338,311,22.8458
2022-12-01T05:00:00Z,23.03,23.35,23.01,23.28,37568,273,23.2361
2022-12-02T05:00:00Z,23.14,23.435,22.9917,23.35,59184,408,23.1997
2022-12-05T05:00:00Z,23.33,23.4,23.04,23.04,39334,346,23.1867
2022-12-06T05:00:00Z,23.12,23.1545,22.91,22.97,19548,219,23.0054
2022-12-07T05:00:00Z,23.1,23.12,22.9601,23.09,26907,197,23.0711
2022-12-08T05:00:00Z,23.06,23.1487,22.87,22.87,43512,488,23.014
2022-12-09T05:00:00Z,22.82,23.05,22.7,22.8,31911,315,22.8902
2022-12-12T05:00:00Z,22.8,22.95,22.65,22.71,38239,419,22.7631
2022-12-13T05:00:00Z,22.92,23.18,22.8976,23.145,28832,334,23.0841
2022-12-14T05:00:00Z,23.12,23.2,22.93,23.05,34435,336,23.0928
2022-12-15T05:00:00Z,22.97,23.0713,22.75,22.85,41407,412,22.8953
2022-12-16T05:00:00Z,22.7,22.85,22.6,22.85,47304,393,22.7355
2022-12-19T05:00:00Z,22.79,22.8658,22.66,22.71,33224,268,22.7574
2022-12-20T05:00:00Z,22.68,22.837,22.59,22.61,21931,294,22.6809
2022-12-21T05:00:00Z,22.66,22.87,22.43,22.45,44570,271,22.5827
2022-12-22T05:00:00Z,22.5311,22.6,22.2213,22.3,66999,578,22.3832
2022-12-23T05:00:00Z,22.26,22.44,22.2,22.31,49707,548,22.2994
2022-12-27T05:00:00Z,22.26,22.26,21.89,21.99,43849,515,22.0761
2022-12-28T05:00:00Z,22.05,22.05,21.62,21.66,33961,351,21.8321
2022-12-29T05:00:00Z,21.79,21.828,21.65,21.69,28845,360,21.7154
2022-12-30T05:00:00Z,21.68,21.95,21.18,21.18,71123,435,21.4597
2023-01-03T05:00:00Z,21.45,21.84,21.4,21.58,38737,368,21.6855
2023-01-04T05:00:00Z,21.76,22.17,21.7,22.11,27239,240,22.0073
2023-01-05T05:00:00Z,22.11,22.787,22.0762,22.49,32400,491,22.3629
2023-01-06T05:00:00Z,22.34,23.23,22.34,23.16,21191,352,22.9769
2023-01-09T05:00:00Z,23.1,23.44,22.79,23.2,36801,336,23.2648
2023-01-10T05:00:00Z,23.2,23.32,23.0759,23.25,18041,179,23.2206
2023-01-11T05:00:00Z,23.39,23.5,23.2983,23.48,20594,213,23.4138
2023-01-12T05:00:00Z,23.52,23.65,23.35,23.53,24566,393,23.5321
2023-01-13T05:00:00Z,23.46,23.8,23.4436,23.65,25740,205,23.6878
2023-01-17T05:00:00Z,23.64,23.9,23.64,23.84,17769,204,23.8259
2023-01-18T05:00:00Z,23.98,24.3,23.9216,24.04,55301,492,24.0982
2023-01-19T05:00:00Z,23.99,24.19,23.9143,24.08,21731,200,24.0548
2023-01-20T05:00:00Z,24.18,24.26,24.0922,24.21,24168,302,24.1695
2023-01-23T05:00:00Z,24.21,24.3825,24.21,24.32,34341,255,24.3094
2023-01-24T05:00:00Z,24.29,24.45,24.15,24.37,26366,181,24.3547
2023-01-25T05:00:00Z,24.26,24.43,24.25,24.41,53775,250,24.3077
2023-01-26T05:00:00Z,24.41,24.58,24.41,24.57,44569,385,24.486
2023-01-27T05:00:00Z,24.57,24.63,24.38,24.38,27934,328,24.5271
2023-01-30T05:00:00Z,24.37,24.49,24.2648,24.37,54036,506,24.4217
2023-01-31T05:00:00Z,24.49,24.7,24.45,24.61,119562,420,24.5936
2023-02-01T05:00:00Z,24.57,24.7199,24.47,24.54,37302,294,24.5395
2023-02-02T05:00:00Z,24.64,24.7592,24.55,24.6,33931,338,24.6268
2023-02-03T05:00:00Z,24.39,24.4892,24.1,24.15,32639,314,24.2863
2023-02-06T05:00:00Z,24.03,24.03,23.812,23.97,22266,211,23.929
2023-02-07T05:00:00Z,23.97,24.11,23.8477,23.96,35533,324,23.9734
2023-02-08T05:00:00Z,24.03,24.15,23.92,24.1299,26141,187,24.0532
2023-02-09T05:00:00Z,24.24,24.29,24.0511,24.09,13563,200,24.1896
2023-02-10T05:00:00Z,24.03,24.1099,23.9254,24.05,25027,208,24.0173
2023-02-13T05:00:00Z,24.02,24.2,24,24.13,35729,229,24.0773
2023-02-14T05:00:00Z,24.04,24.32,24.03,24.22,30456,299,24.2152
2023-02-15T05:00:00Z,24.22,24.35,24.16,24.35,23800,164,24.2541
2023-02-16T05:00:00Z,24.2,24.23,24.032,24.12,20339,224,24.146
2023-02-17T05:00:00Z,24.05,24.1299,23.9428,24.07,13506,135,24.0328
2023-02-21T05:00:00Z,23.94,23.94,23.52,23.58,29377,503,23.7937
2023-02-22T05:00:00Z,23.7,23.89,23.58,23.84,49243,301,23.759
2023-02-23T05:00:00Z,23.97,24.13,23.875,24.1218,28171,201,23.9622
2023-02-24T05:00:00Z,23.93,24.03,23.9,23.99,27308,257,23.983
2023-02-27T05:00:00Z,23.68,23.8441,23.64,23.75,17541,210,23.747
2023-02-28T05:00:00Z,23.75,23.97,23.61,23.95,68256,414,23.8678
2023-03-01T05:00:00Z,23.92,23.95,23.71,23.83,49223,407,23.8185
2023-03-02T05:00:00Z,23.7,23.71,23.48,23.62,15700,144,23.6437
2023-03-03T05:00:00Z,23.74,23.89,23.7101,23.81,20139,200,23.8206
2023-03-06T05:00:00Z,23.89,23.95,23.8332,23.92,23429,252,23.9164
2023-03-07T05:00:00Z,23.91,23.94,23.73,23.79,17177,230,23.8045
2023-03-08T05:00:00Z,23.77,23.87,23.7201,23.83,17084,144,23.8109
2023-03-09T05:00:00Z,23.88,23.89,23.36,23.38,35933,315,23.6967
2023-03-10T05:00:00Z,23.35,23.41,22.97,23.11,9504,143,23.1811
2023-03-13T04:00:00Z,22.93,23.29,22.5,23.13,35145,319,23.0124
2023-03-14T04:00:00Z,23.34,23.65,23.326,23.36,16652,166,23.5004
2023-03-15T04:00:00Z,23.16,23.66,23.1498,23.42,28806,264,23.3938
2023-03-16T04:00:00Z,23.39,24.37,23.35,24.22,24991,413,23.9438
2023-03-17T04:00:00Z,24.1,24.12,23.75,23.87,20330,206,23.9058
2023-03-20T04:00:00Z,23.86,23.88,23.6101,23.65,21688,226,23.7242
2023-03-21T04:00:00Z,24.02,24.07,23.6991,23.91,18811,166,23.9601
2023-03-22T04:00:00Z,23.8,24.235,23.8,23.96,48676,486,23.9623
2023-03-23T04:00:00Z,24.01,24.1,23.89,23.94,17216,251,23.9866
2023-03-24T04:00:00Z,23.93,24.2899,23.8101,24.04,19002,185,24.0157
2023-03-27T04:00:00Z,24.28,24.4,24.07,24.22,13848,150,24.2365
2023-03-28T04:00:00Z,24.3,24.37,24.16,24.33,27079,191,24.2878
2023-03-29T04:00:00Z,24.34,24.61,24.2601,24.3883,31634,290,24.4147
2023-03-30T04:00:00Z,24.35,24.56,24.35,24.44,42301,431,24.4322
2023-03-31T04:00:00Z,24.53,24.55,24.39,24.42,36906,251,24.4426
2023-04-03T04:00:00Z,24.38,24.55,24.32,24.51,28395,299,24.4577
2023-04-04T04:00:00Z,24.54,24.67,24.4113,24.67,20717,199,24.5475
2023-04-05T04:00:00Z,24.61,24.77,24.4719,24.64,20728,178,24.6218
2023-04-06T04:00:00Z,24.6,24.83,24.58,24.77,23720,236,24.6586
2023-04-10T04:00:00Z,24.63,24.75,24.56,24.74,29031,165,24.6891
2023-04-11T04:00:00Z,24.68,24.85,24.63,24.72,38851,466,24.7535
2023-04-12T04:00:00Z,24.72,24.93,24.705,24.77,22220,243,24.797
2023-04-13T04:00:00Z,24.87,24.96,24.77,24.9,16908,168,24.8539
2023-04-14T04:00:00Z,24.85,24.97,24.74,24.89,16636,267,24.8623
2023-04-17T04:00:00Z,24.81,24.9499,24.71,24.71,28728,282,24.8495
2023-04-18T04:00:00Z,24.86,24.92,24.7391,24.7925,15274,176,24.8186
2023-04-19T04:00:00Z,24.79,24.79,24.67,24.69,21145,198,24.7176
2023-04-20T04:00:00Z,24.64,24.86,24.61,24.65,19233,90,24.7098
2023-04-21T04:00:00Z,24.7,24.76,24.6216,24.68,15731,99,24.7231
2023-04-24T04:00:00Z,24.71,24.83,24.67,24.79,18256,129,24.7502
2023-04-25T04:00:00Z,24.83,24.84,24.7,24.7,14019,170,24.7514
2023-04-26T04:00:00Z,24.7,24.86,24.66,24.67,16104,225,24.7752
2023-04-27T04:00:00Z,24.64,24.83,24.64,24.8,51014,390,24.7233
2023-04-28T04:00:00Z,24.82,24.99,24.8048,24.96,79151,242,24.9255
2023-05-01T04:00:00Z,24.9,24.9,24.68,24.69,97810,193,24.6991
2023-05-02T04:00:00Z,24.715,24.8,24.5,24.65,25839,256,24.6241
2023-05-03T04:00:00Z,24.7299,24.735,24.32,24.32,25941,307,24.5933
2023-05-04T04:00:00Z,24.4,24.44,24.17,24.37,17665,211,24.2835
2023-05-05T04:00:00Z,24.41,24.67,24.4,24.4,28541,368,24.5007
2023-05-08T04:00:00Z,24.41,24.59,24.39,24.47,23127,270,24.4659
2023-05-09T04:00:00Z,24.5,24.68,24.46,24.55,46156,449,24.5298
2023-05-10T04:00:00Z,24.7,24.8583,24.5431,24.71,23281,227,24.7291
2023-05-11T04:00:00Z,24.63,24.7824,24.61,24.71,11951,150,24.7044
2023-05-12T04:00:00Z,24.71,24.86,24.6527,24.73,17989,213,24.7367
2023-05-15T04:00:00Z,24.71,24.85,24.68,24.7,18628,202,24.7508
2023-05-16T04:00:00Z,24.68,24.79,24.58,24.6,28650,235,24.6999
2023-05-17T04:00:00Z,24.67,24.8,24.51,24.69,38751,318,24.6157
2023-05-18T04:00:00Z,24.63,24.8498,24.63,24.79,15388,156,24.7565
2023-05-19T04:00:00Z,24.73,24.79,24.59,24.74,37191,237,24.6884
2023-05-22T04:00:00Z,24.67,24.77,24.5801,24.68,23239,275,24.6771
2023-05-23T04:00:00Z,24.61,24.7,24.55,24.6108,30225,226,24.6297
2023-05-24T04:00:00Z,24.51,24.68,24.41,24.61,13908,176,24.5594
2023-05-25T04:00:00Z,24.57,24.84,24.5,24.53,16939,166,24.5697
2023-05-26T04:00:00Z,24.51,24.66,24.51,24.61,8005,106,24.5815
2023-05-30T04:00:00Z,24.35,24.57,24.25,24.36,17076,139,24.3955
2023-05-31T04:00:00Z,24.24,24.73,24.24,24.69,107217,323,24.6185
2023-06-01T04:00:00Z,24.67,24.78,24.5653,24.72,24923,239,24.6993
2023-06-02T04:00:00Z,24.8,24.94,24.71,24.88,27881,521,24.8592
2023-06-05T04:00:00Z,24.86,24.87,24.75,24.79,34798,331,24.8216
2023-06-06T04:00:00Z,24.73,24.85,24.72,24.79,19715,216,24.7773
2023-06-07T04:00:00Z,24.77,24.93,24.57,24.57,18115,274,24.6864
2023-06-08T04:00:00Z,24.7,24.7,24.5708,24.58,17874,270,24.6311
2023-06-09T04:00:00Z,24.6,24.74,24.6,24.7,17318,230,24.6807
2023-06-12T04:00:00Z,24.64,24.65,24.5001,24.57,17604,253,24.6001
2023-06-13T04:00:00Z,24.68,24.68,24.43,24.49,23960,337,24.5747
2023-06-14T04:00:00Z,24.44,24.46,24.25,24.38,26083,321,24.3746
2023-06-15T04:00:00Z,24.3709,24.49,24.28,24.3923,35857,250,24.3736
2023-06-16T04:00:00Z,24.414,24.44,24.35,24.36,10650,111,24.3721
2023-06-20T04:00:00Z,24.36,24.49,24.26,24.28,21718,200,24.3119
2023-06-21T04:00:00Z,24.26,24.42,24.26,24.34,11222,127,24.3217
2023-06-22T04:00:00Z,24.41,24.45,24.28,24.32,13086,159,24.3473
2023-06-23T04:00:00Z,24.356,24.356,24.28,24.31,10999,142,24.3078
2023-06-26T04:00:00Z,24.32,24.45,24.3,24.32,13841,208,24.3756
2023-06-27T04:00:00Z,24.31,24.4,24.2801,24.34,16107,130,24.3464
2023-06-28T04:00:00Z,24.35,24.44,24.3201,24.42,17304,159,24.3863
2023-06-29T04:00:00Z,24.36,24.54,24.31,24.39,16250,166,24.3994
2023-06-30T04:00:00Z,24.52,24.85,24.38,24.85,80029,281,24.75
2023-07-03T04:00:00Z,24.77,24.85,24.72,24.77,20398,206,24.7892
2023-07-05T04:00:00Z,24.73,24.8,24.57,24.59,19011,219,24.7113
2023-07-06T04:00:00Z,24.43,24.43,24.03,24.27,32883,292,24.2638
2023-07-07T04:00:00Z,24.19,24.46,24.1004,24.4,9514,132,24.2736
2023-07-10T04:00:00Z,24.28,24.52,24.2,24.52,5567,110,24.3286
2023-07-11T04:00:00Z,24.62,24.67,24.49,24.65,10084,165,24.6349
2023-07-12T04:00:00Z,24.62,24.78,24.58,24.7,25874,236,24.6889
2023-07-13T04:00:00Z,24.66,24.75,24.64,24.69,35805,252,24.6866
2023-07-14T04:00:00Z,24.6225,24.65,24.4201,24.59,12915,127,24.5462
2023-07-17T04:00:00Z,24.5325,24.57,24.42,24.48,15384,134,24.4808
2023-07-18T04:00:00Z,24.51,24.59,24.47,24.59,7334,117,24.512
2023-07-19T04:00:00Z,24.6426,24.6426,24.53,24.62,12648,177,24.5586
2023-07-20T04:00:00Z,24.6,24.6357,24.47,24.54,26483,172,24.5103
2023-07-21T04:00:00Z,24.595,24.72,24.49,24.56,7683,103,24.5916
2023-07-24T04:00:00Z,24.52,24.6,24.47,24.5,12667,135,24.5184
2023-07-25T04:00:00Z,24.5,24.52,24.43,24.43,19379,185,24.4741
2023-07-26T04:00:00Z,24.47,24.5913,24.47,24.54,24992,337,24.5193
2023-07-27T04:00:00Z,24.59,24.7,24.36,24.41,26796,247,24.4612
2023-07-28T04:00:00Z,24.41,24.4221,24.12,24.22,15179,192,24.2604
2023-07-31T04:00:00Z,24.23,24.55,24.23,24.5,27758,145,24.4601
2023-08-01T04:00:00Z,24.32,24.488,24.26,24.26,14058,161,24.3117
2023-08-02T04:00:00Z,24.11,24.25,24,24.1,20466,218,24.1313
2023-08-03T04:00:00Z,23.95,24.1,23.8,23.88,11436,250,23.9493
2023-08-04T04:00:00Z,24.0781,24.2189,23.9601,24.05,16369,262,24.1094
2023-08-07T04:00:00Z,24.118,24.36,24,24.27,10397,161,24.2054
2023-08-08T04:00:00Z,24.15,24.4299,24.15,24.39,20206,239,24.2788
2023-08-09T04:00:00Z,24.29,24.429,24.29,24.36,9066,135,24.3489
2023-08-10T04:00:00Z,24.36,24.4801,24.25,24.36,11706,207,24.3617
2023-08-11T04:00:00Z,24.26,24.39,24.2076,24.28,7025,102,24.3218
2023-08-14T04:00:00Z,24.24,24.37,24.1401,24.2101,8780,147,24.2382
2023-08-15T04:00:00Z,24.12,24.315,24.12,24.27,18353,227,24.2577
2023-08-16T04:00:00Z,24.19,24.28,24.1,24.2,14063,214,24.1751
2023-08-17T04:00:00Z,24.1216,24.22,23.95,24.2,59196,442,24.1062
2023-08-18T04:00:00Z,24.09,24.27,24.09,24.26,13242,159,24.1926
2023-08-21T04:00:00Z,24.15,24.28,24,24.09,35533,325,24.0892
2023-08-22T04:00:00Z,24.09,24.36,24.0234,24.16,33342,531,24.1161
2023-08-23T04:00:00Z,24.17,24.38,24.17,24.37,23681,145,24.2697
2023-08-24T04:00:00Z,24.45,24.45,24.2,24.35,11088,118,24.3015
2023-08-25T04:00:00Z,24.2083,24.41,24.0801,24.2999,19810,137,24.1861
2023-08-28T04:00:00Z,24.32,24.395,24.059,24.23,12993,161,24.262
2023-08-29T04:00:00Z,24.24,24.4,24.24,24.32,16582,143,24.3063
2023-08-30T04:00:00Z,24.1,24.22,24.02,24.11,7727,124,24.1287
2023-08-31T04:00:00Z,24.09,24.45,24.0195,24.39,96557,312,24.322
2023-09-01T04:00:00Z,24.3,24.4151,24.2301,24.37,23050,260,24.3545
2023-09-05T04:00:00Z,24.32,24.37,24.2101,24.3,29455,408,24.3132
2023-09-06T04:00:00Z,24.35,24.3565,24.1001,24.33,15468,190,24.2851
2023-09-07T04:00:00Z,24.11,24.38,24.11,24.28,6832,103,24.2822
2023-09-08T04:00:00Z,24.32,24.4081,24.1868,24.26,18650,200,24.2784
2023-09-11T04:00:00Z,24.34,24.34,24.18,24.18,14173,223,24.2612
2023-09-12T04:00:00Z,24.18,24.26,24.07,24.15,21120,302,24.1321
2023-09-13T04:00:00Z,24.1,24.3,24.0228,24.15,20068,188,24.1833
2023-09-14T04:00:00Z,24.27,24.27,24.13,24.21,19655,289,24.1584
2023-09-15T04:00:00Z,24.2,24.2,23.93,24.06,128714,603,24.0389
2023-09-18T04:00:00Z,23.95,24.07,23.95,23.96,50595,391,24.0451
2023-09-19T04:00:00Z,23.96,24.0389,23.83,23.87,14933,192,23.9457
2023-09-20T04:00:00Z,23.85,23.95,23.75,23.75,23316,276,23.8984
2023-09-21T04:00:00Z,23.57,23.72,23.21,23.4,19696,244,23.3899
2023-09-22T04:00:00Z,23.2699,23.44,23.2,23.41,7354,125,23.3369
2023-09-25T04:00:00Z,23.26,23.36,23.21,23.33,17507,227,23.2702
2023-09-26T04:00:00Z,23.23,23.31,23.06,23.1,11776,260,23.1449
2023-09-27T04:00:00Z,23.16,23.41,22.96,23.05,32515,318,23.0493
2023-09-28T04:00:00Z,23.02,23.0822,22.77,22.88,33571,375,22.8975
2023-09-29T04:00:00Z,23.02,23.1374,22.54,22.54,148370,329,22.6355
2023-10-02T04:00:00Z,22.58,22.58,21.66,21.66,21280,229,22.0499
2023-10-03T04:00:00Z,21.66,21.94,20.8962,21.0002,46456,555,21.0883
2023-10-04T04:00:00Z,21.12,21.17,21,21.02,41809,343,21.0458
2023-10-05T04:00:00Z,21,21.2999,21,21.19,41083,345,21.1301
2023-10-06T04:00:00Z,20.96,21.0559,20.3554,20.79,97991,707,20.8008
2023-10-09T04:00:00Z,20.9,21.1499,20.8,21.01,29520,290,20.9909
2023-10-10T04:00:00Z,21.06,21.32,20.8603,21.17,33438,322,21.1494
2023-10-11T04:00:00Z,21.3,21.45,21.11,21.21,16788,218,21.3034
2023-10-12T04:00:00Z,21.209,21.2899,21.04,21.04,19313,236,21.1577
2023-10-13T04:00:00Z,21.15,21.23,21.02,21.23,21562,216,21.1186
2023-10-16T04:00:00Z,21.26,21.3,21.06,21.3,16696,335,21.21
2023-10-17T04:00:00Z,21.15,21.19,20.95,20.9503,26199,328,21.09
2023-10-18T04:00:00Z,20.94,20.96,20.73,20.73,33311,331,20.8309
2023-10-19T04:00:00Z,20.84,20.93,20.75,20.75,18693,274,20.8154
2023-10-20T04:00:00Z,20.75,20.96,20.43,20.89,18040,156,20.7776
2023-10-23T04:00:00Z,20.95,20.9946,20.745,20.85,13079,147,20.8803
2023-10-24T04:00:00Z,20.99,21.39,20.8726,21.34,23406,189,21.1586
2023-10-25T04:00:00Z,21.24,21.3272,21.1,21.17,17400,139,21.1495
2023-10-26T04:00:00Z,21.23,21.4,21.22,21.26,23041,195,21.3211
2023-10-27T04:00:00Z,21.3324,21.3324,21.1,21.19,14653,117,21.1554
2023-10-30T04:00:00Z,21.1198,21.23,20.98,21.11,21646,205,21.1201
2023-10-31T04:00:00Z,21.12,21.4,21.1101,21.4,43065,216,21.3197
2023-11-01T04:00:00Z,21.3,21.93,21.3,21.93,29566,335,21.7025
2023-11-02T04:00:00Z,22.06,22.85,22.06,22.7,29774,265,22.5802
2023-11-03T04:00:00Z,22.81,23.2436,22.81,22.93,17160,170,22.9415
2023-11-06T05:00:00Z,22.79,22.9199,22.79,22.87,10671,190,22.8812
2023-11-07T05:00:00Z,22.7815,22.93,22.74,22.84,21236,190,22.8496
2023-11-08T05:00:00Z,22.84,22.9999,22.7313,22.79,13950,167,22.8808
2023-11-09T05:00:00Z,22.89,22.9372,22.5,22.58,13464,188,22.6759
2023-11-10T05:00:00Z,22.74,22.74,22.51,22.65,16833,287,22.666
2023-11-13T05:00:00Z,22.57,22.9,22.51,22.83,15454,229,22.7365
2023-11-14T05:00:00Z,23,23.4599,23,23.36,28893,336,23.202
2023-11-15T05:00:00Z,23.33,23.38,23.1789,23.23,22616,211,23.2525
2023-11-16T05:00:00Z,23.23,23.3685,23.2,23.271,18541,220,23.2516
2023-11-17T05:00:00Z,23.25,23.4871,23.2472,23.32,5124,129,23.3319
2023-11-20T05:00:00Z,23.37,23.39,23.09,23.2512,11349,164,23.2361
2023-11-21T05:00:00Z,23.235,23.34,23.13,23.29,10095,123,23.2514
2023-11-22T05:00:00Z,23.23,23.35,22.895,23.18,18466,187,23.1615
2023-11-24T05:00:00Z,23.1432,23.2,23.1432,23.2,1186,59,23.1787
2023-11-27T05:00:00Z,23.2469,23.3592,23.2,23.35,11927,192,23.2638
2023-11-28T05:00:00Z,23.25,23.56,23.25,23.53,16411,202,23.3971
2023-11-29T05:00:00Z,23.37,23.5099,23.29,23.4124,26115,248,23.4186
2023-11-30T05:00:00Z,23.4,23.86,23.27,23.86,82707,348,23.7343
2023-12-01T05:00:00Z,23.75,23.92,23.6701,23.81,34211,399,23.7796
2023-12-04T05:00:00Z,23.77,23.9994,23.32,23.51,32463,430,23.6223
2023-12-05T05:00:00Z,23.32,23.6573,23.29,23.3,14983,137,23.4722
2023-12-06T05:00:00Z,23.41,23.4999,23.15,23.15,35001,411,23.3284
2023-12-07T05:00:00Z,23.08,23.43,23.08,23.2,21832,290,23.2621
2023-12-08T05:00:00Z,23.15,23.2329,22.92,22.94,14615,197,23.0482
2023-12-11T05:00:00Z,23,23.0136,22.74,22.82,11541,163,22.8549
2023-12-12T05:00:00Z,22.82,22.97,22.6,22.95,22449,192,22.8306
2023-12-13T05:00:00Z,23.03,23.49,22.79,23.33,29176,281,23.0937
2023-12-14T05:00:00Z,23.55,23.9,23.4122,23.9,23225,254,23.7367
2023-12-15T05:00:00Z,23.9,24.09,23.72,24.05,27510,233,23.9804
2023-12-18T05:00:00Z,24.04,24.09,23.7301,23.99,31270,273,23.9622
2023-12-19T05:00:00Z,23.91,24.121,23.784,24.02,18612,213,23.9207
2023-12-20T05:00:00Z,24.02,24.2099,23.92,24.06,35198,306,24.0146
2023-12-21T05:00:00Z,23.98,24.02,23.82,24.02,16880,179,23.9114
2023-12-22T05:00:00Z,23.9,24.18,23.9,24.14,13796,192,24.0953
2023-12-26T05:00:00Z,23.96,24.32,23.96,24.16,21565,155,24.1812
2023-12-27T05:00:00Z,24.1,24.415,23.989,24.37,22323,302,24.2751
2023-12-28T05:00:00Z,24.375,24.45,24.3,24.3631,8811,101,24.3507
2023-12-29T05:00:00Z,24.2585,24.4397,23.95,23.96,53205,205,24.0688
2024-01-02T05:00:00Z,23.98,24.0467,23.7,23.78,15215,196,23.934
2024-01-03T05:00:00Z,23.68,23.89,23.52,23.75,19085,225,23.7295
2024-01-04T05:00:00Z,23.74,23.88,23.59,23.59,18156,198,23.7852
2024-01-05T05:00:00Z,23.63,23.8076,23.58,23.7499,12579,223,23.699
2024-01-08T05:00:00Z,23.76,23.917,23.665,23.9,23822,254,23.7679
2024-01-09T05:00:00Z,23.87,24.04,23.8529,23.96,11866,186,23.9473
2024-01-10T05:00:00Z,23.9603,24.09,23.9001,24,15123,156,24.0138
2024-01-11T05:00:00Z,23.9,24.1196,23.9,23.98,8889,173,24.0184
2024-01-12T05:00:00Z,24.0925,24.1099,23.9801,24.04,6026,120,24.0656
2024-01-16T05:00:00Z,23.94,24.0433,23.7,23.7,19716,204,23.8361
2024-01-17T05:00:00Z,23.7,23.84,23.58,23.71,14382,187,23.6931
2024-01-18T05:00:00Z,23.76,23.8681,23.6,23.64,10552,140,23.6992
2024-01-19T05:00:00Z,23.65,23.8587,23.65,23.845,19618,162,23.7393
2024-01-22T05:00:00Z,23.9,24.04,23.88,24.04,19786,143,23.9684
2024-01-23T05:00:00Z,23.92,24.07,23.92,24.0565,10222,184,23.9856
2024-01-24T05:00:00Z,23.9142,24.0999,23.87,24,6707,95,23.9743
2024-01-25T05:00:00Z,24.1098,24.27,23.95,24.22,28398,297,24.171
2024-01-26T05:00:00Z,24.11,24.262,24.0701,24.0701,17229,188,24.1489
2024-01-29T05:00:00Z,24.1795,24.2421,24.1387,24.22,13275,140,24.1879
2024-01-30T05:00:00Z,24.29,24.29,24.05,24.2016,13246,180,24.1562
2024-01-31T05:00:00Z,24.195,24.3,24.1214,24.26,13753,144,24.2338
2024-02-01T05:00:00Z,24.31,24.45,24.2232,24.4442,14446,153,24.3522
2024-02-02T05:00:00Z,24.3,24.34,24.2401,24.27,10064,233,24.2998
2024-02-05T05:00:00Z,24.2,24.23,24.0311,24.2,51739,422,24.1462
2024-02-06T05:00:00Z,24.16,24.2999,24.16,24.2999,16991,169,24.2076
2024-02-07T05:00:00Z,24.29,24.35,24.19,24.3402,15968,217,24.2993
2024-02-08T05:00:00Z,24.26,24.45,24.2143,24.45,16118,220,24.3037
2024-02-09T05:00:00Z,24.3,24.67,24.3,24.64,21838,182,24.5343
2024-02-12T05:00:00Z,24.68,24.81,24.6204,24.765,20023,248,24.7463
2024-02-13T05:00:00Z,24.56,24.5602,24.37,24.38,13955,181,24.4807
2024-02-14T05:00:00Z,24.3579,24.54,24.3579,24.47,30678,189,24.4782
2024-02-15T05:00:00Z,24.42,24.58,24.42,24.53,15907,149,24.5089
2024-02-16T05:00:00Z,24.42,24.5742,24.42,24.4761,8991,114,24.4636
2024-02-20T05:00:00Z,24.53,24.67,24.5152,24.61,5436,113,24.5912
2024-02-21T05:00:00Z,24.5,24.81,24.476,24.5,18511,227,24.5671
2024-02-22T05:00:00Z,24.63,24.66,24.4301,24.54,8528,172,24.5404
2024-02-23T05:00:00Z,24.55,24.91,24.55,24.85,28780,470,24.7883
2024-02-26T05:00:00Z,24.75,24.9,24.6301,24.81,17568,297,24.79
2024-02-27T05:00:00Z,24.81,24.93,24.7,24.78,14596,138,24.7753
2024-02-28T05:00:00Z,24.51,24.61,24.34,24.53,17956,252,24.5244
2024-02-29T05:00:00Z,24.53,24.95,24.3815,24.85,145169,437,24.7873
2024-03-01T05:00:00Z,24.82,24.82,24.6701,24.74,37863,262,24.7702
2024-03-04T05:00:00Z,24.71,24.82,24.6901,24.71,20464,303,24.7548
2024-03-05T05:00:00Z,24.72,24.83,24.7,24.78,15980,247,24.7485
2024-03-06T05:00:00Z,24.85,24.96,24.82,24.87,39748,352,24.8839
2024-03-07T05:00:00Z,24.93,24.97,24.75,24.93,28054,275,24.852
2024-03-08T05:00:00Z,24.92,24.96,24.9,24.93,14653,245,24.9245
2024-03-11T04:00:00Z,24.91,24.94,24.85,24.88,17976,154,24.8908
2024-03-12T04:00:00Z,24.82,24.88,24.8001,24.88,8171,141,24.8311
2024-03-13T04:00:00Z,24.86,24.93,24.85,24.86,14922,210,24.8954
2024-03-14T04:00:00Z,24.76,24.76,24.59,24.63,13946,188,24.709
2024-03-15T04:00:00Z,24.71,24.74,24.5374,24.62,11553,141,24.6181
2024-03-18T04:00:00Z,24.63,24.7199,24.5121,24.595,13929,196,24.606
2024-03-19T04:00:00Z,24.63,24.87,24.63,24.83,24269,194,24.7586
2024-03-20T04:00:00Z,24.83,24.86,24.65,24.76,17679,177,24.7886
2024-03-21T04:00:00Z,24.76,24.981,24.76,24.88,21627,278,24.908
2024-03-22T04:00:00Z,24.88,24.935,24.7885,24.9,8544,159,24.8692
2024-03-25T04:00:00Z,24.9088,24.9088,24.68,24.73,9407,170,24.754
2024-03-26T04:00:00Z,24.82,24.85,24.63,24.8,18186,250,24.7044
2024-03-27T04:00:00Z,24.77,24.85,24.67,24.77,22629,345,24.7546
2024-03-28T04:00:00Z,24.84,24.87,24.3,24.39,73067,359,24.4832
2024-04-01T04:00:00Z,24.45,24.4947,24.135,24.4706,23748,401,24.3727
2024-04-02T04:00:00Z,24.35,24.47,24.16,24.16,13524,325,24.2625
2024-04-03T04:00:00Z,24.1,24.1691,24,24.15,15975,200,24.1156
2024-04-04T04:00:00Z,24.35,24.39,24.3,24.35,10734,178,24.3645
2024-04-05T04:00:00Z,24.2401,24.4699,24.2401,24.39,9343,149,24.3833
2024-04-08T04:00:00Z,24.45,24.45,24.3,24.38,6066,94,24.3593
2024-04-09T04:00:00Z,24.36,24.455,24.3,24.44,13078,147,24.353
2024-04-10T04:00:00Z,24.15,24.225,23.72,23.93,19555,295,23.9758
2024-04-11T04:00:00Z,23.97,23.97,23.5501,23.58,14219,251,23.7244
2024-04-12T04:00:00Z,23.6,23.65,23.44,23.45,6199,153,23.5168
2024-04-15T04:00:00Z,23.4,23.4,22.75,22.83,23382,312,22.9645
2024-04-16T04:00:00Z,22.74,23.0406,22.61,22.8,15289,190,22.8565
2024-04-17T04:00:00Z,23,23.0713,22.85,22.94,16436,140,22.9547
2024-04-18T04:00:00Z,22.95,22.97,22.8,22.88,37544,479,22.8781
2024-04-19T04:00:00Z,22.84,23.02,22.84,22.92,10259,143,22.9379
2024-04-22T04:00:00Z,22.99,23.09,22.9,22.9,16763,200,23.0071
2024-04-23T04:00:00Z,22.98,23.45,22.98,23.45,31162,319,23.3113
2024-04-24T04:00:00Z,23.4,23.49,23.27,23.46,17350,236,23.409
2024-04-25T04:00:00Z,23.23,23.25,23.02,23.18,12568,155,23.1587
2024-04-26T04:00:00Z,23.27,23.37,22.96,22.96,18554,244,23.1324
2024-04-29T04:00:00Z,23.01,23.0899,22.96,22.99,30665,339,23.0194
2024-04-30T04:00:00Z,23.02,23.0399,22.52,22.55,138171,576,22.6134
2024-05-01T04:00:00Z,22.64,22.88,22.61,22.77,77917,668,22.7138
2024-05-02T04:00:00Z,22.79,23.04,22.76,22.93,22350,262,22.9047
2024-05-03T04:00:00Z,23.16,23.3,23.05,23.27,31522,372,23.1795
2024-05-06T04:00:00Z,23.37,23.47,23.239,23.41,25271,197,23.3938
2024-05-07T04:00:00Z,23.54,23.57,23.31,23.45,16718,155,23.4318
2024-05-08T04:00:00Z,23.2513,23.4886,23.07,23.13,27365,278,23.2273
2024-05-09T04:00:00Z,23.13,23.142,22.95,23.04,18115,215,23.0421
2024-05-10T04:00:00Z,23.04,23.1518,22.91,22.99,12384,167,22.9825
2024-05-13T04:00:00Z,22.97,23.1498,22.97,23.03,14383,138,23.0392
2024-05-14T04:00:00Z,23.07,23.11,22.95,22.95,29963,277,23.0616
2024-05-15T04:00:00Z,23.12,23.27,23.11,23.22,40728,310,23.1691
2024-05-16T04:00:00Z,23.26,23.33,23.07,23.14,28240,311,23.2199
2024-05-17T04:00:00Z,23.15,23.15,23.02,23.12,20350,239,23.0991
2024-05-20T04:00:00Z,23.06,23.18,23.03,23.11,14595,128,23.0925
2024-05-21T04:00:00Z,23.11,23.2699,23.07,23.12,22023,211,23.1495
2024-05-22T04:00:00Z,23.06,23.14,23.02,23.06,17129,194,23.0516
2024-05-23T04:00:00Z,23.16,23.16,22.8,22.94,55533,419,22.9312
2024-05-24T04:00:00Z,22.98,23.089,22.92,23.08,12809,128,22.9984
2024-05-28T04:00:00Z,23.01,23.1491,23.01,23.04,16016,212,23.0422
2024-05-29T04:00:00Z,22.94,23.13,22.83,22.86,58461,432,22.8788
2024-05-30T04:00:00Z,22.94,23.22,22.92,23.22,10667,186,23.0761
2024-05-31T04:00:00Z,22.98,23.43,22.95,23.41,86736,355,23.315
2024-06-03T04:00:00Z,23.4,23.4,23.28,23.32,30955,252,23.3269
2024-06-04T04:00:00Z,23.36,23.36,23.01,23.28,38925,287,23.2137
2024-06-05T04:00:00Z,23.3,23.32,23.17,23.24,11144,177,23.2382
2024-06-06T04:00:00Z,23.17,23.36,23.17,23.36,14004,171,23.2922
2024-06-07T04:00:00Z,23.28,23.33,23.1331,23.33,10803,114,23.2832
2024-06-10T04:00:00Z,23.3181,23.3181,23.09,23.17,11718,137,23.1699
2024-06-11T04:00:00Z,23.0901,23.2546,23.0501,23.0501,7943,107,23.1294
2024-06-12T04:00:00Z,23.17,23.439,23.17,23.24,20191,210,23.3234
2024-06-13T04:00:00Z,23.37,23.4507,23.2001,23.29,8811,95,23.3328
2024-06-14T04:00:00Z,23.39,23.4,23.2901,23.3,14928,317,23.3376
2024-06-17T04:00:00Z,23.3,23.3699,23.18,23.32,11376,147,23.2988
2024-06-18T04:00:00Z,23.32,23.46,23.2789,23.415,7418,95,23.4073
2024-06-20T04:00:00Z,23.31,23.42,23.29,23.33,17772,134,23.3528
2024-06-21T04:00:00Z,23.27,23.3899,23.27,23.3899,10651,150,23.3522
2024-06-24T04:00:00Z,23.33,23.48,23.31,23.33,12240,153,23.3834
2024-06-25T04:00:00Z,23.38,23.49,23.38,23.47,20998,188,23.4363
2024-06-26T04:00:00Z,23.42,23.45,23.35,23.37,17259,143,23.4014
2024-06-27T04:00:00Z,23.39,23.4899,23.3,23.44,18770,164,23.4008
2024-06-28T04:00:00Z,23.36,23.38,23.23,23.37,30987,181,23.3323
2024-07-01T04:00:00Z,24.5,24.5,22.99,23.25,37029,311,23.196
2024-07-02T04:00:00Z,23.2546,23.35,23.18,23.265,9247,132,23.2833
2024-07-03T04:00:00Z,23.26,23.41,23.22,23.4,29592,271,23.2897
2024-07-05T04:00:00Z,23.4,23.48,23.4,23.43,16381,174,23.4447
2024-07-08T04:00:00Z,23.43,23.5164,23.4009,23.43,21469,154,23.4644
2024-07-09T04:00:00Z,23.36,23.45,23.29,23.33,14072,191,23.3844
2024-07-10T04:00:00Z,23.31,23.41,23.31,23.41,22402,188,23.3647
2024-07-11T04:00:00Z,23.53,23.69,23.5043,23.69,20788,223,23.623
2024-07-12T04:00:00Z,23.69,23.89,23.61,23.75,16059,179,23.7629
2024-07-15T04:00:00Z,23.7211,23.85,23.6958,23.76,17597,192,23.7808
2024-07-16T04:00:00Z,23.76,23.93,23.75,23.8101,16699,133,23.8311
2024-07-17T04:00:00Z,23.76,23.81,23.686,23.7648,9645,116,23.7336
2024-07-18T04:00:00Z,23.85,23.87,23.62,23.75,17309,144,23.7777
2024-07-19T04:00:00Z,23.6779,23.75,23.63,23.68,7883,90,23.6768
2024-07-22T04:00:00Z,23.8695,23.8695,23.67,23.7699,8422,89,23.7623
2024-07-23T04:00:00Z,23.715,23.7621,23.52,23.52,8605,171,23.6464
2024-07-24T04:00:00Z,23.52,23.699,23.2,23.2,23529,260,23.4346
2024-07-25T04:00:00Z,23.35,23.55,23.3035,23.4,20089,216,23.4312
2024-07-26T04:00:00Z,23.45,23.55,23.3711,23.55,15294,137,23.4723
2024-07-29T04:00:00Z,23.505,23.56,23.3404,23.41,23253,209,23.438
2024-07-30T04:00:00Z,23.36,23.45,23.11,23.3,34633,373,23.2525
2024-07-31T04:00:00Z,23.33,23.4,22.89,23.09,138932,897,23.1004
2024-08-01T04:00:00Z,23.15,23.32,23.09,23.27,39682,381,23.2073
2024-08-02T04:00:00Z,23.26,23.47,23.2109,23.46,26212,226,23.3533
2024-08-05T04:00:00Z,23.2,23.2898,22.85,23.25,24125,200,23.1924
2024-08-06T04:00:00Z,23.33,23.4916,23.2,23.38,37413,409,23.3715
2024-08-07T04:00:00Z,23.29,23.59,23.29,23.5,23308,273,23.5393
2024-08-08T04:00:00Z,23.6,23.6299,23.47,23.61,19596,194,23.5412
2024-08-09T04:00:00Z,23.72,23.72,23.5298,23.62,18594,166,23.639
2024-08-12T04:00:00Z,23.62,23.66,23.5295,23.61,14590,171,23.5801
2024-08-13T04:00:00Z,23.59,23.79,23.59,23.75,24173,215,23.6531
2024-08-14T04:00:00Z,23.77,23.97,23.77,23.92,19256,162,23.8559
2024-08-15T04:00:00Z,23.81,23.88,23.7814,23.88,12623,156,23.833
2024-08-16T04:00:00Z,23.93,24.16,23.885,24.14,27860,208,24.0434
2024-08-19T04:00:00Z,24.16,24.26,24.1001,24.23,17269,141,24.1811
2024-08-20T04:00:00Z,24.16,24.29,24.1501,24.27,22566,190,24.2178
2024-08-21T04:00:00Z,24.22,24.45,24.22,24.45,18584,149,24.3319
2024-08-22T04:00:00Z,24.3103,24.44,24.31,24.41,20288,173,24.3682
2024-08-23T04:00:00Z,24.395,24.5,24.3201,24.5,29856,208,24.4175
2024-08-26T04:00:00Z,24.45,24.5999,24.38,24.48,18389,176,24.5292
2024-08-27T04:00:00Z,24.47,24.4999,24.431,24.4999,14297,166,24.4658
2024-08-28T04:00:00Z,24.5177,24.59,24.3601,24.55,17001,179,24.5138
2024-08-29T04:00:00Z,24.41,24.69,24.41,24.57,25774,207,24.6346
2024-08-30T04:00:00Z,24.36,24.42,24.1101,24.16,22260,263,24.1963
2024-09-03T04:00:00Z,24.18,24.27,24.0706,24.1701,34447,244,24.1862
2024-09-04T04:00:00Z,24.24,24.44,24.15,24.41,17843,176,24.3635
2024-09-05T04:00:00Z,24.45,24.63,24.4,24.6,35200,315,24.5419
2024-09-06T04:00:00Z,24.62,24.65,24.4,24.58,15612,272,24.5775
2024-09-09T04:00:00Z,24.58,24.7,24.57,24.7,14702,173,24.6657
2024-09-10T04:00:00Z,24.65,24.77,24.65,24.7605,18225,150,24.7291
2024-09-11T04:00:00Z,24.77,24.87,24.67,24.81,9796,167,24.7678
2024-09-12T04:00:00Z,24.85,24.91,24.7801,24.83,16000,202,24.8332
2024-09-13T04:00:00Z,24.81,24.92,24.79,24.82,32233,272,24.8201
2024-09-16T04:00:00Z,24.8,24.9,24.8,24.9,18242,179,24.8655
2024-09-17T04:00:00Z,24.92,25,24.9,24.9154,27057,251,24.9568
2024-09-18T04:00:00Z,24.97,24.97,24.81,24.91,18819,143,24.8896
2024-09-19T04:00:00Z,24.97,25.0656,24.88,24.96,24067,209,24.9649
2024-09-20T04:00:00Z,24.95,24.95,24.8701,24.92,28146,217,24.923
2024-09-23T04:00:00Z,24.935,24.94,24.78,24.88,17715,218,24.9046
2024-09-24T04:00:00Z,24.8,24.975,24.8,24.97,25260,157,24.9138
2024-09-25T04:00:00Z,24.97,24.98,24.87,24.89,18848,410,24.9424
2024-09-26T04:00:00Z,24.89,24.9499,24.87,24.94,19137,174,24.9123
2024-09-27T04:00:00Z,24.9566,24.96,24.85,24.93,14682,190,24.9024
2024-09-30T04:00:00Z,24.95,24.99,24.66,24.99,163221,699,24.949
2024-10-01T04:00:00Z,24.97,24.97,24.76,24.84,36415,236,24.8416
2024-10-02T04:00:00Z,24.76,24.82,24.75,24.78,29751,230,24.7857
2024-10-03T04:00:00Z,24.78,24.91,24.76,24.85,13889,182,24.8215
2024-10-04T04:00:00Z,24.75,24.77,24.65,24.71,8586,123,24.714
2024-10-07T04:00:00Z,24.62,24.6595,24.42,24.42,16215,193,24.5159
2024-10-08T04:00:00Z,24.42,24.52,24.3601,24.46,49658,576,24.4525
2024-10-09T04:00:00Z,24.51,24.54,24.36,24.41,19814,220,24.4256
2024-10-10T04:00:00Z,24.46,24.46,24.35,24.37,16325,148,24.401
2024-10-11T04:00:00Z,24.35,24.5,24.25,24.49,25128,267,24.3958
2024-10-14T04:00:00Z,24.5699,24.63,24.4401,24.63,15640,171,24.5384
2024-10-15T04:00:00Z,24.745,24.8349,24.63,24.6875,22262,240,24.7012
2024-10-16T04:00:00Z,24.67,24.88,24.67,24.88,18078,262,24.8104
2024-10-17T04:00:00Z,24.802,24.87,24.5954,24.8242,11426,129,24.8162
2024-10-18T04:00:00Z,24.82,24.92,24.73,24.815,10056,72,24.8418
2024-10-21T04:00:00Z,24.8,24.8525,24.4009,24.42,16307,162,24.5203
2024-10-22T04:00:00Z,24.56,24.6,24.4,24.57,10307,159,24.5127
2024-10-23T04:00:00Z,24.47,24.5,24.26,24.3,18306,237,24.3541
2024-10-24T04:00:00Z,24.26,24.35,24.1901,24.1901,11090,138,24.2718
2024-10-25T04:00:00Z,24.3613,24.3613,24.1512,24.24,14745,157,24.2465
2024-10-28T04:00:00Z,24.2156,24.34,24.1501,24.24,10578,144,24.2288
2024-10-29T04:00:00Z,24.17,24.17,23.9687,24.16,23307,196,24.0629
2024-10-30T04:00:00Z,24.17,24.3374,24.15,24.2,20953,202,24.2196
2024-10-31T04:00:00Z,24.2,24.2,23.93,23.97,38122,647,23.9962
2024-11-01T04:00:00Z,24.08,24.09,23.78,23.87,19742,162,23.9221
2024-11-04T05:00:00Z,23.9,24.11,23.86,23.99,24976,272,23.9656
2024-11-05T05:00:00Z,24.102,24.3,24.0101,24.3,18834,187,24.1218
2024-11-06T05:00:00Z,24.15,24.15,23.99,24.04,16687,138,24.0469
2024-11-07T05:00:00Z,24.08,24.31,24.08,24.25,32165,210,24.1434
2024-11-08T05:00:00Z,24.49,24.67,24.48,24.6,13386,140,24.5562
2024-11-11T05:00:00Z,24.4506,24.59,24.3,24.38,51520,333,24.4257
2024-11-12T05:00:00Z,24.26,24.4,24.26,24.26,30341,267,24.293
2024-11-13T05:00:00Z,24.28,24.28,23.99,24.14,34068,305,24.1533
2024-11-14T05:00:00Z,24.18,24.2909,23.9507,24.1601,13993,175,24.1497
2024-11-15T05:00:00Z,24.22,24.22,24.1,24.16,24025,192,24.1478
2024-11-18T05:00:00Z,24.09,24.2299,24.0001,24.15,16131,162,24.1282
2024-11-19T05:00:00Z,24.19,24.19,23.94,24,45769,353,24.0483
2024-11-20T05:00:00Z,23.98,23.98,23.83,23.85,24960,251,23.9087
2024-11-21T05:00:00Z,23.85,24.12,23.85,23.9,15178,222,23.9485
2024-11-22T05:00:00Z,23.91,24.1299,23.91,24.02,19711,171,24.0032
2024-11-25T05:00:00Z,24.13,24.3,24.0232,24.09,22381,212,24.1457
2024-11-26T05:00:00Z,24.12,24.12,23.69,23.73,33669,415,23.7885
2024-11-27T05:00:00Z,23.75,23.9493,23.56,23.61,36232,386,23.7216
2024-11-29T05:00:00Z,23.42,23.42,23.16,23.18,244820,612,23.2016
2024-12-02T05:00:00Z,23.28,23.3274,22.95,23.01,117982,760,23.1125
2024-12-03T05:00:00Z,23.06,23.14,22.92,22.98,75665,472,23.0235
2024-12-04T05:00:00Z,22.98,23.09,22.91,23.08,40798,293,23.0058
2024-12-05T05:00:00Z,23.04,23.17,23.0103,23.1,33583,351,23.0973
2024-12-06T05:00:00Z,23.19,23.19,23.02,23.07,26062,309,23.0748
2024-12-09T05:00:00Z,23.05,23.1013,22.9,22.93,39958,328,23.0017
2024-12-10T05:00:00Z,22.93,23.1099,22.82,23.04,42401,331,22.9647
2024-12-11T05:00:00Z,23.07,23.19,23.03,23.03,42986,303,23.0975
2024-12-12T05:00:00Z,23.03,23.03,22.75,22.8,47486,417,22.8962
2024-12-13T05:00:00Z,22.78,22.8291,22.52,22.65,40492,328,22.6573
2024-12-16T05:00:00Z,22.72,22.72,22.5501,22.62,24646,230,22.6499
2024-12-17T05:00:00Z,22.62,22.78,22.62,22.78,55388,333,22.6869
2024-12-18T05:00:00Z,22.73,22.9,22.395,22.44,56172,392,22.7011
2024-12-19T05:00:00Z,22.24,22.4275,22.01,22.15,78894,399,22.1386
2024-12-20T05:00:00Z,22.25,22.48,22.12,22.27,44327,338,22.3212
2024-12-23T05:00:00Z,22.27,22.3102,22.1001,22.18,55933,382,22.2137
2024-12-24T05:00:00Z,22.11,22.155,21.95,22.12,17754,187,22.0616
2024-12-26T05:00:00Z,22.11,22.11,21.8,21.95,58800,326,21.9532
2024-12-27T05:00:00Z,21.91,21.96,21.69,21.75,42872,376,21.8063
2024-12-30T05:00:00Z,21.71,22.03,21.65,22,67174,472,21.8611
2024-12-31T05:00:00Z,21.88,22.23,21.82,21.97,185426,772,21.9579
2025-01-02T05:00:00Z,22.12,22.446,22.12,22.35,18947,200,22.2653
2025-01-03T05:00:00Z,22.42,22.65,22.4,22.52,28928,241,22.5807
2025-01-06T05:00:00Z,22.55,22.6553,22.39,22.46,32649,293,22.4725
2025-01-07T05:00:00Z,22.52,22.52,22.05,22.15,23225,243,22.2406
2025-01-08T05:00:00Z,22.09,22.1486,21.71,21.95,48782,330,21.9575
2025-01-10T05:00:00Z,21.8,22.06,21.63,21.86,100518,636,21.81
2025-01-13T05:00:00Z,21.8,21.87,21.7,21.77,32803,320,21.7714
2025-01-14T05:00:00Z,21.81,22.02,21.7601,21.95,47988,402,21.9086
2025-01-15T05:00:00Z,22.33,22.52,22.27,22.4948,23705,236,22.397
2025-01-16T05:00:00Z,22.41,22.71,22.3707,22.5988,32964,236,22.5775
2025-01-17T05:00:00Z,22.66,22.66,22.4,22.55,33792,291,22.5414
2025-01-21T05:00:00Z,22.66,22.8696,22.5801,22.86,25710,163,22.7128
2025-01-22T05:00:00Z,22.82,22.86,22.69,22.785,16775,168,22.7855
2025-01-23T05:00:00Z,22.64,22.75,22.56,22.66,20115,148,22.6662
2025-01-24T05:00:00Z,22.684,22.82,22.64,22.75,20522,179,22.7242
2025-01-27T05:00:00Z,22.72,23.07,22.57,23.06,40610,286,22.8907
2025-01-28T05:00:00Z,22.98,23.0699,22.81,22.89,25793,212,22.9215
2025-01-29T05:00:00Z,23,23,22.6,22.63,22914,211,22.7695
2025-01-30T05:00:00Z,22.75,22.8575,22.7,22.72,17452,213,22.7596
2025-01-31T05:00:00Z,22.7925,22.88,22.26,22.26,73145,276,22.5196
2025-02-03T05:00:00Z,22.19,22.5,22.08,22.11,28369,231,22.1643
2025-02-04T05:00:00Z,22.1,22.27,22.1,22.22,26286,188,22.1897
2025-02-05T05:00:00Z,22.34,22.5,22.32,22.43,27674,186,22.4135
2025-02-06T05:00:00Z,22.47,22.51,22.2701,22.39,18660,166,22.4075
2025-02-07T05:00:00Z,22.35,22.35,22.2,22.3,11282,138,22.2755
2025-02-10T05:00:00Z,22.36,22.44,22.2601,22.29,12716,125,22.3621
2025-02-11T05:00:00Z,22.26,22.39,22.22,22.24,20669,169,22.2934
2025-02-12T05:00:00Z,22.09,22.09,21.81,21.99,48048,358,21.9863
2025-02-13T05:00:00Z,22.09,22.27,22.0309,22.25,33142,262,22.1975
2025-02-14T05:00:00Z,22.34,22.41,22.3047,22.33,27523,313,22.3588
2025-02-18T05:00:00Z,22.26,22.38,22.23,22.28,13516,152,22.2967
2025-02-19T05:00:00Z,22.18,22.3637,22.18,22.22,22572,216,22.2413
2025-02-20T05:00:00Z,22.177,22.3057,22.13,22.2,16388,167,22.2082
2025-02-21T05:00:00Z,22.25,22.2993,22.1401,22.25,8971,88,22.254
2025-02-24T05:00:00Z,22.25,22.4,22.2227,22.32,19752,183,22.3076
2025-02-25T05:00:00Z,22.48,22.49,22.3901,22.44,40936,295,22.4521
2025-02-26T05:00:00Z,22.48,22.49,22.35,22.43,16763,147,22.4495
2025-02-27T05:00:00Z,22.39,22.46,22.3109,22.34,37286,256,22.3551
2025-02-28T05:00:00Z,22.05,22.13,21.95,22.06,38340,246,22.0572
2025-03-03T05:00:00Z,22.15,22.22,22.03,22.08,35887,339,22.1506
2025-03-04T05:00:00Z,22.13,22.17,21.96,21.99,31582,252,22.0109
2025-03-05T05:00:00Z,22,22.1,21.9601,22,33448,270,22.0011
2025-03-06T05:00:00Z,21.98,22.05,21.9,21.9,35895,203,21.952
2025-03-07T05:00:00Z,21.99,22.03,21.82,21.88,22836,207,21.9167
2025-03-10T04:00:00Z,21.87,21.89,21.77,21.8,37019,219,21.8322
2025-03-11T04:00:00Z,21.78,21.8499,21.75,21.79,36907,296,21.7928
2025-03-12T04:00:00Z,21.85,21.89,21.72,21.82,25417,327,21.8289
2025-03-13T04:00:00Z,21.825,21.85,21.74,21.84,24687,251,21.8085
2025-03-14T04:00:00Z,21.88,22.02,21.8671,21.93,21834,296,21.9293
2025-03-17T04:00:00Z,22.02,22.17,21.98,22.13,20876,161,22.1016
2025-03-18T04:00:00Z,22.11,22.11,21.94,22.06,20829,125,22.0158
2025-03-19T04:00:00Z,22.0236,22.1799,22,22.13,29668,233,22.0847
2025-03-20T04:00:00Z,22.11,22.2,22.075,22.13,11387,112,22.142
2025-03-21T04:00:00Z,22.05,22.09,22,22.04,28750,154,22.0671
2025-03-24T04:00:00Z,22.14,22.14,21.96,21.98,32971,179,22.0202
2025-03-25T04:00:00Z,22.04,22.05,21.97,22.02,15627,130,22.0031
2025-03-26T04:00:00Z,21.98,21.98,21.76,21.84,28547,250,21.8774
2025-03-27T04:00:00Z,21.76,21.87,21.62,21.73,37064,343,21.7234
2025-03-28T04:00:00Z,21.73,21.82,21.62,21.63,35570,308,21.6802
2025-03-31T04:00:00Z,21.55,21.64,21.45,21.53,185044,468,21.5377
2025-04-01T04:00:00Z,21.6,21.6889,21.5,21.54,38453,294,21.5798
2025-04-02T04:00:00Z,21.49,21.6216,21.4799,21.61,28458,229,21.5574
2025-04-03T04:00:00Z,21.39,21.55,21.25,21.55,53722,390,21.4688
2025-04-04T04:00:00Z,21.39,21.79,21.31,21.76,105099,556,21.5733
2025-04-07T04:00:00Z,21.59,22.08,21.4101,21.59,34933,348,21.7118
2025-04-08T04:00:00Z,21.8,21.86,21.4001,21.62,55542,478,21.6516
2025-04-09T04:00:00Z,21.5,21.9426,21.25,21.85,48348,451,21.593
2025-04-10T04:00:00Z,21.81,22.0751,21.5,21.52,42711,341,21.6692
2025-04-11T04:00:00Z,21.52,21.52,21.1101,21.25,27599,342,21.2706
2025-04-14T04:00:00Z,21.37,21.51,21.25,21.29,35598,277,21.3134
2025-04-15T04:00:00Z,21.39,21.5241,21.32,21.34,25871,266,21.3554
2025-04-16T04:00:00Z,21.1,21.3799,21.1,21.27,11085,129,21.2995
2025-04-17T04:00:00Z,21.39,21.39,21.2601,21.31,23770,184,21.3242
2025-04-21T04:00:00Z,21.29,21.29,21.2,21.223,16243,179,21.242
2025-04-22T04:00:00Z,21.27,21.39,21.27,21.37,14614,135,21.3492
2025-04-23T04:00:00Z,21.56,21.73,21.56,21.65,21323,154,21.6641
2025-04-24T04:00:00Z,21.7049,21.79,21.615,21.71,29188,258,21.7133
2025-04-25T04:00:00Z,21.64,21.73,21.56,21.69,20676,233,21.6283
2025-04-28T04:00:00Z,21.69,21.74,21.6,21.74,24515,189,21.6983
2025-04-29T04:00:00Z,21.74,21.78,21.66,21.72,10736,139,21.7258
2025-04-30T04:00:00Z,21.69,21.69,21.51,21.57,20145,240,21.621
2025-05-01T04:00:00Z,21.6,21.67,21.4696,21.57,25657,265,21.6014
2025-05-02T04:00:00Z,21.56,21.6893,21.49,21.56,8267,128,21.5864
2025-05-05T04:00:00Z,21.5,21.5468,21.41,21.42,18738,190,21.4545
2025-05-06T04:00:00Z,21.4,21.47,21.32,21.47,16142,137,21.387
2025-05-07T04:00:00Z,21.47,21.58,21.4244,21.49,7000,100,21.4899
2025-05-08T04:00:00Z,21.5,21.61,21.48,21.48,17625,180,21.5566
2025-05-09T04:00:00Z,21.5129,21.5129,21.45,21.51,15092,154,21.4913
2025-05-12T04:00:00Z,21.57,21.76,21.5,21.52,29172,205,21.5486
2025-05-13T04:00:00Z,21.54,21.57,21.48,21.5384,7466,151,21.5386
2025-05-14T04:00:00Z,21.46,21.505,21.4201,21.45,15937,152,21.4552
2025-05-15T04:00:00Z,21.47,21.58,21.4335,21.5044,14527,110,21.5098
2025-05-16T04:00:00Z,21.59,21.59,21.47,21.54,25114,186,21.5107
2025-05-19T04:00:00Z,21.49,21.5912,21.43,21.5912,16094,165,21.5366
2025-05-20T04:00:00Z,21.51,21.72,21.51,21.645,41133,270,21.6286
2025-05-21T04:00:00Z,21.56,21.56,21.21,21.21,35017,335,21.4348
2025-05-22T04:00:00Z,21.18,21.2975,21.16,21.2599,21506,193,21.2404
2025-05-23T04:00:00Z,21.23,21.25,21.16,21.25,15191,141,21.2167
2025-05-27T04:00:00Z,21.32,21.44,21.19,21.44,45025,280,21.3324
2025-05-28T04:00:00Z,21.34,21.45,21.2868,21.29,41880,329,21.3619
2025-05-29T04:00:00Z,21.32,21.48,21.32,21.48,41459,253,21.3975
2025-05-30T04:00:00Z,21.15,21.27,21.08,21.2,98731,232,21.1976
2025-06-02T04:00:00Z,21.16,21.2305,21.0515,21.2,43315,268,21.1603
2025-06-03T04:00:00Z,21.2,21.33,21.2,21.29,29419,190,21.2739
2025-06-04T04:00:00Z,21.3199,21.44,21.2601,21.42,18309,140,21.3942
2025-06-05T04:00:00Z,21.4659,21.5737,21.4659,21.525,29785,235,21.5332
2025-06-06T04:00:00Z,21.515,21.54,21.41,21.41,26600,200,21.471
2025-06-09T04:00:00Z,21.41,21.53,21.4,21.5,32836,181,21.4909
2025-06-10T04:00:00Z,21.45,21.51,21.4145,21.49,35284,272,21.4685
2025-06-11T04:00:00Z,21.5,21.5591,21.43,21.43,32124,198,21.4916
2025-06-12T04:00:00Z,21.46,21.49,21.36,21.4,19367,141,21.4271
2025-06-13T04:00:00Z,21.4,21.41,21.25,21.36,22500,173,21.32
2025-06-16T04:00:00Z,21.32,21.37,21.25,21.28,15102,151,21.2894
2025-06-17T04:00:00Z,21.33,21.34,21.24,21.25,17391,179,21.2845
2025-06-18T04:00:00Z,21.2,21.38,21.2,21.3,21303,128,21.325
2025-06-20T04:00:00Z,21.31,21.4099,21.3,21.32,14627,154,21.351
2025-06-23T04:00:00Z,21.35,21.4459,21.35,21.38,10426,122,21.3943
2025-06-24T04:00:00Z,21.46,21.56,21.3937,21.49,25955,208,21.5039
2025-06-25T04:00:00Z,21.53,21.54,21.48,21.507,14299,102,21.4965
2025-06-26T04:00:00Z,21.51,21.62,21.48,21.5904,57327,313,21.5317
2025-06-27T04:00:00Z,21.53,21.64,21.35,21.43,49616,326,21.4982
2025-06-30T04:00:00Z,21.44,21.54,21.25,21.31,109005,516,21.3428
2025-07-01T04:00:00Z,21.35,21.56,21.35,21.52,31516,236,21.4487
2025-07-02T04:00:00Z,21.4613,21.85,21.4613,21.84,25411,260,21.7383
2025-07-03T04:00:00Z,21.8,21.87,21.7275,21.74,29331,324,21.7848
2025-07-07T04:00:00Z,21.8,21.84,21.72,21.78,29541,326,21.7935
2025-07-08T04:00:00Z,21.7316,21.94,21.7316,21.94,22066,206,21.8482
2025-07-09T04:00:00Z,21.894,22.008,21.8691,21.9784,10556,122,21.953
2025-07-10T04:00:00Z,22.05,22.23,22,22.21,21575,213,22.1293
2025-07-11T04:00:00Z,22.19,22.23,21.97,22.11,16258,134,22.1161
2025-07-14T04:00:00Z,22,22.12,21.9143,22.02,23857,203,21.9859
2025-07-15T04:00:00Z,22.14,22.14,21.845,21.9,33627,302,21.9188
2025-07-16T04:00:00Z,22.01,22.02,21.79,21.8,21962,203,21.9301
2025-07-17T04:00:00Z,21.88,22.0799,21.84,21.98,15869,160,21.937
2025-07-18T04:00:00Z,22.06,22.06,21.9,21.9899,16512,107,21.9905
2025-07-21T04:00:00Z,22.01,22.12,21.88,21.95,13767,191,22.0254
2025-07-22T04:00:00Z,22.0426,22.1699,21.9401,21.97,10837,149,22.0418
2025-07-23T04:00:00Z,22.0099,22.01,21.8713,21.91,12026,122,21.9498
2025-07-24T04:00:00Z,21.85,22.05,21.8101,22.01,18011,239,21.9022
2025-07-25T04:00:00Z,22,22.16,22,22.1,20753,249,22.0932
2025-07-28T04:00:00Z,22.15,22.15,22,22.11,30869,282,22.0669
2025-07-29T04:00:00Z,22.02,22.26,22.02,22.23,11808,196,22.1307
2025-07-30T04:00:00Z,22.1431,22.23,22.08,22.21,11439,142,22.1712
2025-07-31T04:00:00Z,22.2538,22.51,22.19,22.51,71724,261,22.4687
2025-08-01T04:00:00Z,22.51,22.6,22.46,22.57,8325,137,22.526
2025-08-04T04:00:00Z,22.63,22.98,22.58,22.91,30797,282,22.774
2025-08-05T04:00:00Z,22.9,22.9992,22.82,22.9851,16423,156,22.9149
2025-08-06T04:00:00Z,22.99,23.13,22.81,22.9,34305,279,22.9752
2025-08-07T04:00:00Z,22.885,22.885,22.64,22.68,16841,145,22.7379
2025-08-08T04:00:00Z,22.68,22.71,22.6301,22.71,9793,144,22.6689
2025-08-11T04:00:00Z,22.63,22.725,22.63,22.71,11353,85,22.7031
2025-08-12T04:00:00Z,22.77,22.85,22.75,22.85,11513,137,22.7984
2025-08-13T04:00:00Z,22.91,23.04,22.9,23.02,12798,158,22.974
2025-08-14T04:00:00Z,23.0084,23.02,22.92,22.99,8008,118,22.9914
2025-08-15T04:00:00Z,22.92,23.03,22.87,23,12363,107,22.944
2025-08-18T04:00:00Z,22.98,23.01,22.97,23.01,5753,98,22.9943
2025-08-19T04:00:00Z,23.01,23.23,22.98,23.22,29547,311,23.1104
2025-08-20T04:00:00Z,23.16,23.34,23.1501,23.34,14394,157,23.2432
2025-08-21T04:00:00Z,23.28,23.39,23.21,23.32,29282,243,23.3201
2025-08-22T04:00:00Z,23.4,23.49,23.3,23.429,17322,166,23.4162
2025-08-25T04:00:00Z,23.4822,23.52,23.41,23.47,11933,157,23.4693
2025-08-26T04:00:00Z,23.4998,23.54,23.45,23.48,16410,185,23.4952
2025-08-27T04:00:00Z,23.47,23.53,23.4501,23.5,21988,187,23.4816
2025-08-28T04:00:00Z,23.5,23.54,23.4601,23.52,14420,101,23.4945
2025-08-29T04:00:00Z,23.2,23.2,22.78,22.8,106907,351,22.8736
2025-09-02T04:00:00Z,22.75,22.924,22.75,22.81,24043,187,22.8205
2025-09-03T04:00:00Z,22.92,22.9799,22.8154,22.97,11483,193,22.9017
2025-09-04T04:00:00Z,23.02,23.07,22.9125,23.03,24548,250,23.021
2025-09-05T04:00:00Z,23.14,23.3099,23.14,23.27,64059,498,23.1999
2025-09-08T04:00:00Z,23.29,23.43,23.2401,23.43,23666,308,23.3576
2025-09-09T04:00:00Z,23.43,23.43,23.28,23.4,11118,163,23.3729
2025-09-10T04:00:00Z,23.35,23.52,23.35,23.49,7765,101,23.4763
2025-09-11T04:00:00Z,23.5344,23.68,23.4687,23.64,14571,136,23.6024
2025-09-12T04:00:00Z,23.67,23.79,23.5738,23.79,21574,177,23.7235
2025-09-15T04:00:00Z,23.765,24,23.765,23.9512,28596,263,23.9172
2025-09-16T04:00:00Z,24,24.02,23.8,23.89,39229,579,23.907
2025-09-17T04:00:00Z,23.875,24.04,23.83,23.99,19311,170,23.9296
2025-09-18T04:00:00Z,23.99,23.99,23.87,23.9,11218,140,23.9341
2025-09-19T04:00:00Z,23.89,23.907,23.77,23.86,17751,172,23.8417
2025-09-22T04:00:00Z,23.81,23.938,23.77,23.77,9123,117,23.8467
2025-09-23T04:00:00Z,23.77,23.89,23.61,23.65,25744,251,23.697
2025-09-24T04:00:00Z,23.65,23.65,23.42,23.5,18872,227,23.5186
2025-09-25T04:00:00Z,23.56,23.56,23.2107,23.22,26840,252,23.3116
2025-09-26T04:00:00Z,23.2322,23.35,23,23.01,26685,196,23.2023
2025-09-29T04:00:00Z,23.01,23.03,22.84,22.91,21128,228,22.9469
2025-09-30T04:00:00Z,23,23,22.61,22.72,70489,432,22.7164
2025-10-01T04:00:00Z,22.8,23.13,22.8,23.13,19767,238,22.9587
2025-10-02T04:00:00Z,23.21,23.23,23.01,23.07,23276,208,23.1262
2025-10-03T04:00:00Z,23.1,23.17,23,23.02,16856,156,23.075
2025-10-06T04:00:00Z,22.91,23.0265,22.9,22.93,13024,240,22.9525
2025-10-07T04:00:00Z,22.95,22.955,22.9,22.93,13431,151,22.9345
2025-10-08T04:00:00Z,22.9609,23.04,22.9201,22.95,14257,140,22.9718
2025-10-09T04:00:00Z,22.92,22.92,22.75,22.77,21775,218,22.8526
2025-10-10T04:00:00Z,22.8,22.8569,22.51,22.51,18546,189,22.6183
2025-10-13T04:00:00Z,22.63,22.8281,22.58,22.69,13485,147,22.6487
2025-10-14T04:00:00Z,22.62,22.79,22.62,22.7,18424,228,22.7095
2025-10-15T04:00:00Z,22.69,22.86,22.69,22.78,22296,176,22.8062
2025-10-16T04:00:00Z,22.84,22.89,22.78,22.79,26265,187,22.8326
2025-10-17T04:00:00Z,22.841,22.93,22.81,22.85,14735,124,22.8602
2025-10-20T04:00:00Z,22.93,23.05,22.88,22.99,27540,240,22.9876
2025-10-21T04:00:00Z,22.99,23.09,22.98,23.07,15936,144,23.0203
2025-10-22T04:00:00Z,23,23,22.85,22.93,23405,168,22.9091
2025-10-23T04:00:00Z,22.87,22.99,22.85,22.94,12895,139,22.9054
2025-10-24T04:00:00Z,22.96,23.05,22.95,23.04,16158,177,23.0049
2025-10-27T04:00:00Z,23.04,23.1199,22.97,23.05,14585,194,23.0356
2025-10-28T04:00:00Z,23,23.1199,23,23.01,15220,142,23.0611
2025-10-29T04:00:00Z,23.11,23.11,22.93,22.93,7649,112,23.0452
2025-10-30T04:00:00Z,22.9501,22.9501,22.74,22.74,25033,254,22.818
2025-10-31T04:00:00Z,22.7,22.8296,22.57,22.64,46537,277,22.6519
2025-11-03T05:00:00Z,22.73,22.75,22.5601,22.63,19195,206,22.6566
2025-11-04T05:00:00Z,22.55,22.6327,22.43,22.6,25474,248,22.5509
2025-11-05T05:00:00Z,22.58,22.75,22.58,22.67,25370,260,22.6475
2025-11-06T05:00:00Z,22.65,22.73,22.5821,22.64,21370,176,22.6611
2025-11-07T05:00:00Z,22.65,22.73,22.54,22.56,16882,190,22.5951
2025-11-10T05:00:00Z,22.63,22.73,22.63,22.72,10891,144,22.702
2025-11-11T05:00:00Z,22.73,22.85,22.683,22.85,25991,168,22.7802
2025-11-12T05:00:00Z,22.84,22.87,22.62,22.63,23835,198,22.7042
2025-11-13T05:00:00Z,22.615,22.615,22.3,22.31,22412,174,22.4189
2025-11-14T05:00:00Z,22.28,22.45,22.28,22.31,20314,185,22.3406
2025-11-17T05:00:00Z,22.24,22.3199,21.9,21.96,26643,232,22.0795
2025-11-18T05:00:00Z,22.1,22.2205,21.91,21.9994,17975,179,22.0331
2025-11-19T05:00:00Z,21.91,22,21.88,21.96,16207,161,21.9675
2025-11-20T05:00:00Z,22,22.1,21.77,21.83,26596,225,21.8855
2025-11-21T05:00:00Z,21.83,22.04,21.76,21.96,15586,176,21.8952
2025-11-24T05:00:00Z,22.08,22.08,21.9501,22.014,17810,169,22.0166
2025-11-25T05:00:00Z,22.02,22.1699,22.01,22.06,22072,196,22.0835
2025-11-26T05:00:00Z,22.12,22.22,22.07,22.1,29744,234,22.145
2025-11-28T05:00:00Z,21.78,21.8898,21.58,21.68,53145,229,21.6837
2025-12-01T05:00:00Z,21.63,21.7,21.6,21.6,53315,320,21.6451
2025-12-02T05:00:00Z,21.65,21.6972,21.5401,21.65,42655,298,21.6264
2025-12-03T05:00:00Z,21.71,21.7592,21.62,21.7031,34219,295,21.6793
2025-12-04T05:00:00Z,21.68,21.7563,21.57,21.57,28228,215,21.6517
2025-12-05T05:00:00Z,21.57,21.69,21.54,21.57,30342,265,21.611
2025-12-08T05:00:00Z,21.55,21.633,21.5,21.56,29508,217,21.5819
2025-12-09T05:00:00Z,21.65,21.74,21.58,21.67,54183,446,21.671
2025-12-10T05:00:00Z,21.67,21.8499,21.6601,21.72,20143,214,21.7236
2025-12-11T05:00:00Z,21.75,21.96,21.66,21.86,41645,323,21.7869
2025-12-12T05:00:00Z,21.75,21.9499,21.6517,21.67,31537,243,21.7138
2025-12-15T05:00:00Z,21.67,21.82,21.67,21.74,44094,447,21.7417
2025-12-16T05:00:00Z,21.78,21.87,21.7505,21.83,43866,237,21.8193
2025-12-17T05:00:00Z,21.83,21.9199,21.7331,21.77,29974,233,21.7965
2025-12-18T05:00:00Z,21.89,21.99,21.7801,21.835,33885,241,21.8602
2025-12-19T05:00:00Z,21.76,21.8598,21.76,21.78,33398,279,21.8035
2025-12-22T05:00:00Z,21.81,21.89,21.7,21.7,33037,293,21.7881
2025-12-23T05:00:00Z,21.66,21.8199,21.6,21.64,27180,289,21.6584
2025-12-24T05:00:00Z,21.6,21.7051,21.6,21.65,14834,122,21.6555
2025-12-26T05:00:00Z,21.63,21.7,21.63,21.69,19964,141,21.6639
2025-12-29T05:00:00Z,21.62,21.6999,21.6,21.63,41488,274,21.6397
2025-12-30T05:00:00Z,21.63,21.67,21.57,21.62,56286,376,21.6115
2025-12-31T05:00:00Z,21.6,21.67,21.55,21.61,77623,405,21.5955
