timestamp,open,high,low,close,volume,tradeCount,vwap
2016-01-04T05:00:00Z,19.04,20.28,18.9,19.91,125833,729,19.5512
2016-01-05T05:00:00Z,19.94,20.28,19.66,19.81,39168,377,19.9137
2016-01-06T05:00:00Z,19.51,19.77,18.9,18.98,72746,498,19.1967
2016-01-07T05:00:00Z,18.9,18.9599,18.56,18.7,79949,545,18.7351
2016-01-08T05:00:00Z,18.78,19.23,18.55,18.72,53476,473,18.8111
2016-01-11T05:00:00Z,18.55,19.45,18.546,19.28,57157,496,19.0327
2016-01-12T05:00:00Z,19.41,19.56,18.68,18.87,48886,298,18.9659
2016-01-13T05:00:00Z,18.65,19.04,17.84,17.98,59148,443,18.2745
2016-01-14T05:00:00Z,17.89,19.17,17.756,18.67,44259,411,18.5623
2016-01-15T05:00:00Z,18.25,18.7,17.58,18.41,59050,401,18.1499
2016-01-19T05:00:00Z,18.66,19.17,18.1137,18.6,48697,377,18.5098
2016-01-20T05:00:00Z,18.49,19.2,18.04,18.83,49003,550,18.5391
2016-01-21T05:00:00Z,18.75,19.62,18.64,19.5,47467,393,19.3829
2016-01-22T05:00:00Z,19.8,19.96,19.42,19.82,52317,474,19.6893
2016-01-25T05:00:00Z,19.8,19.8,17.81,18.21,101356,807,18.2487
2016-01-26T05:00:00Z,18.34,19.3,18.195,19.24,28801,518,19.0363
2016-01-27T05:00:00Z,19.27,19.3,18.61,18.74,98896,407,19.1384
2016-01-28T05:00:00Z,18.86,19.43,18.68,19,30476,363,18.9264
2016-01-29T05:00:00Z,19,19.63,19,19.56,61777,287,19.5082
2016-02-01T05:00:00Z,19.45,19.65,19.26,19.47,36371,384,19.4962
2016-02-02T05:00:00Z,19.21,19.22,18.595,18.67,27530,198,18.8362
2016-02-03T05:00:00Z,18.86,18.98,18.37,18.74,27372,210,18.7253
2016-02-04T05:00:00Z,18.67,19.06,18.51,18.9,15594,154,18.9072
2016-02-05T05:00:00Z,18.89,19.84,18.64,18.81,70705,428,19.1194
2016-02-08T05:00:00Z,18.77,18.84,18.41,18.77,26054,246,18.6602
2016-02-09T05:00:00Z,18.27,18.7,18.1,18.1,29438,237,18.238
2016-02-10T05:00:00Z,18.17,18.72,18.17,18.2,32473,258,18.3012
2016-02-11T05:00:00Z,18.08,18.14,17.42,17.66,58338,335,17.6965
2016-02-12T05:00:00Z,17.82,18.05,17.75,17.85,26062,200,17.868
2016-02-16T05:00:00Z,18.1,18.156,17.54,17.72,58191,395,17.786
2016-02-17T05:00:00Z,17.89,17.9,17.16,17.23,90306,567,17.341
2016-02-18T05:00:00Z,17.15,17.15,16.86,17.05,56605,467,17.0197
2016-02-19T05:00:00Z,16.88,17.89,16.85,17.64,96245,578,17.5046
2016-02-22T05:00:00Z,17.76,18.2999,17.67,17.74,29074,184,17.9284
2016-02-23T05:00:00Z,17.72,17.78,17.04,17.04,57879,400,17.3293
2016-02-24T05:00:00Z,17.04,17.8587,17.04,17.83,22782,194,17.5985
2016-02-25T05:00:00Z,17.62,18.11,17.6101,17.76,21172,315,17.8248
2016-02-26T05:00:00Z,17.7,18.14,17.31,17.53,33454,446,17.7068
2016-02-29T05:00:00Z,17.59,17.66,17.455,17.6,37806,199,17.5798
2016-03-01T05:00:00Z,17.46,17.96,17.45,17.91,21585,225,17.7688
2016-03-02T05:00:00Z,17.8,17.91,17.65,17.87,23787,235,17.7794
2016-03-03T05:00:00Z,17.66,18.48,17.66,18.48,34886,253,18.3622
2016-03-04T05:00:00Z,18.48,19.2399,18.32,19.05,46627,305,18.9038
2016-03-07T05:00:00Z,18.81,19.74,18.81,19.7,34359,344,19.5354
2016-03-08T05:00:00Z,19.86,19.9,19.5,19.54,33985,275,19.637
2016-03-09T05:00:00Z,19.61,19.9,19.55,19.81,24764,349,19.7631
2016-03-10T05:00:00Z,19.85,19.85,19.38,19.64,21751,248,19.5885
2016-03-11T05:00:00Z,19.77,20.32,19.77,20.26,29450,235,20.0957
2016-03-14T04:00:00Z,20.23,20.4,20,20.36,23669,347,20.2926
2016-03-15T04:00:00Z,20.28,20.28,19.55,19.66,21236,220,19.7004
2016-03-16T04:00:00Z,19.75,20.09,19.715,19.97,29140,284,19.97
2016-03-17T04:00:00Z,19.91,20.36,19.485,20.27,27678,268,20.2362
2016-03-18T04:00:00Z,20.42,20.74,19.925,20.42,54589,297,20.4229
2016-03-21T04:00:00Z,20.37,20.72,20.36,20.42,15845,224,20.4524
2016-03-22T04:00:00Z,20.22,20.69,20.05,20.51,17368,229,20.4815
2016-03-23T04:00:00Z,20.53,20.69,19.98,19.98,32393,281,20.3481
2016-03-24T04:00:00Z,19.84,19.84,19.39,19.42,40455,266,19.5337
2016-03-28T04:00:00Z,19.58,19.85,19.3726,19.76,32441,717,19.6964
2016-03-29T04:00:00Z,19.7419,20.59,19.68,20.49,42071,318,20.4112
2016-03-30T04:00:00Z,20.55,20.88,20.16,20.79,39640,331,20.6361
2016-03-31T04:00:00Z,20.81,21.58,20.4888,20.57,48763,437,20.8972
2016-04-01T04:00:00Z,20.35,20.797,20.15,20.33,16292,177,20.3896
2016-04-04T04:00:00Z,20.4,20.4,19.8601,19.97,24553,206,20.07
2016-04-05T04:00:00Z,19.97,20.6,19.74,20.42,30757,286,20.3473
2016-04-06T04:00:00Z,20.37,21.1,20.316,20.83,27204,354,20.8096
2016-04-07T04:00:00Z,20.75,20.79,19.67,19.78,42389,407,19.9468
2016-04-08T04:00:00Z,19.93,20.34,19.79,20.33,23376,237,20.152
2016-04-11T04:00:00Z,20.51,21.29,20.51,20.56,27615,282,20.843
2016-04-12T04:00:00Z,20.55,21.13,20.385,20.9,21342,191,20.8988
2016-04-13T04:00:00Z,20.97,21.68,20.89,21.47,45095,359,21.4694
2016-04-14T04:00:00Z,21.49,21.84,21.1988,21.76,21008,269,21.6606
2016-04-15T04:00:00Z,21.66,22.47,21.66,22.35,25557,224,22.2116
2016-04-18T04:00:00Z,22.3,22.42,22.02,22.11,19340,188,22.1199
2016-04-19T04:00:00Z,22.26,22.33,21.8301,22.04,21231,225,22.0436
2016-04-20T04:00:00Z,22.1,22.3,21.92,22.07,11185,137,22.1136
2016-04-21T04:00:00Z,22.01,22.32,21.87,22.19,17417,294,22.1476
2016-04-22T04:00:00Z,22.14,22.7,22.14,22.65,20109,154,22.5756
2016-04-25T04:00:00Z,22.5,22.58,22.0346,22.44,29096,530,22.3057
2016-04-26T04:00:00Z,22.57,23.33,22.57,23.27,25612,328,23.0797
2016-04-27T04:00:00Z,23.21,23.38,22.97,23.07,27582,365,23.1524
2016-04-28T04:00:00Z,22.91,23.17,22.575,22.63,26009,283,22.8034
2016-04-29T04:00:00Z,22.67,22.85,22.33,22.52,34652,276,22.5229
2016-05-02T04:00:00Z,22.51,22.84,22.405,22.73,22303,352,22.6768
2016-05-03T04:00:00Z,22.46,23,22.12,22.16,31928,377,22.2604
2016-05-04T04:00:00Z,22.1,22.38,21.87,21.89,15025,188,22.0328
2016-05-05T04:00:00Z,22.07,22.495,21.25,21.36,27148,286,21.5405
2016-05-06T04:00:00Z,21.36,21.76,21.03,21.14,32582,291,21.2286
2016-05-09T04:00:00Z,21.25,21.494,20.96,20.99,19620,222,21.1473
2016-05-10T04:00:00Z,20.99,21.0899,20.07,20.36,40671,541,20.3971
2016-05-11T04:00:00Z,20.23,20.55,20.07,20.15,32817,386,20.2657
2016-05-12T04:00:00Z,20.2,20.33,19.98,20.01,22133,221,20.06
2016-05-13T04:00:00Z,20.03,20.29,19.9199,19.95,20604,216,20.0429
2016-05-16T04:00:00Z,20.22,20.31,20.04,20.17,23986,248,20.1942
2016-05-17T04:00:00Z,20.07,20.22,19.52,19.53,41450,297,19.6942
2016-05-18T04:00:00Z,19.51,19.9,19.5,19.83,29097,317,19.7212
2016-05-19T04:00:00Z,19.73,19.97,19.52,19.62,24205,261,19.6585
2016-05-20T04:00:00Z,19.66,19.96,19.65,19.94,31823,214,19.8558
2016-05-23T04:00:00Z,19.86,20.48,19.86,20.18,17182,217,20.1816
2016-05-24T04:00:00Z,20.4,21.47,20.4,21.31,29116,297,21.2339
2016-05-25T04:00:00Z,20.56,21.31,20.55,21.24,31320,424,21.0251
2016-05-26T04:00:00Z,21.48,22.19,21.48,21.94,31282,351,21.9305
2016-05-27T04:00:00Z,22.01,22.44,22.01,22.39,33268,294,22.2524
2016-05-31T04:00:00Z,22.35,23.43,22.17,23.33,82328,510,23.171
2016-06-01T04:00:00Z,23.13,23.83,23.13,23.78,56100,425,23.6981
2016-06-02T04:00:00Z,23.65,24.32,23.65,24.27,35686,305,24.1066
2016-06-03T04:00:00Z,24.2,24.2,23.71,23.79,37667,317,23.8483
2016-06-06T04:00:00Z,23.73,24.37,23.73,24.26,23807,304,24.1523
2016-06-07T04:00:00Z,24.2,24.9,24.199,24.5,70337,451,24.4968
2016-06-08T04:00:00Z,24.45,24.87,24.4,24.71,31280,304,24.6554
2016-06-09T04:00:00Z,24.59,24.59,24.1,24.25,32049,262,24.2785
2016-06-10T04:00:00Z,23.97,24.68,23.56,24.31,30063,302,24.1805
2016-06-13T04:00:00Z,24.01,24.59,23.62,23.7,27448,303,23.8027
2016-06-14T04:00:00Z,23.44,23.75,22.85,23.65,22054,224,23.4918
2016-06-15T04:00:00Z,23.68,23.95,23.46,23.71,24392,243,23.6903
2016-06-16T04:00:00Z,23.55,24.02,23.1473,23.96,24653,227,23.7146
2016-06-17T04:00:00Z,24,24,23.22,23.34,51541,214,23.7986
2016-06-20T04:00:00Z,23.67,23.83,23.21,23.22,26348,216,23.3815
2016-06-21T04:00:00Z,23.34,23.5,22.9141,23.47,23276,238,23.2553
2016-06-22T04:00:00Z,23.5,23.78,23.42,23.51,23505,256,23.5201
2016-06-23T04:00:00Z,23.78,24.34,23.45,23.68,34880,366,23.8367
2016-06-24T04:00:00Z,22.98,23.21,22.6,22.9,150661,474,22.8952
2016-06-27T04:00:00Z,22.67,22.67,21.26,21.35,47219,457,21.6219
2016-06-28T04:00:00Z,21.55,22.9,21.55,22.66,51668,516,22.5355
2016-06-29T04:00:00Z,22.9,23.43,22.9,23.32,29060,260,23.2296
2016-06-30T04:00:00Z,23.18,23.68,23.15,23.64,35206,227,23.5141
2016-07-01T04:00:00Z,23.76,24.19,23.7301,24.1,26523,250,24.0659
2016-07-05T04:00:00Z,23.89,24.02,23.534,23.83,33048,336,23.8487
2016-07-06T04:00:00Z,23.57,24.26,23.57,24.07,11614,148,24.0027
2016-07-07T04:00:00Z,24.1,24.45,23.91,24.32,42331,400,24.1892
2016-07-08T04:00:00Z,24.41,25.13,24.2,24.99,44724,366,24.8278
2016-07-11T04:00:00Z,25,25.71,24.91,25.03,68356,614,25.2523
2016-07-12T04:00:00Z,25.31,25.83,25.18,25.37,80676,669,25.4687
2016-07-13T04:00:00Z,25.3,25.3,24.7,24.99,41578,351,24.9726
2016-07-14T04:00:00Z,25.12,25.5,24.9107,25.26,22206,208,25.2805
2016-07-15T04:00:00Z,25.46,25.52,24.8,25.48,21545,175,25.3117
2016-07-18T04:00:00Z,25.48,25.79,25.325,25.4,32304,316,25.4556
2016-07-19T04:00:00Z,25.28,25.38,25.08,25.3,69761,474,25.2425
2016-07-20T04:00:00Z,25.37,26.2,25.06,26.05,105819,819,25.6993
2016-07-21T04:00:00Z,25.9,26.5,25.9,26.02,77197,617,26.1963
2016-07-22T04:00:00Z,26.12,26.99,26,26.65,60034,417,26.6071
2016-07-25T04:00:00Z,26.61,26.82,26.03,26.31,55149,438,26.2639
2016-07-26T04:00:00Z,26.22,26.47,25.57,25.78,24164,322,25.9284
2016-07-27T04:00:00Z,25.82,26.34,25.62,26.28,30901,270,26.0664
2016-07-28T04:00:00Z,26.24,26.38,25.8,26.25,41052,369,26.1517
2016-07-29T04:00:00Z,26.25,26.8,25.97,26.27,36565,266,26.412
2016-08-01T04:00:00Z,26.33,26.7,25.705,26.41,78233,684,26.3961
2016-08-02T04:00:00Z,26.49,26.76,26.13,26.32,82547,705,26.4734
2016-08-03T04:00:00Z,26.27,26.54,26.0394,26.49,30420,299,26.2806
2016-08-04T04:00:00Z,26.52,26.52,26.1,26.26,12072,232,26.232
2016-08-05T04:00:00Z,26.31,26.92,26.27,26.67,27734,271,26.6649
2016-08-08T04:00:00Z,26.63,26.98,26.28,26.81,13857,180,26.7862
2016-08-09T04:00:00Z,26.68,26.92,25.9,26.2,39421,406,26.2692
2016-08-10T04:00:00Z,26.1,26.13,24.83,25.1,34471,378,25.323
2016-08-11T04:00:00Z,25.02,25.14,24.64,24.72,29591,361,24.7933
2016-08-12T04:00:00Z,24.71,24.75,24.32,24.6,26052,393,24.5112
2016-08-15T04:00:00Z,24.59,25.52,24.59,25.41,33823,383,25.3193
2016-08-16T04:00:00Z,25.27,25.39,25.07,25.21,38696,400,25.2109
2016-08-17T04:00:00Z,25.13,25.13,24.5,24.8,29462,339,24.8022
2016-08-18T04:00:00Z,24.74,25.3099,24.5,25.25,21606,304,24.9156
2016-08-19T04:00:00Z,25.13,25.44,24.81,25.04,30737,225,25.0536
2016-08-22T04:00:00Z,24.99,24.99,24.36,24.85,19470,209,24.6785
2016-08-23T04:00:00Z,24.89,25.2,24.67,24.89,29466,306,24.8607
2016-08-24T04:00:00Z,24.92,25.12,24.39,24.56,24607,247,24.5987
2016-08-25T04:00:00Z,24.42,24.91,24.42,24.73,12815,163,24.6944
2016-08-26T04:00:00Z,24.7,24.88,24.06,24.23,13756,146,24.3828
2016-08-29T04:00:00Z,24.1199,24.21,23.71,23.78,12640,160,23.8748
2016-08-30T04:00:00Z,23.78,24.16,23.76,24.1,19459,286,23.977
2016-08-31T04:00:00Z,24.03,24.03,23.7,23.74,68891,200,23.7559
2016-09-01T04:00:00Z,23.78,23.85,23.38,23.51,26395,360,23.6037
2016-09-02T04:00:00Z,23.56,24.28,23.44,24.23,24908,254,23.9836
2016-09-06T04:00:00Z,24.22,24.23,23.86,24.14,20614,252,24.0337
2016-09-07T04:00:00Z,24.02,24.22,23.8601,24.06,35025,288,24.0418
2016-09-08T04:00:00Z,24.01,24.01,23.58,23.67,17620,160,23.6955
2016-09-09T04:00:00Z,23.41,23.41,22.54,22.58,30160,274,22.773
2016-09-12T04:00:00Z,22.52,22.98,22.4,22.94,24131,194,22.802
2016-09-13T04:00:00Z,22.59,22.92,22.1,22.24,40450,350,22.3174
2016-09-14T04:00:00Z,22.3,22.36,22,22.12,12656,146,22.1479
2016-09-15T04:00:00Z,22.21,22.63,22,22.6,31321,234,22.3905
2016-09-16T04:00:00Z,22.6,23.36,22.6,23.36,79592,297,23.0299
2016-09-19T04:00:00Z,23.37,23.6225,23.0186,23.14,24738,393,23.2313
2016-09-20T04:00:00Z,23.36,23.36,22.51,22.69,42368,383,22.7897
2016-09-21T04:00:00Z,22.79,23.605,22.79,23.48,32823,279,23.2558
2016-09-22T04:00:00Z,23.6,24.46,23.13,24.45,25012,229,24.2697
2016-09-23T04:00:00Z,24.6,24.88,24.51,24.75,31722,254,24.7522
2016-09-26T04:00:00Z,24.55,24.64,23.74,23.95,32119,252,23.9593
2016-09-27T04:00:00Z,23.91,24.23,23.8501,24.17,30518,338,24.0212
2016-09-28T04:00:00Z,24.04,24.2,23.6701,24.1,36805,324,24.0036
2016-09-29T04:00:00Z,24,24.324,23.93,23.94,9825,177,24.0161
2016-09-30T04:00:00Z,24.21,24.48,24.02,24.32,36401,266,24.3232
2016-10-03T04:00:00Z,24.37,24.37,23.91,24.19,28815,255,24.1334
2016-10-04T04:00:00Z,24.21,24.49,23.96,24.01,29494,331,24.1366
2016-10-05T04:00:00Z,24.09,24.8,24.09,24.53,39955,443,24.5235
2016-10-06T04:00:00Z,24.51,24.7,24.16,24.61,28020,298,24.4675
2016-10-07T04:00:00Z,24.52,24.8,24.3,24.35,23122,198,24.4611
2016-10-10T04:00:00Z,24.54,24.7799,24.3801,24.55,25593,189,24.5211
2016-10-11T04:00:00Z,24.39,24.39,23.93,24.09,23929,217,24.0595
2016-10-12T04:00:00Z,24.21,24.6,23.6,24.51,14474,148,24.4322
2016-10-13T04:00:00Z,24.34,24.34,23.8601,23.94,34011,331,23.9843
2016-10-14T04:00:00Z,24.09,24.1121,23.75,24,15875,164,23.9858
2016-10-17T04:00:00Z,24.01,24.229,23.635,23.98,17241,155,23.9151
2016-10-18T04:00:00Z,24.23,24.28,23.65,23.93,19062,154,23.9547
2016-10-19T04:00:00Z,22.73,24.3,22.73,24.25,22472,136,24.1501
2016-10-20T04:00:00Z,24.08,24.08,23.55,23.65,23844,194,23.7464
2016-10-21T04:00:00Z,23.5,23.65,23.35,23.57,9473,59,23.5398
2016-10-24T04:00:00Z,23.82,23.91,23.595,23.9,10766,105,23.8256
2016-10-25T04:00:00Z,23.76,24,23.34,23.62,19170,166,23.5603
2016-10-26T04:00:00Z,23.57,23.79,23.25,23.28,35114,270,23.4374
2016-10-27T04:00:00Z,23.08,23.26,22.45,22.54,28287,250,22.7653
2016-10-28T04:00:00Z,22.6,22.7,22.34,22.47,32919,235,22.4992
2016-10-31T04:00:00Z,22.44,22.44,22.27,22.34,36703,152,22.3537
2016-11-01T04:00:00Z,22.35,22.455,21.52,21.62,36351,336,21.8026
2016-11-02T04:00:00Z,21.65,21.78,21.13,21.24,37486,345,21.3982
2016-11-03T04:00:00Z,21.39,21.45,21.25,21.26,15083,167,21.2918
2016-11-04T04:00:00Z,21.29,21.49,21.18,21.29,31772,231,21.3135
2016-11-07T05:00:00Z,21.82,21.99,21.58,21.86,35928,265,21.7726
2016-11-08T05:00:00Z,21.78,22.07,21.78,21.89,17144,177,21.882
2016-11-09T05:00:00Z,21.59,23.67,21.59,23.64,54731,432,23.1912
2016-11-10T05:00:00Z,23.83,24.2,23.42,23.98,54573,469,23.9507
2016-11-11T05:00:00Z,23.93,25.76,23.93,25.46,104059,767,25.0724
2016-11-14T05:00:00Z,25.63,25.63,23.54,24.91,70718,749,24.6696
2016-11-15T05:00:00Z,24.66,25.27,24.1773,25.06,25969,214,24.9398
2016-11-16T05:00:00Z,24.9,25.77,24.77,25.66,39128,324,25.3831
2016-11-17T05:00:00Z,25.61,26.21,25.53,25.77,28616,326,25.7507
2016-11-18T05:00:00Z,25.7,26.175,25.54,26.09,36286,257,25.9246
2016-11-21T05:00:00Z,26.08,26.08,25.59,25.76,32806,343,25.7495
2016-11-22T05:00:00Z,25.99,26.66,25.99,26.64,39608,307,26.3801
2016-11-23T05:00:00Z,26.4,26.95,26.17,26.91,34091,324,26.5754
2016-11-25T05:00:00Z,26.8,27.73,26.74,27.69,18971,147,27.4327
2016-11-28T05:00:00Z,27.44,27.44,25.77,25.99,42177,442,26.1749
2016-11-29T05:00:00Z,25.88,27.21,25.88,26.29,23431,318,26.5454
2016-11-30T05:00:00Z,25.59,27.1663,25.59,26.24,40651,341,26.4118
2016-12-01T05:00:00Z,26.25,26.33,25.72,26.26,30414,278,26.0798
2016-12-02T05:00:00Z,26.09,26.4935,25.74,25.99,28159,221,26.0378
2016-12-05T05:00:00Z,26.3,26.95,26.1,26.92,35934,341,26.7818
2016-12-06T05:00:00Z,26.88,27.32,26.6,27.03,41412,315,26.948
2016-12-07T05:00:00Z,27.05,27.35,26.87,27.15,34883,353,27.2075
2016-12-08T05:00:00Z,27.08,27.75,26.71,27.56,35403,315,27.3869
2016-12-09T05:00:00Z,27.7,27.99,26.7701,27.8,38709,304,27.4515
2016-12-12T05:00:00Z,27.38,27.98,26.66,26.85,49928,494,27.0619
2016-12-13T05:00:00Z,27.23,27.44,26.815,27.21,24643,283,27.1848
2016-12-14T05:00:00Z,27.05,27.05,26.39,26.49,29594,363,26.667
2016-12-15T05:00:00Z,26.53,26.95,26.15,26.75,38635,278,26.682
2016-12-16T05:00:00Z,26.8,27.418,26.72,27.34,96838,422,27.0836
2016-12-19T05:00:00Z,27.4,27.53,26.65,27.42,37853,313,27.1786
2016-12-20T05:00:00Z,27.53,27.65,26.42,26.98,41258,413,26.8559
2016-12-21T05:00:00Z,26.83,27.42,26.471,26.57,99452,338,27.2196
2016-12-22T05:00:00Z,26.67,26.81,26.4206,26.64,16082,168,26.6341
2016-12-23T05:00:00Z,26.45,26.72,26.33,26.61,22634,350,26.5304
2016-12-27T05:00:00Z,26.62,27,26.36,26.44,16549,183,26.5678
2016-12-28T05:00:00Z,26.47,26.56,25.79,25.83,18704,229,25.9552
2016-12-29T05:00:00Z,25.88,25.9942,25.39,25.56,20167,217,25.6126
2016-12-30T05:00:00Z,25.43,25.47,25.17,25.43,32623,227,25.3781
2017-01-03T05:00:00Z,25.7,26.04,24.71,25,49941,535,25.3
2017-01-04T05:00:00Z,25.04,25.38,25,25.18,23071,278,25.1725
2017-01-05T05:00:00Z,25.13,25.31,24.64,24.7,24973,238,24.7635
2017-01-06T05:00:00Z,24.67,24.67,24.29,24.3,9771,158,24.385
2017-01-09T05:00:00Z,24.17,24.18,23.76,23.77,15569,193,23.9264
2017-01-10T05:00:00Z,23.79,24.58,23.66,24.48,21631,233,24.2455
2017-01-11T05:00:00Z,24.58,24.58,24,24.34,18367,178,24.2871
2017-01-12T05:00:00Z,24.3,24.365,23.62,24.1,60185,586,23.93
2017-01-13T05:00:00Z,24.26,25,24.24,24.37,54515,400,24.5851
2017-01-17T05:00:00Z,24.26,24.6,23.88,23.93,63043,541,24.1815
2017-01-18T05:00:00Z,24.06,24.54,23.91,23.97,26039,311,24.1807
2017-01-19T05:00:00Z,23.97,24.07,23.5747,23.72,16751,135,23.7526
2017-01-20T05:00:00Z,23.68,24.4,23.68,24.3,25790,152,24.146
2017-01-23T05:00:00Z,24.16,24.25,23.8801,24.06,21158,185,24.052
2017-01-24T05:00:00Z,24.12,25,24.06,24.82,25969,233,24.7017
2017-01-25T05:00:00Z,25.15,25.15,24.47,24.7,24150,281,24.7917
2017-01-26T05:00:00Z,24.65,24.68,24.17,24.17,15388,161,24.2909
2017-01-27T05:00:00Z,24.26,24.99,23.6,23.97,58043,433,23.9042
2017-01-30T05:00:00Z,23.8,23.94,23.4,23.61,32359,247,23.5886
2017-01-31T05:00:00Z,23.58,23.75,23.14,23.63,33364,272,23.4402
2017-02-01T05:00:00Z,23.79,23.82,23.35,23.43,16650,211,23.5626
2017-02-02T05:00:00Z,23.45,23.74,23.31,23.43,14396,173,23.4369
2017-02-03T05:00:00Z,23.72,23.72,23.455,23.64,13209,142,23.6065
2017-02-06T05:00:00Z,23.58,23.67,23.25,23.38,35005,366,23.5277
2017-02-07T05:00:00Z,23.52,23.53,23.05,23.06,21803,206,23.1454
2017-02-08T05:00:00Z,23.05,23.09,22.25,22.88,42196,337,22.7659
2017-02-09T05:00:00Z,22.83,23.35,22.83,23.33,35336,323,23.1184
2017-02-10T05:00:00Z,23.52,23.57,23.25,23.36,14058,121,23.3981
2017-02-13T05:00:00Z,23.54,23.6066,23.13,23.38,17975,134,23.3765
2017-02-14T05:00:00Z,23.18,23.78,22.845,23.76,79758,623,23.3928
2017-02-15T05:00:00Z,23.62,24.3,23.41,24.27,74265,623,24.0517
2017-02-16T05:00:00Z,24.26,24.93,24.2,24.68,55661,501,24.6566
2017-02-17T05:00:00Z,24.74,24.8107,24.1,24.24,43595,289,24.3878
2017-02-21T05:00:00Z,24.41,24.48,23.665,23.94,25948,236,24.0687
2017-02-22T05:00:00Z,23.6926,23.86,23.32,23.59,22829,217,23.5066
2017-02-23T05:00:00Z,23.62,23.67,23.09,23.56,28599,304,23.3662
2017-02-24T05:00:00Z,23.36,23.94,23.36,23.87,33948,309,23.6623
2017-02-27T05:00:00Z,23.94,24.51,23.82,24.07,65946,582,24.2114
2017-02-28T05:00:00Z,23.91,23.91,23,23.05,37344,279,23.1407
2017-03-01T05:00:00Z,23.35,23.51,23.08,23.33,27057,309,23.304
2017-03-02T05:00:00Z,23.38,23.8299,22.95,22.96,26909,280,23.1477
2017-03-03T05:00:00Z,23.03,23.18,22.76,23.04,38711,258,22.9743
2017-03-06T05:00:00Z,22.95,22.95,22.56,22.73,18593,147,22.7006
2017-03-07T05:00:00Z,22.6,22.77,22.22,22.24,45880,488,22.5199
2017-03-08T05:00:00Z,22.24,22.305,21.76,21.8,38542,384,22.0136
2017-03-09T05:00:00Z,21.82,22.34,21.44,21.49,43234,413,21.8621
2017-03-10T05:00:00Z,21.54,21.95,21.3,21.58,77524,620,21.5811
2017-03-13T04:00:00Z,21.66,22.24,21.54,22.16,25085,322,21.8835
2017-03-14T04:00:00Z,22.02,22.34,21.65,22.17,44917,352,22.0054
2017-03-15T04:00:00Z,22.35,23.09,22.31,22.6,57918,535,22.6966
2017-03-16T04:00:00Z,22.76,22.85,22.41,22.78,30153,300,22.7242
2017-03-17T04:00:00Z,22.8,22.8,22.13,22.46,78727,357,22.565
2017-03-20T04:00:00Z,22.4,22.47,22.04,22.12,27117,284,22.229
2017-03-21T04:00:00Z,22.27,22.27,21.32,21.76,78447,651,21.6823
2017-03-22T04:00:00Z,21.6975,21.6975,20.58,21.09,70314,524,21.0683
2017-03-23T04:00:00Z,21.06,21.9,21.06,21.64,32703,305,21.6374
2017-03-24T04:00:00Z,21.85,21.88,21.27,21.43,37506,451,21.561
2017-03-27T04:00:00Z,21.18,21.52,21.01,21.47,15778,172,21.3832
2017-03-28T04:00:00Z,21.31,22.27,21.22,21.91,38463,363,21.8555
2017-03-29T04:00:00Z,21.85,22.08,21.7275,22.01,33351,320,21.9049
2017-03-30T04:00:00Z,22.03,23.05,21.8,22.2,55925,493,22.5862
2017-03-31T04:00:00Z,22.23,22.25,21.81,21.89,42327,315,21.9756
2017-04-03T04:00:00Z,22.12,22.12,21.61,21.72,27609,318,21.7762
2017-04-04T04:00:00Z,21.64,21.82,21.2765,21.57,36317,290,21.5302
2017-04-05T04:00:00Z,21.6,21.95,21.36,21.37,40430,364,21.487
2017-04-06T04:00:00Z,21.42,22.31,21.41,22.14,53178,426,21.7644
2017-04-07T04:00:00Z,21.94,22.2,21.58,21.65,19308,220,21.8243
2017-04-10T04:00:00Z,21.93,23.3,21.89,22.32,60452,499,22.7437
2017-04-11T04:00:00Z,22.13,22.78,22.13,22.73,21818,212,22.6139
2017-04-12T04:00:00Z,22.68,23.8,22.57,22.79,47037,438,23.1099
2017-04-13T04:00:00Z,22.75,22.93,22.2,22.39,39180,376,22.454
2017-04-17T04:00:00Z,22.48,23.25,22.365,22.84,106716,793,22.8759
2017-04-18T04:00:00Z,22.55,23.16,22.4401,22.55,22893,206,22.5839
2017-04-19T04:00:00Z,22.64,23,22.54,22.64,74836,789,22.6812
2017-04-20T04:00:00Z,22.77,23.335,22.6053,23.08,36661,243,23.0399
2017-04-21T04:00:00Z,23.08,23.2,22.7852,22.83,41246,321,22.9977
2017-04-24T04:00:00Z,23.24,23.67,23.04,23.31,35986,302,23.3388
2017-04-25T04:00:00Z,23.34,23.93,23.09,23.11,70285,709,23.4578
2017-04-26T04:00:00Z,23.22,24.18,23.22,23.81,47926,308,23.8477
2017-04-27T04:00:00Z,23.9,24.1243,23.15,23.23,24353,292,23.3947
2017-04-28T04:00:00Z,23.26,23.57,22.87,22.9,38132,232,23.1782
2017-05-01T04:00:00Z,23.11,23.2649,22.75,22.85,31577,306,22.9211
2017-05-02T04:00:00Z,22.88,23.205,22.74,22.92,49197,411,22.8884
2017-05-03T04:00:00Z,22.83,22.9774,22.42,22.49,46103,325,22.6016
2017-05-04T04:00:00Z,22.6,22.93,22.14,22.57,68289,515,22.3263
2017-05-05T04:00:00Z,22.64,23.33,22.1,22.31,30809,354,22.5566
2017-05-08T04:00:00Z,22.27,22.54,21.79,22.03,129535,784,22.0622
2017-05-09T04:00:00Z,21.94,22.59,21.16,22.07,257659,1486,21.7531
2017-05-10T04:00:00Z,21.99,22.1,21.13,21.18,216099,1004,21.6351
2017-05-11T04:00:00Z,21.15,21.93,20.91,21.79,57678,480,21.3191
2017-05-12T04:00:00Z,21.72,21.97,21.19,21.29,40207,303,21.4526
2017-05-15T04:00:00Z,21.51,21.96,21.275,21.55,32090,294,21.6249
2017-05-16T04:00:00Z,21.57,21.985,21.44,21.91,31054,252,21.8072
2017-05-17T04:00:00Z,21.65,21.94,20.9401,21.45,64254,508,21.3454
2017-05-18T04:00:00Z,21.37,21.5,20.85,20.91,51490,544,21.101
2017-05-19T04:00:00Z,20.95,20.96,20.25,20.27,92348,642,20.5672
2017-05-22T04:00:00Z,20.33,20.79,20.05,20.58,55414,560,20.3789
2017-05-23T04:00:00Z,20.57,20.75,20.13,20.22,51234,566,20.4278
2017-05-24T04:00:00Z,20.22,20.41,19.9,20.19,46059,449,20.1113
2017-05-25T04:00:00Z,20.36,20.6,19.93,20.29,48594,386,20.1654
2017-05-26T04:00:00Z,20.34,20.6,20.06,20.58,54993,540,20.3648
2017-05-30T04:00:00Z,20.45,20.86,20.17,20.24,52153,502,20.3874
2017-05-31T04:00:00Z,20.26,20.46,20,20.02,52715,585,20.1608
2017-06-01T04:00:00Z,20.12,20.74,19.96,20.62,35370,295,20.4594
2017-06-02T04:00:00Z,20.6,21.24,20.6,20.97,68457,679,20.9694
2017-06-05T04:00:00Z,21,21.58,20.11,20.19,66334,670,20.5478
2017-06-06T04:00:00Z,20.14,21.1,20.06,20.94,93949,789,20.6313
2017-06-07T04:00:00Z,20.75,21.31,20.26,20.39,58967,487,20.6512
2017-06-08T04:00:00Z,20.33,20.94,20.01,20.58,46268,551,20.4323
2017-06-09T04:00:00Z,20.54,21.14,20.46,21.05,42923,366,20.9771
2017-06-12T04:00:00Z,21.04,21.7,20.9,21.13,82038,626,21.2363
2017-06-13T04:00:00Z,21.1,21.72,21.05,21.18,32057,514,21.1917
2017-06-14T04:00:00Z,21.21,21.59,20.95,21.16,38807,392,21.1434
2017-06-15T04:00:00Z,20.95,21.35,20.59,21.3,91874,455,21.1067
2017-06-16T04:00:00Z,21.12,21.7,21.02,21.63,147280,586,21.4607
2017-06-19T04:00:00Z,21.6,22.06,21.55,21.72,66286,696,21.7997
2017-06-20T04:00:00Z,21.55,21.56,20.91,21.16,56134,446,21.1107
2017-06-21T04:00:00Z,21.14,21.6625,21.09,21.35,111171,780,21.2742
2017-06-22T04:00:00Z,21.31,22.0304,21.26,21.8,47608,553,21.7006
2017-06-23T04:00:00Z,21.92,22.5,21.55,21.89,254980,845,21.9106
2017-06-26T04:00:00Z,21.78,21.78,20.47,20.83,128522,1022,20.8991
2017-06-27T04:00:00Z,20.83,21.07,20.5318,20.71,32896,331,20.7318
2017-06-28T04:00:00Z,20.76,20.94,20.53,20.67,45393,437,20.6904
2017-06-29T04:00:00Z,20.65,21.11,20.26,20.69,48690,581,20.6202
2017-06-30T04:00:00Z,20.68,20.93,20.4,20.64,37389,281,20.6668
2017-07-03T04:00:00Z,20.63,21.42,20.63,21.21,26989,261,21.0237
2017-07-05T04:00:00Z,21.1,21.1,20.64,20.67,27178,412,20.7477
2017-07-06T04:00:00Z,20.55,21,20.27,20.56,43830,575,20.5164
2017-07-07T04:00:00Z,20.64,20.92,20.35,20.69,38704,457,20.6771
2017-07-10T04:00:00Z,20.69,20.87,20.34,20.46,58179,404,20.5573
2017-07-11T04:00:00Z,20.45,20.7299,20.26,20.59,50810,481,20.4795
2017-07-12T04:00:00Z,20.72,21.23,20.41,20.59,23489,298,20.667
2017-07-13T04:00:00Z,20.55,20.99,20.41,20.65,27627,302,20.5863
2017-07-14T04:00:00Z,20.62,20.8299,20.59,20.61,27099,243,20.6499
2017-07-17T04:00:00Z,20.7,21.91,20.68,21.07,65783,551,21.2252
2017-07-18T04:00:00Z,21,21.13,20.735,20.99,56760,561,20.9764
2017-07-19T04:00:00Z,21,21.4,20.92,21.05,61217,603,21.1174
2017-07-20T04:00:00Z,21.08,21.397,20.97,21.26,46430,434,21.195
2017-07-21T04:00:00Z,21.51,21.5113,20.93,20.97,45997,436,21.1426
2017-07-24T04:00:00Z,20.98,21.4775,20.8696,21.11,64064,467,21.0237
2017-07-25T04:00:00Z,21.2,21.94,21.04,21.36,68430,609,21.587
2017-07-26T04:00:00Z,21.39,21.42,20.961,21.26,72829,425,21.187
2017-07-27T04:00:00Z,21.42,21.42,20.89,21.1,37661,460,21.138
2017-07-28T04:00:00Z,21.09,21.09,20.86,20.99,36350,434,20.968
2017-07-31T04:00:00Z,21.02,21.1968,20.86,20.98,40538,331,21.0254
2017-08-01T04:00:00Z,21.15,21.15,20.87,21.06,40003,427,21.0151
2017-08-02T04:00:00Z,21.02,21.215,20.81,21.04,36728,350,21.0155
2017-08-03T04:00:00Z,21.05,21.143,20.8,20.93,49963,373,20.9353
2017-08-04T04:00:00Z,21.0089,21.13,20.8,20.93,30882,259,20.8806
2017-08-07T04:00:00Z,21.1,21.32,20.738,20.94,41844,705,20.935
2017-08-08T04:00:00Z,20.88,21.18,20.46,20.57,29174,590,20.6911
2017-08-09T04:00:00Z,20.6,20.81,20.295,20.73,47372,452,20.6352
2017-08-10T04:00:00Z,20.71,20.75,20.46,20.61,39039,589,20.628
2017-08-11T04:00:00Z,20.66,20.66,20.25,20.43,39171,685,20.4212
2017-08-14T04:00:00Z,20.63,20.7,20.25,20.57,31070,334,20.5089
2017-08-15T04:00:00Z,20.58,20.58,20.19,20.26,41424,355,20.2927
2017-08-16T04:00:00Z,20.37,20.37,19.87,19.96,52792,516,20.1086
2017-08-17T04:00:00Z,19.86,20.37,19.86,19.91,148019,798,20.0466
2017-08-18T04:00:00Z,19.77,20.15,19.76,20.02,51911,427,19.9697
2017-08-21T04:00:00Z,20.04,20.06,19.91,19.99,38080,387,19.9694
2017-08-22T04:00:00Z,19.98,20.07,19.81,19.96,39249,441,19.9741
2017-08-23T04:00:00Z,19.91,20.065,19.81,20.04,99976,625,19.8674
2017-08-24T04:00:00Z,20.07,20.13,19.71,20.01,66221,506,20.0032
2017-08-25T04:00:00Z,20.04,20.0582,19.7664,19.91,31042,472,19.9224
2017-08-28T04:00:00Z,20.05,20.05,19.68,19.98,33504,384,19.8645
2017-08-29T04:00:00Z,19.93,20.2,19.67,20,29014,299,19.9643
2017-08-30T04:00:00Z,19.9,20.005,19.7,19.88,41529,494,19.8763
2017-08-31T04:00:00Z,19.97,20.12,19.865,19.98,38539,405,19.9967
2017-09-01T04:00:00Z,19.94,20.05,19.78,20.03,47626,438,19.9317
2017-09-05T04:00:00Z,20.02,20.3386,19.87,19.99,54801,506,20.0707
2017-09-06T04:00:00Z,20.06,20.44,19.8,20.01,44966,392,20.0517
2017-09-07T04:00:00Z,20.19,20.36,20,20.26,48530,733,20.1852
2017-09-08T04:00:00Z,20.19,20.5999,20.1704,20.3,31916,344,20.3292
2017-09-11T04:00:00Z,20.35,20.69,19.88,20.22,100133,1216,20.2639
2017-09-12T04:00:00Z,20.2,20.43,20.15,20.25,29754,414,20.2899
2017-09-13T04:00:00Z,20.25,20.53,20.19,20.42,46434,400,20.3876
2017-09-14T04:00:00Z,20.42,20.81,20.36,20.55,95652,737,20.6123
2017-09-15T04:00:00Z,20.61,20.74,20.3,20.66,159587,536,20.617
2017-09-18T04:00:00Z,20.78,21.375,20.66,21.23,68717,714,21.1822
2017-09-19T04:00:00Z,21.02,21.395,20.92,21.24,50420,463,21.1756
2017-09-20T04:00:00Z,21.25,21.66,21.21,21.43,204277,474,21.4211
2017-09-21T04:00:00Z,21.48,21.78,21.36,21.43,39945,371,21.5774
2017-09-22T04:00:00Z,21.39,21.66,21.18,21.21,46713,424,21.3287
2017-09-25T04:00:00Z,21.29,21.5,20.96,21.02,172166,657,21.0568
2017-09-26T04:00:00Z,21.14,21.74,21.14,21.27,201853,786,21.3214
2017-09-27T04:00:00Z,21.25,21.25,20.8,20.93,259799,1059,20.9592
2017-09-28T04:00:00Z,20.98,21.37,20.71,21.1,193913,627,21.0862
2017-09-29T04:00:00Z,21.11,21.51,21.022,21.1,235505,856,21.1371
2017-10-02T04:00:00Z,21.16,22.06,21.16,21.88,134148,876,21.8121
2017-10-03T04:00:00Z,20.88,20.88,20.06,20.55,196120,1574,20.4079
2017-10-04T04:00:00Z,20.54,21.28,20.32,20.53,166985,1489,20.6673
2017-10-05T04:00:00Z,20.55,20.66,20.01,20.12,114464,1188,20.2614
2017-10-06T04:00:00Z,20.01,20.09,19.59,19.8,142654,1212,19.776
2017-10-09T04:00:00Z,19.76,19.81,18.77,19.25,366547,2653,19.2378
2017-10-10T04:00:00Z,19.15,19.19,18.8,19.01,186886,1582,18.9911
2017-10-11T04:00:00Z,18.94,19.18,18.9,18.95,86252,780,18.9692
2017-10-12T04:00:00Z,18.93,19.01,18.83,18.92,127796,817,18.922
2017-10-13T04:00:00Z,18.95,18.96,18.67,18.95,113504,772,18.8433
2017-10-16T04:00:00Z,18.9,19.57,18.9,19.52,177263,1531,19.3367
2017-10-17T04:00:00Z,19.48,19.745,18.95,19.09,161284,1254,19.1927
2017-10-18T04:00:00Z,19.13,19.29,19.01,19.24,133500,1259,19.1909
2017-10-19T04:00:00Z,19.25,19.34,19.07,19.24,129911,1244,19.2432
2017-10-20T04:00:00Z,19.3,19.43,19.21,19.38,96033,710,19.3337
2017-10-23T04:00:00Z,19.31,19.38,19.08,19.29,117605,1230,19.2524
2017-10-24T04:00:00Z,19.31,19.31,19.025,19.12,130994,1202,19.1368
2017-10-25T04:00:00Z,19.13,19.49,19.03,19.48,163233,1092,19.2689
2017-10-26T04:00:00Z,19.55,19.79,19.475,19.75,195832,1510,19.7021
2017-10-27T04:00:00Z,19.75,19.8,19.2,19.52,241694,1771,19.4762
2017-10-30T04:00:00Z,19.56,19.58,19.075,19.3,183221,1506,19.2761
2017-10-31T04:00:00Z,19.3,19.38,18.83,18.85,174064,1186,18.9764
2017-11-01T04:00:00Z,18.95,19.05,18.5901,18.72,138116,1240,18.7805
2017-11-02T04:00:00Z,18.63,18.79,18.6,18.69,109824,860,18.6935
2017-11-03T04:00:00Z,18.68,20.33,18.68,19.61,396603,2652,19.5005
2017-11-06T05:00:00Z,20.1,20.74,20,20.13,222086,1712,20.3108
2017-11-07T05:00:00Z,20.19,20.19,19.315,19.65,168973,1292,19.6008
2017-11-08T05:00:00Z,19.49,19.78,19.32,19.68,100665,935,19.5725
2017-11-09T05:00:00Z,19.58,19.94,19.45,19.72,243941,1800,19.6912
2017-11-10T05:00:00Z,19.76,20.91,19.76,20.86,249195,1921,20.6426
2017-11-13T05:00:00Z,20.73,20.95,20.41,20.62,116427,1330,20.6281
2017-11-14T05:00:00Z,20.63,20.95,20.38,20.91,106257,1115,20.7542
2017-11-15T05:00:00Z,20.78,21.3,20.725,21.02,182214,1637,21.0519
2017-11-16T05:00:00Z,21.01,21.89,21.01,21.76,121972,1134,21.7167
2017-11-17T05:00:00Z,21.6,22.2,21.6,21.93,187525,1300,21.9173
2017-11-20T05:00:00Z,22.04,22.3,21.86,22.15,217090,1304,22.1181
2017-11-21T05:00:00Z,22.31,22.41,22.01,22.28,191040,1142,22.2483
2017-11-22T05:00:00Z,22.28,22.5,22.12,22.4,83599,768,22.3712
2017-11-24T05:00:00Z,22.5,22.7308,22.28,22.44,65774,750,22.5053
2017-11-27T05:00:00Z,22.42,22.59,22.34,22.44,98358,732,22.4783
2017-11-28T05:00:00Z,22.44,22.44,21.92,22.18,104953,825,22.1451
2017-11-29T05:00:00Z,22.18,22.81,22.18,22.48,229092,1151,22.5122
2017-11-30T05:00:00Z,22.69,22.72,22.265,22.45,160730,838,22.4356
2017-12-01T05:00:00Z,22.43,22.43,21.77,22.07,212063,1066,22.0665
2017-12-04T05:00:00Z,22.3,22.54,21.96,22.02,115184,1059,22.1613
2017-12-05T05:00:00Z,22.01,22.02,21.58,21.63,69627,640,21.7341
2017-12-06T05:00:00Z,21.65,21.66,21.4,21.4,67561,540,21.4695
2017-12-07T05:00:00Z,21.44,21.73,21.3,21.62,151065,1122,21.5552
2017-12-08T05:00:00Z,21.64,21.72,21.37,21.43,78036,812,21.5236
2017-12-11T05:00:00Z,21.38,21.64,21.27,21.49,63208,462,21.4757
2017-12-12T05:00:00Z,21.52,21.7,21.38,21.46,49715,511,21.5154
2017-12-13T05:00:00Z,21.51,21.82,21.49,21.67,74294,528,21.6758
2017-12-14T05:00:00Z,21.72,21.72,21.19,21.26,105265,902,21.3533
2017-12-15T05:00:00Z,21.26,21.65,21.19,21.4,249654,769,21.3878
2017-12-18T05:00:00Z,21.53,22.05,21.44,21.48,94477,737,21.5976
2017-12-19T05:00:00Z,21.52,21.8759,21.27,21.29,67775,632,21.3382
2017-12-20T05:00:00Z,21.39,21.5,21.23,21.32,48984,461,21.3389
2017-12-21T05:00:00Z,21.37,21.44,21.17,21.17,46700,477,21.2474
2017-12-22T05:00:00Z,21.18,21.18,20.92,20.93,41641,404,20.9972
2017-12-26T05:00:00Z,20.99,21.17,20.9665,21.01,42701,417,21.0351
2017-12-27T05:00:00Z,20.98,21.2399,20.82,20.87,51541,634,20.9606
2017-12-28T05:00:00Z,20.87,20.98,20.7901,20.95,42380,663,20.9029
2017-12-29T05:00:00Z,20.91,20.94,20.69,20.76,62475,445,20.7908
2018-01-02T05:00:00Z,20.81,21.04,20.72,21.04,80505,779,20.9227
2018-01-03T05:00:00Z,21.07,21.28,20.86,21.22,56876,535,21.1407
2018-01-04T05:00:00Z,21.27,21.27,20.78,20.98,79156,619,20.971
2018-01-05T05:00:00Z,20.97,20.99,20.8,20.85,45459,343,20.8546
2018-01-08T05:00:00Z,20.84,20.93,20.57,20.67,43669,401,20.7019
2018-01-09T05:00:00Z,20.7,20.77,20.44,20.54,63965,817,20.58
2018-01-10T05:00:00Z,20.46,20.57,20.21,20.44,48401,374,20.3944
2018-01-11T05:00:00Z,20.47,21.19,20.28,21.06,66099,711,20.9798
2018-01-12T05:00:00Z,21.11,21.37,20.96,21.16,41570,385,21.1506
2018-01-16T05:00:00Z,21.31,21.48,20.9858,21.05,65096,667,21.1488
2018-01-17T05:00:00Z,21.13,21.36,20.81,21.14,59618,647,21.1721
2018-01-18T05:00:00Z,21.13,21.1999,20.8586,21.11,69894,625,21.0768
2018-01-19T05:00:00Z,21.03,21.32,20.8234,21.25,60985,555,21.1952
2018-01-22T05:00:00Z,21.15,21.44,21.13,21.26,49596,546,21.2808
2018-01-23T05:00:00Z,21.2,21.48,21.12,21.31,52100,684,21.3159
2018-01-24T05:00:00Z,21.35,21.4262,21.05,21.16,35676,560,21.1969
2018-01-25T05:00:00Z,21.2,21.2,20.78,21.07,40277,786,20.9845
2018-01-26T05:00:00Z,21.06,21.515,21.05,21.48,56827,564,21.3213
2018-01-29T05:00:00Z,21.42,21.85,21.36,21.75,75895,693,21.625
2018-01-30T05:00:00Z,21.67,21.91,21.57,21.84,110346,787,21.7627
2018-01-31T05:00:00Z,21.86,21.99,21.71,21.81,77512,745,21.7997
2018-02-01T05:00:00Z,21.85,22.5,21.73,22.48,155798,1061,22.1748
2018-02-02T05:00:00Z,22.34,22.48,21.62,21.75,104978,1208,21.8937
2018-02-05T05:00:00Z,21.55,21.69,20.891,21.11,117439,1080,21.2333
2018-02-06T05:00:00Z,20.78,21.4,20.78,21.06,117050,988,21.0561
2018-02-07T05:00:00Z,21.09,21.19,20.88,21.01,102109,819,21.0382
2018-02-08T05:00:00Z,21.01,21.28,20.85,20.88,101778,641,20.9556
2018-02-09T05:00:00Z,21.07,21.25,20.77,21.1,118030,949,21.0093
2018-02-12T05:00:00Z,21.06,21.33,20.66,21.16,97400,746,21.0999
2018-02-13T05:00:00Z,21.03,21.305,20.94,21.17,59693,539,21.1375
2018-02-14T05:00:00Z,21.02,21.72,20.97,21.64,103178,949,21.5316
2018-02-15T05:00:00Z,21.66,21.83,21.35,21.78,62173,707,21.6937
2018-02-16T05:00:00Z,21.78,22.3,21.78,22.11,96568,785,22.1067
2018-02-20T05:00:00Z,22.07,22.45,22.07,22.23,83783,1178,22.2392
2018-02-21T05:00:00Z,22.2,22.57,21.91,21.91,117743,702,22.1798
2018-02-22T05:00:00Z,22.04,22.31,21.9,21.9,65904,805,22.0466
2018-02-23T05:00:00Z,21.97,22.156,21.88,22.05,37975,446,22.0181
2018-02-26T05:00:00Z,22.08,22.515,22.08,22.45,60945,586,22.3881
2018-02-27T05:00:00Z,22.42,22.65,22.125,22.24,84676,818,22.2908
2018-02-28T05:00:00Z,22.27,22.59,22.15,22.15,202148,1372,22.2432
2018-03-01T05:00:00Z,22.18,22.46,22.08,22.46,94917,1118,22.365
2018-03-02T05:00:00Z,22.35,22.68,22.25,22.61,68933,903,22.5558
2018-03-05T05:00:00Z,22.56,22.935,22.52,22.57,75615,967,22.6946
2018-03-06T05:00:00Z,22.62,22.98,22.58,22.81,67488,690,22.8181
2018-03-07T05:00:00Z,22.64,23.13,22.59,22.97,99365,617,22.9978
2018-03-08T05:00:00Z,23.02,23.21,22.8225,23.06,74148,696,22.9932
2018-03-09T05:00:00Z,23.14,23.9399,22.86,23.83,93121,816,23.692
2018-03-12T04:00:00Z,23.85,24.1199,23.55,23.94,75099,757,23.9621
2018-03-13T04:00:00Z,24,24.3,23.49,24.2,109879,1247,24.0431
2018-03-14T04:00:00Z,24.28,24.43,23.81,24.25,117170,1073,24.2408
2018-03-15T04:00:00Z,24.35,24.4,24.01,24.05,76213,826,24.1706
2018-03-16T04:00:00Z,24.15,24.49,24.1228,24.47,148141,739,24.3759
2018-03-19T04:00:00Z,24.42,24.58,24.1,24.3,86217,1040,24.2995
2018-03-20T04:00:00Z,24.28,24.29,23.71,24,125371,1076,24.0006
2018-03-21T04:00:00Z,24.02,24.16,23.78,23.81,53278,571,23.9425
2018-03-22T04:00:00Z,23.68,23.84,23.44,23.45,86560,828,23.5663
2018-03-23T04:00:00Z,23.46,23.66,22.88,22.91,90494,949,23.0724
2018-03-26T04:00:00Z,23.16,23.45,22.67,23.39,115464,1048,23.1327
2018-03-27T04:00:00Z,23.43,23.46,22.9311,23.1,118450,991,23.1583
2018-03-28T04:00:00Z,23.15,23.39,22.9,23.19,61273,720,23.1927
2018-03-29T04:00:00Z,23.25,23.5,23.1,23.11,75870,694,23.2182
2018-04-02T04:00:00Z,23.05,23.36,22.43,22.84,173097,1470,22.7367
2018-04-03T04:00:00Z,22.89,23.4,22.77,23.3,167262,1363,23.2424
2018-04-04T04:00:00Z,23.04,24.22,22.86,23.96,284738,1775,23.5607
2018-04-05T04:00:00Z,24.14,24.34,23.77,23.96,73379,842,23.9558
2018-04-06T04:00:00Z,23.8,24.34,23.77,23.9,135582,1238,24.0782
2018-04-09T04:00:00Z,23.95,24.31,23.8,23.8,83927,917,23.9611
2018-04-10T04:00:00Z,23.97,24.45,23.8502,24.27,130856,924,24.295
2018-04-11T04:00:00Z,24.16,24.42,24.16,24.33,64971,789,24.3631
2018-04-12T04:00:00Z,24.4,24.4,24.08,24.21,57666,629,24.2048
2018-04-13T04:00:00Z,24.29,24.4,24.07,24.26,62004,528,24.2954
2018-04-16T04:00:00Z,24.37,24.44,24.17,24.2,44242,540,24.266
2018-04-17T04:00:00Z,24.29,24.5,24.11,24.29,104974,698,24.2994
2018-04-18T04:00:00Z,24.3,24.34,24.02,24.04,67083,676,24.1892
2018-04-19T04:00:00Z,24.01,24.27,23.96,24.17,44409,727,24.154
2018-04-20T04:00:00Z,24.16,24.25,23.92,24.09,84491,631,24.0734
2018-04-23T04:00:00Z,24.03,24.13,23.88,24.12,55233,559,24.0364
2018-04-24T04:00:00Z,24.2,24.28,23.91,24.23,210807,646,24.2124
2018-04-25T04:00:00Z,24.12,24.19,23.78,23.85,62061,608,23.9213
2018-04-26T04:00:00Z,23.91,24.1,23.71,24.03,53877,524,23.9656
2018-04-27T04:00:00Z,24.02,24.18,23.81,24.12,164130,1249,23.9715
2018-04-30T04:00:00Z,24.13,24.45,24.06,24.33,89853,622,24.2514
2018-05-01T04:00:00Z,24.31,24.49,23.88,24.48,206298,1458,24.2203
2018-05-02T04:00:00Z,24.5,25.12,24.28,24.98,95076,1063,24.8809
2018-05-03T04:00:00Z,24.94,25.2,24.88,25.13,56597,781,25.1044
2018-05-04T04:00:00Z,25.02,25.55,25.02,25.42,59526,645,25.4038
2018-05-07T04:00:00Z,25.48,25.915,25.25,25.84,153749,778,25.767
2018-05-08T04:00:00Z,25.86,26.25,25.68,25.89,196972,1066,25.8652
2018-05-09T04:00:00Z,25.89,26,25.605,25.8,73710,838,25.7869
2018-05-10T04:00:00Z,25.75,25.86,25.55,25.59,59094,674,25.6562
2018-05-11T04:00:00Z,25.41,25.79,25.32,25.59,50988,521,25.5496
2018-05-14T04:00:00Z,25.49,25.7,25.3,25.39,54689,649,25.4296
2018-05-15T04:00:00Z,25.34,25.5,25.171,25.5,148639,733,25.4774
2018-05-16T04:00:00Z,25.53,25.54,25.3203,25.39,73690,771,25.4299
2018-05-17T04:00:00Z,25.24,25.5,25.24,25.3,72695,820,25.3366
2018-05-18T04:00:00Z,25.27,25.41,25.19,25.3,108682,729,25.2924
2018-05-21T04:00:00Z,25.44,25.71,25.14,25.6,49723,524,25.5442
2018-05-22T04:00:00Z,25.62,25.62,25.12,25.28,144767,793,25.2908
2018-05-23T04:00:00Z,25.2,25.32,25.04,25.12,57954,645,25.1471
2018-05-24T04:00:00Z,25.09,25.26,25.02,25.23,75240,818,25.1416
2018-05-25T04:00:00Z,25.2,25.2,24.83,24.88,51097,494,24.9679
2018-05-29T04:00:00Z,24.73,24.83,24.48,24.52,126769,1119,24.5857
2018-05-30T04:00:00Z,24.62,24.98,24.59,24.59,81856,751,24.7243
2018-05-31T04:00:00Z,24.57,24.765,24.45,24.6,184142,802,24.6044
2018-06-01T04:00:00Z,24.6,24.83,24.56,24.73,65787,666,24.7333
2018-06-04T04:00:00Z,24.79,24.92,24.68,24.74,85750,717,24.7638
2018-06-05T04:00:00Z,24.8,24.85,24.63,24.84,245405,1707,24.8013
2018-06-06T04:00:00Z,24.8,25.15,24.77,25.08,112147,890,24.9886
2018-06-07T04:00:00Z,25.13,25.29,24.98,25.11,86648,773,25.118
2018-06-08T04:00:00Z,25.05,25.73,25.02,25.58,113323,916,25.5026
2018-06-11T04:00:00Z,25.7,25.7958,25.59,25.68,84604,755,25.6955
2018-06-12T04:00:00Z,25.61,25.85,25.53,25.73,227000,1230,25.7214
2018-06-13T04:00:00Z,25.77,25.8,25.53,25.57,96015,717,25.6613
2018-06-14T04:00:00Z,25.63,25.65,25.37,25.52,70666,739,25.5016
2018-06-15T04:00:00Z,25.44,25.495,25.25,25.26,209951,618,25.2978
2018-06-18T04:00:00Z,25.22,25.305,25.13,25.28,242274,2515,25.2374
2018-06-19T04:00:00Z,25.26,25.56,25.26,25.53,392883,3248,25.4231
2018-06-20T04:00:00Z,25.6,26.09,25.44,25.48,300116,3032,25.7939
2018-06-21T04:00:00Z,25.53,25.53,25.01,25.15,142711,1341,25.1303
2018-06-22T04:00:00Z,25.25,25.4387,24.9,24.95,587828,1235,24.9634
2018-06-25T04:00:00Z,24.9,24.9,24.36,24.54,134291,1363,24.538
2018-06-26T04:00:00Z,24.63,24.97,24.435,24.83,197789,1199,24.8103
2018-06-27T04:00:00Z,24.82,24.82,24.39,24.42,78362,843,24.5157
2018-06-28T04:00:00Z,24.35,24.48,24.19,24.34,70045,683,24.3553
2018-06-29T04:00:00Z,24.34,24.47,24.15,24.3,88405,733,24.31
2018-07-02T04:00:00Z,24.22,24.35,23.81,24,75932,806,24.0307
2018-07-03T04:00:00Z,24.07,24.18,23.96,23.99,58648,754,24.0235
2018-07-05T04:00:00Z,24.05,24.12,23.82,24.12,80739,858,24.0165
2018-07-06T04:00:00Z,24.14,24.33,24.02,24.21,64013,1089,24.1992
2018-07-09T04:00:00Z,24.21,24.3579,24.18,24.28,37846,732,24.2523
2018-07-10T04:00:00Z,24.3,24.44,24.01,24.36,161126,804,24.3293
2018-07-11T04:00:00Z,24.27,24.4,24.09,24.27,59080,548,24.2661
2018-07-12T04:00:00Z,24.3,24.4,24.14,24.18,41279,546,24.2267
2018-07-13T04:00:00Z,24.17,24.29,24.16,24.19,21467,406,24.1934
2018-07-16T04:00:00Z,24.2,24.31,24,24.08,81453,682,24.1192
2018-07-17T04:00:00Z,24.06,24.3,24.06,24.21,190582,836,24.1974
2018-07-18T04:00:00Z,24.1,24.27,23.8483,24.16,78421,684,24.0479
2018-07-19T04:00:00Z,24.1,24.56,24.03,24.51,64409,856,24.4244
2018-07-20T04:00:00Z,24.48,24.57,24.158,24.25,65375,459,24.2943
2018-07-23T04:00:00Z,24.26,24.26,23.83,24.07,50566,475,24.0823
2018-07-24T04:00:00Z,24.07,24.08,23.88,24.07,152559,568,24.0547
2018-07-25T04:00:00Z,24.03,24.16,23.81,23.91,88877,728,23.9244
2018-07-26T04:00:00Z,23.9,24.13,23.74,23.86,56020,725,23.8901
2018-07-27T04:00:00Z,23.9,23.96,23.21,23.28,54618,516,23.358
2018-07-30T04:00:00Z,23.33,23.59,23.07,23.47,75540,669,23.458
2018-07-31T04:00:00Z,23.54,23.632,23.37,23.4,74748,630,23.4683
2018-08-01T04:00:00Z,23.41,23.41,22.8453,23.27,81103,943,23.1659
2018-08-02T04:00:00Z,23.15,23.64,23.15,23.35,62335,580,23.3665
2018-08-03T04:00:00Z,23.34,23.41,22.98,23.31,67958,498,23.2661
2018-08-06T04:00:00Z,23.29,23.5,23.16,23.21,31225,356,23.2496
2018-08-07T04:00:00Z,22.39,23.305,22.28,22.65,86573,633,22.6255
2018-08-08T04:00:00Z,22.62,22.68,21.96,22.15,105083,959,22.2157
2018-08-09T04:00:00Z,22.15,22.4726,21.95,22.38,114644,1236,22.2891
2018-08-10T04:00:00Z,22.33,22.501,22.18,22.37,118993,1003,22.3652
2018-08-13T04:00:00Z,22.5,22.5,22.078,22.26,115209,681,22.2205
2018-08-14T04:00:00Z,22.34,22.62,22.16,22.28,97120,771,22.2909
2018-08-15T04:00:00Z,22.27,22.63,21.87,22,80309,734,22.0581
2018-08-16T04:00:00Z,22.05,22.44,21.95,22.08,54625,493,22.1156
2018-08-17T04:00:00Z,22.01,22.47,21.97,22.32,55314,549,22.2674
2018-08-20T04:00:00Z,22.43,22.45,21.96,22.26,57327,697,22.2193
2018-08-21T04:00:00Z,22.28,22.62,22.28,22.3,78705,626,22.3742
2018-08-22T04:00:00Z,22.29,22.43,22.18,22.27,118524,1026,22.2997
2018-08-23T04:00:00Z,22.28,22.38,21.99,22.01,62768,625,22.0939
2018-08-24T04:00:00Z,22.1,22.16,21.71,21.79,67254,634,21.8452
2018-08-27T04:00:00Z,21.85,22.16,21.82,21.96,48462,530,21.9696
2018-08-28T04:00:00Z,21.95,22.29,21.92,22.26,107631,689,22.1888
2018-08-29T04:00:00Z,22.31,22.39,22.17,22.2,48374,475,22.2608
2018-08-30T04:00:00Z,22.15,22.41,22.1,22.26,80684,784,22.2743
2018-08-31T04:00:00Z,22.27,22.39,22.18,22.23,122826,645,22.2554
2018-09-04T04:00:00Z,22.2,22.24,21.8,21.95,90737,758,21.9484
2018-09-05T04:00:00Z,21.93,22.13,21.846,21.9,51033,593,21.9293
2018-09-06T04:00:00Z,21.99,22.12,21.78,21.85,44756,420,21.8606
2018-09-07T04:00:00Z,21.81,22.05,21.58,21.9,69457,658,21.8767
2018-09-10T04:00:00Z,21.9,22.0922,21.83,21.86,97936,921,21.962
2018-09-11T04:00:00Z,21.85,21.88,21.46,21.54,93909,1040,21.598
2018-09-12T04:00:00Z,21.51,21.62,21.3488,21.5,65084,592,21.495
2018-09-13T04:00:00Z,21.52,21.68,21.39,21.59,53659,790,21.5601
2018-09-14T04:00:00Z,21.54,21.875,21.5,21.7,69380,809,21.7288
2018-09-17T04:00:00Z,21.69,21.77,21.61,21.74,57072,738,21.7283
2018-09-18T04:00:00Z,21.74,22.18,21.74,22.16,138389,1277,22.0672
2018-09-19T04:00:00Z,22.19,22.635,22.19,22.46,211306,1457,22.434
2018-09-20T04:00:00Z,22.53,23.24,22.53,22.97,381604,2930,22.9815
2018-09-21T04:00:00Z,23.02,23.24,22.39,22.45,304219,912,22.56
2018-09-24T04:00:00Z,22.43,22.48,21.96,21.99,151607,988,22.0631
2018-09-25T04:00:00Z,21.99,22.044,21.75,21.78,86096,641,21.8562
2018-09-26T04:00:00Z,21.8,21.83,21.57,21.6,80168,825,21.6509
2018-09-27T04:00:00Z,21.62,21.74,21.4,21.61,47306,449,21.5769
2018-09-28T04:00:00Z,21.59,21.7225,21.17,21.71,70434,605,21.6731
2018-10-01T04:00:00Z,21.8,21.82,21.38,21.43,74142,764,21.6128
2018-10-02T04:00:00Z,21.46,21.78,21.38,21.39,85040,1009,21.5075
2018-10-03T04:00:00Z,21.42,21.54,21.08,21.15,85749,938,21.2561
2018-10-04T04:00:00Z,21.09,21.2,20.8538,20.89,83372,708,20.9953
2018-10-05T04:00:00Z,20.88,20.9663,20.55,20.72,75010,970,20.7092
2018-10-08T04:00:00Z,20.67,20.78,20.36,20.4,68937,710,20.4786
2018-10-09T04:00:00Z,20.35,20.48,20.21,20.27,117129,1210,20.2942
2018-10-10T04:00:00Z,20.26,20.3,19.795,19.81,118588,1181,20.017
2018-10-11T04:00:00Z,19.75,19.865,19.21,19.25,102321,891,19.5259
2018-10-12T04:00:00Z,19.24,19.43,18.72,18.88,182148,1485,18.9274
2018-10-15T04:00:00Z,18.83,19.0629,18.72,18.97,106235,981,18.9433
2018-10-16T04:00:00Z,19.03,19.64,18.76,19.56,65385,833,19.4084
2018-10-17T04:00:00Z,19.52,19.81,19.45,19.75,75269,680,19.6886
2018-10-18T04:00:00Z,19.66,19.81,19.375,19.59,70267,722,19.5729
2018-10-19T04:00:00Z,19.66,19.87,19.65,19.76,71432,681,19.7537
2018-10-22T04:00:00Z,19.8,20.1,19.58,19.58,56606,644,19.6787
2018-10-23T04:00:00Z,19.38,19.67,19.22,19.43,50379,532,19.43
2018-10-24T04:00:00Z,19.38,19.52,18.86,18.86,48377,447,19.0192
2018-10-25T04:00:00Z,18.84,19.22,18.7,19.16,76660,643,19.1068
2018-10-26T04:00:00Z,19,19.42,18.76,19.34,99675,740,19.2019
2018-10-29T04:00:00Z,19.53,19.75,19.13,19.25,72865,624,19.3334
2018-10-30T04:00:00Z,19.26,19.71,19.22,19.29,72118,749,19.3277
2018-10-31T04:00:00Z,19.48,19.48,18.95,19,76769,938,19.0616
2018-11-01T04:00:00Z,19.09,19.17,18.9,19.03,101275,793,19.0439
2018-11-02T04:00:00Z,19.09,19.25,18.87,19.17,137935,1245,19.0743
2018-11-05T05:00:00Z,19.25,19.35,18.96,19.13,52758,522,19.134
2018-11-06T05:00:00Z,19.17,19.49,18.58,18.75,75943,601,18.8193
2018-11-07T05:00:00Z,18.87,18.87,18.56,18.74,62422,527,18.7219
2018-11-08T05:00:00Z,18.71,18.9,18.56,18.72,76972,655,18.7379
2018-11-09T05:00:00Z,18.64,18.89,18.34,18.6,90100,824,18.5265
2018-11-12T05:00:00Z,18.71,18.98,18.44,18.75,79519,792,18.7498
2018-11-13T05:00:00Z,18.78,19.0493,18.64,18.73,70510,643,18.7621
2018-11-14T05:00:00Z,18.76,18.82,18.2,18.32,60348,459,18.3798
2018-11-15T05:00:00Z,18.25,18.31,17.86,17.92,78443,814,18.0199
2018-11-16T05:00:00Z,17.82,18.19,17.62,18.19,84643,697,17.9804
2018-11-19T05:00:00Z,18.19,18.3521,17.9188,18.21,65013,548,18.1532
2018-11-20T05:00:00Z,18.16,18.2,17.86,18.01,50789,497,17.9976
2018-11-21T05:00:00Z,18.04,18.4,18.04,18.18,42396,343,18.2364
2018-11-23T05:00:00Z,18.11,18.19,18.01,18.05,22875,255,18.0696
2018-11-26T05:00:00Z,18.11,18.22,17.91,18.16,60740,501,18.0877
2018-11-27T05:00:00Z,18.14,18.17,17.89,18.02,59602,759,18.0104
2018-11-28T05:00:00Z,18.03,18.6,17.97,18.55,95853,838,18.4643
2018-11-29T05:00:00Z,18.54,18.72,18.4,18.54,73756,696,18.5569
2018-11-30T05:00:00Z,18.58,18.6,18.05,18.07,261883,914,18.1011
2018-12-03T05:00:00Z,18.22,18.29,17.88,17.94,76598,491,17.9877
2018-12-04T05:00:00Z,17.85,17.86,17.15,17.22,180671,1373,17.3786
2018-12-06T05:00:00Z,17.06,17.26,16.74,17.23,161041,1302,17.0564
2018-12-07T05:00:00Z,17.16,17.371,16.66,16.97,203221,1313,16.9097
2018-12-10T05:00:00Z,16.88,17.11,16.495,17.02,99532,1009,16.8671
2018-12-11T05:00:00Z,17.12,17.32,16.52,16.6,77746,742,16.6891
2018-12-12T05:00:00Z,17,18.05,17,17.48,186142,1129,17.5754
2018-12-13T05:00:00Z,17.51,17.672,17.25,17.32,72411,748,17.3744
2018-12-14T05:00:00Z,17.26,17.43,17.13,17.37,75877,471,17.3449
2018-12-17T05:00:00Z,17.37,17.93,17.37,17.73,150828,1246,17.7115
2018-12-18T05:00:00Z,17.91,18.1,17.55,17.82,133013,994,17.8297
2018-12-19T05:00:00Z,17.8,18.07,17.5837,17.75,168379,759,17.8178
2018-12-20T05:00:00Z,17.68,18.07,17.5711,17.68,113836,814,17.7545
2018-12-21T05:00:00Z,17.69,17.78,17.19,17.36,282921,1178,17.4247
2018-12-24T05:00:00Z,17.24,17.48,16.92,16.96,98776,566,17.0758
2018-12-26T05:00:00Z,16.84,17.07,16.45,16.54,307704,1495,16.6035
2018-12-27T05:00:00Z,16.23,16.5,16.041,16.44,194032,1149,16.3017
2018-12-28T05:00:00Z,16.39,16.94,16.3,16.74,215284,1352,16.6838
2018-12-31T05:00:00Z,16.74,16.9075,16.38,16.58,201817,1355,16.5341
2019-01-02T05:00:00Z,16.39,16.8,16.17,16.77,76214,622,16.7028
2019-01-03T05:00:00Z,16.72,16.9,16.5,16.59,87454,576,16.6248
2019-01-04T05:00:00Z,16.74,17.29,16.54,17.15,84175,745,17.1179
2019-01-07T05:00:00Z,17.01,17.81,16.92,17.72,108049,885,17.5931
2019-01-08T05:00:00Z,17.83,18.13,17.69,18.1,65183,518,18.0178
2019-01-09T05:00:00Z,18.1,18.23,17.86,18.05,75327,623,18.0429
2019-01-10T05:00:00Z,17.98,18.23,17.95,18.1,47279,423,18.096
2019-01-11T05:00:00Z,18.01,18.41,17.94,18.38,92712,777,18.272
2019-01-14T05:00:00Z,18.37,18.57,18.15,18.23,67661,574,18.2773
2019-01-15T05:00:00Z,18.24,18.38,18.03,18.34,59140,617,18.2545
2019-01-16T05:00:00Z,18.29,18.57,18.27,18.57,58483,380,18.5152
2019-01-17T05:00:00Z,18.51,18.8,18.46,18.63,67761,728,18.6441
2019-01-18T05:00:00Z,18.67,18.96,18.59,18.66,71018,491,18.7184
2019-01-22T05:00:00Z,18.61,18.71,18.27,18.49,62501,667,18.4727
2019-01-23T05:00:00Z,18.54,18.75,18.22,18.32,46645,414,18.334
2019-01-24T05:00:00Z,18.31,18.4303,18.18,18.38,51950,400,18.3532
2019-01-25T05:00:00Z,18.4,18.5,18.245,18.36,35558,473,18.3784
2019-01-28T05:00:00Z,18.3,18.47,18.04,18.47,61992,467,18.3985
2019-01-29T05:00:00Z,18.5,18.6929,18.5,18.67,66006,442,18.6471
2019-01-30T05:00:00Z,18.65,18.87,18.55,18.66,85511,644,18.6587
2019-01-31T05:00:00Z,18.59,18.85,18.49,18.82,96225,733,18.7765
2019-02-01T05:00:00Z,18.75,18.94,18.65,18.92,57867,548,18.8454
2019-02-04T05:00:00Z,18.87,19.29,18.7942,19.29,70220,582,19.1809
2019-02-05T05:00:00Z,19.28,19.33,19.03,19.31,60958,348,19.2417
2019-02-06T05:00:00Z,19.31,19.36,19.01,19.15,49953,641,19.1247
2019-02-07T05:00:00Z,19.11,19.27,19,19.2,40304,371,19.1645
2019-02-08T05:00:00Z,19.18,19.35,18.97,19.04,34711,462,19.0498
2019-02-11T05:00:00Z,19.09,19.25,19.01,19.22,21226,236,19.1817
2019-02-12T05:00:00Z,19.31,19.42,19.11,19.4,44156,377,19.3123
2019-02-13T05:00:00Z,19.41,19.49,19.22,19.37,30969,296,19.341
2019-02-14T05:00:00Z,19.35,19.515,19.29,19.43,36756,299,19.4395
2019-02-15T05:00:00Z,19.53,19.58,19.37,19.41,65230,512,19.4528
2019-02-19T05:00:00Z,19.33,19.55,19.33,19.49,52174,602,19.4903
2019-02-20T05:00:00Z,19.51,19.57,19.46,19.52,68398,538,19.5077
2019-02-21T05:00:00Z,19.5,19.53,19.26,19.53,33381,569,19.4821
2019-02-22T05:00:00Z,19.58,19.66,19.47,19.54,72132,605,19.5453
2019-02-25T05:00:00Z,19.61,19.625,19.19,19.23,39103,351,19.2841
2019-02-26T05:00:00Z,19.19,19.195,18.84,18.91,36240,331,18.9608
2019-02-27T05:00:00Z,18.81,18.88,18.57,18.78,28790,312,18.7666
2019-02-28T05:00:00Z,18.8,18.8699,18.49,18.49,60160,581,18.5762
2019-03-01T05:00:00Z,18.57,18.57,18.2034,18.35,33594,375,18.3421
2019-03-04T05:00:00Z,18.3,18.62,18.09,18.41,63036,480,18.3221
2019-03-05T05:00:00Z,18.39,18.63,18.36,18.48,36395,436,18.4908
2019-03-06T05:00:00Z,18.39,18.53,17.85,17.92,63472,557,18.001
2019-03-07T05:00:00Z,17.88,17.89,17.46,17.47,139699,898,17.5515
2019-03-08T05:00:00Z,17.43,17.67,17.36,17.61,62938,539,17.5766
2019-03-11T04:00:00Z,17.66,18.13,17.5614,18.03,48095,379,17.9653
2019-03-12T04:00:00Z,18.07,18.15,17.9548,18.06,43133,393,18.0486
2019-03-13T04:00:00Z,18.11,18.3,18.11,18.23,49762,376,18.2268
2019-03-14T04:00:00Z,18.17,18.28,18.07,18.28,29842,220,18.2382
2019-03-15T04:00:00Z,18.24,18.48,18.1,18.45,148097,513,18.3569
2019-03-18T04:00:00Z,18.48,18.63,18.24,18.5,86439,622,18.478
2019-03-19T04:00:00Z,18.52,18.52,18.15,18.44,123159,683,18.3888
2019-03-20T04:00:00Z,18.4,18.535,18.18,18.18,89240,715,18.2958
2019-03-21T04:00:00Z,18.12,18.5,17.93,17.98,62548,604,18.146
2019-03-22T04:00:00Z,17.9,17.98,16.98,17.12,167837,1346,17.2328
2019-03-25T04:00:00Z,17.04,17.545,17.03,17.51,57426,606,17.3969
2019-03-26T04:00:00Z,17.56,17.72,17.5,17.7,33989,387,17.6577
2019-03-27T04:00:00Z,17.63,17.7,17.38,17.45,77248,622,17.4921
2019-03-28T04:00:00Z,17.45,17.57,17.22,17.3,54362,551,17.3286
2019-03-29T04:00:00Z,17.4,17.7,17.12,17.6,115603,970,17.5009
2019-04-01T04:00:00Z,17.66,17.83,17.4754,17.65,38280,402,17.6258
2019-04-02T04:00:00Z,17.57,17.57,17.33,17.48,39735,408,17.4491
2019-04-03T04:00:00Z,17.57,17.67,17.27,17.3,41232,441,17.3582
2019-04-04T04:00:00Z,17.35,17.46,17.29,17.41,47600,443,17.3599
2019-04-05T04:00:00Z,17.46,17.75,17.37,17.67,41906,380,17.6729
2019-04-08T04:00:00Z,17.56,17.85,17.46,17.81,30689,342,17.7823
2019-04-09T04:00:00Z,17.75,17.76,17.5,17.5,31565,342,17.5335
2019-04-10T04:00:00Z,17.54,17.77,17.52,17.69,127790,1101,17.6197
2019-04-11T04:00:00Z,17.73,17.79,17.57,17.58,28327,257,17.6524
2019-04-12T04:00:00Z,17.62,17.73,17.51,17.7,41471,487,17.6542
2019-04-15T04:00:00Z,17.72,17.75,17.58,17.7,46528,449,17.6903
2019-04-16T04:00:00Z,17.76,17.81,17.585,17.74,29836,295,17.7282
2019-04-17T04:00:00Z,17.76,17.76,17.41,17.41,41134,429,17.5508
2019-04-18T04:00:00Z,17.35,17.5,17.09,17.25,58081,441,17.2643
2019-04-22T04:00:00Z,17.17,17.24,16.85,17.23,55774,543,17.0818
2019-04-23T04:00:00Z,17.32,17.47,17.23,17.37,101065,679,17.3784
2019-04-24T04:00:00Z,17.39,17.59,17.35,17.39,48976,421,17.4478
2019-04-25T04:00:00Z,17.35,17.64,17.35,17.5,64169,565,17.4593
2019-04-26T04:00:00Z,17.49,17.52,17.29,17.37,45377,462,17.399
2019-04-29T04:00:00Z,17.42,17.5688,17.37,17.44,45391,514,17.4647
2019-04-30T04:00:00Z,17.46,17.54,17.17,17.25,50149,304,17.2605
2019-05-01T04:00:00Z,17.39,17.5633,17.31,17.48,59385,554,17.4503
2019-05-02T04:00:00Z,17.44,17.85,17.44,17.6,62047,570,17.6834
2019-05-03T04:00:00Z,17.63,18.13,17.59,18.06,53230,550,17.9492
2019-05-06T04:00:00Z,17.92,18.61,17.92,18.55,78653,752,18.4604
2019-05-07T04:00:00Z,18.56,18.858,18,18.16,80907,510,18.215
2019-05-08T04:00:00Z,18.16,18.42,18.08,18.36,46419,557,18.3233
2019-05-09T04:00:00Z,18.31,18.33,17.65,17.69,49898,586,17.8777
2019-05-10T04:00:00Z,17.62,17.7983,17.44,17.69,49105,478,17.6266
2019-05-13T04:00:00Z,17.49,17.54,17.09,17.1,71393,772,17.2433
2019-05-14T04:00:00Z,17.17,17.305,16.8,16.84,63240,704,16.9855
2019-05-15T04:00:00Z,16.81,17.1,16.7663,16.81,84759,787,16.8585
2019-05-16T04:00:00Z,16.94,17.2,16.82,16.88,77634,866,16.9831
2019-05-17T04:00:00Z,16.75,17.1,16.69,16.77,65743,615,16.8743
2019-05-20T04:00:00Z,16.68,16.96,16.515,16.6,56485,617,16.6435
2019-05-21T04:00:00Z,16.64,16.7468,16.5473,16.7,35377,492,16.6591
2019-05-22T04:00:00Z,16.63,16.81,16.31,16.37,63744,528,16.4171
2019-05-23T04:00:00Z,16.24,16.4107,16.2,16.38,97313,1085,16.3008
2019-05-24T04:00:00Z,16.48,16.57,16.32,16.38,57333,657,16.4274
2019-05-28T04:00:00Z,16.38,16.51,16.33,16.36,48911,654,16.3751
2019-05-29T04:00:00Z,16.3,16.38,16.2,16.37,60578,622,16.3359
2019-05-30T04:00:00Z,16.38,16.48,16.28,16.35,39527,495,16.3453
2019-05-31T04:00:00Z,16.2,16.36,16.1,16.19,105537,596,16.1854
2019-06-03T04:00:00Z,16.28,16.28,16.07,16.16,81505,774,16.1652
2019-06-04T04:00:00Z,16.29,16.35,16.15,16.23,77600,795,16.2623
2019-06-05T04:00:00Z,16.23,16.39,16.06,16.2,81708,789,16.1747
2019-06-06T04:00:00Z,16.19,16.398,16.05,16.35,96358,678,16.2215
2019-06-07T04:00:00Z,16.46,16.97,16.46,16.87,57586,1435,16.7766
2019-06-10T04:00:00Z,16.9,17.1499,16.9,16.95,41991,823,16.9838
2019-06-11T04:00:00Z,16.99,17.2115,16.94,17.05,172928,1141,17.0588
2019-06-12T04:00:00Z,17.06,17.2,16.37,16.5,104425,941,16.5273
2019-06-13T04:00:00Z,16.57,16.75,16.51,16.55,43918,522,16.6013
2019-06-14T04:00:00Z,16.52,16.54,16.21,16.3,73992,965,16.3334
2019-06-17T04:00:00Z,16.29,16.6,16.29,16.5,72780,681,16.4925
2019-06-18T04:00:00Z,16.59,16.85,16.51,16.66,51076,480,16.6646
2019-06-19T04:00:00Z,16.64,16.76,16.62,16.69,57526,1157,16.6814
2019-06-20T04:00:00Z,16.76,16.84,16.65,16.8,57098,525,16.7706
2019-06-21T04:00:00Z,16.75,16.98,16.75,16.94,104719,559,16.8922
2019-06-24T04:00:00Z,16.9,17.05,16.75,16.76,80434,1850,16.7793
2019-06-25T04:00:00Z,16.76,16.94,16.54,16.6,81317,787,16.6643
2019-06-26T04:00:00Z,16.62,16.74,16.27,16.27,173701,2204,16.3436
2019-06-27T04:00:00Z,16.29,16.5,16.29,16.5,81170,1128,16.4774
2019-06-28T04:00:00Z,16.5,16.63,16.38,16.59,359449,1621,16.5335
2019-07-01T04:00:00Z,16.74,17.66,16.74,17.51,119911,1256,17.3419
2019-07-02T04:00:00Z,17.55,17.745,17.4,17.55,112814,952,17.5744
2019-07-03T04:00:00Z,17.51,17.64,17.49,17.61,48798,484,17.5597
2019-07-05T04:00:00Z,17.67,18.21,17.67,18.15,81521,784,18.0358
2019-07-08T04:00:00Z,18.2,18.36,18.0891,18.22,54337,871,18.2237
2019-07-09T04:00:00Z,18.21,18.25,18.05,18.13,41993,562,18.137
2019-07-10T04:00:00Z,18.15,18.25,17.94,17.97,77817,1077,18.0706
2019-07-11T04:00:00Z,17.98,18.04,17.7,17.77,53520,670,17.7993
2019-07-12T04:00:00Z,17.68,17.94,17.68,17.81,70445,1054,17.83
2019-07-15T04:00:00Z,17.83,17.99,17.702,17.93,73914,699,17.8687
2019-07-16T04:00:00Z,17.9,18.0912,17.85,17.99,33746,762,17.9921
2019-07-17T04:00:00Z,17.93,17.93,17.71,17.85,40831,1060,17.8453
2019-07-18T04:00:00Z,17.8,17.89,17.61,17.8,30439,530,17.7623
2019-07-19T04:00:00Z,17.7,17.86,17.57,17.59,31430,363,17.6704
2019-07-22T04:00:00Z,17.58,17.77,17.44,17.71,42874,858,17.6481
2019-07-23T04:00:00Z,17.71,17.78,17.6348,17.71,32672,450,17.7058
2019-07-24T04:00:00Z,17.66,17.87,17.56,17.77,76818,921,17.755
2019-07-25T04:00:00Z,17.77,17.77,17.55,17.64,34251,410,17.646
2019-07-26T04:00:00Z,17.59,17.95,17.37,17.8,100563,1234,17.618
2019-07-29T04:00:00Z,17.78,18.15,17.78,18.08,50887,607,18.03
2019-07-30T04:00:00Z,17.96,18.2,17.96,18.15,151140,1496,18.0863
2019-07-31T04:00:00Z,18.15,18.7,18.13,18.53,131431,1335,18.4807
2019-08-01T04:00:00Z,18.51,18.72,18.18,18.2,56894,587,18.3309
2019-08-02T04:00:00Z,18.21,18.21,17.79,17.89,70300,780,17.9163
2019-08-05T04:00:00Z,17.68,17.68,16.84,17.18,95887,741,17.1977
2019-08-06T04:00:00Z,17.16,17.34,16.95,17.06,57804,536,17.06
2019-08-07T04:00:00Z,16.91,17.17,16.77,17.01,47192,684,17.0133
2019-08-08T04:00:00Z,17.14,17.43,16.91,17.28,92169,855,17.2891
2019-08-09T04:00:00Z,17.21,17.4,17.12,17.31,37426,590,17.3047
2019-08-12T04:00:00Z,17.18,17.34,17.1535,17.27,18754,313,17.2449
2019-08-13T04:00:00Z,17.31,17.578,17.25,17.3,37368,478,17.3208
2019-08-14T04:00:00Z,17.12,17.34,16.819,16.85,42069,569,16.9081
2019-08-15T04:00:00Z,16.86,16.96,16.68,16.82,37637,837,16.8071
2019-08-16T04:00:00Z,16.89,17,16.755,16.95,77859,935,16.9128
2019-08-19T04:00:00Z,17.02,17.2527,16.975,17.17,43906,507,17.1534
2019-08-20T04:00:00Z,17.12,17.23,16.99,16.99,27939,769,17.0414
2019-08-21T04:00:00Z,17.12,17.25,17.07,17.23,46978,657,17.209
2019-08-22T04:00:00Z,17.31,17.42,17.08,17.12,64191,736,17.1822
2019-08-23T04:00:00Z,17.01,17.12,16.61,16.69,95364,925,16.7221
2019-08-26T04:00:00Z,16.86,16.86,16.51,16.51,87449,745,16.5753
2019-08-27T04:00:00Z,16.6,16.6,16.09,16.1,134019,677,16.1517
2019-08-28T04:00:00Z,16.13,16.5,16.13,16.39,47119,607,16.3745
2019-08-29T04:00:00Z,16.55,17.06,16.55,16.76,49340,558,16.8408
2019-08-30T04:00:00Z,16.81,16.86,16.62,16.74,61817,630,16.7302
2019-09-03T04:00:00Z,16.66,16.75,16.44,16.65,40274,484,16.64
2019-09-04T04:00:00Z,16.73,16.78,16.63,16.72,54636,1121,16.7151
2019-09-05T04:00:00Z,16.88,16.98,16.74,16.76,97730,730,16.8169
2019-09-06T04:00:00Z,16.81,16.81,16.62,16.63,48985,601,16.6719
2019-09-09T04:00:00Z,16.61,16.79,16.45,16.49,67534,713,16.5449
2019-09-10T04:00:00Z,16.47,17.14,16.4101,16.84,286013,1351,16.9599
2019-09-11T04:00:00Z,16.92,17.57,16.92,17.5,194940,1960,17.4657
2019-09-12T04:00:00Z,17.6,18.43,17.53,18.23,225088,1876,17.9848
2019-09-13T04:00:00Z,18.32,18.87,18.2,18.62,119545,1308,18.676
2019-09-16T04:00:00Z,18.6,18.8864,18.32,18.36,99840,923,18.4418
2019-09-17T04:00:00Z,18.32,18.38,18.055,18.27,71656,568,18.2378
2019-09-18T04:00:00Z,18.37,18.37,17.875,17.91,60840,443,17.926
2019-09-19T04:00:00Z,18,18.05,17.62,17.63,77466,1068,17.7215
2019-09-20T04:00:00Z,17.7,17.71,17.3,17.51,231011,676,17.5434
2019-09-23T04:00:00Z,17.54,17.55,17.31,17.33,57432,521,17.354
2019-09-24T04:00:00Z,17.44,17.44,17.05,17.18,51555,613,17.1903
2019-09-25T04:00:00Z,17.21,17.43,17.15,17.24,49345,528,17.2596
2019-09-26T04:00:00Z,17.22,17.31,17.0836,17.26,36350,357,17.2439
2019-09-27T04:00:00Z,17.37,17.37,17.02,17.21,65598,615,17.1804
2019-09-30T04:00:00Z,17.24,17.3,16.96,16.97,62487,533,17.0144
2019-10-01T04:00:00Z,17.04,17.11,16.51,16.59,66648,555,16.6327
2019-10-02T04:00:00Z,16.51,16.64,16.4,16.54,95037,976,16.5402
2019-10-03T04:00:00Z,16.52,16.5372,16.38,16.43,94781,770,16.4422
2019-10-04T04:00:00Z,16.43,16.75,16.39,16.74,142676,1319,16.6187
2019-10-07T04:00:00Z,16.69,16.8261,16.58,16.7,55557,882,16.7492
2019-10-08T04:00:00Z,16.55,16.55,16.34,16.39,55960,658,16.4398
2019-10-09T04:00:00Z,16.47,16.47,16.2,16.2,73368,848,16.2739
2019-10-10T04:00:00Z,16.26,16.35,16.1,16.12,95470,1399,16.1569
2019-10-11T04:00:00Z,16.26,16.64,16.2,16.49,101873,1135,16.5119
2019-10-14T04:00:00Z,16.49,16.54,16.35,16.51,51979,864,16.4941
2019-10-15T04:00:00Z,16.55,16.8,16.47,16.57,81036,1207,16.6068
2019-10-16T04:00:00Z,16.51,16.67,16.46,16.49,38589,733,16.5373
2019-10-17T04:00:00Z,16.6,16.62,16.27,16.52,98284,736,16.5026
2019-10-18T04:00:00Z,16.48,16.74,16.42,16.52,123067,1468,16.5338
2019-10-21T04:00:00Z,16.67,16.77,16.52,16.59,90071,1839,16.6016
2019-10-22T04:00:00Z,16.56,16.75,16.48,16.51,58873,690,16.575
2019-10-23T04:00:00Z,16.51,16.66,16.43,16.59,80133,1127,16.5666
2019-10-24T04:00:00Z,16.6,16.62,16.34,16.35,36518,680,16.4194
2019-10-25T04:00:00Z,16.38,16.41,16.22,16.35,69382,615,16.3361
2019-10-28T04:00:00Z,16.37,16.81,16.37,16.39,79361,912,16.4852
2019-10-29T04:00:00Z,16.36,16.45,16.15,16.35,79475,867,16.3443
2019-10-30T04:00:00Z,16.34,16.34,16.12,16.21,64835,698,16.2181
2019-10-31T04:00:00Z,16.23,16.23,15.93,16.08,101738,857,16.0562
2019-11-01T04:00:00Z,16.1,16.23,15.97,16.13,178446,2026,16.0668
2019-11-04T05:00:00Z,16.25,16.73,16.12,16.7,84865,1074,16.5769
2019-11-05T05:00:00Z,16.81,16.82,16.55,16.69,111802,1194,16.676
2019-11-06T05:00:00Z,16.67,16.82,16.49,16.64,71303,1646,16.6434
2019-11-07T05:00:00Z,16.69,16.7626,16.28,16.59,65863,750,16.5845
2019-11-08T05:00:00Z,16.6,16.7,16.38,16.51,63543,780,16.5315
2019-11-11T05:00:00Z,16.41,16.46,16.11,16.32,82595,1366,16.2728
2019-11-12T05:00:00Z,16.31,16.44,16.14,16.16,55192,854,16.2037
2019-11-13T05:00:00Z,16.1,16.14,16.01,16.02,53114,1006,16.057
2019-11-14T05:00:00Z,16,16.08,15.95,15.96,68803,550,15.978
2019-11-15T05:00:00Z,16.03,16.0861,15.9,16.04,73833,597,16.01
2019-11-18T05:00:00Z,16.01,16.02,15.82,15.91,60634,787,15.9292
2019-11-19T05:00:00Z,16.04,16.4,16.02,16.15,121457,1252,16.2316
2019-11-20T05:00:00Z,16.05,16.23,15.9747,16.01,91729,832,16.0541
2019-11-21T05:00:00Z,16.08,16.08,15.85,16.02,49029,897,15.997
2019-11-22T05:00:00Z,16.11,16.18,15.925,16.04,50468,773,16.0297
2019-11-25T05:00:00Z,16.04,16.45,16.04,16.4,84521,1391,16.3625
2019-11-26T05:00:00Z,16.46,16.55,16.21,16.39,119574,923,16.4278
2019-11-27T05:00:00Z,16.44,16.4825,16.25,16.28,60139,627,16.3415
2019-11-29T05:00:00Z,16.21,16.6,16.06,16.44,37883,239,16.4339
2019-12-02T05:00:00Z,16.41,16.47,16.13,16.25,67050,688,16.2419
2019-12-03T05:00:00Z,16.12,16.14,15.99,16.11,74811,1150,16.0745
2019-12-04T05:00:00Z,16.13,16.19,16.05,16.08,59357,712,16.0962
2019-12-05T05:00:00Z,16.05,16.115,15.95,16,113206,1044,16.0124
2019-12-06T05:00:00Z,16.1,16.2022,15.99,16.04,121057,1219,16.0609
2019-12-09T05:00:00Z,16.04,16.12,16,16.05,137252,938,16.0526
2019-12-10T05:00:00Z,16.08,16.13,16.02,16.11,142862,1674,16.083
2019-12-11T05:00:00Z,16.14,16.15,16.09,16.15,112400,1173,16.128
2019-12-12T05:00:00Z,16.13,16.41,16.13,16.24,109557,1275,16.2527
2019-12-13T05:00:00Z,16.3,16.43,16.162,16.42,91742,1093,16.3548
2019-12-16T05:00:00Z,16.51,16.5986,16.34,16.43,101382,765,16.4292
2019-12-17T05:00:00Z,16.43,16.46,16.28,16.39,126677,1099,16.377
2019-12-18T05:00:00Z,16.42,16.515,16.31,16.43,116604,945,16.4187
2019-12-19T05:00:00Z,16.4,16.54,16.34,16.42,99957,823,16.4185
2019-12-20T05:00:00Z,16.45,16.5,16.31,16.48,159924,1041,16.447
2019-12-23T05:00:00Z,16.43,16.49,16.3,16.35,86743,762,16.3627
2019-12-24T05:00:00Z,16.35,16.415,16.14,16.34,52845,443,16.3395
2019-12-26T05:00:00Z,16.3,16.44,15.998,16.23,189021,1239,16.2156
2019-12-27T05:00:00Z,16.17,16.2709,16.1,16.24,75890,730,16.2119
2019-12-30T05:00:00Z,16.27,16.35,16.12,16.16,95919,911,16.2127
2019-12-31T05:00:00Z,16.1,16.229,15.97,15.98,140937,1202,16.049
2020-01-02T05:00:00Z,16.03,16.03,15.85,15.86,72878,854,15.9019
2020-01-03T05:00:00Z,15.85,16.11,15.85,15.9,77337,809,15.8917
2020-01-06T05:00:00Z,15.85,16.1455,15.662,16.08,103054,1438,15.9865
2020-01-07T05:00:00Z,16.03,16.13,15.9,16.03,94973,1080,16.0299
2020-01-08T05:00:00Z,16.08,16.16,15.92,15.97,76468,803,15.9981
2020-01-09T05:00:00Z,16.01,16.07,15.86,15.86,76078,694,15.9354
2020-01-10T05:00:00Z,15.85,15.95,15.73,15.84,92691,1069,15.837
2020-01-13T05:00:00Z,15.84,15.94,15.74,15.85,57277,742,15.8266
2020-01-14T05:00:00Z,15.8,15.97,15.7,15.82,88428,1329,15.8519
2020-01-15T05:00:00Z,15.77,16.11,15.77,16.1,90521,1160,16.0064
2020-01-16T05:00:00Z,16.19,16.42,16.18,16.35,64534,665,16.3263
2020-01-17T05:00:00Z,16.46,16.46,16.075,16.17,75856,786,16.2275
2020-01-21T05:00:00Z,16.11,16.19,15.9,16.06,70445,597,16.0638
2020-01-22T05:00:00Z,16.15,16.15,15.875,15.96,65026,1094,15.9646
2020-01-23T05:00:00Z,15.9,16.22,15.78,16.11,111149,691,16.0915
2020-01-24T05:00:00Z,16.09,16.34,16.06,16.32,65982,624,16.2443
2020-01-27T05:00:00Z,16.15,16.35,16.15,16.2,98250,877,16.2575
2020-01-28T05:00:00Z,16.3,16.3,16.2,16.21,58382,595,16.2313
2020-01-29T05:00:00Z,16.17,16.23,16.11,16.12,64296,503,16.1266
2020-01-30T05:00:00Z,16.01,16.25,15.98,16.23,79980,666,16.1652
2020-01-31T05:00:00Z,16.18,16.2,16.07,16.1,109829,746,16.1037
2020-02-03T05:00:00Z,16.17,16.35,16.15,16.34,72541,772,16.3089
2020-02-04T05:00:00Z,16.46,16.52,16.37,16.37,69946,777,16.4232
2020-02-05T05:00:00Z,16.47,16.56,16.24,16.52,62685,632,16.5027
2020-02-06T05:00:00Z,16.54,16.66,16.42,16.42,141935,1089,16.5368
2020-02-07T05:00:00Z,16.42,16.47,16.325,16.35,65778,645,16.372
2020-02-10T05:00:00Z,16.37,16.37,16.16,16.23,74144,558,16.2365
2020-02-11T05:00:00Z,16.32,16.34,16.15,16.15,75365,691,16.2133
2020-02-12T05:00:00Z,16.22,16.3,16.16,16.2,62326,611,16.2032
2020-02-13T05:00:00Z,16.18,16.38,16.18,16.38,42510,527,16.3248
2020-02-14T05:00:00Z,16.37,16.55,16.26,16.42,51408,1048,16.3859
2020-02-18T05:00:00Z,16.35,16.42,16.25,16.28,40285,430,16.3056
2020-02-19T05:00:00Z,16.29,16.37,16.27,16.3,49024,500,16.3022
2020-02-20T05:00:00Z,16.23,16.58,16.23,16.56,59755,420,16.464
2020-02-21T05:00:00Z,16.6,16.65,16.43,16.47,50781,741,16.524
2020-02-24T05:00:00Z,16.2,16.34,16.17,16.21,67035,550,16.2222
2020-02-25T05:00:00Z,16.23,16.38,15.88,15.93,133600,953,16.0199
2020-02-26T05:00:00Z,15.97,16.1,15.89,15.95,116607,1110,15.9722
2020-02-27T05:00:00Z,15.78,15.86,15.49,15.49,129562,1162,15.5807
2020-02-28T05:00:00Z,15.22,15.38,14.86,15.08,204753,1590,15.0756
2020-03-02T05:00:00Z,15.11,15.19,14.91,15.08,97684,1117,15.0309
2020-03-03T05:00:00Z,15.03,15.23,14.87,14.92,113345,1017,14.9538
2020-03-04T05:00:00Z,15.03,15.18,14.93,15.15,66753,716,15.1189
2020-03-05T05:00:00Z,14.94,15.07,14.8,14.95,122727,965,14.9125
2020-03-06T05:00:00Z,14.73,14.82,14.51,14.76,128362,1189,14.7039
2020-03-09T04:00:00Z,14.32,14.52,13.9,13.96,142065,1273,14.1058
2020-03-10T04:00:00Z,14.46,14.855,13.98,14.47,171846,1666,14.3544
2020-03-11T04:00:00Z,14.41,15.31,14.02,14.13,152083,1377,14.2265
2020-03-12T04:00:00Z,13.63,14.04,13.24,13.44,224067,1718,13.4587
2020-03-13T04:00:00Z,13.94,14.9,13.66,14.9,207557,1803,14.4726
2020-03-16T04:00:00Z,14.4,14.4,12.28,12.63,238181,2344,12.7444
2020-03-17T04:00:00Z,12.94,14.08,12.51,13.88,205411,1872,13.5094
2020-03-18T04:00:00Z,13.38,13.53,12.44,13.18,164208,1681,13.0726
2020-03-19T04:00:00Z,13.45,14.77,13.01,14.02,175873,1438,14.0951
2020-03-20T04:00:00Z,13.88,13.985,12.56,12.62,270399,2063,13.007
2020-03-23T04:00:00Z,12.94,13.08,12.12,12.51,160310,2384,12.5879
2020-03-24T04:00:00Z,13.01,13.55,12.9001,13.51,156737,1377,13.3204
2020-03-25T04:00:00Z,13.58,14.27,13.12,13.78,148175,1156,13.777
2020-03-26T04:00:00Z,13.82,14.418,13.76,14.16,130093,1080,14.1477
2020-03-27T04:00:00Z,13.72,14.1,13.445,13.52,68203,953,13.6713
2020-03-30T04:00:00Z,13.71,14.19,13.47,14.03,87502,990,13.9547
2020-03-31T04:00:00Z,13.86,14.14,13.75,14.06,165759,1964,14.0198
2020-04-01T04:00:00Z,13.52,13.7,13.35,13.65,152702,1539,13.5975
2020-04-02T04:00:00Z,13.46,13.97,13.08,13.28,140352,1522,13.3954
2020-04-03T04:00:00Z,13.1,13.36,12.89,13.36,123229,1037,13.2107
2020-04-06T04:00:00Z,13.78,14.015,13.16,13.41,128565,1323,13.5222
2020-04-07T04:00:00Z,13.7,13.94,13.06,13.29,151778,1522,13.3904
2020-04-08T04:00:00Z,13.61,14.225,13.32,14.08,96385,876,13.9871
2020-04-09T04:00:00Z,14.44,14.57,13.98,14.45,103465,1356,14.3625
2020-04-13T04:00:00Z,14.27,14.27,13.74,13.78,62339,638,13.8722
2020-04-14T04:00:00Z,14,14.1443,13.55,13.66,124338,1121,13.7648
2020-04-15T04:00:00Z,13.2,13.58,12.9,13.43,162982,1568,13.2512
2020-04-16T04:00:00Z,13.36,13.57,13.12,13.55,146527,1543,13.3741
2020-04-17T04:00:00Z,13.7,14.28,13.7,14.02,103717,1122,14.0112
2020-04-20T04:00:00Z,13.57,13.97,13.17,13.24,82119,783,13.3754
2020-04-21T04:00:00Z,12.96,13.19,12.65,12.98,123511,1213,12.8659
2020-04-22T04:00:00Z,13.3,13.3,12.69,12.94,101556,1035,12.9324
2020-04-23T04:00:00Z,12.89,13.415,12.89,13.28,106498,1175,13.1373
2020-04-24T04:00:00Z,13.28,13.3599,13.03,13.16,61811,1000,13.1795
2020-04-27T04:00:00Z,13.14,13.52,13.12,13.41,78476,936,13.3704
2020-04-28T04:00:00Z,13.75,14.1,13.5,13.94,83596,945,13.8904
2020-04-29T04:00:00Z,14.49,14.91,14.25,14.58,126887,1237,14.6143
2020-04-30T04:00:00Z,14.17,14.26,13.57,13.7,89012,1114,13.7367
2020-05-01T04:00:00Z,13.4,13.5,12.92,13.24,117195,1333,13.2079
2020-05-04T04:00:00Z,13,13.18,12.72,13.18,126897,1273,13.0203
2020-05-05T04:00:00Z,13.45,13.57,12.84,12.9,85144,1139,13.0387
2020-05-06T04:00:00Z,12.89,12.89,12.475,12.68,170203,1676,12.6406
2020-05-07T04:00:00Z,12.85,13.4,12.65,13.36,129783,1771,13.2412
2020-05-08T04:00:00Z,13.61,13.88,13.57,13.87,71385,1024,13.7986
2020-05-11T04:00:00Z,13.63,13.72,13.18,13.55,129228,1315,13.5229
2020-05-12T04:00:00Z,13.53,13.66,13.29,13.33,99286,1346,13.42
2020-05-13T04:00:00Z,13.16,13.255,12.8,13.06,87536,1135,13.0304
2020-05-14T04:00:00Z,12.76,12.96,12.6,12.94,119628,1304,12.8581
2020-05-15T04:00:00Z,12.91,13.31,12.8398,13.19,89715,780,13.1506
2020-05-18T04:00:00Z,13.77,14.34,13.77,13.87,153513,1915,13.9328
2020-05-19T04:00:00Z,13.87,13.9,13.62,13.65,156994,2079,13.7957
2020-05-20T04:00:00Z,13.93,13.93,13.63,13.73,136309,1390,13.7468
2020-05-21T04:00:00Z,13.78,13.78,13.6475,13.7,81450,873,13.7259
2020-05-22T04:00:00Z,13.79,13.79,13.51,13.71,56934,548,13.6632
2020-05-26T04:00:00Z,14,14.21,13.76,14.08,100017,1309,14.0689
2020-05-27T04:00:00Z,14.39,14.6517,14.14,14.56,99274,1027,14.5193
2020-05-28T04:00:00Z,14.85,14.94,14.27,14.35,102293,1018,14.5002
2020-05-29T04:00:00Z,14.13,14.37,13.82,14.34,208658,1148,14.2981
2020-06-01T04:00:00Z,14.46,14.5,14.2,14.28,116554,950,14.305
2020-06-02T04:00:00Z,14.46,14.6,14.25,14.5,67785,972,14.4647
2020-06-03T04:00:00Z,14.78,15.15,14.64,14.99,105093,1366,15.0006
2020-06-04T04:00:00Z,14.86,14.98,14.71,14.91,87606,1193,14.8732
2020-06-05T04:00:00Z,15.17,15.64,15.17,15.21,157718,1552,15.3207
2020-06-08T04:00:00Z,15.47,15.64,15.305,15.53,126758,2112,15.5221
2020-06-09T04:00:00Z,15.21,15.69,15.145,15.52,77991,1964,15.468
2020-06-10T04:00:00Z,15.44,15.84,15.22,15.53,100755,936,15.534
2020-06-11T04:00:00Z,15.01,15.01,14.25,14.42,126212,1519,14.4755
2020-06-12T04:00:00Z,14.93,14.93,14.21,14.6,115556,1562,14.5249
2020-06-15T04:00:00Z,14.21,14.61,14.14,14.34,167160,1867,14.3485
2020-06-16T04:00:00Z,14.74,14.96,14.55,14.72,151389,1666,14.7566
2020-06-17T04:00:00Z,14.72,14.75,14.2917,14.42,124931,1321,14.4271
2020-06-18T04:00:00Z,14.31,14.44,14.25,14.42,118598,967,14.4013
2020-06-19T04:00:00Z,14.47,14.495,14.02,14.17,223075,1244,14.2611
2020-06-22T04:00:00Z,14.15,14.2,13.93,14.12,117000,1429,14.1163
2020-06-23T04:00:00Z,14.2,14.37,13.9504,14.05,148228,1615,14.0735
2020-06-24T04:00:00Z,13.96,14.16,13.86,14.08,208667,2146,14.0301
2020-06-25T04:00:00Z,13.96,14.2,13.94,14.14,128443,1690,14.0924
2020-06-26T04:00:00Z,14.14,14.16,13.82,13.87,255316,1522,13.8798
2020-06-29T04:00:00Z,14.08,14.47,13.99,14.47,120798,1189,14.385
2020-06-30T04:00:00Z,14.32,14.65,14.3075,14.4,106111,864,14.4837
2020-07-01T04:00:00Z,14.46,14.63,14.22,14.3,89052,1062,14.3381
2020-07-02T04:00:00Z,14.51,14.64,14.185,14.24,80516,812,14.2654
2020-07-06T04:00:00Z,14.48,14.492,14.14,14.34,62919,895,14.313
2020-07-07T04:00:00Z,14.17,14.25,14.03,14.16,98448,918,14.1434
2020-07-08T04:00:00Z,14.09,14.18,13.82,14.01,107445,1017,13.9715
2020-07-09T04:00:00Z,14.04,14.04,13.7,13.82,101774,2147,13.8579
2020-07-10T04:00:00Z,13.88,14.02,13.76,13.79,112674,2115,13.8234
2020-07-13T04:00:00Z,13.82,13.82,13.5,13.53,160737,2210,13.6314
2020-07-14T04:00:00Z,13.58,13.77,13.44,13.73,91389,1721,13.6481
2020-07-15T04:00:00Z,13.95,14.35,13.95,14.02,145043,1186,14.093
2020-07-16T04:00:00Z,13.99,14.12,13.87,14.07,85007,1102,14.0425
2020-07-17T04:00:00Z,14.02,14.44,13.92,14.35,86639,1097,14.2675
2020-07-20T04:00:00Z,14.23,14.47,13.97,14.32,115662,893,14.2996
2020-07-21T04:00:00Z,14.45,14.77,14.4,14.6,67108,645,14.6035
2020-07-22T04:00:00Z,14.44,14.8,14.42,14.51,82241,541,14.5694
2020-07-23T04:00:00Z,14.43,14.86,14.43,14.86,92889,1019,14.7421
2020-07-24T04:00:00Z,14.88,14.9,14.37,14.62,71159,702,14.5764
2020-07-27T04:00:00Z,14.57,14.88,14.37,14.79,121791,1046,14.7487
2020-07-28T04:00:00Z,14.69,15.14,14.69,14.89,126637,1370,14.9354
2020-07-29T04:00:00Z,14.98,15.1,14.88,15.09,76878,837,15.061
2020-07-30T04:00:00Z,14.82,14.92,14.61,14.87,84811,964,14.8106
2020-07-31T04:00:00Z,14.77,14.79,14.1301,14.35,113028,794,14.3468
2020-08-03T04:00:00Z,14.47,14.51,14.28,14.32,98910,1278,14.3669
2020-08-04T04:00:00Z,14.22,14.87,14.22,14.87,103862,1692,14.6312
2020-08-05T04:00:00Z,15.02,15.47,14.81,15.38,119774,1246,15.2879
2020-08-06T04:00:00Z,15.46,15.46,14.57,14.91,85954,673,14.9152
2020-08-07T04:00:00Z,14.79,15.3,14.79,15.25,62606,705,15.1661
2020-08-10T04:00:00Z,15.35,15.52,15.16,15.28,76177,1236,15.293
2020-08-11T04:00:00Z,15.46,15.62,15.24,15.35,128116,2569,15.3969
2020-08-12T04:00:00Z,15.65,15.77,15.19,15.4,76363,1075,15.4053
2020-08-13T04:00:00Z,15.29,15.52,15.29,15.34,31575,548,15.3646
2020-08-14T04:00:00Z,15.21,15.44,15.08,15.36,74829,712,15.3055
2020-08-17T04:00:00Z,15.31,15.444,15.08,15.41,58721,507,15.3423
2020-08-18T04:00:00Z,15.33,15.47,15.18,15.46,65558,1095,15.3681
2020-08-19T04:00:00Z,15.43,15.515,15.09,15.15,58747,755,15.2312
2020-08-20T04:00:00Z,14.97,15.3099,14.97,15.08,53261,581,15.1269
2020-08-21T04:00:00Z,14.95,14.99,14.66,14.75,82488,831,14.7812
2020-08-24T04:00:00Z,14.91,14.91,14.68,14.77,57552,670,14.7671
2020-08-25T04:00:00Z,14.77,14.895,14.73,14.83,56946,539,14.8263
2020-08-26T04:00:00Z,14.78,14.85,14.45,14.47,78981,916,14.56
2020-08-27T04:00:00Z,14.5,14.71,14.41,14.42,54543,640,14.4591
2020-08-28T04:00:00Z,14.51,14.58,14.36,14.43,63344,3153,14.4372
2020-08-31T04:00:00Z,14.36,14.5,14.25,14.31,72379,920,14.3317
2020-09-01T04:00:00Z,14.23,14.38,14.14,14.25,70175,788,14.2639
2020-09-02T04:00:00Z,14.21,14.44,14.1598,14.26,101392,971,14.2962
2020-09-03T04:00:00Z,14.25,14.43,14.1,14.21,71544,1618,14.2192
2020-09-04T04:00:00Z,14.39,14.41,13.91,14.12,81000,933,14.1105
2020-09-08T04:00:00Z,14.08,14.18,13.76,14.08,110217,1383,13.9829
2020-09-09T04:00:00Z,14.16,14.16,13.78,13.84,76475,1407,13.8759
2020-09-10T04:00:00Z,13.76,13.82,13.54,13.66,121558,2053,13.6927
2020-09-11T04:00:00Z,13.78,13.79,13.59,13.64,89391,1416,13.6473
2020-09-14T04:00:00Z,13.74,13.98,13.71,13.92,79466,1073,13.8819
2020-09-15T04:00:00Z,13.88,14.1,13.75,13.83,54861,894,13.9112
2020-09-16T04:00:00Z,13.81,13.97,13.6,13.77,282779,1649,13.7683
2020-09-17T04:00:00Z,13.64,14.4,13.58,14.35,295422,1250,14.2767
2020-09-18T04:00:00Z,14.4,14.58,14.14,14.56,444650,1727,14.5188
2020-09-21T04:00:00Z,14.34,14.38,13.659,13.8,337396,1524,13.8226
2020-09-22T04:00:00Z,13.81,13.93,13.5997,13.73,285678,1400,13.7287
2020-09-23T04:00:00Z,13.74,13.89,13.48,13.52,127621,1059,13.5521
2020-09-24T04:00:00Z,13.6,13.78,13.47,13.53,159792,1900,13.5835
2020-09-25T04:00:00Z,13.47,13.855,13.47,13.8,75735,728,13.7767
2020-09-28T04:00:00Z,13.93,14.5699,13.93,14.41,88222,2084,14.402
2020-09-29T04:00:00Z,14.39,14.43,14.15,14.29,42202,717,14.2995
2020-09-30T04:00:00Z,14.31,14.58,14.07,14.15,85278,1048,14.2083
2020-10-01T04:00:00Z,14.11,14.31,13.93,14.18,99301,2091,14.1061
2020-10-02T04:00:00Z,13.98,14.25,13.89,14.18,52339,603,14.1247
2020-10-05T04:00:00Z,14.25,14.51,14.25,14.47,52628,534,14.4409
2020-10-06T04:00:00Z,14.62,15,14.42,14.49,89590,2031,14.5964
2020-10-07T04:00:00Z,14.68,15.13,14.6,14.89,97283,2441,14.9004
2020-10-08T04:00:00Z,15.09,15.25,14.87,15.19,82917,1082,15.131
2020-10-09T04:00:00Z,15.35,15.84,15.0701,15.75,154247,1226,15.5786
2020-10-12T04:00:00Z,15.71,16.04,15.6119,15.95,112906,1201,15.8891
2020-10-13T04:00:00Z,15.79,15.83,15.44,15.5,88149,942,15.5471
2020-10-14T04:00:00Z,15.46,15.54,14.845,14.85,64999,1891,14.9552
2020-10-15T04:00:00Z,14.62,14.9,14.595,14.74,61206,695,14.7481
2020-10-16T04:00:00Z,14.7,14.9,14.65,14.72,53360,496,14.738
2020-10-19T04:00:00Z,14.74,14.92,14.64,14.66,38368,511,14.7022
2020-10-20T04:00:00Z,14.65,14.79,14.53,14.75,106485,876,14.7122
2020-10-21T04:00:00Z,14.67,14.92,14.67,14.8,36708,1019,14.8051
2020-10-22T04:00:00Z,14.86,14.97,14.765,14.92,47375,605,14.9073
2020-10-23T04:00:00Z,14.9,15.09,14.9,14.95,34274,1288,14.9481
2020-10-26T04:00:00Z,14.77,14.77,14.35,14.63,65409,598,14.5383
2020-10-27T04:00:00Z,14.56,14.63,14.32,14.34,51472,417,14.3803
2020-10-28T04:00:00Z,14.26,14.26,13.62,13.71,87329,900,13.7719
2020-10-29T04:00:00Z,13.62,13.84,13.44,13.76,65120,758,13.7196
2020-10-30T04:00:00Z,13.7,13.825,13.61,13.71,95299,784,13.695
2020-11-02T05:00:00Z,13.89,14.04,13.61,13.66,37252,887,13.6836
2020-11-03T05:00:00Z,13.89,14.08,13.81,13.97,62843,745,13.9638
2020-11-04T05:00:00Z,13.75,14.04,13.62,13.68,49941,524,13.7077
2020-11-05T05:00:00Z,13.72,13.9,13.7,13.81,48562,755,13.8135
2020-11-06T05:00:00Z,13.84,13.84,13.56,13.64,46034,577,13.6415
2020-11-09T05:00:00Z,14.2,14.75,14.063,14.15,119277,1366,14.2624
2020-11-10T05:00:00Z,14.34,15.08,14.12,14.84,149379,1464,14.7633
2020-11-11T05:00:00Z,14.8,14.83,14.51,14.63,36652,452,14.6384
2020-11-12T05:00:00Z,14.46,14.65,14.08,14.26,68388,852,14.2516
2020-11-13T05:00:00Z,14.37,14.7001,14.29,14.6,64962,806,14.5608
2020-11-16T05:00:00Z,14.74,15.18,14.74,15.01,87480,853,14.9853
2020-11-17T05:00:00Z,14.89,15.02,14.75,14.9,46036,578,14.8919
2020-11-18T05:00:00Z,14.86,15.04,14.61,14.61,76371,1433,14.7145
2020-11-19T05:00:00Z,14.52,14.72,14.33,14.58,44752,785,14.5312
2020-11-20T05:00:00Z,14.41,14.61,14.41,14.61,96269,776,14.5543
2020-11-23T05:00:00Z,14.75,14.88,14.57,14.65,140652,1246,14.6961
2020-11-24T05:00:00Z,14.81,15.22,14.65,15.02,112948,979,15.0241
2020-11-25T05:00:00Z,14.91,15.09,14.75,14.84,68563,790,14.8611
2020-11-27T05:00:00Z,14.79,14.87,14.59,14.79,53075,686,14.7567
2020-11-30T05:00:00Z,14.65,14.7405,14.31,14.33,91720,747,14.3819
2020-12-01T05:00:00Z,14.53,14.55,14.25,14.36,99330,1902,14.3673
2020-12-02T05:00:00Z,14.26,14.43,14.195,14.34,94865,1019,14.3267
2020-12-03T05:00:00Z,14.45,14.45,14.24,14.27,66834,797,14.2949
2020-12-04T05:00:00Z,14.35,14.62,14.35,14.61,92025,1050,14.5073
2020-12-07T05:00:00Z,14.75,14.75,14.21,14.5,112213,1369,14.4606
2020-12-08T05:00:00Z,14.5,14.94,14.45,14.94,147737,1324,14.8072
2020-12-09T05:00:00Z,15,15.17,14.81,15.12,135187,1440,15.0414
2020-12-10T05:00:00Z,15.01,15.35,14.9,15.29,74602,1166,15.1989
2020-12-11T05:00:00Z,15.23,15.23,14.6,14.75,150713,1563,14.831
2020-12-14T05:00:00Z,14.75,14.83,14.5,14.6,99236,1366,14.6118
2020-12-15T05:00:00Z,14.77,14.95,14.54,14.92,88968,1366,14.8518
2020-12-16T05:00:00Z,14.87,14.98,14.36,14.41,322628,1211,14.4333
2020-12-17T05:00:00Z,14.39,14.52,14.05,14.14,378327,2163,14.1646
2020-12-18T05:00:00Z,14.16,14.29,14.01,14.15,441362,1874,14.1375
2020-12-21T05:00:00Z,14.05,14.302,13.83,14.17,320475,1633,14.1183
2020-12-22T05:00:00Z,14.4,14.8,14.2,14.67,324544,2028,14.6455
2020-12-23T05:00:00Z,14.67,15.34,14.67,15.17,119001,1109,15.1397
2020-12-24T05:00:00Z,15.15,15.2,15.04,15.2,38121,459,15.1667
2020-12-28T05:00:00Z,15.25,15.25,14.77,14.82,84484,1471,14.907
2020-12-29T05:00:00Z,14.85,14.85,14.42,14.44,80260,1289,14.4764
2020-12-30T05:00:00Z,14.46,14.58,14.41,14.44,68073,691,14.4917
2020-12-31T05:00:00Z,14.37,14.56,14.25,14.45,90229,1030,14.3975
2021-01-04T05:00:00Z,14.59,14.72,14.36,14.37,115303,1088,14.4358
2021-01-05T05:00:00Z,14.38,14.46,14.21,14.22,86665,817,14.2682
2021-01-06T05:00:00Z,14.39,15.28,14.36,15.09,141256,1187,14.9925
2021-01-07T05:00:00Z,15.13,15.29,14.965,15.17,89088,761,15.1306
2021-01-08T05:00:00Z,15.12,15.21,14.7,15,62913,645,14.971
2021-01-11T05:00:00Z,14.82,14.9701,14.8,14.87,61309,615,14.8945
2021-01-12T05:00:00Z,14.94,15.56,14.82,15.51,97604,870,15.3503
2021-01-13T05:00:00Z,15.57,15.73,15.255,15.36,56129,614,15.4232
2021-01-14T05:00:00Z,15.49,15.7,15.2712,15.57,73911,746,15.5715
2021-01-15T05:00:00Z,15.42,15.75,15.31,15.56,148038,985,15.5872
2021-01-19T05:00:00Z,15.75,15.75,15.59,15.75,150657,1049,15.7329
2021-01-20T05:00:00Z,15.77,16.05,15.75,15.95,116745,1016,15.9433
2021-01-21T05:00:00Z,15.92,16.245,15.78,16.13,96295,1124,16.0692
2021-01-22T05:00:00Z,15.92,16.41,15.79,16.38,106628,734,16.2404
2021-01-25T05:00:00Z,16.5,16.95,16.4,16.88,138416,1346,16.7673
2021-01-26T05:00:00Z,16.96,17.02,16.63,16.86,97493,865,16.8267
2021-01-27T05:00:00Z,16.52,16.56,15.89,16.12,137964,1324,16.1328
2021-01-28T05:00:00Z,16.34,16.34,15.88,16.01,105240,1082,16.0012
2021-01-29T05:00:00Z,16,16.04,15.66,15.93,129794,1291,15.8986
2021-02-01T05:00:00Z,16,16.32,15.84,16.28,139449,763,16.1367
2021-02-02T05:00:00Z,16.53,16.96,16.3,16.93,99336,898,16.7079
2021-02-03T05:00:00Z,16.86,16.93,16.59,16.86,77202,1051,16.8208
2021-02-04T05:00:00Z,16.83,17.2,16.83,17.12,59875,619,17.0985
2021-02-05T05:00:00Z,17.28,17.36,16.99,17.18,69110,966,17.1271
2021-02-08T05:00:00Z,17.36,17.86,17.36,17.78,68564,590,17.6353
2021-02-09T05:00:00Z,17.71,17.9,17.48,17.61,57259,591,17.6188
2021-02-10T05:00:00Z,17.65,17.75,17.25,17.41,60073,696,17.4458
2021-02-11T05:00:00Z,17.33,17.58,16.88,17.06,71839,927,17.1029
2021-02-12T05:00:00Z,17.03,17.17,16.88,17.05,53049,656,17.0328
2021-02-16T05:00:00Z,17.11,17.14,16.65,16.76,96743,1014,16.8411
2021-02-17T05:00:00Z,16.57,16.83,16.44,16.6,68546,667,16.6117
2021-02-18T05:00:00Z,16.55,16.71,16.32,16.33,84550,730,16.3845
2021-02-19T05:00:00Z,16.36,16.71,16.35,16.69,92780,604,16.6249
2021-02-22T05:00:00Z,16.47,16.88,16.41,16.77,79130,839,16.7187
2021-02-23T05:00:00Z,16.77,17.13,16.67,16.78,60549,648,16.8036
2021-02-24T05:00:00Z,16.8,16.97,16.79,16.85,67105,622,16.871
2021-02-25T05:00:00Z,16.76,16.85,16.41,16.47,68431,720,16.532
2021-02-26T05:00:00Z,16.38,16.685,16.25,16.32,122562,761,16.3687
2021-03-01T05:00:00Z,16.65,16.97,16.58,16.86,59184,638,16.8422
2021-03-02T05:00:00Z,16.92,16.92,16.52,16.61,50693,613,16.6839
2021-03-03T05:00:00Z,16.59,16.945,16.465,16.51,112498,985,16.6285
2021-03-04T05:00:00Z,16.34,16.75,16.335,16.56,109841,1194,16.5562
2021-03-05T05:00:00Z,16.74,16.79,16.49,16.7,138672,1391,16.6764
2021-03-08T05:00:00Z,16.87,17.08,16.44,16.85,123661,1212,16.8576
2021-03-09T05:00:00Z,17.05,17.05,16.71,16.72,65886,789,16.8246
2021-03-10T05:00:00Z,16.91,17.35,16.81,17.17,113001,1145,17.2266
2021-03-11T05:00:00Z,17.39,17.65,17.235,17.61,97040,1015,17.4823
2021-03-12T05:00:00Z,17.64,17.824,17.51,17.65,112664,843,17.6513
2021-03-15T04:00:00Z,17.64,17.64,17.18,17.58,96034,897,17.5164
2021-03-16T04:00:00Z,17.55,17.74,17.23,17.63,70160,691,17.5134
2021-03-17T04:00:00Z,17.54,17.59,17.2,17.58,48937,465,17.5148
2021-03-18T04:00:00Z,17.48,17.72,17.25,17.29,56989,560,17.3319
2021-03-19T04:00:00Z,17.03,17.38,16.83,17.08,342890,1098,17.0738
2021-03-22T04:00:00Z,17.09,17.31,16.77,16.99,70105,997,16.9932
2021-03-23T04:00:00Z,16.76,16.98,16.35,16.39,78795,670,16.5371
2021-03-24T04:00:00Z,16.59,16.77,16.01,16.06,107679,862,16.3392
2021-03-25T04:00:00Z,15.99,16.39,15.78,16.28,95224,1036,16.1572
2021-03-26T04:00:00Z,16.37,16.46,16.2,16.4,50845,655,16.3715
2021-03-29T04:00:00Z,16.33,16.42,16.06,16.27,79529,970,16.2529
2021-03-30T04:00:00Z,16.31,16.48,16.2,16.46,67683,1111,16.4144
2021-03-31T04:00:00Z,16.52,16.97,16.47,16.74,214129,1491,16.7505
2021-04-01T04:00:00Z,16.79,16.85,16.56,16.81,65963,856,16.7406
2021-04-05T04:00:00Z,16.9,16.97,16.65,16.93,58903,510,16.8731
2021-04-06T04:00:00Z,16.86,17.06,16.53,16.66,68292,710,16.6982
2021-04-07T04:00:00Z,16.6,16.75,16.29,16.38,104694,1163,16.3953
2021-04-08T04:00:00Z,16.33,16.47,16.03,16.35,132878,1411,16.2865
2021-04-09T04:00:00Z,16.25,16.26,15.76,16.08,312238,2667,16.0131
2021-04-12T04:00:00Z,16.04,16.14,15.85,15.99,93887,1013,15.9725
2021-04-13T04:00:00Z,15.89,15.97,15.82,15.92,53574,679,15.8913
2021-04-14T04:00:00Z,15.98,15.98,15.81,15.89,61392,598,15.8878
2021-04-15T04:00:00Z,15.88,15.97,15.7445,15.88,75324,1028,15.8508
2021-04-16T04:00:00Z,16,16.04,15.63,15.77,72506,873,15.7782
2021-04-19T04:00:00Z,15.67,15.67,15.58,15.58,363,1,15.67
2021-04-20T04:00:00Z,15.39,15.5,15.18,15.28,107234,1175,15.2981
2021-04-21T04:00:00Z,15.36,15.51,15.28,15.38,55478,760,15.4028
2021-04-22T04:00:00Z,15.4,15.5,15.14,15.16,85057,905,15.265
2021-04-23T04:00:00Z,15.12,15.38,15.11,15.28,83475,1235,15.2888
2021-04-26T04:00:00Z,15.34,15.39,15.145,15.18,73424,885,15.2185
2021-04-27T04:00:00Z,15.1,15.3,15.01,15.3,192136,1337,15.1296
2021-04-28T04:00:00Z,15.19,15.58,15.095,15.52,137711,978,15.3176
2021-04-29T04:00:00Z,15.6,15.765,15.5,15.74,70707,727,15.6775
2021-04-30T04:00:00Z,15.75,15.88,15.65,15.82,145605,1261,15.7884
2021-05-03T04:00:00Z,15.96,15.96,15.69,15.83,77639,1256,15.8113
2021-05-04T04:00:00Z,15.77,15.8,15.69,15.74,96056,1050,15.7403
2021-05-05T04:00:00Z,15.68,15.96,15.52,15.9,142507,1320,15.784
2021-05-06T04:00:00Z,16,16.02,15.67,15.86,64017,784,15.809
2021-05-07T04:00:00Z,15.77,15.8,15.66,15.72,80581,957,15.7272
2021-05-10T04:00:00Z,15.68,15.74,15.33,15.35,73431,930,15.4833
2021-05-11T04:00:00Z,15.23,15.43,15.2,15.36,78664,931,15.3287
2021-05-12T04:00:00Z,15.29,15.4161,15.12,15.16,180659,1741,15.2448
2021-05-13T04:00:00Z,15.24,15.37,15.08,15.24,112328,1288,15.2291
2021-05-14T04:00:00Z,15.24,15.89,15.24,15.79,126450,1600,15.6844
2021-05-17T04:00:00Z,15.79,15.79,15.32,15.36,181510,2059,15.4202
2021-05-18T04:00:00Z,15.24,15.36,15.17,15.26,222284,2293,15.2681
2021-05-19T04:00:00Z,15.16,15.23,15,15.19,175785,1816,15.1436
2021-05-20T04:00:00Z,15.13,15.24,15.02,15.12,152346,1414,15.1166
2021-05-21T04:00:00Z,15.31,15.31,15.07,15.19,170286,1693,15.1747
2021-05-24T04:00:00Z,15.17,15.17,15,15.07,295081,2411,15.0782
2021-05-25T04:00:00Z,15.19,15.19,14.79,14.8,376339,3209,14.8839
2021-05-26T04:00:00Z,14.82,15.15,14.82,14.95,174397,1816,14.9305
2021-05-27T04:00:00Z,15.03,15.25,14.82,14.96,2335728,3932,14.9623
2021-05-28T04:00:00Z,15.09,15.1,14.96,14.96,366550,1598,14.9904
2021-06-01T04:00:00Z,14.98,15.4,14.95,15.34,261651,1777,15.27
2021-06-02T04:00:00Z,15.4,15.71,15.28,15.3,282919,2029,15.4027
2021-06-03T04:00:00Z,15.2,15.3,15.13,15.15,262037,2256,15.188
2021-06-04T04:00:00Z,15.12,15.38,15.1,15.35,121635,1724,15.2963
2021-06-07T04:00:00Z,15.39,15.74,15.39,15.67,257784,2242,15.6747
2021-06-08T04:00:00Z,15.74,15.75,15.32,15.33,151379,1722,15.4211
2021-06-09T04:00:00Z,15.24,15.3094,15.09,15.15,147436,1138,15.153
2021-06-10T04:00:00Z,15.14,15.34,15.12,15.28,110136,1546,15.2523
2021-06-11T04:00:00Z,15.25,15.38,15.16,15.25,107231,1458,15.2435
2021-06-14T04:00:00Z,15.2,15.53,15.17,15.51,117324,1225,15.4011
2021-06-15T04:00:00Z,15.56,15.56,15.31,15.43,103243,986,15.4339
2021-06-16T04:00:00Z,15.47,15.57,15.3,15.47,118318,1026,15.4743
2021-06-17T04:00:00Z,15.43,15.74,15.39,15.64,197755,1434,15.6408
2021-06-18T04:00:00Z,15.47,15.55,15.21,15.22,258034,1603,15.353
2021-06-21T04:00:00Z,15.33,15.66,15.21,15.51,128459,1332,15.5002
2021-06-22T04:00:00Z,15.51,15.51,15.18,15.42,203520,1547,15.3171
2021-06-23T04:00:00Z,15.45,15.74,15.42,15.42,211364,1101,15.4929
2021-06-24T04:00:00Z,15.46,15.74,15.46,15.71,128959,1414,15.655
2021-06-25T04:00:00Z,15.73,15.87,15.6,15.68,475486,1224,15.6857
2021-06-28T04:00:00Z,15.7,15.7,15.4001,15.56,103906,1272,15.5349
2021-06-29T04:00:00Z,15.67,15.77,15.52,15.53,84184,1469,15.6228
2021-06-30T04:00:00Z,15.61,15.61,15.21,15.21,122932,1329,15.3044
2021-07-01T04:00:00Z,15.27,15.41,15.23,15.38,112753,1550,15.3524
2021-07-02T04:00:00Z,15.39,15.4,15.08,15.09,84748,798,15.1678
2021-07-06T04:00:00Z,15.08,15.1,14.84,15.01,106142,1523,14.9501
2021-07-07T04:00:00Z,14.96,15.19,14.94,15.1,138968,1055,15.0976
2021-07-08T04:00:00Z,14.92,15.05,14.84,14.89,127522,1075,14.911
2021-07-09T04:00:00Z,15,15.27,15,15.18,127130,1104,15.1732
2021-07-12T04:00:00Z,15.18,15.4,15.16,15.4,99816,1391,15.3273
2021-07-13T04:00:00Z,15.19,15.38,15.12,15.2,106141,1409,15.2024
2021-07-14T04:00:00Z,15.26,15.43,15.17,15.32,67227,1038,15.3218
2021-07-15T04:00:00Z,15.34,15.34,15.06,15.24,72911,1023,15.204
2021-07-16T04:00:00Z,15.35,15.59,15.335,15.56,168807,1385,15.5027
2021-07-19T04:00:00Z,15.33,15.57,15.25,15.48,130592,1542,15.4401
2021-07-20T04:00:00Z,15.49,16.03,15.49,15.75,176987,1622,15.8166
2021-07-21T04:00:00Z,15.88,16.32,15.88,16.24,172065,1605,16.2171
2021-07-22T04:00:00Z,16.18,16.29,15.98,16.26,93972,898,16.1827
2021-07-23T04:00:00Z,16.39,16.43,16.19,16.27,97742,970,16.2982
2021-07-26T04:00:00Z,16.35,16.92,16.35,16.8,115058,934,16.7453
2021-07-27T04:00:00Z,16.74,17.35,16.65,17.22,153753,1385,17.1377
2021-07-28T04:00:00Z,17.35,17.88,17.345,17.81,168833,1443,17.6391
2021-07-29T04:00:00Z,17.91,18.7,17.91,18.21,184715,1689,18.3474
2021-07-30T04:00:00Z,18.22,18.6,18.16,18.23,113159,1122,18.3252
2021-08-02T04:00:00Z,18.12,18.32,17.75,17.95,106009,1380,17.9606
2021-08-03T04:00:00Z,17.8693,18.07,17.69,18.07,87027,1181,17.9867
2021-08-04T04:00:00Z,17.88,18.3,17.88,18.02,96063,1132,18.0833
2021-08-05T04:00:00Z,18.25,18.62,17.8772,18.62,95939,1041,18.5561
2021-08-06T04:00:00Z,18.6,18.7,18.44,18.58,77842,986,18.5791
2021-08-09T04:00:00Z,18.62,18.62,18.485,18.57,53018,1223,18.5724
2021-08-10T04:00:00Z,18.6,18.94,18.47,18.88,109732,1223,18.7326
2021-08-11T04:00:00Z,18.98,19.06,18.71,18.99,108838,1047,18.9737
2021-08-12T04:00:00Z,19,19.02,18.86,18.98,98032,1152,18.9809
2021-08-13T04:00:00Z,19,19.04,18.92,19.01,100147,933,19.003
2021-08-16T04:00:00Z,18.89,19.59,18.89,19.38,167487,1517,19.3601
2021-08-17T04:00:00Z,19.21,19.4,18.6856,19.13,118844,1160,19.0382
2021-08-18T04:00:00Z,19.13,19.39,19.13,19.2,85265,917,19.2629
2021-08-19T04:00:00Z,18.99,19.38,18.99,19.37,134602,1099,19.2209
2021-08-20T04:00:00Z,19.36,19.59,19.34,19.47,99598,1231,19.4631
2021-08-23T04:00:00Z,19.5,19.5634,19.26,19.36,70934,672,19.353
2021-08-24T04:00:00Z,19.26,19.4,19.05,19.07,80843,972,19.1745
2021-08-25T04:00:00Z,19.02,19.09,18.86,18.88,84172,875,18.9444
2021-08-26T04:00:00Z,18.82,19.125,18.8,19.03,72383,1015,19.0259
2021-08-27T04:00:00Z,18.99,19.32,18.99,19.14,59181,661,19.1678
2021-08-30T04:00:00Z,19.13,19.16,18.91,19.12,61080,896,19.0825
2021-08-31T04:00:00Z,19.08,19.32,19.08,19.22,79332,758,19.2126
2021-09-01T04:00:00Z,19.2,19.45,18.9,19.26,78683,2223,19.2338
2021-09-02T04:00:00Z,19.39,19.4999,19.22,19.43,60789,860,19.3969
2021-09-03T04:00:00Z,19.48,19.48,19.15,19.29,55543,634,19.2974
2021-09-07T04:00:00Z,19.24,19.24,19.02,19.03,40641,761,19.0895
2021-09-08T04:00:00Z,18.95,19.21,18.82,18.96,64429,762,18.9748
2021-09-09T04:00:00Z,18.87,19.07,18.56,18.56,64474,564,18.683
2021-09-10T04:00:00Z,18.69,18.84,18.5,18.66,60463,734,18.6857
2021-09-13T04:00:00Z,18.7,19.35,18.69,19.25,98132,1000,19.1165
2021-09-14T04:00:00Z,19.35,19.35,18.83,18.91,67684,882,18.9871
2021-09-15T04:00:00Z,18.9,18.9,18.72,18.77,79829,1188,18.8113
2021-09-16T04:00:00Z,18.81,18.9,18.56,18.85,59473,565,18.7871
2021-09-17T04:00:00Z,18.9,18.9,18.14,18.2,402285,1503,18.2874
2021-09-20T04:00:00Z,17.94,18.07,17.64,17.87,147272,1828,17.8212
2021-09-21T04:00:00Z,17.87,17.98,17.6,17.6,73900,717,17.6832
2021-09-22T04:00:00Z,17.61,17.69,17.38,17.38,114351,1393,17.4987
2021-09-23T04:00:00Z,17.39,17.49,17.31,17.34,121507,1285,17.3759
2021-09-24T04:00:00Z,17.34,17.49,17.29,17.36,76432,950,17.3982
2021-09-27T04:00:00Z,17.36,18.1,17.31,17.8,139592,1420,17.627
2021-09-28T04:00:00Z,17.8,18.085,17.725,17.95,87544,1091,17.9636
2021-09-29T04:00:00Z,18.01,18.0399,17.79,17.86,69305,692,17.8873
2021-09-30T04:00:00Z,17.99,17.99,17.64,17.76,71435,775,17.7912
2021-10-01T04:00:00Z,17.8,18.08,17.73,17.88,90215,984,17.903
2021-10-04T04:00:00Z,17.84,17.875,17.47,17.5,59970,681,17.5649
2021-10-05T04:00:00Z,17.52,17.58,17.34,17.42,41315,555,17.4445
2021-10-06T04:00:00Z,17.4,17.97,17.38,17.97,59358,577,17.8037
2021-10-07T04:00:00Z,18.05,18.42,18.05,18.19,55531,720,18.2159
2021-10-08T04:00:00Z,18.3,18.55,18.15,18.17,60428,692,18.2678
2021-10-11T04:00:00Z,18.25,18.385,18.11,18.19,52020,624,18.2084
2021-10-12T04:00:00Z,18.0029,18.37,18.0029,18.26,62506,634,18.2543
2021-10-13T04:00:00Z,18.36,18.59,18.34,18.46,56235,809,18.4613
2021-10-14T04:00:00Z,18.6,18.6,18.43,18.51,65720,817,18.5005
2021-10-15T04:00:00Z,18.71,18.71,18.12,18.12,143254,1227,18.2619
2021-10-18T04:00:00Z,18,18.18,17.9,17.93,53076,780,17.9834
2021-10-19T04:00:00Z,17.95,18.16,17.74,18.08,50386,741,17.9513
2021-10-20T04:00:00Z,18.02,18.34,18.02,18.33,60746,636,18.2882
2021-10-21T04:00:00Z,18.35,18.77,18.18,18.59,65995,785,18.5801
2021-10-22T04:00:00Z,18.51,18.66,18.43,18.52,54217,540,18.5365
2021-10-25T04:00:00Z,18.6,18.67,18.6,18.67,9761,2,18.6626
2021-10-26T04:00:00Z,18.65,18.97,18.65,18.72,71744,796,18.8106
2021-10-27T04:00:00Z,18.75,18.75,18.3295,18.36,138375,1004,18.3958
2021-10-28T04:00:00Z,18.4,18.58,18.37,18.4,70057,986,18.4464
2021-10-29T04:00:00Z,18.4,18.4203,18.21,18.21,172758,1280,18.2814
2021-11-01T04:00:00Z,18.19,19.49,18.19,19.32,91577,1693,19.117
2021-11-02T04:00:00Z,19.43,19.47,19.07,19.13,60115,1243,19.2299
2021-11-03T04:00:00Z,19.04,19.86,19,19.68,144384,1875,19.551
2021-11-04T04:00:00Z,19.74,20.62,19.6846,20.57,125541,1413,20.4141
2021-11-05T04:00:00Z,20.46,20.83,20.24,20.36,112438,1571,20.4604
2021-11-08T05:00:00Z,20.52,20.98,20.46,20.96,73068,1269,20.8619
2021-11-09T05:00:00Z,20.99,21.48,20.77,21.25,106234,1283,21.215
2021-11-10T05:00:00Z,21.19,21.69,20.99,21.15,90572,1348,21.2398
2021-11-11T05:00:00Z,21.12,21.39,20.74,21.31,65537,760,21.2157
2021-11-12T05:00:00Z,21.38,21.48,21.1,21.27,82485,1052,21.2687
2021-11-15T05:00:00Z,21.33,21.46,21.02,21.19,78314,916,21.212
2021-11-16T05:00:00Z,21.08,21.2,20.82,20.9,64402,855,20.9276
2021-11-17T05:00:00Z,20.72,20.75,19.49,20.14,279864,2321,20.0007
2021-11-18T05:00:00Z,20.16,20.32,19.95,20.13,69937,665,20.12
2021-11-19T05:00:00Z,19.94,20.22,19.85,19.85,79683,743,19.942
2021-11-22T05:00:00Z,19.9,19.96,19.67,19.85,60120,1059,19.8517
2021-11-23T05:00:00Z,19.832,20.1,19.75,19.91,49676,564,19.906
2021-11-24T05:00:00Z,19.715,20.19,19.68,19.73,49044,704,19.8261
2021-11-26T05:00:00Z,19.3,19.36,18.68,18.85,57924,881,18.8824
2021-11-29T05:00:00Z,19.02,19.02,18.57,18.7,145963,1220,18.6557
2021-11-30T05:00:00Z,18.52,18.66,18.26,18.3,145828,1253,18.3307
2021-12-01T05:00:00Z,18.5,18.88,17.92,17.95,110559,1915,18.2526
2021-12-02T05:00:00Z,18,18.59,18,18.4,83779,1046,18.4092
2021-12-03T05:00:00Z,18.47,18.5,17.77,17.88,64978,906,17.9456
2021-12-06T05:00:00Z,18.11,18.59,17.95,18.35,63726,687,18.3293
2021-12-07T05:00:00Z,18.58,18.76,18.3,18.62,61268,727,18.625
2021-12-08T05:00:00Z,18.73,18.75,18.57,18.73,41923,499,18.6995
2021-12-09T05:00:00Z,18.49,18.74,18.34,18.47,72238,930,18.5373
2021-12-10T05:00:00Z,18.34,18.578,18.2,18.28,44986,514,18.3079
2021-12-13T05:00:00Z,18.11,18.34,17.92,18.08,70594,787,18.0808
2021-12-14T05:00:00Z,18.11,18.405,18.03,18.12,52995,743,18.1321
2021-12-15T05:00:00Z,18.24,18.74,18.1,18.69,66741,812,18.5683
2021-12-16T05:00:00Z,18.45,18.81,18.45,18.64,77850,906,18.6028
2021-12-17T05:00:00Z,18.63,18.88,18.29,18.54,161088,1168,18.587
2021-12-20T05:00:00Z,18.32,18.33,17.86,17.98,83013,1045,17.9845
2021-12-21T05:00:00Z,17.97,18.42,17.97,18.31,93117,1145,18.2324
2021-12-22T05:00:00Z,17.98,18.56,17.98,18.54,69591,776,18.4653
2021-12-23T05:00:00Z,18.67,18.81,18.41,18.49,46048,811,18.5504
2021-12-27T05:00:00Z,18.63,18.73,18.36,18.72,50584,546,18.6292
2021-12-28T05:00:00Z,18.65,18.83,18.64,18.67,35287,449,18.6918
2021-12-29T05:00:00Z,18.61,18.83,18.45,18.78,46061,659,18.6957
2021-12-30T05:00:00Z,18.77,19.083,18.77,19.03,63891,762,19.0174
2021-12-31T05:00:00Z,19.19,19.38,18.91,19.08,89728,717,19.109
2022-01-03T05:00:00Z,19.2,19.28,18.76,18.91,47918,940,18.8964
2022-01-04T05:00:00Z,18.91,19.2584,18.82,18.95,46511,551,19.0279
2022-01-05T05:00:00Z,18.95,19.16,18.34,18.41,41185,498,18.602
2022-01-06T05:00:00Z,18.34,18.42,18.19,18.38,37663,636,18.3513
2022-01-07T05:00:00Z,18.34,18.3809,18.05,18.15,34707,478,18.1709
2022-01-10T05:00:00Z,18.07,18.21,17.77,18.08,52772,538,18.0536
2022-01-11T05:00:00Z,18.02,18.0599,17.845,17.89,42894,546,17.9237
2022-01-12T05:00:00Z,17.86,18.13,17.81,17.98,68474,621,17.983
2022-01-13T05:00:00Z,17.93,18.14,17.83,18.06,49573,763,18.0614
2022-01-14T05:00:00Z,17.93,18.2,17.87,18.02,95830,927,18.0059
2022-01-18T05:00:00Z,17.85,18.01,17.71,17.75,56836,793,17.8012
2022-01-19T05:00:00Z,17.69,17.86,17.25,17.28,52704,828,17.4372
2022-01-20T05:00:00Z,17.44,17.47,16.81,16.92,63041,736,17.0784
2022-01-21T05:00:00Z,16.81,17.535,16.7,16.7,88872,963,16.8958
2022-01-24T05:00:00Z,16.5,16.94,16.4,16.94,24847,250,16.6717
2022-01-25T05:00:00Z,16.74,17.1059,16.5,16.78,52054,698,16.7827
2022-01-26T05:00:00Z,16.96,17.28,16.9,17.08,48651,714,17.133
2022-01-27T05:00:00Z,17.24,17.24,16.63,16.68,43018,737,16.8193
2022-01-28T05:00:00Z,16.8,16.94,16.43,16.93,60694,1073,16.6832
2022-01-31T05:00:00Z,16.88,17.43,16.64,17.41,105164,1028,17.1758
2022-02-01T05:00:00Z,17.34,17.34,16.97,17.05,44703,925,17.1024
2022-02-02T05:00:00Z,16.96,17.06,16.8,16.95,41722,598,16.9469
2022-02-03T05:00:00Z,16.83,17.03,16.54,16.56,48372,682,16.6231
2022-02-04T05:00:00Z,16.6,16.72,16.4,16.56,38433,495,16.5496
2022-02-07T05:00:00Z,16.57,16.72,16.5,16.6,41191,668,16.6035
2022-02-08T05:00:00Z,16.67,16.88,16.58,16.78,34363,596,16.7305
2022-02-09T05:00:00Z,16.84,17.01,16.69,16.77,38131,554,16.7911
2022-02-10T05:00:00Z,16.58,16.73,16.4,16.46,85331,1153,16.501
2022-02-11T05:00:00Z,16.51,16.73,16.46,16.5,29746,742,16.5457
2022-02-14T05:00:00Z,16.59,16.67,16.45,16.54,25742,434,16.5347
2022-02-15T05:00:00Z,16.67,16.92,16.64,16.75,48933,808,16.8103
2022-02-16T05:00:00Z,16.7,17.38,16.7,17.28,49238,875,17.1016
2022-02-17T05:00:00Z,17.09,17.19,16.94,16.97,37729,823,17.0282
2022-02-18T05:00:00Z,16.86,17.08,16.81,16.88,44405,858,16.923
2022-02-22T05:00:00Z,16.84,17.23,16.84,16.99,62262,898,17.0078
2022-02-23T05:00:00Z,17.05,17.11,16.81,16.83,40700,749,16.8968
2022-02-24T05:00:00Z,16.73,17.05,16.6,17.03,45931,796,16.8779
2022-02-25T05:00:00Z,17.17,17.34,17.04,17.33,34386,542,17.2585
2022-02-28T05:00:00Z,17.12,17.2,16.92,16.98,160869,792,16.9882
2022-03-01T05:00:00Z,17.08,17.08,16.89,16.93,67804,1434,16.9535
2022-03-02T05:00:00Z,17.1,17.64,16.99,17.59,54952,873,17.3956
2022-03-03T05:00:00Z,17.69,17.69,17.28,17.55,32637,565,17.4971
2022-03-04T05:00:00Z,17.58,18.04,17.58,17.89,65997,782,17.7655
2022-03-07T05:00:00Z,18,18.13,17.84,17.94,45227,914,17.9856
2022-03-08T05:00:00Z,18.11,18.11,17.87,17.87,7889,5,17.9354
2022-03-09T05:00:00Z,17.5,17.814,17.41,17.63,62605,897,17.5681
2022-03-10T05:00:00Z,17.44,18.11,17.44,18.04,41462,760,17.9061
2022-03-11T05:00:00Z,18.13,18.225,17.57,17.57,27436,745,17.8158
2022-03-14T04:00:00Z,17.43,17.63,17.28,17.36,48721,941,17.4322
2022-03-15T04:00:00Z,17.53,17.53,17.3,17.32,46755,595,17.393
2022-03-16T04:00:00Z,17.52,17.81,17.33,17.78,54521,861,17.6555
2022-03-17T04:00:00Z,17.64,17.75,17.48,17.65,34765,668,17.6229
2022-03-18T04:00:00Z,17.68,17.77,17.44,17.56,132980,684,17.592
2022-03-21T04:00:00Z,17.47,17.72,17.4,17.56,39099,653,17.5533
2022-03-22T04:00:00Z,17.71,18.15,17.71,18.07,47048,630,17.9976
2022-03-23T04:00:00Z,17.91,17.91,17.61,17.61,30161,466,17.6563
2022-03-24T04:00:00Z,17.91,17.91,17.61,17.83,43081,557,17.8065
2022-03-25T04:00:00Z,17.79,18.36,17.79,18.14,49459,696,18.1618
2022-03-28T04:00:00Z,18.38,18.38,17.87,18.09,52947,767,18.1095
2022-03-29T04:00:00Z,18.05,18.66,18.05,18.49,72814,1121,18.4602
2022-03-30T04:00:00Z,18.62,18.79,18.15,18.25,70239,890,18.3203
2022-03-31T04:00:00Z,18.13,18.39,18.13,18.26,58120,648,18.2488
2022-04-01T04:00:00Z,18.32,18.52,18.145,18.46,32839,569,18.4045
2022-04-04T04:00:00Z,18.5389,18.5389,18.15,18.33,53843,768,18.3319
2022-04-05T04:00:00Z,18.367,18.41,18.21,18.28,45138,708,18.2805
2022-04-06T04:00:00Z,18.19,18.49,18.1465,18.26,43872,1050,18.3088
2022-04-07T04:00:00Z,18.19,18.24,18,18.16,43918,645,18.1368
2022-04-08T04:00:00Z,18.1,18.5,18.1,18.26,32652,587,18.3233
2022-04-11T04:00:00Z,18.3,18.67,18.2985,18.45,44737,652,18.4707
2022-04-12T04:00:00Z,18.61,19.2284,18.59,19,109927,1046,18.9901
2022-04-13T04:00:00Z,19,19.33,19,19.15,68996,782,19.19
2022-04-14T04:00:00Z,19.23,19.5299,19.19,19.19,93472,911,19.2835
2022-04-18T04:00:00Z,19.31,19.4,19.02,19.07,61415,684,19.1636
2022-04-19T04:00:00Z,19.358,19.37,19.14,19.24,34179,592,19.2502
2022-04-20T04:00:00Z,19.4,19.63,19.4,19.6,30212,386,19.5675
2022-04-21T04:00:00Z,19.68,19.69,18.95,18.97,46569,520,19.1684
2022-04-22T04:00:00Z,18.9,19.07,18.73,18.87,65004,627,18.9124
2022-04-25T04:00:00Z,18.81,18.84,18.21,18.32,84080,1135,18.4567
2022-04-26T04:00:00Z,18.25,18.32,18.07,18.15,55844,565,18.1634
2022-04-27T04:00:00Z,18.13,18.3302,18.07,18.14,53837,688,18.1565
2022-04-28T04:00:00Z,18.32,18.82,18.03,18.72,59996,714,18.4721
2022-04-29T04:00:00Z,18.7,18.7,18.22,18.31,77601,814,18.3713
2022-05-02T04:00:00Z,18.33,18.33,17.84,17.99,79438,1080,18.0158
2022-05-03T04:00:00Z,17.96,18.21,17.75,17.86,35363,750,17.9479
2022-05-04T04:00:00Z,17.87,18.105,17.581,18,43459,584,17.8852
2022-05-05T04:00:00Z,17.79,17.82,17.265,17.49,44866,693,17.4722
2022-05-06T04:00:00Z,17.4248,17.47,17.12,17.3,35036,527,17.2983
2022-05-09T04:00:00Z,17.19,17.45,17,17.17,53672,755,17.1511
2022-05-10T04:00:00Z,17.16,17.505,16.905,17.24,48103,1170,17.1493
2022-05-11T04:00:00Z,17.27,17.48,16.87,17.11,48040,964,17.1155
2022-05-12T04:00:00Z,17.12,17.19,16.65,16.99,56481,1380,16.8774
2022-05-13T04:00:00Z,17.22,17.355,17.08,17.22,52512,944,17.2476
2022-05-16T04:00:00Z,17.25,17.39,17.11,17.22,39207,801,17.2175
2022-05-17T04:00:00Z,17.38,17.64,17.37,17.57,29246,447,17.5325
2022-05-18T04:00:00Z,17.52,17.64,16.855,16.91,44513,690,17.0849
2022-05-19T04:00:00Z,16.95,16.955,16.58,16.63,54952,894,16.7308
2022-05-20T04:00:00Z,16.83,16.92,16.42,16.87,46464,759,16.7579
2022-05-23T04:00:00Z,16.9,16.95,16.61,16.72,29416,671,16.7693
2022-05-24T04:00:00Z,16.74,17,16.3397,16.95,33733,675,16.7842
2022-05-25T04:00:00Z,16.885,17.02,16.66,16.8,22986,516,16.7992
2022-05-26T04:00:00Z,16.96,17.26,16.84,17.06,46264,1088,17.0618
2022-05-27T04:00:00Z,17.22,17.34,17.03,17.24,48822,775,17.1767
2022-05-31T04:00:00Z,17.24,17.49,16.88,16.99,66526,1157,17.026
2022-06-01T04:00:00Z,16.94,17.27,16.83,17.18,31145,1451,17.093
2022-06-02T04:00:00Z,17.26,17.42,17.145,17.4,26457,1067,17.3552
2022-06-03T04:00:00Z,17.26,17.52,16.79,16.92,28078,767,16.9647
2022-06-06T04:00:00Z,16.87,16.98,16.75,16.89,34411,1015,16.8576
2022-06-07T04:00:00Z,16.73,17.03,16.66,16.98,37342,846,16.8705
2022-06-08T04:00:00Z,16.98,16.99,16.58,16.7,35826,896,16.7017
2022-06-09T04:00:00Z,16.66,16.77,16.48,16.52,30749,1189,16.5751
2022-06-10T04:00:00Z,16.27,16.35,16.045,16.07,58745,1152,16.1519
2022-06-13T04:00:00Z,15.75,15.98,15.54,15.67,95061,1510,15.7261
2022-06-14T04:00:00Z,15.78,15.78,15.295,15.39,51909,829,15.4665
2022-06-15T04:00:00Z,15.58,15.7199,15.22,15.27,112248,1521,15.3953
2022-06-16T04:00:00Z,15.01,15.22,14.9,15.16,71272,1077,15.0954
2022-06-17T04:00:00Z,15.31,15.44,14.83,14.87,118579,1085,15.0586
2022-06-21T04:00:00Z,15,15.26,14.9,15.17,64779,810,15.1364
2022-06-22T04:00:00Z,15,15.41,15,15.36,42002,564,15.3153
2022-06-23T04:00:00Z,15.42,15.67,15.42,15.49,43783,747,15.528
2022-06-24T04:00:00Z,15.53,15.9,15.53,15.84,136440,775,15.8217
2022-06-27T04:00:00Z,15.91,15.91,15.485,15.51,36200,885,15.5983
2022-06-28T04:00:00Z,15.49,15.7501,15.49,15.61,45417,812,15.6017
2022-06-29T04:00:00Z,15.53,15.62,15.38,15.51,26350,694,15.4975
2022-06-30T04:00:00Z,15.37,15.7,15.15,15.52,32257,508,15.4875
2022-07-01T04:00:00Z,15.53,15.69,15.42,15.65,27602,963,15.6237
2022-07-05T04:00:00Z,15.46,16.01,15.26,15.98,66276,1583,15.8002
2022-07-06T04:00:00Z,15.94,16.04,15.5515,15.77,37545,913,15.8014
2022-07-07T04:00:00Z,15.8,16.12,15.61,15.7,38640,622,15.7835
2022-07-08T04:00:00Z,15.65,15.76,15.5,15.67,18113,437,15.6677
2022-07-11T04:00:00Z,15.66,15.66,15.32,15.45,46426,1050,15.448
2022-07-12T04:00:00Z,15.32,15.7,15.29,15.34,53892,795,15.399
2022-07-13T04:00:00Z,15.14,15.55,15.13,15.36,29061,265,15.3604
2022-07-14T04:00:00Z,15.19,15.2,14.96,15.12,35019,558,15.0712
2022-07-15T04:00:00Z,15.37,15.38,15.18,15.32,49697,754,15.332
2022-07-18T04:00:00Z,15.5,15.5,15.34,15.36,24229,352,15.3871
2022-07-19T04:00:00Z,15.53,15.8788,15.53,15.78,35205,458,15.7818
2022-07-20T04:00:00Z,15.72,15.9,15.72,15.78,29697,424,15.8039
2022-07-21T04:00:00Z,15.65,15.88,15.3826,15.84,22242,337,15.8095
2022-07-22T04:00:00Z,15.5688,15.825,15.34,15.53,38604,545,15.5159
2022-07-25T04:00:00Z,15.43,15.7,15.43,15.6,21776,691,15.576
2022-07-26T04:00:00Z,15.72,15.72,15.45,15.56,25969,480,15.5648
2022-07-27T04:00:00Z,15.58,15.97,15.5754,15.94,34331,306,15.8585
2022-07-28T04:00:00Z,15.87,16.43,15.87,16.38,40952,621,16.2236
2022-07-29T04:00:00Z,16.355,16.575,16.35,16.52,32108,444,16.5131
2022-08-01T04:00:00Z,16.41,16.58,16.33,16.35,38316,1294,16.3757
2022-08-02T04:00:00Z,16.32,16.32,16.07,16.11,10583,150,16.1245
2022-08-03T04:00:00Z,16.26,16.26,15.41,15.53,51927,808,15.602
2022-08-04T04:00:00Z,15.42,15.91,15.42,15.72,33296,663,15.6931
2022-08-05T04:00:00Z,15.6,15.61,15.4,15.54,41693,608,15.5154
2022-08-08T04:00:00Z,15.68,15.87,15.61,15.85,55933,712,15.7816
2022-08-09T04:00:00Z,15.83,15.85,15.7,15.8,40752,531,15.7893
2022-08-10T04:00:00Z,15.9,16.18,15.83,16.1,30456,429,16.0799
2022-08-11T04:00:00Z,16.26,16.285,16.1,16.19,17663,434,16.1929
2022-08-12T04:00:00Z,16.14,16.29,15.96,16.2,41530,458,16.2104
2022-08-15T04:00:00Z,16.15,16.385,16.11,16.25,36437,529,16.2392
2022-08-16T04:00:00Z,16.15,16.34,16.0781,16.19,32056,543,16.1991
2022-08-17T04:00:00Z,16.02,16.09,15.95,16.04,25328,475,16.0257
2022-08-18T04:00:00Z,16.1,16.47,16.1,16.24,61161,582,16.2867
2022-08-19T04:00:00Z,16.24,16.24,16.06,16.09,29075,366,16.1512
2022-08-22T04:00:00Z,15.91,15.92,15.61,15.63,37214,527,15.7201
2022-08-23T04:00:00Z,15.6,15.93,15.56,15.74,53270,466,15.7508
2022-08-24T04:00:00Z,15.65,15.82,15.65,15.81,22283,457,15.7883
2022-08-25T04:00:00Z,16,16.12,15.81,16.1,25419,404,16.034
2022-08-26T04:00:00Z,16.19,16.39,16.18,16.26,50406,708,16.2797
2022-08-29T04:00:00Z,16.2,16.21,15.82,15.82,20816,486,15.929
2022-08-30T04:00:00Z,15.91,15.93,15.58,15.72,32759,529,15.7054
2022-08-31T04:00:00Z,15.64,15.81,15.59,15.76,53442,675,15.7369
2022-09-01T04:00:00Z,15.6,16.0211,15.6,15.92,39576,1183,15.9074
2022-09-02T04:00:00Z,15.98,16.31,15.765,16.2,65632,1095,16.1819
2022-09-06T04:00:00Z,16.35,16.57,16.155,16.49,48636,880,16.4461
2022-09-07T04:00:00Z,16.37,17.13,16.03,16.93,101420,1096,16.8319
2022-09-08T04:00:00Z,16.73,17.27,16.73,17.21,64486,770,17.0964
2022-09-09T04:00:00Z,17.38,17.44,16.91,17.4,87314,1152,17.266
2022-09-12T04:00:00Z,17.44,17.44,17.16,17.28,91524,877,17.216
2022-09-13T04:00:00Z,16.99,16.99,16.49,16.57,57464,1084,16.6275
2022-09-14T04:00:00Z,16.51,16.77,16.39,16.42,66256,1088,16.4856
2022-09-15T04:00:00Z,16.41,16.64,16.2,16.23,39978,923,16.3318
2022-09-16T04:00:00Z,16.2,16.25,15.75,16.03,143663,1181,16.0438
2022-09-19T04:00:00Z,15.98,16.18,15.82,16.03,36662,757,15.9998
2022-09-20T04:00:00Z,15.85,15.94,15.725,15.77,36675,621,15.795
2022-09-21T04:00:00Z,15.92,16.15,15.7003,15.77,53222,754,15.8339
2022-09-22T04:00:00Z,15.68,15.68,15.3,15.34,35568,864,15.4082
2022-09-23T04:00:00Z,15.15,15.15,14.86,15.1,89510,1281,15.0158
2022-09-26T04:00:00Z,15.09,15.25,14.85,14.98,57216,1064,14.9764
2022-09-27T04:00:00Z,15.01,15.13,14.81,14.95,79165,1503,14.9009
2022-09-28T04:00:00Z,15.1,15.31,14.855,15.13,74701,1143,15.1108
2022-09-29T04:00:00Z,14.87,14.95,14.45,14.61,83310,776,14.691
2022-09-30T04:00:00Z,14.53,14.86,14.38,14.4,87300,1024,14.5033
2022-10-03T04:00:00Z,14.59,15.015,14.45,14.98,67717,1118,14.817
2022-10-04T04:00:00Z,15.12,15.28,15.06,15.16,50737,553,15.157
2022-10-05T04:00:00Z,14.99,15.01,14.62,14.64,58865,1312,14.717
2022-10-06T04:00:00Z,14.55,14.66,14.427,14.55,40656,914,14.5376
2022-10-07T04:00:00Z,14.44,14.64,14.4,14.51,59997,1086,14.53
2022-10-10T04:00:00Z,14.62,14.73,14.4,14.56,39505,1186,14.5746
2022-10-11T04:00:00Z,14.42,14.54,14.35,14.5,54021,1098,14.4777
2022-10-12T04:00:00Z,14.41,14.7,14.41,14.59,39638,784,14.5747
2022-10-13T04:00:00Z,14.31,15.03,14.31,15.03,66375,730,14.7994
2022-10-14T04:00:00Z,15.18,15.27,14.895,14.96,53179,1127,14.9969
2022-10-17T04:00:00Z,15.21,15.39,15.17,15.27,36262,661,15.2735
2022-10-18T04:00:00Z,15.44,15.64,15.13,15.27,41106,1780,15.3383
2022-10-19T04:00:00Z,15.1,15.2,14.8928,15.2,36070,680,15.1357
2022-10-20T04:00:00Z,15.27,15.36,15.14,15.2,35303,742,15.2164
2022-10-21T04:00:00Z,15.32,15.76,15.2,15.74,62503,1077,15.5917
2022-10-24T04:00:00Z,15.79,15.89,15.7,15.81,31251,778,15.8105
2022-10-25T04:00:00Z,15.88,16.34,15.88,16.24,40564,850,16.2264
2022-10-26T04:00:00Z,16.35,16.565,16.18,16.3,41065,824,16.39
2022-10-27T04:00:00Z,16.44,16.69,16.29,16.32,42267,981,16.4227
2022-10-28T04:00:00Z,16.4,16.89,16.4,16.79,37139,1092,16.774
2022-10-31T04:00:00Z,16.71,17,16.61,16.94,55769,1077,16.9076
2022-11-01T04:00:00Z,17,17.1483,16.69,16.75,33874,760,16.8161
2022-11-02T04:00:00Z,16.81,17.22,16.51,16.69,54532,1879,16.7602
2022-11-03T04:00:00Z,16.62,16.71,16.14,16.28,33233,737,16.3368
2022-11-04T04:00:00Z,16.38,16.55,16.08,16.55,30945,718,16.4144
2022-11-07T05:00:00Z,16.75,17.29,16.75,17.24,49807,1069,17.1446
2022-11-08T05:00:00Z,17.37,17.84,17.3,17.83,57307,1110,17.6841
2022-11-09T05:00:00Z,17.77,17.968,17.3175,17.35,54521,1157,17.6544
2022-11-10T05:00:00Z,17.79,18.16,17.78,18.14,67196,1472,18.0406
2022-11-11T05:00:00Z,18.16,18.22,17.77,17.96,43821,993,18.0091
2022-11-14T05:00:00Z,18,18.16,17.78,18.07,46749,1091,18.0337
2022-11-15T05:00:00Z,18.18,18.3329,17.87,18.03,68079,1098,18.1499
2022-11-16T05:00:00Z,18.05,18.28,17.9498,18.04,76770,958,18.1259
2022-11-17T05:00:00Z,17.97,18.5,17.91,18.49,59839,1346,18.2816
2022-11-18T05:00:00Z,18.69,19.06,18.56,18.74,72301,1120,18.7839
2022-11-21T05:00:00Z,18.61,19.01,18.61,18.96,48125,935,18.8043
2022-11-22T05:00:00Z,18.96,19.2,18.72,19.02,61524,984,18.9556
2022-11-23T05:00:00Z,19.02,19.13,18.81,18.98,25709,676,19.0066
2022-11-25T05:00:00Z,18.98,19.38,18.95,19.25,11255,229,19.2312
2022-11-28T05:00:00Z,18.9,19.1546,18.75,18.9,41293,667,18.9332
2022-11-29T05:00:00Z,18.84,19.28,18.84,19.08,57350,893,19.1086
2022-11-30T05:00:00Z,19.14,19.6,18.67,19.6,126955,1183,19.1696
2022-12-01T05:00:00Z,19.6,20.06,19.4316,19.99,58002,1473,19.8269
2022-12-02T05:00:00Z,19.74,20.14,19.71,19.74,47287,808,19.8956
2022-12-05T05:00:00Z,19.71,19.71,19.2432,19.53,33081,876,19.4167
2022-12-06T05:00:00Z,19.39,19.55,19.18,19.37,29481,672,19.3497
2022-12-07T05:00:00Z,19.2,19.3,18.85,18.88,33572,635,19.0129
2022-12-08T05:00:00Z,18.86,19.0405,18.8096,18.96,39328,672,18.922
2022-12-09T05:00:00Z,18.83,18.98,18.63,18.65,28080,751,18.7207
2022-12-12T05:00:00Z,18.61,18.71,18.435,18.66,23751,988,18.6072
2022-12-13T05:00:00Z,19.05,19.23,18.91,18.99,25610,584,19.016
2022-12-14T05:00:00Z,19.13,19.34,18.82,19.05,35694,778,19.0985
2022-12-15T05:00:00Z,18.82,18.93,18.52,18.66,40837,689,18.6281
2022-12-16T05:00:00Z,18.46,18.61,18.22,18.53,124747,1128,18.4731
2022-12-19T05:00:00Z,18.53,18.53,17.95,18.13,30868,517,18.1974
2022-12-20T05:00:00Z,18.1,18.22,18,18.17,19940,584,18.1593
2022-12-21T05:00:00Z,18.23,18.79,18.23,18.73,42491,651,18.661
2022-12-22T05:00:00Z,18.53,18.6873,18.415,18.55,28751,532,18.5441
2022-12-23T05:00:00Z,18.46,18.79,18.4064,18.75,22785,320,18.6799
2022-12-27T05:00:00Z,18.7,19.03,18.63,18.82,25407,576,18.8575
2022-12-28T05:00:00Z,18.94,18.962,18.43,18.49,19628,377,18.595
2022-12-29T05:00:00Z,18.58,19.18,18.5521,19,33946,562,18.9522
2022-12-30T05:00:00Z,18.9,19.11,18.75,18.84,27135,366,18.9243
2023-01-03T05:00:00Z,19.01,19.1089,18.61,18.85,30127,1215,18.8216
2023-01-04T05:00:00Z,18.92,19.49,18.92,19.3,55587,929,19.2851
2023-01-05T05:00:00Z,19.29,19.33,19.01,19.02,26020,389,19.1331
2023-01-06T05:00:00Z,19.28,19.57,19.0783,19.47,30180,415,19.4433
2023-01-09T05:00:00Z,19.345,19.79,19.3,19.36,22132,562,19.4759
2023-01-10T05:00:00Z,19.44,19.75,19.31,19.69,18463,505,19.608
2023-01-11T05:00:00Z,19.8,19.9,19.64,19.89,26258,417,19.7467
2023-01-12T05:00:00Z,19.98,20.24,19.8301,20.06,23548,476,20.0873
2023-01-13T05:00:00Z,19.94,20.19,19.89,20.19,22218,493,20.0639
2023-01-17T05:00:00Z,20.24,20.35,20.08,20.27,25520,501,20.2725
2023-01-18T05:00:00Z,20.29,20.6,19.65,19.69,28414,461,20.025
2023-01-19T05:00:00Z,19.68,19.89,19.645,19.71,19002,434,19.7231
2023-01-20T05:00:00Z,19.88,20.075,19.6247,19.98,47891,720,19.917
2023-01-23T05:00:00Z,19.85,19.98,19.67,19.84,42316,798,19.8359
2023-01-24T05:00:00Z,19.9,20.0803,19.72,19.94,17182,412,19.9474
2023-01-25T05:00:00Z,19.9,20.18,19.86,20.12,19899,315,20.0337
2023-01-26T05:00:00Z,20.21,20.645,20.04,20.3,57459,703,20.3449
2023-01-27T05:00:00Z,20.33,20.33,19.77,19.84,21078,375,19.9177
2023-01-30T05:00:00Z,19.64,19.855,19.59,19.67,51058,688,19.6673
2023-01-31T05:00:00Z,19.72,20.125,19.6718,20.02,74660,816,19.9532
2023-02-01T05:00:00Z,19.97,20.33,19.9065,20.15,47960,1688,20.0639
2023-02-02T05:00:00Z,20.2,20.42,20.08,20.35,59556,769,20.3262
2023-02-03T05:00:00Z,20.25,20.49,20.12,20.38,50165,615,20.3521
2023-02-06T05:00:00Z,20.36,20.36,19.92,20.04,22084,446,20.0503
2023-02-07T05:00:00Z,20.01,20.19,19.9178,20.05,22602,309,20.0442
2023-02-08T05:00:00Z,19.89,20.04,19.55,19.6,18157,368,19.6634
2023-02-09T05:00:00Z,19.705,19.765,19.41,19.52,32721,509,19.5073
2023-02-10T05:00:00Z,19.46,19.6,19.4,19.55,13710,284,19.5271
2023-02-13T05:00:00Z,19.46,19.82,19.46,19.78,32345,411,19.7313
2023-02-14T05:00:00Z,19.7,19.8,19.45,19.52,21263,536,19.5825
2023-02-15T05:00:00Z,19.39,19.9,19.23,19.65,28530,400,19.6256
2023-02-16T05:00:00Z,19.48,19.99,19.43,19.86,46300,502,19.8281
2023-02-17T05:00:00Z,19.95,20.04,19.6501,20,50989,600,19.8447
2023-02-21T05:00:00Z,19.92,20.04,18.86,18.92,85156,828,19.2446
2023-02-22T05:00:00Z,19,19.5,18.917,19.27,36877,933,19.2816
2023-02-23T05:00:00Z,19.5,19.6,19.05,19.5,37148,764,19.385
2023-02-24T05:00:00Z,19.25,19.56,19.17,19.31,31524,630,19.3276
2023-02-27T05:00:00Z,19.5,19.58,19.28,19.3,30126,691,19.3851
2023-02-28T05:00:00Z,19.15,19.39,19.08,19.21,81205,803,19.2141
2023-03-01T05:00:00Z,19.21,19.55,19.17,19.42,35532,876,19.3625
2023-03-02T05:00:00Z,19.33,19.5,19.205,19.39,37419,510,19.3959
2023-03-03T05:00:00Z,19.54,19.79,19.305,19.71,51886,589,19.6367
2023-03-06T05:00:00Z,19.79,19.79,18.94,18.97,34512,773,19.0965
2023-03-07T05:00:00Z,19.1,19.11,18.77,18.87,29699,580,18.9074
2023-03-08T05:00:00Z,18.97,19.47,18.84,19.45,31507,476,19.2707
2023-03-09T05:00:00Z,19.5,19.5,18.81,18.82,24484,347,18.9973
2023-03-10T05:00:00Z,18.7,19.0032,18.04,18.26,60269,684,18.3397
2023-03-13T04:00:00Z,17.94,18.44,17.82,17.91,44345,865,18.0071
2023-03-14T04:00:00Z,18.29,18.58,18.195,18.34,49445,966,18.3667
2023-03-15T04:00:00Z,18,18.2033,17.82,18.16,37627,709,18.0871
2023-03-16T04:00:00Z,17.98,18.345,17.8212,18.22,35064,668,18.1829
2023-03-17T04:00:00Z,18.05,18.05,17.61,17.7,84275,747,17.8478
2023-03-20T04:00:00Z,17.91,18.12,17.8,17.9,39563,720,17.9348
2023-03-21T04:00:00Z,18.2,18.3099,17.97,18.01,34823,589,18.0671
2023-03-22T04:00:00Z,18.11,18.14,17.47,17.5,27959,604,17.7315
2023-03-23T04:00:00Z,17.53,17.86,17.31,17.42,31769,549,17.4816
2023-03-24T04:00:00Z,17.26,17.605,16.75,17.57,102066,1297,17.2153
2023-03-27T04:00:00Z,17.87,18.49,17.64,18.26,52518,861,18.1837
2023-03-28T04:00:00Z,18.3,18.58,17.76,17.83,57015,562,18.2121
2023-03-29T04:00:00Z,18.07,18.07,17.49,17.91,49337,720,17.7881
2023-03-30T04:00:00Z,17.99,18.0975,17.47,17.8,69309,763,17.7326
2023-03-31T04:00:00Z,17.96,18.32,17.96,18.27,111250,1081,18.2
2023-04-03T04:00:00Z,18.41,18.41,17.805,18.23,50061,944,18.1162
2023-04-04T04:00:00Z,18.31,18.31,17.51,17.59,45356,939,17.6352
2023-04-05T04:00:00Z,17.65,18,17.56,17.7,31129,655,17.731
2023-04-06T04:00:00Z,17.83,18.01,17.6,17.82,26765,548,17.8324
2023-04-10T04:00:00Z,17.86,18.15,17.8286,17.99,34857,419,18.0146
2023-04-11T04:00:00Z,18.13,18.34,17.97,18.02,42255,515,18.0956
2023-04-12T04:00:00Z,18.16,18.16,17.815,17.88,25211,589,17.9267
2023-04-13T04:00:00Z,18.03,18.26,17.82,18.12,49065,649,18.1232
2023-04-14T04:00:00Z,18.15,18.15,17.9,18.03,48724,699,17.9897
2023-04-17T04:00:00Z,18.17,18.18,17.935,18.16,44633,827,18.08
2023-04-18T04:00:00Z,18.18,18.18,17.785,17.86,21154,430,17.9503
2023-04-19T04:00:00Z,17.76,17.76,17.37,17.41,36353,655,17.5121
2023-04-20T04:00:00Z,17.34,17.8,17.34,17.78,25777,467,17.7175
2023-04-21T04:00:00Z,17.71,17.79,17.436,17.57,23621,355,17.5922
2023-04-24T04:00:00Z,17.42,17.6,17.42,17.57,11703,261,17.5491
2023-04-25T04:00:00Z,17.41,17.59,17.16,17.22,32593,417,17.2518
2023-04-26T04:00:00Z,17.08,17.16,16.8,16.98,20189,384,16.9926
2023-04-27T04:00:00Z,17.1,17.49,17.0271,17.22,22305,306,17.1985
2023-04-28T04:00:00Z,17.25,17.48,17.08,17.28,22901,373,17.2777
2023-05-01T04:00:00Z,17.35,17.35,17.14,17.19,19275,401,17.2056
2023-05-02T04:00:00Z,17.18,17.18,16.7,17.05,37273,938,16.8981
2023-05-03T04:00:00Z,17.19,17.35,16.96,16.97,30321,453,17.0873
2023-05-04T04:00:00Z,16.72,16.97,16.58,16.7,35662,411,16.6948
2023-05-05T04:00:00Z,17,17.1,16.86,16.92,27933,402,16.9333
2023-05-08T04:00:00Z,17,17,16.55,16.85,32101,690,16.7293
2023-05-09T04:00:00Z,16.71,16.96,16.65,16.88,33763,310,16.8575
2023-05-10T04:00:00Z,17,17.13,16.78,16.96,26249,475,16.9396
2023-05-11T04:00:00Z,16.92,16.98,16.74,16.81,30105,510,16.816
2023-05-12T04:00:00Z,16.95,17.08,16.8,17.04,21882,560,16.9885
2023-05-15T04:00:00Z,17.18,17.18,16.95,17.04,18435,520,17.0425
2023-05-16T04:00:00Z,16.86,16.91,16.63,16.74,22385,556,16.7706
2023-05-17T04:00:00Z,16.9,17.17,16.67,17.13,40083,1026,17.038
2023-05-18T04:00:00Z,16.87,17.3197,16.86,17.16,33563,641,17.1419
2023-05-19T04:00:00Z,17.33,17.34,17.15,17.24,26055,474,17.2753
2023-05-22T04:00:00Z,17.38,17.46,17,17.14,34785,690,17.1583
2023-05-23T04:00:00Z,17.3,17.39,17,17.04,38016,617,17.1411
2023-05-24T04:00:00Z,17.05,17.05,16.6,16.64,29497,503,16.7143
2023-05-25T04:00:00Z,16.6,16.72,16.55,16.69,21466,485,16.637
2023-05-26T04:00:00Z,16.79,17.025,16.74,16.96,44747,570,16.9307
2023-05-30T04:00:00Z,16.92,17.005,16.87,16.93,32717,557,16.9271
2023-05-31T04:00:00Z,16.95,16.95,16.59,16.9,43353,843,16.8744
2023-06-01T04:00:00Z,16.95,17.24,16.95,17.07,27364,961,17.0868
2023-06-02T04:00:00Z,17.34,18.02,17.34,17.98,47097,1268,17.8555
2023-06-05T04:00:00Z,17.89,17.89,17.07,17.12,48371,1086,17.4092
2023-06-06T04:00:00Z,17.2,17.95,17.2,17.85,61674,918,17.815
2023-06-07T04:00:00Z,18.06,18.37,17.64,17.93,82112,1599,17.926
2023-06-08T04:00:00Z,17.99,18.13,17.71,18.05,40583,627,17.9834
2023-06-09T04:00:00Z,18.13,18.13,17.6,17.68,28249,608,17.7331
2023-06-12T04:00:00Z,17.79,17.84,17.57,17.6,44721,787,17.6301
2023-06-13T04:00:00Z,17.52,17.985,17.51,17.85,44370,1108,17.8072
2023-06-14T04:00:00Z,17.86,17.99,17.72,17.89,34937,571,17.8732
2023-06-15T04:00:00Z,17.76,18.06,17.74,17.96,38112,867,17.9482
2023-06-16T04:00:00Z,18.07,18.07,17.58,17.9,91465,1126,17.9363
2023-06-20T04:00:00Z,17.9,17.9196,17.56,17.6,34719,955,17.6546
2023-06-21T04:00:00Z,17.57,17.65,17.42,17.54,30534,982,17.5368
2023-06-22T04:00:00Z,17.46,17.46,17.12,17.2,18848,454,17.2176
2023-06-23T04:00:00Z,17.02,17.15,16.92,16.97,120343,887,16.9827
2023-06-26T04:00:00Z,16.95,17.45,16.95,17.24,37277,763,17.2472
2023-06-27T04:00:00Z,17.32,17.44,17.165,17.18,23777,475,17.2422
2023-06-28T04:00:00Z,17.27,17.27,17.035,17.07,21161,403,17.0851
2023-06-29T04:00:00Z,17.02,17.54,17,17.44,46964,861,17.3695
2023-06-30T04:00:00Z,17.51,17.57,17.2,17.21,28381,459,17.312
2023-07-03T04:00:00Z,17.1,17.533,17.1,17.36,11305,318,17.3626
2023-07-05T04:00:00Z,17.34,17.34,16.95,17.04,62990,789,17.0977
2023-07-06T04:00:00Z,17,17,16.7466,16.87,33333,512,16.8809
2023-07-07T04:00:00Z,16.95,17.15,16.88,16.96,24760,423,16.9923
2023-07-10T04:00:00Z,16.87,17.05,16.7528,16.95,26635,459,16.9231
2023-07-11T04:00:00Z,17,17.13,16.85,16.9,39625,606,16.9224
2023-07-12T04:00:00Z,17.18,17.365,16.9729,17.14,51518,491,17.1918
2023-07-13T04:00:00Z,17.23,17.342,16.9301,17.01,38208,450,17.0814
2023-07-14T04:00:00Z,16.99,17.11,16.79,17.05,39380,448,16.9735
2023-07-17T04:00:00Z,17.04,17.42,17.04,17.1,57111,594,17.1768
2023-07-18T04:00:00Z,17.06,17.41,16.99,17.08,64581,701,17.1571
2023-07-19T04:00:00Z,17.17,17.2,16.91,17.05,38282,742,17.0326
2023-07-20T04:00:00Z,17.12,17.34,17.04,17.32,32827,747,17.2383
2023-07-21T04:00:00Z,17.44,17.665,17.22,17.24,45853,716,17.3618
2023-07-24T04:00:00Z,17.37,17.375,17.18,17.2,32222,380,17.2605
2023-07-25T04:00:00Z,17.25,17.5299,17.25,17.5,39900,852,17.3769
2023-07-26T04:00:00Z,17.5,17.91,17.5,17.71,58599,898,17.7218
2023-07-27T04:00:00Z,17.73,17.73,17.45,17.5,37378,752,17.5502
2023-07-28T04:00:00Z,17.6,17.79,17.59,17.64,76664,598,17.6612
2023-07-31T04:00:00Z,17.62,17.9025,17.53,17.61,24678,376,17.6338
2023-08-01T04:00:00Z,17.6,17.685,17.42,17.63,33370,592,17.5514
2023-08-02T04:00:00Z,17.55,17.845,17.54,17.75,52618,871,17.6786
2023-08-03T04:00:00Z,17.8,17.995,17.6,17.63,39098,562,17.705
2023-08-04T04:00:00Z,17.7,17.945,17.68,17.83,45226,669,17.7933
2023-08-07T04:00:00Z,17.76,18.03,17.72,17.94,40621,710,17.8923
2023-08-08T04:00:00Z,17.71,17.775,17.6701,17.7,32255,621,17.7022
2023-08-09T04:00:00Z,17.7,17.73,17.6585,17.7,30999,370,17.693
2023-08-10T04:00:00Z,17.8,17.8,17.32,17.36,32050,496,17.5017
2023-08-11T04:00:00Z,17.29,17.57,17.21,17.5,42147,631,17.465
2023-08-14T04:00:00Z,17.37,17.42,17.19,17.23,14816,513,17.2679
2023-08-15T04:00:00Z,17.09,17.0958,16.76,16.82,22639,467,16.8736
2023-08-16T04:00:00Z,16.89,16.9,16.77,16.77,19439,539,16.801
2023-08-17T04:00:00Z,16.88,16.88,16.56,16.64,24649,491,16.6516
2023-08-18T04:00:00Z,16.55,16.73,16.53,16.7,27908,645,16.6303
2023-08-21T04:00:00Z,16.66,16.71,16.56,16.59,22850,684,16.6118
2023-08-22T04:00:00Z,16.69,16.69,16.23,16.23,25832,669,16.3574
2023-08-23T04:00:00Z,16.32,16.58,16.315,16.52,24045,696,16.5105
2023-08-24T04:00:00Z,16.42,16.9448,16.42,16.54,31863,765,16.588
2023-08-25T04:00:00Z,16.69,16.69,16.44,16.52,14109,333,16.5325
2023-08-28T04:00:00Z,16.64,17.01,16.64,16.68,24730,479,16.7246
2023-08-29T04:00:00Z,16.72,16.9,16.615,16.88,14045,373,16.8501
2023-08-30T04:00:00Z,16.8,16.988,16.65,16.7,20671,631,16.7518
2023-08-31T04:00:00Z,16.77,16.88,16.66,16.68,38821,730,16.6989
2023-09-01T04:00:00Z,16.7,17.05,16.7,16.78,29889,1319,16.8367
2023-09-05T04:00:00Z,16.79,16.79,16.29,16.33,61587,1083,16.4777
2023-09-06T04:00:00Z,16.3,16.4799,16.24,16.38,25864,678,16.3479
2023-09-07T04:00:00Z,16.35,16.82,16.35,16.78,36361,641,16.6873
2023-09-08T04:00:00Z,16.88,16.88,16.54,16.6,22300,755,16.6165
2023-09-11T04:00:00Z,16.6,16.96,16.45,16.46,51065,790,16.5731
2023-09-12T04:00:00Z,16.5,16.7,16.43,16.65,26230,423,16.5277
2023-09-13T04:00:00Z,16.73,16.73,16.49,16.52,25223,864,16.5368
2023-09-14T04:00:00Z,16.69,17.2453,16.475,17.03,40369,757,17.0299
2023-09-15T04:00:00Z,16.94,17.44,16.82,17.37,170425,898,17.2573
2023-09-18T04:00:00Z,17.45,17.48,17.1,17.2,35147,940,17.2458
2023-09-19T04:00:00Z,17.2,17.37,16.55,16.56,51055,1362,16.9022
2023-09-20T04:00:00Z,16.59,16.735,16.43,16.45,32063,620,16.4704
2023-09-21T04:00:00Z,16.43,16.52,16.29,16.31,24435,599,16.3676
2023-09-22T04:00:00Z,16.4,16.4,16.03,16.03,23534,443,16.0927
2023-09-25T04:00:00Z,16.03,16.19,15.9,15.97,33990,837,15.9893
2023-09-26T04:00:00Z,15.93,15.99,15.84,15.87,38371,484,15.88
2023-09-27T04:00:00Z,15.9,15.98,15.79,15.83,36915,527,15.849
2023-09-28T04:00:00Z,16.01,16.11,15.89,15.95,35945,772,15.9789
2023-09-29T04:00:00Z,16.09,16.25,15.945,16.22,40908,534,16.1722
2023-10-02T04:00:00Z,16.22,16.22,15.96,16.07,35501,1459,16.0611
2023-10-03T04:00:00Z,16.07,16.08,15.84,15.86,34515,569,15.9022
2023-10-04T04:00:00Z,15.86,16.06,15.8001,15.97,34322,692,15.9523
2023-10-05T04:00:00Z,16.01,16.27,15.9343,16.21,51611,706,16.1841
2023-10-06T04:00:00Z,16.18,16.18,15.83,15.95,47772,599,15.9428
2023-10-09T04:00:00Z,15.8426,16.1041,15.76,16.05,31542,499,15.9725
2023-10-10T04:00:00Z,16.11,16.11,15.81,15.82,29516,568,15.869
2023-10-11T04:00:00Z,15.9123,15.9123,15.67,15.89,35934,694,15.8161
2023-10-12T04:00:00Z,15.77,15.78,15.57,15.77,35133,560,15.7096
2023-10-13T04:00:00Z,15.88,15.88,15.51,15.66,41069,589,15.6278
2023-10-16T04:00:00Z,15.79,16.05,15.77,15.89,35281,540,15.8965
2023-10-17T04:00:00Z,15.81,16.26,15.81,15.98,50321,856,16.0031
2023-10-18T04:00:00Z,15.83,15.895,15.65,15.66,32410,951,15.731
2023-10-19T04:00:00Z,15.76,15.8,15.51,15.51,27436,384,15.5687
2023-10-20T04:00:00Z,15.58,15.66,15.47,15.49,44146,495,15.5372
2023-10-23T04:00:00Z,15.4501,15.58,15.25,15.28,33042,655,15.3975
2023-10-24T04:00:00Z,15.43,15.49,15.315,15.46,25454,569,15.42
2023-10-25T04:00:00Z,15.34,15.44,15.26,15.26,31434,754,15.2994
2023-10-26T04:00:00Z,15.35,15.48,15.35,15.42,25231,498,15.4097
2023-10-27T04:00:00Z,15.39,15.4,15.3,15.35,25989,343,15.3547
2023-10-30T04:00:00Z,15.5,15.57,15.3615,15.45,44036,745,15.476
2023-10-31T04:00:00Z,15.69,15.71,15.4,15.52,79082,737,15.5295
2023-11-01T04:00:00Z,15.46,15.85,15.41,15.82,39642,943,15.7078
2023-11-02T04:00:00Z,15.99,16.05,15.85,16.01,33670,538,15.9925
2023-11-03T04:00:00Z,16.21,16.43,16.14,16.33,36133,597,16.3185
2023-11-06T05:00:00Z,16.35,16.5999,16.13,16.25,35726,815,16.282
2023-11-07T05:00:00Z,16.3,16.55,16.25,16.49,44986,725,16.4777
2023-11-08T05:00:00Z,16.5,16.5,15.7,16,41149,707,16.0221
2023-11-09T05:00:00Z,16.02,16.1,15.62,15.78,38942,758,15.796
2023-11-10T05:00:00Z,15.92,15.92,15.6,15.79,44390,506,15.759
2023-11-13T05:00:00Z,15.77,16.02,15.61,15.95,19423,406,15.928
2023-11-14T05:00:00Z,16.34,16.59,16.29,16.5,82541,905,16.4595
2023-11-15T05:00:00Z,16.56,16.64,16.46,16.47,40959,526,16.5025
2023-11-16T05:00:00Z,16.48,16.5893,16.25,16.31,31711,649,16.3399
2023-11-17T05:00:00Z,16.45,16.57,16.39,16.5,43906,445,16.4762
2023-11-20T05:00:00Z,16.5,16.58,16.2601,16.36,21543,397,16.4064
2023-11-21T05:00:00Z,16.32,16.39,16.0063,16.22,15301,314,16.1968
2023-11-22T05:00:00Z,16.36,16.5299,16.29,16.48,17507,409,16.459
2023-11-24T05:00:00Z,16.56,16.56,16.365,16.5,16596,250,16.4874
2023-11-27T05:00:00Z,16.54,16.54,16.11,16.25,37775,606,16.276
2023-11-28T05:00:00Z,16.16,16.37,16.16,16.22,31193,548,16.2311
2023-11-29T05:00:00Z,16.37,16.4,16.28,16.33,20645,374,16.34
2023-11-30T05:00:00Z,16.35,16.35,15.671,15.79,138722,866,15.8925
2023-12-01T05:00:00Z,15.8,16.49,15.7833,16.43,70660,1934,16.3336
2023-12-04T05:00:00Z,16.49,16.57,16.32,16.49,38230,591,16.4699
2023-12-05T05:00:00Z,16.49,16.49,15.97,16.26,34157,484,16.1761
2023-12-06T05:00:00Z,16.41,16.41,15.8701,16.14,69498,721,16.1545
2023-12-07T05:00:00Z,16.22,16.31,15.9401,16.29,72722,800,16.1089
2023-12-08T05:00:00Z,16.22,16.52,16.01,16.48,53332,705,16.2474
2023-12-11T05:00:00Z,16.52,16.5759,16.23,16.35,44667,546,16.3626
2023-12-12T05:00:00Z,16.43,16.43,16.15,16.35,25182,432,16.3325
2023-12-13T05:00:00Z,16.45,17,16.38,16.98,86495,1031,16.766
2023-12-14T05:00:00Z,17.26,17.6,17.11,17.23,106304,932,17.3551
2023-12-15T05:00:00Z,17.2,17.28,16.62,16.78,189713,890,16.9013
2023-12-18T05:00:00Z,16.88,16.925,16.71,16.8,37679,642,16.8229
2023-12-19T05:00:00Z,16.87,17.06,16.76,16.99,78103,788,16.9445
2023-12-20T05:00:00Z,16.91,17.325,16.91,16.94,86250,1080,17.1173
2023-12-21T05:00:00Z,17.06,17.1,16.84,16.9,50558,717,16.9017
2023-12-22T05:00:00Z,17,17.37,16.88,17.25,60550,788,17.2127
2023-12-26T05:00:00Z,17.36,17.57,17.22,17.5,89773,722,17.4525
2023-12-27T05:00:00Z,17.6,17.615,17.46,17.59,40056,713,17.5425
2023-12-28T05:00:00Z,17.52,17.67,17.52,17.53,39066,633,17.5629
2023-12-29T05:00:00Z,17.46,17.56,17.19,17.2,37291,513,17.2777
2024-01-02T05:00:00Z,16.99,17.34,16.99,17.25,49656,762,17.2337
2024-01-03T05:00:00Z,17.15,17.275,16.82,16.86,50820,864,16.9501
2024-01-04T05:00:00Z,16.94,17,16.65,16.68,41557,788,16.7832
2024-01-05T05:00:00Z,16.55,16.84,16.48,16.57,54990,528,16.5806
2024-01-08T05:00:00Z,16.61,16.78,16.49,16.78,35999,617,16.635
2024-01-09T05:00:00Z,16.65,16.68,16.32,16.41,53830,617,16.4741
2024-01-10T05:00:00Z,16.31,16.58,16.31,16.51,46739,781,16.4941
2024-01-11T05:00:00Z,16.4,16.4,16.11,16.22,38510,599,16.2252
2024-01-12T05:00:00Z,16.42,16.42,16.15,16.29,32229,565,16.259
2024-01-16T05:00:00Z,16.27,16.3,15.85,15.87,42846,500,16.026
2024-01-17T05:00:00Z,15.75,15.913,15.66,15.84,47250,521,15.7895
2024-01-18T05:00:00Z,15.89,15.92,15.71,15.86,44832,685,15.8266
2024-01-19T05:00:00Z,15.95,16.12,15.79,16.1,49233,614,16.0025
2024-01-22T05:00:00Z,16.24,16.35,16,16.22,28966,450,16.2163
2024-01-23T05:00:00Z,16.41,16.41,15.89,15.92,56399,1012,15.9816
2024-01-24T05:00:00Z,16.08,16.12,15.865,15.96,35931,752,15.9653
2024-01-25T05:00:00Z,15.99,16.35,15.99,16.33,42429,805,16.264
2024-01-26T05:00:00Z,16.45,16.5,16.17,16.17,20450,367,16.2394
2024-01-29T05:00:00Z,16.16,16.37,16.1,16.27,70600,809,16.2397
2024-01-30T05:00:00Z,16.22,16.34,16.08,16.09,41465,502,16.1735
2024-01-31T05:00:00Z,16.07,16.21,15.78,15.78,63810,760,15.9264
2024-02-01T05:00:00Z,15.79,16.42,15.79,16.28,59116,989,16.205
2024-02-02T05:00:00Z,16.04,16.1445,15.9,15.93,71174,895,15.9687
2024-02-05T05:00:00Z,15.76,15.79,15.59,15.69,62907,874,15.6924
2024-02-06T05:00:00Z,15.64,15.99,15.64,15.8,48350,888,15.8212
2024-02-07T05:00:00Z,15.79,15.82,15.6,15.64,44871,837,15.6959
2024-02-08T05:00:00Z,15.59,15.94,15.59,15.87,43660,894,15.7959
2024-02-09T05:00:00Z,15.88,16.31,15.795,16.2,56572,1087,16.187
2024-02-12T05:00:00Z,16.24,16.87,16.24,16.67,60458,1088,16.6935
2024-02-13T05:00:00Z,16.32,16.41,15.84,15.99,97340,1085,16.0577
2024-02-14T05:00:00Z,16.19,16.5,16.155,16.4,45718,724,16.3624
2024-02-15T05:00:00Z,16.46,17.01,16.46,17,56720,870,16.911
2024-02-16T05:00:00Z,16.87,16.97,16.7,16.72,34618,780,16.7797
2024-02-20T05:00:00Z,16.7,16.83,16.55,16.6,40694,778,16.6335
2024-02-21T05:00:00Z,16.55,16.596,16.4,16.53,35870,530,16.5103
2024-02-22T05:00:00Z,16.46,16.53,16.3325,16.51,52619,747,16.4431
2024-02-23T05:00:00Z,16.46,16.62,16.46,16.56,29833,648,16.5627
2024-02-26T05:00:00Z,16.46,16.59,16.35,16.51,38340,704,16.4405
2024-02-27T05:00:00Z,16.58,16.65,16.41,16.41,29384,647,16.4621
2024-02-28T05:00:00Z,16.26,16.57,16.24,16.26,48028,616,16.315
2024-02-29T05:00:00Z,16.51,16.69,16.48,16.63,63622,822,16.615
2024-03-01T05:00:00Z,16.59,16.91,16.59,16.75,47718,858,16.8074
2024-03-04T05:00:00Z,16.8,17.07,16.66,16.66,30533,642,16.8045
2024-03-05T05:00:00Z,16.63,16.79,16.301,16.35,48840,872,16.4607
2024-03-06T05:00:00Z,16.54,16.77,16.4996,16.62,31613,854,16.6352
2024-03-07T05:00:00Z,16.75,16.76,16.45,16.5,40758,823,16.5341
2024-03-08T05:00:00Z,16.68,16.8,16.54,16.65,23729,683,16.6871
2024-03-11T04:00:00Z,16.635,16.635,16.5,16.5,23121,709,16.5385
2024-03-12T04:00:00Z,16.44,16.44,16.16,16.26,55980,912,16.2633
2024-03-13T04:00:00Z,16.21,16.28,16.06,16.18,34782,571,16.17
2024-03-14T04:00:00Z,16.07,16.0985,15.82,15.96,49666,979,15.9411
2024-03-15T04:00:00Z,15.8,16.06,15.58,15.63,228325,1229,15.6807
2024-03-18T04:00:00Z,15.63,15.73,15.44,15.45,51579,1234,15.5403
2024-03-19T04:00:00Z,15.44,15.6,15.31,15.44,55801,1139,15.4303
2024-03-20T04:00:00Z,15.33,15.98,15.33,15.82,50697,998,15.7266
2024-03-21T04:00:00Z,15.84,16.03,15.57,15.91,107715,1749,15.8382
2024-03-22T04:00:00Z,15.9,15.9,15.25,15.34,78042,1373,15.456
2024-03-25T04:00:00Z,15.39,15.51,15.23,15.23,57088,919,15.3255
2024-03-26T04:00:00Z,15.39,15.39,15.21,15.23,56347,1305,15.2732
2024-03-27T04:00:00Z,15.38,15.5,15.33,15.46,41695,863,15.4395
2024-03-28T04:00:00Z,15.51,15.68,15.41,15.41,73302,719,15.4713
2024-04-01T04:00:00Z,15.49,15.54,15.3101,15.36,55679,754,15.3992
2024-04-02T04:00:00Z,15.31,15.37,15.06,15.17,64309,877,15.1592
2024-04-03T04:00:00Z,15.03,15.4,15.03,15.3,62143,700,15.2732
2024-04-04T04:00:00Z,15.46,15.48,15.14,15.15,76155,839,15.2273
2024-04-05T04:00:00Z,15.09,15.2,15.02,15.12,50275,865,15.1209
2024-04-08T04:00:00Z,15.23,15.36,15.21,15.22,37472,671,15.2682
2024-04-09T04:00:00Z,15.22,15.62,15.15,15.48,56752,795,15.4354
2024-04-10T04:00:00Z,15.14,15.27,14.9,15.13,100716,1348,15.0894
2024-04-11T04:00:00Z,15.1,15.34,15.1,15.29,40393,706,15.2595
2024-04-12T04:00:00Z,15.15,15.33,15.15,15.2,44486,1015,15.1967
2024-04-15T04:00:00Z,15.22,15.3,14.8971,14.98,57767,837,15.0185
2024-04-16T04:00:00Z,14.9,15.07,14.8,14.96,52178,751,14.9411
2024-04-17T04:00:00Z,15.09,15.09,14.86,14.88,32440,717,14.9028
2024-04-18T04:00:00Z,15,16.01,14.93,15.69,171640,2039,15.6943
2024-04-19T04:00:00Z,15.75,16.42,15.7055,16.28,137027,1959,16.0621
2024-04-22T04:00:00Z,16.37,16.59,16.15,16.57,79609,1427,16.4603
2024-04-23T04:00:00Z,16.59,17.02,16.5213,17.01,64425,1401,16.9175
2024-04-24T04:00:00Z,16.86,17.04,16.82,16.9,68203,1848,16.9111
2024-04-25T04:00:00Z,16.74,16.95,16.575,16.87,52164,1118,16.8105
2024-04-26T04:00:00Z,16.77,17.07,16.77,17.07,63721,755,16.9574
2024-04-29T04:00:00Z,17.17,17.2387,16.72,17.01,56837,1331,16.9399
2024-04-30T04:00:00Z,16.9,16.94,16.77,16.78,64619,1149,16.8233
2024-05-01T04:00:00Z,16.86,16.97,16.76,16.83,74825,1486,16.8578
2024-05-02T04:00:00Z,16.96,16.96,16.76,16.86,52347,1311,16.8507
2024-05-03T04:00:00Z,17.04,17.04,16.51,16.68,58656,1348,16.6829
2024-05-06T04:00:00Z,16.7,16.9493,16.42,16.65,47519,951,16.6213
2024-05-07T04:00:00Z,16.55,16.66,15.86,15.87,101404,1555,16.0747
2024-05-08T04:00:00Z,15.81,15.8299,15.5323,15.75,75075,1257,15.7296
2024-05-09T04:00:00Z,15.74,16.3,15.74,16.28,64344,1852,16.1513
2024-05-10T04:00:00Z,16.21,16.47,16.12,16.26,63952,1120,16.3072
2024-05-13T04:00:00Z,16.32,16.38,16.07,16.08,47111,968,16.1492
2024-05-14T04:00:00Z,16.16,16.27,16,16.11,33621,1439,16.1178
2024-05-15T04:00:00Z,16.22,16.88,16.16,16.84,110193,2265,16.699
2024-05-16T04:00:00Z,16.76,18.07,16.76,17.84,229703,3609,17.7607
2024-05-17T04:00:00Z,17.87,18.4425,17.7493,17.98,139654,2057,18.0393
2024-05-20T04:00:00Z,17.91,18.24,17.865,17.87,119277,1708,18.033
2024-05-21T04:00:00Z,17.81,17.96,17.75,17.77,109297,1970,17.8694
2024-05-22T04:00:00Z,17.73,18.24,17.73,18.16,148827,2865,18.0598
2024-05-23T04:00:00Z,18.14,18.63,17.88,17.95,123159,2916,18.1467
2024-05-24T04:00:00Z,18.05,18.54,17.974,18.46,100587,2127,18.4198
2024-05-28T04:00:00Z,18.51,18.98,17.93,18.03,154543,3399,18.3058
2024-05-29T04:00:00Z,17.87,18.2,17.75,18.01,124468,2340,18.0022
2024-05-30T04:00:00Z,18.05,18.22,17.96,17.97,93961,2057,18.0737
2024-05-31T04:00:00Z,18,18.26,18,18.23,1210695,3303,18.2256
2024-06-03T04:00:00Z,18.26,18.28,17.63,17.63,112936,1909,17.743
2024-06-04T04:00:00Z,17.62,17.62,17,17.04,104635,1495,17.1335
2024-06-05T04:00:00Z,17.06,17.169,16.87,17.14,63015,2302,17.1069
2024-06-06T04:00:00Z,17.04,17.26,16.97,17,50500,1382,17.0376
2024-06-07T04:00:00Z,16.86,16.97,16.74,16.85,62369,1556,16.8448
2024-06-10T04:00:00Z,16.73,16.93,16.66,16.91,60210,1451,16.8532
2024-06-11T04:00:00Z,16.89,16.95,16.72,16.82,55037,1452,16.8605
2024-06-12T04:00:00Z,17.27,17.29,16.77,16.8,67136,1726,16.9613
2024-06-13T04:00:00Z,16.69,16.92,16.54,16.91,60048,1539,16.8164
2024-06-14T04:00:00Z,16.71,16.74,16.57,16.61,55422,1443,16.6127
2024-06-17T04:00:00Z,16.61,16.77,16.4,16.74,44203,1024,16.6182
2024-06-18T04:00:00Z,16.76,16.82,16.56,16.78,57943,1214,16.7415
2024-06-20T04:00:00Z,16.82,16.98,16.82,16.87,41033,1415,16.8803
2024-06-21T04:00:00Z,16.85,16.85,16.465,16.6,131044,1534,16.667
2024-06-24T04:00:00Z,16.65,16.66,16.4,16.57,59760,1689,16.5608
2024-06-25T04:00:00Z,16.62,16.62,16.2201,16.37,74337,1498,16.3562
2024-06-26T04:00:00Z,16.24,16.79,16.24,16.75,57037,2036,16.6706
2024-06-27T04:00:00Z,16.73,16.84,16.66,16.82,37718,1543,16.7898
2024-06-28T04:00:00Z,16.94,17.07,16.7,17.06,284298,1787,17.0232
2024-07-01T04:00:00Z,17.01,17.01,16.51,16.84,70017,1835,16.7961
2024-07-02T04:00:00Z,16.84,16.93,16.79,16.86,34413,1068,16.8705
2024-07-03T04:00:00Z,16.94,17.013,16.8,16.83,18781,563,16.86
2024-07-05T04:00:00Z,16.79,16.95,16.7,16.86,35383,823,16.8353
2024-07-08T04:00:00Z,16.99,17,16.685,16.8,41385,1272,16.8576
2024-07-09T04:00:00Z,16.82,16.82,16.52,16.71,32746,682,16.6864
2024-07-10T04:00:00Z,16.72,16.87,16.63,16.87,31983,1303,16.8029
2024-07-11T04:00:00Z,17.25,17.74,17.035,17.69,106724,1839,17.4187
2024-07-12T04:00:00Z,17.89,18.14,17.68,17.88,70063,1312,17.9014
2024-07-15T04:00:00Z,18.12,18.4,18.02,18.33,129201,2001,18.2407
2024-07-16T04:00:00Z,18.5,19.07,18.4004,19.05,126144,2092,18.9095
2024-07-17T04:00:00Z,19.02,19.67,18.8945,19.58,189969,3366,19.4284
2024-07-18T04:00:00Z,19.39,19.815,19.05,19.08,78592,1787,19.3192
2024-07-19T04:00:00Z,19.09,19.13,18.62,18.76,52168,949,18.8121
2024-07-22T04:00:00Z,18.86,18.92,18.525,18.85,55756,1037,18.8564
2024-07-23T04:00:00Z,18.87,19.12,18.8,19.03,80818,1533,19.0205
2024-07-24T04:00:00Z,18.9,19.28,18.71,18.74,85041,1819,18.9639
2024-07-25T04:00:00Z,18.78,19.16,18.64,18.96,120440,1696,18.9249
2024-07-26T04:00:00Z,19.24,19.36,18.6,19.29,69083,1779,19.2246
2024-07-29T04:00:00Z,19.35,19.385,18.85,19.06,64500,1288,19.1114
2024-07-30T04:00:00Z,19.21,19.24,18.952,19.22,49652,1180,19.1492
2024-07-31T04:00:00Z,19.25,19.365,18.74,19,94244,2068,19.1022
2024-08-01T04:00:00Z,19.05,19.2068,18.4,18.76,86642,1546,18.6854
2024-08-02T04:00:00Z,18.16,18.6399,17.6,17.7,87137,1442,17.8293
2024-08-05T04:00:00Z,16.9,17.08,16.6,16.77,98710,2071,16.7839
2024-08-06T04:00:00Z,16.7,16.91,16.55,16.85,78230,1482,16.754
2024-08-07T04:00:00Z,17.06,17.14,16.52,16.59,51818,929,16.6739
2024-08-08T04:00:00Z,16.73,16.97,16.53,16.88,47949,1106,16.7812
2024-08-09T04:00:00Z,17,17,16.78,16.92,46147,1026,16.9085
2024-08-12T04:00:00Z,16.88,16.935,16.5,16.58,43778,1024,16.5942
2024-08-13T04:00:00Z,16.73,16.98,16.5,16.89,32655,855,16.8355
2024-08-14T04:00:00Z,16.88,16.88,16.695,16.79,26832,672,16.783
2024-08-15T04:00:00Z,17,17.36,16.81,17.12,60838,1980,17.1202
2024-08-16T04:00:00Z,17.13,17.27,17.13,17.24,31020,875,17.2141
2024-08-19T04:00:00Z,17.22,17.51,17.22,17.45,24986,966,17.4362
2024-08-20T04:00:00Z,17.52,17.52,17.27,17.45,49670,1131,17.4305
2024-08-21T04:00:00Z,17.59,17.69,17.405,17.57,41997,1001,17.5418
2024-08-22T04:00:00Z,17.62,17.62,17.54,17.58,35960,729,17.5821
2024-08-23T04:00:00Z,17.75,18.27,17.52,18.17,64889,1697,17.983
2024-08-26T04:00:00Z,18.35,18.47,18.09,18.09,92375,1487,18.2527
2024-08-27T04:00:00Z,18.03,18.07,17.92,17.97,70019,1124,17.9809
2024-08-28T04:00:00Z,17.96,18.2399,17.64,17.74,45322,1398,17.7804
2024-08-29T04:00:00Z,17.87,17.975,17.53,17.79,63788,1849,17.7767
2024-08-30T04:00:00Z,17.8,17.95,17.645,17.89,119140,1503,17.8602
2024-09-03T04:00:00Z,17.77,17.95,17.36,17.36,58573,1287,17.4775
2024-09-04T04:00:00Z,17.35,17.55,17.15,17.25,57851,1216,17.3362
2024-09-05T04:00:00Z,17.21,17.35,17.08,17.11,42885,1353,17.1805
2024-09-06T04:00:00Z,17.17,17.34,16.8201,16.91,45258,1252,16.9446
2024-09-09T04:00:00Z,16.94,17.29,16.84,17.01,55227,2003,17.0784
2024-09-10T04:00:00Z,16.985,17.38,16.93,17.34,36559,1485,17.2432
2024-09-11T04:00:00Z,17.21,17.39,16.97,17.33,45418,1261,17.2436
2024-09-12T04:00:00Z,17.47,17.72,17.375,17.68,45788,841,17.6584
2024-09-13T04:00:00Z,17.88,18.43,17.795,18.14,65440,1908,18.1628
2024-09-16T04:00:00Z,18.12,18.22,17.925,18.04,43047,1193,18.0197
2024-09-17T04:00:00Z,18.23,18.28,17.96,18.09,54858,1467,18.1154
2024-09-18T04:00:00Z,18.01,18.455,17.93,18.17,69843,1328,18.2056
2024-09-19T04:00:00Z,18.55,18.55,18.345,18.52,46894,1274,18.4791
2024-09-20T04:00:00Z,18.4,18.4,18.13,18.2,158732,1923,18.2784
2024-09-23T04:00:00Z,18.22,18.22,17.7,17.86,52237,1097,17.8826
2024-09-24T04:00:00Z,17.9,17.955,17.74,17.8,45302,1467,17.8278
2024-09-25T04:00:00Z,17.85,17.89,17.66,17.77,78066,1287,17.7762
2024-09-26T04:00:00Z,17.99,17.99,17.55,17.61,53106,1696,17.6845
2024-09-27T04:00:00Z,17.78,17.93,17.62,17.88,63193,1438,17.8565
2024-09-30T04:00:00Z,17.82,17.82,17.44,17.55,74903,1489,17.5763
2024-10-01T04:00:00Z,17.56,17.56,17.13,17.41,63460,1678,17.3786
2024-10-02T04:00:00Z,17.32,17.4799,17.3,17.32,40708,1395,17.3536
2024-10-03T04:00:00Z,17.17,17.32,16.995,17.25,53696,1109,17.2334
2024-10-04T04:00:00Z,17.47,17.47,17.16,17.17,70685,1468,17.258
2024-10-07T04:00:00Z,17.05,17.27,16.8,16.87,80096,1290,16.9036
2024-10-08T04:00:00Z,16.97,16.97,16.63,16.69,103164,1547,16.7276
2024-10-09T04:00:00Z,16.64,16.735,16.51,16.55,82131,1431,16.5706
2024-10-10T04:00:00Z,16.42,16.51,16.34,16.48,129519,1947,16.4173
2024-10-11T04:00:00Z,16.54,16.79,16.54,16.7,113110,2083,16.6698
2024-10-14T04:00:00Z,16.65,16.65,16.42,16.48,64646,1389,16.5191
2024-10-15T04:00:00Z,16.53,16.76,16.44,16.58,108118,2447,16.6252
2024-10-16T04:00:00Z,16.74,16.92,16.61,16.83,88950,1703,16.7896
2024-10-17T04:00:00Z,16.89,16.89,16.58,16.7,79803,2201,16.6648
2024-10-18T04:00:00Z,16.7,16.715,16.54,16.65,80121,1190,16.6298
2024-10-21T04:00:00Z,16.66,16.8,16.3,16.34,77387,1322,16.4294
2024-10-22T04:00:00Z,16.36,16.38,16.255,16.37,48141,839,16.3423
2024-10-23T04:00:00Z,16.33,16.42,16.15,16.31,63390,1504,16.2974
2024-10-24T04:00:00Z,16.38,16.38,16.08,16.08,83083,1865,16.1392
2024-10-25T04:00:00Z,16.1,16.15,15.93,15.94,75064,1535,16.0151
2024-10-28T04:00:00Z,16.12,16.235,16.1,16.19,100711,2828,16.1638
2024-10-29T04:00:00Z,16.02,16.19,15.99,16.04,77146,1770,16.0644
2024-10-30T04:00:00Z,16.05,16.3064,16.05,16.14,61055,1067,16.1645
2024-10-31T04:00:00Z,16.18,16.18,15.8501,15.91,82515,1637,15.9755
2024-11-01T04:00:00Z,15.98,16.03,15.71,15.84,109652,3134,15.8295
2024-11-04T05:00:00Z,15.87,15.98,15.71,15.83,77435,1503,15.8745
2024-11-05T05:00:00Z,15.73,16.22,15.67,16.1,128263,2781,16.0632
2024-11-06T05:00:00Z,16.93,17.5,16.93,17.5,180706,4258,17.3262
2024-11-07T05:00:00Z,17.53,17.53,16.4101,16.51,111399,3280,16.8274
2024-11-08T05:00:00Z,16.55,16.93,16.4239,16.83,82624,1928,16.7335
2024-11-11T05:00:00Z,17,17.46,16.905,17.31,112542,2181,17.1959
2024-11-12T05:00:00Z,17.25,17.37,16.62,16.66,99994,2391,16.8881
2024-11-13T05:00:00Z,16.88,16.88,16.13,16.14,74355,2186,16.3204
2024-11-14T05:00:00Z,16.08,16.25,15.955,16,63449,1431,16.0779
2024-11-15T05:00:00Z,16.17,16.17,15.92,16.04,68819,1386,16.0349
2024-11-18T05:00:00Z,16.03,16.07,15.94,15.94,66505,1529,15.9704
2024-11-19T05:00:00Z,15.85,15.88,15.645,15.82,74690,1786,15.792
2024-11-20T05:00:00Z,15.82,15.83,15.545,15.66,93157,1926,15.6429
2024-11-21T05:00:00Z,15.75,15.75,15.53,15.63,107036,2381,15.6309
2024-11-22T05:00:00Z,15.67,15.85,15.56,15.82,77617,1704,15.783
2024-11-25T05:00:00Z,15.93,16.77,15.9,16.58,241274,2741,16.4215
2024-11-26T05:00:00Z,16.61,16.61,15.87,15.93,98901,2658,16.0205
2024-11-27T05:00:00Z,16.07,16.25,16.005,16.1,59244,1293,16.125
2024-11-29T05:00:00Z,16.25,16.255,16.12,16.12,32824,771,16.1564
2024-12-02T05:00:00Z,16.1,16.22,16.01,16.15,72431,1524,16.1222
2024-12-03T05:00:00Z,16.1,16.125,15.83,16,48696,1262,15.992
2024-12-04T05:00:00Z,15.97,16.02,15.785,16,97147,1358,15.927
2024-12-05T05:00:00Z,15.92,15.93,15.71,15.79,97427,1982,15.7942
2024-12-06T05:00:00Z,15.86,15.94,15.67,15.94,84231,1501,15.8412
2024-12-09T05:00:00Z,16.13,16.18,15.9838,16.08,73031,1762,16.1041
2024-12-10T05:00:00Z,16.1,16.1,15.77,15.86,91578,2213,15.9191
2024-12-11T05:00:00Z,15.98,15.98,15.655,15.71,85530,1688,15.7399
2024-12-12T05:00:00Z,15.71,15.72,15.43,15.46,105393,1452,15.5144
2024-12-13T05:00:00Z,15.4,15.41,15.15,15.31,85169,1643,15.259
2024-12-16T05:00:00Z,15.3,15.4,15.1,15.16,106098,1793,15.1964
2024-12-17T05:00:00Z,15.08,15.2,15.04,15.12,124765,1988,15.105
2024-12-18T05:00:00Z,15.21,15.21,14.705,14.82,222499,3507,14.9126
2024-12-19T05:00:00Z,14.95,15.485,14.945,15.32,164023,3144,15.3325
2024-12-20T05:00:00Z,15.17,15.665,15.1401,15.33,328999,2929,15.3624
2024-12-23T05:00:00Z,15.35,15.61,15.3,15.49,155570,1973,15.4592
2024-12-24T05:00:00Z,15.46,15.505,15.33,15.33,35893,608,15.3841
2024-12-26T05:00:00Z,15.31,15.5975,15.22,15.55,53517,1191,15.5139
2024-12-27T05:00:00Z,15.34,15.68,15.34,15.68,105454,1848,15.581
2024-12-30T05:00:00Z,15.59,15.91,15.5,15.82,59228,1534,15.8043
2024-12-31T05:00:00Z,15.95,16.08,15.72,15.9,67800,1612,15.9074
2025-01-02T05:00:00Z,15.94,15.98,15.75,15.81,69012,1824,15.8591
2025-01-03T05:00:00Z,15.9,16.3,15.865,16.3,74605,2133,16.1635
2025-01-06T05:00:00Z,16.4,16.45,15.95,15.96,74141,2104,16.0944
2025-01-07T05:00:00Z,15.96,16.09,15.7658,15.89,93626,2281,15.9005
2025-01-08T05:00:00Z,15.86,15.9499,15.605,15.81,87168,1715,15.8157
2025-01-10T05:00:00Z,15.61,15.745,15.12,15.23,143980,2745,15.3159
2025-01-13T05:00:00Z,15.06,15.34,15,15.16,84007,2035,15.171
2025-01-14T05:00:00Z,15.24,15.49,15.15,15.48,92629,1544,15.3444
2025-01-15T05:00:00Z,15.83,15.98,15.66,15.97,64971,1138,15.8654
2025-01-16T05:00:00Z,16,16.22,15.986,16.2,69259,1411,16.1161
2025-01-17T05:00:00Z,16.27,16.3675,16.04,16.1,63531,1458,16.1762
2025-01-21T05:00:00Z,16.15,16.43,16.15,16.26,92249,2212,16.3053
2025-01-22T05:00:00Z,16.13,16.135,15.68,15.69,62565,1323,15.8061
2025-01-23T05:00:00Z,15.55,15.71,15.515,15.64,69840,1367,15.6036
2025-01-24T05:00:00Z,15.61,15.71,15.48,15.66,64550,1718,15.6059
2025-01-27T05:00:00Z,15.66,16.2,15.66,16.06,99790,2113,16.0851
2025-01-28T05:00:00Z,15.98,16.185,15.87,16.13,58537,1610,16.0885
2025-01-29T05:00:00Z,16.09,16.2,15.8,16.07,61974,1440,16.0196
2025-01-30T05:00:00Z,16.21,16.35,16.135,16.2,77136,1884,16.2384
2025-01-31T05:00:00Z,16.16,16.29,16.05,16.22,101282,2504,16.1857
2025-02-03T05:00:00Z,15.96,16.32,15.87,16.06,61345,1765,16.1125
2025-02-04T05:00:00Z,15.94,16.42,15.94,16.39,60641,1294,16.2892
2025-02-05T05:00:00Z,16.51,16.59,16.34,16.42,55218,1349,16.4479
2025-02-06T05:00:00Z,16.46,16.59,16.3451,16.45,47625,1005,16.4543
2025-02-07T05:00:00Z,16.4,16.435,16.16,16.29,50759,1210,16.3013
2025-02-10T05:00:00Z,16.31,16.54,16.25,16.37,70046,1543,16.4121
2025-02-11T05:00:00Z,16.18,16.38,15.84,15.85,116944,2261,15.9954
2025-02-12T05:00:00Z,15.61,15.75,15.1,15.49,111918,2263,15.4034
2025-02-13T05:00:00Z,15.51,15.83,15.45,15.82,60478,1883,15.7239
2025-02-14T05:00:00Z,15.86,16.2012,15.84,16.04,63382,2127,15.987
2025-02-18T05:00:00Z,15.97,16.2,15.61,15.94,65104,1609,15.9229
2025-02-19T05:00:00Z,15.78,15.886,15.71,15.8,51015,1117,15.7853
2025-02-20T05:00:00Z,15.8,16.08,15.7,16,55224,1634,15.9377
2025-02-21T05:00:00Z,16.16,16.16,15.925,15.95,104937,1738,16.035
2025-02-24T05:00:00Z,15.99,16.01,15.49,15.52,116080,2251,15.7049
2025-02-25T05:00:00Z,15.6,15.74,15.37,15.55,105135,2028,15.5946
2025-02-26T05:00:00Z,15.51,15.63,15.335,15.52,58994,1740,15.4967
2025-02-27T05:00:00Z,15.43,15.55,15.36,15.4,64070,1767,15.4087
2025-02-28T05:00:00Z,15.28,15.5461,15.26,15.36,599751,2256,15.37
2025-03-03T05:00:00Z,15.33,15.49,15.17,15.18,160543,1986,15.3081
2025-03-04T05:00:00Z,15.06,15.23,14.9,15.02,135983,2130,15.0707
2025-03-05T05:00:00Z,15,15.375,14.9,15.33,131223,1798,15.1684
2025-03-06T05:00:00Z,15.33,16.06,15.3,16.03,109207,2723,15.8243
2025-03-07T05:00:00Z,16.13,16.455,15.8801,16.26,99704,2685,16.2371
2025-03-10T04:00:00Z,16.17,16.435,15.75,15.86,156449,2029,16.0943
2025-03-11T04:00:00Z,16,16.05,15.725,15.82,167550,2285,15.8583
2025-03-12T04:00:00Z,15.84,16.335,15.79,16.22,206780,2632,16.0705
2025-03-13T04:00:00Z,16.2,16.29,15.945,16,145057,1750,16.0323
2025-03-14T04:00:00Z,16.07,16.275,16.01,16.1,175385,2400,16.1268
2025-03-17T04:00:00Z,16.01,16.21,15.6731,16.18,244687,2266,15.8726
2025-03-18T04:00:00Z,16.18,16.44,16.06,16.08,132726,1806,16.1771
2025-03-19T04:00:00Z,16.14,16.3,15.99,16.2,135931,1584,16.1652
2025-03-20T04:00:00Z,16.12,16.17,15.91,16.07,72146,1378,16.0249
2025-03-21T04:00:00Z,15.93,16.035,15.62,15.67,203317,2004,15.7868
2025-03-24T04:00:00Z,15.87,15.94,15.7,15.84,79149,1256,15.8017
2025-03-25T04:00:00Z,15.77,15.8938,15.7,15.84,131197,1674,15.8214
2025-03-26T04:00:00Z,15.9,16.055,15.835,15.87,86878,1111,15.908
2025-03-27T04:00:00Z,15.92,16.71,15.92,16.47,133455,2015,16.4521
2025-03-28T04:00:00Z,16.53,16.539,16.06,16.08,82925,1221,16.1806
2025-03-31T04:00:00Z,15.97,16.1,15.7801,15.85,118658,1739,15.9368
2025-04-01T04:00:00Z,15.9,16.06,15.66,15.92,131965,2387,15.8701
2025-04-02T04:00:00Z,15.78,16.045,15.78,15.93,97955,1506,15.9401
2025-04-03T04:00:00Z,15.46,15.815,15.46,15.76,109810,2406,15.7341
2025-04-04T04:00:00Z,15.4,15.915,15.27,15.66,112922,2635,15.6373
2025-04-07T04:00:00Z,15.19,15.93,15.1,15.16,161382,3001,15.2866
2025-04-08T04:00:00Z,15.45,15.63,15.15,15.43,226202,3789,15.4143
2025-04-09T04:00:00Z,15.3,16.12,15.04,15.7,171626,2386,15.505
2025-04-10T04:00:00Z,15.5,15.85,15.42,15.75,159769,3806,15.7132
2025-04-11T04:00:00Z,15.83,16.02,15.32,15.93,139754,3063,15.8192
2025-04-14T04:00:00Z,16.03,16.335,15.93,16.24,123397,2873,16.2011
2025-04-15T04:00:00Z,16.24,16.46,16.09,16.43,102430,2043,16.3881
2025-04-16T04:00:00Z,16.47,16.535,16.25,16.39,154025,3118,16.3755
2025-04-17T04:00:00Z,16.35,16.59,16.35,16.56,147616,2447,16.49
2025-04-21T04:00:00Z,16.44,16.66,16.41,16.53,186507,2641,16.5678
2025-04-22T04:00:00Z,16.75,17.41,16.6201,17.21,256207,4719,17.0987
2025-04-23T04:00:00Z,17.48,17.49,17.1,17.3,157105,2924,17.3041
2025-04-24T04:00:00Z,17.29,17.59,17.1133,17.17,110846,2847,17.2846
2025-04-25T04:00:00Z,17.05,17.2,16.895,17.14,114540,2802,17.0943
2025-04-28T04:00:00Z,17.1,17.23,17.03,17.08,114587,3072,17.0899
2025-04-29T04:00:00Z,17.02,17.25,17,17.22,97937,2487,17.1832
2025-04-30T04:00:00Z,17.11,17.2099,16.66,16.93,148395,2373,17.0212
2025-05-01T04:00:00Z,16.9,17.05,16.385,17.01,148544,3389,16.9375
2025-05-02T04:00:00Z,17.16,17.4,16.84,17.25,87979,2803,17.2282
2025-05-05T04:00:00Z,17.21,17.34,16.725,17.02,133171,2802,17.0748
2025-05-06T04:00:00Z,16.88,17.19,16.795,17,107292,2051,17.002
2025-05-07T04:00:00Z,17.11,17.34,16.855,17.24,107654,2461,17.2058
2025-05-08T04:00:00Z,17.24,17.375,17.02,17.16,132718,2151,17.2294
2025-05-09T04:00:00Z,15.9,16.63,15.8,16.48,168069,3952,16.3808
2025-05-12T04:00:00Z,16.75,16.75,16.135,16.22,175340,4049,16.3177
2025-05-13T04:00:00Z,16.33,16.475,16.22,16.31,120692,3991,16.3288
2025-05-14T04:00:00Z,16.28,16.56,16.2,16.34,131057,3166,16.3643
2025-05-15T04:00:00Z,16.38,16.81,16.335,16.77,115960,3186,16.6937
2025-05-16T04:00:00Z,16.78,16.88,16.59,16.6,132499,2548,16.6699
2025-05-19T04:00:00Z,16.45,16.56,16.275,16.33,102505,2892,16.3537
2025-05-20T04:00:00Z,16.29,16.58,16.29,16.5,103344,2267,16.497
2025-05-21T04:00:00Z,16.3,16.5575,16.24,16.34,109898,2205,16.3577
2025-05-22T04:00:00Z,16.25,16.475,16.09,16.36,152675,2740,16.3471
2025-05-23T04:00:00Z,16.2,16.42,16.16,16.31,104443,2407,16.3141
2025-05-27T04:00:00Z,16.4,16.79,16.315,16.76,103644,2957,16.6755
2025-05-28T04:00:00Z,16.8,16.88,16.61,16.76,82189,2429,16.7419
2025-05-29T04:00:00Z,16.83,16.94,16.73,16.76,97933,2222,16.7993
2025-05-30T04:00:00Z,16.71,16.81,16.66,16.69,93475,1948,16.7124
2025-06-02T04:00:00Z,16.69,16.815,15.75,15.8,240225,4278,16.062
2025-06-03T04:00:00Z,15.74,16.06,15.64,15.83,149406,2872,15.8073
2025-06-04T04:00:00Z,15.91,16.01,15.66,15.96,91566,2131,15.909
2025-06-05T04:00:00Z,16.04,16.26,15.845,16.05,107646,1992,16.0947
2025-06-06T04:00:00Z,16.2,16.47,16.05,16.1,92474,2019,16.1547
2025-06-09T04:00:00Z,16.22,16.49,16.2,16.35,104326,1716,16.359
2025-06-10T04:00:00Z,16.44,16.52,16.395,16.41,64209,1245,16.4269
2025-06-11T04:00:00Z,16.46,16.52,16.38,16.47,71202,1378,16.4601
2025-06-12T04:00:00Z,16.36,16.55,16.24,16.49,108708,2192,16.4417
2025-06-13T04:00:00Z,16.33,16.49,16.06,16.06,86104,1730,16.1644
2025-06-16T04:00:00Z,16.19,16.39,16.09,16.34,63979,1463,16.2967
2025-06-17T04:00:00Z,16.26,16.55,16.26,16.4,86589,1824,16.4126
2025-06-18T04:00:00Z,16.39,16.58,16.39,16.47,72143,1788,16.4821
2025-06-20T04:00:00Z,16.6,16.73,16.47,16.56,115257,1623,16.5836
2025-06-23T04:00:00Z,16.55,16.81,16.49,16.8,122722,2705,16.6947
2025-06-24T04:00:00Z,16.92,16.99,16.71,16.76,81451,1614,16.8049
2025-06-25T04:00:00Z,16.76,16.82,16.55,16.58,90912,2151,16.6454
2025-06-26T04:00:00Z,16.68,17.03,16.657,17.01,135179,2612,16.9063
2025-06-27T04:00:00Z,17.11,17.18,16.92,17.1,220832,2527,17.0908
2025-06-30T04:00:00Z,17.13,17.18,16.81,16.96,94826,2521,16.9865
2025-07-01T04:00:00Z,16.9,17.53,16.9,17.38,111718,2734,17.3491
2025-07-02T04:00:00Z,17.31,17.81,17.31,17.71,118848,2818,17.6637
2025-07-03T04:00:00Z,17.73,18.07,17.6301,18.06,77465,1699,17.976
2025-07-07T04:00:00Z,17.97,17.98,17.47,17.7,109767,2679,17.6613
2025-07-08T04:00:00Z,17.72,18.025,17.585,17.82,97798,2567,17.8503
2025-07-09T04:00:00Z,17.96,17.96,17.73,17.92,63090,1941,17.8829
2025-07-10T04:00:00Z,17.85,18.47,17.85,18.37,90775,2252,18.3346
2025-07-11T04:00:00Z,18.27,18.674,18.2617,18.49,79166,2427,18.5119
2025-07-14T04:00:00Z,18.42,19,18.34,18.5,82260,2932,18.4866
2025-07-15T04:00:00Z,18.49,18.575,18.16,18.22,125655,2588,18.2618
2025-07-16T04:00:00Z,18.19,18.365,18.07,18.14,73849,2214,18.1746
2025-07-17T04:00:00Z,18.09,18.42,18.09,18.22,87657,2075,18.2563
2025-07-18T04:00:00Z,18.38,18.45,18.06,18.1,77641,2394,18.1595
2025-07-21T04:00:00Z,18.18,18.515,18.175,18.41,73425,2441,18.4019
2025-07-22T04:00:00Z,18.55,19.01,18.4101,18.9,118313,2867,18.8555
2025-07-23T04:00:00Z,18.97,19.27,18.93,19.27,99978,2737,19.1672
2025-07-24T04:00:00Z,19.09,19.39,19.08,19.13,115451,2939,19.2189
2025-07-25T04:00:00Z,19.13,19.37,18.99,18.99,118430,3019,19.1144
2025-07-28T04:00:00Z,18.99,19.0347,18.58,18.61,139599,3818,18.6964
2025-07-29T04:00:00Z,18.77,18.86,18.64,18.66,120281,2834,18.702
2025-07-30T04:00:00Z,18.61,18.695,18.05,18.07,129078,3239,18.2702
2025-07-31T04:00:00Z,17.89,18.1593,17.87,17.96,116928,2591,17.9911
2025-08-01T04:00:00Z,17.87,18.07,17.72,17.88,165596,4645,17.8979
2025-08-04T04:00:00Z,17.87,18.24,17.87,18.24,104530,2817,18.0976
2025-08-05T04:00:00Z,18.25,18.48,18.145,18.36,114969,2718,18.3441
2025-08-06T04:00:00Z,18.03,18.57,17.6078,18.41,119838,2312,18.3572
2025-08-07T04:00:00Z,18.33,18.365,17.01,17.01,201741,4706,17.4242
2025-08-08T04:00:00Z,17.1,17.325,16.71,17.03,138539,3784,17.0819
2025-08-11T04:00:00Z,17.17,17.595,17.165,17.52,77080,2202,17.4808
2025-08-12T04:00:00Z,17.68,17.84,17.58,17.61,90319,2541,17.6764
2025-08-13T04:00:00Z,17.75,17.75,17.335,17.47,114790,2672,17.5092
2025-08-14T04:00:00Z,17.32,17.64,17.32,17.46,109354,3116,17.4779
2025-08-15T04:00:00Z,17.53,17.6,17.26,17.44,115294,2845,17.392
2025-08-18T04:00:00Z,17.46,17.59,17.1,17.1,119772,3244,17.2836
2025-08-19T04:00:00Z,17.09,17.35,16.91,17.33,164165,2810,17.2079
2025-08-20T04:00:00Z,17.41,17.41,17.05,17.05,110206,2541,17.1566
2025-08-21T04:00:00Z,16.96,17.31,16.96,17.31,119086,2691,17.1902
2025-08-22T04:00:00Z,17.47,17.76,17.33,17.49,134927,3125,17.5536
2025-08-25T04:00:00Z,17.56,17.56,17.24,17.26,86190,2330,17.3521
2025-08-26T04:00:00Z,17.25,17.4799,17.17,17.4,112475,2684,17.365
2025-08-27T04:00:00Z,17.36,17.475,17.35,17.38,63181,1449,17.3966
2025-08-28T04:00:00Z,17.51,17.57,17.4,17.48,73250,2099,17.4799
2025-08-29T04:00:00Z,17.47,17.545,17.36,17.41,90022,2455,17.4305
2025-09-02T04:00:00Z,17.29,17.41,17.2,17.2,84819,2016,17.2563
2025-09-03T04:00:00Z,17.14,17.22,16.89,16.89,112390,2451,16.994
2025-09-04T04:00:00Z,16.91,17,16.81,16.94,115148,2525,16.9188
2025-09-05T04:00:00Z,17.08,17.23,16.42,16.6,144888,3152,16.6099
2025-09-08T04:00:00Z,16.53,17.01,16.45,16.95,154967,3855,16.7666
2025-09-09T04:00:00Z,16.91,16.91,16.5,16.63,96657,2897,16.6394
2025-09-10T04:00:00Z,16.55,16.8,16.49,16.77,75595,1775,16.7066
2025-09-11T04:00:00Z,16.76,16.97,16.6015,16.85,106872,2078,16.8304
2025-09-12T04:00:00Z,16.86,16.955,16.66,16.67,101612,2151,16.7425
2025-09-15T04:00:00Z,16.7,16.7,16.55,16.61,85007,1569,16.6312
2025-09-16T04:00:00Z,16.53,16.56,16.35,16.45,97833,1811,16.4643
2025-09-17T04:00:00Z,16.56,16.76,16.275,16.33,224123,4705,16.5273
2025-09-18T04:00:00Z,16.32,16.425,16.2,16.38,125826,2727,16.3446
2025-09-19T04:00:00Z,16.39,16.47,16.21,16.26,178809,2219,16.308
2025-09-22T04:00:00Z,16.2,16.3022,15.77,15.97,164527,3110,15.962
2025-09-23T04:00:00Z,15.93,16.3,15.93,16.06,91141,2481,16.1057
2025-09-24T04:00:00Z,15.97,16.15,15.97,16.01,97787,2369,16.0299
2025-09-25T04:00:00Z,15.97,16.065,15.83,15.98,95287,2240,15.9433
2025-09-26T04:00:00Z,15.96,16.13,15.96,16.09,81838,2146,16.0704
2025-09-29T04:00:00Z,16.11,16.15,15.98,16.03,81094,2185,16.0476
2025-09-30T04:00:00Z,15.98,16.14,15.69,15.98,99366,2261,15.8848
2025-10-01T04:00:00Z,15.87,15.935,15.71,15.91,74215,1812,15.8588
2025-10-02T04:00:00Z,15.87,15.89,15.65,15.78,106349,2561,15.7798
2025-10-03T04:00:00Z,15.85,16.42,15.8,16.19,132481,2492,16.2386
2025-10-06T04:00:00Z,16.28,16.28,15.74,15.82,89390,2517,15.885
2025-10-07T04:00:00Z,15.89,15.89,15.46,15.53,151641,2790,15.5706
2025-10-08T04:00:00Z,15.56,15.84,15.46,15.77,109611,1944,15.6878
2025-10-09T04:00:00Z,15.83,15.88,15.51,15.62,71885,1988,15.6277
2025-10-10T04:00:00Z,15.77,15.89,15.485,15.54,102366,2361,15.6107
2025-10-13T04:00:00Z,15.6,15.75,15.43,15.61,102246,2301,15.6183
2025-10-14T04:00:00Z,15.47,15.84,15.47,15.76,100967,2426,15.7368
2025-10-15T04:00:00Z,15.76,16.03,15.76,15.9,98970,2588,15.897
2025-10-16T04:00:00Z,15.88,15.96,15.6,15.69,113821,3193,15.7659
2025-10-17T04:00:00Z,15.64,15.77,15.53,15.54,89707,2299,15.6141
2025-10-20T04:00:00Z,15.63,15.88,15.55,15.79,89301,1801,15.7284
2025-10-21T04:00:00Z,15.74,15.87,15.58,15.8,67388,1270,15.7978
2025-10-22T04:00:00Z,15.8,16.16,15.8,15.92,92245,2182,15.9643
2025-10-23T04:00:00Z,16.01,16.24,15.895,16.12,64505,1827,16.1094
2025-10-24T04:00:00Z,16.12,16.37,16.12,16.16,58537,1622,16.1833
2025-10-27T04:00:00Z,16.21,16.31,16.025,16.06,68945,1491,16.1575
2025-10-28T04:00:00Z,16.03,16.08,15.92,15.99,45798,1456,16.0039
2025-10-29T04:00:00Z,15.92,16.07,15.51,15.67,85408,1986,15.7289
2025-10-30T04:00:00Z,15.5,15.89,15.48,15.87,109823,2928,15.7261
2025-10-31T04:00:00Z,15.79,16,15.65,15.82,164617,3296,15.8475
2025-11-03T05:00:00Z,15.75,15.93,15.55,15.69,78681,2221,15.7174
2025-11-04T05:00:00Z,15.68,15.76,15.44,15.58,89842,2279,15.55
2025-11-05T05:00:00Z,15.72,15.98,15.54,15.97,96075,2952,15.9038
2025-11-06T05:00:00Z,16.25,16.27,15.71,15.74,87691,2468,15.9683
2025-11-07T05:00:00Z,15.82,16.18,15.615,16.04,102850,2507,15.9391
2025-11-10T05:00:00Z,16.22,16.22,15.95,16.06,85907,1789,16.0582
2025-11-11T05:00:00Z,16.14,16.3,16.02,16.26,92773,1665,16.206
2025-11-12T05:00:00Z,16.25,16.37,16.1,16.26,86099,2127,16.2321
2025-11-13T05:00:00Z,16.18,16.37,16.09,16.29,95069,2109,16.2225
2025-11-14T05:00:00Z,16.31,16.5096,16.18,16.47,106837,2046,16.3644
2025-11-17T05:00:00Z,16.5,16.5,15.87,15.9,92783,1783,16.0658
2025-11-18T05:00:00Z,15.95,16.042,15.7,15.94,82390,1841,15.8895
2025-11-19T05:00:00Z,15.99,16,15.65,15.92,128757,1840,15.8658
2025-11-20T05:00:00Z,16.05,16.1299,15.79,15.83,65290,2090,15.8941
2025-11-21T05:00:00Z,15.87,16.17,15.54,16.08,123164,2517,16.041
2025-11-24T05:00:00Z,16.05,16.05,15.71,15.73,87440,1772,15.7935
2025-11-25T05:00:00Z,15.86,16.37,15.86,16.14,110644,2307,16.1829
2025-11-26T05:00:00Z,16.08,16.42,16.05,16.25,98349,2037,16.2638
2025-11-28T05:00:00Z,16.33,16.33,16.11,16.23,38963,822,16.2171
2025-12-01T05:00:00Z,16.08,16.2328,15.99,16.05,75525,1650,16.0682
2025-12-02T05:00:00Z,16.16,16.17,15.93,16.1,47614,1502,16.1029
2025-12-03T05:00:00Z,16.21,16.37,16.14,16.35,56361,1331,16.2987
2025-12-04T05:00:00Z,16.28,16.41,16.03,16.04,72033,1756,16.1043
2025-12-05T05:00:00Z,15.99,16.16,15.955,16.01,52817,1508,16.0314
2025-12-08T05:00:00Z,16.02,16.09,15.96,15.99,79250,1442,16.0102
2025-12-09T05:00:00Z,15.96,16.22,15.96,16.14,64154,1695,16.1451
2025-12-10T05:00:00Z,16.17,16.42,16.17,16.37,115050,2382,16.3522
2025-12-11T05:00:00Z,16.42,16.5786,16.35,16.42,104374,1996,16.4425
2025-12-12T05:00:00Z,16.46,16.55,16.3566,16.46,123131,2452,16.4672
2025-12-15T05:00:00Z,16.47,16.4799,16.25,16.29,97881,2229,16.3237
2025-12-16T05:00:00Z,16.3,16.395,15.98,15.98,76394,2483,16.0749
2025-12-17T05:00:00Z,15.94,16.21,15.9,15.94,88696,2209,15.986
2025-12-18T05:00:00Z,16.03,16.14,15.9,16.03,72759,1843,16.0301
2025-12-19T05:00:00Z,16.07,16.2,15.7,15.78,172485,2226,15.8994
2025-12-22T05:00:00Z,15.78,15.9478,15.725,15.86,121931,1963,15.8671
2025-12-23T05:00:00Z,15.83,15.8827,15.78,15.79,102580,1787,15.8263
2025-12-24T05:00:00Z,15.78,16.005,15.7,15.81,35631,1033,15.8055
2025-12-26T05:00:00Z,15.82,15.9,15.75,15.87,76844,1677,15.8141
2025-12-29T05:00:00Z,15.91,15.92,15.78,15.83,147340,2534,15.8272
2025-12-30T05:00:00Z,15.85,15.85,15.74,15.81,87524,1645,15.8043
2025-12-31T05:00:00Z,15.87,15.92,15.72,15.77,63121,1429,15.7806
