timestamp,open,high,low,close,volume,tradeCount,vwap
2016-01-04T05:00:00Z,18.92,19.14,18.8349,19.13,1967920,10210,18.9849
2016-01-05T05:00:00Z,19.1,19.13,18.92,19.02,2000012,11025,19.0211
2016-01-06T05:00:00Z,18.73,18.875,18.7,18.78,1899136,9494,18.7726
2016-01-07T05:00:00Z,18.28,18.47,18.24,18.3,2449160,10841,18.3317
2016-01-08T05:00:00Z,18.03,18.04,17.35,17.37,2936108,13394,17.6303
2016-01-11T05:00:00Z,17.7,17.73,17.4233,17.58,2511790,10970,17.5613
2016-01-12T05:00:00Z,17.66,17.76,17.47,17.67,2128277,9297,17.5968
2016-01-13T05:00:00Z,17.7,17.75,17.15,17.28,2947464,14393,17.3676
2016-01-14T05:00:00Z,17.24,17.52,17.02,17.42,2446204,12449,17.2835
2016-01-15T05:00:00Z,16.7,16.94,16.5289,16.62,2343209,10794,16.7089
2016-01-19T05:00:00Z,17.1,17.13,16.74,16.87,2625497,12007,16.9541
2016-01-20T05:00:00Z,16.48,16.5984,16.1,16.43,2991755,15081,16.345
2016-01-21T05:00:00Z,16.29,16.3999,16.08,16.31,3963577,13934,16.2864
2016-01-22T05:00:00Z,16.63,16.74,16.48,16.66,2161934,10242,16.6075
2016-01-25T05:00:00Z,16.3,16.36,16.135,16.15,2525411,12406,16.2384
2016-01-26T05:00:00Z,16.08,16.44,16.07,16.39,3151817,16938,16.3016
2016-01-27T05:00:00Z,16.25,16.52,16.16,16.21,2667975,11730,16.3129
2016-01-28T05:00:00Z,16.52,16.5599,16.22,16.34,2824093,12377,16.3687
2016-01-29T05:00:00Z,16.36,16.64,16.33,16.64,2979825,9486,16.4984
2016-02-01T05:00:00Z,16.28,16.55,16.2,16.52,2601847,12523,16.3792
2016-02-02T05:00:00Z,15.25,15.28,14.97,15.23,8024751,32009,15.1623
2016-02-03T05:00:00Z,15.5,15.5107,15.03,15.45,4178703,18256,15.3094
2016-02-04T05:00:00Z,15.08,15.475,15.06,15.41,3584567,14920,15.3323
2016-02-05T05:00:00Z,15.46,15.46,15.2,15.25,2865766,10939,15.3145
2016-02-08T05:00:00Z,14.86,14.86,14.6,14.76,3480254,14076,14.7209
2016-02-09T05:00:00Z,14.12,14.38,14.01,14.18,5723034,22861,14.1862
2016-02-10T05:00:00Z,14.87,15.07,14.655,14.68,7418973,15771,14.838
2016-02-11T05:00:00Z,14.34,14.569,14.14,14.27,4572818,19118,14.3288
2016-02-12T05:00:00Z,14.73,15.07,14.545,15.06,4033166,15249,14.8517
2016-02-16T05:00:00Z,14.84,14.98,14.6499,14.91,3988754,10262,14.8634
2016-02-17T05:00:00Z,15.09,15.31,15.07,15.24,2004544,8219,15.2133
2016-02-18T05:00:00Z,15.21,15.21,14.9,15.01,2459140,9654,15.0152
2016-02-19T05:00:00Z,14.85,14.96,14.725,14.88,1553885,6059,14.8693
2016-02-22T05:00:00Z,15.12,15.32,15.12,15.22,1626582,6535,15.2083
2016-02-23T05:00:00Z,15.23,15.26,14.85,14.85,2575165,10485,15.0193
2016-02-24T05:00:00Z,14.65,15.01,14.565,14.98,3058548,13418,14.7704
2016-02-25T05:00:00Z,15.16,15.27,15.0601,15.26,2485443,8358,15.1748
2016-02-26T05:00:00Z,15.3,15.42,15.27,15.3,1919037,6602,15.3358
2016-02-29T05:00:00Z,15.25,15.47,15.18,15.22,2172861,7607,15.2975
2016-03-01T05:00:00Z,15.54,15.86,15.49,15.82,2737286,11014,15.7309
2016-03-02T05:00:00Z,16.06,16.27,16.04,16.26,2592424,9387,16.1747
2016-03-03T05:00:00Z,16.35,16.53,16.34,16.52,3869185,11952,16.4164
2016-03-04T05:00:00Z,16.5,16.65,16.45,16.51,2087538,7206,16.5373
2016-03-07T05:00:00Z,16.38,16.645,16.36,16.57,2747471,8923,16.5244
2016-03-08T05:00:00Z,16.51,16.52,16.25,16.25,3321256,11632,16.3678
2016-03-09T05:00:00Z,16.53,16.535,16.26,16.31,3253499,11713,16.3835
2016-03-10T05:00:00Z,16.43,16.66,16.155,16.32,3088407,11057,16.3611
2016-03-11T05:00:00Z,16.78,16.98,16.72,16.97,2372494,7389,16.8696
2016-03-14T04:00:00Z,16.83,16.96,16.755,16.9,2411990,8688,16.8922
2016-03-15T04:00:00Z,16.68,16.86,16.65,16.83,1905976,7196,16.7811
2016-03-16T04:00:00Z,15.86,16.11,15.81,16.05,5416898,19356,15.9542
2016-03-17T04:00:00Z,16.32,16.645,16.23,16.57,2794744,11693,16.4827
2016-03-18T04:00:00Z,16.69,16.78,16.64,16.72,2421778,8587,16.7061
2016-03-21T04:00:00Z,16.85,16.99,16.8101,16.9,2238021,8371,16.9069
2016-03-22T04:00:00Z,16.67,16.9,16.63,16.79,1837714,6892,16.7944
2016-03-23T04:00:00Z,16.56,16.57,16.34,16.35,3479937,13474,16.4309
2016-03-24T04:00:00Z,16.09,16.26,16.055,16.24,1729942,7242,16.1812
2016-03-28T04:00:00Z,16.27,16.38,16.2101,16.3,1224858,4742,16.3096
2016-03-29T04:00:00Z,16.08,16.33,15.98,16.32,1444906,5938,16.1796
2016-03-30T04:00:00Z,16.33,16.45,16.31,16.34,1371839,5753,16.3723
2016-03-31T04:00:00Z,16.06,16.19,16.01,16.02,3054070,10120,16.1052
2016-04-01T04:00:00Z,15.71,15.83,15.68,15.81,3372116,11812,15.7586
2016-04-04T04:00:00Z,15.58,15.66,15.51,15.54,2790113,10011,15.5668
2016-04-05T04:00:00Z,15.14,15.2,14.97,14.99,2832411,10252,15.0587
2016-04-06T04:00:00Z,14.99,15.27,14.99,15.25,2834048,9742,15.1804
2016-04-07T04:00:00Z,15.14,15.2,14.88,14.95,3371798,12527,15.013
2016-04-08T04:00:00Z,15.33,15.34,15.14,15.17,7292084,16424,15.2369
2016-04-11T04:00:00Z,15.41,15.46,15.21,15.22,3391998,13892,15.2865
2016-04-12T04:00:00Z,15.29,15.48,15.07,15.44,2674697,9764,15.3669
2016-04-13T04:00:00Z,15.89,15.985,15.7999,15.97,3811818,13591,15.9098
2016-04-14T04:00:00Z,16.05,16.13,15.9,16.1,3732500,11945,16.0505
2016-04-15T04:00:00Z,15.99,16.06,15.95,15.97,1947061,6429,15.9935
2016-04-18T04:00:00Z,16.01,16.22,16,16.18,2213775,7539,16.1589
2016-04-19T04:00:00Z,16.4,16.55,16.39,16.52,2859456,9700,16.4856
2016-04-20T04:00:00Z,16.66,16.8,16.61,16.75,2342914,8892,16.7366
2016-04-21T04:00:00Z,16.69,16.7003,16.41,16.47,2553044,9325,16.5253
2016-04-22T04:00:00Z,16.48,16.65,16.47,16.61,1573865,6708,16.5914
2016-04-25T04:00:00Z,16.61,16.67,16.54,16.64,2099583,7355,16.6071
2016-04-26T04:00:00Z,17.07,17.09,16.965,17.02,2586831,8841,17.0253
2016-04-27T04:00:00Z,16.97,17.16,16.97,17.12,1974365,8115,17.0918
2016-04-28T04:00:00Z,17.09,17.38,17.07,17.16,2925258,11414,17.2294
2016-04-29T04:00:00Z,17.29,17.34,17.16,17.27,4543218,17107,17.2577
2016-05-02T04:00:00Z,17.25,17.36,17.175,17.23,2701126,10485,17.26
2016-05-03T04:00:00Z,16.16,16.16,15.88,15.91,4872888,15720,15.9839
2016-05-04T04:00:00Z,15.72,15.86,15.63,15.69,4054060,14849,15.7221
2016-05-05T04:00:00Z,15.7,15.715,15.55,15.6,3041672,15177,15.6191
2016-05-06T04:00:00Z,15.46,15.65,15.44,15.6,1682658,7292,15.5729
2016-05-09T04:00:00Z,15.65,15.75,15.62,15.68,2417710,8464,15.6979
2016-05-10T04:00:00Z,15.9,16.02,15.88,15.99,2237980,7758,15.9748
2016-05-11T04:00:00Z,15.75,15.98,15.74,15.82,2383672,9582,15.8504
2016-05-12T04:00:00Z,15.18,15.23,14.95,15.01,2653389,9963,15.0378
2016-05-13T04:00:00Z,14.95,15.07,14.71,14.72,2137201,8107,14.8519
2016-05-16T04:00:00Z,14.64,14.73,14.56,14.64,3919474,15893,14.6393
2016-05-17T04:00:00Z,14.41,14.61,14.34,14.43,5222869,16151,14.4899
2016-05-18T04:00:00Z,14.44,14.7485,14.42,14.7,3719043,15067,14.6381
2016-05-19T04:00:00Z,14.8,14.9,14.66,14.76,2889258,11004,14.7448
2016-05-20T04:00:00Z,14.82,14.89,14.8,14.83,1466772,5179,14.8371
2016-05-23T04:00:00Z,14.82,14.92,14.79,14.85,1943024,6773,14.8619
2016-05-24T04:00:00Z,14.96,15.12,14.94,15.06,2342580,8017,15.0447
2016-05-25T04:00:00Z,15.31,15.4411,15.31,15.41,1505513,6657,15.3945
2016-05-26T04:00:00Z,15.58,15.6,15.48,15.49,1618732,6135,15.5282
2016-05-27T04:00:00Z,15.47,15.53,15.41,15.44,1265893,4677,15.4489
2016-05-31T04:00:00Z,15.41,15.52,15.32,15.39,2156000,7910,15.4001
2016-06-01T04:00:00Z,15.29,15.36,15.19,15.34,1981325,8325,15.2942
2016-06-02T04:00:00Z,15.09,15.16,15.045,15.13,2072374,7423,15.1073
2016-06-03T04:00:00Z,14.84,14.85,14.63,14.8,2410359,8941,14.7563
2016-06-06T04:00:00Z,14.76,14.96,14.76,14.91,1618214,6316,14.8953
2016-06-07T04:00:00Z,15.07,15.175,15.06,15.08,1496957,5483,15.109
2016-06-08T04:00:00Z,15.22,15.27,15.09,15.12,1278250,5510,15.1538
2016-06-09T04:00:00Z,14.81,14.82,14.705,14.75,1965863,7587,14.7582
2016-06-10T04:00:00Z,14.47,14.48,14.28,14.33,2530508,8985,14.3666
2016-06-13T04:00:00Z,13.99,14.22,13.93,13.97,2207023,8751,14.0268
2016-06-14T04:00:00Z,13.98,14.05,13.68,13.79,3026901,11727,13.8336
2016-06-15T04:00:00Z,13.98,14.15,13.89,13.95,2750487,12979,14.0124
2016-06-16T04:00:00Z,13.83,14.16,13.71,14.11,2637995,9779,13.9599
2016-06-17T04:00:00Z,14.45,14.74,14.43,14.71,3362301,9925,14.598
2016-06-20T04:00:00Z,15.21,15.26,15.05,15.06,1928243,9152,15.1596
2016-06-21T04:00:00Z,15.44,15.5,15.36,15.44,2771101,10731,15.4357
2016-06-22T04:00:00Z,15.64,15.78,15.47,15.49,4836300,12300,15.6043
2016-06-23T04:00:00Z,15.92,16.1,15.85,16.1,2211421,7984,15.9674
2016-06-24T04:00:00Z,14.08,14.285,13.9201,13.95,7211694,21498,14.0951
2016-06-27T04:00:00Z,13.07,13.07,12.61,12.81,8259868,23120,12.8107
2016-06-28T04:00:00Z,12.73,12.8,12.45,12.68,7344861,26614,12.6315
2016-06-29T04:00:00Z,12.82,13.06,12.765,13.04,4792859,17180,12.9465
2016-06-30T04:00:00Z,12.94,12.98,12.79,12.96,8037686,22436,12.8981
2016-07-01T04:00:00Z,13.17,13.25,13.11,13.17,2498844,9608,13.182
2016-07-05T04:00:00Z,12.57,12.6,12.3,12.36,3348958,9727,12.4415
2016-07-06T04:00:00Z,12,12.41,11.93,12.4,4501128,14053,12.1883
2016-07-07T04:00:00Z,12.3,12.45,12.14,12.23,3004273,9147,12.2975
2016-07-08T04:00:00Z,12.34,12.36,12.15,12.25,4705631,14145,12.2444
2016-07-11T04:00:00Z,12.38,12.61,12.37,12.51,3892927,14883,12.5183
2016-07-12T04:00:00Z,12.89,12.93,12.66,12.82,6401980,23527,12.8114
2016-07-13T04:00:00Z,12.84,12.935,12.789,12.92,4009901,13717,12.8809
2016-07-14T04:00:00Z,13.17,13.29,13.12,13.22,2803137,9537,13.2241
2016-07-15T04:00:00Z,13.28,13.3,13.11,13.17,2046299,6940,13.1814
2016-07-18T04:00:00Z,13.12,13.23,13.05,13.22,2555165,9264,13.1653
2016-07-19T04:00:00Z,13.04,13.15,13.01,13.03,1665945,6784,13.052
2016-07-20T04:00:00Z,13.24,13.31,13.15,13.29,1816925,5493,13.2564
2016-07-21T04:00:00Z,13.33,13.41,13.17,13.21,2046547,7541,13.2374
2016-07-22T04:00:00Z,13.39,13.4001,13.28,13.29,1576477,5457,13.3315
2016-07-25T04:00:00Z,13.56,13.61,13.41,13.47,1808913,6787,13.4895
2016-07-26T04:00:00Z,13.51,13.6,13.4,13.5,1688913,6808,13.498
2016-07-27T04:00:00Z,13.73,13.75,13.5801,13.66,2239903,8654,13.6667
2016-07-28T04:00:00Z,13.65,13.665,13.5,13.56,3073681,10273,13.5737
2016-07-29T04:00:00Z,14.03,14.04,13.74,13.78,2370358,10221,13.8415
2016-08-01T04:00:00Z,13.7,13.74,13.49,13.49,3039704,15784,13.5715
2016-08-02T04:00:00Z,13.04,13.05,12.93,12.97,3416839,11375,12.9856
2016-08-03T04:00:00Z,13.02,13.12,12.95,13.12,2740380,9536,13.0509
2016-08-04T04:00:00Z,13.17,13.26,13.12,13.23,1355097,5414,13.203
2016-08-05T04:00:00Z,13.32,13.52,13.31,13.46,2454014,9289,13.4489
2016-08-08T04:00:00Z,13.62,13.65,13.52,13.55,2281281,8470,13.5671
2016-08-09T04:00:00Z,13.54,13.67,13.52,13.66,1261715,5183,13.6259
2016-08-10T04:00:00Z,13.75,13.765,13.67,13.69,1546279,6889,13.7143
2016-08-11T04:00:00Z,13.74,13.85,13.72,13.78,1207489,5163,13.7875
2016-08-12T04:00:00Z,13.89,13.905,13.8,13.86,1297405,4764,13.8582
2016-08-15T04:00:00Z,13.85,13.87,13.76,13.81,1387200,5620,13.8077
2016-08-16T04:00:00Z,13.82,13.87,13.72,13.72,1631567,6375,13.7844
2016-08-17T04:00:00Z,13.61,13.78,13.5403,13.71,1319067,5311,13.6538
2016-08-18T04:00:00Z,13.56,13.665,13.541,13.66,1460920,5271,13.6157
2016-08-19T04:00:00Z,13.45,13.47,13.38,13.46,1373136,4893,13.4314
2016-08-22T04:00:00Z,13.4,13.52,13.34,13.49,1600935,5928,13.444
2016-08-23T04:00:00Z,13.75,13.94,13.75,13.84,1940059,6636,13.8659
2016-08-24T04:00:00Z,14.19,14.25,14.08,14.09,2268502,6763,14.158
2016-08-25T04:00:00Z,14.05,14.14,14.03,14.05,1269720,4895,14.0774
2016-08-26T04:00:00Z,14.11,14.265,13.91,14.03,1746127,6819,14.09
2016-08-29T04:00:00Z,14.03,14.15,14.03,14.1,1046579,4713,14.0889
2016-08-30T04:00:00Z,14.19,14.3,14.18,14.28,1612912,6405,14.2515
2016-08-31T04:00:00Z,14.48,14.55,14.34,14.45,2210554,8865,14.4445
2016-09-01T04:00:00Z,14.56,14.6,14.301,14.46,1942461,7087,14.4409
2016-09-02T04:00:00Z,14.58,14.75,14.52,14.71,1763711,6187,14.6591
2016-09-06T04:00:00Z,14.66,14.68,14.47,14.54,2083505,7559,14.5633
2016-09-07T04:00:00Z,14.6,14.67,14.54,14.58,1774088,8061,14.6006
2016-09-08T04:00:00Z,14.56,14.71,14.5,14.68,1455256,5502,14.6399
2016-09-09T04:00:00Z,14.79,14.88,14.66,14.68,1840196,6598,14.7791
2016-09-12T04:00:00Z,14.44,14.7188,14.3602,14.67,1995656,7653,14.5396
2016-09-13T04:00:00Z,14.49,14.53,14.3,14.35,1943419,8188,14.4038
2016-09-14T04:00:00Z,14.16,14.24,14.095,14.17,1839617,6329,14.1823
2016-09-15T04:00:00Z,14.1,14.31,14.06,14.26,1808927,6199,14.1753
2016-09-16T04:00:00Z,13.8,13.83,13.72,13.77,1848653,5885,13.7801
2016-09-19T04:00:00Z,13.76,13.8,13.565,13.63,2238611,8038,13.6921
2016-09-20T04:00:00Z,13.59,13.61,13.51,13.51,1277802,5357,13.5572
2016-09-21T04:00:00Z,13.71,13.85,13.655,13.83,2004511,8457,13.7638
2016-09-22T04:00:00Z,14.01,14.06,13.89,13.97,1692403,6960,13.9759
2016-09-23T04:00:00Z,13.81,13.89,13.78,13.81,1209527,4805,13.8199
2016-09-26T04:00:00Z,13.48,13.5653,13.405,13.45,2254328,9337,13.478
2016-09-27T04:00:00Z,13.21,13.435,13.18,13.43,2425981,7549,13.3419
2016-09-28T04:00:00Z,13.5,13.59,13.39,13.57,1368519,5511,13.5079
2016-09-29T04:00:00Z,13.39,13.57,12.861,13.06,4800899,16787,13.1939
2016-09-30T04:00:00Z,13.37,13.71,13.355,13.62,3459362,10285,13.5579
2016-10-03T04:00:00Z,13.65,13.66,13.44,13.52,2232147,11999,13.543
2016-10-04T04:00:00Z,13.71,13.86,13.665,13.83,3218089,11782,13.7673
2016-10-05T04:00:00Z,14.02,14.14,13.9801,14.1,1967558,6944,14.0754
2016-10-06T04:00:00Z,14.1,14.12,13.92,13.93,2087116,8367,13.9806
2016-10-07T04:00:00Z,13.96,13.96,13.775,13.91,1543217,8775,13.8828
2016-10-10T04:00:00Z,13.78,13.995,13.77,13.93,2245967,7770,13.9107
2016-10-11T04:00:00Z,13.92,13.94,13.7,13.77,1353718,6867,13.8138
2016-10-12T04:00:00Z,13.73,13.8,13.66,13.68,1068011,4360,13.7039
2016-10-13T04:00:00Z,13.28,13.42,13.21,13.35,1483901,5500,13.2993
2016-10-14T04:00:00Z,13.49,13.58,13.355,13.42,1789994,6297,13.4801
2016-10-17T04:00:00Z,13.38,13.395,13.28,13.35,2371047,8071,13.3395
2016-10-18T04:00:00Z,13.44,13.5476,13.37,13.51,1535932,5941,13.4778
2016-10-19T04:00:00Z,13.58,13.75,13.55,13.71,2078104,7832,13.6799
2016-10-20T04:00:00Z,13.59,13.72,13.53,13.64,2197910,6993,13.6399
2016-10-21T04:00:00Z,13.56,13.69,13.54,13.67,1152942,4824,13.6283
2016-10-24T04:00:00Z,13.87,13.92,13.8,13.85,1301509,4826,13.8496
2016-10-25T04:00:00Z,13.77,13.82,13.74,13.8,1223803,5045,13.7754
2016-10-26T04:00:00Z,13.72,13.82,13.71,13.77,1073106,4440,13.7723
2016-10-27T04:00:00Z,13.92,14.1,13.9,13.98,1654979,6920,14.0087
2016-10-28T04:00:00Z,14.29,14.47,14.23,14.36,3565109,14882,14.3519
2016-10-31T04:00:00Z,14.2,14.235,14.055,14.07,2011742,8549,14.1237
2016-11-01T04:00:00Z,14.27,14.29,13.92,13.99,2738721,10622,14.0503
2016-11-02T04:00:00Z,13.83,13.9,13.73,13.77,2245198,8048,13.8073
2016-11-03T04:00:00Z,13.8,13.83,13.54,13.58,1585031,6328,13.6963
2016-11-04T04:00:00Z,13.46,13.6,13.38,13.51,2851097,10667,13.5062
2016-11-07T05:00:00Z,14.09,14.17,13.991,14.15,3388423,11760,14.09
2016-11-08T05:00:00Z,14.07,14.24,13.99,14.15,2013235,7492,14.1333
2016-11-09T05:00:00Z,14.06,14.515,14.03,14.44,3577677,13283,14.2774
2016-11-10T05:00:00Z,15.57,15.73,15.24,15.7,6748427,22541,15.5772
2016-11-11T05:00:00Z,15.62,15.83,15.565,15.81,2995355,11043,15.6871
2016-11-14T05:00:00Z,15.93,16.37,15.93,16.35,5115009,14881,16.1872
2016-11-15T05:00:00Z,15.98,16.335,15.91,16.33,2266229,7939,16.1233
2016-11-16T05:00:00Z,16,16.025,15.85,15.9,2007103,7333,15.9382
2016-11-17T05:00:00Z,15.99,16.05,15.925,15.99,1831338,7129,15.9829
2016-11-18T05:00:00Z,15.95,15.965,15.85,15.89,1783199,7263,15.913
2016-11-21T05:00:00Z,15.75,15.77,15.635,15.75,1575721,6192,15.7252
2016-11-22T05:00:00Z,15.73,15.8,15.6502,15.78,1255848,4908,15.7369
2016-11-23T05:00:00Z,15.49,15.665,15.43,15.62,1750849,6899,15.5674
2016-11-25T05:00:00Z,15.74,15.8,15.7,15.77,696106,2812,15.7488
2016-11-28T05:00:00Z,15.6,15.64,15.35,15.35,1659024,6451,15.4667
2016-11-29T05:00:00Z,15.5,15.62,15.45,15.51,1715392,7390,15.5252
2016-11-30T05:00:00Z,15.63,15.95,15.62,15.85,2146909,8293,15.8274
2016-12-01T05:00:00Z,15.84,16.09,15.78,15.96,2371724,8996,15.9153
2016-12-02T05:00:00Z,15.72,15.805,15.61,15.66,2248101,8196,15.6823
2016-12-05T05:00:00Z,15.75,16.14,15.75,16.13,4845695,12387,15.9972
2016-12-06T05:00:00Z,16.47,17.03,16.45,17.03,6124765,16723,16.7694
2016-12-07T05:00:00Z,16.93,17.4411,16.93,17.37,4365945,15791,17.2368
2016-12-08T05:00:00Z,17.27,17.38,17.16,17.3,3857462,13585,17.2849
2016-12-09T05:00:00Z,16.78,16.81,16.68,16.78,2842927,9671,16.745
2016-12-12T05:00:00Z,16.73,16.78,16.47,16.54,1982352,7917,16.6044
2016-12-13T05:00:00Z,16.62,16.905,16.56,16.77,2907292,11895,16.7326
2016-12-14T05:00:00Z,16.39,16.62,16.31,16.36,3459209,14275,16.4396
2016-12-15T05:00:00Z,16.14,16.335,16.11,16.21,3273787,12355,16.2113
2016-12-16T05:00:00Z,16.11,16.16,16.01,16.03,2397908,8749,16.093
2016-12-19T05:00:00Z,16.04,16.14,15.99,16.07,1987927,7830,16.0654
2016-12-20T05:00:00Z,16.02,16.18,15.98,16.17,3343806,10871,16.0779
2016-12-21T05:00:00Z,16.09,16.11,16,16.03,1894677,7728,16.0454
2016-12-22T05:00:00Z,15.96,15.97,15.86,15.89,1531851,5514,15.9234
2016-12-23T05:00:00Z,15.65,15.77,15.63,15.73,2330035,6009,15.7021
2016-12-27T05:00:00Z,15.75,15.82,15.73,15.8,1170019,5903,15.7755
2016-12-28T05:00:00Z,15.66,15.74,15.56,15.56,1733071,6269,15.6325
2016-12-29T05:00:00Z,15.68,15.7,15.48,15.48,1961032,7461,15.5537
2016-12-30T05:00:00Z,15.6,15.8,15.57,15.67,1634058,5583,15.6777
2017-01-03T05:00:00Z,16.22,16.36,16.155,16.34,2990872,10959,16.2555
2017-01-04T05:00:00Z,16.73,16.88,16.58,16.87,2874637,10787,16.7421
2017-01-05T05:00:00Z,16.82,16.895,16.67,16.8,1706953,7404,16.7897
2017-01-06T05:00:00Z,16.63,16.87,16.575,16.78,2173872,9774,16.7495
2017-01-09T05:00:00Z,16.48,16.555,16.385,16.46,2004497,7767,16.4676
2017-01-10T05:00:00Z,16.37,16.58,16.36,16.47,2323465,8863,16.4786
2017-01-11T05:00:00Z,16.35,16.775,16.325,16.77,2579850,11255,16.545
2017-01-12T05:00:00Z,16.66,16.72,16.52,16.67,3082741,10901,16.6365
2017-01-13T05:00:00Z,17.09,17.195,17,17.06,3411524,12596,17.1016
2017-01-17T05:00:00Z,17.03,17.055,16.71,16.74,2595668,10464,16.8589
2017-01-18T05:00:00Z,16.51,16.53,16.3815,16.5,2012719,7365,16.4719
2017-01-19T05:00:00Z,16.7,16.72,16.5531,16.67,2240421,9472,16.64
2017-01-20T05:00:00Z,16.49,16.64,16.485,16.63,1595497,7515,16.5723
2017-01-23T05:00:00Z,16.44,16.6,16.3838,16.58,1559222,7257,16.5131
2017-01-24T05:00:00Z,16.73,16.94,16.73,16.85,1654048,6743,16.8426
2017-01-25T05:00:00Z,17.06,17.26,17.04,17.25,2784077,10922,17.1745
2017-01-26T05:00:00Z,17.12,17.235,16.875,16.91,2310454,10598,17.0136
2017-01-27T05:00:00Z,16.48,16.49,16.13,16.3,4242385,15952,16.2808
2017-01-30T05:00:00Z,16.34,16.35,16.16,16.28,2754045,11722,16.2418
2017-01-31T05:00:00Z,16.31,16.33,16.04,16.11,2054698,8464,16.1555
2017-02-01T05:00:00Z,16.01,16.1,15.94,16.05,2921629,11789,16.0338
2017-02-02T05:00:00Z,15.96,15.97,15.8,15.85,1934491,7608,15.8716
2017-02-03T05:00:00Z,16.07,16.21,16.05,16.16,2708213,9192,16.1414
2017-02-06T05:00:00Z,15.91,15.98,15.87,15.91,1982328,8002,15.9357
2017-02-07T05:00:00Z,15.96,16.05,15.81,15.87,1754606,7609,15.8989
2017-02-08T05:00:00Z,15.75,15.925,15.62,15.88,2196807,9826,15.8084
2017-02-09T05:00:00Z,15.9,16.015,15.86,15.98,1474816,6187,15.9456
2017-02-10T05:00:00Z,15.83,15.94,15.8,15.9,1697088,6999,15.8731
2017-02-13T05:00:00Z,15.77,15.89,15.76,15.84,2587415,9606,15.8313
2017-02-14T05:00:00Z,15.74,15.91,15.71,15.88,3474459,11927,15.827
2017-02-15T05:00:00Z,15.97,16.07,15.97,16.04,1951881,7594,16.0231
2017-02-16T05:00:00Z,15.97,16,15.8801,15.98,2059656,8414,15.9522
2017-02-17T05:00:00Z,15.69,15.86,15.69,15.85,2036965,7842,15.786
2017-02-21T05:00:00Z,15.85,15.91,15.77,15.84,1486587,6225,15.8389
2017-02-22T05:00:00Z,15.47,15.58,15.445,15.55,2353520,8460,15.5223
2017-02-23T05:00:00Z,15.64,15.65,15.46,15.51,2182969,9779,15.5369
2017-02-24T05:00:00Z,15.27,15.36,15.24,15.32,1829547,6701,15.3025
2017-02-27T05:00:00Z,15.31,15.41,15.31,15.38,1438103,6410,15.365
2017-02-28T05:00:00Z,15.3,15.43,15.3,15.37,1368762,5874,15.3715
2017-03-01T05:00:00Z,15.9,16.11,15.9,16.05,2264745,8660,16.0428
2017-03-02T05:00:00Z,15.99,15.9999,15.8,15.81,1959047,7563,15.9079
2017-03-03T05:00:00Z,16.11,16.18,15.99,16,5318762,15636,16.0548
2017-03-06T05:00:00Z,15.91,15.91,15.76,15.8,2947760,10570,15.829
2017-03-07T05:00:00Z,15.62,15.73,15.58,15.67,2779851,10554,15.6556
2017-03-08T05:00:00Z,15.88,15.9,15.55,15.57,3268016,11873,15.7039
2017-03-09T05:00:00Z,15.92,16,15.8,15.88,3016962,10449,15.8994
2017-03-10T05:00:00Z,15.92,16.06,15.88,16.02,2888403,10470,15.9789
2017-03-13T04:00:00Z,16.01,16.07,15.92,15.93,2167619,9031,15.9927
2017-03-14T04:00:00Z,15.85,15.9,15.7999,15.84,1592003,6556,15.8442
2017-03-15T04:00:00Z,16.1,16.13,15.9,15.94,3399992,11967,16.0393
2017-03-16T04:00:00Z,16.16,16.28,16.13,16.26,2177495,8464,16.2213
2017-03-17T04:00:00Z,16.22,16.23,16.04,16.04,2216242,9371,16.1133
2017-03-20T04:00:00Z,15.84,15.945,15.79,15.79,1627892,6900,15.8605
2017-03-21T04:00:00Z,16.21,16.23,15.68,15.69,3241285,12556,15.9393
2017-03-22T04:00:00Z,15.55,15.78,15.52,15.66,2463888,9306,15.647
2017-03-23T04:00:00Z,15.6,15.74,15.555,15.6,1763001,7353,15.6322
2017-03-24T04:00:00Z,15.6,15.7271,15.53,15.63,1437640,6676,15.6373
2017-03-27T04:00:00Z,15.51,15.81,15.48,15.79,2257984,8862,15.6779
2017-03-28T04:00:00Z,15.74,15.94,15.7233,15.89,2696072,10852,15.8583
2017-03-29T04:00:00Z,15.84,15.92,15.775,15.85,1654632,6223,15.8415
2017-03-30T04:00:00Z,15.93,16.065,15.89,15.96,2131829,7658,15.9727
2017-03-31T04:00:00Z,16,16.07,15.95,15.95,1636797,6862,15.9956
2017-04-03T04:00:00Z,15.89,15.95,15.67,15.8,2029956,8887,15.7867
2017-04-04T04:00:00Z,15.68,15.77,15.63,15.71,1236765,5027,15.7017
2017-04-05T04:00:00Z,15.68,15.73,15.47,15.49,2740537,10831,15.6121
2017-04-06T04:00:00Z,15.55,15.66,15.4601,15.58,1764226,7136,15.5758
2017-04-07T04:00:00Z,15.5,15.65,15.5,15.55,1546236,5871,15.5576
2017-04-10T04:00:00Z,15.66,15.7,15.59,15.65,1445297,6760,15.6653
2017-04-11T04:00:00Z,15.6,15.685,15.48,15.65,1750106,7103,15.5942
2017-04-12T04:00:00Z,15.48,15.5,15.38,15.39,2145224,7837,15.437
2017-04-13T04:00:00Z,15.29,15.4,15.19,15.19,2326705,8701,15.2917
2017-04-17T04:00:00Z,15.23,15.45,15.21,15.44,1561676,6515,15.3585
2017-04-18T04:00:00Z,15.25,15.27,15.1,15.2,2646815,9707,15.1994
2017-04-19T04:00:00Z,15.46,15.505,15.31,15.33,2161862,7749,15.4048
2017-04-20T04:00:00Z,15.49,15.61,15.49,15.57,1802235,7385,15.5638
2017-04-21T04:00:00Z,15.64,15.705,15.53,15.56,2070884,7341,15.5964
2017-04-24T04:00:00Z,16.35,16.51,16.28,16.47,4445785,15407,16.4236
2017-04-25T04:00:00Z,16.56,16.76,16.54,16.62,2765979,12181,16.6454
2017-04-26T04:00:00Z,16.69,16.86,16.68,16.74,2439485,10505,16.7807
2017-04-27T04:00:00Z,16.84,16.85,16.67,16.73,2376975,10629,16.7403
2017-04-28T04:00:00Z,17.22,17.24,16.985,17.01,3582574,13904,17.0929
2017-05-01T04:00:00Z,17,17.26,16.89,17.13,3821443,16865,17.1426
2017-05-02T04:00:00Z,17.19,17.3,17.16,17.29,1999036,8409,17.2409
2017-05-03T04:00:00Z,17.34,17.485,17.325,17.4,2386240,9744,17.3995
2017-05-04T04:00:00Z,17.47,17.64,17.45,17.61,3291846,13155,17.5419
2017-05-05T04:00:00Z,17.62,17.71,17.52,17.65,4339133,13631,17.6313
2017-05-08T04:00:00Z,16.87,17.06,16.83,17.05,2881479,11602,16.9726
2017-05-09T04:00:00Z,16.92,16.98,16.75,16.79,3667032,12942,16.8772
2017-05-10T04:00:00Z,16.88,16.97,16.87,16.93,3063612,15632,16.9207
2017-05-11T04:00:00Z,16.79,16.81,16.661,16.7,2167164,8298,16.7308
2017-05-12T04:00:00Z,16.78,16.81,16.701,16.77,1638924,6563,16.7569
2017-05-15T04:00:00Z,16.77,16.9369,16.24,16.28,8597399,28496,16.5151
2017-05-16T04:00:00Z,16.45,16.51,16.4,16.5,3496994,14092,16.4669
2017-05-17T04:00:00Z,16.22,16.265,16.06,16.1,3046457,11702,16.17
2017-05-18T04:00:00Z,15.96,16.15,15.925,16.07,5065279,17824,16.0625
2017-05-19T04:00:00Z,16.31,16.48,16.28,16.37,2386435,8785,16.3774
2017-05-22T04:00:00Z,16.48,16.525,16.345,16.46,2483281,9384,16.4606
2017-05-23T04:00:00Z,16.41,16.57,16.3,16.48,2296559,8490,16.4677
2017-05-24T04:00:00Z,16.27,16.33,16.19,16.24,1940546,8747,16.2442
2017-05-25T04:00:00Z,16.28,16.345,16.165,16.22,1162140,5766,16.244
2017-05-26T04:00:00Z,16.17,16.28,16.15,16.22,1809668,9949,16.2186
2017-05-30T04:00:00Z,16.03,16.105,16,16,1685024,6246,16.0408
2017-05-31T04:00:00Z,16.07,16.07,15.86,15.89,2196634,8824,15.9299
2017-06-01T04:00:00Z,16.01,16.12,15.97,16.1,2200330,8910,16.0508
2017-06-02T04:00:00Z,15.99,16.13,15.9201,16.07,2348382,7849,16.0498
2017-06-05T04:00:00Z,16,16.06,15.925,15.95,1424105,6373,15.978
2017-06-06T04:00:00Z,15.97,16.04,15.9127,15.98,1724092,7135,15.9636
2017-06-07T04:00:00Z,16.1,16.18,16.02,16.07,1786684,6499,16.0782
2017-06-08T04:00:00Z,15.79,15.9,15.77,15.86,2666229,9723,15.8443
2017-06-09T04:00:00Z,15.83,16.06,15.79,16.04,3541619,12553,15.9702
2017-06-12T04:00:00Z,15.97,16.03,15.85,15.96,2406093,9475,15.9365
2017-06-13T04:00:00Z,16.23,16.35,16.22,16.32,3024764,10631,16.296
2017-06-14T04:00:00Z,16.26,16.26,16.02,16.18,3203197,11025,16.1356
2017-06-15T04:00:00Z,15.93,16.05,15.92,16,2631243,9057,15.996
2017-06-16T04:00:00Z,16.13,16.24,16.051,16.23,2802013,9036,16.1657
2017-06-19T04:00:00Z,16.26,16.34,16.23,16.29,1581190,5753,16.2881
2017-06-20T04:00:00Z,16.23,16.245,15.99,16.02,1508404,6483,16.0781
2017-06-21T04:00:00Z,16.06,16.17,15.985,16.13,2537598,8752,16.1149
2017-06-22T04:00:00Z,16.1,16.21,16.055,16.14,2963363,12581,16.1392
2017-06-23T04:00:00Z,16.09,16.155,16.01,16.06,1603666,6642,16.0769
2017-06-26T04:00:00Z,16.23,16.3,16.17,16.24,2023561,7805,16.2421
2017-06-27T04:00:00Z,16.53,16.675,16.51,16.59,3091747,11364,16.6005
2017-06-28T04:00:00Z,16.8,17.08,16.78,17.05,2974387,10851,16.9593
2017-06-29T04:00:00Z,17.28,17.3,16.99,17.11,3135820,10916,17.1395
2017-06-30T04:00:00Z,17.18,17.18,16.905,16.98,1854113,7413,16.9999
2017-07-03T04:00:00Z,17.4,17.48,17.32,17.32,1633301,5897,17.4031
2017-07-05T04:00:00Z,17.24,17.39,17.1401,17.36,2261770,8574,17.2931
2017-07-06T04:00:00Z,17.25,17.42,17.19,17.31,2027533,8098,17.3174
2017-07-07T04:00:00Z,17.41,17.57,17.37,17.55,2220984,9242,17.4861
2017-07-10T04:00:00Z,17.46,17.61,17.44,17.56,1345577,6153,17.5417
2017-07-11T04:00:00Z,17.54,17.57,17.39,17.51,1378898,6136,17.4783
2017-07-12T04:00:00Z,17.46,17.49,17.35,17.46,1438035,5927,17.437
2017-07-13T04:00:00Z,17.5,17.54,17.425,17.51,1334466,5478,17.4815
2017-07-14T04:00:00Z,17.39,17.6,17.35,17.56,1355103,6677,17.5005
2017-07-17T04:00:00Z,17.47,17.545,17.46,17.49,1173704,4508,17.497
2017-07-18T04:00:00Z,17.6,17.65,17.5233,17.65,1500998,6309,17.5997
2017-07-19T04:00:00Z,17.72,17.84,17.7,17.77,1555202,6398,17.768
2017-07-20T04:00:00Z,17.82,17.89,17.7816,17.8,1654226,7275,17.8353
2017-07-21T04:00:00Z,17.67,17.695,17.555,17.66,1210201,5357,17.6378
2017-07-24T04:00:00Z,17.97,18.08,17.8818,18.06,1926896,7334,18.0042
2017-07-25T04:00:00Z,18.27,18.31,18.15,18.18,2156030,9484,18.2081
2017-07-26T04:00:00Z,18.13,18.21,18.0208,18.11,2020364,8908,18.1155
2017-07-27T04:00:00Z,18.04,18.07,17.92,17.98,1765088,7406,18.0008
2017-07-28T04:00:00Z,17.37,17.57,17.29,17.52,2526967,9118,17.4412
2017-07-31T04:00:00Z,17.4,17.46,17.28,17.43,2016145,7476,17.3986
2017-08-01T04:00:00Z,17.53,17.66,17.53,17.58,1006212,5553,17.6101
2017-08-02T04:00:00Z,17.43,17.53,17.405,17.49,1021074,4535,17.4703
2017-08-03T04:00:00Z,17.43,17.53,17.4,17.46,1060217,4941,17.4748
2017-08-04T04:00:00Z,17.5,17.605,17.46,17.53,1485472,6147,17.5339
2017-08-07T04:00:00Z,17.35,17.509,17.315,17.48,1385758,5459,17.4153
2017-08-08T04:00:00Z,17.38,17.41,17.19,17.23,1807036,7017,17.3134
2017-08-09T04:00:00Z,17.17,17.32,17.13,17.31,1340993,4997,17.2423
2017-08-10T04:00:00Z,17.28,17.3,17.04,17.05,1576827,6468,17.154
2017-08-11T04:00:00Z,17.06,17.12,16.99,17.05,1221115,5390,17.0452
2017-08-14T04:00:00Z,17.11,17.185,17.109,17.12,1417507,5468,17.1331
2017-08-15T04:00:00Z,17.16,17.18,17.06,17.1,960486,3863,17.1078
2017-08-16T04:00:00Z,17.14,17.16,17.03,17.08,1048038,4556,17.0884
2017-08-17T04:00:00Z,16.92,16.9799,16.74,16.75,1257453,5243,16.8568
2017-08-18T04:00:00Z,16.8,16.9,16.78,16.83,1721282,6521,16.8406
2017-08-21T04:00:00Z,16.69,16.78,16.66,16.76,1142401,5398,16.7258
2017-08-22T04:00:00Z,16.62,16.75,16.62,16.75,1349774,4944,16.6995
2017-08-23T04:00:00Z,16.55,16.7,16.52,16.65,1687186,6626,16.6163
2017-08-24T04:00:00Z,16.71,16.7565,16.675,16.69,1124930,3730,16.7086
2017-08-25T04:00:00Z,16.75,16.8599,16.74,16.81,1127392,4451,16.8114
2017-08-28T04:00:00Z,16.81,16.81,16.69,16.7,1146829,5068,16.7252
2017-08-29T04:00:00Z,16.49,16.63,16.47,16.55,1428032,5960,16.5688
2017-08-30T04:00:00Z,16.56,16.57,16.47,16.51,1772220,7203,16.5159
2017-08-31T04:00:00Z,16.38,16.48,16.35,16.44,3950969,11709,16.4296
2017-09-01T04:00:00Z,16.45,16.5,16.4,16.42,2846689,10390,16.4393
2017-09-05T04:00:00Z,16.3,16.335,16.07,16.16,3149368,11774,16.2136
2017-09-06T04:00:00Z,16.24,16.36,16.23,16.31,1765859,7741,16.3048
2017-09-07T04:00:00Z,16.39,16.41,16.21,16.25,3105396,11946,16.2912
2017-09-08T04:00:00Z,16.48,16.52,16.38,16.4,1876989,7451,16.4365
2017-09-11T04:00:00Z,16.54,16.61,16.46,16.48,2482864,9414,16.5196
2017-09-12T04:00:00Z,16.74,16.811,16.69,16.71,3708021,12196,16.7532
2017-09-13T04:00:00Z,16.74,16.79,16.61,16.66,2135916,7700,16.6989
2017-09-14T04:00:00Z,16.67,16.7057,16.6,16.63,1940632,7564,16.6403
2017-09-15T04:00:00Z,16.7,16.725,16.65,16.7,1343361,6340,16.6905
2017-09-18T04:00:00Z,16.78,16.85,16.77,16.81,1155679,4757,16.809
2017-09-19T04:00:00Z,16.91,17,16.91,16.94,1048523,4209,16.9578
2017-09-20T04:00:00Z,16.91,16.92,16.81,16.89,1451416,6435,16.8651
2017-09-21T04:00:00Z,16.95,17.015,16.93,16.96,1172104,5422,16.9765
2017-09-22T04:00:00Z,16.89,16.98,16.88,16.98,1136894,4220,16.9552
2017-09-25T04:00:00Z,16.83,16.89,16.72,16.78,1511068,6584,16.8069
2017-09-26T04:00:00Z,16.76,16.78,16.655,16.68,1037960,5034,16.7099
2017-09-27T04:00:00Z,16.94,16.97,16.82,16.93,1436117,5697,16.9152
2017-09-28T04:00:00Z,16.89,17,16.88,16.98,952193,3766,16.9477
2017-09-29T04:00:00Z,16.92,17.15,16.91,17.15,1258703,4604,17.0526
2017-10-02T04:00:00Z,17.08,17.16,17.01,17.12,1645316,6204,17.0987
2017-10-03T04:00:00Z,17.12,17.21,17.115,17.19,1474229,5209,17.1736
2017-10-04T04:00:00Z,17.07,17.13,16.94,16.95,2267922,5720,17.0169
2017-10-05T04:00:00Z,17.06,17.23,17.04,17.17,1291663,6083,17.1541
2017-10-06T04:00:00Z,17.13,17.14,17.05,17.11,1456643,6117,17.1068
2017-10-09T04:00:00Z,17.1,17.115,16.9942,17.03,954431,4523,17.0427
2017-10-10T04:00:00Z,17.1,17.25,17.085,17.21,1168727,5288,17.1715
2017-10-11T04:00:00Z,17.16,17.175,17.11,17.16,908315,4260,17.1427
2017-10-12T04:00:00Z,17.15,17.26,17.115,17.18,1629023,6049,17.1887
2017-10-13T04:00:00Z,17.32,17.4,17.26,17.28,2616033,9123,17.3163
2017-10-16T04:00:00Z,17.22,17.31,17.18,17.28,1345388,7771,17.2534
2017-10-17T04:00:00Z,17.33,17.33,17.2,17.24,1483417,6048,17.2545
2017-10-18T04:00:00Z,17.21,17.355,17.2,17.26,1562820,7046,17.2862
2017-10-19T04:00:00Z,17.19,17.36,17.19,17.31,1339522,6076,17.2945
2017-10-20T04:00:00Z,17.38,17.45,17.34,17.43,1062905,5142,17.408
2017-10-23T04:00:00Z,17.38,17.4,17.29,17.33,1453278,6441,17.3383
2017-10-24T04:00:00Z,17.35,17.475,17.33,17.41,3140582,9281,17.4104
2017-10-25T04:00:00Z,17.42,17.43,17.17,17.28,1906929,8220,17.2991
2017-10-26T04:00:00Z,17.33,17.36,17.11,17.12,1760418,7700,17.2186
2017-10-27T04:00:00Z,17.05,17.085,16.95,17.01,2067998,9348,17.0109
2017-10-30T04:00:00Z,16.96,17.04,16.89,16.92,1874059,8024,16.9471
2017-10-31T04:00:00Z,17.01,17.05,16.99,17.01,1442615,6587,17.0194
2017-11-01T04:00:00Z,16.91,16.9664,16.86,16.9,1366429,6131,16.9042
2017-11-02T04:00:00Z,17.09,17.27,17.09,17.26,2104021,7827,17.1913
2017-11-03T04:00:00Z,17.09,17.09,17.01,17.08,1226644,5291,17.0593
2017-11-06T05:00:00Z,16.89,17.06,16.86,17.05,967679,4787,16.9788
2017-11-07T05:00:00Z,17,17.08,16.855,16.9,1440006,6235,16.9349
2017-11-08T05:00:00Z,16.86,16.99,16.79,16.95,1513050,6278,16.9137
2017-11-09T05:00:00Z,16.92,16.96,16.81,16.93,2403376,9538,16.8997
2017-11-10T05:00:00Z,17.13,17.17,17.09,17.11,2722880,9125,17.1273
2017-11-13T05:00:00Z,16.92,17.05,16.89,17.01,1356476,5370,16.9895
2017-11-14T05:00:00Z,16.98,17.045,16.97,17.01,1213753,5393,17.0167
2017-11-15T05:00:00Z,16.84,17.015,16.805,16.98,1194361,4541,16.9506
2017-11-16T05:00:00Z,17.13,17.15,17.04,17.05,1125829,4167,17.0828
2017-11-17T05:00:00Z,17.02,17.2,16.99,17.15,1755387,5579,17.13
2017-11-20T05:00:00Z,17.17,17.17,17.035,17.1,1612412,6081,17.0965
2017-11-21T05:00:00Z,17.13,17.1735,17.07,17.11,1258056,5160,17.121
2017-11-22T05:00:00Z,17.21,17.3,17.15,17.2,1223791,4962,17.2262
2017-11-24T05:00:00Z,17.3,17.34,17.26,17.26,721957,3079,17.2998
2017-11-27T05:00:00Z,17.15,17.21,17.1136,17.14,1672821,6489,17.1585
2017-11-28T05:00:00Z,17.05,17.33,17.01,17.31,1934954,6862,17.1766
2017-11-29T05:00:00Z,17.26,17.36,17.16,17.28,3921785,11949,17.2836
2017-11-30T05:00:00Z,17.38,17.39,17.155,17.18,2950075,10840,17.252
2017-12-01T05:00:00Z,17.26,17.545,17.24,17.52,3530795,11971,17.4146
2017-12-04T05:00:00Z,17.47,17.49,17.36,17.36,1974512,7586,17.4132
2017-12-05T05:00:00Z,17.29,17.3,17.1,17.1,1310491,4779,17.1727
2017-12-06T05:00:00Z,17.03,17.085,16.96,16.97,1649011,6224,17.0168
2017-12-07T05:00:00Z,17.08,17.14,17.03,17.04,2695014,9195,17.07
2017-12-08T05:00:00Z,17.4,17.52,17.395,17.48,3562612,11137,17.4674
2017-12-11T05:00:00Z,17.7,17.825,17.67,17.8,2460300,9831,17.7643
2017-12-12T05:00:00Z,17.78,17.885,17.75,17.86,2482899,5821,17.8059
2017-12-13T05:00:00Z,18.02,18.07,17.89,17.89,2718013,9235,17.9854
2017-12-14T05:00:00Z,18.19,18.195,18.02,18.04,2373307,8834,18.098
2017-12-15T05:00:00Z,18.11,18.18,18.055,18.11,2153080,7776,18.1172
2017-12-18T05:00:00Z,18.29,18.47,18.29,18.37,3333211,10871,18.3998
2017-12-19T05:00:00Z,18.44,18.47,18.365,18.38,2097754,7767,18.404
2017-12-20T05:00:00Z,18.31,18.36,18.17,18.21,2131564,7848,18.2544
2017-12-21T05:00:00Z,18.31,18.47,18.3,18.4,1423500,5395,18.4103
2017-12-22T05:00:00Z,18.3,18.33,18.235,18.31,1162693,4589,18.2965
2017-12-26T05:00:00Z,18.37,18.3885,18.22,18.25,1442463,5282,18.274
2017-12-27T05:00:00Z,18.22,18.24,18.14,18.15,1005866,4353,18.1843
2017-12-28T05:00:00Z,18.36,18.405,18.34,18.37,1049164,4043,18.3645
2017-12-29T05:00:00Z,18.41,18.45,18.36,18.39,1212702,5721,18.3952
2018-01-02T05:00:00Z,18.5,18.66,18.44,18.5,1424057,6384,18.5056
2018-01-03T05:00:00Z,18.54,18.84,18.52,18.79,2821416,9881,18.7489
2018-01-04T05:00:00Z,18.95,19.02,18.915,18.95,2544017,10698,18.9693
2018-01-05T05:00:00Z,18.9,18.93,18.68,18.79,2249665,8651,18.7881
2018-01-08T05:00:00Z,18.86,18.94,18.84,18.88,2161350,7855,18.8976
2018-01-09T05:00:00Z,18.84,18.97,18.795,18.93,1870671,7611,18.908
2018-01-10T05:00:00Z,19.04,19.06,18.965,19.02,1773572,7630,19.0142
2018-01-11T05:00:00Z,19.14,19.3052,19.1148,19.3,2922776,10993,19.2378
2018-01-12T05:00:00Z,19.3,19.61,19.3,19.59,3666102,9437,19.5004
2018-01-16T05:00:00Z,19.55,19.63,19.345,19.42,2883295,10502,19.4803
2018-01-17T05:00:00Z,19.38,19.57,19.29,19.48,1904719,7272,19.4373
2018-01-18T05:00:00Z,19.72,19.9,19.71,19.85,3009776,10698,19.8107
2018-01-19T05:00:00Z,19.98,20.17,19.95,20.16,3924865,14531,20.0951
2018-01-22T05:00:00Z,19.92,20.29,19.9,20.27,4162198,15019,20.1352
2018-01-23T05:00:00Z,20.39,20.48,20.305,20.44,2433796,9328,20.407
2018-01-24T05:00:00Z,20.74,20.78,20.42,20.64,3567335,12694,20.6099
2018-01-25T05:00:00Z,20.7,20.76,20.5601,20.62,3529245,13251,20.6431
2018-01-26T05:00:00Z,20.64,20.89,20.61,20.89,3308677,11942,20.768
2018-01-29T05:00:00Z,20.71,20.74,20.46,20.53,3064323,11540,20.5685
2018-01-30T05:00:00Z,20.48,20.52,20.34,20.36,2261577,10044,20.4085
2018-01-31T05:00:00Z,20.38,20.44,20.3,20.32,2881292,8248,20.3603
2018-02-01T05:00:00Z,20.46,20.7,20.43,20.67,3051512,9959,20.6001
2018-02-02T05:00:00Z,20.48,20.525,20.1,20.14,3605900,13750,20.275
2018-02-05T05:00:00Z,19.75,19.845,19.065,19.15,5765170,21864,19.4752
2018-02-06T05:00:00Z,19.18,19.38,18.85,19.21,4276245,18008,19.1107
2018-02-07T05:00:00Z,19.04,19.3,19.01,19.15,3234259,13791,19.1885
2018-02-08T05:00:00Z,19.24,19.24,18.49,18.5,4524442,18936,18.7609
2018-02-09T05:00:00Z,18.46,18.7,18.15,18.6,3622436,17213,18.4231
2018-02-12T05:00:00Z,18.6,18.86,18.5,18.71,1946718,8688,18.6862
2018-02-13T05:00:00Z,18.53,18.67,18.5,18.62,2563912,10832,18.5858
2018-02-14T05:00:00Z,18.48,19.11,18.4599,19.1,2181089,10682,18.899
2018-02-15T05:00:00Z,19.21,19.22,19,19.19,1950954,9449,19.1349
2018-02-16T05:00:00Z,19.07,19.33,19.07,19.21,1859519,8778,19.2197
2018-02-20T05:00:00Z,19.12,19.28,19.11,19.18,2151028,10437,19.195
2018-02-21T05:00:00Z,19.25,19.4401,19.225,19.24,2218945,10083,19.3117
2018-02-22T05:00:00Z,19.35,19.41,19.17,19.22,1978955,8306,19.2714
2018-02-23T05:00:00Z,19.27,19.445,19.245,19.42,1443076,6677,19.3696
2018-02-26T05:00:00Z,19.36,19.53,19.29,19.49,2074552,8165,19.4337
2018-02-27T05:00:00Z,19.36,19.49,19.31,19.32,1368506,6424,19.3937
2018-02-28T05:00:00Z,19.32,19.32,18.97,18.97,1778601,8656,19.1365
2018-03-01T05:00:00Z,18.79,18.86,18.54,18.69,3346058,16604,18.7167
2018-03-02T05:00:00Z,18.49,18.54,18.19,18.52,3606773,15584,18.413
2018-03-05T05:00:00Z,18.17,18.465,18.14,18.38,4003592,14111,18.3386
2018-03-06T05:00:00Z,18.59,18.665,18.52,18.58,2572420,11096,18.5954
2018-03-07T05:00:00Z,18.3,18.49,18.28,18.45,2375208,9850,18.393
2018-03-08T05:00:00Z,18.44,18.48,18.32,18.41,2746908,9511,18.3906
2018-03-09T05:00:00Z,18.29,18.425,18.25,18.39,3027424,11722,18.3563
2018-03-12T04:00:00Z,18.57,18.62,18.48,18.55,1884950,7980,18.5581
2018-03-13T04:00:00Z,18.52,18.54,18.2,18.23,1752958,7434,18.3302
2018-03-14T04:00:00Z,18.41,18.43,18.17,18.2,1621950,7444,18.2579
2018-03-15T04:00:00Z,18.26,18.46,18.245,18.39,1904717,8014,18.3743
2018-03-16T04:00:00Z,18.47,18.54,18.42,18.45,1716337,7101,18.4786
2018-03-19T04:00:00Z,18.51,18.56,18.135,18.27,1775308,8863,18.2973
2018-03-20T04:00:00Z,18.33,18.44,18.26,18.35,1466297,6458,18.3627
2018-03-21T04:00:00Z,18.1,18.2499,17.99,18.12,2422112,9878,18.1171
2018-03-22T04:00:00Z,17.84,17.865,17.34,17.34,4349728,15547,17.5595
2018-03-23T04:00:00Z,17.54,17.61,17.24,17.24,4598468,17326,17.4688
2018-03-26T04:00:00Z,17.71,17.75,17.42,17.62,2604927,11164,17.6048
2018-03-27T04:00:00Z,17.72,17.77,17.37,17.47,2452678,10646,17.5879
2018-03-28T04:00:00Z,17.57,17.785,17.46,17.59,2931210,11579,17.6226
2018-03-29T04:00:00Z,17.6,17.69,17.47,17.66,1789853,7368,17.6027
2018-04-02T04:00:00Z,17.53,17.715,17.23,17.37,3570794,15872,17.423
2018-04-03T04:00:00Z,17.29,17.315,17.15,17.28,2327484,9963,17.2439
2018-04-04T04:00:00Z,16.88,17.1,16.83,17.08,4316854,16371,16.9604
2018-04-05T04:00:00Z,17.19,17.36,17.16,17.31,2799538,10690,17.2898
2018-04-06T04:00:00Z,17.27,17.35,17.015,17.09,2446098,10364,17.1577
2018-04-09T04:00:00Z,17.28,17.475,17.21,17.23,2008504,9192,17.3367
2018-04-10T04:00:00Z,17.46,17.535,17.41,17.44,2711359,11173,17.4655
2018-04-11T04:00:00Z,17.43,17.435,17.29,17.32,1432396,7440,17.3667
2018-04-12T04:00:00Z,17.43,17.59,17.4,17.53,1525636,7013,17.5035
2018-04-13T04:00:00Z,17.74,17.75,17.391,17.45,1540083,7663,17.5183
2018-04-16T04:00:00Z,17.57,17.6,17.495,17.52,1793611,8287,17.545
2018-04-17T04:00:00Z,17.53,17.6149,17.48,17.51,1504908,6346,17.5276
2018-04-18T04:00:00Z,17.6,17.62,17.42,17.44,2138476,8891,17.5067
2018-04-19T04:00:00Z,17.53,17.71,17.52,17.65,1546468,7538,17.629
2018-04-20T04:00:00Z,17.68,17.7168,17.6,17.65,1754465,8563,17.6613
2018-04-23T04:00:00Z,17.11,17.25,17.02,17.13,3839967,16068,17.1149
2018-04-24T04:00:00Z,17.065,17.09,16.83,16.88,2123562,8938,16.9654
2018-04-25T04:00:00Z,16.75,16.825,16.67,16.77,2670056,9025,16.7266
2018-04-26T04:00:00Z,16.94,16.97,16.88,16.91,2135802,9113,16.9247
2018-04-27T04:00:00Z,16.75,16.86,16.675,16.82,1329833,5846,16.7818
2018-04-30T04:00:00Z,16.83,16.94,16.8,16.8,1540728,7274,16.8697
2018-05-01T04:00:00Z,16.78,16.78,16.6,16.68,2242152,9841,16.672
2018-05-02T04:00:00Z,16.67,16.685,16.49,16.52,1695016,7562,16.6078
2018-05-03T04:00:00Z,16.53,16.58,16.32,16.52,2203978,7646,16.4561
2018-05-04T04:00:00Z,16.44,16.64,16.425,16.6,2151702,8828,16.5793
2018-05-07T04:00:00Z,15.95,16.03,15.93,15.98,1710800,7760,15.9807
2018-05-08T04:00:00Z,16.035,16.07,15.955,15.98,2643319,7450,16.0032
2018-05-09T04:00:00Z,16.06,16.28,16.05,16.22,3009645,15425,16.1712
2018-05-10T04:00:00Z,16.21,16.32,16.18,16.26,1530914,6786,16.2696
2018-05-11T04:00:00Z,16.38,16.425,16.34,16.34,1176224,5381,16.3764
2018-05-14T04:00:00Z,16.32,16.355,16.26,16.27,1373098,6245,16.3042
2018-05-15T04:00:00Z,16.16,16.3,16.13,16.2,1061611,5739,16.2093
2018-05-16T04:00:00Z,16.04,16.12,16.03,16.08,2189808,7133,16.0742
2018-05-17T04:00:00Z,16.04,16.16,16.025,16.07,1634643,6933,16.0853
2018-05-18T04:00:00Z,16.06,16.07,15.95,15.97,1395553,5484,16.001
2018-05-21T04:00:00Z,16.02,16.085,15.98,16.03,1286057,6419,16.0283
2018-05-22T04:00:00Z,16.42,16.45,16.33,16.34,1977489,7698,16.397
2018-05-23T04:00:00Z,16.23,16.27,16.045,16.15,1929245,7130,16.1279
2018-05-24T04:00:00Z,16.04,16.04,15.9,15.97,1855941,7387,15.9655
2018-05-25T04:00:00Z,15.92,15.95,15.83,15.88,1488731,5273,15.8841
2018-05-29T04:00:00Z,15.49,15.605,15.14,15.21,4262732,14398,15.2905
2018-05-30T04:00:00Z,15.33,15.4567,15.305,15.39,2296916,8708,15.379
2018-05-31T04:00:00Z,15.22,15.27,15.03,15.22,5252815,16172,15.1512
2018-06-01T04:00:00Z,15.48,15.69,15.47,15.62,3776030,14081,15.5881
2018-06-04T04:00:00Z,15.73,15.7441,15.61,15.64,1612669,6231,15.6596
2018-06-05T04:00:00Z,15.43,15.44,15.23,15.28,2664525,10342,15.3067
2018-06-06T04:00:00Z,15.3,15.51,15.255,15.48,1854666,7142,15.4015
2018-06-07T04:00:00Z,15.55,15.61,15.435,15.55,1819533,8017,15.5369
2018-06-08T04:00:00Z,15.46,15.465,15.37,15.45,1774085,6078,15.4361
2018-06-11T04:00:00Z,15.84,16.01,15.81,15.91,2506237,9467,15.9203
2018-06-12T04:00:00Z,15.98,16.01,15.85,15.88,1959187,9096,15.923
2018-06-13T04:00:00Z,15.87,15.931,15.815,15.83,1310533,6211,15.8629
2018-06-14T04:00:00Z,15.81,15.905,15.8,15.8,1744758,7318,15.8412
2018-06-15T04:00:00Z,15.39,15.6,15.38,15.55,2219846,8607,15.5034
2018-06-18T04:00:00Z,15.27,15.29,15.18,15.28,1912061,7621,15.2397
2018-06-19T04:00:00Z,15.06,15.19,15.025,15.16,2419660,9621,15.1224
2018-06-20T04:00:00Z,15.42,15.43,15.28,15.31,2030709,7518,15.3482
2018-06-21T04:00:00Z,15.24,15.26,15.14,15.19,1252407,5481,15.2091
2018-06-22T04:00:00Z,15.53,15.645,15.5,15.59,1956992,7121,15.5955
2018-06-25T04:00:00Z,15.31,15.35,15.17,15.24,2021682,8623,15.2339
2018-06-26T04:00:00Z,15.3,15.35,15.15,15.33,2361742,9579,15.2839
2018-06-27T04:00:00Z,15.25,15.4,15.14,15.15,2013029,9560,15.2514
2018-06-28T04:00:00Z,15.2,15.265,15.09,15.21,1414945,6049,15.1982
2018-06-29T04:00:00Z,15.36,15.49,15.33,15.34,2647820,8667,15.3717
2018-07-02T04:00:00Z,15.1,15.26,15.08,15.18,3593505,12132,15.1648
2018-07-03T04:00:00Z,15.2,15.25,15.13,15.14,1325854,6375,15.1965
2018-07-05T04:00:00Z,15.32,15.32,15.19,15.21,2203609,10076,15.2321
2018-07-06T04:00:00Z,15.22,15.4,15.185,15.37,1466368,7740,15.3223
2018-07-09T04:00:00Z,15.26,15.4,15.25,15.39,2546652,8662,15.3559
2018-07-10T04:00:00Z,15.21,15.3,15.18,15.29,1751722,7039,15.2596
2018-07-11T04:00:00Z,15.02,15.1,14.97,14.98,1724349,7790,15.0289
2018-07-12T04:00:00Z,14.95,15.02,14.89,15,1262251,6703,14.9712
2018-07-13T04:00:00Z,15.02,15.06,14.9445,15,1562074,6817,15.0033
2018-07-16T04:00:00Z,15.14,15.24,15.12,15.22,2449318,9368,15.1987
2018-07-17T04:00:00Z,15.14,15.26,15.1169,15.19,4222354,12771,15.1881
2018-07-18T04:00:00Z,15.27,15.42,15.2463,15.4,4322086,9052,15.3689
2018-07-19T04:00:00Z,15.42,15.45,15.2929,15.33,2347490,8665,15.355
2018-07-20T04:00:00Z,15.27,15.41,15.24,15.38,2199688,9718,15.3463
2018-07-23T04:00:00Z,15.36,15.53,15.35,15.52,2433474,8444,15.4543
2018-07-24T04:00:00Z,15.96,16.1,15.92,16.05,3439271,13447,16.0258
2018-07-25T04:00:00Z,16.11,16.14,15.9399,16.06,3288098,12611,16.0273
2018-07-26T04:00:00Z,16.14,16.16,16.02,16.07,3007275,10030,16.0871
2018-07-27T04:00:00Z,16.2,16.2999,16.09,16.14,3319471,12770,16.1813
2018-07-30T04:00:00Z,16.34,16.415,16.29,16.31,1792851,7465,16.3565
2018-07-31T04:00:00Z,16.52,16.54,16.41,16.42,2302243,9257,16.4666
2018-08-01T04:00:00Z,16.38,16.47,16.32,16.38,1364550,6826,16.3819
2018-08-02T04:00:00Z,16.1,16.16,16.02,16.13,2134607,8865,16.1173
2018-08-03T04:00:00Z,16.11,16.195,16.1,16.17,1813008,8297,16.1534
2018-08-06T04:00:00Z,15.94,15.985,15.87,15.93,3541147,9349,15.9241
2018-08-07T04:00:00Z,16.1,16.165,15.96,15.98,2054518,9615,16.0442
2018-08-08T04:00:00Z,16.06,16.16,16.03,16.12,2062936,9331,16.1046
2018-08-09T04:00:00Z,16.1,16.1233,16,16.02,1289504,5198,16.0594
2018-08-10T04:00:00Z,15.63,15.715,15.5501,15.61,2565906,9125,15.6283
2018-08-13T04:00:00Z,15.49,15.59,15.44,15.45,1885277,7709,15.4894
2018-08-14T04:00:00Z,15.56,15.595,15.47,15.55,2098091,7714,15.534
2018-08-15T04:00:00Z,15.32,15.52,15.2901,15.48,1985302,8048,15.4136
2018-08-16T04:00:00Z,15.53,15.6,15.46,15.46,1357407,5746,15.5147
2018-08-17T04:00:00Z,15.36,15.49,15.34,15.47,993260,4931,15.4367
2018-08-20T04:00:00Z,15.48,15.56,15.46,15.54,1022819,5130,15.5315
2018-08-21T04:00:00Z,15.8,15.86,15.73,15.73,2476822,6392,15.7863
2018-08-22T04:00:00Z,15.74,15.765,15.63,15.72,2477821,7024,15.7002
2018-08-23T04:00:00Z,15.5,15.58,15.48,15.51,2000697,6391,15.5292
2018-08-24T04:00:00Z,15.71,15.71,15.58,15.59,1031441,4459,15.6242
2018-08-27T04:00:00Z,15.69,15.84,15.675,15.81,1423248,6025,15.7963
2018-08-28T04:00:00Z,15.84,15.91,15.78,15.78,805069,4257,15.8335
2018-08-29T04:00:00Z,15.84,15.91,15.76,15.9,1474594,5826,15.8683
2018-08-30T04:00:00Z,15.83,15.85,15.73,15.76,996901,5817,15.7713
2018-08-31T04:00:00Z,15.58,15.7,15.54,15.66,1814644,8212,15.6342
2018-09-04T04:00:00Z,15.56,15.67,15.49,15.65,1238271,4813,15.6109
2018-09-05T04:00:00Z,16,16.11,15.86,15.87,1805518,7670,15.942
2018-09-06T04:00:00Z,15.86,15.94,15.74,15.8,1485110,7612,15.8188
2018-09-07T04:00:00Z,15.58,15.68,15.57,15.66,1275461,6319,15.6388
2018-09-10T04:00:00Z,15.64,15.66,15.51,15.54,1271082,4638,15.5631
2018-09-11T04:00:00Z,15.44,15.51,15.4,15.48,1039395,5211,15.4725
2018-09-12T04:00:00Z,15.38,15.51,15.38,15.47,931301,4521,15.4605
2018-09-13T04:00:00Z,15.65,15.7,15.535,15.58,951540,4867,15.5952
2018-09-14T04:00:00Z,15.56,15.63,15.55,15.62,937283,5471,15.5885
2018-09-17T04:00:00Z,15.67,15.72,15.64,15.66,919946,5280,15.6832
2018-09-18T04:00:00Z,15.66,15.75,15.65,15.71,909258,4252,15.7069
2018-09-19T04:00:00Z,15.81,16.05,15.8,15.97,1923899,7862,15.959
2018-09-20T04:00:00Z,16.51,16.68,16.445,16.65,3789775,12981,16.5894
2018-09-21T04:00:00Z,16.63,16.63,16.49,16.51,1361844,6449,16.5455
2018-09-24T04:00:00Z,16.62,16.63,16.38,16.4,1093228,5047,16.4736
2018-09-25T04:00:00Z,16.57,16.6,16.24,16.33,2457726,8501,16.3839
2018-09-26T04:00:00Z,16.34,16.47,16.3,16.32,1409994,6676,16.3696
2018-09-27T04:00:00Z,16.17,16.29,16.09,16.12,1838738,8406,16.1753
2018-09-28T04:00:00Z,15.76,15.925,15.72,15.73,2528916,9575,15.8293
2018-10-01T04:00:00Z,15.61,15.665,15.505,15.57,1767914,7305,15.5788
2018-10-02T04:00:00Z,15.45,15.48,15.35,15.39,1718895,7920,15.4066
2018-10-03T04:00:00Z,15.48,15.5,15.3501,15.43,1186410,5957,15.4344
2018-10-04T04:00:00Z,15.51,15.58,15.3201,15.47,1780181,8856,15.4507
2018-10-05T04:00:00Z,15.22,15.24,15.05,15.12,2091281,9287,15.1396
2018-10-08T04:00:00Z,14.74,14.95,14.73,14.92,2124732,8779,14.8608
2018-10-09T04:00:00Z,14.83,14.915,14.765,14.84,1480539,8083,14.8407
2018-10-10T04:00:00Z,14.92,14.92,14.55,14.55,1745814,8588,14.689
2018-10-11T04:00:00Z,14.34,14.39,14.1,14.11,3095109,13330,14.2464
2018-10-12T04:00:00Z,14.49,14.5,14.09,14.27,2470148,10636,14.2361
2018-10-15T04:00:00Z,14.28,14.355,14.19,14.22,1632206,6697,14.2593
2018-10-16T04:00:00Z,14.28,14.33,14.2,14.32,1449303,6644,14.27
2018-10-17T04:00:00Z,14.28,14.446,14.19,14.29,1783634,8787,14.2965
2018-10-18T04:00:00Z,14.13,14.155,13.81,13.85,2862858,11049,13.974
2018-10-19T04:00:00Z,13.8,13.98,13.785,13.84,1854987,8215,13.8718
2018-10-22T04:00:00Z,13.91,13.9283,13.74,13.77,1953118,8786,13.8038
2018-10-23T04:00:00Z,13.5,13.67,13.44,13.62,3056401,11774,13.5635
2018-10-24T04:00:00Z,13.5,13.5201,13.21,13.21,4081705,15947,13.3137
2018-10-25T04:00:00Z,13.42,13.49,13.27,13.33,3223405,15693,13.3667
2018-10-26T04:00:00Z,13.15,13.3,13.0101,13.2,2739195,12074,13.179
2018-10-29T04:00:00Z,13.5,13.515,13.14,13.25,3455168,13843,13.3644
2018-10-30T04:00:00Z,13.63,13.68,13.5332,13.66,3988221,15293,13.6191
2018-10-31T04:00:00Z,13.77,14.06,13.77,13.9,3107508,11592,13.9435
2018-11-01T04:00:00Z,14.15,14.22,14.07,14.19,3523174,12861,14.1639
2018-11-02T04:00:00Z,14.49,14.49,14.15,14.24,2007287,9447,14.317
2018-11-05T05:00:00Z,14.27,14.3,14.09,14.11,1349890,7106,14.1521
2018-11-06T05:00:00Z,14.05,14.1299,14.01,14.09,1277624,5538,14.0705
2018-11-07T05:00:00Z,14.33,14.46,14.24,14.44,2062138,10507,14.386
2018-11-08T05:00:00Z,14.49,14.59,14.12,14.15,3152558,11787,14.3097
2018-11-09T05:00:00Z,14,14.07,13.925,14,1809451,7063,14.0098
2018-11-12T05:00:00Z,13.8,13.81,13.61,13.63,1587343,7564,13.6895
2018-11-13T05:00:00Z,13.57,13.8,13.57,13.64,2151171,9539,13.6763
2018-11-14T05:00:00Z,13.78,13.81,13.56,13.7,2360969,10450,13.7073
2018-11-15T05:00:00Z,13.54,13.7781,13.47,13.73,3207659,14729,13.6251
2018-11-16T05:00:00Z,13.68,13.74,13.58,13.7,1967603,7889,13.6651
2018-11-19T05:00:00Z,13.71,13.74,13.54,13.65,2524071,10966,13.6446
2018-11-20T05:00:00Z,13.37,13.42,13.2367,13.3,2768675,10621,13.3196
2018-11-21T05:00:00Z,13.59,13.715,13.56,13.6,1532407,7327,13.6381
2018-11-23T05:00:00Z,13.43,13.575,13.43,13.46,1178554,5101,13.5004
2018-11-26T05:00:00Z,13.81,13.86,13.75,13.8,1731866,7636,13.8056
2018-11-27T05:00:00Z,13.67,13.83,13.61,13.77,1847340,8649,13.7393
2018-11-28T05:00:00Z,13.65,13.84,13.48,13.83,3149560,11286,13.7119
2018-11-29T05:00:00Z,13.71,13.75,13.61,13.66,2002557,9338,13.6684
2018-11-30T05:00:00Z,13.51,13.61,13.5,13.53,2226972,8387,13.5439
2018-12-03T05:00:00Z,13.8,13.82,13.7,13.73,2228621,8972,13.7626
2018-12-04T05:00:00Z,13.6,13.62,13.17,13.21,3519154,13456,13.3147
2018-12-06T05:00:00Z,12.77,12.85,12.57,12.85,5376796,21142,12.7062
2018-12-07T05:00:00Z,12.76,12.88,12.53,12.57,3401628,15952,12.6473
2018-12-10T05:00:00Z,12.47,12.535,12.27,12.38,3246886,13954,12.3924
2018-12-11T05:00:00Z,12.62,12.64,12.21,12.24,6174941,24077,12.3465
2018-12-12T05:00:00Z,12.65,12.8418,12.59,12.64,3770622,16591,12.7068
2018-12-13T05:00:00Z,12.74,12.795,12.46,12.55,4515700,18963,12.5831
2018-12-14T05:00:00Z,12.51,12.61,12.35,12.37,3189650,13558,12.4642
2018-12-17T05:00:00Z,12.4,12.4762,12.23,12.25,3479367,14445,12.3478
2018-12-18T05:00:00Z,12.5,12.55,12.21,12.29,3906104,15121,12.3461
2018-12-19T05:00:00Z,12.54,12.5854,12.1232,12.22,3988383,16091,12.374
2018-12-20T05:00:00Z,11.99,12.09,11.92,12.07,8021220,19922,12.0169
2018-12-21T05:00:00Z,12.09,12.24,11.845,11.87,3581322,12441,12.0498
2018-12-24T05:00:00Z,11.84,12.08,11.74,11.81,2528277,10628,11.9114
2018-12-26T05:00:00Z,11.81,12.2,11.605,12.2,4168339,14639,11.9066
2018-12-27T05:00:00Z,11.96,12.11,11.79,12.11,5378453,16151,11.9109
2018-12-28T05:00:00Z,12.49,12.545,12.29,12.4,4013067,14320,12.4212
2018-12-31T05:00:00Z,12.42,12.54,12.29,12.38,4154770,13878,12.361
2019-01-02T05:00:00Z,12.25,12.63,12.1372,12.55,3275639,14212,12.5047
2019-01-03T05:00:00Z,12.42,12.52,12.3525,12.39,2579755,10041,12.4203
2019-01-04T05:00:00Z,12.67,12.91,12.615,12.84,2774121,11427,12.7956
2019-01-07T05:00:00Z,12.84,13.05,12.775,12.97,3209232,12117,12.9399
2019-01-08T05:00:00Z,13.04,13.09,12.92,13,2466620,10341,12.9899
2019-01-09T05:00:00Z,13.08,13.14,12.93,12.96,3702814,14504,13.028
2019-01-10T05:00:00Z,13.04,13.17,13.01,13.1,2656690,12896,13.0931
2019-01-11T05:00:00Z,13.05,13.26,13.02,13.18,2240854,9995,13.1605
2019-01-14T05:00:00Z,13.03,13.33,13.03,13.26,2812577,12037,13.2523
2019-01-15T05:00:00Z,13.09,13.23,13.05,13.22,2724362,11393,13.1524
2019-01-16T05:00:00Z,13.36,13.57,13.34,13.54,2758950,11058,13.5067
2019-01-17T05:00:00Z,13.32,13.545,13.29,13.49,2681892,11751,13.4286
2019-01-18T05:00:00Z,13.57,13.62,13.495,13.61,2994155,11912,13.5704
2019-01-22T05:00:00Z,12.91,13.06,12.85,12.94,5058055,18883,12.9601
2019-01-23T05:00:00Z,13.18,13.185,13.01,13.05,2877214,11089,13.0771
2019-01-24T05:00:00Z,13.01,13.13,12.941,13.07,2320380,9595,13.0518
2019-01-25T05:00:00Z,13.07,13.175,13.06,13.1,2952817,11153,13.1077
2019-01-28T05:00:00Z,12.97,13.09,12.95,13.04,4466467,14047,13.0186
2019-01-29T05:00:00Z,13.09,13.15,12.99,13.01,2562189,10370,13.043
2019-01-30T05:00:00Z,13.1,13.26,13.045,13.2,2211008,9473,13.1469
2019-01-31T05:00:00Z,12.91,12.9975,12.86,12.96,2453345,9447,12.9345
2019-02-01T05:00:00Z,12.84,12.94,12.785,12.87,3291936,11442,12.8658
2019-02-04T05:00:00Z,12.77,12.85,12.71,12.83,2705683,10195,12.7864
2019-02-05T05:00:00Z,12.96,13.07,12.95,13.02,1980386,6802,13.0142
2019-02-06T05:00:00Z,13.04,13.1,12.98,12.99,2233815,9601,13.0335
2019-02-07T05:00:00Z,12.92,12.94,12.73,12.77,2891196,11797,12.8072
2019-02-08T05:00:00Z,12.65,12.71,12.525,12.68,2172930,8120,12.6379
2019-02-11T05:00:00Z,12.78,12.81,12.67,12.69,1508233,7124,12.7189
2019-02-12T05:00:00Z,12.74,12.855,12.73,12.82,1844230,6149,12.8124
2019-02-13T05:00:00Z,12.97,13,12.9,12.91,1343804,5925,12.9457
2019-02-14T05:00:00Z,12.72,12.77,12.6401,12.68,1862320,7519,12.699
2019-02-15T05:00:00Z,12.89,12.96,12.86,12.95,2562831,10108,12.9209
2019-02-19T05:00:00Z,12.7,12.945,12.68,12.92,3574644,15476,12.865
2019-02-20T05:00:00Z,12.49,12.555,12.34,12.46,6335872,20815,12.4591
2019-02-21T05:00:00Z,12.29,12.36,12.27,12.33,3336727,10532,12.3146
2019-02-22T05:00:00Z,12.42,12.44,12.33,12.34,1941671,7189,12.3686
2019-02-25T05:00:00Z,12.5,12.58,12.43,12.46,3720052,11802,12.4913
2019-02-26T05:00:00Z,12.57,12.65,12.55,12.61,2339228,8748,12.611
2019-02-27T05:00:00Z,12.63,12.695,12.6,12.65,1500486,6318,12.6598
2019-02-28T05:00:00Z,12.79,12.81,12.665,12.67,2040776,6928,12.7163
2019-03-01T05:00:00Z,12.76,12.84,12.71,12.71,2494110,8765,12.7458
2019-03-04T05:00:00Z,12.74,12.78,12.55,12.63,4777884,13752,12.6631
2019-03-05T05:00:00Z,12.51,12.52,12.4,12.49,3220303,9653,12.4674
2019-03-06T05:00:00Z,12.55,12.56,12.32,12.36,3305896,11446,12.4052
2019-03-07T05:00:00Z,12.15,12.16,11.98,12.01,5053553,13680,12.0351
2019-03-08T05:00:00Z,11.79,11.96,11.79,11.93,3511012,10410,11.8945
2019-03-11T04:00:00Z,12.1,12.17,12.06,12.1,4018760,10961,12.1097
2019-03-12T04:00:00Z,12.12,12.17,12.07,12.11,2208871,6150,12.1223
2019-03-13T04:00:00Z,12.2,12.27,12.19,12.25,1726709,5138,12.2347
2019-03-14T04:00:00Z,12.31,12.35,12.26,12.28,1787031,5727,12.2997
2019-03-15T04:00:00Z,12.13,12.24,12.12,12.23,4029711,12353,12.1862
2019-03-18T04:00:00Z,12.48,12.53,12.47,12.51,2818692,9147,12.503
2019-03-19T04:00:00Z,12.71,12.765,12.54,12.57,4457015,14313,12.6604
2019-03-20T04:00:00Z,12.36,12.44,12.28,12.32,3796020,11200,12.3507
2019-03-21T04:00:00Z,12.2,12.3,12.1992,12.24,3150049,8781,12.243
2019-03-22T04:00:00Z,12.05,12.07,11.88,11.88,7226605,14693,11.9448
2019-03-25T04:00:00Z,11.88,11.95,11.8,11.85,4168365,12411,11.8707
2019-03-26T04:00:00Z,11.97,12.02,11.84,11.92,5443348,15910,11.9149
2019-03-27T04:00:00Z,12.14,12.19,12.01,12.02,4022584,11930,12.0809
2019-03-28T04:00:00Z,11.99,12.03,11.92,11.99,3683839,10769,11.9661
2019-03-29T04:00:00Z,12.14,12.2,12.061,12.11,2988675,8567,12.1332
2019-04-01T04:00:00Z,12.28,12.44,12.28,12.4,5714514,15158,12.3853
2019-04-02T04:00:00Z,12.38,12.42,12.28,12.41,3009733,10233,12.3767
2019-04-03T04:00:00Z,12.54,12.6,12.49,12.53,3749659,10696,12.536
2019-04-04T04:00:00Z,12.55,12.655,12.55,12.59,2371268,8023,12.6012
2019-04-05T04:00:00Z,12.6,12.64,12.53,12.56,2098310,7281,12.5729
2019-04-08T04:00:00Z,12.53,12.555,12.48,12.53,1728999,6272,12.5188
2019-04-09T04:00:00Z,12.56,12.56,12.475,12.52,2432234,7092,12.5101
2019-04-10T04:00:00Z,12.49,12.51,12.41,12.47,1653921,6333,12.4577
2019-04-11T04:00:00Z,12.63,12.75,12.605,12.72,3929042,12470,12.7041
2019-04-12T04:00:00Z,12.92,12.99,12.821,12.85,3987545,12631,12.8896
2019-04-15T04:00:00Z,12.95,12.98,12.88,12.92,3982634,10452,12.9246
2019-04-16T04:00:00Z,13.03,13.15,13.02,13.12,3750379,13222,13.0878
2019-04-17T04:00:00Z,13.28,13.34,13.215,13.33,2401230,8376,13.2948
2019-04-18T04:00:00Z,13.28,13.32,13.21,13.26,2818218,8546,13.2634
2019-04-22T04:00:00Z,13.23,13.28,13.17,13.26,2642359,10115,13.2401
2019-04-23T04:00:00Z,13.11,13.205,13.0529,13.09,3414252,12391,13.1163
2019-04-24T04:00:00Z,13.21,13.2107,13.09,13.17,3098197,11525,13.1573
2019-04-25T04:00:00Z,13.26,13.39,13.25,13.3,5866411,18526,13.3268
2019-04-26T04:00:00Z,13.27,13.34,13.22,13.29,3006991,9712,13.2803
2019-04-29T04:00:00Z,13.42,13.55,13.41,13.53,2744358,12201,13.4913
2019-04-30T04:00:00Z,13.52,13.54,13.36,13.44,2232784,7962,13.4348
2019-05-01T04:00:00Z,13.4,13.52,13.27,13.28,3112535,12326,13.3746
2019-05-02T04:00:00Z,13.39,13.44,13.31,13.38,2963912,8865,13.3868
2019-05-03T04:00:00Z,13.36,13.39,13.23,13.33,5432428,13608,13.3115
2019-05-06T04:00:00Z,12.47,12.59,12.43,12.56,3478656,11491,12.5272
2019-05-07T04:00:00Z,12.3,12.32,12.18,12.22,3897572,11704,12.2379
2019-05-08T04:00:00Z,12.25,12.36,12.2241,12.27,3899204,17699,12.3036
2019-05-09T04:00:00Z,11.98,12.16,11.895,12.12,4485635,13915,12.0346
2019-05-10T04:00:00Z,12.03,12.16,11.96,12.13,3076052,9941,12.0607
2019-05-13T04:00:00Z,11.8,11.88,11.76,11.79,4283162,12268,11.8106
2019-05-14T04:00:00Z,11.72,11.89,11.7,11.81,3207428,9659,11.7992
2019-05-15T04:00:00Z,11.71,11.86,11.67,11.79,3110659,9056,11.7791
2019-05-16T04:00:00Z,11.96,12.095,11.95,11.99,6089838,11257,12.0251
2019-05-17T04:00:00Z,11.9,12.07,11.9,11.96,2494542,7618,12.0036
2019-05-20T04:00:00Z,11.9,12.025,11.88,12,3095613,11165,11.9801
2019-05-21T04:00:00Z,11.98,12.06,11.945,12.04,2119254,7554,12.0123
2019-05-22T04:00:00Z,11.93,11.98,11.9,11.91,1680215,6663,11.933
2019-05-23T04:00:00Z,11.7,11.79,11.65,11.77,2596432,8816,11.7295
2019-05-24T04:00:00Z,11.86,11.93,11.805,11.91,2601502,11878,11.8863
2019-05-28T04:00:00Z,11.78,11.79,11.66,11.66,2432517,7570,11.7226
2019-05-29T04:00:00Z,11.56,11.66,11.5,11.62,2247800,8409,11.5765
2019-05-30T04:00:00Z,11.66,11.72,11.54,11.57,1935386,6724,11.5982
2019-05-31T04:00:00Z,11.46,11.52,11.37,11.43,3580686,10358,11.4414
2019-06-03T04:00:00Z,11.33,11.495,11.32,11.47,3580757,12385,11.4173
2019-06-04T04:00:00Z,11.68,11.77,11.63,11.77,4184335,11509,11.7184
2019-06-05T04:00:00Z,11.85,11.85,11.69,11.75,2764972,8988,11.752
2019-06-06T04:00:00Z,11.79,11.82,11.6637,11.77,2317240,7481,11.7496
2019-06-07T04:00:00Z,11.84,11.88,11.77,11.8,1787457,6274,11.8217
2019-06-10T04:00:00Z,11.88,11.97,11.85,11.86,2155078,7638,11.9001
2019-06-11T04:00:00Z,11.97,11.99,11.895,11.92,2437806,8354,11.9349
2019-06-12T04:00:00Z,11.79,11.83,11.715,11.74,1745329,6282,11.7556
2019-06-13T04:00:00Z,11.71,11.76,11.65,11.69,1903243,6143,11.689
2019-06-14T04:00:00Z,11.55,11.57,11.49,11.54,2685618,7371,11.5254
2019-06-17T04:00:00Z,11.56,11.6,11.47,11.48,2430010,8507,11.5146
2019-06-18T04:00:00Z,11.51,11.73,11.51,11.67,3138858,10240,11.668
2019-06-19T04:00:00Z,11.78,11.91,11.755,11.76,2645479,9738,11.8073
2019-06-20T04:00:00Z,11.8,11.8162,11.67,11.76,2485807,7930,11.7367
2019-06-21T04:00:00Z,11.7,11.74,11.64,11.64,1911376,8944,11.6784
2019-06-24T04:00:00Z,11.68,11.71,11.64,11.66,2649418,7614,11.6684
2019-06-25T04:00:00Z,11.57,11.63,11.55,11.58,2451022,9125,11.5899
2019-06-26T04:00:00Z,11.65,11.71,11.615,11.68,1671904,6578,11.6765
2019-06-27T04:00:00Z,11.91,11.99,11.835,11.84,2353073,7172,11.8914
2019-06-28T04:00:00Z,11.88,11.935,11.82,11.85,2557718,7758,11.8756
2019-07-01T04:00:00Z,12.05,12.08,11.84,11.9,3769832,11050,11.9504
2019-07-02T04:00:00Z,11.9,11.95,11.885,11.93,1803594,5840,11.9247
2019-07-03T04:00:00Z,12.01,12.04,11.98,11.99,1068878,3646,12.0092
2019-07-05T04:00:00Z,12.18,12.25,12.08,12.14,1966762,6495,12.1461
2019-07-08T04:00:00Z,12.03,12.08,11.95,11.96,2389673,9231,11.9966
2019-07-09T04:00:00Z,11.84,11.93,11.84,11.88,1924085,8479,11.8772
2019-07-10T04:00:00Z,12.13,12.15,12.01,12.02,2581276,8636,12.0761
2019-07-11T04:00:00Z,12.04,12.17,12.04,12.16,4129697,13394,12.1152
2019-07-12T04:00:00Z,12.2,12.24,12.175,12.22,3902064,11169,12.2069
2019-07-15T04:00:00Z,12.11,12.2,12.07,12.15,3121359,11292,12.1496
2019-07-16T04:00:00Z,12.19,12.24,12.1,12.11,2293069,7874,12.1604
2019-07-17T04:00:00Z,12.17,12.19,12.04,12.04,3390560,11499,12.1012
2019-07-18T04:00:00Z,12.07,12.13,12.04,12.13,1866552,7093,12.0975
2019-07-19T04:00:00Z,11.98,12.05,11.95,11.97,2540122,7809,11.9921
2019-07-22T04:00:00Z,12.09,12.12,12,12.11,3368755,10161,12.0728
2019-07-23T04:00:00Z,12.26,12.345,12.22,12.29,4570469,14075,12.2851
2019-07-24T04:00:00Z,11.75,11.86,11.715,11.84,5704570,14630,11.7966
2019-07-25T04:00:00Z,11.69,11.7,11.41,11.46,5442384,15543,11.5135
2019-07-26T04:00:00Z,11.46,11.47,11.37,11.38,3646287,12353,11.4081
2019-07-29T04:00:00Z,11.52,11.54,11.36,11.36,5567942,13896,11.4383
2019-07-30T04:00:00Z,11.23,11.29,11.185,11.25,3931425,9412,11.2398
2019-07-31T04:00:00Z,11.26,11.29,11.13,11.17,3020665,9123,11.2156
2019-08-01T04:00:00Z,11.15,11.24,10.84,10.86,6027669,15133,10.9988
2019-08-02T04:00:00Z,11.04,11.15,10.945,11.12,6885048,17266,11.0497
2019-08-05T04:00:00Z,11.08,11.09,10.83,10.89,8107982,19747,10.9328
2019-08-06T04:00:00Z,10.95,10.99,10.77,10.99,5970797,14289,10.8977
2019-08-07T04:00:00Z,10.68,10.825,10.63,10.81,3908875,12677,10.7467
2019-08-08T04:00:00Z,10.81,10.92,10.78,10.87,2389699,7367,10.8574
2019-08-09T04:00:00Z,10.91,10.94,10.81,10.88,2572156,9287,10.8828
2019-08-12T04:00:00Z,10.73,10.768,10.62,10.625,1914242,6214,10.6926
2019-08-13T04:00:00Z,10.52,10.68,10.48,10.63,5927636,11993,10.596
2019-08-14T04:00:00Z,10.23,10.25,10.13,10.16,4444589,14271,10.1947
2019-08-15T04:00:00Z,10.22,10.29,10.12,10.16,5525150,15074,10.1798
2019-08-16T04:00:00Z,10.26,10.42,10.25,10.4,3677563,10977,10.3546
2019-08-19T04:00:00Z,10.53,10.5587,10.47,10.48,1979617,7998,10.4996
2019-08-20T04:00:00Z,10.47,10.48,10.4,10.41,2469767,8669,10.4395
2019-08-21T04:00:00Z,10.55,10.56,10.47,10.47,2245249,6805,10.5118
2019-08-22T04:00:00Z,10.63,10.68,10.56,10.63,1757177,5839,10.6278
2019-08-23T04:00:00Z,10.63,10.705,10.46,10.48,2212787,8445,10.5594
2019-08-26T04:00:00Z,10.57,10.6,10.505,10.59,2042257,6055,10.5638
2019-08-27T04:00:00Z,10.61,10.62,10.46,10.48,1740573,7026,10.514
2019-08-28T04:00:00Z,10.38,10.55,10.375,10.51,2558589,9055,10.4835
2019-08-29T04:00:00Z,10.57,10.61,10.53,10.58,2001194,7371,10.5798
2019-08-30T04:00:00Z,10.6,10.67,10.57,10.6,2653437,8292,10.6136
2019-09-03T04:00:00Z,10.53,10.54,10.41,10.48,2985911,8529,10.4736
2019-09-04T04:00:00Z,10.54,10.59,10.47,10.59,3446778,10043,10.5298
2019-09-05T04:00:00Z,10.76,10.85,10.75,10.81,3609877,11015,10.8164
2019-09-06T04:00:00Z,10.85,10.9,10.81,10.88,1403057,6148,10.8728
2019-09-09T04:00:00Z,11.05,11.16,11.03,11.14,4455400,13480,11.1055
2019-09-10T04:00:00Z,11.57,11.6099,11.405,11.49,5114120,13586,11.4988
2019-09-11T04:00:00Z,11.53,11.58,11.44,11.58,2436983,6889,11.5175
2019-09-12T04:00:00Z,11.45,11.5895,11.4,11.53,3003094,9444,11.5084
2019-09-13T04:00:00Z,11.79,11.8,11.7,11.73,3818796,10228,11.7447
2019-09-16T04:00:00Z,11.58,11.625,11.54,11.58,2477234,7831,11.5817
2019-09-17T04:00:00Z,11.39,11.445,11.3224,11.44,2301003,6436,11.3919
2019-09-18T04:00:00Z,11.43,11.47,11.355,11.44,1799831,6416,11.4193
2019-09-19T04:00:00Z,11.56,11.62,11.51,11.52,1837051,6758,11.5637
2019-09-20T04:00:00Z,11.54,11.575,11.45,11.45,2644948,8934,11.5163
2019-09-23T04:00:00Z,11.26,11.37,11.225,11.35,1938993,5568,11.3193
2019-09-24T04:00:00Z,11.35,11.36,11.21,11.23,2914774,9578,11.2765
2019-09-25T04:00:00Z,11.13,11.23,11.12,11.23,2431127,6616,11.1961
2019-09-26T04:00:00Z,11.2,11.27,11.19,11.21,1955760,7646,11.2333
2019-09-27T04:00:00Z,11.31,11.37,11.25,11.32,1929064,6624,11.3061
2019-09-30T04:00:00Z,11.39,11.4,11.31,11.31,1963444,6135,11.3366
2019-10-01T04:00:00Z,11.3,11.34,11.12,11.14,3763874,10693,11.2006
2019-10-02T04:00:00Z,10.88,10.92,10.71,10.73,7316736,15271,10.7775
2019-10-03T04:00:00Z,10.61,10.69,10.5204,10.63,3783136,12595,10.6247
2019-10-04T04:00:00Z,10.63,10.745,10.615,10.73,2025580,6822,10.6787
2019-10-07T04:00:00Z,10.73,10.76,10.67,10.68,2016090,6835,10.7154
2019-10-08T04:00:00Z,10.58,10.66,10.535,10.59,2542352,8001,10.5963
2019-10-09T04:00:00Z,10.6,10.64,10.53,10.58,2370637,7039,10.5904
2019-10-10T04:00:00Z,10.72,10.795,10.69,10.78,3149334,9431,10.7615
2019-10-11T04:00:00Z,11.1,11.16,11.07,11.1,2872768,8286,11.116
2019-10-14T04:00:00Z,11.12,11.15,11.05,11.05,1822813,4705,11.098
2019-10-15T04:00:00Z,11.14,11.305,11.07,11.26,2620668,8191,11.2267
2019-10-16T04:00:00Z,11.34,11.39,11.17,11.18,4809921,14452,11.233
2019-10-17T04:00:00Z,11.36,11.4,11.25,11.26,3784916,13468,11.3179
2019-10-18T04:00:00Z,11.32,11.37,11.295,11.35,2348931,8069,11.3296
2019-10-21T04:00:00Z,11.62,11.66,11.53,11.54,4083288,10662,11.5991
2019-10-22T04:00:00Z,11.54,11.63,11.45,11.5,3082117,9956,11.5507
2019-10-23T04:00:00Z,11.63,11.67,11.585,11.64,3327377,8823,11.6335
2019-10-24T04:00:00Z,11.8,11.85,11.635,11.69,2937858,9712,11.7106
2019-10-25T04:00:00Z,11.74,11.82,11.71,11.77,2599881,7292,11.7839
2019-10-28T04:00:00Z,11.91,12.01,11.91,11.95,2852214,8085,11.9578
2019-10-29T04:00:00Z,12.04,12.095,12.02,12.08,4190739,11800,12.0579
2019-10-30T04:00:00Z,11.88,11.89,11.78,11.84,2563154,7969,11.8325
2019-10-31T04:00:00Z,11.79,11.81,11.6728,11.77,3420225,11388,11.7424
2019-11-01T04:00:00Z,11.83,11.99,11.83,11.96,2314346,6808,11.9416
2019-11-04T05:00:00Z,12.25,12.34,12.22,12.33,4183637,10393,12.2867
2019-11-05T05:00:00Z,12.34,12.38,12.32,12.37,2448249,6978,12.3581
2019-11-06T05:00:00Z,12.41,12.46,12.32,12.37,2556468,7141,12.3837
2019-11-07T05:00:00Z,12.53,12.58,12.495,12.52,2517459,8051,12.5387
2019-11-08T05:00:00Z,12.42,12.44,12.36,12.41,1811803,6738,12.4001
2019-11-11T05:00:00Z,12.31,12.415,12.29,12.4,1571197,4831,12.3723
2019-11-12T05:00:00Z,12.33,12.4,12.295,12.33,1524972,5439,12.3474
2019-11-13T05:00:00Z,12.14,12.19,12.12,12.15,1491645,5545,12.154
2019-11-14T05:00:00Z,12.16,12.17,12.1,12.15,1447266,5268,12.1396
2019-11-15T05:00:00Z,12.22,12.23,12.17,12.21,1518573,4867,12.2009
2019-11-18T05:00:00Z,12.12,12.21,12.1,12.21,1822288,5413,12.1735
2019-11-19T05:00:00Z,12.21,12.22,12.11,12.14,2568693,7064,12.1538
2019-11-20T05:00:00Z,12.04,12.11,11.99,12.05,2497685,7117,12.0452
2019-11-21T05:00:00Z,12.08,12.1,11.985,12.07,3048582,8154,12.0535
2019-11-22T05:00:00Z,12.17,12.245,12.16,12.22,1896647,6551,12.2046
2019-11-25T05:00:00Z,12.26,12.37,12.24,12.36,1879315,6957,12.3298
2019-11-26T05:00:00Z,12.31,12.31,12.16,12.2,1943159,6420,12.2094
2019-11-27T05:00:00Z,12.22,12.29,12.2,12.26,2071023,6339,12.2449
2019-11-29T05:00:00Z,12.18,12.18,12.12,12.15,1796631,5887,12.1487
2019-12-02T05:00:00Z,12.18,12.205,12.05,12.06,2481114,8121,12.1154
2019-12-03T05:00:00Z,11.89,11.91,11.81,11.87,2197646,7124,11.8582
2019-12-04T05:00:00Z,11.87,11.97,11.855,11.95,2200831,6749,11.9427
2019-12-05T05:00:00Z,11.98,12.01,11.925,11.99,1771927,6271,11.9725
2019-12-06T05:00:00Z,12.05,12.08,12,12.03,2264068,7900,12.0422
2019-12-09T05:00:00Z,12.07,12.12,12.015,12.02,1622086,6235,12.0509
2019-12-10T05:00:00Z,11.99,12.025,11.94,11.94,1688615,6399,11.9681
2019-12-11T05:00:00Z,11.95,11.99,11.89,11.91,1651526,5219,11.9198
2019-12-12T05:00:00Z,12.02,12.2,12,12.16,3243341,8660,12.1244
2019-12-13T05:00:00Z,12.26,12.37,12.215,12.27,3068412,11525,12.2801
2019-12-16T05:00:00Z,12.47,12.52,12.44,12.45,2195838,6870,12.4762
2019-12-17T05:00:00Z,12.48,12.57,12.48,12.56,1870871,6564,12.5394
2019-12-18T05:00:00Z,12.53,12.555,12.43,12.44,2747048,10112,12.477
2019-12-19T05:00:00Z,12.45,12.5151,12.43,12.45,1866610,6061,12.4663
2019-12-20T05:00:00Z,12.44,12.47,12.35,12.39,2498079,8078,12.4126
2019-12-23T05:00:00Z,12.46,12.5,12.41,12.43,2628260,6935,12.4512
2019-12-24T05:00:00Z,12.4,12.45,12.38,12.42,846375,3306,12.4051
2019-12-26T05:00:00Z,12.39,12.48,12.39,12.48,1586095,5074,12.4561
2019-12-27T05:00:00Z,12.53,12.55,12.48,12.5,1807104,5438,12.5115
2019-12-30T05:00:00Z,12.61,12.63,12.58,12.58,2601589,9236,12.6016
2019-12-31T05:00:00Z,12.57,12.59,12.5,12.58,2123801,8101,12.5474
2020-01-02T05:00:00Z,12.7,12.92,12.67,12.92,3430544,13487,12.843
2020-01-03T05:00:00Z,12.68,12.77,12.6501,12.71,2706342,8350,12.7102
2020-01-06T05:00:00Z,12.6,12.7,12.58,12.68,2470113,7045,12.6632
2020-01-07T05:00:00Z,12.92,12.985,12.8625,12.94,4342247,12124,12.9344
2020-01-08T05:00:00Z,13.07,13.15,13.05,13.11,3500526,11390,13.1041
2020-01-09T05:00:00Z,13.09,13.17,13.02,13.14,4652180,12574,13.1113
2020-01-10T05:00:00Z,13.06,13.0699,12.96,12.98,3251346,8266,13.036
2020-01-13T05:00:00Z,12.96,13.09,12.94,13.09,2346445,8238,13.0373
2020-01-14T05:00:00Z,13.05,13.24,13.04,13.14,3328523,10974,13.1545
2020-01-15T05:00:00Z,13.14,13.15,13.03,13.08,2051488,5454,13.0822
2020-01-16T05:00:00Z,13.12,13.2,13.0946,13.2,1522938,5615,13.1646
2020-01-17T05:00:00Z,13.18,13.2,13.1,13.14,2019907,7002,13.1459
2020-01-21T05:00:00Z,12.65,12.7198,12.48,12.51,7566975,18038,12.5993
2020-01-22T05:00:00Z,12.83,12.84,12.75,12.83,4472368,13803,12.8016
2020-01-23T05:00:00Z,12.68,12.83,12.61,12.81,3309208,10514,12.7308
2020-01-24T05:00:00Z,12.86,12.86,12.62,12.65,3146545,9864,12.7101
2020-01-27T05:00:00Z,12.48,12.57,12.42,12.46,3966102,10793,12.4742
2020-01-28T05:00:00Z,12.41,12.49,12.375,12.45,7852871,7489,12.4561
2020-01-29T05:00:00Z,12.58,12.62,12.505,12.52,2299581,8443,12.566
2020-01-30T05:00:00Z,12.44,12.57,12.4046,12.57,4242045,8858,12.4994
2020-01-31T05:00:00Z,12.52,12.54,12.295,12.37,3458070,11146,12.3947
2020-02-03T05:00:00Z,12.37,12.48,12.31,12.33,2093932,8099,12.3714
2020-02-04T05:00:00Z,12.53,12.58,12.46,12.46,2971089,8684,12.508
2020-02-05T05:00:00Z,12.73,12.82,12.68,12.76,3516351,10135,12.7558
2020-02-06T05:00:00Z,12.93,12.94,12.84,12.87,2103345,6677,12.8828
2020-02-07T05:00:00Z,12.9,12.98,12.89,12.95,2420283,7305,12.9464
2020-02-10T05:00:00Z,12.98,13.075,12.975,13.06,1856929,5569,13.0268
2020-02-11T05:00:00Z,13.12,13.22,13.12,13.17,1958992,6708,13.1675
2020-02-12T05:00:00Z,13.33,13.4,13.28,13.4,3544537,9471,13.3561
2020-02-13T05:00:00Z,13.27,13.3,13.21,13.21,2496219,8902,13.2477
2020-02-14T05:00:00Z,13.28,13.31,13.09,13.12,4570669,14389,13.1511
2020-02-18T05:00:00Z,13.22,13.26,13.13,13.14,3547170,9916,13.1806
2020-02-19T05:00:00Z,13.17,13.205,13.13,13.15,2342429,8086,13.165
2020-02-20T05:00:00Z,13.45,13.49,13.195,13.27,5903336,13834,13.3205
2020-02-21T05:00:00Z,13.11,13.11,12.89,12.94,3942183,11357,12.9621
2020-02-24T05:00:00Z,12.29,12.36,12.2,12.25,5375561,16137,12.2701
2020-02-25T05:00:00Z,12.2,12.24,11.75,11.82,3940670,12272,11.9422
2020-02-26T05:00:00Z,11.91,12,11.765,11.78,5255879,15750,11.8708
2020-02-27T05:00:00Z,11.36,11.585,11.26,11.28,4661282,13954,11.3876
2020-02-28T05:00:00Z,10.91,11.11,10.79,11,6539276,18574,10.9261
2020-03-02T05:00:00Z,11,11.26,10.79,11.26,7013317,20206,11.0047
2020-03-03T05:00:00Z,11.31,11.44,10.82,10.9,7553631,25873,11.0687
2020-03-04T05:00:00Z,11,11.12,10.86,11.12,6102439,18626,10.9828
2020-03-05T05:00:00Z,10.65,10.74,10.45,10.57,6452929,21223,10.5741
2020-03-06T05:00:00Z,10.47,10.66,10.35,10.46,5902875,15087,10.4802
2020-03-09T04:00:00Z,9.61,9.87,9,9.27,4859446,15882,9.48497
2020-03-10T04:00:00Z,10.14,10.18,9.63,10.02,4905007,13486,9.88976
2020-03-11T04:00:00Z,9.9,9.96,9.41,9.48,8871497,24063,9.64985
2020-03-12T04:00:00Z,8.82,8.83,8.17,8.79,6094903,18075,8.42409
2020-03-13T04:00:00Z,9.11,9.11,8.3099,9.07,5851514,22518,8.70251
2020-03-16T04:00:00Z,7.49,8.165,7.48,7.65,5996414,20526,7.85269
2020-03-17T04:00:00Z,7.79,8.37,7.62,8.37,7084738,23156,8.0227
2020-03-18T04:00:00Z,7.74,8.09,7.67,8.09,9900123,32331,7.8793
2020-03-19T04:00:00Z,8.09,8.65,7.92,8.5,9135775,35260,8.37706
2020-03-20T04:00:00Z,8.48,8.71,8.14,8.16,7572111,29368,8.40376
2020-03-23T04:00:00Z,8.38,8.46,7.875,7.9,7728439,29656,8.09673
2020-03-24T04:00:00Z,8.7,9,8.535,8.96,5691804,20247,8.80057
2020-03-25T04:00:00Z,9.08,9.48,8.82,9.21,8352457,27263,9.17198
2020-03-26T04:00:00Z,9.5,9.94,9.5,9.87,7474141,25341,9.74877
2020-03-27T04:00:00Z,9.43,9.655,9.255,9.36,5437575,20021,9.43412
2020-03-30T04:00:00Z,9.29,9.55,9.16,9.52,3913486,13774,9.41066
2020-03-31T04:00:00Z,9.35,9.46,9.16,9.26,3928355,14924,9.32001
2020-04-01T04:00:00Z,8.96,9.05,8.85,8.9,3397084,13928,8.93714
2020-04-02T04:00:00Z,8.89,9.24,8.875,9,8100854,22256,8.9959
2020-04-03T04:00:00Z,8.94,8.98,8.6738,8.84,3835055,15248,8.81347
2020-04-06T04:00:00Z,9.44,9.6,9.36,9.56,4477740,14552,9.47779
2020-04-07T04:00:00Z,9.95,9.98,9.53,9.59,4977827,20217,9.72666
2020-04-08T04:00:00Z,9.51,9.66,9.425,9.59,2935101,11943,9.55195
2020-04-09T04:00:00Z,9.83,10.14,9.82,10.05,4587253,15277,9.98724
2020-04-13T04:00:00Z,10.08,10.08,9.61,9.71,2919634,11932,9.74177
2020-04-14T04:00:00Z,9.97,10,9.79,9.9,5255365,18043,9.90895
2020-04-15T04:00:00Z,9.5,9.515,9.34,9.4,3130641,10138,9.41716
2020-04-16T04:00:00Z,9.23,9.23,9.03,9.19,4557753,15073,9.12576
2020-04-17T04:00:00Z,9.56,9.67,9.45,9.64,5078566,18087,9.57382
2020-04-20T04:00:00Z,9.6,9.82,9.54,9.67,4304312,12920,9.69564
2020-04-21T04:00:00Z,9.34,9.48,9.18,9.25,3219936,12427,9.2895
2020-04-22T04:00:00Z,9.34,9.35,9.195,9.23,2715073,8462,9.24343
2020-04-23T04:00:00Z,9.31,9.605,9.301,9.33,3097787,10588,9.42111
2020-04-24T04:00:00Z,9.4,9.46,9.285,9.41,2613782,8643,9.35836
2020-04-27T04:00:00Z,9.55,9.8,9.52,9.78,2336005,8511,9.70751
2020-04-28T04:00:00Z,10.4,10.46,10.285,10.33,4860379,14982,10.3793
2020-04-29T04:00:00Z,11.13,11.135,10.92,10.99,7010180,22242,11.0292
2020-04-30T04:00:00Z,10.88,10.89,10.615,10.76,4271601,13574,10.7637
2020-05-01T04:00:00Z,10.38,10.5335,10.32,10.39,2775390,10157,10.3948
2020-05-04T04:00:00Z,10.17,10.25,10.05,10.16,4813610,18067,10.1302
2020-05-05T04:00:00Z,9.8,9.85,9.65,9.66,3122611,9742,9.74928
2020-05-06T04:00:00Z,9.74,9.745,9.56,9.6,3299164,9895,9.63478
2020-05-07T04:00:00Z,9.71,9.91,9.6825,9.79,5632019,16754,9.79598
2020-05-08T04:00:00Z,9.88,9.95,9.82,9.95,2698039,9819,9.89216
2020-05-11T04:00:00Z,9.71,9.82,9.65,9.75,2303692,7669,9.73807
2020-05-12T04:00:00Z,9.84,9.87,9.57,9.59,2971935,8797,9.69572
2020-05-13T04:00:00Z,9.58,9.595,9.37,9.44,3969195,10740,9.47146
2020-05-14T04:00:00Z,9.11,9.39,8.99,9.36,4275013,11643,9.23147
2020-05-15T04:00:00Z,9.29,9.32,9.2,9.26,2587689,8184,9.25895
2020-05-18T04:00:00Z,9.79,10.01,9.7,9.96,5065747,13898,9.90161
2020-05-19T04:00:00Z,9.93,10.01,9.83,9.84,4480745,12983,9.92341
2020-05-20T04:00:00Z,10.01,10.125,9.98,10.09,3675354,9388,10.071
2020-05-21T04:00:00Z,10.01,10.145,9.95,10.02,3366909,12543,10.0461
2020-05-22T04:00:00Z,9.94,9.95,9.75,9.82,2598508,7083,9.81833
2020-05-26T04:00:00Z,10.28,10.485,10.26,10.39,5866886,16179,10.3722
2020-05-27T04:00:00Z,10.74,10.85,10.63,10.84,5369214,14654,10.7572
2020-05-28T04:00:00Z,10.86,10.895,10.7239,10.75,3094009,8821,10.8197
2020-05-29T04:00:00Z,10.72,10.82,10.65,10.7,5022128,12604,10.7262
2020-06-01T04:00:00Z,10.8,10.92,10.725,10.86,2305701,7711,10.8607
2020-06-02T04:00:00Z,11.07,11.165,11.03,11.12,4872166,13491,11.1114
2020-06-03T04:00:00Z,11.39,11.65,11.37,11.6,4672017,9945,11.5629
2020-06-04T04:00:00Z,11.41,11.62,11.32,11.61,5286739,15230,11.5077
2020-06-05T04:00:00Z,11.79,11.84,11.635,11.66,4293344,10878,11.7281
2020-06-08T04:00:00Z,11.97,12,11.715,11.95,3820810,11262,11.8973
2020-06-09T04:00:00Z,11.64,11.76,11.59,11.71,3557579,13277,11.6782
2020-06-10T04:00:00Z,11.73,11.76,11.49,11.49,4438463,13896,11.6006
2020-06-11T04:00:00Z,11.06,11.175,10.67,10.69,3994185,12966,10.9069
2020-06-12T04:00:00Z,11.01,11.0775,10.71,10.88,4050905,13811,10.8607
2020-06-15T04:00:00Z,10.66,11,10.61,10.94,4873838,13771,10.8307
2020-06-16T04:00:00Z,11.3,11.3,10.925,11.1,3521087,12575,11.1369
2020-06-17T04:00:00Z,11.24,11.26,11.04,11.06,3057026,10076,11.1136
2020-06-18T04:00:00Z,11.04,11.16,11.005,11.08,2613153,8705,11.0827
2020-06-19T04:00:00Z,11.06,11.07,10.76,10.82,2893696,8941,10.8837
2020-06-22T04:00:00Z,11.05,11.145,10.99,11.06,2898012,7972,11.0634
2020-06-23T04:00:00Z,11.4,11.44,11.24,11.26,2803532,8132,11.3283
2020-06-24T04:00:00Z,11.24,11.25,10.95,10.96,4139258,11559,11.0669
2020-06-25T04:00:00Z,11.1,11.4,11.06,11.4,3037826,9597,11.2781
2020-06-26T04:00:00Z,11.48,11.495,11.175,11.22,5337710,14737,11.2897
2020-06-29T04:00:00Z,11.41,11.5,11.3,11.38,2998238,9061,11.3898
2020-06-30T04:00:00Z,11.36,11.54,11.34,11.54,3468264,9543,11.4566
2020-07-01T04:00:00Z,11.51,11.59,11.39,11.41,3333510,9266,11.4744
2020-07-02T04:00:00Z,11.73,11.79,11.62,11.65,2898007,7887,11.6986
2020-07-06T04:00:00Z,11.87,12,11.81,11.93,2973166,7089,11.9216
2020-07-07T04:00:00Z,11.96,11.96,11.69,11.71,4856257,12686,11.7954
2020-07-08T04:00:00Z,11.7,11.88,11.692,11.87,3465978,9996,11.8128
2020-07-09T04:00:00Z,11.93,11.94,11.64,11.67,2651873,7436,11.752
2020-07-10T04:00:00Z,11.73,11.98,11.725,11.93,3023065,8408,11.8704
2020-07-13T04:00:00Z,11.87,11.925,11.775,11.8,3291213,9945,11.85
2020-07-14T04:00:00Z,11.99,12.18,11.965,12.16,4024113,10675,12.0708
2020-07-15T04:00:00Z,12.13,12.175,11.98,12.07,2363712,6700,12.0742
2020-07-16T04:00:00Z,11.98,12.12,11.95,12.07,3564355,8075,12.0552
2020-07-17T04:00:00Z,12.1,12.12,12.03,12.07,2463311,7030,12.0757
2020-07-20T04:00:00Z,11.97,12.06,11.925,12.02,3063287,8171,12.011
2020-07-21T04:00:00Z,12.33,12.42,12.28,12.31,3617481,9562,12.3327
2020-07-22T04:00:00Z,12.48,12.49,12.29,12.36,4272125,13257,12.3818
2020-07-23T04:00:00Z,12.18,12.21,12.0705,12.16,3593444,8713,12.128
2020-07-24T04:00:00Z,12.21,12.29,12.14,12.17,2329782,6689,12.2064
2020-07-27T04:00:00Z,12.24,12.34,12.17,12.3,2045043,6202,12.28
2020-07-28T04:00:00Z,12.23,12.245,12.03,12.08,2263256,6408,12.1041
2020-07-29T04:00:00Z,11.82,11.995,11.76,11.98,2199680,5700,11.8953
2020-07-30T04:00:00Z,11.64,11.76,11.54,11.74,2264946,6665,11.6572
2020-07-31T04:00:00Z,11.92,11.92,11.61,11.68,2834102,7294,11.729
2020-08-03T04:00:00Z,11.73,11.855,11.69,11.84,1519603,4724,11.8098
2020-08-04T04:00:00Z,12,12.035,11.96,12,2039780,6376,12.0014
2020-08-05T04:00:00Z,12.13,12.24,12.13,12.21,1884291,5055,12.206
2020-08-06T04:00:00Z,12.1,12.24,12.08,12.24,2108958,5012,12.1616
2020-08-07T04:00:00Z,12.05,12.2,12.005,12.19,1911451,5507,12.1048
2020-08-10T04:00:00Z,12.23,12.29,12.19,12.28,1553629,5320,12.2484
2020-08-11T04:00:00Z,12.39,12.48,12.31,12.32,3395537,8446,12.3949
2020-08-12T04:00:00Z,12.66,12.67,12.495,12.52,2200556,7973,12.5829
2020-08-13T04:00:00Z,12.47,12.5441,12.39,12.41,1903518,5989,12.4463
2020-08-14T04:00:00Z,12.24,12.38,12.23,12.33,1695119,5893,12.317
2020-08-17T04:00:00Z,12.31,12.345,12.21,12.29,1672147,5234,12.2628
2020-08-18T04:00:00Z,12.22,12.25,12.115,12.14,1543080,5405,12.1541
2020-08-19T04:00:00Z,12.18,12.25,12.125,12.15,2125463,6686,12.1939
2020-08-20T04:00:00Z,11.96,12.045,11.955,12.03,1953023,6527,12.0093
2020-08-21T04:00:00Z,11.93,12.06,11.915,12.03,1473914,4893,11.9969
2020-08-24T04:00:00Z,12.18,12.29,12.13,12.27,2019177,6134,12.2295
2020-08-25T04:00:00Z,12.38,12.42,12.2,12.23,1777086,6746,12.2751
2020-08-26T04:00:00Z,12.35,12.43,12.3101,12.38,1446114,5233,12.3643
2020-08-27T04:00:00Z,12.38,12.39,12.255,12.29,3002077,8874,12.3107
2020-08-28T04:00:00Z,12.39,12.4,12.315,12.36,1652186,5798,12.3589
2020-08-31T04:00:00Z,12.31,12.3225,12.15,12.15,1644429,6586,12.2148
2020-09-01T04:00:00Z,12.12,12.22,12.06,12.19,1619133,6327,12.1497
2020-09-02T04:00:00Z,12.29,12.45,12.26,12.43,2054120,8407,12.3638
2020-09-03T04:00:00Z,12.5,12.55,12.17,12.23,3459308,11843,12.3315
2020-09-04T04:00:00Z,12.38,12.405,12.14,12.29,2880642,9445,12.2629
2020-09-08T04:00:00Z,12.08,12.12,11.98,12.02,3421262,9775,12.0445
2020-09-09T04:00:00Z,12.3,12.38,12.23,12.32,2183330,8424,12.332
2020-09-10T04:00:00Z,12.49,12.51,12.16,12.21,2821344,9910,12.3071
2020-09-11T04:00:00Z,12.31,12.3155,12.19,12.25,1759521,6700,12.2571
2020-09-14T04:00:00Z,12.51,12.63,12.445,12.52,1646703,6961,12.5459
2020-09-15T04:00:00Z,12.43,12.46,12.26,12.29,2015407,7068,12.3305
2020-09-16T04:00:00Z,12.25,12.43,12.195,12.35,1929837,7725,12.3557
2020-09-17T04:00:00Z,12.18,12.31,12.175,12.27,1762965,5952,12.2431
2020-09-18T04:00:00Z,12.06,12.115,11.98,12.03,2047288,6616,12.0526
2020-09-21T04:00:00Z,11.41,11.45,11.2,11.37,3566209,11176,11.311
2020-09-22T04:00:00Z,11.33,11.38,11.13,11.23,2366927,7899,11.2139
2020-09-23T04:00:00Z,11.17,11.225,10.9,10.91,3747917,8284,11.0497
2020-09-24T04:00:00Z,10.83,10.9,10.72,10.78,4016449,10009,10.8023
2020-09-25T04:00:00Z,10.44,10.53,10.3916,10.51,2731182,9107,10.4582
2020-09-28T04:00:00Z,10.94,11.12,10.91,11.07,3172483,10188,11.0506
2020-09-29T04:00:00Z,11,11.05,10.915,11.01,2668398,8400,10.9919
2020-09-30T04:00:00Z,11.13,11.28,11.09,11.15,3399008,8704,11.1864
2020-10-01T04:00:00Z,11.23,11.255,11.1015,11.22,4603416,10278,11.187
2020-10-02T04:00:00Z,11.1,11.38,11.07,11.34,3415036,10647,11.2925
2020-10-05T04:00:00Z,11.53,11.6,11.49,11.57,2444099,7926,11.5525
2020-10-06T04:00:00Z,11.8,11.82,11.57,11.58,3460164,9744,11.7103
2020-10-07T04:00:00Z,11.69,11.79,11.6601,11.75,2535926,6607,11.7211
2020-10-08T04:00:00Z,11.81,11.82,11.7,11.78,2472664,5534,11.7735
2020-10-09T04:00:00Z,11.8,11.8,11.5964,11.67,2066530,6014,11.6798
2020-10-12T04:00:00Z,11.71,11.835,11.69,11.81,2236698,7593,11.7763
2020-10-13T04:00:00Z,11.71,11.74,11.59,11.64,1757849,5567,11.6547
2020-10-14T04:00:00Z,11.66,11.685,11.5,11.51,3421709,8191,11.5825
2020-10-15T04:00:00Z,11.21,11.45,11.2,11.44,4003413,10317,11.3717
2020-10-16T04:00:00Z,11.58,11.69,11.545,11.62,2540235,7747,11.6181
2020-10-19T04:00:00Z,11.9,12.04,11.75,11.75,4405348,9856,11.8879
2020-10-20T04:00:00Z,12.39,12.54,12.36,12.37,6949443,17100,12.4392
2020-10-21T04:00:00Z,12.37,12.45,12.22,12.22,4030132,10369,12.3253
2020-10-22T04:00:00Z,12.2,12.48,12.18,12.44,2930751,8309,12.352
2020-10-23T04:00:00Z,12.53,12.55,12.3615,12.44,2142197,5881,12.4455
2020-10-26T04:00:00Z,12.4,12.44,12.285,12.39,3332030,9130,12.3662
2020-10-27T04:00:00Z,12.28,12.32,12.09,12.09,2445481,7342,12.1796
2020-10-28T04:00:00Z,11.7,11.75,11.545,11.59,3430719,8936,11.633
2020-10-29T04:00:00Z,11.54,11.775,11.47,11.59,2842694,6955,11.6241
2020-10-30T04:00:00Z,11.68,11.72,11.5316,11.69,3256739,8056,11.6294
2020-11-02T05:00:00Z,11.95,11.98,11.845,11.94,2744915,7338,11.9201
2020-11-03T05:00:00Z,12.5,12.8,12.475,12.73,4367673,12097,12.6807
2020-11-04T05:00:00Z,12.65,12.75,12.5301,12.57,3955979,10852,12.6485
2020-11-05T05:00:00Z,12.85,13.06,12.83,12.99,2857948,8241,12.9801
2020-11-06T05:00:00Z,13.11,13.133,13.03,13.06,2896198,7193,13.0771
2020-11-09T05:00:00Z,13.53,13.74,13.325,13.53,6586096,13843,13.5359
2020-11-10T05:00:00Z,13.68,13.76,13.585,13.68,3783182,11199,13.6939
2020-11-11T05:00:00Z,13.6,13.74,13.565,13.65,3814392,10271,13.6609
2020-11-12T05:00:00Z,13.53,13.59,13.385,13.47,2020002,6436,13.4931
2020-11-13T05:00:00Z,13.6,13.69,13.595,13.67,2329519,6862,13.6435
2020-11-16T05:00:00Z,14.05,14.335,14.04,14.26,5090520,10903,14.2153
2020-11-17T05:00:00Z,14.38,14.54,14.335,14.5,3485474,9679,14.448
2020-11-18T05:00:00Z,14.43,14.5,14.25,14.25,2608764,7007,14.4026
2020-11-19T05:00:00Z,14.41,14.48,14.335,14.47,2177258,6580,14.4232
2020-11-20T05:00:00Z,14.33,14.435,14.28,14.42,2875440,7035,14.3732
2020-11-23T05:00:00Z,14.54,14.615,14.51,14.56,3388106,8404,14.5554
2020-11-24T05:00:00Z,14.51,14.78,14.4801,14.76,2480587,6517,14.6859
2020-11-25T05:00:00Z,14.53,14.64,14.45,14.62,1988476,5631,14.5712
2020-11-27T05:00:00Z,14.45,14.61,14.45,14.55,1842757,4832,14.5262
2020-11-30T05:00:00Z,14.4,14.465,14.13,14.14,4717274,12358,14.2842
2020-12-01T05:00:00Z,14.15,14.555,14.14,14.5,6428284,13429,14.3933
2020-12-02T05:00:00Z,14.28,14.56,14.25,14.54,7742708,17295,14.4092
2020-12-03T05:00:00Z,14.49,14.6,14.425,14.5,3718980,10892,14.5359
2020-12-04T05:00:00Z,14.51,14.56,14.39,14.44,4206677,10179,14.4487
2020-12-07T05:00:00Z,14.56,14.61,14.415,14.47,2976576,8367,14.4918
2020-12-08T05:00:00Z,14.4,14.485,14.39,14.43,1647520,5752,14.428
2020-12-09T05:00:00Z,14.51,14.585,14.3605,14.44,2284690,7340,14.4758
2020-12-10T05:00:00Z,14.11,14.196,14.09,14.16,2087302,5895,14.1463
2020-12-11T05:00:00Z,13.96,14.01,13.88,13.96,1573448,5284,13.9483
2020-12-14T05:00:00Z,14.11,14.13,13.92,13.94,1627269,5247,14.0101
2020-12-15T05:00:00Z,14.19,14.31,14.08,14.3,2972876,8678,14.2478
2020-12-16T05:00:00Z,14.31,14.31,14.14,14.21,1785305,5980,14.2122
2020-12-17T05:00:00Z,14.23,14.25,14.1,14.11,1532376,5276,14.153
2020-12-18T05:00:00Z,14.06,14.07,13.97,14.06,2065353,6354,14.03
2020-12-21T05:00:00Z,13.59,13.82,13.53,13.8,2931570,8748,13.7011
2020-12-22T05:00:00Z,13.77,13.81,13.64,13.68,1930869,7491,13.7005
2020-12-23T05:00:00Z,13.87,14.185,13.85,14.12,2223544,6922,14.0851
2020-12-24T05:00:00Z,14.12,14.12,14.005,14.07,645481,2951,14.049
2020-12-28T05:00:00Z,14.08,14.16,14.04,14.08,1419619,5948,14.0868
2020-12-29T05:00:00Z,14.15,14.19,14.085,14.11,1853638,6735,14.1272
2020-12-30T05:00:00Z,14.13,14.22,14.02,14.06,2129140,6365,14.1119
2020-12-31T05:00:00Z,14.09,14.16,13.99,14.13,1692855,5033,14.0914
2021-01-04T05:00:00Z,14.44,14.4561,14.17,14.29,5023504,12670,14.3115
2021-01-05T05:00:00Z,14.48,14.69,14.45,14.61,3642037,9528,14.5817
2021-01-06T05:00:00Z,14.94,15.25,14.88,15.1,5312599,12429,15.1053
2021-01-07T05:00:00Z,15.4,15.61,15.36,15.54,4662470,11236,15.5062
2021-01-08T05:00:00Z,15.39,15.4,15.14,15.29,2171010,6136,15.2755
2021-01-11T05:00:00Z,15,15.25,14.95,15.23,2480288,8004,15.1538
2021-01-12T05:00:00Z,15.23,15.37,15.1727,15.36,4175542,9642,15.264
2021-01-13T05:00:00Z,15.09,15.14,15.02,15.11,2842816,9392,15.094
2021-01-14T05:00:00Z,15.18,15.31,15.165,15.24,2502940,7194,15.2533
2021-01-15T05:00:00Z,15.22,15.25,15.02,15.13,1858821,5595,15.1466
2021-01-19T05:00:00Z,14.96,14.98,14.84,14.9,3584323,8668,14.8951
2021-01-20T05:00:00Z,15.03,15.03,14.9146,14.95,1587047,5577,14.9602
2021-01-21T05:00:00Z,15.05,15.07,14.88,14.93,2276879,7381,14.9477
2021-01-22T05:00:00Z,14.86,14.95,14.8,14.88,2973552,9095,14.8697
2021-01-25T05:00:00Z,14.74,14.765,14.3955,14.53,5319111,14517,14.5895
2021-01-26T05:00:00Z,14.95,15.05,14.87,14.94,4016613,14551,14.9407
2021-01-27T05:00:00Z,14.78,14.795,14.55,14.56,5121124,13734,14.6533
2021-01-28T05:00:00Z,14.78,15.17,14.75,15.11,5152003,14950,15.0156
2021-01-29T05:00:00Z,14.57,14.63,14.325,14.39,4544252,12439,14.4581
2021-02-01T05:00:00Z,14.54,14.67,14.47,14.64,2172129,6867,14.5757
2021-02-02T05:00:00Z,14.74,14.8467,14.71,14.84,2168225,7552,14.801
2021-02-03T05:00:00Z,14.8,14.97,14.8,14.93,2110822,7422,14.8922
2021-02-04T05:00:00Z,14.83,15.02,14.8299,14.97,2579075,9165,14.9515
2021-02-05T05:00:00Z,15.03,15.03,14.87,14.93,2863041,8576,14.9302
2021-02-08T05:00:00Z,15.09,15.49,15.08,15.34,7261665,19778,15.2898
2021-02-09T05:00:00Z,15.31,15.37,15.2301,15.34,3183742,10576,15.3113
2021-02-10T05:00:00Z,15.51,15.53,15.315,15.43,3288254,10665,15.4656
2021-02-11T05:00:00Z,15.34,15.36,15.19,15.3,1744969,6725,15.291
2021-02-12T05:00:00Z,15.29,15.42,15.28,15.4,1326305,5353,15.3729
2021-02-16T05:00:00Z,15.68,15.91,15.68,15.86,2446619,8820,15.8342
2021-02-17T05:00:00Z,15.68,15.695,15.485,15.62,2451521,8705,15.592
2021-02-18T05:00:00Z,15.48,15.515,15.26,15.37,1794530,6689,15.3645
2021-02-19T05:00:00Z,15.57,15.63,15.5,15.52,1844458,5783,15.5513
2021-02-22T05:00:00Z,15.53,15.845,15.5,15.73,2114765,7173,15.7369
2021-02-23T05:00:00Z,15.6,15.69,15.4,15.61,2461539,9537,15.6016
2021-02-24T05:00:00Z,15.76,16.01,15.74,15.96,1950138,6873,15.8952
2021-02-25T05:00:00Z,16.09,16.2,15.75,15.8,3075266,12785,15.967
2021-02-26T05:00:00Z,15.73,15.735,15.5,15.52,3191094,10637,15.5784
2021-03-01T05:00:00Z,15.71,15.86,15.71,15.81,2285504,7781,15.7754
2021-03-02T05:00:00Z,15.93,16.03,15.89,15.98,3188849,10853,15.9707
2021-03-03T05:00:00Z,15.71,15.97,15.69,15.79,4078497,12868,15.8199
2021-03-04T05:00:00Z,15.64,15.72,15.2015,15.4,4889996,14646,15.4736
2021-03-05T05:00:00Z,15.65,15.67,15.345,15.63,3960918,13090,15.5417
2021-03-08T05:00:00Z,15.77,15.8392,15.67,15.68,4187670,12934,15.7599
2021-03-09T05:00:00Z,15.55,15.72,15.43,15.59,5103221,14763,15.5856
2021-03-10T05:00:00Z,15.69,15.73,15.491,15.66,2319087,7993,15.5975
2021-03-11T05:00:00Z,15.4,15.495,15.33,15.43,3992765,12421,15.4198
2021-03-12T05:00:00Z,15.49,15.6261,15.42,15.45,2579940,9779,15.4854
2021-03-15T04:00:00Z,15.37,15.415,15.18,15.4,2902778,9738,15.3172
2021-03-16T04:00:00Z,15.59,15.595,15.38,15.51,2339540,8468,15.5044
2021-03-17T04:00:00Z,15.5,15.765,15.48,15.75,2968151,10621,15.6398
2021-03-18T04:00:00Z,16.03,16.305,15.97,16.02,4622970,13893,16.1215
2021-03-19T04:00:00Z,15.9,16.05,15.75,16.03,5388512,13295,15.9526
2021-03-22T04:00:00Z,15.97,16.13,15.875,16.1,4682419,14411,15.991
2021-03-23T04:00:00Z,15.93,15.98,15.68,15.71,3420710,11433,15.8323
2021-03-24T04:00:00Z,15.75,15.98,15.745,15.78,2323961,8637,15.8452
2021-03-25T04:00:00Z,15.83,16.11,15.715,16.06,3040745,10956,15.9322
2021-03-26T04:00:00Z,16.08,16.19,15.985,16.04,3711537,12724,16.0644
2021-03-29T04:00:00Z,15.51,15.665,15.435,15.59,3595784,12644,15.5545
2021-03-30T04:00:00Z,15.53,15.64,15.51,15.6,2520564,8877,15.5822
2021-03-31T04:00:00Z,15.58,15.6399,15.5,15.53,2836100,8496,15.5691
2021-04-01T04:00:00Z,15.73,15.895,15.69,15.85,3482778,11065,15.8039
2021-04-05T04:00:00Z,15.99,16.1,15.96,16.01,1778747,6607,16.0178
2021-04-06T04:00:00Z,16.11,16.24,16.095,16.23,3290896,10571,16.1793
2021-04-07T04:00:00Z,16.11,16.22,16.05,16.22,2623255,8676,16.1292
2021-04-08T04:00:00Z,16.04,16.23,15.96,16.19,1814110,6544,16.1226
2021-04-09T04:00:00Z,16.08,16.2,16.07,16.2,1354650,5637,16.1457
2021-04-12T04:00:00Z,16.09,16.2,16.06,16.17,2213272,9866,16.1447
2021-04-13T04:00:00Z,15.67,15.67,15.525,15.64,2138463,7979,15.6137
2021-04-14T04:00:00Z,15.7,15.91,15.68,15.79,1497797,5695,15.8224
2021-04-15T04:00:00Z,15.91,15.91,15.75,15.86,2417938,8467,15.8461
2021-04-16T04:00:00Z,15.96,16.16,15.935,16.11,2182402,8580,16.0724
2021-04-19T04:00:00Z,16.04,16.04,15.94,15.94,28104,1,16.04
2021-04-20T04:00:00Z,15.79,15.79,15.475,15.57,2350792,9525,15.5792
2021-04-21T04:00:00Z,15.2,15.46,15.15,15.46,4081304,14309,15.3663
2021-04-22T04:00:00Z,15.24,15.3,15.11,15.19,4261245,14962,15.2161
2021-04-23T04:00:00Z,15.13,15.4,15.075,15.33,2393614,9159,15.2649
2021-04-26T04:00:00Z,15.41,15.525,15.365,15.38,3118205,11795,15.4337
2021-04-27T04:00:00Z,15.1,15.26,15.01,15.22,4159532,16542,15.158
2021-04-28T04:00:00Z,15.38,15.55,15.345,15.55,2993758,10962,15.463
2021-04-29T04:00:00Z,15.56,15.6357,15.445,15.59,2572253,9594,15.5594
2021-04-30T04:00:00Z,15.47,15.475,15.24,15.29,2622335,8355,15.3221
2021-05-03T04:00:00Z,15.41,15.475,15.35,15.36,2454389,7817,15.3882
2021-05-04T04:00:00Z,15.15,15.26,14.91,15,3029258,11642,15.0198
2021-05-05T04:00:00Z,15.2,15.39,15.14,15.36,2894284,9494,15.3011
2021-05-06T04:00:00Z,15.5,15.67,15.38,15.66,3706448,11377,15.5303
2021-05-07T04:00:00Z,15.54,15.8,15.52,15.8,2996205,10549,15.6813
2021-05-10T04:00:00Z,15.53,15.64,15.415,15.43,3849706,12883,15.5292
2021-05-11T04:00:00Z,15.14,15.245,14.995,15.11,3736294,12466,15.1113
2021-05-12T04:00:00Z,15.2,15.28,14.94,14.96,2441816,9298,15.1173
2021-05-13T04:00:00Z,14.96,15.34,14.94,15.27,2261315,8636,15.2164
2021-05-14T04:00:00Z,15.38,15.5199,15.37,15.49,1782828,7200,15.4494
2021-05-17T04:00:00Z,15.53,15.6,15.47,15.58,3309058,12762,15.5469
2021-05-18T04:00:00Z,15.65,15.7,15.53,15.53,2402130,10136,15.6192
2021-05-19T04:00:00Z,15.4,15.58,15.28,15.52,4967123,16897,15.4578
2021-05-20T04:00:00Z,15.67,15.795,15.57,15.75,5052468,18176,15.7011
2021-05-21T04:00:00Z,15.84,15.91,15.8,15.87,3280587,11296,15.8723
2021-05-24T04:00:00Z,15.9,16.01,15.83,15.98,2833624,11954,15.9579
2021-05-25T04:00:00Z,16.17,16.2399,15.975,15.99,4095541,14364,16.087
2021-05-26T04:00:00Z,15.79,15.955,15.72,15.93,3630684,13082,15.8769
2021-05-27T04:00:00Z,16.12,16.24,16.1,16.23,5639648,17106,16.1651
2021-05-28T04:00:00Z,16.36,16.42,16.275,16.37,5314412,18989,16.3505
2021-06-01T04:00:00Z,16.5,16.575,16.45,16.49,4350781,13650,16.5153
2021-06-02T04:00:00Z,16.43,16.46,16.35,16.43,3183255,12365,16.4012
2021-06-03T04:00:00Z,16.48,16.58,16.45,16.52,3504079,13195,16.5111
2021-06-04T04:00:00Z,16.45,16.48,16.35,16.47,2515430,9860,16.4214
2021-06-07T04:00:00Z,16.51,16.53,16.425,16.47,2373372,8516,16.469
2021-06-08T04:00:00Z,16.39,16.5259,16.33,16.45,3569811,11887,16.4438
2021-06-09T04:00:00Z,16.36,16.366,16.25,16.27,2744842,9577,16.2897
2021-06-10T04:00:00Z,16.33,16.38,16.17,16.18,3502931,12190,16.2411
2021-06-11T04:00:00Z,16.21,16.275,16.18,16.24,3639793,13425,16.2195
2021-06-14T04:00:00Z,16.24,16.32,16.2,16.26,1469649,5579,16.2446
2021-06-15T04:00:00Z,16.26,16.43,16.26,16.37,1658214,6599,16.3518
2021-06-16T04:00:00Z,16.25,16.28,16.11,16.18,2013042,8009,16.2073
2021-06-17T04:00:00Z,16.19,16.245,15.78,15.88,3075646,11518,15.9711
2021-06-18T04:00:00Z,15.58,15.68,15.485,15.52,2815937,9025,15.5516
2021-06-21T04:00:00Z,15.51,15.6,15.475,15.59,2094766,8396,15.5409
2021-06-22T04:00:00Z,15.43,15.48,15.365,15.42,2357598,8269,15.4205
2021-06-23T04:00:00Z,15.55,15.565,15.46,15.49,1940811,6914,15.5036
2021-06-24T04:00:00Z,15.59,15.71,15.53,15.66,2071782,7398,15.6237
2021-06-25T04:00:00Z,15.64,15.71,15.585,15.68,2103012,8379,15.6521
2021-06-28T04:00:00Z,15.64,15.64,15.47,15.55,1714589,6481,15.5474
2021-06-29T04:00:00Z,15.56,15.62,15.45,15.48,2110713,7925,15.5165
2021-06-30T04:00:00Z,15.25,15.37,15.23,15.34,2324584,8873,15.3239
2021-07-01T04:00:00Z,15.45,15.47,15.365,15.47,1997359,7184,15.4278
2021-07-02T04:00:00Z,15.45,15.46,15.325,15.41,1466219,5088,15.4038
2021-07-06T04:00:00Z,15.31,15.32,15.075,15.19,1996436,8731,15.1912
2021-07-07T04:00:00Z,15.09,15.155,14.98,15.08,1652972,6934,15.0867
2021-07-08T04:00:00Z,14.75,14.8,14.61,14.68,2851738,10685,14.6902
2021-07-09T04:00:00Z,14.92,15.02,14.84,14.98,3061237,10688,14.9605
2021-07-12T04:00:00Z,14.9,15.13,14.87,15.1,2937635,10766,15.0676
2021-07-13T04:00:00Z,15.12,15.16,14.98,15.05,2328389,9035,15.0566
2021-07-14T04:00:00Z,15.1,15.18,14.99,15.09,2634335,9580,15.0734
2021-07-15T04:00:00Z,14.99,15.14,14.95,15.03,1726269,7319,15.0259
2021-07-16T04:00:00Z,15.02,15.04,14.84,14.87,2239862,9130,14.9002
2021-07-19T04:00:00Z,14.59,14.67,14.42,14.54,3593363,12883,14.5251
2021-07-20T04:00:00Z,14.9,15.35,14.88,15.27,4050656,15109,15.1658
2021-07-21T04:00:00Z,15.59,15.89,15.57,15.8,2886114,10537,15.7711
2021-07-22T04:00:00Z,15.85,15.855,15.64,15.69,2579065,9774,15.7323
2021-07-23T04:00:00Z,15.92,15.96,15.815,15.93,2909764,12128,15.9161
2021-07-26T04:00:00Z,16.08,16.245,16.07,16.21,2541993,9226,16.1806
2021-07-27T04:00:00Z,16.13,16.27,16.06,16.21,2650703,9960,16.1769
2021-07-28T04:00:00Z,16.19,16.2458,16.04,16.18,1862614,7525,16.1598
2021-07-29T04:00:00Z,16.51,16.57,16.44,16.52,1868986,8010,16.5253
2021-07-30T04:00:00Z,16.55,16.65,16.43,16.48,2108553,8302,16.4986
2021-08-02T04:00:00Z,16.66,16.8,16.53,16.54,2346052,10507,16.646
2021-08-03T04:00:00Z,16.69,16.74,16.5,16.7,2114029,8188,16.6436
2021-08-04T04:00:00Z,16.64,16.7,16.58,16.6,1958891,8255,16.6305
2021-08-05T04:00:00Z,16.68,16.775,16.6636,16.74,1947890,8129,16.7232
2021-08-06T04:00:00Z,16.83,16.91,16.81,16.89,2021640,7695,16.8723
2021-08-09T04:00:00Z,16.9,16.93,16.8108,16.86,1709616,6831,16.8691
2021-08-10T04:00:00Z,16.84,16.955,16.815,16.93,1608347,7163,16.9081
2021-08-11T04:00:00Z,17.04,17.09,17,17.07,1586875,6655,17.0498
2021-08-12T04:00:00Z,17.05,17.1,16.962,17.06,1175466,5472,17.0483
2021-08-13T04:00:00Z,17.08,17.2,17.01,17.12,1704767,6253,17.1227
2021-08-16T04:00:00Z,16.99,17.075,16.885,17.07,1296323,6047,16.9994
2021-08-17T04:00:00Z,16.9,17.02,16.74,16.87,1819373,6153,16.9093
2021-08-18T04:00:00Z,16.83,16.975,16.77,16.78,1724279,6741,16.8778
2021-08-19T04:00:00Z,16.55,16.629,16.48,16.58,1967908,7518,16.55
2021-08-20T04:00:00Z,16.54,16.66,16.52,16.62,1670615,6570,16.5955
2021-08-23T04:00:00Z,16.72,16.8,16.695,16.73,1599056,6224,16.7436
2021-08-24T04:00:00Z,16.73,16.88,16.73,16.83,1344318,5851,16.8286
2021-08-25T04:00:00Z,16.92,17.075,16.86,17,1639070,6980,16.9927
2021-08-26T04:00:00Z,16.88,16.925,16.7,16.73,1265339,6057,16.8044
2021-08-27T04:00:00Z,16.67,16.91,16.66,16.9,984894,4572,16.842
2021-08-30T04:00:00Z,16.74,16.775,16.66,16.67,1343879,6096,16.7055
2021-08-31T04:00:00Z,16.73,16.735,16.63,16.66,1467865,6438,16.6682
2021-09-01T04:00:00Z,16.7,16.84,16.67,16.75,1545298,6499,16.7568
2021-09-02T04:00:00Z,16.73,16.82,16.6637,16.74,1162385,4938,16.7449
2021-09-03T04:00:00Z,16.72,16.775,16.67,16.73,1234710,5771,16.7242
2021-09-07T04:00:00Z,16.8,16.9016,16.71,16.72,1222166,6096,16.7921
2021-09-08T04:00:00Z,16.68,16.756,16.53,16.59,1617913,6796,16.6147
2021-09-09T04:00:00Z,16.51,16.665,16.49,16.51,1454528,6316,16.5659
2021-09-10T04:00:00Z,16.65,16.6681,16.53,16.54,1399549,5230,16.5964
2021-09-13T04:00:00Z,16.68,16.79,16.6301,16.73,1811915,7498,16.7178
2021-09-14T04:00:00Z,16.82,16.855,16.545,16.57,1580369,6514,16.6637
2021-09-15T04:00:00Z,16.68,16.76,16.635,16.71,1497512,6034,16.7033
2021-09-16T04:00:00Z,16.8,16.83,16.67,16.74,1802450,7098,16.73
2021-09-17T04:00:00Z,16.67,16.71,16.37,16.39,1747007,7136,16.4635
2021-09-20T04:00:00Z,15.58,15.595,15.22,15.39,4302760,16979,15.4018
2021-09-21T04:00:00Z,15.41,15.47,15.255,15.27,2942092,11875,15.3453
2021-09-22T04:00:00Z,15.59,15.74,15.56,15.61,1845051,8392,15.6511
2021-09-23T04:00:00Z,15.75,15.91,15.725,15.79,2284137,8741,15.834
2021-09-24T04:00:00Z,15.81,15.92,15.81,15.87,2046443,8149,15.8734
2021-09-27T04:00:00Z,16.03,16.19,16.03,16.14,1951893,7621,16.1206
2021-09-28T04:00:00Z,16.16,16.2,15.91,15.96,2538528,8255,16.0062
2021-09-29T04:00:00Z,16.1,16.1869,16.028,16.14,2820535,8245,16.103
2021-09-30T04:00:00Z,16.08,16.11,15.86,15.94,2752741,11541,15.987
2021-10-01T04:00:00Z,15.87,16,15.7429,15.93,2779079,10546,15.8836
2021-10-04T04:00:00Z,16.03,16.1455,15.9,15.96,2296305,8568,16.0243
2021-10-05T04:00:00Z,15.99,16.24,15.94,16.17,2138499,8817,16.166
2021-10-06T04:00:00Z,15.95,16.13,15.85,16.12,2290769,8408,15.9999
2021-10-07T04:00:00Z,16.43,16.595,16.43,16.44,1825172,7244,16.5118
2021-10-08T04:00:00Z,16.6,16.8,16.56,16.71,2244227,7919,16.71
2021-10-11T04:00:00Z,16.87,16.95,16.66,16.66,1628605,6622,16.8181
2021-10-12T04:00:00Z,16.74,16.775,16.62,16.71,1759652,6724,16.7166
2021-10-13T04:00:00Z,16.73,16.78,16.54,16.75,1248332,5708,16.7013
2021-10-14T04:00:00Z,17.11,17.1657,17.025,17.15,2531848,8578,17.113
2021-10-15T04:00:00Z,17.25,17.35,17.1501,17.28,2455353,9886,17.2727
2021-10-18T04:00:00Z,17.21,17.28,17.19,17.21,1393533,6816,17.2257
2021-10-19T04:00:00Z,17.26,17.325,17.23,17.28,1798621,6533,17.2821
2021-10-20T04:00:00Z,17.29,17.48,17.25,17.43,1808651,6695,17.4073
2021-10-21T04:00:00Z,17.34,17.42,17.31,17.42,1752779,6656,17.3662
2021-10-22T04:00:00Z,17.55,17.67,17.485,17.67,1675026,6535,17.5986
2021-10-25T04:00:00Z,17.67,17.77,17.67,17.77,59264,8,17.7393
2021-10-26T04:00:00Z,17.9,18.035,17.87,17.96,3120038,12211,17.9487
2021-10-27T04:00:00Z,18.04,18.2,17.98,18.04,2876891,10723,18.0908
2021-10-28T04:00:00Z,18.02,18.2,17.97,18.18,1939772,7693,18.0967
2021-10-29T04:00:00Z,18.21,18.3,18.09,18.15,1700336,8930,18.1723
2021-11-01T04:00:00Z,18.4,18.55,18.39,18.52,2349441,11040,18.4915
2021-11-02T04:00:00Z,18.46,18.615,18.42,18.57,1831551,10246,18.5334
2021-11-03T04:00:00Z,18.61,18.6719,18.51,18.59,2186080,9972,18.5944
2021-11-04T04:00:00Z,18.45,18.455,18.125,18.22,2441546,11081,18.2512
2021-11-05T04:00:00Z,18.38,18.39,18.275,18.35,1943357,8583,18.3341
2021-11-08T05:00:00Z,18.3,18.41,18.28,18.29,1897788,8250,18.3339
2021-11-09T05:00:00Z,18.37,18.415,18.275,18.35,2430376,11213,18.3307
2021-11-10T05:00:00Z,18.27,18.31,18.08,18.09,1613371,7791,18.1696
2021-11-11T05:00:00Z,18.02,18.17,17.975,18.14,1907955,7927,18.0776
2021-11-12T05:00:00Z,18,18.17,17.985,18.1,1394579,6494,18.077
2021-11-15T05:00:00Z,18.13,18.163,17.995,18.01,907698,4255,18.0787
2021-11-16T05:00:00Z,18.08,18.1,18,18.01,857983,5059,18.0507
2021-11-17T05:00:00Z,18.1,18.2899,18.095,18.25,1515225,7704,18.2005
2021-11-18T05:00:00Z,18.05,18.08,17.93,17.97,1608080,7269,17.9879
2021-11-19T05:00:00Z,17.57,17.61,17.42,17.49,1747893,7829,17.5069
2021-11-22T05:00:00Z,17.51,17.7,17.46,17.47,1828571,8223,17.5742
2021-11-23T05:00:00Z,17.44,17.595,17.435,17.57,2186295,9467,17.5199
2021-11-24T05:00:00Z,17.52,17.735,17.52,17.67,1672101,7917,17.6535
2021-11-26T05:00:00Z,17.06,17.075,16.89,17.06,1335974,5927,16.9966
2021-11-29T05:00:00Z,17.14,17.23,17.005,17.15,1759331,7686,17.1284
2021-11-30T05:00:00Z,17.28,17.335,17.055,17.28,3656880,14568,17.2401
2021-12-01T05:00:00Z,17.57,17.63,17.18,17.19,2954487,12241,17.4253
2021-12-02T05:00:00Z,17.39,17.8099,17.375,17.73,2652432,10795,17.675
2021-12-03T05:00:00Z,17.75,17.75,17.415,17.51,1865478,9246,17.5383
2021-12-06T05:00:00Z,17.75,17.85,17.69,17.73,2792685,10528,17.7718
2021-12-07T05:00:00Z,17.96,18.1204,17.93,18.02,1815061,7958,18.0396
2021-12-08T05:00:00Z,18.03,18.115,17.995,18.03,1579850,7635,18.0533
2021-12-09T05:00:00Z,17.92,17.96,17.8537,17.92,1456909,6487,17.9106
2021-12-10T05:00:00Z,17.85,17.96,17.795,17.9,2286036,11325,17.8716
2021-12-13T05:00:00Z,18.03,18.0499,17.77,17.77,3017053,11553,17.8718
2021-12-14T05:00:00Z,17.74,17.895,17.64,17.76,2265073,11545,17.7709
2021-12-15T05:00:00Z,17.63,17.635,17.445,17.59,2370491,10240,17.5385
2021-12-16T05:00:00Z,17.94,17.99,17.805,17.86,2185123,9367,17.899
2021-12-17T05:00:00Z,17.7,17.7,17.39,17.41,2651991,10544,17.4772
2021-12-20T05:00:00Z,17.24,17.28,17.09,17.25,2655165,10725,17.1933
2021-12-21T05:00:00Z,17.45,17.54,17.405,17.46,1979950,8918,17.4607
2021-12-22T05:00:00Z,17.43,17.61,17.3803,17.59,1674656,7390,17.5196
2021-12-23T05:00:00Z,17.72,17.885,17.69,17.82,1496731,6985,17.8282
2021-12-27T05:00:00Z,17.92,18.085,17.875,18.07,1104818,5020,18.0092
2021-12-28T05:00:00Z,18.04,18.145,18.03,18.11,1118668,5719,18.0869
2021-12-29T05:00:00Z,17.98,18.115,17.945,18.04,1386167,6471,18.0303
2021-12-30T05:00:00Z,18.04,18.08,17.92,17.92,1860942,6413,17.9896
2021-12-31T05:00:00Z,17.92,17.95,17.835,17.87,1133765,6726,17.8858
2022-01-03T05:00:00Z,17.98,18.165,17.97,18.12,1964870,9043,18.0987
2022-01-04T05:00:00Z,18.5,18.6991,18.4397,18.62,2470290,11594,18.6217
2022-01-05T05:00:00Z,18.66,18.74,18.34,18.39,2936569,13276,18.5715
2022-01-06T05:00:00Z,18.92,19.05,18.77,19.02,4253208,16883,18.9281
2022-01-07T05:00:00Z,19.3,19.39,19.23,19.35,3203990,13268,19.3182
2022-01-10T05:00:00Z,19.23,19.26,19.0539,19.24,3626617,12228,19.169
2022-01-11T05:00:00Z,19.25,19.39,19.175,19.36,2677845,10979,19.2906
2022-01-12T05:00:00Z,19.45,19.5999,19.435,19.57,2374814,8530,19.5269
2022-01-13T05:00:00Z,19.71,19.785,19.545,19.57,2490306,11017,19.657
2022-01-14T05:00:00Z,19.51,19.635,19.4444,19.62,2262639,10049,19.5444
2022-01-18T05:00:00Z,19.51,19.535,19.16,19.39,5828364,19265,19.3572
2022-01-19T05:00:00Z,19.42,19.43,19.16,19.17,2783113,12317,19.2643
2022-01-20T05:00:00Z,19.21,19.38,19.13,19.16,6500968,13364,19.2543
2022-01-21T05:00:00Z,19.22,19.23,18.965,19.03,7844404,15271,19.0837
2022-01-24T05:00:00Z,18.35,18.47,18.11,18.47,6767764,7663,18.2814
2022-01-25T05:00:00Z,18.35,18.68,18.145,18.61,6175517,15188,18.4743
2022-01-26T05:00:00Z,18.98,19.02,18.73,18.8,4677813,9580,18.8616
2022-01-27T05:00:00Z,18.63,18.78,18.23,18.42,8107503,17389,18.4905
2022-01-28T05:00:00Z,18.13,18.44,18.055,18.43,9354331,20756,18.2191
2022-01-31T05:00:00Z,18.36,18.68,18.315,18.67,6342729,15864,18.5184
2022-02-01T05:00:00Z,19.77,20.4,19.74,20.4,9786133,37719,20.0824
2022-02-02T05:00:00Z,20.48,20.63,20.26,20.53,5640830,21035,20.4852
2022-02-03T05:00:00Z,20.6,20.685,20.34,20.37,4281852,17710,20.5132
2022-02-04T05:00:00Z,20.13,20.49,20.1201,20.41,4389033,16426,20.3134
2022-02-07T05:00:00Z,20.5,20.7,20.375,20.61,3594252,15611,20.5501
2022-02-08T05:00:00Z,20.83,21.06,20.745,21.04,4035796,17466,20.9118
2022-02-09T05:00:00Z,21.39,21.45,21.26,21.3,3914467,15253,21.339
2022-02-10T05:00:00Z,21.3,21.485,21.11,21.18,4253006,14193,21.31
2022-02-11T05:00:00Z,21,21.28,20.58,20.71,7121635,26077,20.898
2022-02-14T05:00:00Z,20.59,20.695,20.44,20.59,6075379,24211,20.5545
2022-02-15T05:00:00Z,20.64,20.8,20.57,20.72,3606181,13677,20.6949
2022-02-16T05:00:00Z,20.29,20.58,20.26,20.5,3960659,16068,20.4519
2022-02-17T05:00:00Z,20.31,20.4,20.115,20.19,3548940,13340,20.2429
2022-02-18T05:00:00Z,20.25,20.425,20.0639,20.16,2998585,12810,20.2156
2022-02-22T05:00:00Z,19.49,19.75,19.23,19.45,6035069,18025,19.4996
2022-02-23T05:00:00Z,19.61,19.68,19.12,19.19,3703617,14100,19.3509
2022-02-24T05:00:00Z,17.46,17.96,17.37,17.95,12946409,33008,17.6519
2022-02-25T05:00:00Z,18.68,18.925,18.65,18.85,6465406,22830,18.7931
2022-02-28T05:00:00Z,18.14,18.43,17.99,18.14,7394609,19174,18.1557
2022-03-01T05:00:00Z,17.92,17.94,17.145,17.38,9369816,24680,17.4419
2022-03-02T05:00:00Z,17.43,17.62,17.365,17.51,6389352,20310,17.4911
2022-03-03T05:00:00Z,17.5,17.52,16.94,17.03,8434294,20467,17.1489
2022-03-04T05:00:00Z,16.16,16.18,15.71,15.89,9725566,27534,15.9046
2022-03-07T05:00:00Z,15.59,15.72,15.04,15.12,12695294,35119,15.2834
2022-03-08T05:00:00Z,16.07,16.17,16.07,16.17,736322,96,16.1184
2022-03-09T05:00:00Z,16.97,17.145,16.84,16.9,11717373,36151,16.9555
2022-03-10T05:00:00Z,16.7,16.89,16.54,16.64,9531049,28942,16.6612
2022-03-11T05:00:00Z,17.07,17.14,16.6,16.61,8031935,25884,16.8354
2022-03-14T04:00:00Z,17.25,17.35,16.84,17,9592523,32526,17.1009
2022-03-15T04:00:00Z,17.1,17.17,16.85,17.11,6493178,19646,17.0324
2022-03-16T04:00:00Z,17.66,18.15,17.6,18.08,7544375,26957,17.9538
2022-03-17T04:00:00Z,18.01,18.35,17.945,18.32,6335426,22713,18.1547
2022-03-18T04:00:00Z,18.24,18.635,18.18,18.61,5544105,16977,18.4537
2022-03-21T04:00:00Z,18.77,18.82,18.62,18.75,6241578,21830,18.7164
2022-03-22T04:00:00Z,19.12,19.295,19.09,19.2,4831220,17729,19.208
2022-03-23T04:00:00Z,18.93,19.095,18.85,18.91,4128481,14338,18.9722
2022-03-24T04:00:00Z,19.03,19.12,18.94,19.1,2850800,10966,19.0667
2022-03-25T04:00:00Z,19.14,19.35,19.12,19.34,3387788,13792,19.2619
2022-03-28T04:00:00Z,19.37,19.39,18.9529,19.2,3766416,14927,19.1237
2022-03-29T04:00:00Z,19.66,19.7965,19.46,19.67,3571122,14419,19.6508
2022-03-30T04:00:00Z,19.67,19.675,19.355,19.46,2943578,12419,19.5213
2022-03-31T04:00:00Z,19.84,19.88,19.54,19.54,4714365,16441,19.7104
2022-04-01T04:00:00Z,19.71,19.76,19.4511,19.69,3587429,15870,19.6395
2022-04-04T04:00:00Z,19.81,19.97,19.75,19.96,4033390,14948,19.899
2022-04-05T04:00:00Z,19.27,19.27,18.89,18.94,4778242,18841,19.0459
2022-04-06T04:00:00Z,18.46,18.67,18.36,18.59,4845720,21234,18.5279
2022-04-07T04:00:00Z,18.53,18.67,18.24,18.59,4383086,17305,18.468
2022-04-08T04:00:00Z,18.38,18.715,18.38,18.53,3134554,13578,18.5738
2022-04-11T04:00:00Z,18.62,18.77,18.39,18.4,3604819,16953,18.5516
2022-04-12T04:00:00Z,18.1,18.18,17.75,17.82,3118724,15221,17.9833
2022-04-13T04:00:00Z,17.71,17.88,17.67,17.86,3519905,15167,17.7959
2022-04-14T04:00:00Z,17.76,17.81,17.59,17.61,4281237,18836,17.7088
2022-04-18T04:00:00Z,17.52,17.715,17.455,17.61,2520660,12639,17.5897
2022-04-19T04:00:00Z,17.76,17.89,17.71,17.87,3176471,15161,17.8112
2022-04-20T04:00:00Z,18.05,18.135,17.825,17.91,2861404,12996,17.9819
2022-04-21T04:00:00Z,18.07,18.1,17.445,17.49,3146855,13351,17.643
2022-04-22T04:00:00Z,17.59,17.61,17.21,17.28,5082955,19415,17.3704
2022-04-25T04:00:00Z,17.24,17.41,16.86,17.34,5733993,20812,17.1316
2022-04-26T04:00:00Z,17.35,17.49,16.825,16.84,4852535,20907,17.0476
2022-04-27T04:00:00Z,17.06,17.36,17.03,17.26,4836567,19727,17.1963
2022-04-28T04:00:00Z,17.19,17.35,16.91,17.28,3917714,15159,17.2001
2022-04-29T04:00:00Z,17.28,17.44,16.82,16.84,4239389,18586,17.1171
2022-05-02T04:00:00Z,16.79,16.9,16.565,16.89,3445770,17227,16.7742
2022-05-03T04:00:00Z,17.29,17.415,17.215,17.34,3651530,17419,17.3156
2022-05-04T04:00:00Z,17.28,17.87,17.195,17.87,5943530,26129,17.4708
2022-05-05T04:00:00Z,17.6,17.645,16.96,17.19,5416731,22213,17.2536
2022-05-06T04:00:00Z,17.12,17.29,16.95,17.14,5091459,20969,17.1314
2022-05-09T04:00:00Z,16.9,16.92,16.38,16.46,6711586,26078,16.5942
2022-05-10T04:00:00Z,17.03,17.06,16.595,16.9,5058002,24729,16.85
2022-05-11T04:00:00Z,16.9,17.22,16.66,16.67,4454198,21598,16.9221
2022-05-12T04:00:00Z,16.63,16.925,16.4234,16.7,5005946,20716,16.6298
2022-05-13T04:00:00Z,17.09,17.39,17.06,17.31,3944054,19254,17.2367
2022-05-16T04:00:00Z,17.19,17.235,16.945,17.12,4179504,17796,17.0938
2022-05-17T04:00:00Z,17.53,17.6418,17.46,17.58,2827497,13712,17.5711
2022-05-18T04:00:00Z,17.42,17.56,17.25,17.34,3072163,12925,17.3838
2022-05-19T04:00:00Z,17.42,17.79,17.4,17.69,4355617,18028,17.6154
2022-05-20T04:00:00Z,17.88,17.91,17.41,17.82,3586134,13971,17.6594
2022-05-23T04:00:00Z,18.21,18.53,18.19,18.43,3007583,13675,18.3887
2022-05-24T04:00:00Z,18.61,18.84,18.46,18.78,3898515,15254,18.6584
2022-05-25T04:00:00Z,18.41,18.6661,18.355,18.54,3252174,14507,18.505
2022-05-26T04:00:00Z,18.64,19,18.64,18.91,2560401,9955,18.8957
2022-05-27T04:00:00Z,18.73,18.9875,18.705,18.97,5047977,18338,18.8662
2022-05-31T04:00:00Z,18.85,18.97,18.8,18.87,3331038,15369,18.8842
2022-06-01T04:00:00Z,18.87,18.9,18.62,18.76,6137831,12960,18.7886
2022-06-02T04:00:00Z,18.92,19.11,18.75,19.09,3122077,12469,18.933
2022-06-03T04:00:00Z,18.96,18.99,18.71,18.79,1941349,9499,18.8218
2022-06-06T04:00:00Z,18.99,19.205,18.905,18.94,2108405,10865,19.0199
2022-06-07T04:00:00Z,18.68,18.875,18.625,18.86,2589467,11723,18.7686
2022-06-08T04:00:00Z,18.08,18.29,17.87,17.89,5896153,21577,18.052
2022-06-09T04:00:00Z,17.88,17.9,17.31,17.31,4785749,18792,17.5568
2022-06-10T04:00:00Z,16.95,16.98,16.72,16.86,5334668,18964,16.854
2022-06-13T04:00:00Z,16.23,16.33,15.99,16.05,7076023,16067,16.1237
2022-06-14T04:00:00Z,16.16,16.27,15.84,15.96,5642452,17093,16.0253
2022-06-15T04:00:00Z,16.29,16.425,15.9646,16.24,7167780,22360,16.2674
2022-06-16T04:00:00Z,15.85,15.9,15.52,15.58,7845227,23177,15.6873
2022-06-17T04:00:00Z,15.79,15.895,15.51,15.71,4324884,15430,15.7142
2022-06-21T04:00:00Z,16.03,16.1,15.875,15.92,3319196,12171,15.9838
2022-06-22T04:00:00Z,15.91,16.255,15.88,16.11,3305884,13618,16.0887
2022-06-23T04:00:00Z,16,16.01,15.52,15.78,2865917,12480,15.7558
2022-06-24T04:00:00Z,16.52,16.86,16.47,16.82,4690206,17805,16.7214
2022-06-27T04:00:00Z,16.89,16.94,16.665,16.83,2941423,12274,16.82
2022-06-28T04:00:00Z,16.88,16.995,16.5246,16.55,2299378,10932,16.6846
2022-06-29T04:00:00Z,16.56,16.56,16.34,16.37,2217722,9140,16.4335
2022-06-30T04:00:00Z,15.98,16.3,15.85,16.22,3696104,13274,16.1148
2022-07-01T04:00:00Z,15.91,16.14,15.765,16.13,3705062,13608,15.9686
2022-07-05T04:00:00Z,15.43,15.76,15.28,15.75,3793075,15242,15.5089
2022-07-06T04:00:00Z,15.37,15.6187,15.34,15.53,4998296,19622,15.4827
2022-07-07T04:00:00Z,15.67,15.82,15.66,15.75,3169584,11830,15.7357
2022-07-08T04:00:00Z,15.99,16.025,15.78,15.95,3246136,11133,15.9026
2022-07-11T04:00:00Z,15.8,15.865,15.68,15.72,2840084,10048,15.7755
2022-07-12T04:00:00Z,15.69,16.16,15.66,15.92,2749091,12137,15.9684
2022-07-13T04:00:00Z,15.72,15.78,15.425,15.7,2707307,11198,15.6783
2022-07-14T04:00:00Z,15.25,15.315,15.08,15.25,3356468,14299,15.1989
2022-07-15T04:00:00Z,15.38,15.7299,15.31,15.7,2963200,10339,15.5773
2022-07-18T04:00:00Z,16.11,16.2152,15.83,15.9,4297588,17210,16.0198
2022-07-19T04:00:00Z,16.22,16.46,16.15,16.4,3087271,15827,16.355
2022-07-20T04:00:00Z,16.25,16.365,16.11,16.19,2844798,11938,16.2272
2022-07-21T04:00:00Z,16.35,16.665,16.32,16.65,2326161,12310,16.5429
2022-07-22T04:00:00Z,16.64,16.68,16.37,16.52,1843320,8955,16.5212
2022-07-25T04:00:00Z,16.72,16.875,16.64,16.78,2627111,11631,16.7622
2022-07-26T04:00:00Z,15.45,15.46,14.78,14.89,9633885,40108,15.1078
2022-07-27T04:00:00Z,15.21,15.36,15.06,15.33,3631035,17583,15.2101
2022-07-28T04:00:00Z,15.58,15.88,15.48,15.83,4323710,17193,15.7085
2022-07-29T04:00:00Z,15.99,16.325,15.95,16.24,3314312,13660,16.2049
2022-08-01T04:00:00Z,16.15,16.24,15.9858,16.14,2539932,12266,16.1219
2022-08-02T04:00:00Z,16.11,16.17,15.93,15.93,2451217,10802,16.023
2022-08-03T04:00:00Z,16.04,16.17,15.97,16.1,2231320,10697,16.092
2022-08-04T04:00:00Z,16.4,16.54,16.38,16.48,2711220,11699,16.4738
2022-08-05T04:00:00Z,16.19,16.38,16.09,16.22,3786876,13962,16.202
2022-08-08T04:00:00Z,16.52,16.655,16.47,16.51,3686029,11338,16.5531
2022-08-09T04:00:00Z,16.44,16.46,16.228,16.31,1501996,6727,16.3405
2022-08-10T04:00:00Z,16.59,16.845,16.58,16.78,2894175,10144,16.7489
2022-08-11T04:00:00Z,16.99,17.13,16.885,16.95,2113544,10131,16.9749
2022-08-12T04:00:00Z,17.07,17.21,16.9945,17.21,1783857,7488,17.1156
2022-08-15T04:00:00Z,16.97,17.045,16.895,17.01,1365767,6113,16.9825
2022-08-16T04:00:00Z,16.9,17.075,16.88,17.04,1699102,7926,16.9872
2022-08-17T04:00:00Z,16.7,16.87,16.625,16.79,1743491,7331,16.7511
2022-08-18T04:00:00Z,16.84,16.885,16.77,16.84,1473888,6178,16.8245
2022-08-19T04:00:00Z,16.43,16.455,16.215,16.28,2237052,9869,16.3005
2022-08-22T04:00:00Z,15.92,15.95,15.76,15.86,2740539,12554,15.857
2022-08-23T04:00:00Z,15.87,16.065,15.825,15.86,2152145,11493,15.8965
2022-08-24T04:00:00Z,15.7,15.8601,15.635,15.74,1714834,8404,15.7495
2022-08-25T04:00:00Z,15.8,16.08,15.79,16.06,1761645,7502,16.0136
2022-08-26T04:00:00Z,16.15,16.18,15.65,15.65,2277836,8674,15.8845
2022-08-29T04:00:00Z,15.94,16.055,15.84,15.96,3049770,11386,15.9634
2022-08-30T04:00:00Z,16.12,16.14,0.9242,15.95,2334922,9250,15.2759
2022-08-31T04:00:00Z,15.95,16.01,15.83,15.85,2955342,11770,15.9095
2022-09-01T04:00:00Z,15.53,15.53,15.165,15.41,3728912,17437,15.3171
2022-09-02T04:00:00Z,15.69,15.975,15.485,15.52,2914000,14220,15.7258
2022-09-06T04:00:00Z,15.85,15.89,15.55,15.62,2914299,13279,15.659
2022-09-07T04:00:00Z,15.39,15.76,15.37,15.7,1748003,9382,15.5915
2022-09-08T04:00:00Z,15.64,16.115,15.6,16.11,2605052,11377,15.9707
2022-09-09T04:00:00Z,16.53,16.63,16.465,16.56,1783664,9738,16.5579
2022-09-12T04:00:00Z,16.86,17.05,16.835,16.88,2099484,9034,16.939
2022-09-13T04:00:00Z,16.85,17.15,16.79,16.84,2779113,13577,16.9274
2022-09-14T04:00:00Z,16.6,16.81,16.51,16.68,2485951,10847,16.6718
2022-09-15T04:00:00Z,16.71,16.995,16.7,16.83,1474240,8133,16.8667
2022-09-16T04:00:00Z,16.55,16.555,16.25,16.43,1933886,10132,16.3868
2022-09-19T04:00:00Z,16.08,16.46,16.07,16.44,1734404,8803,16.3262
2022-09-20T04:00:00Z,16.25,16.265,15.985,16.14,2406061,9716,16.1315
2022-09-21T04:00:00Z,16.11,16.29,15.88,15.9,2587412,10754,16.049
2022-09-22T04:00:00Z,15.9,15.92,15.48,15.5,2274627,11359,15.6108
2022-09-23T04:00:00Z,15.19,15.2,14.725,14.91,3341408,13453,14.8929
2022-09-26T04:00:00Z,14.73,14.935,14.56,14.62,3682336,14354,14.7302
2022-09-27T04:00:00Z,14.8,14.9,14.4821,14.61,3444932,13957,14.6419
2022-09-28T04:00:00Z,14.6,15.075,14.57,15.03,2681254,10707,14.92
2022-09-29T04:00:00Z,14.62,14.695,14.3942,14.67,3377266,14518,14.5992
2022-09-30T04:00:00Z,14.62,14.835,14.465,14.51,3245718,15760,14.6286
2022-10-03T04:00:00Z,14.63,14.89,14.435,14.79,2341876,9808,14.7416
2022-10-04T04:00:00Z,15.23,15.805,15.225,15.77,4295255,17468,15.6368
2022-10-05T04:00:00Z,15.38,15.435,15.15,15.35,2338376,11058,15.3266
2022-10-06T04:00:00Z,14.87,15.05,14.72,14.76,4725211,17509,14.8693
2022-10-07T04:00:00Z,14.83,14.875,14.595,14.66,3248633,12917,14.7073
2022-10-10T04:00:00Z,14.7,14.73,14.328,14.41,3347055,13366,14.4853
2022-10-11T04:00:00Z,14.36,14.435,14.075,14.15,3606351,16089,14.2584
2022-10-12T04:00:00Z,14,14.14,13.91,13.99,2003942,8556,14.0261
2022-10-13T04:00:00Z,13.88,14.74,13.8,14.67,4335059,15932,14.4069
2022-10-14T04:00:00Z,14.72,14.81,14.165,14.18,6632515,19758,14.3899
2022-10-17T04:00:00Z,14.61,14.82,14.57,14.59,2790375,11869,14.6597
2022-10-18T04:00:00Z,15.13,15.18,14.8,14.95,2538664,10216,14.9691
2022-10-19T04:00:00Z,14.85,14.93,14.63,14.75,2241850,9939,14.7631
2022-10-20T04:00:00Z,14.77,14.97,14.68,14.73,2673116,10783,14.8284
2022-10-21T04:00:00Z,14.44,14.94,14.405,14.93,2778420,12102,14.7269
2022-10-24T04:00:00Z,15.09,15.28,15.055,15.18,3696974,16425,15.1533
2022-10-25T04:00:00Z,16.1,16.43,16.1,16.42,4039779,19696,16.3229
2022-10-26T04:00:00Z,16.2,16.3699,16.05,16.16,4186923,16368,16.2021
2022-10-27T04:00:00Z,16.17,16.25,15.94,15.94,3023021,12410,16.0863
2022-10-28T04:00:00Z,16,16.205,15.91,16.15,2729607,11254,16.1038
2022-10-31T04:00:00Z,15.9,15.99,15.83,15.86,2332521,8672,15.8931
2022-11-01T04:00:00Z,16.16,16.21,15.92,15.95,2077038,9014,16.0142
2022-11-02T04:00:00Z,15.92,16.23,15.72,15.72,2362620,10807,15.9323
2022-11-03T04:00:00Z,15.6,15.8,15.58,15.69,2502458,9414,15.6984
2022-11-04T04:00:00Z,16.08,16.43,16.08,16.43,3794350,15130,16.2903
2022-11-07T05:00:00Z,16.4,16.56,16.35,16.52,2740371,11622,16.4598
2022-11-08T05:00:00Z,16.54,16.67,16.4,16.53,1712758,7659,16.5573
2022-11-09T05:00:00Z,16.49,16.68,16.41,16.42,2211360,10368,16.5255
2022-11-10T05:00:00Z,17.1,17.56,17,17.54,4309677,17601,17.404
2022-11-11T05:00:00Z,18.27,18.68,18.21,18.6,4186792,15606,18.4548
2022-11-14T05:00:00Z,18.37,18.4791,18.235,18.27,2996684,12020,18.3553
2022-11-15T05:00:00Z,18.65,18.71,18.29,18.43,3189747,14526,18.5137
2022-11-16T05:00:00Z,18.39,18.42,18.245,18.32,1609989,8151,18.3226
2022-11-17T05:00:00Z,17.98,18.28,17.96,18.27,2083662,9951,18.1511
2022-11-18T05:00:00Z,18.35,18.43,18.238,18.31,1255635,5872,18.3248
2022-11-21T05:00:00Z,18.24,18.38,18.175,18.33,1908239,10186,18.2944
2022-11-22T05:00:00Z,18.32,18.395,18.235,18.35,1830234,8633,18.3103
2022-11-23T05:00:00Z,18.34,18.51,18.32,18.46,1264394,5925,18.4415
2022-11-25T05:00:00Z,18.42,18.56,18.37,18.55,1195926,5529,18.4751
2022-11-28T05:00:00Z,18.38,18.44,18.05,18.06,1568521,7694,18.1799
2022-11-29T05:00:00Z,18.17,18.335,18.13,18.26,1362243,7005,18.2388
2022-11-30T05:00:00Z,18.3,18.45,18,18.44,3324540,12568,18.2421
2022-12-01T05:00:00Z,18.63,18.705,18.4,18.49,1958136,8804,18.5344
2022-12-02T05:00:00Z,18.38,18.5,18.3701,18.46,1379442,7348,18.441
2022-12-05T05:00:00Z,18.77,18.86,18.44,18.48,2741044,13106,18.6234
2022-12-06T05:00:00Z,18.54,18.59,18.19,18.29,2203523,10252,18.3558
2022-12-07T05:00:00Z,18.23,18.35,18.16,18.23,1665827,8598,18.2436
2022-12-08T05:00:00Z,18.15,18.24,18.08,18.19,1586285,7548,18.1556
2022-12-09T05:00:00Z,18.22,18.4,18.22,18.24,1686361,8226,18.3201
2022-12-12T05:00:00Z,18.13,18.26,18.04,18.26,2021453,10674,18.142
2022-12-13T05:00:00Z,18.9,18.945,18.64,18.76,3502582,12963,18.8004
2022-12-14T05:00:00Z,18.53,18.625,18.33,18.42,1776907,9631,18.4878
2022-12-15T05:00:00Z,18.11,18.14,17.87,17.92,1898125,9760,17.9502
2022-12-16T05:00:00Z,17.78,17.835,17.605,17.75,2505718,10528,17.7077
2022-12-19T05:00:00Z,17.96,18.065,17.8,17.87,2440482,10645,17.9082
2022-12-20T05:00:00Z,17.92,18.11,17.92,18.03,2114994,9019,18.0107
2022-12-21T05:00:00Z,18.38,18.705,18.36,18.52,2391490,10306,18.5467
2022-12-22T05:00:00Z,18.56,18.6,18.1706,18.39,1633173,7560,18.3916
2022-12-23T05:00:00Z,18.52,18.665,18.5,18.62,1607966,7505,18.5721
2022-12-27T05:00:00Z,18.63,18.74,18.585,18.64,1001465,4685,18.6524
2022-12-28T05:00:00Z,18.71,18.7699,18.54,18.54,1226361,5138,18.6288
2022-12-29T05:00:00Z,18.78,18.83,18.74,18.8,1217531,5094,18.7925
2022-12-30T05:00:00Z,18.71,18.8,18.55,18.67,1592403,5613,18.6554
2023-01-03T05:00:00Z,19.02,19.175,18.85,18.96,2005985,9004,18.9632
2023-01-04T05:00:00Z,19.52,19.71,19.48,19.69,2567779,12535,19.6386
2023-01-05T05:00:00Z,19.51,19.57,19.4133,19.56,1910017,7723,19.4999
2023-01-06T05:00:00Z,19.41,19.93,19.36,19.89,2614186,10706,19.7683
2023-01-09T05:00:00Z,20.15,20.2671,19.98,19.99,2929763,11889,20.1124
2023-01-10T05:00:00Z,20.07,20.25,20,20.24,1786922,7883,20.1538
2023-01-11T05:00:00Z,20.3,20.44,20.27,20.42,1649250,7058,20.3568
2023-01-12T05:00:00Z,20.56,20.69,20.46,20.65,1840222,7695,20.6124
2023-01-13T05:00:00Z,20.35,20.79,20.32,20.78,1489726,7541,20.6603
2023-01-17T05:00:00Z,21.16,21.275,21.105,21.21,2427597,11017,21.1998
2023-01-18T05:00:00Z,21.7,21.71,21.29,21.3,3053253,12943,21.4599
2023-01-19T05:00:00Z,21.07,21.135,20.825,21.02,3337764,13958,21.0211
2023-01-20T05:00:00Z,20.97,21.19,20.91,21.17,3232628,12986,21.1005
2023-01-23T05:00:00Z,21.04,21.27,21,21.25,2108623,8653,21.165
2023-01-24T05:00:00Z,21.08,21.33,21.04,21.23,1540852,7303,21.234
2023-01-25T05:00:00Z,21.03,21.38,21.03,21.36,2348010,9328,21.2046
2023-01-26T05:00:00Z,21.53,21.68,21.3649,21.68,1517351,8249,21.5081
2023-01-27T05:00:00Z,21.36,21.52,21.315,21.44,1704301,7355,21.4368
2023-01-30T05:00:00Z,21.35,21.5,21.28,21.28,1790647,8058,21.388
2023-01-31T05:00:00Z,21.05,21.46,20.99,21.46,3042803,12118,21.2272
2023-02-01T05:00:00Z,21.29,21.8,21.24,21.7,3056950,12356,21.4717
2023-02-02T05:00:00Z,21.8,21.85,21.545,21.69,2721791,11995,21.7224
2023-02-03T05:00:00Z,21.5,21.84,21.49,21.7,2021352,8277,21.6792
2023-02-06T05:00:00Z,21.35,21.44,21.214,21.41,1942787,8811,21.3417
2023-02-07T05:00:00Z,21.41,21.7368,21.36,21.69,1572281,8951,21.5473
2023-02-08T05:00:00Z,21.66,21.75,21.585,21.63,1366507,9133,21.6686
2023-02-09T05:00:00Z,22,22.01,21.61,21.68,1619149,9325,21.7952
2023-02-10T05:00:00Z,21.58,21.62,21.47,21.58,1392838,7404,21.5523
2023-02-13T05:00:00Z,21.63,21.88,21.61,21.87,1435620,7164,21.7796
2023-02-14T05:00:00Z,21.87,22.215,21.85,22.1,2110021,10236,22.0576
2023-02-15T05:00:00Z,21.83,22.07,21.8,22.07,1295293,6983,21.9616
2023-02-16T05:00:00Z,21.84,22.16,21.84,21.93,1815192,8271,22.0202
2023-02-17T05:00:00Z,21.8,21.965,21.765,21.94,1007829,5033,21.8995
2023-02-21T05:00:00Z,21.7,21.8839,21.655,21.71,1058843,5968,21.7516
2023-02-22T05:00:00Z,21.53,21.61,21.385,21.46,1014177,5697,21.4799
2023-02-23T05:00:00Z,21.6,21.7,21.47,21.63,952515,5121,21.5933
2023-02-24T05:00:00Z,21.32,21.44,21.28,21.41,1063308,6404,21.3646
2023-02-27T05:00:00Z,21.77,21.85,21.6533,21.73,1069536,6140,21.7352
2023-02-28T05:00:00Z,21.92,21.95,21.765,21.78,1533941,8451,21.8576
2023-03-01T05:00:00Z,21.71,21.795,21.56,21.61,1757879,8143,21.6603
2023-03-02T05:00:00Z,21.28,21.47,21.225,21.46,2898754,13199,21.3554
2023-03-03T05:00:00Z,21.75,22.16,21.66,22.12,4655206,15586,21.9431
2023-03-06T05:00:00Z,22.2,22.2975,22.1193,22.16,1718966,9123,22.1977
2023-03-07T05:00:00Z,22,22.04,21.47,21.56,3464297,15492,21.7167
2023-03-08T05:00:00Z,21.49,21.57,21.3,21.39,4103897,15400,21.4319
2023-03-09T05:00:00Z,21.37,21.5315,20.87,20.93,4715159,18903,21.1831
2023-03-10T05:00:00Z,20.92,20.95,20.16,20.34,6549324,24973,20.5847
2023-03-13T04:00:00Z,19.49,19.68,19.285,19.36,6368094,24157,19.478
2023-03-14T04:00:00Z,19.97,20.125,19.755,19.99,5447787,20538,19.9524
2023-03-15T04:00:00Z,18.15,18.73,17.99,18.73,13524181,45538,18.3948
2023-03-16T04:00:00Z,18.37,19.26,18.22,19.26,8152653,30494,18.7911
2023-03-17T04:00:00Z,18.4,18.54,18.13,18.2,6333519,21363,18.2898
2023-03-20T04:00:00Z,19.07,19.76,18.61,18.8,40634137,154655,19.1204
2023-03-21T04:00:00Z,20.12,21.27,19.97,21.05,18615286,66934,20.6949
2023-03-22T04:00:00Z,20.44,20.73,20.12,20.4,14634419,59479,20.4576
2023-03-23T04:00:00Z,19.85,19.95,18.96,19.17,11781045,44947,19.4928
2023-03-24T04:00:00Z,18.63,19.13,18.27,18.99,9744884,41172,18.6822
2023-03-27T04:00:00Z,19.11,19.51,18.99,19.4,7225734,30380,19.2154
2023-03-28T04:00:00Z,19.21,19.43,19.145,19.27,4933049,21722,19.2904
2023-03-29T04:00:00Z,20.2,20.2582,19.945,20.1,4545582,19488,20.0638
2023-03-30T04:00:00Z,20.76,20.905,20.385,20.51,6084798,23598,20.6953
2023-03-31T04:00:00Z,20.9,21.34,20.8,21.34,6855581,26983,21.1269
2023-04-03T04:00:00Z,20.63,20.98,20.62,20.7,6845885,24550,20.7838
2023-04-04T04:00:00Z,20.89,21.03,20.74,21,4973022,22451,20.8668
2023-04-05T04:00:00Z,20.97,21,20.62,20.79,3355580,16529,20.7936
2023-04-06T04:00:00Z,20.85,20.98,20.71,20.76,3651570,17970,20.8597
2023-04-10T04:00:00Z,20.43,20.755,20.342,20.7,2134815,12441,20.6207
2023-04-11T04:00:00Z,21.19,21.585,21.01,21.5,7116093,29729,21.3833
2023-04-12T04:00:00Z,21.28,21.44,21.095,21.27,7059865,35125,21.2746
2023-04-13T04:00:00Z,21.41,21.63,21.34,21.63,4694605,19122,21.5028
2023-04-14T04:00:00Z,21.97,22.15,21.75,21.91,4673290,21858,21.9084
2023-04-17T04:00:00Z,20.8,21.14,20.64,21.08,6431806,29257,20.9201
2023-04-18T04:00:00Z,21.08,21.17,20.94,21.01,6270607,20327,21.0398
2023-04-19T04:00:00Z,20.69,20.86,20.65,20.82,5773460,20308,20.7651
2023-04-20T04:00:00Z,20.39,20.57,20.18,20.36,5788952,26476,20.3709
2023-04-21T04:00:00Z,20.22,20.35,20.14,20.29,3206998,15201,20.2411
2023-04-24T04:00:00Z,20.62,20.725,20.385,20.56,3642441,19414,20.5471
2023-04-25T04:00:00Z,20.43,20.4799,19.59,19.6,4753085,25233,19.8678
2023-04-26T04:00:00Z,20.25,20.305,19.905,19.96,4404988,22395,20.1038
2023-04-27T04:00:00Z,20.06,20.33,19.975,20.31,3792187,21615,20.1648
2023-04-28T04:00:00Z,20.13,20.34,20.08,20.25,2688808,15265,20.2439
2023-05-01T04:00:00Z,20.28,20.41,20.02,20.04,2582072,18071,20.1826
2023-05-02T04:00:00Z,20.17,20.17,19.745,19.91,4026374,17813,19.861
2023-05-03T04:00:00Z,19.53,19.72,19.34,19.35,3753611,21309,19.503
2023-05-04T04:00:00Z,19.07,19.135,18.71,18.96,5909255,24548,18.9116
2023-05-05T04:00:00Z,19.32,19.76,19.29,19.72,5540858,23875,19.5418
2023-05-08T04:00:00Z,19.58,19.7,19.575,19.66,2300655,10527,19.6415
2023-05-09T04:00:00Z,19.39,19.69,19.36,19.6,2357645,10157,19.5762
2023-05-10T04:00:00Z,19.64,19.68,19.23,19.39,2288605,12428,19.4089
2023-05-11T04:00:00Z,19.05,19.25,18.99,19.19,1927495,9795,19.1261
2023-05-12T04:00:00Z,19.35,19.36,19.0725,19.16,1717644,9197,19.1975
2023-05-15T04:00:00Z,19.18,19.41,19.15,19.38,1920397,11683,19.3159
2023-05-16T04:00:00Z,19.23,19.29,19.05,19.1,1667292,10364,19.1466
2023-05-17T04:00:00Z,19.14,19.56,19.13,19.54,1897371,10925,19.3701
2023-05-18T04:00:00Z,19.61,19.71,19.51,19.68,2101257,13732,19.6241
2023-05-19T04:00:00Z,20.13,20.165,19.95,20.09,4261111,18955,20.0633
2023-05-22T04:00:00Z,20.14,20.21,20.05,20.19,2112725,11361,20.1425
2023-05-23T04:00:00Z,20.04,20.18,19.87,19.87,2031877,10374,20.029
2023-05-24T04:00:00Z,19.84,19.85,19.605,19.67,2459066,12408,19.7029
2023-05-25T04:00:00Z,19.66,19.715,19.43,19.6,2029631,11660,19.553
2023-05-26T04:00:00Z,19.58,19.91,19.57,19.85,1348701,9234,19.7855
2023-05-30T04:00:00Z,19.75,19.8193,19.4,19.47,2273797,14098,19.5359
2023-05-31T04:00:00Z,19.06,19.08,18.765,18.91,3336851,16882,18.9129
2023-06-01T04:00:00Z,19.29,19.63,19.24,19.52,2428712,12359,19.4773
2023-06-02T04:00:00Z,19.88,20.04,19.82,19.97,2359880,12384,19.9472
2023-06-05T04:00:00Z,20.04,20.09,19.925,20,2476235,12724,20.014
2023-06-06T04:00:00Z,19.98,20.3,19.95,20.3,2715648,14625,20.1598
2023-06-07T04:00:00Z,20.18,20.32,20.115,20.26,4003122,23925,20.1978
2023-06-08T04:00:00Z,20.32,20.33,20.17,20.25,2993562,27220,20.2431
2023-06-09T04:00:00Z,20.15,20.325,20.14,20.19,3108651,22671,20.2159
2023-06-12T04:00:00Z,20.24,20.345,20.141,20.29,2260196,11857,20.25
2023-06-13T04:00:00Z,20.32,20.465,20.25,20.28,2983834,15534,20.3461
2023-06-14T04:00:00Z,20.5,20.685,20.39,20.49,3186254,16190,20.5686
2023-06-15T04:00:00Z,20.29,20.46,20.24,20.42,4504957,23773,20.3357
2023-06-16T04:00:00Z,20.57,20.58,20.3901,20.41,2525691,14661,20.4569
2023-06-20T04:00:00Z,20.34,20.35,20.06,20.09,2603212,14154,20.1566
2023-06-21T04:00:00Z,20.09,20.17,20.03,20.05,1793808,12526,20.1038
2023-06-22T04:00:00Z,19.94,19.99,19.84,19.9,2710338,14116,19.9017
2023-06-23T04:00:00Z,19.75,19.835,19.69,19.76,2532568,12611,19.7639
2023-06-26T04:00:00Z,19.63,19.77,19.56,19.56,2374550,12566,19.6442
2023-06-27T04:00:00Z,19.55,19.98,19.48,19.88,4054145,20435,19.7948
2023-06-28T04:00:00Z,19.78,19.88,19.75,19.83,2251517,13453,19.835
2023-06-29T04:00:00Z,19.82,20.04,19.81,20.01,2347455,14821,19.9803
2023-06-30T04:00:00Z,20.21,20.32,20.18,20.27,2298334,13475,20.2686
2023-07-03T04:00:00Z,20.34,20.475,20.2721,20.47,1362626,7788,20.3727
2023-07-05T04:00:00Z,20.12,20.14,19.87,19.89,1965134,12007,19.9686
2023-07-06T04:00:00Z,19.6,19.61,19.255,19.39,2375785,13688,19.3724
2023-07-07T04:00:00Z,19.67,19.93,19.65,19.85,2994272,15417,19.8354
2023-07-10T04:00:00Z,19.92,20.07,19.905,20.04,2221529,14010,20.0121
2023-07-11T04:00:00Z,20.24,20.35,20.172,20.31,2015871,13685,20.2557
2023-07-12T04:00:00Z,20.65,20.8899,20.64,20.69,2007617,11960,20.7556
2023-07-13T04:00:00Z,21.01,21.14,20.975,21.14,1899266,11131,21.0777
2023-07-14T04:00:00Z,21.17,21.18,20.85,20.91,2390133,11560,20.9584
2023-07-17T04:00:00Z,21.07,21.14,21.025,21.06,1934168,12363,21.062
2023-07-18T04:00:00Z,21.08,21.37,21.06,21.33,1865432,11869,21.2806
2023-07-19T04:00:00Z,21.42,21.46,21.265,21.33,1919480,13074,21.3423
2023-07-20T04:00:00Z,21.36,21.45,21.19,21.24,3309787,12101,21.2459
2023-07-21T04:00:00Z,21.43,21.4401,21.27,21.29,1567413,10889,21.3377
2023-07-24T04:00:00Z,21.47,21.54,21.37,21.42,2787848,14502,21.4739
2023-07-25T04:00:00Z,21.68,21.78,21.62,21.71,2218819,14722,21.696
2023-07-26T04:00:00Z,21.63,21.94,21.59,21.9,1875726,11678,21.816
2023-07-27T04:00:00Z,22.08,22.09,21.64,21.72,2136275,13563,21.9029
2023-07-28T04:00:00Z,22.11,22.27,22.05,22.26,2957206,16461,22.2049
2023-07-31T04:00:00Z,22.06,22.21,22.055,22.17,1654199,9669,22.1304
2023-08-01T04:00:00Z,22,22.06,21.75,21.86,2237154,11772,21.8826
2023-08-02T04:00:00Z,21.5,21.545,21.34,21.41,3702419,20530,21.422
2023-08-03T04:00:00Z,21.43,21.6979,21.34,21.66,2009160,12619,21.5841
2023-08-04T04:00:00Z,21.85,22.13,21.805,21.88,2168853,13243,21.9722
2023-08-07T04:00:00Z,22.02,22.2,22,22.17,1602307,10369,22.1176
2023-08-08T04:00:00Z,21.81,22.03,21.695,22.03,2223453,12221,21.8564
2023-08-09T04:00:00Z,22.11,22.175,21.93,21.96,1380399,8185,22.0375
2023-08-10T04:00:00Z,22.27,22.4,22.04,22.12,2084984,12058,22.2052
2023-08-11T04:00:00Z,23,23.37,22.9,23.36,5948471,31254,23.1672
2023-08-14T04:00:00Z,23.25,23.63,23.21,23.59,3531942,19986,23.4874
2023-08-15T04:00:00Z,23.48,23.55,23.19,23.41,4225471,20691,23.403
2023-08-16T04:00:00Z,23.47,23.6472,23.38,23.4,2354665,14318,23.5108
2023-08-17T04:00:00Z,23.56,23.735,23.39,23.5,3319386,15158,23.5643
2023-08-18T04:00:00Z,23.17,23.505,23.14,23.43,2159018,12727,23.3589
2023-08-21T04:00:00Z,23.45,23.55,23.2895,23.49,2089767,13302,23.4086
2023-08-22T04:00:00Z,23.85,23.94,23.69,23.73,2688505,15777,23.8048
2023-08-23T04:00:00Z,24.06,24.345,24.06,24.32,2128580,13504,24.2348
2023-08-24T04:00:00Z,24.82,25.0195,24.6,24.65,4329692,24527,24.7823
2023-08-25T04:00:00Z,24.5,24.66,24.2,24.58,4430272,23372,24.4457
2023-08-28T04:00:00Z,24.58,25.03,24.545,24.93,4333335,20773,24.8823
2023-08-29T04:00:00Z,24.71,25.19,24.71,25.14,4486512,20598,25.0131
2023-08-30T04:00:00Z,25.3,25.405,25.16,25.29,4901145,22024,25.2681
2023-08-31T04:00:00Z,26.6,26.97,26.38,26.71,9977199,48558,26.6514
2023-09-01T04:00:00Z,26.33,26.64,26.32,26.34,4696160,26022,26.4235
2023-09-05T04:00:00Z,26.69,26.74,26.395,26.4,4005416,19778,26.5281
2023-09-06T04:00:00Z,25.96,26.1,25.695,25.81,4104297,19902,25.8492
2023-09-07T04:00:00Z,25.62,25.77,25.53,25.74,3332772,17763,25.6713
2023-09-08T04:00:00Z,25.37,25.59,25.22,25.5,3050200,14401,25.4471
2023-09-11T04:00:00Z,25.71,25.86,25.5509,25.62,3446568,18534,25.6491
2023-09-12T04:00:00Z,25.62,25.95,25.56,25.79,3087519,18122,25.7487
2023-09-13T04:00:00Z,26.09,26.245,25.9,25.99,3077399,15883,26.0731
2023-09-14T04:00:00Z,26.22,26.325,26.14,26.19,2677388,16310,26.2363
2023-09-15T04:00:00Z,26.04,26.345,25.94,26.02,4416786,23343,26.0991
2023-09-18T04:00:00Z,26.01,26.1106,25.8891,25.97,2390050,14582,26.0065
2023-09-19T04:00:00Z,25.99,26.11,25.96,26.06,2638014,14265,26.0332
2023-09-20T04:00:00Z,26.35,26.575,26.16,26.18,2922850,13218,26.4172
2023-09-21T04:00:00Z,25.8,25.8799,25.64,25.66,2703904,13934,25.7428
2023-09-22T04:00:00Z,25.57,25.615,25.32,25.35,2207351,14152,25.4588
2023-09-25T04:00:00Z,25.24,25.395,25.1106,25.37,1984451,12792,25.275
2023-09-26T04:00:00Z,25.04,25.27,25,25.07,3063728,17000,25.1058
2023-09-27T04:00:00Z,24.23,24.365,24.03,24.34,6756297,29111,24.2383
2023-09-28T04:00:00Z,24.44,24.84,24.38,24.7,2828058,15412,24.6658
2023-09-29T04:00:00Z,24.92,24.94,24.575,24.65,2676734,13718,24.751
2023-10-02T04:00:00Z,24.59,24.68,24.275,24.36,3140751,17848,24.3754
2023-10-03T04:00:00Z,23.98,24.06,23.715,23.85,4418911,21104,23.8338
2023-10-04T04:00:00Z,24,24.02,23.75,23.95,2689062,16737,23.8914
2023-10-05T04:00:00Z,23.87,24.12,23.87,24.08,2427244,14674,24.0129
2023-10-06T04:00:00Z,24.28,24.68,24.11,24.59,4454527,18861,24.4044
2023-10-09T04:00:00Z,24.37,24.63,24.275,24.62,2761669,15040,24.4398
2023-10-10T04:00:00Z,24.72,24.87,24.671,24.71,2611454,17379,24.7748
2023-10-11T04:00:00Z,25.13,25.295,25.0516,25.23,2906443,17284,25.1838
2023-10-12T04:00:00Z,25.01,25.03,24.63,24.79,2666223,17925,24.8752
2023-10-13T04:00:00Z,24.48,24.605,24.22,24.31,3270338,20208,24.3654
2023-10-16T04:00:00Z,24.76,25,24.71,24.92,2462405,15742,24.8861
2023-10-17T04:00:00Z,24.72,25.21,24.72,25.07,2900585,16592,25.0149
2023-10-18T04:00:00Z,24.76,24.79,24.32,24.39,3945993,22124,24.4807
2023-10-19T04:00:00Z,24.16,24.395,24.01,24.05,3293516,24206,24.1823
2023-10-20T04:00:00Z,23.87,23.965,23.6,23.72,2992562,18315,23.7564
2023-10-23T04:00:00Z,23.63,23.9075,23.555,23.64,2003555,14722,23.7032
2023-10-24T04:00:00Z,23.62,23.84,23.555,23.83,2630094,17089,23.7467
2023-10-25T04:00:00Z,23.86,23.995,23.665,23.79,1870292,15049,23.8196
2023-10-26T04:00:00Z,23.71,23.855,23.545,23.6,2631406,18146,23.6757
2023-10-27T04:00:00Z,23.66,23.693,23.28,23.36,2178216,16708,23.4151
2023-10-30T04:00:00Z,23.55,23.74,23.52,23.71,1913712,14068,23.6369
2023-10-31T04:00:00Z,23.35,23.48,23.23,23.46,3011826,20533,23.3756
2023-11-01T04:00:00Z,23.78,24.115,23.735,24.03,3127270,19825,23.936
2023-11-02T04:00:00Z,24.13,24.33,24.0925,24.3,3221326,18449,24.2181
2023-11-03T04:00:00Z,24.28,24.57,24.28,24.47,3344191,19677,24.4674
2023-11-06T05:00:00Z,24.47,24.5,24.29,24.35,2417358,16341,24.3404
2023-11-07T05:00:00Z,24.98,25.2765,24.645,24.92,3768200,26560,24.8507
2023-11-08T05:00:00Z,24.76,25.025,24.745,24.78,2634702,19705,24.8649
2023-11-09T05:00:00Z,24.78,24.885,24.5,24.51,2270865,15654,24.7154
2023-11-10T05:00:00Z,24.44,24.545,24.23,24.54,1335351,11029,24.4138
2023-11-13T05:00:00Z,24.12,24.3,24.07,24.11,1968256,17017,24.1704
2023-11-14T05:00:00Z,24.4,24.96,24.38,24.89,3016584,19228,24.7537
2023-11-15T05:00:00Z,25.33,25.57,25.24,25.46,3994054,21950,25.4605
2023-11-16T05:00:00Z,25.35,25.45,25.265,25.44,2111282,16274,25.3789
2023-11-17T05:00:00Z,25.89,26.245,25.86,26.19,2803658,17407,26.0975
2023-11-20T05:00:00Z,26.18,26.34,26.14,26.21,1768198,15295,26.235
2023-11-21T05:00:00Z,26.09,26.17,25.94,25.94,1532475,13293,26.0162
2023-11-22T05:00:00Z,26.09,26.1399,25.98,26.09,1574143,12609,26.0687
2023-11-24T05:00:00Z,26.42,26.485,26.32,26.33,1307746,8553,26.4096
2023-11-27T05:00:00Z,26.15,26.23,26.0499,26.18,1315411,11579,26.1395
2023-11-28T05:00:00Z,26.31,26.445,26.235,26.3,2041432,14364,26.3196
2023-11-29T05:00:00Z,26.88,27.495,26.855,27.35,3678705,20319,27.2146
2023-11-30T05:00:00Z,28.08,28.455,27.9,28.25,6111156,32273,28.1735
2023-12-01T05:00:00Z,28.33,28.735,28.28,28.68,3289664,20090,28.5628
2023-12-04T05:00:00Z,28.12,28.495,28.12,28.42,2597438,17321,28.3446
2023-12-05T05:00:00Z,27.78,27.85,27.46,27.72,3299060,17825,27.6867
2023-12-06T05:00:00Z,28.52,28.565,27.79,27.83,3598476,19661,28.1157
2023-12-07T05:00:00Z,27.91,28.18,27.885,28.17,1764853,11794,28.0692
2023-12-08T05:00:00Z,28.3,28.54,28.205,28.51,2540580,16285,28.3931
2023-12-11T05:00:00Z,28.48,28.585,28.385,28.48,2073216,12966,28.4879
2023-12-12T05:00:00Z,28.46,28.59,28.415,28.55,2755267,15829,28.5068
2023-12-13T05:00:00Z,28.69,29.065,28.44,28.96,2389328,15593,28.7572
2023-12-14T05:00:00Z,29.75,30.2,29.64,29.75,5712859,33004,29.8724
2023-12-15T05:00:00Z,29.58,29.735,29.22,29.28,6873979,25422,29.4691
2023-12-18T05:00:00Z,29.35,29.37,29.1,29.2,3511591,16850,29.2173
2023-12-19T05:00:00Z,30.14,30.93,30,30.71,12476066,44567,30.5257
2023-12-20T05:00:00Z,30.5,30.85,30.28,30.33,7621101,34571,30.5783
2023-12-21T05:00:00Z,30.74,30.825,30.455,30.67,4531272,20859,30.6593
2023-12-22T05:00:00Z,30.76,31.13,30.725,30.89,4259050,21182,30.9207
2023-12-26T05:00:00Z,30.79,31.15,30.79,31.04,4223625,16136,31.0489
2023-12-27T05:00:00Z,30.94,31.395,30.915,31.19,4925337,21516,31.1831
2023-12-28T05:00:00Z,31.09,31.2392,30.79,30.91,5505014,29198,30.9863
2023-12-29T05:00:00Z,30.98,31.2684,30.8,30.9,5933243,25656,31.0103
2024-01-02T05:00:00Z,30.6,30.62,30.38,30.4,3973929,22813,30.4664
2024-01-03T05:00:00Z,29.49,29.54,29.07,29.3,6129317,32014,29.3389
2024-01-04T05:00:00Z,29.51,29.945,29.4899,29.57,3917860,19998,29.7055
2024-01-05T05:00:00Z,29.84,30.2,29.8,29.92,3282056,16023,30.002
2024-01-08T05:00:00Z,30.17,30.355,30.065,30.35,3189015,15171,30.2512
2024-01-09T05:00:00Z,29.97,30.07,29.71,29.72,2571804,12860,29.8466
2024-01-10T05:00:00Z,30.02,30.03,29.795,29.92,2910163,18221,29.9028
2024-01-11T05:00:00Z,29.86,29.92,29.145,29.49,3264171,18984,29.3635
2024-01-12T05:00:00Z,29.81,29.92,29.59,29.8,1913717,11752,29.7798
2024-01-16T05:00:00Z,29.3,29.53,29.18,29.47,1744223,14219,29.4062
2024-01-17T05:00:00Z,28.89,29.23,28.86,29.14,2131227,14354,29.0545
2024-01-18T05:00:00Z,29.41,29.47,29.15,29.36,2312203,16723,29.3034
2024-01-19T05:00:00Z,28.85,29.035,28.52,29.02,3659963,21759,28.8118
2024-01-22T05:00:00Z,29.19,29.275,29.07,29.11,2383584,13796,29.1636
2024-01-23T05:00:00Z,28.98,29.041,28.76,28.93,2707346,12203,28.8989
2024-01-24T05:00:00Z,29.56,29.665,29.44,29.5,2800554,13011,29.5316
2024-01-25T05:00:00Z,29.77,29.775,29.53,29.69,2402751,11769,29.6707
2024-01-26T05:00:00Z,29.86,29.925,29.74,29.87,2364344,11479,29.8355
2024-01-29T05:00:00Z,29.73,29.97,29.63,29.97,2555985,12541,29.763
2024-01-30T05:00:00Z,30.07,30.26,29.9,30.23,2373657,14553,30.1246
2024-01-31T05:00:00Z,30.33,30.49,29.895,29.91,2031638,14118,30.2222
2024-02-01T05:00:00Z,29.45,29.575,29.06,29.51,3032818,19435,29.3892
2024-02-02T05:00:00Z,29.47,29.905,29.47,29.84,1995814,15200,29.7452
2024-02-05T05:00:00Z,29.54,29.875,29.295,29.79,2567917,19204,29.6534
2024-02-06T05:00:00Z,28.37,28.4461,28.01,28.15,6387247,36592,28.2361
2024-02-07T05:00:00Z,27.82,27.93,27.335,27.76,6342595,38642,27.647
2024-02-08T05:00:00Z,27.99,28.08,27.565,27.79,3369961,22491,27.7923
2024-02-09T05:00:00Z,27.71,27.9,27.575,27.9,2593792,16272,27.7641
2024-02-12T05:00:00Z,27.83,28.125,27.83,27.92,2169774,15175,27.9825
2024-02-13T05:00:00Z,27.25,27.27,26.89,27.05,3737587,22446,27.0589
2024-02-14T05:00:00Z,27.41,27.51,27.29,27.47,2270677,15912,27.4233
2024-02-15T05:00:00Z,27.66,27.915,27.66,27.87,3213229,19690,27.804
2024-02-16T05:00:00Z,27.75,27.88,27.64,27.66,1801249,11412,27.7611
2024-02-20T05:00:00Z,27.71,27.855,27.67,27.79,2005023,14101,27.7656
2024-02-21T05:00:00Z,27.68,27.9,27.61,27.82,1643117,12012,27.7911
2024-02-22T05:00:00Z,27.98,28.17,27.9,28.06,3390574,22632,28.0288
2024-02-23T05:00:00Z,28.14,28.18,27.985,28.05,1818814,12767,28.0636
2024-02-26T05:00:00Z,28.43,28.55,28.2,28.35,1707831,11682,28.3633
2024-02-27T05:00:00Z,28.5,28.69,28.44,28.57,1953575,11503,28.5719
2024-02-28T05:00:00Z,28.55,28.66,28.495,28.5,1272217,11283,28.5586
2024-02-29T05:00:00Z,28.86,28.95,28.38,28.45,5955858,29600,28.581
2024-03-01T05:00:00Z,28.79,29.005,28.57,28.95,2373853,17250,28.8206
2024-03-04T05:00:00Z,28.65,28.945,28.6476,28.7,2640236,15441,28.7605
2024-03-05T05:00:00Z,28.74,29.04,28.72,28.82,2468662,17079,28.8875
2024-03-06T05:00:00Z,29.45,29.45,29.015,29.14,5675633,26276,29.206
2024-03-07T05:00:00Z,29.7,29.88,29.59,29.81,4522707,22007,29.7405
2024-03-08T05:00:00Z,30.91,31.19,30.69,30.85,5569837,28830,30.927
2024-03-11T04:00:00Z,30.75,31.05,30.625,31.04,3349751,20282,30.8294
2024-03-12T04:00:00Z,31.27,31.66,31.135,31.65,3218734,19245,31.4954
2024-03-13T04:00:00Z,31.59,31.89,31.58,31.73,2207873,18218,31.7161
2024-03-14T04:00:00Z,31.59,31.675,31.225,31.31,3061430,17596,31.4086
2024-03-15T04:00:00Z,31.66,32.13,31.57,31.93,3577015,21532,31.8671
2024-03-18T04:00:00Z,31.68,31.71,31.52,31.55,2039158,14364,31.6193
2024-03-19T04:00:00Z,31.44,31.5,31.135,31.15,3234342,21592,31.2539
2024-03-20T04:00:00Z,30.7,31.25,30.61,31.22,3248163,21042,30.8793
2024-03-21T04:00:00Z,31.21,31.33,31.04,31.25,4223802,19411,31.2137
2024-03-22T04:00:00Z,31.25,31.29,31.045,31.24,2210237,15666,31.1767
2024-03-25T04:00:00Z,31.25,31.59,31.22,31.5,2798934,15935,31.4799
2024-03-26T04:00:00Z,31.42,31.47,31.14,31.15,1553770,13072,31.3044
2024-03-27T04:00:00Z,31.24,31.4,31.15,31.4,3203846,12641,31.2768
2024-03-28T04:00:00Z,30.49,30.81,30.49,30.72,2956635,19986,30.6802
2024-04-01T04:00:00Z,30.79,30.82,30.405,30.48,1691364,15815,30.5429
2024-04-02T04:00:00Z,30.45,30.64,30.355,30.5,2189817,14498,30.5097
2024-04-03T04:00:00Z,30.57,31.17,30.54,31.13,2160443,15786,30.987
2024-04-04T04:00:00Z,31.42,31.69,30.995,31.05,2494612,17696,31.3272
2024-04-05T04:00:00Z,30.9,31.42,30.89,31.27,2397594,19300,31.2078
2024-04-08T04:00:00Z,31.25,31.325,31.04,31.15,2949509,16630,31.1608
2024-04-09T04:00:00Z,31.24,31.3095,30.65,30.8,2339813,17477,30.8622
2024-04-10T04:00:00Z,29.83,29.9,29.38,29.45,3518517,22871,29.6053
2024-04-11T04:00:00Z,29.14,29.235,28.73,29.12,3602291,23803,28.9964
2024-04-12T04:00:00Z,29.14,29.18,28.68,28.73,2178472,16523,28.8683
2024-04-15T04:00:00Z,29.09,29.15,28.365,28.42,2021738,15694,28.641
2024-04-16T04:00:00Z,28.19,28.21,27.87,27.99,2418829,18254,28.0114
2024-04-17T04:00:00Z,28.32,28.375,27.9101,28.11,2356588,16850,28.1269
2024-04-18T04:00:00Z,28,28.36,27.96,28.12,2292123,15779,28.1816
2024-04-19T04:00:00Z,28.12,28.295,28.005,28.06,1949007,16985,28.1378
2024-04-22T04:00:00Z,27.83,28.08,27.69,27.97,3376741,24411,27.9291
2024-04-23T04:00:00Z,28.19,28.4375,28.15,28.39,3168603,24684,28.3432
2024-04-24T04:00:00Z,27.65,27.8,27.24,27.36,3248991,23630,27.4398
2024-04-25T04:00:00Z,27.3,27.53,27.1,27.49,2514776,20452,27.3466
2024-04-26T04:00:00Z,27.25,27.49,27.155,27.38,1800506,12427,27.3725
2024-04-29T04:00:00Z,27.58,27.595,27.29,27.39,2501616,19003,27.4204
2024-04-30T04:00:00Z,27.24,27.295,26.8,26.85,2869866,20974,27.0503
2024-05-01T04:00:00Z,26.29,26.57,26.005,26.19,1789015,15907,26.2623
2024-05-02T04:00:00Z,26.71,26.87,26.48,26.82,3959486,25361,26.6505
2024-05-03T04:00:00Z,27.13,27.24,26.975,27.17,2124016,16993,27.1425
2024-05-06T04:00:00Z,27.41,27.6,27.35,27.6,2687040,18806,27.511
2024-05-07T04:00:00Z,30.09,30.09,29.285,29.54,5554796,35172,29.6501
2024-05-08T04:00:00Z,28.95,29.1,28.825,28.83,3135280,19490,28.9508
2024-05-09T04:00:00Z,28.88,28.98,28.75,28.97,2408264,19229,28.9091
2024-05-10T04:00:00Z,29.54,29.85,29.52,29.7,2608076,22264,29.6913
2024-05-13T04:00:00Z,29.95,29.995,29.665,29.68,1873175,18494,29.7942
2024-05-14T04:00:00Z,29.92,30.195,29.89,30.16,2188268,14240,30.0761
2024-05-15T04:00:00Z,30.52,30.66,30.495,30.66,2060403,13403,30.5935
2024-05-16T04:00:00Z,30.31,30.385,30.01,30.02,1803422,14052,30.1964
2024-05-17T04:00:00Z,30.29,30.39,30.21,30.34,1084205,9697,30.3404
2024-05-20T04:00:00Z,30.22,30.36,30.1,30.1,1275103,11551,30.1961
2024-05-21T04:00:00Z,30.07,30.425,30.045,30.4,1250166,10552,30.3399
2024-05-22T04:00:00Z,30.2,30.309,29.97,30.05,989778,9565,30.1185
2024-05-23T04:00:00Z,30.5,30.5762,30.095,30.19,2277735,15827,30.3731
2024-05-24T04:00:00Z,30.53,30.88,30.51,30.87,1619344,12858,30.7559
2024-05-28T04:00:00Z,30.94,31.085,30.815,30.87,1619943,11856,30.9596
2024-05-29T04:00:00Z,30.57,30.65,30.45,30.51,1641083,12103,30.5388
2024-05-30T04:00:00Z,30.96,31.26,30.93,31.23,1321750,11638,31.1402
2024-05-31T04:00:00Z,31.41,31.945,31.355,31.88,2885035,16679,31.5669
2024-06-03T04:00:00Z,31.77,31.9,31.565,31.69,2121623,14824,31.7411
2024-06-04T04:00:00Z,31.37,31.44,31.1,31.22,1035246,8704,31.2554
2024-06-05T04:00:00Z,31.32,31.38,31.13,31.29,1137713,10622,31.2971
2024-06-06T04:00:00Z,31.69,31.83,31.59,31.69,1538806,12893,31.7012
2024-06-07T04:00:00Z,31.68,31.9,31.6,31.62,1637938,12493,31.714
2024-06-10T04:00:00Z,31.17,31.35,31.03,31.26,1131863,8949,31.2292
2024-06-11T04:00:00Z,31.05,31.05,30.73,30.86,1833026,14345,30.8636
2024-06-12T04:00:00Z,31.37,31.49,31.07,31.14,1740640,15106,31.2707
2024-06-13T04:00:00Z,30.81,30.82,30.295,30.42,3235802,20178,30.4796
2024-06-14T04:00:00Z,30.2,30.42,30,30.4,1583768,11217,30.2456
2024-06-17T04:00:00Z,30.8,31.085,30.605,30.99,2082407,16472,30.8989
2024-06-18T04:00:00Z,31.12,31.325,31.11,31.18,1696845,13757,31.1988
2024-06-20T04:00:00Z,30.98,31.315,30.92,31.2,2487336,14357,31.169
2024-06-21T04:00:00Z,30.64,30.67,30.03,30.24,3257638,18081,30.2946
2024-06-24T04:00:00Z,30.54,30.7,30.505,30.6,1155131,9347,30.6168
2024-06-25T04:00:00Z,29.65,29.85,29.51,29.8,2551342,18100,29.6973
2024-06-26T04:00:00Z,29.22,29.45,29.12,29.21,4455860,19476,29.2566
2024-06-27T04:00:00Z,29.4,29.52,29.31,29.46,1555472,12526,29.4243
2024-06-28T04:00:00Z,29.39,29.59,29.38,29.54,1432820,13502,29.5021
2024-07-01T04:00:00Z,29.83,30.02,29.73,29.94,1076972,10606,29.9032
2024-07-02T04:00:00Z,29.62,30.03,29.585,30.02,1346519,12022,29.8513
2024-07-03T04:00:00Z,30.2,30.4,30.1,30.34,1003101,7609,30.2946
2024-07-05T04:00:00Z,30.5,30.52,30.08,30.44,1097465,9959,30.3316
2024-07-08T04:00:00Z,30.63,30.69,30.34,30.39,823577,7895,30.4503
2024-07-09T04:00:00Z,30.15,30.42,30.134,30.27,954473,8509,30.2528
2024-07-10T04:00:00Z,30.43,30.75,30.35,30.74,886097,8858,30.6143
2024-07-11T04:00:00Z,31.01,31.17,30.91,31.03,1197916,10945,31.0298
2024-07-12T04:00:00Z,31.24,31.37,31.2,31.24,1169075,12895,31.2817
2024-07-15T04:00:00Z,31.36,31.37,31.055,31.07,846543,10005,31.1665
2024-07-16T04:00:00Z,31,31.455,30.89,31.42,1094368,10497,31.2322
2024-07-17T04:00:00Z,31.21,31.34,30.94,31.01,1540446,12715,31.1132
2024-07-18T04:00:00Z,31.24,31.24,30.56,30.59,1303014,10631,30.8071
2024-07-19T04:00:00Z,30.44,30.635,30.354,30.42,890736,8575,30.4558
2024-07-22T04:00:00Z,30.8,30.87,30.62,30.68,1502567,13243,30.713
2024-07-23T04:00:00Z,30.55,30.76,30.45,30.54,1966558,17245,30.5821
2024-07-24T04:00:00Z,30.53,30.555,29.985,30,1790623,14944,30.2458
2024-07-25T04:00:00Z,29.95,30.435,29.69,30.17,1254106,14004,30.1232
2024-07-26T04:00:00Z,30.36,30.63,30.33,30.55,775445,9562,30.5276
2024-07-29T04:00:00Z,30.39,30.43,29.97,29.97,1770597,16076,30.0761
2024-07-30T04:00:00Z,30.1,30.25,29.98,30.01,1380375,16697,30.0676
2024-07-31T04:00:00Z,30.31,30.395,30.09,30.18,1786366,15567,30.2401
2024-08-01T04:00:00Z,30.17,30.17,28.87,29.16,2418802,23739,29.1954
2024-08-02T04:00:00Z,28.45,28.5,27.95,28.03,3024712,21920,28.1437
2024-08-05T04:00:00Z,27.57,28.125,27.37,27.97,4242125,31424,27.8502
2024-08-06T04:00:00Z,27.7,28.3897,27.555,28.18,2007575,18010,28.1029
2024-08-07T04:00:00Z,28.74,28.79,28.16,28.16,1549951,12553,28.4262
2024-08-08T04:00:00Z,28.52,28.7099,28.3,28.64,1154668,12048,28.5523
2024-08-09T04:00:00Z,28.58,28.78,28.475,28.69,1211738,13217,28.6798
2024-08-12T04:00:00Z,28.71,28.805,28.57,28.63,1481894,13865,28.6676
2024-08-13T04:00:00Z,28.88,29.26,28.825,29.25,2059287,16349,29.0943
2024-08-14T04:00:00Z,30.55,31.03,30.45,30.89,6163617,39377,30.7813
2024-08-15T04:00:00Z,30.13,30.335,30.01,30.15,3718106,26312,30.1553
2024-08-16T04:00:00Z,30.26,30.42,30.2,30.38,2397400,18881,30.338
2024-08-19T04:00:00Z,30.26,30.54,30.21,30.46,1286081,12642,30.3942
2024-08-20T04:00:00Z,30.42,30.58,30.395,30.46,1580571,14330,30.4908
2024-08-21T04:00:00Z,30.53,30.7,30.385,30.68,1897033,16671,30.5641
2024-08-22T04:00:00Z,30.82,30.855,30.63,30.73,1079104,12141,30.7539
2024-08-23T04:00:00Z,30.7,31.22,30.7,31.05,1075505,12681,31.0315
2024-08-26T04:00:00Z,31.2,31.225,31.09,31.12,1135453,10910,31.1501
2024-08-27T04:00:00Z,31.26,31.455,31.22,31.26,1567919,12182,31.315
2024-08-28T04:00:00Z,31.15,31.26,30.94,31.08,1195772,12154,31.118
2024-08-29T04:00:00Z,30.88,30.96,30.69,30.79,1648153,15410,30.7979
2024-08-30T04:00:00Z,30.66,30.77,30.545,30.76,1318443,11950,30.6714
2024-09-03T04:00:00Z,30.18,30.26,29.56,29.67,2355285,17799,29.8401
2024-09-04T04:00:00Z,29.57,29.7099,29.4,29.44,2325005,22104,29.5335
2024-09-05T04:00:00Z,29.61,29.69,29.255,29.36,1602328,14315,29.4345
2024-09-06T04:00:00Z,29.28,29.4,28.53,28.53,2617787,20614,28.8229
2024-09-09T04:00:00Z,28.82,29.175,28.79,29.02,2041363,15830,28.988
2024-09-10T04:00:00Z,28.9,28.9,28.33,28.63,2268046,17022,28.5416
2024-09-11T04:00:00Z,28.81,29.07,28.42,29,1980026,15433,28.7837
2024-09-12T04:00:00Z,28.86,29.095,28.68,28.98,1403368,12296,28.9417
2024-09-13T04:00:00Z,29.38,29.665,29.38,29.59,1252106,10457,29.5667
2024-09-16T04:00:00Z,29.65,29.83,29.6,29.79,1396216,12626,29.7343
2024-09-17T04:00:00Z,30,30.05,29.665,29.76,1003584,10548,29.8526
2024-09-18T04:00:00Z,29.91,30.32,29.74,29.91,1321264,13999,29.9614
2024-09-19T04:00:00Z,30.33,30.455,30.1,30.4,1121915,10074,30.3308
2024-09-20T04:00:00Z,29.96,30.02,29.705,29.9,1397232,12775,29.9015
2024-09-23T04:00:00Z,30.11,30.29,30.1,30.22,950498,9901,30.1973
2024-09-24T04:00:00Z,30.73,30.8,30.2913,30.64,1374732,15473,30.5758
2024-09-25T04:00:00Z,30.49,30.515,29.98,30,1165142,11703,30.1023
2024-09-26T04:00:00Z,30.97,31.11,30.8,31.01,2491452,15576,30.9833
2024-09-27T04:00:00Z,31.34,31.35,31.005,31.03,1272117,10766,31.1415
2024-09-30T04:00:00Z,30.79,30.955,30.67,30.91,1181137,14339,30.8326
2024-10-01T04:00:00Z,31.2,31.23,30.28,30.81,2429180,20054,30.7148
2024-10-02T04:00:00Z,30.84,31.045,30.69,30.98,1700422,14687,30.9215
2024-10-03T04:00:00Z,30.67,30.775,30.5,30.66,855410,8691,30.6434
2024-10-04T04:00:00Z,30.71,30.93,30.69,30.89,870178,9411,30.8216
2024-10-07T04:00:00Z,31.41,31.52,31.17,31.31,1412439,12021,31.3746
2024-10-08T04:00:00Z,31.17,31.26,31.055,31.2,865794,9154,31.1765
2024-10-09T04:00:00Z,31.21,31.59,31.21,31.58,658733,9590,31.4858
2024-10-10T04:00:00Z,31.6,31.645,31.45,31.61,801243,8961,31.5742
2024-10-11T04:00:00Z,31.61,32.13,31.6,32.02,2082356,15667,31.9481
2024-10-14T04:00:00Z,31.99,32.34,31.98,32.19,1274691,11953,32.2036
2024-10-15T04:00:00Z,32.34,32.4299,31.91,31.94,1021085,10723,32.1193
2024-10-16T04:00:00Z,32.32,32.52,32.23,32.5,1060072,10488,32.4145
2024-10-17T04:00:00Z,32.7,32.8,32.45,32.56,1234442,11250,32.5986
2024-10-18T04:00:00Z,32.65,32.885,32.5,32.83,1016999,11013,32.7594
2024-10-21T04:00:00Z,32.59,32.61,32.3,32.33,845026,9725,32.4194
2024-10-22T04:00:00Z,32.29,32.53,32.25,32.5,863010,9460,32.4115
2024-10-23T04:00:00Z,32.13,32.19,31.765,31.95,959933,10596,31.9921
2024-10-24T04:00:00Z,32.24,32.445,32.15,32.38,924929,9474,32.2886
2024-10-25T04:00:00Z,32.34,32.365,32.01,32.1,937612,10545,32.1264
2024-10-28T04:00:00Z,32.1,32.48,32.07,32.39,1363849,13307,32.3133
2024-10-29T04:00:00Z,32.79,32.895,32.595,32.82,2122603,16579,32.7691
2024-10-30T04:00:00Z,31.565,31.91,31.28,31.35,2864477,24860,31.4733
2024-10-31T04:00:00Z,31.03,31.17,30.57,30.68,1888816,17712,30.746
2024-11-01T04:00:00Z,31.25,31.29,31.03,31.11,1365050,11974,31.1624
2024-11-04T05:00:00Z,31.19,31.26,30.97,31.01,1023880,10903,31.0955
2024-11-05T05:00:00Z,31.36,31.85,31.26,31.73,1421333,13241,31.6536
2024-11-06T05:00:00Z,32.54,33.08,32.38,33.02,2473821,21269,32.8426
2024-11-07T05:00:00Z,33.13,33.34,32.95,33.08,1621910,15270,33.1141
2024-11-08T05:00:00Z,32.375,32.47,32.1,32.34,1739990,19342,32.2711
2024-11-11T05:00:00Z,32.47,32.795,32.46,32.65,1518409,14466,32.6517
2024-11-12T05:00:00Z,32.24,32.29,31.88,32.06,1221652,13013,32.0521
2024-11-13T05:00:00Z,31.73,31.81,31.35,31.62,1645721,15700,31.6404
2024-11-14T05:00:00Z,31.83,31.91,31.655,31.68,1241593,13858,31.7674
2024-11-15T05:00:00Z,31.51,31.65,31.465,31.63,1215187,12358,31.5794
2024-11-18T05:00:00Z,31.75,31.98,31.655,31.87,982411,11459,31.8792
2024-11-19T05:00:00Z,31.53,31.889,31.46,31.85,1200985,13514,31.7484
2024-11-20T05:00:00Z,31.86,31.91,31.61,31.83,1548858,17854,31.7826
2024-11-21T05:00:00Z,31.83,31.9012,31.605,31.74,1249597,12635,31.7909
2024-11-22T05:00:00Z,31.64,31.81,31.59,31.8,1268623,13745,31.7223
2024-11-25T05:00:00Z,32.06,32.18,31.91,32.04,1662309,16198,32.0533
2024-11-26T05:00:00Z,31.4,31.46,31.07,31.19,1446928,14372,31.2516
2024-11-27T05:00:00Z,31.24,31.42,31.19,31.34,962780,10288,31.3144
2024-11-29T05:00:00Z,31.99,32.42,31.99,32.34,1022297,9912,32.2516
2024-12-02T05:00:00Z,32.29,32.415,32.085,32.28,1237931,13109,32.2816
2024-12-03T05:00:00Z,32.54,32.65,32.45,32.55,910008,10881,32.5473
2024-12-04T05:00:00Z,32.6,32.63,32.435,32.44,965061,11676,32.5253
2024-12-05T05:00:00Z,32.72,32.9262,32.72,32.74,1452221,15355,32.8105
2024-12-06T05:00:00Z,33.09,33.1,32.725,32.79,1121899,11949,32.8501
2024-12-09T05:00:00Z,33.04,33.06,32.59,32.59,1119257,14556,32.7629
2024-12-10T05:00:00Z,32.13,32.18,31.66,31.69,1481850,16849,31.902
2024-12-11T05:00:00Z,32.18,32.265,31.97,32.18,1168237,14147,32.1351
2024-12-12T05:00:00Z,32.06,32.33,32.02,32.02,979703,11614,32.1437
2024-12-13T05:00:00Z,32.08,32.08,31.765,31.86,771651,9540,31.9084
2024-12-16T05:00:00Z,31.86,31.89,31.705,31.82,1296313,13645,31.8144
2024-12-17T05:00:00Z,31.46,31.605,31.35,31.4,1418301,13385,31.4597
2024-12-18T05:00:00Z,31.19,31.3,29.99,30.02,1669739,17883,30.5839
2024-12-19T05:00:00Z,29.92,29.985,29.73,29.81,2434644,22457,29.8579
2024-12-20T05:00:00Z,29.64,30.045,29.58,29.78,2302343,19100,29.889
2024-12-23T05:00:00Z,30.07,30.34,29.96,30.29,1801483,16309,30.1472
2024-12-24T05:00:00Z,30.34,30.65,30.26,30.55,583932,6409,30.481
2024-12-26T05:00:00Z,30.43,30.735,30.43,30.64,862615,10632,30.6519
2024-12-27T05:00:00Z,30.66,30.79,30.455,30.69,1095173,12943,30.6482
2024-12-30T05:00:00Z,30.46,30.69,30.355,30.6,1341147,13675,30.5369
2024-12-31T05:00:00Z,30.53,30.69,30.145,30.32,1094937,14293,30.3315
2025-01-02T05:00:00Z,30.35,30.5,30.18,30.28,975550,12457,30.3064
2025-01-03T05:00:00Z,31.59,31.605,31.245,31.42,1805332,16818,31.4193
2025-01-06T05:00:00Z,32.12,32.355,31.965,32.05,1861455,18142,32.1185
2025-01-07T05:00:00Z,32.62,32.62,32.045,32.46,2641434,20772,32.3568
2025-01-08T05:00:00Z,32.245,32.475,32.19,32.47,1232994,13142,32.3551
2025-01-10T05:00:00Z,32.69,32.725,32.28,32.31,2060531,20632,32.4398
2025-01-13T05:00:00Z,31.92,32.01,31.74,31.98,2473761,16793,31.9075
2025-01-14T05:00:00Z,32.07,32.3,31.88,32.21,1346804,13861,32.137
2025-01-15T05:00:00Z,32.87,32.99,32.68,32.93,1902669,17947,32.9015
2025-01-16T05:00:00Z,33.02,33.22,32.995,33.15,2162949,19400,33.1303
2025-01-17T05:00:00Z,33.82,34.11,33.74,34.04,1859877,16772,34.0003
2025-01-21T05:00:00Z,34.75,35.105,34.55,35.1,2114132,19421,34.9052
2025-01-22T05:00:00Z,34.87,34.91,34.63,34.67,2237339,12594,34.7459
2025-01-23T05:00:00Z,34.83,35.08,34.75,35,1203997,13497,34.9471
2025-01-24T05:00:00Z,35.05,35.42,34.97,35.37,2101226,17281,35.2739
2025-01-27T05:00:00Z,35.33,35.8,35.22,35.78,2706443,22734,35.557
2025-01-28T05:00:00Z,35.36,35.76,35.265,35.72,3117319,25009,35.5661
2025-01-29T05:00:00Z,35.62,35.84,35.525,35.65,2071186,19108,35.7094
2025-01-30T05:00:00Z,35.68,35.83,35.37,35.61,1877404,17953,35.688
2025-01-31T05:00:00Z,35.67,35.755,35.335,35.42,1462168,16736,35.5048
2025-02-03T05:00:00Z,34.33,35.04,34.29,34.94,2614855,23421,34.7423
2025-02-04T05:00:00Z,32.935,33.06,32.27,32.41,6844317,47857,32.6126
2025-02-05T05:00:00Z,32.56,32.68,32.2,32.61,3454146,31835,32.4348
2025-02-06T05:00:00Z,33.06,33.42,33.01,33.39,1770114,16293,33.2899
2025-02-07T05:00:00Z,33.61,33.71,33.3636,33.42,1947370,20696,33.4977
2025-02-10T05:00:00Z,33.39,33.68,33.19,33.61,1814141,20112,33.5008
2025-02-11T05:00:00Z,33.24,33.31,33.06,33.16,1778857,19809,33.1831
2025-02-12T05:00:00Z,32.9,33.07,32.76,33.03,1238410,18081,32.9661
2025-02-13T05:00:00Z,33.25,33.56,33.2,33.49,1577916,18011,33.4284
2025-02-14T05:00:00Z,33.63,33.81,33.5,33.55,1296327,15821,33.6259
2025-02-18T05:00:00Z,34.15,34.35,34.06,34.33,1470974,17020,34.248
2025-02-19T05:00:00Z,33.71,33.87,33.64,33.79,1841638,20328,33.7605
2025-02-20T05:00:00Z,33.67,33.7,33.25,33.52,1889685,16786,33.468
2025-02-21T05:00:00Z,33.77,33.825,33.41,33.47,1960406,18462,33.6211
2025-02-24T05:00:00Z,33.74,33.76,33.29,33.47,1563231,17846,33.5643
2025-02-25T05:00:00Z,33.93,34.065,33.275,33.96,13531313,26292,33.6373
2025-02-26T05:00:00Z,34.07,34.43,34.01,34.23,7615360,33288,34.215
2025-02-27T05:00:00Z,33.24,33.91,33.12,33.85,17136764,49972,33.538
2025-02-28T05:00:00Z,33.66,34.36,33.2515,34.29,15640838,44627,34.1339
2025-03-03T05:00:00Z,34.72,35.045,34.205,34.38,3192587,22364,34.6419
2025-03-04T05:00:00Z,33.33,34.08,32.41,33.32,8209402,44010,33.163
2025-03-05T05:00:00Z,33.455,34.38,33.455,34.24,5090430,33696,33.8884
2025-03-06T05:00:00Z,32.97,33.525,32.805,33.1,7138185,33527,33.2407
2025-03-07T05:00:00Z,33.69,34.18,33.29,34.15,6734230,36356,33.7274
2025-03-10T04:00:00Z,32.735,32.86,31.645,31.88,7366961,38520,32.2763
2025-03-11T04:00:00Z,31.68,31.805,31.02,31.38,6007527,41708,31.4144
2025-03-12T04:00:00Z,31.96,32.035,31.64,31.94,3057219,26872,31.8778
2025-03-13T04:00:00Z,31.85,31.9,31.56,31.71,1876709,20156,31.7358
2025-03-14T04:00:00Z,32.25,32.845,32.19,32.73,7312515,34817,32.6049
2025-03-17T04:00:00Z,33,33.565,32.98,33.42,2317040,19905,33.325
2025-03-18T04:00:00Z,33.64,34.195,33.47,33.85,4182671,36748,33.8019
2025-03-19T04:00:00Z,32.87,33.275,32.815,33.07,2862820,25542,33.0402
2025-03-20T04:00:00Z,32.37,33.09,32.36,32.99,3961770,31148,32.7977
2025-03-21T04:00:00Z,32.52,32.9,32.495,32.74,4153093,30325,32.6832
2025-03-24T04:00:00Z,32.95,33.1,32.815,32.96,2763256,22521,32.9455
2025-03-25T04:00:00Z,33.61,33.8,33.48,33.67,2730316,21453,33.6412
2025-03-26T04:00:00Z,33.64,33.785,33.11,33.21,2028260,18730,33.4199
2025-03-27T04:00:00Z,32.01,32.13,31.73,31.91,4000271,29650,31.9767
2025-03-28T04:00:00Z,31.82,31.84,31.44,31.56,3489722,28164,31.6144
2025-03-31T04:00:00Z,30.435,30.755,30.1393,30.63,2974431,24374,30.5074
2025-04-01T04:00:00Z,30.81,30.81,30.16,30.35,3085063,26166,30.4344
2025-04-02T04:00:00Z,29.97,30.575,29.965,30.45,2842598,27560,30.2987
2025-04-03T04:00:00Z,28.83,28.98,28.175,28.22,4070940,38423,28.5554
2025-04-04T04:00:00Z,27.51,27.62,26.08,26.76,6537461,47130,26.9228
2025-04-07T04:00:00Z,26.04,27.89,25.7825,26.65,6952982,49649,26.5175
2025-04-08T04:00:00Z,27.67,27.76,25.745,26.12,4747785,42980,26.7771
2025-04-09T04:00:00Z,26,28.585,25.83,28.42,6300249,44683,27.0869
2025-04-10T04:00:00Z,27.68,27.9,26.925,27.53,3993488,41177,27.5364
2025-04-11T04:00:00Z,27.74,28.63,27.68,28.44,3697772,32773,28.1605
2025-04-14T04:00:00Z,28.55,28.915,28.41,28.66,3232797,27269,28.7148
2025-04-15T04:00:00Z,28.99,29.11,28.85,28.9,2655913,23019,28.9649
2025-04-16T04:00:00Z,28,28.14,27.605,27.81,2206467,21186,27.9045
2025-04-17T04:00:00Z,28,28.23,27.93,27.94,3102103,24310,28.0625
2025-04-21T04:00:00Z,27.91,28.04,27.4,27.61,2287458,22656,27.5668
2025-04-22T04:00:00Z,28.1,28.61,28.08,28.54,2416860,22154,28.4385
2025-04-23T04:00:00Z,29.48,29.795,29.045,29.08,3202037,26557,29.3436
2025-04-24T04:00:00Z,29.42,29.85,29.33,29.81,2756147,24199,29.6499
2025-04-25T04:00:00Z,29.78,30.1,29.75,30.02,2349251,20535,29.9763
2025-04-28T04:00:00Z,30.07,30.385,30.05,30.28,2463820,23701,30.2794
2025-04-29T04:00:00Z,30.37,30.55,30.275,30.51,2280298,20125,30.4303
2025-04-30T04:00:00Z,30.06,30.3,29.73,30.23,3889929,27775,30.0519
2025-05-01T04:00:00Z,30.22,30.52,30.1,30.14,3937559,28668,30.2926
2025-05-02T04:00:00Z,30.53,30.81,30.52,30.71,2956342,25163,30.6954
2025-05-05T04:00:00Z,30.89,31.06,30.75,30.77,2099219,19137,30.9242
2025-05-06T04:00:00Z,30.73,30.91,30.68,30.68,1542334,14686,30.7835
2025-05-07T04:00:00Z,30.87,31.035,30.78,30.88,2017895,17938,30.9203
2025-05-08T04:00:00Z,31.25,31.405,31.03,31.08,3629333,25509,31.2057
2025-05-09T04:00:00Z,31.365,31.53,31.285,31.51,4355943,28995,31.4255
2025-05-12T04:00:00Z,32.11,32.225,31.835,32.16,5194395,31966,32.0862
2025-05-13T04:00:00Z,32.31,32.7,32.255,32.49,3912873,25752,32.5415
2025-05-14T04:00:00Z,32.76,32.85,32.595,32.73,2238430,19307,32.7588
2025-05-15T04:00:00Z,33.04,33.325,32.94,33.28,2821187,19280,33.163
2025-05-16T04:00:00Z,32.97,33.18,32.9401,33.04,2660253,18199,33.0645
2025-05-19T04:00:00Z,33.36,33.86,33.29,33.75,5738081,36867,33.6543
2025-05-20T04:00:00Z,32.48,32.635,32.18,32.28,4336415,28329,32.4126
2025-05-21T04:00:00Z,32.58,32.6,31.95,31.97,3650046,28612,32.2736
2025-05-22T04:00:00Z,31.96,32.285,31.915,32.12,2652289,19172,32.1364
2025-05-23T04:00:00Z,31.52,31.87,31.5,31.74,2216484,17449,31.7467
2025-05-27T04:00:00Z,31.91,32.095,31.83,32.04,1913006,15509,32.0174
2025-05-28T04:00:00Z,31.79,31.82,31.59,31.59,2012030,16153,31.7086
2025-05-29T04:00:00Z,31.83,31.83,31.51,31.64,2209202,19972,31.6147
2025-05-30T04:00:00Z,31.73,31.975,31.49,31.89,3932145,27369,31.813
2025-06-02T04:00:00Z,31.81,32.045,31.69,31.93,4053497,28146,31.9203
2025-06-03T04:00:00Z,33.04,33.5,32.9,33.45,4443689,28857,33.2806
2025-06-04T04:00:00Z,32.89,33.06,32.815,32.84,2424230,19184,32.9222
2025-06-05T04:00:00Z,32.57,32.89,32.53,32.85,2394079,21824,32.7721
2025-06-06T04:00:00Z,34.09,34.56,33.505,33.62,7079230,40778,33.9002
2025-06-09T04:00:00Z,33.4,33.42,32.57,32.93,4389711,35106,32.8747
2025-06-10T04:00:00Z,32,32.49,31.96,32.24,3100687,23371,32.2767
2025-06-11T04:00:00Z,32.84,32.875,32.59,32.71,1775364,18721,32.7325
2025-06-12T04:00:00Z,32.59,32.84,32.55,32.67,1442916,14204,32.6547
2025-06-13T04:00:00Z,32.1,32.245,31.87,31.98,1846342,18314,32.0416
2025-06-16T04:00:00Z,32.05,32.305,31.98,32.03,1617178,16328,32.1108
2025-06-17T04:00:00Z,31.77,31.85,31.54,31.58,1357201,14404,31.6893
2025-06-18T04:00:00Z,30.84,31.01,30.71,30.77,2468213,22870,30.8391
2025-06-20T04:00:00Z,30.76,30.84,30.36,30.42,4216306,29806,30.546
2025-06-23T04:00:00Z,30.455,31.075,30.39,31.06,2959268,23641,30.755
2025-06-24T04:00:00Z,31.69,32.175,31.62,32.05,2324597,20772,31.9856
2025-06-25T04:00:00Z,32.17,32.27,32.03,32.25,2034664,20165,32.1762
2025-06-26T04:00:00Z,32.79,33.13,32.69,33.07,2143514,19375,32.9986
2025-06-27T04:00:00Z,33.45,33.62,33.255,33.44,2446197,19478,33.4248
2025-06-30T04:00:00Z,33.65,33.85,33.61,33.82,2511568,21717,33.7473
2025-07-01T04:00:00Z,33.48,33.87,33.48,33.77,2058364,18517,33.7043
2025-07-02T04:00:00Z,34.53,34.83,34.43,34.77,3782337,27365,34.6602
2025-07-03T04:00:00Z,35.005,35.1,34.73,34.88,2181041,18505,34.9047
2025-07-07T04:00:00Z,34.5,34.61,34.07,34.17,2598023,25870,34.267
2025-07-08T04:00:00Z,34.9,35.215,34.745,35.17,2685890,21536,35.0108
2025-07-09T04:00:00Z,35.81,36,35.585,35.8,3284114,24264,35.7607
2025-07-10T04:00:00Z,36,36.235,35.99,36.11,2226492,19798,36.1135
2025-07-11T04:00:00Z,35.75,35.81,35.575,35.69,1497487,15990,35.6983
2025-07-14T04:00:00Z,35.43,35.775,35.39,35.67,1466644,15051,35.601
2025-07-15T04:00:00Z,35.89,35.9,35.395,35.41,1749918,15794,35.5495
2025-07-16T04:00:00Z,35.57,35.9875,35.42,35.97,2356912,19521,35.7046
2025-07-17T04:00:00Z,35.76,36.075,35.75,36.04,2763511,22651,35.9202
2025-07-18T04:00:00Z,36.28,36.28,35.935,36.02,1430815,13572,36.0827
2025-07-21T04:00:00Z,36.11,36.585,36.07,36.3,1294514,16053,36.3676
2025-07-22T04:00:00Z,36.72,37.055,36.57,37,2095146,19141,36.8918
2025-07-23T04:00:00Z,37.56,38.13,37.53,38.13,2427820,23466,37.84
2025-07-24T04:00:00Z,38.25,38.41,38.18,38.21,2184342,23424,38.2927
2025-07-25T04:00:00Z,38.24,38.42,38.095,38.41,1500751,19442,38.2732
2025-07-28T04:00:00Z,37.95,37.97,37.745,37.78,1236298,14414,37.8218
2025-07-29T04:00:00Z,37.95,38.145,37.725,38,2268167,22656,37.9587
2025-07-30T04:00:00Z,38.025,38.295,37.76,37.93,2560858,27191,38.0737
2025-07-31T04:00:00Z,37.49,37.56,37.2,37.33,2500164,26899,37.4015
2025-08-01T04:00:00Z,36.71,36.795,35.94,36.67,3697644,40944,36.5048
2025-08-04T04:00:00Z,37.56,37.56,37.255,37.35,1483581,18540,37.3746
2025-08-05T04:00:00Z,37.58,37.675,37.26,37.54,1757198,20212,37.5122
2025-08-06T04:00:00Z,37.9,38.16,37.785,38.04,1850682,19799,38.017
2025-08-07T04:00:00Z,39.06,39.2,38.72,38.94,2573804,24971,38.9453
2025-08-08T04:00:00Z,39.35,39.71,39.24,39.54,1744711,18614,39.5108
2025-08-11T04:00:00Z,39.29,39.32,38.63,38.8,3700592,33682,38.9417
2025-08-12T04:00:00Z,39.22,39.57,39.13,39.55,2209141,20747,39.4623
2025-08-13T04:00:00Z,39.51,39.695,39.47,39.65,1342825,17521,39.6013
2025-08-14T04:00:00Z,39.56,39.87,39.51,39.86,1128296,14998,39.714
2025-08-15T04:00:00Z,40.2,40.21,39.87,39.92,1957856,19006,39.991
2025-08-18T04:00:00Z,39.64,39.83,39.455,39.69,2070028,24931,39.6621
2025-08-19T04:00:00Z,40,40,39.53,39.56,1699004,20838,39.7082
2025-08-20T04:00:00Z,39.45,39.84,39.195,39.74,1691046,19444,39.5996
2025-08-21T04:00:00Z,39.34,39.525,39.275,39.49,1621991,17863,39.4304
2025-08-22T04:00:00Z,39.84,40.415,39.81,40.38,1333278,15076,40.2862
2025-08-25T04:00:00Z,40.34,40.44,40.17,40.19,1028792,13326,40.2867
2025-08-26T04:00:00Z,39.9,40.575,39.86,40.55,2201747,25172,40.3289
2025-08-27T04:00:00Z,40.3,40.395,40.05,40.16,1618629,18715,40.239
2025-08-28T04:00:00Z,40.37,40.71,40.335,40.6,1525698,17166,40.5845
2025-08-29T04:00:00Z,40.44,40.6,40.34,40.52,1241059,15273,40.4863
2025-09-02T04:00:00Z,39.3,39.66,39.185,39.66,1903862,21509,39.4669
2025-09-03T04:00:00Z,39.6,39.77,39.485,39.76,1356058,18100,39.6431
2025-09-04T04:00:00Z,40.07,40.46,40.03,40.43,1304174,16078,40.2766
2025-09-05T04:00:00Z,40.81,40.8999,40.085,40.36,2082037,21498,40.4429
2025-09-08T04:00:00Z,40.67,40.71,40.35,40.54,1603333,20347,40.5238
2025-09-09T04:00:00Z,39.83,40.1956,39.72,40.01,1789362,21623,39.9781
2025-09-10T04:00:00Z,40.01,40.24,39.95,40.11,1231062,15697,40.1018
2025-09-11T04:00:00Z,40.4,40.925,40.4,40.9,1900288,20776,40.7603
2025-09-12T04:00:00Z,40.64,40.78,40.46,40.73,1272413,15006,40.6391
2025-09-15T04:00:00Z,41.36,41.7,41.36,41.59,1745956,20581,41.5666
2025-09-16T04:00:00Z,41.36,41.4,41.145,41.32,1336322,16013,41.298
2025-09-17T04:00:00Z,41.43,41.705,41.135,41.43,1480022,18946,41.4887
2025-09-18T04:00:00Z,41.19,41.57,41.089,41.53,1248322,14548,41.4463
2025-09-19T04:00:00Z,42.29,42.38,41.97,42.29,1765442,18031,42.2456
2025-09-22T04:00:00Z,42,42.44,41.9,42.38,1196883,14866,42.2085
2025-09-23T04:00:00Z,42.29,42.565,42.015,42.08,1314065,16515,42.2695
2025-09-24T04:00:00Z,41.8,41.84,41.47,41.53,1218599,15657,41.6204
2025-09-25T04:00:00Z,40.37,40.58,40.265,40.48,1905895,19232,40.4411
2025-09-26T04:00:00Z,40.59,40.825,40.58,40.77,1403100,17007,40.7231
2025-09-29T04:00:00Z,41.06,41.385,40.67,41.33,3145118,29184,41.0824
2025-09-30T04:00:00Z,41.05,41.18,40.63,41,1857544,23771,40.8855
2025-10-01T04:00:00Z,40.81,40.86,40.355,40.42,1541282,17787,40.5045
2025-10-02T04:00:00Z,40.27,40.405,39.92,40.34,1739574,20867,40.2384
2025-10-03T04:00:00Z,41,41.2159,40.91,41.1,1142358,16044,41.122
2025-10-06T04:00:00Z,41.11,41.135,40.755,41.04,820404,13225,41.0198
2025-10-07T04:00:00Z,40.99,41.08,40.6877,40.91,2388412,25701,40.843
2025-10-08T04:00:00Z,41.13,41.17,40.64,40.67,1540159,17705,40.8723
2025-10-09T04:00:00Z,40.37,40.38,39.81,40.13,1827050,21586,40.0923
2025-10-10T04:00:00Z,40.54,40.65,39.65,39.74,1875984,23162,40.0352
2025-10-13T04:00:00Z,40.16,40.475,40.13,40.39,1022123,15714,40.3472
2025-10-14T04:00:00Z,39.51,40.225,39.34,39.99,2456792,25942,39.7479
2025-10-15T04:00:00Z,39.16,39.37,38.93,39.08,2098911,23313,39.1799
2025-10-16T04:00:00Z,39.32,39.43,38.8,38.87,1792907,23300,39.0733
2025-10-17T04:00:00Z,38.36,38.575,38.04,38.49,2160426,24839,38.3608
2025-10-20T04:00:00Z,38.13,38.36,38.07,38.36,2845823,23934,38.2231
2025-10-21T04:00:00Z,37.73,37.83,37.54,37.56,3119179,27864,37.6994
2025-10-22T04:00:00Z,37.95,38.085,37.775,38.06,1867692,23381,37.9714
2025-10-23T04:00:00Z,38.36,38.37,38.11,38.22,1148520,14718,38.2285
2025-10-24T04:00:00Z,38.03,38.235,37.91,38.02,1540412,17335,38.0834
2025-10-27T04:00:00Z,38.49,38.8,38.42,38.6,1503766,18755,38.6224
2025-10-28T04:00:00Z,38.99,39.205,38.89,39.09,2200221,22795,39.0689
2025-10-29T04:00:00Z,38.575,38.865,38.12,38.28,2942468,34601,38.4521
2025-10-30T04:00:00Z,38.16,38.42,38.015,38.03,1661620,20398,38.1847
2025-10-31T04:00:00Z,38.14,38.425,37.99,38.36,1782937,19278,38.2269
2025-11-03T05:00:00Z,37.97,38.07,37.675,37.97,1345559,15960,37.9177
2025-11-04T05:00:00Z,37.32,37.94,37.23,37.87,3138003,26571,37.7545
2025-11-05T05:00:00Z,38.65,38.69,38.35,38.37,1950419,20727,38.4995
2025-11-06T05:00:00Z,38.37,38.47,37.955,38.04,1224032,17464,38.1757
2025-11-07T05:00:00Z,37.61,38.31,37.49,38.31,1501139,19308,37.9405
2025-11-10T05:00:00Z,38.36,38.51,38.175,38.43,2133234,21973,38.3752
2025-11-11T05:00:00Z,38.94,39.135,38.91,38.98,1332076,17193,39.0159
2025-11-12T05:00:00Z,39.5,39.8,39.49,39.6,1334386,17739,39.6623
2025-11-13T05:00:00Z,39.69,39.84,39.06,39.07,1668756,20701,39.3616
2025-11-14T05:00:00Z,38.63,39.04,38.49,38.92,1545463,19199,38.8342
2025-11-17T05:00:00Z,38.79,38.8851,38.11,38.25,2165469,23680,38.5519
2025-11-18T05:00:00Z,37.81,38.21,37.73,38.03,1979153,23321,37.9734
2025-11-19T05:00:00Z,38.11,38.265,37.91,38.2,1307518,17384,38.1275
2025-11-20T05:00:00Z,37.71,38.14,36.78,36.79,2701233,25414,37.4388
2025-11-21T05:00:00Z,37.04,37.2,36.655,37.07,1989950,22552,36.9653
2025-11-24T05:00:00Z,36.61,36.895,36.4435,36.79,1973760,21512,36.7694
2025-11-25T05:00:00Z,37.29,37.64,37.095,37.59,1350342,18817,37.4997
2025-11-26T05:00:00Z,38.05,38.195,37.985,38.05,1192606,15869,38.1007
2025-11-28T05:00:00Z,38.31,38.68,38.3,38.6,1039768,10757,38.5635
2025-12-01T05:00:00Z,38.47,38.68,38.39,38.48,1233374,15002,38.5534
2025-12-02T05:00:00Z,38.6,38.77,38.55,38.74,898923,13962,38.6882
2025-12-03T05:00:00Z,38.33,38.85,38.33,38.84,1169142,13210,38.6432
2025-12-04T05:00:00Z,38.9,39.115,38.795,38.81,1148714,14194,38.9465
2025-12-05T05:00:00Z,39.25,40.78,39.22,40.64,6308551,54040,40.2826
2025-12-08T05:00:00Z,40.9,41.22,40.7948,41.01,2381465,24117,40.9848
2025-12-09T05:00:00Z,40.96,41.445,40.96,41.29,1958015,24227,41.2829
2025-12-10T05:00:00Z,41.28,41.74,41.04,41.61,1580993,20055,41.378
2025-12-11T05:00:00Z,42.18,42.77,42.08,42.68,2376877,27732,42.4798
2025-12-12T05:00:00Z,43.455,43.76,43.04,43.21,2518929,26785,43.3405
2025-12-15T05:00:00Z,43.16,43.2,42.6735,42.69,1981270,22222,42.8555
2025-12-16T05:00:00Z,44.37,44.945,44.25,44.8,3920791,37890,44.6317
2025-12-17T05:00:00Z,45.25,45.35,44.825,44.84,1940190,23989,45.0543
2025-12-18T05:00:00Z,45.78,46.49,45.77,46.1,2523173,30431,46.1643
2025-12-19T05:00:00Z,46.19,46.66,46.014,46.28,5381545,28454,46.4443
2025-12-22T05:00:00Z,46.29,46.56,46.26,46.43,1760019,17955,46.4268
2025-12-23T05:00:00Z,46.66,46.95,46.63,46.87,1576594,15815,46.8128
2025-12-24T05:00:00Z,47,47.29,46.9001,47.21,665111,10697,47.1793
2025-12-26T05:00:00Z,47.2,47.305,47.075,47.27,957079,14861,47.1819
2025-12-29T05:00:00Z,46.5,46.57,46.3,46.55,1951544,22214,46.4594
2025-12-30T05:00:00Z,46.68,46.795,46.495,46.52,1001984,13963,46.6556
2025-12-31T05:00:00Z,46.33,46.55,46.28,46.31,1040553,15261,46.3815
