timestamp,open,high,low,close,volume,tradeCount,vwap
2016-01-04T05:00:00Z,1.41,1.51,1.39,1.45,79385,151,1.43118
2016-01-05T05:00:00Z,1.4601,1.4765,1.41,1.4316,34987,78,1.44146
2016-01-06T05:00:00Z,1.45,1.45,1.33,1.36,163468,263,1.37466
2016-01-07T05:00:00Z,1.34,1.37,1.26,1.272,127150,301,1.29902
2016-01-08T05:00:00Z,1.27,1.35,1.22,1.24,94529,185,1.24293
2016-01-11T05:00:00Z,1.25,1.26,1.18,1.25,85214,140,1.2125
2016-01-12T05:00:00Z,1.26,1.27,1.2001,1.23,33878,105,1.23163
2016-01-13T05:00:00Z,1.24,1.24,1.18,1.21,57794,166,1.21612
2016-01-14T05:00:00Z,1.22,1.24,1.16,1.21,111982,192,1.19658
2016-01-15T05:00:00Z,1.16,1.24,1.16,1.2,80366,167,1.20276
2016-01-19T05:00:00Z,1.24,1.34,1.23,1.25,195259,456,1.27447
2016-01-20T05:00:00Z,1.25,1.27,1.22,1.27,49222,130,1.23358
2016-01-21T05:00:00Z,1.27,1.285,1.21,1.27,41978,95,1.26023
2016-01-22T05:00:00Z,1.27,1.33,1.22,1.25,43768,157,1.27131
2016-01-25T05:00:00Z,1.27,1.31,1.27,1.29,38394,125,1.29069
2016-01-26T05:00:00Z,1.32,1.3299,1.29,1.29,71098,200,1.30683
2016-01-27T05:00:00Z,1.3,1.3635,1.3,1.32,64721,135,1.33766
2016-01-28T05:00:00Z,1.33,1.4,1.32,1.37,193085,567,1.37206
2016-01-29T05:00:00Z,1.39,1.49,1.25,1.29,238755,655,1.35776
2016-02-01T05:00:00Z,1.25,1.3237,1.25,1.28,124596,475,1.28701
2016-02-02T05:00:00Z,1.5,1.78,1.33,1.33,2157318,5278,1.53657
2016-02-03T05:00:00Z,1.37,1.51,1.37,1.41,522718,976,1.42609
2016-02-04T05:00:00Z,1.49,1.54,1.39,1.53,298032,758,1.48738
2016-02-05T05:00:00Z,1.57,1.75,1.53,1.655,544515,1357,1.63861
2016-02-08T05:00:00Z,1.78,1.78,1.55,1.57,202016,439,1.63143
2016-02-09T05:00:00Z,1.58,1.58,1.47,1.5,225206,586,1.51165
2016-02-10T05:00:00Z,1.55,1.65,1.499,1.54,254109,491,1.57212
2016-02-11T05:00:00Z,1.58,1.62,1.51,1.5901,123187,286,1.55777
2016-02-12T05:00:00Z,1.59,1.61,1.52,1.56,139391,330,1.57314
2016-02-16T05:00:00Z,1.58,1.68,1.58,1.6,317483,773,1.6328
2016-02-17T05:00:00Z,1.65,1.6799,1.61,1.625,163742,442,1.63993
2016-02-18T05:00:00Z,1.65,1.8,1.63,1.72,372903,945,1.71975
2016-02-19T05:00:00Z,1.76,2,1.76,1.89,491782,1150,1.9003
2016-02-22T05:00:00Z,1.96,2.04,1.85,1.93,425418,887,1.94551
2016-02-23T05:00:00Z,1.94,1.985,1.82,1.91,289692,594,1.89737
2016-02-24T05:00:00Z,1.88,1.99,1.84,1.99,174246,376,1.92931
2016-02-25T05:00:00Z,2.02,2.05,1.92,1.95,294557,849,1.98451
2016-02-26T05:00:00Z,1.94,1.97,1.88,1.9,178969,443,1.92632
2016-02-29T05:00:00Z,1.92,1.95,1.87,1.93,94680,370,1.9196
2016-03-01T05:00:00Z,1.95,2.09,1.92,2,323477,781,2.01444
2016-03-02T05:00:00Z,2.03,2.3,2.03,2.26,465843,1011,2.19188
2016-03-03T05:00:00Z,2.3,2.44,2.28,2.37,435837,1143,2.3832
2016-03-04T05:00:00Z,2.5,2.5,2.2425,2.32,510655,1276,2.37767
2016-03-07T05:00:00Z,2.33,2.4499,2.32,2.41,169254,615,2.3993
2016-03-08T05:00:00Z,2.43,2.45,2.32,2.38,223841,673,2.39188
2016-03-09T05:00:00Z,2.4,2.48,2.31,2.47,104019,337,2.44478
2016-03-10T05:00:00Z,2.48,2.7,2.4548,2.65,407642,1228,2.60871
2016-03-11T05:00:00Z,2.7,2.75,2.58,2.61,195055,492,2.63631
2016-03-14T04:00:00Z,2.6,2.6,2.46,2.53,152294,399,2.5128
2016-03-15T04:00:00Z,2.53,2.53,2.225,2.24,291225,716,2.32918
2016-03-16T04:00:00Z,2.26,2.28,2.19,2.24,147685,453,2.24239
2016-03-17T04:00:00Z,2.22,2.26,2.11,2.11,137215,436,2.19133
2016-03-18T04:00:00Z,2.1,2.1699,2.1,2.11,95782,272,2.13085
2016-03-21T04:00:00Z,2.12,2.21,2.12,2.13,101630,319,2.15931
2016-03-22T04:00:00Z,2.15,2.18,2.04,2.06,115523,317,2.09971
2016-03-23T04:00:00Z,2.06,2.08,2.02,2.02,76395,289,2.04134
2016-03-24T04:00:00Z,2,2.05,1.98,1.99,162153,382,2.00809
2016-03-28T04:00:00Z,1.99,2.03,1.92,1.98,150376,325,1.9736
2016-03-29T04:00:00Z,1.98,2.017,1.96,1.99,60913,285,1.99848
2016-03-30T04:00:00Z,2.02,2.15,1.97,1.98,176025,511,2.03995
2016-03-31T04:00:00Z,2.01,2.05,1.86,1.87,193106,576,1.92752
2016-04-01T04:00:00Z,1.85,1.95,1.85,1.9,80782,318,1.90741
2016-04-04T04:00:00Z,1.89,1.99,1.8189,1.82,149901,360,1.87295
2016-04-05T04:00:00Z,1.84,1.843,1.7,1.72,152794,387,1.78209
2016-04-06T04:00:00Z,2,2.05,1.21,1.41,2134324,4293,1.47531
2016-04-07T04:00:00Z,1.41,1.4214,1.22,1.3,831552,1194,1.30187
2016-04-08T04:00:00Z,1.32,1.39,1.3,1.35,261189,596,1.34417
2016-04-11T04:00:00Z,1.36,1.43,1.32,1.35,323016,490,1.37754
2016-04-12T04:00:00Z,1.34,1.388,1.33,1.35,182981,366,1.35908
2016-04-13T04:00:00Z,1.37,1.49,1.37,1.4,475510,909,1.43163
2016-04-14T04:00:00Z,1.41,1.46,1.38,1.44,228579,445,1.41166
2016-04-15T04:00:00Z,1.44,1.44,1.3945,1.4,85144,207,1.41606
2016-04-18T04:00:00Z,1.37,1.4369,1.31,1.37,297385,687,1.37714
2016-04-19T04:00:00Z,1.38,1.39,1.36,1.36,113517,342,1.37304
2016-04-20T04:00:00Z,1.35,1.42,1.34,1.41,156774,304,1.37747
2016-04-21T04:00:00Z,1.41,1.53,1.36,1.5,261935,478,1.4791
2016-04-22T04:00:00Z,1.5,1.5399,1.48,1.49,81107,182,1.5171
2016-04-25T04:00:00Z,1.53,1.59,1.47,1.5,251112,780,1.52866
2016-04-26T04:00:00Z,1.51,1.5299,1.43,1.48,124429,352,1.48141
2016-04-27T04:00:00Z,1.48,1.522,1.44,1.46,126277,254,1.47476
2016-04-28T04:00:00Z,1.42,1.43,1.25,1.33,501221,648,1.34377
2016-04-29T04:00:00Z,1.33,1.34,1.25,1.28,273912,628,1.27536
2016-05-02T04:00:00Z,1.27,1.28,1.25,1.26,136553,283,1.26542
2016-05-03T04:00:00Z,1.27,1.28,1.25,1.2616,121415,273,1.25888
2016-05-04T04:00:00Z,1.27,1.32,1.27,1.29,116463,227,1.29915
2016-05-05T04:00:00Z,1.41,1.41,1.25,1.26,162881,280,1.29665
2016-05-06T04:00:00Z,1.25,1.29,1.25,1.27,62788,108,1.26025
2016-05-09T04:00:00Z,1.25,1.2799,1.25,1.25,51158,132,1.25675
2016-05-10T04:00:00Z,1.25,1.2615,1.25,1.26,31066,83,1.25834
2016-05-11T04:00:00Z,1.28,1.3,1.27,1.29,50431,135,1.28429
2016-05-12T04:00:00Z,1.3,1.38,1.2901,1.35,153221,317,1.3526
2016-05-13T04:00:00Z,1.35,1.38,1.35,1.37,32123,171,1.36273
2016-05-16T04:00:00Z,1.37,1.44,1.3,1.31,132676,266,1.38253
2016-05-17T04:00:00Z,1.31,1.396,1.31,1.36,70363,305,1.33897
2016-05-18T04:00:00Z,1.36,1.3601,1.34,1.34,33043,109,1.34639
2016-05-19T04:00:00Z,1.31,1.343,1.25,1.28,168919,321,1.28265
2016-05-20T04:00:00Z,1.3,1.31,1.25,1.25,94378,133,1.26849
2016-05-23T04:00:00Z,1.25,1.28,1.24,1.27,55900,209,1.25378
2016-05-24T04:00:00Z,1.28,1.3,1.25,1.287,86603,191,1.26917
2016-05-25T04:00:00Z,1.29,1.3318,1.29,1.32,101570,209,1.31692
2016-05-26T04:00:00Z,1.35,1.45,1.32,1.34,179570,379,1.37531
2016-05-27T04:00:00Z,1.35,1.4,1.3401,1.37,81420,392,1.37281
2016-05-31T04:00:00Z,1.36,1.37,1.33,1.34,54746,160,1.35118
2016-06-01T04:00:00Z,1.34,1.37,1.33,1.34,54218,177,1.35223
2016-06-02T04:00:00Z,1.33,1.37,1.33,1.34,41051,119,1.34788
2016-06-03T04:00:00Z,1.34,1.38,1.34,1.38,23081,100,1.36288
2016-06-06T04:00:00Z,1.36,1.4299,1.3528,1.42,75118,225,1.39774
2016-06-07T04:00:00Z,1.44,1.5082,1.39,1.49,205996,364,1.47328
2016-06-08T04:00:00Z,1.52,1.54,1.44,1.44,236135,359,1.49754
2016-06-09T04:00:00Z,1.45,1.45,1.36,1.3899,66180,220,1.38472
2016-06-10T04:00:00Z,1.39,1.39,1.34,1.37,63876,132,1.35671
2016-06-13T04:00:00Z,1.35,1.36,1.2632,1.29,169069,425,1.31926
2016-06-14T04:00:00Z,1.3,1.3499,1.28,1.335,87076,292,1.30656
2016-06-15T04:00:00Z,1.33,1.45,1.3208,1.37,118855,337,1.36067
2016-06-16T04:00:00Z,1.37,1.439,1.34,1.4,61692,344,1.39896
2016-06-17T04:00:00Z,1.3814,1.4,1.32,1.37,41876,155,1.36359
2016-06-20T04:00:00Z,1.37,1.41,1.33,1.35,44277,109,1.3575
2016-06-21T04:00:00Z,1.34,1.3461,1.31,1.3299,39514,113,1.33271
2016-06-22T04:00:00Z,1.33,1.35,1.31,1.35,53745,148,1.33784
2016-06-23T04:00:00Z,1.34,1.39,1.33,1.33,43329,170,1.35772
2016-06-24T04:00:00Z,1.27,1.36,1.27,1.33,158452,247,1.31437
2016-06-27T04:00:00Z,1.25,1.2999,1.25,1.26,207336,334,1.26486
2016-06-28T04:00:00Z,1.29,1.32,1.25,1.26,82900,178,1.26619
2016-06-29T04:00:00Z,1.27,1.33,1.26,1.285,31970,89,1.29574
2016-06-30T04:00:00Z,1.3,1.34,1.26,1.26,100731,211,1.2935
2016-07-01T04:00:00Z,1.27,1.296,1.26,1.27,42827,107,1.27557
2016-07-05T04:00:00Z,1.27,1.3,1.25,1.28,105730,209,1.26649
2016-07-06T04:00:00Z,1.25,1.31,1.25,1.2989,63548,241,1.28012
2016-07-07T04:00:00Z,1.2901,1.307,1.28,1.29,23626,98,1.29606
2016-07-08T04:00:00Z,1.27,1.36,1.27,1.27,211940,324,1.31454
2016-07-11T04:00:00Z,1.28,1.3655,1.28,1.35,59066,186,1.33135
2016-07-12T04:00:00Z,1.36,1.3848,1.32,1.35,36343,141,1.3534
2016-07-13T04:00:00Z,1.3525,1.37,1.32,1.35,28294,113,1.34724
2016-07-14T04:00:00Z,1.3201,1.3624,1.28,1.31,59694,150,1.32652
2016-07-15T04:00:00Z,1.3,1.32,1.27,1.29,60643,145,1.29568
2016-07-18T04:00:00Z,1.29,1.31,1.28,1.3,40829,121,1.29442
2016-07-19T04:00:00Z,1.29,1.3,1.25,1.27,273189,432,1.27185
2016-07-20T04:00:00Z,1.27,1.29,1.27,1.28,49005,146,1.28495
2016-07-21T04:00:00Z,1.3,1.31,1.28,1.29,48336,117,1.29113
2016-07-22T04:00:00Z,1.27,1.34,1.27,1.32,94294,217,1.29711
2016-07-25T04:00:00Z,1.32,1.33,1.29,1.33,83563,134,1.31943
2016-07-26T04:00:00Z,1.32,1.32,1.29,1.29,33479,123,1.3083
2016-07-27T04:00:00Z,1.29,1.33,1.29,1.29,120538,236,1.31402
2016-07-28T04:00:00Z,1.34,1.34,1.27,1.28,81639,173,1.28906
2016-07-29T04:00:00Z,1.28,1.299,1.25,1.26,61336,172,1.26405
2016-08-01T04:00:00Z,1.25,1.37,1.25,1.33,511516,822,1.31994
2016-08-02T04:00:00Z,1.36,1.44,1.31,1.31,280103,407,1.37394
2016-08-03T04:00:00Z,1.3,1.35,1.28,1.35,301495,356,1.31266
2016-08-04T04:00:00Z,1.6,1.65,1.41,1.4541,1226753,1731,1.48007
2016-08-05T04:00:00Z,1.53,1.53,1.45,1.47,239242,327,1.48098
2016-08-08T04:00:00Z,1.46,1.47,1.4,1.4198,232430,307,1.42661
2016-08-09T04:00:00Z,1.39,1.4415,1.36,1.41,129426,218,1.40302
2016-08-10T04:00:00Z,1.4,1.45,1.35,1.36,83527,163,1.3874
2016-08-11T04:00:00Z,1.36,1.3812,1.31,1.31,151786,346,1.32136
2016-08-12T04:00:00Z,1.3157,1.3354,1.31,1.32,59683,169,1.32019
2016-08-15T04:00:00Z,1.31,1.35,1.28,1.35,78128,186,1.32523
2016-08-16T04:00:00Z,1.35,1.42,1.33,1.369,111735,205,1.38425
2016-08-17T04:00:00Z,1.4,1.5,1.35,1.35,182896,370,1.42264
2016-08-18T04:00:00Z,1.34,1.3846,1.32,1.34,75865,177,1.33697
2016-08-19T04:00:00Z,1.35,1.3724,1.33,1.34,44229,99,1.34778
2016-08-22T04:00:00Z,1.33,1.3599,1.32,1.32,52495,74,1.33661
2016-08-23T04:00:00Z,1.32,1.37,1.3,1.33,159531,279,1.33322
2016-08-24T04:00:00Z,1.34,1.343,1.3,1.33,52066,108,1.32015
2016-08-25T04:00:00Z,1.36,1.36,1.3,1.32,80602,241,1.32014
2016-08-26T04:00:00Z,1.3,1.36,1.3,1.32,53301,178,1.32763
2016-08-29T04:00:00Z,1.33,1.33,1.29,1.32,77057,150,1.30453
2016-08-30T04:00:00Z,1.31,1.33,1.29,1.29,50424,124,1.30081
2016-08-31T04:00:00Z,1.3,1.31,1.29,1.31,29102,94,1.30003
2016-09-01T04:00:00Z,1.31,1.38,1.29,1.3,43332,139,1.31778
2016-09-02T04:00:00Z,1.31,1.33,1.29,1.31,19588,77,1.31431
2016-09-06T04:00:00Z,1.33,1.33,1.2801,1.33,70623,179,1.31363
2016-09-07T04:00:00Z,1.31,1.33,1.31,1.31,45429,124,1.31148
2016-09-08T04:00:00Z,1.29,1.34,1.29,1.33,118184,247,1.32367
2016-09-09T04:00:00Z,1.36,1.38,1.29,1.3,80856,144,1.32567
2016-09-12T04:00:00Z,1.3,1.3291,1.28,1.29,126598,210,1.28815
2016-09-13T04:00:00Z,1.3,1.31,1.21,1.27,180207,394,1.25183
2016-09-14T04:00:00Z,1.25,1.29,1.2,1.21,128312,263,1.21517
2016-09-15T04:00:00Z,1.2,1.23,1.2,1.22,89376,179,1.20683
2016-09-16T04:00:00Z,1.22,1.25,1.21,1.25,63139,280,1.23203
2016-09-19T04:00:00Z,1.24,1.25,1.22,1.25,43005,100,1.23896
2016-09-20T04:00:00Z,1.25,1.25,1.18,1.19,139343,207,1.20008
2016-09-21T04:00:00Z,1.19,1.22,1.17,1.19,163327,201,1.18606
2016-09-22T04:00:00Z,1.23,1.23,1.15,1.19,269370,395,1.18066
2016-09-23T04:00:00Z,1.2,1.24,1.2,1.24,134104,180,1.23136
2016-09-26T04:00:00Z,1.23,1.29,1.21,1.29,142216,282,1.25317
2016-09-27T04:00:00Z,1.26,1.28,1.26,1.27,62209,148,1.26519
2016-09-28T04:00:00Z,1.27,1.28,1.24,1.24,40443,120,1.25843
2016-09-29T04:00:00Z,1.25,1.25,1.17,1.17,46393,107,1.22541
2016-09-30T04:00:00Z,1.18,1.286,1.18,1.22,97853,174,1.24149
2016-10-03T04:00:00Z,1.21,1.22,1.2,1.2,15992,52,1.20566
2016-10-04T04:00:00Z,1.2,1.21,1.17,1.18,34438,170,1.18716
2016-10-05T04:00:00Z,1.21,1.21,1.155,1.16,71643,212,1.17138
2016-10-06T04:00:00Z,1.19,1.19,1.161,1.19,28859,87,1.17632
2016-10-07T04:00:00Z,1.19,1.25,1.16,1.18,108298,257,1.18938
2016-10-10T04:00:00Z,1.19,1.2,1.19,1.19,21895,51,1.19131
2016-10-11T04:00:00Z,1.2,1.2,1.15,1.16,71794,162,1.16347
2016-10-12T04:00:00Z,1.15,1.159,1.08,1.09,187767,263,1.11261
2016-10-13T04:00:00Z,1.1,1.1,1.08,1.08,17720,75,1.08577
2016-10-14T04:00:00Z,1.09,1.09,1.06,1.08,52927,138,1.08459
2016-10-17T04:00:00Z,1.09,1.09,1.05,1.06,81480,88,1.05772
2016-10-18T04:00:00Z,1.0411,1.05,1.01,1.01,78411,138,1.01947
2016-10-19T04:00:00Z,1.01,1.02,0.93,1,153896,275,0.980475
2016-10-20T04:00:00Z,0.98,1.11,0.98,1.08,96231,256,1.06796
2016-10-21T04:00:00Z,1.08,1.0996,1.07,1.09,37667,89,1.07976
2016-10-24T04:00:00Z,1.1,1.1,1.08,1.08,12980,62,1.08473
2016-10-25T04:00:00Z,1.09,1.0965,1.08,1.09,48315,188,1.08357
2016-10-26T04:00:00Z,1.08,1.081,1.01,1.01,49444,174,1.05052
2016-10-27T04:00:00Z,0.97,0.999,0.96,0.97,62896,158,0.972841
2016-10-28T04:00:00Z,0.9817,1,0.9503,0.9543,46476,95,0.98557
2016-10-31T04:00:00Z,0.97,0.99,0.95,0.95,52855,128,0.964418
2016-11-01T04:00:00Z,0.95,1,0.7838,0.82,247967,358,0.875266
2016-11-02T04:00:00Z,0.79,0.9,0.7222,0.8501,286920,470,0.786087
2016-11-03T04:00:00Z,0.824,0.9,0.824,0.88,136295,192,0.875295
2016-11-04T04:00:00Z,0.9,0.92,0.8518,0.92,119212,314,0.900098
2016-11-07T05:00:00Z,0.91,0.92,0.8801,0.92,25234,70,0.909142
2016-11-08T05:00:00Z,0.9199,0.9199,0.86,0.86,42951,90,0.876222
2016-11-09T05:00:00Z,0.84,0.89,0.84,0.84,43517,144,0.868887
2016-11-10T05:00:00Z,0.86,0.88,0.84,0.8525,55696,213,0.858887
2016-11-11T05:00:00Z,0.84,0.87,0.84,0.8402,56484,125,0.846687
2016-11-14T05:00:00Z,0.83,0.88,0.8203,0.8656,56206,120,0.843586
2016-11-15T05:00:00Z,0.87,0.985,0.8691,0.985,286358,437,0.940351
2016-11-16T05:00:00Z,1.03,1.03,0.99,1,140260,129,1.00237
2016-11-17T05:00:00Z,1,1.24,1,1.19,929122,1400,1.09888
2016-11-18T05:00:00Z,1.24,1.24,1.05,1.2,221479,375,1.15286
2016-11-21T05:00:00Z,1.21,1.2199,1.155,1.1599,97345,227,1.19013
2016-11-22T05:00:00Z,1.16,1.19,1.01,1.08,78029,227,1.05837
2016-11-23T05:00:00Z,1.02,1.12,1.02,1.0701,56471,207,1.06765
2016-11-25T05:00:00Z,1.1,1.13,1.05,1.09,25189,78,1.09602
2016-11-28T05:00:00Z,1.11,1.15,1.05,1.07,48590,116,1.09291
2016-11-29T05:00:00Z,1.06,1.085,1.05,1.06,15366,137,1.06553
2016-11-30T05:00:00Z,1.12,1.12,1.09,1.12,69465,136,1.10591
2016-12-01T05:00:00Z,1.12,1.12,1.05,1.06,75442,130,1.07785
2016-12-02T05:00:00Z,1.07,1.11,1.07,1.08,51216,84,1.0807
2016-12-05T05:00:00Z,1.0796,1.11,1.06,1.09,68298,259,1.08831
2016-12-06T05:00:00Z,1.1,1.12,1.06,1.1,57571,174,1.09542
2016-12-07T05:00:00Z,1.12,1.18,1.1,1.12,173610,369,1.12112
2016-12-08T05:00:00Z,1.1,1.16,1.1,1.14,40890,185,1.13865
2016-12-09T05:00:00Z,1.14,1.15,1.11,1.13,83555,209,1.12799
2016-12-12T05:00:00Z,1.11,1.11,1.05,1.07,218883,357,1.07853
2016-12-13T05:00:00Z,1.03,1.11,1.03,1.06,99948,192,1.07895
2016-12-14T05:00:00Z,1.05,1.0629,1.04,1.04,60841,97,1.05412
2016-12-15T05:00:00Z,1.04,1.06,1.02,1.04,54054,130,1.03907
2016-12-16T05:00:00Z,1.06,1.06,1.02,1.03,56333,75,1.03102
2016-12-19T05:00:00Z,1.01,1.02,0.9801,0.9899,197202,275,0.997132
2016-12-20T05:00:00Z,0.99,0.9999,0.975,0.99,103010,243,0.989664
2016-12-21T05:00:00Z,0.99,1.01,0.98,0.9958,67821,134,0.99744
2016-12-22T05:00:00Z,1.03,1.03,0.99,0.99,66392,107,1.0141
2016-12-23T05:00:00Z,0.98,1.02,0.98,0.98,78905,93,1.00666
2016-12-27T05:00:00Z,0.98,1,0.973,0.9909,74791,151,0.986828
2016-12-28T05:00:00Z,0.99,1.01,0.98,1,97166,331,0.994717
2016-12-29T05:00:00Z,1,1.01,0.95,0.95,126176,437,0.988799
2016-12-30T05:00:00Z,0.95,0.999,0.9,0.91,219393,246,0.941157
2017-01-03T05:00:00Z,0.91,0.9276,0.91,0.92,21927,101,0.919264
2017-01-04T05:00:00Z,0.969,1,0.9507,0.9507,58148,129,0.986411
2017-01-05T05:00:00Z,1,1,0.98,0.9949,18778,74,0.994066
2017-01-06T05:00:00Z,1,1.05,0.9999,1.01,184361,255,1.01361
2017-01-09T05:00:00Z,1.01,1.0599,1,1.03,109396,171,1.03302
2017-01-10T05:00:00Z,1.01,1.03,1,1.01,39297,104,1.00565
2017-01-11T05:00:00Z,1.01,1.0298,0.96,1.01,16817,57,1.00389
2017-01-12T05:00:00Z,1,1.02,0.95,0.9863,22479,58,0.974675
2017-01-13T05:00:00Z,0.9788,1.01,0.9788,0.9875,16013,48,0.982018
2017-01-17T05:00:00Z,0.98,1.02,0.974,1.01,37921,66,1.00572
2017-01-18T05:00:00Z,1.02,1.02,1,1.02,7079,48,1.00649
2017-01-19T05:00:00Z,0.98,1,0.98,0.9801,20239,51,0.985596
2017-01-20T05:00:00Z,1,1.02,1,1.01,18140,60,1.00578
2017-01-23T05:00:00Z,0.96,1.02,0.96,1.01,56416,116,0.993704
2017-01-24T05:00:00Z,1.01,1.03,1,1.03,27767,110,1.01382
2017-01-25T05:00:00Z,1.04,1.06,1.01,1.03,99753,172,1.04404
2017-01-26T05:00:00Z,1.02,1.06,1.02,1.06,26564,82,1.05031
2017-01-27T05:00:00Z,1.07,1.13,1.0547,1.13,196264,337,1.08339
2017-01-30T05:00:00Z,1.13,1.13,1.05,1.08,91478,113,1.07354
2017-01-31T05:00:00Z,1.06,1.0741,1.02,1.025,13815,61,1.05137
2017-02-01T05:00:00Z,1.02,1.07,1.02,1.07,53577,72,1.03916
2017-02-02T05:00:00Z,1.05,1.07,1.02,1.07,17549,68,1.04493
2017-02-03T05:00:00Z,1.041,1.06,1.03,1.05,17549,45,1.04983
2017-02-06T05:00:00Z,1.03,1.06,1.03,1.06,23827,47,1.04204
2017-02-07T05:00:00Z,1.06,1.0682,1.03,1.05,32475,78,1.05268
2017-02-08T05:00:00Z,1.05,1.06,1,1.05,42203,96,1.03027
2017-02-09T05:00:00Z,1.01,1.0499,1.01,1.035,20419,80,1.01448
2017-02-10T05:00:00Z,1.04,1.07,1.03,1.07,100796,125,1.04914
2017-02-13T05:00:00Z,1.06,1.08,1.05,1.08,109417,307,1.06773
2017-02-14T05:00:00Z,1.08,1.09,1.07,1.09,38484,85,1.081
2017-02-15T05:00:00Z,1.07,1.11,1.07,1.09,126650,157,1.09252
2017-02-16T05:00:00Z,1.1,1.1,1.07,1.07,37684,87,1.08935
2017-02-17T05:00:00Z,1.07,1.078,1.01,1.05,58799,178,1.04299
2017-02-21T05:00:00Z,1.05,1.05,1.01,1.04,82985,190,1.0273
2017-02-22T05:00:00Z,1.01,1.03,0.972,0.99,80309,186,1.00666
2017-02-23T05:00:00Z,1.02,1.02,0.99,0.99,16870,63,1.0047
2017-02-24T05:00:00Z,1,1.07,1,1.06,75061,118,1.03441
2017-02-27T05:00:00Z,1.05,1.05,1,1.05,43276,110,1.03727
2017-02-28T05:00:00Z,1.04,1.0493,0.9911,1.01,53479,129,1.01422
2017-03-01T05:00:00Z,1.03,1.05,1,1,23676,101,1.01976
2017-03-02T05:00:00Z,1.03,1.0383,1,1.02,24685,85,1.01205
2017-03-03T05:00:00Z,1.01,1.025,0.995,1,68520,110,1.00431
2017-03-06T05:00:00Z,1.02,1.02,0.99,1.02,39010,135,1.00909
2017-03-07T05:00:00Z,1.02,1.02,0.98,1.01,49929,126,1.00157
2017-03-08T05:00:00Z,0.98,1.14,0.98,1.05,386647,962,1.07106
2017-03-09T05:00:00Z,1.07,1.08,1.02,1.05,133766,212,1.05065
2017-03-10T05:00:00Z,1.05,1.06,1.03,1.03,90611,176,1.04559
2017-03-13T04:00:00Z,1.03,1.1,1.03,1.07,103897,173,1.06368
2017-03-14T04:00:00Z,1.06,1.0869,1.01,1.06,124511,188,1.04157
2017-03-15T04:00:00Z,1.02,1.08,1.01,1.03,123530,224,1.03929
2017-03-16T04:00:00Z,1.04,1.06,1.02,1.05,56673,241,1.04182
2017-03-17T04:00:00Z,1.03,1.05,1,1,88552,140,1.01927
2017-03-20T04:00:00Z,1.03,1.09,1.001,1.08,144561,496,1.05484
2017-03-21T04:00:00Z,1.07,1.0766,1.02,1.0201,36371,71,1.0394
2017-03-22T04:00:00Z,1.1,1.1,1.0201,1.05,159655,208,1.06167
2017-03-23T04:00:00Z,1.05,1.0899,1.05,1.07,64689,147,1.06453
2017-03-24T04:00:00Z,1.04,1.09,1.04,1.09,56286,150,1.06151
2017-03-27T04:00:00Z,1.09,1.09,1.05,1.07,34377,135,1.06439
2017-03-28T04:00:00Z,1.08,1.08,1.04,1.04,96244,322,1.05394
2017-03-29T04:00:00Z,1.04,1.06,1.04,1.06,33066,110,1.05538
2017-03-30T04:00:00Z,1.05,1.06,1.03,1.04,95382,221,1.04825
2017-03-31T04:00:00Z,1.03,1.04,1.01,1.01,94521,198,1.02346
2017-04-03T04:00:00Z,1.01,1.04,1,1,121968,323,1.01453
2017-04-04T04:00:00Z,1,1.03,1,1.01,67384,283,1.00726
2017-04-05T04:00:00Z,1.01,1.03,0.99,0.99,128046,230,1.00464
2017-04-06T04:00:00Z,0.99,1.02,0.99,0.99,66284,143,0.99705
2017-04-07T04:00:00Z,0.995,1.0085,0.96,0.9602,90879,215,0.986618
2017-04-10T04:00:00Z,0.961,0.9877,0.96,0.961,26582,82,0.964248
2017-04-11T04:00:00Z,0.9444,0.98,0.93,0.94,20219,75,0.954431
2017-04-12T04:00:00Z,1.02,1.06,0.97,1.04,316470,707,1.02525
2017-04-13T04:00:00Z,1.04,1.04,0.995,1.03,58235,156,1.01463
2017-04-17T04:00:00Z,1.04,1.04,0.97,0.97,66175,158,0.990989
2017-04-18T04:00:00Z,0.97,1,0.9503,0.9503,27684,91,0.97828
2017-04-19T04:00:00Z,0.96,0.961,0.9502,0.954,37338,139,0.956501
2017-04-20T04:00:00Z,0.96,0.9883,0.9501,0.96,17090,64,0.957979
2017-04-21T04:00:00Z,0.96,0.98,0.95,0.95,21579,72,0.959404
2017-04-24T04:00:00Z,0.95,0.98,0.9311,0.9312,30841,80,0.954826
2017-04-25T04:00:00Z,0.91,0.9499,0.91,0.92,36700,78,0.929309
2017-04-26T04:00:00Z,0.9201,1.01,0.92,0.98,40618,134,0.956561
2017-04-27T04:00:00Z,1,1.08,0.999,1.04,244898,436,1.04873
2017-04-28T04:00:00Z,1.04,1.0477,0.9603,1.03,76560,125,0.993436
2017-05-01T04:00:00Z,1.08,1.08,0.98,1.03,141090,251,1.05634
2017-05-02T04:00:00Z,1.08,1.08,1.01,1.06,65750,111,1.06591
2017-05-03T04:00:00Z,1.0432,1.06,1.01,1.03,46323,62,1.0406
2017-05-04T04:00:00Z,1.03,1.04,1.01,1.01,26800,115,1.02157
2017-05-05T04:00:00Z,1.03,1.03,0.98,1,31364,214,0.99842
2017-05-08T04:00:00Z,1,1.0273,0.99,1.02,26982,124,1.00964
2017-05-09T04:00:00Z,0.98,1.04,0.97,1.01,67871,414,1.01415
2017-05-10T04:00:00Z,1.04,1.041,0.99,1.0135,49330,104,1.02832
2017-05-11T04:00:00Z,0.995,1.0379,0.97,1.03,62031,100,1.00108
2017-05-12T04:00:00Z,1.02,1.04,0.98,0.99,129752,242,1.00397
2017-05-15T04:00:00Z,1,1.04,1,1.03,116071,119,1.01403
2017-05-16T04:00:00Z,1.04,1.04,1.01,1.01,84223,194,1.02779
2017-05-17T04:00:00Z,1.02,1.04,1,1.01,91213,203,1.01451
2017-05-18T04:00:00Z,1.04,1.05,1,1.03,90991,269,1.03055
2017-05-19T04:00:00Z,1.02,1.05,1.02,1.05,19341,104,1.03129
2017-05-22T04:00:00Z,1.06,1.06,1.01,1.02,76228,110,1.02994
2017-05-23T04:00:00Z,1.05,1.07,1.03,1.05,109164,216,1.04656
2017-05-24T04:00:00Z,1.1,1.1292,1.06,1.12,200932,605,1.09947
2017-05-25T04:00:00Z,1.13,1.25,1.119,1.2,527720,975,1.18389
2017-05-26T04:00:00Z,1.18,1.25,1.18,1.23,147971,362,1.2248
2017-05-30T04:00:00Z,1.25,1.28,1.21,1.27,166928,429,1.25901
2017-05-31T04:00:00Z,1.27,1.27,1.16,1.17,51784,137,1.21139
2017-06-01T04:00:00Z,1.18,1.18,1.07,1.14,175458,448,1.11398
2017-06-02T04:00:00Z,1.1514,1.1976,1.12,1.1518,48872,115,1.1479
2017-06-05T04:00:00Z,1.16,1.16,1.1,1.12,39542,176,1.13031
2017-06-06T04:00:00Z,1.08,1.17,1.08,1.16,93752,231,1.12683
2017-06-07T04:00:00Z,1.1538,1.18,1.15,1.16,27392,180,1.16299
2017-06-08T04:00:00Z,1.15,1.22,1.15,1.2,47458,135,1.19719
2017-06-09T04:00:00Z,1.25,1.3,1.19,1.27,229434,216,1.26491
2017-06-12T04:00:00Z,1.25,1.3,1.18,1.19,74116,263,1.23569
2017-06-13T04:00:00Z,1.2,1.2399,1.2,1.21,15138,66,1.22439
2017-06-14T04:00:00Z,1.2,1.2284,1.16,1.2,21013,84,1.18968
2017-06-15T04:00:00Z,1.2,1.2389,1.17,1.18,31174,189,1.19731
2017-06-16T04:00:00Z,1.17,1.185,1.13,1.16,45350,211,1.15952
2017-06-19T04:00:00Z,1.16,1.24,1.16,1.23,50527,196,1.21697
2017-06-20T04:00:00Z,1.19,1.2899,1.19,1.21,85062,226,1.23248
2017-06-21T04:00:00Z,1.22,1.25,1.18,1.22,60743,127,1.20669
2017-06-22T04:00:00Z,1.2,1.2777,1.2,1.22,16631,73,1.23666
2017-06-23T04:00:00Z,1.24,1.24,1.19,1.19,62979,104,1.19909
2017-06-26T04:00:00Z,1.2,1.2384,1.18,1.2,60330,162,1.1939
2017-06-27T04:00:00Z,1.19,1.22,1.18,1.19,35978,158,1.20304
2017-06-28T04:00:00Z,1.19,1.2,1.1622,1.18,32270,90,1.18225
2017-06-29T04:00:00Z,1.19,1.19,1.14,1.15,75377,112,1.1554
2017-06-30T04:00:00Z,1.16,1.16,1.05,1.05,82879,241,1.08948
2017-07-03T04:00:00Z,1.06,1.105,1.04,1.04,50545,110,1.0574
2017-07-05T04:00:00Z,1.06,1.08,1.05,1.06,70075,278,1.06441
2017-07-06T04:00:00Z,1.06,1.08,1.06,1.06,34469,75,1.06687
2017-07-07T04:00:00Z,1.1,1.1,1.04,1.09,14005,62,1.07016
2017-07-10T04:00:00Z,1.09,1.11,1.05,1.11,40548,136,1.08209
2017-07-11T04:00:00Z,1.07,1.1,1.07,1.09,19892,72,1.07885
2017-07-12T04:00:00Z,1.08,1.11,1.08,1.0901,12446,91,1.10155
2017-07-13T04:00:00Z,1.09,1.1099,1.06,1.0701,26352,82,1.07351
2017-07-14T04:00:00Z,1.07,1.085,1.07,1.08,32105,48,1.07116
2017-07-17T04:00:00Z,1.08,1.11,1.07,1.08,53269,119,1.09133
2017-07-18T04:00:00Z,1.07,1.1022,1.04,1.1,32332,161,1.06995
2017-07-19T04:00:00Z,1.08,1.1,1.06,1.06,44499,172,1.08301
2017-07-20T04:00:00Z,1.06,1.1,1.06,1.07,27839,61,1.07601
2017-07-21T04:00:00Z,1.06,1.1,1.05,1.07,28379,168,1.07637
2017-07-24T04:00:00Z,1.07,1.08,1.06,1.06,31293,136,1.07067
2017-07-25T04:00:00Z,1.07,1.1,1.06,1.06,46823,155,1.07367
2017-07-26T04:00:00Z,1.12,1.21,1.12,1.14,258236,603,1.1607
2017-07-27T04:00:00Z,1.21,1.25,1.16,1.19,238246,409,1.21065
2017-07-28T04:00:00Z,1.19,1.27,1.17,1.27,172775,279,1.23278
2017-07-31T04:00:00Z,1.26,1.28,1.2,1.2,91866,157,1.23677
2017-08-01T04:00:00Z,1.2,1.24,1.1,1.24,175307,542,1.16888
2017-08-02T04:00:00Z,1.24,1.25,1.2,1.2,99194,343,1.22813
2017-08-03T04:00:00Z,1.23,1.27,1.21,1.27,106517,211,1.24211
2017-08-04T04:00:00Z,1.27,1.27,1.211,1.26,55577,245,1.25288
2017-08-07T04:00:00Z,1.22,1.5,1.22,1.5,31378,309,1.28773
2017-08-08T04:00:00Z,1.39,1.45,1.31,1.34,87665,202,1.33898
2017-08-09T04:00:00Z,1.31,1.36,1.31,1.33,95137,214,1.34528
2017-08-10T04:00:00Z,1.36,1.39,1.3212,1.39,75314,383,1.37526
2017-08-11T04:00:00Z,1.47,1.47,1.4,1.44,108303,336,1.44257
2017-08-14T04:00:00Z,1.45,1.46,1.42,1.46,61704,367,1.44441
2017-08-15T04:00:00Z,1.47,1.47,1.42,1.42,61997,239,1.43748
2017-08-16T04:00:00Z,1.44,1.44,1.27,1.35,180518,476,1.34004
2017-08-17T04:00:00Z,1.35,1.39,1.35,1.355,88230,185,1.35502
2017-08-18T04:00:00Z,1.37,1.45,1.36,1.4,136214,416,1.40005
2017-08-21T04:00:00Z,1.4,1.43,1.35,1.42,52161,237,1.39403
2017-08-22T04:00:00Z,1.37,1.43,1.37,1.42,67160,259,1.39547
2017-08-23T04:00:00Z,1.44,1.48,1.4,1.454,159723,249,1.45265
2017-08-24T04:00:00Z,1.46,1.51,1.4362,1.46,188770,444,1.47462
2017-08-25T04:00:00Z,1.5,1.51,1.41,1.42,64542,239,1.46202
2017-08-28T04:00:00Z,1.45,1.47,1.4,1.42,40222,125,1.43413
2017-08-29T04:00:00Z,1.45,1.49,1.45,1.49,24521,91,1.47571
2017-08-30T04:00:00Z,1.51,1.68,1.4954,1.62,270739,465,1.58629
2017-08-31T04:00:00Z,1.6201,1.67,1.58,1.61,159586,388,1.61163
2017-09-01T04:00:00Z,1.61,1.64,1.61,1.61,19841,74,1.61319
2017-09-05T04:00:00Z,1.64,1.6799,1.47,1.54,151159,370,1.56867
2017-09-06T04:00:00Z,1.57,1.58,1.51,1.53,58866,149,1.55122
2017-09-07T04:00:00Z,1.57,1.57,1.53,1.53,23103,89,1.54934
2017-09-08T04:00:00Z,1.53,1.57,1.53,1.53,9505,69,1.54303
2017-09-11T04:00:00Z,1.5,1.57,1.4916,1.54,27546,153,1.51814
2017-09-12T04:00:00Z,1.5501,1.57,1.475,1.49,121771,209,1.52823
2017-09-13T04:00:00Z,1.48,1.57,1.3,1.5,224368,497,1.44865
2017-09-14T04:00:00Z,1.49,1.65,1.48,1.62,120500,316,1.56924
2017-09-15T04:00:00Z,1.63,1.75,1.5647,1.75,254091,694,1.65226
2017-09-18T04:00:00Z,1.7,1.73,1.5801,1.65,170458,337,1.66214
2017-09-19T04:00:00Z,1.65,1.7,1.6048,1.67,95079,387,1.65313
2017-09-20T04:00:00Z,1.68,1.84,1.68,1.8,135429,294,1.7773
2017-09-21T04:00:00Z,1.8,2.099,1.8,2.04,307409,759,1.95783
2017-09-22T04:00:00Z,2.21,2.34,2.04,2.17,496492,1318,2.18345
2017-09-25T04:00:00Z,2.19,2.35,2.14,2.32,349964,901,2.23132
2017-09-26T04:00:00Z,2.35,2.5,2.3215,2.5,356083,843,2.44008
2017-09-27T04:00:00Z,2.53,3,2.4999,2.84,1001152,2442,2.7811
2017-09-28T04:00:00Z,2.75,2.89,2.41,2.66,671849,1673,2.67385
2017-09-29T04:00:00Z,2.69,2.879,2.6101,2.65,138666,487,2.68055
2017-10-02T04:00:00Z,2.65,2.68,2.11,2.27,581629,1451,2.39595
2017-10-03T04:00:00Z,2.27,2.32,1.98,2.03,494175,1248,2.08423
2017-10-04T04:00:00Z,2,2.1,1.96,1.99,247459,834,2.00607
2017-10-05T04:00:00Z,1.99,1.9993,1.83,1.99,321669,1138,1.92672
2017-10-06T04:00:00Z,2.02,2.15,1.95,2.07,243508,920,2.01925
2017-10-09T04:00:00Z,2.06,2.11,1.95,1.99,149628,664,2.01857
2017-10-10T04:00:00Z,1.98,2.07,1.97,1.99,66968,353,2.00996
2017-10-11T04:00:00Z,1.97,2.04,1.92,1.99,57050,256,1.98069
2017-10-12T04:00:00Z,1.98,2.05,1.95,1.98,39403,223,2.0013
2017-10-13T04:00:00Z,1.97,2.14,1.95,1.99,125739,444,2.04036
2017-10-16T04:00:00Z,1.98,2.04,1.86,1.88,135996,428,1.92464
2017-10-17T04:00:00Z,1.85,1.92,1.85,1.85,41313,236,1.86162
2017-10-18T04:00:00Z,1.85,1.9068,1.84,1.86,72257,380,1.8648
2017-10-19T04:00:00Z,1.85,1.87,1.85,1.86,12629,88,1.85924
2017-10-20T04:00:00Z,1.85,1.88,1.85,1.88,33507,236,1.85623
2017-10-23T04:00:00Z,1.85,1.92,1.85,1.85,45003,307,1.88506
2017-10-24T04:00:00Z,1.85,1.86,1.81,1.84,58642,233,1.84542
2017-10-25T04:00:00Z,1.84,1.86,1.8,1.8,131932,337,1.84099
2017-10-26T04:00:00Z,1.8,1.82,1.36,1.53,487915,854,1.4793
2017-10-27T04:00:00Z,1.53,1.53,1.32,1.345,130124,373,1.38853
2017-10-30T04:00:00Z,1.25,1.34,1.2101,1.22,191374,544,1.25401
2017-10-31T04:00:00Z,1.23,1.49,1.23,1.35,129129,469,1.3823
2017-11-01T04:00:00Z,1.35,1.35,1.25,1.29,88844,397,1.2951
2017-11-02T04:00:00Z,1.28,1.28,1.2,1.26,40527,404,1.24447
2017-11-03T04:00:00Z,1.26,1.3192,1.26,1.29,38583,190,1.28182
2017-11-06T05:00:00Z,1.33,1.33,1.26,1.29,43445,196,1.31137
2017-11-07T05:00:00Z,1.28,1.2926,1.25,1.26,12899,82,1.2689
2017-11-08T05:00:00Z,1.27,1.29,1.2356,1.26,24769,103,1.2597
2017-11-09T05:00:00Z,1.25,1.32,1.2333,1.27,72788,287,1.27401
2017-11-10T05:00:00Z,1.28,1.3,1.26,1.27,19980,144,1.28231
2017-11-13T05:00:00Z,1.26,1.31,1.21,1.22,54429,183,1.25103
2017-11-14T05:00:00Z,1.22,1.2438,1.11,1.11,68587,196,1.16527
2017-11-15T05:00:00Z,1.1,1.2,1.1,1.15,44803,90,1.12282
2017-11-16T05:00:00Z,1.15,1.23,1.15,1.171,72367,254,1.18322
2017-11-17T05:00:00Z,1.18,1.219,1.13,1.2,59836,227,1.17005
2017-11-20T05:00:00Z,1.19,1.195,1.12,1.1572,29207,58,1.15824
2017-11-21T05:00:00Z,1.19,1.22,1.1,1.1,56929,231,1.15738
2017-11-22T05:00:00Z,1.1,1.1745,1.1,1.16,42532,132,1.14074
2017-11-24T05:00:00Z,1.18,1.2,1.13,1.2,13857,50,1.15758
2017-11-27T05:00:00Z,1.19,1.21,1.13,1.18,41970,115,1.14894
2017-11-28T05:00:00Z,1.16,1.17,1.14,1.15,26744,105,1.15382
2017-11-29T05:00:00Z,1.1594,1.1596,1.13,1.14,16344,57,1.13943
2017-11-30T05:00:00Z,1.14,1.14,1.07,1.08,126198,258,1.09388
2017-12-01T05:00:00Z,1.07,1.09,1.03,1.06,57293,236,1.0568
2017-12-04T05:00:00Z,1.06,1.06,1.04,1.05,39898,141,1.05593
2017-12-05T05:00:00Z,1.05,1.05,1.02,1.05,57719,119,1.03841
2017-12-06T05:00:00Z,1.04,1.04,1,1.01,49192,150,1.01243
2017-12-07T05:00:00Z,1.01,1.01,0.9,1,89781,177,0.965252
2017-12-08T05:00:00Z,1.0214,1.03,1.0051,1.03,20587,90,1.02434
2017-12-11T05:00:00Z,1,1.03,0.96,0.98,118689,696,1.00325
2017-12-12T05:00:00Z,0.98,1.01,0.9333,1,143718,410,0.965224
2017-12-13T05:00:00Z,1,1.4296,1,1.41,978785,2372,1.26475
2017-12-14T05:00:00Z,1.45,1.4856,1.22,1.22,313350,791,1.32806
2017-12-15T05:00:00Z,1.21,1.3,1.14,1.24,136612,381,1.21738
2017-12-18T05:00:00Z,1.24,1.47,1.1428,1.4,223777,641,1.37172
2017-12-19T05:00:00Z,1.4,1.5936,1.27,1.2777,352094,869,1.45935
2017-12-20T05:00:00Z,1.28,1.379,1.2301,1.359,108829,337,1.28217
2017-12-21T05:00:00Z,1.35,1.359,1.2296,1.2383,112860,417,1.2732
2017-12-22T05:00:00Z,1.23,1.2705,1.21,1.24,30543,148,1.23697
2017-12-26T05:00:00Z,1.26,1.28,1.2009,1.25,50236,311,1.24369
2017-12-27T05:00:00Z,1.26,1.2812,1.22,1.24,48817,274,1.24001
2017-12-28T05:00:00Z,1.23,1.25,1.185,1.19,115667,284,1.23102
2017-12-29T05:00:00Z,1.2,1.27,1.1,1.14,146418,544,1.15166
2018-01-02T05:00:00Z,1.2,1.59,1.145,1.43,508514,1581,1.3607
2018-01-03T05:00:00Z,1.35,1.519,1.32,1.47,366986,1242,1.40572
2018-01-04T05:00:00Z,1.49,1.55,1.36,1.48,145843,466,1.44947
2018-01-05T05:00:00Z,1.43,1.5,1.41,1.48,61239,263,1.44835
2018-01-08T05:00:00Z,1.46,1.5,1.4,1.45,56049,396,1.44941
2018-01-09T05:00:00Z,1.41,1.6,1.35,1.4,673484,1417,1.48407
2018-01-10T05:00:00Z,1.41,1.42,1.36,1.41,52823,289,1.38634
2018-01-11T05:00:00Z,1.41,1.415,1.37,1.41,77038,207,1.3923
2018-01-12T05:00:00Z,1.41,1.4876,1.38,1.47,78615,270,1.42486
2018-01-16T05:00:00Z,1.47,1.47,1.35,1.41,72391,301,1.39085
2018-01-17T05:00:00Z,1.37,1.4,1.32,1.34,48739,159,1.35847
2018-01-18T05:00:00Z,1.32,1.36,1.3,1.33,51139,242,1.32973
2018-01-19T05:00:00Z,1.3144,1.38,1.29,1.35,39625,139,1.33088
2018-01-22T05:00:00Z,1.34,1.37,1.271,1.34,81088,229,1.3085
2018-01-23T05:00:00Z,1.37,1.37,1.28,1.35,67729,221,1.3304
2018-01-24T05:00:00Z,1.36,1.36,1.291,1.31,15743,114,1.34035
2018-01-25T05:00:00Z,1.32,1.34,1.3,1.31,29984,61,1.30709
2018-01-26T05:00:00Z,1.301,1.3076,1.27,1.29,24245,160,1.28795
2018-01-29T05:00:00Z,1.3,1.3,1.17,1.21,71671,211,1.23098
2018-01-30T05:00:00Z,1.2,1.269,1.2,1.25,35010,164,1.22522
2018-01-31T05:00:00Z,1.2499,1.2499,1.19,1.19,35706,101,1.21198
2018-02-01T05:00:00Z,1.24,1.2754,1.1749,1.26,59008,288,1.22604
2018-02-02T05:00:00Z,1.27,1.27,1.17,1.23,49427,178,1.20882
2018-02-05T05:00:00Z,1.21,1.32,1.18,1.3101,68491,503,1.28493
2018-02-06T05:00:00Z,1.22,1.39,1.22,1.38,141920,366,1.34683
2018-02-07T05:00:00Z,1.38,1.3968,1.34,1.35,24371,107,1.36464
2018-02-08T05:00:00Z,1.35,1.35,1.31,1.35,34579,109,1.3153
2018-02-09T05:00:00Z,1.38,1.39,1.28,1.3,91234,230,1.31784
2018-02-12T05:00:00Z,1.31,1.32,1.28,1.29,55214,226,1.30043
2018-02-13T05:00:00Z,1.28,1.31,1.28,1.31,31007,153,1.29174
2018-02-14T05:00:00Z,1.35,1.35,1.291,1.32,72635,259,1.31563
2018-02-15T05:00:00Z,1.35,1.35,1.28,1.32,59740,164,1.30797
2018-02-16T05:00:00Z,1.32,1.35,1.28,1.34,29784,203,1.31812
2018-02-20T05:00:00Z,1.31,1.34,1.28,1.3201,75514,116,1.32792
2018-02-21T05:00:00Z,1.3,1.34,1.3,1.31,34074,187,1.32094
2018-02-22T05:00:00Z,1.3,1.35,1.3,1.32,27418,186,1.32023
2018-02-23T05:00:00Z,1.32,1.35,1.32,1.34,46462,219,1.33737
2018-02-26T05:00:00Z,1.35,1.39,1.33,1.38,117847,432,1.36236
2018-02-27T05:00:00Z,1.38,1.48,1.38,1.46,119253,406,1.43349
2018-02-28T05:00:00Z,1.46,1.53,1.39,1.39,186112,411,1.472
2018-03-01T05:00:00Z,1.39,1.391,1.35,1.36,38039,102,1.37241
2018-03-02T05:00:00Z,1.4,1.44,1.35,1.37,86453,198,1.37617
2018-03-05T05:00:00Z,1.36,1.439,1.36,1.43,41376,234,1.41854
2018-03-06T05:00:00Z,1.45,1.65,1.43,1.63,264390,508,1.53666
2018-03-07T05:00:00Z,1.63,1.75,1.54,1.66,271031,616,1.65947
2018-03-08T05:00:00Z,1.71,1.94,1.6708,1.83,335874,1209,1.79719
2018-03-09T05:00:00Z,1.89,1.9,1.78,1.82,172976,675,1.84033
2018-03-12T04:00:00Z,1.9,1.919,1.69,1.76,193155,503,1.7671
2018-03-13T04:00:00Z,1.77,1.81,1.6414,1.8,104583,410,1.72161
2018-03-14T04:00:00Z,1.81,1.8999,1.73,1.87,177586,284,1.80644
2018-03-15T04:00:00Z,1.89,1.93,1.86,1.88,170698,400,1.89812
2018-03-16T04:00:00Z,1.92,2.0249,1.8925,1.97,594963,1236,1.96296
2018-03-19T04:00:00Z,1.95,1.99,1.9114,1.95,184011,513,1.95209
2018-03-20T04:00:00Z,1.95,2.25,1.95,2.17,725941,1895,2.13539
2018-03-21T04:00:00Z,2.16,2.19,1.761,1.88,582623,1665,2.04359
2018-03-22T04:00:00Z,2.05,2.05,1.8101,1.83,367625,1336,1.92307
2018-03-23T04:00:00Z,1.84,1.85,1.7,1.71,217507,876,1.75522
2018-03-26T04:00:00Z,1.72,1.79,1.65,1.77,86544,422,1.71976
2018-03-27T04:00:00Z,1.79,1.8736,1.711,1.76,57355,273,1.7893
2018-03-28T04:00:00Z,1.75,1.84,1.68,1.75,94516,342,1.75945
2018-03-29T04:00:00Z,1.76,1.85,1.751,1.81,89713,247,1.82106
2018-04-02T04:00:00Z,1.81,1.81,1.7,1.72,43117,205,1.7376
2018-04-03T04:00:00Z,1.72,1.88,1.71,1.81,180117,675,1.80317
2018-04-04T04:00:00Z,1.77,1.89,1.75,1.8,112623,315,1.83479
2018-04-05T04:00:00Z,1.8,1.81,1.77,1.77,74507,197,1.7804
2018-04-06T04:00:00Z,1.79,1.93,1.78,1.82,521861,1071,1.85444
2018-04-09T04:00:00Z,1.82,1.85,1.77,1.78,55329,194,1.79786
2018-04-10T04:00:00Z,1.79,1.8101,1.76,1.76,76774,306,1.78648
2018-04-11T04:00:00Z,1.76,1.82,1.76,1.82,50479,248,1.79284
2018-04-12T04:00:00Z,1.82,1.87,1.76,1.85,86170,244,1.82301
2018-04-13T04:00:00Z,1.85,1.8507,1.8,1.81,22612,156,1.813
2018-04-16T04:00:00Z,1.81,1.82,1.77,1.77,50445,230,1.79393
2018-04-17T04:00:00Z,1.77,1.84,1.77,1.83,60336,225,1.81438
2018-04-18T04:00:00Z,1.84,1.84,1.78,1.79,28226,119,1.81297
2018-04-19T04:00:00Z,1.78,1.8101,1.77,1.77,47574,200,1.78724
2018-04-20T04:00:00Z,1.77,1.79,1.77,1.77,18445,118,1.77761
2018-04-23T04:00:00Z,1.77,1.7754,1.75,1.75,29032,148,1.75755
2018-04-24T04:00:00Z,1.75,1.78,1.75,1.75,26651,186,1.75275
2018-04-25T04:00:00Z,1.75,1.81,1.75,1.81,70984,184,1.77485
2018-04-26T04:00:00Z,1.79,1.89,1.789,1.82,120506,291,1.84156
2018-04-27T04:00:00Z,1.81,2.03,1.81,1.96,241149,545,1.94735
2018-04-30T04:00:00Z,2,2.1,1.98,1.98,409446,914,2.03156
2018-05-01T04:00:00Z,2.04,2.04,1.8537,1.92,179903,684,1.97213
2018-05-02T04:00:00Z,1.99,1.99,1.89,1.89,14297,2,1.91948
2018-05-03T04:00:00Z,1.88,1.88,1.88,1.88,453,1,1.88
2018-05-04T04:00:00Z,1.88,1.92,1.868,1.9,91278,190,1.89804
2018-05-07T04:00:00Z,1.901,1.92,1.8525,1.89,96356,176,1.88948
2018-05-08T04:00:00Z,1.86,1.91,1.85,1.87,78073,263,1.87868
2018-05-09T04:00:00Z,1.85,1.85,1.45,1.69,389343,1187,1.65706
2018-05-10T04:00:00Z,1.64,1.67,1.625,1.66,66891,292,1.63994
2018-05-11T04:00:00Z,1.66,1.664,1.6001,1.64,60832,156,1.62046
2018-05-14T04:00:00Z,1.63,1.65,1.6,1.64,135985,299,1.62275
2018-05-15T04:00:00Z,1.66,1.77,1.64,1.71,71390,302,1.72599
2018-05-16T04:00:00Z,1.75,1.78,1.72,1.77,76221,229,1.75224
2018-05-17T04:00:00Z,1.79,1.86,1.76,1.77,97721,312,1.83467
2018-05-18T04:00:00Z,1.78,1.82,1.77,1.79,38805,125,1.79113
2018-05-21T04:00:00Z,1.7811,1.7811,1.73,1.73,57661,256,1.75768
2018-05-22T04:00:00Z,1.75,1.8,1.74,1.77,28927,80,1.76609
2018-05-23T04:00:00Z,1.82,1.8699,1.8,1.83,73366,117,1.82053
2018-05-24T04:00:00Z,1.81,1.95,1.81,1.94,120782,264,1.88977
2018-05-25T04:00:00Z,1.92,1.99,1.91,1.98,53053,177,1.95199
2018-05-29T04:00:00Z,1.98,2.0998,1.9715,2,145159,366,2.03524
2018-05-30T04:00:00Z,2,2.05,2,2,67017,267,2.01942
2018-05-31T04:00:00Z,2.02,2.09,2,2.08,209947,537,2.06653
2018-06-01T04:00:00Z,2.08,2.1,2.03,2.06,148462,338,2.05444
2018-06-04T04:00:00Z,2.06,2.06,1.87,1.96,191390,589,1.9421
2018-06-05T04:00:00Z,1.95,2.04,1.9307,1.97,90233,291,1.99102
2018-06-06T04:00:00Z,1.98,2.05,1.96,1.96,78139,184,2.008
2018-06-07T04:00:00Z,1.97,1.97,1.94,1.97,53283,235,1.95842
2018-06-08T04:00:00Z,1.96,2,1.94,1.97,48569,222,1.96383
2018-06-11T04:00:00Z,1.98,2,1.96,1.97,20254,106,1.97766
2018-06-12T04:00:00Z,2,2.19,1.97,2.1597,203902,471,2.09366
2018-06-13T04:00:00Z,2.17,2.34,2.16,2.25,708105,2544,2.24523
2018-06-14T04:00:00Z,2.25,2.29,2.19,2.25,212348,899,2.23339
2018-06-15T04:00:00Z,2.24,2.3438,2.24,2.29,96747,356,2.29061
2018-06-18T04:00:00Z,2.22,2.37,2.2,2.24,155661,535,2.3007
2018-06-19T04:00:00Z,2.25,2.25,2.13,2.19,138132,424,2.19064
2018-06-20T04:00:00Z,2.16,2.25,2.16,2.22,63373,382,2.22072
2018-06-21T04:00:00Z,2.07,2.22,2.03,2.19,49486,239,2.17338
2018-06-22T04:00:00Z,2.2,2.25,2.1717,2.25,225187,233,2.24687
2018-06-25T04:00:00Z,2.27,2.27,2.181,2.22,129787,363,2.22109
2018-06-26T04:00:00Z,2.24,2.27,2.21,2.24,181425,562,2.24587
2018-06-27T04:00:00Z,2.25,2.27,1.9701,2.08,349560,706,2.1533
2018-06-28T04:00:00Z,2.09,2.15,2.08,2.11,136108,376,2.1118
2018-06-29T04:00:00Z,2.11,2.11,1.975,2.02,213490,640,2.02149
2018-07-02T04:00:00Z,2.03,2.03,1.92,1.95,74211,198,1.97416
2018-07-03T04:00:00Z,2.08,2.18,1.95,1.95,623050,1325,2.04848
2018-07-05T04:00:00Z,1.97,2.039,1.9505,2.01,96389,387,2.00629
2018-07-06T04:00:00Z,2.03,2.03,2,2.02,103737,521,2.02062
2018-07-09T04:00:00Z,2.03,2.07,2.01,2.05,319779,775,2.03785
2018-07-10T04:00:00Z,2.07,2.0717,1.99,2.04,220710,582,2.03709
2018-07-11T04:00:00Z,2.03,2.07,1.9824,2.06,111048,369,2.03044
2018-07-12T04:00:00Z,2.07,2.1,2.0377,2.06,121649,411,2.06357
2018-07-13T04:00:00Z,2.05,2.1,2.05,2.08,40963,291,2.07993
2018-07-16T04:00:00Z,2.08,2.11,2.01,2.09,36207,161,2.06752
2018-07-17T04:00:00Z,2.08,2.16,2.07,2.1517,64889,182,2.12793
2018-07-18T04:00:00Z,2.16,2.16,2.1,2.11,36339,218,2.1315
2018-07-19T04:00:00Z,2.12,2.1422,2.05,2.05,117644,535,2.0853
2018-07-20T04:00:00Z,2.06,2.0717,2.02,2.05,39289,276,2.04835
2018-07-23T04:00:00Z,2.04,2.04,1.96,2.02,87781,316,1.99203
2018-07-24T04:00:00Z,2.01,2.05,2,2.01,38819,231,2.02277
2018-07-25T04:00:00Z,2,2.09,1.9772,2.02,79539,223,2.03032
2018-07-26T04:00:00Z,1.98,2.089,1.95,2.0362,62142,227,2.01196
2018-07-27T04:00:00Z,2.04,2.089,2.005,2.02,32902,77,2.03791
2018-07-30T04:00:00Z,2.03,2.03,1.94,1.94,52009,102,1.96393
2018-07-31T04:00:00Z,1.92,1.96,1.84,1.93,99861,256,1.89237
2018-08-01T04:00:00Z,1.96,1.96,1.9,1.94,19356,117,1.93459
2018-08-02T04:00:00Z,1.92,1.96,1.8593,1.9,62235,139,1.91833
2018-08-03T04:00:00Z,1.93,1.95,1.8685,1.94,77064,182,1.93485
2018-08-06T04:00:00Z,1.95,2,1.9,1.99,85974,190,1.96503
2018-08-07T04:00:00Z,1.98,2.2507,1.98,2.24,276918,693,2.12798
2018-08-08T04:00:00Z,2.24,2.2999,2.19,2.265,172789,496,2.24863
2018-08-09T04:00:00Z,2.25,2.2708,2.15,2.15,76504,169,2.21328
2018-08-10T04:00:00Z,2.16,2.22,2.15,2.18,39088,93,2.17286
2018-08-13T04:00:00Z,2.16,2.1882,2.04,2.06,59342,216,2.10262
2018-08-14T04:00:00Z,2.02,2.08,1.94,2.03,81541,288,2.03405
2018-08-15T04:00:00Z,2.03,2.12,2.03,2.08,80964,189,2.0629
2018-08-16T04:00:00Z,2.09,2.155,2.07,2.09,39001,165,2.12571
2018-08-17T04:00:00Z,2.08,2.1485,2.07,2.08,26629,116,2.09507
2018-08-20T04:00:00Z,2.08,2.08,2.02,2.03,29080,126,2.05168
2018-08-21T04:00:00Z,2.02,2.07,2.02,2.03,68403,217,2.05533
2018-08-22T04:00:00Z,2.06,2.1,2.02,2.04,19395,134,2.06369
2018-08-23T04:00:00Z,2.04,2.09,2.04,2.07,55366,308,2.06428
2018-08-24T04:00:00Z,2.07,2.1,2.02,2.03,67947,357,2.06229
2018-08-27T04:00:00Z,2.19,2.2,1.91,1.95,490443,933,2.04167
2018-08-28T04:00:00Z,2.01,2.0313,1.95,1.95,54073,185,1.97161
2018-08-29T04:00:00Z,1.97,1.97,1.9,1.91,163083,382,1.93515
2018-08-30T04:00:00Z,1.9,1.943,1.88,1.88,134432,262,1.9036
2018-08-31T04:00:00Z,1.88,1.99,1.85,1.99,144963,430,1.90998
2018-09-04T04:00:00Z,2,2.0175,1.87,1.87,139759,393,1.91113
2018-09-05T04:00:00Z,1.9,1.97,1.8547,1.94,160593,513,1.93884
2018-09-06T04:00:00Z,1.85,1.94,1.825,1.85,168827,432,1.8582
2018-09-07T04:00:00Z,1.87,1.9669,1.87,1.94,367080,1136,1.92562
2018-09-10T04:00:00Z,1.98,2.07,1.94,1.96,163934,563,1.99556
2018-09-11T04:00:00Z,1.95,1.98,1.84,1.84,133080,601,1.88228
2018-09-12T04:00:00Z,1.85,1.85,1.49,1.81,867547,2147,1.6556
2018-09-13T04:00:00Z,1.77,1.8641,1.63,1.78,292581,953,1.74467
2018-09-14T04:00:00Z,1.77,1.7969,1.63,1.78,135749,642,1.71628
2018-09-17T04:00:00Z,1.72,1.82,1.72,1.78,77800,441,1.79231
2018-09-18T04:00:00Z,1.78,1.88,1.73,1.82,78798,437,1.80297
2018-09-19T04:00:00Z,1.82,1.83,1.72,1.8,61577,450,1.77945
2018-09-20T04:00:00Z,1.79,1.85,1.77,1.82,41874,298,1.81991
2018-09-21T04:00:00Z,1.83,1.86,1.78,1.79,314115,602,1.82047
2018-09-24T04:00:00Z,1.8,1.86,1.79,1.82,76887,225,1.81916
2018-09-25T04:00:00Z,1.8,1.84,1.79,1.79,71352,410,1.81248
2018-09-26T04:00:00Z,1.8,1.82,1.7,1.7,56518,242,1.73888
2018-09-27T04:00:00Z,1.4,1.48,1.36,1.38,529132,1260,1.40372
2018-09-28T04:00:00Z,1.4,1.47,1.4,1.42,123837,382,1.44539
2018-10-01T04:00:00Z,1.44,1.4485,1.2501,1.31,312457,689,1.34439
2018-10-02T04:00:00Z,1.31,1.37,1.3,1.325,176019,423,1.33149
2018-10-03T04:00:00Z,1.32,1.39,1.31,1.38,57353,179,1.36372
2018-10-04T04:00:00Z,1.39,1.47,1.39,1.42,80467,355,1.42536
2018-10-05T04:00:00Z,1.42,1.42,1.33,1.41,102062,440,1.3718
2018-10-08T04:00:00Z,1.4,1.45,1.3601,1.4,106889,264,1.41179
2018-10-09T04:00:00Z,1.38,1.43,1.33,1.37,125164,508,1.37419
2018-10-10T04:00:00Z,1.37,1.4,1.32,1.35,34120,122,1.34789
2018-10-11T04:00:00Z,1.34,1.35,1.31,1.31,50510,335,1.33236
2018-10-12T04:00:00Z,1.33,1.49,1.29,1.44,325388,772,1.39737
2018-10-15T04:00:00Z,1.48,1.54,1.41,1.44,71174,230,1.46627
2018-10-16T04:00:00Z,1.46,1.46,1.36,1.45,57378,347,1.4026
2018-10-17T04:00:00Z,1.44,1.44,1.38,1.38,23900,88,1.38864
2018-10-18T04:00:00Z,1.3924,1.41,1.35,1.365,13636,434,1.37795
2018-10-19T04:00:00Z,1.38,1.38,1.33,1.36,29484,137,1.35612
2018-10-22T04:00:00Z,1.35,1.37,1.29,1.32,42963,203,1.32183
2018-10-23T04:00:00Z,1.3,1.3165,1.21,1.31,120315,344,1.2552
2018-10-24T04:00:00Z,1.3,1.35,1.28,1.3,38342,566,1.29762
2018-10-25T04:00:00Z,1.31,1.3128,1.28,1.3,36271,144,1.29717
2018-10-26T04:00:00Z,1.28,1.3136,1.28,1.28,23798,253,1.2878
2018-10-29T04:00:00Z,1.3099,1.32,1.27,1.31,23782,107,1.29987
2018-10-30T04:00:00Z,1.3,1.3,1.24,1.24,34499,150,1.25703
2018-10-31T04:00:00Z,1.24,1.27,1.2,1.21,35037,178,1.22315
2018-11-01T04:00:00Z,1.2,1.35,1.2,1.33,47824,167,1.28838
2018-11-02T04:00:00Z,1.32,1.41,1.32,1.4,164815,309,1.38471
2018-11-05T05:00:00Z,1.39,1.47,1.36,1.43,86498,410,1.44358
2018-11-06T05:00:00Z,1.45,1.49,1.43,1.46,37502,322,1.4639
2018-11-07T05:00:00Z,1.43,1.4437,1.3608,1.38,100746,527,1.41711
2018-11-08T05:00:00Z,1.37,1.47,1.37,1.47,44483,355,1.41036
2018-11-09T05:00:00Z,1.46,1.49,1.38,1.39,60537,362,1.41419
2018-11-12T05:00:00Z,1.4,1.41,1.38,1.39,54083,145,1.39123
2018-11-13T05:00:00Z,1.39,1.49,1.39,1.43,69305,342,1.43016
2018-11-14T05:00:00Z,1.42,1.4318,1.37,1.4,43024,153,1.41238
2018-11-15T05:00:00Z,1.4,1.4273,1.37,1.3925,36857,329,1.40622
2018-11-16T05:00:00Z,1.39,1.39,1.36,1.36,43135,254,1.37127
2018-11-19T05:00:00Z,1.361,1.3732,1.32,1.33,42473,151,1.34885
2018-11-20T05:00:00Z,1.3,1.37,1.3,1.32,26571,128,1.32434
2018-11-21T05:00:00Z,1.32,1.34,1.32,1.32,4774,56,1.3294
2018-11-23T05:00:00Z,1.33,1.34,1.33,1.34,1214,21,1.33301
2018-11-26T05:00:00Z,1.34,1.35,1.3232,1.33,17753,60,1.33287
2018-11-27T05:00:00Z,1.31,1.5,1.31,1.49,201567,575,1.39691
2018-11-28T05:00:00Z,1.48,1.58,1.46,1.54,129452,701,1.53172
2018-11-29T05:00:00Z,1.52,1.56,1.51,1.51,24305,154,1.52877
2018-11-30T05:00:00Z,1.52,1.59,1.5,1.5,96505,309,1.53475
2018-12-03T05:00:00Z,1.51,1.5353,1.51,1.52,63588,258,1.5177
2018-12-04T05:00:00Z,1.52,1.53,1.51,1.51,214534,431,1.51414
2018-12-06T05:00:00Z,1.49,1.53,1.49,1.51,153091,427,1.51288
2018-12-07T05:00:00Z,1.48,1.52,1.38,1.38,87417,201,1.48554
2018-12-10T05:00:00Z,1.38,1.43,1.38,1.39,16877,154,1.39166
2018-12-11T05:00:00Z,1.39,1.43,1.38,1.38,40465,123,1.38733
2018-12-12T05:00:00Z,1.38,1.45,1.38,1.42,81311,306,1.41108
2018-12-13T05:00:00Z,1.49,1.52,1.28,1.35,131964,381,1.39737
2018-12-14T05:00:00Z,1.39,1.4,1.33,1.35,46354,212,1.34946
2018-12-17T05:00:00Z,1.35,1.47,1.35,1.41,164069,454,1.41927
2018-12-18T05:00:00Z,1.51,1.51,1.3628,1.43,275808,642,1.45499
2018-12-19T05:00:00Z,1.44,1.46,1.35,1.36,102741,323,1.41778
2018-12-20T05:00:00Z,1.37,1.41,1.31,1.35,189478,857,1.34258
2018-12-21T05:00:00Z,1.35,1.3818,1.32,1.34,144301,648,1.33835
2018-12-24T05:00:00Z,1.33,1.4,1.32,1.33,34572,146,1.33228
2018-12-26T05:00:00Z,1.33,1.39,1.32,1.32,35901,155,1.33636
2018-12-27T05:00:00Z,1.33,1.36,1.32,1.32,59410,232,1.33357
2018-12-28T05:00:00Z,1.33,1.34,1.27,1.3,242228,499,1.30011
2018-12-31T05:00:00Z,1.3,1.4016,1.27,1.4,125234,355,1.34399
2019-01-02T05:00:00Z,1.39,1.45,1.36,1.4,68434,253,1.40617
2019-01-03T05:00:00Z,1.38,1.44,1.31,1.34,29166,140,1.37447
2019-01-04T05:00:00Z,1.36,1.4,1.35,1.3501,20180,95,1.37117
2019-01-07T05:00:00Z,1.35,1.58,1.35,1.55,317257,543,1.47003
2019-01-08T05:00:00Z,1.55,1.65,1.4701,1.5,88781,294,1.51835
2019-01-09T05:00:00Z,1.52,1.55,1.46,1.475,95307,360,1.48919
2019-01-10T05:00:00Z,1.48,1.4986,1.44,1.44,32013,136,1.45888
2019-01-11T05:00:00Z,1.45,1.4535,1.39,1.4,57019,176,1.40874
2019-01-14T05:00:00Z,1.49,1.55,1.35,1.36,51697,232,1.43599
2019-01-15T05:00:00Z,1.36,1.43,1.36,1.38,69163,246,1.40566
2019-01-16T05:00:00Z,1.39,1.473,1.39,1.39,31369,108,1.42207
2019-01-17T05:00:00Z,1.4,1.41,1.3401,1.35,51002,173,1.3737
2019-01-18T05:00:00Z,1.35,1.3691,1.33,1.34,68106,334,1.3446
2019-01-22T05:00:00Z,1.31,1.4,1.27,1.35,89788,283,1.3444
2019-01-23T05:00:00Z,1.35,1.36,1.28,1.35,45068,202,1.33217
2019-01-24T05:00:00Z,1.31,1.37,1.3,1.35,66428,122,1.34371
2019-01-25T05:00:00Z,1.39,1.4415,1.36,1.4,77085,157,1.40367
2019-01-28T05:00:00Z,1.37,1.4594,1.37,1.43,149905,327,1.42369
2019-01-29T05:00:00Z,1.43,1.49,1.43,1.4599,89501,222,1.45614
2019-01-30T05:00:00Z,1.43,1.5354,1.43,1.5,143858,341,1.49553
2019-01-31T05:00:00Z,1.52,1.54,1.45,1.535,79503,197,1.50158
2019-02-01T05:00:00Z,1.52,1.6,1.51,1.53,82429,218,1.56165
2019-02-04T05:00:00Z,1.55,1.6,1.5394,1.57,153135,294,1.57798
2019-02-05T05:00:00Z,1.6743,1.69,1.48,1.54,197216,272,1.54619
2019-02-06T05:00:00Z,1.52,1.54,1.4544,1.46,66615,245,1.49461
2019-02-07T05:00:00Z,1.47,1.5,1.44,1.49,26827,130,1.47125
2019-02-08T05:00:00Z,1.5,1.51,1.44,1.49,197905,651,1.47675
2019-02-11T05:00:00Z,1.57,1.57,1.45,1.49,140472,344,1.50443
2019-02-12T05:00:00Z,1.49,1.56,1.45,1.49,191377,508,1.4956
2019-02-13T05:00:00Z,1.51,1.5795,1.2602,1.36,557916,1590,1.38861
2019-02-14T05:00:00Z,1.43,1.45,1.36,1.37,143699,447,1.38503
2019-02-15T05:00:00Z,1.39,1.39,1.3,1.33,198870,629,1.3319
2019-02-19T05:00:00Z,1.31,1.37,1.31,1.36,78874,334,1.34793
2019-02-20T05:00:00Z,1.36,1.4,1.33,1.33,154947,356,1.36085
2019-02-21T05:00:00Z,1.36,1.38,1.2,1.36,263705,908,1.28271
2019-02-22T05:00:00Z,1.36,1.36,1.27,1.3,139274,502,1.29402
2019-02-25T05:00:00Z,1.3,1.3212,1.18,1.2,495677,1266,1.21901
2019-02-26T05:00:00Z,1.23,1.28,1.21,1.25,90146,377,1.25292
2019-02-27T05:00:00Z,1.3,1.4,1.27,1.4,364778,745,1.34529
2019-02-28T05:00:00Z,1.4,1.5,1.39,1.48,294675,738,1.42084
2019-03-01T05:00:00Z,1.5,1.5,1.43,1.45,130899,430,1.47595
2019-03-04T05:00:00Z,1.47,1.51,1.43,1.5,75575,282,1.47446
2019-03-05T05:00:00Z,1.5,1.52,1.45,1.48,36943,163,1.47506
2019-03-06T05:00:00Z,1.48,1.48,1.41,1.42,48260,180,1.43987
2019-03-07T05:00:00Z,1.42,1.4815,1.38,1.44,66385,254,1.44577
2019-03-08T05:00:00Z,1.44,1.47,1.3625,1.39,50623,252,1.39993
2019-03-11T04:00:00Z,1.36,1.45,1.36,1.4,43572,194,1.40996
2019-03-12T04:00:00Z,1.4,1.44,1.4,1.43,60468,233,1.41667
2019-03-13T04:00:00Z,1.43,1.49,1.43,1.47,199513,458,1.47573
2019-03-14T04:00:00Z,1.47,1.4891,1.42,1.43,125924,235,1.44775
2019-03-15T04:00:00Z,1.43,1.49,1.426,1.49,103480,213,1.48151
2019-03-18T04:00:00Z,1.45,1.45,1.41,1.43,195099,549,1.43613
2019-03-19T04:00:00Z,1.45,1.7,1.4465,1.56,901309,1931,1.56897
2019-03-20T04:00:00Z,1.6,1.62,1.4701,1.52,316338,957,1.52669
2019-03-21T04:00:00Z,1.52,1.6398,1.52,1.59,229295,585,1.59846
2019-03-22T04:00:00Z,1.59,1.63,1.55,1.59,133353,496,1.58793
2019-03-25T04:00:00Z,1.57,1.58,1.54,1.55,56871,186,1.55512
2019-03-26T04:00:00Z,1.55,1.5678,1.47,1.5,80945,279,1.50976
2019-03-27T04:00:00Z,1.5,1.5126,1.47,1.49,53834,191,1.48162
2019-03-28T04:00:00Z,1.5,1.53,1.46,1.5,37157,140,1.48281
2019-03-29T04:00:00Z,1.5,1.5,1.4415,1.46,98523,114,1.45758
2019-04-01T04:00:00Z,1.44,1.46,1.36,1.4,251220,393,1.41286
2019-04-02T04:00:00Z,1.38,1.5,1.37,1.49,230181,727,1.45339
2019-04-03T04:00:00Z,1.49,1.5,1.43,1.47,37394,149,1.47379
2019-04-04T04:00:00Z,1.46,1.4702,1.4,1.44,32335,247,1.43124
2019-04-05T04:00:00Z,1.43,1.45,1.42,1.45,46998,193,1.43469
2019-04-08T04:00:00Z,1.44,1.53,1.4306,1.53,148612,312,1.49625
2019-04-09T04:00:00Z,1.51,1.53,1.4827,1.509,35841,288,1.50896
2019-04-10T04:00:00Z,1.5,1.54,1.48,1.48,132503,276,1.51202
2019-04-11T04:00:00Z,1.48,1.51,1.42,1.485,64772,197,1.45958
2019-04-12T04:00:00Z,1.46,1.47,1.42,1.42,52540,177,1.43744
2019-04-15T04:00:00Z,1.45,1.48,1.42,1.48,55153,144,1.45624
2019-04-16T04:00:00Z,1.48,1.48,1.439,1.44,32089,109,1.44993
2019-04-17T04:00:00Z,1.42,1.42,1.18,1.29,352548,898,1.29781
2019-04-18T04:00:00Z,1.33,1.41,1.33,1.41,102205,322,1.39118
2019-04-22T04:00:00Z,1.42,1.47,1.35,1.43,80449,422,1.42902
2019-04-23T04:00:00Z,1.44,1.44,1.37,1.41,140310,345,1.39997
2019-04-24T04:00:00Z,1.45,1.46,1.34,1.37,129669,401,1.38088
2019-04-25T04:00:00Z,1.4,1.4,1.27,1.36,199694,410,1.3176
2019-04-26T04:00:00Z,1.38,1.39,1.2,1.26,395127,1132,1.26945
2019-04-29T04:00:00Z,1.25,1.39,1.25,1.34,176330,816,1.3316
2019-04-30T04:00:00Z,1.34,1.45,1.34,1.39,438638,2758,1.38939
2019-05-01T04:00:00Z,1.4,1.45,1.4,1.41,257184,1645,1.42567
2019-05-02T04:00:00Z,1.41,1.47,1.41,1.42,117570,429,1.4367
2019-05-03T04:00:00Z,1.43,1.46,1.43,1.45,46898,276,1.4503
2019-05-06T04:00:00Z,1.45,1.5402,1.45,1.51,321824,762,1.50741
2019-05-07T04:00:00Z,1.51,1.55,1.5,1.54,125620,392,1.53289
2019-05-08T04:00:00Z,1.55,1.618,1.51,1.6,167323,465,1.5713
2019-05-09T04:00:00Z,1.61,1.63,1.51,1.55,159782,397,1.58453
2019-05-10T04:00:00Z,1.54,1.57,1.52,1.55,96310,270,1.54318
2019-05-13T04:00:00Z,1.54,1.61,1.54,1.6,182469,818,1.58467
2019-05-14T04:00:00Z,1.64,1.7,1.62,1.68,185323,459,1.66115
2019-05-15T04:00:00Z,1.68,1.68,1.5,1.58,315627,696,1.56383
2019-05-16T04:00:00Z,1.59,1.68,1.59,1.6,162494,489,1.63464
2019-05-17T04:00:00Z,1.61,1.67,1.59,1.64,90098,425,1.61865
2019-05-20T04:00:00Z,1.64,1.66,1.62,1.65,119248,743,1.64202
2019-05-21T04:00:00Z,1.65,1.68,1.63,1.68,185011,581,1.66075
2019-05-22T04:00:00Z,1.68,1.77,1.68,1.755,433761,1455,1.71886
2019-05-23T04:00:00Z,1.78,1.8462,1.7,1.72,203989,843,1.76487
2019-05-24T04:00:00Z,1.72,1.79,1.71,1.78,132536,826,1.76341
2019-05-28T04:00:00Z,1.79,1.83,1.76,1.8,282989,827,1.79089
2019-05-29T04:00:00Z,1.83,1.85,1.74,1.77,168890,361,1.77204
2019-05-30T04:00:00Z,1.81,1.99,1.77,1.98,792312,2210,1.89787
2019-05-31T04:00:00Z,1.96,2.02,1.93,1.97,460288,1056,1.98076
2019-06-03T04:00:00Z,1.96,2,1.76,1.77,330666,1016,1.87353
2019-06-04T04:00:00Z,1.85,2.01,1.83,1.97,610599,1448,1.95682
2019-06-05T04:00:00Z,1.97,2.05,1.91,2,611061,2023,1.99905
2019-06-06T04:00:00Z,2,2.03,1.91,1.91,190004,516,1.97975
2019-06-07T04:00:00Z,1.92,1.98,1.91,1.94,103558,154,1.92654
2019-06-10T04:00:00Z,1.94,1.97,1.92,1.93,86291,299,1.95284
2019-06-11T04:00:00Z,1.93,1.96,1.92,1.94,48977,198,1.93222
2019-06-12T04:00:00Z,1.95,2.03,1.87,2.02,208819,696,1.97556
2019-06-13T04:00:00Z,2.01,2.1,2,2.08,167004,423,2.04241
2019-06-14T04:00:00Z,2.1,2.14,2.02,2.03,151341,500,2.07424
2019-06-17T04:00:00Z,2.05,2.05,2,2.05,73432,192,2.02612
2019-06-18T04:00:00Z,2.05,2.05,2,2.02,85241,386,2.0276
2019-06-19T04:00:00Z,2,2.1,1.95,2.08,113665,457,2.03565
2019-06-20T04:00:00Z,2.1,2.14,2.02,2.14,142266,588,2.10096
2019-06-21T04:00:00Z,2.13,2.14,2.1,2.14,200175,194,2.13375
2019-06-24T04:00:00Z,2.11,2.15,2.1,2.13,50470,216,2.11986
2019-06-25T04:00:00Z,2.12,2.13,2.09,2.1,92325,370,2.10337
2019-06-26T04:00:00Z,2.1,2.13,2.09,2.115,67904,302,2.11398
2019-06-27T04:00:00Z,2.13,2.13,2.1,2.12,54971,262,2.10725
2019-06-28T04:00:00Z,2.14,2.14,2.11,2.13,89332,225,2.13137
2019-07-01T04:00:00Z,2.12,2.18,2.12,2.16,135597,473,2.15861
2019-07-02T04:00:00Z,2.2,2.49,2.19,2.2,842794,2280,2.32585
2019-07-03T04:00:00Z,2.22,2.32,2.2139,2.23,203005,683,2.25855
2019-07-05T04:00:00Z,2.25,2.4,2.25,2.3301,167683,668,2.33898
2019-07-08T04:00:00Z,2.36,2.38,2.22,2.28,308924,937,2.31958
2019-07-09T04:00:00Z,2.26,2.32,2.2201,2.26,82268,414,2.25232
2019-07-10T04:00:00Z,2.22,2.33,2.22,2.32,372643,1055,2.31772
2019-07-11T04:00:00Z,2.33,2.45,2.33,2.36,1099455,1347,2.36305
2019-07-12T04:00:00Z,2.4,2.43,2.29,2.31,429391,837,2.37802
2019-07-15T04:00:00Z,2.33,2.3416,2.29,2.33,149881,455,2.31394
2019-07-16T04:00:00Z,2.33,2.37,2.31,2.34,61361,329,2.3366
2019-07-17T04:00:00Z,2.34,2.39,2.23,2.28,117051,377,2.28727
2019-07-18T04:00:00Z,2.25,2.27,2.021,2.19,595413,1577,2.14907
2019-07-19T04:00:00Z,2.16,2.19,2.08,2.13,152671,560,2.12569
2019-07-22T04:00:00Z,2.14,2.2,2.09,2.15,97701,401,2.1505
2019-07-23T04:00:00Z,2.17,2.19,2.1174,2.18,43601,343,2.14875
2019-07-24T04:00:00Z,2.18,2.19,2.09,2.16,97573,390,2.13461
2019-07-25T04:00:00Z,2.14,2.22,2.14,2.14,69544,497,2.17984
2019-07-26T04:00:00Z,2.17,2.3,2.15,2.28,110677,652,2.23753
2019-07-29T04:00:00Z,2.26,2.3092,2.22,2.23,441580,1153,2.28355
2019-07-30T04:00:00Z,2.34,2.35,2.23,2.27,261130,1048,2.28565
2019-07-31T04:00:00Z,2.29,2.29,2.26,2.26,135020,699,2.2772
2019-08-01T04:00:00Z,2.26,2.29,2.24,2.24,253250,943,2.26933
2019-08-02T04:00:00Z,2.23,2.26,2.08,2.19,274683,817,2.14556
2019-08-05T04:00:00Z,2.14,2.23,2.1,2.2,174458,800,2.17453
2019-08-06T04:00:00Z,2.2,2.31,2.2,2.21,284810,952,2.28446
2019-08-07T04:00:00Z,2.23,2.31,2.21,2.28,273705,1443,2.27545
2019-08-08T04:00:00Z,2.32,2.4471,2.08,2.12,603491,1493,2.23576
2019-08-09T04:00:00Z,2.14,2.16,1.95,1.96,373697,1149,2.02719
2019-08-12T04:00:00Z,1.96,2.07,1.83,2.03,450142,1471,1.93837
2019-08-13T04:00:00Z,2.06,2.11,1.98,2.03,175001,558,2.02245
2019-08-14T04:00:00Z,2.04,2.04,1.9,1.92,133763,510,1.95386
2019-08-15T04:00:00Z,1.93,1.98,1.85,1.93,110488,657,1.92487
2019-08-16T04:00:00Z,1.93,1.955,1.85,1.89,167297,488,1.90114
2019-08-19T04:00:00Z,1.88,1.97,1.85,1.94,49700,312,1.91514
2019-08-20T04:00:00Z,1.93,1.96,1.8,1.83,94248,400,1.84526
2019-08-21T04:00:00Z,1.84,2.0084,1.84,2.0084,232962,762,1.94364
2019-08-22T04:00:00Z,2.02,2.03,1.97,1.99,166817,520,1.99402
2019-08-23T04:00:00Z,1.99,2.029,1.97,2,144279,585,1.99031
2019-08-26T04:00:00Z,1.99,2.0001,1.95,1.99,75324,365,1.99386
2019-08-27T04:00:00Z,1.98,2,1.8,1.81,122602,530,1.88028
2019-08-28T04:00:00Z,1.82,1.94,1.67,1.93,158189,603,1.78491
2019-08-29T04:00:00Z,1.93,1.99,1.85,1.98,55824,253,1.93446
2019-08-30T04:00:00Z,1.98,2,1.95,1.97,40756,203,1.98566
2019-09-03T04:00:00Z,1.98,2,1.9,1.92,52101,299,1.947
2019-09-04T04:00:00Z,1.93,1.99,1.86,1.94,128687,472,1.93242
2019-09-05T04:00:00Z,1.91,1.95,1.9,1.9,56741,322,1.91324
2019-09-06T04:00:00Z,1.9,1.96,1.9,1.91,61954,323,1.92011
2019-09-09T04:00:00Z,1.91,1.95,1.88,1.92,73164,274,1.89658
2019-09-10T04:00:00Z,1.97,1.97,1.88,1.9,114141,436,1.9075
2019-09-11T04:00:00Z,1.88,1.97,1.88,1.9,96917,378,1.92586
2019-09-12T04:00:00Z,1.9,1.95,1.89,1.915,40923,233,1.91591
2019-09-13T04:00:00Z,1.9,1.952,1.89,1.9,74769,322,1.90531
2019-09-16T04:00:00Z,1.95,1.95,1.87,1.9,98341,442,1.89339
2019-09-17T04:00:00Z,1.9,1.92,1.88,1.9,45787,253,1.89866
2019-09-18T04:00:00Z,1.9,1.91,1.87,1.9,89698,475,1.89553
2019-09-19T04:00:00Z,1.9,1.94,1.86,1.88,165917,735,1.89371
2019-09-20T04:00:00Z,1.91,1.97,1.89,1.97,114711,239,1.95059
2019-09-23T04:00:00Z,1.97,2.03,1.93,2.03,48079,390,1.98236
2019-09-24T04:00:00Z,2.04,2.14,2.02,2.09,138634,457,2.07957
2019-09-25T04:00:00Z,2.07,2.15,2.06,2.09,112391,474,2.09943
2019-09-26T04:00:00Z,2.14,2.15,2.09,2.11,33309,299,2.11539
2019-09-27T04:00:00Z,2.09,2.15,2,2.09,122122,699,2.06779
2019-09-30T04:00:00Z,2.1,2.16,2.09,2.16,57715,370,2.122
2019-10-01T04:00:00Z,2.15,2.15,2.12,2.15,63161,268,2.14226
2019-10-02T04:00:00Z,2.14,2.15,2.1,2.11,50945,283,2.11981
2019-10-03T04:00:00Z,2.13,2.17,2.08,2.13,61002,338,2.12665
2019-10-04T04:00:00Z,2.1,2.17,2.09,2.13,27039,138,2.12579
2019-10-07T04:00:00Z,2.1,2.17,2.1,2.12,35687,197,2.1382
2019-10-08T04:00:00Z,2.13,2.15,2.1006,2.12,17357,171,2.13216
2019-10-09T04:00:00Z,2.1599,2.1599,2.1,2.1,10671,154,2.11648
2019-10-10T04:00:00Z,2.1,2.13,2.06,2.06,40806,219,2.10283
2019-10-11T04:00:00Z,2.07,2.084,1.96,2.07,56345,318,2.01709
2019-10-14T04:00:00Z,2.05,2.1,1.99,2.08,25721,151,2.03675
2019-10-15T04:00:00Z,2.0899,2.14,2.04,2.1027,34846,127,2.10299
2019-10-16T04:00:00Z,2.0738,2.12,2.0738,2.11,21885,234,2.10054
2019-10-17T04:00:00Z,2.13,2.15,2.1011,2.12,23921,172,2.13042
2019-10-18T04:00:00Z,2.15,2.15,2.11,2.15,88933,255,2.12111
2019-10-21T04:00:00Z,2.14,2.14,2.05,2.05,377554,235,2.09544
2019-10-22T04:00:00Z,2.05,2.0955,1.93,1.97,202104,428,1.98427
2019-10-23T04:00:00Z,1.99,1.99,1.9378,1.98,23458,165,1.95983
2019-10-24T04:00:00Z,1.9701,2.01,1.92,1.93,54963,298,1.96059
2019-10-25T04:00:00Z,1.93,2.08,1.93,2,185536,611,1.99931
2019-10-28T04:00:00Z,1.98,2.04,1.97,1.99,72660,213,1.98852
2019-10-29T04:00:00Z,2,2.07,1.94,1.95,46747,360,1.98259
2019-10-30T04:00:00Z,1.99,2.01,1.9196,1.98,75196,262,1.96153
2019-10-31T04:00:00Z,1.98,2,1.93,1.96,51443,192,1.95693
2019-11-01T04:00:00Z,1.96,1.98,1.94,1.97,21406,211,1.95669
2019-11-04T05:00:00Z,2,2.05,1.95,2.04,77799,279,1.99369
2019-11-05T05:00:00Z,2.04,2.1,1.98,2.02,103508,322,2.04468
2019-11-06T05:00:00Z,2,2.08,1.96,2,118106,408,2.00319
2019-11-07T05:00:00Z,2,2.04,1.96,1.98,152504,452,2.00576
2019-11-08T05:00:00Z,1.97,2.05,1.97,2.01,121007,380,2.01645
2019-11-11T05:00:00Z,2,2.04,1.96,1.99,109920,289,1.99191
2019-11-12T05:00:00Z,2.02,2.02,1.91,1.92,53436,260,1.93623
2019-11-13T05:00:00Z,1.98,1.98,1.86,1.86,64786,241,1.88647
2019-11-14T05:00:00Z,1.87,1.92,1.8492,1.92,36595,194,1.8841
2019-11-15T05:00:00Z,1.92,1.94,1.88,1.89,36828,255,1.91497
2019-11-18T05:00:00Z,1.9,1.91,1.87,1.89,138532,397,1.88923
2019-11-19T05:00:00Z,1.91,1.94,1.89,1.91,53178,320,1.92031
2019-11-20T05:00:00Z,1.93,2,1.91,1.96,199526,731,1.96736
2019-11-21T05:00:00Z,1.975,2.04,1.97,2.02,77883,362,2.00105
2019-11-22T05:00:00Z,2.01,2.05,1.99,2.02,38025,301,2.00804
2019-11-25T05:00:00Z,2.09,2.14,2.05,2.12,124623,608,2.07233
2019-11-26T05:00:00Z,2.14,2.21,2.09,2.1,227457,812,2.16596
2019-11-27T05:00:00Z,2.14,2.14,2.1,2.12,128431,707,2.12433
2019-11-29T05:00:00Z,2.1,2.14,2.1,2.12,72447,388,2.12037
2019-12-02T05:00:00Z,2.1,2.2,2.1,2.17,121301,565,2.1418
2019-12-03T05:00:00Z,2.16,2.21,2.16,2.19,101816,619,2.18653
2019-12-04T05:00:00Z,2.18,2.23,2.17,2.19,88755,484,2.20372
2019-12-05T05:00:00Z,2.21,2.27,2.19,2.225,293337,1109,2.22351
2019-12-06T05:00:00Z,2.25,2.28,2.23,2.27,440483,1093,2.25808
2019-12-09T05:00:00Z,2.28,2.37,2.2743,2.32,476165,1264,2.31448
2019-12-10T05:00:00Z,2.33,2.35,2.24,2.29,274661,928,2.28165
2019-12-11T05:00:00Z,2.3,2.49,2.24,2.45,724485,2171,2.386
2019-12-12T05:00:00Z,2.33,2.4741,2.1,2.4,798687,2586,2.30642
2019-12-13T05:00:00Z,2.4,2.45,2.33,2.41,248233,1474,2.40837
2019-12-16T05:00:00Z,2.49,2.76,2.43,2.75,1233299,3308,2.64774
2019-12-17T05:00:00Z,2.79,3,2.66,2.87,906538,3548,2.85186
2019-12-18T05:00:00Z,2.85,2.85,2.66,2.79,241537,1149,2.74816
2019-12-19T05:00:00Z,2.78,2.85,2.7666,2.78,301518,1597,2.82132
2019-12-20T05:00:00Z,2.78,2.88,2.7,2.88,427188,1210,2.83497
2019-12-23T05:00:00Z,2.89,3.1,2.87,2.99,766891,2215,3.01648
2019-12-24T05:00:00Z,3.04,3.09,2.9757,3.02,163213,832,3.03611
2019-12-26T05:00:00Z,3.03,3.084,3.01,3.05,171747,1371,3.04565
2019-12-27T05:00:00Z,3.06,3.07,2.9,3.03,241908,1746,2.9876
2019-12-30T05:00:00Z,3.03,3.2,3.0105,3.2,499084,1754,3.12542
2019-12-31T05:00:00Z,3.19,3.42,3.19,3.35,469994,2106,3.31847
2020-01-02T05:00:00Z,3.35,3.5,3.24,3.46,414530,1971,3.36739
2020-01-03T05:00:00Z,3.38,3.65,3.38,3.64,318388,1652,3.56628
2020-01-06T05:00:00Z,3.62,3.68,3.5,3.66,303970,1323,3.59424
2020-01-07T05:00:00Z,3.58,3.69,3.5,3.64,360617,1737,3.56751
2020-01-08T05:00:00Z,3.65,3.65,3.5,3.6,443250,1871,3.5802
2020-01-09T05:00:00Z,3.68,3.96,3.6346,3.89,737059,3164,3.83543
2020-01-10T05:00:00Z,3.93,4.05,3.81,4.03,743167,3619,3.94722
2020-01-13T05:00:00Z,4.09,4.35,4.02,4.17,909494,3689,4.20973
2020-01-14T05:00:00Z,4.19,4.25,3.9,4.01,434373,1923,4.0106
2020-01-15T05:00:00Z,3.99,4.15,3.94,4.11,332469,2554,4.06202
2020-01-16T05:00:00Z,4.12,4.15,4.05,4.1,270637,1518,4.09698
2020-01-17T05:00:00Z,4.1,4.21,4.01,4.19,266581,1306,4.1193
2020-01-21T05:00:00Z,4.26,4.685,4.25,4.56,697263,3206,4.45799
2020-01-22T05:00:00Z,4.59,4.74,4.46,4.56,569740,3665,4.60954
2020-01-23T05:00:00Z,4.51,4.58,4.21,4.29,548658,2673,4.36592
2020-01-24T05:00:00Z,4.32,4.32,3.43,3.74,1188622,4702,3.76401
2020-01-27T05:00:00Z,3.62,3.72,3.43,3.53,519091,2596,3.56797
2020-01-28T05:00:00Z,3.55,3.62,3.27,3.33,580681,2774,3.40374
2020-01-29T05:00:00Z,3.36,3.65,3.32,3.52,511367,2832,3.50124
2020-01-30T05:00:00Z,3.49,3.64,3.46,3.54,244198,1591,3.53649
2020-01-31T05:00:00Z,3.53,3.62,3.39,3.5,256043,1662,3.5203
2020-02-03T05:00:00Z,3.49,3.69,3.45,3.64,324944,1863,3.58437
2020-02-04T05:00:00Z,3.65,4.17,3.63,4.06,483315,2584,4.01294
2020-02-05T05:00:00Z,4.06,4.2,4.05,4.13,360091,2307,4.1332
2020-02-06T05:00:00Z,4.15,4.36,4.03,4.28,330775,2034,4.20691
2020-02-07T05:00:00Z,4.25,4.275,3.8701,4.23,428227,2087,4.09241
2020-02-10T05:00:00Z,4.28,4.42,4.06,4.12,499093,3108,4.2802
2020-02-11T05:00:00Z,4.16,4.3,4.1301,4.26,336673,1722,4.22204
2020-02-12T05:00:00Z,4.31,4.39,3.97,4.32,508009,2710,4.25865
2020-02-13T05:00:00Z,4.4,4.4,4.26,4.3,226241,1336,4.32604
2020-02-14T05:00:00Z,4.31,4.33,4.19,4.22,258202,1457,4.24961
2020-02-18T05:00:00Z,4.22,4.5,3.93,4.39,436969,2306,4.2613
2020-02-19T05:00:00Z,4.39,4.44,4.11,4.23,319768,1740,4.24078
2020-02-20T05:00:00Z,4.25,4.68,4.25,4.58,520280,2794,4.44807
2020-02-21T05:00:00Z,4.62,4.7,4.45,4.54,488640,2459,4.59316
2020-02-24T05:00:00Z,4.25,4.5,4.06,4.31,372309,1571,4.32354
2020-02-25T05:00:00Z,4.32,4.58,4.23,4.26,423961,1831,4.3984
2020-02-26T05:00:00Z,4.21,4.47,4.2,4.25,273330,1498,4.29833
2020-02-27T05:00:00Z,4.25,4.42,4.08,4.26,450000,2484,4.24397
2020-02-28T05:00:00Z,4.28,4.4,4.08,4.13,429003,1916,4.22501
2020-03-02T05:00:00Z,4.15,4.3588,4.09,4.11,274995,1605,4.19852
2020-03-03T05:00:00Z,4.11,4.2378,3.92,3.92,343892,1975,3.99232
2020-03-04T05:00:00Z,3.98,4.18,3.92,4.12,428767,1918,4.03558
2020-03-05T05:00:00Z,4.07,4.085,3.91,3.91,224454,1148,3.99768
2020-03-06T05:00:00Z,3.85,3.98,3.7,3.81,321978,1625,3.83966
2020-03-09T04:00:00Z,3.66,3.78,3.18,3.52,273834,1625,3.59375
2020-03-10T04:00:00Z,3.65,3.7545,3.355,3.48,489085,2679,3.48733
2020-03-11T04:00:00Z,3.44,3.61,3.03,3.2,736076,3902,3.29567
2020-03-12T04:00:00Z,2.95,3.06,2.655,2.77,618268,3210,2.87366
2020-03-13T04:00:00Z,2.93,3.01,2.77,2.99,267721,1756,2.92719
2020-03-16T04:00:00Z,2.76,2.76,2.49,2.58,423072,2516,2.58515
2020-03-17T04:00:00Z,2.63,2.7798,2.46,2.77,269851,2405,2.66984
2020-03-18T04:00:00Z,2.65,2.75,2.495,2.61,247976,1794,2.58897
2020-03-19T04:00:00Z,2.57,2.75,2.35,2.64,309143,2224,2.59212
2020-03-20T04:00:00Z,2.7,2.83,2.6,2.64,245395,1082,2.69142
2020-03-23T04:00:00Z,2.61,2.91,2.58,2.79,230115,1445,2.76079
2020-03-24T04:00:00Z,2.92,3.22,2.885,3.13,218719,1409,3.08555
2020-03-25T04:00:00Z,3.14,3.36,3.04,3.26,183717,1179,3.22611
2020-03-26T04:00:00Z,3.3,3.4,3,3.21,342325,1555,3.15834
2020-03-27T04:00:00Z,3.12,3.32,3.06,3.28,158500,924,3.17788
2020-03-30T04:00:00Z,3.26,3.35,3.21,3.27,158249,1124,3.27653
2020-03-31T04:00:00Z,3.27,3.29,3.16,3.27,138698,955,3.25882
2020-04-01T04:00:00Z,3.17,3.19,3.04,3.1,231122,1320,3.0909
2020-04-02T04:00:00Z,3.07,3.16,3.03,3.08,143449,1070,3.09211
2020-04-03T04:00:00Z,3.04,3.09,2.89,3.005,652157,1078,2.94751
2020-04-06T04:00:00Z,3.11,3.15,3.04,3.12,177624,1047,3.09616
2020-04-07T04:00:00Z,3.18,3.2,3.01,3.04,177448,1228,3.09915
2020-04-08T04:00:00Z,3.04,3.27,3.04,3.25,223089,1205,3.1826
2020-04-09T04:00:00Z,3.31,3.48,3.23,3.33,219223,1191,3.32763
2020-04-13T04:00:00Z,3.35,3.4,3.15,3.25,192885,1308,3.2375
2020-04-14T04:00:00Z,3.31,3.3874,3.16,3.18,207809,1335,3.26496
2020-04-15T04:00:00Z,3.17,3.17,3.03,3.12,222888,1287,3.09197
2020-04-16T04:00:00Z,3.12,3.21,3.02,3.14,180700,1047,3.13895
2020-04-17T04:00:00Z,3.24,3.24,3.14,3.2,181663,1119,3.18554
2020-04-20T04:00:00Z,3.17,3.33,3.09,3.24,138722,871,3.24601
2020-04-21T04:00:00Z,3.19,3.23,3.1,3.22,75051,755,3.17607
2020-04-22T04:00:00Z,3.25,3.42,3.23,3.37,129598,934,3.36582
2020-04-23T04:00:00Z,3.35,3.44,3.29,3.34,339579,1240,3.36791
2020-04-24T04:00:00Z,3.35,3.39,3.305,3.33,278750,1306,3.35338
2020-04-27T04:00:00Z,3.35,3.4399,3.21,3.23,479123,1675,3.34282
2020-04-28T04:00:00Z,3.29,3.35,3.2,3.26,358397,2358,3.2287
2020-04-29T04:00:00Z,3.28,3.28,3.15,3.2,293023,1787,3.23231
2020-04-30T04:00:00Z,3.19,3.25,3.13,3.23,212367,1188,3.2181
2020-05-01T04:00:00Z,3.21,3.26,3.16,3.23,162146,1177,3.22287
2020-05-04T04:00:00Z,3.2,3.3701,3.18,3.36,215053,1330,3.30405
2020-05-05T04:00:00Z,3.54,4.02,3.4,3.9,1094326,4956,3.81988
2020-05-06T04:00:00Z,3.99,4,3.52,3.89,411620,2278,3.82145
2020-05-07T04:00:00Z,3.9,3.901,3.72,3.79,229257,1696,3.80636
2020-05-08T04:00:00Z,3.88,3.92,3.76,3.83,255526,1897,3.85468
2020-05-11T04:00:00Z,3.83,3.93,3.7,3.76,320732,2154,3.81439
2020-05-12T04:00:00Z,3.8,4.09,3.5,3.53,2081067,8905,3.8167
2020-05-13T04:00:00Z,3.51,4.36,3.51,3.97,1955290,9286,4.05469
2020-05-14T04:00:00Z,4,4.27,3.94,4.02,692655,3911,4.0808
2020-05-15T04:00:00Z,4.04,4.0425,3.91,3.97,335103,3122,3.97596
2020-05-18T04:00:00Z,3.97,4.02,3.87,3.9,359860,2242,3.94946
2020-05-19T04:00:00Z,3.89,3.95,3.8,3.8,286453,1892,3.87367
2020-05-20T04:00:00Z,3.85,3.85,3.61,3.72,293546,1744,3.71092
2020-05-21T04:00:00Z,3.72,3.9,3.67,3.69,211364,1386,3.78477
2020-05-22T04:00:00Z,3.69,3.7,3.52,3.64,428338,2374,3.61523
2020-05-26T04:00:00Z,3.76,3.8,3.5697,3.63,437738,1442,3.66987
2020-05-27T04:00:00Z,3.62,3.72,3.47,3.65,619947,1748,3.66477
2020-05-28T04:00:00Z,3.66,3.84,3.65,3.74,684200,3172,3.76447
2020-05-29T04:00:00Z,3.81,3.84,3.65,3.73,325285,2349,3.76465
2020-06-01T04:00:00Z,3.74,3.76,3.63,3.63,391296,2320,3.69841
2020-06-02T04:00:00Z,3.64,3.7,3.55,3.59,322960,1763,3.63422
2020-06-03T04:00:00Z,3.61,3.61,3.4,3.44,423808,2303,3.48252
2020-06-04T04:00:00Z,3.41,3.55,3.33,3.37,344858,1993,3.40925
2020-06-05T04:00:00Z,3.37,3.54,3.32,3.53,355394,2153,3.43369
2020-06-08T04:00:00Z,3.55,3.59,3.35,3.39,281062,2150,3.45063
2020-06-09T04:00:00Z,3.37,3.47,3.32,3.34,427131,2493,3.39133
2020-06-10T04:00:00Z,3.34,3.62,3.3327,3.57,590572,3520,3.50718
2020-06-11T04:00:00Z,3.49,3.49,3.2,3.2,331075,2136,3.30547
2020-06-12T04:00:00Z,3.27,3.51,3.27,3.34,664716,3371,3.35816
2020-06-15T04:00:00Z,3.37,3.64,3.32,3.56,877379,4847,3.52675
2020-06-16T04:00:00Z,3.62,3.64,3.37,3.4,652249,3933,3.44562
2020-06-17T04:00:00Z,3.39,3.4601,3.31,3.34,487398,2825,3.38844
2020-06-18T04:00:00Z,3.33,3.53,3.2,3.26,952987,5797,3.35069
2020-06-19T04:00:00Z,3.47,3.57,3.35,3.46,1778120,5827,3.44299
2020-06-22T04:00:00Z,3.52,3.53,3.4,3.43,588825,3726,3.46889
2020-06-23T04:00:00Z,3.44,3.48,3.19,3.19,648995,3908,3.27599
2020-06-24T04:00:00Z,3.22,3.44,3.22,3.41,930935,6917,3.37601
2020-06-25T04:00:00Z,3.4,3.525,3.28,3.42,667965,4405,3.40906
2020-06-26T04:00:00Z,3.5,3.5,3.05,3.21,10801983,7454,3.21137
2020-06-29T04:00:00Z,3.42,3.7886,3.2802,3.43,1842983,7615,3.53425
2020-06-30T04:00:00Z,3.47,3.51,3.25,3.34,1018858,4872,3.34443
2020-07-01T04:00:00Z,3.4,3.41,3.22,3.355,698125,3748,3.30683
2020-07-02T04:00:00Z,3.3675,3.38,3.2338,3.36,482981,3476,3.3154
2020-07-06T04:00:00Z,3.34,3.35,3.25,3.26,573344,3190,3.28441
2020-07-07T04:00:00Z,3.26,3.31,3.13,3.19,537848,4895,3.22561
2020-07-08T04:00:00Z,3.19,3.21,3.07,3.19,534330,2962,3.14003
2020-07-09T04:00:00Z,3.18,3.19,3.03,3.08,436465,2830,3.1059
2020-07-10T04:00:00Z,3.07,3.1,2.98,3.06,440310,2492,3.03575
2020-07-13T04:00:00Z,3.07,3.0985,2.88,2.91,501217,4113,2.98822
2020-07-14T04:00:00Z,2.9,2.98,2.89,2.95,463858,2863,2.94056
2020-07-15T04:00:00Z,2.98,3.19,2.92,3.13,2031084,9196,3.06072
2020-07-16T04:00:00Z,3.23,3.39,3.1335,3.25,1387755,5804,3.25742
2020-07-17T04:00:00Z,3.25,3.38,3.145,3.22,1035665,5795,3.26347
2020-07-20T04:00:00Z,3.23,3.47,3.115,3.34,1562059,6216,3.30175
2020-07-21T04:00:00Z,3.35,3.36,3.16,3.19,967152,4782,3.21338
2020-07-22T04:00:00Z,3.19,3.2,3.05,3.13,995128,5370,3.11509
2020-07-23T04:00:00Z,3.3354,3.34,3.02,3.1,1845272,7448,3.19413
2020-07-24T04:00:00Z,3.07,3.17,2.96,3.05,1134496,5192,3.06781
2020-07-27T04:00:00Z,3.1,3.155,2.85,2.98,1267269,6347,2.95388
2020-07-28T04:00:00Z,2.98,3,2.92,2.99,461725,2588,2.96876
2020-07-29T04:00:00Z,2.96,2.97,2.81,2.86,799688,4033,2.86306
2020-07-30T04:00:00Z,2.81,2.98,2.76,2.93,777740,4260,2.87368
2020-07-31T04:00:00Z,2.91,2.96,2.8,2.83,1063003,4186,2.86973
2020-08-03T04:00:00Z,2.86,2.93,2.8,2.92,477356,7472,2.87614
2020-08-04T04:00:00Z,3.05,3.22,3,3.14,2360163,9501,3.08851
2020-08-05T04:00:00Z,3.1,3.21,3.07,3.19,639576,4146,3.13989
2020-08-06T04:00:00Z,3.2,3.2,3.05,3.09,615918,4179,3.09724
2020-08-07T04:00:00Z,3.07,3.08,2.98,3.06,474536,2817,3.03177
2020-08-10T04:00:00Z,3.1,3.17,3.05,3.15,486442,2727,3.11009
2020-08-11T04:00:00Z,3.1,3.14,3,3.04,603080,3808,3.06592
2020-08-12T04:00:00Z,3.05,3.1,3.01,3.03,482246,2762,3.05521
2020-08-13T04:00:00Z,2.9,2.97,2.65,2.73,1146986,4268,2.79061
2020-08-14T04:00:00Z,2.71,2.89,2.62,2.68,1348423,4272,2.73045
2020-08-17T04:00:00Z,2.77,2.81,2.61,2.75,710127,4451,2.74352
2020-08-18T04:00:00Z,2.73,2.7499,2.6598,2.695,516626,3274,2.69334
2020-08-19T04:00:00Z,2.6969,2.81,2.67,2.79,612896,3199,2.73725
2020-08-20T04:00:00Z,2.76,2.82,2.7001,2.79,320536,2170,2.7717
2020-08-21T04:00:00Z,2.77,2.79,2.715,2.77,490625,2284,2.74824
2020-08-24T04:00:00Z,2.73,2.75,2.56,2.65,635570,3114,2.64743
2020-08-25T04:00:00Z,2.66,2.71,2.61,2.7,258503,2466,2.67764
2020-08-26T04:00:00Z,2.71,2.81,2.7,2.74,375500,2507,2.74686
2020-08-27T04:00:00Z,2.75,2.78,2.66,2.69,479314,3075,2.69849
2020-08-28T04:00:00Z,2.73,2.74,2.665,2.72,450368,3293,2.70574
2020-08-31T04:00:00Z,2.74,2.82,2.665,2.77,525658,2374,2.758
2020-09-01T04:00:00Z,2.79,2.79,2.65,2.67,291363,1668,2.70011
2020-09-02T04:00:00Z,2.64,2.67,2.57,2.66,348032,2132,2.62309
2020-09-03T04:00:00Z,2.64,2.81,2.59,2.79,552792,3386,2.7306
2020-09-04T04:00:00Z,2.8,2.8,2.61,2.69,406681,2950,2.66953
2020-09-08T04:00:00Z,2.68,2.69,2.605,2.62,336107,2478,2.64232
2020-09-09T04:00:00Z,2.67,2.8,2.63,2.76,363544,2619,2.71885
2020-09-10T04:00:00Z,2.78,2.8701,2.7201,2.795,330978,2921,2.80186
2020-09-11T04:00:00Z,2.83,2.83,2.655,2.73,322340,2166,2.71915
2020-09-14T04:00:00Z,2.74,2.8,2.68,2.78,232735,2014,2.75928
2020-09-15T04:00:00Z,2.78,2.8401,2.735,2.76,244087,2237,2.78486
2020-09-16T04:00:00Z,2.79,2.86,2.74,2.76,394704,2530,2.80578
2020-09-17T04:00:00Z,2.73,2.92,2.71,2.88,500354,3461,2.85719
2020-09-18T04:00:00Z,2.9,3.02,2.81,2.875,1885314,5992,2.89378
2020-09-21T04:00:00Z,2.93,3,2.82,2.82,603597,3334,2.89276
2020-09-22T04:00:00Z,2.82,2.84,2.69,2.71,755493,3729,2.74593
2020-09-23T04:00:00Z,2.7,2.7454,2.61,2.68,726427,3291,2.68455
2020-09-24T04:00:00Z,2.68,2.68,2.565,2.63,376719,2056,2.62443
2020-09-25T04:00:00Z,2.63,2.66,2.57,2.58,300590,1794,2.60431
2020-09-28T04:00:00Z,2.62,2.68,2.613,2.64,280433,2313,2.64195
2020-09-29T04:00:00Z,2.72,2.74,2.58,2.59,358498,2434,2.64965
2020-09-30T04:00:00Z,2.59,2.665,2.58,2.62,264435,1749,2.62396
2020-10-01T04:00:00Z,2.64,2.64,2.55,2.57,317757,2190,2.57917
2020-10-02T04:00:00Z,2.51,2.56,2.4891,2.5,277039,1485,2.51059
2020-10-05T04:00:00Z,2.5,2.58,2.5,2.57,285288,1779,2.55253
2020-10-06T04:00:00Z,2.58,2.62,2.555,2.56,333785,2185,2.58143
2020-10-07T04:00:00Z,2.57,2.66,2.54,2.65,492071,5312,2.60925
2020-10-08T04:00:00Z,2.68,2.74,2.663,2.7,307666,1766,2.70009
2020-10-09T04:00:00Z,2.72,2.7299,2.68,2.71,139342,1162,2.7026
2020-10-12T04:00:00Z,2.7,2.72,2.645,2.7,203946,1209,2.68483
2020-10-13T04:00:00Z,2.66,2.71,2.64,2.67,148249,1067,2.67292
2020-10-14T04:00:00Z,2.67,2.7,2.56,2.58,203539,3476,2.60055
2020-10-15T04:00:00Z,2.53,2.63,2.53,2.63,223856,1697,2.56848
2020-10-16T04:00:00Z,2.62,2.625,2.55,2.56,171097,1180,2.57682
2020-10-19T04:00:00Z,2.58,2.6,2.51,2.51,272200,1172,2.54741
2020-10-20T04:00:00Z,2.51,2.53,2.46,2.47,130337,1071,2.48408
2020-10-21T04:00:00Z,2.49,2.55,2.43,2.43,177439,1115,2.47926
2020-10-22T04:00:00Z,2.43,2.47,2.425,2.43,155526,926,2.44175
2020-10-23T04:00:00Z,2.45,2.48,2.4,2.46,188785,1553,2.45065
2020-10-26T04:00:00Z,2.45,2.485,2.42,2.45,89331,868,2.45212
2020-10-27T04:00:00Z,2.44,2.5,2.42,2.45,112113,997,2.47076
2020-10-28T04:00:00Z,2.42,2.43,2.34,2.36,157952,2392,2.37617
2020-10-29T04:00:00Z,2.4,2.53,2.3,2.53,399389,2573,2.43791
2020-10-30T04:00:00Z,2.51,2.55,2.4852,2.52,288423,1706,2.50775
2020-11-02T05:00:00Z,2.52,2.54,2.36,2.47,296761,2453,2.43416
2020-11-03T05:00:00Z,2.47,2.52,2.45,2.51,159948,949,2.48455
2020-11-04T05:00:00Z,2.46,2.54,2.46,2.5,148196,1013,2.50257
2020-11-05T05:00:00Z,2.48,2.52,2.47,2.5,183961,1262,2.49753
2020-11-06T05:00:00Z,2.51,2.51,2.47,2.48,152996,883,2.48472
2020-11-09T05:00:00Z,2.5,2.59,2.49,2.5,427935,3240,2.52326
2020-11-10T05:00:00Z,2.53,2.57,2.5,2.51,236698,1763,2.52472
2020-11-11T05:00:00Z,2.55,2.87,2.53,2.79,1125750,6287,2.73352
2020-11-12T05:00:00Z,2.76,2.865,2.67,2.74,447961,2029,2.76379
2020-11-13T05:00:00Z,2.76,2.785,2.685,2.75,311155,1588,2.73348
2020-11-16T05:00:00Z,2.78,2.79,2.7,2.74,231710,1394,2.73746
2020-11-17T05:00:00Z,2.75,2.87,2.64,2.81,574169,3105,2.77377
2020-11-18T05:00:00Z,2.83,2.91,2.7801,2.85,614177,2344,2.8848
2020-11-19T05:00:00Z,2.85,2.91,2.8,2.87,212288,1348,2.87902
2020-11-20T05:00:00Z,2.85,3.05,2.8334,3.04,339520,1677,2.95885
2020-11-23T05:00:00Z,3.06,3.115,3.01,3.1,279954,1713,3.07454
2020-11-24T05:00:00Z,3.14,3.16,2.94,2.99,435323,1922,3.04125
2020-11-25T05:00:00Z,2.99,3.06,2.95,3.02,187834,1409,3.00669
2020-11-27T05:00:00Z,3.05,3.08,2.95,3.075,143511,831,3.02235
2020-11-30T05:00:00Z,3.08,3.085,3,3.04,268970,1413,3.04607
2020-12-01T05:00:00Z,3.03,3.07,2.97,3.03,179965,1220,3.02635
2020-12-02T05:00:00Z,3.03,3.1,2.95,3.08,342058,2226,3.03551
2020-12-03T05:00:00Z,3.2,3.33,3.135,3.28,635649,2865,3.22834
2020-12-04T05:00:00Z,3.3,3.33,3.22,3.3,309038,1823,3.27664
2020-12-07T05:00:00Z,3.3,3.395,3.29,3.35,365802,1772,3.333
2020-12-08T05:00:00Z,3.36,3.36,3.21,3.245,578027,2771,3.26963
2020-12-09T05:00:00Z,3.31,4.2471,3.29,3.89,5075106,20144,3.81065
2020-12-10T05:00:00Z,4.833,7.86,4.34,5.97,52693002,201557,6.01116
2020-12-11T05:00:00Z,5.75,7.5,4.71,6.355,29584117,105685,6.20917
2020-12-14T05:00:00Z,9.87,10.83,8.51,9.695,134933656,508240,9.57569
2020-12-15T05:00:00Z,11.4,11.45,8.84,9.33,66369119,234298,10.2786
2020-12-16T05:00:00Z,9.66,11.16,9.33,9.99,46258778,154314,10.1689
2020-12-17T05:00:00Z,9.93,10.02,9.02,9.3,11755094,51333,9.35877
2020-12-18T05:00:00Z,8.9812,9.23,8.61,8.805,8654790,34928,8.9209
2020-12-21T05:00:00Z,8.4,9.13,8.33,8.86,5061798,23156,8.79147
2020-12-22T05:00:00Z,9.12,9.47,8.88,9.29,3861547,18779,9.19661
2020-12-23T05:00:00Z,9.23,9.3,8.8142,9.13,3031738,14161,9.03711
2020-12-24T05:00:00Z,9.15,9.15,8.65,8.67,1902166,10740,8.81716
2020-12-28T05:00:00Z,8.84,9.15,8.71,9.06,2474111,14780,8.92446
2020-12-29T05:00:00Z,9.0081,9.04,8.47,8.61,2419482,12756,8.70461
2020-12-30T05:00:00Z,8.62,8.856,8.5722,8.6,1533017,8992,8.69119
2020-12-31T05:00:00Z,8.63,8.75,8.45,8.65,3909286,9919,8.63048
2021-01-04T05:00:00Z,8.55,8.56,7.85,8.05,2949010,18033,8.09682
2021-01-05T05:00:00Z,7.9229,9.7,7.7695,9.49,11861396,35083,9.06883
2021-01-06T05:00:00Z,9.3535,9.85,9.032,9.23,5379151,21637,9.40579
2021-01-07T05:00:00Z,9.51,9.74,9.1625,9.7,3357224,13581,9.45221
2021-01-08T05:00:00Z,9.85,9.87,9.31,9.55,2252269,12584,9.53451
2021-01-11T05:00:00Z,9.45,10.3,9.3614,9.76,2883831,12645,9.88045
2021-01-12T05:00:00Z,9.64,9.75,9.13,9.51,2432588,12535,9.34767
2021-01-13T05:00:00Z,9.46,9.53,9.11,9.2,1498187,8098,9.23492
2021-01-14T05:00:00Z,9.2,10.0226,9.07,9.66,3540699,15536,9.63931
2021-01-15T05:00:00Z,9.75,9.75,8.5,8.895,3812564,17413,9.03294
2021-01-19T05:00:00Z,9.2892,9.4,8.87,8.88,1340698,8081,9.02056
2021-01-20T05:00:00Z,8.89,9.22,8.81,8.93,1171858,6319,8.97705
2021-01-21T05:00:00Z,8.94,8.9931,8.6,8.93,1175242,6321,8.82638
2021-01-22T05:00:00Z,8.84,9.18,8.76,9.02,1368985,6478,9.01625
2021-01-25T05:00:00Z,9,9.07,8.35,8.62,1825636,8748,8.69197
2021-01-26T05:00:00Z,8.75,9.08,8.45,8.96,1805867,8572,8.76014
2021-01-27T05:00:00Z,8.74,9.8,8.57,9.33,3490253,15816,9.33861
2021-01-28T05:00:00Z,9.37,9.6799,8.8001,9.2,1626482,8718,9.24929
2021-01-29T05:00:00Z,9.2,9.5,8.71,8.82,1501602,8732,9.06639
2021-02-01T05:00:00Z,8.95,9.87,8.63,9.64,2464364,11983,9.31407
2021-02-02T05:00:00Z,9.95,10.6,9.38,9.62,3211932,16109,9.95472
2021-02-03T05:00:00Z,9.75,9.9899,9.42,9.89,1173999,6817,9.79369
2021-02-04T05:00:00Z,9.95,14.59,9.83,14.28,29821426,114332,12.6364
2021-02-05T05:00:00Z,12.47,12.47,10.71,10.895,9770751,47650,11.3523
2021-02-08T05:00:00Z,12.85,15.7,12,13.92,20743523,91481,14.166
2021-02-09T05:00:00Z,15.2,24.57,14.65,19.27,44593143,211061,20.1636
2021-02-10T05:00:00Z,22.39,23.24,18.01,19.23,13093044,82733,20.3643
2021-02-11T05:00:00Z,18.4759,19.49,16.5,18.83,5676188,36761,18.2169
2021-02-12T05:00:00Z,18.54,21.7,18.42,20.78,7313789,42884,20.7466
2021-02-16T05:00:00Z,20.45,21.65,19.04,19.82,4415518,29171,20.3327
2021-02-17T05:00:00Z,19.8565,19.8565,17.11,17.21,4288170,28933,17.9147
2021-02-18T05:00:00Z,15.49,16,14.87,15.82,7019366,45930,15.5106
2021-02-19T05:00:00Z,16.7,18.49,16.4,17.29,4222613,33952,17.4951
2021-02-22T05:00:00Z,16.4,17.07,15.82,16.44,3055618,22358,16.3587
2021-02-23T05:00:00Z,15.5,15.8787,14.2,15.22,3762837,26045,15.0241
2021-02-24T05:00:00Z,15.24,15.95,14.91,15.15,1756387,13575,15.4634
2021-02-25T05:00:00Z,15.04,15.48,13.895,14.28,2345070,18050,14.5727
2021-02-26T05:00:00Z,14.36,14.75,13.4,13.82,1696293,11932,13.9913
2021-03-01T05:00:00Z,15.52,15.65,14.12,14.41,3510895,19902,14.6939
2021-03-02T05:00:00Z,14.6,14.78,13.61,14.01,1908957,12492,14.0671
2021-03-03T05:00:00Z,13.87,14,12.95,13.15,1816913,14889,13.3715
2021-03-04T05:00:00Z,12.83,13.45,11.6,12.19,2840357,19837,12.3532
2021-03-05T05:00:00Z,12.17,12.41,10.69,12.33,1939343,16563,11.8126
2021-03-08T05:00:00Z,13.25,13.38,12.38,12.43,2732790,19416,12.8195
2021-03-09T05:00:00Z,12.8,14.13,12.8,13.78,2054476,15328,13.6885
2021-03-10T05:00:00Z,14.04,14.2693,13.32,13.64,1231166,9766,13.8036
2021-03-11T05:00:00Z,13.87,14.95,13.8,14.68,1730868,14297,14.5266
2021-03-12T05:00:00Z,14.86,15,14.301,14.97,1556682,11812,14.7428
2021-03-15T04:00:00Z,14.89,15.72,14.81,15.58,1820508,11000,15.2829
2021-03-16T04:00:00Z,15.61,15.65,14.5,14.83,1390904,10075,15.0139
2021-03-17T04:00:00Z,14.45,15.17,14.28,14.91,981235,8045,14.7727
2021-03-18T04:00:00Z,14.61,14.7948,13.656,13.76,1310296,10585,14.2398
2021-03-19T04:00:00Z,13.8,14.47,13.72,14.12,1586989,8844,14.0741
2021-03-22T04:00:00Z,14.11,14.41,13.66,13.78,768349,7709,13.9009
2021-03-23T04:00:00Z,13.67,13.67,12.92,13.05,911349,8119,13.1984
2021-03-24T04:00:00Z,13.1,13.23,12.04,12.14,1164962,10266,12.4768
2021-03-25T04:00:00Z,11.51,12.04,11.22,11.73,2262408,17210,11.6514
2021-03-26T04:00:00Z,11.61,11.835,10.9,11.34,1567953,12724,11.2916
2021-03-29T04:00:00Z,11.08,11.4597,10.86,10.9,988540,10170,11.0572
2021-03-30T04:00:00Z,10.8,11.1773,10.42,10.96,1224232,11577,10.8378
2021-03-31T04:00:00Z,11.06,11.06,10.47,10.775,2608190,15130,10.7436
2021-04-01T04:00:00Z,10.96,11.4899,10.81,11.2,1332099,12563,11.2352
2021-04-05T04:00:00Z,11.34,11.38,10.58,10.81,1019672,11157,10.8113
2021-04-06T04:00:00Z,10.8,10.97,10.57,10.83,1230056,11758,10.7707
2021-04-07T04:00:00Z,10.8,10.82,10.24,10.27,1029028,10702,10.4403
2021-04-08T04:00:00Z,10.44,10.65,10.31,10.38,955720,8172,10.4551
2021-04-09T04:00:00Z,10.4,10.4,10.09,10.35,689106,7167,10.2448
2021-04-12T04:00:00Z,10.38,10.4495,9.72,9.76,985518,9270,9.91599
2021-04-13T04:00:00Z,10.28,10.77,9.61,9.83,1887913,13696,10.0095
2021-04-14T04:00:00Z,9.81,10.45,9.77,9.88,956257,8971,10.0448
2021-04-15T04:00:00Z,9.94,9.95,9.14,9.25,1155846,11085,9.4298
2021-04-16T04:00:00Z,9.25,9.54,8.82,9.42,2128754,14452,9.24421
2021-04-19T04:00:00Z,9.45,9.6525,8.855,9.09,1461634,12331,9.17732
2021-04-20T04:00:00Z,9.04,9.14,8.75,8.88,700854,6217,8.89469
2021-04-21T04:00:00Z,8.81,9.26,8.64,9.24,796089,6457,9.07165
2021-04-22T04:00:00Z,9.462,9.49,8.95,9.01,771998,6707,9.16183
2021-04-23T04:00:00Z,9.07,9.3391,8.95,9.005,868428,7649,9.05742
2021-04-26T04:00:00Z,9.1,9.73,8.97,9.43,1073118,7007,9.4557
2021-04-27T04:00:00Z,9.63,9.69,9.15,9.26,1344134,7745,9.35127
2021-04-28T04:00:00Z,9.3014,9.4247,9.055,9.12,913453,7515,9.17765
2021-04-29T04:00:00Z,9.2,9.23,9.02,9.2,948575,7068,9.12125
2021-04-30T04:00:00Z,9.105,9.135,8.73,8.84,1314797,10405,8.89155
2021-05-03T04:00:00Z,8.95,8.9999,8.71,8.95,988682,9353,8.84131
2021-05-04T04:00:00Z,8.87,8.87,8.56,8.7,1137309,12342,8.70233
2021-05-05T04:00:00Z,10.46,11.18,8.62,8.79,26326805,142817,9.69079
2021-05-06T04:00:00Z,8.605,8.7,7.3,7.355,3348039,22198,7.77262
2021-05-07T04:00:00Z,7.9,8.14,7.65,7.81,2003276,15114,7.877
2021-05-10T04:00:00Z,7.9622,7.9622,7.24,7.39,1501830,12996,7.43434
2021-05-11T04:00:00Z,7.07,7.51,6.98,7.49,1535704,11964,7.28758
2021-05-12T04:00:00Z,7.23,7.55,7.01,7.24,2148968,13650,7.26588
2021-05-13T04:00:00Z,7.18,7.59,7.09,7.25,1608503,12950,7.35015
2021-05-14T04:00:00Z,7.32,7.715,7.28,7.56,955248,8498,7.5579
2021-05-17T04:00:00Z,7.48,7.95,7.4101,7.77,879112,8303,7.76768
2021-05-18T04:00:00Z,7.8,8.27,7.6201,8.02,1094476,8417,8.05299
2021-05-19T04:00:00Z,7.69,8.08,7.662,8.03,817969,7233,7.93221
2021-05-20T04:00:00Z,8.23,8.44,8.12,8.19,788693,8057,8.24075
2021-05-21T04:00:00Z,8.3408,8.46,8.11,8.12,1008945,7265,8.27156
2021-05-24T04:00:00Z,8.2,8.3,7.89,8.21,930420,7936,8.16127
2021-05-25T04:00:00Z,8.27,8.43,8.16,8.19,542151,7070,8.23305
2021-05-26T04:00:00Z,8.23,8.73,8.2,8.65,836087,6182,8.58235
2021-05-27T04:00:00Z,8.64,8.831,8.46,8.82,1655292,6668,8.7801
2021-05-28T04:00:00Z,8.88,9.05,8.73,8.83,763915,8117,8.85884
2021-06-01T04:00:00Z,8.83,9.03,8.67,8.88,1263610,7397,8.85742
2021-06-02T04:00:00Z,8.84,9.18,8.78,9.14,864345,6686,9.02194
2021-06-03T04:00:00Z,9.08,9.15,8.74,8.84,718098,8486,8.87236
2021-06-04T04:00:00Z,8.87,8.96,8.59,8.73,680101,7159,8.73374
2021-06-07T04:00:00Z,8.81,9.3,8.73,8.97,1628674,10820,9.07792
2021-06-08T04:00:00Z,9.16,9.16,8.82,9.04,891996,8774,8.9907
2021-06-09T04:00:00Z,9.09,9.29,8.98,9.02,920237,8926,9.14611
2021-06-10T04:00:00Z,8.99,9.07,8.87,8.9,576106,6545,8.96196
2021-06-11T04:00:00Z,8.91,8.99,8.76,8.89,618923,5754,8.83755
2021-06-14T04:00:00Z,8.95,9.15,8.8,8.83,686804,6278,8.93711
2021-06-15T04:00:00Z,8.83,8.86,8.53,8.61,748002,5994,8.642
2021-06-16T04:00:00Z,8.51,8.57,8.16,8.47,1136096,6658,8.40449
2021-06-17T04:00:00Z,8.48,8.75,8.46,8.67,530778,6237,8.63255
2021-06-18T04:00:00Z,8.6006,8.6006,8.34,8.42,652884,4810,8.45453
2021-06-21T04:00:00Z,8.47,8.59,8.33,8.48,426540,5167,8.49283
2021-06-22T04:00:00Z,8.45,8.57,8.25,8.51,476367,5356,8.40387
2021-06-23T04:00:00Z,8.45,8.65,8.4336,8.51,573801,5289,8.54791
2021-06-24T04:00:00Z,8.59,8.6277,8.15,8.22,819202,7031,8.26185
2021-06-25T04:00:00Z,8.34,8.42,8.16,8.19,2831740,6386,8.21521
2021-06-28T04:00:00Z,8.25,8.84,8.21,8.7,1254103,9472,8.61574
2021-06-29T04:00:00Z,8.69,8.69,8.231,8.31,827732,7058,8.35425
2021-06-30T04:00:00Z,8.24,8.265,7.96,8.07,3100973,7767,8.06769
2021-07-01T04:00:00Z,8.19,8.38,8.04,8.16,616284,6569,8.17409
2021-07-02T04:00:00Z,8.06,8.15,7.77,7.87,749285,6216,7.87285
2021-07-06T04:00:00Z,7.85,7.97,7.71,7.9,609360,5631,7.84935
2021-07-07T04:00:00Z,7.89,7.95,7.49,7.61,802629,5914,7.65745
2021-07-08T04:00:00Z,7.31,7.69,7.24,7.66,583199,5883,7.55036
2021-07-09T04:00:00Z,7.71,7.76,7.56,7.72,400854,3413,7.68478
2021-07-12T04:00:00Z,7.73,7.93,7.56,7.76,748456,5009,7.77937
2021-07-13T04:00:00Z,7.75,7.77,7.19,7.22,980754,7364,7.34524
2021-07-14T04:00:00Z,7.27,7.27,6.9,7.02,959334,7431,7.04744
2021-07-15T04:00:00Z,7.05,7.14,6.85,6.96,588142,6061,6.96429
2021-07-16T04:00:00Z,7.01,7.175,6.92,6.94,632278,7615,7.0119
2021-07-19T04:00:00Z,6.75,6.98,6.551,6.92,927720,7676,6.79809
2021-07-20T04:00:00Z,6.94,7.5,6.87,7.23,1173838,8807,7.2023
2021-07-21T04:00:00Z,7.31,7.45,7.17,7.41,622186,6095,7.35236
2021-07-22T04:00:00Z,7.35,7.41,7.06,7.11,670919,5987,7.17494
2021-07-23T04:00:00Z,7.12,7.12,6.84,6.9,732890,5452,6.91042
2021-07-26T04:00:00Z,6.9,7.01,6.7816,6.93,556627,5042,6.90666
2021-07-27T04:00:00Z,6.88,6.94,6.67,6.78,614467,4674,6.77179
2021-07-28T04:00:00Z,6.82,7.1,6.72,6.99,1000251,6399,6.88137
2021-07-29T04:00:00Z,7.01,7.09,6.87,6.97,653152,5094,6.9852
2021-07-30T04:00:00Z,6.87,7.02,6.84,6.87,490171,3914,6.88674
2021-08-02T04:00:00Z,6.89,7.125,6.87,7.06,505726,4235,7.02685
2021-08-03T04:00:00Z,7.1,7.19,6.89,7.18,673360,4264,7.07652
2021-08-04T04:00:00Z,7.12,7.2299,6.88,6.91,814081,5019,6.98904
2021-08-05T04:00:00Z,6.98,7.18,6.86,7.12,410757,3848,7.06959
2021-08-06T04:00:00Z,7.1,7.1292,6.88,7,382537,4128,6.97467
2021-08-09T04:00:00Z,6.98,7.17,6.92,7.07,400420,3875,7.05396
2021-08-10T04:00:00Z,7.1,7.26,6.981,7.1,465994,3968,7.10292
2021-08-11T04:00:00Z,7.11,7.11,6.89,6.96,591209,4713,6.97084
2021-08-12T04:00:00Z,7.3791,7.59,7.03,7.44,1596558,10265,7.39286
2021-08-13T04:00:00Z,7.49,8.05,7.38,7.57,1775926,11459,7.74017
2021-08-16T04:00:00Z,7.55,7.58,7.13,7.17,805633,6748,7.3153
2021-08-17T04:00:00Z,7.0496,7.0496,6.72,6.82,834747,5618,6.84734
2021-08-18T04:00:00Z,6.82,7.02,6.63,6.79,651460,5166,6.82646
2021-08-19T04:00:00Z,6.72,7.1,6.7,6.95,756073,5499,6.94604
2021-08-20T04:00:00Z,6.95,7.58,6.89,7.35,874155,6837,7.33837
2021-08-23T04:00:00Z,7.4,7.81,7.4,7.79,651789,5413,7.67573
2021-08-24T04:00:00Z,7.74,8.1,7.52,8.05,1067019,8010,7.9001
2021-08-25T04:00:00Z,8.24,8.27,7.88,8.09,1428242,10156,8.12242
2021-08-26T04:00:00Z,8.09,8.34,7.92,7.98,895771,6747,8.06082
2021-08-27T04:00:00Z,8.01,9.27,8.01,9.09,2796819,16753,8.79721
2021-08-30T04:00:00Z,9.22,9.24,8.59,8.7,1648951,10657,8.78455
2021-08-31T04:00:00Z,8.82,8.98,8.62,8.92,1248228,7266,8.8271
2021-09-01T04:00:00Z,8.94,9.13,8.66,8.89,895756,9438,8.85722
2021-09-02T04:00:00Z,8.97,10.24,8.97,9.87,2760844,16678,9.82981
2021-09-03T04:00:00Z,9.91,10.15,9.58,9.89,1418599,11430,9.88323
2021-09-07T04:00:00Z,9.81,9.949,9.3022,9.43,1168430,10707,9.49
2021-09-08T04:00:00Z,9.3279,9.48,9.08,9.28,1640147,9724,9.25215
2021-09-09T04:00:00Z,9.158,9.685,9.05,9.5,1318339,7454,9.39352
2021-09-10T04:00:00Z,9.56,9.56,9.12,9.14,800728,6343,9.24901
2021-09-13T04:00:00Z,9.13,9.33,8.81,9.09,848011,7900,9.08199
2021-09-14T04:00:00Z,9.14,9.14,8.69,8.84,994001,6158,8.87219
2021-09-15T04:00:00Z,8.83,8.93,8.69,8.82,620289,5913,8.83748
2021-09-16T04:00:00Z,8.87,8.8799,8.67,8.78,651424,5627,8.76989
2021-09-17T04:00:00Z,8.77,8.99,8.5,8.94,1269079,5763,8.83553
2021-09-20T04:00:00Z,8.645,8.87,8.35,8.46,907682,7407,8.52272
2021-09-21T04:00:00Z,8.52,8.8,8.47,8.71,534336,5703,8.63716
2021-09-22T04:00:00Z,8.78,8.87,8.66,8.76,517081,4085,8.76138
2021-09-23T04:00:00Z,8.84,9.29,8.78,9.25,670918,4518,9.07909
2021-09-24T04:00:00Z,9.11,9.42,9.0099,9.07,540307,4038,9.1683
2021-09-27T04:00:00Z,9.1,9.42,9.01,9.36,602352,4933,9.25348
2021-09-28T04:00:00Z,9.21,9.255,8.82,8.86,714615,5109,8.96378
2021-09-29T04:00:00Z,8.92,8.95,8.47,8.52,647144,4798,8.61809
2021-09-30T04:00:00Z,8.52,8.69,8.42,8.53,502865,3244,8.56014
2021-10-01T04:00:00Z,8.65,8.7399,8.395,8.46,372001,2835,8.50026
2021-10-04T04:00:00Z,8.41,8.5,8.26,8.37,503547,4210,8.38401
2021-10-05T04:00:00Z,8.38,8.7,8.38,8.52,417391,3430,8.53952
2021-10-06T04:00:00Z,8.34,8.42,8.2,8.28,410514,3359,8.29922
2021-10-07T04:00:00Z,8.33,8.74,8.32,8.54,410027,3784,8.5768
2021-10-08T04:00:00Z,8.56,8.59,8.39,8.45,307082,3046,8.4748
2021-10-11T04:00:00Z,8.43,8.63,8.34,8.42,257707,2340,8.46575
2021-10-12T04:00:00Z,8.4,8.57,8.4,8.49,211193,1967,8.46466
2021-10-13T04:00:00Z,8.57,8.9,8.52,8.8,500021,4639,8.75251
2021-10-14T04:00:00Z,8.96,8.96,8.59,8.74,560597,4484,8.73091
2021-10-15T04:00:00Z,8.87,9.04,8.59,8.59,498998,4955,8.7521
2021-10-18T04:00:00Z,8.5,8.56,8.235,8.26,515268,5339,8.3276
2021-10-19T04:00:00Z,8.3,8.56,7.78,8.45,2231392,13828,8.17121
2021-10-20T04:00:00Z,8.47,8.49,8.25,8.42,484487,5056,8.37316
2021-10-21T04:00:00Z,8.41,8.64,8.3,8.34,396932,4163,8.41222
2021-10-22T04:00:00Z,8.26,8.27,7.96,8.09,426819,5577,8.06727
2021-10-25T04:00:00Z,8.06,8.31,8.02,8.24,311124,4147,8.2044
2021-10-26T04:00:00Z,8.24,8.3,8.09,8.2,333693,5013,8.20247
2021-10-27T04:00:00Z,8.14,8.29,8.04,8.09,369666,4109,8.13256
2021-10-28T04:00:00Z,8.13,8.34,8.1202,8.24,535318,6565,8.24625
2021-10-29T04:00:00Z,8.2,8.27,8.09,8.17,372504,3681,8.17656
2021-11-01T04:00:00Z,8.19,8.49,8.19,8.44,518776,5701,8.39373
2021-11-02T04:00:00Z,8.45,8.45,8.25,8.39,579806,6412,8.34523
2021-11-03T04:00:00Z,8.35,8.58,8.26,8.35,895761,4868,8.38387
2021-11-04T04:00:00Z,8.41,8.75,8.3215,8.68,707629,5431,8.60184
2021-11-05T04:00:00Z,8.68,8.735,8.42,8.46,565160,4369,8.51453
2021-11-08T05:00:00Z,8.5158,8.77,8.41,8.67,546116,3803,8.66457
2021-11-09T05:00:00Z,8.65,8.82,8.42,8.57,334243,3237,8.58319
2021-11-10T05:00:00Z,8.5,8.57,8.264,8.37,489878,3589,8.40069
2021-11-11T05:00:00Z,8.86,9.4899,8.7289,8.93,1578965,10573,9.05137
2021-11-12T05:00:00Z,9.06,9.86,8.89,9.73,1513653,9497,9.54018
2021-11-15T05:00:00Z,10,10,9.22,9.28,1057650,6797,9.50968
2021-11-16T05:00:00Z,9.23,9.4004,8.77,9.04,787623,5500,8.98846
2021-11-17T05:00:00Z,8.92,9.0414,8.65,8.67,511192,4650,8.77523
2021-11-18T05:00:00Z,8.69,8.76,8.05,8.14,1129143,7652,8.28795
2021-11-19T05:00:00Z,8.05,8.05,7.59,7.83,1417731,12701,7.77348
2021-11-22T05:00:00Z,7.83,7.87,7.42,7.59,861153,6390,7.61062
2021-11-23T05:00:00Z,7.6,7.89,7.5,7.82,787450,5279,7.69896
2021-11-24T05:00:00Z,7.74,7.97,7.59,7.89,463685,3579,7.87236
2021-11-26T05:00:00Z,7.56,7.825,7.48,7.77,575171,4200,7.66421
2021-11-29T05:00:00Z,7.91,7.91,7.27,7.49,1006339,8084,7.51957
2021-11-30T05:00:00Z,7.4,7.58,7.1043,7.5,2031539,8979,7.39135
2021-12-01T05:00:00Z,7.68,7.7,6.8721,6.91,1796653,10564,7.16039
2021-12-02T05:00:00Z,6.82,7.16,6.55,6.95,1998523,11859,6.80743
2021-12-03T05:00:00Z,6.92,6.97,6.03,6.06,2361356,13752,6.22792
2021-12-06T05:00:00Z,6.1,6.28,5.72,6.18,1665378,11924,6.10124
2021-12-07T05:00:00Z,6.38,6.5767,6.27,6.35,1064147,8322,6.42568
2021-12-08T05:00:00Z,6.39,6.89,6.325,6.75,893056,6968,6.69735
2021-12-09T05:00:00Z,6.628,6.74,6.41,6.43,629123,5456,6.54783
2021-12-10T05:00:00Z,6.44,6.53,6.21,6.25,614797,5009,6.29092
2021-12-13T05:00:00Z,6.85,6.94,5.86,6.11,8013878,41246,6.30749
2021-12-14T05:00:00Z,5.9677,6.06,5.79,5.94,1433642,9474,5.93112
2021-12-15T05:00:00Z,5.77,6.28,5.76,6.22,1573749,9583,6.08371
2021-12-16T05:00:00Z,6.26,6.33,6.1,6.13,1034106,6327,6.18283
2021-12-17T05:00:00Z,6.08,6.4,5.95,6.34,1205931,6589,6.2693
2021-12-20T05:00:00Z,6.2,6.27,6.05,6.16,810613,5494,6.1643
2021-12-21T05:00:00Z,6.2,6.43,6.185,6.34,1005082,7165,6.3276
2021-12-22T05:00:00Z,6.32,6.38,6.2,6.27,643435,5483,6.29339
2021-12-23T05:00:00Z,6.28,6.38,6.237,6.29,597332,4863,6.29756
2021-12-27T05:00:00Z,6.29,6.41,6.2,6.34,1179199,5408,6.29639
2021-12-28T05:00:00Z,6.29,6.31,6,6.01,1039019,6660,6.11164
2021-12-29T05:00:00Z,5.99,6.03,5.85,5.91,966737,6054,5.93974
2021-12-30T05:00:00Z,5.89,6.13,5.89,6.01,1036350,6955,6.03557
2021-12-31T05:00:00Z,6,6.124,5.88,5.89,785450,5139,5.95726
2022-01-03T05:00:00Z,5.91,6.22,5.8401,6.21,902811,6247,6.08278
2022-01-04T05:00:00Z,6.24,6.2481,6.01,6.13,573025,5510,6.13298
2022-01-05T05:00:00Z,6.06,6.09,5.62,5.62,1000822,7099,5.83796
2022-01-06T05:00:00Z,5.62,5.68,5.41,5.56,1032473,6496,5.53527
2022-01-07T05:00:00Z,5.53,5.665,5.415,5.46,753662,4922,5.48848
2022-01-10T05:00:00Z,5.68,5.81,5.11,5.34,3570875,18613,5.35149
2022-01-11T05:00:00Z,5.51,6.66,5.51,6.41,9309434,44074,6.30853
2022-01-12T05:00:00Z,6.41,6.53,6.07,6.09,2105405,13454,6.24056
2022-01-13T05:00:00Z,6.1,6.27,5.84,5.89,1271662,7758,6.00962
2022-01-14T05:00:00Z,5.86,5.95,5.67,5.89,1053933,7157,5.81741
2022-01-18T05:00:00Z,5.8,5.85,5.51,5.52,1008944,7540,5.6325
2022-01-19T05:00:00Z,5.56,5.614,5.3,5.31,859911,6946,5.40309
2022-01-20T05:00:00Z,5.39,5.51,5.19,5.21,779991,5549,5.34557
2022-01-21T05:00:00Z,5.08,5.17,4.88,4.9,2570226,12761,5.02346
2022-01-24T05:00:00Z,4.74,4.95,4.4701,4.94,1784926,13329,4.70076
2022-01-25T05:00:00Z,4.85,4.905,4.65,4.81,960339,5552,4.77789
2022-01-26T05:00:00Z,4.98,4.9959,4.63,4.69,882551,5274,4.8277
2022-01-27T05:00:00Z,4.83,4.9,4.52,4.55,762093,4814,4.67344
2022-01-28T05:00:00Z,4.56,4.76,4.37,4.74,1483384,8415,4.56437
2022-01-31T05:00:00Z,4.82,5.2415,4.82,5.2,1960802,10467,5.10565
2022-02-01T05:00:00Z,5.315,5.58,5.16,5.53,2203136,13090,5.42012
2022-02-02T05:00:00Z,5.53,5.53,5.125,5.3,1173779,7823,5.28308
2022-02-03T05:00:00Z,5.11,5.31,5.08,5.18,911313,7261,5.22086
2022-02-04T05:00:00Z,5.17,5.3869,5.07,5.33,794450,6489,5.24843
2022-02-07T05:00:00Z,5.32,5.5199,5.27,5.495,910133,5573,5.43025
2022-02-08T05:00:00Z,5.44,5.65,5.36,5.65,941700,7305,5.55271
2022-02-09T05:00:00Z,5.6,6.16,5.55,6,1669838,9563,5.96292
2022-02-10T05:00:00Z,5.83,6.52,5.77,6.18,2019153,12064,6.25437
2022-02-11T05:00:00Z,6.18,6.55,6.1762,6.36,1860013,12729,6.3723
2022-02-14T05:00:00Z,6.33,6.65,6.03,6.07,1442628,8291,6.33048
2022-02-15T05:00:00Z,6.25,6.39,6.15,6.27,802999,5630,6.25635
2022-02-16T05:00:00Z,6.24,6.34,6.1273,6.28,679968,5267,6.25065
2022-02-17T05:00:00Z,6.22,6.275,5.93,6.01,773971,5562,6.06069
2022-02-18T05:00:00Z,5.96,6.03,5.67,5.69,1021230,7249,5.77908
2022-02-22T05:00:00Z,5.64,5.64,5.345,5.42,1004581,7728,5.47318
2022-02-23T05:00:00Z,5.535,5.62,5.3,5.32,677742,4822,5.41416
2022-02-24T05:00:00Z,4.93,5.79,4.901,5.77,1285355,8903,5.43889
2022-02-25T05:00:00Z,5.81,5.82,5.6,5.76,671021,4517,5.72466
2022-02-28T05:00:00Z,5.752,5.8,5.5,5.59,796316,4193,5.60451
2022-03-01T05:00:00Z,5.59,5.66,5.4299,5.56,637238,5607,5.54037
2022-03-02T05:00:00Z,5.58,5.7,5.4501,5.63,449229,4437,5.60661
2022-03-03T05:00:00Z,5.66,5.66,5.385,5.45,451479,4400,5.478
2022-03-04T05:00:00Z,5.36,5.51,5.19,5.26,458358,4090,5.28576
2022-03-07T05:00:00Z,5.27,5.32,5.06,5.09,677160,5357,5.13973
2022-03-08T05:00:00Z,5.07,5.33,4.98,5.14,561095,4894,5.15017
2022-03-09T05:00:00Z,5.28,5.51,5.26,5.4,482348,4063,5.41944
2022-03-10T05:00:00Z,5.26,5.435,5.18,5.42,400735,4697,5.34494
2022-03-11T05:00:00Z,5.44,5.44,5.13,5.15,567695,4343,5.23375
2022-03-14T04:00:00Z,5.12,5.14,4.76,4.82,826988,7488,4.8935
2022-03-15T04:00:00Z,4.82,4.95,4.715,4.79,848002,7020,4.78597
2022-03-16T04:00:00Z,4.86,5,4.785,4.99,932965,9352,4.92638
2022-03-17T04:00:00Z,4.91,5.125,4.87,5.01,1737815,12674,5.00618
2022-03-18T04:00:00Z,4.96,5.43,4.9492,5.33,1733446,11620,5.18004
2022-03-21T04:00:00Z,5.3,5.35,5,5.08,572806,5959,5.09537
2022-03-22T04:00:00Z,5.12,5.34,5.115,5.3,631197,6305,5.25389
2022-03-23T04:00:00Z,5.23,5.47,5.2299,5.26,519919,5329,5.33012
2022-03-24T04:00:00Z,5.27,5.295,5.11,5.27,439906,4693,5.22557
2022-03-25T04:00:00Z,5.28,5.38,5.047,5.08,500455,5098,5.11445
2022-03-28T04:00:00Z,5.07,5.18,4.87,5.16,766468,6098,5.05895
2022-03-29T04:00:00Z,5.27,5.36,5.15,5.18,625073,5705,5.25255
2022-03-30T04:00:00Z,5.16,5.19,4.925,4.96,598812,4203,5.04242
2022-03-31T04:00:00Z,4.96,5.04,4.81,4.83,603094,5059,4.86464
2022-04-01T04:00:00Z,4.85,4.9018,4.75,4.85,571544,4710,4.82136
2022-04-04T04:00:00Z,4.9,5.06,4.85,5.04,465838,3875,4.99552
2022-04-05T04:00:00Z,5.01,5.06,4.77,4.79,485513,5098,4.8403
2022-04-06T04:00:00Z,4.72,4.75,4.53,4.61,795941,6747,4.60631
2022-04-07T04:00:00Z,4.58,4.665,4.465,4.54,437795,3841,4.55505
2022-04-08T04:00:00Z,4.52,4.55,4.34,4.35,585033,4683,4.40424
2022-04-11T04:00:00Z,5.99,14.57,5.68,12.28,351596133,1441865,10.6082
2022-04-12T04:00:00Z,13.61,13.87,9.6,10.01,90865957,421191,11.0204
2022-04-13T04:00:00Z,10.55,14.5,9.94,14.3,187359914,734095,12.1322
2022-04-14T04:00:00Z,15.49,17.5,13.2,14.95,180225810,894499,15.0468
2022-04-18T04:00:00Z,13.6,14.45,11.55,11.9,33244105,173286,13.0647
2022-04-19T04:00:00Z,11.78,12.86,11.64,12.64,24150969,109823,12.2237
2022-04-20T04:00:00Z,12.03,12.35,11.12,11.76,11269009,62966,11.6009
2022-04-21T04:00:00Z,11.51,13.1499,11.3003,11.96,21581418,84987,12.3705
2022-04-22T04:00:00Z,11.72,11.82,10.47,11.21,8465904,49993,11.0725
2022-04-25T04:00:00Z,11.31,14.37,11.11,14.1,42558449,198638,13.3295
2022-04-26T04:00:00Z,13.3,15.47,12.881,13.16,40481349,171485,14.1803
2022-04-27T04:00:00Z,12.66,13.92,12.55,13.24,15024617,70826,13.2923
2022-04-28T04:00:00Z,13.12,13.42,11.77,12.07,9227029,51974,12.3914
2022-04-29T04:00:00Z,12.12,12.36,11.555,11.72,5715948,32866,11.9841
2022-05-02T04:00:00Z,12.69,13,9.61,10.27,25432406,120616,10.8476
2022-05-03T04:00:00Z,9.96,10.55,8.74,8.88,15201275,71891,9.29626
2022-05-04T04:00:00Z,8.77,10.15,8.54,9.42,16180911,65168,9.42136
2022-05-05T04:00:00Z,9.29,9.32,8.69,9.25,6203403,35891,9.02044
2022-05-06T04:00:00Z,9.13,9.18,8.4,8.46,4569140,26569,8.74952
2022-05-09T04:00:00Z,8.4,8.41,7.92,8.15,5846415,37098,8.17168
2022-05-10T04:00:00Z,8.17,8.29,7.64,7.79,4400600,26817,7.92592
2022-05-11T04:00:00Z,9.66,9.7,7.82,8.16,42191982,201788,8.46873
2022-05-12T04:00:00Z,7.3,9.23,6.795,9.03,14504381,66297,8.06622
2022-05-13T04:00:00Z,11.27,15.1499,10.41,13,109732128,464543,12.9315
2022-05-16T04:00:00Z,13.05,14.64,12.51,13.5,41628530,181452,13.596
2022-05-17T04:00:00Z,12.93,15.75,12.76,15.6,50792542,214942,14.4002
2022-05-18T04:00:00Z,15.94,16.37,13.72,15.01,26947204,132908,14.8439
2022-05-19T04:00:00Z,14.44,15.14,13.7,14.29,14203561,80074,14.4607
2022-05-20T04:00:00Z,14.13,14.21,12.66,13.38,11703781,73227,13.1624
2022-05-23T04:00:00Z,12.87,14.3,12.35,14.12,8267788,46404,13.3367
2022-05-24T04:00:00Z,13.9,13.9993,11.8,12.21,9808202,58898,12.5812
2022-05-25T04:00:00Z,11.92,12.9,11.87,12.37,6321744,34460,12.4598
2022-05-26T04:00:00Z,12.19,13.1483,12.04,12.64,6082222,37985,12.722
2022-05-27T04:00:00Z,12.73,12.91,12.11,12.83,6305953,33893,12.5243
2022-05-31T04:00:00Z,12.96,13.44,12.4675,12.94,5996200,40469,12.9579
2022-06-01T04:00:00Z,12.85,12.8898,11.46,12.19,6387691,43739,12.0168
2022-06-02T04:00:00Z,12.19,13.32,12.09,13.21,7753484,44035,12.9554
2022-06-03T04:00:00Z,13,14.92,12.9115,14.46,18098215,89893,14.1512
2022-06-06T04:00:00Z,14.35,14.43,13.28,13.57,7258647,44874,13.6831
2022-06-07T04:00:00Z,14,16.41,13.81,15.85,30029662,148514,15.6048
2022-06-08T04:00:00Z,15.44,16.0998,14.96,15.3,9484189,55827,15.4997
2022-06-09T04:00:00Z,15.37,15.3702,13.64,13.71,5726653,37470,14.2098
2022-06-10T04:00:00Z,13.3,13.75,12.62,13.12,4776340,32071,13.0769
2022-06-13T04:00:00Z,12.74,12.89,12.18,12.62,3858517,28347,12.5147
2022-06-14T04:00:00Z,12.49,13.15,12.07,12.34,4259317,28769,12.4648
2022-06-15T04:00:00Z,12.28,13.03,12.27,12.85,6038416,30124,12.7686
2022-06-16T04:00:00Z,12.472,12.61,11.66,11.96,5365589,35100,11.9642
2022-06-17T04:00:00Z,11.93,13.06,11.93,12.79,5479780,35844,12.6604
2022-06-21T04:00:00Z,12.98,13.53,12.5,13.39,3877999,27857,13.1595
2022-06-22T04:00:00Z,13.25,14.18,13.1176,13.54,3496095,21310,13.7358
2022-06-23T04:00:00Z,13.48,13.755,12.56,13.29,3238292,22970,13.1122
2022-06-24T04:00:00Z,13.32,14.065,13.11,13.21,6587513,34510,13.4631
2022-06-27T04:00:00Z,13.38,14.48,12.6,12.86,7155352,41238,13.2708
2022-06-28T04:00:00Z,12.632,12.84,11.573,11.81,5256015,29309,11.9669
2022-06-29T04:00:00Z,11.63,11.735,10.96,11.45,4227713,28553,11.2613
2022-06-30T04:00:00Z,11.35,11.63,11.04,11.3,4260623,17800,11.3139
2022-07-01T04:00:00Z,11.33,11.81,10.97,11.2,3411667,25189,11.243
2022-07-05T04:00:00Z,11.09,11.6,10.76,11.52,4007083,26985,11.3627
2022-07-06T04:00:00Z,11.55,13.91,11.52,13.02,32039593,170356,13.2264
2022-07-07T04:00:00Z,13.96,14.94,13.35,13.46,23441443,135222,14.0686
2022-07-08T04:00:00Z,13.14,13.34,11.94,13.32,10003467,53656,12.7276
2022-07-11T04:00:00Z,13.3,15.55,13.26,15.3,14166361,68812,14.6002
2022-07-12T04:00:00Z,14.754,15.37,13.91,15,7454966,40799,14.6569
2022-07-13T04:00:00Z,14.7,16.78,14.55,15.94,23389890,110885,15.9154
2022-07-14T04:00:00Z,16.25,16.59,15.1504,15.63,7566687,42246,15.6296
2022-07-15T04:00:00Z,15.83,17.765,15.4,17.23,15111724,68045,16.8439
2022-07-18T04:00:00Z,16.9,17.35,16.16,16.38,8534761,47680,16.6517
2022-07-19T04:00:00Z,16.55,17.23,15.86,16.79,6852098,37354,16.7128
2022-07-20T04:00:00Z,17,18.4,16.22,16.22,9842806,50396,17.2132
2022-07-21T04:00:00Z,16.08,16.5097,15.51,15.92,5157451,31430,15.9409
2022-07-22T04:00:00Z,16.14,16.14,14.09,14.09,6454132,34707,14.6859
2022-07-25T04:00:00Z,14.57,14.58,13.29,13.31,5572259,35895,13.6834
2022-07-26T04:00:00Z,13.05,13.15,12.31,12.35,7547929,41751,12.6915
2022-07-27T04:00:00Z,12.45,12.83,12.03,12.6,6818123,35237,12.4542
2022-07-28T04:00:00Z,12.55,12.7447,12.03,12.21,4223102,28891,12.2436
2022-07-29T04:00:00Z,12,12.28,11.7296,12.1,4561103,24950,12.0111
2022-08-01T04:00:00Z,12,12.16,11.73,11.87,2565993,20968,11.8938
2022-08-02T04:00:00Z,11.84,12.53,11.84,12.09,5075283,23017,12.2236
2022-08-03T04:00:00Z,12.17,12.75,11.91,12.31,5761063,29967,12.2678
2022-08-04T04:00:00Z,12.24,12.5782,11.8624,12.37,4097636,27203,12.2015
2022-08-05T04:00:00Z,12.36,13.45,12.19,12.61,7152596,41898,12.776
2022-08-08T04:00:00Z,12.66,12.82,12.01,12.06,4962942,33834,12.2726
2022-08-09T04:00:00Z,12,12.2699,11.275,11.5,6155326,38988,11.5916
2022-08-10T04:00:00Z,11.77,11.88,11.34,11.77,5710566,36907,11.6662
2022-08-11T04:00:00Z,14.22,17.99,13.66,16.01,59290999,321398,16.2037
2022-08-12T04:00:00Z,15.78,19.2499,15.22,19.08,24710232,128067,17.7269
2022-08-15T04:00:00Z,18.85,20.87,18.4,19.61,16898006,94744,19.8833
2022-08-16T04:00:00Z,19.72,23.99,19.51,22.25,18954951,119051,22.3377
2022-08-17T04:00:00Z,22.15,24.55,22.1,23.78,12646385,80367,23.8316
2022-08-18T04:00:00Z,23.06,23.67,18.56,18.675,12323045,82923,20.1266
2022-08-19T04:00:00Z,18.08,19.4872,17.39,17.47,8087300,55835,18.0618
2022-08-22T04:00:00Z,18.42,19.07,16.615,16.96,6992286,50896,17.4516
2022-08-23T04:00:00Z,16.97,18.32,16.61,18.01,5256681,35138,17.6788
2022-08-24T04:00:00Z,17.7,18.845,17.551,18.14,3526417,28265,18.3115
2022-08-25T04:00:00Z,18.14,18.355,16.8,17.31,4008951,27015,17.269
2022-08-26T04:00:00Z,17.36,17.37,16.42,16.67,3388996,23292,16.6682
2022-08-29T04:00:00Z,16.25,16.63,16.1509,16.49,2698427,23451,16.4425
2022-08-30T04:00:00Z,16.4,16.52,13.22,14.88,11418732,68145,14.2999
2022-08-31T04:00:00Z,15.2,15.48,14.55,15.3,5102495,36600,15.1232
2022-09-01T04:00:00Z,15.13,15.46,14.88,15.3,3293796,27422,15.2245
2022-09-02T04:00:00Z,15.22,15.61,14.63,14.8,3349168,25254,15.0339
2022-09-06T04:00:00Z,14.58,14.7443,14.2,14.59,2176114,20046,14.5165
2022-09-07T04:00:00Z,15.99,16.53,10.75,11.51,28809646,175694,12.8129
2022-09-08T04:00:00Z,11.48,12.92,11.1,12.77,11587126,74773,12.2735
2022-09-09T04:00:00Z,12.91,15.6899,12.75,15.57,13451519,74021,14.7106
2022-09-12T04:00:00Z,15.57,16.175,14.86,16.09,5993966,43015,15.5767
2022-09-13T04:00:00Z,15.555,16.38,15.27,15.38,4384248,29987,15.6126
2022-09-14T04:00:00Z,15.67,16.15,14.96,15.77,3610388,25866,15.5611
2022-09-15T04:00:00Z,15.59,16.0747,15.02,15.16,3125214,22759,15.4355
2022-09-16T04:00:00Z,14.9,14.92,14.07,14.28,4418275,23099,14.3527
2022-09-19T04:00:00Z,13.48,13.58,10.48,11.69,13787457,72081,11.7148
2022-09-20T04:00:00Z,11.265,12.45,11.15,11.87,6233946,44238,11.8231
2022-09-21T04:00:00Z,11.77,11.79,10.32,10.705,7808569,51298,10.8315
2022-09-22T04:00:00Z,10.42,10.85,10.36,10.67,3075781,22950,10.5893
2022-09-23T04:00:00Z,10.44,10.45,9.86,10.22,5646334,34827,10.1315
2022-09-26T04:00:00Z,10.2,10.9,10.13,10.73,3911406,30523,10.7089
2022-09-27T04:00:00Z,10.94,11.24,10.65,11.11,3260272,23504,10.9607
2022-09-28T04:00:00Z,11,11.24,10.84,11.01,2311768,18454,11.0074
2022-09-29T04:00:00Z,10.9,11.78,10.55,11.72,4342963,25577,11.2809
2022-09-30T04:00:00Z,11.51,11.8792,11.08,11.52,4976202,29157,11.569
2022-10-03T04:00:00Z,11.69,12.59,11.2,12.28,3733521,26583,12.0084
2022-10-04T04:00:00Z,12.45,12.96,12.03,12.51,3883294,28047,12.5101
2022-10-05T04:00:00Z,12.22,12.275,11.25,11.89,2537042,17822,11.7722
2022-10-06T04:00:00Z,11.89,12.285,11.31,11.41,2162867,14992,11.612
2022-10-07T04:00:00Z,11.38,11.4599,10.9,11.07,2337412,14719,11.0966
2022-10-10T04:00:00Z,10.96,11.1385,10.3121,10.61,1950992,14849,10.6279
2022-10-11T04:00:00Z,10.61,11.4,10.48,11.15,2223568,15784,11.0194
2022-10-12T04:00:00Z,11.09,11.17,10.46,10.95,1860219,14839,10.7732
2022-10-13T04:00:00Z,10.91,11.69,10.25,11.4,2860075,17485,11.2166
2022-10-14T04:00:00Z,11.48,11.72,10.785,10.86,1305076,11581,11.1048
2022-10-17T04:00:00Z,11.1,11.94,11.05,11.47,2625462,17962,11.5445
2022-10-18T04:00:00Z,11.66,12.6,11.585,11.94,3260586,22845,12.0679
2022-10-19T04:00:00Z,11.64,12.04,10.99,11.12,2202655,18006,11.3314
2022-10-20T04:00:00Z,11.01,11.57,10.9101,11.17,1247152,11026,11.2373
2022-10-21T04:00:00Z,11.09,11.245,10.89,11.18,1754302,15778,11.0848
2022-10-24T04:00:00Z,11.25,11.3175,10.56,10.89,2187871,16740,10.883
2022-10-25T04:00:00Z,10.89,11.72,10.8601,11.63,2096708,17552,11.4067
2022-10-26T04:00:00Z,11.67,12.85,11.625,12.09,2690547,18917,12.3219
2022-10-27T04:00:00Z,12.17,12.52,12.08,12.24,1358834,11359,12.2446
2022-10-28T04:00:00Z,12.34,12.98,12.08,12.21,2105244,15849,12.3787
2022-10-31T04:00:00Z,12.13,12.81,12.07,12.24,2964959,17148,12.3903
2022-11-01T04:00:00Z,12.51,12.93,12.26,12.41,2074646,14901,12.5763
2022-11-02T04:00:00Z,12.59,12.6,11.4214,11.46,2791500,22777,11.8539
2022-11-03T04:00:00Z,11.33,11.94,11.229,11.28,1856929,15083,11.4578
2022-11-04T04:00:00Z,11.5,11.6,10.29,10.35,4003118,28789,10.6739
2022-11-07T05:00:00Z,12,15.9,11.8,14.44,55334930,353987,14.4652
2022-11-08T05:00:00Z,14.68,15.57,14.02,15.01,11475544,77102,14.8272
2022-11-09T05:00:00Z,15.01,15.01,15.01,15.01,0,0,0
2022-11-10T05:00:00Z,6.18,7.7799,6.04,6.97,36719081,159735,6.90869
2022-11-11T05:00:00Z,7.15,7.19,6.5,6.59,8843160,52985,6.70633
2022-11-14T05:00:00Z,6.45,6.6,5.98,6.19,7245004,50151,6.22957
2022-11-15T05:00:00Z,6.31,6.655,6.19,6.27,4383187,26765,6.38901
2022-11-16T05:00:00Z,6.35,6.39,6.02,6.09,3684258,26090,6.15381
2022-11-17T05:00:00Z,6.055,6.14,5.9,5.93,3465435,21708,5.99722
2022-11-18T05:00:00Z,5.99,6.63,5.77,6,6199051,33015,6.10063
2022-11-21T05:00:00Z,5.89,5.925,5.3298,5.38,3801346,25180,5.51463
2022-11-22T05:00:00Z,5.4,5.66,5.15,5.35,3283062,19653,5.35023
2022-11-23T05:00:00Z,5.3,5.64,5.26,5.51,2554181,16142,5.49785
2022-11-25T05:00:00Z,5.43,5.84,5.3617,5.61,1881435,9524,5.57277
2022-11-28T05:00:00Z,5.49,5.795,5.39,5.42,2084096,12587,5.494
2022-11-29T05:00:00Z,5.42,5.555,5.3818,5.52,1844860,15471,5.50249
2022-11-30T05:00:00Z,5.49,5.68,5.36,5.68,4589960,14061,5.62571
2022-12-01T05:00:00Z,5.58,5.64,5.3558,5.48,2833337,18881,5.44956
2022-12-02T05:00:00Z,5.5,5.63,5.4,5.5,3052114,19250,5.50715
2022-12-05T05:00:00Z,5.4,6.53,5.38,5.82,9643513,57210,5.99777
2022-12-06T05:00:00Z,5.75,6.35,5.55,5.66,7041441,43685,5.97236
2022-12-07T05:00:00Z,5.6,5.66,5.24,5.57,3503763,23909,5.44265
2022-12-08T05:00:00Z,5.6,6.125,5.53,5.83,3369266,23226,5.9
2022-12-09T05:00:00Z,5.79,5.8299,5.405,5.47,3206721,20083,5.55612
2022-12-12T05:00:00Z,5.4,5.503,5.24,5.37,2859185,17751,5.37436
2022-12-13T05:00:00Z,5.47,5.65,5.305,5.31,2719708,16416,5.4305
2022-12-14T05:00:00Z,5.3,5.4482,5.15,5.23,2308915,14700,5.27645
2022-12-15T05:00:00Z,5.15,5.29,5.04,5.11,1969417,13386,5.13873
2022-12-16T05:00:00Z,5.025,5.1985,4.94,4.99,3586252,19034,5.02039
2022-12-19T05:00:00Z,5.01,5.03,4.755,4.81,2402943,16699,4.84802
2022-12-20T05:00:00Z,4.76,4.91,4.57,4.78,2616460,16710,4.77307
2022-12-21T05:00:00Z,4.8,5.17,4.705,5.11,2407475,15147,5.00119
2022-12-22T05:00:00Z,5.04,5.165,4.89,5.12,1828403,12218,5.073
2022-12-23T05:00:00Z,5.14,5.19,4.955,5.05,1633885,10579,5.05348
2022-12-27T05:00:00Z,5.06,5.06,4.7126,4.93,1986888,12818,4.89443
2022-12-28T05:00:00Z,4.85,5.035,4.77,5.01,1726872,11762,4.93269
2022-12-29T05:00:00Z,5.04,5.32,4.9282,5.29,1755875,9987,5.21729
2022-12-30T05:00:00Z,5.22,5.3477,5.015,5.28,2046605,12573,5.23447
2023-01-03T05:00:00Z,5.31,5.475,5.13,5.14,1806864,13549,5.28588
2023-01-04T05:00:00Z,5.14,5.455,5.06,5.43,1573414,11520,5.30122
2023-01-05T05:00:00Z,5.4,5.6599,5.195,5.64,1546785,10148,5.5364
2023-01-06T05:00:00Z,5.63,5.64,5.375,5.41,1384626,10594,5.47148
2023-01-09T05:00:00Z,5.48,5.49,5.28,5.29,1286515,8583,5.35878
2023-01-10T05:00:00Z,5.31,5.83,5.31,5.7,3147690,21561,5.67817
2023-01-11T05:00:00Z,5.74,5.86,5.63,5.69,1940224,13465,5.71777
2023-01-12T05:00:00Z,5.75,6.17,5.5,6.16,2509386,16849,5.85975
2023-01-13T05:00:00Z,6.13,6.3401,6,6.26,1561300,11399,6.14776
2023-01-17T05:00:00Z,6.28,6.54,6.05,6.21,2067177,15665,6.24723
2023-01-18T05:00:00Z,6.22,6.42,6.1,6.21,1425257,11443,6.21647
2023-01-19T05:00:00Z,6.2,6.2152,6.01,6.13,870088,9622,6.10478
2023-01-20T05:00:00Z,6.11,6.435,6.1,6.41,1561274,12278,6.26851
2023-01-23T05:00:00Z,6.27,6.41,6.005,6.24,2389634,15228,6.15873
2023-01-24T05:00:00Z,6.23,6.57,6.2036,6.27,1407286,8772,6.34253
2023-01-25T05:00:00Z,6.13,6.16,5.89,6.11,1493522,10668,6.01271
2023-01-26T05:00:00Z,6.19,6.24,5.86,5.91,1888694,12550,5.96328
2023-01-27T05:00:00Z,5.88,6.09,5.81,5.9,1917501,14076,5.94451
2023-01-30T05:00:00Z,5.9,5.96,5.4,5.57,2592559,16481,5.61155
2023-01-31T05:00:00Z,5.51,5.99,5.51,5.76,2270165,13287,5.75444
2023-02-01T05:00:00Z,5.74,5.92,5.57,5.9,2342638,12169,5.74975
2023-02-02T05:00:00Z,5.95,6.335,5.84,5.91,2032585,13908,6.05244
2023-02-03T05:00:00Z,5.9,6.085,5.72,5.76,1320096,9878,5.84358
2023-02-06T05:00:00Z,5.7,5.8501,5.58,5.71,1310755,8874,5.69332
2023-02-07T05:00:00Z,5.78,5.78,5.215,5.41,2182618,14817,5.36457
2023-02-08T05:00:00Z,5.31,5.3783,5.038,5.13,2419961,13956,5.13822
2023-02-09T05:00:00Z,4.45,4.58,3.88,3.97,6803461,33850,4.09089
2023-02-10T05:00:00Z,4.06,4.32,4,4.15,3850167,21811,4.15813
2023-02-13T05:00:00Z,4.15,4.15,3.94,4.02,1963120,12320,4.02967
2023-02-14T05:00:00Z,4,4.0883,3.9,4.01,1868151,11667,3.98744
2023-02-15T05:00:00Z,3.95,4.525,3.95,4.4,3023243,15563,4.31065
2023-02-16T05:00:00Z,4.28,4.94,4.28,4.54,3659724,24169,4.6292
2023-02-17T05:00:00Z,4.51,4.67,4.405,4.59,1637445,12679,4.56903
2023-02-21T05:00:00Z,4.57,4.75,4.39,4.44,1710454,10481,4.51983
2023-02-22T05:00:00Z,4.43,4.64,4.37,4.48,1501011,12050,4.49403
2023-02-23T05:00:00Z,4.5,4.54,4.34,4.42,1117053,8407,4.42446
2023-02-24T05:00:00Z,4.3,4.36,4.09,4.14,1557735,10922,4.17021
2023-02-27T05:00:00Z,4.14,4.2,3.99,4.01,1388468,7457,4.06325
2023-02-28T05:00:00Z,4,4.08,3.905,3.955,1730246,9382,3.97352
2023-03-01T05:00:00Z,3.93,3.95,3.74,3.76,1785632,10139,3.8014
2023-03-02T05:00:00Z,3.71,3.83,3.645,3.78,3904966,15918,3.75648
2023-03-03T05:00:00Z,2.4,2.55,2.26,2.42,16594260,57775,2.37085
2023-03-06T05:00:00Z,2.45,2.58,2.4,2.435,3921557,17534,2.47021
2023-03-07T05:00:00Z,2.42,2.43,2.32,2.36,2476567,12233,2.36952
2023-03-08T05:00:00Z,2.32,2.4,2.25,2.39,2598418,12213,2.3187
2023-03-09T05:00:00Z,2.37,2.4,2.21,2.24,2937424,10564,2.27142
2023-03-10T05:00:00Z,2.24,2.24,2.08,2.18,4714865,18915,2.14628
2023-03-13T04:00:00Z,2.13,2.13,2,2.03,4269011,18239,2.06162
2023-03-14T04:00:00Z,2.06,2.17,2.035,2.07,3122307,12980,2.08804
2023-03-15T04:00:00Z,2,2.01,1.8,1.84,3731100,15385,1.86564
2023-03-16T04:00:00Z,1.85,1.87,1.76,1.86,2437179,9534,1.83076
2023-03-17T04:00:00Z,1.83,1.83,1.56,1.6,4634286,12838,1.63944
2023-03-20T04:00:00Z,1.6,1.7799,1.54,1.725,2841907,14879,1.68821
2023-03-21T04:00:00Z,1.75,1.75,1.57,1.59,3046285,13364,1.61976
2023-03-22T04:00:00Z,1.57,1.58,1.36,1.405,4476743,16395,1.43313
2023-03-23T04:00:00Z,1.41,1.45,1.28,1.31,3159253,13619,1.32921
2023-03-24T04:00:00Z,1.3,1.43,1.2515,1.38,3830913,15018,1.35932
2023-03-27T04:00:00Z,1.38,1.39,1.28,1.28,1891948,7364,1.31417
2023-03-28T04:00:00Z,1.31,1.34,1.2708,1.3,1206987,3835,1.31377
2023-03-29T04:00:00Z,1.32,1.35,1.2801,1.32,942645,3378,1.32654
2023-03-30T04:00:00Z,1.32,1.3398,1.2,1.2,1868936,6138,1.23501
2023-03-31T04:00:00Z,1.2,1.25,1.15,1.16,1988327,6162,1.18703
2023-04-03T04:00:00Z,1.16,1.18,1.13,1.14,2128266,7321,1.15281
2023-04-04T04:00:00Z,1.23,1.25,1.11,1.11,4307879,10865,1.1561
2023-04-05T04:00:00Z,1.13,1.15,1.1013,1.12,1664967,5416,1.12834
2023-04-06T04:00:00Z,1.09,1.095,0.99,1.06,2916036,7870,1.02042
2023-04-10T04:00:00Z,1.05,1.05,0.9919,1,1983689,6249,1.00648
2023-04-11T04:00:00Z,1,1.09,1,1.01,4257968,14039,1.03346
2023-04-12T04:00:00Z,1.01,1.03,0.9802,1,2013006,5543,0.999824
2023-04-13T04:00:00Z,1.01,1.13,1.01,1.05,5423751,8599,1.07226
2023-04-14T04:00:00Z,1.05,1.05,0.9337,1,5691377,10701,0.978494
2023-04-17T04:00:00Z,0.9884,1.09,0.98,1.04,3935218,7980,1.037
2023-04-18T04:00:00Z,1.04,1.05,1.01,1.03,1177850,3515,1.02785
2023-04-19T04:00:00Z,1.01,1.06,1,1.03,1578671,4086,1.03398
2023-04-20T04:00:00Z,1.06,1.23,1.04,1.2,7251268,13314,1.15296
2023-04-21T04:00:00Z,1.31,1.46,1.21,1.41,11404477,24825,1.34585
2023-04-24T04:00:00Z,1.48,1.51,1.33,1.4,5821808,12910,1.39593
2023-04-25T04:00:00Z,1.34,1.36,1.26,1.285,1895480,6067,1.30382
2023-04-26T04:00:00Z,1.29,1.31,1.22,1.28,1708414,4368,1.26279
2023-04-27T04:00:00Z,1.32,1.32,1.25,1.27,1246806,4288,1.27456
2023-04-28T04:00:00Z,1.24,1.3,1.24,1.27,1499576,3910,1.25957
2023-05-01T04:00:00Z,1.28,1.345,1.23,1.34,1655508,4254,1.30721
2023-05-02T04:00:00Z,1.31,1.37,1.24,1.26,1527630,4392,1.27635
2023-05-03T04:00:00Z,1.23,1.3152,1.17,1.27,2892348,6715,1.24603
2023-05-04T04:00:00Z,1.27,1.3,1.2214,1.27,1402201,4957,1.25954
2023-05-05T04:00:00Z,1.26,1.36,1.26,1.34,1329175,4273,1.32045
2023-05-08T04:00:00Z,1.34,1.39,1.31,1.37,1416050,4314,1.35865
2023-05-09T04:00:00Z,1.35,1.39,1.32,1.37,1406119,4701,1.35041
2023-05-10T04:00:00Z,1.37,1.52,1.37,1.49,2723975,7587,1.4694
2023-05-11T04:00:00Z,1.51,1.51,1.21,1.23,3570052,9214,1.30159
2023-05-12T04:00:00Z,1.26,1.26,1.07,1.14,3072285,8316,1.12713
2023-05-15T04:00:00Z,1.14,1.165,1.08,1.11,1208141,4000,1.11577
2023-05-16T04:00:00Z,1.1,1.11,1.03,1.08,2258759,6725,1.06965
2023-05-17T04:00:00Z,1.07,1.16,1.07,1.14,1645428,4283,1.11653
2023-05-18T04:00:00Z,1.17,1.19,1.095,1.13,1118373,4718,1.13991
2023-05-19T04:00:00Z,1.14,1.18,1.11,1.14,1155826,4923,1.14556
2023-05-22T04:00:00Z,1.14,1.17,1.09,1.11,1302514,5579,1.12354
2023-05-23T04:00:00Z,1.11,1.13,1.07,1.08,1656896,5170,1.09804
2023-05-24T04:00:00Z,1.07,1.09,1.04,1.06,1192925,3776,1.05738
2023-05-25T04:00:00Z,1.04,1.0488,1.01,1.03,1691324,5546,1.02155
2023-05-26T04:00:00Z,1.03,1.1,1.02,1.04,1364078,4548,1.05831
2023-05-30T04:00:00Z,1.04,1.09,1.03,1.08,891142,4221,1.05837
2023-05-31T04:00:00Z,1.07,1.09,0.99,0.99,4573593,7605,1.0084
2023-06-01T04:00:00Z,1,1.035,0.9637,0.9759,2501996,8334,1.00051
2023-06-02T04:00:00Z,0.9879,1.04,0.9879,1.04,1292585,4374,1.01369
2023-06-05T04:00:00Z,1.03,1.1,1.02,1.06,1094402,4274,1.06842
2023-06-06T04:00:00Z,1.08,1.16,1.055,1.13,1938883,6227,1.11804
2023-06-07T04:00:00Z,1.14,1.2599,1.13,1.22,2391551,7787,1.20864
2023-06-08T04:00:00Z,1.24,1.3455,1.21,1.31,1694985,6516,1.289
2023-06-09T04:00:00Z,1.32,1.335,1.24,1.31,1213561,4326,1.28908
2023-06-12T04:00:00Z,1.3,1.36,1.25,1.27,1034277,5114,1.29693
2023-06-13T04:00:00Z,1.27,1.33,1.25,1.32,852540,3188,1.2936
2023-06-14T04:00:00Z,1.33,1.35,1.26,1.28,1252434,4486,1.30462
2023-06-15T04:00:00Z,1.3,1.33,1.26,1.31,1046219,5061,1.30343
2023-06-16T04:00:00Z,1.32,1.34,1.19,1.23,1665796,4967,1.24421
2023-06-20T04:00:00Z,1.21,1.23,1.15,1.22,991387,4656,1.18869
2023-06-21T04:00:00Z,1.23,1.23,1.16,1.21,850225,4028,1.19542
2023-06-22T04:00:00Z,1.19,1.195,1.16,1.17,815783,3615,1.1764
2023-06-23T04:00:00Z,1.18,1.215,1.13,1.13,8720588,6592,1.13673
2023-06-26T04:00:00Z,1.14,1.15,1.03,1.03,2555060,9254,1.08726
2023-06-27T04:00:00Z,1.05,1.15,1.01,1.12,1987664,8164,1.07693
2023-06-28T04:00:00Z,1.1,1.145,1.09,1.13,799870,4428,1.12566
2023-06-29T04:00:00Z,1.15,1.19,1.13,1.18,884638,4501,1.16128
2023-06-30T04:00:00Z,1.15,1.205,1.1387,1.19,1010762,4218,1.17703
2023-07-03T04:00:00Z,1.16,1.25,1.16,1.2,698374,3686,1.20559
2023-07-05T04:00:00Z,1.19,1.25,1.19,1.2,898079,4719,1.22201
2023-07-06T04:00:00Z,1.19,1.19,1.11,1.11,963630,3875,1.13438
2023-07-07T04:00:00Z,1.12,1.1787,1.12,1.13,530488,2906,1.15138
2023-07-10T04:00:00Z,1.15,1.25,1.14,1.2,1653814,4018,1.22526
2023-07-11T04:00:00Z,1.24,1.3,1.215,1.23,1181434,3379,1.26366
2023-07-12T04:00:00Z,1.29,1.335,1.22,1.23,1237861,4255,1.27375
2023-07-13T04:00:00Z,1.25,1.27,1.21,1.26,911583,4112,1.23929
2023-07-14T04:00:00Z,1.23,1.26,1.2,1.22,565453,2888,1.22606
2023-07-17T04:00:00Z,1.23,1.28,1.205,1.26,828236,3062,1.24976
2023-07-18T04:00:00Z,1.26,1.45,1.26,1.32,2601882,7903,1.36391
2023-07-19T04:00:00Z,1.32,1.4,1.32,1.33,1109806,5082,1.35756
2023-07-20T04:00:00Z,1.36,1.38,1.3015,1.33,848092,3824,1.34324
2023-07-21T04:00:00Z,1.34,1.345,1.255,1.29,938798,4256,1.28415
2023-07-24T04:00:00Z,1.29,1.32,1.21,1.255,916358,3517,1.24472
2023-07-25T04:00:00Z,1.25,1.28,1.18,1.19,949806,4028,1.21865
2023-07-26T04:00:00Z,1.23,1.25,1.189,1.22,777991,3427,1.21335
2023-07-27T04:00:00Z,1.23,1.2485,1.17,1.19,731998,2601,1.20329
2023-07-28T04:00:00Z,1.19,1.25,1.19,1.235,504026,2022,1.22677
2023-07-31T04:00:00Z,1.24,1.3,1.22,1.26,795065,2541,1.26632
2023-08-01T04:00:00Z,1.24,1.25,1.16,1.2,1272375,4118,1.19517
2023-08-02T04:00:00Z,1.18,1.2,1.13,1.17,807587,2940,1.15876
2023-08-03T04:00:00Z,1.16,1.2,1.15,1.17,604738,2003,1.17483
2023-08-04T04:00:00Z,1.19,1.205,1.14,1.15,836588,2550,1.16778
2023-08-07T04:00:00Z,1.14,1.16,1.1,1.13,1231057,5498,1.12557
2023-08-08T04:00:00Z,1.1,1.13,1.06,1.09,1261921,4075,1.09415
2023-08-09T04:00:00Z,1.08,1.115,1.06,1.08,975142,3360,1.08015
2023-08-10T04:00:00Z,1.09,1.11,1.05,1.09,1195735,4105,1.07799
2023-08-11T04:00:00Z,1.11,1.16,1.11,1.14,717773,3045,1.13718
2023-08-14T04:00:00Z,1.14,1.17,1.1299,1.14,525291,2299,1.14543
2023-08-15T04:00:00Z,1.13,1.15,1.1,1.12,441700,2221,1.12126
2023-08-16T04:00:00Z,1.12,1.13,1.05,1.08,832361,2896,1.08162
2023-08-17T04:00:00Z,1.06,1.09,1.02,1.03,916221,2548,1.0413
2023-08-18T04:00:00Z,1.07,1.12,1.07,1.08,670667,1965,1.09123
2023-08-21T04:00:00Z,1.11,1.11,1.05,1.07,569261,2039,1.06844
2023-08-22T04:00:00Z,1.09,1.1,1.03,1.05,527650,1743,1.04817
2023-08-23T04:00:00Z,1.05,1.07,1.04,1.04,413723,1941,1.05455
2023-08-24T04:00:00Z,1.06,1.06,1.02,1.03,711770,1748,1.04163
2023-08-25T04:00:00Z,1.03,1.04,1,1.03,689563,1477,1.01551
2023-08-28T04:00:00Z,1.04,1.05,1.02,1.05,281715,1214,1.03785
2023-08-29T04:00:00Z,1.05,1.08,1.0301,1.07,351131,1331,1.06479
2023-08-30T04:00:00Z,1.07,1.1,1.05,1.1,355619,1835,1.08719
2023-08-31T04:00:00Z,1.09,1.0967,1.04,1.04,501600,1713,1.05457
2023-09-01T04:00:00Z,1.06,1.07,1.04,1.04,568802,3229,1.05759
2023-09-05T04:00:00Z,1.07,1.09,1.045,1.09,384433,1896,1.07042
2023-09-06T04:00:00Z,1.09,1.09,1.04,1.05,587079,2325,1.06095
2023-09-07T04:00:00Z,1.04,1.0507,1.03,1.04,368092,1753,1.03811
2023-09-08T04:00:00Z,1.04,1.05,1.02,1.035,426644,2460,1.03032
2023-09-11T04:00:00Z,1.05,1.06,1.03,1.05,856355,2075,1.04474
2023-09-12T04:00:00Z,1.06,1.07,1.02,1.02,474565,2247,1.03458
2023-09-13T04:00:00Z,1.03,1.06,1.02,1.06,1111735,3507,1.04226
2023-09-14T04:00:00Z,1.05,1.06,1.01,1.01,603727,1856,1.02977
2023-09-15T04:00:00Z,1.02,1.04,0.9999,0.9999,1215323,2709,1.01117
2023-09-18T04:00:00Z,0.98,0.99,0.91,0.9261,1498770,4138,0.93979
2023-09-19T04:00:00Z,0.9251,0.939501,0.82,0.8265,1962381,4676,0.854174
2023-09-20T04:00:00Z,0.84,0.94,0.7802,0.9175,2183822,6109,0.874484
2023-09-21T04:00:00Z,0.9289,0.98,0.9,0.9455,1074717,4605,0.935277
2023-09-22T04:00:00Z,0.9679,0.9679,0.85,0.8669,840873,3316,0.869632
2023-09-25T04:00:00Z,0.87,0.889899,0.8357,0.8421,379467,1616,0.84864
2023-09-26T04:00:00Z,0.89,0.92,0.785,0.8,4500912,7891,0.838634
2023-09-27T04:00:00Z,0.805,0.8195,0.72,0.78,1764100,4923,0.753621
2023-09-28T04:00:00Z,0.7716,0.7716,0.7344,0.7524,1145326,3167,0.757057
2023-09-29T04:00:00Z,0.7456,0.766919,0.7007,0.719,1139843,3754,0.722122
2023-10-02T04:00:00Z,0.72,0.74,0.7101,0.729,670254,2748,0.724678
2023-10-03T04:00:00Z,0.73,0.76445,0.7104,0.7412,789934,2725,0.739448
2023-10-04T04:00:00Z,0.7873,0.7972,0.6606,0.7386,2164811,5732,0.711876
2023-10-05T04:00:00Z,0.7341,0.7797,0.72,0.7631,698880,2011,0.745179
2023-10-06T04:00:00Z,0.7626,0.7883,0.7301,0.7601,495277,1596,0.765814
2023-10-09T04:00:00Z,0.7503,0.7993,0.736,0.7979,567029,1900,0.778401
2023-10-10T04:00:00Z,0.78,0.9,0.78,0.8999,1432726,3254,0.857083
2023-10-11T04:00:00Z,0.922,0.922,0.806,0.8111,872646,2669,0.833487
2023-10-12T04:00:00Z,0.82,0.8555,0.7825,0.8555,797619,2180,0.822156
2023-10-13T04:00:00Z,0.844,0.87,0.830101,0.85,396738,1872,0.850927
2023-10-16T04:00:00Z,0.8731,0.965,0.86,0.94,1046348,3872,0.928634
2023-10-17T04:00:00Z,0.9,1.11,0.9,1,2221322,4913,1.03027
2023-10-18T04:00:00Z,1,1,0.9396,0.9426,944459,3058,0.961041
2023-10-19T04:00:00Z,0.9266,0.965,0.8504,0.8661,1176716,2878,0.904094
2023-10-20T04:00:00Z,0.8713,0.9199,0.7811,0.8089,786362,3083,0.833716
2023-10-23T04:00:00Z,0.8134,0.8134,0.719,0.7501,1175369,3248,0.758073
2023-10-24T04:00:00Z,0.7508,0.8693,0.7387,0.84,1322841,3491,0.816982
2023-10-25T04:00:00Z,0.8414,0.87,0.801,0.8546,964544,2146,0.840161
2023-10-26T04:00:00Z,0.86,0.9469,0.8406,0.91,942208,2445,0.909454
2023-10-27T04:00:00Z,0.92,0.92,0.85,0.8772,474837,2286,0.88789
2023-10-30T04:00:00Z,0.9,0.9599,0.8795,0.955,788184,2415,0.938501
2023-10-31T04:00:00Z,0.9391,1.02,0.9029,0.9029,1024384,4206,0.964687
2023-11-01T04:00:00Z,0.9291,0.949999,0.8263,0.8696,615238,2490,0.873122
2023-11-02T04:00:00Z,0.8532,0.9935,0.8532,0.9736,748118,3072,0.944531
2023-11-03T04:00:00Z,0.99,1.01,0.9329,1,529324,1643,0.988043
2023-11-06T05:00:00Z,1.01,1.02,0.9801,0.9801,318388,1705,1.00146
2023-11-07T05:00:00Z,0.9806,1.03,0.9726,1.03,597915,1580,1.01046
2023-11-08T05:00:00Z,1.02,1.0294,0.9601,0.9749,263631,1403,0.992343
2023-11-09T05:00:00Z,0.9816,0.989899,0.9046,0.9087,404365,1154,0.935132
2023-11-10T05:00:00Z,0.925,0.9253,0.88,0.918,307495,1056,0.906649
2023-11-13T05:00:00Z,0.918,0.9526,0.8905,0.9399,151327,929,0.92497
2023-11-14T05:00:00Z,0.9473,1,0.941,0.9553,416082,1222,0.972811
2023-11-15T05:00:00Z,0.98,1.14,0.975,1.06,1813301,4040,1.06513
2023-11-16T05:00:00Z,1,1.03,0.9608,0.9999,962283,3033,0.989211
2023-11-17T05:00:00Z,0.98,1.09,0.97,1.065,1288094,3060,1.05785
2023-11-20T05:00:00Z,1.11,1.11,0.96,0.987,1001818,4109,1.00475
2023-11-21T05:00:00Z,0.98,1.02,0.951,0.9985,670581,2237,0.982602
2023-11-22T05:00:00Z,0.975,0.994,0.950201,0.9764,429275,1697,0.975115
2023-11-24T05:00:00Z,0.96,1.02,0.96,1.01,240523,847,1.00632
2023-11-27T05:00:00Z,1,1.02,0.991,0.997,464444,2072,1.01003
2023-11-28T05:00:00Z,0.99,1,0.9322,0.947,861451,2424,0.954255
2023-11-29T05:00:00Z,0.96,0.96,0.905,0.915,888065,2382,0.928122
2023-11-30T05:00:00Z,0.9002,0.96,0.890501,0.9551,850502,2346,0.937517
2023-12-01T05:00:00Z,0.9212,1.01,0.92,1.01,561606,1688,0.986918
2023-12-04T05:00:00Z,0.9754,1.01,0.96,0.98,547164,2120,0.987132
2023-12-05T05:00:00Z,0.98,1.02,0.98,0.99,430063,1731,1.00161
2023-12-06T05:00:00Z,0.98,1.12,0.98,1.11,1228280,2934,1.07276
2023-12-07T05:00:00Z,1.06,1.16,1.03,1.14,988566,4042,1.12636
2023-12-08T05:00:00Z,1.14,1.23,1.14,1.17,859997,3474,1.18727
2023-12-11T05:00:00Z,0.98,0.99,0.77,0.8627,3982157,7974,0.854061
2023-12-12T05:00:00Z,0.858,0.87,0.83,0.8468,707494,2244,0.846497
2023-12-13T05:00:00Z,0.873,0.873,0.79,0.827,1092997,2990,0.822042
2023-12-14T05:00:00Z,0.7584,0.8,0.6864,0.7531,10477720,31504,0.727504
2023-12-15T05:00:00Z,0.7499,0.76,0.7178,0.76,2477065,6189,0.7451
2023-12-18T05:00:00Z,0.7474,0.759,0.67775,0.6799,2936731,6048,0.70146
2023-12-19T05:00:00Z,0.69,0.72,0.689978,0.7186,1370755,5386,0.705885
2023-12-20T05:00:00Z,0.715,0.724999,0.661,0.6736,1738081,4790,0.693132
2023-12-21T05:00:00Z,0.69,0.7245,0.64,0.673,1249747,4145,0.663996
2023-12-22T05:00:00Z,0.66,0.71,0.66,0.71,1204408,2992,0.681943
2023-12-26T05:00:00Z,0.6832,0.73,0.6832,0.7176,1281955,3263,0.714073
2023-12-27T05:00:00Z,0.7423,0.7495,0.695,0.7066,1375801,3640,0.709573
2023-12-28T05:00:00Z,0.7113,0.7629,0.7113,0.7585,2466436,5507,0.744348
2023-12-29T05:00:00Z,0.75,0.7595,0.7105,0.72,1543325,3956,0.728826
2024-01-02T05:00:00Z,0.74,0.759,0.7105,0.7216,1178223,3299,0.734843
2024-01-03T05:00:00Z,0.72,0.7222,0.6745,0.6808,944964,3195,0.693752
2024-01-04T05:00:00Z,0.7,0.7116,0.649,0.6491,729416,2367,0.6728
2024-01-05T05:00:00Z,0.65,0.6533,0.55,0.586,2587925,5188,0.591476
2024-01-08T05:00:00Z,0.5758,0.6,0.5405,0.558,1923212,5467,0.554701
2024-01-09T05:00:00Z,0.56,0.5753,0.55,0.5614,815925,2530,0.561553
2024-01-10T05:00:00Z,0.565,0.5678,0.5001,0.5059,1971341,4762,0.530155
2024-01-11T05:00:00Z,0.5078,0.51,0.4002,0.4378,4124183,7092,0.440042
2024-01-12T05:00:00Z,0.46,0.4858,0.4308,0.4592,3456544,9050,0.461988
2024-01-16T05:00:00Z,0.47,0.477,0.411,0.4158,1945569,6773,0.428249
2024-01-17T05:00:00Z,0.43,0.438,0.4,0.4369,1857108,5142,0.417135
2024-01-18T05:00:00Z,0.43,0.435,0.4083,0.415,975897,2288,0.421207
2024-01-19T05:00:00Z,0.404,0.411,0.3649,0.37,2879341,6097,0.378658
2024-01-22T05:00:00Z,0.3704,0.3974,0.36,0.396,2831867,4764,0.372944
2024-01-23T05:00:00Z,0.3968,0.4255,0.3901,0.4073,3031093,5252,0.411263
2024-01-24T05:00:00Z,0.431,0.4896,0.4195,0.4259,4063819,8059,0.45437
2024-01-25T05:00:00Z,0.4356,0.4547,0.4025,0.4403,1762458,3737,0.427911
2024-01-26T05:00:00Z,0.4537,0.459,0.4275,0.4301,874073,1998,0.442835
2024-01-29T05:00:00Z,0.4395,0.4894,0.4105,0.489,1347039,2530,0.453886
2024-01-30T05:00:00Z,0.49,0.49,0.4581,0.47,994639,2638,0.473142
2024-01-31T05:00:00Z,0.4686,0.51,0.46,0.4877,1004061,2405,0.494228
2024-02-01T05:00:00Z,0.503,0.5398,0.489,0.49,1516898,3182,0.515933
2024-02-02T05:00:00Z,0.5148,0.525,0.48,0.5,1659404,2723,0.494834
2024-02-05T05:00:00Z,0.5,0.505,0.48,0.49,871441,1948,0.495874
2024-02-06T05:00:00Z,0.4849,0.4922,0.43,0.4407,7505466,11490,0.449312
2024-02-07T05:00:00Z,0.4351,0.45,0.4118,0.44,1734011,3781,0.425891
2024-02-08T05:00:00Z,0.4275,0.44,0.4003,0.4111,1575989,3726,0.417461
2024-02-09T05:00:00Z,0.4227,0.4228,0.3703,0.3798,3498367,5127,0.387049
2024-02-12T05:00:00Z,0.38,0.4097,0.38,0.3875,1700261,3190,0.393713
2024-02-13T05:00:00Z,0.38,0.3829,0.3612,0.378,2032247,3146,0.369796
2024-02-14T05:00:00Z,0.385,0.4199,0.37,0.4173,2002458,2967,0.399187
2024-02-15T05:00:00Z,0.42,0.43,0.4049,0.42,1517333,2859,0.421079
2024-02-16T05:00:00Z,0.423,0.4861,0.415,0.4838,3331360,5342,0.440237
2024-02-20T05:00:00Z,0.5,0.535,0.48,0.5041,2303660,3560,0.501258
2024-02-21T05:00:00Z,0.51,0.525,0.4877,0.498,1310606,2309,0.504951
2024-02-22T05:00:00Z,0.4969,0.5685,0.4712,0.555,2645034,3510,0.519582
2024-02-23T05:00:00Z,0.54,0.6095,0.5301,0.59,2673770,3769,0.583202
2024-02-26T05:00:00Z,0.5839,0.59,0.53,0.5502,1417615,2881,0.556383
2024-02-27T05:00:00Z,0.5531,0.6668,0.553,0.6462,4224260,5922,0.627522
2024-02-28T05:00:00Z,0.64,0.64,0.58,0.6165,1796664,3999,0.600987
2024-02-29T05:00:00Z,0.6177,0.6343,0.6,0.6051,1148000,2843,0.610496
2024-03-01T05:00:00Z,0.601,0.6598,0.5901,0.64,1161200,2603,0.621847
2024-03-04T05:00:00Z,0.65,0.65,0.601,0.635,742606,3568,0.631091
2024-03-05T05:00:00Z,0.63,0.63,0.5868,0.5934,1163884,5259,0.602715
2024-03-06T05:00:00Z,0.59,0.65,0.5856,0.642,1070070,2647,0.620691
2024-03-07T05:00:00Z,0.6419,0.6499,0.6017,0.612,713995,2098,0.62205
2024-03-08T05:00:00Z,0.6178,0.67,0.608,0.6475,1404317,2728,0.651787
2024-03-11T04:00:00Z,0.6549,0.7198,0.645,0.658,1618020,3365,0.672588
2024-03-12T04:00:00Z,0.6545,0.669,0.6101,0.631,794132,2082,0.632285
2024-03-13T04:00:00Z,0.6238,0.6593,0.6238,0.641,672042,2091,0.643108
2024-03-14T04:00:00Z,0.658,0.658,0.6001,0.6001,584377,2380,0.6182
2024-03-15T04:00:00Z,0.605,0.62,0.58,0.58,1838378,3119,0.589488
2024-03-18T04:00:00Z,0.5988,0.5988,0.54,0.5676,610952,1971,0.575255
2024-03-19T04:00:00Z,0.5694,0.6096,0.56,0.6013,742400,2568,0.585413
2024-03-20T04:00:00Z,0.6,0.6101,0.5701,0.59,654029,2870,0.585673
2024-03-21T04:00:00Z,0.59,0.595,0.5622,0.5739,577367,1774,0.577779
2024-03-22T04:00:00Z,0.565,0.591,0.55,0.56,434211,1475,0.5627
2024-03-25T04:00:00Z,0.5701,0.6151,0.5701,0.6092,578807,1950,0.591142
2024-03-26T04:00:00Z,0.6,0.61,0.5801,0.6099,522386,1929,0.593108
2024-03-27T04:00:00Z,0.6096,0.6467,0.583,0.6466,3216443,6280,0.620866
2024-03-28T04:00:00Z,0.69,0.7697,0.69,0.7001,5928771,11112,0.734651
2024-04-01T04:00:00Z,0.7168,0.77,0.67,0.76,2280503,5478,0.73028
2024-04-02T04:00:00Z,0.759,0.78,0.6999,0.7742,1096943,3898,0.731332
2024-04-03T04:00:00Z,0.7847,0.85,0.775,0.829,2945658,5517,0.817428
2024-04-04T04:00:00Z,0.8224,0.8799,0.8,0.83,1533516,3953,0.837383
2024-04-05T04:00:00Z,0.83,0.93,0.8299,0.9251,2449070,5143,0.897994
2024-04-08T04:00:00Z,0.95,1.09,0.9,1.03,3374199,8308,0.99323
2024-04-09T04:00:00Z,1.06,1.25,1.04,1.17,6189847,18602,1.15104
2024-04-10T04:00:00Z,1.14,1.24,1.05,1.24,2465179,8999,1.17702
2024-04-11T04:00:00Z,1.27,1.92,1.26,1.79,17815835,51339,1.62011
2024-04-12T04:00:00Z,1.81,1.85,1.41,1.52,6385354,20915,1.5698
2024-04-15T04:00:00Z,1.51,1.53,1.11,1.53,7167729,22205,1.31193
2024-04-16T04:00:00Z,1.42,1.44,1.24,1.255,3202965,10389,1.31881
2024-04-17T04:00:00Z,1.25,1.28,1.125,1.16,2515342,11277,1.20067
2024-04-18T04:00:00Z,1.14,1.425,1,1.42,7020042,20901,1.2339
2024-04-19T04:00:00Z,1.39,1.55,1.3,1.31,2614224,10088,1.39666
2024-04-22T04:00:00Z,1.35,1.355,1.25,1.27,1409523,6707,1.28977
2024-04-23T04:00:00Z,1.29,1.48,1.27,1.275,2636035,9563,1.37094
2024-04-24T04:00:00Z,1.3,1.38,1.28,1.32,1552753,7583,1.32904
2024-04-25T04:00:00Z,1.31,1.347,1.21,1.21,2063064,7553,1.25562
2024-04-26T04:00:00Z,1.24,1.28,1.21,1.27,1282188,5481,1.24975
2024-04-29T04:00:00Z,1.26,1.32,1.17,1.25,2334072,7246,1.2433
2024-04-30T04:00:00Z,1.26,1.42,1.26,1.35,3713496,13391,1.36551
2024-05-01T04:00:00Z,1.38,1.49,1.35,1.49,3250640,12882,1.42406
2024-05-02T04:00:00Z,1.47,1.72,1.4398,1.64,4123642,13708,1.59809
2024-05-03T04:00:00Z,1.66,1.71,1.5505,1.63,2919921,8878,1.63599
2024-05-06T04:00:00Z,1.63,1.75,1.555,1.64,1983159,7878,1.63378
2024-05-07T04:00:00Z,1.63,1.7,1.6,1.63,2098151,10074,1.64144
2024-05-08T04:00:00Z,1.41,1.6399,1.3,1.43,3313229,10765,1.475
2024-05-09T04:00:00Z,1.45,1.48,1.3,1.37,2050046,7531,1.36683
2024-05-10T04:00:00Z,1.38,1.45,1.33,1.33,1386107,8580,1.3713
2024-05-13T04:00:00Z,1.32,1.39,1.305,1.33,1084102,5005,1.33487
2024-05-14T04:00:00Z,1.42,1.57,1.38,1.47,2679976,9697,1.45574
2024-05-15T04:00:00Z,1.51,1.52,1.42,1.47,1426462,8517,1.47852
2024-05-16T04:00:00Z,1.45,1.485,1.35,1.37,1033316,4656,1.40196
2024-05-17T04:00:00Z,1.39,1.39,1.25,1.32,1585548,5777,1.31296
2024-05-20T04:00:00Z,1.28,1.43,1.28,1.42,1443158,6721,1.38006
2024-05-21T04:00:00Z,1.44,1.5,1.39,1.39,1134476,5901,1.4432
2024-05-22T04:00:00Z,1.37,1.41,1.34,1.37,846361,3620,1.37227
2024-05-23T04:00:00Z,1.39,1.39,1.25,1.27,2056904,7196,1.28709
2024-05-24T04:00:00Z,1.34,1.34,1.2,1.23,1652069,7630,1.23361
2024-05-28T04:00:00Z,1.31,1.31,1.075,1.11,4137688,15021,1.13937
2024-05-29T04:00:00Z,1.13,1.13,0.94,1,3642723,11344,0.998598
2024-05-30T04:00:00Z,1,1.03,0.96,0.9664,1953297,6067,0.97569
2024-05-31T04:00:00Z,0.99,1.0799,0.98,1.01,1879288,7774,1.02481
2024-06-03T04:00:00Z,1.02,1.05,0.9801,1.01,7829958,7149,1.00917
2024-06-04T04:00:00Z,1.02,1.02,0.95,1.01,1851024,6913,0.985563
2024-06-05T04:00:00Z,1,1.03,0.97,0.9791,933110,4400,0.992597
2024-06-06T04:00:00Z,0.9899,0.9899,0.88,0.9214,1933167,7993,0.923206
2024-06-07T04:00:00Z,0.9141,0.9182,0.8803,0.9182,1053843,3653,0.902407
2024-06-10T04:00:00Z,0.9,0.9699,0.8845,0.9017,3544268,4369,0.926391
2024-06-11T04:00:00Z,0.97,0.97,0.9001,0.9293,593483,4077,0.918439
2024-06-12T04:00:00Z,0.94,0.97,0.87,0.8888,1620963,5542,0.910608
2024-06-13T04:00:00Z,0.9,0.9233,0.8311,0.8385,1285000,5518,0.864194
2024-06-14T04:00:00Z,0.8382,0.8468,0.7953,0.8133,1194427,6481,0.811994
2024-06-17T04:00:00Z,0.8133,0.8417,0.78,0.8319,740946,3683,0.811442
2024-06-18T04:00:00Z,0.8361,0.85,0.7903,0.8031,1015698,6710,0.806499
2024-06-20T04:00:00Z,0.8122,0.8432,0.745,0.78,1836262,7130,0.762689
2024-06-21T04:00:00Z,0.78,0.7913,0.75,0.7808,674633,3908,0.76801
2024-06-24T04:00:00Z,0.78,0.8649,0.78,0.8514,1707650,8953,0.83032
2024-06-25T04:00:00Z,0.878,0.8796,0.7907,0.7946,834818,5785,0.831123
2024-06-26T04:00:00Z,0.807,0.8476,0.77,0.7989,1127254,7112,0.798599
2024-06-27T04:00:00Z,0.83,0.86,0.7822,0.8,1324748,6801,0.819695
2024-06-28T04:00:00Z,0.8,0.88,0.7626,0.8413,15864928,8552,0.839542
2024-07-01T04:00:00Z,0.84,0.898,0.8153,0.8787,1522118,7175,0.865544
2024-07-02T04:00:00Z,0.87,0.9797,0.87,0.9536,4536968,8131,0.937345
2024-07-03T04:00:00Z,0.99,0.99,0.8876,0.9147,1121912,4476,0.919288
2024-07-05T04:00:00Z,0.93,0.9592,0.8759,0.9524,1210719,4902,0.933223
2024-07-08T04:00:00Z,0.9524,0.956,0.8424,0.8516,1236851,5182,0.870614
2024-07-09T04:00:00Z,0.8471,0.8614,0.82,0.8345,906539,3130,0.833018
2024-07-10T04:00:00Z,0.85,0.8899,0.8163,0.881,1142748,2911,0.853351
2024-07-11T04:00:00Z,0.885,0.9578,0.8558,0.9314,1271249,4537,0.924463
2024-07-12T04:00:00Z,0.94,0.9815,0.905,0.9471,1411864,4659,0.948806
2024-07-15T04:00:00Z,0.94,0.97,0.9194,0.9516,791295,3216,0.953613
2024-07-16T04:00:00Z,0.9692,1.055,0.95,1.04,1746675,7763,1.00141
2024-07-17T04:00:00Z,1.07,1.13,0.98,1.01,1969119,7573,1.04718
2024-07-18T04:00:00Z,1.02,1.02,0.93,0.9375,1115011,5928,0.96149
2024-07-19T04:00:00Z,0.9648,0.9711,0.8803,0.9037,932831,4597,0.903956
2024-07-22T04:00:00Z,0.9164,0.9748,0.9139,0.9599,1126500,3434,0.949003
2024-07-23T04:00:00Z,0.9476,0.9801,0.9401,0.975,638150,3337,0.976079
2024-07-24T04:00:00Z,0.9555,0.9881,0.94,0.9463,705132,3338,0.957748
2024-07-25T04:00:00Z,0.95,0.98,0.94,0.948,660919,2877,0.961192
2024-07-26T04:00:00Z,0.97,0.97,0.925,0.9485,437552,1992,0.941326
2024-07-29T04:00:00Z,0.94,0.9745,0.94,0.9412,341118,1963,0.946603
2024-07-30T04:00:00Z,0.941,0.9411,0.88,0.9131,803058,3521,0.902587
2024-07-31T04:00:00Z,0.94,0.9588,0.9,0.9362,648288,2865,0.936142
2024-08-01T04:00:00Z,0.9225,0.9479,0.88,0.8891,565931,2714,0.895036
2024-08-02T04:00:00Z,0.8693,0.89,0.8301,0.8394,711725,2311,0.846241
2024-08-05T04:00:00Z,0.733,0.8515,0.733,0.8289,786672,3518,0.80475
2024-08-06T04:00:00Z,0.81,0.845,0.8002,0.8111,524100,2095,0.821661
2024-08-07T04:00:00Z,0.8422,0.8472,0.7689,0.769,473758,2897,0.793997
2024-08-08T04:00:00Z,0.781,0.8474,0.78,0.8101,582078,2168,0.817665
2024-08-09T04:00:00Z,0.82,0.85,0.8102,0.8238,278519,1485,0.828166
2024-08-12T04:00:00Z,0.8296,0.85,0.7915,0.8327,507639,1840,0.823513
2024-08-13T04:00:00Z,0.8447,0.8518,0.81,0.8243,353005,1380,0.83409
2024-08-14T04:00:00Z,0.816,0.85,0.75,0.8001,1252848,3309,0.790841
2024-08-15T04:00:00Z,0.803,0.87,0.7902,0.84,535097,1724,0.840585
2024-08-16T04:00:00Z,0.85,0.8563,0.8114,0.8299,289683,1064,0.837942
2024-08-19T04:00:00Z,0.82,0.8496,0.82,0.839,370085,1019,0.840392
2024-08-20T04:00:00Z,0.85,0.8589,0.812,0.8124,244081,1168,0.832883
2024-08-21T04:00:00Z,0.83,0.8698,0.8201,0.8502,279001,1530,0.848908
2024-08-22T04:00:00Z,0.85,0.87,0.8129,0.8346,270817,1263,0.839871
2024-08-23T04:00:00Z,0.8389,0.8709,0.8255,0.8644,621697,2526,0.852201
2024-08-26T04:00:00Z,0.8754,0.885,0.83,0.8567,438688,2346,0.859
2024-08-27T04:00:00Z,0.8521,0.8699,0.82,0.8401,276795,1282,0.834751
2024-08-28T04:00:00Z,0.84,0.85,0.7767,0.8087,450025,1709,0.805689
2024-08-29T04:00:00Z,0.839,0.8583,0.805,0.815,433199,1947,0.82843
2024-08-30T04:00:00Z,0.815,0.84,0.8,0.8184,364931,1916,0.811724
2024-09-03T04:00:00Z,0.8058,0.912,0.8,0.91,1052320,3746,0.857289
2024-09-04T04:00:00Z,0.89,0.9,0.8517,0.8944,680672,3038,0.885674
2024-09-05T04:00:00Z,0.9,0.9,0.8543,0.8759,208126,1461,0.881155
2024-09-06T04:00:00Z,0.86,0.879,0.835,0.8482,265337,1545,0.851825
2024-09-09T04:00:00Z,0.8492,0.8999,0.844,0.8698,522246,1830,0.875476
2024-09-10T04:00:00Z,0.865,0.8923,0.8562,0.873,229635,1765,0.876742
2024-09-11T04:00:00Z,0.8684,0.89,0.8565,0.8679,224678,1195,0.865975
2024-09-12T04:00:00Z,0.8568,0.8639,0.831,0.8349,566766,2169,0.844305
2024-09-13T04:00:00Z,0.85,0.8511,0.816,0.8261,570585,2705,0.831424
2024-09-16T04:00:00Z,0.82,0.8466,0.798,0.8124,521594,2263,0.814859
2024-09-17T04:00:00Z,0.821,0.8224,0.7782,0.7831,646591,2802,0.798262
2024-09-18T04:00:00Z,0.7936,0.8,0.75,0.77,862484,2322,0.769048
2024-09-19T04:00:00Z,0.789,0.818,0.7764,0.8012,375921,1990,0.79978
2024-09-20T04:00:00Z,0.8023,0.81,0.772,0.7798,816230,1752,0.789122
2024-09-23T04:00:00Z,0.7881,0.7964,0.765,0.7781,419837,1553,0.782096
2024-09-24T04:00:00Z,0.7734,0.7961,0.7556,0.7938,309902,1336,0.772647
2024-09-25T04:00:00Z,0.802,0.8081,0.77,0.7763,225418,1176,0.777787
2024-09-26T04:00:00Z,0.7677,0.805,0.7622,0.776,644197,1798,0.775556
2024-09-27T04:00:00Z,0.78,0.7845,0.7586,0.7728,364929,1871,0.770434
2024-09-30T04:00:00Z,0.78,0.8,0.76,0.769,371251,1370,0.783078
2024-10-01T04:00:00Z,0.7616,0.7742,0.74,0.7661,458638,1806,0.75592
2024-10-02T04:00:00Z,0.75,0.7699,0.733,0.7537,478762,1350,0.747689
2024-10-03T04:00:00Z,0.765,0.77,0.749,0.754,311401,1235,0.757611
2024-10-04T04:00:00Z,0.7653,0.775,0.7561,0.7699,279225,1367,0.76611
2024-10-07T04:00:00Z,0.7668,0.8296,0.7538,0.8053,881055,2374,0.787694
2024-10-08T04:00:00Z,0.7851,0.8582,0.782,0.832,603946,2033,0.832425
2024-10-09T04:00:00Z,0.837,0.943,0.82,0.9104,1139279,3311,0.899707
2024-10-10T04:00:00Z,0.91,0.934,0.825,0.8252,579395,1851,0.847002
2024-10-11T04:00:00Z,0.825,0.8682,0.8026,0.8661,336348,1677,0.846133
2024-10-14T04:00:00Z,0.86,0.999,0.8511,0.9323,2061118,4572,0.951041
2024-10-15T04:00:00Z,0.931,0.97,0.91,0.9144,523660,2347,0.92337
2024-10-16T04:00:00Z,0.92,0.929,0.9031,0.9109,429653,2143,0.912524
2024-10-17T04:00:00Z,0.885,0.902,0.8524,0.8645,627515,2920,0.877674
2024-10-18T04:00:00Z,0.8639,0.8699,0.825,0.8445,575636,2178,0.843634
2024-10-21T04:00:00Z,0.8415,0.8795,0.83,0.8715,541993,2056,0.8548
2024-10-22T04:00:00Z,0.88,0.9221,0.8563,0.92,951227,2537,0.887645
2024-10-23T04:00:00Z,0.9152,0.9295,0.858,0.8745,3763968,1788,0.912361
2024-10-24T04:00:00Z,0.846,0.8756,0.8323,0.8444,276189,1198,0.849258
2024-10-25T04:00:00Z,0.879,0.879,0.83,0.8322,532398,1812,0.843323
2024-10-28T04:00:00Z,0.8361,0.86,0.8267,0.8401,411796,1657,0.841196
2024-10-29T04:00:00Z,0.8269,0.84,0.79,0.7994,657971,1688,0.806627
2024-10-30T04:00:00Z,0.8,0.8111,0.755,0.7658,963393,2505,0.773721
2024-10-31T04:00:00Z,0.7714,0.7848,0.72,0.7553,742205,2210,0.74895
2024-11-01T04:00:00Z,0.77,0.7798,0.73,0.7635,544787,1736,0.752084
2024-11-04T05:00:00Z,0.7511,0.7642,0.73,0.7337,410876,2760,0.744769
2024-11-05T05:00:00Z,0.83,0.831,0.725,0.7412,2212773,4342,0.759641
2024-11-06T05:00:00Z,0.77,0.77,0.723,0.7433,835017,3607,0.743335
2024-11-07T05:00:00Z,0.7433,0.7614,0.73,0.7335,631707,2621,0.739361
2024-11-08T05:00:00Z,0.7438,0.756,0.7165,0.7322,610530,2060,0.731921
2024-11-11T05:00:00Z,0.7433,0.7487,0.711,0.7224,659969,2716,0.724667
2024-11-12T05:00:00Z,0.71,0.72,0.644,0.659,1887898,4141,0.668214
2024-11-13T05:00:00Z,0.66,0.6793,0.6152,0.6154,817016,2390,0.641426
2024-11-14T05:00:00Z,0.619,0.6648,0.582,0.6289,1128153,2741,0.614503
2024-11-15T05:00:00Z,0.64,0.64,0.58,0.5836,1353940,4408,0.604261
2024-11-18T05:00:00Z,0.5839,0.6299,0.575,0.5902,1392696,3761,0.603183
2024-11-19T05:00:00Z,0.6034,0.6272,0.6,0.6272,498051,1852,0.617551
2024-11-20T05:00:00Z,0.64,0.64,0.6114,0.6253,606810,2097,0.626897
2024-11-21T05:00:00Z,0.6293,0.6398,0.61,0.6279,1041013,2462,0.624565
2024-11-22T05:00:00Z,0.6239,0.6879,0.6239,0.675,1037064,2928,0.661563
2024-11-25T05:00:00Z,0.668,0.7118,0.6551,0.6859,832601,2901,0.693633
2024-11-26T05:00:00Z,0.691,0.759,0.69,0.7408,1704115,3903,0.731809
2024-11-27T05:00:00Z,0.7541,0.7849,0.7166,0.7307,708874,2753,0.755225
2024-11-29T05:00:00Z,0.7344,0.7399,0.6969,0.7077,599507,1945,0.711339
2024-12-02T05:00:00Z,0.71,0.7264,0.6909,0.6948,721179,2998,0.707643
2024-12-03T05:00:00Z,0.728,0.735,0.6801,0.7107,714059,2226,0.712326
2024-12-04T05:00:00Z,0.7343,0.7979,0.7,0.73,1091039,3722,0.743854
2024-12-05T05:00:00Z,0.7445,0.7487,0.6946,0.72,1376606,3724,0.713397
2024-12-06T05:00:00Z,0.725,0.7395,0.682,0.7139,1056987,2921,0.706399
2024-12-09T05:00:00Z,0.709,0.7499,0.6989,0.6994,598818,2091,0.718142
2024-12-10T05:00:00Z,0.7,0.73,0.67,0.7202,987806,3271,0.698213
2024-12-11T05:00:00Z,0.7247,0.75,0.6918,0.7346,1411253,3901,0.724458
2024-12-12T05:00:00Z,0.72,0.75,0.6923,0.7448,887062,2809,0.725571
2024-12-13T05:00:00Z,0.7404,0.7404,0.6807,0.7227,782947,2619,0.708172
2024-12-16T05:00:00Z,0.71,0.8174,0.687,0.7854,2377375,5127,0.758876
2024-12-17T05:00:00Z,0.76,0.8,0.7068,0.7133,1173991,4155,0.72623
2024-12-18T05:00:00Z,0.73,0.751,0.67,0.67,1472221,4151,0.704252
2024-12-19T05:00:00Z,0.7,0.706,0.6,0.629,1422971,4202,0.62955
2024-12-20T05:00:00Z,0.6301,0.6839,0.63,0.6491,1503100,3457,0.652179
2024-12-23T05:00:00Z,0.64,0.6817,0.6073,0.647,1387278,3539,0.644973
2024-12-24T05:00:00Z,0.633,0.658,0.604,0.6284,946169,3392,0.624318
2024-12-26T05:00:00Z,0.6328,0.6998,0.6297,0.6846,1029280,2433,0.666963
2024-12-27T05:00:00Z,0.6787,0.729,0.64,0.6758,1432641,3732,0.67691
2024-12-30T05:00:00Z,0.68,0.6989,0.632,0.6355,1070407,2855,0.651423
2024-12-31T05:00:00Z,0.69,0.88,0.65,0.6505,7166070,14041,0.758734
2025-01-02T05:00:00Z,0.66,0.7,0.6331,0.6518,1909458,6370,0.654463
2025-01-03T05:00:00Z,0.6558,0.7711,0.6539,0.7375,2744812,6652,0.734514
2025-01-06T05:00:00Z,0.776,0.8393,0.7,0.7534,2770444,5931,0.744011
2025-01-07T05:00:00Z,0.7534,0.77,0.7309,0.7443,969566,3306,0.746408
2025-01-08T05:00:00Z,0.7316,0.7675,0.68,0.726,1813034,4403,0.716868
2025-01-10T05:00:00Z,0.7212,0.8065,0.7147,0.7818,4393800,11359,0.765613
2025-01-13T05:00:00Z,0.785,0.7978,0.7034,0.7622,1617008,5273,0.742845
2025-01-14T05:00:00Z,0.7538,0.8,0.72,0.7435,1534301,3903,0.756794
2025-01-15T05:00:00Z,0.7699,0.7783,0.7221,0.7405,1093638,3213,0.743775
2025-01-16T05:00:00Z,0.7398,0.8611,0.73,0.8437,2760084,6216,0.810604
2025-01-17T05:00:00Z,0.84,0.9926,0.826,0.9754,4914874,9859,0.929403
2025-01-21T05:00:00Z,1.01,1.18,0.98,1.09,6620157,16230,1.07638
2025-01-22T05:00:00Z,1.09,1.14,1.03,1.04,3521657,12220,1.06974
2025-01-23T05:00:00Z,1.04,1.32,1.04,1.28,6764364,18515,1.20491
2025-01-24T05:00:00Z,1.35,1.42,1.17,1.21,6252787,17214,1.2603
2025-01-27T05:00:00Z,0.6404,0.7285,0.55,0.6351,44340728,76901,0.65177
2025-01-28T05:00:00Z,0.658,0.6699,0.51,0.521,12516812,21807,0.568862
2025-01-29T05:00:00Z,0.5455,0.662,0.5454,0.6112,10297308,15394,0.603283
2025-01-30T05:00:00Z,0.6,0.614,0.5522,0.5805,4585519,9656,0.580708
2025-01-31T05:00:00Z,0.5736,0.6,0.5527,0.5557,3133513,6548,0.570954
2025-02-03T05:00:00Z,0.547,0.6029,0.534,0.596,2856112,7186,0.579035
2025-02-04T05:00:00Z,0.61,0.62,0.556,0.56,2594326,6726,0.586808
2025-02-05T05:00:00Z,0.56,0.5887,0.539,0.5783,2870266,6140,0.567585
2025-02-06T05:00:00Z,0.586,0.6189,0.56,0.5811,2395875,5782,0.593371
2025-02-07T05:00:00Z,0.595,0.6,0.5428,0.5554,3160037,4666,0.566203
2025-02-10T05:00:00Z,0.567,0.5827,0.551,0.5731,2183394,4136,0.564852
2025-02-11T05:00:00Z,0.5728,0.5728,0.513,0.5256,4086114,7067,0.532543
2025-02-12T05:00:00Z,0.5348,0.5531,0.4914,0.55,3680264,5516,0.522858
2025-02-13T05:00:00Z,0.531,0.56,0.5,0.5255,6389373,12470,0.521191
2025-02-14T05:00:00Z,0.52,0.5497,0.5101,0.5413,1873123,3788,0.524999
2025-02-18T05:00:00Z,0.5413,0.5946,0.5212,0.5509,3295899,5672,0.55868
2025-02-19T05:00:00Z,0.57,0.6,0.5502,0.6,2498797,4109,0.5864
2025-02-20T05:00:00Z,0.5851,0.6,0.56,0.5897,2186311,6304,0.587057
2025-02-21T05:00:00Z,0.6,0.6174,0.5655,0.5727,2035108,5497,0.586912
2025-02-24T05:00:00Z,0.5831,0.5892,0.5506,0.5654,1215194,2986,0.568859
2025-02-25T05:00:00Z,0.5654,0.5798,0.5174,0.52,2406202,4424,0.534481
2025-02-26T05:00:00Z,0.53,0.555,0.52,0.5305,979054,2871,0.53595
2025-02-27T05:00:00Z,0.54,0.5418,0.515,0.5163,970926,2538,0.526196
2025-02-28T05:00:00Z,0.5108,0.5201,0.5,0.5197,1598125,4756,0.508077
2025-03-03T05:00:00Z,0.5172,0.5348,0.483,0.5013,1804034,5237,0.510042
2025-03-04T05:00:00Z,0.507,0.5254,0.475,0.5207,1833178,3992,0.500048
2025-03-05T05:00:00Z,0.52,0.53,0.5077,0.5249,785559,2925,0.519446
2025-03-06T05:00:00Z,0.53,0.544,0.5052,0.5282,1182219,2645,0.528624
2025-03-07T05:00:00Z,0.5291,0.54,0.51,0.5133,552102,2142,0.518229
2025-03-10T04:00:00Z,0.5201,0.5281,0.485,0.5,1582428,2858,0.497548
2025-03-11T04:00:00Z,0.491,0.5,0.475,0.4938,1033687,2826,0.486839
2025-03-12T04:00:00Z,0.4804,0.5064,0.4804,0.4915,765432,2260,0.493785
2025-03-13T04:00:00Z,0.483,0.4976,0.451,0.4511,1592391,3542,0.464793
2025-03-14T04:00:00Z,0.45,0.4899,0.45,0.4844,1265273,2634,0.476208
2025-03-17T04:00:00Z,0.4802,0.51,0.475,0.496,1413120,3592,0.495945
2025-03-18T04:00:00Z,0.485,0.494,0.475,0.4822,734725,1889,0.483416
2025-03-19T04:00:00Z,0.4817,0.5279,0.4817,0.5222,1878510,3398,0.514095
2025-03-20T04:00:00Z,0.51,0.528,0.5017,0.5048,469678,1665,0.510185
2025-03-21T04:00:00Z,0.5072,0.5284,0.4955,0.5166,1016892,2557,0.514474
2025-03-24T04:00:00Z,0.53,0.56,0.51,0.5349,1371298,3005,0.534927
2025-03-25T04:00:00Z,0.52,0.5319,0.51,0.5175,582563,1651,0.515995
2025-03-26T04:00:00Z,0.53,0.5349,0.5,0.5294,1145134,1882,0.518614
2025-03-27T04:00:00Z,0.548,0.57,0.53,0.5475,2603599,5063,0.553314
2025-03-28T04:00:00Z,0.55,0.5543,0.4905,0.5081,1568250,3160,0.506421
2025-03-31T04:00:00Z,0.5,0.508,0.49,0.4901,1109292,2302,0.492435
2025-04-01T04:00:00Z,0.57,0.6884,0.5159,0.6398,15195350,21829,0.622419
2025-04-02T04:00:00Z,0.639,0.73,0.5597,0.6348,5961887,10540,0.655826
2025-04-03T04:00:00Z,0.5901,0.6158,0.5701,0.5814,1843526,4641,0.586205
2025-04-04T04:00:00Z,0.5614,0.58,0.53,0.5698,1850033,3919,0.555797
2025-04-07T04:00:00Z,0.5483,0.5977,0.5128,0.5699,1444365,4079,0.554989
2025-04-08T04:00:00Z,0.6,0.6,0.5106,0.5124,1345631,2858,0.535184
2025-04-09T04:00:00Z,0.52,0.5603,0.5,0.541,1269351,3099,0.526391
2025-04-10T04:00:00Z,0.5317,0.5498,0.4956,0.5245,979752,3306,0.513095
2025-04-11T04:00:00Z,0.51,0.5456,0.5061,0.5427,765645,2231,0.52772
2025-04-14T04:00:00Z,0.54,0.5767,0.535,0.5454,834096,3007,0.55621
2025-04-15T04:00:00Z,0.5503,0.566,0.5111,0.5255,737493,3001,0.527234
2025-04-16T04:00:00Z,0.513,0.5466,0.51,0.5252,809875,3568,0.522851
2025-04-17T04:00:00Z,0.5211,0.5398,0.5207,0.5342,689917,2458,0.530342
2025-04-21T04:00:00Z,0.5249,0.53,0.5121,0.5229,600633,1776,0.52328
2025-04-22T04:00:00Z,0.5329,0.5477,0.5202,0.5409,681109,1837,0.538633
2025-04-23T04:00:00Z,0.5524,0.5648,0.5352,0.5491,727186,2213,0.549211
2025-04-24T04:00:00Z,0.54,0.5548,0.535,0.5491,505091,1792,0.545587
2025-04-25T04:00:00Z,0.5496,0.5496,0.529,0.538,759601,2553,0.537765
2025-04-28T04:00:00Z,0.5332,0.545,0.514,0.5239,547839,1589,0.525481
2025-04-29T04:00:00Z,0.53,0.5592,0.512,0.5499,1287658,2786,0.538182
2025-04-30T04:00:00Z,0.5319,0.5555,0.525,0.5417,941933,2814,0.542935
2025-05-01T04:00:00Z,0.5518,0.56,0.5211,0.5245,711526,1499,0.528067
2025-05-02T04:00:00Z,0.52,0.5373,0.51,0.514,990493,1985,0.516989
2025-05-05T04:00:00Z,0.5167,0.518,0.499,0.51,870255,2107,0.506027
2025-05-06T04:00:00Z,0.51,0.5101,0.48,0.5021,887645,2532,0.495208
2025-05-07T04:00:00Z,0.501,0.5149,0.5001,0.5013,725877,2232,0.505229
2025-05-08T04:00:00Z,0.518,0.5299,0.5,0.5221,943484,1724,0.514226
2025-05-09T04:00:00Z,0.52,0.5434,0.5017,0.5035,1225042,1958,0.522889
2025-05-12T04:00:00Z,0.51,0.5433,0.5,0.521,1156419,2515,0.526278
2025-05-13T04:00:00Z,0.535,0.535,0.5022,0.5156,762939,2024,0.513009
2025-05-14T04:00:00Z,0.5122,0.5199,0.495,0.5031,999190,2694,0.502173
2025-05-15T04:00:00Z,0.5,0.5157,0.4965,0.5139,947908,1957,0.507547
2025-05-16T04:00:00Z,0.5032,0.5227,0.5032,0.5195,800690,2258,0.515101
2025-05-19T04:00:00Z,0.5102,0.523,0.503,0.5199,537105,1759,0.512747
2025-05-20T04:00:00Z,0.52,0.5248,0.502,0.5099,682722,2224,0.508173
2025-05-21T04:00:00Z,0.5,0.51,0.485,0.4899,1233432,2584,0.494354
2025-05-22T04:00:00Z,0.4903,0.5015,0.483,0.4898,600225,2220,0.492138
2025-05-23T04:00:00Z,0.49,0.5,0.481,0.4985,960144,3668,0.489702
2025-05-27T04:00:00Z,0.5,0.5125,0.4945,0.509,1516785,3959,0.503367
2025-05-28T04:00:00Z,0.5587,0.665,0.5007,0.5286,44095975,74013,0.601867
2025-05-29T04:00:00Z,0.5078,0.5457,0.5,0.5092,3524554,6076,0.515057
2025-05-30T04:00:00Z,0.5081,0.5313,0.482,0.5082,2760496,4083,0.51042
2025-06-02T04:00:00Z,0.51,0.5781,0.51,0.5771,4328368,7276,0.556425
2025-06-03T04:00:00Z,0.5675,0.6344,0.5521,0.6164,3265328,5257,0.60459
2025-06-04T04:00:00Z,0.61,0.665,0.61,0.653,3022128,5406,0.64098
2025-06-05T04:00:00Z,0.6361,0.641,0.6,0.603,1738929,3490,0.613789
2025-06-06T04:00:00Z,0.61,0.635,0.6065,0.618,1072463,3116,0.621769
2025-06-09T04:00:00Z,0.6124,0.645,0.6124,0.645,1258119,2563,0.635134
2025-06-10T04:00:00Z,0.65,0.675,0.63,0.6687,2959493,5365,0.661321
2025-06-11T04:00:00Z,0.6971,0.74,0.65,0.6725,5632341,11791,0.686378
2025-06-12T04:00:00Z,0.66,0.6851,0.612,0.653,2482649,4094,0.648672
2025-06-13T04:00:00Z,0.642,0.6548,0.6101,0.6111,1781094,3783,0.621747
2025-06-16T04:00:00Z,0.61,0.62,0.5824,0.5998,1276409,4235,0.602586
2025-06-17T04:00:00Z,0.595,0.6,0.5607,0.5803,1700454,4924,0.578261
2025-06-18T04:00:00Z,0.59,0.6096,0.57,0.604,1066425,2882,0.598213
2025-06-20T04:00:00Z,0.6158,0.65,0.5746,0.6231,2348276,3599,0.612447
2025-06-23T04:00:00Z,0.6135,0.6201,0.5917,0.62,920085,3169,0.609542
2025-06-24T04:00:00Z,0.6276,0.672,0.6,0.6679,4085168,6478,0.643767
2025-06-25T04:00:00Z,0.667,0.7,0.66,0.695,1685355,4158,0.682919
2025-06-26T04:00:00Z,0.7,0.725,0.641,0.6553,2028896,4015,0.677877
2025-06-27T04:00:00Z,0.6501,0.6501,0.5815,0.5815,18778440,5690,0.586873
2025-06-30T04:00:00Z,0.5815,0.6096,0.58,0.5818,1474686,4331,0.587701
2025-07-01T04:00:00Z,0.59,0.6,0.5801,0.59,1163324,3086,0.591369
2025-07-02T04:00:00Z,0.587,0.604,0.5702,0.5836,1544340,3675,0.58492
2025-07-03T04:00:00Z,0.6,0.6179,0.5901,0.6066,897985,4383,0.601185
2025-07-07T04:00:00Z,0.605,0.6179,0.582,0.5836,985013,6806,0.595505
2025-07-08T04:00:00Z,0.58,0.5898,0.5615,0.58,1416779,4080,0.576379
2025-07-09T04:00:00Z,0.6,0.6,0.544,0.5535,2391418,4414,0.568569
2025-07-10T04:00:00Z,0.5515,0.5948,0.55,0.5832,1272074,3111,0.579125
2025-07-11T04:00:00Z,0.599,0.61,0.5808,0.6005,1566500,3267,0.598324
2025-07-14T04:00:00Z,0.6,0.615,0.593,0.6045,837370,2419,0.60423
2025-07-15T04:00:00Z,0.5993,0.6099,0.58,0.5808,1250907,2355,0.587362
2025-07-16T04:00:00Z,0.58,0.602,0.57,0.5999,1828288,2327,0.588571
2025-07-17T04:00:00Z,0.5926,0.6393,0.5901,0.6138,2245299,4566,0.626165
2025-07-18T04:00:00Z,0.6138,0.635,0.5951,0.5965,989196,2447,0.611639
2025-07-21T04:00:00Z,0.6,0.6114,0.58,0.58,1109485,3669,0.597944
2025-07-22T04:00:00Z,0.58,0.5895,0.5692,0.57,778630,2033,0.577447
2025-07-23T04:00:00Z,0.5818,0.5979,0.5721,0.5845,815510,2265,0.585016
2025-07-24T04:00:00Z,0.575,0.6021,0.57,0.6,1129038,3690,0.584508
2025-07-25T04:00:00Z,0.61,0.61,0.5606,0.5608,1344710,2415,0.572253
2025-07-28T04:00:00Z,0.57,0.58,0.524,0.525,1969926,2915,0.545824
2025-07-29T04:00:00Z,0.5281,0.5298,0.4915,0.4917,2825053,3558,0.5023
2025-07-30T04:00:00Z,0.5,0.5181,0.493,0.4934,839576,2032,0.503245
2025-07-31T04:00:00Z,0.5,0.5168,0.4815,0.4847,1265656,1856,0.493364
2025-08-01T04:00:00Z,0.481,0.5067,0.473,0.4935,1011300,2297,0.484515
2025-08-04T04:00:00Z,0.4982,0.5004,0.4804,0.4804,691839,1660,0.488832
2025-08-05T04:00:00Z,0.4884,0.4915,0.445,0.4497,1844770,4078,0.468578
2025-08-06T04:00:00Z,0.3953,0.4,0.3639,0.3655,4105543,4278,0.381971
2025-08-07T04:00:00Z,0.371,0.3898,0.368,0.3731,1186295,2756,0.375689
2025-08-08T04:00:00Z,0.39,0.399,0.3664,0.3727,2277879,2569,0.382781
2025-08-11T04:00:00Z,3.8,3.8294,3.3349,3.59,471734,3757,3.55019
2025-08-12T04:00:00Z,3.24,3.3,2.64,3.17,653741,4140,2.87603
2025-08-13T04:00:00Z,3.14,3.7365,3.14,3.41,345339,2951,3.49649
2025-08-14T04:00:00Z,3.34,3.74,3.27,3.71,177739,1661,3.53048
2025-08-15T04:00:00Z,3.7,3.98,3.56,3.59,216759,1762,3.80308
2025-08-18T04:00:00Z,3.59,3.87,3.475,3.51,164044,1495,3.66246
2025-08-19T04:00:00Z,3.5,3.5,3.2,3.24,204841,2085,3.29791
2025-08-20T04:00:00Z,3.22,3.64,3.2,3.53,253158,1800,3.47861
2025-08-21T04:00:00Z,3.5,3.69,3.47,3.55,132238,1328,3.5611
2025-08-22T04:00:00Z,3.57,3.6915,3.45,3.6,136467,1208,3.60415
2025-08-25T04:00:00Z,3.59,3.64,3.49,3.49,79404,1411,3.56081
2025-08-26T04:00:00Z,3.48,3.6,3.395,3.47,131119,1229,3.50146
2025-08-27T04:00:00Z,3.4,3.45,3.2612,3.29,136534,916,3.33375
2025-08-28T04:00:00Z,3.3,3.53,3.3,3.37,147117,1022,3.42888
2025-08-29T04:00:00Z,3.37,3.44,3.2413,3.25,108897,830,3.31587
2025-09-02T04:00:00Z,3.22,3.35,3.22,3.28,104498,932,3.27322
2025-09-03T04:00:00Z,3.3,3.465,3.29,3.31,75103,635,3.37545
2025-09-04T04:00:00Z,3.41,3.465,3.2386,3.3,75760,629,3.30816
2025-09-05T04:00:00Z,3.31,3.44,3.2601,3.37,52310,443,3.35623
2025-09-08T04:00:00Z,3.4,3.4287,3.31,3.37,36354,458,3.37327
2025-09-09T04:00:00Z,3.33,3.5,3.32,3.47,80132,556,3.37507
2025-09-10T04:00:00Z,3.45,3.9441,3.41,3.86,336091,2150,3.7672
2025-09-11T04:00:00Z,3.84,3.89,3.54,3.56,167378,1534,3.6358
2025-09-12T04:00:00Z,3.63,3.635,3.4,3.45,141043,1316,3.4887
2025-09-15T04:00:00Z,3.44,3.6008,3.44,3.54,105085,872,3.50018
2025-09-16T04:00:00Z,3.55,3.68,3.55,3.68,65596,633,3.61449
2025-09-17T04:00:00Z,3.66,3.66,3.41,3.42,109484,904,3.54149
2025-09-18T04:00:00Z,3.5,3.5993,3.42,3.57,102498,851,3.52454
2025-09-19T04:00:00Z,3.59,3.6676,3.44,3.47,88096,713,3.51783
2025-09-22T04:00:00Z,3.47,3.5987,3.37,3.57,89752,709,3.50455
2025-09-23T04:00:00Z,3.52,3.55,3.33,3.37,438450,2230,3.40562
2025-09-24T04:00:00Z,3.4,3.45,3.25,3.45,211258,1116,3.35429
2025-09-25T04:00:00Z,3.38,3.67,3.27,3.59,340377,1351,3.43848
2025-09-26T04:00:00Z,3.6,3.87,3.5233,3.73,210878,1335,3.75203
2025-09-29T04:00:00Z,3.9,3.9686,3.66,3.7,128967,929,3.79357
2025-09-30T04:00:00Z,3.72,3.8144,3.7,3.8,62086,582,3.74224
2025-10-01T04:00:00Z,3.99,3.99,3.77,3.89,131899,1055,3.87376
2025-10-02T04:00:00Z,3.89,3.985,3.78,3.86,78876,1047,3.86252
2025-10-03T04:00:00Z,3.87,3.98,3.74,3.8,72028,844,3.84463
2025-10-06T04:00:00Z,3.84,4.04,3.81,4.01,138728,1189,3.92346
2025-10-07T04:00:00Z,4.01,4.35,4.01,4.35,214104,2138,4.22775
2025-10-08T04:00:00Z,4.44,4.59,4.33,4.41,219550,1635,4.44618
2025-10-09T04:00:00Z,4.46,4.5132,4.19,4.28,177979,1394,4.28081
2025-10-10T04:00:00Z,4.26,4.3,3.9,3.93,205478,1623,4.01247
2025-10-13T04:00:00Z,4.44,4.44,4.0301,4.14,185132,1287,4.29057
2025-10-14T04:00:00Z,4.13,4.2,3.9243,4.15,74087,1230,4.08319
2025-10-15T04:00:00Z,4.2,4.47,4.1007,4.39,203338,1398,4.26789
2025-10-16T04:00:00Z,4.38,4.54,4.15,4.17,154809,1135,4.3643
2025-10-17T04:00:00Z,4.15,4.3,4.01,4.11,123016,1098,4.08193
2025-10-20T04:00:00Z,4.12,4.46,4.0586,4.43,139367,1078,4.28156
2025-10-21T04:00:00Z,4.41,4.44,4.2,4.3,57273,704,4.28747
2025-10-22T04:00:00Z,4.23,4.27,4.11,4.12,95713,907,4.18096
2025-10-23T04:00:00Z,4.12,4.3255,3.69,3.72,299615,2295,3.85022
2025-10-24T04:00:00Z,3.78,3.98,3.77,3.8,110127,696,3.84244
2025-10-27T04:00:00Z,3.83,3.9937,3.76,3.8,78099,744,3.81611
2025-10-28T04:00:00Z,3.81,3.8131,3.61,3.65,74735,794,3.71279
2025-10-29T04:00:00Z,3.67,3.745,3.5,3.5,268487,1326,3.60848
2025-10-30T04:00:00Z,2.85,3.13,2.76,3.01,765754,5413,2.90861
2025-10-31T04:00:00Z,2.93,2.99,2.85,2.95,178394,1538,2.9069
2025-11-03T05:00:00Z,2.95,2.99,2.53,2.6,489728,3312,2.74437
2025-11-04T05:00:00Z,2.6,2.67,2.46,2.56,230215,1438,2.55993
2025-11-05T05:00:00Z,2.56,2.71,2.4714,2.56,186235,869,2.55398
2025-11-06T05:00:00Z,2.56,2.598,2.47,2.52,116514,991,2.51393
2025-11-07T05:00:00Z,2.44,2.595,2.42,2.56,137287,1323,2.50741
2025-11-10T05:00:00Z,2.58,2.7,2.56,2.6,104519,1021,2.63132
2025-11-11T05:00:00Z,2.57,2.67,2.5,2.62,67898,507,2.6068
2025-11-12T05:00:00Z,2.62,2.8,2.61,2.73,158008,1005,2.69511
2025-11-13T05:00:00Z,2.78,2.86,2.51,2.51,244235,1111,2.68335
2025-11-14T05:00:00Z,2.46,2.6724,2.46,2.54,74544,658,2.54468
2025-11-17T05:00:00Z,2.54,2.6119,2.45,2.54,107476,678,2.53879
2025-11-18T05:00:00Z,2.47,2.55,2.45,2.53,51100,429,2.50748
2025-11-19T05:00:00Z,2.52,2.57,2.34,2.39,184816,846,2.42759
2025-11-20T05:00:00Z,2.49,2.49,2.11,2.23,272260,1313,2.26918
2025-11-21T05:00:00Z,2.21,2.2599,2.12,2.22,162506,1092,2.19041
2025-11-24T05:00:00Z,2.21,2.39,2.21,2.34,151538,960,2.30163
2025-11-25T05:00:00Z,2.31,2.44,2.2301,2.39,111733,787,2.33051
2025-11-26T05:00:00Z,2.35,2.5301,2.35,2.44,83661,745,2.46037
2025-11-28T05:00:00Z,2.45,2.52,2.4,2.48,51493,493,2.46819
2025-12-01T05:00:00Z,2.45,2.5,2.4,2.43,53559,620,2.44965
2025-12-02T05:00:00Z,2.41,2.51,2.36,2.36,84377,639,2.42377
2025-12-03T05:00:00Z,2.36,2.4999,2.3301,2.42,135510,851,2.41485
2025-12-04T05:00:00Z,2.46,2.5,2.38,2.42,83821,624,2.43115
2025-12-05T05:00:00Z,2.45,2.5399,2.4,2.49,91901,910,2.47856
2025-12-08T05:00:00Z,2.46,2.67,2.46,2.65,159392,1145,2.58076
2025-12-09T05:00:00Z,2.67,2.7,2.5511,2.63,119036,907,2.61901
2025-12-10T05:00:00Z,2.63,2.6351,2.51,2.57,45634,645,2.56936
2025-12-11T05:00:00Z,2.54,2.56,2.47,2.56,77286,713,2.5073
2025-12-12T05:00:00Z,2.54,2.63,2.42,2.42,97158,813,2.5077
2025-12-15T05:00:00Z,2.46,2.56,2.38,2.39,73112,680,2.42008
2025-12-16T05:00:00Z,2.4,2.4494,2.335,2.44,141290,768,2.39477
2025-12-17T05:00:00Z,2.45,2.6,2.17,2.23,410240,2843,2.31163
2025-12-18T05:00:00Z,2.39,2.41,2.2,2.26,893486,5095,2.29536
2025-12-19T05:00:00Z,2.3,2.35,2.22,2.32,266896,2336,2.29204
2025-12-22T05:00:00Z,2.33,2.49,2.24,2.29,292174,2045,2.32589
2025-12-23T05:00:00Z,2.25,2.38,2.23,2.32,150042,1469,2.30742
2025-12-24T05:00:00Z,2.3,2.35,2.25,2.34,97838,678,2.30489
2025-12-26T05:00:00Z,2.32,2.41,2.25,2.4,178940,1296,2.32023
2025-12-29T05:00:00Z,2.35,2.42,2.15,2.21,221669,1534,2.26409
2025-12-30T05:00:00Z,2.21,2.2531,2.105,2.17,261727,1366,2.14864
2025-12-31T05:00:00Z,2.15,2.19,2.1,2.14,237588,1788,2.14499
